time,x,y,yaw_deg,v,w,state,reason,fault,narrow_usable,wide_usable,front_sector,front_clearance,pivot_valid,heading_valid,right_valid,right_distance,cap_gap,min_cap_gap,entered,approached,returned,contact,completed
0,0,0,0,0.0592548198,-0.311177702,FollowWall,following_right_wall,0,14,42,0.712057352,2.15800291,1,1,1,0.40469715,-1,100,0,0,0,0,0
0.05,0.00123446893,-4.00146406e-06,-0.371441021,0.0592548198,-0.311177702,FollowWall,following_right_wall,0,14,42,0.712057352,2.15800291,1,1,1,0.40469715,-1,100,0,0,0,0,0
0.1,0.00318892315,-2.67037443e-05,-0.959555972,0.0605670013,-0.29149498,FollowWall,following_right_wall,0,14,42,0.695970595,2.15426332,1,1,1,0.405279517,-1,100,0,0,0,0,0
0.15,0.00559028781,-8.14106301e-05,-1.65056953,0.0605670013,-0.29149498,FollowWall,following_right_wall,0,14,42,0.695970595,2.15426332,1,1,1,0.405279517,-1,100,0,0,0,0,0
0.2,0.00825159505,-0.000175558793,-2.40160727,0.062649692,-0.260254619,FollowWall,following_right_wall,0,14,42,0.673343599,2.14885192,1,1,1,0.405222565,-1,100,0,0,0,0,0
0.25,0.0111068428,-0.000314004266,-3.15036869,0.062649692,-0.260254619,FollowWall,following_right_wall,0,14,42,0.673343599,2.14885192,1,1,1,0.405222565,-1,100,0,0,0,0,0
0.3,0.0140739415,-0.000496731772,-3.89780225,0.0647864357,-0.228203464,FollowWall,following_right_wall,0,14,42,0.651558578,2.14415218,1,1,1,0.405670434,-1,100,0,0,0,0,0
0.35,0.0171492576,-0.000725375322,-4.60620298,0.0647864357,-0.228203464,FollowWall,following_right_wall,0,14,42,0.651558578,2.14415218,1,1,1,0.405670434,-1,100,0,0,0,0,0
0.4,0.0202861222,-0.00099700312,-5.29183456,0.0667707522,-0.198438718,FollowWall,following_right_wall,0,14,42,0.632552505,2.14034802,1,1,1,0.406449795,-1,100,0,0,0,0,0
0.45,0.0234984036,-0.00131254997,-5.92865509,0.0667707522,-0.198438718,FollowWall,following_right_wall,0,14,42,0.632552505,2.14034802,1,1,1,0.406449795,-1,100,0,0,0,0,0
0.5,0.0267529584,-0.00166799465,-6.5370025,0.0685436735,-0.171844897,FollowWall,following_right_wall,0,14,42,0.616416872,2.13714593,1,1,1,0.407445371,-1,100,0,0,0,0,0
0.55,0.0300671338,-0.00206418347,-7.09699656,0.0685436735,-0.171844897,FollowWall,following_right_wall,0,14,42,0.616416872,2.13714593,1,1,1,0.407445371,-1,100,0,0,0,0,0
0.6,0.0334143317,-0.00249670426,-7.6287845,0.0702064499,-0.146903252,FollowWall,following_right_wall,0,14,42,0.602749884,2.13421591,1,1,1,0.406661332,-1,100,0,0,0,0,0
0.65,0.0368133996,-0.0029666447,-8.11434697,0.0702064499,-0.146903252,FollowWall,following_right_wall,0,14,42,0.602749884,2.13421591,1,1,1,0.406661332,-1,100,0,0,0,0,0
0.7,0.0402410165,-0.00346934682,-8.57294458,0.05,-0.30930039,FollowWall,following_with_distance_only,0,14,42,0.591139674,2.13127542,1,0,1,0.40620026,-1,100,0,0,0,0,0
0.75,0.0432667148,-0.00394268796,-9.20966,0.05,-0.30930039,FollowWall,following_with_distance_only,0,14,42,0.591139674,2.13127542,1,0,1,0.40620026,-1,100,0,0,0,0,0
0.8,0.0460553991,-0.00441335582,-9.95027748,0.05,-0.311082092,FollowWall,following_with_distance_only,0,14,42,0.575990081,2.13209309,1,0,1,0.407388061,-1,100,0,0,0,0,0
0.85,0.0487029958,-0.00489698615,-10.7536312,0.05,-0.311082092,FollowWall,following_with_distance_only,0,14,42,0.575990081,2.13209309,1,0,1,0.407388061,-1,100,0,0,0,0,0
0.9,0.0512651441,-0.00540307875,-11.5935811,0.05,-0.31306572,FollowWall,following_with_distance_only,0,14,42,0.559511781,2.13642426,1,0,1,0.40871048,-1,100,0,0,0,0,0
0.95,0.0537739843,-0.00593751238,-12.4572466,0.05,-0.31306572,FollowWall,following_with_distance_only,0,14,42,0.559511781,2.13642426,1,0,1,0.40871048,-1,100,0,0,0,0,0
1,0.0562479612,-0.00650394678,-13.3347461,0.05,-0.316821349,FollowWall,following_with_distance_only,0,14,42,0.543438733,1.19486005,1,0,1,0.411214232,-1,100,0,0,0,0,0
1.05,0.0586975321,-0.00710470222,-14.2247985,0.05,-0.316821349,FollowWall,following_with_distance_only,0,14,42,0.543438733,1.19486005,1,0,1,0.411214232,-1,100,0,0,0,0,0
1.1,0.0611285013,-0.00774125284,-15.1221733,0.05,-0.321639222,FollowWall,following_with_distance_only,0,14,42,0.528196394,1.05072762,1,0,1,0.414426148,-1,100,0,0,0,0,0
1.15,0.0635439552,-0.00841456332,-16.0295705,0.05,-0.321639222,FollowWall,following_with_distance_only,0,14,42,0.528196394,1.05072762,1,0,1,0.414426148,-1,100,0,0,0,0,0
1.2,0.0659453939,-0.00912527242,-16.9428141,0.05,-0.32703234,FollowWall,following_with_distance_only,0,14,42,0.513830185,0.935771338,1,0,1,0.41802156,-1,100,0,0,0,0,0
1.25,0.0683333865,-0.00987382351,-17.8659056,0.05,-0.32703234,FollowWall,following_with_distance_only,0,14,42,0.513830185,0.935771338,1,0,1,0.41802156,-1,100,0,0,0,0,0
1.3,0.0707079554,-0.0106605315,-18.7947418,0.05,-0.333045763,FollowWall,following_with_distance_only,0,14,42,0.500206351,0.834541252,1,0,1,0.422030509,-1,100,0,0,0,0,0
1.35,0.0730687947,-0.0114856404,-19.7341069,0.05,-0.333045763,FollowWall,following_with_distance_only,0,14,42,0.500206351,0.834541252,1,0,1,0.422030509,-1,100,0,0,0,0,0
1.4,0.0754154019,-0.0123493428,-20.6796141,0.05,-0.339749721,FollowWall,following_with_distance_only,0,14,42,0.487159818,0.753414926,1,0,1,0.426499814,-1,100,0,0,0,0,0
1.45,0.0777471481,-0.0132518092,-21.6367062,0.05,-0.339749721,FollowWall,following_with_distance_only,0,14,42,0.487159818,0.753414926,1,0,1,0.426499814,-1,100,0,0,0,0,0
1.5,0.0800633243,-0.0141931882,-22.6005564,0.05,-0.347235319,FollowWall,following_with_distance_only,0,14,42,0.474859774,0.704126425,1,0,1,0.431490213,-1,100,0,0,0,0,0
1.55,0.0823631607,-0.015173626,-23.5772839,0.05,-0.347235319,FollowWall,following_with_distance_only,0,14,42,0.474859774,0.704126425,1,0,1,0.431490213,-1,100,0,0,0,0,0
1.6,0.0846458448,-0.0161932574,-24.5615233,0.05,-0.355616149,FollowWall,following_with_distance_only,0,14,42,0.463251382,0.650375143,1,0,1,0.437077433,-1,100,0,0,0,0,0
1.65,0.0869105223,-0.0172522228,-25.5601484,0.05,-0.355616149,FollowWall,following_with_distance_only,0,14,42,0.463251382,0.650375143,1,0,1,0.437077433,-1,100,0,0,0,0,0
1.7,0.0891563065,-0.0183506552,-26.5671652,0.05,-0.365032715,FollowWall,following_with_distance_only,0,14,42,0.452287763,0.599716366,1,0,1,0.443355143,-1,100,0,0,0,0,0
1.75,0.0913822713,-0.019488697,-27.5903174,0.05,-0.365032715,FollowWall,following_with_distance_only,0,14,42,0.452287763,0.599716366,1,0,1,0.443355143,-1,100,0,0,0,0,0
1.8,0.0935874588,-0.0206664839,-28.6228819,0,0,FollowWall,right_wall_unobserved,0,14,42,0.441929787,0.549299909,1,0,1,0.45043993,-1,100,0,0,0,0,0
1.85,0.0948638855,-0.0213718084,-29.2252112,0,0,FollowWall,right_wall_unobserved,0,14,42,0.441929787,0.549299909,1,0,1,0.45043993,-1,100,0,0,0,0,0
1.9,0.0956050178,-0.0217894302,-29.57657,0,0,FollowWall,right_wall_unobserved,0,14,42,0.437394291,0.526339071,1,0,1,0.453987747,-1,100,0,0,0,0,0
1.95,0.0960361572,-0.0220351389,-29.7815292,0,0,FollowWall,right_wall_unobserved,0,14,42,0.437394291,0.526339071,1,0,1,0.453987747,-1,100,0,0,0,0,0
2,0.0962872483,-0.0221791806,-29.9010888,0,0,FollowWall,right_wall_unobserved,0,14,42,0.435893118,0.521969337,1,0,1,0.455273032,-1,100,0,0,0,0,0
2.05,0.096433579,-0.0222634468,-29.9708319,0,0,FollowWall,right_wall_unobserved,0,14,42,0.435893118,0.521969337,1,0,1,0.455273032,-1,100,0,0,0,0,0
2.1,0.0965188913,-0.0223126843,-30.0115154,0,0,FollowWall,right_wall_unobserved,0,14,42,0.435393572,0.520461322,1,0,1,0.455759048,-1,100,0,0,0,0,0
2.15,0.0965686406,-0.0223414341,-30.0352474,0,0,FollowWall,right_wall_unobserved,0,14,42,0.435393572,0.520461322,1,0,1,0.455759048,-1,100,0,0,0,0,0
2.2,0.0965976555,-0.0223582144,-30.0490911,0,0,FollowWall,right_wall_unobserved,0,14,42,0.435232043,0.519913422,1,0,1,0.455969572,-1,100,0,0,0,0,0
2.25,0.096614579,-0.0223680061,-30.0571665,0,0,FollowWall,right_wall_unobserved,0,14,42,0.435232043,0.519913422,1,0,1,0.455969572,-1,100,0,0,0,0,0
2.3,0.0966244504,-0.022373719,-30.0618772,0,0,FollowWall,right_wall_unobserved,0,14,42,0.43518585,0.519691064,1,0,1,0.456085891,-1,100,0,0,0,0,0
2.35,0.0966302085,-0.022377052,-30.0646251,0,0,FollowWall,right_wall_unobserved,0,14,42,0.43518585,0.519691064,1,0,1,0.456085891,-1,100,0,0,0,0,0
2.4,0.0966335673,-0.0223789963,-30.0662281,0,0,FollowWall,right_wall_unobserved,0,14,42,0.435179591,0.519579739,1,0,1,0.456169993,-1,100,0,0,0,0,0
2.45,0.0966355266,-0.0223801305,-30.0671631,0,0,FollowWall,right_wall_unobserved,0,14,42,0.435179591,0.519579739,1,0,1,0.456169993,-1,100,0,0,0,0,0
2.5,0.0966366695,-0.0223807922,-30.0677086,0,0,FollowWall,right_wall_unobserved,0,14,42,0.435187668,0.519506596,1,0,1,0.456243068,-1,100,0,0,0,0,0
2.55,0.0966373362,-0.0223811782,-30.0680268,0,0,FollowWall,right_wall_unobserved,0,14,42,0.435187668,0.519506596,1,0,1,0.456243068,-1,100,0,0,0,0,0
2.6,0.0966377251,-0.0223814033,-30.0682124,0,0,FollowWall,right_wall_unobserved,0,14,42,0.435201377,0.519446863,1,0,1,0.456229717,-1,100,0,0,0,0,0
2.65,0.096637952,-0.0223815346,-30.0683206,0,0,FollowWall,right_wall_unobserved,0,14,42,0.435201377,0.519446863,1,0,1,0.456229717,-1,100,0,0,0,0,0
2.7,0.0966380843,-0.0223816113,-30.0683838,0,0,FollowWall,right_wall_unobserved,0,14,42,0.435217708,0.519392225,1,0,1,0.456208616,-1,100,0,0,0,0,0
2.75,0.0966381615,-0.022381656,-30.0684206,0,0,FollowWall,right_wall_unobserved,0,14,42,0.435217708,0.519392225,1,0,1,0.456208616,-1,100,0,0,0,0,0
2.8,0.0966382065,-0.022381682,-30.0684421,0,0,FollowWall,right_wall_unobserved,0,14,42,0.435235709,0.519339754,1,0,1,0.456185997,-1,100,0,0,0,0,0
2.85,0.0966382328,-0.0223816972,-30.0684547,0,0,FollowWall,right_wall_unobserved,0,14,42,0.435235709,0.519339754,1,0,1,0.456185997,-1,100,0,0,0,0,0
2.9,0.0966382481,-0.0223817061,-30.068462,0,0,FollowWall,right_wall_unobserved,0,14,42,0.435254961,0.519288513,1,0,1,0.456162184,-1,100,0,0,0,0,0
2.95,0.0966382571,-0.0223817113,-30.0684662,0,0,FollowWall,right_wall_unobserved,0,14,42,0.435254961,0.519288513,1,0,1,0.456162184,-1,100,0,0,0,0,0
3,0.0966382623,-0.0223817143,-30.0684687,0,0,FollowWall,right_wall_unobserved,0,14,42,0.435275406,0.519238209,1,0,1,0.45613721,-1,100,0,0,0,0,0
3.05,0.0966382653,-0.0223817161,-30.0684702,0,0,FollowWall,right_wall_unobserved,0,14,42,0.435275406,0.519238209,1,0,1,0.45613721,-1,100,0,0,0,0,0
3.1,0.0966382671,-0.0223817171,-30.068471,0,0,FollowWall,right_wall_unobserved,0,14,42,0.435296953,0.519188666,1,0,1,0.456111163,-1,100,0,0,0,0,0
3.15,0.0966382681,-0.0223817177,-30.0684715,0,0,FollowWall,right_wall_unobserved,0,14,42,0.435296953,0.519188666,1,0,1,0.456111163,-1,100,0,0,0,0,0
3.2,0.0966382687,-0.022381718,-30.0684718,0,0,FollowWall,right_wall_unobserved,0,14,42,0.435319602,0.519140001,1,0,1,0.456084043,-1,100,0,0,0,0,0
3.25,0.0966382691,-0.0223817182,-30.068472,0,0,FollowWall,right_wall_unobserved,0,14,42,0.435319602,0.519140001,1,0,1,0.456084043,-1,100,0,0,0,0,0
3.3,0.0966382693,-0.0223817184,-30.0684721,0,0,FollowWall,right_wall_unobserved,0,14,42,0.435343355,0.519092039,1,0,1,0.45605588,-1,100,0,0,0,0,0
3.35,0.0966382694,-0.0223817184,-30.0684721,0,0,FollowWall,right_wall_unobserved,0,14,42,0.435343355,0.519092039,1,0,1,0.45605588,-1,100,0,0,0,0,0
3.4,0.0966382695,-0.0223817185,-30.0684722,0,0,FollowWall,right_wall_unobserved,0,14,42,0.43536818,0.519044897,1,0,1,0.456026644,-1,100,0,0,0,0,0
3.45,0.0966382695,-0.0223817185,-30.0684722,0,0,FollowWall,right_wall_unobserved,0,14,42,0.43536818,0.519044897,1,0,1,0.456026644,-1,100,0,0,0,0,0
3.5,0.0966382695,-0.0223817185,-30.0684722,0,0,FollowWall,right_wall_unobserved,0,14,42,0.435394078,0.518998634,1,0,1,0.455996394,-1,100,0,0,0,0,0
3.55,0.0966382695,-0.0223817185,-30.0684722,0,0,FollowWall,right_wall_unobserved,0,14,42,0.435394078,0.518998634,1,0,1,0.455996394,-1,100,0,0,0,0,0
3.6,0.0966382696,-0.0223817185,-30.0684722,0,0,FollowWall,right_wall_unobserved,0,14,42,0.435407162,0.518953132,1,0,1,0.455965102,-1,100,0,0,0,0,0
3.65,0.0966382696,-0.0223817185,-30.0684722,0,0,FollowWall,right_wall_unobserved,0,14,42,0.435407162,0.518953132,1,0,1,0.455965102,-1,100,0,0,0,0,0
3.7,0.0966382696,-0.0223817185,-30.0684722,0,0,FollowWall,right_wall_unobserved,0,14,42,0.435341537,0.518908449,1,0,1,0.455932796,-1,100,0,0,0,0,0
3.75,0.0966382696,-0.0223817185,-30.0684722,0,0,FollowWall,right_wall_unobserved,0,14,42,0.435341537,0.518908449,1,0,1,0.455932796,-1,100,0,0,0,0,0
3.8,0.0966382696,-0.0223817185,-30.0684722,0,0,FollowWall,right_wall_unobserved,0,14,42,0.43527621,0.518864645,1,0,1,0.455899447,-1,100,0,0,0,0,0
3.85,0.0966382696,-0.0223817185,-30.0684722,0,0,FollowWall,right_wall_unobserved,0,14,42,0.43527621,0.518864645,1,0,1,0.455899447,-1,100,0,0,0,0,0
3.9,0.0966382696,-0.0223817185,-30.0684722,0,0,FollowWall,right_wall_unobserved,0,14,42,0.435211211,0.51882172,1,0,1,0.455865145,-1,100,0,0,0,0,0
3.95,0.0966382696,-0.0223817185,-30.0684722,0,0,FollowWall,right_wall_unobserved,0,14,42,0.435211211,0.51882172,1,0,1,0.455865145,-1,100,0,0,0,0,0
4,0.0966382696,-0.0223817185,-30.0684722,0,0,FollowWall,right_wall_unobserved,0,14,42,0.43514657,0.518779673,1,0,1,0.455829799,-1,100,0,0,0,0,0
4.05,0.0966382696,-0.0223817185,-30.0684722,0,0,FollowWall,right_wall_unobserved,0,14,42,0.43514657,0.518779673,1,0,1,0.455829799,-1,100,0,0,0,0,0
4.1,0.0966382696,-0.0223817185,-30.0684722,0,0,FollowWall,right_wall_unobserved,0,14,42,0.435082316,0.518738504,1,0,1,0.4557935,-1,100,0,0,0,0,0
4.15,0.0966382696,-0.0223817185,-30.0684722,0,0,FollowWall,right_wall_unobserved,0,14,42,0.435082316,0.518738504,1,0,1,0.4557935,-1,100,0,0,0,0,0
4.2,0.0966382696,-0.0223817185,-30.0684722,0,0,FollowWall,right_wall_unobserved,0,14,42,0.43501842,0.518698273,1,0,1,0.455756217,-1,100,0,0,0,0,0
4.25,0.0966382696,-0.0223817185,-30.0684722,0,0,FollowWall,right_wall_unobserved,0,14,42,0.43501842,0.518698273,1,0,1,0.455756217,-1,100,0,0,0,0,0
4.3,0.0966382696,-0.0223817185,-30.0684722,0,0,FollowWall,right_wall_unobserved,0,14,42,0.434954941,0.518658861,1,0,1,0.455717981,-1,100,0,0,0,0,0
4.35,0.0966382696,-0.0223817185,-30.0684722,0,0,FollowWall,right_wall_unobserved,0,14,42,0.434954941,0.518658861,1,0,1,0.455717981,-1,100,0,0,0,0,0
4.4,0.0966382696,-0.0223817185,-30.0684722,0,0,FollowWall,right_wall_unobserved,0,14,42,0.43489188,0.518620444,1,0,1,0.455678791,-1,100,0,0,0,0,0
4.45,0.0966382696,-0.0223817185,-30.0684722,0,0,FollowWall,right_wall_unobserved,0,14,42,0.43489188,0.518620444,1,0,1,0.455678791,-1,100,0,0,0,0,0
4.5,0.0966382696,-0.0223817185,-30.0684722,0,0,FollowWall,right_wall_unobserved,0,14,42,0.434829265,0.518582965,1,0,1,0.455638677,-1,100,0,0,0,0,0
4.55,0.0966382696,-0.0223817185,-30.0684722,0,0,FollowWall,right_wall_unobserved,0,14,42,0.434829265,0.518582965,1,0,1,0.455638677,-1,100,0,0,0,0,0
4.6,0.0966382696,-0.0223817185,-30.0684722,0,0,FollowWall,right_wall_unobserved,0,14,42,0.434767097,0.518546423,1,0,1,0.455597609,-1,100,0,0,0,0,0
4.65,0.0966382696,-0.0223817185,-30.0684722,0,0,FollowWall,right_wall_unobserved,0,14,42,0.434767097,0.518546423,1,0,1,0.455597609,-1,100,0,0,0,0,0
4.7,0.0966382696,-0.0223817185,-30.0684722,0,0,FollowWall,right_wall_unobserved,0,14,42,0.434705436,0.518510817,1,0,1,0.455555648,-1,100,0,0,0,0,0
4.75,0.0966382696,-0.0223817185,-30.0684722,0,0,FollowWall,right_wall_unobserved,0,14,42,0.434705436,0.518510817,1,0,1,0.455555648,-1,100,0,0,0,0,0
4.8,0.0966382696,-0.0223817185,-30.0684722,0,0,FollowWall,right_wall_unobserved,0,14,42,0.434644252,0.518476149,1,0,1,0.455512762,-1,100,0,0,0,0,0
4.85,0.0966382696,-0.0223817185,-30.0684722,0,0,FollowWall,right_wall_unobserved,0,14,42,0.434644252,0.518476149,1,0,1,0.455512762,-1,100,0,0,0,0,0
4.9,0.0966382696,-0.0223817185,-30.0684722,0,0,FollowWall,right_wall_unobserved,0,14,42,0.434583575,0.518442535,1,0,1,0.455469012,-1,100,0,0,0,0,0
4.95,0.0966382696,-0.0223817185,-30.0684722,0,0,FollowWall,right_wall_unobserved,0,14,42,0.434583575,0.518442535,1,0,1,0.455469012,-1,100,0,0,0,0,0
5,0.0966382696,-0.0223817185,-30.0684722,0,0,FollowWall,right_wall_unobserved,0,14,42,0.434523433,0.518409858,1,0,1,0.455424368,-1,100,0,0,0,0,0
5.05,0.0966382696,-0.0223817185,-30.0684722,0,0,FollowWall,right_wall_unobserved,0,14,42,0.434523433,0.518409858,1,0,1,0.455424368,-1,100,0,0,0,0,0
5.1,0.0966382696,-0.0223817185,-30.0684722,0,0,FollowWall,right_wall_unobserved,0,14,42,0.434463829,0.518378176,1,0,1,0.455419093,-1,100,0,0,0,0,0
5.15,0.0966382696,-0.0223817185,-30.0684722,0,0,FollowWall,right_wall_unobserved,0,14,42,0.434463829,0.518378176,1,0,1,0.455419093,-1,100,0,0,0,0,0
5.2,0.0966382696,-0.0223817185,-30.0684722,0,0,FollowWall,right_wall_unobserved,0,14,42,0.43440482,0.51834749,1,0,1,0.455447435,-1,100,0,0,0,0,0
5.25,0.0966382696,-0.0223817185,-30.0684722,0,0,FollowWall,right_wall_unobserved,0,14,42,0.43440482,0.51834749,1,0,1,0.455447435,-1,100,0,0,0,0,0
5.3,0.0966382696,-0.0223817185,-30.0684722,0,0,FollowWall,right_wall_unobserved,0,14,42,0.434346378,0.518317858,1,0,1,0.45547682,-1,100,0,0,0,0,0
5.35,0.0966382696,-0.0223817185,-30.0684722,0,0,FollowWall,right_wall_unobserved,0,14,42,0.434346378,0.518317858,1,0,1,0.45547682,-1,100,0,0,0,0,0
5.4,0.0966382696,-0.0223817185,-30.0684722,0,0,FollowWall,right_wall_unobserved,0,14,42,0.434288532,0.518289221,1,0,1,0.455507249,-1,100,0,0,0,0,0
5.45,0.0966382696,-0.0223817185,-30.0684722,0,0,FollowWall,right_wall_unobserved,0,14,42,0.434288532,0.518289221,1,0,1,0.455507249,-1,100,0,0,0,0,0
5.5,0.0966382696,-0.0223817185,-30.0684722,0,0,FollowWall,right_wall_unobserved,0,14,42,0.434231281,0.518261639,1,0,1,0.45553869,-1,100,0,0,0,0,0
5.55,0.0966382696,-0.0223817185,-30.0684722,0,0,FollowWall,right_wall_unobserved,0,14,42,0.434231281,0.518261639,1,0,1,0.45553869,-1,100,0,0,0,0,0
5.6,0.0966382696,-0.0223817185,-30.0684722,0,0,FollowWall,right_wall_unobserved,0,14,42,0.434174687,0.518235052,1,0,1,0.455571175,-1,100,0,0,0,0,0
5.65,0.0966382696,-0.0223817185,-30.0684722,0,0,FollowWall,right_wall_unobserved,0,14,42,0.434174687,0.518235052,1,0,1,0.455571175,-1,100,0,0,0,0,0
5.7,0.0966382696,-0.0223817185,-30.0684722,0,0,FollowWall,right_wall_unobserved,0,14,42,0.434118748,0.518209519,1,0,1,0.455604643,-1,100,0,0,0,0,0
5.75,0.0966382696,-0.0223817185,-30.0684722,0,0,FollowWall,right_wall_unobserved,0,14,42,0.434118748,0.518209519,1,0,1,0.455604643,-1,100,0,0,0,0,0
5.8,0.0966382696,-0.0223817185,-30.0684722,0,0,FollowWall,right_wall_unobserved,0,14,42,0.434063464,0.51818504,1,0,1,0.455639124,-1,100,0,0,0,0,0
5.85,0.0966382696,-0.0223817185,-30.0684722,0,0,FollowWall,right_wall_unobserved,0,14,42,0.434063464,0.51818504,1,0,1,0.455639124,-1,100,0,0,0,0,0
5.9,0.0966382696,-0.0223817185,-30.0684722,0,0,FollowWall,right_wall_unobserved,0,14,42,0.434008867,0.518161674,1,0,1,0.455674589,-1,100,0,0,0,0,0
5.95,0.0966382696,-0.0223817185,-30.0684722,0,0,FollowWall,right_wall_unobserved,0,14,42,0.434008867,0.518161674,1,0,1,0.455674589,-1,100,0,0,0,0,0
6,0.0966382696,-0.0223817185,-30.0684722,0,0,FollowWall,right_wall_unobserved,0,14,42,0.433954954,0.518139304,1,0,1,0.455711037,-1,100,0,0,0,0,0
6.05,0.0966382696,-0.0223817185,-30.0684722,0,0,FollowWall,right_wall_unobserved,0,14,42,0.433954954,0.518139304,1,0,1,0.455711037,-1,100,0,0,0,0,0
6.1,0.0966382696,-0.0223817185,-30.0684722,0,0,FollowWall,right_wall_unobserved,0,14,42,0.433901757,0.518118046,1,0,1,0.455748469,-1,100,0,0,0,0,0
6.15,0.0966382696,-0.0223817185,-30.0684722,0,0,FollowWall,right_wall_unobserved,0,14,42,0.433901757,0.518118046,1,0,1,0.455748469,-1,100,0,0,0,0,0
6.2,0.0966382696,-0.0223817185,-30.0684722,0,0,FollowWall,right_wall_unobserved,0,14,42,0.433849305,0.518097842,1,0,1,0.455786854,-1,100,0,0,0,0,0
6.25,0.0966382696,-0.0223817185,-30.0684722,0,0,FollowWall,right_wall_unobserved,0,14,42,0.433849305,0.518097842,1,0,1,0.455786854,-1,100,0,0,0,0,0
6.3,0.0966382696,-0.0223817185,-30.0684722,0,0,FollowWall,right_wall_unobserved,0,14,42,0.433797568,0.518078751,1,0,1,0.455826193,-1,100,0,0,0,0,0
6.35,0.0966382696,-0.0223817185,-30.0684722,0,0,FollowWall,right_wall_unobserved,0,14,42,0.433797568,0.518078751,1,0,1,0.455826193,-1,100,0,0,0,0,0
6.4,0.0966382696,-0.0223817185,-30.0684722,0,0,FollowWall,right_wall_unobserved,0,14,42,0.433746606,0.518060773,1,0,1,0.455866456,-1,100,0,0,0,0,0
6.45,0.0966382696,-0.0223817185,-30.0684722,0,0,FollowWall,right_wall_unobserved,0,14,42,0.433746606,0.518060773,1,0,1,0.455866456,-1,100,0,0,0,0,0
6.5,0.0966382696,-0.0223817185,-30.0684722,0,0,FollowWall,right_wall_unobserved,0,14,42,0.433696419,0.518043849,1,0,1,0.455907673,-1,100,0,0,0,0,0
6.55,0.0966382696,-0.0223817185,-30.0684722,0,0,FollowWall,right_wall_unobserved,0,14,42,0.433696419,0.518043849,1,0,1,0.455907673,-1,100,0,0,0,0,0
6.6,0.0966382696,-0.0223817185,-30.0684722,0,0,FollowWall,right_wall_unobserved,0,14,42,0.433647007,0.518028037,1,0,1,0.455949754,-1,100,0,0,0,0,0
6.65,0.0966382696,-0.0223817185,-30.0684722,0,0,FollowWall,right_wall_unobserved,0,14,42,0.433647007,0.518028037,1,0,1,0.455949754,-1,100,0,0,0,0,0
6.7,0.0966382696,-0.0223817185,-30.0684722,0,0,FollowWall,right_wall_unobserved,0,14,42,0.433598429,0.518013338,1,0,1,0.455992788,-1,100,0,0,0,0,0
6.75,0.0966382696,-0.0223817185,-30.0684722,0,0,FollowWall,right_wall_unobserved,0,14,42,0.433598429,0.518013338,1,0,1,0.455992788,-1,100,0,0,0,0,0
6.8,0.0966382696,-0.0223817185,-30.0684722,0,0,FollowWall,right_wall_unobserved,0,14,42,0.433550626,0.517999752,1,0,1,0.456036687,-1,100,0,0,0,0,0
6.85,0.0966382696,-0.0223817185,-30.0684722,0,0,FollowWall,right_wall_unobserved,0,14,42,0.433550626,0.517999752,1,0,1,0.456036687,-1,100,0,0,0,0,0
6.9,0.0966382696,-0.0223817185,-30.0684722,0,0,FollowWall,right_wall_unobserved,0,14,42,0.433503658,0.51798722,1,0,1,0.45608145,-1,100,0,0,0,0,0
6.95,0.0966382696,-0.0223817185,-30.0684722,0,0,FollowWall,right_wall_unobserved,0,14,42,0.433503658,0.51798722,1,0,1,0.45608145,-1,100,0,0,0,0,0
7,0.0966382696,-0.0223817185,-30.0684722,0,0,FollowWall,right_wall_unobserved,0,14,42,0.433457553,0.517975859,1,0,1,0.456127107,-1,100,0,0,0,0,0
7.05,0.0966382696,-0.0223817185,-30.0684722,0,0,FollowWall,right_wall_unobserved,0,14,42,0.433457553,0.517975859,1,0,1,0.456127107,-1,100,0,0,0,0,0
7.1,0.0966382696,-0.0223817185,-30.0684722,0,0,FollowWall,right_wall_unobserved,0,14,42,0.433412284,0.517965611,1,0,1,0.456173599,-1,100,0,0,0,0,0
7.15,0.0966382696,-0.0223817185,-30.0684722,0,0,FollowWall,right_wall_unobserved,0,14,42,0.433412284,0.517965611,1,0,1,0.456173599,-1,100,0,0,0,0,0
7.2,0.0966382696,-0.0223817185,-30.0684722,0,0,FollowWall,right_wall_unobserved,0,14,42,0.433367908,0.517956534,1,0,1,0.456220925,-1,100,0,0,0,0,0
7.25,0.0966382696,-0.0223817185,-30.0684722,0,0,FollowWall,right_wall_unobserved,0,14,42,0.433367908,0.517956534,1,0,1,0.456220925,-1,100,0,0,0,0,0
7.3,0.0966382696,-0.0223817185,-30.0684722,0,0,FollowWall,right_wall_unobserved,0,14,42,0.433324397,0.517948511,1,0,1,0.456269056,-1,100,0,0,0,0,0
7.35,0.0966382696,-0.0223817185,-30.0684722,0,0,FollowWall,right_wall_unobserved,0,14,42,0.433324397,0.517948511,1,0,1,0.456269056,-1,100,0,0,0,0,0
7.4,0.0966382696,-0.0223817185,-30.0684722,0,0,FollowWall,right_wall_unobserved,0,14,42,0.433281779,0.517941659,1,0,1,0.456318021,-1,100,0,0,0,0,0
7.45,0.0966382696,-0.0223817185,-30.0684722,0,0,FollowWall,right_wall_unobserved,0,14,42,0.433281779,0.517941659,1,0,1,0.456318021,-1,100,0,0,0,0,0
7.5,0.0966382696,-0.0223817185,-30.0684722,0,0,FollowWall,right_wall_unobserved,0,14,42,0.433240086,0.51793592,1,0,1,0.456367791,-1,100,0,0,0,0,0
7.55,0.0966382696,-0.0223817185,-30.0684722,0,0,FollowWall,right_wall_unobserved,0,14,42,0.433240086,0.51793592,1,0,1,0.456367791,-1,100,0,0,0,0,0
7.6,0.0966382696,-0.0223817185,-30.0684722,0,0,FollowWall,right_wall_unobserved,0,14,42,0.433199286,0.517931294,1,0,1,0.456418306,-1,100,0,0,0,0,0
7.65,0.0966382696,-0.0223817185,-30.0684722,0,0,FollowWall,right_wall_unobserved,0,14,42,0.433199286,0.517931294,1,0,1,0.456418306,-1,100,0,0,0,0,0
7.7,0.0966382696,-0.0223817185,-30.0684722,0,0,FollowWall,right_wall_unobserved,0,14,42,0.433159441,0.517927839,1,0,1,0.456469625,-1,100,0,0,0,0,0
7.75,0.0966382696,-0.0223817185,-30.0684722,0,0,FollowWall,right_wall_unobserved,0,14,42,0.433159441,0.517927839,1,0,1,0.456469625,-1,100,0,0,0,0,0
7.8,0.0966382696,-0.0223817185,-30.0684722,0,0,FollowWall,right_wall_unobserved,0,14,42,0.433120519,0.517925496,1,0,1,0.45652166,-1,100,0,0,0,0,0
7.85,0.0966382696,-0.0223817185,-30.0684722,0,0,FollowWall,right_wall_unobserved,0,14,42,0.433120519,0.517925496,1,0,1,0.45652166,-1,100,0,0,0,0,0
7.9,0.0966382696,-0.0223817185,-30.0684722,0,0,FollowWall,right_wall_unobserved,0,14,42,0.433082551,0.517924325,1,0,1,0.45657447,-1,100,0,0,0,0,0
7.95,0.0966382696,-0.0223817185,-30.0684722,0,0,FollowWall,right_wall_unobserved,0,14,42,0.433082551,0.517924325,1,0,1,0.45657447,-1,100,0,0,0,0,0
8,0.0966382696,-0.0223817185,-30.0684722,0,0,FollowWall,right_wall_unobserved,0,14,42,0.433045566,0.517924266,1,0,1,0.456627965,-1,100,0,0,0,0,0
8.05,0.0966382696,-0.0223817185,-30.0684722,0,0,FollowWall,right_wall_unobserved,0,14,42,0.433045566,0.517924266,1,0,1,0.456627965,-1,100,0,0,0,0,0
8.1,0.0966382696,-0.0223817185,-30.0684722,0,0,FollowWall,right_wall_unobserved,0,14,42,0.433009535,0.517925321,1,0,1,0.456682175,-1,100,0,0,0,0,0
8.15,0.0966382696,-0.0223817185,-30.0684722,0,0,FollowWall,right_wall_unobserved,0,14,42,0.433009535,0.517925321,1,0,1,0.456682175,-1,100,0,0,0,0,0
8.2,0.0966382696,-0.0223817185,-30.0684722,0,0,FollowWall,right_wall_unobserved,0,14,42,0.432974517,0.517927546,1,0,1,0.456737101,-1,100,0,0,0,0,0
8.25,0.0966382696,-0.0223817185,-30.0684722,0,0,FollowWall,right_wall_unobserved,0,14,42,0.432974517,0.517927546,1,0,1,0.456737101,-1,100,0,0,0,0,0
8.3,0.0966382696,-0.0223817185,-30.0684722,0,0,FollowWall,right_wall_unobserved,0,14,42,0.432940483,0.517930884,1,0,1,0.456792653,-1,100,0,0,0,0,0
8.35,0.0966382696,-0.0223817185,-30.0684722,0,0,FollowWall,right_wall_unobserved,0,14,42,0.432940483,0.517930884,1,0,1,0.456792653,-1,100,0,0,0,0,0
8.4,0.0966382696,-0.0223817185,-30.0684722,0,0,FollowWall,right_wall_unobserved,0,14,42,0.432907432,0.517935335,1,0,1,0.456848919,-1,100,0,0,0,0,0
8.45,0.0966382696,-0.0223817185,-30.0684722,0,0,FollowWall,right_wall_unobserved,0,14,42,0.432907432,0.517935335,1,0,1,0.456848919,-1,100,0,0,0,0,0
8.5,0.0966382696,-0.0223817185,-30.0684722,0,0,FollowWall,right_wall_unobserved,0,14,42,0.432875425,0.517940956,1,0,1,0.456905782,-1,100,0,0,0,0,0
8.55,0.0966382696,-0.0223817185,-30.0684722,0,0,FollowWall,right_wall_unobserved,0,14,42,0.432875425,0.517940956,1,0,1,0.456905782,-1,100,0,0,0,0,0
8.6,0.0966382696,-0.0223817185,-30.0684722,0,0,FollowWall,right_wall_unobserved,0,14,42,0.43284443,0.517947691,1,0,1,0.456963301,-1,100,0,0,0,0,0
8.65,0.0966382696,-0.0223817185,-30.0684722,0,0,FollowWall,right_wall_unobserved,0,14,42,0.43284443,0.517947691,1,0,1,0.456963301,-1,100,0,0,0,0,0
8.7,0.0966382696,-0.0223817185,-30.0684722,0,0,FollowWall,right_wall_unobserved,0,14,42,0.432814479,0.517955597,1,0,1,0.457021415,-1,100,0,0,0,0,0
8.75,0.0966382696,-0.0223817185,-30.0684722,0,0,FollowWall,right_wall_unobserved,0,14,42,0.432814479,0.517955597,1,0,1,0.457021415,-1,100,0,0,0,0,0
8.8,0.0966382696,-0.0223817185,-30.0684722,0,0,FollowWall,right_wall_unobserved,0,14,42,0.432785541,0.517964557,1,0,1,0.457080096,-1,100,0,0,0,0,0
8.85,0.0966382696,-0.0223817185,-30.0684722,0,0,FollowWall,right_wall_unobserved,0,14,42,0.432785541,0.517964557,1,0,1,0.457080096,-1,100,0,0,0,0,0
8.9,0.0966382696,-0.0223817185,-30.0684722,0,0,FollowWall,right_wall_unobserved,0,14,42,0.432757676,0.517974688,1,0,1,0.457139373,-1,100,0,0,0,0,0
8.95,0.0966382696,-0.0223817185,-30.0684722,0,0,FollowWall,right_wall_unobserved,0,14,42,0.432757676,0.517974688,1,0,1,0.457139373,-1,100,0,0,0,0,0
9,0.0966382696,-0.0223817185,-30.0684722,0,0,FollowWall,right_wall_unobserved,0,14,42,0.432730883,0.517985932,1,0,1,0.457199216,-1,100,0,0,0,0,0
9.05,0.0966382696,-0.0223817185,-30.0684722,0,0,FollowWall,right_wall_unobserved,0,14,42,0.432730883,0.517985932,1,0,1,0.457199216,-1,100,0,0,0,0,0
9.1,0.0966382696,-0.0223817185,-30.0684722,0,0,FollowWall,right_wall_unobserved,0,14,42,0.432705134,0.517998288,1,0,1,0.457259595,-1,100,0,0,0,0,0
9.15,0.0966382696,-0.0223817185,-30.0684722,0,0,FollowWall,right_wall_unobserved,0,14,42,0.432705134,0.517998288,1,0,1,0.457259595,-1,100,0,0,0,0,0
9.2,0.0966382696,-0.0223817185,-30.0684722,0,0,FollowWall,right_wall_unobserved,0,14,42,0.432680458,0.518011757,1,0,1,0.457320511,-1,100,0,0,0,0,0
9.25,0.0966382696,-0.0223817185,-30.0684722,0,0,FollowWall,right_wall_unobserved,0,14,42,0.432680458,0.518011757,1,0,1,0.457320511,-1,100,0,0,0,0,0
9.3,0.0966382696,-0.0223817185,-30.0684722,0,0,FollowWall,right_wall_unobserved,0,14,42,0.432656854,0.518026339,1,0,1,0.457381904,-1,100,0,0,0,0,0
9.35,0.0966382696,-0.0223817185,-30.0684722,0,0,FollowWall,right_wall_unobserved,0,14,42,0.432656854,0.518026339,1,0,1,0.457381904,-1,100,0,0,0,0,0
9.4,0.0966382696,-0.0223817185,-30.0684722,0,0,FollowWall,right_wall_unobserved,0,14,42,0.432634354,0.518042033,1,0,1,0.457443804,-1,100,0,0,0,0,0
9.45,0.0966382696,-0.0223817185,-30.0684722,0,0,FollowWall,right_wall_unobserved,0,14,42,0.432634354,0.518042033,1,0,1,0.457443804,-1,100,0,0,0,0,0
9.5,0.0966382696,-0.0223817185,-30.0684722,0,0,FollowWall,right_wall_unobserved,0,14,42,0.432612956,0.518058841,1,0,1,0.45750618,-1,100,0,0,0,0,0
9.55,0.0966382696,-0.0223817185,-30.0684722,0,0,FollowWall,right_wall_unobserved,0,14,42,0.432612956,0.518058841,1,0,1,0.45750618,-1,100,0,0,0,0,0
9.6,0.0966382696,-0.0223817185,-30.0684722,0,0,FollowWall,right_wall_unobserved,0,14,42,0.43259266,0.518076702,1,0,1,0.457568973,-1,100,0,0,0,0,0
9.65,0.0966382696,-0.0223817185,-30.0684722,0,0,FollowWall,right_wall_unobserved,0,14,42,0.43259266,0.518076702,1,0,1,0.457568973,-1,100,0,0,0,0,0
9.7,0.0966382696,-0.0223817185,-30.0684722,0,0,FollowWall,right_wall_unobserved,0,14,42,0.432573438,0.518095676,1,0,1,0.457632244,-1,100,0,0,0,0,0
9.75,0.0966382696,-0.0223817185,-30.0684722,0,0,FollowWall,right_wall_unobserved,0,14,42,0.432573438,0.518095676,1,0,1,0.457632244,-1,100,0,0,0,0,0
9.8,0.0966382696,-0.0223817185,-30.0684722,0,0,FollowWall,right_wall_unobserved,0,14,42,0.432555348,0.518115762,1,0,1,0.457695901,-1,100,0,0,0,0,0
9.85,0.0966382696,-0.0223817185,-30.0684722,0,0,FollowWall,right_wall_unobserved,0,14,42,0.432555348,0.518115762,1,0,1,0.457695901,-1,100,0,0,0,0,0
9.9,0.0966382696,-0.0223817185,-30.0684722,0,0,FollowWall,right_wall_unobserved,0,14,42,0.43253839,0.518136903,1,0,1,0.457759947,-1,100,0,0,0,0,0
9.95,0.0966382696,-0.0223817185,-30.0684722,0,0,FollowWall,right_wall_unobserved,0,14,42,0.43253839,0.518136903,1,0,1,0.457759947,-1,100,0,0,0,0,0
10,0.0966382696,-0.0223817185,-30.0684722,0,0,FollowWall,right_wall_unobserved,0,14,42,0.432522535,0.518159156,1,0,1,0.457824409,-1,100,0,0,0,0,0
10.05,0.0966382696,-0.0223817185,-30.0684722,0,0,FollowWall,right_wall_unobserved,0,14,42,0.432522535,0.518159156,1,0,1,0.457824409,-1,100,0,0,0,0,0
10.1,0.0966382696,-0.0223817185,-30.0684722,0,0,FollowWall,right_wall_unobserved,0,14,42,0.432507813,0.518182405,1,0,1,0.457889199,-1,100,0,0,0,0,0
10.15,0.0966382696,-0.0223817185,-30.0684722,0,0,FollowWall,right_wall_unobserved,0,14,42,0.432507813,0.518182405,1,0,1,0.457889199,-1,100,0,0,0,0,0
10.2,0.0966382696,-0.0223817185,-30.0684722,0,0,FollowWall,right_wall_unobserved,0,14,42,0.432494223,0.518206767,1,0,1,0.457954347,-1,100,0,0,0,0,0
10.25,0.0966382696,-0.0223817185,-30.0684722,0,0,FollowWall,right_wall_unobserved,0,14,42,0.432494223,0.518206767,1,0,1,0.457954347,-1,100,0,0,0,0,0
10.3,0.0966382696,-0.0223817185,-30.0684722,0,0,FollowWall,right_wall_unobserved,0,14,42,0.432481766,0.518232182,1,0,1,0.458019793,-1,100,0,0,0,0,0
10.35,0.0966382696,-0.0223817185,-30.0684722,0,0,FollowWall,right_wall_unobserved,0,14,42,0.432481766,0.518232182,1,0,1,0.458019793,-1,100,0,0,0,0,0
10.4,0.0966382696,-0.0223817185,-30.0684722,0,0,FollowWall,right_wall_unobserved,0,14,42,0.432470441,0.518258652,1,0,1,0.458085567,-1,100,0,0,0,0,0
10.45,0.0966382696,-0.0223817185,-30.0684722,0,0,FollowWall,right_wall_unobserved,0,14,42,0.432470441,0.518258652,1,0,1,0.458085567,-1,100,0,0,0,0,0
10.5,0.0966382696,-0.0223817185,-30.0684722,0,0,FollowWall,right_wall_unobserved,0,14,42,0.432460248,0.518286117,1,0,1,0.458151609,-1,100,0,0,0,0,0
10.55,0.0966382696,-0.0223817185,-30.0684722,0,0,FollowWall,right_wall_unobserved,0,14,42,0.432460248,0.518286117,1,0,1,0.458151609,-1,100,0,0,0,0,0
10.6,0.0966382696,-0.0223817185,-30.0684722,0,0,FollowWall,right_wall_unobserved,0,14,42,0.432451218,0.518314637,1,0,1,0.458217919,-1,100,0,0,0,0,0
10.65,0.0966382696,-0.0223817185,-30.0684722,0,0,FollowWall,right_wall_unobserved,0,14,42,0.432451218,0.518314637,1,0,1,0.458217919,-1,100,0,0,0,0,0
10.7,0.0966382696,-0.0223817185,-30.0684722,0,0,FollowWall,right_wall_unobserved,0,14,42,0.432443321,0.51834421,1,0,1,0.458284497,-1,100,0,0,0,0,0
10.75,0.0966382696,-0.0223817185,-30.0684722,0,0,FollowWall,right_wall_unobserved,0,14,42,0.432443321,0.51834421,1,0,1,0.458284497,-1,100,0,0,0,0,0
10.8,0.0966382696,-0.0223817185,-30.0684722,0,0,FollowWall,right_wall_unobserved,0,14,42,0.432436585,0.518374721,1,0,1,0.458351284,-1,100,0,0,0,0,0
10.85,0.0966382696,-0.0223817185,-30.0684722,0,0,FollowWall,right_wall_unobserved,0,14,42,0.432436585,0.518374721,1,0,1,0.458351284,-1,100,0,0,0,0,0
10.9,0.0966382696,-0.0223817185,-30.0684722,0,0,FollowWall,right_wall_unobserved,0,14,42,0.432431012,0.518406285,1,0,1,0.45841828,-1,100,0,0,0,0,0
10.95,0.0966382696,-0.0223817185,-30.0684722,0,0,FollowWall,right_wall_unobserved,0,14,42,0.432431012,0.518406285,1,0,1,0.45841828,-1,100,0,0,0,0,0
11,0.0966382696,-0.0223817185,-30.0684722,0,0,FollowWall,right_wall_unobserved,0,14,42,0.432426572,0.518438846,1,0,1,0.458485454,-1,100,0,0,0,0,0
11.05,0.0966382696,-0.0223817185,-30.0684722,0,0,FollowWall,right_wall_unobserved,0,14,42,0.432426572,0.518438846,1,0,1,0.458485454,-1,100,0,0,0,0,0
11.1,0.0966382696,-0.0223817185,-30.0684722,0,0,FollowWall,right_wall_unobserved,0,14,42,0.432423294,0.518472401,1,0,1,0.458552808,-1,100,0,0,0,0,0
11.15,0.0966382696,-0.0223817185,-30.0684722,0,0,FollowWall,right_wall_unobserved,0,14,42,0.432423294,0.518472401,1,0,1,0.458552808,-1,100,0,0,0,0,0
11.2,0.0966382696,-0.0223817185,-30.0684722,0,0,FollowWall,right_wall_unobserved,0,14,42,0.432421148,0.518506952,1,0,1,0.45862031,-1,100,0,0,0,0,0
11.25,0.0966382696,-0.0223817185,-30.0684722,0,0,FollowWall,right_wall_unobserved,0,14,42,0.432421148,0.518506952,1,0,1,0.45862031,-1,100,0,0,0,0,0
11.3,0.0966382696,-0.0223817185,-30.0684722,0,0,FollowWall,right_wall_unobserved,0,14,42,0.432420194,0.518542441,1,0,1,0.458687961,-1,100,0,0,0,0,0
11.35,0.0966382696,-0.0223817185,-30.0684722,0,0,FollowWall,right_wall_unobserved,0,14,42,0.432420194,0.518542441,1,0,1,0.458687961,-1,100,0,0,0,0,0
11.4,0.0966382696,-0.0223817185,-30.0684722,0,0,FollowWall,right_wall_unobserved,0,14,42,0.432420373,0.518578866,1,0,1,0.458685547,-1,100,0,0,0,0,0
11.45,0.0966382696,-0.0223817185,-30.0684722,0,0,FollowWall,right_wall_unobserved,0,14,42,0.432420373,0.518578866,1,0,1,0.458685547,-1,100,0,0,0,0,0
11.5,0.0966382696,-0.0223817185,-30.0684722,0,0,FollowWall,right_wall_unobserved,0,14,42,0.432421714,0.518616287,1,0,1,0.45867005,-1,100,0,0,0,0,0
11.55,0.0966382696,-0.0223817185,-30.0684722,0,0,FollowWall,right_wall_unobserved,0,14,42,0.432421714,0.518616287,1,0,1,0.45867005,-1,100,0,0,0,0,0
11.6,0.0966382696,-0.0223817185,-30.0684722,0,0,FollowWall,right_wall_unobserved,0,14,42,0.432424217,0.518654586,1,0,1,0.458655655,-1,100,0,0,0,0,0
11.65,0.0966382696,-0.0223817185,-30.0684722,0,0,FollowWall,right_wall_unobserved,0,14,42,0.432424217,0.518654586,1,0,1,0.458655655,-1,100,0,0,0,0,0
11.7,0.0966382696,-0.0223817185,-30.0684722,0,0,FollowWall,right_wall_unobserved,0,14,42,0.432427853,0.51869388,1,0,1,0.458642393,-1,100,0,0,0,0,0
11.75,0.0966382696,-0.0223817185,-30.0684722,0,0,FollowWall,right_wall_unobserved,0,14,42,0.432427853,0.51869388,1,0,1,0.458642393,-1,100,0,0,0,0,0
11.8,0.0966382696,-0.0223817185,-30.0684722,0,0,FollowWall,right_wall_unobserved,0,14,42,0.432432681,0.518734054,1,0,1,0.458630264,-1,100,0,0,0,0,0
11.85,0.0966382696,-0.0223817185,-30.0684722,0,0,FollowWall,right_wall_unobserved,0,14,42,0.432432681,0.518734054,1,0,1,0.458630264,-1,100,0,0,0,0,0
11.9,0.0966382696,-0.0223817185,-30.0684722,0,0,FollowWall,right_wall_unobserved,0,14,42,0.432438642,0.518775105,1,0,1,0.458619297,-1,100,0,0,0,0,0
11.95,0.0966382696,-0.0223817185,-30.0684722,0,0,FollowWall,right_wall_unobserved,0,14,42,0.432438642,0.518775105,1,0,1,0.458619297,-1,100,0,0,0,0,0
12,0.0966382696,-0.0223817185,-30.0684722,0,0,FollowWall,right_wall_unobserved,0,14,42,0.432445735,0.518817035,1,0,1,0.458609462,-1,100,0,0,0,0,0
12.05,0.0966382696,-0.0223817185,-30.0684722,0,0,FollowWall,right_wall_unobserved,0,14,42,0.432445735,0.518817035,1,0,1,0.458609462,-1,100,0,0,0,0,0
12.1,0.0966382696,-0.0223817185,-30.0684722,0,0,FollowWall,right_wall_unobserved,0,14,42,0.43245399,0.518859902,1,0,1,0.45860076,-1,100,0,0,0,0,0
12.15,0.0966382696,-0.0223817185,-30.0684722,0,0,FollowWall,right_wall_unobserved,0,14,42,0.43245399,0.518859902,1,0,1,0.45860076,-1,100,0,0,0,0,0
12.2,0.0966382696,-0.0223817185,-30.0684722,0,0,FollowWall,right_wall_unobserved,0,14,42,0.432463408,0.518903589,1,0,1,0.45859322,-1,100,0,0,0,0,0
12.25,0.0966382696,-0.0223817185,-30.0684722,0,0,FollowWall,right_wall_unobserved,0,14,42,0.432463408,0.518903589,1,0,1,0.45859322,-1,100,0,0,0,0,0
12.3,0.0966382696,-0.0223817185,-30.0684722,0,0,FollowWall,right_wall_unobserved,0,14,42,0.432473958,0.518948154,1,0,1,0.458586812,-1,100,0,0,0,0,0
12.35,0.0966382696,-0.0223817185,-30.0684722,0,0,FollowWall,right_wall_unobserved,0,14,42,0.432473958,0.518948154,1,0,1,0.458586812,-1,100,0,0,0,0,0
12.4,0.0966382696,-0.0223817185,-30.0684722,0,0,FollowWall,right_wall_unobserved,0,14,42,0.43248564,0.518993539,1,0,1,0.458581567,-1,100,0,0,0,0,0
12.45,0.0966382696,-0.0223817185,-30.0684722,0,0,FollowWall,right_wall_unobserved,0,14,42,0.43248564,0.518993539,1,0,1,0.458581567,-1,100,0,0,0,0,0
12.5,0.0966382696,-0.0223817185,-30.0684722,0,0,FollowWall,right_wall_unobserved,0,14,42,0.432498455,0.519039744,1,0,1,0.458577484,-1,100,0,0,0,0,0
12.55,0.0966382696,-0.0223817185,-30.0684722,0,0,FollowWall,right_wall_unobserved,0,14,42,0.432498455,0.519039744,1,0,1,0.458577484,-1,100,0,0,0,0,0
12.6,0.0966382696,-0.0223817185,-30.0684722,0,0,FollowWall,right_wall_unobserved,0,14,42,0.432512403,0.519086827,1,0,1,0.458574563,-1,100,0,0,0,0,0
12.65,0.0966382696,-0.0223817185,-30.0684722,0,0,FollowWall,right_wall_unobserved,0,14,42,0.432512403,0.519086827,1,0,1,0.458574563,-1,100,0,0,0,0,0
12.7,0.0966382696,-0.0223817185,-30.0684722,0,0,FollowWall,right_wall_unobserved,0,14,42,0.432527512,0.519134614,1,0,1,0.458572775,-1,100,0,0,0,0,0
12.75,0.0966382696,-0.0223817185,-30.0684722,0,0,FollowWall,right_wall_unobserved,0,14,42,0.432527512,0.519134614,1,0,1,0.458572775,-1,100,0,0,0,0,0
12.8,0.0966382696,-0.0223817185,-30.0684722,0,0,FollowWall,right_wall_unobserved,0,14,42,0.432543725,0.519183278,1,0,1,0.458572149,-1,100,0,0,0,0,0
12.85,0.0966382696,-0.0223817185,-30.0684722,0,0,FollowWall,right_wall_unobserved,0,14,42,0.432543725,0.519183278,1,0,1,0.458572149,-1,100,0,0,0,0,0
12.9,0.0966382696,-0.0223817185,-30.0684722,0,0,FollowWall,right_wall_unobserved,0,14,42,0.43256104,0.519232645,1,0,1,0.458572686,-1,100,0,0,0,0,0
12.95,0.0966382696,-0.0223817185,-30.0684722,0,0,FollowWall,right_wall_unobserved,0,14,42,0.43256104,0.519232645,1,0,1,0.458572686,-1,100,0,0,0,0,0
13,0.0966382696,-0.0223817185,-30.0684722,0,0,FollowWall,right_wall_unobserved,0,14,42,0.432579488,0.519282832,1,0,1,0.458574355,-1,100,0,0,0,0,0
13.05,0.0966382696,-0.0223817185,-30.0684722,0,0,FollowWall,right_wall_unobserved,0,14,42,0.432579488,0.519282832,1,0,1,0.458574355,-1,100,0,0,0,0,0
13.1,0.0966382696,-0.0223817185,-30.0684722,0,0,FollowWall,right_wall_unobserved,0,14,42,0.432599038,0.519333722,1,0,1,0.458577216,-1,100,0,0,0,0,0
13.15,0.0966382696,-0.0223817185,-30.0684722,0,0,FollowWall,right_wall_unobserved,0,14,42,0.432599038,0.519333722,1,0,1,0.458577216,-1,100,0,0,0,0,0
13.2,0.0966382696,-0.0223817185,-30.0684722,0,0,FollowWall,right_wall_unobserved,0,14,42,0.432619721,0.519385315,1,0,1,0.458581209,-1,100,0,0,0,0,0
13.25,0.0966382696,-0.0223817185,-30.0684722,0,0,FollowWall,right_wall_unobserved,0,14,42,0.432619721,0.519385315,1,0,1,0.458581209,-1,100,0,0,0,0,0
13.3,0.0966382696,-0.0223817185,-30.0684722,0,0,FollowWall,right_wall_unobserved,0,14,42,0.432641476,0.519437669,1,0,1,0.458586365,-1,100,0,0,0,0,0
13.35,0.0966382696,-0.0223817185,-30.0684722,0,0,FollowWall,right_wall_unobserved,0,14,42,0.432641476,0.519437669,1,0,1,0.458586365,-1,100,0,0,0,0,0
13.4,0.0966382696,-0.0223817185,-30.0684722,0,0,FollowWall,right_wall_unobserved,0,14,42,0.432664335,0.519490667,1,0,1,0.458592653,-1,100,0,0,0,0,0
13.45,0.0966382696,-0.0223817185,-30.0684722,0,0,FollowWall,right_wall_unobserved,0,14,42,0.432664335,0.519490667,1,0,1,0.458592653,-1,100,0,0,0,0,0
13.5,0.0966382696,-0.0223817185,-30.0684722,0,0,FollowWall,right_wall_unobserved,0,14,42,0.432688266,0.519544426,1,0,1,0.458600104,-1,100,0,0,0,0,0
13.55,0.0966382696,-0.0223817185,-30.0684722,0,0,FollowWall,right_wall_unobserved,0,14,42,0.432688266,0.519544426,1,0,1,0.458600104,-1,100,0,0,0,0,0
13.6,0.0966382696,-0.0223817185,-30.0684722,0,0,FollowWall,right_wall_unobserved,0,14,42,0.43271327,0.519598771,1,0,1,0.458608717,-1,100,0,0,0,0,0
13.65,0.0966382696,-0.0223817185,-30.0684722,0,0,FollowWall,right_wall_unobserved,0,14,42,0.43271327,0.519598771,1,0,1,0.458608717,-1,100,0,0,0,0,0
13.7,0.0966382696,-0.0223817185,-30.0684722,0,0,FollowWall,right_wall_unobserved,0,14,42,0.432739377,0.519653819,1,0,1,0.458618462,-1,100,0,0,0,0,0
13.75,0.0966382696,-0.0223817185,-30.0684722,0,0,FollowWall,right_wall_unobserved,0,14,42,0.432739377,0.519653819,1,0,1,0.458618462,-1,100,0,0,0,0,0
13.8,0.0966382696,-0.0223817185,-30.0684722,0,0,FollowWall,right_wall_unobserved,0,14,42,0.432766527,0.519709511,1,0,1,0.45862934,-1,100,0,0,0,0,0
13.85,0.0966382696,-0.0223817185,-30.0684722,0,0,FollowWall,right_wall_unobserved,0,14,42,0.432766527,0.519709511,1,0,1,0.45862934,-1,100,0,0,0,0,0
13.9,0.0966382696,-0.0223817185,-30.0684722,0,0,FollowWall,right_wall_unobserved,0,14,42,0.43279472,0.519765788,1,0,1,0.45864138,-1,100,0,0,0,0,0
13.95,0.0966382696,-0.0223817185,-30.0684722,0,0,FollowWall,right_wall_unobserved,0,14,42,0.43279472,0.519765788,1,0,1,0.45864138,-1,100,0,0,0,0,0
14,0.0966382696,-0.0223817185,-30.0684722,0,0,FollowWall,right_wall_unobserved,0,14,42,0.432823986,0.51982271,1,0,1,0.458654523,-1,100,0,0,0,0,0
14.05,0.0966382696,-0.0223817185,-30.0684722,0,0,FollowWall,right_wall_unobserved,0,14,42,0.432823986,0.51982271,1,0,1,0.458654523,-1,100,0,0,0,0,0
14.1,0.0966382696,-0.0223817185,-30.0684722,0,0,FollowWall,right_wall_unobserved,0,14,42,0.432854265,0.519880159,1,0,1,0.458668828,-1,100,0,0,0,0,0
14.15,0.0966382696,-0.0223817185,-30.0684722,0,0,FollowWall,right_wall_unobserved,0,14,42,0.432854265,0.519880159,1,0,1,0.458668828,-1,100,0,0,0,0,0
14.2,0.0966382696,-0.0223817185,-30.0684722,0,0,FollowWall,right_wall_unobserved,0,14,42,0.432885587,0.519938252,1,0,1,0.458684236,-1,100,0,0,0,0,0
14.25,0.0966382696,-0.0223817185,-30.0684722,0,0,FollowWall,right_wall_unobserved,0,14,42,0.432885587,0.519938252,1,0,1,0.458684236,-1,100,0,0,0,0,0
14.3,0.0966382696,-0.0223817185,-30.0684722,0,0,FollowWall,right_wall_unobserved,0,14,42,0.432917953,0.519996813,1,0,1,0.458700806,-1,100,0,0,0,0,0
14.35,0.0966382696,-0.0223817185,-30.0684722,0,0,FollowWall,right_wall_unobserved,0,14,42,0.432917953,0.519996813,1,0,1,0.458700806,-1,100,0,0,0,0,0
14.4,0.0966382696,-0.0223817185,-30.0684722,0,0,FollowWall,right_wall_unobserved,0,14,42,0.432951301,0.52005596,1,0,1,0.458718449,-1,100,0,0,0,0,0
14.45,0.0966382696,-0.0223817185,-30.0684722,0,0,FollowWall,right_wall_unobserved,0,14,42,0.432951301,0.52005596,1,0,1,0.458718449,-1,100,0,0,0,0,0
14.5,0.0966382696,-0.0223817185,-30.0684722,0,0,FollowWall,right_wall_unobserved,0,14,42,0.432985663,0.520115634,1,0,1,0.458737254,-1,100,0,0,0,0,0
14.55,0.0966382696,-0.0223817185,-30.0684722,0,0,FollowWall,right_wall_unobserved,0,14,42,0.432985663,0.520115634,1,0,1,0.458737254,-1,100,0,0,0,0,0
14.6,0.0966382696,-0.0223817185,-30.0684722,0,0,FollowWall,right_wall_unobserved,0,14,42,0.433021009,0.520175835,1,0,1,0.458757132,-1,100,0,0,0,0,0
14.65,0.0966382696,-0.0223817185,-30.0684722,0,0,FollowWall,right_wall_unobserved,0,14,42,0.433021009,0.520175835,1,0,1,0.458757132,-1,100,0,0,0,0,0
14.7,0.0966382696,-0.0223817185,-30.0684722,0,0,FollowWall,right_wall_unobserved,0,14,42,0.433057338,0.520236446,1,0,1,0.458778113,-1,100,0,0,0,0,0
14.75,0.0966382696,-0.0223817185,-30.0684722,0,0,FollowWall,right_wall_unobserved,0,14,42,0.433057338,0.520236446,1,0,1,0.458778113,-1,100,0,0,0,0,0
14.8,0.0966382696,-0.0223817185,-30.0684722,0,0,FollowWall,right_wall_unobserved,0,14,42,0.433094651,0.520297584,1,0,1,0.458800197,-1,100,0,0,0,0,0
14.85,0.0966382696,-0.0223817185,-30.0684722,0,0,FollowWall,right_wall_unobserved,0,14,42,0.433094651,0.520297584,1,0,1,0.458800197,-1,100,0,0,0,0,0
14.9,0.0966382696,-0.0223817185,-30.0684722,0,0,FollowWall,right_wall_unobserved,0,14,42,0.433132917,0.520359132,1,0,1,0.458808273,-1,100,0,0,0,0,0
14.95,0.0966382696,-0.0223817185,-30.0684722,0,0,FollowWall,right_wall_unobserved,0,14,42,0.433132917,0.520359132,1,0,1,0.458808273,-1,100,0,0,0,0,0
15,0.0966382696,-0.0223817185,-30.0684722,0,0,FollowWall,right_wall_unobserved,0,14,42,0.433172137,0.520421149,1,0,1,0.458765239,-1,100,0,0,0,0,0
15.05,0.0966382696,-0.0223817185,-30.0684722,0,0,FollowWall,right_wall_unobserved,0,14,42,0.433172137,0.520421149,1,0,1,0.458765239,-1,100,0,0,0,0,0
15.1,0.0966382696,-0.0223817185,-30.0684722,0,0,FollowWall,right_wall_unobserved,0,14,42,0.43321228,0.520483575,1,0,1,0.45872131,-1,100,0,0,0,0,0
15.15,0.0966382696,-0.0223817185,-30.0684722,0,0,FollowWall,right_wall_unobserved,0,14,42,0.43321228,0.520483575,1,0,1,0.45872131,-1,100,0,0,0,0,0
15.2,0.0966382696,-0.0223817185,-30.0684722,0,0,FollowWall,right_wall_unobserved,0,14,42,0.433253378,0.520546353,1,0,1,0.458676517,-1,100,0,0,0,0,0
15.25,0.0966382696,-0.0223817185,-30.0684722,0,0,FollowWall,right_wall_unobserved,0,14,42,0.433253378,0.520546353,1,0,1,0.458676517,-1,100,0,0,0,0,0
15.3,0.0966382696,-0.0223817185,-30.0684722,0,0,FollowWall,right_wall_unobserved,0,14,42,0.433295369,0.520609541,1,0,1,0.45863086,-1,100,0,0,0,0,0
15.35,0.0966382696,-0.0223817185,-30.0684722,0,0,FollowWall,right_wall_unobserved,0,14,42,0.433295369,0.520609541,1,0,1,0.45863086,-1,100,0,0,0,0,0
15.4,0.0966382696,-0.0223817185,-30.0684722,0,0,FollowWall,right_wall_unobserved,0,14,42,0.433338284,0.52067308,1,0,1,0.458584338,-1,100,0,0,0,0,0
15.45,0.0966382696,-0.0223817185,-30.0684722,0,0,FollowWall,right_wall_unobserved,0,14,42,0.433338284,0.52067308,1,0,1,0.458584338,-1,100,0,0,0,0,0
15.5,0.0966382696,-0.0223817185,-30.0684722,0,0,FollowWall,right_wall_unobserved,0,14,42,0.433382064,0.520736971,1,0,1,0.458537012,-1,100,0,0,0,0,0
15.55,0.0966382696,-0.0223817185,-30.0684722,0,0,FollowWall,right_wall_unobserved,0,14,42,0.433382064,0.520736971,1,0,1,0.458537012,-1,100,0,0,0,0,0
15.6,0.0966382696,-0.0223817185,-30.0684722,0,0,FollowWall,right_wall_unobserved,0,14,42,0.433426738,0.520801212,1,0,1,0.458488822,-1,100,0,0,0,0,0
15.65,0.0966382696,-0.0223817185,-30.0684722,0,0,FollowWall,right_wall_unobserved,0,14,42,0.433426738,0.520801212,1,0,1,0.458488822,-1,100,0,0,0,0,0
15.7,0.0966382696,-0.0223817185,-30.0684722,0,0,FollowWall,right_wall_unobserved,0,14,42,0.433472276,0.520865747,1,0,1,0.458439857,-1,100,0,0,0,0,0
15.75,0.0966382696,-0.0223817185,-30.0684722,0,0,FollowWall,right_wall_unobserved,0,14,42,0.433472276,0.520865747,1,0,1,0.458439857,-1,100,0,0,0,0,0
15.8,0.0966382696,-0.0223817185,-30.0684722,0,0,FollowWall,right_wall_unobserved,0,14,42,0.433518648,0.520930516,1,0,1,0.458390087,-1,100,0,0,0,0,0
15.85,0.0966382696,-0.0223817185,-30.0684722,0,0,FollowWall,right_wall_unobserved,0,14,42,0.433518648,0.520930516,1,0,1,0.458390087,-1,100,0,0,0,0,0
15.9,0.0966382696,-0.0223817185,-30.0684722,0,0,FollowWall,right_wall_unobserved,0,14,42,0.433565885,0.520995578,1,0,1,0.458339512,-1,100,0,0,0,0,0
15.95,0.0966382696,-0.0223817185,-30.0684722,0,0,FollowWall,right_wall_unobserved,0,14,42,0.433565885,0.520995578,1,0,1,0.458339512,-1,100,0,0,0,0,0
16,0.0966382696,-0.0223817185,-30.0684722,0,0,FollowWall,right_wall_unobserved,0,14,42,0.433613926,0.521060932,1,0,1,0.458288193,-1,100,0,0,0,0,0
16.05,0.0966382696,-0.0223817185,-30.0684722,0,0,FollowWall,right_wall_unobserved,0,14,42,0.433613926,0.521060932,1,0,1,0.458288193,-1,100,0,0,0,0,0
16.1,0.0966382696,-0.0223817185,-30.0684722,0,0,FollowWall,right_wall_unobserved,0,14,42,0.433662802,0.521126463,1,0,1,0.458236128,-1,100,0,0,0,0,0
16.15,0.0966382696,-0.0223817185,-30.0684722,0,0,FollowWall,right_wall_unobserved,0,14,42,0.433662802,0.521126463,1,0,1,0.458236128,-1,100,0,0,0,0,0
16.2,0.0966382696,-0.0223817185,-30.0684722,0,0,FollowWall,right_wall_unobserved,0,14,42,0.433712453,0.521192227,1,0,1,0.458183318,-1,100,0,0,0,0,0
16.25,0.0966382696,-0.0223817185,-30.0684722,0,0,FollowWall,right_wall_unobserved,0,14,42,0.433712453,0.521192227,1,0,1,0.458183318,-1,100,0,0,0,0,0
16.3,0.0966382696,-0.0223817185,-30.0684722,0,0,FollowWall,right_wall_unobserved,0,14,42,0.433762908,0.521258167,1,0,1,0.458129793,-1,100,0,0,0,0,0
16.35,0.0966382696,-0.0223817185,-30.0684722,0,0,FollowWall,right_wall_unobserved,0,14,42,0.433762908,0.521258167,1,0,1,0.458129793,-1,100,0,0,0,0,0
16.4,0.0966382696,-0.0223817185,-30.0684722,0,0,FollowWall,right_wall_unobserved,0,14,42,0.433814108,0.521324283,1,0,1,0.458075553,-1,100,0,0,0,0,0
16.45,0.0966382696,-0.0223817185,-30.0684722,0,0,FollowWall,right_wall_unobserved,0,14,42,0.433814108,0.521324283,1,0,1,0.458075553,-1,100,0,0,0,0,0
16.5,0.0966382696,-0.0223817185,-30.0684722,0,0,FollowWall,right_wall_unobserved,0,14,42,0.433866054,0.521390574,1,0,1,0.458020657,-1,100,0,0,0,0,0
16.55,0.0966382696,-0.0223817185,-30.0684722,0,0,FollowWall,right_wall_unobserved,0,14,42,0.433866054,0.521390574,1,0,1,0.458020657,-1,100,0,0,0,0,0
16.6,0.0966382696,-0.0223817185,-30.0684722,0,0,FollowWall,right_wall_unobserved,0,14,42,0.433918774,0.521456983,1,0,1,0.457965046,-1,100,0,0,0,0,0
16.65,0.0966382696,-0.0223817185,-30.0684722,0,0,FollowWall,right_wall_unobserved,0,14,42,0.433918774,0.521456983,1,0,1,0.457965046,-1,100,0,0,0,0,0
16.7,0.0966382696,-0.0223817185,-30.0684722,0,0,FollowWall,right_wall_unobserved,0,14,42,0.43397218,0.521523509,1,0,1,0.457908809,-1,100,0,0,0,0,0
16.75,0.0966382696,-0.0223817185,-30.0684722,0,0,FollowWall,right_wall_unobserved,0,14,42,0.43397218,0.521523509,1,0,1,0.457908809,-1,100,0,0,0,0,0
16.8,0.0966382696,-0.0223817185,-30.0684722,0,0,FollowWall,right_wall_unobserved,0,14,42,0.434026331,0.521590093,1,0,1,0.457851887,-1,100,0,0,0,0,0
16.85,0.0966382696,-0.0223817185,-30.0684722,0,0,FollowWall,right_wall_unobserved,0,14,42,0.434026331,0.521590093,1,0,1,0.457851887,-1,100,0,0,0,0,0
16.9,0.0966382696,-0.0223817185,-30.0684722,0,0,FollowWall,right_wall_unobserved,0,14,42,0.434081137,0.521656795,1,0,1,0.457794368,-1,100,0,0,0,0,0
16.95,0.0966382696,-0.0223817185,-30.0684722,0,0,FollowWall,right_wall_unobserved,0,14,42,0.434081137,0.521656795,1,0,1,0.457794368,-1,100,0,0,0,0,0
17,0.0966382696,-0.0223817185,-30.0684722,0,0,FollowWall,right_wall_unobserved,0,14,42,0.434136629,0.521723555,1,0,1,0.457736254,-1,100,0,0,0,0,0
17.05,0.0966382696,-0.0223817185,-30.0684722,0,0,FollowWall,right_wall_unobserved,0,14,42,0.434136629,0.521723555,1,0,1,0.457736254,-1,100,0,0,0,0,0
17.1,0.0966382696,-0.0223817185,-30.0684722,0,0,FollowWall,right_wall_unobserved,0,14,42,0.434192806,0.521790315,1,0,1,0.457677543,-1,100,0,0,0,0,0
17.15,0.0966382696,-0.0223817185,-30.0684722,0,0,FollowWall,right_wall_unobserved,0,14,42,0.434192806,0.521790315,1,0,1,0.457677543,-1,100,0,0,0,0,0
17.2,0.0966382696,-0.0223817185,-30.0684722,0,0,FollowWall,right_wall_unobserved,0,14,42,0.43424961,0.521857133,1,0,1,0.457618237,-1,100,0,0,0,0,0
17.25,0.0966382696,-0.0223817185,-30.0684722,0,0,FollowWall,right_wall_unobserved,0,14,42,0.43424961,0.521857133,1,0,1,0.457618237,-1,100,0,0,0,0,0
17.3,0.0966382696,-0.0223817185,-30.0684722,0,0,FollowWall,right_wall_unobserved,0,14,42,0.434307039,0.521923952,1,0,1,0.457558393,-1,100,0,0,0,0,0
17.35,0.0966382696,-0.0223817185,-30.0684722,0,0,FollowWall,right_wall_unobserved,0,14,42,0.434307039,0.521923952,1,0,1,0.457558393,-1,100,0,0,0,0,0
17.4,0.0966382696,-0.0223817185,-30.0684722,0,0,FollowWall,right_wall_unobserved,0,14,42,0.434365064,0.521990712,1,0,1,0.457498014,-1,100,0,0,0,0,0
17.45,0.0966382696,-0.0223817185,-30.0684722,0,0,FollowWall,right_wall_unobserved,0,14,42,0.434365064,0.521990712,1,0,1,0.457498014,-1,100,0,0,0,0,0
17.5,0.0966382696,-0.0223817185,-30.0684722,0,0,FollowWall,right_wall_unobserved,0,14,42,0.434423715,0.522057472,1,0,1,0.457437098,-1,100,0,0,0,0,0
17.55,0.0966382696,-0.0223817185,-30.0684722,0,0,FollowWall,right_wall_unobserved,0,14,42,0.434423715,0.522057472,1,0,1,0.457437098,-1,100,0,0,0,0,0
17.6,0.0966382696,-0.0223817185,-30.0684722,0,0,FollowWall,right_wall_unobserved,0,14,42,0.434482902,0.522124173,1,0,1,0.457375675,-1,100,0,0,0,0,0
17.65,0.0966382696,-0.0223817185,-30.0684722,0,0,FollowWall,right_wall_unobserved,0,14,42,0.434482902,0.522124173,1,0,1,0.457375675,-1,100,0,0,0,0,0
17.7,0.0966382696,-0.0223817185,-30.0684722,0,0,FollowWall,right_wall_unobserved,0,14,42,0.434542686,0.522190757,1,0,1,0.457313776,-1,100,0,0,0,0,0
17.75,0.0966382696,-0.0223817185,-30.0684722,0,0,FollowWall,right_wall_unobserved,0,14,42,0.434542686,0.522190757,1,0,1,0.457313776,-1,100,0,0,0,0,0
17.8,0.0966382696,-0.0223817185,-30.0684722,0,0,FollowWall,right_wall_unobserved,0,14,42,0.434603006,0.522257283,1,0,1,0.4572514,-1,100,0,0,0,0,0
17.85,0.0966382696,-0.0223817185,-30.0684722,0,0,FollowWall,right_wall_unobserved,0,14,42,0.434603006,0.522257283,1,0,1,0.4572514,-1,100,0,0,0,0,0
17.9,0.0966382696,-0.0223817185,-30.0684722,0,0,FollowWall,right_wall_unobserved,0,14,42,0.434663832,0.522323692,1,0,1,0.457188576,-1,100,0,0,0,0,0
17.95,0.0966382696,-0.0223817185,-30.0684722,0,0,FollowWall,right_wall_unobserved,0,14,42,0.434663832,0.522323692,1,0,1,0.457188576,-1,100,0,0,0,0,0
18,0.0966382696,-0.0223817185,-30.0684722,0,0,FollowWall,right_wall_unobserved,0,14,42,0.434725165,0.522389925,1,0,1,0.457125306,-1,100,0,0,0,0,0
18.05,0.0966382696,-0.0223817185,-30.0684722,0,0,FollowWall,right_wall_unobserved,0,14,42,0.434725165,0.522389925,1,0,1,0.457125306,-1,100,0,0,0,0,0
18.1,0.0966382696,-0.0223817185,-30.0684722,0,0,FollowWall,right_wall_unobserved,0,14,42,0.434787005,0.522456041,1,0,1,0.457061619,-1,100,0,0,0,0,0
18.15,0.0966382696,-0.0223817185,-30.0684722,0,0,FollowWall,right_wall_unobserved,0,14,42,0.434787005,0.522456041,1,0,1,0.457061619,-1,100,0,0,0,0,0
18.2,0.0966382696,-0.0223817185,-30.0684722,0,0,FollowWall,right_wall_unobserved,0,14,42,0.434849322,0.522521981,1,0,1,0.456997573,-1,100,0,0,0,0,0
18.25,0.0966382696,-0.0223817185,-30.0684722,0,0,FollowWall,right_wall_unobserved,0,14,42,0.434849322,0.522521981,1,0,1,0.456997573,-1,100,0,0,0,0,0
18.3,0.0966382696,-0.0223817185,-30.0684722,0,0,FollowWall,right_wall_unobserved,0,14,42,0.434912086,0.522587745,1,0,1,0.456933111,-1,100,0,0,0,0,0
18.35,0.0966382696,-0.0223817185,-30.0684722,0,0,FollowWall,right_wall_unobserved,0,14,42,0.434912086,0.522587745,1,0,1,0.456933111,-1,100,0,0,0,0,0
18.4,0.0966382696,-0.0223817185,-30.0684722,0,0,FollowWall,right_wall_unobserved,0,14,42,0.434975266,0.522653275,1,0,1,0.456868291,-1,100,0,0,0,0,0
18.45,0.0966382696,-0.0223817185,-30.0684722,0,0,FollowWall,right_wall_unobserved,0,14,42,0.434975266,0.522653275,1,0,1,0.456868291,-1,100,0,0,0,0,0
18.5,0.0966382696,-0.0223817185,-30.0684722,0,0,FollowWall,right_wall_unobserved,0,14,42,0.435038894,0.522718571,1,0,1,0.456803143,-1,100,0,0,0,0,0
18.55,0.0966382696,-0.0223817185,-30.0684722,0,0,FollowWall,right_wall_unobserved,0,14,42,0.435038894,0.522718571,1,0,1,0.456803143,-1,100,0,0,0,0,0
18.6,0.0966382696,-0.0223817185,-30.0684722,0,0,FollowWall,right_wall_unobserved,0,14,42,0.43510291,0.522783575,1,0,1,0.456737697,-1,100,0,0,0,0,0
18.65,0.0966382696,-0.0223817185,-30.0684722,0,0,FollowWall,right_wall_unobserved,0,14,42,0.43510291,0.522783575,1,0,1,0.456737697,-1,100,0,0,0,0,0
18.7,0.0966382696,-0.0223817185,-30.0684722,0,0,FollowWall,right_wall_unobserved,0,14,42,0.435167313,0.522848343,1,0,1,0.456671923,-1,100,0,0,0,0,0
18.75,0.0966382696,-0.0223817185,-30.0684722,0,0,FollowWall,right_wall_unobserved,0,14,42,0.435167313,0.522848343,1,0,1,0.456671923,-1,100,0,0,0,0,0
18.8,0.0966382696,-0.0223817185,-30.0684722,0,0,FollowWall,right_wall_unobserved,0,14,42,0.435232073,0.522912878,1,0,1,0.456605852,-1,100,0,0,0,0,0
18.85,0.0966382696,-0.0223817185,-30.0684722,0,0,FollowWall,right_wall_unobserved,0,14,42,0.435232073,0.522912878,1,0,1,0.456605852,-1,100,0,0,0,0,0
18.9,0.0966382696,-0.0223817185,-30.0684722,0,0,FollowWall,right_wall_unobserved,0,14,42,0.435297161,0.522977061,1,0,1,0.456539541,-1,100,0,0,0,0,0
18.95,0.0966382696,-0.0223817185,-30.0684722,0,0,FollowWall,right_wall_unobserved,0,14,42,0.435297161,0.522977061,1,0,1,0.456539541,-1,100,0,0,0,0,0
19,0.0966382696,-0.0223817185,-30.0684722,0,0,FollowWall,right_wall_unobserved,0,14,42,0.435362577,0.523040893,1,0,1,0.456472963,-1,100,0,0,0,0,0
19.05,0.0966382696,-0.0223817185,-30.0684722,0,0,FollowWall,right_wall_unobserved,0,14,42,0.435362577,0.523040893,1,0,1,0.456472963,-1,100,0,0,0,0,0
19.1,0.0966382696,-0.0223817185,-30.0684722,0,0,FollowWall,right_wall_unobserved,0,14,42,0.435428321,0.523104432,1,0,1,0.456406176,-1,100,0,0,0,0,0
19.15,0.0966382696,-0.0223817185,-30.0684722,0,0,FollowWall,right_wall_unobserved,0,14,42,0.435428321,0.523104432,1,0,1,0.456406176,-1,100,0,0,0,0,0
19.2,0.0966382696,-0.0223817185,-30.0684722,0,0,FollowWall,right_wall_unobserved,0,14,42,0.435494334,0.523167562,1,0,1,0.45633918,-1,100,0,0,0,0,0
19.25,0.0966382696,-0.0223817185,-30.0684722,0,0,FollowWall,right_wall_unobserved,0,14,42,0.435494334,0.523167562,1,0,1,0.45633918,-1,100,0,0,0,0,0
19.3,0.0966382696,-0.0223817185,-30.0684722,0,0,FollowWall,right_wall_unobserved,0,14,42,0.435560614,0.523230339,1,0,1,0.456271976,-1,100,0,0,0,0,0
19.35,0.0966382696,-0.0223817185,-30.0684722,0,0,FollowWall,right_wall_unobserved,0,14,42,0.435560614,0.523230339,1,0,1,0.456271976,-1,100,0,0,0,0,0
19.4,0.0966382696,-0.0223817185,-30.0684722,0,0,FollowWall,right_wall_unobserved,0,14,42,0.435627133,0.523292707,1,0,1,0.456204623,-1,100,0,0,0,0,0
19.45,0.0966382696,-0.0223817185,-30.0684722,0,0,FollowWall,right_wall_unobserved,0,14,42,0.435627133,0.523292707,1,0,1,0.456204623,-1,100,0,0,0,0,0
19.5,0.0966382696,-0.0223817185,-30.0684722,0,0,FollowWall,right_wall_unobserved,0,14,42,0.43569392,0.523354665,1,0,1,0.456137121,-1,100,0,0,0,0,0
19.55,0.0966382696,-0.0223817185,-30.0684722,0,0,FollowWall,right_wall_unobserved,0,14,42,0.43569392,0.523354665,1,0,1,0.456137121,-1,100,0,0,0,0,0
19.6,0.0966382696,-0.0223817185,-30.0684722,0,0,FollowWall,right_wall_unobserved,0,14,42,0.435760885,0.523416213,1,0,1,0.456069499,-1,100,0,0,0,0,0
19.65,0.0966382696,-0.0223817185,-30.0684722,0,0,FollowWall,right_wall_unobserved,0,14,42,0.435760885,0.523416213,1,0,1,0.456069499,-1,100,0,0,0,0,0
19.7,0.0966382696,-0.0223817185,-30.0684722,0,0,FollowWall,right_wall_unobserved,0,14,42,0.43582803,0.523477293,1,0,1,0.456001729,-1,100,0,0,0,0,0
19.75,0.0966382696,-0.0223817185,-30.0684722,0,0,FollowWall,right_wall_unobserved,0,14,42,0.43582803,0.523477293,1,0,1,0.456001729,-1,100,0,0,0,0,0
19.8,0.0966382696,-0.0223817185,-30.0684722,0,0,FollowWall,right_wall_unobserved,0,14,42,0.435895383,0.523537904,1,0,1,0.455933899,-1,100,0,0,0,0,0
19.85,0.0966382696,-0.0223817185,-30.0684722,0,0,FollowWall,right_wall_unobserved,0,14,42,0.435895383,0.523537904,1,0,1,0.455933899,-1,100,0,0,0,0,0
19.9,0.0966382696,-0.0223817185,-30.0684722,0,0,FollowWall,right_wall_unobserved,0,14,42,0.435962856,0.523598046,1,0,1,0.455866009,-1,100,0,0,0,0,0
19.95,0.0966382696,-0.0223817185,-30.0684722,0,0,FollowWall,right_wall_unobserved,0,14,42,0.435962856,0.523598046,1,0,1,0.455866009,-1,100,0,0,0,0,0
20,0.0966382696,-0.0223817185,-30.0684722,0,0,FollowWall,right_wall_unobserved,0,14,42,0.436030477,0.523657662,1,0,1,0.45579803,-1,100,0,0,0,0,0
20.05,0.0966382696,-0.0223817185,-30.0684722,0,0,FollowWall,right_wall_unobserved,0,14,42,0.436030477,0.523657662,1,0,1,0.45579803,-1,100,0,0,0,0,0
20.1,0.0966382696,-0.0223817185,-30.0684722,0,0,FollowWall,right_wall_unobserved,0,14,42,0.436098218,0.52371675,1,0,1,0.455730051,-1,100,0,0,0,0,0
20.15,0.0966382696,-0.0223817185,-30.0684722,0,0,FollowWall,right_wall_unobserved,0,14,42,0.436098218,0.52371675,1,0,1,0.455730051,-1,100,0,0,0,0,0
20.2,0.0966382696,-0.0223817185,-30.0684722,0,0,FollowWall,right_wall_unobserved,0,14,42,0.436166018,0.523775312,1,0,1,0.455662072,-1,100,0,0,0,0,0
20.25,0.0966382696,-0.0223817185,-30.0684722,0,0,FollowWall,right_wall_unobserved,0,14,42,0.436166018,0.523775312,1,0,1,0.455662072,-1,100,0,0,0,0,0
20.3,0.0966382696,-0.0223817185,-30.0684722,0,0,FollowWall,right_wall_unobserved,0,14,42,0.436233938,0.523833288,1,0,1,0.455594063,-1,100,0,0,0,0,0
20.35,0.0966382696,-0.0223817185,-30.0684722,0,0,FollowWall,right_wall_unobserved,0,14,42,0.436233938,0.523833288,1,0,1,0.455594063,-1,100,0,0,0,0,0
20.4,0.0966382696,-0.0223817185,-30.0684722,0,0,FollowWall,right_wall_unobserved,0,14,42,0.436301887,0.523890736,1,0,1,0.455526114,-1,100,0,0,0,0,0
20.45,0.0966382696,-0.0223817185,-30.0684722,0,0,FollowWall,right_wall_unobserved,0,14,42,0.436301887,0.523890736,1,0,1,0.455526114,-1,100,0,0,0,0,0
20.5,0.0966382696,-0.0223817185,-30.0684722,0,0,FollowWall,right_wall_unobserved,0,14,42,0.436369866,0.523947541,1,0,1,0.455458194,-1,100,0,0,0,0,0
20.55,0.0966382696,-0.0223817185,-30.0684722,0,0,FollowWall,right_wall_unobserved,0,14,42,0.436369866,0.523947541,1,0,1,0.455458194,-1,100,0,0,0,0,0
20.6,0.0966382696,-0.0223817185,-30.0684722,0,0,FollowWall,right_wall_unobserved,0,14,42,0.436437845,0.524003818,1,0,1,0.455390334,-1,100,0,0,0,0,0
20.65,0.0966382696,-0.0223817185,-30.0684722,0,0,FollowWall,right_wall_unobserved,0,14,42,0.436437845,0.524003818,1,0,1,0.455390334,-1,100,0,0,0,0,0
20.7,0.0966382696,-0.0223817185,-30.0684722,0,0,FollowWall,right_wall_unobserved,0,14,42,0.436505854,0.524059393,1,0,1,0.455322564,-1,100,0,0,0,0,0
20.75,0.0966382696,-0.0223817185,-30.0684722,0,0,FollowWall,right_wall_unobserved,0,14,42,0.436505854,0.524059393,1,0,1,0.455322564,-1,100,0,0,0,0,0
20.8,0.0966382696,-0.0223817185,-30.0684722,0,0,FollowWall,right_wall_unobserved,0,14,42,0.436573833,0.524114382,1,0,1,0.455254912,-1,100,0,0,0,0,0
20.85,0.0966382696,-0.0223817185,-30.0684722,0,0,FollowWall,right_wall_unobserved,0,14,42,0.436573833,0.524114382,1,0,1,0.455254912,-1,100,0,0,0,0,0
20.9,0.0966382696,-0.0223817185,-30.0684722,0,0,FollowWall,right_wall_unobserved,0,14,42,0.436641753,0.524168727,1,0,1,0.45518738,-1,100,0,0,0,0,0
20.95,0.0966382696,-0.0223817185,-30.0684722,0,0,FollowWall,right_wall_unobserved,0,14,42,0.436641753,0.524168727,1,0,1,0.45518738,-1,100,0,0,0,0,0
21,0.0966382696,-0.0223817185,-30.0684722,0,0,FollowWall,right_wall_unobserved,0,14,42,0.436709613,0.52422237,1,0,1,0.455119997,-1,100,0,0,0,0,0
21.05,0.0966382696,-0.0223817185,-30.0684722,0,0,FollowWall,right_wall_unobserved,0,14,42,0.436709613,0.52422237,1,0,1,0.455119997,-1,100,0,0,0,0,0
21.1,0.0966382696,-0.0223817185,-30.0684722,0,0,FollowWall,right_wall_unobserved,0,14,42,0.436777383,0.524275368,1,0,1,0.455052793,-1,100,0,0,0,0,0
21.15,0.0966382696,-0.0223817185,-30.0684722,0,0,FollowWall,right_wall_unobserved,0,14,42,0.436777383,0.524275368,1,0,1,0.455052793,-1,100,0,0,0,0,0
21.2,0.0966382696,-0.0223817185,-30.0684722,0,0,FollowWall,right_wall_unobserved,0,14,42,0.436845064,0.524327604,1,0,1,0.454985738,-1,100,0,0,0,0,0
21.25,0.0966382696,-0.0223817185,-30.0684722,0,0,FollowWall,right_wall_unobserved,0,14,42,0.436845064,0.524327604,1,0,1,0.454985738,-1,100,0,0,0,0,0
21.3,0.0966382696,-0.0223817185,-30.0684722,0,0,FollowWall,right_wall_unobserved,0,14,42,0.436912596,0.524379197,1,0,1,0.454918921,-1,100,0,0,0,0,0
21.35,0.0966382696,-0.0223817185,-30.0684722,0,0,FollowWall,right_wall_unobserved,0,14,42,0.436912596,0.524379197,1,0,1,0.454918921,-1,100,0,0,0,0,0
21.4,0.0966382696,-0.0223817185,-30.0684722,0,0,FollowWall,right_wall_unobserved,0,14,42,0.436980009,0.524430028,1,0,1,0.454852313,-1,100,0,0,0,0,0
21.45,0.0966382696,-0.0223817185,-30.0684722,0,0,FollowWall,right_wall_unobserved,0,14,42,0.436980009,0.524430028,1,0,1,0.454852313,-1,100,0,0,0,0,0
21.5,0.0966382696,-0.0223817185,-30.0684722,0,0,FollowWall,right_wall_unobserved,0,14,42,0.437047273,0.524480098,1,0,1,0.454785943,-1,100,0,0,0,0,0
21.55,0.0966382696,-0.0223817185,-30.0684722,0,0,FollowWall,right_wall_unobserved,0,14,42,0.437047273,0.524480098,1,0,1,0.454785943,-1,100,0,0,0,0,0
21.6,0.0966382696,-0.0223817185,-30.0684722,0,0,FollowWall,right_wall_unobserved,0,14,42,0.437114328,0.524529407,1,0,1,0.454719812,-1,100,0,0,0,0,0
21.65,0.0966382696,-0.0223817185,-30.0684722,0,0,FollowWall,right_wall_unobserved,0,14,42,0.437114328,0.524529407,1,0,1,0.454719812,-1,100,0,0,0,0,0
21.7,0.0966382696,-0.0223817185,-30.0684722,0,0,FollowWall,right_wall_unobserved,0,14,42,0.437181205,0.524577954,1,0,1,0.454654008,-1,100,0,0,0,0,0
21.75,0.0966382696,-0.0223817185,-30.0684722,0,0,FollowWall,right_wall_unobserved,0,14,42,0.437181205,0.524577954,1,0,1,0.454654008,-1,100,0,0,0,0,0
21.8,0.0966382696,-0.0223817185,-30.0684722,0,0,FollowWall,right_wall_unobserved,0,14,42,0.437247843,0.524625741,1,0,1,0.454588473,-1,100,0,0,0,0,0
21.85,0.0966382696,-0.0223817185,-30.0684722,0,0,FollowWall,right_wall_unobserved,0,14,42,0.437247843,0.524625741,1,0,1,0.454588473,-1,100,0,0,0,0,0
21.9,0.0966382696,-0.0223817185,-30.0684722,0,0,FollowWall,right_wall_unobserved,0,14,42,0.437314242,0.524672707,1,0,1,0.454523265,-1,100,0,0,0,0,0
21.95,0.0966382696,-0.0223817185,-30.0684722,0,0,FollowWall,right_wall_unobserved,0,14,42,0.437314242,0.524672707,1,0,1,0.454523265,-1,100,0,0,0,0,0
22,0.0966382696,-0.0223817185,-30.0684722,0,0,FollowWall,right_wall_unobserved,0,14,42,0.437380373,0.524718853,1,0,1,0.454458386,-1,100,0,0,0,0,0
22.05,0.0966382696,-0.0223817185,-30.0684722,0,0,FollowWall,right_wall_unobserved,0,14,42,0.437380373,0.524718853,1,0,1,0.454458386,-1,100,0,0,0,0,0
22.1,0.0966382696,-0.0223817185,-30.0684722,0,0,FollowWall,right_wall_unobserved,0,14,42,0.437446266,0.52476418,1,0,1,0.454393864,-1,100,0,0,0,0,0
22.15,0.0966382696,-0.0223817185,-30.0684722,0,0,FollowWall,right_wall_unobserved,0,14,42,0.437446266,0.52476418,1,0,1,0.454393864,-1,100,0,0,0,0,0
22.2,0.0966382696,-0.0223817185,-30.0684722,0,0,FollowWall,right_wall_unobserved,0,14,42,0.437511832,0.524808628,1,0,1,0.454329729,-1,100,0,0,0,0,0
22.25,0.0966382696,-0.0223817185,-30.0684722,0,0,FollowWall,right_wall_unobserved,0,14,42,0.437511832,0.524808628,1,0,1,0.454329729,-1,100,0,0,0,0,0
22.3,0.0966382696,-0.0223817185,-30.0684722,0,0,FollowWall,right_wall_unobserved,0,14,42,0.437577099,0.524852256,1,0,1,0.454265982,-1,100,0,0,0,0,0
22.35,0.0966382696,-0.0223817185,-30.0684722,0,0,FollowWall,right_wall_unobserved,0,14,42,0.437577099,0.524852256,1,0,1,0.454265982,-1,100,0,0,0,0,0
22.4,0.0966382696,-0.0223817185,-30.0684722,0,0,FollowWall,right_wall_unobserved,0,14,42,0.437642008,0.524895006,1,0,1,0.454202652,-1,100,0,0,0,0,0
22.45,0.0966382696,-0.0223817185,-30.0684722,0,0,FollowWall,right_wall_unobserved,0,14,42,0.437642008,0.524895006,1,0,1,0.454202652,-1,100,0,0,0,0,0
22.5,0.0966382696,-0.0223817185,-30.0684722,0,0,FollowWall,right_wall_unobserved,0,14,42,0.43770659,0.524936936,1,0,1,0.454139739,-1,100,0,0,0,0,0
22.55,0.0966382696,-0.0223817185,-30.0684722,0,0,FollowWall,right_wall_unobserved,0,14,42,0.43770659,0.524936936,1,0,1,0.454139739,-1,100,0,0,0,0,0
22.6,0.0966382696,-0.0223817185,-30.0684722,0,0,FollowWall,right_wall_unobserved,0,14,42,0.437770784,0.52497787,1,0,1,0.454077274,-1,100,0,0,0,0,0
22.65,0.0966382696,-0.0223817185,-30.0684722,0,0,FollowWall,right_wall_unobserved,0,14,42,0.437770784,0.52497787,1,0,1,0.454077274,-1,100,0,0,0,0,0
22.7,0.0966382696,-0.0223817185,-30.0684722,0,0,FollowWall,right_wall_unobserved,0,14,42,0.437834591,0.525017985,1,0,1,0.454015285,-1,100,0,0,0,0,0
22.75,0.0966382696,-0.0223817185,-30.0684722,0,0,FollowWall,right_wall_unobserved,0,14,42,0.437834591,0.525017985,1,0,1,0.454015285,-1,100,0,0,0,0,0
22.8,0.0966382696,-0.0223817185,-30.0684722,0,0,FollowWall,right_wall_unobserved,0,14,42,0.43789798,0.525057162,1,0,1,0.453953773,-1,100,0,0,0,0,0
22.85,0.0966382696,-0.0223817185,-30.0684722,0,0,FollowWall,right_wall_unobserved,0,14,42,0.43789798,0.525057162,1,0,1,0.453953773,-1,100,0,0,0,0,0
22.9,0.0966382696,-0.0223817185,-30.0684722,0,0,FollowWall,right_wall_unobserved,0,14,42,0.437960953,0.525095403,1,0,1,0.453892767,-1,100,0,0,0,0,0
22.95,0.0966382696,-0.0223817185,-30.0684722,0,0,FollowWall,right_wall_unobserved,0,14,42,0.437960953,0.525095403,1,0,1,0.453892767,-1,100,0,0,0,0,0
23,0.0966382696,-0.0223817185,-30.0684722,0,0,FollowWall,right_wall_unobserved,0,14,42,0.438023478,0.525132707,1,0,1,0.453832269,-1,100,0,0,0,0,0
23.05,0.0966382696,-0.0223817185,-30.0684722,0,0,FollowWall,right_wall_unobserved,0,14,42,0.438023478,0.525132707,1,0,1,0.453832269,-1,100,0,0,0,0,0
23.1,0.0966382696,-0.0223817185,-30.0684722,0,0,FollowWall,right_wall_unobserved,0,14,42,0.438085556,0.525169073,1,0,1,0.453772306,-1,100,0,0,0,0,0
23.15,0.0966382696,-0.0223817185,-30.0684722,0,0,FollowWall,right_wall_unobserved,0,14,42,0.438085556,0.525169073,1,0,1,0.453772306,-1,100,0,0,0,0,0
23.2,0.0966382696,-0.0223817185,-30.0684722,0,0,FollowWall,right_wall_unobserved,0,14,42,0.438147128,0.525204503,1,0,1,0.45371291,-1,100,0,0,0,0,0
23.25,0.0966382696,-0.0223817185,-30.0684722,0,0,FollowWall,right_wall_unobserved,0,14,42,0.438147128,0.525204503,1,0,1,0.45371291,-1,100,0,0,0,0,0
23.3,0.0966382696,-0.0223817185,-30.0684722,0,0,FollowWall,right_wall_unobserved,0,14,42,0.438208222,0.525238937,1,0,1,0.453654081,-1,100,0,0,0,0,0
23.35,0.0966382696,-0.0223817185,-30.0684722,0,0,FollowWall,right_wall_unobserved,0,14,42,0.438208222,0.525238937,1,0,1,0.453654081,-1,100,0,0,0,0,0
23.4,0.0966382696,-0.0223817185,-30.0684722,0,0,FollowWall,right_wall_unobserved,0,14,42,0.438268781,0.525272376,1,0,1,0.453595847,-1,100,0,0,0,0,0
23.45,0.0966382696,-0.0223817185,-30.0684722,0,0,FollowWall,right_wall_unobserved,0,14,42,0.438268781,0.525272376,1,0,1,0.453595847,-1,100,0,0,0,0,0
23.5,0.0966382696,-0.0223817185,-30.0684722,0,0,FollowWall,right_wall_unobserved,0,14,42,0.438328803,0.525304877,1,0,1,0.453538209,-1,100,0,0,0,0,0
23.55,0.0966382696,-0.0223817185,-30.0684722,0,0,FollowWall,right_wall_unobserved,0,14,42,0.438328803,0.525304877,1,0,1,0.453538209,-1,100,0,0,0,0,0
23.6,0.0966382696,-0.0223817185,-30.0684722,0,0,FollowWall,right_wall_unobserved,0,14,42,0.438388288,0.525336325,1,0,1,0.453481197,-1,100,0,0,0,0,0
23.65,0.0966382696,-0.0223817185,-30.0684722,0,0,FollowWall,right_wall_unobserved,0,14,42,0.438388288,0.525336325,1,0,1,0.453481197,-1,100,0,0,0,0,0
23.7,0.0966382696,-0.0223817185,-30.0684722,0,0,FollowWall,right_wall_unobserved,0,14,42,0.438447207,0.525366777,1,0,1,0.453424841,-1,100,0,0,0,0,0
23.75,0.0966382696,-0.0223817185,-30.0684722,0,0,FollowWall,right_wall_unobserved,0,14,42,0.438447207,0.525366777,1,0,1,0.453424841,-1,100,0,0,0,0,0
23.8,0.0966382696,-0.0223817185,-30.0684722,0,0,FollowWall,right_wall_unobserved,0,14,42,0.43850553,0.525396233,1,0,1,0.453369111,-1,100,0,0,0,0,0
23.85,0.0966382696,-0.0223817185,-30.0684722,0,0,FollowWall,right_wall_unobserved,0,14,42,0.43850553,0.525396233,1,0,1,0.453369111,-1,100,0,0,0,0,0
23.9,0.0966382696,-0.0223817185,-30.0684722,0,0,FollowWall,right_wall_unobserved,0,14,42,0.438563257,0.525424694,1,0,1,0.453314066,-1,100,0,0,0,0,0
23.95,0.0966382696,-0.0223817185,-30.0684722,0,0,FollowWall,right_wall_unobserved,0,14,42,0.438563257,0.525424694,1,0,1,0.453314066,-1,100,0,0,0,0,0
24,0.0966382696,-0.0223817185,-30.0684722,0,0,FollowWall,right_wall_unobserved,0,14,42,0.438620359,0.525452042,1,0,1,0.453259706,-1,100,0,0,0,0,0
24.05,0.0966382696,-0.0223817185,-30.0684722,0,0,FollowWall,right_wall_unobserved,0,14,42,0.438620359,0.525452042,1,0,1,0.453259706,-1,100,0,0,0,0,0
24.1,0.0966382696,-0.0223817185,-30.0684722,0,0,FollowWall,right_wall_unobserved,0,14,42,0.438658863,0.525478395,1,0,1,0.453206033,-1,100,0,0,0,0,0
24.15,0.0966382696,-0.0223817185,-30.0684722,0,0,FollowWall,right_wall_unobserved,0,14,42,0.438658863,0.525478395,1,0,1,0.453206033,-1,100,0,0,0,0,0
24.2,0.0966382696,-0.0223817185,-30.0684722,0,0,FollowWall,right_wall_unobserved,0,14,42,0.438618124,0.525503752,1,0,1,0.453153104,-1,100,0,0,0,0,0
24.25,0.0966382696,-0.0223817185,-30.0684722,0,0,FollowWall,right_wall_unobserved,0,14,42,0.438618124,0.525503752,1,0,1,0.453153104,-1,100,0,0,0,0,0
24.3,0.0966382696,-0.0223817185,-30.0684722,0,0,FollowWall,right_wall_unobserved,0,14,42,0.438578308,0.525527996,1,0,1,0.45310089,-1,100,0,0,0,0,0
24.35,0.0966382696,-0.0223817185,-30.0684722,0,0,FollowWall,right_wall_unobserved,0,14,42,0.438578308,0.525527996,1,0,1,0.45310089,-1,100,0,0,0,0,0
24.4,0.0966382696,-0.0223817185,-30.0684722,0,0,FollowWall,right_wall_unobserved,0,14,42,0.438539445,0.525551186,1,0,1,0.453049421,-1,100,0,0,0,0,0
24.45,0.0966382696,-0.0223817185,-30.0684722,0,0,FollowWall,right_wall_unobserved,0,14,42,0.438539445,0.525551186,1,0,1,0.453049421,-1,100,0,0,0,0,0
24.5,0.0966382696,-0.0223817185,-30.0684722,0,0,FollowWall,right_wall_unobserved,0,14,42,0.438501537,0.525573323,1,0,1,0.452998728,-1,100,0,0,0,0,0
24.55,0.0966382696,-0.0223817185,-30.0684722,0,0,FollowWall,right_wall_unobserved,0,14,42,0.438501537,0.525573323,1,0,1,0.452998728,-1,100,0,0,0,0,0
24.6,0.0966382696,-0.0223817185,-30.0684722,0,0,FollowWall,right_wall_unobserved,0,14,42,0.438464582,0.525594346,1,0,1,0.452948809,-1,100,0,0,0,0,0
24.65,0.0966382696,-0.0223817185,-30.0684722,0,0,FollowWall,right_wall_unobserved,0,14,42,0.438464582,0.525594346,1,0,1,0.452948809,-1,100,0,0,0,0,0
24.7,0.0966382696,-0.0223817185,-30.0684722,0,0,FollowWall,right_wall_unobserved,0,14,42,0.438428611,0.525614316,1,0,1,0.452899694,-1,100,0,0,0,0,0
24.75,0.0966382696,-0.0223817185,-30.0684722,0,0,FollowWall,right_wall_unobserved,0,14,42,0.438428611,0.525614316,1,0,1,0.452899694,-1,100,0,0,0,0,0
24.8,0.0966382696,-0.0223817185,-30.0684722,0,0,FollowWall,right_wall_unobserved,0,14,42,0.438393623,0.525633231,1,0,1,0.452867001,-1,100,0,0,0,0,0
24.85,0.0966382696,-0.0223817185,-30.0684722,0,0,FollowWall,right_wall_unobserved,0,14,42,0.438393623,0.525633231,1,0,1,0.452867001,-1,100,0,0,0,0,0
24.9,0.0966382696,-0.0223817185,-30.0684722,0,0,FollowWall,right_wall_unobserved,0,14,42,0.438359648,0.525650975,1,0,1,0.452896744,-1,100,0,0,0,0,0
24.95,0.0966382696,-0.0223817185,-30.0684722,0,0,FollowWall,right_wall_unobserved,0,14,42,0.438359648,0.525650975,1,0,1,0.452896744,-1,100,0,0,0,0,0
25,0.0966382696,-0.0223817185,-30.0684722,0,0,FollowWall,right_wall_unobserved,0,14,42,0.438326657,0.525667665,1,0,1,0.452925473,-1,100,0,0,0,0,0
25.05,0.0966382696,-0.0223817185,-30.0684722,0,0,FollowWall,right_wall_unobserved,0,14,42,0.438326657,0.525667665,1,0,1,0.452925473,-1,100,0,0,0,0,0
25.1,0.0966382696,-0.0223817185,-30.0684722,0,0,FollowWall,right_wall_unobserved,0,14,42,0.438294679,0.525683301,1,0,1,0.45295313,-1,100,0,0,0,0,0
25.15,0.0966382696,-0.0223817185,-30.0684722,0,0,FollowWall,right_wall_unobserved,0,14,42,0.438294679,0.525683301,1,0,1,0.45295313,-1,100,0,0,0,0,0
25.2,0.0966382696,-0.0223817185,-30.0684722,0,0,FollowWall,right_wall_unobserved,0,14,42,0.438263744,0.525697766,1,0,1,0.452979743,-1,100,0,0,0,0,0
25.25,0.0966382696,-0.0223817185,-30.0684722,0,0,FollowWall,right_wall_unobserved,0,14,42,0.438263744,0.525697766,1,0,1,0.452979743,-1,100,0,0,0,0,0
25.3,0.0966382696,-0.0223817185,-30.0684722,0,0,FollowWall,right_wall_unobserved,0,14,42,0.438233823,0.525711118,1,0,1,0.453005284,-1,100,0,0,0,0,0
25.35,0.0966382696,-0.0223817185,-30.0684722,0,0,FollowWall,right_wall_unobserved,0,14,42,0.438233823,0.525711118,1,0,1,0.453005284,-1,100,0,0,0,0,0
25.4,0.0966382696,-0.0223817185,-30.0684722,0,0,FollowWall,right_wall_unobserved,0,14,42,0.438204974,0.525723415,1,0,1,0.453029722,-1,100,0,0,0,0,0
25.45,0.0966382696,-0.0223817185,-30.0684722,0,0,FollowWall,right_wall_unobserved,0,14,42,0.438204974,0.525723415,1,0,1,0.453029722,-1,100,0,0,0,0,0
25.5,0.0966382696,-0.0223817185,-30.0684722,0,0,FollowWall,right_wall_unobserved,0,14,42,0.438177139,0.525734542,1,0,1,0.453053117,-1,100,0,0,0,0,0
25.55,0.0966382696,-0.0223817185,-30.0684722,0,0,FollowWall,right_wall_unobserved,0,14,42,0.438177139,0.525734542,1,0,1,0.453053117,-1,100,0,0,0,0,0
25.6,0.0966382696,-0.0223817185,-30.0684722,0,0,FollowWall,right_wall_unobserved,0,14,42,0.438150376,0.525744556,1,0,1,0.453075409,-1,100,0,0,0,0,0
25.65,0.0966382696,-0.0223817185,-30.0684722,0,0,FollowWall,right_wall_unobserved,0,14,42,0.438150376,0.525744556,1,0,1,0.453075409,-1,100,0,0,0,0,0
25.7,0.0966382696,-0.0223817185,-30.0684722,0,0,FollowWall,right_wall_unobserved,0,14,42,0.438124686,0.525753457,1,0,1,0.453096598,-1,100,0,0,0,0,0
25.75,0.0966382696,-0.0223817185,-30.0684722,0,0,FollowWall,right_wall_unobserved,0,14,42,0.438124686,0.525753457,1,0,1,0.453096598,-1,100,0,0,0,0,0
25.8,0.0966382696,-0.0223817185,-30.0684722,0,0,FollowWall,right_wall_unobserved,0,14,42,0.43810007,0.525761188,1,0,1,0.453116685,-1,100,0,0,0,0,0
25.85,0.0966382696,-0.0223817185,-30.0684722,0,0,FollowWall,right_wall_unobserved,0,14,42,0.43810007,0.525761188,1,0,1,0.453116685,-1,100,0,0,0,0,0
25.9,0.0966382696,-0.0223817185,-30.0684722,0,0,FollowWall,right_wall_unobserved,0,14,42,0.438076526,0.525767864,1,0,1,0.453135669,-1,100,0,0,0,0,0
25.95,0.0966382696,-0.0223817185,-30.0684722,0,0,FollowWall,right_wall_unobserved,0,14,42,0.438076526,0.525767864,1,0,1,0.453135669,-1,100,0,0,0,0,0
26,0.0966382696,-0.0223817185,-30.0684722,0,0,FollowWall,right_wall_unobserved,0,14,42,0.438054085,0.525773368,1,0,1,0.453153551,-1,100,0,0,0,0,0
26.05,0.0966382696,-0.0223817185,-30.0684722,0,0,FollowWall,right_wall_unobserved,0,14,42,0.438054085,0.525773368,1,0,1,0.453153551,-1,100,0,0,0,0,0
26.1,0.0966382696,-0.0223817185,-30.0684722,0,0,FollowWall,right_wall_unobserved,0,14,42,0.438032717,0.52577776,1,0,1,0.4531703,-1,100,0,0,0,0,0
26.15,0.0966382696,-0.0223817185,-30.0684722,0,0,FollowWall,right_wall_unobserved,0,14,42,0.438032717,0.52577776,1,0,1,0.4531703,-1,100,0,0,0,0,0
26.2,0.0966382696,-0.0223817185,-30.0684722,0,0,FollowWall,right_wall_unobserved,0,14,42,0.438012481,0.525780981,1,0,1,0.453185946,-1,100,0,0,0,0,0
26.25,0.0966382696,-0.0223817185,-30.0684722,0,0,FollowWall,right_wall_unobserved,0,14,42,0.438012481,0.525780981,1,0,1,0.453185946,-1,100,0,0,0,0,0
26.3,0.0966382696,-0.0223817185,-30.0684722,0,0,FollowWall,right_wall_unobserved,0,14,42,0.437993318,0.52578309,1,0,1,0.45320043,-1,100,0,0,0,0,0
26.35,0.0966382696,-0.0223817185,-30.0684722,0,0,FollowWall,right_wall_unobserved,0,14,42,0.437993318,0.52578309,1,0,1,0.45320043,-1,100,0,0,0,0,0
26.4,0.0966382696,-0.0223817185,-30.0684722,0,0,FollowWall,right_wall_unobserved,0,14,42,0.437975287,0.525784026,1,0,1,0.453213811,-1,100,0,0,0,0,0
26.45,0.0966382696,-0.0223817185,-30.0684722,0,0,FollowWall,right_wall_unobserved,0,14,42,0.437975287,0.525784026,1,0,1,0.453213811,-1,100,0,0,0,0,0
26.5,0.0966382696,-0.0223817185,-30.0684722,0,0,FollowWall,right_wall_unobserved,0,14,42,0.43795836,0.525783909,1,0,1,0.45322606,-1,100,0,0,0,0,0
26.55,0.0966382696,-0.0223817185,-30.0684722,0,0,FollowWall,right_wall_unobserved,0,14,42,0.43795836,0.525783909,1,0,1,0.45322606,-1,100,0,0,0,0,0
26.6,0.0966382696,-0.0223817185,-30.0684722,0,0,FollowWall,right_wall_unobserved,0,14,42,0.437942564,0.525782562,1,0,1,0.453237146,-1,100,0,0,0,0,0
26.65,0.0966382696,-0.0223817185,-30.0684722,0,0,FollowWall,right_wall_unobserved,0,14,42,0.437942564,0.525782562,1,0,1,0.453237146,-1,100,0,0,0,0,0
26.7,0.0966382696,-0.0223817185,-30.0684722,0,0,FollowWall,right_wall_unobserved,0,14,42,0.437927902,0.525780161,1,0,1,0.4532471,-1,100,0,0,0,0,0
26.75,0.0966382696,-0.0223817185,-30.0684722,0,0,FollowWall,right_wall_unobserved,0,14,42,0.437927902,0.525780161,1,0,1,0.4532471,-1,100,0,0,0,0,0
26.8,0.0966382696,-0.0223817185,-30.0684722,0,0,FollowWall,right_wall_unobserved,0,14,42,0.437914371,0.525776589,1,0,1,0.453255922,-1,100,0,0,0,0,0
26.85,0.0966382696,-0.0223817185,-30.0684722,0,0,FollowWall,right_wall_unobserved,0,14,42,0.437914371,0.525776589,1,0,1,0.453255922,-1,100,0,0,0,0,0
26.9,0.0966382696,-0.0223817185,-30.0684722,0,0,FollowWall,right_wall_unobserved,0,14,42,0.437901974,0.525771904,1,0,1,0.453263581,-1,100,0,0,0,0,0
26.95,0.0966382696,-0.0223817185,-30.0684722,0,0,FollowWall,right_wall_unobserved,0,14,42,0.437901974,0.525771904,1,0,1,0.453263581,-1,100,0,0,0,0,0
27,0.0966382696,-0.0223817185,-30.0684722,0,0,FollowWall,right_wall_unobserved,0,14,42,0.437890679,0.525766048,1,0,1,0.453270108,-1,100,0,0,0,0,0
27.05,0.0966382696,-0.0223817185,-30.0684722,0,0,FollowWall,right_wall_unobserved,0,14,42,0.437890679,0.525766048,1,0,1,0.453270108,-1,100,0,0,0,0,0
27.1,0.0966382696,-0.0223817185,-30.0684722,0,0,FollowWall,right_wall_unobserved,0,14,42,0.437880576,0.525759079,1,0,1,0.453275472,-1,100,0,0,0,0,0
27.15,0.0966382696,-0.0223817185,-30.0684722,0,0,FollowWall,right_wall_unobserved,0,14,42,0.437880576,0.525759079,1,0,1,0.453275472,-1,100,0,0,0,0,0
27.2,0.0966382696,-0.0223817185,-30.0684722,0,0,FollowWall,right_wall_unobserved,0,14,42,0.437871575,0.525750998,1,0,1,0.453279674,-1,100,0,0,0,0,0
27.25,0.0966382696,-0.0223817185,-30.0684722,0,0,FollowWall,right_wall_unobserved,0,14,42,0.437871575,0.525750998,1,0,1,0.453279674,-1,100,0,0,0,0,0
27.3,0.0966382696,-0.0223817185,-30.0684722,0,0,FollowWall,right_wall_unobserved,0,14,42,0.437863767,0.525741745,1,0,1,0.453282744,-1,100,0,0,0,0,0
27.35,0.0966382696,-0.0223817185,-30.0684722,0,0,FollowWall,right_wall_unobserved,0,14,42,0.437863767,0.525741745,1,0,1,0.453282744,-1,100,0,0,0,0,0
27.4,0.0966382696,-0.0223817185,-30.0684722,0,0,FollowWall,right_wall_unobserved,0,14,42,0.437857062,0.525731438,1,0,1,0.453284651,-1,100,0,0,0,0,0
27.45,0.0966382696,-0.0223817185,-30.0684722,0,0,FollowWall,right_wall_unobserved,0,14,42,0.437857062,0.525731438,1,0,1,0.453284651,-1,100,0,0,0,0,0
27.5,0.0966382696,-0.0223817185,-30.0684722,0,0,FollowWall,right_wall_unobserved,0,14,42,0.437851548,0.52571996,1,0,1,0.453285396,-1,100,0,0,0,0,0
27.55,0.0966382696,-0.0223817185,-30.0684722,0,0,FollowWall,right_wall_unobserved,0,14,42,0.437851548,0.52571996,1,0,1,0.453285396,-1,100,0,0,0,0,0
27.6,0.0966382696,-0.0223817185,-30.0684722,0,0,FollowWall,right_wall_unobserved,0,14,42,0.437847167,0.52570737,1,0,1,0.453284979,-1,100,0,0,0,0,0
27.65,0.0966382696,-0.0223817185,-30.0684722,0,0,FollowWall,right_wall_unobserved,0,14,42,0.437847167,0.52570737,1,0,1,0.453284979,-1,100,0,0,0,0,0
27.7,0.0966382696,-0.0223817185,-30.0684722,0,0,FollowWall,right_wall_unobserved,0,14,42,0.437843919,0.525693666,1,0,1,0.453283399,-1,100,0,0,0,0,0
27.75,0.0966382696,-0.0223817185,-30.0684722,0,0,FollowWall,right_wall_unobserved,0,14,42,0.437843919,0.525693666,1,0,1,0.453283399,-1,100,0,0,0,0,0
27.8,0.0966382696,-0.0223817185,-30.0684722,0,0,FollowWall,right_wall_unobserved,0,14,42,0.437841862,0.52567885,1,0,1,0.453280687,-1,100,0,0,0,0,0
27.85,0.0966382696,-0.0223817185,-30.0684722,0,0,FollowWall,right_wall_unobserved,0,14,42,0.437841862,0.52567885,1,0,1,0.453280687,-1,100,0,0,0,0,0
27.9,0.0966382696,-0.0223817185,-30.0684722,0,0,FollowWall,right_wall_unobserved,0,14,42,0.437840939,0.525662922,1,0,1,0.453276813,-1,100,0,0,0,0,0
27.95,0.0966382696,-0.0223817185,-30.0684722,0,0,FollowWall,right_wall_unobserved,0,14,42,0.437840939,0.525662922,1,0,1,0.453276813,-1,100,0,0,0,0,0
28,0.0966382696,-0.0223817185,-30.0684722,0,0,FollowWall,right_wall_unobserved,0,14,42,0.437841177,0.525645939,1,0,1,0.453271776,-1,100,0,0,0,0,0
28.05,0.0966382696,-0.0223817185,-30.0684722,0,0,FollowWall,right_wall_unobserved,0,14,42,0.437841177,0.525645939,1,0,1,0.453271776,-1,100,0,0,0,0,0
28.1,0.0966382696,-0.0223817185,-30.0684722,0,0,FollowWall,right_wall_unobserved,0,14,42,0.437842578,0.525627843,1,0,1,0.453265607,-1,100,0,0,0,0,0
28.15,0.0966382696,-0.0223817185,-30.0684722,0,0,FollowWall,right_wall_unobserved,0,14,42,0.437842578,0.525627843,1,0,1,0.453265607,-1,100,0,0,0,0,0
28.2,0.0966382696,-0.0223817185,-30.0684722,0,0,FollowWall,right_wall_unobserved,0,14,42,0.437845141,0.525608635,1,0,1,0.453258276,-1,100,0,0,0,0,0
28.25,0.0966382696,-0.0223817185,-30.0684722,0,0,FollowWall,right_wall_unobserved,0,14,42,0.437845141,0.525608635,1,0,1,0.453258276,-1,100,0,0,0,0,0
28.3,0.0966382696,-0.0223817185,-30.0684722,0,0,FollowWall,right_wall_unobserved,0,14,42,0.437848836,0.525588373,1,0,1,0.453249782,-1,100,0,0,0,0,0
28.35,0.0966382696,-0.0223817185,-30.0684722,0,0,FollowWall,right_wall_unobserved,0,14,42,0.437848836,0.525588373,1,0,1,0.453249782,-1,100,0,0,0,0,0
28.4,0.0966382696,-0.0223817185,-30.0684722,0,0,FollowWall,right_wall_unobserved,0,14,42,0.437853694,0.525566998,1,0,1,0.453240156,-1,100,0,0,0,0,0
28.45,0.0966382696,-0.0223817185,-30.0684722,0,0,FollowWall,right_wall_unobserved,0,14,42,0.437853694,0.525566998,1,0,1,0.453240156,-1,100,0,0,0,0,0
28.5,0.0966382696,-0.0223817185,-30.0684722,0,0,FollowWall,right_wall_unobserved,0,14,42,0.437859714,0.525544569,1,0,1,0.453229398,-1,100,0,0,0,0,0
28.55,0.0966382696,-0.0223817185,-30.0684722,0,0,FollowWall,right_wall_unobserved,0,14,42,0.437859714,0.525544569,1,0,1,0.453229398,-1,100,0,0,0,0,0
28.6,0.0966382696,-0.0223817185,-30.0684722,0,0,FollowWall,right_wall_unobserved,0,14,42,0.437866867,0.525521027,1,0,1,0.453217506,-1,100,0,0,0,0,0
28.65,0.0966382696,-0.0223817185,-30.0684722,0,0,FollowWall,right_wall_unobserved,0,14,42,0.437866867,0.525521027,1,0,1,0.453217506,-1,100,0,0,0,0,0
28.7,0.0966382696,-0.0223817185,-30.0684722,0,0,FollowWall,right_wall_unobserved,0,14,42,0.437875181,0.52549649,1,0,1,0.453204453,-1,100,0,0,0,0,0
28.75,0.0966382696,-0.0223817185,-30.0684722,0,0,FollowWall,right_wall_unobserved,0,14,42,0.437875181,0.52549649,1,0,1,0.453204453,-1,100,0,0,0,0,0
28.8,0.0966382696,-0.0223817185,-30.0684722,0,0,FollowWall,right_wall_unobserved,0,14,42,0.437884659,0.525470899,1,0,1,0.453190267,-1,100,0,0,0,0,0
28.85,0.0966382696,-0.0223817185,-30.0684722,0,0,FollowWall,right_wall_unobserved,0,14,42,0.437884659,0.525470899,1,0,1,0.453190267,-1,100,0,0,0,0,0
28.9,0.0966382696,-0.0223817185,-30.0684722,0,0,FollowWall,right_wall_unobserved,0,14,42,0.437895238,0.525444195,1,0,1,0.453174978,-1,100,0,0,0,0,0
28.95,0.0966382696,-0.0223817185,-30.0684722,0,0,FollowWall,right_wall_unobserved,0,14,42,0.437895238,0.525444195,1,0,1,0.453174978,-1,100,0,0,0,0,0
29,0.0966382696,-0.0223817185,-30.0684722,0,0,FollowWall,right_wall_unobserved,0,14,42,0.437906981,0.525416495,1,0,1,0.453158528,-1,100,0,0,0,0,0
29.05,0.0966382696,-0.0223817185,-30.0684722,0,0,FollowWall,right_wall_unobserved,0,14,42,0.437906981,0.525416495,1,0,1,0.453158528,-1,100,0,0,0,0,0
29.1,0.0966382696,-0.0223817185,-30.0684722,0,0,FollowWall,right_wall_unobserved,0,14,42,0.437919885,0.5253878,1,0,1,0.453140974,-1,100,0,0,0,0,0
29.15,0.0966382696,-0.0223817185,-30.0684722,0,0,FollowWall,right_wall_unobserved,0,14,42,0.437919885,0.5253878,1,0,1,0.453140974,-1,100,0,0,0,0,0
29.2,0.0966382696,-0.0223817185,-30.0684722,0,0,FollowWall,right_wall_unobserved,0,14,42,0.437933892,0.525358051,1,0,1,0.453122318,-1,100,0,0,0,0,0
29.25,0.0966382696,-0.0223817185,-30.0684722,0,0,FollowWall,right_wall_unobserved,0,14,42,0.437933892,0.525358051,1,0,1,0.453122318,-1,100,0,0,0,0,0
29.3,0.0966382696,-0.0223817185,-30.0684722,0,0,FollowWall,right_wall_unobserved,0,14,42,0.437949032,0.525327306,1,0,1,0.453102559,-1,100,0,0,0,0,0
29.35,0.0966382696,-0.0223817185,-30.0684722,0,0,FollowWall,right_wall_unobserved,0,14,42,0.437949032,0.525327306,1,0,1,0.453102559,-1,100,0,0,0,0,0
29.4,0.0966382696,-0.0223817185,-30.0684722,0,0,FollowWall,right_wall_unobserved,0,14,42,0.437965304,0.525295507,1,0,1,0.453081667,-1,100,0,0,0,0,0
29.45,0.0966382696,-0.0223817185,-30.0684722,0,0,FollowWall,right_wall_unobserved,0,14,42,0.437965304,0.525295507,1,0,1,0.453081667,-1,100,0,0,0,0,0
29.5,0.0966382696,-0.0223817185,-30.0684722,0,0,FollowWall,right_wall_unobserved,0,14,42,0.437982678,0.525262771,1,0,1,0.453135192,-1,100,0,0,0,0,0
29.55,0.0966382696,-0.0223817185,-30.0684722,0,0,FollowWall,right_wall_unobserved,0,14,42,0.437982678,0.525262771,1,0,1,0.453135192,-1,100,0,0,0,0,0
29.6,0.0966382696,-0.0223817185,-30.0684722,0,0,FollowWall,right_wall_unobserved,0,14,42,0.438001186,0.52522904,1,0,1,0.453202009,-1,100,0,0,0,0,0
29.65,0.0966382696,-0.0223817185,-30.0684722,0,0,FollowWall,right_wall_unobserved,0,14,42,0.438001186,0.52522904,1,0,1,0.453202009,-1,100,0,0,0,0,0
29.7,0.0966382696,-0.0223817185,-30.0684722,0,0,FollowWall,right_wall_unobserved,0,14,42,0.438020796,0.525194313,1,0,1,0.453268617,-1,100,0,0,0,0,0
29.75,0.0966382696,-0.0223817185,-30.0684722,0,0,FollowWall,right_wall_unobserved,0,14,42,0.438020796,0.525194313,1,0,1,0.453268617,-1,100,0,0,0,0,0
29.8,0.0966382696,-0.0223817185,-30.0684722,0,0,FollowWall,right_wall_unobserved,0,14,42,0.438041508,0.525158591,1,0,1,0.453334987,-1,100,0,0,0,0,0
29.85,0.0966382696,-0.0223817185,-30.0684722,0,0,FollowWall,right_wall_unobserved,0,14,42,0.438041508,0.525158591,1,0,1,0.453334987,-1,100,0,0,0,0,0
29.9,0.0966382696,-0.0223817185,-30.0684722,0,0,FollowWall,right_wall_unobserved,0,14,42,0.438063323,0.52512199,1,0,1,0.453401089,-1,100,0,0,0,0,0
29.95,0.0966382696,-0.0223817185,-30.0684722,0,0,FollowWall,right_wall_unobserved,0,14,42,0.438063323,0.52512199,1,0,1,0.453401089,-1,100,0,0,0,0,0
30,0.0966382696,-0.0223817185,-30.0684722,0,0,FollowWall,right_wall_unobserved,0,14,42,0.438086212,0.525084393,1,0,1,0.453466922,-1,100,0,0,0,0,0
30.05,0.0966382696,-0.0223817185,-30.0684722,0,0,FollowWall,right_wall_unobserved,0,14,42,0.438086212,0.525084393,1,0,1,0.453466922,-1,100,0,0,0,0,0
30.1,0.0966382696,-0.0223817185,-30.0684722,0,0,FollowWall,right_wall_unobserved,0,14,42,0.438110203,0.52504586,1,0,1,0.453532428,-1,100,0,0,0,0,0
30.15,0.0966382696,-0.0223817185,-30.0684722,0,0,FollowWall,right_wall_unobserved,0,14,42,0.438110203,0.52504586,1,0,1,0.453532428,-1,100,0,0,0,0,0
30.2,0.0966382696,-0.0223817185,-30.0684722,0,0,FollowWall,right_wall_unobserved,0,14,42,0.438135266,0.525006448,1,0,1,0.453597635,-1,100,0,0,0,0,0
30.25,0.0966382696,-0.0223817185,-30.0684722,0,0,FollowWall,right_wall_unobserved,0,14,42,0.438135266,0.525006448,1,0,1,0.453597635,-1,100,0,0,0,0,0
30.3,0.0966382696,-0.0223817185,-30.0684722,0,0,FollowWall,right_wall_unobserved,0,14,42,0.438117683,0.524966099,1,0,1,0.453662485,-1,100,0,0,0,0,0
30.35,0.0966382696,-0.0223817185,-30.0684722,0,0,FollowWall,right_wall_unobserved,0,14,42,0.438117683,0.524966099,1,0,1,0.453662485,-1,100,0,0,0,0,0
30.4,0.0966382696,-0.0223817185,-30.0684722,0,0,FollowWall,right_wall_unobserved,0,14,42,0.43805182,0.524924814,1,0,1,0.453727007,-1,100,0,0,0,0,0
30.45,0.0966382696,-0.0223817185,-30.0684722,0,0,FollowWall,right_wall_unobserved,0,14,42,0.43805182,0.524924814,1,0,1,0.453727007,-1,100,0,0,0,0,0
30.5,0.0966382696,-0.0223817185,-30.0684722,0,0,FollowWall,right_wall_unobserved,0,14,42,0.437986255,0.524882708,1,0,1,0.453791142,-1,100,0,0,0,0,0
30.55,0.0966382696,-0.0223817185,-30.0684722,0,0,FollowWall,right_wall_unobserved,0,14,42,0.437986255,0.524882708,1,0,1,0.453791142,-1,100,0,0,0,0,0
30.6,0.0966382696,-0.0223817185,-30.0684722,0,0,FollowWall,right_wall_unobserved,0,14,42,0.437920988,0.524839665,1,0,1,0.453854889,-1,100,0,0,0,0,0
30.65,0.0966382696,-0.0223817185,-30.0684722,0,0,FollowWall,right_wall_unobserved,0,14,42,0.437920988,0.524839665,1,0,1,0.453854889,-1,100,0,0,0,0,0
30.7,0.0966382696,-0.0223817185,-30.0684722,0,0,FollowWall,right_wall_unobserved,0,14,42,0.437856078,0.524795803,1,0,1,0.453918219,-1,100,0,0,0,0,0
30.75,0.0966382696,-0.0223817185,-30.0684722,0,0,FollowWall,right_wall_unobserved,0,14,42,0.437856078,0.524795803,1,0,1,0.453918219,-1,100,0,0,0,0,0
30.8,0.0966382696,-0.0223817185,-30.0684722,0,0,FollowWall,right_wall_unobserved,0,14,42,0.437791526,0.524751062,1,0,1,0.453981102,-1,100,0,0,0,0,0
30.85,0.0966382696,-0.0223817185,-30.0684722,0,0,FollowWall,right_wall_unobserved,0,14,42,0.437791526,0.524751062,1,0,1,0.453981102,-1,100,0,0,0,0,0
30.9,0.0966382696,-0.0223817185,-30.0684722,0,0,FollowWall,right_wall_unobserved,0,14,42,0.437727332,0.524705501,1,0,1,0.454043537,-1,100,0,0,0,0,0
30.95,0.0966382696,-0.0223817185,-30.0684722,0,0,FollowWall,right_wall_unobserved,0,14,42,0.437727332,0.524705501,1,0,1,0.454043537,-1,100,0,0,0,0,0
31,0.0966382696,-0.0223817185,-30.0684722,0,0,FollowWall,right_wall_unobserved,0,14,42,0.437663525,0.524659121,1,0,1,0.454105526,-1,100,0,0,0,0,0
31.05,0.0966382696,-0.0223817185,-30.0684722,0,0,FollowWall,right_wall_unobserved,0,14,42,0.437663525,0.524659121,1,0,1,0.454105526,-1,100,0,0,0,0,0
31.1,0.0966382696,-0.0223817185,-30.0684722,0,0,FollowWall,right_wall_unobserved,0,14,42,0.437600136,0.52461192,1,0,1,0.454167038,-1,100,0,0,0,0,0
31.15,0.0966382696,-0.0223817185,-30.0684722,0,0,FollowWall,right_wall_unobserved,0,14,42,0.437600136,0.52461192,1,0,1,0.454167038,-1,100,0,0,0,0,0
31.2,0.0966382696,-0.0223817185,-30.0684722,0,0,FollowWall,right_wall_unobserved,0,14,42,0.437537193,0.524563958,1,0,1,0.454228044,-1,100,0,0,0,0,0
31.25,0.0966382696,-0.0223817185,-30.0684722,0,0,FollowWall,right_wall_unobserved,0,14,42,0.437537193,0.524563958,1,0,1,0.454228044,-1,100,0,0,0,0,0
31.3,0.0966382696,-0.0223817185,-30.0684722,0,0,FollowWall,right_wall_unobserved,0,14,42,0.437474668,0.524515177,1,0,1,0.454288512,-1,100,0,0,0,0,0
31.35,0.0966382696,-0.0223817185,-30.0684722,0,0,FollowWall,right_wall_unobserved,0,14,42,0.437474668,0.524515177,1,0,1,0.454288512,-1,100,0,0,0,0,0
31.4,0.0966382696,-0.0223817185,-30.0684722,0,0,FollowWall,right_wall_unobserved,0,14,42,0.43741262,0.524465634,1,0,1,0.454348445,-1,100,0,0,0,0,0
31.45,0.0966382696,-0.0223817185,-30.0684722,0,0,FollowWall,right_wall_unobserved,0,14,42,0.43741262,0.524465634,1,0,1,0.454348445,-1,100,0,0,0,0,0
31.5,0.0966382696,-0.0223817185,-30.0684722,0,0,FollowWall,right_wall_unobserved,0,14,42,0.437351048,0.524415329,1,0,1,0.454407841,-1,100,0,0,0,0,0
31.55,0.0966382696,-0.0223817185,-30.0684722,0,0,FollowWall,right_wall_unobserved,0,14,42,0.437351048,0.524415329,1,0,1,0.454407841,-1,100,0,0,0,0,0
31.6,0.0966382696,-0.0223817185,-30.0684722,0,0,FollowWall,right_wall_unobserved,0,14,42,0.437289983,0.524364264,1,0,1,0.454466641,-1,100,0,0,0,0,0
31.65,0.0966382696,-0.0223817185,-30.0684722,0,0,FollowWall,right_wall_unobserved,0,14,42,0.437289983,0.524364264,1,0,1,0.454466641,-1,100,0,0,0,0,0
31.7,0.0966382696,-0.0223817185,-30.0684722,0,0,FollowWall,right_wall_unobserved,0,14,42,0.437229425,0.524312496,1,0,1,0.454524875,-1,100,0,0,0,0,0
31.75,0.0966382696,-0.0223817185,-30.0684722,0,0,FollowWall,right_wall_unobserved,0,14,42,0.437229425,0.524312496,1,0,1,0.454524875,-1,100,0,0,0,0,0
31.8,0.0966382696,-0.0223817185,-30.0684722,0,0,FollowWall,right_wall_unobserved,0,14,42,0.437169403,0.524260025,1,0,1,0.454582483,-1,100,0,0,0,0,0
31.85,0.0966382696,-0.0223817185,-30.0684722,0,0,FollowWall,right_wall_unobserved,0,14,42,0.437169403,0.524260025,1,0,1,0.454582483,-1,100,0,0,0,0,0
31.9,0.0966382696,-0.0223817185,-30.0684722,0,0,FollowWall,right_wall_unobserved,0,14,42,0.437109947,0.524206851,1,0,1,0.454639494,-1,100,0,0,0,0,0
31.95,0.0966382696,-0.0223817185,-30.0684722,0,0,FollowWall,right_wall_unobserved,0,14,42,0.437109947,0.524206851,1,0,1,0.454639494,-1,100,0,0,0,0,0
32,0.0966382696,-0.0223817185,-30.0684722,0,0,FollowWall,right_wall_unobserved,0,14,42,0.437051028,0.524153033,1,0,1,0.454695851,-1,100,0,0,0,0,0
32.05,0.0966382696,-0.0223817185,-30.0684722,0,0,FollowWall,right_wall_unobserved,0,14,42,0.437051028,0.524153033,1,0,1,0.454695851,-1,100,0,0,0,0,0
32.1,0.0966382696,-0.0223817185,-30.0684722,0,0,FollowWall,right_wall_unobserved,0,14,42,0.436992735,0.524098512,1,0,1,0.454751551,-1,100,0,0,0,0,0
32.15,0.0966382696,-0.0223817185,-30.0684722,0,0,FollowWall,right_wall_unobserved,0,14,42,0.436992735,0.524098512,1,0,1,0.454751551,-1,100,0,0,0,0,0
32.2,0.0966382696,-0.0223817185,-30.0684722,0,0,FollowWall,right_wall_unobserved,0,14,42,0.436935008,0.524043347,1,0,1,0.454806566,-1,100,0,0,0,0,0
32.25,0.0966382696,-0.0223817185,-30.0684722,0,0,FollowWall,right_wall_unobserved,0,14,42,0.436935008,0.524043347,1,0,1,0.454806566,-1,100,0,0,0,0,0
32.3,0.0966382696,-0.0223817185,-30.0684722,0,0,FollowWall,right_wall_unobserved,0,14,42,0.436877936,0.523987538,1,0,1,0.454860926,-1,100,0,0,0,0,0
32.35,0.0966382696,-0.0223817185,-30.0684722,0,0,FollowWall,right_wall_unobserved,0,14,42,0.436877936,0.523987538,1,0,1,0.454860926,-1,100,0,0,0,0,0
32.4,0.0966382696,-0.0223817185,-30.0684722,0,0,FollowWall,right_wall_unobserved,0,14,42,0.436821491,0.523931144,1,0,1,0.45491457,-1,100,0,0,0,0,0
32.45,0.0966382696,-0.0223817185,-30.0684722,0,0,FollowWall,right_wall_unobserved,0,14,42,0.436821491,0.523931144,1,0,1,0.45491457,-1,100,0,0,0,0,0
32.5,0.0966382696,-0.0223817185,-30.0684722,0,0,FollowWall,right_wall_unobserved,0,14,42,0.436765671,0.523874105,1,0,1,0.454967499,-1,100,0,0,0,0,0
32.55,0.0966382696,-0.0223817185,-30.0684722,0,0,FollowWall,right_wall_unobserved,0,14,42,0.436765671,0.523874105,1,0,1,0.454967499,-1,100,0,0,0,0,0
32.6,0.0966382696,-0.0223817185,-30.0684722,0,0,FollowWall,right_wall_unobserved,0,14,42,0.436710536,0.523816481,1,0,1,0.455019683,-1,100,0,0,0,0,0
32.65,0.0966382696,-0.0223817185,-30.0684722,0,0,FollowWall,right_wall_unobserved,0,14,42,0.436710536,0.523816481,1,0,1,0.455019683,-1,100,0,0,0,0,0
32.7,0.0966382696,-0.0223817185,-30.0684722,0,0,FollowWall,right_wall_unobserved,0,14,42,0.436656088,0.523758329,1,0,1,0.455071121,-1,100,0,0,0,0,0
32.75,0.0966382696,-0.0223817185,-30.0684722,0,0,FollowWall,right_wall_unobserved,0,14,42,0.436656088,0.523758329,1,0,1,0.455071121,-1,100,0,0,0,0,0
32.8,0.0966382696,-0.0223817185,-30.0684722,0,0,FollowWall,right_wall_unobserved,0,14,42,0.436602354,0.523699592,1,0,1,0.455121815,-1,100,0,0,0,0,0
32.85,0.0966382696,-0.0223817185,-30.0684722,0,0,FollowWall,right_wall_unobserved,0,14,42,0.436602354,0.523699592,1,0,1,0.455121815,-1,100,0,0,0,0,0
32.9,0.0966382696,-0.0223817185,-30.0684722,0,0,FollowWall,right_wall_unobserved,0,14,42,0.436549336,0.523640386,1,0,1,0.455171704,-1,100,0,0,0,0,0
32.95,0.0966382696,-0.0223817185,-30.0684722,0,0,FollowWall,right_wall_unobserved,0,14,42,0.436549336,0.523640386,1,0,1,0.455171704,-1,100,0,0,0,0,0
33,0.0966382696,-0.0223817185,-30.0684722,0,0,FollowWall,right_wall_unobserved,0,14,42,0.436497033,0.523580595,1,0,1,0.455220819,-1,100,0,0,0,0,0
33.05,0.0966382696,-0.0223817185,-30.0684722,0,0,FollowWall,right_wall_unobserved,0,14,42,0.436497033,0.523580595,1,0,1,0.455220819,-1,100,0,0,0,0,0
33.1,0.0966382696,-0.0223817185,-30.0684722,0,0,FollowWall,right_wall_unobserved,0,14,42,0.436445475,0.523520335,1,0,1,0.455269128,-1,100,0,0,0,0,0
33.15,0.0966382696,-0.0223817185,-30.0684722,0,0,FollowWall,right_wall_unobserved,0,14,42,0.436445475,0.523520335,1,0,1,0.455269128,-1,100,0,0,0,0,0
33.2,0.0966382696,-0.0223817185,-30.0684722,0,0,FollowWall,right_wall_unobserved,0,14,42,0.436394691,0.523459607,1,0,1,0.455316603,-1,100,0,0,0,0,0
33.25,0.0966382696,-0.0223817185,-30.0684722,0,0,FollowWall,right_wall_unobserved,0,14,42,0.436394691,0.523459607,1,0,1,0.455316603,-1,100,0,0,0,0,0
33.3,0.0966382696,-0.0223817185,-30.0684722,0,0,FollowWall,right_wall_unobserved,0,14,42,0.436344653,0.523398411,1,0,1,0.455363244,-1,100,0,0,0,0,0
33.35,0.0966382696,-0.0223817185,-30.0684722,0,0,FollowWall,right_wall_unobserved,0,14,42,0.436344653,0.523398411,1,0,1,0.455363244,-1,100,0,0,0,0,0
33.4,0.0966382696,-0.0223817185,-30.0684722,0,0,FollowWall,right_wall_unobserved,0,14,42,0.43629545,0.523336746,1,0,1,0.45540905,-1,100,0,0,0,0,0
33.45,0.0966382696,-0.0223817185,-30.0684722,0,0,FollowWall,right_wall_unobserved,0,14,42,0.43629545,0.523336746,1,0,1,0.45540905,-1,100,0,0,0,0,0
33.5,0.0966382696,-0.0223817185,-30.0684722,0,0,FollowWall,right_wall_unobserved,0,14,42,0.436247021,0.52327467,1,0,1,0.455453992,-1,100,0,0,0,0,0
33.55,0.0966382696,-0.0223817185,-30.0684722,0,0,FollowWall,right_wall_unobserved,0,14,42,0.436247021,0.52327467,1,0,1,0.455453992,-1,100,0,0,0,0,0
33.6,0.0966382696,-0.0223817185,-30.0684722,0,0,FollowWall,right_wall_unobserved,0,14,42,0.436199427,0.523212127,1,0,1,0.45549804,-1,100,0,0,0,0,0
33.65,0.0966382696,-0.0223817185,-30.0684722,0,0,FollowWall,right_wall_unobserved,0,14,42,0.436199427,0.523212127,1,0,1,0.45549804,-1,100,0,0,0,0,0
33.7,0.0966382696,-0.0223817185,-30.0684722,0,0,FollowWall,right_wall_unobserved,0,14,42,0.436152637,0.52314929,1,0,1,0.455541223,-1,100,0,0,0,0,0
33.75,0.0966382696,-0.0223817185,-30.0684722,0,0,FollowWall,right_wall_unobserved,0,14,42,0.436152637,0.52314929,1,0,1,0.455541223,-1,100,0,0,0,0,0
33.8,0.0966382696,-0.0223817185,-30.0684722,0,0,FollowWall,right_wall_unobserved,0,14,42,0.436106712,0.523085986,1,0,1,0.455583513,-1,100,0,0,0,0,0
33.85,0.0966382696,-0.0223817185,-30.0684722,0,0,FollowWall,right_wall_unobserved,0,14,42,0.436106712,0.523085986,1,0,1,0.455583513,-1,100,0,0,0,0,0
33.9,0.0966382696,-0.0223817185,-30.0684722,0,0,FollowWall,right_wall_unobserved,0,14,42,0.436061651,0.523022388,1,0,1,0.455624878,-1,100,0,0,0,0,0
33.95,0.0966382696,-0.0223817185,-30.0684722,0,0,FollowWall,right_wall_unobserved,0,14,42,0.436061651,0.523022388,1,0,1,0.455624878,-1,100,0,0,0,0,0
34,0.0966382696,-0.0223817185,-30.0684722,0,0,FollowWall,right_wall_unobserved,0,14,42,0.436017454,0.522958439,1,0,1,0.45566532,-1,100,0,0,0,0,0
34.05,0.0966382696,-0.0223817185,-30.0684722,0,0,FollowWall,right_wall_unobserved,0,14,42,0.436017454,0.522958439,1,0,1,0.45566532,-1,100,0,0,0,0,0
34.1,0.0966382696,-0.0223817185,-30.0684722,0,0,FollowWall,right_wall_unobserved,0,14,42,0.435974151,0.522894138,1,0,1,0.455704808,-1,100,0,0,0,0,0
34.15,0.0966382696,-0.0223817185,-30.0684722,0,0,FollowWall,right_wall_unobserved,0,14,42,0.435974151,0.522894138,1,0,1,0.455704808,-1,100,0,0,0,0,0
34.2,0.0966382696,-0.0223817185,-30.0684722,0,0,FollowWall,right_wall_unobserved,0,14,42,0.435931742,0.522829604,1,0,1,0.455743372,-1,100,0,0,0,0,0
34.25,0.0966382696,-0.0223817185,-30.0684722,0,0,FollowWall,right_wall_unobserved,0,14,42,0.435931742,0.522829604,1,0,1,0.455743372,-1,100,0,0,0,0,0
34.3,0.0966382696,-0.0223817185,-30.0684722,0,0,FollowWall,right_wall_unobserved,0,14,42,0.435890257,0.522764718,1,0,1,0.455780983,-1,100,0,0,0,0,0
34.35,0.0966382696,-0.0223817185,-30.0684722,0,0,FollowWall,right_wall_unobserved,0,14,42,0.435890257,0.522764718,1,0,1,0.455780983,-1,100,0,0,0,0,0
34.4,0.0966382696,-0.0223817185,-30.0684722,0,0,FollowWall,right_wall_unobserved,0,14,42,0.435849667,0.522699597,1,0,1,0.45581761,-1,100,0,0,0,0,0
34.45,0.0966382696,-0.0223817185,-30.0684722,0,0,FollowWall,right_wall_unobserved,0,14,42,0.435849667,0.522699597,1,0,1,0.45581761,-1,100,0,0,0,0,0
34.5,0.0966382696,-0.0223817185,-30.0684722,0,0,FollowWall,right_wall_unobserved,0,14,42,0.43581003,0.522634243,1,0,1,0.455853283,-1,100,0,0,0,0,0
34.55,0.0966382696,-0.0223817185,-30.0684722,0,0,FollowWall,right_wall_unobserved,0,14,42,0.43581003,0.522634243,1,0,1,0.455853283,-1,100,0,0,0,0,0
34.6,0.0966382696,-0.0223817185,-30.0684722,0,0,FollowWall,right_wall_unobserved,0,14,42,0.435771316,0.522568654,1,0,1,0.455887944,-1,100,0,0,0,0,0
34.65,0.0966382696,-0.0223817185,-30.0684722,0,0,FollowWall,right_wall_unobserved,0,14,42,0.435771316,0.522568654,1,0,1,0.455887944,-1,100,0,0,0,0,0
34.7,0.0966382696,-0.0223817185,-30.0684722,0,0,FollowWall,right_wall_unobserved,0,14,42,0.435733587,0.522502831,1,0,1,0.45592162,-1,100,0,0,0,0,0
34.75,0.0966382696,-0.0223817185,-30.0684722,0,0,FollowWall,right_wall_unobserved,0,14,42,0.435733587,0.522502831,1,0,1,0.45592162,-1,100,0,0,0,0,0
34.8,0.0966382696,-0.0223817185,-30.0684722,0,0,FollowWall,right_wall_unobserved,0,14,42,0.43569681,0.522436891,1,0,1,0.455954283,-1,100,0,0,0,0,0
34.85,0.0966382696,-0.0223817185,-30.0684722,0,0,FollowWall,right_wall_unobserved,0,14,42,0.43569681,0.522436891,1,0,1,0.455954283,-1,100,0,0,0,0,0
34.9,0.0966382696,-0.0223817185,-30.0684722,0,0,FollowWall,right_wall_unobserved,0,14,42,0.435660988,0.522370717,1,0,1,0.455985904,-1,100,0,0,0,0,0
34.95,0.0966382696,-0.0223817185,-30.0684722,0,0,FollowWall,right_wall_unobserved,0,14,42,0.435660988,0.522370717,1,0,1,0.455985904,-1,100,0,0,0,0,0
35,0.0966382696,-0.0223817185,-30.0684722,0,0,FollowWall,right_wall_unobserved,0,14,42,0.435626179,0.522304425,1,0,1,0.456016511,-1,100,0,0,0,0,0
35.05,0.0966382696,-0.0223817185,-30.0684722,0,0,FollowWall,right_wall_unobserved,0,14,42,0.435626179,0.522304425,1,0,1,0.456016511,-1,100,0,0,0,0,0
35.1,0.0966382696,-0.0223817185,-30.0684722,0,0,FollowWall,right_wall_unobserved,0,14,42,0.435592383,0.522237958,1,0,1,0.456046104,-1,100,0,0,0,0,0
35.15,0.0966382696,-0.0223817185,-30.0684722,0,0,FollowWall,right_wall_unobserved,0,14,42,0.435592383,0.522237958,1,0,1,0.456046104,-1,100,0,0,0,0,0
35.2,0.0966382696,-0.0223817185,-30.0684722,0,0,FollowWall,right_wall_unobserved,0,14,42,0.435559571,0.522171432,1,0,1,0.456074625,-1,100,0,0,0,0,0
35.25,0.0966382696,-0.0223817185,-30.0684722,0,0,FollowWall,right_wall_unobserved,0,14,42,0.435559571,0.522171432,1,0,1,0.456074625,-1,100,0,0,0,0,0
35.3,0.0966382696,-0.0223817185,-30.0684722,0,0,FollowWall,right_wall_unobserved,0,14,42,0.435527772,0.522104789,1,0,1,0.45608297,-1,100,0,0,0,0,0
35.35,0.0966382696,-0.0223817185,-30.0684722,0,0,FollowWall,right_wall_unobserved,0,14,42,0.435527772,0.522104789,1,0,1,0.45608297,-1,100,0,0,0,0,0
35.4,0.0966382696,-0.0223817185,-30.0684722,0,0,FollowWall,right_wall_unobserved,0,14,42,0.435497016,0.522038088,1,0,1,0.456038177,-1,100,0,0,0,0,0
35.45,0.0966382696,-0.0223817185,-30.0684722,0,0,FollowWall,right_wall_unobserved,0,14,42,0.435497016,0.522038088,1,0,1,0.456038177,-1,100,0,0,0,0,0
35.5,0.0966382696,-0.0223817185,-30.0684722,0,0,FollowWall,right_wall_unobserved,0,14,42,0.435467273,0.521971328,1,0,1,0.455994248,-1,100,0,0,0,0,0
35.55,0.0966382696,-0.0223817185,-30.0684722,0,0,FollowWall,right_wall_unobserved,0,14,42,0.435467273,0.521971328,1,0,1,0.455994248,-1,100,0,0,0,0,0
35.6,0.0966382696,-0.0223817185,-30.0684722,0,0,FollowWall,right_wall_unobserved,0,14,42,0.435438603,0.521904568,1,0,1,0.455951214,-1,100,0,0,0,0,0
35.65,0.0966382696,-0.0223817185,-30.0684722,0,0,FollowWall,right_wall_unobserved,0,14,42,0.435438603,0.521904568,1,0,1,0.455951214,-1,100,0,0,0,0,0
35.7,0.0966382696,-0.0223817185,-30.0684722,0,0,FollowWall,right_wall_unobserved,0,14,42,0.435410976,0.521837749,1,0,1,0.455909073,-1,100,0,0,0,0,0
35.75,0.0966382696,-0.0223817185,-30.0684722,0,0,FollowWall,right_wall_unobserved,0,14,42,0.435410976,0.521837749,1,0,1,0.455909073,-1,100,0,0,0,0,0
35.8,0.0966382696,-0.0223817185,-30.0684722,0,0,FollowWall,right_wall_unobserved,0,14,42,0.435384393,0.521770931,1,0,1,0.455867827,-1,100,0,0,0,0,0
35.85,0.0966382696,-0.0223817185,-30.0684722,0,0,FollowWall,right_wall_unobserved,0,14,42,0.435384393,0.521770931,1,0,1,0.455867827,-1,100,0,0,0,0,0
35.9,0.0966382696,-0.0223817185,-30.0684722,0,0,FollowWall,right_wall_unobserved,0,14,42,0.435358882,0.521704171,1,0,1,0.455827534,-1,100,0,0,0,0,0
35.95,0.0966382696,-0.0223817185,-30.0684722,0,0,FollowWall,right_wall_unobserved,0,14,42,0.435358882,0.521704171,1,0,1,0.455827534,-1,100,0,0,0,0,0
36,0.0966382696,-0.0223817185,-30.0684722,0,0,FollowWall,right_wall_unobserved,0,14,42,0.435334474,0.521637411,1,0,1,0.455788165,-1,100,0,0,0,0,0
36.05,0.0966382696,-0.0223817185,-30.0684722,0,0,FollowWall,right_wall_unobserved,0,14,42,0.435334474,0.521637411,1,0,1,0.455788165,-1,100,0,0,0,0,0
36.1,0.0966382696,-0.0223817185,-30.0684722,0,0,FollowWall,right_wall_unobserved,0,14,42,0.435311109,0.521570768,1,0,1,0.45574975,-1,100,0,0,0,0,0
36.15,0.0966382696,-0.0223817185,-30.0684722,0,0,FollowWall,right_wall_unobserved,0,14,42,0.435311109,0.521570768,1,0,1,0.45574975,-1,100,0,0,0,0,0
36.2,0.0966382696,-0.0223817185,-30.0684722,0,0,FollowWall,right_wall_unobserved,0,14,42,0.435288876,0.521504125,1,0,1,0.455712289,-1,100,0,0,0,0,0
36.25,0.0966382696,-0.0223817185,-30.0684722,0,0,FollowWall,right_wall_unobserved,0,14,42,0.435288876,0.521504125,1,0,1,0.455712289,-1,100,0,0,0,0,0
36.3,0.0966382696,-0.0223817185,-30.0684722,0,0,FollowWall,right_wall_unobserved,0,14,42,0.435267717,0.521437658,1,0,1,0.455675811,-1,100,0,0,0,0,0
36.35,0.0966382696,-0.0223817185,-30.0684722,0,0,FollowWall,right_wall_unobserved,0,14,42,0.435267717,0.521437658,1,0,1,0.455675811,-1,100,0,0,0,0,0
36.4,0.0966382696,-0.0223817185,-30.0684722,0,0,FollowWall,right_wall_unobserved,0,14,42,0.43524763,0.521371308,1,0,1,0.455640316,-1,100,0,0,0,0,0
36.45,0.0966382696,-0.0223817185,-30.0684722,0,0,FollowWall,right_wall_unobserved,0,14,42,0.43524763,0.521371308,1,0,1,0.455640316,-1,100,0,0,0,0,0
36.5,0.0966382696,-0.0223817185,-30.0684722,0,0,FollowWall,right_wall_unobserved,0,14,42,0.435228705,0.521305075,1,0,1,0.455605775,-1,100,0,0,0,0,0
36.55,0.0966382696,-0.0223817185,-30.0684722,0,0,FollowWall,right_wall_unobserved,0,14,42,0.435228705,0.521305075,1,0,1,0.455605775,-1,100,0,0,0,0,0
36.6,0.0966382696,-0.0223817185,-30.0684722,0,0,FollowWall,right_wall_unobserved,0,14,42,0.435210854,0.521238959,1,0,1,0.455572277,-1,100,0,0,0,0,0
36.65,0.0966382696,-0.0223817185,-30.0684722,0,0,FollowWall,right_wall_unobserved,0,14,42,0.435210854,0.521238959,1,0,1,0.455572277,-1,100,0,0,0,0,0
36.7,0.0966382696,-0.0223817185,-30.0684722,0,0,FollowWall,right_wall_unobserved,0,14,42,0.435194135,0.521173077,1,0,1,0.455539763,-1,100,0,0,0,0,0
36.75,0.0966382696,-0.0223817185,-30.0684722,0,0,FollowWall,right_wall_unobserved,0,14,42,0.435194135,0.521173077,1,0,1,0.455539763,-1,100,0,0,0,0,0
36.8,0.0966382696,-0.0223817185,-30.0684722,0,0,FollowWall,right_wall_unobserved,0,14,42,0.435178518,0.521107371,1,0,1,0.455508292,-1,100,0,0,0,0,0
36.85,0.0966382696,-0.0223817185,-30.0684722,0,0,FollowWall,right_wall_unobserved,0,14,42,0.435178518,0.521107371,1,0,1,0.455508292,-1,100,0,0,0,0,0
36.9,0.0966382696,-0.0223817185,-30.0684722,0,0,FollowWall,right_wall_unobserved,0,14,42,0.435164064,0.5210419,1,0,1,0.455477834,-1,100,0,0,0,0,0
36.95,0.0966382696,-0.0223817185,-30.0684722,0,0,FollowWall,right_wall_unobserved,0,14,42,0.435164064,0.5210419,1,0,1,0.455477834,-1,100,0,0,0,0,0
37,0.0966382696,-0.0223817185,-30.0684722,0,0,FollowWall,right_wall_unobserved,0,14,42,0.435150713,0.520976662,1,0,1,0.455448419,-1,100,0,0,0,0,0
37.05,0.0966382696,-0.0223817185,-30.0684722,0,0,FollowWall,right_wall_unobserved,0,14,42,0.435150713,0.520976662,1,0,1,0.455448419,-1,100,0,0,0,0,0
37.1,0.0966382696,-0.0223817185,-30.0684722,0,0,FollowWall,right_wall_unobserved,0,14,42,0.435138524,0.520911659,1,0,1,0.455420047,-1,100,0,0,0,0,0
37.15,0.0966382696,-0.0223817185,-30.0684722,0,0,FollowWall,right_wall_unobserved,0,14,42,0.435138524,0.520911659,1,0,1,0.455420047,-1,100,0,0,0,0,0
37.2,0.0966382696,-0.0223817185,-30.0684722,0,0,FollowWall,right_wall_unobserved,0,14,42,0.435127437,0.520846949,1,0,1,0.455392718,-1,100,0,0,0,0,0
37.25,0.0966382696,-0.0223817185,-30.0684722,0,0,FollowWall,right_wall_unobserved,0,14,42,0.435127437,0.520846949,1,0,1,0.455392718,-1,100,0,0,0,0,0
37.3,0.0966382696,-0.0223817185,-30.0684722,0,0,FollowWall,right_wall_unobserved,0,14,42,0.435117513,0.520782531,1,0,1,0.455366462,-1,100,0,0,0,0,0
37.35,0.0966382696,-0.0223817185,-30.0684722,0,0,FollowWall,right_wall_unobserved,0,14,42,0.435117513,0.520782531,1,0,1,0.455366462,-1,100,0,0,0,0,0
37.4,0.0966382696,-0.0223817185,-30.0684722,0,0,FollowWall,right_wall_unobserved,0,14,42,0.435108751,0.520718407,1,0,1,0.45534128,-1,100,0,0,0,0,0
37.45,0.0966382696,-0.0223817185,-30.0684722,0,0,FollowWall,right_wall_unobserved,0,14,42,0.435108751,0.520718407,1,0,1,0.45534128,-1,100,0,0,0,0,0
37.5,0.0966382696,-0.0223817185,-30.0684722,0,0,FollowWall,right_wall_unobserved,0,14,42,0.435101122,0.520654633,1,0,1,0.455317199,-1,100,0,0,0,0,0
37.55,0.0966382696,-0.0223817185,-30.0684722,0,0,FollowWall,right_wall_unobserved,0,14,42,0.435101122,0.520654633,1,0,1,0.455317199,-1,100,0,0,0,0,0
37.6,0.0966382696,-0.0223817185,-30.0684722,0,0,FollowWall,right_wall_unobserved,0,14,42,0.435094625,0.520591153,1,0,1,0.455294162,-1,100,0,0,0,0,0
37.65,0.0966382696,-0.0223817185,-30.0684722,0,0,FollowWall,right_wall_unobserved,0,14,42,0.435094625,0.520591153,1,0,1,0.455294162,-1,100,0,0,0,0,0
37.7,0.0966382696,-0.0223817185,-30.0684722,0,0,FollowWall,right_wall_unobserved,0,14,42,0.43508932,0.520528082,1,0,1,0.455272228,-1,100,0,0,0,0,0
37.75,0.0966382696,-0.0223817185,-30.0684722,0,0,FollowWall,right_wall_unobserved,0,14,42,0.43508932,0.520528082,1,0,1,0.455272228,-1,100,0,0,0,0,0
37.8,0.0966382696,-0.0223817185,-30.0684722,0,0,FollowWall,right_wall_unobserved,0,14,42,0.435085118,0.520465363,1,0,1,0.455251396,-1,100,0,0,0,0,0
37.85,0.0966382696,-0.0223817185,-30.0684722,0,0,FollowWall,right_wall_unobserved,0,14,42,0.435085118,0.520465363,1,0,1,0.455251396,-1,100,0,0,0,0,0
37.9,0.0966382696,-0.0223817185,-30.0684722,0,0,FollowWall,right_wall_unobserved,0,14,42,0.435082108,0.520403112,1,0,1,0.455231667,-1,100,0,0,0,0,0
37.95,0.0966382696,-0.0223817185,-30.0684722,0,0,FollowWall,right_wall_unobserved,0,14,42,0.435082108,0.520403112,1,0,1,0.455231667,-1,100,0,0,0,0,0
38,0.0966382696,-0.0223817185,-30.0684722,0,0,FollowWall,right_wall_unobserved,0,14,42,0.43508023,0.520341213,1,0,1,0.455255896,-1,100,0,0,0,0,0
38.05,0.0966382696,-0.0223817185,-30.0684722,0,0,FollowWall,right_wall_unobserved,0,14,42,0.43508023,0.520341213,1,0,1,0.455255896,-1,100,0,0,0,0,0
38.1,0.0966382696,-0.0223817185,-30.0684722,0,0,FollowWall,right_wall_unobserved,0,14,42,0.435079545,0.520279782,1,0,1,0.455323547,-1,100,0,0,0,0,0
38.15,0.0966382696,-0.0223817185,-30.0684722,0,0,FollowWall,right_wall_unobserved,0,14,42,0.435079545,0.520279782,1,0,1,0.455323547,-1,100,0,0,0,0,0
38.2,0.0966382696,-0.0223817185,-30.0684722,0,0,FollowWall,right_wall_unobserved,0,14,42,0.435079962,0.520218819,1,0,1,0.455391318,-1,100,0,0,0,0,0
38.25,0.0966382696,-0.0223817185,-30.0684722,0,0,FollowWall,right_wall_unobserved,0,14,42,0.435079962,0.520218819,1,0,1,0.455391318,-1,100,0,0,0,0,0
38.3,0.0966382696,-0.0223817185,-30.0684722,0,0,FollowWall,right_wall_unobserved,0,14,42,0.435081571,0.520158267,1,0,1,0.455459148,-1,100,0,0,0,0,0
38.35,0.0966382696,-0.0223817185,-30.0684722,0,0,FollowWall,right_wall_unobserved,0,14,42,0.435081571,0.520158267,1,0,1,0.455459148,-1,100,0,0,0,0,0
38.4,0.0966382696,-0.0223817185,-30.0684722,0,0,FollowWall,right_wall_unobserved,0,14,42,0.435084343,0.520098241,1,0,1,0.455527067,-1,100,0,0,0,0,0
38.45,0.0966382696,-0.0223817185,-30.0684722,0,0,FollowWall,right_wall_unobserved,0,14,42,0.435084343,0.520098241,1,0,1,0.455527067,-1,100,0,0,0,0,0
38.5,0.0966382696,-0.0223817185,-30.0684722,0,0,FollowWall,right_wall_unobserved,0,14,42,0.435088247,0.520038743,1,0,1,0.455595046,-1,100,0,0,0,0,0
38.55,0.0966382696,-0.0223817185,-30.0684722,0,0,FollowWall,right_wall_unobserved,0,14,42,0.435088247,0.520038743,1,0,1,0.455595046,-1,100,0,0,0,0,0
38.6,0.0966382696,-0.0223817185,-30.0684722,0,0,FollowWall,right_wall_unobserved,0,14,42,0.435093313,0.519979772,1,0,1,0.455663025,-1,100,0,0,0,0,0
38.65,0.0966382696,-0.0223817185,-30.0684722,0,0,FollowWall,right_wall_unobserved,0,14,42,0.435093313,0.519979772,1,0,1,0.455663025,-1,100,0,0,0,0,0
38.7,0.0966382696,-0.0223817185,-30.0684722,0,0,FollowWall,right_wall_unobserved,0,14,42,0.435099512,0.519921327,1,0,1,0.455731034,-1,100,0,0,0,0,0
38.75,0.0966382696,-0.0223817185,-30.0684722,0,0,FollowWall,right_wall_unobserved,0,14,42,0.435099512,0.519921327,1,0,1,0.455731034,-1,100,0,0,0,0,0
38.8,0.0966382696,-0.0223817185,-30.0684722,0,0,FollowWall,right_wall_unobserved,0,14,42,0.435106903,0.51986341,1,0,1,0.455799013,-1,100,0,0,0,0,0
38.85,0.0966382696,-0.0223817185,-30.0684722,0,0,FollowWall,right_wall_unobserved,0,14,42,0.435106903,0.51986341,1,0,1,0.455799013,-1,100,0,0,0,0,0
38.9,0.0966382696,-0.0223817185,-30.0684722,0,0,FollowWall,right_wall_unobserved,0,14,42,0.435115397,0.519806079,1,0,1,0.455866963,-1,100,0,0,0,0,0
38.95,0.0966382696,-0.0223817185,-30.0684722,0,0,FollowWall,right_wall_unobserved,0,14,42,0.435115397,0.519806079,1,0,1,0.455866963,-1,100,0,0,0,0,0
39,0.0966382696,-0.0223817185,-30.0684722,0,0,FollowWall,right_wall_unobserved,0,14,42,0.435125053,0.519749391,1,0,1,0.455934882,-1,100,0,0,0,0,0
39.05,0.0966382696,-0.0223817185,-30.0684722,0,0,FollowWall,right_wall_unobserved,0,14,42,0.435125053,0.519749391,1,0,1,0.455934882,-1,100,0,0,0,0,0
39.1,0.0966382696,-0.0223817185,-30.0684722,0,0,FollowWall,right_wall_unobserved,0,14,42,0.435135871,0.519693289,1,0,1,0.456002712,-1,100,0,0,0,0,0
39.15,0.0966382696,-0.0223817185,-30.0684722,0,0,FollowWall,right_wall_unobserved,0,14,42,0.435135871,0.519693289,1,0,1,0.456002712,-1,100,0,0,0,0,0
39.2,0.0966382696,-0.0223817185,-30.0684722,0,0,FollowWall,right_wall_unobserved,0,14,42,0.435147822,0.519637773,1,0,1,0.456070453,-1,100,0,0,0,0,0
39.25,0.0966382696,-0.0223817185,-30.0684722,0,0,FollowWall,right_wall_unobserved,0,14,42,0.435147822,0.519637773,1,0,1,0.456070453,-1,100,0,0,0,0,0
39.3,0.0966382696,-0.0223817185,-30.0684722,0,0,FollowWall,right_wall_unobserved,0,14,42,0.435160905,0.519582901,1,0,1,0.456138074,-1,100,0,0,0,0,0
39.35,0.0966382696,-0.0223817185,-30.0684722,0,0,FollowWall,right_wall_unobserved,0,14,42,0.435160905,0.519582901,1,0,1,0.456138074,-1,100,0,0,0,0,0
39.4,0.0966382696,-0.0223817185,-30.0684722,0,0,FollowWall,right_wall_unobserved,0,14,42,0.435175091,0.519528732,1,0,1,0.456205577,-1,100,0,0,0,0,0
39.45,0.0966382696,-0.0223817185,-30.0684722,0,0,FollowWall,right_wall_unobserved,0,14,42,0.435175091,0.519528732,1,0,1,0.456205577,-1,100,0,0,0,0,0
39.5,0.0966382696,-0.0223817185,-30.0684722,0,0,FollowWall,right_wall_unobserved,0,14,42,0.435190439,0.519475207,1,0,1,0.456243157,-1,100,0,0,0,0,0
39.55,0.0966382696,-0.0223817185,-30.0684722,0,0,FollowWall,right_wall_unobserved,0,14,42,0.435190439,0.519475207,1,0,1,0.456243157,-1,100,0,0,0,0,0
39.6,0.0966382696,-0.0223817185,-30.0684722,0,0,FollowWall,right_wall_unobserved,0,14,42,0.43520689,0.519422384,1,0,1,0.456222087,-1,100,0,0,0,0,0
39.65,0.0966382696,-0.0223817185,-30.0684722,0,0,FollowWall,right_wall_unobserved,0,14,42,0.43520689,0.519422384,1,0,1,0.456222087,-1,100,0,0,0,0,0
39.7,0.0966382696,-0.0223817185,-30.0684722,0,0,FollowWall,right_wall_unobserved,0,14,42,0.435224473,0.519370265,1,0,1,0.456199914,-1,100,0,0,0,0,0
39.75,0.0966382696,-0.0223817185,-30.0684722,0,0,FollowWall,right_wall_unobserved,0,14,42,0.435224473,0.519370265,1,0,1,0.456199914,-1,100,0,0,0,0,0
39.8,0.0966382696,-0.0223817185,-30.0684722,0,0,FollowWall,right_wall_unobserved,0,14,42,0.435243189,0.519318848,1,0,1,0.456176668,-1,100,0,0,0,0,0
39.85,0.0966382696,-0.0223817185,-30.0684722,0,0,FollowWall,right_wall_unobserved,0,14,42,0.435243189,0.519318848,1,0,1,0.456176668,-1,100,0,0,0,0,0
39.9,0.0966382696,-0.0223817185,-30.0684722,0,0,FollowWall,right_wall_unobserved,0,14,42,0.435262978,0.519268134,1,0,1,0.45615232,-1,100,0,0,0,0,0
39.95,0.0966382696,-0.0223817185,-30.0684722,0,0,FollowWall,right_wall_unobserved,0,14,42,0.435262978,0.519268134,1,0,1,0.45615232,-1,100,0,0,0,0,0
40,0.0966382696,-0.0223817185,-30.0684722,0,0,FollowWall,right_wall_unobserved,0,14,42,0.435283899,0.519218239,1,0,1,0.456126899,-1,100,0,0,0,0,0
40.05,0.0966382696,-0.0223817185,-30.0684722,0,0,FollowWall,right_wall_unobserved,0,14,42,0.435283899,0.519218239,1,0,1,0.456126899,-1,100,0,0,0,0,0
40.1,0.0966382696,-0.0223817185,-30.0684722,0,0,FollowWall,right_wall_unobserved,0,14,42,0.435305893,0.519169048,1,0,1,0.456100434,-1,100,0,0,0,0,0
40.15,0.0966382696,-0.0223817185,-30.0684722,0,0,FollowWall,right_wall_unobserved,0,14,42,0.435305893,0.519169048,1,0,1,0.456100434,-1,100,0,0,0,0,0
40.2,0.0966382696,-0.0223817185,-30.0684722,0,0,FollowWall,right_wall_unobserved,0,14,42,0.43532899,0.519120676,1,0,1,0.456072897,-1,100,0,0,0,0,0
40.25,0.0966382696,-0.0223817185,-30.0684722,0,0,FollowWall,right_wall_unobserved,0,14,42,0.43532899,0.519120676,1,0,1,0.456072897,-1,100,0,0,0,0,0
40.3,0.0966382696,-0.0223817185,-30.0684722,0,0,FollowWall,right_wall_unobserved,0,14,42,0.43535319,0.519073066,1,0,1,0.456044286,-1,100,0,0,0,0,0
40.35,0.0966382696,-0.0223817185,-30.0684722,0,0,FollowWall,right_wall_unobserved,0,14,42,0.43535319,0.519073066,1,0,1,0.456044286,-1,100,0,0,0,0,0
40.4,0.0966382696,-0.0223817185,-30.0684722,0,0,FollowWall,right_wall_unobserved,0,14,42,0.435378432,0.519026275,1,0,1,0.456014663,-1,100,0,0,0,0,0
40.45,0.0966382696,-0.0223817185,-30.0684722,0,0,FollowWall,right_wall_unobserved,0,14,42,0.435378432,0.519026275,1,0,1,0.456014663,-1,100,0,0,0,0,0
40.5,0.0966382696,-0.0223817185,-30.0684722,0,0,FollowWall,right_wall_unobserved,0,14,42,0.435404748,0.518980304,1,0,1,0.455983967,-1,100,0,0,0,0,0
40.55,0.0966382696,-0.0223817185,-30.0684722,0,0,FollowWall,right_wall_unobserved,0,14,42,0.435404748,0.518980304,1,0,1,0.455983967,-1,100,0,0,0,0,0
40.6,0.0966382696,-0.0223817185,-30.0684722,0,0,FollowWall,right_wall_unobserved,0,14,42,0.435380816,0.518935095,1,0,1,0.455952257,-1,100,0,0,0,0,0
40.65,0.0966382696,-0.0223817185,-30.0684722,0,0,FollowWall,right_wall_unobserved,0,14,42,0.435380816,0.518935095,1,0,1,0.455952257,-1,100,0,0,0,0,0
40.7,0.0966382696,-0.0223817185,-30.0684722,0,0,FollowWall,right_wall_unobserved,0,14,42,0.435315311,0.518890822,1,0,1,0.455919564,-1,100,0,0,0,0,0
40.75,0.0966382696,-0.0223817185,-30.0684722,0,0,FollowWall,right_wall_unobserved,0,14,42,0.435315311,0.518890822,1,0,1,0.455919564,-1,100,0,0,0,0,0
40.8,0.0966382696,-0.0223817185,-30.0684722,0,0,FollowWall,right_wall_unobserved,0,14,42,0.435250133,0.51884737,1,0,1,0.455885828,-1,100,0,0,0,0,0
40.85,0.0966382696,-0.0223817185,-30.0684722,0,0,FollowWall,right_wall_unobserved,0,14,42,0.435250133,0.51884737,1,0,1,0.455885828,-1,100,0,0,0,0,0
40.9,0.0966382696,-0.0223817185,-30.0684722,0,0,FollowWall,right_wall_unobserved,0,14,42,0.435185283,0.518804796,1,0,1,0.455851078,-1,100,0,0,0,0,0
40.95,0.0966382696,-0.0223817185,-30.0684722,0,0,FollowWall,right_wall_unobserved,0,14,42,0.435185283,0.518804796,1,0,1,0.455851078,-1,100,0,0,0,0,0
41,0.0966382696,-0.0223817185,-30.0684722,0,0,FollowWall,right_wall_unobserved,0,14,42,0.435120761,0.5187631,1,0,1,0.455815375,-1,100,0,0,0,0,0
41.05,0.0966382696,-0.0223817185,-30.0684722,0,0,FollowWall,right_wall_unobserved,0,14,42,0.435120761,0.5187631,1,0,1,0.455815375,-1,100,0,0,0,0,0
41.1,0.0966382696,-0.0223817185,-30.0684722,0,0,FollowWall,right_wall_unobserved,0,14,42,0.435056657,0.518722283,1,0,1,0.455778688,-1,100,0,0,0,0,0
41.15,0.0966382696,-0.0223817185,-30.0684722,0,0,FollowWall,right_wall_unobserved,0,14,42,0.435056657,0.518722283,1,0,1,0.455778688,-1,100,0,0,0,0,0
41.2,0.0966382696,-0.0223817185,-30.0684722,0,0,FollowWall,right_wall_unobserved,0,14,42,0.434992909,0.518682344,1,0,1,0.455741018,-1,100,0,0,0,0,0
41.25,0.0966382696,-0.0223817185,-30.0684722,0,0,FollowWall,right_wall_unobserved,0,14,42,0.434992909,0.518682344,1,0,1,0.455741018,-1,100,0,0,0,0,0
41.3,0.0966382696,-0.0223817185,-30.0684722,0,0,FollowWall,right_wall_unobserved,0,14,42,0.434929609,0.518643342,1,0,1,0.455702394,-1,100,0,0,0,0,0
41.35,0.0966382696,-0.0223817185,-30.0684722,0,0,FollowWall,right_wall_unobserved,0,14,42,0.434929609,0.518643342,1,0,1,0.455702394,-1,100,0,0,0,0,0
41.4,0.0966382696,-0.0223817185,-30.0684722,0,0,FollowWall,right_wall_unobserved,0,14,42,0.434866726,0.518605336,1,0,1,0.455662817,-1,100,0,0,0,0,0
41.45,0.0966382696,-0.0223817185,-30.0684722,0,0,FollowWall,right_wall_unobserved,0,14,42,0.434866726,0.518605336,1,0,1,0.455662817,-1,100,0,0,0,0,0
41.5,0.0966382696,-0.0223817185,-30.0684722,0,0,FollowWall,right_wall_unobserved,0,14,42,0.434804291,0.518568208,1,0,1,0.455622315,-1,100,0,0,0,0,0
41.55,0.0966382696,-0.0223817185,-30.0684722,0,0,FollowWall,right_wall_unobserved,0,14,42,0.434804291,0.518568208,1,0,1,0.455622315,-1,100,0,0,0,0,0
41.6,0.0966382696,-0.0223817185,-30.0684722,0,0,FollowWall,right_wall_unobserved,0,14,42,0.434742332,0.518532017,1,0,1,0.45558089,-1,100,0,0,0,0,0
41.65,0.0966382696,-0.0223817185,-30.0684722,0,0,FollowWall,right_wall_unobserved,0,14,42,0.434742332,0.518532017,1,0,1,0.45558089,-1,100,0,0,0,0,0
41.7,0.0966382696,-0.0223817185,-30.0684722,0,0,FollowWall,right_wall_unobserved,0,14,42,0.434680849,0.518496821,1,0,1,0.455538571,-1,100,0,0,0,0,0
41.75,0.0966382696,-0.0223817185,-30.0684722,0,0,FollowWall,right_wall_unobserved,0,14,42,0.434680849,0.518496821,1,0,1,0.455538571,-1,100,0,0,0,0,0
41.8,0.0966382696,-0.0223817185,-30.0684722,0,0,FollowWall,right_wall_unobserved,0,14,42,0.434619844,0.518462563,1,0,1,0.455495328,-1,100,0,0,0,0,0
41.85,0.0966382696,-0.0223817185,-30.0684722,0,0,FollowWall,right_wall_unobserved,0,14,42,0.434619844,0.518462563,1,0,1,0.455495328,-1,100,0,0,0,0,0
41.9,0.0966382696,-0.0223817185,-30.0684722,0,0,FollowWall,right_wall_unobserved,0,14,42,0.434559405,0.5184293,1,0,1,0.45545122,-1,100,0,0,0,0,0
41.95,0.0966382696,-0.0223817185,-30.0684722,0,0,FollowWall,right_wall_unobserved,0,14,42,0.434559405,0.5184293,1,0,1,0.45545122,-1,100,0,0,0,0,0
42,0.0966382696,-0.0223817185,-30.0684722,0,0,FollowWall,right_wall_unobserved,0,14,42,0.434499472,0.518397033,1,0,1,0.455406219,-1,100,0,0,0,0,0
42.05,0.0966382696,-0.0223817185,-30.0684722,0,0,FollowWall,right_wall_unobserved,0,14,42,0.434499472,0.518397033,1,0,1,0.455406219,-1,100,0,0,0,0,0
42.1,0.0966382696,-0.0223817185,-30.0684722,0,0,FollowWall,right_wall_unobserved,0,14,42,0.434440106,0.518365761,1,0,1,0.455430329,-1,100,0,0,0,0,0
42.15,0.0966382696,-0.0223817185,-30.0684722,0,0,FollowWall,right_wall_unobserved,0,14,42,0.434440106,0.518365761,1,0,1,0.455430329,-1,100,0,0,0,0,0
42.2,0.0966382696,-0.0223817185,-30.0684722,0,0,FollowWall,right_wall_unobserved,0,14,42,0.434381306,0.518335485,1,0,1,0.455459088,-1,100,0,0,0,0,0
42.25,0.0966382696,-0.0223817185,-30.0684722,0,0,FollowWall,right_wall_unobserved,0,14,42,0.434381306,0.518335485,1,0,1,0.455459088,-1,100,0,0,0,0,0
42.3,0.0966382696,-0.0223817185,-30.0684722,0,0,FollowWall,right_wall_unobserved,0,14,42,0.434323102,0.518306263,1,0,1,0.45548889,-1,100,0,0,0,0,0
42.35,0.0966382696,-0.0223817185,-30.0684722,0,0,FollowWall,right_wall_unobserved,0,14,42,0.434323102,0.518306263,1,0,1,0.45548889,-1,100,0,0,0,0,0
42.4,0.0966382696,-0.0223817185,-30.0684722,0,0,FollowWall,right_wall_unobserved,0,14,42,0.434265494,0.518278036,1,0,1,0.455519736,-1,100,0,0,0,0,0
42.45,0.0966382696,-0.0223817185,-30.0684722,0,0,FollowWall,right_wall_unobserved,0,14,42,0.434265494,0.518278036,1,0,1,0.455519736,-1,100,0,0,0,0,0
42.5,0.0966382696,-0.0223817185,-30.0684722,0,0,FollowWall,right_wall_unobserved,0,14,42,0.434208512,0.518250863,1,0,1,0.455551594,-1,100,0,0,0,0,0
42.55,0.0966382696,-0.0223817185,-30.0684722,0,0,FollowWall,right_wall_unobserved,0,14,42,0.434208512,0.518250863,1,0,1,0.455551594,-1,100,0,0,0,0,0
42.6,0.0966382696,-0.0223817185,-30.0684722,0,0,FollowWall,right_wall_unobserved,0,14,42,0.434152186,0.518224686,1,0,1,0.455584466,-1,100,0,0,0,0,0
42.65,0.0966382696,-0.0223817185,-30.0684722,0,0,FollowWall,right_wall_unobserved,0,14,42,0.434152186,0.518224686,1,0,1,0.455584466,-1,100,0,0,0,0,0
42.7,0.0966382696,-0.0223817185,-30.0684722,0,0,FollowWall,right_wall_unobserved,0,14,42,0.434096515,0.518199564,1,0,1,0.455618352,-1,100,0,0,0,0,0
42.75,0.0966382696,-0.0223817185,-30.0684722,0,0,FollowWall,right_wall_unobserved,0,14,42,0.434096515,0.518199564,1,0,1,0.455618352,-1,100,0,0,0,0,0
42.8,0.0966382696,-0.0223817185,-30.0684722,0,0,FollowWall,right_wall_unobserved,0,14,42,0.4340415,0.518175553,1,0,1,0.45565322,-1,100,0,0,0,0,0
42.85,0.0966382696,-0.0223817185,-30.0684722,0,0,FollowWall,right_wall_unobserved,0,14,42,0.4340415,0.518175553,1,0,1,0.45565322,-1,100,0,0,0,0,0
42.9,0.0966382696,-0.0223817185,-30.0684722,0,0,FollowWall,right_wall_unobserved,0,14,42,0.43398717,0.518152597,1,0,1,0.455689102,-1,100,0,0,0,0,0
42.95,0.0966382696,-0.0223817185,-30.0684722,0,0,FollowWall,right_wall_unobserved,0,14,42,0.43398717,0.518152597,1,0,1,0.455689102,-1,100,0,0,0,0,0
43,0.0966382696,-0.0223817185,-30.0684722,0,0,FollowWall,right_wall_unobserved,0,14,42,0.433933556,0.518130637,1,0,1,0.455725938,-1,100,0,0,0,0,0
43.05,0.0966382696,-0.0223817185,-30.0684722,0,0,FollowWall,right_wall_unobserved,0,14,42,0.433933556,0.518130637,1,0,1,0.455725938,-1,100,0,0,0,0,0
43.1,0.0966382696,-0.0223817185,-30.0684722,0,0,FollowWall,right_wall_unobserved,0,14,42,0.433880657,0.518109848,1,0,1,0.455763757,-1,100,0,0,0,0,0
43.15,0.0966382696,-0.0223817185,-30.0684722,0,0,FollowWall,right_wall_unobserved,0,14,42,0.433880657,0.518109848,1,0,1,0.455763757,-1,100,0,0,0,0,0
43.2,0.0966382696,-0.0223817185,-30.0684722,0,0,FollowWall,right_wall_unobserved,0,14,42,0.433828473,0.518090054,1,0,1,0.4558025,-1,100,0,0,0,0,0
43.25,0.0966382696,-0.0223817185,-30.0684722,0,0,FollowWall,right_wall_unobserved,0,14,42,0.433828473,0.518090054,1,0,1,0.4558025,-1,100,0,0,0,0,0
43.3,0.0966382696,-0.0223817185,-30.0684722,0,0,FollowWall,right_wall_unobserved,0,14,42,0.433777064,0.518071431,1,0,1,0.455842227,-1,100,0,0,0,0,0
43.35,0.0966382696,-0.0223817185,-30.0684722,0,0,FollowWall,right_wall_unobserved,0,14,42,0.433777064,0.518071431,1,0,1,0.455842227,-1,100,0,0,0,0,0
43.4,0.0966382696,-0.0223817185,-30.0684722,0,0,FollowWall,right_wall_unobserved,0,14,42,0.4337264,0.518053863,1,0,1,0.455882877,-1,100,0,0,0,0,0
43.45,0.0966382696,-0.0223817185,-30.0684722,0,0,FollowWall,right_wall_unobserved,0,14,42,0.4337264,0.518053863,1,0,1,0.455882877,-1,100,0,0,0,0,0
43.5,0.0966382696,-0.0223817185,-30.0684722,0,0,FollowWall,right_wall_unobserved,0,14,42,0.433676511,0.518037349,1,0,1,0.455924422,-1,100,0,0,0,0,0
43.55,0.0966382696,-0.0223817185,-30.0684722,0,0,FollowWall,right_wall_unobserved,0,14,42,0.433676511,0.518037349,1,0,1,0.455924422,-1,100,0,0,0,0,0
43.6,0.0966382696,-0.0223817185,-30.0684722,0,0,FollowWall,right_wall_unobserved,0,14,42,0.433627427,0.518022005,1,0,1,0.45596689,-1,100,0,0,0,0,0
43.65,0.0966382696,-0.0223817185,-30.0684722,0,0,FollowWall,right_wall_unobserved,0,14,42,0.433627427,0.518022005,1,0,1,0.45596689,-1,100,0,0,0,0,0
43.7,0.0966382696,-0.0223817185,-30.0684722,0,0,FollowWall,right_wall_unobserved,0,14,42,0.433579147,0.518007716,1,0,1,0.456010282,-1,100,0,0,0,0,0
43.75,0.0966382696,-0.0223817185,-30.0684722,0,0,FollowWall,right_wall_unobserved,0,14,42,0.433579147,0.518007716,1,0,1,0.456010282,-1,100,0,0,0,0,0
43.8,0.0966382696,-0.0223817185,-30.0684722,0,0,FollowWall,right_wall_unobserved,0,14,42,0.433531702,0.517994599,1,0,1,0.456054538,-1,100,0,0,0,0,0
43.85,0.0966382696,-0.0223817185,-30.0684722,0,0,FollowWall,right_wall_unobserved,0,14,42,0.433531702,0.517994599,1,0,1,0.456054538,-1,100,0,0,0,0,0
43.9,0.0966382696,-0.0223817185,-30.0684722,0,0,FollowWall,right_wall_unobserved,0,14,42,0.433485091,0.517982535,1,0,1,0.456099659,-1,100,0,0,0,0,0
43.95,0.0966382696,-0.0223817185,-30.0684722,0,0,FollowWall,right_wall_unobserved,0,14,42,0.433485091,0.517982535,1,0,1,0.456099659,-1,100,0,0,0,0,0
44,0.0966382696,-0.0223817185,-30.0684722,0,0,FollowWall,right_wall_unobserved,0,14,42,0.433439314,0.517971643,1,0,1,0.456145644,-1,100,0,0,0,0,0
44.05,0.0966382696,-0.0223817185,-30.0684722,0,0,FollowWall,right_wall_unobserved,0,14,42,0.433439314,0.517971643,1,0,1,0.456145644,-1,100,0,0,0,0,0
44.1,0.0966382696,-0.0223817185,-30.0684722,0,0,FollowWall,right_wall_unobserved,0,14,42,0.433394402,0.517961863,1,0,1,0.456192464,-1,100,0,0,0,0,0
44.15,0.0966382696,-0.0223817185,-30.0684722,0,0,FollowWall,right_wall_unobserved,0,14,42,0.433394402,0.517961863,1,0,1,0.456192464,-1,100,0,0,0,0,0
44.2,0.0966382696,-0.0223817185,-30.0684722,0,0,FollowWall,right_wall_unobserved,0,14,42,0.433350354,0.517953196,1,0,1,0.456240118,-1,100,0,0,0,0,0
44.25,0.0966382696,-0.0223817185,-30.0684722,0,0,FollowWall,right_wall_unobserved,0,14,42,0.433350354,0.517953196,1,0,1,0.456240118,-1,100,0,0,0,0,0
44.3,0.0966382696,-0.0223817185,-30.0684722,0,0,FollowWall,right_wall_unobserved,0,14,42,0.433307201,0.517945641,1,0,1,0.456288606,-1,100,0,0,0,0,0
44.35,0.0966382696,-0.0223817185,-30.0684722,0,0,FollowWall,right_wall_unobserved,0,14,42,0.433307201,0.517945641,1,0,1,0.456288606,-1,100,0,0,0,0,0
44.4,0.0966382696,-0.0223817185,-30.0684722,0,0,FollowWall,right_wall_unobserved,0,14,42,0.433264971,0.5179392,1,0,1,0.456337869,-1,100,0,0,0,0,0
44.45,0.0966382696,-0.0223817185,-30.0684722,0,0,FollowWall,right_wall_unobserved,0,14,42,0.433264971,0.5179392,1,0,1,0.456337869,-1,100,0,0,0,0,0
44.5,0.0966382696,-0.0223817185,-30.0684722,0,0,FollowWall,right_wall_unobserved,0,14,42,0.433223605,0.517933929,1,0,1,0.456387937,-1,100,0,0,0,0,0
44.55,0.0966382696,-0.0223817185,-30.0684722,0,0,FollowWall,right_wall_unobserved,0,14,42,0.433223605,0.517933929,1,0,1,0.456387937,-1,100,0,0,0,0,0
44.6,0.0966382696,-0.0223817185,-30.0684722,0,0,FollowWall,right_wall_unobserved,0,14,42,0.433183193,0.517929771,1,0,1,0.45643878,-1,100,0,0,0,0,0
44.65,0.0966382696,-0.0223817185,-30.0684722,0,0,FollowWall,right_wall_unobserved,0,14,42,0.433183193,0.517929771,1,0,1,0.45643878,-1,100,0,0,0,0,0
44.7,0.0966382696,-0.0223817185,-30.0684722,0,0,FollowWall,right_wall_unobserved,0,14,42,0.433143735,0.517926785,1,0,1,0.456490397,-1,100,0,0,0,0,0
44.75,0.0966382696,-0.0223817185,-30.0684722,0,0,FollowWall,right_wall_unobserved,0,14,42,0.433143735,0.517926785,1,0,1,0.456490397,-1,100,0,0,0,0,0
44.8,0.0966382696,-0.0223817185,-30.0684722,0,0,FollowWall,right_wall_unobserved,0,14,42,0.433105201,0.517924911,1,0,1,0.45654273,-1,100,0,0,0,0,0
44.85,0.0966382696,-0.0223817185,-30.0684722,0,0,FollowWall,right_wall_unobserved,0,14,42,0.433105201,0.517924911,1,0,1,0.45654273,-1,100,0,0,0,0,0
44.9,0.0966382696,-0.0223817185,-30.0684722,0,0,FollowWall,right_wall_unobserved,0,14,42,0.43306762,0.517924149,1,0,1,0.456595808,-1,100,0,0,0,0,0
44.95,0.0966382696,-0.0223817185,-30.0684722,0,0,FollowWall,right_wall_unobserved,0,14,42,0.43306762,0.517924149,1,0,1,0.456595808,-1,100,0,0,0,0,0
45,0.0966382696,-0.0223817185,-30.0684722,0,0,FollowWall,right_wall_unobserved,0,14,42,0.433031023,0.517924559,1,0,1,0.456649601,-1,100,0,0,0,0,0
45.05,0.0966382696,-0.0223817185,-30.0684722,0,0,FollowWall,right_wall_unobserved,0,14,42,0.433031023,0.517924559,1,0,1,0.456649601,-1,100,0,0,0,0,0
45.1,0.0966382696,-0.0223817185,-30.0684722,0,0,FollowWall,right_wall_unobserved,0,14,42,0.432995379,0.517926082,1,0,1,0.45670411,-1,100,0,0,0,0,0
45.15,0.0966382696,-0.0223817185,-30.0684722,0,0,FollowWall,right_wall_unobserved,0,14,42,0.432995379,0.517926082,1,0,1,0.45670411,-1,100,0,0,0,0,0
45.2,0.0966382696,-0.0223817185,-30.0684722,0,0,FollowWall,right_wall_unobserved,0,14,42,0.432960749,0.517928717,1,0,1,0.456759274,-1,100,0,0,0,0,0
45.25,0.0966382696,-0.0223817185,-30.0684722,0,0,FollowWall,right_wall_unobserved,0,14,42,0.432960749,0.517928717,1,0,1,0.456759274,-1,100,0,0,0,0,0
45.3,0.0966382696,-0.0223817185,-30.0684722,0,0,FollowWall,right_wall_unobserved,0,14,42,0.432927102,0.517932524,1,0,1,0.456815124,-1,100,0,0,0,0,0
45.35,0.0966382696,-0.0223817185,-30.0684722,0,0,FollowWall,right_wall_unobserved,0,14,42,0.432927102,0.517932524,1,0,1,0.456815124,-1,100,0,0,0,0,0
45.4,0.0966382696,-0.0223817185,-30.0684722,0,0,FollowWall,right_wall_unobserved,0,14,42,0.432894468,0.517937443,1,0,1,0.456871629,-1,100,0,0,0,0,0
45.45,0.0966382696,-0.0223817185,-30.0684722,0,0,FollowWall,right_wall_unobserved,0,14,42,0.432894468,0.517937443,1,0,1,0.456871629,-1,100,0,0,0,0,0
45.5,0.0966382696,-0.0223817185,-30.0684722,0,0,FollowWall,right_wall_unobserved,0,14,42,0.432862878,0.517943533,1,0,1,0.45692876,-1,100,0,0,0,0,0
45.55,0.0966382696,-0.0223817185,-30.0684722,0,0,FollowWall,right_wall_unobserved,0,14,42,0.432862878,0.517943533,1,0,1,0.45692876,-1,100,0,0,0,0,0
45.6,0.0966382696,-0.0223817185,-30.0684722,0,0,FollowWall,right_wall_unobserved,0,14,42,0.432832301,0.517950736,1,0,1,0.456986517,-1,100,0,0,0,0,0
45.65,0.0966382696,-0.0223817185,-30.0684722,0,0,FollowWall,right_wall_unobserved,0,14,42,0.432832301,0.517950736,1,0,1,0.456986517,-1,100,0,0,0,0,0
45.7,0.0966382696,-0.0223817185,-30.0684722,0,0,FollowWall,right_wall_unobserved,0,14,42,0.432802737,0.517959052,1,0,1,0.45704487,-1,100,0,0,0,0,0
45.75,0.0966382696,-0.0223817185,-30.0684722,0,0,FollowWall,right_wall_unobserved,0,14,42,0.432802737,0.517959052,1,0,1,0.45704487,-1,100,0,0,0,0,0
45.8,0.0966382696,-0.0223817185,-30.0684722,0,0,FollowWall,right_wall_unobserved,0,14,42,0.432774246,0.51796848,1,0,1,0.457103789,-1,100,0,0,0,0,0
45.85,0.0966382696,-0.0223817185,-30.0684722,0,0,FollowWall,right_wall_unobserved,0,14,42,0.432774246,0.51796848,1,0,1,0.457103789,-1,100,0,0,0,0,0
45.9,0.0966382696,-0.0223817185,-30.0684722,0,0,FollowWall,right_wall_unobserved,0,14,42,0.432746798,0.51797908,1,0,1,0.457163304,-1,100,0,0,0,0,0
45.95,0.0966382696,-0.0223817185,-30.0684722,0,0,FollowWall,right_wall_unobserved,0,14,42,0.432746798,0.51797908,1,0,1,0.457163304,-1,100,0,0,0,0,0
46,0.0966382696,-0.0223817185,-30.0684722,0,0,FollowWall,right_wall_unobserved,0,14,42,0.432720423,0.517990734,1,0,1,0.457223356,-1,100,0,0,0,0,0
46.05,0.0966382696,-0.0223817185,-30.0684722,0,0,FollowWall,right_wall_unobserved,0,14,42,0.432720423,0.517990734,1,0,1,0.457223356,-1,100,0,0,0,0,0
46.1,0.0966382696,-0.0223817185,-30.0684722,0,0,FollowWall,right_wall_unobserved,0,14,42,0.432695121,0.518003559,1,0,1,0.457283944,-1,100,0,0,0,0,0
46.15,0.0966382696,-0.0223817185,-30.0684722,0,0,FollowWall,right_wall_unobserved,0,14,42,0.432695121,0.518003559,1,0,1,0.457283944,-1,100,0,0,0,0,0
46.2,0.0966382696,-0.0223817185,-30.0684722,0,0,FollowWall,right_wall_unobserved,0,14,42,0.432670861,0.518017496,1,0,1,0.457345068,-1,100,0,0,0,0,0
46.25,0.0966382696,-0.0223817185,-30.0684722,0,0,FollowWall,right_wall_unobserved,0,14,42,0.432670861,0.518017496,1,0,1,0.457345068,-1,100,0,0,0,0,0
46.3,0.0966382696,-0.0223817185,-30.0684722,0,0,FollowWall,right_wall_unobserved,0,14,42,0.432647705,0.518032488,1,0,1,0.45740667,-1,100,0,0,0,0,0
46.35,0.0966382696,-0.0223817185,-30.0684722,0,0,FollowWall,right_wall_unobserved,0,14,42,0.432647705,0.518032488,1,0,1,0.45740667,-1,100,0,0,0,0,0
46.4,0.0966382696,-0.0223817185,-30.0684722,0,0,FollowWall,right_wall_unobserved,0,14,42,0.432625651,0.518048651,1,0,1,0.457468748,-1,100,0,0,0,0,0
46.45,0.0966382696,-0.0223817185,-30.0684722,0,0,FollowWall,right_wall_unobserved,0,14,42,0.432625651,0.518048651,1,0,1,0.457468748,-1,100,0,0,0,0,0
46.5,0.0966382696,-0.0223817185,-30.0684722,0,0,FollowWall,right_wall_unobserved,0,14,42,0.432604671,0.518065868,1,0,1,0.457531303,-1,100,0,0,0,0,0
46.55,0.0966382696,-0.0223817185,-30.0684722,0,0,FollowWall,right_wall_unobserved,0,14,42,0.432604671,0.518065868,1,0,1,0.457531303,-1,100,0,0,0,0,0
46.6,0.0966382696,-0.0223817185,-30.0684722,0,0,FollowWall,right_wall_unobserved,0,14,42,0.432584822,0.518084198,1,0,1,0.457594275,-1,100,0,0,0,0,0
46.65,0.0966382696,-0.0223817185,-30.0684722,0,0,FollowWall,right_wall_unobserved,0,14,42,0.432584822,0.518084198,1,0,1,0.457594275,-1,100,0,0,0,0,0
46.7,0.0966382696,-0.0223817185,-30.0684722,0,0,FollowWall,right_wall_unobserved,0,14,42,0.432566077,0.51810364,1,0,1,0.457657695,-1,100,0,0,0,0,0
46.75,0.0966382696,-0.0223817185,-30.0684722,0,0,FollowWall,right_wall_unobserved,0,14,42,0.432566077,0.51810364,1,0,1,0.457657695,-1,100,0,0,0,0,0
46.8,0.0966382696,-0.0223817185,-30.0684722,0,0,FollowWall,right_wall_unobserved,0,14,42,0.432548434,0.518124137,1,0,1,0.457721531,-1,100,0,0,0,0,0
46.85,0.0966382696,-0.0223817185,-30.0684722,0,0,FollowWall,right_wall_unobserved,0,14,42,0.432548434,0.518124137,1,0,1,0.457721531,-1,100,0,0,0,0,0
46.9,0.0966382696,-0.0223817185,-30.0684722,0,0,FollowWall,right_wall_unobserved,0,14,42,0.432531893,0.518145687,1,0,1,0.457785755,-1,100,0,0,0,0,0
46.95,0.0966382696,-0.0223817185,-30.0684722,0,0,FollowWall,right_wall_unobserved,0,14,42,0.432531893,0.518145687,1,0,1,0.457785755,-1,100,0,0,0,0,0
47,0.0966382696,-0.0223817185,-30.0684722,0,0,FollowWall,right_wall_unobserved,0,14,42,0.432516485,0.51816835,1,0,1,0.457850337,-1,100,0,0,0,0,0
47.05,0.0966382696,-0.0223817185,-30.0684722,0,0,FollowWall,right_wall_unobserved,0,14,42,0.432516485,0.51816835,1,0,1,0.457850337,-1,100,0,0,0,0,0
47.1,0.0966382696,-0.0223817185,-30.0684722,0,0,FollowWall,right_wall_unobserved,0,14,42,0.43250221,0.518192068,1,0,1,0.457915276,-1,100,0,0,0,0,0
47.15,0.0966382696,-0.0223817185,-30.0684722,0,0,FollowWall,right_wall_unobserved,0,14,42,0.43250221,0.518192068,1,0,1,0.457915276,-1,100,0,0,0,0,0
47.2,0.0966382696,-0.0223817185,-30.0684722,0,0,FollowWall,right_wall_unobserved,0,14,42,0.432489097,0.518216839,1,0,1,0.457980543,-1,100,0,0,0,0,0
47.25,0.0966382696,-0.0223817185,-30.0684722,0,0,FollowWall,right_wall_unobserved,0,14,42,0.432489097,0.518216839,1,0,1,0.457980543,-1,100,0,0,0,0,0
47.3,0.0966382696,-0.0223817185,-30.0684722,0,0,FollowWall,right_wall_unobserved,0,14,42,0.432477087,0.518242665,1,0,1,0.458046138,-1,100,0,0,0,0,0
47.35,0.0966382696,-0.0223817185,-30.0684722,0,0,FollowWall,right_wall_unobserved,0,14,42,0.432477087,0.518242665,1,0,1,0.458046138,-1,100,0,0,0,0,0
47.4,0.0966382696,-0.0223817185,-30.0684722,0,0,FollowWall,right_wall_unobserved,0,14,42,0.432466209,0.518269545,1,0,1,0.458112001,-1,100,0,0,0,0,0
47.45,0.0966382696,-0.0223817185,-30.0684722,0,0,FollowWall,right_wall_unobserved,0,14,42,0.432466209,0.518269545,1,0,1,0.458112001,-1,100,0,0,0,0,0
47.5,0.0966382696,-0.0223817185,-30.0684722,0,0,FollowWall,right_wall_unobserved,0,14,42,0.432456493,0.51829742,1,0,1,0.458178163,-1,100,0,0,0,0,0
47.55,0.0966382696,-0.0223817185,-30.0684722,0,0,FollowWall,right_wall_unobserved,0,14,42,0.432456493,0.51829742,1,0,1,0.458178163,-1,100,0,0,0,0,0
47.6,0.0966382696,-0.0223817185,-30.0684722,0,0,FollowWall,right_wall_unobserved,0,14,42,0.43244791,0.518326349,1,0,1,0.458244592,-1,100,0,0,0,0,0
47.65,0.0966382696,-0.0223817185,-30.0684722,0,0,FollowWall,right_wall_unobserved,0,14,42,0.43244791,0.518326349,1,0,1,0.458244592,-1,100,0,0,0,0,0
47.7,0.0966382696,-0.0223817185,-30.0684722,0,0,FollowWall,right_wall_unobserved,0,14,42,0.43244049,0.518356333,1,0,1,0.45831123,-1,100,0,0,0,0,0
47.75,0.0966382696,-0.0223817185,-30.0684722,0,0,FollowWall,right_wall_unobserved,0,14,42,0.43244049,0.518356333,1,0,1,0.45831123,-1,100,0,0,0,0,0
47.8,0.0966382696,-0.0223817185,-30.0684722,0,0,FollowWall,right_wall_unobserved,0,14,42,0.432434201,0.518387253,1,0,1,0.458378106,-1,100,0,0,0,0,0
47.85,0.0966382696,-0.0223817185,-30.0684722,0,0,FollowWall,right_wall_unobserved,0,14,42,0.432434201,0.518387253,1,0,1,0.458378106,-1,100,0,0,0,0,0
47.9,0.0966382696,-0.0223817185,-30.0684722,0,0,FollowWall,right_wall_unobserved,0,14,42,0.432429075,0.518419227,1,0,1,0.458445191,-1,100,0,0,0,0,0
47.95,0.0966382696,-0.0223817185,-30.0684722,0,0,FollowWall,right_wall_unobserved,0,14,42,0.432429075,0.518419227,1,0,1,0.458445191,-1,100,0,0,0,0,0
48,0.0966382696,-0.0223817185,-30.0684722,0,0,FollowWall,right_wall_unobserved,0,14,42,0.432425112,0.518452198,1,0,1,0.458512455,-1,100,0,0,0,0,0
48.05,0.0966382696,-0.0223817185,-30.0684722,0,0,FollowWall,right_wall_unobserved,0,14,42,0.432425112,0.518452198,1,0,1,0.458512455,-1,100,0,0,0,0,0
48.1,0.0966382696,-0.0223817185,-30.0684722,0,0,FollowWall,right_wall_unobserved,0,14,42,0.43242231,0.518486105,1,0,1,0.458579868,-1,100,0,0,0,0,0
48.15,0.0966382696,-0.0223817185,-30.0684722,0,0,FollowWall,right_wall_unobserved,0,14,42,0.43242231,0.518486105,1,0,1,0.458579868,-1,100,0,0,0,0,0
48.2,0.0966382696,-0.0223817185,-30.0684722,0,0,FollowWall,right_wall_unobserved,0,14,42,0.432420641,0.518521066,1,0,1,0.4586474,-1,100,0,0,0,0,0
48.25,0.0966382696,-0.0223817185,-30.0684722,0,0,FollowWall,right_wall_unobserved,0,14,42,0.432420641,0.518521066,1,0,1,0.4586474,-1,100,0,0,0,0,0
48.3,0.0966382696,-0.0223817185,-30.0684722,0,0,FollowWall,right_wall_unobserved,0,14,42,0.432420135,0.518556905,1,0,1,0.458695382,-1,100,0,0,0,0,0
48.35,0.0966382696,-0.0223817185,-30.0684722,0,0,FollowWall,right_wall_unobserved,0,14,42,0.432420135,0.518556905,1,0,1,0.458695382,-1,100,0,0,0,0,0
48.4,0.0966382696,-0.0223817185,-30.0684722,0,0,FollowWall,right_wall_unobserved,0,14,42,0.43242079,0.51859374,1,0,1,0.458679199,-1,100,0,0,0,0,0
48.45,0.0966382696,-0.0223817185,-30.0684722,0,0,FollowWall,right_wall_unobserved,0,14,42,0.43242079,0.51859374,1,0,1,0.458679199,-1,100,0,0,0,0,0
48.5,0.0966382696,-0.0223817185,-30.0684722,0,0,FollowWall,right_wall_unobserved,0,14,42,0.432422578,0.518631513,1,0,1,0.458664149,-1,100,0,0,0,0,0
48.55,0.0966382696,-0.0223817185,-30.0684722,0,0,FollowWall,right_wall_unobserved,0,14,42,0.432422578,0.518631513,1,0,1,0.458664149,-1,100,0,0,0,0,0
48.6,0.0966382696,-0.0223817185,-30.0684722,0,0,FollowWall,right_wall_unobserved,0,14,42,0.432425529,0.518670222,1,0,1,0.458650202,-1,100,0,0,0,0,0
48.65,0.0966382696,-0.0223817185,-30.0684722,0,0,FollowWall,right_wall_unobserved,0,14,42,0.432425529,0.518670222,1,0,1,0.458650202,-1,100,0,0,0,0,0
48.7,0.0966382696,-0.0223817185,-30.0684722,0,0,FollowWall,right_wall_unobserved,0,14,42,0.432429641,0.518709868,1,0,1,0.458637416,-1,100,0,0,0,0,0
48.75,0.0966382696,-0.0223817185,-30.0684722,0,0,FollowWall,right_wall_unobserved,0,14,42,0.432429641,0.518709868,1,0,1,0.458637416,-1,100,0,0,0,0,0
48.8,0.0966382696,-0.0223817185,-30.0684722,0,0,FollowWall,right_wall_unobserved,0,14,42,0.432434916,0.518750392,1,0,1,0.458625734,-1,100,0,0,0,0,0
48.85,0.0966382696,-0.0223817185,-30.0684722,0,0,FollowWall,right_wall_unobserved,0,14,42,0.432434916,0.518750392,1,0,1,0.458625734,-1,100,0,0,0,0,0
48.9,0.0966382696,-0.0223817185,-30.0684722,0,0,FollowWall,right_wall_unobserved,0,14,42,0.432441354,0.518791795,1,0,1,0.458615214,-1,100,0,0,0,0,0
48.95,0.0966382696,-0.0223817185,-30.0684722,0,0,FollowWall,right_wall_unobserved,0,14,42,0.432441354,0.518791795,1,0,1,0.458615214,-1,100,0,0,0,0,0
49,0.0966382696,-0.0223817185,-30.0684722,0,0,FollowWall,right_wall_unobserved,0,14,42,0.432448924,0.518834135,1,0,1,0.458605826,-1,100,0,0,0,0,0
49.05,0.0966382696,-0.0223817185,-30.0684722,0,0,FollowWall,right_wall_unobserved,0,14,42,0.432448924,0.518834135,1,0,1,0.458605826,-1,100,0,0,0,0,0
49.1,0.0966382696,-0.0223817185,-30.0684722,0,0,FollowWall,right_wall_unobserved,0,14,42,0.432457626,0.518877295,1,0,1,0.4585976,-1,100,0,0,0,0,0
49.15,0.0966382696,-0.0223817185,-30.0684722,0,0,FollowWall,right_wall_unobserved,0,14,42,0.432457626,0.518877295,1,0,1,0.4585976,-1,100,0,0,0,0,0
49.2,0.0966382696,-0.0223817185,-30.0684722,0,0,FollowWall,right_wall_unobserved,0,14,42,0.43246749,0.518921333,1,0,1,0.458590508,-1,100,0,0,0,0,0
49.25,0.0966382696,-0.0223817185,-30.0684722,0,0,FollowWall,right_wall_unobserved,0,14,42,0.43246749,0.518921333,1,0,1,0.458590508,-1,100,0,0,0,0,0
49.3,0.0966382696,-0.0223817185,-30.0684722,0,0,FollowWall,right_wall_unobserved,0,14,42,0.432478487,0.51896625,1,0,1,0.458584577,-1,100,0,0,0,0,0
49.35,0.0966382696,-0.0223817185,-30.0684722,0,0,FollowWall,right_wall_unobserved,0,14,42,0.432478487,0.51896625,1,0,1,0.458584577,-1,100,0,0,0,0,0
49.4,0.0966382696,-0.0223817185,-30.0684722,0,0,FollowWall,right_wall_unobserved,0,14,42,0.432490647,0.519011986,1,0,1,0.458579808,-1,100,0,0,0,0,0
49.45,0.0966382696,-0.0223817185,-30.0684722,0,0,FollowWall,right_wall_unobserved,0,14,42,0.432490647,0.519011986,1,0,1,0.458579808,-1,100,0,0,0,0,0
49.5,0.0966382696,-0.0223817185,-30.0684722,0,0,FollowWall,right_wall_unobserved,0,14,42,0.432503909,0.519058542,1,0,1,0.458576173,-1,100,0,0,0,0,0
49.55,0.0966382696,-0.0223817185,-30.0684722,0,0,FollowWall,right_wall_unobserved,0,14,42,0.432503909,0.519058542,1,0,1,0.458576173,-1,100,0,0,0,0,0
49.6,0.0966382696,-0.0223817185,-30.0684722,0,0,FollowWall,right_wall_unobserved,0,14,42,0.432518333,0.51910586,1,0,1,0.458573699,-1,100,0,0,0,0,0
49.65,0.0966382696,-0.0223817185,-30.0684722,0,0,FollowWall,right_wall_unobserved,0,14,42,0.432518333,0.51910586,1,0,1,0.458573699,-1,100,0,0,0,0,0
49.7,0.0966382696,-0.0223817185,-30.0684722,0,0,FollowWall,right_wall_unobserved,0,14,42,0.43253386,0.519154056,1,0,1,0.458572388,-1,100,0,0,0,0,0
49.75,0.0966382696,-0.0223817185,-30.0684722,0,0,FollowWall,right_wall_unobserved,0,14,42,0.43253386,0.519154056,1,0,1,0.458572388,-1,100,0,0,0,0,0
49.8,0.0966382696,-0.0223817185,-30.0684722,0,0,FollowWall,right_wall_unobserved,0,14,42,0.43255052,0.519202955,1,0,1,0.458572209,-1,100,0,0,0,0,0
49.85,0.0966382696,-0.0223817185,-30.0684722,0,0,FollowWall,right_wall_unobserved,0,14,42,0.43255052,0.519202955,1,0,1,0.458572209,-1,100,0,0,0,0,0
49.9,0.0966382696,-0.0223817185,-30.0684722,0,0,FollowWall,right_wall_unobserved,0,14,42,0.432568312,0.519252673,1,0,1,0.458573222,-1,100,0,0,0,0,0
49.95,0.0966382696,-0.0223817185,-30.0684722,0,0,FollowWall,right_wall_unobserved,0,14,42,0.432568312,0.519252673,1,0,1,0.458573222,-1,100,0,0,0,0,0
50,0.0966382696,-0.0223817185,-30.0684722,0,0,FollowWall,right_wall_unobserved,0,14,42,0.432587206,0.519303095,1,0,1,0.458575368,-1,100,0,0,0,0,0
50.05,0.0966382696,-0.0223817185,-30.0684722,0,0,FollowWall,right_wall_unobserved,0,14,42,0.432587206,0.519303095,1,0,1,0.458575368,-1,100,0,0,0,0,0
50.1,0.0966382696,-0.0223817185,-30.0684722,0,0,FollowWall,right_wall_unobserved,0,14,42,0.432607204,0.519354336,1,0,1,0.458578676,-1,100,0,0,0,0,0
50.15,0.0966382696,-0.0223817185,-30.0684722,0,0,FollowWall,right_wall_unobserved,0,14,42,0.432607204,0.519354336,1,0,1,0.458578676,-1,100,0,0,0,0,0
50.2,0.0966382696,-0.0223817185,-30.0684722,0,0,FollowWall,right_wall_unobserved,0,14,42,0.432628304,0.519406221,1,0,1,0.458583117,-1,100,0,0,0,0,0
50.25,0.0966382696,-0.0223817185,-30.0684722,0,0,FollowWall,right_wall_unobserved,0,14,42,0.432628304,0.519406221,1,0,1,0.458583117,-1,100,0,0,0,0,0
50.3,0.0966382696,-0.0223817185,-30.0684722,0,0,FollowWall,right_wall_unobserved,0,14,42,0.432650506,0.519458809,1,0,1,0.458588749,-1,100,0,0,0,0,0
50.35,0.0966382696,-0.0223817185,-30.0684722,0,0,FollowWall,right_wall_unobserved,0,14,42,0.432650506,0.519458809,1,0,1,0.458588749,-1,100,0,0,0,0,0
50.4,0.0966382696,-0.0223817185,-30.0684722,0,0,FollowWall,right_wall_unobserved,0,14,42,0.432673782,0.519512159,1,0,1,0.458595514,-1,100,0,0,0,0,0
50.45,0.0966382696,-0.0223817185,-30.0684722,0,0,FollowWall,right_wall_unobserved,0,14,42,0.432673782,0.519512159,1,0,1,0.458595514,-1,100,0,0,0,0,0
50.5,0.0966382696,-0.0223817185,-30.0684722,0,0,FollowWall,right_wall_unobserved,0,14,42,0.43269816,0.519566153,1,0,1,0.458603412,-1,100,0,0,0,0,0
50.55,0.0966382696,-0.0223817185,-30.0684722,0,0,FollowWall,right_wall_unobserved,0,14,42,0.43269816,0.519566153,1,0,1,0.458603412,-1,100,0,0,0,0,0
50.6,0.0966382696,-0.0223817185,-30.0684722,0,0,FollowWall,right_wall_unobserved,0,14,42,0.432723612,0.51962079,1,0,1,0.458612472,-1,100,0,0,0,0,0
50.65,0.0966382696,-0.0223817185,-30.0684722,0,0,FollowWall,right_wall_unobserved,0,14,42,0.432723612,0.51962079,1,0,1,0.458612472,-1,100,0,0,0,0,0
50.7,0.0966382696,-0.0223817185,-30.0684722,0,0,FollowWall,right_wall_unobserved,0,14,42,0.432750106,0.519676072,1,0,1,0.458622664,-1,100,0,0,0,0,0
50.75,0.0966382696,-0.0223817185,-30.0684722,0,0,FollowWall,right_wall_unobserved,0,14,42,0.432750106,0.519676072,1,0,1,0.458622664,-1,100,0,0,0,0,0
50.8,0.0966382696,-0.0223817185,-30.0684722,0,0,FollowWall,right_wall_unobserved,0,14,42,0.432777703,0.519731998,1,0,1,0.458634019,-1,100,0,0,0,0,0
50.85,0.0966382696,-0.0223817185,-30.0684722,0,0,FollowWall,right_wall_unobserved,0,14,42,0.432777703,0.519731998,1,0,1,0.458634019,-1,100,0,0,0,0,0
50.9,0.0966382696,-0.0223817185,-30.0684722,0,0,FollowWall,right_wall_unobserved,0,14,42,0.432806313,0.51978851,1,0,1,0.458646506,-1,100,0,0,0,0,0
50.95,0.0966382696,-0.0223817185,-30.0684722,0,0,FollowWall,right_wall_unobserved,0,14,42,0.432806313,0.51978851,1,0,1,0.458646506,-1,100,0,0,0,0,0
51,0.0966382696,-0.0223817185,-30.0684722,0,0,FollowWall,right_wall_unobserved,0,14,42,0.432835996,0.519845666,1,0,1,0.458660126,-1,100,0,0,0,0,0
51.05,0.0966382696,-0.0223817185,-30.0684722,0,0,FollowWall,right_wall_unobserved,0,14,42,0.432835996,0.519845666,1,0,1,0.458660126,-1,100,0,0,0,0,0
51.1,0.0966382696,-0.0223817185,-30.0684722,0,0,FollowWall,right_wall_unobserved,0,14,42,0.432866693,0.519903408,1,0,1,0.458674878,-1,100,0,0,0,0,0
51.15,0.0966382696,-0.0223817185,-30.0684722,0,0,FollowWall,right_wall_unobserved,0,14,42,0.432866693,0.519903408,1,0,1,0.458674878,-1,100,0,0,0,0,0
51.2,0.0966382696,-0.0223817185,-30.0684722,0,0,FollowWall,right_wall_unobserved,0,14,42,0.432898432,0.519961676,1,0,1,0.458690733,-1,100,0,0,0,0,0
51.25,0.0966382696,-0.0223817185,-30.0684722,0,0,FollowWall,right_wall_unobserved,0,14,42,0.432898432,0.519961676,1,0,1,0.458690733,-1,100,0,0,0,0,0
51.3,0.0966382696,-0.0223817185,-30.0684722,0,0,FollowWall,right_wall_unobserved,0,14,42,0.432931185,0.520020472,1,0,1,0.45870775,-1,100,0,0,0,0,0
51.35,0.0966382696,-0.0223817185,-30.0684722,0,0,FollowWall,right_wall_unobserved,0,14,42,0.432931185,0.520020472,1,0,1,0.45870775,-1,100,0,0,0,0,0
51.4,0.0966382696,-0.0223817185,-30.0684722,0,0,FollowWall,right_wall_unobserved,0,14,42,0.432964951,0.520079853,1,0,1,0.45872584,-1,100,0,0,0,0,0
51.45,0.0966382696,-0.0223817185,-30.0684722,0,0,FollowWall,right_wall_unobserved,0,14,42,0.432964951,0.520079853,1,0,1,0.45872584,-1,100,0,0,0,0,0
51.5,0.0966382696,-0.0223817185,-30.0684722,0,0,FollowWall,right_wall_unobserved,0,14,42,0.4329997,0.520139703,1,0,1,0.458745092,-1,100,0,0,0,0,0
51.55,0.0966382696,-0.0223817185,-30.0684722,0,0,FollowWall,right_wall_unobserved,0,14,42,0.4329997,0.520139703,1,0,1,0.458745092,-1,100,0,0,0,0,0
51.6,0.0966382696,-0.0223817185,-30.0684722,0,0,FollowWall,right_wall_unobserved,0,14,42,0.433035463,0.52020008,1,0,1,0.458765417,-1,100,0,0,0,0,0
51.65,0.0966382696,-0.0223817185,-30.0684722,0,0,FollowWall,right_wall_unobserved,0,14,42,0.433035463,0.52020008,1,0,1,0.458765417,-1,100,0,0,0,0,0
51.7,0.0966382696,-0.0223817185,-30.0684722,0,0,FollowWall,right_wall_unobserved,0,14,42,0.43307218,0.520260925,1,0,1,0.458786845,-1,100,0,0,0,0,0
51.75,0.0966382696,-0.0223817185,-30.0684722,0,0,FollowWall,right_wall_unobserved,0,14,42,0.43307218,0.520260925,1,0,1,0.458786845,-1,100,0,0,0,0,0
51.8,0.0966382696,-0.0223817185,-30.0684722,0,0,FollowWall,right_wall_unobserved,0,14,42,0.433109879,0.52032218,1,0,1,0.458809376,-1,100,0,0,0,0,0
51.85,0.0966382696,-0.0223817185,-30.0684722,0,0,FollowWall,right_wall_unobserved,0,14,42,0.433109879,0.52032218,1,0,1,0.458809376,-1,100,0,0,0,0,0
51.9,0.0966382696,-0.0223817185,-30.0684722,0,0,FollowWall,right_wall_unobserved,0,14,42,0.433148533,0.520383962,1,0,1,0.458791137,-1,100,0,0,0,0,0
51.95,0.0966382696,-0.0223817185,-30.0684722,0,0,FollowWall,right_wall_unobserved,0,14,42,0.433148533,0.520383962,1,0,1,0.458791137,-1,100,0,0,0,0,0
52,0.0966382696,-0.0223817185,-30.0684722,0,0,FollowWall,right_wall_unobserved,0,14,42,0.433188111,0.520446096,1,0,1,0.458747745,-1,100,0,0,0,0,0
52.05,0.0966382696,-0.0223817185,-30.0684722,0,0,FollowWall,right_wall_unobserved,0,14,42,0.433188111,0.520446096,1,0,1,0.458747745,-1,100,0,0,0,0,0
52.1,0.0966382696,-0.0223817185,-30.0684722,0,0,FollowWall,right_wall_unobserved,0,14,42,0.433228642,0.520508698,1,0,1,0.458703458,-1,100,0,0,0,0,0
52.15,0.0966382696,-0.0223817185,-30.0684722,0,0,FollowWall,right_wall_unobserved,0,14,42,0.433228642,0.520508698,1,0,1,0.458703458,-1,100,0,0,0,0,0
52.2,0.0966382696,-0.0223817185,-30.0684722,0,0,FollowWall,right_wall_unobserved,0,14,42,0.433270097,0.520571652,1,0,1,0.458658308,-1,100,0,0,0,0,0
52.25,0.0966382696,-0.0223817185,-30.0684722,0,0,FollowWall,right_wall_unobserved,0,14,42,0.433270097,0.520571652,1,0,1,0.458658308,-1,100,0,0,0,0,0
52.3,0.0966382696,-0.0223817185,-30.0684722,0,0,FollowWall,right_wall_unobserved,0,14,42,0.433312476,0.520635015,1,0,1,0.458612323,-1,100,0,0,0,0,0
52.35,0.0966382696,-0.0223817185,-30.0684722,0,0,FollowWall,right_wall_unobserved,0,14,42,0.433312476,0.520635015,1,0,1,0.458612323,-1,100,0,0,0,0,0
52.4,0.0966382696,-0.0223817185,-30.0684722,0,0,FollowWall,right_wall_unobserved,0,14,42,0.433355719,0.520698671,1,0,1,0.458565474,-1,100,0,0,0,0,0
52.45,0.0966382696,-0.0223817185,-30.0684722,0,0,FollowWall,right_wall_unobserved,0,14,42,0.433355719,0.520698671,1,0,1,0.458565474,-1,100,0,0,0,0,0
52.5,0.0966382696,-0.0223817185,-30.0684722,0,0,FollowWall,right_wall_unobserved,0,14,42,0.433399856,0.520762679,1,0,1,0.45851779,-1,100,0,0,0,0,0
52.55,0.0966382696,-0.0223817185,-30.0684722,0,0,FollowWall,right_wall_unobserved,0,14,42,0.433399856,0.520762679,1,0,1,0.45851779,-1,100,0,0,0,0,0
52.6,0.0966382696,-0.0223817185,-30.0684722,0,0,FollowWall,right_wall_unobserved,0,14,42,0.433444887,0.520827038,1,0,1,0.458469301,-1,100,0,0,0,0,0
52.65,0.0966382696,-0.0223817185,-30.0684722,0,0,FollowWall,right_wall_unobserved,0,14,42,0.433444887,0.520827038,1,0,1,0.458469301,-1,100,0,0,0,0,0
52.7,0.0966382696,-0.0223817185,-30.0684722,0,0,FollowWall,right_wall_unobserved,0,14,42,0.433490753,0.52089169,1,0,1,0.458419979,-1,100,0,0,0,0,0
52.75,0.0966382696,-0.0223817185,-30.0684722,0,0,FollowWall,right_wall_unobserved,0,14,42,0.433490753,0.52089169,1,0,1,0.458419979,-1,100,0,0,0,0,0
52.8,0.0966382696,-0.0223817185,-30.0684722,0,0,FollowWall,right_wall_unobserved,0,14,42,0.433537483,0.520956576,1,0,1,0.458369911,-1,100,0,0,0,0,0
52.85,0.0966382696,-0.0223817185,-30.0684722,0,0,FollowWall,right_wall_unobserved,0,14,42,0.433537483,0.520956576,1,0,1,0.458369911,-1,100,0,0,0,0,0
52.9,0.0966382696,-0.0223817185,-30.0684722,0,0,FollowWall,right_wall_unobserved,0,14,42,0.433585048,0.521021755,1,0,1,0.458319038,-1,100,0,0,0,0,0
52.95,0.0966382696,-0.0223817185,-30.0684722,0,0,FollowWall,right_wall_unobserved,0,14,42,0.433585048,0.521021755,1,0,1,0.458319038,-1,100,0,0,0,0,0
53,0.0966382696,-0.0223817185,-30.0684722,0,0,FollowWall,right_wall_unobserved,0,14,42,0.433633417,0.521087168,1,0,1,0.458267421,-1,100,0,0,0,0,0
53.05,0.0966382696,-0.0223817185,-30.0684722,0,0,FollowWall,right_wall_unobserved,0,14,42,0.433633417,0.521087168,1,0,1,0.458267421,-1,100,0,0,0,0,0
53.1,0.0966382696,-0.0223817185,-30.0684722,0,0,FollowWall,right_wall_unobserved,0,14,42,0.433682621,0.521152815,1,0,1,0.458215058,-1,100,0,0,0,0,0
53.15,0.0966382696,-0.0223817185,-30.0684722,0,0,FollowWall,right_wall_unobserved,0,14,42,0.433682621,0.521152815,1,0,1,0.458215058,-1,100,0,0,0,0,0
53.2,0.0966382696,-0.0223817185,-30.0684722,0,0,FollowWall,right_wall_unobserved,0,14,42,0.433732569,0.521218638,1,0,1,0.45816195,-1,100,0,0,0,0,0
53.25,0.0966382696,-0.0223817185,-30.0684722,0,0,FollowWall,right_wall_unobserved,0,14,42,0.433732569,0.521218638,1,0,1,0.45816195,-1,100,0,0,0,0,0
53.3,0.0966382696,-0.0223817185,-30.0684722,0,0,FollowWall,right_wall_unobserved,0,14,42,0.433783323,0.521284637,1,0,1,0.458108127,-1,100,0,0,0,0,0
53.35,0.0966382696,-0.0223817185,-30.0684722,0,0,FollowWall,right_wall_unobserved,0,14,42,0.433783323,0.521284637,1,0,1,0.458108127,-1,100,0,0,0,0,0
53.4,0.0966382696,-0.0223817185,-30.0684722,0,0,FollowWall,right_wall_unobserved,0,14,42,0.433834851,0.521350811,1,0,1,0.458053619,-1,100,0,0,0,0,0
53.45,0.0966382696,-0.0223817185,-30.0684722,0,0,FollowWall,right_wall_unobserved,0,14,42,0.433834851,0.521350811,1,0,1,0.458053619,-1,100,0,0,0,0,0
53.5,0.0966382696,-0.0223817185,-30.0684722,0,0,FollowWall,right_wall_unobserved,0,14,42,0.433887094,0.521417161,1,0,1,0.457998425,-1,100,0,0,0,0,0
53.55,0.0966382696,-0.0223817185,-30.0684722,0,0,FollowWall,right_wall_unobserved,0,14,42,0.433887094,0.521417161,1,0,1,0.457998425,-1,100,0,0,0,0,0
53.6,0.0966382696,-0.0223817185,-30.0684722,0,0,FollowWall,right_wall_unobserved,0,14,42,0.433940083,0.521483629,1,0,1,0.457942575,-1,100,0,0,0,0,0
53.65,0.0966382696,-0.0223817185,-30.0684722,0,0,FollowWall,right_wall_unobserved,0,14,42,0.433940083,0.521483629,1,0,1,0.457942575,-1,100,0,0,0,0,0
53.7,0.0966382696,-0.0223817185,-30.0684722,0,0,FollowWall,right_wall_unobserved,0,14,42,0.433993816,0.521550154,1,0,1,0.45788607,-1,100,0,0,0,0,0
53.75,0.0966382696,-0.0223817185,-30.0684722,0,0,FollowWall,right_wall_unobserved,0,14,42,0.433993816,0.521550154,1,0,1,0.45788607,-1,100,0,0,0,0,0
53.8,0.0966382696,-0.0223817185,-30.0684722,0,0,FollowWall,right_wall_unobserved,0,14,42,0.434048206,0.521616856,1,0,1,0.457828909,-1,100,0,0,0,0,0
53.85,0.0966382696,-0.0223817185,-30.0684722,0,0,FollowWall,right_wall_unobserved,0,14,42,0.434048206,0.521616856,1,0,1,0.457828909,-1,100,0,0,0,0,0
53.9,0.0966382696,-0.0223817185,-30.0684722,0,0,FollowWall,right_wall_unobserved,0,14,42,0.43410331,0.521683557,1,0,1,0.457771152,-1,100,0,0,0,0,0
53.95,0.0966382696,-0.0223817185,-30.0684722,0,0,FollowWall,right_wall_unobserved,0,14,42,0.43410331,0.521683557,1,0,1,0.457771152,-1,100,0,0,0,0,0
54,0.0966382696,-0.0223817185,-30.0684722,0,0,FollowWall,right_wall_unobserved,0,14,42,0.43415907,0.521750317,1,0,1,0.457712799,-1,100,0,0,0,0,0
54.05,0.0966382696,-0.0223817185,-30.0684722,0,0,FollowWall,right_wall_unobserved,0,14,42,0.43415907,0.521750317,1,0,1,0.457712799,-1,100,0,0,0,0,0
54.1,0.0966382696,-0.0223817185,-30.0684722,0,0,FollowWall,right_wall_unobserved,0,14,42,0.434215486,0.521817136,1,0,1,0.457653821,-1,100,0,0,0,0,0
54.15,0.0966382696,-0.0223817185,-30.0684722,0,0,FollowWall,right_wall_unobserved,0,14,42,0.434215486,0.521817136,1,0,1,0.457653821,-1,100,0,0,0,0,0
54.2,0.0966382696,-0.0223817185,-30.0684722,0,0,FollowWall,right_wall_unobserved,0,14,42,0.434272557,0.521883896,1,0,1,0.457594305,-1,100,0,0,0,0,0
54.25,0.0966382696,-0.0223817185,-30.0684722,0,0,FollowWall,right_wall_unobserved,0,14,42,0.434272557,0.521883896,1,0,1,0.457594305,-1,100,0,0,0,0,0
54.3,0.0966382696,-0.0223817185,-30.0684722,0,0,FollowWall,right_wall_unobserved,0,14,42,0.434330225,0.521950714,1,0,1,0.457534254,-1,100,0,0,0,0,0
54.35,0.0966382696,-0.0223817185,-30.0684722,0,0,FollowWall,right_wall_unobserved,0,14,42,0.434330225,0.521950714,1,0,1,0.457534254,-1,100,0,0,0,0,0
54.4,0.0966382696,-0.0223817185,-30.0684722,0,0,FollowWall,right_wall_unobserved,0,14,42,0.434388489,0.522017474,1,0,1,0.457473636,-1,100,0,0,0,0,0
54.45,0.0966382696,-0.0223817185,-30.0684722,0,0,FollowWall,right_wall_unobserved,0,14,42,0.434388489,0.522017474,1,0,1,0.457473636,-1,100,0,0,0,0,0
54.5,0.0966382696,-0.0223817185,-30.0684722,0,0,FollowWall,right_wall_unobserved,0,14,42,0.434447378,0.522084234,1,0,1,0.457412541,-1,100,0,0,0,0,0
54.55,0.0966382696,-0.0223817185,-30.0684722,0,0,FollowWall,right_wall_unobserved,0,14,42,0.434447378,0.522084234,1,0,1,0.457412541,-1,100,0,0,0,0,0
54.6,0.0966382696,-0.0223817185,-30.0684722,0,0,FollowWall,right_wall_unobserved,0,14,42,0.434506804,0.522150877,1,0,1,0.45735091,-1,100,0,0,0,0,0
54.65,0.0966382696,-0.0223817185,-30.0684722,0,0,FollowWall,right_wall_unobserved,0,14,42,0.434506804,0.522150877,1,0,1,0.45735091,-1,100,0,0,0,0,0
54.7,0.0966382696,-0.0223817185,-30.0684722,0,0,FollowWall,right_wall_unobserved,0,14,42,0.434566796,0.522217461,1,0,1,0.457288802,-1,100,0,0,0,0,0
54.75,0.0966382696,-0.0223817185,-30.0684722,0,0,FollowWall,right_wall_unobserved,0,14,42,0.434566796,0.522217461,1,0,1,0.457288802,-1,100,0,0,0,0,0
54.8,0.0966382696,-0.0223817185,-30.0684722,0,0,FollowWall,right_wall_unobserved,0,14,42,0.434627324,0.522283929,1,0,1,0.457226247,-1,100,0,0,0,0,0
54.85,0.0966382696,-0.0223817185,-30.0684722,0,0,FollowWall,right_wall_unobserved,0,14,42,0.434627324,0.522283929,1,0,1,0.457226247,-1,100,0,0,0,0,0
54.9,0.0966382696,-0.0223817185,-30.0684722,0,0,FollowWall,right_wall_unobserved,0,14,42,0.434688359,0.522350279,1,0,1,0.457163244,-1,100,0,0,0,0,0
54.95,0.0966382696,-0.0223817185,-30.0684722,0,0,FollowWall,right_wall_unobserved,0,14,42,0.434688359,0.522350279,1,0,1,0.457163244,-1,100,0,0,0,0,0
55,0.0966382696,-0.0223817185,-30.0684722,0,0,FollowWall,right_wall_unobserved,0,14,42,0.434749901,0.522416453,1,0,1,0.457099825,-1,100,0,0,0,0,0
55.05,0.0966382696,-0.0223817185,-30.0684722,0,0,FollowWall,right_wall_unobserved,0,14,42,0.434749901,0.522416453,1,0,1,0.457099825,-1,100,0,0,0,0,0
55.1,0.0966382696,-0.0223817185,-30.0684722,0,0,FollowWall,right_wall_unobserved,0,14,42,0.43481195,0.52248251,1,0,1,0.457035989,-1,100,0,0,0,0,0
55.15,0.0966382696,-0.0223817185,-30.0684722,0,0,FollowWall,right_wall_unobserved,0,14,42,0.43481195,0.52248251,1,0,1,0.457035989,-1,100,0,0,0,0,0
55.2,0.0966382696,-0.0223817185,-30.0684722,0,0,FollowWall,right_wall_unobserved,0,14,42,0.434874415,0.522548333,1,0,1,0.456971765,-1,100,0,0,0,0,0
55.25,0.0966382696,-0.0223817185,-30.0684722,0,0,FollowWall,right_wall_unobserved,0,14,42,0.434874415,0.522548333,1,0,1,0.456971765,-1,100,0,0,0,0,0
55.3,0.0966382696,-0.0223817185,-30.0684722,0,0,FollowWall,right_wall_unobserved,0,14,42,0.434937358,0.522614039,1,0,1,0.456907183,-1,100,0,0,0,0,0
55.35,0.0966382696,-0.0223817185,-30.0684722,0,0,FollowWall,right_wall_unobserved,0,14,42,0.434937358,0.522614039,1,0,1,0.456907183,-1,100,0,0,0,0,0
55.4,0.0966382696,-0.0223817185,-30.0684722,0,0,FollowWall,right_wall_unobserved,0,14,42,0.435000718,0.522679452,1,0,1,0.456842214,-1,100,0,0,0,0,0
55.45,0.0966382696,-0.0223817185,-30.0684722,0,0,FollowWall,right_wall_unobserved,0,14,42,0.435000718,0.522679452,1,0,1,0.456842214,-1,100,0,0,0,0,0
55.5,0.0966382696,-0.0223817185,-30.0684722,0,0,FollowWall,right_wall_unobserved,0,14,42,0.435064495,0.522744631,1,0,1,0.456776947,-1,100,0,0,0,0,0
55.55,0.0966382696,-0.0223817185,-30.0684722,0,0,FollowWall,right_wall_unobserved,0,14,42,0.435064495,0.522744631,1,0,1,0.456776947,-1,100,0,0,0,0,0
55.6,0.0966382696,-0.0223817185,-30.0684722,0,0,FollowWall,right_wall_unobserved,0,14,42,0.435128689,0.522809576,1,0,1,0.456711352,-1,100,0,0,0,0,0
55.65,0.0966382696,-0.0223817185,-30.0684722,0,0,FollowWall,right_wall_unobserved,0,14,42,0.435128689,0.522809576,1,0,1,0.456711352,-1,100,0,0,0,0,0
55.7,0.0966382696,-0.0223817185,-30.0684722,0,0,FollowWall,right_wall_unobserved,0,14,42,0.435193211,0.522874228,1,0,1,0.456645459,-1,100,0,0,0,0,0
55.75,0.0966382696,-0.0223817185,-30.0684722,0,0,FollowWall,right_wall_unobserved,0,14,42,0.435193211,0.522874228,1,0,1,0.456645459,-1,100,0,0,0,0,0
55.8,0.0966382696,-0.0223817185,-30.0684722,0,0,FollowWall,right_wall_unobserved,0,14,42,0.43525812,0.522938645,1,0,1,0.456579298,-1,100,0,0,0,0,0
55.85,0.0966382696,-0.0223817185,-30.0684722,0,0,FollowWall,right_wall_unobserved,0,14,42,0.43525812,0.522938645,1,0,1,0.456579298,-1,100,0,0,0,0,0
55.9,0.0966382696,-0.0223817185,-30.0684722,0,0,FollowWall,right_wall_unobserved,0,14,42,0.435323358,0.523002653,1,0,1,0.456512868,-1,100,0,0,0,0,0
55.95,0.0966382696,-0.0223817185,-30.0684722,0,0,FollowWall,right_wall_unobserved,0,14,42,0.435323358,0.523002653,1,0,1,0.456512868,-1,100,0,0,0,0,0
56,0.0966382696,-0.0223817185,-30.0684722,0,0,FollowWall,right_wall_unobserved,0,14,42,0.435388893,0.523066426,1,0,1,0.456446201,-1,100,0,0,0,0,0
56.05,0.0966382696,-0.0223817185,-30.0684722,0,0,FollowWall,right_wall_unobserved,0,14,42,0.435388893,0.523066426,1,0,1,0.456446201,-1,100,0,0,0,0,0
56.1,0.0966382696,-0.0223817185,-30.0684722,0,0,FollowWall,right_wall_unobserved,0,14,42,0.435454756,0.52312979,1,0,1,0.456379324,-1,100,0,0,0,0,0
56.15,0.0966382696,-0.0223817185,-30.0684722,0,0,FollowWall,right_wall_unobserved,0,14,42,0.435454756,0.52312979,1,0,1,0.456379324,-1,100,0,0,0,0,0
56.2,0.0966382696,-0.0223817185,-30.0684722,0,0,FollowWall,right_wall_unobserved,0,14,42,0.435520858,0.523192802,1,0,1,0.456312269,-1,100,0,0,0,0,0
56.25,0.0966382696,-0.0223817185,-30.0684722,0,0,FollowWall,right_wall_unobserved,0,14,42,0.435520858,0.523192802,1,0,1,0.456312269,-1,100,0,0,0,0,0
56.3,0.0966382696,-0.0223817185,-30.0684722,0,0,FollowWall,right_wall_unobserved,0,14,42,0.435587257,0.523255404,1,0,1,0.456245005,-1,100,0,0,0,0,0
56.35,0.0966382696,-0.0223817185,-30.0684722,0,0,FollowWall,right_wall_unobserved,0,14,42,0.435587257,0.523255404,1,0,1,0.456245005,-1,100,0,0,0,0,0
56.4,0.0966382696,-0.0223817185,-30.0684722,0,0,FollowWall,right_wall_unobserved,0,14,42,0.435653895,0.523317596,1,0,1,0.456177592,-1,100,0,0,0,0,0
56.45,0.0966382696,-0.0223817185,-30.0684722,0,0,FollowWall,right_wall_unobserved,0,14,42,0.435653895,0.523317596,1,0,1,0.456177592,-1,100,0,0,0,0,0
56.5,0.0966382696,-0.0223817185,-30.0684722,0,0,FollowWall,right_wall_unobserved,0,14,42,0.435720742,0.523379378,1,0,1,0.45611003,-1,100,0,0,0,0,0
56.55,0.0966382696,-0.0223817185,-30.0684722,0,0,FollowWall,right_wall_unobserved,0,14,42,0.435720742,0.523379378,1,0,1,0.45611003,-1,100,0,0,0,0,0
56.6,0.0966382696,-0.0223817185,-30.0684722,0,0,FollowWall,right_wall_unobserved,0,14,42,0.435787767,0.523440751,1,0,1,0.456042349,-1,100,0,0,0,0,0
56.65,0.0966382696,-0.0223817185,-30.0684722,0,0,FollowWall,right_wall_unobserved,0,14,42,0.435787767,0.523440751,1,0,1,0.456042349,-1,100,0,0,0,0,0
56.7,0.0966382696,-0.0223817185,-30.0684722,0,0,FollowWall,right_wall_unobserved,0,14,42,0.435855001,0.523501654,1,0,1,0.455974549,-1,100,0,0,0,0,0
56.75,0.0966382696,-0.0223817185,-30.0684722,0,0,FollowWall,right_wall_unobserved,0,14,42,0.435855001,0.523501654,1,0,1,0.455974549,-1,100,0,0,0,0,0
56.8,0.0966382696,-0.0223817185,-30.0684722,0,0,FollowWall,right_wall_unobserved,0,14,42,0.435922414,0.523562031,1,0,1,0.455906689,-1,100,0,0,0,0,0
56.85,0.0966382696,-0.0223817185,-30.0684722,0,0,FollowWall,right_wall_unobserved,0,14,42,0.435922414,0.523562031,1,0,1,0.455906689,-1,100,0,0,0,0,0
56.9,0.0966382696,-0.0223817185,-30.0684722,0,0,FollowWall,right_wall_unobserved,0,14,42,0.435989946,0.523621998,1,0,1,0.45583877,-1,100,0,0,0,0,0
56.95,0.0966382696,-0.0223817185,-30.0684722,0,0,FollowWall,right_wall_unobserved,0,14,42,0.435989946,0.523621998,1,0,1,0.45583877,-1,100,0,0,0,0,0
57,0.0966382696,-0.0223817185,-30.0684722,0,0,FollowWall,right_wall_unobserved,0,14,42,0.436057627,0.523681379,1,0,1,0.455770791,-1,100,0,0,0,0,0
57.05,0.0966382696,-0.0223817185,-30.0684722,0,0,FollowWall,right_wall_unobserved,0,14,42,0.436057627,0.523681379,1,0,1,0.455770791,-1,100,0,0,0,0,0
57.1,0.0966382696,-0.0223817185,-30.0684722,0,0,FollowWall,right_wall_unobserved,0,14,42,0.436125398,0.523740292,1,0,1,0.455702811,-1,100,0,0,0,0,0
57.15,0.0966382696,-0.0223817185,-30.0684722,0,0,FollowWall,right_wall_unobserved,0,14,42,0.436125398,0.523740292,1,0,1,0.455702811,-1,100,0,0,0,0,0
57.2,0.0966382696,-0.0223817185,-30.0684722,0,0,FollowWall,right_wall_unobserved,0,14,42,0.436193228,0.523798619,1,0,1,0.455634803,-1,100,0,0,0,0,0
57.25,0.0966382696,-0.0223817185,-30.0684722,0,0,FollowWall,right_wall_unobserved,0,14,42,0.436193228,0.523798619,1,0,1,0.455634803,-1,100,0,0,0,0,0
57.3,0.0966382696,-0.0223817185,-30.0684722,0,0,FollowWall,right_wall_unobserved,0,14,42,0.436261147,0.523856361,1,0,1,0.455566823,-1,100,0,0,0,0,0
57.35,0.0966382696,-0.0223817185,-30.0684722,0,0,FollowWall,right_wall_unobserved,0,14,42,0.436261147,0.523856361,1,0,1,0.455566823,-1,100,0,0,0,0,0
57.4,0.0966382696,-0.0223817185,-30.0684722,0,0,FollowWall,right_wall_unobserved,0,14,42,0.436329126,0.523913575,1,0,1,0.455498874,-1,100,0,0,0,0,0
57.45,0.0966382696,-0.0223817185,-30.0684722,0,0,FollowWall,right_wall_unobserved,0,14,42,0.436329126,0.523913575,1,0,1,0.455498874,-1,100,0,0,0,0,0
57.5,0.0966382696,-0.0223817185,-30.0684722,0,0,FollowWall,right_wall_unobserved,0,14,42,0.436397105,0.523970204,1,0,1,0.455430984,-1,100,0,0,0,0,0
57.55,0.0966382696,-0.0223817185,-30.0684722,0,0,FollowWall,right_wall_unobserved,0,14,42,0.436397105,0.523970204,1,0,1,0.455430984,-1,100,0,0,0,0,0
57.6,0.0966382696,-0.0223817185,-30.0684722,0,0,FollowWall,right_wall_unobserved,0,14,42,0.436465114,0.524026189,1,0,1,0.455363154,-1,100,0,0,0,0,0
57.65,0.0966382696,-0.0223817185,-30.0684722,0,0,FollowWall,right_wall_unobserved,0,14,42,0.436465114,0.524026189,1,0,1,0.455363154,-1,100,0,0,0,0,0
57.7,0.0966382696,-0.0223817185,-30.0684722,0,0,FollowWall,right_wall_unobserved,0,14,42,0.436533093,0.524081529,1,0,1,0.455295444,-1,100,0,0,0,0,0
57.75,0.0966382696,-0.0223817185,-30.0684722,0,0,FollowWall,right_wall_unobserved,0,14,42,0.436533093,0.524081529,1,0,1,0.455295444,-1,100,0,0,0,0,0
57.8,0.0966382696,-0.0223817185,-30.0684722,0,0,FollowWall,right_wall_unobserved,0,14,42,0.436601043,0.524136226,1,0,1,0.455227822,-1,100,0,0,0,0,0
57.85,0.0966382696,-0.0223817185,-30.0684722,0,0,FollowWall,right_wall_unobserved,0,14,42,0.436601043,0.524136226,1,0,1,0.455227822,-1,100,0,0,0,0,0
57.9,0.0966382696,-0.0223817185,-30.0684722,0,0,FollowWall,right_wall_unobserved,0,14,42,0.436668962,0.524190336,1,0,1,0.45516035,-1,100,0,0,0,0,0
57.95,0.0966382696,-0.0223817185,-30.0684722,0,0,FollowWall,right_wall_unobserved,0,14,42,0.436668962,0.524190336,1,0,1,0.45516035,-1,100,0,0,0,0,0
58,0.0966382696,-0.0223817185,-30.0684722,0,0,FollowWall,right_wall_unobserved,0,14,42,0.436736792,0.524243686,1,0,1,0.455093026,-1,100,0,0,0,0,0
58.05,0.0966382696,-0.0223817185,-30.0684722,0,0,FollowWall,right_wall_unobserved,0,14,42,0.436736792,0.524243686,1,0,1,0.455093026,-1,100,0,0,0,0,0
58.1,0.0966382696,-0.0223817185,-30.0684722,0,0,FollowWall,right_wall_unobserved,0,14,42,0.436804533,0.524296391,1,0,1,0.455025882,-1,100,0,0,0,0,0
58.15,0.0966382696,-0.0223817185,-30.0684722,0,0,FollowWall,right_wall_unobserved,0,14,42,0.436804533,0.524296391,1,0,1,0.455025882,-1,100,0,0,0,0,0
58.2,0.0966382696,-0.0223817185,-30.0684722,0,0,FollowWall,right_wall_unobserved,0,14,42,0.436872154,0.524348394,1,0,1,0.454958916,-1,100,0,0,0,0,0
58.25,0.0966382696,-0.0223817185,-30.0684722,0,0,FollowWall,right_wall_unobserved,0,14,42,0.436872154,0.524348394,1,0,1,0.454958916,-1,100,0,0,0,0,0
58.3,0.0966382696,-0.0223817185,-30.0684722,0,0,FollowWall,right_wall_unobserved,0,14,42,0.436939657,0.524399635,1,0,1,0.454892188,-1,100,0,0,0,0,0
58.35,0.0966382696,-0.0223817185,-30.0684722,0,0,FollowWall,right_wall_unobserved,0,14,42,0.436939657,0.524399635,1,0,1,0.454892188,-1,100,0,0,0,0,0
58.4,0.0966382696,-0.0223817185,-30.0684722,0,0,FollowWall,right_wall_unobserved,0,14,42,0.43700698,0.524450173,1,0,1,0.45482567,-1,100,0,0,0,0,0
58.45,0.0966382696,-0.0223817185,-30.0684722,0,0,FollowWall,right_wall_unobserved,0,14,42,0.43700698,0.524450173,1,0,1,0.45482567,-1,100,0,0,0,0,0
58.5,0.0966382696,-0.0223817185,-30.0684722,0,0,FollowWall,right_wall_unobserved,0,14,42,0.437074155,0.524499951,1,0,1,0.454759389,-1,100,0,0,0,0,0
58.55,0.0966382696,-0.0223817185,-30.0684722,0,0,FollowWall,right_wall_unobserved,0,14,42,0.437074155,0.524499951,1,0,1,0.454759389,-1,100,0,0,0,0,0
58.6,0.0966382696,-0.0223817185,-30.0684722,0,0,FollowWall,right_wall_unobserved,0,14,42,0.43714115,0.524548967,1,0,1,0.454693407,-1,100,0,0,0,0,0
58.65,0.0966382696,-0.0223817185,-30.0684722,0,0,FollowWall,right_wall_unobserved,0,14,42,0.43714115,0.524548967,1,0,1,0.454693407,-1,100,0,0,0,0,0
58.7,0.0966382696,-0.0223817185,-30.0684722,0,0,FollowWall,right_wall_unobserved,0,14,42,0.437207937,0.524597221,1,0,1,0.454627693,-1,100,0,0,0,0,0
58.75,0.0966382696,-0.0223817185,-30.0684722,0,0,FollowWall,right_wall_unobserved,0,14,42,0.437207937,0.524597221,1,0,1,0.454627693,-1,100,0,0,0,0,0
58.8,0.0966382696,-0.0223817185,-30.0684722,0,0,FollowWall,right_wall_unobserved,0,14,42,0.437274486,0.524644656,1,0,1,0.454562277,-1,100,0,0,0,0,0
58.85,0.0966382696,-0.0223817185,-30.0684722,0,0,FollowWall,right_wall_unobserved,0,14,42,0.437274486,0.524644656,1,0,1,0.454562277,-1,100,0,0,0,0,0
58.9,0.0966382696,-0.0223817185,-30.0684722,0,0,FollowWall,right_wall_unobserved,0,14,42,0.437340796,0.524691271,1,0,1,0.454497218,-1,100,0,0,0,0,0
58.95,0.0966382696,-0.0223817185,-30.0684722,0,0,FollowWall,right_wall_unobserved,0,14,42,0.437340796,0.524691271,1,0,1,0.454497218,-1,100,0,0,0,0,0
59,0.0966382696,-0.0223817185,-30.0684722,0,0,FollowWall,right_wall_unobserved,0,14,42,0.437406838,0.524737124,1,0,1,0.454432487,-1,100,0,0,0,0,0
59.05,0.0966382696,-0.0223817185,-30.0684722,0,0,FollowWall,right_wall_unobserved,0,14,42,0.437406838,0.524737124,1,0,1,0.454432487,-1,100,0,0,0,0,0
59.1,0.0966382696,-0.0223817185,-30.0684722,0,0,FollowWall,right_wall_unobserved,0,14,42,0.437472582,0.524782099,1,0,1,0.454368114,-1,100,0,0,0,0,0
59.15,0.0966382696,-0.0223817185,-30.0684722,0,0,FollowWall,right_wall_unobserved,0,14,42,0.437472582,0.524782099,1,0,1,0.454368114,-1,100,0,0,0,0,0
59.2,0.0966382696,-0.0223817185,-30.0684722,0,0,FollowWall,right_wall_unobserved,0,14,42,0.437538028,0.524826255,1,0,1,0.454304129,-1,100,0,0,0,0,0
59.25,0.0966382696,-0.0223817185,-30.0684722,0,0,FollowWall,right_wall_unobserved,0,14,42,0.437538028,0.524826255,1,0,1,0.454304129,-1,100,0,0,0,0,0
59.3,0.0966382696,-0.0223817185,-30.0684722,0,0,FollowWall,right_wall_unobserved,0,14,42,0.437603146,0.524869532,1,0,1,0.454240531,-1,100,0,0,0,0,0
59.35,0.0966382696,-0.0223817185,-30.0684722,0,0,FollowWall,right_wall_unobserved,0,14,42,0.437603146,0.524869532,1,0,1,0.454240531,-1,100,0,0,0,0,0
59.4,0.0966382696,-0.0223817185,-30.0684722,0,0,FollowWall,right_wall_unobserved,0,14,42,0.437667936,0.52491193,1,0,1,0.45417738,-1,100,0,0,0,0,0
59.45,0.0966382696,-0.0223817185,-30.0684722,0,0,FollowWall,right_wall_unobserved,0,14,42,0.437667936,0.52491193,1,0,1,0.45417738,-1,100,0,0,0,0,0
59.5,0.0966382696,-0.0223817185,-30.0684722,0,0,FollowWall,right_wall_unobserved,0,14,42,0.437732369,0.52495345,1,0,1,0.454114646,-1,100,0,0,0,0,0
59.55,0.0966382696,-0.0223817185,-30.0684722,0,0,FollowWall,right_wall_unobserved,0,14,42,0.437732369,0.52495345,1,0,1,0.454114646,-1,100,0,0,0,0,0
59.6,0.0966382696,-0.0223817185,-30.0684722,0,0,FollowWall,right_wall_unobserved,0,14,42,0.437796414,0.524994092,1,0,1,0.454052359,-1,100,0,0,0,0,0
59.65,0.0966382696,-0.0223817185,-30.0684722,0,0,FollowWall,right_wall_unobserved,0,14,42,0.437796414,0.524994092,1,0,1,0.454052359,-1,100,0,0,0,0,0
59.7,0.0966382696,-0.0223817185,-30.0684722,0,0,FollowWall,right_wall_unobserved,0,14,42,0.437860042,0.525033796,1,0,1,0.453990549,-1,100,0,0,0,0,0
59.75,0.0966382696,-0.0223817185,-30.0684722,0,0,FollowWall,right_wall_unobserved,0,14,42,0.437860042,0.525033796,1,0,1,0.453990549,-1,100,0,0,0,0,0
59.8,0.0966382696,-0.0223817185,-30.0684722,0,0,FollowWall,right_wall_unobserved,0,14,42,0.437923282,0.525072623,1,0,1,0.453929245,-1,100,0,0,0,0,0
59.85,0.0966382696,-0.0223817185,-30.0684722,0,0,FollowWall,right_wall_unobserved,0,14,42,0.437923282,0.525072623,1,0,1,0.453929245,-1,100,0,0,0,0,0
59.9,0.0966382696,-0.0223817185,-30.0684722,0,0,FollowWall,right_wall_unobserved,0,14,42,0.437986076,0.525110453,1,0,1,0.453868449,-1,100,0,0,0,0,0
59.95,0.0966382696,-0.0223817185,-30.0684722,0,0,FollowWall,right_wall_unobserved,0,14,42,0.437986076,0.525110453,1,0,1,0.453868449,-1,100,0,0,0,0,0
60,0.0966382696,-0.0223817185,-30.0684722,0,0,FollowWall,right_wall_unobserved,0,14,42,0.438048422,0.525147405,1,0,1,0.453808159,-1,100,0,0,0,0,0
60.05,0.0966382696,-0.0223817185,-30.0684722,0,0,FollowWall,right_wall_unobserved,0,14,42,0.438048422,0.525147405,1,0,1,0.453808159,-1,100,0,0,0,0,0
60.1,0.0966382696,-0.0223817185,-30.0684722,0,0,FollowWall,right_wall_unobserved,0,14,42,0.438110292,0.525183362,1,0,1,0.453748435,-1,100,0,0,0,0,0
60.15,0.0966382696,-0.0223817185,-30.0684722,0,0,FollowWall,right_wall_unobserved,0,14,42,0.438110292,0.525183362,1,0,1,0.453748435,-1,100,0,0,0,0,0
60.2,0.0966382696,-0.0223817185,-30.0684722,0,0,FollowWall,right_wall_unobserved,0,14,42,0.438171685,0.525218382,1,0,1,0.453689277,-1,100,0,0,0,0,0
60.25,0.0966382696,-0.0223817185,-30.0684722,0,0,FollowWall,right_wall_unobserved,0,14,42,0.438171685,0.525218382,1,0,1,0.453689277,-1,100,0,0,0,0,0
60.3,0.0966382696,-0.0223817185,-30.0684722,0,0,FollowWall,right_wall_unobserved,0,14,42,0.438232541,0.525252465,1,0,1,0.453630686,-1,100,0,0,0,0,0
60.35,0.0966382696,-0.0223817185,-30.0684722,0,0,FollowWall,right_wall_unobserved,0,14,42,0.438232541,0.525252465,1,0,1,0.453630686,-1,100,0,0,0,0,0
60.4,0.0966382696,-0.0223817185,-30.0684722,0,0,FollowWall,right_wall_unobserved,0,14,42,0.438292921,0.525285493,1,0,1,0.453572661,-1,100,0,0,0,0,0
60.45,0.0966382696,-0.0223817185,-30.0684722,0,0,FollowWall,right_wall_unobserved,0,14,42,0.438292921,0.525285493,1,0,1,0.453572661,-1,100,0,0,0,0,0
60.5,0.0966382696,-0.0223817185,-30.0684722,0,0,FollowWall,right_wall_unobserved,0,14,42,0.438352734,0.525317585,1,0,1,0.453515291,-1,100,0,0,0,0,0
60.55,0.0966382696,-0.0223817185,-30.0684722,0,0,FollowWall,right_wall_unobserved,0,14,42,0.438352734,0.525317585,1,0,1,0.453515291,-1,100,0,0,0,0,0
60.6,0.0966382696,-0.0223817185,-30.0684722,0,0,FollowWall,right_wall_unobserved,0,14,42,0.438411981,0.525348681,1,0,1,0.453458518,-1,100,0,0,0,0,0
60.65,0.0966382696,-0.0223817185,-30.0684722,0,0,FollowWall,right_wall_unobserved,0,14,42,0.438411981,0.525348681,1,0,1,0.453458518,-1,100,0,0,0,0,0
60.7,0.0966382696,-0.0223817185,-30.0684722,0,0,FollowWall,right_wall_unobserved,0,14,42,0.438470662,0.525378723,1,0,1,0.45340243,-1,100,0,0,0,0,0
60.75,0.0966382696,-0.0223817185,-30.0684722,0,0,FollowWall,right_wall_unobserved,0,14,42,0.438470662,0.525378723,1,0,1,0.45340243,-1,100,0,0,0,0,0
60.8,0.0966382696,-0.0223817185,-30.0684722,0,0,FollowWall,right_wall_unobserved,0,14,42,0.438528746,0.525407769,1,0,1,0.453346968,-1,100,0,0,0,0,0
60.85,0.0966382696,-0.0223817185,-30.0684722,0,0,FollowWall,right_wall_unobserved,0,14,42,0.438528746,0.525407769,1,0,1,0.453346968,-1,100,0,0,0,0,0
60.9,0.0966382696,-0.0223817185,-30.0684722,0,0,FollowWall,right_wall_unobserved,0,14,42,0.438586205,0.525435762,1,0,1,0.453292191,-1,100,0,0,0,0,0
60.95,0.0966382696,-0.0223817185,-30.0684722,0,0,FollowWall,right_wall_unobserved,0,14,42,0.438586205,0.525435762,1,0,1,0.453292191,-1,100,0,0,0,0,0
61,0.0966382696,-0.0223817185,-30.0684722,0,0,FollowWall,right_wall_unobserved,0,14,42,0.438643068,0.525462759,1,0,1,0.4532381,-1,100,0,0,0,0,0
61.05,0.0966382696,-0.0223817185,-30.0684722,0,0,FollowWall,right_wall_unobserved,0,14,42,0.438643068,0.525462759,1,0,1,0.4532381,-1,100,0,0,0,0,0
61.1,0.0966382696,-0.0223817185,-30.0684722,0,0,FollowWall,right_wall_unobserved,0,14,42,0.438642442,0.525488701,1,0,1,0.453184724,-1,100,0,0,0,0,0
61.15,0.0966382696,-0.0223817185,-30.0684722,0,0,FollowWall,right_wall_unobserved,0,14,42,0.438642442,0.525488701,1,0,1,0.453184724,-1,100,0,0,0,0,0
61.2,0.0966382696,-0.0223817185,-30.0684722,0,0,FollowWall,right_wall_unobserved,0,14,42,0.43860206,0.52551359,1,0,1,0.453132093,-1,100,0,0,0,0,0
61.25,0.0966382696,-0.0223817185,-30.0684722,0,0,FollowWall,right_wall_unobserved,0,14,42,0.43860206,0.52551359,1,0,1,0.453132093,-1,100,0,0,0,0,0
61.3,0.0966382696,-0.0223817185,-30.0684722,0,0,FollowWall,right_wall_unobserved,0,14,42,0.438562632,0.525537424,1,0,1,0.453080177,-1,100,0,0,0,0,0
61.35,0.0966382696,-0.0223817185,-30.0684722,0,0,FollowWall,right_wall_unobserved,0,14,42,0.438562632,0.525537424,1,0,1,0.453080177,-1,100,0,0,0,0,0
61.4,0.0966382696,-0.0223817185,-30.0684722,0,0,FollowWall,right_wall_unobserved,0,14,42,0.438524127,0.525560205,1,0,1,0.453029007,-1,100,0,0,0,0,0
61.45,0.0966382696,-0.0223817185,-30.0684722,0,0,FollowWall,right_wall_unobserved,0,14,42,0.438524127,0.525560205,1,0,1,0.453029007,-1,100,0,0,0,0,0
61.5,0.0966382696,-0.0223817185,-30.0684722,0,0,FollowWall,right_wall_unobserved,0,14,42,0.438486606,0.525581873,1,0,1,0.452978641,-1,100,0,0,0,0,0
61.55,0.0966382696,-0.0223817185,-30.0684722,0,0,FollowWall,right_wall_unobserved,0,14,42,0.438486606,0.525581873,1,0,1,0.452978641,-1,100,0,0,0,0,0
61.6,0.0966382696,-0.0223817185,-30.0684722,0,0,FollowWall,right_wall_unobserved,0,14,42,0.438450038,0.525602486,1,0,1,0.45292902,-1,100,0,0,0,0,0
61.65,0.0966382696,-0.0223817185,-30.0684722,0,0,FollowWall,right_wall_unobserved,0,14,42,0.438450038,0.525602486,1,0,1,0.45292902,-1,100,0,0,0,0,0
61.7,0.0966382696,-0.0223817185,-30.0684722,0,0,FollowWall,right_wall_unobserved,0,14,42,0.438414484,0.525622046,1,0,1,0.452880204,-1,100,0,0,0,0,0
61.75,0.0966382696,-0.0223817185,-30.0684722,0,0,FollowWall,right_wall_unobserved,0,14,42,0.438414484,0.525622046,1,0,1,0.452880204,-1,100,0,0,0,0,0
61.8,0.0966382696,-0.0223817185,-30.0684722,0,0,FollowWall,right_wall_unobserved,0,14,42,0.438379884,0.525640492,1,0,1,0.452879041,-1,100,0,0,0,0,0
61.85,0.0966382696,-0.0223817185,-30.0684722,0,0,FollowWall,right_wall_unobserved,0,14,42,0.438379884,0.525640492,1,0,1,0.452879041,-1,100,0,0,0,0,0
61.9,0.0966382696,-0.0223817185,-30.0684722,0,0,FollowWall,right_wall_unobserved,0,14,42,0.438346297,0.525657827,1,0,1,0.452908397,-1,100,0,0,0,0,0
61.95,0.0966382696,-0.0223817185,-30.0684722,0,0,FollowWall,right_wall_unobserved,0,14,42,0.438346297,0.525657827,1,0,1,0.452908397,-1,100,0,0,0,0,0
62,0.0966382696,-0.0223817185,-30.0684722,0,0,FollowWall,right_wall_unobserved,0,14,42,0.438313723,0.525674048,1,0,1,0.452936679,-1,100,0,0,0,0,0
62.05,0.0966382696,-0.0223817185,-30.0684722,0,0,FollowWall,right_wall_unobserved,0,14,42,0.438313723,0.525674048,1,0,1,0.452936679,-1,100,0,0,0,0,0
62.1,0.0966382696,-0.0223817185,-30.0684722,0,0,FollowWall,right_wall_unobserved,0,14,42,0.438282162,0.525689216,1,0,1,0.452963918,-1,100,0,0,0,0,0
62.15,0.0966382696,-0.0223817185,-30.0684722,0,0,FollowWall,right_wall_unobserved,0,14,42,0.438282162,0.525689216,1,0,1,0.452963918,-1,100,0,0,0,0,0
62.2,0.0966382696,-0.0223817185,-30.0684722,0,0,FollowWall,right_wall_unobserved,0,14,42,0.438251615,0.52570327,1,0,1,0.452990115,-1,100,0,0,0,0,0
62.25,0.0966382696,-0.0223817185,-30.0684722,0,0,FollowWall,right_wall_unobserved,0,14,42,0.438251615,0.52570327,1,0,1,0.452990115,-1,100,0,0,0,0,0
62.3,0.0966382696,-0.0223817185,-30.0684722,0,0,FollowWall,right_wall_unobserved,0,14,42,0.43822214,0.525716154,1,0,1,0.453015208,-1,100,0,0,0,0,0
62.35,0.0966382696,-0.0223817185,-30.0684722,0,0,FollowWall,right_wall_unobserved,0,14,42,0.43822214,0.525716154,1,0,1,0.453015208,-1,100,0,0,0,0,0
62.4,0.0966382696,-0.0223817185,-30.0684722,0,0,FollowWall,right_wall_unobserved,0,14,42,0.438193679,0.525727983,1,0,1,0.453039229,-1,100,0,0,0,0,0
62.45,0.0966382696,-0.0223817185,-30.0684722,0,0,FollowWall,right_wall_unobserved,0,14,42,0.438193679,0.525727983,1,0,1,0.453039229,-1,100,0,0,0,0,0
62.5,0.0966382696,-0.0223817185,-30.0684722,0,0,FollowWall,right_wall_unobserved,0,14,42,0.438166291,0.5257387,1,0,1,0.453062177,-1,100,0,0,0,0,0
62.55,0.0966382696,-0.0223817185,-30.0684722,0,0,FollowWall,right_wall_unobserved,0,14,42,0.438166291,0.5257387,1,0,1,0.453062177,-1,100,0,0,0,0,0
62.6,0.0966382696,-0.0223817185,-30.0684722,0,0,FollowWall,right_wall_unobserved,0,14,42,0.438139945,0.525748245,1,0,1,0.453084022,-1,100,0,0,0,0,0
62.65,0.0966382696,-0.0223817185,-30.0684722,0,0,FollowWall,right_wall_unobserved,0,14,42,0.438139945,0.525748245,1,0,1,0.453084022,-1,100,0,0,0,0,0
62.7,0.0966382696,-0.0223817185,-30.0684722,0,0,FollowWall,right_wall_unobserved,0,14,42,0.438114703,0.525756678,1,0,1,0.453104794,-1,100,0,0,0,0,0
62.75,0.0966382696,-0.0223817185,-30.0684722,0,0,FollowWall,right_wall_unobserved,0,14,42,0.438114703,0.525756678,1,0,1,0.453104794,-1,100,0,0,0,0,0
62.8,0.0966382696,-0.0223817185,-30.0684722,0,0,FollowWall,right_wall_unobserved,0,14,42,0.438090503,0.525763998,1,0,1,0.453124434,-1,100,0,0,0,0,0
62.85,0.0966382696,-0.0223817185,-30.0684722,0,0,FollowWall,right_wall_unobserved,0,14,42,0.438090503,0.525763998,1,0,1,0.453124434,-1,100,0,0,0,0,0
62.9,0.0966382696,-0.0223817185,-30.0684722,0,0,FollowWall,right_wall_unobserved,0,14,42,0.438067406,0.525770206,1,0,1,0.453142971,-1,100,0,0,0,0,0
62.95,0.0966382696,-0.0223817185,-30.0684722,0,0,FollowWall,right_wall_unobserved,0,14,42,0.438067406,0.525770206,1,0,1,0.453142971,-1,100,0,0,0,0,0
63,0.0966382696,-0.0223817185,-30.0684722,0,0,FollowWall,right_wall_unobserved,0,14,42,0.438045382,0.525775242,1,0,1,0.453160405,-1,100,0,0,0,0,0
63.05,0.0966382696,-0.0223817185,-30.0684722,0,0,FollowWall,right_wall_unobserved,0,14,42,0.438045382,0.525775242,1,0,1,0.453160405,-1,100,0,0,0,0,0
63.1,0.0966382696,-0.0223817185,-30.0684722,0,0,FollowWall,right_wall_unobserved,0,14,42,0.438024491,0.525779166,1,0,1,0.453176707,-1,100,0,0,0,0,0
63.15,0.0966382696,-0.0223817185,-30.0684722,0,0,FollowWall,right_wall_unobserved,0,14,42,0.438024491,0.525779166,1,0,1,0.453176707,-1,100,0,0,0,0,0
63.2,0.0966382696,-0.0223817185,-30.0684722,0,0,FollowWall,right_wall_unobserved,0,14,42,0.438004673,0.525781977,1,0,1,0.453191876,-1,100,0,0,0,0,0
63.25,0.0966382696,-0.0223817185,-30.0684722,0,0,FollowWall,right_wall_unobserved,0,14,42,0.438004673,0.525781977,1,0,1,0.453191876,-1,100,0,0,0,0,0
63.3,0.0966382696,-0.0223817185,-30.0684722,0,0,FollowWall,right_wall_unobserved,0,14,42,0.437985957,0.525783617,1,0,1,0.453205943,-1,100,0,0,0,0,0
63.35,0.0966382696,-0.0223817185,-30.0684722,0,0,FollowWall,right_wall_unobserved,0,14,42,0.437985957,0.525783617,1,0,1,0.453205943,-1,100,0,0,0,0,0
63.4,0.0966382696,-0.0223817185,-30.0684722,0,0,FollowWall,right_wall_unobserved,0,14,42,0.437968373,0.525784144,1,0,1,0.453218848,-1,100,0,0,0,0,0
63.45,0.0966382696,-0.0223817185,-30.0684722,0,0,FollowWall,right_wall_unobserved,0,14,42,0.437968373,0.525784144,1,0,1,0.453218848,-1,100,0,0,0,0,0
63.5,0.0966382696,-0.0223817185,-30.0684722,0,0,FollowWall,right_wall_unobserved,0,14,42,0.437951893,0.525783499,1,0,1,0.453230649,-1,100,0,0,0,0,0
63.55,0.0966382696,-0.0223817185,-30.0684722,0,0,FollowWall,right_wall_unobserved,0,14,42,0.437951893,0.525783499,1,0,1,0.453230649,-1,100,0,0,0,0,0
63.6,0.0966382696,-0.0223817185,-30.0684722,0,0,FollowWall,right_wall_unobserved,0,14,42,0.437936544,0.525781743,1,0,1,0.453241289,-1,100,0,0,0,0,0
63.65,0.0966382696,-0.0223817185,-30.0684722,0,0,FollowWall,right_wall_unobserved,0,14,42,0.437936544,0.525781743,1,0,1,0.453241289,-1,100,0,0,0,0,0
63.7,0.0966382696,-0.0223817185,-30.0684722,0,0,FollowWall,right_wall_unobserved,0,14,42,0.437922329,0.525778873,1,0,1,0.453250796,-1,100,0,0,0,0,0
63.75,0.0966382696,-0.0223817185,-30.0684722,0,0,FollowWall,right_wall_unobserved,0,14,42,0.437922329,0.525778873,1,0,1,0.453250796,-1,100,0,0,0,0,0
63.8,0.0966382696,-0.0223817185,-30.0684722,0,0,FollowWall,right_wall_unobserved,0,14,42,0.437909245,0.525774832,1,0,1,0.45325914,-1,100,0,0,0,0,0
63.85,0.0966382696,-0.0223817185,-30.0684722,0,0,FollowWall,right_wall_unobserved,0,14,42,0.437909245,0.525774832,1,0,1,0.45325914,-1,100,0,0,0,0,0
63.9,0.0966382696,-0.0223817185,-30.0684722,0,0,FollowWall,right_wall_unobserved,0,14,42,0.437897295,0.525769679,1,0,1,0.453266352,-1,100,0,0,0,0,0
63.95,0.0966382696,-0.0223817185,-30.0684722,0,0,FollowWall,right_wall_unobserved,0,14,42,0.437897295,0.525769679,1,0,1,0.453266352,-1,100,0,0,0,0,0
64,0.0966382696,-0.0223817185,-30.0684722,0,0,FollowWall,right_wall_unobserved,0,14,42,0.437886506,0.525763354,1,0,1,0.453272402,-1,100,0,0,0,0,0
64.05,0.0966382696,-0.0223817185,-30.0684722,0,0,FollowWall,right_wall_unobserved,0,14,42,0.437886506,0.525763354,1,0,1,0.453272402,-1,100,0,0,0,0,0
64.1,0.0966382696,-0.0223817185,-30.0684722,0,0,FollowWall,right_wall_unobserved,0,14,42,0.437876821,0.525755976,1,0,1,0.45327729,-1,100,0,0,0,0,0
64.15,0.0966382696,-0.0223817185,-30.0684722,0,0,FollowWall,right_wall_unobserved,0,14,42,0.437876821,0.525755976,1,0,1,0.45327729,-1,100,0,0,0,0,0
64.2,0.0966382696,-0.0223817185,-30.0684722,0,0,FollowWall,right_wall_unobserved,0,14,42,0.437868297,0.525747426,1,0,1,0.453281045,-1,100,0,0,0,0,0
64.25,0.0966382696,-0.0223817185,-30.0684722,0,0,FollowWall,right_wall_unobserved,0,14,42,0.437868297,0.525747426,1,0,1,0.453281045,-1,100,0,0,0,0,0
64.3,0.0966382696,-0.0223817185,-30.0684722,0,0,FollowWall,right_wall_unobserved,0,14,42,0.437860936,0.525737763,1,0,1,0.453283638,-1,100,0,0,0,0,0
64.35,0.0966382696,-0.0223817185,-30.0684722,0,0,FollowWall,right_wall_unobserved,0,14,42,0.437860936,0.525737763,1,0,1,0.453283638,-1,100,0,0,0,0,0
64.4,0.0966382696,-0.0223817185,-30.0684722,0,0,FollowWall,right_wall_unobserved,0,14,42,0.437854707,0.525726929,1,0,1,0.453285068,-1,100,0,0,0,0,0
64.45,0.0966382696,-0.0223817185,-30.0684722,0,0,FollowWall,right_wall_unobserved,0,14,42,0.437854707,0.525726929,1,0,1,0.453285068,-1,100,0,0,0,0,0
64.5,0.0966382696,-0.0223817185,-30.0684722,0,0,FollowWall,right_wall_unobserved,0,14,42,0.437849641,0.525715041,1,0,1,0.453285366,-1,100,0,0,0,0,0
64.55,0.0966382696,-0.0223817185,-30.0684722,0,0,FollowWall,right_wall_unobserved,0,14,42,0.437849641,0.525715041,1,0,1,0.453285366,-1,100,0,0,0,0,0
64.6,0.0966382696,-0.0223817185,-30.0684722,0,0,FollowWall,right_wall_unobserved,0,14,42,0.437845737,0.525701982,1,0,1,0.453284502,-1,100,0,0,0,0,0
64.65,0.0966382696,-0.0223817185,-30.0684722,0,0,FollowWall,right_wall_unobserved,0,14,42,0.437845737,0.525701982,1,0,1,0.453284502,-1,100,0,0,0,0,0
64.7,0.0966382696,-0.0223817185,-30.0684722,0,0,FollowWall,right_wall_unobserved,0,14,42,0.437842965,0.525687869,1,0,1,0.453282475,-1,100,0,0,0,0,0
64.75,0.0966382696,-0.0223817185,-30.0684722,0,0,FollowWall,right_wall_unobserved,0,14,42,0.437842965,0.525687869,1,0,1,0.453282475,-1,100,0,0,0,0,0
64.8,0.0966382696,-0.0223817185,-30.0684722,0,0,FollowWall,right_wall_unobserved,0,14,42,0.437841356,0.525672643,1,0,1,0.453279287,-1,100,0,0,0,0,0
64.85,0.0966382696,-0.0223817185,-30.0684722,0,0,FollowWall,right_wall_unobserved,0,14,42,0.437841356,0.525672643,1,0,1,0.453279287,-1,100,0,0,0,0,0
64.9,0.0966382696,-0.0223817185,-30.0684722,0,0,FollowWall,right_wall_unobserved,0,14,42,0.437840909,0.525656246,1,0,1,0.453274935,-1,100,0,0,0,0,0
64.95,0.0966382696,-0.0223817185,-30.0684722,0,0,FollowWall,right_wall_unobserved,0,14,42,0.437840909,0.525656246,1,0,1,0.453274935,-1,100,0,0,0,0,0
65,0.0966382696,-0.0223817185,-30.0684722,0,0,FollowWall,right_wall_unobserved,0,14,42,0.437841594,0.525638794,1,0,1,0.453269452,-1,100,0,0,0,0,0
