time,x,y,yaw_deg,v,w,state,reason,fault,narrow_usable,wide_usable,front_sector,front_clearance,pivot_valid,heading_valid,right_valid,right_distance,cap_gap,min_cap_gap,entered,approached,returned,contact,completed
0,0,0,0,0.0642548198,-0.236177702,FollowWall,following_right_wall,0,14,42,0.655125201,2.15800291,1,1,1,0.40469715,-1,100,0,0,0,0,0
0.05,0.00133863803,-3.29330304e-06,-0.281916366,0.0642548198,-0.236177702,FollowWall,following_right_wall,0,14,42,0.655125201,2.15800291,1,1,1,0.40469715,-1,100,0,0,0,0,0
0.1,0.0034580723,-2.19780006e-05,-0.728283945,0.0652809827,-0.220785259,FollowWall,following_right_wall,0,14,42,0.65579778,2.1542059,1,1,1,0.404819846,-1,100,0,0,0,0,0
0.15,0.0060540897,-6.68495744e-05,-1.25220802,0.0652809827,-0.220785259,FollowWall,following_right_wall,0,14,42,0.65579778,2.1542059,1,1,1,0.404819846,-1,100,0,0,0,0,0
0.2,0.0089276459,-0.000143942753,-1.82137339,0.066823811,-0.197642835,FollowWall,following_right_wall,0,14,42,0.646140337,2.14821674,1,1,1,0.405106276,-1,100,0,0,0,0,0
0.25,0.0119945812,-0.000256688356,-2.38930528,0.066823811,-0.197642835,FollowWall,following_right_wall,0,14,42,0.646140337,2.14821674,1,1,1,0.405106276,-1,100,0,0,0,0,0
0.3,0.0151735357,-0.000405097774,-2.95651764,0.0684580032,-0.173129952,FollowWall,following_right_wall,0,14,42,0.641006291,2.14229787,1,1,1,0.405229092,-1,100,0,0,0,0,0
0.35,0.0184509543,-0.000589784764,-3.49405017,0.0684580032,-0.173129952,FollowWall,following_right_wall,0,14,42,0.641006291,2.14229787,1,1,1,0.405229092,-1,100,0,0,0,0,0
0.4,0.021784854,-0.000808543183,-4.01426947,0.0699603132,-0.150595302,FollowWall,following_right_wall,0,14,42,0.640157342,2.13679069,1,1,1,0.405747294,-1,100,0,0,0,0,0
0.45,0.0251819244,-0.00106133968,-4.49749063,0.0699603132,-0.150595302,FollowWall,following_right_wall,0,14,42,0.640157342,2.13679069,1,1,1,0.405747294,-1,100,0,0,0,0,0
0.5,0.0286148118,-0.00134528214,-4.95912954,0.0713288733,-0.1300669,FollowWall,following_right_wall,0,14,42,0.629249036,2.1316042,1,1,1,0.406079799,-1,100,0,0,0,0,0
0.55,0.0320959581,-0.00166033942,-5.38367483,0.0713288733,-0.1300669,FollowWall,following_right_wall,0,14,42,0.629249036,2.1316042,1,1,1,0.406079799,-1,100,0,0,0,0,0
0.6,0.0356042103,-0.00200340724,-5.78658218,0.0725872288,-0.111191568,FollowWall,following_right_wall,0,14,42,0.623877823,2.12656996,1,1,1,0.405786723,-1,100,0,0,0,0,0
0.65,0.0391533297,-0.00237458475,-6.15433662,0.0725872288,-0.111191568,FollowWall,following_right_wall,0,14,42,0.623877823,2.12656996,1,1,1,0.405786723,-1,100,0,0,0,0,0
0.7,0.0427252784,-0.00277069605,-6.5015852,0.0736346063,-0.0954809054,FollowWall,following_right_wall,0,14,42,0.614582896,2.12153356,1,1,1,0.405749261,-1,100,0,0,0,0,0
0.75,0.0463312444,-0.00319173829,-6.81811881,0.0736346063,-0.0954809054,FollowWall,following_right_wall,0,14,42,0.614582896,2.12153356,1,1,1,0.405749261,-1,100,0,0,0,0,0
0.8,0.0499561016,-0.00363472311,-7.11673535,0.0746170223,-0.0807446662,FollowWall,following_right_wall,0,14,42,0.606056869,2.11639711,1,1,1,0.404730737,-1,100,0,0,0,0,0
0.85,0.0536113779,-0.00409986412,-7.38731018,0.0746170223,-0.0807446662,FollowWall,following_right_wall,0,14,42,0.606056869,2.11639711,1,1,1,0.404730737,-1,100,0,0,0,0,0
0.9,0.0572835284,-0.00458425208,-7.64152734,0.0754384752,-0.0684228723,FollowWall,following_right_wall,0,14,42,0.598632336,2.11108482,1,1,1,0.404187858,-1,100,0,0,0,0,0
0.95,0.0609816586,-0.00508797354,-7.87149447,0.0754384752,-0.0684228723,FollowWall,following_right_wall,0,14,42,0.598632336,2.11108482,1,1,1,0.404187858,-1,100,0,0,0,0,0
1,0.0646941601,-0.00560837086,-8.08731575,0.0761547207,-0.05767919,FollowWall,following_right_wall,0,14,42,0.592109978,2.10556001,1,1,1,0.403598249,-1,100,0,0,0,0,0
1.05,0.068429081,-0.00614556238,-8.28206096,0.0761547207,-0.05767919,FollowWall,following_right_wall,0,14,42,0.592109978,2.10556001,1,1,1,0.403598249,-1,100,0,0,0,0,0
1.1,0.0721763861,-0.00669713113,-8.46451179,0.0767493554,-0.0487596687,FollowWall,following_right_wall,0,14,42,0.586328566,2.09980744,1,1,1,0.403416216,-1,100,0,0,0,0,0
1.15,0.0759425177,-0.00726313046,-8.62914401,0.0767493554,-0.0487596687,FollowWall,following_right_wall,0,14,42,0.586328566,2.09980744,1,1,1,0.403416216,-1,100,0,0,0,0,0
1.2,0.0797190213,-0.00784143921,-8.78338204,0.0773278485,-0.0400822729,FollowWall,following_right_wall,0,14,42,0.581148505,2.09383138,1,1,1,0.402307749,-1,100,0,0,0,0,0
1.25,0.0835129221,-0.00843231203,-8.92119891,0.0773278485,-0.0400822729,FollowWall,following_right_wall,0,14,42,0.581148505,2.09383138,1,1,1,0.402307749,-1,100,0,0,0,0,0
1.3,0.087316452,-0.00903373291,-9.04943678,0.0778274005,-0.032588992,FollowWall,following_right_wall,0,14,42,0.576491058,2.08762589,1,1,1,0.401292622,-1,100,0,0,0,0,0
1.35,0.0911354008,-0.00964585939,-9.16314244,0.0778274005,-0.032588992,FollowWall,following_right_wall,0,14,42,0.576491058,2.08762589,1,1,1,0.401292622,-1,100,0,0,0,0,0
1.4,0.0949629101,-0.0102668609,-9.26837099,0.0782354927,-0.0264676089,FollowWall,following_right_wall,0,14,42,0.572284698,2.08119549,1,1,1,0.400695652,-1,100,0,0,0,0,0
1.45,0.0988034078,-0.0108967893,-9.36134769,0.0782354927,-0.0264676089,FollowWall,following_right_wall,0,14,42,0.572284698,2.08119549,1,1,1,0.400695652,-1,100,0,0,0,0,0
1.5,0.102651122,-0.0115340684,-9.44717748,0.0785963221,-0.0210551682,FollowWall,following_right_wall,0,14,42,0.565037191,2.07435104,1,1,1,0.399996698,-1,100,0,0,0,0,0
1.55,0.106510136,-0.0121787919,-9.52237762,0.0785963221,-0.0210551682,FollowWall,following_right_wall,0,14,42,0.565037191,2.07435104,1,1,1,0.399996698,-1,100,0,0,0,0,0
1.6,0.110375451,-0.012829569,-9.59137712,0.0789165661,-0.016251509,FollowWall,following_right_wall,0,14,42,0.55702126,2.06716122,1,1,1,0.399207652,-1,100,0,0,0,0,0
1.65,0.11425076,-0.0134865035,-9.65102563,0.0789165661,-0.016251509,FollowWall,following_right_wall,0,14,42,0.55702126,2.06716122,1,1,1,0.399207652,-1,100,0,0,0,0,0
1.7,0.118131671,-0.0141483547,-9.70521941,0.0792012849,-0.0119807267,FollowWall,following_right_wall,0,14,42,0.548768818,2.05979637,1,1,1,0.398338288,-1,100,0,0,0,0,0
1.75,0.122021498,-0.014815224,-9.75113339,0.0792012849,-0.0119807267,FollowWall,following_right_wall,0,14,42,0.548768818,2.05979637,1,1,1,0.398338288,-1,100,0,0,0,0,0
1.8,0.125916356,-0.015486,-9.79221748,0.0794546274,-0.00818058862,FollowWall,following_right_wall,0,14,42,0.540309608,2.05227079,1,1,1,0.397397101,-1,100,0,0,0,0,0
1.85,0.129819206,-0.0161607764,-9.82594806,0.0794546274,-0.00818058862,FollowWall,following_right_wall,0,14,42,0.540309608,2.05227079,1,1,1,0.397397101,-1,100,0,0,0,0,0
1.9,0.133726601,-0.0168385573,-9.85538909,0.0797005528,-0.00449170849,FollowWall,following_right_wall,0,14,42,0.532621682,2.04459734,1,1,1,0.396061718,-1,100,0,0,0,0,0
1.95,0.137641604,-0.0175194873,-9.87792461,0.0797005528,-0.00449170849,FollowWall,following_right_wall,0,14,42,0.532621682,2.04459734,1,1,1,0.396061718,-1,100,0,0,0,0,0
2,0.141560981,-0.0182026243,-9.89643191,0.0799320942,-0.00101858713,FollowWall,following_right_wall,0,14,42,0.523869216,2.03678388,1,1,1,0.394474864,-1,100,0,0,0,0,0
2.05,0.145487621,-0.0188881048,-9.90844368,0.0799320942,-0.00101858713,FollowWall,following_right_wall,0,14,42,0.523869216,2.03678388,1,1,1,0.394474864,-1,100,0,0,0,0,0
2.1,0.149418483,-0.0195750377,-9.9166664,0.0798617901,0.00207314804,FollowWall,following_right_wall,0,14,42,0.514491677,2.02883659,1,1,1,0.392841756,-1,100,0,0,0,0,0
2.15,0.153350372,-0.0202625229,-9.91898834,0.0798617901,0.00207314804,FollowWall,following_right_wall,0,14,42,0.514491677,2.02883659,1,1,1,0.392841756,-1,100,0,0,0,0,0
2.2,0.15728289,-0.0209501606,-9.91786817,0.0796990664,0.0045140046,FollowWall,following_right_wall,0,14,42,0.51112628,2.02078096,1,1,1,0.391494453,-1,100,0,0,0,0,0
2.25,0.161212483,-0.0216370337,-9.91182655,0.0796990664,0.0045140046,FollowWall,following_right_wall,0,14,42,0.51112628,2.02078096,1,1,1,0.391494453,-1,100,0,0,0,0,0
2.3,0.165140433,-0.0223230915,-9.90291407,0.0795588882,0.00661667707,FollowWall,following_right_wall,0,14,42,0.504633188,2.01264507,1,1,1,0.390156418,-1,100,0,0,0,0,0
2.35,0.169064629,-0.0230077167,-9.88981704,0.0795588882,0.00661667707,FollowWall,following_right_wall,0,14,42,0.504633188,2.01264507,1,1,1,0.390156418,-1,100,0,0,0,0,0
2.4,0.172986727,-0.0236909663,-9.87427904,0.0794353089,0.00847036689,FollowWall,following_right_wall,0,14,42,0.500788212,2.00444609,1,1,1,0.388785303,-1,100,0,0,0,0,0
2.45,0.176905174,-0.0243723566,-9.85510444,0.0794353089,0.00847036689,FollowWall,following_right_wall,0,14,42,0.500788212,2.00444609,1,1,1,0.388785303,-1,100,0,0,0,0,0
2.5,0.180821609,-0.0250519724,-9.83380851,0.0793277043,0.0100844362,FollowWall,following_right_wall,0,14,42,0.491152883,1.99619472,1,1,1,0.38738057,-1,100,0,0,0,0,0
2.55,0.184734793,-0.0257294145,-9.80934847,0.0793277043,0.0100844362,FollowWall,following_right_wall,0,14,42,0.491152883,1.99619472,1,1,1,0.38738057,-1,100,0,0,0,0,0
2.6,0.188646222,-0.0264047681,-9.78304271,0.0792593086,0.0111103706,FollowWall,following_right_wall,0,14,42,0.481487721,1.98789859,1,1,1,0.385863394,-1,100,0,0,0,0,0
2.65,0.192555371,-0.0270777991,-9.75443565,0.0792593086,0.0111103706,FollowWall,following_right_wall,0,14,42,0.481487721,1.98789859,1,1,1,0.385863394,-1,100,0,0,0,0,0
2.7,0.196463345,-0.0277485718,-9.72448617,0.079192015,0.0121197745,FollowWall,following_right_wall,0,14,42,0.47362259,1.97956768,1,1,1,0.384153336,-1,100,0,0,0,0,0
2.75,0.200369413,-0.0284168458,-9.69254873,0.079192015,0.0121197745,FollowWall,following_right_wall,0,14,42,0.47362259,1.97956768,1,1,1,0.384153336,-1,100,0,0,0,0,0
2.8,0.204274536,-0.0290826774,-9.65945164,0.0791350976,0.0129735367,FollowWall,following_right_wall,0,14,42,0.464748442,1.97120821,1,1,1,0.382435411,-1,100,0,0,0,0,0
2.85,0.208178113,-0.0297458655,-9.62465898,0.0791350976,0.0129735367,FollowWall,following_right_wall,0,14,42,0.464748442,1.97120821,1,1,1,0.382435411,-1,100,0,0,0,0,0
2.9,0.212080965,-0.0304064577,-9.58887725,0.0790873421,0.0136898682,FollowWall,following_right_wall,0,14,42,0.463131756,1.96282492,1,1,1,0.380713165,-1,100,0,0,0,0,0
2.95,0.215982595,-0.0310642869,-9.55166349,0.0790873421,0.0136898682,FollowWall,following_right_wall,0,14,42,0.463131756,1.96282492,1,1,1,0.380713165,-1,100,0,0,0,0,0
3,0.219883699,-0.0317193925,-9.51361439,0.0790476473,0.0142852907,FollowWall,following_right_wall,0,14,42,0.457232684,1.9544221,1,1,1,0.378989905,-1,100,0,0,0,0,0
3.05,0.223783869,-0.0323716367,-9.47436728,0.0790476473,0.0142852907,FollowWall,following_right_wall,0,14,42,0.457232684,1.9544221,1,1,1,0.378989905,-1,100,0,0,0,0,0
3.1,0.227683687,-0.0330210518,-9.43442131,0.0790150211,0.0147746829,FollowWall,following_right_wall,0,14,42,0.447054982,1.94600381,1,1,1,0.377268702,-1,100,0,0,0,0,0
3.15,0.231582825,-0.0336675254,-9.39348352,0.0790150211,0.0147746829,FollowWall,following_right_wall,0,14,42,0.447054982,1.94600381,1,1,1,0.377268702,-1,100,0,0,0,0,0
3.2,0.235481762,-0.0343110836,-9.35196717,0.0789885997,0.0151710048,FollowWall,following_right_wall,0,14,42,0.438007742,1.93757385,1,1,1,0.375552416,-1,100,0,0,0,0,0
3.25,0.239380239,-0.0349516359,-9.30964024,0.0789885997,0.0151710048,FollowWall,following_right_wall,0,14,42,0.438007742,1.93757385,1,1,1,0.375552416,-1,100,0,0,0,0,0
3.3,0.243278647,-0.0355892032,-9.26684048,0.078992334,0.01511499,FollowWall,following_right_wall,0,14,42,0.429801375,1.92913555,1,1,1,0.374242604,-1,100,0,0,0,0,0
3.35,0.247177292,-0.0362238121,-9.22383176,0.078992334,0.01511499,FollowWall,following_right_wall,0,14,42,0.429801375,1.92913555,1,1,1,0.374242604,-1,100,0,0,0,0,0
3.4,0.251076273,-0.0368554675,-9.18070115,0.07900788,0.0148817997,FollowWall,following_right_wall,0,14,42,0.427371383,1.920695,1,1,1,0.373079956,-1,100,0,0,0,0,0
3.45,0.254975966,-0.0374842331,-9.13777779,0.07900788,0.0148817997,FollowWall,following_right_wall,0,14,42,0.427371383,1.920695,1,1,1,0.373079956,-1,100,0,0,0,0,0
3.5,0.258876266,-0.0381101035,-9.09497532,0.0790252093,0.0146218599,FollowWall,following_right_wall,0,14,42,0.421573222,1.91225718,1,1,1,0.371936798,-1,100,0,0,0,0,0
3.55,0.262777468,-0.0387331428,-9.05255366,0.0790252093,0.0146218599,FollowWall,following_right_wall,0,14,42,0.421573222,1.91225718,1,1,1,0.371936798,-1,100,0,0,0,0,0
3.6,0.266679385,-0.0393533417,-9.01035413,0.079043225,0.0143516243,FollowWall,following_right_wall,0,14,42,0.410944998,1.90382508,1,1,1,0.370812684,-1,100,0,0,0,0,0
3.65,0.270582274,-0.0399707641,-8.96860674,0.079043225,0.0143516243,FollowWall,following_right_wall,0,14,42,0.410944998,1.90382508,1,1,1,0.370812684,-1,100,0,0,0,0,0
3.7,0.274485914,-0.0405853994,-8.92712311,0.0790423264,0.0143651038,FollowWall,following_right_wall,0,14,42,0.404725641,1.89540059,1,1,1,0.369404912,-1,100,0,0,0,0,0
3.75,0.278390156,-0.0411972376,-8.88577725,0.0790423264,0.0143651038,FollowWall,following_right_wall,0,14,42,0.404725641,1.89540059,1,1,1,0.369404912,-1,100,0,0,0,0,0
3.8,0.28229493,-0.0418062755,-8.84451175,0.0790597056,0.0141044154,FollowWall,following_right_wall,0,14,42,0.39832145,1.88698313,1,1,1,0.368286848,-1,100,0,0,0,0,0
3.85,0.286200552,-0.042412577,-8.8036043,0.0790597056,0.0141044154,FollowWall,following_right_wall,0,14,42,0.39832145,1.88698313,1,1,1,0.368286848,-1,100,0,0,0,0,0
3.9,0.290106845,-0.0430161341,-8.76290572,0.0786919017,0.0196214751,FollowWall,following_right_wall,0,14,42,0.395449907,1.87857496,1,1,1,0.367175013,-1,100,0,0,0,0,0
3.95,0.294006165,-0.0436155532,-8.71574347,0.0786919017,0.0196214751,FollowWall,following_right_wall,0,14,42,0.395449907,1.87857496,1,1,1,0.367175013,-1,100,0,0,0,0,0
4,0.297901661,-0.0442109713,-8.66481075,0.0784625617,0.023061574,FollowWall,following_right_wall,0,14,42,0.384230822,1.87013893,1,1,1,0.366043985,-1,100,0,0,0,0,0
4.05,0.301790463,-0.0448016102,-8.60757226,0.0784625617,0.023061574,FollowWall,following_right_wall,0,14,42,0.384230822,1.87013893,1,1,1,0.366043985,-1,100,0,0,0,0,0
4.1,0.30567564,-0.0453876006,-8.54665542,0.0773334826,0.0399977612,FollowWall,following_right_wall,0,14,42,0.377261847,1.86167206,1,1,1,0.364892066,-1,100,0,0,0,0,0
4.15,0.309535818,-0.0459648536,-8.46337679,0.0773334826,0.0399977612,FollowWall,following_right_wall,0,14,42,0.377261847,1.86167206,1,1,1,0.364892066,-1,100,0,0,0,0,0
4.2,0.313381882,-0.0465338346,-8.36705378,0.0773076122,0.0403858165,FollowWall,following_right_wall,0,14,42,0.37682569,1.85309756,1,1,1,0.363678545,-1,100,0,0,0,0,0
4.25,0.317219642,-0.0470947196,-8.26265833,0.0773076122,0.0403858165,FollowWall,following_right_wall,0,14,42,0.37682569,1.85309756,1,1,1,0.363678545,-1,100,0,0,0,0,0
4.3,0.321053018,-0.0476476711,-8.15355397,0.0771698144,0.0424527837,FollowWall,following_right_wall,0,14,42,0.376673728,1.84448734,1,1,1,0.362180591,-1,100,0,0,0,0,0
4.35,0.324881459,-0.0481922931,-8.03923549,0.0771698144,0.0424527837,FollowWall,following_right_wall,0,14,42,0.376673728,1.84448734,1,1,1,0.362180591,-1,100,0,0,0,0,0
4.4,0.328707487,-0.0487286823,-7.92187543,0.0760796685,0.0588049718,FollowWall,following_right_wall,0,14,42,0.3767097,1.83588236,1,1,1,0.360821486,-1,100,0,0,0,0,0
4.45,0.332510162,-0.0492531374,-7.78322212,0.0760796685,0.0588049718,FollowWall,following_right_wall,0,14,42,0.3767097,1.83588236,1,1,1,0.360821486,-1,100,0,0,0,0,0
4.5,0.336299828,-0.049766038,-7.63214777,0.05,-0.164213955,FollowWall,following_with_distance_only,0,14,42,0.377213061,1.82723011,1,0,1,0.35947597,-1,100,0,0,0,0,0
4.55,0.339542887,-0.0502037152,-7.74003703,0.05,-0.164213955,FollowWall,following_with_distance_only,0,14,42,0.377213061,1.82723011,1,0,1,0.35947597,-1,100,0,0,0,0,0
4.6,0.342465701,-0.0506077041,-7.9989884,0.05,-0.162789166,FollowWall,following_with_distance_only,0,14,42,0.373738259,1.82188144,1,0,1,0.358526111,-1,100,0,0,0,0,0
4.65,0.3452005,-0.0510004146,-8.34435862,0.05,-0.162789166,FollowWall,following_with_distance_only,0,14,42,0.373738259,1.82188144,1,0,1,0.358526111,-1,100,0,0,0,0,0
4.7,0.347824395,-0.0513945366,-8.74013984,0.05,-0.163433075,FollowWall,following_with_distance_only,0,14,42,0.368091404,1.81864145,1,0,1,0.358955383,-1,100,0,0,0,0,0
4.75,0.350382288,-0.0517975218,-9.16609608,0.05,-0.163433075,FollowWall,following_with_distance_only,0,14,42,0.368091404,1.81864145,1,0,1,0.358955383,-1,100,0,0,0,0,0
4.8,0.35290028,-0.0522138254,-9.60965442,0.0715633501,0.126549748,FollowWall,following_right_wall,0,14,42,0.361868173,1.81648966,1,1,1,0.359382331,-1,100,0,0,0,0,0
4.85,0.355837672,-0.0527139971,-9.71733914,0.0715633501,0.126549748,FollowWall,following_right_wall,0,14,42,0.361868173,1.81648966,1,1,1,0.359382331,-1,100,0,0,0,0,0
4.9,0.359020807,-0.053256569,-9.6290976,0.05,-0.162210345,FollowWall,following_with_distance_only,0,14,42,0.360427648,1.81025232,1,0,1,0.35814023,-1,100,0,0,0,0,0
4.95,0.36190426,-0.0537494557,-9.7712477,0.05,-0.162210345,FollowWall,following_with_distance_only,0,14,42,0.360427648,1.81025232,1,0,1,0.35814023,-1,100,0,0,0,0,0
5,0.364611339,-0.0542223801,-10.0477929,0.05,-0.161641225,FollowWall,following_with_distance_only,0,14,42,0.356828809,1.80613271,1,0,1,0.357760817,-1,100,0,0,0,0,0
5.05,0.367214049,-0.0546918505,-10.402056,0.05,-0.161641225,FollowWall,following_with_distance_only,0,14,42,0.356828809,1.80613271,1,0,1,0.357760817,-1,100,0,0,0,0,0
5.1,0.369754347,-0.0551673394,-10.8016544,0.05,-0.162169486,FollowWall,following_with_distance_only,0,14,42,0.351513475,1.80403677,1,0,1,0.358112991,-1,100,0,0,0,0,0
5.15,0.372256625,-0.0556544125,-11.2283291,0.05,-0.162169486,FollowWall,following_with_distance_only,0,14,42,0.351513475,1.80403677,1,0,1,0.358112991,-1,100,0,0,0,0,0
5.2,0.374735028,-0.0561563776,-11.6707982,0.05,-0.163112864,FollowWall,following_with_distance_only,0,14,42,0.345746785,1.80299844,1,0,1,0.358741909,-1,100,0,0,0,0,0
5.25,0.377197721,-0.056675223,-12.1236068,0.05,-0.163112864,FollowWall,following_with_distance_only,0,14,42,0.345746785,1.80299844,1,0,1,0.358741909,-1,100,0,0,0,0,0
5.3,0.379649389,-0.0572121505,-12.5824468,0.05,-0.164242744,FollowWall,following_with_distance_only,0,14,42,0.339931011,1.8026921,1,0,1,0.359495163,-1,100,0,0,0,0,0
5.35,0.382092684,-0.0577678948,-13.0461538,0.05,-0.164242744,FollowWall,following_with_distance_only,0,14,42,0.339931011,1.8026921,1,0,1,0.359495163,-1,100,0,0,0,0,0
5.4,0.384529075,-0.0583429095,-13.5126999,0.0658606744,0.212089883,FollowWall,following_right_wall,0,14,42,0.334186882,0.983012346,1,1,1,0.36032173,-1,100,0,0,0,0,0
5.45,0.387282931,-0.0590051801,-13.5316882,0.0658606744,0.212089883,FollowWall,following_right_wall,0,14,42,0.334186882,0.983012346,1,1,1,0.36032173,-1,100,0,0,0,0,0
5.5,0.39022478,-0.059706605,-13.289601,0.05,-0.162347361,FollowWall,following_with_distance_only,0,14,42,0.333551228,0.990573668,1,0,1,0.358231574,-1,100,0,0,0,0,0
5.55,0.392955194,-0.0603528471,-13.3421713,0.05,-0.162347361,FollowWall,following_with_distance_only,0,14,42,0.333551228,0.990573668,1,0,1,0.358231574,-1,100,0,0,0,0,0
5.6,0.395560099,-0.060976037,-13.5666253,0.05,-0.161134243,FollowWall,following_with_distance_only,0,14,42,0.330756813,0.93273316,1,0,1,0.357422829,-1,100,0,0,0,0,0
5.65,0.39808978,-0.0615940288,-13.8898966,0.05,-0.161134243,FollowWall,following_with_distance_only,0,14,42,0.330756813,0.93273316,1,0,1,0.357422829,-1,100,0,0,0,0,0
5.7,0.400573554,-0.0622170045,-14.2708113,0.05,-0.161521599,FollowWall,following_with_distance_only,0,14,42,0.326164633,0.897465092,1,0,1,0.357681066,-1,100,0,0,0,0,0
5.75,0.40302845,-0.0628508923,-14.6858138,0.05,-0.161521599,FollowWall,following_with_distance_only,0,14,42,0.326164633,0.897465092,1,0,1,0.357681066,-1,100,0,0,0,0,0
5.8,0.405464317,-0.0634991747,-15.1207008,0.05,-0.162174582,FollowWall,following_with_distance_only,0,14,42,0.321064651,0.452121221,1,0,1,0.358116388,-1,100,0,0,0,0,0
5.85,0.40788682,-0.0641639118,-15.5679665,0.05,-0.162174582,FollowWall,following_with_distance_only,0,14,42,0.321064651,0.452121221,1,0,1,0.358116388,-1,100,0,0,0,0,0
5.9,0.410299186,-0.0648463247,-16.0224532,0.05,-0.163233161,FollowWall,following_with_distance_only,0,14,42,0.315875113,0.425930446,1,0,1,0.358822107,-1,100,0,0,0,0,0
5.95,0.412703218,-0.0655471469,-16.4824156,0.05,-0.163233161,FollowWall,following_with_distance_only,0,14,42,0.315875113,0.425930446,1,0,1,0.358822107,-1,100,0,0,0,0,0
6,0.415099889,-0.0662668209,-16.9455723,0.05,-0.164128706,FollowWall,following_with_distance_only,0,14,42,0.310722262,0.393913485,1,0,1,0.359419137,-1,100,0,0,0,0,0
6.05,0.417489694,-0.0670056118,-17.4116612,0.05,-0.164128706,FollowWall,following_with_distance_only,0,14,42,0.310722262,0.393913485,1,0,1,0.359419137,-1,100,0,0,0,0,0
6.1,0.419872844,-0.0677636779,-17.8794606,0.0587025078,0.319462382,FollowWall,following_right_wall,0,14,42,0.305644035,0.366613162,1,1,1,0.360066861,-1,100,0,0,0,0,0
6.15,0.422425882,-0.0685846092,-17.7710135,0.0587025078,0.319462382,FollowWall,following_right_wall,0,14,42,0.305644035,0.366613162,1,1,1,0.360066861,-1,100,0,0,0,0,0
6.2,0.4250835,-0.0694250382,-17.3264226,0.05,-0.160102621,FollowWall,following_with_distance_only,0,14,42,0.305640727,0.369820456,1,0,1,0.35673508,-1,100,0,0,0,0,0
6.25,0.427630541,-0.0702179776,-17.2581863,0.05,-0.160102621,FollowWall,following_with_distance_only,0,14,42,0.305640727,0.369820456,1,0,1,0.35673508,-1,100,0,0,0,0,0
6.3,0.430110338,-0.0709919553,-17.4094902,0.05,-0.157700747,FollowWall,following_with_distance_only,0,14,42,0.303519249,0.365925339,1,0,1,0.355133832,-1,100,0,0,0,0,0
6.35,0.432548384,-0.0717629024,-17.6859922,0.05,-0.157700747,FollowWall,following_with_distance_only,0,14,42,0.303519249,0.365925339,1,0,1,0.355133832,-1,100,0,0,0,0,0
6.4,0.434959563,-0.0725398687,-18.0355264,0.05,-0.157423094,FollowWall,following_with_distance_only,0,14,42,0.299572676,0.351695862,1,0,1,0.354948729,-1,100,0,0,0,0,0
6.45,0.437352498,-0.0733280805,-18.4273314,0.05,-0.157423094,FollowWall,following_with_distance_only,0,14,42,0.299572676,0.351695862,1,0,1,0.354948729,-1,100,0,0,0,0,0
6.5,0.439732151,-0.074130567,-18.8437943,0.05,-0.157881707,FollowWall,following_with_distance_only,0,14,42,0.295085818,0.333800331,1,0,1,0.355254471,-1,100,0,0,0,0,0
6.55,0.442101344,-0.0749490979,-19.2751883,0.05,-0.157881707,FollowWall,following_with_distance_only,0,14,42,0.295085818,0.333800331,1,0,1,0.355254471,-1,100,0,0,0,0,0
6.6,0.444461648,-0.0757847049,-19.7152923,0.05,-0.158623427,FollowWall,following_with_distance_only,0,14,42,0.290476739,0.30950674,1,0,1,0.355748951,-1,100,0,0,0,0,0
6.65,0.446813911,-0.0766379924,-20.1613624,0.05,-0.158623427,FollowWall,following_with_distance_only,0,14,42,0.290476739,0.30950674,1,0,1,0.355748951,-1,100,0,0,0,0,0
6.7,0.449158556,-0.0775093122,-20.6109127,0.05,-0.159497201,FollowWall,following_with_distance_only,0,14,42,0.285874665,0.291733154,1,0,1,0.356331468,-1,100,0,0,0,0,0
6.75,0.451495757,-0.0783988698,-21.0635361,0.05,-0.159497201,FollowWall,following_with_distance_only,0,14,42,0.285874665,0.291733154,1,0,1,0.356331468,-1,100,0,0,0,0,0
6.8,0.453825548,-0.0793067835,-21.5179522,0.05,-0.160454258,FollowWall,following_with_distance_only,0,14,42,0.281317115,0.281367261,1,0,1,0.356969506,-1,100,0,0,0,0,0
6.85,0.456147874,-0.0802331217,-21.9745564,0.05,-0.160454258,FollowWall,following_with_distance_only,0,14,42,0.281317115,0.281367261,1,0,1,0.356969506,-1,100,0,0,0,0,0
6.9,0.458462633,-0.0811779223,-22.4324371,0,0.6,TurnLeft,avoiding_front_obstacle,0,14,42,0.276812971,0.253878753,1,0,1,0.357654005,-1,100,0,0,0,0,0
6.95,0.459812867,-0.0817291595,-21.9833368,0,0.6,TurnLeft,avoiding_front_obstacle,0,14,42,0.276812971,0.253878753,1,0,1,0.357654005,-1,100,0,0,0,0,0
7,0.460604448,-0.0820408795,-21.0051645,0,0.6,TurnLeft,avoiding_front_obstacle,0,14,42,0.279629171,0.280523042,1,0,1,0.352264345,-1,100,0,0,0,0,0
7.05,0.461069706,-0.0822135544,-19.7183667,0,0.6,TurnLeft,avoiding_front_obstacle,0,14,42,0.279629171,0.280523042,1,0,1,0.352264345,-1,100,0,0,0,0,0
7.1,0.461343449,-0.0823077313,-18.2515374,0,0.6,TurnLeft,avoiding_front_obstacle,0,14,42,0.287468046,0.311664731,1,0,1,0.344956994,-1,100,0,0,0,0,0
7.15,0.461504533,-0.0823584145,-16.6796897,0,0.6,TurnLeft,avoiding_front_obstacle,0,14,42,0.287468046,0.311664731,1,0,1,0.344956994,-1,100,0,0,0,0,0
7.2,0.461599289,-0.0823853405,-15.0465814,0,0.6,TurnLeft,avoiding_front_obstacle,0,14,42,0.298464984,0.372596845,1,0,1,0.337564141,-1,100,0,0,0,0,0
7.25,0.461654992,-0.0823994483,-13.3777376,0,0.6,TurnLeft,avoiding_front_obstacle,0,14,42,0.298464984,0.372596845,1,0,1,0.337564141,-1,100,0,0,0,0,0
7.3,0.461687714,-0.082406722,-11.6880481,0,0.6,TurnLeft,avoiding_front_obstacle,0,14,42,0.31226635,1.71474829,1,0,1,0.331583619,-1,100,0,0,0,0,0
7.35,0.461706918,-0.0824103984,-9.98619867,0,0.6,TurnLeft,avoiding_front_obstacle,0,14,42,0.31226635,1.71474829,1,0,1,0.331583619,-1,100,0,0,0,0,0
7.4,0.461718179,-0.0824122086,-8.27725592,0,0.6,TurnLeft,avoiding_front_obstacle,0,14,42,0.329121649,1.70181248,1,0,1,0.327073365,-1,100,0,0,0,0,0
7.45,0.461724777,-0.0824130679,-6.56417541,0,0.6,TurnLeft,avoiding_front_obstacle,0,14,42,0.329121649,1.70181248,1,0,1,0.327073365,-1,100,0,0,0,0,0
7.5,0.461728639,-0.0824134538,-4.8486812,0,0.6,TurnLeft,avoiding_front_obstacle,0,14,42,0.34964332,1.69517915,1,0,1,0.324186951,-1,100,0,0,0,0,0
7.55,0.461730898,-0.0824136114,-3.131779,0,0.6,TurnLeft,avoiding_front_obstacle,0,14,42,0.34964332,1.69517915,1,0,1,0.324186951,-1,100,0,0,0,0,0
7.6,0.461732217,-0.0824136638,-1.41405548,0,0.6,TurnLeft,avoiding_front_obstacle,0,14,42,0.374790877,1.69480303,1,0,1,0.322321594,-1,100,0,0,0,0,0
7.65,0.461732988,-0.0824136712,0.304147157,0,0.6,TurnLeft,avoiding_front_obstacle,0,14,42,0.374790877,1.69480303,1,0,1,0.322321594,-1,100,0,0,0,0,0
7.7,0.461733437,-0.0824136621,2.02262927,0,0.6,TurnLeft,avoiding_front_obstacle,0,14,42,0.405980051,1.69503579,1,0,1,0.32001698,-1,100,0,0,0,0,0
7.75,0.461733699,-0.0824136489,3.74127442,0,0.6,TurnLeft,avoiding_front_obstacle,0,14,42,0.405980051,1.69503579,1,0,1,0.32001698,-1,100,0,0,0,0,0
7.8,0.461733851,-0.0824136366,5.46001466,0,0.6,TurnLeft,avoiding_front_obstacle,0,14,42,0.445322841,1.69526624,1,0,1,0.319364399,-1,100,0,0,0,0,0
7.85,0.46173394,-0.0824136268,7.17881038,0,0.6,TurnLeft,avoiding_front_obstacle,0,14,42,0.445322841,1.69526624,1,0,1,0.319364399,-1,100,0,0,0,0,0
7.9,0.461733992,-0.0824136195,8.89763846,0,0.6,TurnLeft,avoiding_front_obstacle,0,14,42,0.709531307,1.70176821,1,0,1,0.316358089,-1,100,0,0,0,0,0
7.95,0.461734021,-0.0824136144,10.6164854,0,0.6,TurnLeft,avoiding_front_obstacle,0,14,42,0.709531307,1.70176821,1,0,1,0.316358089,-1,100,0,0,0,0,0
8,0.461734039,-0.0824136109,12.3353434,0,0.6,TurnLeft,avoiding_front_obstacle,0,14,42,0.670699537,1.7128816,1,0,1,0.315338612,-1,100,0,0,0,0,0
8.05,0.461734049,-0.0824136085,14.0542078,0,0.6,TurnLeft,avoiding_front_obstacle,0,14,42,0.670699537,1.7128816,1,0,1,0.315338612,-1,100,0,0,0,0,0
8.1,0.461734055,-0.082413607,15.7730759,0,0.6,TurnLeft,avoiding_front_obstacle,0,14,42,0.638299048,1.36030359,1,0,1,0.312478989,-1,100,0,0,0,0,0
8.15,0.461734058,-0.082413606,17.4919462,0,0.6,TurnLeft,avoiding_front_obstacle,0,14,42,0.638299048,1.36030359,1,0,1,0.312478989,-1,100,0,0,0,0,0
8.2,0.46173406,-0.0824136053,19.2108178,0,0.6,TurnLeft,avoiding_front_obstacle,0,14,42,0.611159205,1.1238773,1,1,1,0.310154766,-1,100,0,0,0,0,0
8.25,0.461734061,-0.0824136049,20.9296902,0,0.6,TurnLeft,avoiding_front_obstacle,0,14,42,0.611159205,1.1238773,1,1,1,0.310154766,-1,100,0,0,0,0,0
8.3,0.461734062,-0.0824136047,22.648563,0,0.6,TurnLeft,avoiding_front_obstacle,0,14,42,0.588400066,0.963925603,1,0,1,0.306335717,-1,100,0,0,0,0,0
8.35,0.461734062,-0.0824136045,24.367436,0,0.6,TurnLeft,avoiding_front_obstacle,0,14,42,0.588400066,0.963925603,1,0,1,0.306335717,-1,100,0,0,0,0,0
8.4,0.461734062,-0.0824136044,26.0863092,0,0.6,TurnLeft,avoiding_front_obstacle,0,14,42,0.569350958,0.829280137,1,0,1,0.272387028,-1,100,0,0,0,0,0
8.45,0.461734062,-0.0824136043,27.8051824,0,0.6,TurnLeft,avoiding_front_obstacle,0,14,42,0.569350958,0.829280137,1,0,1,0.272387028,-1,100,0,0,0,0,0
8.5,0.461734063,-0.0824136043,29.5240558,0,0,FollowWall,front_obstacle_cleared,0,14,42,0.553495347,0.738587731,1,1,1,0.27094835,-1,100,0,0,0,0,0
8.55,0.461734063,-0.0824136043,30.5267319,0.0609512642,-0.285731037,FollowWall,following_right_wall,0,14,42,0.553495347,0.738587731,1,1,1,0.27094835,-1,100,0,0,0,0,0
8.6,0.462826499,-0.0817662865,30.7705599,0.05,-0.264685172,FollowWall,following_right_wall,0,14,42,0.547850847,0.716218992,1,1,1,0.266621381,-1,100,0,0,0,0,0
8.65,0.464359353,-0.0808567339,30.5968483,0.05,-0.264685172,FollowWall,following_right_wall,0,14,42,0.547850847,0.716218992,1,1,1,0.266621381,-1,100,0,0,0,0,0
8.7,0.466154803,-0.0798038465,30.1795719,0.05,-0.258080233,FollowWall,following_right_wall,0,14,42,0.548309088,0.723001126,1,1,1,0.267419249,-1,100,0,0,0,0,0
8.75,0.468110286,-0.0786792197,29.6281001,0.05,-0.258080233,FollowWall,following_right_wall,0,14,42,0.548309088,0.723001126,1,1,1,0.267419249,-1,100,0,0,0,0,0
8.8,0.470165974,-0.0775249974,28.9983476,0.05,-0.216606431,AdvanceRight,advancing_past_measured_edge,0,14,42,0.551007032,0.740077795,1,1,1,0.266443312,-1,100,0,0,0,0,0
8.85,0.472286252,-0.0763648814,28.3724371,0.05,-0.203497393,AdvanceRight,advancing_past_measured_edge,0,14,42,0.551007032,0.740077795,1,1,1,0.266443312,-1,100,0,0,0,0,0
8.9,0.474449449,-0.0752113734,27.7644155,0.05,-0.190763019,AdvanceRight,advancing_past_measured_edge,0,14,42,0.554200709,0.779009111,1,1,1,0.266286284,-1,100,0,0,0,0,0
8.95,0.47664243,-0.0740710821,27.1820297,0.05,-0.178565558,AdvanceRight,advancing_past_measured_edge,0,14,42,0.554200709,0.779009111,1,1,1,0.266286284,-1,100,0,0,0,0,0
9,0.478857105,-0.0729472412,26.6291577,0.05,-0.166986234,AdvanceRight,advancing_past_measured_edge,0,14,42,0.557210803,0.798614333,1,1,1,0.266050041,-1,100,0,0,0,0,0
9.05,0.481088381,-0.0718411677,26.1073239,0.05,-0.156056972,AdvanceRight,advancing_past_measured_edge,0,14,42,0.557210803,0.798614333,1,1,1,0.266050041,-1,100,0,0,0,0,0
9.1,0.483332949,-0.0707531037,25.6166416,0.05,-0.145780145,AdvanceRight,advancing_past_measured_edge,0,14,42,0.559842825,0.817060583,1,1,1,0.266129643,-1,100,0,0,0,0,0
9.15,0.485588582,-0.0696827008,25.156398,0.05,-0.136140826,AdvanceRight,advancing_past_measured_edge,0,14,42,0.559842825,0.817060583,1,1,1,0.266129643,-1,100,0,0,0,0,0
9.2,0.487853708,-0.0686292979,24.7254164,0.05,-0.127114369,AdvanceRight,advancing_past_measured_edge,0,14,42,0.562148213,0.834008694,1,0,1,0.266478121,-1,100,0,0,0,0,0
9.25,0.490127166,-0.0675920804,24.3222789,0.05,-0.118671077,AdvanceRight,advancing_past_measured_edge,0,14,42,0.562148213,0.834008694,1,0,1,0.266478121,-1,100,0,0,0,0,0
9.3,0.492408055,-0.066570171,23.9454622,0.05,-0.110779046,AdvanceRight,advancing_past_measured_edge,0,14,42,0.564103305,0.875856923,1,0,1,0.266062021,-1,100,0,0,0,0,0
9.35,0.494695645,-0.0655626807,23.5934197,0.05,-0.103405885,AdvanceRight,advancing_past_measured_edge,0,14,42,0.564103305,0.875856923,1,0,1,0.266062021,-1,100,0,0,0,0,0
9.4,0.496989325,-0.0645687368,23.2646299,0.05,-0.0965197275,AdvanceRight,advancing_past_measured_edge,0,14,42,0.565709293,0.890584828,1,0,1,0.264683247,-1,100,0,0,0,0,0
9.45,0.49928857,-0.0635874981,22.9576239,0.05,-0.090089809,AdvanceRight,advancing_past_measured_edge,0,14,42,0.565709293,0.890584828,1,0,1,0.264683247,-1,100,0,0,0,0,0
9.5,0.501592916,-0.0626181626,22.6710002,0.05,-0.084086778,AdvanceRight,advancing_past_measured_edge,0,14,42,0.56698072,0.903589898,1,0,1,0.265669376,-1,100,0,0,0,0,0
9.55,0.503901952,-0.0616599708,22.4034319,0.05,-0.0784828405,AdvanceRight,advancing_past_measured_edge,0,14,42,0.56698072,0.903589898,1,0,1,0.265669376,-1,100,0,0,0,0,0
9.6,0.506215308,-0.0607122061,22.1536684,0.05,-0.0732518059,AdvanceRight,advancing_past_measured_edge,0,14,42,0.567938447,0.914943089,1,0,1,0.266021341,-1,100,0,0,0,0,0
9.65,0.508532647,-0.0597741944,21.9205352,0.05,-0.068369074,AdvanceRight,advancing_past_measured_edge,0,14,42,0.567938447,0.914943089,1,0,1,0.266021341,-1,100,0,0,0,0,0
9.7,0.510853663,-0.0588453028,21.7029312,0.05,-0.0638115868,AdvanceRight,advancing_past_measured_edge,0,14,42,0.568606794,0.924736737,1,0,1,0.266898394,-1,100,0,0,0,0,0
9.75,0.513178078,-0.0579249373,21.499826,0.05,-0.0595577629,AdvanceRight,advancing_past_measured_edge,0,14,42,0.568606794,0.924736737,1,0,1,0.266898394,-1,100,0,0,0,0,0
9.8,0.515505634,-0.0570125416,21.3102562,0.05,-0.0555874216,AdvanceRight,advancing_past_measured_edge,0,14,42,0.569011092,0.933075026,1,0,1,0.266120344,-1,100,0,0,0,0,0
9.85,0.517836098,-0.0561075945,21.1333212,0.05,-0.0518817036,AdvanceRight,advancing_past_measured_edge,0,14,42,0.569011092,0.933075026,1,0,1,0.266120344,-1,100,0,0,0,0,0
9.9,0.520169254,-0.0552096081,20.9681799,0.05,-0.0484229922,AdvanceRight,advancing_past_measured_edge,0,14,42,0.569176495,0.966029232,1,0,1,0.263736695,-1,100,0,0,0,0,0
9.95,0.522504903,-0.0543181255,20.8140468,0.05,-0.0451948358,AdvanceRight,advancing_past_measured_edge,0,14,42,0.569176495,0.966029232,1,0,1,0.263736695,-1,100,0,0,0,0,0
10,0.524842862,-0.0534327197,20.6701884,0.05,-0.0421818736,AdvanceRight,advancing_past_measured_edge,0,14,42,0.569127202,0.972774605,1,0,1,0.264869779,-1,100,0,0,0,0,0
10.05,0.527182964,-0.0525529909,20.5359202,0.05,-0.0393697655,AdvanceRight,advancing_past_measured_edge,0,14,42,0.569127202,0.972774605,1,0,1,0.264869779,-1,100,0,0,0,0,0
10.1,0.529525053,-0.0516785654,20.4106028,0.05,-0.036745125,AdvanceRight,advancing_past_measured_edge,0,14,42,0.568886161,0.978333239,1,0,1,0.265220106,-1,100,0,0,0,0,0
10.15,0.531868985,-0.0508090937,20.2936398,0.05,-0.0342954565,AdvanceRight,advancing_past_measured_edge,0,14,42,0.568886161,0.978333239,1,0,1,0.265220106,-1,100,0,0,0,0,0
10.2,0.534214628,-0.049944249,20.1844741,0.05,-0.0320090969,AdvanceRight,advancing_past_measured_edge,0,14,42,0.568474412,0.982814259,1,0,1,0.264392942,-1,100,0,0,0,0,0
10.25,0.536561861,-0.049083726,20.0825861,0.05,-0.0298751596,AdvanceRight,advancing_past_measured_edge,0,14,42,0.568474412,0.982814259,1,0,1,0.264392942,-1,100,0,0,0,0,0
10.3,0.538910569,-0.0482272392,19.9874906,0.05,-0.0278834839,AdvanceRight,advancing_past_measured_edge,0,14,42,0.567911327,0.986321336,1,0,1,0.264679193,-1,100,0,0,0,0,0
10.35,0.541260648,-0.0473745217,19.8987348,0.05,-0.026024586,AdvanceRight,advancing_past_measured_edge,0,14,42,0.567911327,0.986321336,1,0,1,0.264679193,-1,100,0,0,0,0,0
10.4,0.543612002,-0.0465253243,19.815896,0.05,-0.0242896142,AdvanceRight,advancing_past_measured_edge,0,14,42,0.567214191,0.988952088,1,0,1,0.262948662,-1,100,0,0,0,0,0
10.45,0.54596454,-0.0456794141,19.7385798,0.05,-0.022670307,AdvanceRight,advancing_past_measured_edge,0,14,42,0.567214191,0.988952088,1,0,1,0.262948662,-1,100,0,0,0,0,0
10.5,0.54831818,-0.0448365733,19.6664179,0.05,-0.0211589535,AdvanceRight,advancing_past_measured_edge,0,14,42,0.566398561,0.990797138,1,0,1,0.264185905,-1,100,0,0,0,0,0
10.55,0.550672844,-0.0439965986,19.5990669,0.05,-0.0197483567,AdvanceRight,advancing_past_measured_edge,0,14,42,0.566398561,0.990797138,1,0,1,0.264185905,-1,100,0,0,0,0,0
10.6,0.553028461,-0.0431593001,19.5362059,0.05,-0.0184317997,AdvanceRight,advancing_past_measured_edge,0,14,42,0.565478206,0.991939752,1,0,1,0.264932483,-1,100,0,0,0,0,0
10.65,0.555384964,-0.0423245004,19.4775357,0.05,-0.0172030131,AdvanceRight,advancing_past_measured_edge,0,14,42,0.565478206,0.991939752,1,0,1,0.264932483,-1,100,0,0,0,0,0
10.7,0.557742293,-0.0414920337,19.4227768,0.05,-0.0160561456,AdvanceRight,advancing_past_measured_edge,0,14,42,0.564415097,0.992456081,1,0,1,0.264250755,-1,100,0,0,0,0,0
10.75,0.56010039,-0.0406617451,19.3716685,0.05,-0.0149857359,AdvanceRight,advancing_past_measured_edge,0,14,42,0.564415097,0.992456081,1,0,1,0.264250755,-1,100,0,0,0,0,0
10.8,0.562459202,-0.0398334902,19.3239674,0.05,-0.0139866869,AdvanceRight,advancing_past_measured_edge,0,14,42,0.563036501,0.99241504,1,0,1,0.265541017,-1,100,0,0,0,0,0
10.85,0.56481868,-0.039007134,19.2794464,0.05,-0.0130542411,AdvanceRight,advancing_past_measured_edge,0,14,42,0.563036501,0.99241504,1,0,1,0.265541017,-1,100,0,0,0,0,0
10.9,0.567178778,-0.0381825502,19.2378935,0.05,-0.0121839584,AdvanceRight,advancing_past_measured_edge,0,14,42,0.56155616,0.991879021,1,0,1,0.267033696,-1,100,0,0,0,0,0
10.95,0.569539453,-0.0373596212,19.1991108,0.05,-0.0113716945,AdvanceRight,advancing_past_measured_edge,0,14,42,0.56155616,0.991879021,1,0,1,0.267033696,-1,100,0,0,0,0,0
11,0.571900666,-0.0365382371,19.1629135,0.05,-0.0106135815,AdvanceRight,advancing_past_measured_edge,0,14,42,0.559983432,0.990903891,1,0,1,0.268506587,-1,100,0,0,0,0,0
11.05,0.574262381,-0.0357182951,19.1291294,0.05,-0.00990600941,AdvanceRight,advancing_past_measured_edge,0,14,42,0.559983432,0.990903891,1,0,1,0.268506587,-1,100,0,0,0,0,0
11.1,0.576624562,-0.0348996994,19.0975976,0.05,-0.00924560878,AdvanceRight,advancing_past_measured_edge,0,14,42,0.55832684,0.989539586,1,0,1,0.269960612,-1,100,0,0,0,0,0
11.15,0.578987179,-0.0340823604,19.068168,0.05,-0.00862923486,AdvanceRight,advancing_past_measured_edge,0,14,42,0.55832684,0.989539586,1,0,1,0.269960612,-1,100,0,0,0,0,0
11.2,0.581350201,-0.0332661947,19.0407002,0.05,-0.00805395254,AdvanceRight,advancing_past_measured_edge,0,14,42,0.556594074,0.987830706,1,0,1,0.271396875,-1,100,0,0,0,0,0
11.25,0.583713601,-0.0324511241,19.0150637,0.05,-0.00751702237,AdvanceRight,advancing_past_measured_edge,0,14,42,0.556594074,0.987830706,1,0,1,0.271396875,-1,100,0,0,0,0,0
11.3,0.586077353,-0.0316370758,18.9911363,0.05,-0.00701588754,AdvanceRight,advancing_past_measured_edge,0,14,42,0.554791987,0.985816987,1,0,1,0.272816658,-1,100,0,0,0,0,0
11.35,0.588441434,-0.0308239818,18.968804,0.05,-0.00654816171,AdvanceRight,advancing_past_measured_edge,0,14,42,0.554791987,0.985816987,1,0,1,0.272816658,-1,100,0,0,0,0,0
11.4,0.590805821,-0.0300117786,18.9479606,0.05,-0.00611161759,AdvanceRight,advancing_past_measured_edge,0,14,42,0.552926898,0.983533657,1,0,1,0.274221331,-1,100,0,0,0,0,0
11.45,0.593170493,-0.0292004069,18.9285067,0.05,-0.00570417642,AdvanceRight,advancing_past_measured_edge,0,14,42,0.552926898,0.983533657,1,0,1,0.274221331,-1,100,0,0,0,0,0
11.5,0.595535432,-0.0283898114,18.9103497,0.05,-0.00532389799,AdvanceRight,advancing_past_measured_edge,0,14,42,0.551004529,0.981012148,1,0,1,0.275752902,-1,100,0,0,0,0,0
11.55,0.597900619,-0.0275799404,18.8934032,0.05,-0.00496897146,AdvanceRight,advancing_past_measured_edge,0,14,42,0.551004529,0.981012148,1,0,1,0.275752902,-1,100,0,0,0,0,0
11.6,0.600266037,-0.0267707457,18.8775865,0.05,-0.0046377067,AdvanceRight,advancing_past_measured_edge,0,14,42,0.549030244,0.978279981,1,0,1,0.277544171,-1,100,0,0,0,0,0
11.65,0.602631672,-0.0259621822,18.8628242,0.05,-0.00432852625,AdvanceRight,advancing_past_measured_edge,0,14,42,0.549030244,0.978279981,1,0,1,0.277544171,-1,100,0,0,0,0,0
11.7,0.604997507,-0.0251542079,18.8490461,0.05,-0.00403995783,AdvanceRight,advancing_past_measured_edge,0,14,42,0.547008812,0.975361944,1,0,1,0.279369593,-1,100,0,0,0,0,0
11.75,0.60736353,-0.0243467836,18.8361865,0.05,-0.00377062731,AdvanceRight,advancing_past_measured_edge,0,14,42,0.547008812,0.975361944,1,0,1,0.279369593,-1,100,0,0,0,0,0
11.8,0.609729729,-0.0235398727,18.8241842,0.05,-0.00351925216,AdvanceRight,advancing_past_measured_edge,0,14,42,0.544944823,0.937321108,1,0,1,0.281204998,-1,100,0,0,0,0,0
11.85,0.61209609,-0.0227334409,18.8129821,0.05,-0.00328463535,AdvanceRight,advancing_past_measured_edge,0,14,42,0.544944823,0.937321108,1,0,1,0.281204998,-1,100,0,0,0,0,0
11.9,0.614462604,-0.0219274564,18.8025268,0.05,-0.00306565966,AdvanceRight,advancing_past_measured_edge,0,14,42,0.542842507,0.934127751,1,0,1,0.283072293,-1,100,0,0,0,0,0
11.95,0.616829261,-0.0211218893,18.7927685,0.05,-0.00286128235,AdvanceRight,advancing_past_measured_edge,0,14,42,0.542842507,0.934127751,1,0,1,0.283072293,-1,100,0,0,0,0,0
12,0.619196049,-0.0203167119,18.7836608,0.05,-0.00267053019,AdvanceRight,advancing_past_measured_edge,0,14,42,0.54070586,0.930852777,1,0,1,0.284962445,-1,100,0,0,0,0,0
12.05,0.621562962,-0.0195118981,18.7751602,0.05,-0.00249249484,AdvanceRight,advancing_past_measured_edge,0,14,42,0.54070586,0.930852777,1,0,1,0.284962445,-1,100,0,0,0,0,0
12.1,0.62392999,-0.0187074239,18.7672263,0.05,-0.00232632852,AdvanceRight,advancing_past_measured_edge,0,14,42,0.538538575,0.927510639,1,0,1,0.286874026,-1,100,0,0,0,0,0
12.15,0.626297125,-0.0179032664,18.7598214,0.05,-0.00217123995,AdvanceRight,advancing_past_measured_edge,0,14,42,0.538538575,0.927510639,1,0,1,0.286874026,-1,100,0,0,0,0,0
12.2,0.628664362,-0.0170994048,18.7529101,0.05,-0.00202649062,AdvanceRight,advancing_past_measured_edge,0,14,42,0.536344349,0.924113773,1,0,1,0.288805515,-1,100,0,0,0,0,0
12.25,0.631031691,-0.0162958191,18.7464596,0.05,-0.00189139125,AdvanceRight,advancing_past_measured_edge,0,14,42,0.536344349,0.924113773,1,0,1,0.288805515,-1,100,0,0,0,0,0
12.3,0.633399108,-0.0154924911,18.7404391,0.05,-0.0017652985,AdvanceRight,advancing_past_measured_edge,0,14,42,0.53412658,0.920673197,1,0,1,0.290755212,-1,100,0,0,0,0,0
12.35,0.635766607,-0.0146894036,18.73482,0.05,-0.00164761193,AdvanceRight,advancing_past_measured_edge,0,14,42,0.53412658,0.920673197,1,0,1,0.290755212,-1,100,0,0,0,0,0
12.4,0.638134182,-0.0138865405,18.7295755,0.05,-0.00153777114,AdvanceRight,advancing_past_measured_edge,0,14,42,0.531888604,0.917198446,1,0,1,0.29272145,-1,100,0,0,0,0,0
12.45,0.640501828,-0.0130838869,18.7246806,0.05,-0.00143525306,AdvanceRight,advancing_past_measured_edge,0,14,42,0.531888604,0.917198446,1,0,1,0.29272145,-1,100,0,0,0,0,0
12.5,0.64286954,-0.0122814289,18.7201121,0.05,-0.00133956952,AdvanceRight,advancing_past_measured_edge,0,14,42,0.529633522,0.913697871,1,0,1,0.294702381,-1,100,0,0,0,0,0
12.55,0.645237314,-0.0114791533,18.7158481,0.05,-0.00125026489,AdvanceRight,advancing_past_measured_edge,0,14,42,0.529633522,0.913697871,1,0,1,0.294702381,-1,100,0,0,0,0,0
12.6,0.647605146,-0.0106770481,18.7118684,0.05,-0.0011669139,AdvanceRight,advancing_past_measured_edge,0,14,42,0.527364492,0.910178581,1,1,1,0.296696126,-1,100,0,0,0,0,0
12.65,0.649973032,-0.0098751019,18.708154,0.05,-0.00108911964,AdvanceRight,advancing_past_measured_edge,0,14,42,0.527364492,0.910178581,1,1,1,0.296696126,-1,100,0,0,0,0,0
12.7,0.652340968,-0.00907330406,18.7046872,0.05,-0.00101651166,AdvanceRight,advancing_past_measured_edge,0,14,42,0.525084436,0.906646674,1,1,1,0.29870069,-1,100,0,0,0,0,0
12.75,0.65470895,-0.00827164473,18.7014515,0.05,-0.000948744216,AdvanceRight,advancing_past_measured_edge,0,14,42,0.525084436,0.906646674,1,1,1,0.29870069,-1,100,0,0,0,0,0
12.8,0.657076977,-0.00747011467,18.6984316,0.05,-0.000885494602,AdvanceRight,advancing_past_measured_edge,0,14,42,0.522796273,0.903107364,1,1,1,0.300678849,-1,100,0,0,0,0,0
12.85,0.659445044,-0.00666870526,18.695613,0.05,-0.000826461628,AdvanceRight,advancing_past_measured_edge,0,14,42,0.522796273,0.903107364,1,1,1,0.300678849,-1,100,0,0,0,0,0
12.9,0.66181315,-0.00586740847,18.6929823,0.05,-0.000771364186,AdvanceRight,advancing_past_measured_edge,0,14,42,0.520502806,0.899565093,1,1,1,0.302516282,-1,100,0,0,0,0,0
12.95,0.664181291,-0.00506621678,18.6905269,0.05,-0.000719939907,AdvanceRight,advancing_past_measured_edge,0,14,42,0.520502806,0.899565093,1,1,1,0.302516282,-1,100,0,0,0,0,0
13,0.666549465,-0.0042651232,18.6882353,0.05,-0.000671943914,AdvanceRight,advancing_past_measured_edge,0,14,42,0.518206656,0.896023473,1,1,1,0.303916723,-1,100,0,0,0,0,0
13.05,0.66891767,-0.00346412117,18.6860964,0.05,-0.000627147653,AdvanceRight,advancing_past_measured_edge,0,14,42,0.518206656,0.896023473,1,1,1,0.303916723,-1,100,0,0,0,0,0
13.1,0.671285904,-0.00266320461,18.6841002,0.05,-0.000585337809,AdvanceRight,advancing_past_measured_edge,0,14,42,0.515910506,0.892485585,1,1,1,0.305307299,-1,100,0,0,0,0,0
13.15,0.673654165,-0.00186236781,18.682237,0.05,-0.000546315288,AdvanceRight,advancing_past_measured_edge,0,14,42,0.515910506,0.892485585,1,1,1,0.305307299,-1,100,0,0,0,0,0
13.2,0.676022451,-0.00106160545,18.680498,0.05,-0.000509894269,AdvanceRight,advancing_past_measured_edge,0,14,42,0.5136168,0.888953797,1,1,1,0.306689948,-1,100,0,0,0,0,0
13.25,0.678390761,-0.000260912583,18.678875,0.05,-0.000475901318,AdvanceRight,advancing_past_measured_edge,0,14,42,0.5136168,0.888953797,1,1,1,0.306689948,-1,100,0,0,0,0,0
13.3,0.680759093,0.000539715436,18.6773601,0.05,-0.000444174563,AdvanceRight,advancing_past_measured_edge,0,14,42,0.511328042,0.885429946,1,1,1,0.308066577,-1,100,0,0,0,0,0
13.35,0.683127445,0.00134028293,18.6759463,0.05,-0.000414562926,AdvanceRight,advancing_past_measured_edge,0,14,42,0.511328042,0.885429946,1,1,1,0.308066577,-1,100,0,0,0,0,0
13.4,0.685495816,0.00214079392,18.6746267,0.05,-0.000386925397,AdvanceRight,advancing_past_measured_edge,0,14,42,0.509046495,0.881915512,1,1,1,0.309439242,-1,100,0,0,0,0,0
13.45,0.687864205,0.00294125219,18.673395,0.05,-0.000361130371,AdvanceRight,advancing_past_measured_edge,0,14,42,0.509046495,0.881915512,1,1,1,0.309439242,-1,100,0,0,0,0,0
13.5,0.690232611,0.00374166124,18.6722455,0.05,-0.000337055013,AdvanceRight,advancing_past_measured_edge,0,14,42,0.506774366,0.878411443,1,1,1,0.31080994,-1,100,0,0,0,0,0
13.55,0.692601032,0.00454202436,18.6711726,0.05,-0.000314584679,AdvanceRight,advancing_past_measured_edge,0,14,42,0.506774366,0.878411443,1,1,1,0.31080994,-1,100,0,0,0,0,0
13.6,0.694969468,0.00534234461,18.6701713,0.05,-0.000293612367,AdvanceRight,advancing_past_measured_edge,0,14,42,0.504513741,0.874918331,1,1,1,0.312180787,-1,100,0,0,0,0,0
13.65,0.697337917,0.00614262484,18.6692367,0.05,-0.000274038209,AdvanceRight,advancing_past_measured_edge,0,14,42,0.504513741,0.874918331,1,1,1,0.312180787,-1,100,0,0,0,0,0
13.7,0.699706379,0.00694286773,18.6683644,0.05,-0.000255768995,AdvanceRight,advancing_past_measured_edge,0,14,42,0.502266645,0.871436354,1,1,1,0.31355378,-1,100,0,0,0,0,0
13.75,0.702074852,0.00774307577,18.6675503,0.05,-0.000238717729,AdvanceRight,advancing_past_measured_edge,0,14,42,0.502266645,0.871436354,1,1,1,0.31355378,-1,100,0,0,0,0,0
13.8,0.704443337,0.00854325127,18.6667904,0.05,-0.000222803214,AdvanceRight,advancing_past_measured_edge,0,14,42,0.500034869,0.867965394,1,1,1,0.314931035,-1,100,0,0,0,0,0
13.85,0.706811832,0.0093433964,18.6660812,0.05,-0.000207949666,AdvanceRight,advancing_past_measured_edge,0,14,42,0.500034869,0.867965394,1,1,1,0.314931035,-1,100,0,0,0,0,0
13.9,0.709180336,0.0101435132,18.6654193,0.05,-0.000194086355,AdvanceRight,advancing_past_measured_edge,0,14,42,0.497820109,0.864505094,1,1,1,0.316314489,-1,100,0,0,0,0,0
13.95,0.711548849,0.0109436035,18.6648015,0.05,-0.000181147265,AdvanceRight,advancing_past_measured_edge,0,14,42,0.497820109,0.864505094,1,1,1,0.316314489,-1,100,0,0,0,0,0
14,0.713917371,0.0117436692,18.6642249,0.05,-0.00016907078,AdvanceRight,advancing_past_measured_edge,0,14,42,0.495623976,0.861054864,1,1,1,0.317706198,-1,100,0,0,0,0,0
14.05,0.7162859,0.0125437118,18.6636867,0.05,-0.000157799395,AdvanceRight,advancing_past_measured_edge,0,14,42,0.495623976,0.861054864,1,1,1,0.317706198,-1,100,0,0,0,0,0
14.1,0.718654437,0.0133437329,18.6631844,0.05,-0.000147279435,AdvanceRight,advancing_past_measured_edge,0,14,42,0.49344787,0.857613755,1,1,1,0.319176584,-1,100,0,0,0,0,0
14.15,0.721022981,0.014143734,18.6627156,0.05,-0.000137460806,AdvanceRight,advancing_past_measured_edge,0,14,42,0.49344787,0.857613755,1,1,1,0.319176584,-1,100,0,0,0,0,0
14.2,0.72339153,0.0149437163,18.6622781,0.05,-0.000128296752,AdvanceRight,advancing_past_measured_edge,0,14,42,0.491293103,0.834358449,1,1,1,0.321079433,-1,100,0,0,0,0,0
14.25,0.725760086,0.0157436811,18.6618697,0.05,-0.000119743636,AdvanceRight,advancing_past_measured_edge,0,14,42,0.491293103,0.834358449,1,1,1,0.321079433,-1,100,0,0,0,0,0
14.3,0.728128647,0.0165436296,18.6614885,0.05,-0.000111760727,AdvanceRight,advancing_past_measured_edge,0,14,42,0.489160717,0.830812401,1,1,1,0.323001802,-1,100,0,0,0,0,0
14.35,0.730497214,0.0173435629,18.6611328,0.05,-0.000104310011,AdvanceRight,advancing_past_measured_edge,0,14,42,0.489160717,0.830812401,1,1,1,0.323001802,-1,100,0,0,0,0,0
14.4,0.732865785,0.0181434819,18.6608007,0.05,-9.73560107e-05,AdvanceRight,advancing_past_measured_edge,0,14,42,0.487051725,0.827237907,1,1,1,0.324942201,-1,100,0,0,0,0,0
14.45,0.735234361,0.0189433877,18.6604908,0.05,-9.086561e-05,AdvanceRight,advancing_past_measured_edge,0,14,42,0.487051725,0.827237907,1,1,1,0.324942201,-1,100,0,0,0,0,0
14.5,0.737602941,0.0197432811,18.6602016,0.05,-8.48079027e-05,AdvanceRight,advancing_past_measured_edge,0,14,42,0.484966874,0.823635143,1,1,1,0.326899111,-1,100,0,0,0,0,0
14.55,0.739971524,0.0205431629,18.6599317,0.05,-7.91540425e-05,AdvanceRight,advancing_past_measured_edge,0,14,42,0.484966874,0.823635143,1,1,1,0.326899111,-1,100,0,0,0,0,0
14.6,0.742340112,0.021343034,18.6596797,0.05,-7.38771063e-05,AdvanceRight,advancing_past_measured_edge,0,14,42,0.482906818,0.820004288,1,1,1,0.328870863,-1,100,0,0,0,0,0
14.65,0.744708703,0.022142895,18.6594446,0.05,-6.89519659e-05,AdvanceRight,advancing_past_measured_edge,0,14,42,0.482906818,0.820004288,1,1,1,0.328870863,-1,100,0,0,0,0,0
14.7,0.747077297,0.0229427466,18.6592251,0.05,-6.43551682e-05,AdvanceRight,advancing_past_measured_edge,0,14,42,0.480871975,0.816345755,1,1,1,0.330855727,-1,100,0,0,0,0,0
14.75,0.749445893,0.0237425894,18.6590202,0.05,-6.00648236e-05,AdvanceRight,advancing_past_measured_edge,0,14,42,0.480871975,0.816345755,1,1,1,0.330855727,-1,100,0,0,0,0,0
14.8,0.751814493,0.024542424,18.658829,0.05,-5.60605021e-05,AdvanceRight,advancing_past_measured_edge,0,14,42,0.478862613,0.8126599,1,1,1,0.332851797,-1,100,0,0,0,0,0
14.85,0.754183095,0.025342251,18.6586506,0.05,-5.23231353e-05,AdvanceRight,advancing_past_measured_edge,0,14,42,0.478862613,0.8126599,1,1,1,0.332851797,-1,100,0,0,0,0,0
14.9,0.7565517,0.0261420709,18.658484,0.05,-4.88349262e-05,AdvanceRight,advancing_past_measured_edge,0,14,42,0.476878822,0.808947313,1,1,1,0.334857196,-1,100,0,0,0,0,0
14.95,0.758920307,0.0269418841,18.6583286,0.05,-4.55792645e-05,AdvanceRight,advancing_past_measured_edge,0,14,42,0.476878822,0.808947313,1,1,1,0.334857196,-1,100,0,0,0,0,0
15,0.761288916,0.0277416911,18.6581835,0.05,-4.25406469e-05,AdvanceRight,advancing_past_measured_edge,0,14,42,0.474920571,0.805208823,1,1,1,0.336776316,-1,100,0,0,0,0,0
15.05,0.763657527,0.0285414923,18.6580481,0.05,-3.97046037e-05,AdvanceRight,advancing_past_measured_edge,0,14,42,0.474920571,0.805208823,1,1,1,0.336776316,-1,100,0,0,0,0,0
15.1,0.76602614,0.029341288,18.6579217,0.05,-3.70576302e-05,AdvanceRight,advancing_past_measured_edge,0,14,42,0.472987592,0.801445198,1,1,1,0.338365197,-1,100,0,0,0,0,0
15.15,0.768394754,0.0301410788,18.6578037,0.05,-3.45871215e-05,AdvanceRight,advancing_past_measured_edge,0,14,42,0.472987592,0.801445198,1,1,1,0.338365197,-1,100,0,0,0,0,0
15.2,0.770763371,0.0309408648,18.6576937,0.05,-3.22813134e-05,AdvanceRight,advancing_past_measured_edge,0,14,42,0.471079469,0.797657385,1,1,1,0.44155243,-1,100,0,0,0,0,0
15.25,0.773131988,0.0317406464,18.6575909,0.05,-3.01292258e-05,AdvanceRight,advancing_past_measured_edge,0,14,42,0.471079469,0.797657385,1,1,1,0.44155243,-1,100,0,0,0,0,0
15.3,0.775500607,0.0325404239,18.657495,0.05,-2.81206108e-05,AdvanceRight,advancing_past_measured_edge,0,14,42,0.469195604,0.793846507,1,1,1,0.446386516,-1,100,0,0,0,0,0
15.35,0.777869227,0.0333401976,18.6574055,0.05,-2.62459034e-05,AdvanceRight,advancing_past_measured_edge,0,14,42,0.469195604,0.793846507,1,1,1,0.446386516,-1,100,0,0,0,0,0
15.4,0.780237849,0.0341399677,18.6573219,0.05,-2.44961765e-05,AdvanceRight,advancing_past_measured_edge,0,14,42,0.467335284,0.790013865,1,1,1,0.448858798,-1,100,0,0,0,0,0
15.45,0.782606472,0.0349397345,18.657244,0.05,-2.28630981e-05,AdvanceRight,advancing_past_measured_edge,0,14,42,0.467335284,0.790013865,1,1,1,0.448858798,-1,100,0,0,0,0,0
15.5,0.784975095,0.0357394981,18.6571712,0.05,-2.13388915e-05,AdvanceRight,advancing_past_measured_edge,0,14,42,0.465497613,0.786160761,1,1,1,0.450640827,-1,100,0,0,0,0,0
15.55,0.78734372,0.0365392589,18.6571033,0.05,-1.99162987e-05,AdvanceRight,advancing_past_measured_edge,0,14,42,0.465497613,0.786160761,1,1,1,0.450640827,-1,100,0,0,0,0,0
15.6,0.789712345,0.0373390169,18.6570399,0.05,-1.85885455e-05,AdvanceRight,advancing_past_measured_edge,0,14,42,0.463681549,0.75362506,1,1,1,0.452398062,-1,100,0,0,0,0,0
15.65,0.792080972,0.0381387724,18.6569807,0.05,-1.73493091e-05,AdvanceRight,advancing_past_measured_edge,0,14,42,0.463681549,0.75362506,1,1,1,0.452398062,-1,100,0,0,0,0,0
15.7,0.794449599,0.0389385255,18.6569255,0.05,-1.61926885e-05,AdvanceRight,advancing_past_measured_edge,0,14,42,0.46188587,0.749922896,1,1,1,0.454129994,-1,100,0,0,0,0,0
15.75,0.796818227,0.0397382764,18.6568739,0.05,-1.5113176e-05,AdvanceRight,advancing_past_measured_edge,0,14,42,0.46188587,0.749922896,1,1,1,0.454129994,-1,100,0,0,0,0,0
15.8,0.799186856,0.0405380253,18.6568258,0.05,-1.41056309e-05,AdvanceRight,advancing_past_measured_edge,0,14,42,0.460109293,0.74624305,1,1,1,0.455836266,-1,100,0,0,0,0,0
15.85,0.801555485,0.0413377722,18.6567809,0.05,-1.31652555e-05,AdvanceRight,advancing_past_measured_edge,0,14,42,0.460109293,0.74624305,1,1,1,0.455836266,-1,100,0,0,0,0,0
15.9,0.803924115,0.0421375174,18.656739,0.05,-1.22875718e-05,AdvanceRight,advancing_past_measured_edge,0,14,42,0.45835036,0.742586467,1,1,1,0.45751673,-1,100,0,0,0,0,0
15.95,0.806292745,0.0429372609,18.6566999,0.05,-1.14684003e-05,AdvanceRight,advancing_past_measured_edge,0,14,42,0.45835036,0.742586467,1,1,1,0.45751673,-1,100,0,0,0,0,0
16,0.808661377,0.0437370028,18.6566634,0.05,-1.07038403e-05,AdvanceRight,advancing_past_measured_edge,0,14,42,0.456607491,0.738953914,1,1,1,0.459171355,-1,100,0,0,0,0,0
16.05,0.811030008,0.0445367432,18.6566293,0.05,-9.99025097e-06,AdvanceRight,advancing_past_measured_edge,0,14,42,0.456607491,0.738953914,1,1,1,0.459171355,-1,100,0,0,0,0,0
16.1,0.81339864,0.0453364823,18.6565975,0.05,-9.32423424e-06,AdvanceRight,advancing_past_measured_edge,0,14,42,0.454879045,0.735345983,1,1,1,0.46080032,-1,100,0,0,0,0,0
16.15,0.815767272,0.0461362201,18.6565679,0.05,-8.70261862e-06,AdvanceRight,advancing_past_measured_edge,0,14,42,0.454879045,0.735345983,1,1,1,0.46080032,-1,100,0,0,0,0,0
16.2,0.818135905,0.0469359567,18.6565402,0.05,-8.12244405e-06,AdvanceRight,advancing_past_measured_edge,0,14,42,0.453163236,0.731763085,1,1,1,0.462403953,-1,100,0,0,0,0,0
16.25,0.820504538,0.0477356923,18.6565143,0.05,-7.58094778e-06,AdvanceRight,advancing_past_measured_edge,0,14,42,0.453163236,0.731763085,1,1,1,0.462403953,-1,100,0,0,0,0,0
16.3,0.822873172,0.0485354268,18.6564902,0.05,-7.07555126e-06,AdvanceRight,advancing_past_measured_edge,0,14,42,0.451458246,0.728205576,1,1,1,0.463982701,-1,100,0,0,0,0,0
16.35,0.825241806,0.0493351603,18.6564676,0.05,-6.60384784e-06,AdvanceRight,advancing_past_measured_edge,0,14,42,0.451458246,0.728205576,1,1,1,0.463982701,-1,100,0,0,0,0,0
16.4,0.82761044,0.0501348929,18.6564466,0.05,-6.16359132e-06,AdvanceRight,advancing_past_measured_edge,0,14,42,0.449762106,0.724673456,1,1,1,0.46553725,-1,100,0,0,0,0,0
16.45,0.829979074,0.0509346247,18.656427,0.05,-5.75268523e-06,AdvanceRight,advancing_past_measured_edge,0,14,42,0.449762106,0.724673456,1,1,1,0.46553725,-1,100,0,0,0,0,0
16.5,0.832347709,0.0517343557,18.6564087,0.05,-5.36917288e-06,AdvanceRight,advancing_past_measured_edge,0,14,42,0.44807291,0.721166783,1,1,1,0.467068404,-1,100,0,0,0,0,0
16.55,0.834716344,0.052534086,18.6563916,0.05,-5.01122802e-06,AdvanceRight,advancing_past_measured_edge,0,14,42,0.44807291,0.721166783,1,1,1,0.467068404,-1,100,0,0,0,0,0
16.6,0.837084979,0.0533338156,18.6563757,0.05,-4.67714615e-06,AdvanceRight,advancing_past_measured_edge,0,14,42,0.446388572,0.717685203,1,1,1,0.468577117,-1,100,0,0,0,0,0
16.65,0.839453614,0.0541335445,18.6563608,0.05,-4.36533641e-06,AdvanceRight,advancing_past_measured_edge,0,14,42,0.446388572,0.717685203,1,1,1,0.468577117,-1,100,0,0,0,0,0
16.7,0.84182225,0.0549332729,18.6563469,0.05,-4.07431398e-06,AdvanceRight,advancing_past_measured_edge,0,14,42,0.444707096,0.714228362,1,1,1,0.470064461,-1,100,0,0,0,0,0
16.75,0.844190886,0.0557330007,18.6563339,0.05,-3.80269305e-06,AdvanceRight,advancing_past_measured_edge,0,14,42,0.444707096,0.714228362,1,1,1,0.470064461,-1,100,0,0,0,0,0
16.8,0.846559522,0.0565327279,18.6563218,0.05,-3.54918018e-06,AdvanceRight,advancing_past_measured_edge,0,14,42,0.443026364,0.71079567,1,1,1,0.471531749,-1,100,0,0,0,0,0
16.85,0.848928158,0.0573324547,18.6563105,0.05,-3.31256817e-06,AdvanceRight,advancing_past_measured_edge,0,14,42,0.443026364,0.71079567,1,1,1,0.471531749,-1,100,0,0,0,0,0
16.9,0.851296794,0.0581321811,18.6563,0.05,-3.09173029e-06,AdvanceRight,advancing_past_measured_edge,0,14,42,0.44104737,0.707386476,1,1,1,0.472980261,-1,100,0,0,0,0,0
16.95,0.853665431,0.058931907,18.6562901,0.05,-2.88561494e-06,AdvanceRight,advancing_past_measured_edge,0,14,42,0.44104737,0.707386476,1,1,1,0.472980261,-1,100,0,0,0,0,0
17,0.856034067,0.0597316325,18.6562809,0.05,-2.69324061e-06,AdvanceRight,advancing_past_measured_edge,0,14,42,0.439029247,0.703999837,1,1,1,0.474658549,-1,100,0,0,0,0,0
17.05,0.858402704,0.0605313577,18.6562724,0.05,-2.51369124e-06,AdvanceRight,advancing_past_measured_edge,0,14,42,0.439029247,0.703999837,1,1,1,0.474658549,-1,100,0,0,0,0,0
17.1,0.860771341,0.0613310825,18.6562644,0.05,-2.34611182e-06,AdvanceRight,advancing_past_measured_edge,0,14,42,0.437036961,0.70063469,1,1,1,0.47666043,-1,100,0,0,0,0,0
17.15,0.863139977,0.062130807,18.6562569,0.05,-2.18970436e-06,AdvanceRight,advancing_past_measured_edge,0,14,42,0.437036961,0.70063469,1,1,1,0.47666043,-1,100,0,0,0,0,0
17.2,0.865508614,0.0629305312,18.6562499,0.05,-2.04372407e-06,AdvanceRight,advancing_past_measured_edge,0,14,42,0.435070276,0.683215079,1,1,1,0.47866866,-1,100,0,0,0,0,0
17.25,0.867877252,0.0637302551,18.6562434,0.05,-1.9074758e-06,AdvanceRight,advancing_past_measured_edge,0,14,42,0.435070276,0.683215079,1,1,1,0.47866866,-1,100,0,0,0,0,0
17.3,0.870245889,0.0645299788,18.6562373,0.05,-1.78031075e-06,AdvanceRight,advancing_past_measured_edge,0,14,42,0.433128864,0.679951424,1,1,1,0.480681211,-1,100,0,0,0,0,0
17.35,0.872614526,0.0653297022,18.6562317,0.05,-1.66162337e-06,AdvanceRight,advancing_past_measured_edge,0,14,42,0.433128864,0.679951424,1,1,1,0.480681211,-1,100,0,0,0,0,0
17.4,0.874983163,0.0661294254,18.6562264,0.05,-1.55084847e-06,AdvanceRight,advancing_past_measured_edge,0,14,42,0.431212217,0.676666611,1,1,1,0.482696027,-1,100,0,0,0,0,0
17.45,0.877351801,0.0669291484,18.6562214,0.05,-1.44745858e-06,AdvanceRight,advancing_past_measured_edge,0,14,42,0.431212217,0.676666611,1,1,1,0.482696027,-1,100,0,0,0,0,0
17.5,0.879720438,0.0677288712,18.6562168,0.05,-1.35096134e-06,AdvanceRight,advancing_past_measured_edge,0,14,42,0.42931965,0.67335958,1,1,1,0.484711051,-1,100,0,0,0,0,0
17.55,0.882089076,0.0685285938,18.6562125,0.05,-1.26089725e-06,AdvanceRight,advancing_past_measured_edge,0,14,42,0.42931965,0.67335958,1,1,1,0.484711051,-1,100,0,0,0,0,0
17.6,0.884457713,0.0693283162,18.6562085,0.05,-1.17683743e-06,AdvanceRight,advancing_past_measured_edge,0,14,42,0.427450329,0.670029445,1,1,1,0.486724168,-1,100,0,0,0,0,0
17.65,0.886826351,0.0701280385,18.6562048,0.05,-1.0983816e-06,AdvanceRight,advancing_past_measured_edge,0,14,42,0.427450329,0.670029445,1,1,1,0.486724168,-1,100,0,0,0,0,0
17.7,0.889194989,0.0709277606,18.6562013,0.05,-1.02515616e-06,AdvanceRight,advancing_past_measured_edge,0,14,42,0.425603271,0.666675323,1,1,1,0.488733321,-1,100,0,0,0,0,0
17.75,0.891563626,0.0717274826,18.656198,0.05,-9.56812419e-07,AdvanceRight,advancing_past_measured_edge,0,14,42,0.425603271,0.666675323,1,1,1,0.488733321,-1,100,0,0,0,0,0
17.8,0.893932264,0.0725272045,18.656195,0.05,-8.93024924e-07,AdvanceRight,advancing_past_measured_edge,0,14,42,0.423777342,0.663296625,1,1,1,0.490736485,-1,100,0,0,0,0,0
17.85,0.896300902,0.0733269262,18.6561921,0.05,-8.33489929e-07,AdvanceRight,advancing_past_measured_edge,0,14,42,0.423777342,0.663296625,1,1,1,0.490736485,-1,100,0,0,0,0,0
17.9,0.89866954,0.0741266478,18.6561895,0.05,-7.77923934e-07,AdvanceRight,advancing_past_measured_edge,0,14,42,0.421971291,0.659892879,1,1,1,0.492731631,-1,100,0,0,0,0,0
17.95,0.901038178,0.0749263693,18.656187,0.05,-7.26062338e-07,AdvanceRight,advancing_past_measured_edge,0,14,42,0.421971291,0.659892879,1,1,1,0.492731631,-1,100,0,0,0,0,0
18,0.903406816,0.0757260907,18.6561847,0.05,-6.77658183e-07,AdvanceRight,advancing_past_measured_edge,0,14,42,0.420183688,0.656463672,1,1,1,0.494508088,-1,100,0,0,0,0,0
18.05,0.905775454,0.076525812,18.6561825,0.05,-6.3248097e-07,AdvanceRight,advancing_past_measured_edge,0,14,42,0.420183688,0.656463672,1,1,1,0.494508088,-1,100,0,0,0,0,0
18.1,0.908144092,0.0773255333,18.6561805,0.05,-5.90315572e-07,AdvanceRight,advancing_past_measured_edge,0,14,42,0.418413103,0.653008946,1,1,1,0.496001422,-1,100,0,0,0,0,0
18.15,0.91051273,0.0781252544,18.6561786,0.05,-5.50961201e-07,AdvanceRight,advancing_past_measured_edge,0,14,42,0.418413103,0.653008946,1,1,1,0.496001422,-1,100,0,0,0,0,0
18.2,0.912881368,0.0789249755,18.6561769,0.05,-5.14230454e-07,AdvanceRight,advancing_past_measured_edge,0,14,42,0.416657835,0.649528642,1,1,1,0.497514635,-1,100,0,0,0,0,0
18.25,0.915250006,0.0797246965,18.6561753,0.05,-4.79948424e-07,AdvanceRight,advancing_past_measured_edge,0,14,42,0.416657835,0.649528642,1,1,1,0.497514635,-1,100,0,0,0,0,0
18.3,0.917618644,0.0805244174,18.6561737,0.05,-4.47951862e-07,AdvanceRight,advancing_past_measured_edge,0,14,42,0.414916188,0.622570947,1,1,1,0.499049008,-1,100,0,0,0,0,0
18.35,0.919987282,0.0813241383,18.6561723,0,0,TurnRight,right_pivot_ready,0,14,42,0.414916188,0.622570947,1,1,1,0.499049008,-1,100,0,0,0,0,0
18.4,0.921368988,0.0817906421,18.6561715,0,-0.6,TurnRight,turning_right_with_feedback,0,14,42,0.413558841,0.619661098,1,1,1,0.500273049,-1,100,0,0,0,0,0
18.45,0.922176668,0.0820577266,17.9399737,0,-0.6,TurnRight,turning_right_with_feedback,0,14,42,0.413558841,0.619661098,1,1,1,0.500273049,-1,100,0,0,0,0,0
18.5,0.922650268,0.0822058988,16.8059945,0,-0.6,TurnRight,turning_right_with_feedback,0,14,42,0.422723621,0.706468183,1,1,1,0.495899886,-1,100,0,0,0,0,0
18.55,0.922928363,0.082286257,15.4283093,0,-0.6,TurnRight,turning_right_with_feedback,0,14,42,0.422723621,0.706468183,1,1,1,0.495899886,-1,100,0,0,0,0,0
18.6,0.923091719,0.0823290162,13.9084624,0,-0.6,TurnRight,turning_right_with_feedback,0,14,42,0.439600348,0.824183846,1,1,1,0.489792675,-1,100,0,0,0,0,0
18.65,0.923187654,0.0823513534,12.3056878,0,-0.6,TurnRight,turning_right_with_feedback,0,14,42,0.439600348,0.824183846,1,1,1,0.489792675,-1,100,0,0,0,0,0
18.7,0.923243963,0.0823627894,10.6545387,0,-0.6,TurnRight,turning_right_with_feedback,0,14,42,0.461447895,1.12199494,1,1,1,0.486161113,-1,100,0,0,0,0,0
18.75,0.92327699,0.082368503,8.97517118,0,-0.6,TurnRight,turning_right_with_feedback,0,14,42,0.461447895,1.12199494,1,1,1,0.486161113,-1,100,0,0,0,0,0
18.8,0.923296346,0.0823712671,7.27934286,0,-0.6,TurnRight,turning_right_with_feedback,0,14,42,0.488153219,1.23470601,1,1,1,0.484357595,-1,100,0,0,0,0,0
18.85,0.923307679,0.0823725437,5.57391243,0,-0.6,TurnRight,turning_right_with_feedback,0,14,42,0.488153219,1.23470601,1,1,1,0.484357595,-1,100,0,0,0,0,0
18.9,0.92331431,0.0823730909,3.86288077,0,-0.6,TurnRight,turning_right_with_feedback,0,14,42,0.520876527,1.23319808,1,1,1,0.483685702,-1,100,0,0,0,0,0
18.95,0.923318186,0.0823732944,2.14858173,0,-0.6,TurnRight,turning_right_with_feedback,0,14,42,0.520876527,1.23319808,1,1,1,0.483685702,-1,100,0,0,0,0,0
19,0.923320449,0.0823733454,0.432376707,0,-0.6,TurnRight,turning_right_with_feedback,0,14,42,0.561129808,1.23435105,1,1,1,0.483145326,-1,100,0,0,0,0,0
19.05,0.923321769,0.0823733356,-1.28494013,0,-0.6,TurnRight,turning_right_with_feedback,0,14,42,0.561129808,1.23435105,1,1,1,0.483145326,-1,100,0,0,0,0,0
19.1,0.923322539,0.0823733068,-3.00290553,0,-0.6,TurnRight,turning_right_with_feedback,0,14,42,0.611249745,1.23188701,1,1,1,0.482349992,-1,100,0,0,0,0,0
19.15,0.923322988,0.0823732765,-4.72124926,0,-0.6,TurnRight,turning_right_with_feedback,0,14,42,0.611249745,1.23188701,1,1,1,0.482349992,-1,100,0,0,0,0,0
19.2,0.923323249,0.082373251,-6.43981368,0,-0.6,TurnRight,turning_right_with_feedback,0,14,42,0.674795568,1.23227775,1,0,1,0.416236818,-1,100,0,0,0,0,0
19.25,0.9233234,0.0823732316,-8.15850683,0,-0.6,TurnRight,turning_right_with_feedback,0,14,42,0.674795568,1.23227775,1,0,1,0.416236818,-1,100,0,0,0,0,0
19.3,0.923323488,0.0823732176,-9.87727508,0,-0.6,TurnRight,turning_right_with_feedback,0,14,42,0.702366292,1.23727453,1,0,1,0.415565342,-1,100,0,0,0,0,0
19.35,0.923323539,0.0823732079,-11.5960871,0,-0.6,TurnRight,turning_right_with_feedback,0,14,42,0.702366292,1.23727453,1,0,1,0.415565342,-1,100,0,0,0,0,0
19.4,0.923323569,0.0823732014,-13.3149248,0,-0.6,TurnRight,turning_right_with_feedback,0,14,42,0.665404201,1.2469709,1,0,1,0.418794036,-1,100,0,0,0,0,0
19.45,0.923323586,0.082373197,-15.0337773,0,-0.6,TurnRight,turning_right_with_feedback,0,14,42,0.665404201,1.2469709,1,0,1,0.418794036,-1,100,0,0,0,0,0
19.5,0.923323596,0.0823731942,-16.7526385,0,-0.6,TurnRight,turning_right_with_feedback,0,14,42,0.634501576,1.2615479,1,0,1,0.420736074,-1,100,0,0,0,0,0
19.55,0.923323602,0.0823731924,-18.4715048,0,-0.6,TurnRight,turning_right_with_feedback,0,14,42,0.634501576,1.2615479,1,0,1,0.420736074,-1,100,0,0,0,0,0
19.6,0.923323605,0.0823731912,-20.190374,0,-0.6,TurnRight,turning_right_with_feedback,0,14,42,0.607993007,1.28128299,1,0,1,0.421148658,-1,100,0,0,0,0,0
19.65,0.923323607,0.0823731905,-21.909245,0,-0.6,TurnRight,turning_right_with_feedback,0,14,42,0.607993007,1.28128299,1,0,1,0.421148658,-1,100,0,0,0,0,0
19.7,0.923323608,0.08237319,-23.628117,0,-0.6,TurnRight,turning_right_with_feedback,0,14,42,0.585410476,1.30656275,1,0,1,0.431774974,-1,100,0,0,0,0,0
19.75,0.923323609,0.0823731897,-25.3469895,0,-0.6,TurnRight,turning_right_with_feedback,0,14,42,0.585410476,1.30656275,1,0,1,0.431774974,-1,100,0,0,0,0,0
19.8,0.923323609,0.0823731896,-27.0658624,0,-0.6,TurnRight,turning_right_with_feedback,0,14,42,0.566495776,1.33790262,1,0,1,0.446732849,-1,100,0,0,0,0,0
19.85,0.923323609,0.0823731895,-28.7847355,0,-0.6,TurnRight,turning_right_with_feedback,0,14,42,0.566495776,1.33790262,1,0,1,0.446732849,-1,100,0,0,0,0,0
19.9,0.92332361,0.0823731894,-30.5036087,0,-0.6,TurnRight,turning_right_with_feedback,0,14,42,0.550742209,1.37597317,1,0,1,0.463626027,-1,100,0,0,0,0,0
19.95,0.92332361,0.0823731893,-32.222482,0,-0.6,TurnRight,turning_right_with_feedback,0,14,42,0.550742209,1.37597317,1,0,1,0.463626027,-1,100,0,0,0,0,0
20,0.92332361,0.0823731893,-33.9413554,0,-0.6,TurnRight,turning_right_with_feedback,0,14,42,0.537756801,1.42163874,1,0,1,0.482972115,-1,100,0,0,0,0,0
20.05,0.92332361,0.0823731893,-35.6602287,0,-0.6,TurnRight,turning_right_with_feedback,0,14,42,0.537756801,1.42163874,1,0,1,0.482972115,-1,100,0,0,0,0,0
20.1,0.92332361,0.0823731893,-37.3791021,0,-0.6,TurnRight,turning_right_with_feedback,0,14,42,0.527234614,0.611367821,1,0,1,0.505630195,-1,100,0,0,0,0,0
20.15,0.92332361,0.0823731893,-39.0979755,0,-0.6,TurnRight,turning_right_with_feedback,0,14,42,0.527234614,0.611367821,1,0,1,0.505630195,-1,100,0,0,0,0,0
20.2,0.92332361,0.0823731893,-40.8168488,0,-0.6,TurnRight,turning_right_with_feedback,0,14,42,0.518939972,0.565278356,1,0,1,0.664512038,-1,100,0,0,0,0,0
20.25,0.92332361,0.0823731893,-42.5357222,0,-0.6,TurnRight,turning_right_with_feedback,0,14,42,0.518939972,0.565278356,1,0,1,0.664512038,-1,100,0,0,0,0,0
20.3,0.92332361,0.0823731893,-44.2545956,0,-0.567355968,TurnRight,turning_right_with_feedback,0,14,42,0.512693346,0.538279179,1,0,1,0.704551339,-1,100,0,0,0,0,0
20.35,0.92332361,0.0823731893,-45.934503,0,-0.532172069,TurnRight,turning_right_with_feedback,0,14,42,0.512693346,0.538279179,1,0,1,0.704551339,-1,100,0,0,0,0,0
20.4,0.92332361,0.0823731893,-47.5496827,0,-0.498343826,TurnRight,turning_right_with_feedback,0,14,42,0.508503556,0.51469888,1,0,1,0.750035286,-1,100,0,0,0,0,0
20.45,0.92332361,0.0823731893,-49.0867249,0,-0.466152089,TurnRight,turning_right_with_feedback,0,14,42,0.508503556,0.51469888,1,0,1,0.750035286,-1,100,0,0,0,0,0
20.5,0.92332361,0.0823731893,-50.539761,0,-0.435719773,TurnRight,turning_right_with_feedback,0,14,42,0.506151617,0.498356501,1,0,1,0.798769355,-1,100,0,0,0,0,0
20.55,0.92332361,0.0823731893,-51.9074675,0,-0.407074595,TurnRight,turning_right_with_feedback,0,14,42,0.506151617,0.498356501,1,0,1,0.798769355,-1,100,0,0,0,0,0
20.6,0.92332361,0.0823731893,-53.1912058,0,-0.380188042,TurnRight,turning_right_with_feedback,0,14,42,0.505185008,0.484804074,1,0,1,0.849335849,-1,100,0,0,0,0,0
20.65,0.92332361,0.0823731893,-54.3938692,0,-0.354999519,TurnRight,turning_right_with_feedback,0,14,42,0.505185008,0.484804074,1,0,1,0.849335849,-1,100,0,0,0,0,0
20.7,0.92332361,0.0823731893,-55.5191723,0,-0.331431226,TurnRight,turning_right_with_feedback,0,14,42,0.5051893,0.475655851,1,0,1,0.900730848,-1,100,0,0,0,0,0
20.75,0.92332361,0.0823731893,-56.571216,0,-0.309397274,TurnRight,turning_right_with_feedback,0,14,42,0.5051893,0.475655851,1,0,1,0.900730848,-1,100,0,0,0,0,0
20.8,0.92332361,0.0823731893,-57.5542239,0,-0.288809204,TurnRight,turning_right_with_feedback,0,14,42,0.505688071,0.468600458,1,0,1,0.952169538,-1,100,0,0,0,0,0
20.85,0.92332361,0.0823731893,-58.4723858,0,-0.269579266,TurnRight,turning_right_with_feedback,0,14,42,0.505688071,0.468600458,1,0,1,0.952169538,-1,100,0,0,0,0,0
20.9,0.92332361,0.0823731893,-59.3297668,0,-0.251622321,TurnRight,turning_right_with_feedback,0,14,42,0.506006479,0.454409026,1,0,1,1.00299919,-1,100,0,0,0,0,0
20.95,0.92332361,0.0823731893,-60.1302577,0,-0.234856878,TurnRight,turning_right_with_feedback,0,14,42,0.506006479,0.454409026,1,0,1,1.00299919,-1,100,0,0,0,0,0
21,0.92332361,0.0823731893,-60.8775505,0,-0.219205614,TurnRight,turning_right_with_feedback,0,14,42,0.50666523,0.450392533,1,0,1,1.05266452,-1,100,0,0,0,0,0
21.05,0.92332361,0.0823731893,-61.5751288,0,-0.20459557,TurnRight,turning_right_with_feedback,0,14,42,0.50666523,0.450392533,1,0,1,1.05266452,-1,100,0,0,0,0,0
21.1,0.92332361,0.0823731893,-62.2262674,0,-0.190958155,TurnRight,turning_right_with_feedback,0,14,42,0.507066369,0.447246997,1,0,1,1.10069513,-1,100,0,0,0,0,0
21.15,0.92332361,0.0823731893,-62.8340377,0,-0.178229043,TurnRight,turning_right_with_feedback,0,14,42,0.507066369,0.447246997,1,0,1,1.10069513,-1,100,0,0,0,0,0
21.2,0.92332361,0.0823731893,-63.4013157,0,-0.166348001,TurnRight,turning_right_with_feedback,0,14,42,0.439174056,0.444769245,1,0,1,1.1467036,-1,100,0,0,0,0,0
21.25,0.92332361,0.0823731893,-63.9307911,0,-0.155258693,TurnRight,turning_right_with_feedback,0,14,42,0.439174056,0.444769245,1,0,1,1.1467036,-1,100,0,0,0,0,0
21.3,0.92332361,0.0823731893,-64.4249782,0,-0.144908463,TurnRight,turning_right_with_feedback,0,14,42,0.418028176,0.44280732,1,0,1,1.19038451,-1,100,0,0,0,0,0
21.35,0.92332361,0.0823731893,-64.8862257,0,-0.135248117,TurnRight,turning_right_with_feedback,0,14,42,0.418028176,0.44280732,1,0,1,1.19038451,-1,100,0,0,0,0,0
21.4,0.92332361,0.0823731893,-65.3167274,0,-0.126231712,TurnRight,turning_right_with_feedback,0,14,42,0.412732095,0.441246497,1,0,1,1.23151314,-1,100,0,0,0,0,0
21.45,0.92332361,0.0823731893,-65.7185313,0,-0.11781635,TurnRight,turning_right_with_feedback,0,14,42,0.412732095,0.441246497,1,0,1,1.23151314,-1,100,0,0,0,0,0
21.5,0.92332361,0.0823731893,-66.0935499,0,-0.10996198,TurnRight,turning_right_with_feedback,0,14,42,0.413822442,0.439999667,1,0,1,1.26994145,-1,100,0,0,0,0,0
21.55,0.92332361,0.0823731893,-66.4435681,0,-0.102631215,TurnRight,turning_right_with_feedback,0,14,42,0.413822442,0.439999667,1,0,1,1.26994145,-1,100,0,0,0,0,0
21.6,0.92332361,0.0823731893,-66.7702524,0,-0.0957891547,TurnRight,turning_right_with_feedback,0,14,42,0.414833128,0.43900006,1,0,1,1.3055917,-1,100,0,0,0,0,0
21.65,0.92332361,0.0823731893,-67.0751582,0,-0.0894032241,TurnRight,turning_right_with_feedback,0,14,42,0.414833128,0.43900006,1,0,1,1.3055917,-1,100,0,0,0,0,0
21.7,0.92332361,0.0823731893,-67.3597371,0,-0.0834430173,TurnRight,turning_right_with_feedback,0,14,42,0.415759981,0.438196517,1,0,1,1.33844888,-1,100,0,0,0,0,0
21.75,0.92332361,0.0823731893,-67.6253442,0,-0.0778801545,TurnRight,turning_right_with_feedback,0,14,42,0.415759981,0.438196517,1,0,1,1.33844888,-1,100,0,0,0,0,0
21.8,0.92332361,0.0823731893,-67.8732443,0,-0.0726881474,TurnRight,turning_right_with_feedback,0,14,42,0.413050622,0.437549067,1,0,1,1.36855054,-1,100,0,0,0,0,0
21.85,0.92332361,0.0823731893,-68.1046177,0,-0.0678422729,TurnRight,turning_right_with_feedback,0,14,42,0.413050622,0.437549067,1,0,1,1.36855054,-1,100,0,0,0,0,0
21.9,0.92332361,0.0823731893,-68.3205663,0,-0.063319456,TurnRight,turning_right_with_feedback,0,14,42,0.413679391,0.437026889,1,0,1,1.3959775,-1,100,0,0,0,0,0
21.95,0.92332361,0.0823731893,-68.5221184,0,0,FindWall,right_heading_reached,0,14,42,0.413679391,0.437026889,1,0,1,1.3959775,-1,100,0,0,0,0,0
22,0.92332361,0.0823731893,-68.6396904,0.05,-0.0566357368,FindWall,finding_near_right_wall,0,14,42,0.414151877,0.436692036,1,0,1,1.4162848,-1,100,0,0,0,0,0
22.05,0.923701865,0.0814026262,-68.775878,0.05,-0.0537834301,FindWall,finding_near_right_wall,0,14,42,0.414151877,0.436692036,1,0,1,1.4162848,-1,100,0,0,0,0,0
22.1,0.924297014,0.0798644434,-68.9195201,0.05,-0.0507749987,FindWall,finding_near_right_wall,0,14,42,0.411996692,0.428289597,1,0,1,1.42749655,-1,100,0,0,0,0,0
22.15,0.925015368,0.0779938746,-69.0639194,0.05,-0.0477507055,FindWall,finding_near_right_wall,0,14,42,0.411996692,0.428289597,1,0,1,1.42749655,-1,100,0,0,0,0,0
22.2,0.925802702,0.0759283149,-69.2051506,0.05,-0.0447927668,FindWall,finding_near_right_wall,0,14,42,0.408385068,0.424141821,1,0,1,1.4353168,-1,100,0,0,0,0,0
22.25,0.926627727,0.0737480503,-69.3410029,0.05,-0.0419474834,FindWall,finding_near_right_wall,0,14,42,0.408385068,0.424141821,1,0,1,1.4353168,-1,100,0,0,0,0,0
22.3,0.927472452,0.0715000208,-69.4703211,0.05,-0.0392390476,FindWall,finding_near_right_wall,0,14,42,0.404240489,0.419554893,1,0,1,1.4405477,-1,100,0,0,0,0,0
22.35,0.928326591,0.0692116912,-69.592595,0.05,-0.0366781506,FindWall,finding_near_right_wall,0,14,42,0.404240489,0.419554893,1,0,1,1.4405477,-1,100,0,0,0,0,0
22.4,0.929184314,0.0668991502,-69.7077027,0.05,-0.0342673402,FindWall,finding_near_right_wall,0,14,42,0.399879813,0.414844551,1,0,1,1.44350195,-1,100,0,0,0,0,0
22.45,0.930042363,0.0645718396,-69.8157525,0.05,-0.0320043507,FindWall,finding_near_right_wall,0,14,42,0.399879813,0.414844551,1,0,1,1.44350195,-1,100,0,0,0,0,0
22.5,0.930898965,0.0622353171,-69.9169839,0.05,-0.0298841646,FindWall,finding_near_right_wall,0,14,42,0.395414174,0.410113814,1,0,1,1.44438541,-1,100,0,0,0,0,0
22.55,0.931753197,0.0598928686,-70.0117072,0.05,-0.0279002854,FindWall,finding_near_right_wall,0,14,42,0.395414174,0.410113814,1,0,1,1.44438541,-1,100,0,0,0,0,0
22.6,0.932604628,0.0575464508,-70.1002659,0.05,-0.0260455153,FindWall,finding_near_right_wall,0,14,42,0.390884936,0.40539435,1,0,1,1.44338632,-1,100,0,0,0,0,0
22.65,0.933453099,0.055197242,-70.1830147,0.05,-0.0243124282,FindWall,finding_near_right_wall,0,14,42,0.390884936,0.40539435,1,0,1,1.44338632,-1,100,0,0,0,0,0
22.7,0.934298608,0.0528459628,-70.2603057,0.05,-0.0226936501,FindWall,finding_near_right_wall,0,14,42,0.386309594,0.400693943,1,0,1,1.44068897,-1,100,0,0,0,0,0
22.75,0.935141234,0.0504930648,-70.3324806,0.05,-0.0211820215,FindWall,finding_near_right_wall,0,14,42,0.386309594,0.400693943,1,0,1,1.44068897,-1,100,0,0,0,0,0
22.8,0.935981103,0.0481388399,-70.3998669,0.05,-0.0197706877,FindWall,finding_near_right_wall,0,14,42,0.384350538,0.396012915,1,0,1,1.43647063,-1,100,0,0,0,0,0
22.85,0.936818356,0.0457834852,-70.462775,0.05,-0.0184531424,FindWall,finding_near_right_wall,0,14,42,0.384350538,0.396012915,1,0,1,1.43647063,-1,100,0,0,0,0,0
22.9,0.937653146,0.0434271401,-70.5214983,0.05,-0.0172232458,FindWall,finding_near_right_wall,0,14,42,0.381690681,0.391349434,1,0,1,1.43089855,-1,100,0,0,0,0,0
22.95,0.938485621,0.0410699091,-70.5763122,0.05,-0.016075225,FindWall,finding_near_right_wall,0,14,42,0.381690681,0.391349434,1,0,1,1.43089855,-1,100,0,0,0,0,0
23,0.939315929,0.038711874,-70.6274754,0.05,-0.0150036655,FindWall,finding_near_right_wall,0,14,42,0.377078235,0.386701322,1,0,1,1.4241271,-1,100,0,0,0,0,0
23.05,0.940144208,0.0363531027,-70.6752299,0.05,-0.0140034975,FindWall,finding_near_right_wall,0,14,42,0.377078235,0.386701322,1,0,1,1.4241271,-1,100,0,0,0,0,0
23.1,0.94097059,0.0339936529,-70.7198021,0.05,-0.0130699788,FindWall,finding_near_right_wall,0,14,42,0.372437298,0.382066574,1,0,1,1.41629708,-1,100,0,0,0,0,0
23.15,0.941795201,0.0316335753,-70.7614038,0.05,-0.0121986767,FindWall,finding_near_right_wall,0,14,42,0.372437298,0.382066574,1,0,1,1.41629708,-1,100,0,0,0,0,0
23.2,0.942618156,0.0292729154,-70.8002325,0.05,-0.0113854502,FindWall,finding_near_right_wall,0,14,42,0.367771924,0.377443417,1,0,1,1.40753567,-1,100,0,0,0,0,0
23.25,0.943439565,0.0269117146,-70.8364729,0.05,-0.0106264319,FindWall,finding_near_right_wall,0,14,42,0.367771924,0.377443417,1,0,1,1.40753567,-1,100,0,0,0,0,0
23.3,0.944259531,0.0245500106,-70.8702976,0.05,-0.00991801035,FindWall,finding_near_right_wall,0,14,42,0.363085598,0.3728304,1,0,1,1.39795709,-1,100,0,0,0,0,0
23.35,0.945078149,0.0221878382,-70.9018673,0.05,-0.00925681421,FindWall,finding_near_right_wall,0,14,42,0.363085598,0.3728304,1,0,1,1.39795709,-1,100,0,0,0,0,0
23.4,0.945895509,0.0198252297,-70.9313326,0.05,-0.00863969611,FindWall,finding_near_right_wall,0,14,42,0.35838145,0.368226272,1,0,1,1.38766313,-1,100,0,0,0,0,0
23.45,0.946711694,0.0174622148,-70.9588335,0.05,-0.00806371815,FindWall,finding_near_right_wall,0,14,42,0.35838145,0.368226272,1,0,1,1.38766313,-1,100,0,0,0,0,0
23.5,0.947526784,0.0150988214,-70.984501,0.05,-0.00752613805,FindWall,finding_near_right_wall,0,14,42,0.353662163,0.363629989,1,0,1,1.37674403,-1,100,0,0,0,0,0
23.55,0.948340849,0.0127350751,-71.0084574,0.05,-0.00702439621,FindWall,finding_near_right_wall,0,14,42,0.353662163,0.363629989,1,0,1,1.37674403,-1,100,0,0,0,0,0
23.6,0.949153959,0.0103709999,-71.0308168,0.05,-0.00655610356,FindWall,finding_near_right_wall,0,14,42,0.348930061,0.352968465,1,0,1,1.36527979,-1,100,0,0,0,0,0
23.65,0.949966178,0.00800661814,-71.0516855,0.05,-0.00611903026,FindWall,finding_near_right_wall,0,14,42,0.348930061,0.352968465,1,0,1,1.36527979,-1,100,0,0,0,0,0
23.7,0.950777563,0.00564195052,-71.071163,0.05,-0.00571109508,FindWall,finding_near_right_wall,0,14,42,0.351446688,0.348336763,1,0,1,1.35334098,-1,100,0,0,0,0,0
23.75,0.951588172,0.00327701638,-71.0893419,0.05,-0.00533035552,FindWall,finding_near_right_wall,0,14,42,0.351446688,0.348336763,1,0,1,1.35334098,-1,100,0,0,0,0,0
23.8,0.952398055,0.00091183373,-71.106309,0.05,-0.00497499855,FindWall,finding_near_right_wall,0,14,42,0.348323643,0.343709523,1,0,1,1.34098947,-1,100,0,0,0,0,0
23.85,0.953207262,-0.00145358067,-71.1221449,0.05,-0.00464333202,FindWall,finding_near_right_wall,0,14,42,0.348323643,0.343709523,1,0,1,1.34098947,-1,100,0,0,0,0,0
23.9,0.954015836,-0.00381921118,-71.1369251,0.05,-0.00433377658,FindWall,finding_near_right_wall,0,14,42,0.353851408,0.339086571,1,0,1,1.32827961,-1,100,0,0,0,0,0
23.95,0.95482382,-0.00618504325,-71.1507199,0.05,-0.00404485815,FindWall,finding_near_right_wall,0,14,42,0.353851408,0.339086571,1,0,1,1.32827961,-1,100,0,0,0,0,0
24,0.955631254,-0.00855106331,-71.1635951,0.05,-0.00377520095,FindWall,finding_near_right_wall,0,14,42,0.359427273,0.334467707,1,0,1,1.3152591,-1,100,0,0,0,0,0
24.05,0.956438173,-0.0109172587,-71.1756119,0.05,-0.0035235209,FindWall,finding_near_right_wall,0,14,42,0.359427273,0.334467707,1,0,1,1.3152591,-1,100,0,0,0,0,0
24.1,0.957244613,-0.0132836177,-71.1868276,0.05,-0.00328861951,FindWall,finding_near_right_wall,0,14,42,0.365045547,0.3298529,1,0,1,1.30196929,-1,100,0,0,0,0,0
24.15,0.958050605,-0.0156501292,-71.1972956,0.05,-0.00306937821,FindWall,finding_near_right_wall,0,14,42,0.365045547,0.3298529,1,0,1,1.30196929,-1,100,0,0,0,0,0
24.2,0.95885618,-0.018016783,-71.2070658,0.05,-0.002864753,FindWall,finding_near_right_wall,0,14,42,0.370701164,0.325242037,1,0,1,1.28844666,-1,100,0,0,0,0,0
24.25,0.959661364,-0.0203835695,-71.2161846,0.05,-0.00267376947,FindWall,finding_near_right_wall,0,14,42,0.370701164,0.325242037,1,0,1,1.28844666,-1,100,0,0,0,0,0
24.3,0.960466184,-0.02275048,-71.2246954,0.05,-0.00249551817,FindWall,finding_near_right_wall,0,14,42,0.376389652,0.320635031,1,0,1,1.27472258,-1,100,0,0,0,0,0
24.35,0.961270664,-0.0251175059,-71.2326389,0.05,-0.00232915029,FindWall,finding_near_right_wall,0,14,42,0.376389652,0.320635031,1,0,1,1.27472258,-1,100,0,0,0,0,0
24.4,0.962074826,-0.0274846397,-71.2400528,0.05,-0.0021738736,FindWall,finding_near_right_wall,0,14,42,0.382107019,0.316031853,1,0,1,1.26082468,-1,100,0,0,0,0,0
24.45,0.962878693,-0.029851874,-71.2469725,0.05,-0.0020289487,FindWall,finding_near_right_wall,0,14,42,0.382107019,0.316031853,1,0,1,1.26082468,-1,100,0,0,0,0,0
24.5,0.963682283,-0.0322192021,-71.2534308,0.05,-0.00189368545,FindWall,finding_near_right_wall,0,14,42,0.387849659,0.311432446,1,0,1,1.2467767,-1,100,0,0,0,0,0
24.55,0.964485616,-0.0345866178,-71.2594586,0.05,-0.00176743975,FindWall,finding_near_right_wall,0,14,42,0.387849659,0.311432446,1,0,1,1.2467767,-1,100,0,0,0,0,0
24.6,0.965288707,-0.0369541152,-71.2650846,0.05,-0.00164961044,FindWall,finding_near_right_wall,0,14,42,0.389983773,0.306836752,1,0,1,1.23259962,-1,100,0,0,0,0,0
24.65,0.966091574,-0.0393216888,-71.2703354,0.05,-0.00153963641,FindWall,finding_near_right_wall,0,14,42,0.389983773,0.306836752,1,0,1,1.23259962,-1,100,0,0,0,0,0
24.7,0.966894231,-0.0416893335,-71.2752363,0.05,-0.00143699398,FindWall,finding_near_right_wall,0,14,42,0.385192335,0.30224477,1,0,1,1.21831119,-1,100,0,0,0,0,0
24.75,0.967696693,-0.0440570446,-71.2798103,0.05,-0.00134119438,FindWall,finding_near_right_wall,0,14,42,0.385192335,0.30224477,1,0,1,1.21831119,-1,100,0,0,0,0,0
24.8,0.968498971,-0.0464248176,-71.2840795,0.05,-0.00125178142,FindWall,finding_near_right_wall,0,14,42,0.38040334,0.295166321,1,0,1,1.20392716,-1,100,0,0,0,0,0
24.85,0.96930108,-0.0487926484,-71.288064,0.05,-0.00116832933,FindWall,finding_near_right_wall,0,14,42,0.38040334,0.295166321,1,0,1,1.20392716,-1,100,0,0,0,0,0
24.9,0.970103028,-0.0511605331,-71.291783,0.05,-0.00109044071,FindWall,finding_near_right_wall,0,14,42,0.375616938,0.290538282,1,0,1,1.18946099,-1,100,0,0,0,0,0
24.95,0.970904829,-0.0535284681,-71.2952539,0.05,-0.00101774466,FindWall,finding_near_right_wall,0,14,42,0.375616938,0.290538282,1,0,1,1.18946099,-1,100,0,0,0,0,0
25,0.97170649,-0.05589645,-71.2984935,0.05,-0.000949895016,FindWall,finding_near_right_wall,0,14,42,0.370833248,0.285911752,1,0,1,1.17492437,-1,100,0,0,0,0,0
25.05,0.972508023,-0.0582644758,-71.3015171,0.05,-0.000886568682,FindWall,finding_near_right_wall,0,14,42,0.370833248,0.285911752,1,0,1,1.17492437,-1,100,0,0,0,0,0
25.1,0.973309434,-0.0606325425,-71.3043392,0.05,-0.000827464103,FindWall,finding_near_right_wall,0,14,42,0.366052419,0.278970482,1,0,1,1.16032743,-1,100,0,0,0,0,0
25.15,0.974110733,-0.0630006473,-71.3069731,0.05,-0.000772299829,FindWall,finding_near_right_wall,0,14,42,0.366052419,0.278970482,1,0,1,1.16032743,-1,100,0,0,0,0,0
25.2,0.974911926,-0.0653687877,-71.3094314,0.05,-0.000720813174,FindWall,finding_near_right_wall,0,14,42,0.36127457,0.274540226,1,0,1,1.14567888,-1,100,0,0,0,0,0
25.25,0.975713022,-0.0677369613,-71.3117258,0.05,-0.000672758962,FindWall,finding_near_right_wall,0,14,42,0.36127457,0.274540226,1,0,1,1.14567888,-1,100,0,0,0,0,0
25.3,0.976514025,-0.070105166,-71.3138672,0.05,-0.000627908365,FindWall,finding_near_right_wall,0,14,42,0.356499761,0.270112324,1,0,1,1.13098645,-1,100,0,0,0,0,0
25.35,0.977314943,-0.0724733996,-71.3158659,0.05,-0.000586047807,FindWall,finding_near_right_wall,0,14,42,0.356499761,0.270112324,1,0,1,1.13098645,-1,100,0,0,0,0,0
25.4,0.978115781,-0.0748416602,-71.3177314,0.05,-0.000546977953,FindWall,finding_near_right_wall,0,14,42,0.351728082,0.265686775,1,0,1,1.11625659,-1,100,0,0,0,0,0
25.45,0.978916545,-0.077209946,-71.3194725,0.05,-0.000510512757,FindWall,finding_near_right_wall,0,14,42,0.351728082,0.265686775,1,0,1,1.11625659,-1,100,0,0,0,0,0
25.5,0.979717239,-0.0795782553,-71.3210975,0.05,-0.000476478573,FindWall,finding_near_right_wall,0,14,42,0.346959651,0.261263468,1,0,1,1.10149503,-1,100,0,0,0,0,0
25.55,0.980517868,-0.0819465866,-71.3226142,0.05,-0.000444713335,FindWall,finding_near_right_wall,0,14,42,0.346959651,0.261263468,1,0,1,1.10149503,-1,100,0,0,0,0,0
25.6,0.981318437,-0.0843149383,-71.3240297,0.05,-0.000415065779,FindWall,finding_near_right_wall,0,14,42,0.342194468,0.256842372,1,0,1,1.08670664,-1,100,0,0,0,0,0
25.65,0.982118949,-0.0866833092,-71.3253509,0.05,-0.000387394727,FindWall,finding_near_right_wall,0,14,42,0.342194468,0.256842372,1,0,1,1.08670664,-1,100,0,0,0,0,0
25.7,0.982919408,-0.0890516979,-71.326584,0.05,-0.000361568412,FindWall,finding_near_right_wall,0,14,42,0.337432653,0.252423432,1,0,1,1.07189548,-1,100,0,0,0,0,0
25.75,0.983719818,-0.0914201033,-71.327735,0.05,-0.000337463851,FindWall,finding_near_right_wall,0,14,42,0.337432653,0.252423432,1,0,1,1.07189548,-1,100,0,0,0,0,0
25.8,0.984520182,-0.0937885242,-71.3288091,0.05,-0.000314966261,FindWall,finding_near_right_wall,0,14,42,0.332674205,0.24253246,1,0,1,1.05706537,-1,100,0,0,0,0,0
25.85,0.985320503,-0.0961569596,-71.3298117,0.05,-0.00029396851,FindWall,finding_near_right_wall,0,14,42,0.332674205,0.24253246,1,0,1,1.05706537,-1,100,0,0,0,0,0
25.9,0.986120783,-0.0985254086,-71.3307474,0.05,-0.00027437061,FindWall,finding_near_right_wall,0,14,42,0.327919215,0.23806536,1,0,1,1.0422194,-1,100,0,0,0,0,0
25.95,0.986921027,-0.10089387,-71.3316208,0.05,-0.000256079236,FindWall,finding_near_right_wall,0,14,42,0.327919215,0.23806536,1,0,1,1.0422194,-1,100,0,0,0,0,0
26,0.987721236,-0.103262344,-71.3324359,0.05,-0.000239007287,FindWall,finding_near_right_wall,0,14,42,0.323167682,0.233601508,1,0,1,1.02736032,-1,100,0,0,0,0,0
26.05,0.988521412,-0.105630828,-71.3331967,0.05,-0.000223073467,FindWall,finding_near_right_wall,0,14,42,0.323167682,0.233601508,1,0,1,1.02736032,-1,100,0,0,0,0,0
26.1,0.989321557,-0.107999323,-71.3339068,0.05,-0.000208201903,FindWall,finding_near_right_wall,0,14,42,0.318419665,0.22914096,1,0,1,1.01249051,-1,100,0,0,0,0,0
26.15,0.990121675,-0.110367827,-71.3345695,0.05,-0.000194321776,FindWall,finding_near_right_wall,0,14,42,0.318419665,0.22914096,1,0,1,1.01249051,-1,100,0,0,0,0,0
26.2,0.990921765,-0.11273634,-71.335188,0.05,-0.000181366991,FindWall,finding_near_right_wall,0,14,42,0.313675165,0.224683716,1,0,1,0.997611761,-1,100,0,0,0,0,0
26.25,0.991721831,-0.115104862,-71.3357653,0.05,-0.000169275858,FindWall,finding_near_right_wall,0,14,42,0.313675165,0.224683716,1,0,1,0.997611761,-1,100,0,0,0,0,0
26.3,0.992521874,-0.117473391,-71.3363042,0.05,-0.000157990801,FindWall,finding_near_right_wall,0,14,42,0.308934242,0.220229831,1,0,1,0.982726038,-1,100,0,0,0,0,0
26.35,0.993321896,-0.119841927,-71.3368071,0.05,-0.000147458081,FindWall,finding_near_right_wall,0,14,42,0.308934242,0.220229831,1,0,1,0.982726038,-1,100,0,0,0,0,0
26.4,0.994121897,-0.122210471,-71.3372764,0.05,-0.000137627542,FindWall,finding_near_right_wall,0,14,42,0.304196864,0.215779278,1,0,1,0.967834711,-1,100,0,0,0,0,0
26.45,0.99492188,-0.124579021,-71.3377145,0.05,-0.000128452373,FindWall,finding_near_right_wall,0,14,42,0.304196864,0.215779278,1,0,1,0.967834711,-1,100,0,0,0,0,0
26.5,0.995721845,-0.126947576,-71.3381234,0.05,-0.000119888881,FindWall,finding_near_right_wall,0,14,42,0.299463063,0.211332085,1,0,1,0.952939153,-1,100,0,0,0,0,0
26.55,0.996521794,-0.129316137,-71.338505,0.05,-0.000111896289,FindWall,finding_near_right_wall,0,14,42,0.299463063,0.211332085,1,0,1,0.952939153,-1,100,0,0,0,0,0
26.6,0.997321727,-0.131684704,-71.3388612,0.05,-0.000104436537,FindWall,finding_near_right_wall,0,14,42,0.294732839,0.205070537,1,0,1,0.938040376,-1,100,0,0,0,0,0
26.65,0.998121647,-0.134053275,-71.3391936,0.05,-9.74741008e-05,FindWall,finding_near_right_wall,0,14,42,0.294732839,0.205070537,1,0,1,0.938040376,-1,100,0,0,0,0,0
26.7,0.998921553,-0.13642185,-71.3395039,0.05,-9.09758274e-05,FindWall,finding_near_right_wall,0,14,42,0.290006191,0.198782359,1,0,1,0.923139393,-1,100,0,0,0,0,0
26.75,0.999721446,-0.13879043,-71.3397935,0.05,-8.49107722e-05,FindWall,finding_near_right_wall,0,14,42,0.290006191,0.198782359,1,0,1,0.923139393,-1,100,0,0,0,0,0
26.8,1.00052133,-0.141159014,-71.3400638,0.05,-7.92500541e-05,FindWall,finding_near_right_wall,0,14,42,0.285283148,0.19448419,1,0,1,0.908236921,-1,100,0,0,0,0,0
26.85,1.0013212,-0.143527601,-71.340316,0.05,-7.39667172e-05,FindWall,finding_near_right_wall,0,14,42,0.285283148,0.19448419,1,0,1,0.908236921,-1,100,0,0,0,0,0
26.9,1.00212106,-0.145896192,-71.3405515,0.05,-6.90356027e-05,FindWall,finding_near_right_wall,0,14,42,0.280563653,0.190188353,1,0,1,0.893333793,-1,100,0,0,0,0,0
26.95,1.00292091,-0.148264786,-71.3407712,0.05,-6.44332292e-05,FindWall,finding_near_right_wall,0,14,42,0.280563653,0.190188353,1,0,1,0.893333793,-1,100,0,0,0,0,0
27,1.00372076,-0.150633383,-71.3409763,0.05,-6.01376806e-05,FindWall,finding_near_right_wall,0,14,42,0.275847703,0.185894768,1,0,1,0.878430486,-1,100,0,0,0,0,0
27.05,1.00452059,-0.153001982,-71.3411677,0.05,-5.61285019e-05,FindWall,finding_near_right_wall,0,14,42,0.275847703,0.185894768,1,0,1,0.878430486,-1,100,0,0,0,0,0
27.1,1.00532042,-0.155370585,-71.3413464,0.05,-5.23866017e-05,FindWall,finding_near_right_wall,0,14,42,0.27113533,0.181603379,1,0,1,0.863527596,-1,100,0,0,0,0,0
27.15,1.00612024,-0.157739189,-71.3415131,0.05,-4.88941616e-05,FindWall,finding_near_right_wall,0,14,42,0.27113533,0.181603379,1,0,1,0.863527596,-1,100,0,0,0,0,0
27.2,1.00692005,-0.160107796,-71.3416688,0.05,-4.56345508e-05,FindWall,finding_near_right_wall,0,14,42,0.266426444,0.172764613,1,0,1,0.848625481,-1,100,0,0,0,0,0
27.25,1.00771986,-0.162476405,-71.341814,0.05,-4.25922475e-05,FindWall,finding_near_right_wall,0,14,42,0.266426444,0.172764613,1,0,1,0.848625481,-1,100,0,0,0,0,0
27.3,1.00851966,-0.164845016,-71.3419496,0.05,-3.97527643e-05,FindWall,finding_near_right_wall,0,14,42,0.261721075,0.168427659,1,0,1,0.833724499,-1,100,0,0,0,0,0
27.35,1.00931945,-0.167213629,-71.3420761,0.05,-3.710258e-05,FindWall,finding_near_right_wall,0,14,42,0.261721075,0.168427659,1,0,1,0.833724499,-1,100,0,0,0,0,0
27.4,1.01011925,-0.169582244,-71.3421942,0.05,-3.46290747e-05,FindWall,finding_near_right_wall,0,14,42,0.257019192,0.164093946,1,0,1,0.818825006,-1,100,0,0,0,0,0
27.45,1.01091903,-0.17195086,-71.3423045,0.05,-3.23204697e-05,FindWall,finding_near_right_wall,0,14,42,0.257019192,0.164093946,1,0,1,0.818825006,-1,100,0,0,0,0,0
27.5,1.01171881,-0.174319477,-71.3424074,0.05,-3.01657717e-05,FindWall,finding_near_right_wall,0,14,42,0.252248257,0.159763473,1,0,1,0.803927243,-1,100,0,0,0,0,0
27.55,1.01251859,-0.176688096,-71.3425034,0.05,-2.81547203e-05,FindWall,finding_near_right_wall,0,14,42,0.252248257,0.159763473,1,0,1,0.803927243,-1,100,0,0,0,0,0
27.6,1.01331836,-0.179056716,-71.342593,0.05,-2.62777389e-05,FindWall,finding_near_right_wall,0,14,42,0.247476995,0.155436253,1,0,1,0.473522633,-1,100,0,0,0,0,0
27.65,1.01411814,-0.181425338,-71.3426766,0.05,-2.45258897e-05,FindWall,finding_near_right_wall,0,14,42,0.247476995,0.155436253,1,0,1,0.473522633,-1,100,0,0,0,0,0
27.7,1.0149179,-0.183793961,-71.3427547,0.05,-2.28908303e-05,FindWall,finding_near_right_wall,0,14,42,0.242709249,0.150195324,1,0,1,0.458626211,-1,100,0,0,0,0,0
27.75,1.01571767,-0.186162584,-71.3428276,0.05,-2.1364775e-05,FindWall,finding_near_right_wall,0,14,42,0.242709249,0.150195324,1,0,1,0.458626211,-1,100,0,0,0,0,0
27.8,1.01651743,-0.188531209,-71.3428956,0,0,FollowWall,right_wall_reacquired,0,14,42,0.23794505,0.143632232,1,0,1,0.443732381,-1,100,0,0,0,0,0
27.85,1.01698395,-0.189912907,-71.3429352,0,0.6,TurnLeft,avoiding_front_obstacle,0,14,42,0.23794505,0.143632232,1,0,1,0.443732381,-1,100,0,0,0,0,0
27.9,1.01726112,-0.190717181,-70.6267611,0,0.6,TurnLeft,avoiding_front_obstacle,0,14,42,0.235720441,0.141149256,1,0,1,0.420598954,-1,100,0,0,0,0,0
27.95,1.01743036,-0.191183669,-69.4927957,0,0.6,TurnLeft,avoiding_front_obstacle,0,14,42,0.235720441,0.141149256,1,0,1,0.420598954,-1,100,0,0,0,0,0
28,1.01753502,-0.191453559,-68.1151186,0,0.6,TurnLeft,avoiding_front_obstacle,0,14,42,0.234604478,0.138839328,1,0,1,0.370146543,-1,100,0,0,0,0,0
28.05,1.01760004,-0.1916094,-66.5952764,0,0.6,TurnLeft,avoiding_front_obstacle,0,14,42,0.234604478,0.138839328,1,0,1,0.370146543,-1,100,0,0,0,0,0
28.1,1.01764042,-0.191699241,-64.9925045,0,0.6,TurnLeft,avoiding_front_obstacle,0,14,42,0.233302176,0.137078121,1,0,1,0.323322415,-1,100,0,0,0,0,0
28.15,1.01766546,-0.191750958,-63.341357,0,0.6,TurnLeft,avoiding_front_obstacle,0,14,42,0.233302176,0.137078121,1,0,1,0.323322415,-1,100,0,0,0,0,0
28.2,1.01768094,-0.191780689,-61.6619904,0,0.6,TurnLeft,avoiding_front_obstacle,0,14,42,0.232777804,0.135971449,1,0,1,0.285313994,-1,100,0,0,0,0,0
28.25,1.01769047,-0.191797758,-59.9661626,0,0.6,TurnLeft,avoiding_front_obstacle,0,14,42,0.232777804,0.135971449,1,0,1,0.285313994,-1,100,0,0,0,0,0
28.3,1.01769633,-0.191807546,-58.2607325,0,0.6,TurnLeft,avoiding_front_obstacle,0,14,42,0.23149249,0.135533547,1,0,1,0.254998088,-1,100,0,0,0,0,0
28.35,1.01769991,-0.191813151,-56.549701,0,0.6,TurnLeft,avoiding_front_obstacle,0,14,42,0.23149249,0.135533547,1,0,1,0.254998088,-1,100,0,0,0,0,0
28.4,1.0177021,-0.191816357,-54.8354021,0,0.6,TurnLeft,avoiding_front_obstacle,0,14,42,0.2305502,0.135766614,1,0,1,0.232873395,-1,100,0,0,0,0,0
28.45,1.01770343,-0.191818188,-53.1191971,0,0.6,TurnLeft,avoiding_front_obstacle,0,14,42,0.2305502,0.135766614,1,0,1,0.232873395,-1,100,0,0,0,0,0
28.5,1.01770424,-0.191819233,-51.4018803,0,0.6,TurnLeft,avoiding_front_obstacle,0,14,42,0.230358556,0.136681841,1,0,1,0.233018219,-1,100,0,0,0,0,0
28.55,1.01770473,-0.191819827,-49.6839149,0,0.6,TurnLeft,avoiding_front_obstacle,0,14,42,0.230358556,0.136681841,1,0,1,0.233018219,-1,100,0,0,0,0,0
28.6,1.01770502,-0.191820166,-47.9655712,0,0.6,TurnLeft,avoiding_front_obstacle,0,14,42,0.23092553,0.138304012,1,0,1,0.230367243,-1,100,0,0,0,0,0
28.65,1.0177052,-0.191820358,-46.2470068,0,0.6,TurnLeft,avoiding_front_obstacle,0,14,42,0.23092553,0.138304012,1,0,1,0.230367243,-1,100,0,0,0,0,0
28.7,1.01770531,-0.191820467,-44.5283136,0,0.6,TurnLeft,avoiding_front_obstacle,0,14,42,0.232272834,0.14067297,1,0,1,0.226692244,-1,100,0,0,0,0,0
28.75,1.01770537,-0.191820528,-42.8095454,0,0.6,TurnLeft,avoiding_front_obstacle,0,14,42,0.232272834,0.14067297,1,0,1,0.226692244,-1,100,0,0,0,0,0
28.8,1.01770541,-0.191820563,-41.0907333,0,0.6,TurnLeft,avoiding_front_obstacle,0,14,42,0.234437555,0.143845232,1,0,1,0.226837307,-1,100,0,0,0,0,0
28.85,1.01770544,-0.191820583,-39.3718957,0,0.6,TurnLeft,avoiding_front_obstacle,0,14,42,0.234437555,0.143845232,1,0,1,0.226837307,-1,100,0,0,0,0,0
28.9,1.01770545,-0.191820594,-37.6530432,0,0.6,TurnLeft,avoiding_front_obstacle,0,14,42,0.237473905,0.158583962,1,0,1,0.23545064,-1,100,0,0,0,0,0
28.95,1.01770546,-0.1918206,-35.934182,0,0.6,TurnLeft,avoiding_front_obstacle,0,14,42,0.237473905,0.158583962,1,0,1,0.23545064,-1,100,0,0,0,0,0
29,1.01770546,-0.191820603,-34.2153157,0,0.6,TurnLeft,avoiding_front_obstacle,0,14,42,0.241456106,0.164815606,1,0,1,0.243555024,-1,100,0,0,0,0,0
29.05,1.01770547,-0.191820605,-32.4964465,0,0.6,TurnLeft,avoiding_front_obstacle,0,14,42,0.241456106,0.164815606,1,0,1,0.243555024,-1,100,0,0,0,0,0
29.1,1.01770547,-0.191820606,-30.7775755,0,0.6,TurnLeft,avoiding_front_obstacle,0,14,42,0.246482253,0.172329548,1,0,1,0.240104482,-1,100,0,0,0,0,0
29.15,1.01770547,-0.191820607,-29.0587035,0,0.6,TurnLeft,avoiding_front_obstacle,0,14,42,0.246482253,0.172329548,1,0,1,0.240104482,-1,100,0,0,0,0,0
29.2,1.01770547,-0.191820607,-27.339831,0,0.6,TurnLeft,avoiding_front_obstacle,0,14,42,0.252680033,0.194711829,1,0,1,0.238475159,-1,100,0,0,0,0,0
29.25,1.01770547,-0.191820607,-25.6209581,0,0.6,TurnLeft,avoiding_front_obstacle,0,14,42,0.252680033,0.194711829,1,0,1,0.238475159,-1,100,0,0,0,0,0
29.3,1.01770547,-0.191820607,-23.902085,0,0.6,TurnLeft,avoiding_front_obstacle,0,14,42,0.260214508,0.225605312,1,0,1,0.237952918,-1,100,0,0,0,0,0
29.35,1.01770547,-0.191820607,-22.1832117,0,0.6,TurnLeft,avoiding_front_obstacle,0,14,42,0.260214508,0.225605312,1,0,1,0.237952918,-1,100,0,0,0,0,0
29.4,1.01770547,-0.191820608,-20.4643384,0,0.6,TurnLeft,avoiding_front_obstacle,0,14,42,0.269299418,0.253308384,1,0,1,0.235438973,-1,100,0,0,0,0,0
29.45,1.01770547,-0.191820608,-18.7454651,0,0.6,TurnLeft,avoiding_front_obstacle,0,14,42,0.269299418,0.253308384,1,0,1,0.235438973,-1,100,0,0,0,0,0
29.5,1.01770547,-0.191820608,-17.0265918,0,0.6,TurnLeft,avoiding_front_obstacle,0,14,42,0.280212849,0.296309657,1,0,1,0.228126094,-1,100,0,0,0,0,0
29.55,1.01770547,-0.191820608,-15.3077184,0,0.6,TurnLeft,avoiding_front_obstacle,0,14,42,0.280212849,0.296309657,1,0,1,0.228126094,-1,100,0,0,0,0,0
29.6,1.01770547,-0.191820608,-13.588845,0,0.6,TurnLeft,avoiding_front_obstacle,0,14,42,0.293320477,0.374889485,1,0,1,0.221897423,-1,100,0,0,0,0,0
29.65,1.01770547,-0.191820608,-11.8699716,0,0.6,TurnLeft,avoiding_front_obstacle,0,14,42,0.293320477,0.374889485,1,0,1,0.221897423,-1,100,0,0,0,0,0
29.7,1.01770547,-0.191820608,-10.1510983,0,0.6,TurnLeft,avoiding_front_obstacle,0,14,42,0.308940172,1.1401999,1,0,1,0.21790202,-1,100,0,0,0,0,0
29.75,1.01770547,-0.191820608,-8.43222488,0,0.6,TurnLeft,avoiding_front_obstacle,0,14,42,0.308940172,1.1401999,1,0,1,0.21790202,-1,100,0,0,0,0,0
29.8,1.01770547,-0.191820608,-6.71335149,0,0.6,TurnLeft,avoiding_front_obstacle,0,14,42,0.326506257,1.13614945,1,0,1,0.215359598,-1,100,0,0,0,0,0
29.85,1.01770547,-0.191820608,-4.99447811,0,0.6,TurnLeft,avoiding_front_obstacle,0,14,42,0.326506257,1.13614945,1,0,1,0.215359598,-1,100,0,0,0,0,0
29.9,1.01770547,-0.191820608,-3.27560472,0,0.6,TurnLeft,avoiding_front_obstacle,0,14,42,0.347897649,1.13635537,1,0,1,0.21309416,-1,100,0,0,0,0,0
29.95,1.01770547,-0.191820608,-1.55673134,0,0.6,TurnLeft,avoiding_front_obstacle,0,14,42,0.347897649,1.13635537,1,0,1,0.21309416,-1,100,0,0,0,0,0
30,1.01770547,-0.191820608,0.162142047,0,0.6,TurnLeft,avoiding_front_obstacle,0,14,42,0.374234408,1.14020864,1,0,1,0.210650817,-1,100,0,0,0,0,0
30.05,1.01770547,-0.191820608,1.88101543,0,0.6,TurnLeft,avoiding_front_obstacle,0,14,42,0.374234408,1.14020864,1,0,1,0.210650817,-1,100,0,0,0,0,0
30.1,1.01770547,-0.191820608,3.59988882,0,0.6,TurnLeft,avoiding_front_obstacle,0,14,42,0.407142133,1.13709829,1,0,1,0.209714592,-1,100,0,0,0,0,0
30.15,1.01770547,-0.191820608,5.3187622,0,0.6,TurnLeft,avoiding_front_obstacle,0,14,42,0.407142133,1.13709829,1,0,1,0.209714592,-1,100,0,0,0,0,0
30.2,1.01770547,-0.191820608,7.03763559,0,0.6,TurnLeft,avoiding_front_obstacle,0,14,42,0.449069589,1.1382415,1,0,1,0.207808152,-1,100,0,0,0,0,0
30.25,1.01770547,-0.191820608,8.75650897,0,0.6,TurnLeft,avoiding_front_obstacle,0,14,42,0.449069589,1.1382415,1,0,1,0.207808152,-1,100,0,0,0,0,0
30.3,1.01770547,-0.191820608,10.4753824,0,0,FollowWall,front_obstacle_cleared,0,14,42,0.850161254,1.14366005,1,1,1,0.206750095,-1,100,0,0,0,0,0
30.35,1.01770547,-0.191820608,11.4780585,0.0676685032,-0.184972453,FollowWall,following_right_wall,0,14,42,0.850161254,1.14366005,1,1,1,0.206750095,-1,100,0,0,0,0,0
30.4,1.01908614,-0.191535687,11.8421583,0.0666354572,-0.200468143,FollowWall,following_right_wall,0,14,42,0.831273377,1.14542852,1,1,1,0.206824198,-1,100,0,0,0,0,0
30.45,1.02124979,-0.191082544,11.8152587,0.0666354572,-0.200468143,FollowWall,following_right_wall,0,14,42,0.831273377,1.14542852,1,1,1,0.206824198,-1,100,0,0,0,0,0
30.5,1.02387203,-0.190540089,11.560276,0.0670217066,-0.194674402,FollowWall,following_right_wall,0,14,42,0.833830059,1.13967739,1,1,1,0.20773074,-1,100,0,0,0,0,0
30.55,1.02677228,-0.189956891,11.1791606,0.0670217066,-0.194674402,FollowWall,following_right_wall,0,14,42,0.833830059,1.13967739,1,1,1,0.20773074,-1,100,0,0,0,0,0
30.6,1.02983739,-0.189363769,10.7244679,0.0680462252,-0.179306622,FollowWall,following_right_wall,0,14,42,0.843761265,1.13157422,1,1,1,0.209054217,-1,100,0,0,0,0,0
30.65,1.03302209,-0.188774392,10.2451989,0.0680462252,-0.179306622,FollowWall,following_right_wall,0,14,42,0.843761265,1.13157422,1,1,1,0.209054217,-1,100,0,0,0,0,0
30.7,1.03627878,-0.188200243,9.75159387,0.0692571544,-0.161142684,FollowWall,following_right_wall,0,14,42,0.856153727,1.12303486,1,1,1,0.210420445,-1,100,0,0,0,0,0
30.75,1.03960432,-0.187643056,9.27130767,0.0692571544,-0.161142684,FollowWall,following_right_wall,0,14,42,0.856153727,1.12303486,1,1,1,0.210420445,-1,100,0,0,0,0,0
30.8,1.0429718,-0.187107586,8.79879081,0.0704269573,-0.143595641,FollowWall,following_right_wall,0,14,42,0.869001091,1.11463778,1,1,1,0.211946771,-1,100,0,0,0,0,0
30.85,1.04638944,-0.186592226,8.35175131,0.0704269573,-0.143595641,FollowWall,following_right_wall,0,14,42,0.869001091,1.11463778,1,1,1,0.211946771,-1,100,0,0,0,0,0
30.9,1.04983777,-0.186099266,7.91957359,0.0714968528,-0.127547208,FollowWall,following_right_wall,0,14,42,0.881462455,1.10649126,1,1,1,0.213553712,-1,100,0,0,0,0,0
30.95,1.05332737,-0.185626375,7.51522166,0.0714968528,-0.127547208,FollowWall,following_right_wall,0,14,42,0.881462455,1.10649126,1,1,1,0.213553712,-1,100,0,0,0,0,0
31,1.0568422,-0.185174795,7.12710143,0.0725962006,-0.111056991,FollowWall,following_right_wall,0,14,42,0.89319706,1.09856658,1,1,1,0.215033308,-1,100,0,0,0,0,0
31.05,1.06039551,-0.184741801,6.76813345,0.0725962006,-0.111056991,FollowWall,following_right_wall,0,14,42,0.89319706,1.09856658,1,1,1,0.215033308,-1,100,0,0,0,0,0
31.1,1.06397219,-0.184328145,6.42617094,0.0734496955,-0.0982545681,FollowWall,following_right_wall,0,14,42,0.903966069,1.09080364,1,1,1,0.215905547,-1,100,0,0,0,0,0
31.15,1.06758099,-0.183931783,6.10941006,0.0734496955,-0.0982545681,FollowWall,following_right_wall,0,14,42,0.903966069,1.09080364,1,1,1,0.215905547,-1,100,0,0,0,0,0
31.2,1.07120928,-0.183553099,5.80735013,0.0742735229,-0.085897157,FollowWall,following_right_wall,0,14,42,0.913778245,1.08314984,1,1,1,0.216751739,-1,100,0,0,0,0,0
31.25,1.07486667,-0.183190107,5.52861633,0.0742735229,-0.085897157,FollowWall,following_right_wall,0,14,42,0.913778245,1.08314984,1,1,1,0.216751739,-1,100,0,0,0,0,0
31.3,1.07854164,-0.182842976,5.26348943,0.0754904563,-0.0676431554,FollowWall,following_right_wall,0,14,42,0.922628641,1.07556313,1,1,1,0.217387632,-1,100,0,0,0,0,0
31.35,1.08225261,-0.18250879,5.028089,0.0754904563,-0.0676431554,FollowWall,following_right_wall,0,14,42,0.922628641,1.07556313,1,1,1,0.217387632,-1,100,0,0,0,0,0
31.4,1.08598503,-0.182187559,4.81002902,0.0760843446,-0.0587348315,FollowWall,following_right_wall,0,14,42,0.930100799,1.06798331,1,1,1,0.218349695,-1,100,0,0,0,0,0
31.45,1.08974267,-0.181877874,4.61271782,0.0760843446,-0.0587348315,FollowWall,following_right_wall,0,14,42,0.930100799,1.06798331,1,1,1,0.218349695,-1,100,0,0,0,0,0
31.5,1.09351538,-0.181579622,4.42751008,0.0765621079,-0.051568381,FollowWall,following_right_wall,0,14,42,0.936442673,1.0603979,1,1,1,0.218835831,-1,100,0,0,0,0,0
31.55,1.09730712,-0.181291677,4.25791701,0.0765621079,-0.051568381,FollowWall,following_right_wall,0,14,42,0.936442673,1.0603979,1,1,1,0.218835831,-1,100,0,0,0,0,0
31.6,1.10111025,-0.181013883,4.0974325,0.0769064198,-0.0464037031,FollowWall,following_right_wall,0,14,42,0.94193083,1.05280906,1,1,1,0.219480425,-1,100,0,0,0,0,0
31.65,1.10492744,-0.180745423,3.94842619,0.0769064198,-0.0464037031,FollowWall,following_right_wall,0,14,42,0.94193083,1.05280906,1,1,1,0.219480425,-1,100,0,0,0,0,0
31.7,1.10875307,-0.180486142,3.80611551,0.0771920753,-0.0421188699,FollowWall,following_right_wall,0,14,42,0.946781456,1.0452227,1,1,1,0.220215678,-1,100,0,0,0,0,0
31.75,1.11258979,-0.180235379,3.67282524,0.0771920753,-0.0421188699,FollowWall,following_right_wall,0,14,42,0.946781456,1.0452227,1,1,1,0.220215678,-1,100,0,0,0,0,0
31.8,1.11643319,-0.179992979,3.54479689,0.0774529843,-0.0382052362,FollowWall,following_right_wall,0,14,42,0.951134026,1.03764324,1,1,1,0.220872492,-1,100,0,0,0,0,0
31.85,1.12028609,-0.179758362,3.42450955,0.0774529843,-0.0382052362,FollowWall,following_right_wall,0,14,42,0.951134026,1.03764324,1,1,1,0.220872492,-1,100,0,0,0,0,0
31.9,1.12414471,-0.179531373,3.30873779,0.0776329962,-0.0355050577,FollowWall,following_right_wall,0,14,42,0.955058396,1.03007173,1,1,1,0.221962363,-1,100,0,0,0,0,0
31.95,1.12801058,-0.179311597,3.19882322,0.0776329962,-0.0355050577,FollowWall,following_right_wall,0,14,42,0.955058396,1.03007173,1,1,1,0.221962363,-1,100,0,0,0,0,0
32,1.13188082,-0.179098904,3.09232535,0.0778282365,-0.0325764525,FollowWall,following_right_wall,0,14,42,0.958650768,1.02251281,1,1,1,0.222770855,-1,100,0,0,0,0,0
32.05,1.13575782,-0.178892882,2.99131631,0.0778282365,-0.0325764525,FollowWall,following_right_wall,0,14,42,0.958650768,1.02251281,1,1,1,0.222770855,-1,100,0,0,0,0,0
32.1,1.1396389,-0.178693395,2.8935091,0.0780881941,-0.0286770879,FollowWall,following_right_wall,0,14,42,0.961939275,1.01496588,1,1,1,0.223143101,-1,100,0,0,0,0,0
32.15,1.14352787,-0.178499935,2.80222414,0.0780881941,-0.0286770879,FollowWall,following_right_wall,0,14,42,0.961939275,1.01496588,1,1,1,0.223143101,-1,100,0,0,0,0,0
32.2,1.14742157,-0.17831233,2.71474383,0.0783466019,-0.0248009714,FollowWall,following_right_wall,0,14,42,0.964858115,1.00742276,1,1,1,0.223431647,-1,100,0,0,0,0,0
32.25,1.15132349,-0.178130065,2.63410967,0.0783466019,-0.0248009714,FollowWall,following_right_wall,0,14,42,0.964858115,1.00742276,1,1,1,0.223431647,-1,100,0,0,0,0,0
32.3,1.1552303,-0.177952945,2.5574691,0.0785809812,-0.0212852814,FollowWall,following_right_wall,0,14,42,0.967362046,0.999876544,1,1,1,0.223659426,-1,100,0,0,0,0,0
32.35,1.15914492,-0.177780495,2.48735466,0.0785809812,-0.0212852814,FollowWall,following_right_wall,0,14,42,0.967362046,0.999876544,1,1,1,0.223659426,-1,100,0,0,0,0,0
32.4,1.16306417,-0.177612516,2.42104714,0.05,-0.0181201538,FollowWall,following_right_wall,0,14,42,0.969451129,0.99232463,1,1,1,0.223825634,-1,100,0,0,0,0,0
32.45,1.16639127,-0.177473599,2.36073842,0.05,-0.0181201538,FollowWall,following_right_wall,0,14,42,0.969451129,0.99232463,1,1,1,0.223825634,-1,100,0,0,0,0,0
32.5,1.16937296,-0.177352156,2.30392898,0.05,-0.0158816431,FollowWall,following_right_wall,0,14,42,0.971304357,0.986280771,1,1,1,0.224218398,-1,100,0,0,0,0,0
32.55,1.17215319,-0.177241566,2.25183283,0.05,-0.0158816431,FollowWall,following_right_wall,0,14,42,0.971304357,0.986280771,1,1,1,0.224218398,-1,100,0,0,0,0,0
32.6,1.17481593,-0.17713801,2.2024861,0.05,-0.0523532015,AdvanceRight,advancing_past_measured_edge,0,14,42,0.972924232,0.981090752,1,1,1,0.224208698,-1,100,0,0,0,0,0
32.65,1.17741019,-0.177040305,2.11120847,0.05,-0.0504414873,AdvanceRight,advancing_past_measured_edge,0,14,42,0.972924232,0.981090752,1,1,1,0.224208698,-1,100,0,0,0,0,0
32.7,1.17996461,-0.176948671,1.9977531,0.05,-0.0480652836,AdvanceRight,advancing_past_measured_edge,0,14,42,0.976884186,0.976304616,1,1,1,0.224194333,-1,100,0,0,0,0,0
32.75,1.18249587,-0.176863109,1.87419709,0.05,-0.0454775326,AdvanceRight,advancing_past_measured_edge,0,14,42,0.976884186,0.976304616,1,1,1,0.224194333,-1,100,0,0,0,0,0
32.8,1.18501369,-0.176783499,1.74783795,0.05,-0.0428310729,AdvanceRight,advancing_past_measured_edge,0,14,42,0.981952071,0.971686872,1,1,1,0.224801287,-1,100,0,0,0,0,0
32.85,1.18752373,-0.176709642,1.62300262,0.05,-0.0402165279,AdvanceRight,advancing_past_measured_edge,0,14,42,0.981952071,0.971686872,1,1,1,0.224801287,-1,100,0,0,0,0,0
32.9,1.19002929,-0.176641292,1.50217707,0.05,-0.0376859635,AdvanceRight,advancing_past_measured_edge,0,14,42,0.987040997,0.967125417,1,1,1,0.224883348,-1,100,0,0,0,0,0
32.95,1.19253228,-0.176578178,1.38671119,0.05,-0.0352676518,AdvanceRight,advancing_past_measured_edge,0,14,42,0.987040997,0.967125417,1,1,1,0.224883348,-1,100,0,0,0,0,0
33,1.19503381,-0.176520013,1.27725844,0.05,-0.0329752787,AdvanceRight,advancing_past_measured_edge,0,14,42,0.991763473,0.96217619,1,1,1,0.225215152,-1,100,0,0,0,0,0
33.05,1.19753453,-0.17646651,1.17404966,0.05,-0.0308136791,AdvanceRight,advancing_past_measured_edge,0,14,42,0.991763473,0.96217619,1,1,1,0.225215152,-1,100,0,0,0,0,0
33.1,1.2000348,-0.176417387,1.07706342,0.05,-0.028782404,AdvanceRight,advancing_past_measured_edge,0,14,42,0.996005297,0.957236607,1,1,1,0.225789443,-1,100,0,0,0,0,0
33.15,1.20253483,-0.17637237,0.986131648,0.05,-0.0268779334,AdvanceRight,advancing_past_measured_edge,0,14,42,0.996005297,0.957236607,1,1,1,0.225789443,-1,100,0,0,0,0,0
33.2,1.20503474,-0.176331196,0.901004945,0.05,-0.0250950439,AdvanceRight,advancing_past_measured_edge,0,14,42,0.999757707,0.952309883,1,1,1,0.226324901,-1,100,0,0,0,0,0
33.25,1.20753461,-0.176293619,0.8213927,0.05,-0.023427649,AdvanceRight,advancing_past_measured_edge,0,14,42,0.999757707,0.952309883,1,1,1,0.226324901,-1,100,0,0,0,0,0
33.3,1.21003446,-0.176259402,0.746987527,0.05,-0.0218693107,AdvanceRight,advancing_past_measured_edge,0,14,42,1.0030508,0.947393041,1,1,1,0.226824909,-1,100,0,0,0,0,0
33.35,1.21253432,-0.176228325,0.677479943,0.05,-0.0204135472,AdvanceRight,advancing_past_measured_edge,0,14,42,1.0030508,0.947393041,1,1,1,0.226824909,-1,100,0,0,0,0,0
33.4,1.21503419,-0.176200181,0.612566975,0.05,-0.0190540132,AdvanceRight,advancing_past_measured_edge,0,14,42,1.00592709,0.942484176,1,1,1,0.227118433,-1,100,0,0,0,0,0
33.45,1.21753408,-0.176174775,0.551957024,0.05,-0.0177846014,AdvanceRight,advancing_past_measured_edge,0,14,42,1.00592709,0.942484176,1,1,1,0.227118433,-1,100,0,0,0,0,0
33.5,1.22003399,-0.176151926,0.495372415,0.05,-0.0165994961,AdvanceRight,advancing_past_measured_edge,0,14,42,1.0084312,0.937582812,1,1,1,0.226901099,-1,100,0,0,0,0,0
33.55,1.22253391,-0.176131464,0.442550538,0.05,-0.0154931973,AdvanceRight,advancing_past_measured_edge,0,14,42,1.0084312,0.937582812,1,1,1,0.226901099,-1,100,0,0,0,0,0
33.6,1.22503385,-0.17611323,0.393244134,0.05,-0.0144605264,AdvanceRight,advancing_past_measured_edge,0,14,42,1.00394154,0.932688591,1,1,1,0.227071241,-1,100,0,0,0,0,0
33.65,1.2275338,-0.176097075,0.347221083,0.05,-0.0134966219,AdvanceRight,advancing_past_measured_edge,0,14,42,1.00394154,0.932688591,1,1,1,0.227071241,-1,100,0,0,0,0,0
33.7,1.23003376,-0.176082862,0.304263898,0.05,-0.0125969287,AdvanceRight,advancing_past_measured_edge,0,14,42,0.99904865,0.927801812,1,1,1,0.227006182,-1,100,0,0,0,0,0
33.75,1.23253373,-0.176070461,0.264169064,0.05,-0.0117571844,AdvanceRight,advancing_past_measured_edge,0,14,42,0.99904865,0.927801812,1,1,1,0.227006182,-1,100,0,0,0,0,0
33.8,1.2350337,-0.176059751,0.226746306,0.05,-0.010973404,AdvanceRight,advancing_past_measured_edge,0,14,42,0.994163215,0.922874113,1,1,1,0.227120772,-1,100,0,0,0,0,0
33.85,1.23753369,-0.176050619,0.191817827,0.05,-0.0102418637,AdvanceRight,advancing_past_measured_edge,0,14,42,0.994163215,0.922874113,1,1,1,0.227120772,-1,100,0,0,0,0,0
33.9,1.24003368,-0.176042961,0.159217557,0.05,-0.00955908521,AdvanceRight,advancing_past_measured_edge,0,14,42,0.98911804,0.917906061,1,1,1,0.227026299,-1,100,0,0,0,0,0
33.95,1.24253367,-0.176036678,0.128790416,0.05,-0.00892182065,AdvanceRight,advancing_past_measured_edge,0,14,42,0.98911804,0.917906061,1,1,1,0.227026299,-1,100,0,0,0,0,0
34,1.24503366,-0.176031678,0.100391611,0.05,-0.00832703747,AdvanceRight,advancing_past_measured_edge,0,14,42,0.983962417,0.912938187,1,1,1,0.226909041,-1,100,0,0,0,0,0
34.05,1.24753366,-0.176027875,0.0738859723,0.05,-0.00777190468,AdvanceRight,advancing_past_measured_edge,0,14,42,0.983962417,0.912938187,1,1,1,0.226909041,-1,100,0,0,0,0,0
34.1,1.25003366,-0.176025191,0.0491473221,0.05,-0.0072537796,AdvanceRight,advancing_past_measured_edge,0,14,42,0.978818119,0.907972329,1,1,1,0.226791665,-1,100,0,0,0,0,0
34.15,1.25253366,-0.176023551,0.0260578812,0.05,-0.00677019548,AdvanceRight,advancing_past_measured_edge,0,14,42,0.978818119,0.907972329,1,1,1,0.226791665,-1,100,0,0,0,0,0
34.2,1.25503366,-0.176022884,0.00450771511,0.05,-0.00631884986,AdvanceRight,advancing_past_measured_edge,0,14,42,0.973685563,0.902993663,1,1,1,0.226718202,-1,100,0,0,0,0,0
34.25,1.25753366,-0.176023126,-0.0156057865,0.05,-0.00589759366,AdvanceRight,advancing_past_measured_edge,0,14,42,0.973685563,0.902993663,1,1,1,0.226718202,-1,100,0,0,0,0,0
34.3,1.26003366,-0.176024216,-0.0343783964,0.05,-0.00550442104,AdvanceRight,advancing_past_measured_edge,0,14,42,0.968565226,0.897938991,1,1,1,0.226621345,-1,100,0,0,0,0,0
34.35,1.26253366,-0.176026099,-0.0518995041,0.05,-0.00513745982,AdvanceRight,advancing_past_measured_edge,0,14,42,0.968565226,0.897938991,1,1,1,0.226621345,-1,100,0,0,0,0,0
34.4,1.26503366,-0.17602872,-0.0682525412,0.05,-0.00479496261,AdvanceRight,advancing_past_measured_edge,0,14,42,0.963457525,0.892905675,1,1,1,0.226392671,-1,100,0,0,0,0,0
34.45,1.26753365,-0.176032031,-0.0835153778,0.05,-0.00447529851,AdvanceRight,advancing_past_measured_edge,0,14,42,0.963457525,0.892905675,1,1,1,0.226392671,-1,100,0,0,0,0,0
34.5,1.27003365,-0.176035986,-0.0977606933,0.05,-0.00417694532,AdvanceRight,advancing_past_measured_edge,0,14,42,0.958362877,0.887892764,1,1,1,0.226414829,-1,100,0,0,0,0,0
34.55,1.27253365,-0.176040541,-0.111056322,0.05,-0.00389848233,AdvanceRight,advancing_past_measured_edge,0,14,42,0.958362877,0.887892764,1,1,1,0.226414829,-1,100,0,0,0,0,0
34.6,1.27503364,-0.176045658,-0.123465576,0.05,-0.00363858352,AdvanceRight,advancing_past_measured_edge,0,14,42,0.953281701,0.882899484,1,1,1,0.226664647,-1,100,0,0,0,0,0
34.65,1.27753364,-0.176051298,-0.135047546,0.05,-0.0033960113,AdvanceRight,advancing_past_measured_edge,0,14,42,0.953281701,0.882899484,1,1,1,0.226664647,-1,100,0,0,0,0,0
34.7,1.28003363,-0.176057426,-0.145857386,0.05,-0.00316961055,AdvanceRight,advancing_past_measured_edge,0,14,42,0.948214352,0.877925002,1,1,1,0.226903722,-1,100,0,0,0,0,0
34.75,1.28253362,-0.176064011,-0.155946569,0.05,-0.00295830318,AdvanceRight,advancing_past_measured_edge,0,14,42,0.948214352,0.877925002,1,1,1,0.226903722,-1,100,0,0,0,0,0
34.8,1.28503361,-0.17607102,-0.165363141,0.05,-0.00276108298,AdvanceRight,advancing_past_measured_edge,0,14,42,0.94316113,0.872968664,1,1,1,0.226932257,-1,100,0,0,0,0,0
34.85,1.2875336,-0.176078427,-0.174151941,0.05,-0.00257701078,AdvanceRight,advancing_past_measured_edge,0,14,42,0.94316113,0.872968664,1,1,1,0.226932257,-1,100,0,0,0,0,0
34.9,1.29003359,-0.176086205,-0.182354821,0.05,-0.00240521006,AdvanceRight,advancing_past_measured_edge,0,14,42,0.938122332,0.868029638,1,1,1,0.226801962,-1,100,0,0,0,0,0
34.95,1.29253357,-0.176094329,-0.190010842,0.05,-0.00224486272,AdvanceRight,advancing_past_measured_edge,0,14,42,0.938122332,0.868029638,1,1,1,0.226801962,-1,100,0,0,0,0,0
35,1.29503356,-0.176102776,-0.197156462,0.05,-0.00209520521,AdvanceRight,advancing_past_measured_edge,0,14,42,0.933098078,0.86302528,1,1,1,0.226941034,-1,100,0,0,0,0,0
35.05,1.29753354,-0.176111524,-0.203825707,0.05,-0.00195552486,AdvanceRight,advancing_past_measured_edge,0,14,42,0.933098078,0.86302528,1,1,1,0.226941034,-1,100,0,0,0,0,0
35.1,1.30003353,-0.176120553,-0.210050336,0.05,-0.00182515654,AdvanceRight,advancing_past_measured_edge,0,14,42,0.928060234,0.857987829,1,1,1,0.22712554,-1,100,0,0,0,0,0
35.15,1.30253351,-0.176129845,-0.21585999,0.05,-0.00170347944,AdvanceRight,advancing_past_measured_edge,0,14,42,0.928060234,0.857987829,1,1,1,0.22712554,-1,100,0,0,0,0,0
35.2,1.30503349,-0.176139382,-0.221282333,0.05,-0.00158991414,AdvanceRight,advancing_past_measured_edge,0,14,42,0.923024178,0.852952166,1,1,1,0.227245674,-1,100,0,0,0,0,0
35.25,1.30753347,-0.176149148,-0.226343187,0.05,-0.00148391986,AdvanceRight,advancing_past_measured_edge,0,14,42,0.923024178,0.852952166,1,1,1,0.227245674,-1,100,0,0,0,0,0
35.3,1.31003345,-0.176159127,-0.231066651,0.05,-0.00138499187,AdvanceRight,advancing_past_measured_edge,0,14,42,0.918003619,0.847931999,1,1,1,0.227346331,-1,100,0,0,0,0,0
35.35,1.31253343,-0.176169305,-0.235475217,0.05,-0.00129265908,AdvanceRight,advancing_past_measured_edge,0,14,42,0.918003619,0.847931999,1,1,1,0.227346331,-1,100,0,0,0,0,0
35.4,1.31503341,-0.176179669,-0.239589879,0.05,-0.00120648181,AdvanceRight,advancing_past_measured_edge,0,14,42,0.912998438,0.842927209,1,1,1,0.227345884,-1,100,0,0,0,0,0
35.45,1.31753339,-0.176190207,-0.243430229,0.05,-0.00112604969,AdvanceRight,advancing_past_measured_edge,0,14,42,0.912998438,0.842927209,1,1,1,0.227345884,-1,100,0,0,0,0,0
35.5,1.32003337,-0.176200907,-0.247014557,0.05,-0.00105097971,AdvanceRight,advancing_past_measured_edge,0,14,42,0.908008695,0.837873558,1,1,1,0.227392718,-1,100,0,0,0,0,0
35.55,1.32253334,-0.176211758,-0.250359929,0.05,-0.000980914396,AdvanceRight,advancing_past_measured_edge,0,14,42,0.908008695,0.837873558,1,1,1,0.227392718,-1,100,0,0,0,0,0
35.6,1.32503332,-0.17622275,-0.253482277,0.05,-0.000915520103,AdvanceRight,advancing_past_measured_edge,0,14,42,0.90303427,0.83278363,1,1,1,0.227612346,-1,100,0,0,0,0,0
35.65,1.32753329,-0.176233874,-0.256396468,0.05,-0.000854485429,AdvanceRight,advancing_past_measured_edge,0,14,42,0.90303427,0.83278363,1,1,1,0.227612346,-1,100,0,0,0,0,0
35.7,1.33003327,-0.176245121,-0.259116379,0.05,-0.000797519734,AdvanceRight,advancing_past_measured_edge,0,14,42,0.898075044,0.827709536,1,1,1,0.227383539,-1,100,0,0,0,0,0
35.75,1.33253324,-0.176256482,-0.261654963,0.05,-0.000744351752,AdvanceRight,advancing_past_measured_edge,0,14,42,0.898075044,0.827709536,1,1,1,0.227383539,-1,100,0,0,0,0,0
35.8,1.33503322,-0.17626795,-0.264024309,0.05,-0.000694728302,AdvanceRight,advancing_past_measured_edge,0,14,42,0.893130898,0.822651278,1,1,1,0.227121308,-1,100,0,0,0,0,0
35.85,1.33753319,-0.176279519,-0.266235698,0.05,-0.000648413082,AdvanceRight,advancing_past_measured_edge,0,14,42,0.893130898,0.822651278,1,1,1,0.227121308,-1,100,0,0,0,0,0
35.9,1.34003316,-0.176291181,-0.26829966,0.05,-0.000605185543,AdvanceRight,advancing_past_measured_edge,0,14,42,0.888201475,0.817608973,1,1,1,0.226859942,-1,100,0,0,0,0,0
35.95,1.34253313,-0.176302929,-0.270226026,0.05,-0.00056483984,AdvanceRight,advancing_past_measured_edge,0,14,42,0.888201475,0.817608973,1,1,1,0.226859942,-1,100,0,0,0,0,0
36,1.34503311,-0.176314759,-0.272023967,0.05,-0.000527183851,AdvanceRight,advancing_past_measured_edge,0,14,42,0.883286595,0.812582563,1,1,1,0.226672605,-1,100,0,0,0,0,0
36.05,1.34753308,-0.176326665,-0.273702045,0.05,-0.000492038261,AdvanceRight,advancing_past_measured_edge,0,14,42,0.883286595,0.812582563,1,1,1,0.226672605,-1,100,0,0,0,0,0
36.1,1.35003305,-0.176338642,-0.275268252,0.05,-0.00045923571,AdvanceRight,advancing_past_measured_edge,0,14,42,0.878385901,0.807572047,1,1,1,0.226458862,-1,100,0,0,0,0,0
36.15,1.35253302,-0.176350685,-0.276730044,0.05,-0.000428619996,AdvanceRight,advancing_past_measured_edge,0,14,42,0.878385901,0.807572047,1,1,1,0.226458862,-1,100,0,0,0,0,0
36.2,1.35503299,-0.176362789,-0.278094384,0.05,-0.000400045329,AdvanceRight,advancing_past_measured_edge,0,14,42,0.873498917,0.802577366,1,1,1,0.226472035,-1,100,0,0,0,0,0
36.25,1.35753296,-0.176374951,-0.279367768,0.05,-0.000373375641,AdvanceRight,advancing_past_measured_edge,0,14,42,0.873498917,0.802577366,1,1,1,0.226472035,-1,100,0,0,0,0,0
36.3,1.36003293,-0.176387166,-0.28055626,0.05,-0.000348483931,AdvanceRight,advancing_past_measured_edge,0,14,42,0.868625343,0.797598342,1,1,1,0.226378337,-1,100,0,0,0,0,0
36.35,1.3625329,-0.176399432,-0.281665518,0.05,-0.000325251669,AdvanceRight,advancing_past_measured_edge,0,14,42,0.868625343,0.797598342,1,1,1,0.226378337,-1,100,0,0,0,0,0
36.4,1.36503287,-0.176411745,-0.282700827,0.05,-0.000303568225,AdvanceRight,advancing_past_measured_edge,0,14,42,0.863764524,0.792634856,1,1,1,0.226402581,-1,100,0,0,0,0,0
36.45,1.36753284,-0.176424101,-0.283667114,0.05,-0.000283330343,AdvanceRight,advancing_past_measured_edge,0,14,42,0.863764524,0.792634856,1,1,1,0.226402581,-1,100,0,0,0,0,0
36.5,1.37003281,-0.176436498,-0.284568983,0.05,-0.000264441654,AdvanceRight,advancing_past_measured_edge,0,14,42,0.858916044,0.787686731,1,1,1,0.226161063,-1,100,0,0,0,0,0
36.55,1.37253278,-0.176448933,-0.285410727,0.05,-0.00024681221,AdvanceRight,advancing_past_measured_edge,0,14,42,0.858916044,0.787686731,1,1,1,0.226161063,-1,100,0,0,0,0,0
36.6,1.37503275,-0.176461403,-0.286196354,0.05,-0.000230358063,AdvanceRight,advancing_past_measured_edge,0,14,42,0.854056001,0.782753611,1,1,1,0.22617735,-1,100,0,0,0,0,0
36.65,1.37753272,-0.176473907,-0.286929607,0.05,-0.000215000858,AdvanceRight,advancing_past_measured_edge,0,14,42,0.854056001,0.782753611,1,1,1,0.22617735,-1,100,0,0,0,0,0
36.7,1.38003268,-0.176486441,-0.287613976,0.05,-0.000200667468,AdvanceRight,advancing_past_measured_edge,0,14,42,0.848976314,0.777835259,1,1,1,0.226821095,-1,100,0,0,0,0,0
36.75,1.38253265,-0.176499005,-0.28825272,0.05,-0.000187289637,AdvanceRight,advancing_past_measured_edge,0,14,42,0.848976314,0.777835259,1,1,1,0.226821095,-1,100,0,0,0,0,0
36.8,1.38503262,-0.176511595,-0.288848882,0.05,-0.000174803661,AdvanceRight,advancing_past_measured_edge,0,14,42,0.84391135,0.772858127,1,1,1,0.226596266,-1,100,0,0,0,0,0
36.85,1.38753259,-0.176524211,-0.289405299,0.05,-0.000163150084,AdvanceRight,advancing_past_measured_edge,0,14,42,0.84391135,0.772858127,1,1,1,0.226596266,-1,100,0,0,0,0,0
36.9,1.39003256,-0.17653685,-0.289924622,0.05,-0.000152273411,AdvanceRight,advancing_past_measured_edge,0,14,42,0.838861346,0.767814426,1,1,1,0.226717532,-1,100,0,0,0,0,0
36.95,1.39253253,-0.17654951,-0.290409323,0.05,-0.000142121851,AdvanceRight,advancing_past_measured_edge,0,14,42,0.838861346,0.767814426,1,1,1,0.226717532,-1,100,0,0,0,0,0
37,1.39503249,-0.176562192,-0.290861711,0.05,-0.000132647061,AdvanceRight,advancing_past_measured_edge,0,14,42,0.833826542,0.762785905,1,1,1,0.226878867,-1,100,0,0,0,0,0
37.05,1.39753246,-0.176574892,-0.29128394,0.05,-0.000123803923,AdvanceRight,advancing_past_measured_edge,0,14,42,0.833826542,0.762785905,1,1,1,0.226878867,-1,100,0,0,0,0,0
37.1,1.40003243,-0.17658761,-0.29167802,0.05,-0.000115550328,AdvanceRight,advancing_past_measured_edge,0,14,42,0.828806937,0.757772565,1,1,1,0.227029696,-1,100,0,0,0,0,0
37.15,1.4025324,-0.176600345,-0.292045828,0.05,-0.000107846973,AdvanceRight,advancing_past_measured_edge,0,14,42,0.828806937,0.757772565,1,1,1,0.227029696,-1,100,0,0,0,0,0
37.2,1.40503236,-0.176613096,-0.292389116,0.05,-0.000100657175,AdvanceRight,advancing_past_measured_edge,0,14,42,0.823688984,0.752767285,1,1,1,0.227542669,-1,100,0,0,0,0,0
37.25,1.40753233,-0.17662586,-0.292709517,0.05,-9.39466965e-05,AdvanceRight,advancing_past_measured_edge,0,14,42,0.823688984,0.752767285,1,1,1,0.227542669,-1,100,0,0,0,0,0
37.3,1.4100323,-0.176638639,-0.293008559,0.05,-8.76835834e-05,AdvanceRight,advancing_past_measured_edge,0,14,42,0.818554997,0.747678263,1,1,1,0.22763063,-1,100,0,0,0,0,0
37.35,1.41253227,-0.17665143,-0.293287664,0.05,-8.18380112e-05,AdvanceRight,advancing_past_measured_edge,0,14,42,0.818554997,0.747678263,1,1,1,0.22763063,-1,100,0,0,0,0,0
37.4,1.41503223,-0.176664232,-0.293548163,0.05,-7.63821438e-05,AdvanceRight,advancing_past_measured_edge,0,14,42,0.813434005,0.742603589,1,1,1,0.228297815,-1,100,0,0,0,0,0
37.45,1.4175322,-0.176677046,-0.293791295,0.05,-7.12900009e-05,AdvanceRight,advancing_past_measured_edge,0,14,42,0.813434005,0.742603589,1,1,1,0.228297815,-1,100,0,0,0,0,0
37.5,1.42003217,-0.17668987,-0.294018218,0.05,-6.65373341e-05,AdvanceRight,advancing_past_measured_edge,0,14,42,0.808326483,0.737543499,1,1,1,0.230289936,-1,100,0,0,0,0,0
37.55,1.42253213,-0.176702704,-0.294230013,0.05,-6.21015119e-05,AdvanceRight,advancing_past_measured_edge,0,14,42,0.808326483,0.737543499,1,1,1,0.230289936,-1,100,0,0,0,0,0
37.6,1.4250321,-0.176715546,-0.294427688,0.05,-5.79614111e-05,AdvanceRight,advancing_past_measured_edge,0,14,42,0.803232789,0.732498169,1,1,1,0.231574327,-1,100,0,0,0,0,0
37.65,1.42753207,-0.176728397,-0.294612185,0.05,-5.4097317e-05,AdvanceRight,advancing_past_measured_edge,0,14,42,0.803232789,0.732498169,1,1,1,0.231574327,-1,100,0,0,0,0,0
37.7,1.43003204,-0.176741255,-0.294784382,0.05,-5.04908292e-05,AdvanceRight,advancing_past_measured_edge,0,14,42,0.7981534,0.727467777,1,1,1,0.23383221,-1,100,0,0,0,0,0
37.75,1.432532,-0.176754121,-0.294945099,0.05,-4.71247739e-05,AdvanceRight,advancing_past_measured_edge,0,14,42,0.7981534,0.727467777,1,1,1,0.23383221,-1,100,0,0,0,0,0
37.8,1.43503197,-0.176766994,-0.295095102,0.05,-4.39831223e-05,AdvanceRight,advancing_past_measured_edge,0,14,42,0.793088555,0.7224525,1,0,1,3.17416763,-1,100,0,0,0,0,0
37.85,1.43753194,-0.176779873,-0.295235105,0.05,-4.10509142e-05,AdvanceRight,advancing_past_measured_edge,0,14,42,0.793088555,0.7224525,1,0,1,3.17416763,-1,100,0,0,0,0,0
37.9,1.4400319,-0.176792758,-0.295365774,0.05,-3.83141866e-05,AdvanceRight,advancing_past_measured_edge,0,14,42,0.788038433,0.717452338,1,0,1,3.15416694,-1,100,0,0,0,0,0
37.95,1.44253187,-0.176805648,-0.295487732,0.05,-3.57599075e-05,AdvanceRight,advancing_past_measured_edge,0,14,42,0.788038433,0.717452338,1,0,1,3.15416694,-1,100,0,0,0,0,0
38,1.44503184,-0.176818544,-0.295601559,0.05,-3.33759136e-05,AdvanceRight,advancing_past_measured_edge,0,14,42,0.78300333,0.71246735,1,0,1,3.13414717,-1,100,0,0,0,0,0
38.05,1.4475318,-0.176831444,-0.295707798,0.05,-3.11508527e-05,AdvanceRight,advancing_past_measured_edge,0,14,42,0.78300333,0.71246735,1,0,1,3.13414717,-1,100,0,0,0,0,0
38.1,1.45003177,-0.176844349,-0.295806954,0.05,-2.90741292e-05,AdvanceRight,advancing_past_measured_edge,0,14,42,0.777983308,0.707497359,1,0,1,3.11410999,-1,100,0,0,0,0,0
38.15,1.45253174,-0.176857258,-0.2958995,0.05,-2.71358539e-05,AdvanceRight,advancing_past_measured_edge,0,14,42,0.777983308,0.707497359,1,0,1,3.11410999,-1,100,0,0,0,0,0
38.2,1.4550317,-0.17687017,-0.295985876,0.05,-2.5326797e-05,AdvanceRight,advancing_past_measured_edge,0,14,42,0.772978485,0.702542424,1,0,1,3.09405708,-1,100,0,0,0,0,0
38.25,1.45753167,-0.176883087,-0.296066494,0.05,-2.36383439e-05,AdvanceRight,advancing_past_measured_edge,0,14,42,0.772978485,0.702542424,1,0,1,3.09405708,-1,100,0,0,0,0,0
38.3,1.46003164,-0.176896007,-0.296141737,0.05,-2.20624543e-05,AdvanceRight,advancing_past_measured_edge,0,14,42,0.767988861,0.69760219,1,0,1,3.23033857,-1,100,0,0,0,0,0
38.35,1.4625316,-0.17690893,-0.296211964,0.05,-2.0591624e-05,AdvanceRight,advancing_past_measured_edge,0,14,42,0.767988861,0.69760219,1,0,1,3.23033857,-1,100,0,0,0,0,0
38.4,1.46503157,-0.176921856,-0.296277509,0.05,-1.92188491e-05,AdvanceRight,advancing_past_measured_edge,0,14,42,0.763014376,0.692676599,1,0,1,3.20962477,-1,100,0,0,0,0,0
38.45,1.46753154,-0.176934785,-0.296338685,0.05,-1.79375924e-05,AdvanceRight,advancing_past_measured_edge,0,14,42,0.763014376,0.692676599,1,0,1,3.20962477,-1,100,0,0,0,0,0
38.5,1.4700315,-0.176947716,-0.296395782,0.05,-1.6741753e-05,AdvanceRight,advancing_past_measured_edge,0,14,42,0.758055031,0.687765297,1,0,1,3.18889475,-1,100,0,0,0,0,0
38.55,1.47253147,-0.17696065,-0.296449072,0.05,-1.56256361e-05,AdvanceRight,advancing_past_measured_edge,0,14,42,0.758055031,0.687765297,1,0,1,3.18889475,-1,100,0,0,0,0,0
38.6,1.47503144,-0.176973586,-0.29649881,0.05,-1.4583927e-05,AdvanceRight,advancing_past_measured_edge,0,14,42,0.753110528,0.682723169,1,0,1,3.16814852,-1,100,0,0,0,0,0
38.65,1.4775314,-0.176986524,-0.296545233,0.05,-1.36116652e-05,AdvanceRight,advancing_past_measured_edge,0,14,42,0.753110528,0.682723169,1,0,1,3.16814852,-1,100,0,0,0,0,0
38.7,1.48003137,-0.176999464,-0.29658856,0.05,-1.27042209e-05,AdvanceRight,advancing_past_measured_edge,0,14,42,0.748180747,0.677685986,1,0,1,3.14738584,-1,100,0,0,0,0,0
38.75,1.48253133,-0.177012406,-0.296628999,0.05,-1.18572728e-05,AdvanceRight,advancing_past_measured_edge,0,14,42,0.748180747,0.677685986,1,0,1,3.14738584,-1,100,0,0,0,0,0
38.8,1.4850313,-0.17702535,-0.296666741,0.05,-1.1066788e-05,AdvanceRight,advancing_past_measured_edge,0,14,42,0.74326539,0.672663886,1,0,1,3.12660694,-1,100,0,0,0,0,0
38.85,1.48753127,-0.177038295,-0.296701968,0.05,-1.03290021e-05,AdvanceRight,advancing_past_measured_edge,0,14,42,0.74326539,0.672663886,1,0,1,3.12660694,-1,100,0,0,0,0,0
38.9,1.49003123,-0.177051242,-0.296734846,0.05,-9.64040195e-06,AdvanceRight,advancing_past_measured_edge,0,14,42,0.73836416,0.667656926,1,0,1,3.1058116,-1,100,0,0,0,0,0
38.95,1.4925312,-0.17706419,-0.296765533,0.05,-8.99770849e-06,AdvanceRight,advancing_past_measured_edge,0,14,42,0.73836416,0.667656926,1,0,1,3.1058116,-1,100,0,0,0,0,0
39,1.49503117,-0.177077139,-0.296794173,0.05,-8.39786126e-06,AdvanceRight,advancing_past_measured_edge,0,14,42,0.733476639,0.662665108,1,0,1,3.08500004,-1,100,0,0,0,0,0
39.05,1.49753113,-0.17709009,-0.296820905,0.05,-7.83800384e-06,AdvanceRight,advancing_past_measured_edge,0,14,42,0.733476639,0.662665108,1,0,1,3.08500004,-1,100,0,0,0,0,0
39.1,1.5000311,-0.177103042,-0.296845854,0.05,-7.31547025e-06,AdvanceRight,advancing_past_measured_edge,0,14,42,0.728602469,0.657688431,1,0,1,3.22247577,-1,100,0,0,0,0,0
39.15,1.50253107,-0.177115995,-0.29686914,0.05,-6.82777223e-06,AdvanceRight,advancing_past_measured_edge,0,14,42,0.728602469,0.657688431,1,0,1,3.22247577,-1,100,0,0,0,0,0
39.2,1.50503103,-0.177128948,-0.296890873,0.05,-6.37258742e-06,AdvanceRight,advancing_past_measured_edge,0,14,42,0.723741114,0.652726776,1,0,1,3.20069432,-1,100,0,0,0,0,0
39.25,1.507531,-0.177141903,-0.296911158,0.05,-5.94774826e-06,AdvanceRight,advancing_past_measured_edge,0,14,42,0.723741114,0.652726776,1,0,1,3.20069432,-1,100,0,0,0,0,0
39.3,1.51003097,-0.177154859,-0.29693009,0.05,-5.55123171e-06,AdvanceRight,advancing_past_measured_edge,0,14,42,0.718662024,0.647780084,1,0,1,3.17891622,-1,100,0,0,0,0,0
39.35,1.51253093,-0.177167815,-0.29694776,0.05,-5.18114959e-06,AdvanceRight,advancing_past_measured_edge,0,14,42,0.718662024,0.647780084,1,0,1,3.17891622,-1,100,0,0,0,0,0
39.4,1.5150309,-0.177180772,-0.296964252,0.05,-4.83573962e-06,AdvanceRight,advancing_past_measured_edge,0,14,42,0.713570297,0.642848058,1,0,1,3.15714097,-1,100,0,0,0,0,0
39.45,1.51753087,-0.17719373,-0.296979645,0.05,-4.51335698e-06,AdvanceRight,advancing_past_measured_edge,0,14,42,0.713570297,0.642848058,1,0,1,3.15714097,-1,100,0,0,0,0,0
39.5,1.52003083,-0.177206688,-0.296994011,0.05,-4.21246651e-06,AdvanceRight,advancing_past_measured_edge,0,14,42,0.708492935,0.63793052,1,0,1,3.13536787,-1,100,0,0,0,0,0
39.55,1.5225308,-0.177219647,-0.29700742,0.05,-3.93163541e-06,AdvanceRight,advancing_past_measured_edge,0,14,42,0.708492935,0.63793052,1,0,1,3.13536787,-1,100,0,0,0,0,0
39.6,1.52503076,-0.177232607,-0.297019935,0.05,-3.66952638e-06,AdvanceRight,advancing_past_measured_edge,0,14,42,0.703430235,0.632936372,1,0,1,3.11359572,-1,100,0,0,0,0,0
39.65,1.52753073,-0.177245567,-0.297031615,0.05,-3.42489129e-06,AdvanceRight,advancing_past_measured_edge,0,14,42,0.703430235,0.632936372,1,0,1,3.11359572,-1,100,0,0,0,0,0
39.7,1.5300307,-0.177258528,-0.297042517,0.05,-3.19656521e-06,AdvanceRight,advancing_past_measured_edge,0,14,42,0.698382318,0.627891999,1,0,1,3.09182429,-1,100,0,0,0,0,0
39.75,1.53253066,-0.177271489,-0.297052692,0.05,-2.98346086e-06,AdvanceRight,advancing_past_measured_edge,0,14,42,0.698382318,0.627891999,1,0,1,3.09182429,-1,100,0,0,0,0,0
39.8,1.53503063,-0.17728445,-0.297062189,0.05,-2.78456347e-06,AdvanceRight,advancing_past_measured_edge,0,14,42,0.693349481,0.622862695,1,0,1,3.09941888,-1,100,0,0,0,0,0
39.85,1.5375306,-0.177297412,-0.297071052,0.05,-2.5989259e-06,AdvanceRight,advancing_past_measured_edge,0,14,42,0.693349481,0.622862695,1,0,1,3.09941888,-1,100,0,0,0,0,0
39.9,1.54003056,-0.177310375,-0.297079325,0.05,-2.42566418e-06,AdvanceRight,advancing_past_measured_edge,0,14,42,0.688331783,0.61784852,1,0,1,3.21672297,-1,100,0,0,0,0,0
39.95,1.54253053,-0.177323337,-0.297087046,0.05,-2.26395323e-06,AdvanceRight,advancing_past_measured_edge,0,14,42,0.688331783,0.61784852,1,0,1,3.21672297,-1,100,0,0,0,0,0
40,1.5450305,-0.1773363,-0.297094252,0.05,-2.11302302e-06,AdvanceRight,advancing_past_measured_edge,0,14,42,0.683329284,0.612849534,1,0,1,3.19344687,-1,100,0,0,0,0,0
40.05,1.54753046,-0.177349263,-0.297100978,0.05,-1.97215482e-06,AdvanceRight,advancing_past_measured_edge,0,14,42,0.683329284,0.612849534,1,0,1,3.19344687,-1,100,0,0,0,0,0
40.1,1.55003043,-0.177362227,-0.297107256,0.05,-1.84067783e-06,AdvanceRight,advancing_past_measured_edge,0,14,42,0.678341925,0.607815601,1,0,1,3.1701858,-1,100,0,0,0,0,0
40.15,1.55253039,-0.177375191,-0.297113115,0.05,-1.71796597e-06,AdvanceRight,advancing_past_measured_edge,0,14,42,0.678341925,0.607815601,1,0,1,3.1701858,-1,100,0,0,0,0,0
40.2,1.55503036,-0.177388155,-0.297118583,0.05,-1.60343491e-06,AdvanceRight,advancing_past_measured_edge,0,14,42,0.673369765,0.602740482,1,0,1,3.14693928,-1,100,0,0,0,0,0
40.25,1.55753033,-0.177401119,-0.297123687,0.05,-1.49653925e-06,AdvanceRight,advancing_past_measured_edge,0,14,42,0.673369765,0.602740482,1,0,1,3.14693928,-1,100,0,0,0,0,0
40.3,1.56003029,-0.177414084,-0.297128451,0.05,-1.39676996e-06,AdvanceRight,advancing_past_measured_edge,0,14,42,0.668412626,0.597679794,1,0,1,3.12370753,-1,100,0,0,0,0,0
40.35,1.56253026,-0.177427048,-0.297132897,0.05,-1.30365197e-06,AdvanceRight,advancing_past_measured_edge,0,14,42,0.668412626,0.597679794,1,0,1,3.12370753,-1,100,0,0,0,0,0
40.4,1.56503023,-0.177440013,-0.297137046,0.05,-1.21674184e-06,AdvanceRight,advancing_past_measured_edge,0,14,42,0.663470328,0.592633832,1,0,1,3.10049033,-1,100,0,0,0,0,0
40.45,1.56753019,-0.177452978,-0.29714092,0.05,-1.13562571e-06,AdvanceRight,advancing_past_measured_edge,0,14,42,0.663470328,0.592633832,1,0,1,3.10049033,-1,100,0,0,0,0,0
40.5,1.57003016,-0.177465944,-0.297144534,0.05,-1.05991733e-06,AdvanceRight,advancing_past_measured_edge,0,14,42,0.658542633,0.587602713,1,0,1,3.07728744,-1,100,0,0,0,0,0
40.55,1.57253013,-0.177478909,-0.297147908,0.05,-9.89256177e-07,AdvanceRight,advancing_past_measured_edge,0,14,42,0.658542633,0.587602713,1,0,1,3.07728744,-1,100,0,0,0,0,0
40.6,1.57503009,-0.177491875,-0.297151057,0.05,-9.23305765e-07,AdvanceRight,advancing_past_measured_edge,0,14,42,0.653583407,0.582586558,1,0,1,3.12574506,-1,100,0,0,0,0,0
40.65,1.57753006,-0.17750484,-0.297153996,0.05,-8.61752047e-07,AdvanceRight,advancing_past_measured_edge,0,14,42,0.653583407,0.582586558,1,0,1,3.12574506,-1,100,0,0,0,0,0
40.7,1.58003003,-0.177517806,-0.297156739,0.05,-8.04301911e-07,AdvanceRight,advancing_past_measured_edge,0,14,42,0.648564696,0.577585483,1,0,1,3.21643662,-1,100,0,0,0,0,0
40.75,1.58252999,-0.177530772,-0.297159299,0.05,-7.50681783e-07,AdvanceRight,advancing_past_measured_edge,0,14,42,0.648564696,0.577585483,1,0,1,3.21643662,-1,100,0,0,0,0,0
40.8,1.58502996,-0.177543738,-0.297161689,0.05,-7.00636331e-07,AdvanceRight,advancing_past_measured_edge,0,14,42,0.643561184,0.572599548,1,0,1,3.19152761,-1,100,0,0,0,0,0
40.85,1.58752992,-0.177556704,-0.297163919,0.05,-6.53927242e-07,AdvanceRight,advancing_past_measured_edge,0,14,42,0.643561184,0.572599548,1,0,1,3.19152761,-1,100,0,0,0,0,0
40.9,1.59002989,-0.17756967,-0.297166,0.05,-6.10332093e-07,AdvanceRight,advancing_past_measured_edge,0,14,42,0.638572931,0.567628575,1,0,1,3.16662312,-1,100,0,0,0,0,0
40.95,1.59252986,-0.177582637,-0.297167943,0.05,-5.69643287e-07,AdvanceRight,advancing_past_measured_edge,0,14,42,0.638572931,0.567628575,1,0,1,3.16662312,-1,100,0,0,0,0,0
41,1.59502982,-0.177595603,-0.297169756,0.05,-5.31667068e-07,AdvanceRight,advancing_past_measured_edge,0,14,42,0.633599758,0.562672624,1,0,1,3.14172459,-1,100,0,0,0,0,0
41.05,1.59752979,-0.177608569,-0.297171449,0.05,-4.96222596e-07,AdvanceRight,advancing_past_measured_edge,0,14,42,0.633599758,0.562672624,1,0,1,3.14172459,-1,100,0,0,0,0,0
41.1,1.60002976,-0.177621536,-0.297173028,0.05,-4.6314109e-07,AdvanceRight,advancing_past_measured_edge,0,14,42,0.628641605,0.557731399,1,0,1,3.11683226,-1,100,0,0,0,0,0
41.15,1.60252972,-0.177634502,-0.297174503,0.05,-4.32265017e-07,AdvanceRight,advancing_past_measured_edge,0,14,42,0.628641605,0.557731399,1,0,1,3.11683226,-1,100,0,0,0,0,0
41.2,1.60502969,-0.177647469,-0.297175878,0.05,-4.03447349e-07,AdvanceRight,advancing_past_measured_edge,0,14,42,0.623698294,0.552804781,1,0,1,3.09194756,-1,100,0,0,0,0,0
41.25,1.60752966,-0.177660436,-0.297177163,0.05,-3.7655086e-07,AdvanceRight,advancing_past_measured_edge,0,14,42,0.623698294,0.552804781,1,0,1,3.09194756,-1,100,0,0,0,0,0
41.3,1.61002962,-0.177673403,-0.297178361,0.05,-3.51447469e-07,AdvanceRight,advancing_past_measured_edge,0,14,42,0.618769586,0.547879004,1,0,1,3.06707096,-1,100,0,0,0,0,0
41.35,1.61252959,-0.177686369,-0.29717948,0.05,-3.28017638e-07,AdvanceRight,advancing_past_measured_edge,0,14,42,0.618769586,0.547879004,1,0,1,3.06707096,-1,100,0,0,0,0,0
41.4,1.61502955,-0.177699336,-0.297180524,0.05,-3.06149795e-07,AdvanceRight,advancing_past_measured_edge,0,14,42,0.613855243,0.542825703,1,0,1,3.13900948,-1,100,0,0,0,0,0
41.45,1.61752952,-0.177712303,-0.297181499,0.05,-2.85739809e-07,AdvanceRight,advancing_past_measured_edge,0,14,42,0.613855243,0.542825703,1,0,1,3.13900948,-1,100,0,0,0,0,0
41.5,1.62002949,-0.17772527,-0.297182408,0.05,-2.66690488e-07,AdvanceRight,advancing_past_measured_edge,0,14,42,0.608954787,0.537787202,1,0,1,3.21769547,-1,100,0,0,0,0,0
41.55,1.62252945,-0.177738237,-0.297183257,0.05,-2.48911122e-07,AdvanceRight,advancing_past_measured_edge,0,14,42,0.608954787,0.537787202,1,0,1,3.21769547,-1,100,0,0,0,0,0
41.6,1.62502942,-0.177751204,-0.297184049,0.05,-2.32317047e-07,AdvanceRight,advancing_past_measured_edge,0,14,42,0.604064643,0.532763738,1,0,1,3.19128752,-1,100,0,0,0,0,0
41.65,1.62752939,-0.177764171,-0.297184789,0.05,-2.16829244e-07,AdvanceRight,advancing_past_measured_edge,0,14,42,0.604064643,0.532763738,1,0,1,3.19128752,-1,100,0,0,0,0,0
41.7,1.63002935,-0.177777138,-0.297185479,0.05,-2.02373961e-07,AdvanceRight,advancing_past_measured_edge,0,14,42,0.598908186,0.527755431,1,0,1,3.1648674,-1,100,0,0,0,0,0
41.75,1.63252932,-0.177790105,-0.297186123,0.05,-1.88882364e-07,AdvanceRight,advancing_past_measured_edge,0,14,42,0.598908186,0.527755431,1,0,1,3.1648674,-1,100,0,0,0,0,0
41.8,1.63502929,-0.177803073,-0.297186724,0.05,-1.76290206e-07,AdvanceRight,advancing_past_measured_edge,0,14,42,0.593763769,0.522762221,1,0,1,3.13843584,-1,100,0,0,0,0,0
41.85,1.63752925,-0.17781604,-0.297187286,0.05,-1.64537526e-07,AdvanceRight,advancing_past_measured_edge,0,14,42,0.593763769,0.522762221,1,0,1,3.13843584,-1,100,0,0,0,0,0
41.9,1.64002922,-0.177829007,-0.297187809,0.05,-1.53568358e-07,AdvanceRight,advancing_past_measured_edge,0,14,42,0.588632047,0.517750377,1,0,1,3.11199355,-1,100,0,0,0,0,0
41.95,1.64252918,-0.177841974,-0.297188298,0.05,-1.43330467e-07,AdvanceRight,advancing_past_measured_edge,0,14,42,0.588632047,0.517750377,1,0,1,3.11199355,-1,100,0,0,0,0,0
42,1.64502915,-0.177854941,-0.297188754,0.05,-1.33775103e-07,AdvanceRight,advancing_past_measured_edge,0,14,42,0.583513379,0.512681228,1,0,1,3.08554125,-1,100,0,0,0,0,0
42.05,1.64752912,-0.177867909,-0.29718918,0.05,-1.24856762e-07,AdvanceRight,advancing_past_measured_edge,0,14,42,0.583513379,0.512681228,1,0,1,3.08554125,-1,100,0,0,0,0,0
42.1,1.65002908,-0.177880876,-0.297189578,0.05,-1.16532978e-07,AdvanceRight,advancing_past_measured_edge,0,14,42,0.57840836,0.507626607,1,0,1,3.08079743,-1,100,0,0,0,0,0
42.15,1.65252905,-0.177893843,-0.297189949,0.05,-1.08764113e-07,AdvanceRight,advancing_past_measured_edge,0,14,42,0.57840836,0.507626607,1,0,1,3.08079743,-1,100,0,0,0,0,0
42.2,1.65502902,-0.177906811,-0.297190295,0.05,-1.01513172e-07,AdvanceRight,advancing_past_measured_edge,0,14,42,0.57331723,0.502586574,1,0,1,3.15133452,-1,100,0,0,0,0,0
42.25,1.65752898,-0.177919778,-0.297190618,0,0,TurnRight,right_pivot_ready,0,14,42,0.57331723,0.502586574,1,0,1,3.15133452,-1,100,0,0,0,0,0
42.3,1.6589873,-0.177927342,-0.297190806,0,-0.6,TurnRight,turning_right_with_feedback,0,14,42,0.569292843,0.498605663,1,0,1,3.20717478,-1,100,0,0,0,0,0
42.35,1.65983794,-0.177937071,-1.01338816,0,-0.6,TurnRight,turning_right_with_feedback,0,14,42,0.569292843,0.498605663,1,0,1,3.20717478,-1,100,0,0,0,0,0
42.4,1.66033398,-0.177950757,-2.14736719,0,-0.6,TurnRight,turning_right_with_feedback,0,14,42,0.567825019,0.494615164,1,0,1,3.11973071,-1,100,0,0,0,0,0
42.45,1.6606231,-0.177965081,-3.52505221,0,-0.6,TurnRight,turning_right_with_feedback,0,14,42,0.567825019,0.494615164,1,0,1,3.11973071,-1,100,0,0,0,0,0
42.5,1.66079149,-0.177977697,-5.04489904,0,-0.6,TurnRight,turning_right_with_feedback,0,14,42,0.567448199,0.491189694,1,0,1,2.91621208,-1,100,0,0,0,0,0
42.55,1.66088948,-0.177987731,-6.64767361,0,-0.6,TurnRight,turning_right_with_feedback,0,14,42,0.567448199,0.491189694,1,0,1,2.91621208,-1,100,0,0,0,0,0
42.6,1.66094645,-0.177995204,-8.29882268,0,-0.6,TurnRight,turning_right_with_feedback,0,14,42,0.566808403,0.488504805,1,0,1,1.70143044,-1,100,0,0,0,0,0
42.65,1.66097954,-0.178000527,-9.97819022,0,-0.6,TurnRight,turning_right_with_feedback,0,14,42,0.566808403,0.488504805,1,0,1,1.70143044,-1,100,0,0,0,0,0
42.7,1.66099875,-0.1780042,-11.6740185,0,-0.6,TurnRight,turning_right_with_feedback,0,14,42,0.566827953,0.487228661,1,0,1,1.19273841,-1,100,0,0,0,0,0
42.75,1.66100988,-0.178006673,-13.3794489,0,-0.6,TurnRight,turning_right_with_feedback,0,14,42,0.566827953,0.487228661,1,0,1,1.19273841,-1,100,0,0,0,0,0
42.8,1.66101633,-0.178008309,-15.0904806,0,-0.6,TurnRight,turning_right_with_feedback,0,14,42,0.566325247,0.487843278,1,0,1,0.91951102,-1,100,0,0,0,0,0
42.85,1.66102006,-0.178009376,-16.8047796,0,-0.6,TurnRight,turning_right_with_feedback,0,14,42,0.566325247,0.487843278,1,0,1,0.91951102,-1,100,0,0,0,0,0
42.9,1.66102222,-0.178010063,-18.5209847,0,-0.6,TurnRight,turning_right_with_feedback,0,14,42,0.565565825,0.490382072,1,0,1,0.750851572,-1,100,0,0,0,0,0
42.95,1.66102346,-0.178010501,-20.2383015,0,-0.6,TurnRight,turning_right_with_feedback,0,14,42,0.565565825,0.490382072,1,0,1,0.750851572,-1,100,0,0,0,0,0
43,1.66102418,-0.178010778,-21.9562669,0,-0.6,TurnRight,turning_right_with_feedback,0,14,42,0.564757049,0.501194352,1,1,1,0.637184024,-1,100,0,0,0,0,0
43.05,1.6610246,-0.178010952,-23.6746106,0,-0.6,TurnRight,turning_right_with_feedback,0,14,42,0.564757049,0.501194352,1,1,1,0.637184024,-1,100,0,0,0,0,0
43.1,1.66102483,-0.178011061,-25.3931751,0,-0.6,TurnRight,turning_right_with_feedback,0,14,42,0.564268708,0.50931552,1,1,1,0.555875063,-1,100,0,0,0,0,0
43.15,1.66102497,-0.178011129,-27.1118682,0,-0.6,TurnRight,turning_right_with_feedback,0,14,42,0.564268708,0.50931552,1,1,1,0.555875063,-1,100,0,0,0,0,0
43.2,1.66102505,-0.178011171,-28.8306365,0,-0.6,TurnRight,turning_right_with_feedback,0,14,42,0.563139021,0.519703245,1,1,1,0.495193034,-1,100,0,0,0,0,0
43.25,1.6610251,-0.178011196,-30.5494485,0,-0.6,TurnRight,turning_right_with_feedback,0,14,42,0.563139021,0.519703245,1,1,1,0.495193034,-1,100,0,0,0,0,0
43.3,1.66102512,-0.178011212,-32.2682861,0,-0.6,TurnRight,turning_right_with_feedback,0,14,42,0.562454402,0.532732248,1,1,1,0.448470742,-1,100,0,0,0,0,0
43.35,1.66102514,-0.178011222,-33.9871386,0,-0.6,TurnRight,turning_right_with_feedback,0,14,42,0.562454402,0.532732248,1,1,1,0.448470742,-1,100,0,0,0,0,0
43.4,1.66102514,-0.178011228,-35.7059999,0,-0.6,TurnRight,turning_right_with_feedback,0,14,42,0.562513888,0.548378331,1,1,1,0.411646247,-1,100,0,0,0,0,0
43.45,1.66102515,-0.178011231,-37.4248661,0,-0.6,TurnRight,turning_right_with_feedback,0,14,42,0.562513888,0.548378331,1,1,1,0.411646247,-1,100,0,0,0,0,0
43.5,1.66102515,-0.178011234,-39.1437354,0,-0.6,TurnRight,turning_right_with_feedback,0,14,42,0.564063013,0.566641208,1,0,1,0.397368848,-1,100,0,0,0,0,0
43.55,1.66102515,-0.178011235,-40.8626063,0,-0.6,TurnRight,turning_right_with_feedback,0,14,42,0.564063013,0.566641208,1,0,1,0.397368848,-1,100,0,0,0,0,0
43.6,1.66102515,-0.178011236,-42.5814783,0,-0.6,TurnRight,turning_right_with_feedback,0,14,42,0.567600429,0.590109276,1,0,1,0.398256928,-1,100,0,0,0,0,0
43.65,1.66102515,-0.178011236,-44.3003509,0,-0.6,TurnRight,turning_right_with_feedback,0,14,42,0.567600429,0.590109276,1,0,1,0.398256928,-1,100,0,0,0,0,0
43.7,1.66102516,-0.178011237,-46.0192238,0,-0.6,TurnRight,turning_right_with_feedback,0,14,42,0.573202491,0.616968767,1,0,1,0.394746661,-1,100,0,0,0,0,0
43.75,1.66102516,-0.178011237,-47.7380969,0,-0.6,TurnRight,turning_right_with_feedback,0,14,42,0.573202491,0.616968767,1,0,1,0.394746661,-1,100,0,0,0,0,0
43.8,1.66102516,-0.178011237,-49.4569701,0,-0.6,TurnRight,turning_right_with_feedback,0,14,42,0.580986321,0.661885278,1,0,1,0.402114779,-1,100,0,0,0,0,0
43.85,1.66102516,-0.178011237,-51.1758434,0,-0.6,TurnRight,turning_right_with_feedback,0,14,42,0.580986321,0.661885278,1,0,1,0.402114779,-1,100,0,0,0,0,0
43.9,1.66102516,-0.178011237,-52.8947167,0,-0.6,TurnRight,turning_right_with_feedback,0,14,42,0.590712428,0.716313697,1,0,1,0.4134745,-1,100,0,0,0,0,0
43.95,1.66102516,-0.178011237,-54.6135901,0,-0.6,TurnRight,turning_right_with_feedback,0,14,42,0.590712428,0.716313697,1,0,1,0.4134745,-1,100,0,0,0,0,0
44,1.66102516,-0.178011237,-56.3324635,0,-0.6,TurnRight,turning_right_with_feedback,0,14,42,0.602155328,0.773868051,1,0,1,0.452150047,-1,100,0,0,0,0,0
44.05,1.66102516,-0.178011237,-58.0513368,0,-0.6,TurnRight,turning_right_with_feedback,0,14,42,0.602155328,0.773868051,1,0,1,0.452150047,-1,100,0,0,0,0,0
44.1,1.66102516,-0.178011237,-59.7702102,0,-0.6,TurnRight,turning_right_with_feedback,0,14,42,0.616316855,0.836050983,1,0,1,0.50013274,-1,100,0,0,0,0,0
44.15,1.66102516,-0.178011237,-61.4890836,0,-0.6,TurnRight,turning_right_with_feedback,0,14,42,0.616316855,0.836050983,1,0,1,0.50013274,-1,100,0,0,0,0,0
44.2,1.66102516,-0.178011237,-63.207957,0,-0.567355677,TurnRight,turning_right_with_feedback,0,14,42,0.633528411,0.929723411,1,0,1,0.561003029,-1,100,0,0,0,0,0
44.25,1.66102516,-0.178011237,-64.8878641,0,-0.532171785,TurnRight,turning_right_with_feedback,0,14,42,0.633528411,0.929723411,1,0,1,0.561003029,-1,100,0,0,0,0,0
44.3,1.66102516,-0.178011237,-66.5030432,0,-0.498343554,TurnRight,turning_right_with_feedback,0,14,42,0.653279722,1.05654839,1,0,1,0.636698604,-1,100,0,0,0,0,0
44.35,1.66102516,-0.178011237,-68.0400848,0,-0.46615183,TurnRight,turning_right_with_feedback,0,14,42,0.653279722,1.05654839,1,0,1,0.636698604,-1,100,0,0,0,0,0
44.4,1.66102516,-0.178011237,-69.4931201,0,-0.435719529,TurnRight,turning_right_with_feedback,0,14,42,0.674361944,1.20539743,1,0,1,0.72709924,-1,100,0,0,0,0,0
44.45,1.66102516,-0.178011237,-70.8608259,0,-0.407074365,TurnRight,turning_right_with_feedback,0,14,42,0.674361944,1.20539743,1,0,1,0.72709924,-1,100,0,0,0,0,0
44.5,1.66102516,-0.178011237,-72.1445636,0,-0.380187826,TurnRight,turning_right_with_feedback,0,14,42,0.695942998,1.37853242,1,0,1,0.814559519,-1,100,0,0,0,0,0
44.55,1.66102516,-0.178011237,-73.3472263,0,-0.354999317,TurnRight,turning_right_with_feedback,0,14,42,0.695942998,1.37853242,1,0,1,0.814559519,-1,100,0,0,0,0,0
44.6,1.66102516,-0.178011237,-74.4725288,0,-0.331431037,TurnRight,turning_right_with_feedback,0,14,42,0.717447102,1.59730879,1,0,1,0.825592458,-1,100,0,0,0,0,0
44.65,1.66102516,-0.178011237,-75.5245719,0,-0.309397097,TurnRight,turning_right_with_feedback,0,14,42,0.717447102,1.59730879,1,0,1,0.825592458,-1,100,0,0,0,0,0
44.7,1.66102516,-0.178011237,-76.5075793,0,-0.288809039,TurnRight,turning_right_with_feedback,0,14,42,0.710286498,1.87170898,1,0,1,0.831570089,-1,100,0,0,0,0,0
44.75,1.66102516,-0.178011237,-77.4257407,0,-0.269579112,TurnRight,turning_right_with_feedback,0,14,42,0.710286498,1.87170898,1,0,1,0.831570089,-1,100,0,0,0,0,0
44.8,1.66102516,-0.178011237,-78.2831212,0,-0.251622177,TurnRight,turning_right_with_feedback,0,14,42,0.659494936,2.09778287,1,0,1,0.839639485,-1,100,0,0,0,0,0
44.85,1.66102516,-0.178011237,-79.0836117,0,-0.234856743,TurnRight,turning_right_with_feedback,0,14,42,0.659494936,2.09778287,1,0,1,0.839639485,-1,100,0,0,0,0,0
44.9,1.66102516,-0.178011237,-79.830904,0,-0.219205489,TurnRight,turning_right_with_feedback,0,14,42,0.621491849,2.48274095,1,0,1,0.886857212,-1,100,0,0,0,0,0
44.95,1.66102516,-0.178011237,-80.5284818,0,-0.204595453,TurnRight,turning_right_with_feedback,0,14,42,0.621491849,2.48274095,1,0,1,0.886857212,-1,100,0,0,0,0,0
45,1.66102516,-0.178011237,-81.1796201,0,-0.190958046,TurnRight,turning_right_with_feedback,0,14,42,0.592268407,2.78808773,1,0,1,1.02452314,-1,100,0,0,0,0,0
45.05,1.66102516,-0.178011237,-81.7873901,0,-0.17822894,TurnRight,turning_right_with_feedback,0,14,42,0.592268407,2.78808773,1,0,1,1.02452314,-1,100,0,0,0,0,0
45.1,1.66102516,-0.178011237,-82.3546677,0,-0.166347905,TurnRight,turning_right_with_feedback,0,14,42,0.569310904,3.36847636,1,0,1,1.95461929,-1,100,0,0,0,0,0
45.15,1.66102516,-0.178011237,-82.8841429,0,-0.155258604,TurnRight,turning_right_with_feedback,0,14,42,0.569310904,3.36847636,1,0,1,1.95461929,-1,100,0,0,0,0,0
45.2,1.66102516,-0.178011237,-83.3783297,0,-0.14490838,TurnRight,turning_right_with_feedback,0,14,42,0.550966382,3.79856223,1,0,1,2.26388073,-1,100,0,0,0,0,0
45.25,1.66102516,-0.178011237,-83.8395769,0,-0.13524804,TurnRight,turning_right_with_feedback,0,14,42,0.550966382,3.79856223,1,0,1,2.26388073,-1,100,0,0,0,0,0
45.3,1.66102516,-0.178011237,-84.2700783,0,-0.12623164,TurnRight,turning_right_with_feedback,0,14,42,0.536104918,4.27381457,1,0,1,2.6263833,-1,100,0,0,0,0,0
45.35,1.66102516,-0.178011237,-84.671882,0,-0.117816283,TurnRight,turning_right_with_feedback,0,14,42,0.536104918,4.27381457,1,0,1,2.6263833,-1,100,0,0,0,0,0
45.4,1.66102516,-0.178011237,-85.0469003,0,-0.109961917,TurnRight,turning_right_with_feedback,0,14,42,0.523928463,5.41359859,1,0,1,3.05264926,-1,100,0,0,0,0,0
45.45,1.66102516,-0.178011237,-85.3969184,0,-0.102631156,TurnRight,turning_right_with_feedback,0,14,42,0.523928463,5.41359859,1,0,1,3.05264926,-1,100,0,0,0,0,0
45.5,1.66102516,-0.178011237,-85.7236025,0,-0.0957890998,TurnRight,turning_right_with_feedback,0,14,42,0.513858318,7.79744293,1,0,1,3.07662749,-1,100,0,0,0,0,0
45.55,1.66102516,-0.178011237,-86.0285081,0,-0.0894031728,TurnRight,turning_right_with_feedback,0,14,42,0.513858318,7.79744293,1,0,1,3.07662749,-1,100,0,0,0,0,0
45.6,1.66102516,-0.178011237,-86.3130868,0,-0.0834429694,TurnRight,turning_right_with_feedback,0,14,42,0.505464733,7.79278221,1,0,1,3.11397314,-1,100,0,0,0,0,0
45.65,1.66102516,-0.178011237,-86.5786938,0,-0.0778801099,TurnRight,turning_right_with_feedback,0,14,42,0.505464733,7.79278221,1,0,1,3.11397314,-1,100,0,0,0,0,0
45.7,1.66102516,-0.178011237,-86.8265937,0,-0.0726881057,TurnRight,turning_right_with_feedback,0,14,42,0.498422146,7.78939312,1,0,1,3.18307257,-1,100,0,0,0,0,0
45.75,1.66102516,-0.178011237,-87.0579671,0,-0.067842234,TurnRight,turning_right_with_feedback,0,14,42,0.498422146,7.78939312,1,0,1,3.18307257,-1,100,0,0,0,0,0
45.8,1.66102516,-0.178011237,-87.2739156,0,-0.0633194196,TurnRight,turning_right_with_feedback,0,14,42,0.49247992,7.78694761,1,0,1,3.101583,-1,100,0,0,0,0,0
45.85,1.66102516,-0.178011237,-87.4754675,0,0,FindWall,right_heading_reached,0,14,42,0.49247992,7.78694761,1,0,1,3.101583,-1,100,0,0,0,0,0
45.9,1.66102516,-0.178011237,-87.5930395,0.05,-0.0566357043,FindWall,finding_near_right_wall,0,14,42,0.488334417,7.78547669,1,0,1,3.1652925,-1,100,0,0,0,0,0
45.95,1.66106767,-0.179052036,-87.729227,0.05,-0.0537833992,FindWall,finding_near_right_wall,0,14,42,0.488334417,7.78547669,1,0,1,3.1652925,-1,100,0,0,0,0,0
46,1.66113095,-0.180700127,-87.8728689,0.05,-0.0507749696,FindWall,finding_near_right_wall,0,14,42,0.485071898,7.78181868,1,0,1,3.0947268,-1,100,0,0,0,0,0
46.05,1.6612028,-0.1827026,-88.0172682,0.05,-0.0477506781,FindWall,finding_near_right_wall,0,14,42,0.485071898,7.78181868,1,0,1,3.0947268,-1,100,0,0,0,0,0
46.1,1.66127656,-0.184911897,-88.1584993,0.05,-0.0447927411,FindWall,finding_near_right_wall,0,14,42,0.481939584,7.77688475,1,0,1,3.13527942,-1,100,0,0,0,0,0
46.15,1.6613487,-0.187241921,-88.2943515,0.05,-0.0419474593,FindWall,finding_near_right_wall,0,14,42,0.481939584,7.77688475,1,0,1,3.13527942,-1,100,0,0,0,0,0
46.2,1.66141748,-0.189642435,-88.4236697,0.05,-0.0392390251,FindWall,finding_near_right_wall,0,14,42,0.479132652,7.77169621,1,0,1,3.19063044,-1,100,0,0,0,0,0
46.25,1.66148206,-0.192084122,-88.5459435,0.05,-0.0366781295,FindWall,finding_near_right_wall,0,14,42,0.479132652,7.77169621,1,0,1,3.19063044,-1,100,0,0,0,0,0
46.3,1.66154217,-0.194549872,-88.6610511,0.05,-0.0342673206,FindWall,finding_near_right_wall,0,14,42,0.476689368,7.76655011,1,0,1,3.14523458,-1,100,0,0,0,0,0
46.35,1.66159779,-0.197029696,-88.7691008,0.05,-0.0320043323,FindWall,finding_near_right_wall,0,14,42,0.476689368,7.76655011,1,0,1,3.14523458,-1,100,0,0,0,0,0
46.4,1.66164906,-0.199517763,-88.8703322,0.05,-0.0298841475,FindWall,finding_near_right_wall,0,14,42,0.474589944,7.76150986,1,0,1,3.11048269,-1,100,0,0,0,0,0
46.45,1.66169615,-0.202010665,-88.9650554,0.05,-0.0279002694,FindWall,finding_near_right_wall,0,14,42,0.474589944,7.76150986,1,0,1,3.11048269,-1,100,0,0,0,0,0
46.5,1.66173931,-0.204506411,-89.0536141,0.05,-0.0260455004,FindWall,finding_near_right_wall,0,14,42,0.472797006,7.75656926,1,0,1,3.08465147,-1,100,0,0,0,0,0
46.55,1.66177876,-0.207003835,-89.1363629,0.05,-0.0243124143,FindWall,finding_near_right_wall,0,14,42,0.472797006,7.75656926,1,0,1,3.08465147,-1,100,0,0,0,0,0
46.6,1.66181474,-0.209502256,-89.2136538,0.05,-0.022693637,FindWall,finding_near_right_wall,0,14,42,0.4712708,7.75170637,1,0,1,3.06625104,-1,100,0,0,0,0,0
46.65,1.66184746,-0.212001271,-89.2858287,0.05,-0.0211820094,FindWall,finding_near_right_wall,0,14,42,0.4712708,7.75170637,1,0,1,3.06625104,-1,100,0,0,0,0,0
46.7,1.66187715,-0.214500645,-89.3532149,0.05,-0.0197706764,FindWall,finding_near_right_wall,0,14,42,0.469974607,7.74689832,1,0,1,3.0837357,-1,100,0,0,0,0,0
46.75,1.66190399,-0.217000239,-89.416123,0.05,-0.0184531319,FindWall,finding_near_right_wall,0,14,42,0.469974607,7.74689832,1,0,1,3.0837357,-1,100,0,0,0,0,0
46.8,1.66192819,-0.219499969,-89.4748462,0.05,-0.0172232359,FindWall,finding_near_right_wall,0,14,42,0.468876153,7.74212794,1,0,1,3.10624647,-1,100,0,0,0,0,0
46.85,1.6619499,-0.221999785,-89.5296601,0.05,-0.0160752157,FindWall,finding_near_right_wall,0,14,42,0.468876153,7.74212794,1,0,1,3.10624647,-1,100,0,0,0,0,0
46.9,1.66196931,-0.224499658,-89.5808233,0.05,-0.0150036569,FindWall,finding_near_right_wall,0,14,42,0.467947602,7.73738044,1,0,1,3.11738062,-1,100,0,0,0,0,0
46.95,1.66198656,-0.226999568,-89.6285778,0.05,-0.0140034895,FindWall,finding_near_right_wall,0,14,42,0.467947602,7.73738044,1,0,1,3.11738062,-1,100,0,0,0,0,0
47,1.66200179,-0.229499504,-89.67315,0.05,-0.0130699713,FindWall,finding_near_right_wall,0,14,42,0.467165083,7.73264582,1,0,1,3.1177032,-1,100,0,0,0,0,0
47.05,1.66201514,-0.231999458,-89.7147516,0.05,-0.0121986697,FindWall,finding_near_right_wall,0,14,42,0.467165083,7.73264582,1,0,1,3.1177032,-1,100,0,0,0,0,0
47.1,1.66202674,-0.234499425,-89.7535802,0.05,-0.0113854437,FindWall,finding_near_right_wall,0,14,42,0.46650815,7.72791644,1,0,1,3.10788155,-1,100,0,0,0,0,0
47.15,1.66203671,-0.236999402,-89.7898207,0.05,-0.0106264258,FindWall,finding_near_right_wall,0,14,42,0.46650815,7.72791644,1,0,1,3.10788155,-1,100,0,0,0,0,0
47.2,1.66204514,-0.239499386,-89.8236453,0.05,-0.00991800466,FindWall,finding_near_right_wall,0,14,42,0.465959311,7.72318754,1,0,1,3.08864927,-1,100,0,0,0,0,0
47.25,1.66205214,-0.241999375,-89.8552151,0.05,-0.0092568089,FindWall,finding_near_right_wall,0,14,42,0.465959311,7.72318754,1,0,1,3.08864927,-1,100,0,0,0,0,0
47.3,1.66205782,-0.244499367,-89.8846803,0.05,-0.00863969116,FindWall,finding_near_right_wall,0,14,42,0.465503484,7.7184553,1,0,1,3.06575251,-1,100,0,0,0,0,0
47.35,1.66206225,-0.246999363,-89.9121812,0.05,-0.00806371352,FindWall,finding_near_right_wall,0,14,42,0.465503484,7.7184553,1,0,1,3.06575251,-1,100,0,0,0,0,0
47.4,1.66206552,-0.249499361,-89.9378487,0.05,-0.00752613373,FindWall,finding_near_right_wall,0,14,42,0.465127707,7.71371686,1,0,1,3.07692575,-1,100,0,0,0,0,0
47.45,1.66206771,-0.25199936,-89.9618051,0.05,-0.00702439218,FindWall,finding_near_right_wall,0,14,42,0.465127707,7.71371686,1,0,1,3.07692575,-1,100,0,0,0,0,0
47.5,1.66206889,-0.254499359,-89.9841644,0.05,-0.0065560998,FindWall,finding_near_right_wall,0,14,42,0.464820772,7.70897079,1,0,1,3.08980608,-1,100,0,0,0,0,0
47.55,1.66206913,-0.256999359,-90.0050331,0.05,-0.00611902675,FindWall,finding_near_right_wall,0,14,42,0.464820772,7.70897079,1,0,1,3.08980608,-1,100,0,0,0,0,0
47.6,1.66206848,-0.259499359,-90.0245106,0.05,-0.00571109181,FindWall,finding_near_right_wall,0,14,42,0.464572996,7.70421615,1,0,1,3.10416245,-1,100,0,0,0,0,0
47.65,1.66206702,-0.261999359,-90.0426896,0.05,-0.00533035246,FindWall,finding_near_right_wall,0,14,42,0.464572996,7.70421615,1,0,1,3.10416245,-1,100,0,0,0,0,0
47.7,1.66206478,-0.264499358,-90.0596566,0.05,-0.00497499569,FindWall,finding_near_right_wall,0,14,42,0.464375973,7.69945148,1,0,1,3.11979723,-1,100,0,0,0,0,0
47.75,1.66206183,-0.266999356,-90.0754925,0.05,-0.00464332936,FindWall,finding_near_right_wall,0,14,42,0.464375973,7.69945148,1,0,1,3.11979723,-1,100,0,0,0,0,0
47.8,1.66205822,-0.269499353,-90.0902727,0.05,-0.00433377409,FindWall,finding_near_right_wall,0,14,42,0.464222342,7.69467681,1,0,1,3.13654184,-1,100,0,0,0,0,0
47.85,1.66205398,-0.27199935,-90.1040675,0.05,-0.00404485583,FindWall,finding_near_right_wall,0,14,42,0.464222342,7.69467681,1,0,1,3.13654184,-1,100,0,0,0,0,0
47.9,1.66204916,-0.274499345,-90.1169427,0.05,-0.00377519879,FindWall,finding_near_right_wall,0,14,42,0.464105755,7.68989212,1,0,1,3.15425086,-1,100,0,0,0,0,0
47.95,1.66204379,-0.276999339,-90.1289595,0.05,-0.00352351888,FindWall,finding_near_right_wall,0,14,42,0.464105755,7.68989212,1,0,1,3.15425086,-1,100,0,0,0,0,0
48,1.66203792,-0.279499332,-90.1401752,0.05,-0.00328861762,FindWall,finding_near_right_wall,0,14,42,0.46402064,7.68489759,1,0,1,3.17279983,-1,100,0,0,0,0,0
48.05,1.66203157,-0.281999324,-90.1506432,0.05,-0.00306937645,FindWall,finding_near_right_wall,0,14,42,0.46402064,7.68489759,1,0,1,3.17279983,-1,100,0,0,0,0,0
48.1,1.66202479,-0.284499315,-90.1604133,0.05,-0.00286475135,FindWall,finding_near_right_wall,0,14,42,0.463962108,7.6797468,1,0,1,3.01715183,-1,100,0,0,0,0,0
48.15,1.66201759,-0.286999305,-90.1695321,0.05,-0.00267376793,FindWall,finding_near_right_wall,0,14,42,0.463962108,7.6797468,1,0,1,3.01715183,-1,100,0,0,0,0,0
48.2,1.66201001,-0.289499293,-90.178043,0.05,-0.00249551674,FindWall,finding_near_right_wall,0,14,42,0.463925898,7.67459124,1,0,1,3.03605819,-1,100,0,0,0,0,0
48.25,1.66200207,-0.291999281,-90.1859865,0.05,-0.00232914895,FindWall,finding_near_right_wall,0,14,42,0.463925898,7.67459124,1,0,1,3.03605819,-1,100,0,0,0,0,0
48.3,1.66199379,-0.294499267,-90.1934004,0.05,-0.00217387236,FindWall,finding_near_right_wall,0,14,42,0.463908225,7.66943043,1,0,1,3.0554471,-1,100,0,0,0,0,0
48.35,1.6619852,-0.296999252,-90.20032,0.05,-0.00202894753,FindWall,finding_near_right_wall,0,14,42,0.463908225,7.66943043,1,0,1,3.0554471,-1,100,0,0,0,0,0
48.4,1.66197632,-0.299499236,-90.2067784,0.05,-0.00189368437,FindWall,finding_near_right_wall,0,14,42,0.463905841,7.66426437,1,0,1,2.9076767,-1,100,0,0,0,0,0
48.45,1.66196716,-0.30199922,-90.2128062,0.05,-0.00176743874,FindWall,finding_near_right_wall,0,14,42,0.463905841,7.66426437,1,0,1,2.9076767,-1,100,0,0,0,0,0
48.5,1.66195776,-0.304499202,-90.2184321,0.05,-0.00164960949,FindWall,finding_near_right_wall,0,14,42,0.463915765,7.65909451,1,0,1,2.92674732,-1,100,0,0,0,0,0
48.55,1.66194811,-0.306999183,-90.223683,0.05,-0.00153963553,FindWall,finding_near_right_wall,0,14,42,0.463915765,7.65909451,1,0,1,2.92674732,-1,100,0,0,0,0,0
48.6,1.66193824,-0.309499164,-90.2285838,0.05,-0.00143699316,FindWall,finding_near_right_wall,0,14,42,0.463935494,7.65391987,1,0,1,2.94611406,-1,100,0,0,0,0,0
48.65,1.66192817,-0.311999144,-90.2331579,0.05,-0.00134119361,FindWall,finding_near_right_wall,0,14,42,0.463935494,7.65391987,1,0,1,2.94611406,-1,100,0,0,0,0,0
48.7,1.6619179,-0.314499122,-90.237427,0.05,-0.00125178071,FindWall,finding_near_right_wall,0,14,42,0.463962704,7.64874189,1,0,1,2.81467438,-1,100,0,0,0,0,0
48.75,1.66190746,-0.316999101,-90.2414116,0.05,-0.00116832866,FindWall,finding_near_right_wall,0,14,42,0.463962704,7.64874189,1,0,1,2.81467438,-1,100,0,0,0,0,0
48.8,1.66189684,-0.319499078,-90.2451305,0.05,-0.00109044008,FindWall,finding_near_right_wall,0,14,42,0.463995397,7.64356106,1,0,1,2.83388352,-1,100,0,0,0,0,0
48.85,1.66188607,-0.321999055,-90.2486014,0.05,-0.00101774408,FindWall,finding_near_right_wall,0,14,42,0.463995397,7.64356106,1,0,1,2.83388352,-1,100,0,0,0,0,0
48.9,1.66187515,-0.324499031,-90.251841,0.05,-0.000949894471,FindWall,finding_near_right_wall,0,14,42,0.464031816,7.63837688,1,0,1,2.85327816,-1,100,0,0,0,0,0
48.95,1.6618641,-0.326999007,-90.2548646,0.05,-0.000886568173,FindWall,finding_near_right_wall,0,14,42,0.464031816,7.63837688,1,0,1,2.85327816,-1,100,0,0,0,0,0
49,1.66185292,-0.329498982,-90.2576867,0.05,-0.000827463628,FindWall,finding_near_right_wall,0,14,42,0.46407032,7.6331908,1,0,1,2.74222898,-1,100,0,0,0,0,0
49.05,1.66184161,-0.331998956,-90.2603206,0.05,-0.000772299386,FindWall,finding_near_right_wall,0,14,42,0.46407032,7.6331908,1,0,1,2.74222898,-1,100,0,0,0,0,0
49.1,1.6618302,-0.33449893,-90.2627789,0.05,-0.000720812761,FindWall,finding_near_right_wall,0,14,42,0.46410957,7.62800282,1,0,1,2.76107001,-1,100,0,0,0,0,0
49.15,1.66181869,-0.336998903,-90.2650733,0.05,-0.000672758576,FindWall,finding_near_right_wall,0,14,42,0.46410957,7.62800282,1,0,1,2.76107001,-1,100,0,0,0,0,0
49.2,1.66180707,-0.339498877,-90.2672147,0.05,-0.000627908005,FindWall,finding_near_right_wall,0,14,42,0.464148253,7.6228134,1,0,1,0.819642425,-1,100,0,0,0,0,0
49.25,1.66179537,-0.341998849,-90.2692134,0.05,-0.000586047471,FindWall,finding_near_right_wall,0,14,42,0.464148253,7.6228134,1,0,1,0.819642425,-1,100,0,0,0,0,0
49.3,1.66178358,-0.344498821,-90.2710789,0.05,-0.00054697764,FindWall,finding_near_right_wall,0,14,42,0.464185297,7.61762302,1,0,1,0.819725752,-1,100,0,0,0,0,0
49.35,1.66177172,-0.346998793,-90.27282,0.05,-0.000510512464,FindWall,finding_near_right_wall,0,14,42,0.464185297,7.61762302,1,0,1,0.819725752,-1,100,0,0,0,0,0
49.4,1.66175978,-0.349498765,-90.274445,0.05,-0.000476478299,FindWall,finding_near_right_wall,0,14,42,0.464219689,7.61243217,1,0,1,0.816839457,-1,100,0,0,0,0,0
49.45,1.66174777,-0.351998736,-90.2759617,0.05,-0.000444713079,FindWall,finding_near_right_wall,0,14,42,0.464219689,7.61243217,1,0,1,0.816839457,-1,100,0,0,0,0,0
49.5,1.6617357,-0.354498707,-90.2773772,0.05,-0.000415065541,FindWall,finding_near_right_wall,0,14,42,0.464250535,7.6072418,1,0,1,0.816632211,-1,100,0,0,0,0,0
49.55,1.66172357,-0.356998677,-90.2786984,0.05,-0.000387394505,FindWall,finding_near_right_wall,0,14,42,0.464250535,7.6072418,1,0,1,0.816632211,-1,100,0,0,0,0,0
49.6,1.66171138,-0.359498648,-90.2799315,0.05,-0.000361568204,FindWall,finding_near_right_wall,0,14,42,0.464277089,7.60205143,1,0,1,0.814546585,-1,100,0,0,0,0,0
49.65,1.66169914,-0.361998618,-90.2810824,0.05,-0.000337463658,FindWall,finding_near_right_wall,0,14,42,0.464277089,7.60205143,1,0,1,0.814546585,-1,100,0,0,0,0,0
49.7,1.66168685,-0.364498587,-90.2821566,0.05,-0.00031496608,FindWall,finding_near_right_wall,0,14,42,0.464298666,7.59686249,1,0,1,0.814621568,-1,100,0,0,0,0,0
49.75,1.66167452,-0.366998557,-90.2831592,0.05,-0.000293968342,FindWall,finding_near_right_wall,0,14,42,0.464298666,7.59686249,1,0,1,0.814621568,-1,100,0,0,0,0,0
49.8,1.66166214,-0.369498526,-90.2840949,0.05,-0.000274370452,FindWall,finding_near_right_wall,0,14,42,0.46431458,7.59167545,1,0,1,0.814200282,-1,100,0,0,0,0,0
49.85,1.66164973,-0.371998495,-90.2849683,0.05,-0.000256079089,FindWall,finding_near_right_wall,0,14,42,0.46431458,7.59167545,1,0,1,0.814200282,-1,100,0,0,0,0,0
49.9,1.66163728,-0.374498464,-90.2857834,0.05,-0.000239007149,FindWall,finding_near_right_wall,0,14,42,0.464324355,7.58648985,1,0,1,0.814342856,-1,100,0,0,0,0,0
49.95,1.66162479,-0.376998433,-90.2865442,0.05,-0.00022307334,FindWall,finding_near_right_wall,0,14,42,0.464324355,7.58648985,1,0,1,0.814342856,-1,100,0,0,0,0,0
50,1.66161227,-0.379498402,-90.2872542,0.05,-0.000208201784,FindWall,finding_near_right_wall,0,14,42,0.464327514,7.58130663,1,0,1,0.812208116,-1,100,0,0,0,0,0
50.05,1.66159972,-0.38199837,-90.287917,0.05,-0.000194321665,FindWall,finding_near_right_wall,0,14,42,0.464327514,7.58130663,1,0,1,0.812208116,-1,100,0,0,0,0,0
50.1,1.66158715,-0.384498339,-90.2885355,0.05,-0.000181366887,FindWall,finding_near_right_wall,0,14,42,0.46432361,7.57612675,1,0,1,0.811993122,-1,100,0,0,0,0,0
50.15,1.66157455,-0.386998307,-90.2891128,0.05,-0.000169275761,FindWall,finding_near_right_wall,0,14,42,0.46432361,7.57612675,1,0,1,0.811993122,-1,100,0,0,0,0,0
50.2,1.66156192,-0.389498275,-90.2896516,0.05,-0.00015799071,FindWall,finding_near_right_wall,0,14,42,0.464312285,7.57094973,1,0,1,0.81141293,-1,100,0,0,0,0,0
50.25,1.66154927,-0.391998243,-90.2901545,0.05,-0.000147457996,FindWall,finding_near_right_wall,0,14,42,0.464312285,7.57094973,1,0,1,0.81141293,-1,100,0,0,0,0,0
50.3,1.6615366,-0.394498211,-90.2906239,0.05,-0.000137627463,FindWall,finding_near_right_wall,0,14,42,0.464293242,7.56577652,1,0,1,0.811567008,-1,100,0,0,0,0,0
50.35,1.66152391,-0.396998179,-90.291062,0.05,-0.000128452299,FindWall,finding_near_right_wall,0,14,42,0.464293242,7.56577652,1,0,1,0.811567008,-1,100,0,0,0,0,0
50.4,1.6615112,-0.399498147,-90.2914709,0.05,-0.000119888812,FindWall,finding_near_right_wall,0,14,42,0.464266211,7.5606076,1,0,1,0.811356783,-1,100,0,0,0,0,0
50.45,1.66149847,-0.401998114,-90.2918525,0.05,-0.000111896225,FindWall,finding_near_right_wall,0,14,42,0.464266211,7.5606076,1,0,1,0.811356783,-1,100,0,0,0,0,0
50.5,1.66148573,-0.404498082,-90.2922087,0.05,-0.000104436477,FindWall,finding_near_right_wall,0,14,42,0.464231014,7.55544346,1,0,1,0.811149061,-1,100,0,0,0,0,0
50.55,1.66147297,-0.406998049,-90.2925411,0.05,-9.74740449e-05,FindWall,finding_near_right_wall,0,14,42,0.464231014,7.55544346,1,0,1,0.811149061,-1,100,0,0,0,0,0
50.6,1.6614602,-0.409498017,-90.2928514,0.05,-9.09757752e-05,FindWall,finding_near_right_wall,0,14,42,0.464187413,7.55028408,1,0,1,0.810944259,-1,100,0,0,0,0,0
50.65,1.66144742,-0.411997984,-90.293141,0.05,-8.49107235e-05,FindWall,finding_near_right_wall,0,14,42,0.464187413,7.55028408,1,0,1,0.810944259,-1,100,0,0,0,0,0
50.7,1.66143462,-0.414497951,-90.2934112,0.05,-7.92500086e-05,FindWall,finding_near_right_wall,0,14,42,0.464135319,7.54512995,1,0,1,0.810742915,-1,100,0,0,0,0,0
50.75,1.66142181,-0.416997918,-90.2936635,0.05,-7.39666747e-05,FindWall,finding_near_right_wall,0,14,42,0.464135319,7.54512995,1,0,1,0.810742915,-1,100,0,0,0,0,0
50.8,1.661409,-0.419497885,-90.2938989,0.05,-6.90355631e-05,FindWall,finding_near_right_wall,0,14,42,0.464074582,7.53998154,1,0,1,0.809762776,-1,100,0,0,0,0,0
50.85,1.66139617,-0.421997853,-90.2941187,0.05,-6.44331922e-05,FindWall,finding_near_right_wall,0,14,42,0.464074582,7.53998154,1,0,1,0.809762776,-1,100,0,0,0,0,0
50.9,1.66138333,-0.42449782,-90.2943238,0.05,-6.01376461e-05,FindWall,finding_near_right_wall,0,14,42,0.464005202,7.53483885,1,0,1,0.809857905,-1,100,0,0,0,0,0
50.95,1.66137048,-0.426997787,-90.2945152,0.05,-5.61284697e-05,FindWall,finding_near_right_wall,0,14,42,0.464005202,7.53483885,1,0,1,0.809857905,-1,100,0,0,0,0,0
51,1.66135763,-0.429497753,-90.2946939,0.05,-5.23865717e-05,FindWall,finding_near_right_wall,0,14,42,0.46392712,7.52970284,1,0,1,0.80757165,-1,100,0,0,0,0,0
51.05,1.66134477,-0.43199772,-90.2948606,0.05,-4.88941336e-05,FindWall,finding_near_right_wall,0,14,42,0.46392712,7.52970284,1,0,1,0.80757165,-1,100,0,0,0,0,0
51.1,1.6613319,-0.434497687,-90.2950163,0.05,-4.56345247e-05,FindWall,finding_near_right_wall,0,14,42,0.463840306,7.52457397,1,0,1,0.273299575,-1,100,0,0,0,0,0
51.15,1.66131902,-0.436997654,-90.2951615,0.05,-4.2592223e-05,FindWall,finding_near_right_wall,0,14,42,0.463840306,7.52457397,1,0,1,0.273299575,-1,100,0,0,0,0,0
51.2,1.66130614,-0.439497621,-90.2952971,0.05,-3.97527415e-05,FindWall,finding_near_right_wall,0,14,42,0.463744849,7.51945131,1,0,1,0.270053715,-1,100,0,0,0,0,0
51.25,1.66129325,-0.441997588,-90.2954236,0.05,-3.71025587e-05,FindWall,finding_near_right_wall,0,14,42,0.463744849,7.51945131,1,0,1,0.270053715,-1,100,0,0,0,0,0
51.3,1.66128036,-0.444497554,-90.2955417,0,0,FollowWall,right_wall_reacquired,0,14,42,0.463640749,7.51433676,1,0,1,0.269025326,-1,100,0,0,0,0,0
51.35,1.66127284,-0.445955868,-90.2956106,0.05,-0.0285379887,FollowWall,following_with_distance_only,0,14,42,0.463640749,7.51433676,1,0,1,0.269025326,-1,100,0,0,0,0,0
51.4,1.66126251,-0.447848201,-90.3297155,0.05,-0.0276701152,FollowWall,following_with_distance_only,0,14,42,0.463211596,7.51094978,1,0,1,0.268446743,-1,100,0,0,0,0,0
51.45,1.66124917,-0.449993704,-90.3826388,0.05,-0.0276701152,FollowWall,following_with_distance_only,0,14,42,0.463211596,7.51094978,1,0,1,0.268446743,-1,100,0,0,0,0,0
51.5,1.66123258,-0.452286878,-90.4465395,0.05,-0.0250803977,FollowWall,following_with_distance_only,0,14,42,0.461865902,7.50652712,1,0,1,0.266720265,-1,100,0,0,0,0,0
51.55,1.66121264,-0.454666181,-90.5137524,0.05,-0.0250803977,FollowWall,following_with_distance_only,0,14,42,0.461865902,7.50652712,1,0,1,0.266720265,-1,100,0,0,0,0,0
51.6,1.66118939,-0.457095712,-90.5828975,0.05,-0.0244972408,FollowWall,following_with_distance_only,0,14,42,0.460288078,7.50178736,1,0,1,0.266331494,-1,100,0,0,0,0,0
51.65,1.66116288,-0.459554527,-90.6524735,0.05,-0.0244972408,FollowWall,following_with_distance_only,0,14,42,0.460288078,7.50178736,1,0,1,0.266331494,-1,100,0,0,0,0,0
51.7,1.66113317,-0.462030407,-90.722301,0.05,-0.0241233408,FollowWall,following_with_distance_only,0,14,42,0.45865801,7.49697369,1,0,1,0.266082227,-1,100,0,0,0,0,0
51.75,1.66110033,-0.464516224,-90.7918288,0.05,-0.0241233408,FollowWall,following_with_distance_only,0,14,42,0.45865801,7.49697369,1,0,1,0.266082227,-1,100,0,0,0,0,0
51.8,1.66106438,-0.467007819,-90.8611818,0.05,-0.023269996,FollowWall,following_with_distance_only,0,14,42,0.457015425,7.49216812,1,0,1,0.265513331,-1,100,0,0,0,0,0
51.85,1.66102539,-0.469502762,-90.9294142,0.05,-0.023269996,FollowWall,following_with_distance_only,0,14,42,0.457015425,7.49216812,1,0,1,0.265513331,-1,100,0,0,0,0,0
51.9,1.66098341,-0.471999637,-90.996993,0.05,-0.0232098699,FollowWall,following_with_distance_only,0,14,42,0.455387533,7.4873926,1,0,1,0.265473247,-1,100,0,0,0,0,0
51.95,1.66093848,-0.474497616,-91.0641186,0.05,-0.0232098699,FollowWall,following_with_distance_only,0,14,42,0.455387533,7.4873926,1,0,1,0.265473247,-1,100,0,0,0,0,0
52,1.66089061,-0.476996214,-91.13098,0.05,-0.0223408341,FollowWall,following_with_distance_only,0,14,42,0.453761965,7.48265808,1,0,1,0.264893889,-1,100,0,0,0,0,0
52.05,1.66083984,-0.479495148,-91.1966499,0.05,-0.0223408341,FollowWall,following_with_distance_only,0,14,42,0.453761965,7.48265808,1,0,1,0.264893889,-1,100,0,0,0,0,0
52.1,1.66078622,-0.481994252,-91.2616248,0.05,-0.0223582238,FollowWall,following_with_distance_only,0,14,42,0.452154219,7.47796267,1,0,1,0.264905483,-1,100,0,0,0,0,0
52.15,1.66072977,-0.484493427,-91.3262149,0.05,-0.0223582238,FollowWall,following_with_distance_only,0,14,42,0.452154219,7.47796267,1,0,1,0.264905483,-1,100,0,0,0,0,0
52.2,1.66067051,-0.486992615,-91.3905807,0.05,-0.021878019,FollowWall,following_with_distance_only,0,14,42,0.450547814,7.47330873,1,0,1,0.264585346,-1,100,0,0,0,0,0
52.25,1.66060846,-0.489491781,-91.4542423,0.05,-0.021878019,FollowWall,following_with_distance_only,0,14,42,0.450547814,7.47330873,1,0,1,0.264585346,-1,100,0,0,0,0,0
52.3,1.66054363,-0.491990903,-91.5174932,0.05,-0.0219939798,FollowWall,following_with_distance_only,0,14,42,0.448946416,7.46869486,1,0,1,0.264662653,-1,100,0,0,0,0,0
52.35,1.66047605,-0.494489968,-91.580643,0.05,-0.0219939798,FollowWall,following_with_distance_only,0,14,42,0.448946416,7.46869486,1,0,1,0.264662653,-1,100,0,0,0,0,0
52.4,1.66040571,-0.496988966,-91.6437337,0.05,-0.0220798552,FollowWall,following_with_distance_only,0,14,42,0.447336733,7.46412485,1,0,1,0.264719903,-1,100,0,0,0,0,0
52.45,1.66033262,-0.49948789,-91.7068925,0.05,-0.0220798552,FollowWall,following_with_distance_only,0,14,42,0.447336733,7.46412485,1,0,1,0.264719903,-1,100,0,0,0,0,0
52.5,1.66025678,-0.501986735,-91.7700911,0.05,-0.0216600001,FollowWall,following_with_distance_only,0,14,42,0.445711374,7.45960062,1,0,1,0.26444,-1,100,0,0,0,0,0
52.55,1.66017819,-0.504485497,-91.8328116,0.05,-0.0216600001,FollowWall,following_with_distance_only,0,14,42,0.445711374,7.45960062,1,0,1,0.26444,-1,100,0,0,0,0,0
52.6,1.66009687,-0.506984172,-91.8952533,0.05,-0.0215977281,FollowWall,following_with_distance_only,0,14,42,0.444083393,4.42510449,1,0,1,0.264398485,-1,100,0,0,0,0,0
52.65,1.66001283,-0.509482759,-91.957458,0.05,-0.0215977281,FollowWall,following_with_distance_only,0,14,42,0.444083393,4.42510449,1,0,1,0.264398485,-1,100,0,0,0,0,0
52.7,1.65992609,-0.511981253,-92.0195245,0.05,-0.0216162354,FollowWall,following_with_distance_only,0,14,42,0.442450166,4.2615632,1,0,1,0.264410824,-1,100,0,0,0,0,0
52.75,1.65983663,-0.514479652,-92.0815324,0.05,-0.0216162354,FollowWall,following_with_distance_only,0,14,42,0.442450166,4.2615632,1,0,1,0.264410824,-1,100,0,0,0,0,0
52.8,1.65974448,-0.516977952,-92.1435062,0.05,-0.0213088095,FollowWall,following_with_distance_only,0,14,42,0.440806299,4.10956778,1,0,1,0.264205873,-1,100,0,0,0,0,0
52.85,1.65964963,-0.519476152,-92.2050931,0.05,-0.0213088095,FollowWall,following_with_distance_only,0,14,42,0.440806299,4.10956778,1,0,1,0.264205873,-1,100,0,0,0,0,0
52.9,1.6595521,-0.521974249,-92.2664542,0.05,-0.0209603906,FollowWall,following_with_distance_only,0,14,42,0.439159244,3.9687283,1,0,1,0.263973594,-1,100,0,0,0,0,0
52.95,1.65945191,-0.524472241,-92.3272679,0.05,-0.0209603906,FollowWall,following_with_distance_only,0,14,42,0.439159244,3.9687283,1,0,1,0.263973594,-1,100,0,0,0,0,0
53,1.65934907,-0.526970125,-92.3877622,0.05,-0.0206615478,FollowWall,following_with_distance_only,0,14,42,0.437514961,3.83847177,1,0,1,0.263774365,-1,100,0,0,0,0,0
53.05,1.65924361,-0.529467899,-92.4477134,0.05,-0.0206615478,FollowWall,following_with_distance_only,0,14,42,0.437514961,3.83847177,1,0,1,0.263774365,-1,100,0,0,0,0,0
53.1,1.65913554,-0.531965562,-92.5073478,0.05,-0.0208029896,FollowWall,following_with_distance_only,0,14,42,0.435874611,3.71773829,1,0,1,0.26386866,-1,100,0,0,0,0,0
53.15,1.65902487,-0.534463112,-92.5669663,0.05,-0.0208029896,FollowWall,following_with_distance_only,0,14,42,0.435874611,3.71773829,1,0,1,0.26386866,-1,100,0,0,0,0,0
53.2,1.65891161,-0.536960544,-92.6265755,0.05,-0.0207098275,FollowWall,following_with_distance_only,0,14,42,0.434225947,3.60430982,1,0,1,0.263806552,-1,100,0,0,0,0,0
53.25,1.65879574,-0.539457858,-92.6860681,0.05,-0.0207098275,FollowWall,following_with_distance_only,0,14,42,0.434225947,3.60430982,1,0,1,0.263806552,-1,100,0,0,0,0,0
53.3,1.65867729,-0.54195505,-92.7454926,0.05,-0.0206059366,FollowWall,following_with_distance_only,0,14,42,0.432569057,3.49749254,1,0,1,0.263737291,-1,100,0,0,0,0,0
53.35,1.65855625,-0.544452118,-92.8047535,0.05,-0.0206059366,FollowWall,following_with_distance_only,0,14,42,0.432569057,3.49749254,1,0,1,0.263737291,-1,100,0,0,0,0,0
53.4,1.65843263,-0.54694906,-92.8639188,0.05,-0.0204906464,FollowWall,following_with_distance_only,0,14,42,0.430906028,2.90641685,1,0,1,0.263660431,-1,100,0,0,0,0,0
53.45,1.65830643,-0.549445873,-92.9228909,0.05,-0.0204906464,FollowWall,following_with_distance_only,0,14,42,0.430906028,2.90641685,1,0,1,0.263660431,-1,100,0,0,0,0,0
53.5,1.65817767,-0.551942555,-92.9817501,0.05,-0.0203633755,FollowWall,following_with_distance_only,0,14,42,0.42923829,2.83631596,1,0,1,0.263575584,-1,100,0,0,0,0,0
53.55,1.65804635,-0.554439103,-93.0403917,0.05,-0.0203633755,FollowWall,following_with_distance_only,0,14,42,0.42923829,2.83631596,1,0,1,0.263575584,-1,100,0,0,0,0,0
53.6,1.65791247,-0.556935516,-93.0989062,0.05,-0.0200771391,FollowWall,following_with_distance_only,0,14,42,0.427567035,2.76961969,1,0,1,0.263384759,-1,100,0,0,0,0,0
53.65,1.65777606,-0.559431792,-93.157005,0.05,-0.0200771391,FollowWall,following_with_distance_only,0,14,42,0.427567035,2.76961969,1,0,1,0.263384759,-1,100,0,0,0,0,0
53.7,1.65763712,-0.561927928,-93.2148613,0.05,-0.0198001564,FollowWall,following_with_distance_only,0,14,42,0.42589733,2.7063478,1,0,1,0.263200104,-1,100,0,0,0,0,0
53.75,1.65749567,-0.564423923,-93.2722455,0.05,-0.0198001564,FollowWall,following_with_distance_only,0,14,42,0.42589733,2.7063478,1,0,1,0.263200104,-1,100,0,0,0,0,0
53.8,1.65735172,-0.566919775,-93.3293543,0.05,-0.0193567872,FollowWall,following_with_distance_only,0,14,42,0.424232006,2.64636901,1,0,1,0.262904525,-1,100,0,0,0,0,0
53.85,1.6572053,-0.569415484,-93.3857733,0.05,-0.0193567872,FollowWall,following_with_distance_only,0,14,42,0.424232006,2.64636901,1,0,1,0.262904525,-1,100,0,0,0,0,0
53.9,1.65705644,-0.571911048,-93.4417898,0.05,-0.0192115903,FollowWall,following_with_distance_only,0,14,42,0.422576636,2.58971312,1,0,1,0.262807727,-1,100,0,0,0,0,0
53.95,1.65690514,-0.574406466,-93.4973982,0.05,-0.0192115903,FollowWall,following_with_distance_only,0,14,42,0.422576636,2.58971312,1,0,1,0.262807727,-1,100,0,0,0,0,0
54,1.65675143,-0.576901736,-93.5527686,0.05,-0.0191824883,FollowWall,following_with_distance_only,0,14,42,0.420926511,2.53585215,1,0,1,0.262788326,-1,100,0,0,0,0,0
54.05,1.65659531,-0.579396856,-93.6079655,0.05,-0.0191824883,FollowWall,following_with_distance_only,0,14,42,0.420926511,2.53585215,1,0,1,0.262788326,-1,100,0,0,0,0,0
54.1,1.65643678,-0.581891825,-93.663061,0.05,-0.0191304535,FollowWall,following_with_distance_only,0,14,42,0.419275522,2.20394246,1,0,1,0.262753636,-1,100,0,0,0,0,0
54.15,1.65627586,-0.584386641,-93.7180354,0.05,-0.0191304535,FollowWall,following_with_distance_only,0,14,42,0.419275522,2.20394246,1,0,1,0.262753636,-1,100,0,0,0,0,0
54.2,1.65611255,-0.586881301,-93.772939,0.05,-0.0186281651,FollowWall,following_with_distance_only,0,14,42,0.417621881,2.16405838,1,0,1,0.262418777,-1,100,0,0,0,0,0
54.25,1.65594686,-0.589375804,-93.8272019,0.05,-0.0186281651,FollowWall,following_with_distance_only,0,14,42,0.417621881,2.16405838,1,0,1,0.262418777,-1,100,0,0,0,0,0
54.3,1.65577882,-0.59187015,-93.881091,0.05,-0.0177751333,FollowWall,following_with_distance_only,0,14,42,0.41597712,2.12593425,1,0,1,0.261850089,-1,100,0,0,0,0,0
54.35,1.65560846,-0.594364339,-93.9337438,0.05,-0.0177751333,FollowWall,following_with_distance_only,0,14,42,0.41597712,2.12593425,1,0,1,0.261850089,-1,100,0,0,0,0,0
54.4,1.65543582,-0.596858371,-93.9856754,0.05,-0.0174686015,FollowWall,following_with_distance_only,0,14,42,0.414357126,2.09002869,1,0,1,0.261645734,-1,100,0,0,0,0,0
54.45,1.65526094,-0.599352247,-94.0368205,0.05,-0.0174686015,FollowWall,following_with_distance_only,0,14,42,0.414357126,2.09002869,1,0,1,0.261645734,-1,100,0,0,0,0,0
54.5,1.65508385,-0.601845966,-94.0875067,0.05,-0.0171320736,FollowWall,following_with_distance_only,0,14,42,0.412755519,2.05594476,1,0,1,0.261421382,-1,100,0,0,0,0,0
54.55,1.65490456,-0.604339529,-94.1375236,0.05,-0.0171320736,FollowWall,following_with_distance_only,0,14,42,0.412755519,2.05594476,1,0,1,0.261421382,-1,100,0,0,0,0,0
54.6,1.6547231,-0.606832935,-94.18715,0.05,-0.0166104287,FollowWall,following_with_distance_only,0,14,42,0.411168098,2.02340172,1,0,1,0.261073619,-1,100,0,0,0,0,0
54.65,1.6545395,-0.609326185,-94.235926,0.05,-0.0166104287,FollowWall,following_with_distance_only,0,14,42,0.411168098,2.02340172,1,0,1,0.261073619,-1,100,0,0,0,0,0
54.7,1.65435379,-0.611819277,-94.2842059,0.05,-0.0159546733,FollowWall,following_with_distance_only,0,14,42,0.409598589,1.99241931,1,0,1,0.260636449,-1,100,0,0,0,0,0
54.75,1.65416601,-0.614312215,-94.3314137,0.05,-0.0159546733,FollowWall,following_with_distance_only,0,14,42,0.409598589,1.99241931,1,0,1,0.260636449,-1,100,0,0,0,0,0
54.8,1.65397618,-0.616804997,-94.377996,0.05,-0.0152828693,FollowWall,following_with_distance_only,0,14,42,0.408052921,1.9630909,1,0,1,0.26018858,-1,100,0,0,0,0,0
54.85,1.65378435,-0.619297627,-94.4234116,0.05,-0.0152828693,FollowWall,following_with_distance_only,0,14,42,0.408052921,1.9630909,1,0,1,0.26018858,-1,100,0,0,0,0,0
54.9,1.65359056,-0.621790105,-94.4681466,0.05,-0.0145953745,FollowWall,following_with_distance_only,0,14,42,0.406534582,1.75189114,1,0,1,0.25973025,-1,100,0,0,0,0,0
54.95,1.65339486,-0.624282433,-94.511664,0.05,-0.0145953745,FollowWall,following_with_distance_only,0,14,42,0.406534582,1.75189114,1,0,1,0.25973025,-1,100,0,0,0,0,0
55,1.65319727,-0.626774612,-94.5544711,0.05,-0.0143264383,FollowWall,following_with_distance_only,0,14,42,0.40504545,1.73018976,1,0,1,0.259550959,-1,100,0,0,0,0,0
55.05,1.65299784,-0.629266645,-94.5965428,0.05,-0.0143264383,FollowWall,following_with_distance_only,0,14,42,0.40504545,1.73018976,1,0,1,0.259550959,-1,100,0,0,0,0,0
55.1,1.65279658,-0.631758531,-94.6381856,0.05,-0.0135755092,FollowWall,following_with_distance_only,0,14,42,0.403576314,1.70945614,1,0,1,0.259050339,-1,100,0,0,0,0,0
55.15,1.65259355,-0.634250273,-94.6786818,0.05,-0.0135755092,FollowWall,following_with_distance_only,0,14,42,0.403576314,1.70945614,1,0,1,0.259050339,-1,100,0,0,0,0,0
55.2,1.65238876,-0.636741871,-94.7185091,0.05,-0.0128028542,FollowWall,following_with_distance_only,0,14,42,0.402133822,1.68980521,1,0,1,0.258535236,-1,100,0,0,0,0,0
55.25,1.65218227,-0.639233329,-94.757024,0.05,-0.0128028542,FollowWall,following_with_distance_only,0,14,42,0.402133822,1.68980521,1,0,1,0.258535236,-1,100,0,0,0,0,0
55.3,1.65197413,-0.641724649,-94.7947733,0.05,-0.0121527314,FollowWall,following_with_distance_only,0,14,42,0.400723577,1.67132013,1,0,1,0.258101821,-1,100,0,0,0,0,0
55.35,1.65176436,-0.644215834,-94.8313,0.05,-0.0121527314,FollowWall,following_with_distance_only,0,14,42,0.400723577,1.67132013,1,0,1,0.258101821,-1,100,0,0,0,0,0
55.4,1.65155303,-0.646706885,-94.8671135,0.05,-0.0117396265,FollowWall,following_with_distance_only,0,14,42,0.39934504,1.65391822,1,0,1,0.257826418,-1,100,0,0,0,0,0
55.45,1.65134016,-0.649197806,-94.9020178,0.05,-0.0117396265,FollowWall,following_with_distance_only,0,14,42,0.39934504,1.65391822,1,0,1,0.257826418,-1,100,0,0,0,0,0
55.5,1.65112578,-0.651688597,-94.9363919,0.05,-0.0110780597,FollowWall,following_with_distance_only,0,14,42,0.397991955,1.63738103,1,0,1,0.257385373,-1,100,0,0,0,0,0
55.55,1.65090993,-0.654179262,-94.9696668,0.05,-0.0110780597,FollowWall,following_with_distance_only,0,14,42,0.397991955,1.63738103,1,0,1,0.257385373,-1,100,0,0,0,0,0
55.6,1.65069265,-0.656669802,-95.0023007,0.05,-0.01017344,FollowWall,following_with_distance_only,0,14,42,0.396667123,1.62173105,1,0,1,0.256782293,-1,100,0,0,0,0,0
55.65,1.65047399,-0.65916022,-95.0334807,0.05,-0.01017344,FollowWall,following_with_distance_only,0,14,42,0.396667123,1.62173105,1,0,1,0.256782293,-1,100,0,0,0,0,0
55.7,1.65025398,-0.661650521,-95.0638128,0.05,-0.00985765457,FollowWall,following_with_distance_only,0,14,42,0.395378798,1.60712641,1,0,1,0.25657177,-1,100,0,0,0,0,0
55.75,1.65003268,-0.664140707,-95.0932732,0.05,-0.00985765457,FollowWall,following_with_distance_only,0,14,42,0.395378798,1.60712641,1,0,1,0.25657177,-1,100,0,0,0,0,0
55.8,1.64981011,-0.66663078,-95.1222251,0.05,-0.00901052356,FollowWall,following_with_distance_only,0,14,42,0.394117594,1.59328297,1,0,1,0.256007016,-1,100,0,0,0,0,0
55.85,1.6495863,-0.669120742,-95.1498692,0.05,-0.00901052356,FollowWall,following_with_distance_only,0,14,42,0.394117594,1.59328297,1,0,1,0.256007016,-1,100,0,0,0,0,0
55.9,1.64936132,-0.671610598,-95.1767505,0.05,-0.0081422478,FollowWall,following_with_distance_only,0,14,42,0.392889857,1.58031723,1,0,1,0.255428165,-1,100,0,0,0,0,0
55.95,1.64913519,-0.67410035,-95.2021504,0.05,-0.0081422478,FollowWall,following_with_distance_only,0,14,42,0.392889857,1.58031723,1,0,1,0.255428165,-1,100,0,0,0,0,0
56,1.64890799,-0.676590004,-95.226686,0.05,-0.00745671988,FollowWall,following_with_distance_only,0,14,42,0.391701311,1.56832544,1,0,1,0.254971147,-1,100,0,0,0,0,0
56.05,1.64867974,-0.679079563,-95.2498993,0.05,-0.00745671988,FollowWall,following_with_distance_only,0,14,42,0.391701311,1.56832544,1,0,1,0.254971147,-1,100,0,0,0,0,0
56.1,1.6484505,-0.681569031,-95.2723412,0.05,-0.00700221956,FollowWall,following_with_distance_only,0,14,42,0.390550077,1.44091616,1,0,1,0.254668146,-1,100,0,0,0,0,0
56.15,1.64822031,-0.684058411,-95.2937905,0.05,-0.00700221956,FollowWall,following_with_distance_only,0,14,42,0.390550077,1.44091616,1,0,1,0.254668146,-1,100,0,0,0,0,0
56.2,1.6479892,-0.686547706,-95.314661,0.05,-0.00652822852,FollowWall,following_with_distance_only,0,14,42,0.38942951,1.43187646,1,0,1,0.254352152,-1,100,0,0,0,0,0
56.25,1.64775721,-0.689036918,-95.3346279,0.05,-0.00652822852,FollowWall,following_with_distance_only,0,14,42,0.38942951,1.43187646,1,0,1,0.254352152,-1,100,0,0,0,0,0
56.3,1.64752435,-0.69152605,-95.3540677,0.05,-0.00603474677,FollowWall,following_with_distance_only,0,14,42,0.388336807,1.42332521,1,0,1,0.254023165,-1,100,0,0,0,0,0
56.35,1.64729067,-0.694015105,-95.3726111,0.05,-0.00603474677,FollowWall,following_with_distance_only,0,14,42,0.388336807,1.42332521,1,0,1,0.254023165,-1,100,0,0,0,0,0
56.4,1.6470562,-0.696504085,-95.3906315,0.05,-0.00521618128,FollowWall,following_with_distance_only,0,14,42,0.387271851,1.41523912,1,0,1,0.253477454,-1,100,0,0,0,0,0
56.45,1.64682098,-0.698992994,-95.4073698,0.05,-0.00521618128,FollowWall,following_with_distance_only,0,14,42,0.387271851,1.41523912,1,0,1,0.253477454,-1,100,0,0,0,0,0
56.5,1.64658504,-0.701481836,-95.4233601,0.05,-0.00433351099,FollowWall,following_with_distance_only,0,14,42,0.386242211,1.40775264,1,0,1,0.252889007,-1,100,1,0,0,0,1
