time,x,y,yaw_deg,v,w,state,reason,fault,narrow_usable,wide_usable,front_sector,front_clearance,pivot_valid,heading_valid,right_valid,right_distance,cap_gap,min_cap_gap,entered,approached,returned,contact,completed
0,0,0,0,0.0743247157,-0.0851292645,FollowWall,following_right_wall,0,14,42,0.534847498,1.95800295,1,1,1,0.303924054,-1,100,0,0,0,0,0
0.05,0.00154843097,-1.37309192e-06,-0.101615574,0.0743247157,-0.0851292645,FollowWall,following_right_wall,0,14,42,0.534847498,1.95800295,1,1,1,0.303924054,-1,100,0,0,0,0,0
0.1,0.00400010192,-9.16346938e-06,-0.2625069,0.0746994003,-0.0795089958,FollowWall,following_right_wall,0,14,42,0.531425178,1.95423072,1,1,1,0.30391857,-1,100,0,0,0,0,0
0.15,0.0069864301,-2.77651085e-05,-0.451267047,0.0746994003,-0.0795089958,FollowWall,following_right_wall,0,14,42,0.531425178,1.95423072,1,1,1,0.30391857,-1,100,0,0,0,0,0
0.2,0.0102845721,-5.96433239e-05,-0.656284005,0.0752518809,-0.0712217862,FollowWall,following_right_wall,0,14,42,0.526330829,1.94769358,1,1,1,0.304029286,-1,100,0,0,0,0,0
0.25,0.0137760196,-0.000105872295,-0.860891975,0.0752518809,-0.0712217862,FollowWall,following_right_wall,0,14,42,0.526330829,1.94769358,1,1,1,0.304029286,-1,100,0,0,0,0,0
0.3,0.0173801142,-0.000166458718,-1.06526137,0.0758416822,-0.0623747677,FollowWall,following_right_wall,0,14,42,0.521045208,1.94046552,1,1,1,0.304012299,-1,100,0,0,0,0,0
0.35,0.0210620773,-0.000241148033,-1.25893124,0.0758416822,-0.0623747677,FollowWall,following_right_wall,0,14,42,0.521045208,1.94046552,1,1,1,0.304012299,-1,100,0,0,0,0,0
0.4,0.0247893271,-0.000329157735,-1.44635973,0.0764092101,-0.0538618487,FollowWall,following_right_wall,0,14,42,0.516086936,1.93306448,1,1,1,0.303839296,-1,100,0,0,0,0,0
0.45,0.0285546723,-0.000429938335,-1.61998586,0.0764092101,-0.0538618487,FollowWall,following_right_wall,0,14,42,0.516086936,1.93306448,1,1,1,0.303839296,-1,100,0,0,0,0,0
0.5,0.0323420956,-0.000542529916,-1.78556062,0.0768632442,-0.0470513376,FollowWall,following_right_wall,0,14,42,0.511602938,1.92563903,1,1,1,0.303895742,-1,100,0,0,0,0,0
0.55,0.036151707,-0.000666374058,-1.93830929,0.0768632442,-0.0470513376,FollowWall,following_right_wall,0,14,42,0.511602938,1.92563903,1,1,1,0.303895742,-1,100,0,0,0,0,0
0.6,0.0399741163,-0.000800586455,-2.08357608,0.0772802585,-0.0407961223,FollowWall,following_right_wall,0,14,42,0.507567406,1.91822405,1,1,1,0.303761274,-1,100,0,0,0,0,0
0.65,0.0438125298,-0.000944708668,-2.21701182,0.0772802585,-0.0407961223,FollowWall,following_right_wall,0,14,42,0.507567406,1.91822405,1,1,1,0.303761274,-1,100,0,0,0,0,0
0.7,0.0476601383,-0.00109791814,-2.34354612,0.0776570333,-0.0351445007,FollowWall,following_right_wall,0,14,42,0.503931284,1.91082016,1,1,1,0.303531587,-1,100,0,0,0,0,0
0.75,0.0515208167,-0.00125982484,-2.45930846,0.0776570333,-0.0351445007,FollowWall,following_right_wall,0,14,42,0.503931284,1.91082016,1,1,1,0.303531587,-1,100,0,0,0,0,0
0.8,0.0553889867,-0.00142966301,-2.56878714,0.077969149,-0.030462765,FollowWall,following_right_wall,0,14,42,0.500648439,1.90313086,1,1,1,0.303530276,-1,100,0,0,0,0,0
0.85,0.0592678949,-0.00160708535,-2.66901196,0.077969149,-0.030462765,FollowWall,following_right_wall,0,14,42,0.500648439,1.90313086,1,1,1,0.303530276,-1,100,0,0,0,0,0
0.9,0.0631529439,-0.00179141586,-2.76383868,0.0782288755,-0.0265668669,FollowWall,following_right_wall,0,14,42,0.497663915,1.89532354,1,1,1,0.303697944,-1,100,0,0,0,0,0
0.95,0.0670468613,-0.00198236107,-2.85086613,0.0782288755,-0.0265668669,FollowWall,following_right_wall,0,14,42,0.497663915,1.89532354,1,1,1,0.303697944,-1,100,0,0,0,0,0
1,0.0709458383,-0.0021793361,-2.933344,0.0784906298,-0.0226405533,FollowWall,following_right_wall,0,14,42,0.494925529,1.8875093,1,1,1,0.30349049,-1,100,0,0,0,0,0
1.05,0.074853105,-0.00238211827,-3.00848126,0.0784906298,-0.0226405533,FollowWall,following_right_wall,0,14,42,0.494925529,1.8875093,1,1,1,0.30349049,-1,100,0,0,0,0,0
1.1,0.0787651058,-0.00259014388,-3.0793365,0.0787517299,-0.018724051,FollowWall,following_right_wall,0,14,42,0.492410719,1.8796859,1,1,1,0.302960783,-1,100,0,0,0,0,0
1.15,0.082685205,-0.00280321588,-3.14301892,0.0787517299,-0.018724051,FollowWall,following_right_wall,0,14,42,0.492410719,1.8796859,1,1,1,0.302960783,-1,100,0,0,0,0,0
1.2,0.0866099409,-0.00302077152,-3.20251718,0.0789889174,-0.0151662391,FollowWall,following_right_wall,0,14,42,0.490112007,1.87184973,1,1,1,0.30238241,-1,100,0,0,0,0,0
1.25,0.0905422346,-0.00324261213,-3.25532786,0.0789889174,-0.0151662391,FollowWall,following_right_wall,0,14,42,0.490112007,1.87184973,1,1,1,0.30238241,-1,100,0,0,0,0,0
1.3,0.0944788639,-0.00346820308,-3.30423746,0.0791784706,-0.0123229406,FollowWall,following_right_wall,0,14,42,0.488016605,1.86399975,1,1,1,0.302053571,-1,100,0,0,0,0,0
1.35,0.0984218977,-0.00369734242,-3.34747749,0.0791784706,-0.0123229406,FollowWall,following_right_wall,0,14,42,0.488016605,1.86399975,1,1,1,0.302053571,-1,100,0,0,0,0,0
1.4,0.102368606,-0.00392956972,-3.38741026,0.0793321278,-0.0100180829,FollowWall,following_right_wall,0,14,42,0.486097127,1.85613952,1,1,1,0.301888138,-1,100,0,0,0,0,0
1.45,0.106320599,-0.00416470994,-3.42266259,0.0793321278,-0.0100180829,FollowWall,following_right_wall,0,14,42,0.486097127,1.85613952,1,1,1,0.301888138,-1,100,0,0,0,0,0
1.5,0.110275622,-0.00440237807,-3.45518465,0.0795077745,-0.00738338253,FollowWall,following_right_wall,0,14,42,0.484324604,1.84827404,1,1,1,0.301255882,-1,100,0,0,0,0,0
1.55,0.114236023,-0.00464246116,-3.48296911,0.0795077745,-0.00738338253,FollowWall,following_right_wall,0,14,42,0.484324604,1.84827404,1,1,1,0.301255882,-1,100,0,0,0,0,0
1.6,0.118199523,-0.00488456529,-3.50798998,0.0796763814,-0.00485427907,FollowWall,following_right_wall,0,14,42,0.482697576,1.84040272,1,1,1,0.300500154,-1,100,0,0,0,0,0
1.65,0.122168304,-0.00512857074,-3.52837986,0.0796763814,-0.00485427907,FollowWall,following_right_wall,0,14,42,0.482697576,1.84040272,1,1,1,0.300500154,-1,100,0,0,0,0,0
1.7,0.126140141,-0.00537408891,-3.54606832,0.0798142434,-0.00278634959,FollowWall,following_right_wall,0,14,42,0.481216848,1.83252509,1,1,1,0.299904108,-1,100,0,0,0,0,0
1.75,0.130116608,-0.00562098471,-3.55971255,0.0798142434,-0.00278634959,FollowWall,following_right_wall,0,14,42,0.481216848,1.83252509,1,1,1,0.299904108,-1,100,0,0,0,0,0
1.8,0.134095761,-0.00586891627,-3.57099764,0.0799197109,-0.00120433622,FollowWall,following_right_wall,0,14,42,0.479870379,1.82464388,1,1,1,0.299513966,-1,100,0,0,0,0,0
1.85,0.138078663,-0.00611775508,-3.57901819,0.0799197109,-0.00120433622,FollowWall,following_right_wall,0,14,42,0.479870379,1.82464388,1,1,1,0.299513966,-1,100,0,0,0,0,0
1.9,0.142063745,-0.00636722367,-3.58513441,0.0799617943,0.000573085784,FollowWall,following_right_wall,0,14,42,0.478638649,1.81676387,1,1,1,0.298825294,-1,100,0,0,0,0,0
1.95,0.146050973,-0.00661714095,-3.58801813,0.0799617943,0.000573085784,FollowWall,following_right_wall,0,14,42,0.478638649,1.81676387,1,1,1,0.298825294,-1,100,0,0,0,0,0
2,0.150039456,-0.00686727251,-3.58901623,0.0798820171,0.00176974401,FollowWall,following_right_wall,0,14,42,0.477520347,1.80888981,1,1,1,0.298462957,-1,100,0,0,0,0,0
2.05,0.154027018,-0.00711732772,-3.58748598,0.0798820171,0.00176974401,FollowWall,following_right_wall,0,14,42,0.477520347,1.80888981,1,1,1,0.298462957,-1,100,0,0,0,0,0
2.1,0.158014051,-0.0073671914,-3.58448086,0.0798217501,0.00267374881,FollowWall,following_right_wall,0,14,42,0.476501793,1.80103232,1,1,1,0.298137873,-1,100,0,0,0,0,0
2.15,0.161999535,-0.00761668039,-3.57953632,0.0798217501,0.00267374881,FollowWall,following_right_wall,0,14,42,0.476501793,1.80103232,1,1,1,0.298137873,-1,100,0,0,0,0,0
2.2,0.165984129,-0.00786572898,-3.57346045,0.0797814933,0.0032775998,FollowWall,following_right_wall,0,14,42,0.47556746,1.79319604,1,1,1,0.297576934,-1,100,0,0,0,0,0
2.25,0.169967383,-0.00811422152,-3.56600385,0.0797814933,0.0032775998,FollowWall,following_right_wall,0,14,42,0.47556746,1.79319604,1,1,1,0.297576934,-1,100,0,0,0,0,0
2.3,0.173949871,-0.00836211792,-3.55774182,0.0797413528,0.00387970748,FollowWall,following_right_wall,0,14,42,0.474702299,1.7853824,1,1,1,0.296926558,-1,100,0,0,0,0,0
2.35,0.177931096,-0.00860931796,-3.54829124,0.0797413528,0.00387970748,FollowWall,following_right_wall,0,14,42,0.474702299,1.7853824,1,1,1,0.296926558,-1,100,0,0,0,0,0
2.4,0.181911605,-0.00885579025,-3.53814734,0.0797439188,0.00384121736,FollowWall,following_right_wall,0,14,42,0.473900527,1.77759093,1,1,1,0.296711862,-1,100,0,0,0,0,0
2.45,0.185891768,-0.00910152131,-3.52764495,0.0797439188,0.00384121736,FollowWall,following_right_wall,0,14,42,0.473900527,1.77759093,1,1,1,0.296711862,-1,100,0,0,0,0,0
2.5,0.18987175,-0.00934650156,-3.51693344,0.0797487719,0.00376842081,FollowWall,following_right_wall,0,14,42,0.473141551,1.76982067,1,1,1,0.296487272,-1,100,0,0,0,0,0
2.55,0.193851746,-0.00959073458,-3.50618684,0.0797487719,0.00376842081,FollowWall,following_right_wall,0,14,42,0.473141551,1.76982067,1,1,1,0.296487272,-1,100,0,0,0,0,0
2.6,0.19783177,-0.00983421926,-3.49541977,0.0797300489,0.00404926602,FollowWall,following_right_wall,0,14,42,0.472413689,1.76207031,1,1,1,0.295966983,-1,100,0,0,0,0,0
2.65,0.20181144,-0.0100769196,-3.48430552,0.0797300489,0.00404926602,FollowWall,following_right_wall,0,14,42,0.472413689,1.76207031,1,1,1,0.295966983,-1,100,0,0,0,0,0
2.7,0.205790924,-0.0103188266,-3.47298876,0.079734022,0.00398967065,FollowWall,following_right_wall,0,14,42,0.471724153,1.7486539,1,1,1,0.295693904,-1,100,0,0,0,0,0
2.75,0.209770402,-0.0105599428,-3.46162499,0.079734022,0.00398967065,FollowWall,following_right_wall,0,14,42,0.471724153,1.7486539,1,1,1,0.295693904,-1,100,0,0,0,0,0
2.8,0.213749897,-0.0108002669,-3.45023381,0.0797082341,0.004376489,FollowWall,following_right_wall,0,14,42,0.471068025,1.74067245,1,1,1,0.295052141,-1,100,0,0,0,0,0
2.85,0.217728886,-0.0110397499,-3.43836491,0.0797082341,0.004376489,FollowWall,following_right_wall,0,14,42,0.471068025,1.74067245,1,1,1,0.295052141,-1,100,0,0,0,0,0
2.9,0.221707602,-0.0112783795,-3.42621733,0.0797052241,0.00442163917,FollowWall,following_right_wall,0,14,42,0.470455468,1.7327198,1,1,1,0.294652969,-1,100,0,0,0,0,0
2.95,0.225686117,-0.011516143,-3.4138533,0.0797052241,0.00442163917,FollowWall,following_right_wall,0,14,42,0.470455468,1.7327198,1,1,1,0.294652969,-1,100,0,0,0,0,0
3,0.229664537,-0.0117530349,-3.40136301,0.0796973106,0.00454034152,FollowWall,following_right_wall,0,14,42,0.469882995,1.72479535,1,1,1,0.294173747,-1,100,0,0,0,0,0
3.05,0.23364276,-0.0119890371,-3.38865737,0.0796973106,0.00454034152,FollowWall,following_right_wall,0,14,42,0.469882995,1.72479535,1,1,1,0.294173747,-1,100,0,0,0,0,0
3.1,0.237620888,-0.0122241442,-3.37582611,0.0796739736,0.00489039617,FollowWall,following_right_wall,0,14,42,0.469349563,1.71689897,1,1,1,0.293492854,-1,100,0,0,0,0,0
3.15,0.2415985,-0.0124583098,-3.36250373,0.0796739736,0.00489039617,FollowWall,following_right_wall,0,14,42,0.469349563,1.71689897,1,1,1,0.293492854,-1,100,0,0,0,0,0
3.2,0.245575834,-0.012691521,-3.34889486,0.0796775015,0.00483747738,FollowWall,following_right_wall,0,14,42,0.468862563,1.70903127,1,1,1,0.29310149,-1,100,0,0,0,0,0
3.25,0.249553103,-0.0129237769,-3.33518204,0.0796775015,0.00483747738,FollowWall,following_right_wall,0,14,42,0.468862563,1.70903127,1,1,1,0.29310149,-1,100,0,0,0,0,0
3.3,0.253530357,-0.0131550746,-3.32140859,0.0796804043,0.00479393526,FollowWall,following_right_wall,0,14,42,0.468413889,1.70119093,1,1,1,0.292687416,-1,100,0,0,0,0,0
3.35,0.257507686,-0.013385418,-3.30765173,0.0796804043,0.00479393526,FollowWall,following_right_wall,0,14,42,0.468413889,1.70119093,1,1,1,0.292687416,-1,100,0,0,0,0,0
3.4,0.261485081,-0.0136148073,-3.29390456,0.0796526589,0.00521011593,FollowWall,following_right_wall,0,14,42,0.467998058,1.69337653,1,1,1,0.291904926,-1,100,0,0,0,0,0
3.45,0.265461961,-0.0138431926,-3.27966626,0.0796526589,0.00521011593,FollowWall,following_right_wall,0,14,42,0.467998058,1.69337653,1,1,1,0.291904926,-1,100,0,0,0,0,0
3.5,0.269438566,-0.0140705605,-3.26514146,0.0796279133,0.00558130001,FollowWall,following_right_wall,0,14,42,0.467627019,1.68558902,1,1,1,0.291132748,-1,100,0,0,0,0,0
3.55,0.273414521,-0.0142968589,-3.25000648,0.0796279133,0.00558130001,FollowWall,following_right_wall,0,14,42,0.467627019,1.68558902,1,1,1,0.291132748,-1,100,0,0,0,0,0
3.6,0.277390123,-0.0145220712,-3.23451556,0.0796299578,0.0055506335,FollowWall,following_right_wall,0,14,42,0.467306554,1.67782816,1,1,1,0.29064244,-1,100,0,0,0,0,0
3.65,0.281365587,-0.0147461915,-3.2188536,0.0796299578,0.0055506335,FollowWall,following_right_wall,0,14,42,0.467306554,1.67782816,1,1,1,0.29064244,-1,100,0,0,0,0,0
3.7,0.285340996,-0.0149692151,-3.20309188,0.0796207,0.00568949953,FollowWall,following_right_wall,0,14,42,0.467025667,1.67009169,1,1,1,0.290002137,-1,100,0,0,0,0,0
3.75,0.289316207,-0.0151911228,-3.18710621,0.0796207,0.00568949953,FollowWall,following_right_wall,0,14,42,0.467025667,1.67009169,1,1,1,0.290002137,-1,100,0,0,0,0,0
3.8,0.293291328,-0.0154119084,-3.17098989,0.079626436,0.0056034594,FollowWall,following_right_wall,0,14,42,0.466782451,1.66237807,1,1,1,0.289525092,-1,100,0,0,0,0,0
3.85,0.297266542,-0.0156315785,-3.15490006,0.079626436,0.0056034594,FollowWall,following_right_wall,0,14,42,0.466782451,1.66237807,1,1,1,0.289525092,-1,100,0,0,0,0,0
3.9,0.301241835,-0.0158501338,-3.1388257,0.0796467708,0.00529843863,FollowWall,following_right_wall,0,14,42,0.466569781,1.65468502,1,1,1,0.289216846,-1,100,0,0,0,0,0
3.95,0.305217622,-0.0160676105,-3.12312444,0.0796467708,0.00529843863,FollowWall,following_right_wall,0,14,42,0.466569781,1.65468502,1,1,1,0.289216846,-1,100,0,0,0,0,0
4,0.309193721,-0.016284019,-3.10764083,0.0796448264,0.00532760409,FollowWall,following_right_wall,0,14,42,0.466376066,1.64700959,1,1,1,0.288661629,-1,100,0,0,0,0,0
4.05,0.313169986,-0.016499362,-3.09224936,0.0796448264,0.00532760409,FollowWall,following_right_wall,0,14,42,0.466376066,1.64700959,1,1,1,0.288661629,-1,100,0,0,0,0,0
4.1,0.31714637,-0.016713642,-3.07691164,0.0796577261,0.00513410898,FollowWall,following_right_wall,0,14,42,0.466204822,1.63935069,1,1,1,0.288287729,-1,100,0,0,0,0,0
4.15,0.321123116,-0.016926883,-3.06183625,0.0796577261,0.00513410898,FollowWall,following_right_wall,0,14,42,0.466204822,1.63935069,1,1,1,0.288287729,-1,100,0,0,0,0,0
4.2,0.325100095,-0.0171390925,-3.04691388,0.0796740613,0.00488908087,FollowWall,following_right_wall,0,14,42,0.466051698,1.6315638,1,1,1,0.287965745,-1,100,0,0,0,0,0
4.25,0.329077573,-0.0173503029,-3.03237326,0.0796740613,0.00488908087,FollowWall,following_right_wall,0,14,42,0.466051698,1.6315638,1,1,1,0.287965745,-1,100,0,0,0,0,0
4.3,0.333055362,-0.0175605254,-3.01805532,0.079679207,0.00481189449,FollowWall,following_right_wall,0,14,42,0.465910733,1.62342578,1,1,1,0.287531912,-1,100,0,0,0,0,0
4.35,0.337033461,-0.0177697751,-3.00395941,0.079679207,0.00481189449,FollowWall,following_right_wall,0,14,42,0.465910733,1.62342578,1,1,1,0.287531912,-1,100,0,0,0,0,0
4.4,0.341011762,-0.0179780585,-2.98999302,0.0796774192,0.00483871245,FollowWall,following_right_wall,0,14,42,0.465783268,1.61531014,1,1,1,0.287031204,-1,100,0,0,0,0,0
4.45,0.344990164,-0.0181853762,-2.97607017,0.0796774192,0.00483871245,FollowWall,following_right_wall,0,14,42,0.465783268,1.61531014,1,1,1,0.287031204,-1,100,0,0,0,0,0
4.5,0.348968645,-0.0183917297,-2.96217272,0.0797060807,0.00440879011,FollowWall,following_right_wall,0,14,42,0.465672642,1.60721879,1,1,1,0.286890656,-1,100,0,0,0,0,0
4.55,0.35294779,-0.0185971681,-2.94880327,0.0797060807,0.00440879011,FollowWall,following_right_wall,0,14,42,0.465672642,1.60721879,1,1,1,0.286890656,-1,100,0,0,0,0,0
4.6,0.356927339,-0.0188017071,-2.93574182,0.0797321876,0.00401718623,FollowWall,following_right_wall,0,14,42,0.465565413,1.59915136,1,1,1,0.286744207,-1,100,0,0,0,0,0
4.65,0.360907686,-0.0190053999,-2.92332748,0.0797321876,0.00401718623,FollowWall,following_right_wall,0,14,42,0.465565413,1.59915136,1,1,1,0.286744207,-1,100,0,0,0,0,0
4.7,0.364888514,-0.0192082657,-2.91129061,0.0797273339,0.00408999129,FollowWall,following_right_wall,0,14,42,0.465453207,1.59110811,1,1,1,0.286266983,-1,100,0,0,0,0,0
4.75,0.36886954,-0.0194103076,-2.89938704,0.0797273339,0.00408999129,FollowWall,following_right_wall,0,14,42,0.465453207,1.59110811,1,1,1,0.286266983,-1,100,0,0,0,0,0
4.8,0.372850698,-0.0196115298,-2.88756122,0.079752264,0.00371604069,FollowWall,following_right_wall,0,14,42,0.46534586,1.58309105,1,1,1,0.286087483,-1,100,0,0,0,0,0
4.85,0.376832468,-0.0198119761,-2.87622713,0.079752264,0.00371604069,FollowWall,following_right_wall,0,14,42,0.46534586,1.58309105,1,1,1,0.286087483,-1,100,0,0,0,0,0
4.9,0.380814611,-0.0200116614,-2.86517988,0.0797360157,0.00395976409,FollowWall,following_right_wall,0,14,42,0.465234786,1.57509983,1,1,1,0.285500586,-1,100,0,0,0,0,0
4.95,0.384796648,-0.0202105674,-2.85400904,0.0797360157,0.00395976409,FollowWall,following_right_wall,0,14,42,0.465234786,1.57509983,1,1,1,0.285500586,-1,100,0,0,0,0,0
5,0.388778641,-0.0204086904,-2.84276609,0.0797318773,0.00402184121,FollowWall,following_right_wall,0,14,42,0.465131074,1.56713659,1,1,1,0.285101563,-1,100,0,0,0,0,0
5.05,0.392760537,-0.0206060213,-2.83140698,0.0797318773,0.00402184121,FollowWall,following_right_wall,0,14,42,0.465131074,1.56713659,1,1,1,0.285101563,-1,100,0,0,0,0,0
5.1,0.396742394,-0.0208025565,-2.81998012,0.0797229744,0.00415538406,FollowWall,following_right_wall,0,14,42,0.465035796,1.5592018,1,1,1,0.284689397,-1,100,0,0,0,0,0
5.15,0.400724059,-0.0209982793,-2.80835432,0.0797229744,0.00415538406,FollowWall,following_right_wall,0,14,42,0.465035796,1.5592018,1,1,1,0.284689397,-1,100,0,0,0,0,0
5.2,0.40470563,-0.0211931836,-2.79661248,0.0797112684,0.00433097384,FollowWall,following_right_wall,0,14,42,0.464948773,1.55129547,1,1,1,0.284179449,-1,100,0,0,0,0,0
5.25,0.408686918,-0.0213872466,-2.78459336,0.0797112684,0.00433097384,FollowWall,following_right_wall,0,14,42,0.464948773,1.55129547,1,1,1,0.284179449,-1,100,0,0,0,0,0
5.3,0.412668059,-0.0215804596,-2.77241248,0.0797198033,0.00420294997,FollowWall,following_right_wall,0,14,42,0.464870393,1.54341783,1,1,1,0.283887416,-1,100,0,0,0,0,0
5.35,0.416649309,-0.0217728316,-2.76029007,0.0797198033,0.00420294997,FollowWall,following_right_wall,0,14,42,0.464870393,1.54341783,1,1,1,0.283887416,-1,100,0,0,0,0,0
5.4,0.420630639,-0.0219643643,-2.74820176,0.0796961618,0.00455757345,FollowWall,following_right_wall,0,14,42,0.464790344,1.53556734,1,1,1,0.283229083,-1,100,0,0,0,0,0
5.45,0.424611541,-0.0221550205,-2.73571004,0.0796961618,0.00455757345,FollowWall,following_right_wall,0,14,42,0.464790344,1.53556734,1,1,1,0.283229083,-1,100,0,0,0,0,0
5.5,0.428592212,-0.0223447877,-2.72298301,0.0796692435,0.00496134768,FollowWall,following_right_wall,0,14,42,0.464716315,1.52774446,1,1,1,0.282522172,-1,100,0,0,0,0,0
5.55,0.432572206,-0.0225336149,-2.70963673,0.0796692435,0.00496134768,FollowWall,following_right_wall,0,14,42,0.464716315,1.52774446,1,1,1,0.282522172,-1,100,0,0,0,0,0
5.6,0.436551825,-0.0227214827,-2.69592923,0.0796616328,0.00507550809,FollowWall,following_right_wall,0,14,42,0.464654565,1.51994969,1,1,1,0.282013029,-1,100,0,0,0,0,0
5.65,0.440531086,-0.0229083674,-2.68187474,0.0796616328,0.00507550809,FollowWall,following_right_wall,0,14,42,0.464654565,1.51994969,1,1,1,0.282013029,-1,100,0,0,0,0,0
5.7,0.444510157,-0.023094258,-2.66761785,0.079660675,0.00508987569,FollowWall,following_right_wall,0,14,42,0.464597762,1.51218099,1,1,1,0.281565249,-1,100,0,0,0,0,0
5.75,0.448489118,-0.0232791464,-2.65322574,0.079660675,0.00508987569,FollowWall,following_right_wall,0,14,42,0.464597762,1.51218099,1,1,1,0.281565249,-1,100,0,0,0,0,0
5.8,0.452468034,-0.0234630284,-2.63875475,0.0796464326,0.00530351049,FollowWall,following_right_wall,0,14,42,0.464537114,1.50443646,1,1,1,0.281148851,-1,100,0,0,0,0,0
5.85,0.456446646,-0.0236458789,-2.62398274,0.0796464326,0.00530351049,FollowWall,following_right_wall,0,14,42,0.464537114,1.50443646,1,1,1,0.281148851,-1,100,0,0,0,0,0
5.9,0.460425102,-0.0238276883,-2.60903514,0.0796191059,0.00571341221,FollowWall,following_right_wall,0,14,42,0.464473903,1.49671527,1,1,1,0.280778021,-1,100,0,0,0,0,0
5.95,0.464402918,-0.0240084079,-2.59349582,0.0796191059,0.00571341221,FollowWall,following_right_wall,0,14,42,0.464473903,1.49671527,1,1,1,0.280778021,-1,100,0,0,0,0,0
6,0.468380382,-0.0241880185,-2.57761133,0.0795977198,0.00603420329,FollowWall,following_right_wall,0,14,42,0.464414984,1.48901682,1,1,1,0.280409425,-1,100,0,0,0,0,0
6.05,0.472357218,-0.0243664758,-2.56114258,0.0795977198,0.00603420329,FollowWall,following_right_wall,0,14,42,0.464414984,1.48901682,1,1,1,0.280409425,-1,100,0,0,0,0,0
6.1,0.476333709,-0.0245437604,-2.54433301,0.0795860411,0.0062093836,FollowWall,following_right_wall,0,14,42,0.464360654,1.48133968,1,1,1,0.280080825,-1,100,0,0,0,0,0
6.15,0.480309778,-0.0247198432,-2.52711552,0.0795860411,0.0062093836,FollowWall,following_right_wall,0,14,42,0.464360654,1.48133968,1,1,1,0.280080825,-1,100,0,0,0,0,0
6.2,0.484285624,-0.0248947108,-2.50966008,0.0795828871,0.0062566939,FollowWall,following_right_wall,0,14,42,0.464305222,1.47360623,1,1,1,0.279783607,-1,100,0,0,0,0,0
6.25,0.488261297,-0.0250683505,-2.49200936,0.0795828871,0.0062566939,FollowWall,following_right_wall,0,14,42,0.464305222,1.47360623,1,1,1,0.279783607,-1,100,0,0,0,0,0
6.3,0.49223689,-0.0252407556,-2.47424473,0.0795874114,0.00618882841,FollowWall,following_right_wall,0,14,42,0.464241207,1.46544649,1,1,1,0.279516339,-1,100,0,0,0,0,0
6.35,0.496212554,-0.0254119294,-2.45649466,0.0795874114,0.00618882841,FollowWall,following_right_wall,0,14,42,0.464241207,1.46544649,1,1,1,0.279516339,-1,100,0,0,0,0,0
6.4,0.50018828,-0.0255818722,-2.43875308,0.0795832993,0.00625051067,FollowWall,following_right_wall,0,14,42,0.464160949,1.45730997,1,1,1,0.279102206,-1,100,0,0,0,0,0
6.45,0.504163979,-0.0257505782,-2.42094283,0.0795832993,0.00625051067,FollowWall,following_right_wall,0,14,42,0.464160949,1.45730997,1,1,1,0.279102206,-1,100,0,0,0,0,0
6.5,0.508139684,-0.0259180449,-2.40309252,0.0796007034,0.00598944862,FollowWall,following_right_wall,0,14,42,0.4640643,1.449198,1,1,1,0.278881401,-1,100,0,0,0,0,0
6.55,0.512115775,-0.0260842971,-2.38553046,0.0796007034,0.00598944862,FollowWall,following_right_wall,0,14,42,0.4640643,1.449198,1,1,1,0.278881401,-1,100,0,0,0,0,0
6.6,0.516092112,-0.0262493445,-2.36813655,0.0796352106,0.00547184118,FollowWall,following_right_wall,0,14,42,0.463941783,1.44111104,1,1,1,0.278815895,-1,100,0,0,0,0,0
6.65,0.520069331,-0.0264132438,-2.35145857,0.0796352106,0.00547184118,FollowWall,following_right_wall,0,14,42,0.463941783,1.44111104,1,1,1,0.278815895,-1,100,0,0,0,0,0
6.7,0.524047082,-0.0265760198,-2.33519822,0.0796623894,0.00506415943,FollowWall,following_right_wall,0,14,42,0.4637793,1.4330485,1,1,1,0.278648883,-1,100,0,0,0,0,0
6.75,0.528025727,-0.0267377268,-2.31966812,0.0796623894,0.00506415943,FollowWall,following_right_wall,0,14,42,0.4637793,1.4330485,1,1,1,0.278648883,-1,100,0,0,0,0,0
6.8,0.532004911,-0.0268983901,-2.304564,0.0796715657,0.00492651387,FollowWall,following_right_wall,0,14,42,0.463573009,1.42501085,1,1,1,0.278264701,-1,100,0,0,0,0,0
6.85,0.535984616,-0.0270580381,-2.28987268,0.0796715657,0.00492651387,FollowWall,following_right_wall,0,14,42,0.463573009,1.42501085,1,1,1,0.278264701,-1,100,0,0,0,0,0
6.9,0.539964641,-0.0272166851,-2.27542214,0.0797072722,0.00439091662,FollowWall,following_right_wall,0,14,42,0.463330179,1.41699966,1,1,1,0.2781533,-1,100,0,0,0,0,0
6.95,0.543945612,-0.0273743913,-2.26175139,0.0797072722,0.00439091662,FollowWall,following_right_wall,0,14,42,0.463330179,1.41699966,1,1,1,0.2781533,-1,100,0,0,0,0,0
7,0.547927148,-0.0275311843,-2.24853552,0.0796996798,0.0045048027,FollowWall,following_right_wall,0,14,42,0.463042706,1.40901443,1,1,1,0.277540445,-1,100,0,0,0,0,0
7.05,0.551908871,-0.0276870692,-2.23544904,0.0796996798,0.0045048027,FollowWall,following_right_wall,0,14,42,0.463042706,1.40901443,1,1,1,0.277540445,-1,100,0,0,0,0,0
7.1,0.555890717,-0.0278420508,-2.22243806,0.0797315302,0.00402704745,FollowWall,following_right_wall,0,14,42,0.462724894,1.40090118,1,1,1,0.27733478,-1,100,0,0,0,0,0
7.15,0.559873312,-0.0279961771,-2.21004138,0.0797315302,0.00402704745,FollowWall,following_right_wall,0,14,42,0.462724894,1.40090118,1,1,1,0.27733478,-1,100,0,0,0,0,0
7.2,0.563856356,-0.0281494703,-2.19800305,0.0797389282,0.00391607759,FollowWall,following_right_wall,0,14,42,0.462368101,1.39269134,1,1,1,0.276833504,-1,100,0,0,0,0,0
7.25,0.567839829,-0.0283019536,-2.18630622,0.0797389282,0.00391607759,FollowWall,following_right_wall,0,14,42,0.462368101,1.39269134,1,1,1,0.276833504,-1,100,0,0,0,0,0
7.3,0.571823564,-0.0284536395,-2.1748086,0.0797733775,0.00339933772,FollowWall,following_right_wall,0,14,42,0.461976737,1.38449494,1,1,1,0.276608616,-1,100,0,0,0,0,0
7.35,0.575808181,-0.0286045837,-2.16404399,0.0797733775,0.00339933772,FollowWall,following_right_wall,0,14,42,0.461976737,1.38449494,1,1,1,0.276608616,-1,100,0,0,0,0,0
7.4,0.579793322,-0.0287548129,-2.15370697,0.0797817299,0.00327405082,FollowWall,following_right_wall,0,14,42,0.461542636,1.3763122,1,1,1,0.276081592,-1,100,0,0,0,0,0
7.45,0.583778955,-0.0289043544,-2.14376894,0.0797817299,0.00327405082,FollowWall,following_right_wall,0,14,42,0.461542636,1.3763122,1,1,1,0.276081592,-1,100,0,0,0,0,0
7.5,0.587764883,-0.0290532228,-2.13406364,0.0797818282,0.00327257692,FollowWall,following_right_wall,0,14,42,0.461072624,1.36814623,1,1,1,0.275449455,-1,100,0,0,0,0,0
7.55,0.591750996,-0.0292014267,-2.12449586,0.0797818282,0.00327257692,FollowWall,following_right_wall,0,14,42,0.461072624,1.36814623,1,1,1,0.275449455,-1,100,0,0,0,0,0
7.6,0.595737227,-0.0293489712,-2.11500831,0.0797657994,0.00351300875,FollowWall,following_right_wall,0,14,42,0.460576296,1.3600007,1,1,1,0.275052905,-1,100,0,0,0,0,0
7.65,0.599723204,-0.029495837,-2.10528056,0.0797657994,0.00351300875,FollowWall,following_right_wall,0,14,42,0.460576296,1.3600007,1,1,1,0.275052905,-1,100,0,0,0,0,0
7.7,0.603709042,-0.0296420152,-2.09541269,0.0797531491,0.00370276384,FollowWall,following_right_wall,0,14,42,0.46006614,1.35187942,1,1,1,0.274686873,-1,100,0,0,0,0,0
7.75,0.607694548,-0.0297874832,-2.08523659,0.0797531491,0.00370276384,FollowWall,following_right_wall,0,14,42,0.46006614,1.35187942,1,1,1,0.274686873,-1,100,0,0,0,0,0
7.8,0.611679871,-0.0299322294,-2.07488068,0.0797583601,0.00362459803,FollowWall,following_right_wall,0,14,42,0.459547818,1.34378477,1,1,1,0.274351001,-1,100,0,0,0,0,0
7.85,0.615665206,-0.0300762544,-2.06451319,0.0797583601,0.00362459803,FollowWall,following_right_wall,0,14,42,0.459547818,1.34378477,1,1,1,0.274351001,-1,100,0,0,0,0,0
7.9,0.619650559,-0.0302195578,-2.05413894,0.0797902597,0.00314610486,FollowWall,following_right_wall,0,14,42,0.459015906,1.33571616,1,1,1,0.274046719,-1,100,0,0,0,0,0
7.95,0.623636598,-0.0303621829,-2.0443319,0.0797902597,0.00314610486,FollowWall,following_right_wall,0,14,42,0.459015906,1.33571616,1,1,1,0.274046719,-1,100,0,0,0,0,0
8,0.627623044,-0.0305041509,-2.03485575,0.0798193548,0.00270967842,FollowWall,following_right_wall,0,14,42,0.458455384,1.3276712,1,1,1,0.273776531,-1,100,0,0,0,0,0
8.05,0.631610344,-0.0306455139,-2.02609355,0.0798193548,0.00270967842,FollowWall,following_right_wall,0,14,42,0.458455384,1.3276712,1,1,1,0.273776531,-1,100,0,0,0,0,0
8.1,0.635598149,-0.0307862987,-2.01774783,0.0798414279,0.00237858185,FollowWall,following_right_wall,0,14,42,0.457860678,1.31964906,1,1,1,0.273507595,-1,100,0,0,0,0,0
8.15,0.639586716,-0.0309265509,-2.01004027,0.0798414279,0.00237858185,FollowWall,following_right_wall,0,14,42,0.457860678,1.31964906,1,1,1,0.273507595,-1,100,0,0,0,0,0
8.2,0.643575734,-0.0310662947,-2.00270497,0.0798457187,0.00231421894,FollowWall,following_right_wall,0,14,42,0.457234472,1.31165058,1,1,1,0.273122191,-1,100,0,0,0,0,0
8.25,0.647565111,-0.0312055499,-1.99566365,0.0798457187,0.00231421894,FollowWall,following_right_wall,0,14,42,0.457234472,1.31165058,1,1,1,0.273122191,-1,100,0,0,0,0,0
8.3,0.651554705,-0.0313443278,-1.98879382,0.0798420062,0.00236990682,FollowWall,following_right_wall,0,14,42,0.456587791,1.30367837,1,1,1,0.272715777,-1,100,0,0,0,0,0
8.35,0.655544354,-0.0314826299,-1.98195755,0.0798420062,0.00236990682,FollowWall,following_right_wall,0,14,42,0.456587791,1.30367837,1,1,1,0.272715777,-1,100,0,0,0,0,0
8.4,0.659534042,-0.0316204574,-1.97514086,0.0798607714,0.00208842939,FollowWall,following_right_wall,0,14,42,0.455931574,1.29573434,1,1,1,0.272610426,-1,100,0,0,0,0,0
8.45,0.663524151,-0.0317578362,-1.96867157,0.0798607714,0.00208842939,FollowWall,following_right_wall,0,14,42,0.455931574,1.29573434,1,1,1,0.272610426,-1,100,0,0,0,0,0
8.5,0.66751451,-0.0318947797,-1.96240495,0.0798609298,0.00208605374,FollowWall,following_right_wall,0,14,42,0.455261409,1.28781705,1,1,1,0.272366732,-1,100,0,0,0,0,0
8.55,0.671505025,-0.0320312957,-1.95625937,0.0798609298,0.00208605374,FollowWall,following_right_wall,0,14,42,0.455261409,1.28781705,1,1,1,0.272366732,-1,100,0,0,0,0,0
8.6,0.675495636,-0.032167389,-1.95018441,0.0798640628,0.00203905783,FollowWall,following_right_wall,0,14,42,0.454583555,1.27992734,1,1,1,0.272215903,-1,100,0,0,0,0,0
8.65,0.679486375,-0.0323030664,-1.94420673,0.0798640628,0.00203905783,FollowWall,following_right_wall,0,14,42,0.454583555,1.27992734,1,1,1,0.272215903,-1,100,0,0,0,0,0
8.7,0.683477194,-0.0324383317,-1.93828581,0.0798797571,0.00180364306,FollowWall,following_right_wall,0,14,42,0.453902334,1.27206497,1,1,1,0.272260129,-1,100,0,0,0,0,0
8.75,0.687468392,-0.0325732078,-1.932679,0.0798797571,0.00180364306,FollowWall,following_right_wall,0,14,42,0.453902334,1.27206497,1,1,1,0.272260129,-1,100,0,0,0,0,0
8.8,0.691459816,-0.0327077069,-1.92725542,0.0798854154,0.00171876941,FollowWall,following_right_wall,0,14,42,0.453214675,1.26422828,1,1,1,0.272260875,-1,100,0,0,0,0,0
8.85,0.695451495,-0.0328418436,-1.92204003,0.0798854154,0.00171876941,FollowWall,following_right_wall,0,14,42,0.453214675,1.26422828,1,1,1,0.272260875,-1,100,0,0,0,0,0
8.9,0.699443326,-0.0329756259,-1.9169461,0.0798492831,0.00226075374,FollowWall,following_right_wall,0,14,42,0.452524304,1.25641667,1,1,1,0.271869093,-1,100,0,0,0,0,0
8.95,0.703434501,-0.0331090109,-1.91127606,0.0798492831,0.00226075374,FollowWall,following_right_wall,0,14,42,0.452524304,1.25641667,1,1,1,0.271869093,-1,100,0,0,0,0,0
9,0.707425298,-0.0332419761,-1.90526996,0.0798079386,0.00288092107,FollowWall,following_right_wall,0,14,42,0.451854527,1.24863348,1,1,1,0.271451056,-1,100,0,0,0,0,0
9.05,0.711415021,-0.0333744543,-1.89832755,0.0798079386,0.00288092107,FollowWall,following_right_wall,0,14,42,0.451854527,1.24863348,1,1,1,0.271451056,-1,100,0,0,0,0,0
9.1,0.715404126,-0.0335064089,-1.89083897,0.0797903073,0.00314539044,FollowWall,following_right_wall,0,14,42,0.451222032,1.24088059,1,1,1,0.271299779,-1,100,0,0,0,0,0
9.15,0.719392511,-0.0336377959,-1.8827161,0.0797903073,0.00314539044,FollowWall,following_right_wall,0,14,42,0.451222032,1.24088059,1,1,1,0.271299779,-1,100,0,0,0,0,0
9.2,0.723380485,-0.0337685904,-1.87422322,0.0797738129,0.0033928063,FollowWall,following_right_wall,0,14,42,0.450624108,1.23315517,1,1,1,0.27117601,-1,100,0,0,0,0,0
9.25,0.727367884,-0.0338987566,-1.86521918,0.0797738129,0.0033928063,FollowWall,following_right_wall,0,14,42,0.450624108,1.23315517,1,1,1,0.27117601,-1,100,0,0,0,0,0
9.3,0.731354957,-0.0340282745,-1.85591696,0.0797308911,0.00403663423,FollowWall,following_right_wall,0,14,42,0.450058609,1.22545471,1,1,1,0.270784318,-1,100,0,0,0,0,0
9.35,0.735340957,-0.0341570769,-1.84567229,0.0797308911,0.00403663423,FollowWall,following_right_wall,0,14,42,0.450058609,1.22545471,1,1,1,0.270784318,-1,100,0,0,0,0,0
9.4,0.73932634,-0.0342851269,-1.83487785,0.0796852689,0.00472096581,FollowWall,following_right_wall,0,14,42,0.449538589,1.21777957,1,1,1,0.270365208,-1,100,0,0,0,0,0
9.45,0.743310426,-0.0344123442,-1.82294586,0.0796852689,0.00472096581,FollowWall,following_right_wall,0,14,42,0.449538589,1.21777957,1,1,1,0.270365208,-1,100,0,0,0,0,0
9.5,0.747293767,-0.0345386843,-1.81035029,0.0796338885,0.00549167218,FollowWall,following_right_wall,0,14,42,0.449074477,1.20982688,1,1,1,0.26987052,-1,100,0,0,0,0,0
9.55,0.751275618,-0.0346640555,-1.79644767,0.0796338885,0.00549167218,FollowWall,following_right_wall,0,14,42,0.449074477,1.20982688,1,1,1,0.26987052,-1,100,0,0,0,0,0
9.6,0.755256613,-0.0347884062,-1.78178262,0.0795881848,0.00617722869,FollowWall,following_right_wall,0,14,42,0.448674649,1.20167923,1,1,1,0.269402713,-1,100,0,0,0,0,0
9.65,0.759236171,-0.0349116487,-1.76585447,0.0795881848,0.00617722869,FollowWall,following_right_wall,0,14,42,0.448674649,1.20167923,1,1,1,0.269402713,-1,100,0,0,0,0,0
9.7,0.763214908,-0.0350337329,-1.74918953,0.0795642993,0.00653550987,FollowWall,following_right_wall,0,14,42,0.448341906,1.19356227,1,1,1,0.268963993,-1,100,0,0,0,0,0
9.75,0.767192684,-0.0351545998,-1.73166713,0.0795642993,0.00653550987,FollowWall,following_right_wall,0,14,42,0.448341906,1.19356227,1,1,1,0.268963993,-1,100,0,0,0,0,0
9.8,0.771169916,-0.0352742154,-1.71364454,0.0795727981,0.00640802882,FollowWall,following_right_wall,0,14,42,0.448068231,1.18547553,1,1,1,0.268784583,-1,100,0,0,0,0,0
9.85,0.775147022,-0.0353925702,-1.69548234,0.0795727981,0.00640802882,FollowWall,following_right_wall,0,14,42,0.448068231,1.18547553,1,1,1,0.268784583,-1,100,0,0,0,0,0
9.9,0.779124072,-0.0355096587,-1.6772387,0.0795656433,0.00651534991,FollowWall,following_right_wall,0,14,42,0.447834998,1.17741616,1,1,1,0.268370509,-1,100,0,0,0,0,0
9.95,0.783100954,-0.0356254688,-1.65881945,0.0795656433,0.00651534991,FollowWall,following_right_wall,0,14,42,0.447834998,1.17741616,1,1,1,0.268370509,-1,100,0,0,0,0,0
10,0.787077754,-0.0357399934,-1.64029776,0.0795892568,0.00616114806,FollowWall,following_right_wall,0,14,42,0.447640598,1.16938474,1,1,1,0.268232018,-1,100,0,0,0,0,0
10.05,0.791055013,-0.0358532571,-1.62213912,0.0795892568,0.00616114806,FollowWall,following_right_wall,0,14,42,0.447640598,1.16938474,1,1,1,0.268232018,-1,100,0,0,0,0,0
10.1,0.795032554,-0.0359652746,-1.60419224,0.079618683,0.00571975529,FollowWall,following_right_wall,0,14,42,0.447472662,1.1613795,1,1,1,0.268116564,-1,100,0,0,0,0,0
10.15,0.799010886,-0.0360760898,-1.58689578,0.079618683,0.00571975529,FollowWall,following_right_wall,0,14,42,0.447472662,1.1613795,1,1,1,0.268116564,-1,100,0,0,0,0,0
10.2,0.802989692,-0.0361857294,-1.56997872,0.0796416693,0.00537496103,FollowWall,following_right_wall,0,14,42,0.447321445,1.15339925,1,1,1,0.267906517,-1,100,0,0,0,0,0
10.25,0.806969265,-0.0362942362,-1.55369455,0.0796416693,0.00537496103,FollowWall,following_right_wall,0,14,42,0.447321445,1.15339925,1,1,1,0.267906517,-1,100,0,0,0,0,0
10.3,0.810949298,-0.0364016364,-1.53777956,0.0796386835,0.0054197481,FollowWall,following_right_wall,0,14,42,0.447186083,1.1454441,1,1,1,0.267392009,-1,100,0,0,0,0,0
10.35,0.814929549,-0.0365079417,-1.52202647,0.0796386835,0.0054197481,FollowWall,following_right_wall,0,14,42,0.447186083,1.1454441,1,1,1,0.267392009,-1,100,0,0,0,0,0
10.4,0.818909939,-0.0366131589,-1.50636782,0.0796857095,0.00471435706,FollowWall,following_right_wall,0,14,42,0.447079211,1.13751667,1,1,1,0.267377973,-1,100,0,0,0,0,0
10.45,0.8228914,-0.0367173467,-1.49160626,0.0796857095,0.00471435706,FollowWall,following_right_wall,0,14,42,0.447079211,1.13751667,1,1,1,0.267377973,-1,100,0,0,0,0,0
10.5,0.826873497,-0.0368205426,-1.477368,0.0797158203,0.00426269559,FollowWall,following_right_wall,0,14,42,0.446984738,1.12961399,1,1,1,0.267164111,-1,100,0,0,0,0,0
10.55,0.8308566,-0.0369228036,-1.46397413,0.0797158203,0.00426269559,FollowWall,following_right_wall,0,14,42,0.446984738,1.12961399,1,1,1,0.267164111,-1,100,0,0,0,0,0
10.6,0.834840299,-0.0370241651,-1.45107282,0.079761216,0.00358175947,FollowWall,following_right_wall,0,14,42,0.446899325,1.12173523,1,1,1,0.267103761,-1,100,0,0,0,0,0
10.65,0.8388253,-0.0371247002,-1.43927165,0.079761216,0.00358175947,FollowWall,following_right_wall,0,14,42,0.446899325,1.12173523,1,1,1,0.267103761,-1,100,0,0,0,0,0
10.7,0.842811067,-0.0372244554,-1.42811222,0.0798218286,0.00267257074,FollowWall,following_right_wall,0,14,42,0.446815968,1.11387883,1,1,1,0.267205954,-1,100,0,0,0,0,0
10.75,0.84679855,-0.0373235273,-1.4184124,0.0798218286,0.00267257074,FollowWall,following_right_wall,0,14,42,0.446815968,1.11387883,1,1,1,0.267205954,-1,100,0,0,0,0,0
10.8,0.85078704,-0.0374219783,-1.40956403,0.0798803194,0.00179520948,FollowWall,following_right_wall,0,14,42,0.446722806,1.10604218,1,1,1,0.267301291,-1,100,0,0,0,0,0
10.85,0.854777339,-0.037519911,-1.40225961,0.0798803194,0.00179520948,FollowWall,following_right_wall,0,14,42,0.446722806,1.10604218,1,1,1,0.267301291,-1,100,0,0,0,0,0
10.9,0.858768698,-0.0376173921,-1.39585582,0.079898033,0.00152950443,FollowWall,following_right_wall,0,14,42,0.446614027,1.0982235,1,1,1,0.266984105,-1,100,0,0,0,0,0
10.95,0.862761047,-0.0377144802,-1.39029457,0.079898033,0.00152950443,FollowWall,following_right_wall,0,14,42,0.446614027,1.0982235,1,1,1,0.266984105,-1,100,0,0,0,0,0
11,0.866753976,-0.0378112117,-1.38522479,0.0798970903,0.00154364596,FollowWall,following_right_wall,0,14,42,0.446505696,1.09042528,1,1,1,0.266642839,-1,100,0,0,0,0,0
11.05,0.870747228,-0.037907607,-1.38042483,0.0798970903,0.00154364596,FollowWall,following_right_wall,0,14,42,0.446505696,1.09042528,1,1,1,0.266642839,-1,100,0,0,0,0,0
11.1,0.87474067,-0.0380036775,-1.37578226,0.0798777883,0.00183317579,FollowWall,following_right_wall,0,14,42,0.446415365,1.08265002,1,1,1,0.266276985,-1,100,0,0,0,0,0
11.15,0.878733826,-0.0380994086,-1.37088591,0.0798777883,0.00183317579,FollowWall,following_right_wall,0,14,42,0.446415365,1.08265002,1,1,1,0.266276985,-1,100,0,0,0,0,0
11.2,0.882726817,-0.0381947892,-1.36584151,0.0798839173,0.00174124071,FollowWall,following_right_wall,0,14,42,0.44635874,1.07489951,1,1,1,0.266173005,-1,100,0,0,0,0,0
11.25,0.886719845,-0.0382898197,-1.36082049,0.0798839173,0.00174124071,FollowWall,following_right_wall,0,14,42,0.44635874,1.07489951,1,1,1,0.266173005,-1,100,0,0,0,0,0
11.3,0.890712896,-0.0383845011,-1.3558131,0.0798807225,0.00178916176,FollowWall,following_right_wall,0,14,42,0.446330577,1.06506515,1,1,1,0.26596567,-1,100,0,0,0,0,0
11.35,0.894705898,-0.0384788304,-1.35075648,0.0798807225,0.00178916176,FollowWall,following_right_wall,0,14,42,0.446330577,1.06506515,1,1,1,0.26596567,-1,100,0,0,0,0,0
11.4,0.898698875,-0.0385728056,-1.34567112,0.0798542274,0.00218658895,FollowWall,following_right_wall,0,14,42,0.446329653,1.0570321,1,1,1,0.265505672,-1,100,0,0,0,0,0
11.45,0.90269129,-0.0386663959,-1.34009462,0.0798542274,0.00218658895,FollowWall,following_right_wall,0,14,42,0.446329653,1.0570321,1,1,1,0.265505672,-1,100,0,0,0,0,0
11.5,0.906683381,-0.0387595798,-1.33423161,0.0798317377,0.00252393397,FollowWall,following_right_wall,0,14,42,0.44636634,1.04903155,1,1,1,0.26506719,-1,100,0,0,0,0,0
11.55,0.910674819,-0.03885232,-1.3277988,0.0798317377,0.00252393397,FollowWall,following_right_wall,0,14,42,0.44636634,1.04903155,1,1,1,0.26506719,-1,100,0,0,0,0,0
11.6,0.91466588,-0.0389445915,-1.3210336,0.0798437411,0.00234388359,FollowWall,following_right_wall,0,14,42,0.446443766,1.04106492,1,1,1,0.264911562,-1,100,0,0,0,0,0
11.65,0.918656978,-0.0390363931,-1.31428943,0.0798437411,0.00234388359,FollowWall,following_right_wall,0,14,42,0.446443766,1.04106492,1,1,1,0.264911562,-1,100,0,0,0,0,0
11.7,0.9226481,-0.0391277256,-1.30755752,0.0798513032,0.00223045208,FollowWall,following_right_wall,0,14,42,0.446545511,1.03312866,1,1,1,0.264469296,-1,100,0,0,0,0,0
11.75,0.926639398,-0.0392185979,-1.30096817,0.0798513032,0.00223045208,FollowWall,following_right_wall,0,14,42,0.446545511,1.03312866,1,1,1,0.264469296,-1,100,0,0,0,0,0
11.8,0.930630804,-0.0393090163,-1.29446198,0.0798748916,0.00187662563,FollowWall,following_right_wall,0,14,42,0.446662933,1.02522062,1,1,1,0.264247864,-1,100,0,0,0,0,0
11.85,0.934622767,-0.0393990103,-1.28842664,0.0798748916,0.00187662563,FollowWall,following_right_wall,0,14,42,0.446662933,1.02522062,1,1,1,0.264247864,-1,100,0,0,0,0,0
11.9,0.938615059,-0.0394886004,-1.28266597,0.0799284463,0.00107330596,FollowWall,following_right_wall,0,14,42,0.446784407,1.01733833,1,1,1,0.264410198,-1,100,0,0,0,0,0
11.95,0.942608661,-0.0395778573,-1.27802442,0.0799284463,0.00107330596,FollowWall,following_right_wall,0,14,42,0.446784407,1.01733833,1,1,1,0.264410198,-1,100,0,0,0,0,0
12,0.946603029,-0.0396668302,-1.27403568,0.0799244457,0.00113331489,FollowWall,following_right_wall,0,14,42,0.446888506,1.00947644,1,1,1,0.264057517,-1,100,0,0,0,0,0
12.05,0.950597763,-0.0397555439,-1.27035612,0.0799244457,0.00113331489,FollowWall,following_right_wall,0,14,42,0.446888506,1.00947644,1,1,1,0.264057517,-1,100,0,0,0,0,0
12.1,0.954592712,-0.039844012,-1.26685691,0.0799475094,0.000787358508,FollowWall,following_right_wall,0,14,42,0.446989298,1.00163875,1,1,1,0.264062643,-1,100,0,0,0,0,0
12.15,0.958588269,-0.0399322674,-1.26387587,0.0799475094,0.000787358508,FollowWall,following_right_wall,0,14,42,0.446989298,1.00163875,1,1,1,0.264062643,-1,100,0,0,0,0,0
12.2,0.962584182,-0.0400203333,-1.26119709,0.0799607981,0.000588028652,FollowWall,following_right_wall,0,14,42,0.447083294,0.993824181,1,1,1,0.264036894,-1,100,0,0,0,0,0
12.25,0.96658058,-0.0401082374,-1.25893256,0.0799607981,0.000588028652,FollowWall,following_right_wall,0,14,42,0.447083294,0.993824181,1,1,1,0.264036894,-1,100,0,0,0,0,0
12.3,0.970577263,-0.0401959981,-1.25690968,0.0799271197,0.00109320474,FollowWall,following_right_wall,0,14,42,0.447169095,0.986032154,1,1,1,0.26358518,-1,100,0,0,0,0,0
12.35,0.974573412,-0.0402835899,-1.25442474,0.0799271197,0.00109320474,FollowWall,following_right_wall,0,14,42,0.447169095,0.986032154,1,1,1,0.26358518,-1,100,0,0,0,0,0
12.4,0.978569251,-0.040370992,-1.25167028,0.0799426561,0.000860159123,FollowWall,following_right_wall,0,14,42,0.447267085,0.978267408,1,1,1,0.263690144,-1,100,0,0,0,0,0
12.45,0.982565235,-0.0404582094,-1.24903678,0.0799426561,0.000860159123,FollowWall,following_right_wall,0,14,42,0.447267085,0.978267408,1,1,1,0.263690144,-1,100,0,0,0,0,0
12.5,0.986561305,-0.0405452473,-1.24647382,0.0799261446,0.00110783025,FollowWall,following_right_wall,0,14,42,0.447364986,0.970525673,1,1,1,0.26350686,-1,100,0,0,0,0,0
12.55,0.990557083,-0.0406320912,-1.24365639,0.0799261446,0.00110783025,FollowWall,following_right_wall,0,14,42,0.447364986,0.970525673,1,1,1,0.26350686,-1,100,0,0,0,0,0
12.6,0.994552693,-0.0407187296,-1.24069052,0.0798845443,0.00173183527,FollowWall,following_right_wall,0,14,42,0.447466493,0.962652313,1,1,1,0.263098925,-1,100,0,0,0,0,0
12.65,0.998547341,-0.0408051114,-1.2368932,0.0798845443,0.00173183527,FollowWall,following_right_wall,0,14,42,0.447466493,0.962652313,1,1,1,0.263098925,-1,100,0,0,0,0,0
12.7,1.00254143,-0.0408911993,-1.23261087,0.079868545,0.00197182525,FollowWall,following_right_wall,0,14,42,0.447586358,0.954760863,1,1,1,0.262975723,-1,100,0,0,0,0,0
12.75,1.00653486,-0.0409769546,-1.22775915,0.079868545,0.00197182525,FollowWall,following_right_wall,0,14,42,0.447586358,0.954760863,1,1,1,0.262975723,-1,100,0,0,0,0,0
12.8,1.01052792,-0.0410623519,-1.22257529,0.0798785402,0.00182189658,FollowWall,following_right_wall,0,14,42,0.447719216,0.946762456,1,1,1,0.263145685,-1,100,0,0,0,0,0
12.85,1.01452097,-0.0411473871,-1.21737664,0.0798785402,0.00182189658,FollowWall,following_right_wall,0,14,42,0.447719216,0.946762456,1,1,1,0.263145685,-1,100,0,0,0,0,0
12.9,1.01851401,-0.0412320594,-1.21216936,0.0798852134,0.00172179826,FollowWall,following_right_wall,0,14,42,0.447847128,0.938588865,1,1,1,0.263321161,-1,100,0,0,0,0,0
12.95,1.02250719,-0.0413163757,-1.20707654,0.0798852134,0.00172179826,FollowWall,following_right_wall,0,14,42,0.447847128,0.938588865,1,1,1,0.263321161,-1,100,0,0,0,0,0
13,1.02650046,-0.0414003409,-1.20205048,0.079866536,0.00200196001,FollowWall,following_right_wall,0,14,42,0.447961181,0.930438669,1,1,1,0.263027012,-1,100,0,0,0,0,0
13.05,1.0304934,-0.0414839384,-1.19672895,0.079866536,0.00200196001,FollowWall,following_right_wall,0,14,42,0.447961181,0.930438669,1,1,1,0.263027012,-1,100,0,0,0,0,0
13.1,1.03448614,-0.0415671548,-1.19123506,0.0798506717,0.00223992399,FollowWall,following_right_wall,0,14,42,0.448068947,0.922315609,1,1,1,0.262677968,-1,100,0,0,0,0,0
13.15,1.03847844,-0.0416499657,-1.18535658,0.0798506717,0.00223992399,FollowWall,following_right_wall,0,14,42,0.448068947,0.922315609,1,1,1,0.262677968,-1,100,0,0,0,0,0
13.2,1.04247049,-0.0417323538,-1.17925375,0.0798018172,0.00297274212,FollowWall,following_right_wall,0,14,42,0.448173106,0.914221999,1,1,1,0.262328953,-1,100,0,0,0,0,0
13.25,1.04646138,-0.0418142577,-1.17214532,0.0798018172,0.00297274212,FollowWall,following_right_wall,0,14,42,0.448173106,0.914221999,1,1,1,0.262328953,-1,100,0,0,0,0,0
13.3,1.05045159,-0.0418956321,-1.16445029,0.0797551393,0.00367291049,FollowWall,following_right_wall,0,14,42,0.44828859,0.906162828,1,1,1,0.261955172,-1,100,0,0,0,0,0
13.35,1.05444045,-0.0419764018,-1.1555773,0.0797551393,0.00367291049,FollowWall,following_right_wall,0,14,42,0.44828859,0.906162828,1,1,1,0.261955172,-1,100,0,0,0,0,0
13.4,1.05842852,-0.0420565137,-1.14601718,0.0797371029,0.0039434562,FollowWall,following_right_wall,0,14,42,0.448422372,0.898140589,1,1,1,0.261787534,-1,100,0,0,0,0,0
13.45,1.06241577,-0.0421359184,-1.13573329,0.0797371029,0.0039434562,FollowWall,following_right_wall,0,14,42,0.448422372,0.898140589,1,1,1,0.261787534,-1,100,0,0,0,0,0
13.5,1.06640253,-0.0422145829,-1.1250272,0.0797051458,0.00442281319,FollowWall,following_right_wall,0,14,42,0.44856292,0.890153323,1,1,1,0.261388987,-1,100,0,0,0,0,0
13.55,1.07038836,-0.0422924554,-1.11350264,0.0797051458,0.00442281319,FollowWall,following_right_wall,0,14,42,0.44856292,0.890153323,1,1,1,0.261388987,-1,100,0,0,0,0,0
13.6,1.07437365,-0.0423694989,-1.10150063,0.0796972975,0.0045405368,FollowWall,following_right_wall,0,14,42,0.624336302,0.882201446,1,1,1,0.261160463,-1,100,0,0,0,0,0
13.65,1.07835847,-0.0424456837,-1.08907959,0.0796972975,0.0045405368,FollowWall,following_right_wall,0,14,42,0.624336302,0.882201446,1,1,1,0.261160463,-1,100,0,0,0,0,0
13.7,1.08234302,-0.0425209907,-1.07641412,0.0796725012,0.00491248242,FollowWall,following_right_wall,0,14,42,0.624552011,0.874282761,1,1,1,0.260680497,-1,100,0,0,0,0,0
13.75,1.08632691,-0.0425953837,-1.06316208,0.0796725012,0.00491248242,FollowWall,following_right_wall,0,14,42,0.624552011,0.874282761,1,1,1,0.260680497,-1,100,0,0,0,0,0
13.8,1.09031041,-0.0426688361,-1.04956789,0.0796838474,0.00474228871,FollowWall,following_right_wall,0,14,42,0.624723554,0.866397683,1,1,1,0.260506094,-1,100,0,0,0,0,0
13.85,1.09429394,-0.0427413436,-1.03597725,0.0796838474,0.00474228871,FollowWall,following_right_wall,0,14,42,0.624723554,0.866397683,1,1,1,0.260506094,-1,100,0,0,0,0,0
13.9,1.09827749,-0.0428129063,-1.02238868,0.0797311213,0.0040331811,FollowWall,following_right_wall,0,14,42,0.624870658,0.858542649,1,1,1,0.26065442,-1,100,0,0,0,0,0
13.95,1.10226204,-0.0428835711,-1.00964777,0.0797311213,0.0040331811,FollowWall,following_right_wall,0,14,42,0.624870658,0.858542649,1,1,1,0.26065442,-1,100,0,0,0,0,0
14,1.10624718,-0.0429533772,-0.997401311,0.0797796322,0.00330551636,FollowWall,following_right_wall,0,14,42,0.625030518,0.850711367,1,1,1,0.26079601,-1,100,0,0,0,0,0
14.05,1.11023367,-0.0430223951,-0.986311875,0.0797796322,0.00330551636,FollowWall,following_right_wall,0,14,42,0.625030518,0.850711367,1,1,1,0.26079601,-1,100,0,0,0,0,0
14.1,1.11422097,-0.0430906782,-0.975897367,0.0797932912,0.0031006327,FollowWall,following_right_wall,0,14,42,0.62522155,0.842900272,1,1,1,0.260570914,-1,100,0,0,0,0,0
14.15,1.11820902,-0.0431582715,-0.966121131,0.0797932912,0.0031006327,FollowWall,following_right_wall,0,14,42,0.62522155,0.842900272,1,1,1,0.260570914,-1,100,0,0,0,0,0
14.2,1.12219752,-0.0432252044,-0.956717218,0.0798383603,0.00242459623,FollowWall,following_right_wall,0,14,42,0.625424266,0.834708204,1,1,1,0.260659039,-1,100,0,0,0,0,0
14.25,1.12618722,-0.0432915382,-0.948337454,0.0798383603,0.00242459623,FollowWall,following_right_wall,0,14,42,0.625424266,0.834708204,1,1,1,0.260659039,-1,100,0,0,0,0,0
14.3,1.13017762,-0.0433573208,-0.94055511,0.0798570076,0.00214488573,FollowWall,following_right_wall,0,14,42,0.625647962,0.82659387,1,1,1,0.260463923,-1,100,0,0,0,0,0
14.35,1.13416883,-0.0434225981,-0.93345514,0.0798570076,0.00214488573,FollowWall,following_right_wall,0,14,42,0.625647962,0.82659387,1,1,1,0.260463923,-1,100,0,0,0,0,0
14.4,1.1381605,-0.0434874022,-0.926753222,0.0798870851,0.00169372401,FollowWall,following_right_wall,0,14,42,0.625881255,0.818498637,1,1,1,0.260374159,-1,100,0,0,0,0,0
14.45,1.14215308,-0.0435517806,-0.920822036,0.0798870851,0.00169372401,FollowWall,following_right_wall,0,14,42,0.625881255,0.818498637,1,1,1,0.260374159,-1,100,0,0,0,0,0
14.5,1.14614619,-0.0436157699,-0.915340444,0.079944059,0.00083911567,FollowWall,following_right_wall,0,14,42,0.626123428,0.810423808,1,1,1,0.260552645,-1,100,0,0,0,0,0
14.55,1.1501408,-0.0436794455,-0.911141227,0.079944059,0.00083911567,FollowWall,following_right_wall,0,14,42,0.626123428,0.810423808,1,1,1,0.260552645,-1,100,0,0,0,0,0
14.6,1.15413628,-0.0437428683,-0.907690064,0.0799408843,0.000886735958,FollowWall,following_right_wall,0,14,42,0.626395047,0.802366543,1,1,1,0.260112971,-1,100,0,0,0,0,0
14.65,1.15813221,-0.0438060707,-0.904618422,0.0799408843,0.000886735958,FollowWall,following_right_wall,0,14,42,0.626395047,0.802366543,1,1,1,0.260112971,-1,100,0,0,0,0,0
14.7,1.16212839,-0.0438690706,-0.901768168,0.05,0.000970344816,FollowWall,following_right_wall,0,14,42,0.626664102,0.794333467,1,1,1,0.259631038,-1,100,0,0,0,0,0
14.75,1.16550104,-0.0439220734,-0.898947256,0.05,0.000970344816,FollowWall,following_right_wall,0,14,42,0.626664102,0.794333467,1,1,1,0.259631038,-1,100,0,0,0,0,0
14.8,1.16850996,-0.0439692124,-0.89614346,0.05,0.000336653408,FollowWall,following_right_wall,0,14,42,0.626847029,0.787940941,1,1,1,0.259673536,-1,100,0,0,0,0,0
14.85,1.1713067,-0.0440129091,-0.894106062,0.05,0.000336653408,FollowWall,following_right_wall,0,14,42,0.626847029,0.787940941,1,1,1,0.259673536,-1,100,0,0,0,0,0
14.9,1.17397968,-0.0440545874,-0.89251573,0.05,0.0147562252,AdvanceRight,advancing_past_measured_edge,0,14,42,0.627007008,0.782476502,1,1,1,0.259846658,-1,100,0,0,0,0,0
14.95,1.17658046,-0.044094683,-0.873974089,0.05,0.01436789,AdvanceRight,advancing_past_measured_edge,0,14,42,0.627007008,0.782476502,1,1,1,0.259846658,-1,100,0,0,0,0,0
15,1.17913914,-0.0441330909,-0.846007727,0.05,0.0137821639,AdvanceRight,advancing_past_measured_edge,0,14,42,0.626475215,0.77740854,1,1,1,0.260026127,-1,100,0,0,0,0,0
15.05,1.18167328,-0.0441697869,-0.81324277,0.05,0.0130959362,AdvanceRight,advancing_past_measured_edge,0,14,42,0.626475215,0.77740854,1,1,1,0.260026127,-1,100,0,0,0,0,0
15.1,1.1841931,-0.0442047909,-0.778497755,0.05,0.0123682383,AdvanceRight,advancing_past_measured_edge,0,14,42,0.625594914,0.772495347,1,1,1,0.259758949,-1,100,0,0,0,0,0
15.15,1.18670458,-0.0442381495,-0.743466333,0.05,0.0116345419,AdvanceRight,advancing_past_measured_edge,0,14,42,0.625594914,0.772495347,1,1,1,0.259758949,-1,100,0,0,0,0,0
15.2,1.18921121,-0.0442699262,-0.709143626,0.05,0.0109156888,AdvanceRight,advancing_past_measured_edge,0,14,42,0.624663532,0.767635617,1,1,1,0.259518325,-1,100,0,0,0,0,0
15.25,1.19171501,-0.0443001948,-0.676092403,0.05,0.0102234656,AdvanceRight,advancing_past_measured_edge,0,14,42,0.624663532,0.767635617,1,1,1,0.259518325,-1,100,0,0,0,0,0
15.3,1.19421717,-0.0443290342,-0.644609159,0.05,0.00956408211,AdvanceRight,advancing_past_measured_edge,0,14,42,0.623783946,0.762794458,1,1,1,0.25944382,-1,100,0,0,0,0,0
15.35,1.19671837,-0.0443565252,-0.614827652,0.05,0.00894033968,AdvanceRight,advancing_past_measured_edge,0,14,42,0.623783946,0.762794458,1,1,1,0.25944382,-1,100,0,0,0,0,0
15.4,1.19921902,-0.0443827481,-0.586783362,0.05,0.00835298144,AdvanceRight,advancing_past_measured_edge,0,14,42,0.622984946,0.757960395,1,1,1,0.259308517,-1,100,0,0,0,0,0
15.45,1.20171936,-0.0444077811,-0.560453555,0.05,0.00780153126,AdvanceRight,advancing_past_measured_edge,0,14,42,0.622984946,0.757960395,1,1,1,0.259308517,-1,100,0,0,0,0,0
15.5,1.20421951,-0.0444316995,-0.535782109,0.05,0.00728481371,AdvanceRight,advancing_past_measured_edge,0,14,42,0.622268498,0.753130294,1,1,1,0.259067208,-1,100,0,0,0,0,0
15.55,1.20671957,-0.0444545748,-0.512694827,0.05,0.00680127479,AdvanceRight,advancing_past_measured_edge,0,14,42,0.622268498,0.753130294,1,1,1,0.259067208,-1,100,0,0,0,0,0
15.6,1.20921956,-0.0444764749,-0.491108822,0.05,0.00634917855,AdvanceRight,advancing_past_measured_edge,0,14,42,0.621627331,0.748303624,1,1,1,0.259047985,-1,100,0,0,0,0,0
15.65,1.21171953,-0.0444974637,-0.470938212,0.05,0.00592672629,AdvanceRight,advancing_past_measured_edge,0,14,42,0.621627331,0.748303624,1,1,1,0.259047985,-1,100,0,0,0,0,0
15.7,1.21421948,-0.0445176013,-0.452097514,0.05,0.00553212764,AdvanceRight,advancing_past_measured_edge,0,14,42,0.62105161,0.743381409,1,1,1,0.258814216,-1,100,0,0,0,0,0
15.75,1.21671942,-0.0445369439,-0.434503616,0.05,0.0051636419,AdvanceRight,advancing_past_measured_edge,0,14,42,0.62105161,0.743381409,1,1,1,0.258814216,-1,100,0,0,0,0,0
15.8,1.21921936,-0.0445555442,-0.418076866,0.05,0.00481960084,AdvanceRight,advancing_past_measured_edge,0,14,42,0.620531857,0.738386,1,1,1,0.258666545,-1,100,0,0,0,0,0
15.85,1.2217193,-0.0445734516,-0.40274162,0.05,0.0044984202,AdvanceRight,advancing_past_measured_edge,0,14,42,0.620531857,0.738386,1,1,1,0.258666545,-1,100,0,0,0,0,0
15.9,1.22421925,-0.0445907121,-0.388426466,0.05,0.00419860433,AdvanceRight,advancing_past_measured_edge,0,14,42,0.620059252,0.733401171,1,1,1,0.258600384,-1,100,0,0,0,0,0
15.95,1.2267192,-0.0446073687,-0.375064245,0.05,0.00391874662,AdvanceRight,advancing_past_measured_edge,0,14,42,0.620059252,0.733401171,1,1,1,0.258600384,-1,100,0,0,0,0,0
16,1.22921914,-0.0446234618,-0.362591957,0.05,0.00365752763,AdvanceRight,advancing_past_measured_edge,0,14,42,0.619626164,0.728427635,1,1,1,0.258336902,-1,100,0,0,0,0,0
16.05,1.2317191,-0.0446390288,-0.350950603,0.05,0.00341371169,AdvanceRight,advancing_past_measured_edge,0,14,42,0.619626164,0.728427635,1,1,1,0.258336902,-1,100,0,0,0,0,0
16.1,1.23421905,-0.0446541047,-0.340084996,0.05,0.00318614294,AdvanceRight,advancing_past_measured_edge,0,14,42,0.619225979,0.723465867,1,1,1,0.258070529,-1,100,0,0,0,0,0
16.15,1.23671901,-0.0446687224,-0.329943546,0.05,0.00297374092,AdvanceRight,advancing_past_measured_edge,0,14,42,0.619225979,0.723465867,1,1,1,0.258070529,-1,100,0,0,0,0,0
16.2,1.23921897,-0.0446829123,-0.320478059,0.05,0.00277549623,AdvanceRight,advancing_past_measured_edge,0,14,42,0.618853092,0.718516225,1,1,1,0.258033901,-1,100,0,0,0,0,0
16.25,1.24171893,-0.044696703,-0.311643521,0.05,0.00259046608,AdvanceRight,advancing_past_measured_edge,0,14,42,0.618853092,0.718516225,1,1,1,0.258033901,-1,100,0,0,0,0,0
16.3,1.2442189,-0.0447101211,-0.303397899,0.05,0.00241777018,AdvanceRight,advancing_past_measured_edge,0,14,42,0.618502617,0.713578945,1,1,1,0.258218974,-1,100,0,0,0,0,0
16.35,1.24671886,-0.0447231914,-0.295701952,0.05,0.00225658664,AdvanceRight,advancing_past_measured_edge,0,14,42,0.618502617,0.713578945,1,1,1,0.258218974,-1,100,0,0,0,0,0
16.4,1.24921883,-0.044735937,-0.288519048,0.05,0.00210614825,AdvanceRight,advancing_past_measured_edge,0,14,42,0.618170619,0.708654266,1,1,1,0.258408219,-1,100,0,0,0,0,0
16.45,1.2517188,-0.0447483797,-0.281814991,0.05,0.00196573882,AdvanceRight,advancing_past_measured_edge,0,14,42,0.618170619,0.708654266,1,1,1,0.258408219,-1,100,0,0,0,0,0
16.5,1.25421877,-0.0447605397,-0.275557863,0.05,0.00183468984,AdvanceRight,advancing_past_measured_edge,0,14,42,0.617853642,0.703742188,1,1,1,0.258559525,-1,100,0,0,0,0,0
16.55,1.25671874,-0.0447724357,-0.269717873,0.05,0.00171237736,AdvanceRight,advancing_past_measured_edge,0,14,42,0.617853642,0.703742188,1,1,1,0.258559525,-1,100,0,0,0,0,0
16.6,1.25921871,-0.0447840854,-0.264267211,0.05,0.00159821898,AdvanceRight,advancing_past_measured_edge,0,14,42,0.617548883,0.698819788,1,1,1,0.258412868,-1,100,0,0,0,0,0
16.65,1.26171869,-0.0447955052,-0.259179926,0.05,0.00149167112,AdvanceRight,advancing_past_measured_edge,0,14,42,0.617548883,0.698819788,1,1,1,0.258412868,-1,100,0,0,0,0,0
16.7,1.26421866,-0.0448067104,-0.254431791,0.05,0.00139222642,AdvanceRight,advancing_past_measured_edge,0,14,42,0.617254019,0.693770884,1,1,1,0.258556068,-1,100,0,0,0,0,0
16.75,1.26671864,-0.0448177154,-0.250000198,0.05,0.00129941135,AdvanceRight,advancing_past_measured_edge,0,14,42,0.617254019,0.693770884,1,1,1,0.258556068,-1,100,0,0,0,0,0
16.8,1.26921861,-0.0448285334,-0.245864044,0.05,0.00121278394,AdvanceRight,advancing_past_measured_edge,0,14,42,0.616967142,0.688736578,1,1,1,0.258689165,-1,100,0,0,0,0,0
16.85,1.27171859,-0.044839177,-0.242003633,0.05,0.00113193169,AdvanceRight,advancing_past_measured_edge,0,14,42,0.616967142,0.688736578,1,1,1,0.258689165,-1,100,0,0,0,0,0
16.9,1.27421857,-0.0448496578,-0.238400583,0.05,0.00105646958,AdvanceRight,advancing_past_measured_edge,0,14,42,0.616686761,0.683717109,1,1,1,0.258520842,-1,100,0,0,0,0,0
16.95,1.27671855,-0.0448599866,-0.235037736,0.05,0.000986038283,AdvanceRight,advancing_past_measured_edge,0,14,42,0.616686761,0.683717109,1,1,1,0.258520842,-1,100,0,0,0,0,0
17,1.27921853,-0.0448701735,-0.231899079,0.05,0.0009203024,AdvanceRight,advancing_past_measured_edge,0,14,42,0.616411746,0.678712537,1,1,1,0.258674681,-1,100,0,0,0,0,0
17.05,1.28171851,-0.0448802281,-0.228969665,0.05,0.000858948908,AdvanceRight,advancing_past_measured_edge,0,14,42,0.616411746,0.678712537,1,1,1,0.258674681,-1,100,0,0,0,0,0
17.1,1.28421849,-0.0448901591,-0.226235546,0.05,0.000801685648,AdvanceRight,advancing_past_measured_edge,0,14,42,0.61614114,0.673722921,1,1,1,0.258649081,-1,100,0,0,0,0,0
17.15,1.28671847,-0.0448999748,-0.223683702,0.05,0.000748239939,AdvanceRight,advancing_past_measured_edge,0,14,42,0.61614114,0.673722921,1,1,1,0.258649081,-1,100,0,0,0,0,0
17.2,1.28921845,-0.0449096829,-0.22130198,0.05,0.000698357277,AdvanceRight,advancing_past_measured_edge,0,14,42,0.61587429,0.668693842,1,1,1,0.258853883,-1,100,0,0,0,0,0
17.25,1.29171843,-0.0449192905,-0.21907904,0.05,0.000651800125,AdvanceRight,advancing_past_measured_edge,0,14,42,0.61587429,0.668693842,1,1,1,0.258853883,-1,100,0,0,0,0,0
17.3,1.29421841,-0.0449288043,-0.217004295,0.05,0.000608346784,AdvanceRight,advancing_past_measured_edge,0,14,42,0.615610778,0.663631415,1,1,1,0.258644342,-1,100,0,0,0,0,0
17.35,1.29671839,-0.0449382306,-0.215067868,0.05,0.000567790332,AdvanceRight,advancing_past_measured_edge,0,14,42,0.615610778,0.663631415,1,1,1,0.258644342,-1,100,0,0,0,0,0
17.4,1.29921838,-0.0449475753,-0.213260535,0.05,0.000529937643,AdvanceRight,advancing_past_measured_edge,0,14,42,0.615350425,0.658582729,1,1,1,0.258374363,-1,100,0,0,0,0,0
17.45,1.30171836,-0.0449568437,-0.211573691,0.05,0.000494608467,AdvanceRight,advancing_past_measured_edge,0,14,42,0.615350425,0.658582729,1,1,1,0.258374363,-1,100,0,0,0,0,0
17.5,1.30421834,-0.044966041,-0.209999303,0.05,0.000461634569,AdvanceRight,advancing_past_measured_edge,0,14,42,0.615093112,0.653548199,1,1,1,0.258107215,-1,100,0,0,0,0,0
17.55,1.30671833,-0.0449751719,-0.208529875,0.05,0.000430858931,AdvanceRight,advancing_past_measured_edge,0,14,42,0.615093112,0.653548199,1,1,1,0.258107215,-1,100,0,0,0,0,0
17.6,1.30921831,-0.0449842408,-0.207158408,0.05,0.000402135002,AdvanceRight,advancing_past_measured_edge,0,14,42,0.614838958,0.648528002,1,1,1,0.258225858,-1,100,0,0,0,0,0
17.65,1.31171829,-0.0449932518,-0.205878373,0.05,0.000375326002,AdvanceRight,advancing_past_measured_edge,0,14,42,0.614838958,0.648528002,1,1,1,0.258225858,-1,100,0,0,0,0,0
17.7,1.31421828,-0.0450022089,-0.204683673,0.05,0.000350304269,AdvanceRight,advancing_past_measured_edge,0,14,42,0.614588082,0.643522376,1,1,1,0.258453697,-1,100,0,0,0,0,0
17.75,1.31671826,-0.0450111155,-0.20356862,0.05,0.000326950651,AdvanceRight,advancing_past_measured_edge,0,14,42,0.614588082,0.643522376,1,1,1,0.258453697,-1,100,0,0,0,0,0
17.8,1.31921825,-0.0450199752,-0.202527904,0.05,0.000305153941,AdvanceRight,advancing_past_measured_edge,0,14,42,0.614340782,0.638531438,1,1,1,0.258682877,-1,100,0,0,0,0,0
17.85,1.32171823,-0.0450287909,-0.201556568,0.05,0.000284810345,AdvanceRight,advancing_past_measured_edge,0,14,42,0.614340782,0.638531438,1,1,1,0.258682877,-1,100,0,0,0,0,0
17.9,1.32421822,-0.0450375657,-0.200649989,0.05,0.000265822988,AdvanceRight,advancing_past_measured_edge,0,14,42,0.614097476,0.633555188,1,1,1,0.258478701,-1,100,0,0,0,0,0
17.95,1.3267182,-0.0450463022,-0.199803848,0.05,0.000248101456,AdvanceRight,advancing_past_measured_edge,0,14,42,0.614097476,0.633555188,1,1,1,0.258478701,-1,100,0,0,0,0,0
18,1.32921819,-0.045055003,-0.199014117,0.05,0.000231561359,AdvanceRight,advancing_past_measured_edge,0,14,42,0.61385864,0.628593687,1,1,1,0.258441776,-1,100,0,0,0,0,0
18.05,1.33171817,-0.0450636706,-0.198277034,0.05,0.000216123935,AdvanceRight,advancing_past_measured_edge,0,14,42,0.61385864,0.628593687,1,1,1,0.258441776,-1,100,0,0,0,0,0
18.1,1.33421816,-0.045072307,-0.19758909,0.05,0.000201715673,AdvanceRight,advancing_past_measured_edge,0,14,42,0.613624692,0.623646814,1,1,1,0.258280963,-1,100,0,0,0,0,0
18.15,1.33671814,-0.0450809144,-0.196947009,0.05,0.000188267961,AdvanceRight,advancing_past_measured_edge,0,14,42,0.613624692,0.623646814,1,1,1,0.258280963,-1,100,0,0,0,0,0
18.2,1.33921813,-0.0450894948,-0.196347734,0.05,0.000175716764,AdvanceRight,advancing_past_measured_edge,0,14,42,0.613396287,0.618714394,1,1,1,0.258374393,-1,100,0,0,0,0,0
18.25,1.34171811,-0.0450980498,-0.19578841,0.05,0.000164002313,AdvanceRight,advancing_past_measured_edge,0,14,42,0.613396287,0.618714394,1,1,1,0.258374393,-1,100,0,0,0,0,0
18.3,1.3442181,-0.0451065813,-0.195266374,0.05,0.000153068825,AdvanceRight,advancing_past_measured_edge,0,14,42,0.613173962,0.613796247,1,1,1,0.258279562,-1,100,0,0,0,0,0
18.35,1.34671808,-0.0451150908,-0.194779141,0.05,0.000142864237,AdvanceRight,advancing_past_measured_edge,0,14,42,0.613173962,0.613796247,1,1,1,0.258279562,-1,100,0,0,0,0,0
18.4,1.34921807,-0.0451235797,-0.19432439,0.05,0.000133339954,AdvanceRight,advancing_past_measured_edge,0,14,42,0.612958372,0.608747187,1,0,1,0.258094847,-1,100,0,0,0,0,0
18.45,1.35171805,-0.0451320494,-0.193899956,0.05,0.000124450624,AdvanceRight,advancing_past_measured_edge,0,14,42,0.612958372,0.608747187,1,0,1,0.258094847,-1,100,0,0,0,0,0
18.5,1.35421804,-0.0451405012,-0.193503817,0.05,0.000116153916,AdvanceRight,advancing_past_measured_edge,0,14,42,0.612750173,0.603701855,1,0,1,0.257972181,-1,100,0,0,0,0,0
18.55,1.35671802,-0.0451489363,-0.193134088,0.05,0.000108410321,AdvanceRight,advancing_past_measured_edge,0,14,42,0.612750173,0.603701855,1,0,1,0.257972181,-1,100,0,0,0,0,0
18.6,1.35921801,-0.0451573559,-0.192789007,0.05,0.000101182967,AdvanceRight,advancing_past_measured_edge,0,14,42,0.612549901,0.598671454,1,0,1,0.258043796,-1,100,0,0,0,0,0
18.65,1.361718,-0.0451657608,-0.192466932,0.05,9.44374356e-05,AdvanceRight,advancing_past_measured_edge,0,14,42,0.612549901,0.598671454,1,0,1,0.258043796,-1,100,0,0,0,0,0
18.7,1.36421798,-0.0451741522,-0.192166328,0.05,8.81416065e-05,AdvanceRight,advancing_past_measured_edge,0,14,42,0.612358332,0.593656104,1,0,1,0.257798702,-1,100,0,0,0,0,0
18.75,1.36671797,-0.0451825309,-0.191885764,0.05,8.22654994e-05,AdvanceRight,advancing_past_measured_edge,0,14,42,0.612358332,0.593656104,1,0,1,0.257798702,-1,100,0,0,0,0,0
18.8,1.36921795,-0.0451908978,-0.191623905,0.05,7.67811328e-05,AdvanceRight,advancing_past_measured_edge,0,14,42,0.61217612,0.588655982,1,0,1,0.257536232,-1,100,0,0,0,0,0
18.85,1.37171794,-0.0451992536,-0.191379503,0.05,7.16623906e-05,AdvanceRight,advancing_past_measured_edge,0,14,42,0.61217612,0.588655982,1,0,1,0.257536232,-1,100,0,0,0,0,0
18.9,1.37421793,-0.0452075991,-0.191151395,0.05,6.68848979e-05,AdvanceRight,advancing_past_measured_edge,0,14,42,0.612003803,0.583671031,1,0,1,0.257457823,-1,100,0,0,0,0,0
18.95,1.37671791,-0.045215935,-0.190938494,0.05,6.24259047e-05,AdvanceRight,advancing_past_measured_edge,0,14,42,0.612003803,0.583671031,1,0,1,0.257457823,-1,100,0,0,0,0,0
19,1.3792179,-0.0452242619,-0.190739786,0.05,5.82641777e-05,AdvanceRight,advancing_past_measured_edge,0,14,42,0.611842096,0.578680473,1,0,1,0.257675797,-1,100,0,0,0,0,0
19.05,1.38171788,-0.0452325804,-0.190554325,0.05,5.43798992e-05,AdvanceRight,advancing_past_measured_edge,0,14,42,0.611842096,0.578680473,1,0,1,0.257675797,-1,100,0,0,0,0,0
19.1,1.38421787,-0.0452408912,-0.190381228,0.05,5.07545726e-05,AdvanceRight,advancing_past_measured_edge,0,14,42,0.611691475,0.573618319,1,0,1,0.258016765,-1,100,0,0,0,0,0
19.15,1.38671786,-0.0452491946,-0.190219672,0.05,4.73709344e-05,AdvanceRight,advancing_past_measured_edge,0,14,42,0.611691475,0.573618319,1,0,1,0.258016765,-1,100,0,0,0,0,0
19.2,1.38921784,-0.0452574912,-0.190068885,0.05,4.42128721e-05,AdvanceRight,advancing_past_measured_edge,0,14,42,0.611552656,0.568570782,1,0,1,0.258095771,-1,100,0,0,0,0,0
19.25,1.39171783,-0.0452657814,-0.189928151,0.05,4.12653473e-05,AdvanceRight,advancing_past_measured_edge,0,14,42,0.611552656,0.568570782,1,0,1,0.258095771,-1,100,0,0,0,0,0
19.3,1.39421782,-0.0452740657,-0.1897968,0.05,3.85143242e-05,AdvanceRight,advancing_past_measured_edge,0,14,42,0.611426115,0.563537978,1,0,1,0.258612007,-1,100,0,0,0,0,0
19.35,1.3967178,-0.0452823444,-0.189674205,0.05,3.59467026e-05,AdvanceRight,advancing_past_measured_edge,0,14,42,0.611426115,0.563537978,1,0,1,0.258612007,-1,100,0,0,0,0,0
19.4,1.39921779,-0.045290618,-0.189559783,0.05,3.35502557e-05,AdvanceRight,advancing_past_measured_edge,0,14,42,0.611312389,0.558520145,1,0,1,0.258640975,-1,100,0,0,0,0,0
19.45,1.40171777,-0.0452988868,-0.189452989,0.05,3.1313572e-05,AdvanceRight,advancing_past_measured_edge,0,14,42,0.611312389,0.558520145,1,0,1,0.258640975,-1,100,0,0,0,0,0
19.5,1.40421776,-0.0453071511,-0.189353315,0.05,2.92260005e-05,AdvanceRight,advancing_past_measured_edge,0,14,42,0.611211956,0.553517281,1,0,1,0.258677751,-1,100,0,0,0,0,0
19.55,1.40671775,-0.0453154111,-0.189260286,0.05,2.72776005e-05,AdvanceRight,advancing_past_measured_edge,0,14,42,0.611211956,0.553517281,1,0,1,0.258677751,-1,100,0,0,0,0,0
19.6,1.40921773,-0.0453236672,-0.189173458,0.05,2.54590938e-05,AdvanceRight,advancing_past_measured_edge,0,14,42,0.611125171,0.548529446,1,0,1,0.259619147,-1,100,0,0,0,0,0
19.65,1.41171772,-0.0453319197,-0.18909242,0.05,2.37618209e-05,AdvanceRight,advancing_past_measured_edge,0,14,42,0.611125171,0.548529446,1,0,1,0.259619147,-1,100,0,0,0,0,0
19.7,1.41421771,-0.0453401687,-0.189016783,0.05,2.21776995e-05,AdvanceRight,advancing_past_measured_edge,0,14,42,0.611052513,0.543556698,1,0,1,0.259718567,-1,100,0,0,0,0,0
19.75,1.41671769,-0.0453484146,-0.188946189,0.05,2.06991862e-05,AdvanceRight,advancing_past_measured_edge,0,14,42,0.611052513,0.543556698,1,0,1,0.259718567,-1,100,0,0,0,0,0
19.8,1.41921768,-0.0453566575,-0.188880302,0.05,1.93192404e-05,AdvanceRight,advancing_past_measured_edge,0,14,42,0.608808041,0.538598803,1,0,1,0.261155128,-1,100,0,0,0,0,0
19.85,1.42171767,-0.0453648976,-0.188818807,0.05,1.80312911e-05,AdvanceRight,advancing_past_measured_edge,0,14,42,0.608808041,0.538598803,1,0,1,0.261155128,-1,100,0,0,0,0,0
19.9,1.42421765,-0.0453731351,-0.188761411,0.05,1.6829205e-05,AdvanceRight,advancing_past_measured_edge,0,14,42,0.603815913,0.533655759,1,0,1,0.264285982,-1,100,0,0,0,0,0
19.95,1.42671764,-0.0453813702,-0.188707842,0.05,1.5707258e-05,AdvanceRight,advancing_past_measured_edge,0,14,42,0.603815913,0.533655759,1,0,1,0.264285982,-1,100,0,0,0,0,0
20,1.42921763,-0.045389603,-0.188657845,0.05,1.46601075e-05,AdvanceRight,advancing_past_measured_edge,0,14,42,0.598838985,0.528727273,1,0,1,0.265256912,-1,100,0,0,0,0,0
20.05,1.43171761,-0.0453978337,-0.18861118,0.05,1.3682767e-05,AdvanceRight,advancing_past_measured_edge,0,14,42,0.598838985,0.528727273,1,0,1,0.265256912,-1,100,0,0,0,0,0
20.1,1.4342176,-0.0454060625,-0.188567627,0.05,1.27705825e-05,AdvanceRight,advancing_past_measured_edge,0,14,42,0.593877196,0.523744495,1,0,1,2.36490512,-1,100,0,0,0,0,0
20.15,1.43671758,-0.0454142894,-0.188526977,0.05,1.19192103e-05,AdvanceRight,advancing_past_measured_edge,0,14,42,0.593877196,0.523744495,1,0,1,2.36490512,-1,100,0,0,0,0,0
20.2,1.43921757,-0.0454225146,-0.188489036,0.05,1.11245963e-05,AdvanceRight,advancing_past_measured_edge,0,14,42,0.588930428,0.518689795,1,0,1,2.34527588,-1,100,0,0,0,0,0
20.25,1.44171756,-0.0454307382,-0.188453626,0.05,1.03829566e-05,AdvanceRight,advancing_past_measured_edge,0,14,42,0.588930428,0.518689795,1,0,1,2.34527588,-1,100,0,0,0,0,0
20.3,1.44421754,-0.0454389603,-0.188420576,0.05,9.69075946e-06,AdvanceRight,advancing_past_measured_edge,0,14,42,0.583998442,0.513649981,1,0,1,2.32563543,-1,100,0,0,0,0,0
20.35,1.44671753,-0.045447181,-0.188389729,0.05,9.04470883e-06,AdvanceRight,advancing_past_measured_edge,0,14,42,0.583998442,0.513649981,1,0,1,2.32563543,-1,100,0,0,0,0,0
20.4,1.44921752,-0.0454554004,-0.188360939,0.05,8.44172824e-06,AdvanceRight,advancing_past_measured_edge,0,14,42,0.579080999,0.508625172,1,0,1,2.41574526,-1,100,0,0,0,0,0
20.45,1.4517175,-0.0454636186,-0.188334068,0.05,7.87894636e-06,AdvanceRight,advancing_past_measured_edge,0,14,42,0.579080999,0.508625172,1,0,1,2.41574526,-1,100,0,0,0,0,0
20.5,1.45421749,-0.0454718357,-0.188308989,0.05,7.35368327e-06,AdvanceRight,advancing_past_measured_edge,0,14,42,0.574177742,0.503615545,1,0,1,2.39520121,-1,100,0,0,0,0,0
20.55,1.45671748,-0.0454800517,-0.188285581,0.05,6.86343772e-06,AdvanceRight,advancing_past_measured_edge,0,14,42,0.574177742,0.503615545,1,0,1,2.39520121,-1,100,0,0,0,0,0
20.6,1.45921746,-0.0454882667,-0.188263734,0.05,6.4058752e-06,AdvanceRight,advancing_past_measured_edge,0,14,42,0.569288373,0.498621042,1,0,1,2.37466598,-1,100,0,0,0,0,0
20.65,1.46171745,-0.0454964808,-0.188243344,0.05,5.97881686e-06,AdvanceRight,advancing_past_measured_edge,0,14,42,0.569288373,0.498621042,1,0,1,2.37466598,-1,100,0,0,0,0,0
20.7,1.46421744,-0.045504694,-0.188224312,0.05,5.58022907e-06,AdvanceRight,advancing_past_measured_edge,0,14,42,0.564412415,0.493641781,1,0,1,2.35413861,-1,100,0,0,0,0,0
20.75,1.46671742,-0.0455129065,-0.18820655,0.05,5.2082138e-06,AdvanceRight,advancing_past_measured_edge,0,14,42,0.564412415,0.493641781,1,0,1,2.35413861,-1,100,0,0,0,0,0
20.8,1.46921741,-0.0455211181,-0.188189972,0.05,4.86099954e-06,AdvanceRight,advancing_past_measured_edge,0,14,42,0.559549391,0.488657503,1,0,1,2.3336184,-1,100,0,0,0,0,0
20.85,1.4717174,-0.0455293291,-0.188174499,0.05,4.53693291e-06,AdvanceRight,advancing_past_measured_edge,0,14,42,0.559549391,0.488657503,1,0,1,2.3336184,-1,100,0,0,0,0,0
20.9,1.47421738,-0.0455375395,-0.188160057,0.05,4.23447071e-06,AdvanceRight,advancing_past_measured_edge,0,14,42,0.554698825,0.483601019,1,0,1,2.31310415,-1,100,0,0,0,0,0
20.95,1.47671737,-0.0455457492,-0.188146578,0.05,3.95217267e-06,AdvanceRight,advancing_past_measured_edge,0,14,42,0.554698825,0.483601019,1,0,1,2.31310415,-1,100,0,0,0,0,0
21,1.47921735,-0.0455539583,-0.188133998,0.05,3.68869449e-06,AdvanceRight,advancing_past_measured_edge,0,14,42,0.549624026,0.478559116,1,0,1,2.41140985,-1,100,0,0,0,0,0
21.05,1.48171734,-0.045562167,-0.188122257,0.05,3.44278152e-06,AdvanceRight,advancing_past_measured_edge,0,14,42,0.549624026,0.478559116,1,0,1,2.41140985,-1,100,0,0,0,0,0
21.1,1.48421733,-0.0455703751,-0.188111298,0.05,3.21326275e-06,AdvanceRight,advancing_past_measured_edge,0,14,42,0.544541717,0.47353203,1,0,1,2.3894763,-1,100,0,0,0,0,0
21.15,1.48671731,-0.0455785827,-0.18810107,0.05,2.99904524e-06,AdvanceRight,advancing_past_measured_edge,0,14,42,0.544541717,0.47353203,1,0,1,2.3894763,-1,100,0,0,0,0,0
21.2,1.4892173,-0.04558679,-0.188091524,0.05,2.79910889e-06,AdvanceRight,advancing_past_measured_edge,0,14,42,0.53947407,0.468519877,1,0,1,2.367558,-1,100,0,0,0,0,0
21.25,1.49171729,-0.0455949968,-0.188082614,0.05,2.61250163e-06,AdvanceRight,advancing_past_measured_edge,0,14,42,0.53947407,0.468519877,1,0,1,2.367558,-1,100,0,0,0,0,0
21.3,1.49421727,-0.0456032033,-0.188074298,0.05,2.43833485e-06,AdvanceRight,advancing_past_measured_edge,0,14,42,0.534421325,0.463522715,1,0,1,2.34565496,-1,100,0,0,0,0,0
21.35,1.49671726,-0.0456114094,-0.188066537,0.05,2.2757792e-06,AdvanceRight,advancing_past_measured_edge,0,14,42,0.534421325,0.463522715,1,0,1,2.34565496,-1,100,0,0,0,0,0
21.4,1.49921725,-0.0456196152,-0.188059293,0.05,2.12406058e-06,AdvanceRight,advancing_past_measured_edge,0,14,42,0.529383659,0.458540545,1,0,1,2.32376742,-1,100,0,0,0,0,0
21.45,1.50171723,-0.0456278206,-0.188052531,0.05,1.98245654e-06,AdvanceRight,advancing_past_measured_edge,0,14,42,0.529383659,0.458540545,1,0,1,2.32376742,-1,100,0,0,0,0,0
21.5,1.50421722,-0.0456360258,-0.188046221,0.05,1.85029277e-06,AdvanceRight,advancing_past_measured_edge,0,14,42,0.524361193,0.45357325,1,0,1,2.30189514,-1,100,0,0,0,0,0
21.55,1.50671721,-0.0456442307,-0.188040331,0.05,1.72693992e-06,AdvanceRight,advancing_past_measured_edge,0,14,42,0.524361193,0.45357325,1,0,1,2.30189514,-1,100,0,0,0,0,0
21.6,1.50921719,-0.0456524354,-0.188034834,0.05,1.61181059e-06,AdvanceRight,advancing_past_measured_edge,0,14,42,0.519353926,0.448620829,1,0,1,2.4130559,-1,100,0,0,0,0,0
21.65,1.51171718,-0.0456606398,-0.188029704,0.05,1.50435656e-06,AdvanceRight,advancing_past_measured_edge,0,14,42,0.519353926,0.448620829,1,0,1,2.4130559,-1,100,0,0,0,0,0
21.7,1.51421717,-0.0456688441,-0.188024915,0.05,1.40406612e-06,AdvanceRight,advancing_past_measured_edge,0,14,42,0.514311671,0.443683049,1,0,1,2.38973689,-1,100,0,0,0,0,0
21.75,1.51671715,-0.0456770481,-0.188020446,0.05,1.31046171e-06,AdvanceRight,advancing_past_measured_edge,0,14,42,0.514311671,0.443683049,1,0,1,2.38973689,-1,100,0,0,0,0,0
21.8,1.51921714,-0.0456852519,-0.188016275,0.05,1.2230976e-06,AdvanceRight,advancing_past_measured_edge,0,14,42,0.509219646,0.438749443,1,0,1,2.36641645,-1,100,0,0,0,0,0
21.85,1.52171713,-0.0456934556,-0.188012381,0.05,1.14155776e-06,AdvanceRight,advancing_past_measured_edge,0,14,42,0.509219646,0.438749443,1,0,1,2.36641645,-1,100,0,0,0,0,0
21.9,1.52421711,-0.0457016591,-0.188008748,0.05,1.06545391e-06,AdvanceRight,advancing_past_measured_edge,0,14,42,0.504141927,0.433706855,1,0,1,2.34309554,-1,100,0,0,0,0,0
21.95,1.5267171,-0.0457098624,-0.188005356,0.05,9.94423646e-07,AdvanceRight,advancing_past_measured_edge,0,14,42,0.504141927,0.433706855,1,0,1,2.34309554,-1,100,0,0,0,0,0
22,1.52921709,-0.0457180656,-0.188002191,0.05,9.28128736e-07,AdvanceRight,advancing_past_measured_edge,0,14,42,0.499056339,0.428658219,1,0,1,2.31977534,-1,100,0,0,0,0,0
22.05,1.53171707,-0.0457262687,-0.187999237,0.05,8.66253487e-07,AdvanceRight,advancing_past_measured_edge,0,14,42,0.499056339,0.428658219,1,0,1,2.31977534,-1,100,0,0,0,0,0
22.1,1.53421706,-0.0457344716,-0.187996479,0.05,8.08503254e-07,AdvanceRight,advancing_past_measured_edge,0,14,42,0.493974119,0.423624461,1,0,1,2.3263247,-1,100,0,0,0,0,0
22.15,1.53671705,-0.0457426744,-0.187993906,0.05,7.54603037e-07,AdvanceRight,advancing_past_measured_edge,0,14,42,0.493974119,0.423624461,1,0,1,2.3263247,-1,100,0,0,0,0,0
22.2,1.53921703,-0.0457508772,-0.187991504,0.05,7.04296168e-07,AdvanceRight,advancing_past_measured_edge,0,14,42,0.488906413,0.418605701,1,0,1,2.41372275,-1,100,0,0,0,0,0
22.25,1.54171702,-0.0457590798,-0.187989262,0.05,6.5734309e-07,AdvanceRight,advancing_past_measured_edge,0,14,42,0.488906413,0.418605701,1,0,1,2.41372275,-1,100,0,0,0,0,0
22.3,1.544217,-0.0457672823,-0.18798717,0.05,6.13520218e-07,AdvanceRight,advancing_past_measured_edge,0,14,42,0.483853549,0.413602026,1,0,1,2.38925385,-1,100,0,0,0,0,0
22.35,1.54671699,-0.0457754847,-0.187985217,0.05,5.7261887e-07,AdvanceRight,advancing_past_measured_edge,0,14,42,0.483853549,0.413602026,1,0,1,2.38925385,-1,100,0,0,0,0,0
22.4,1.54921698,-0.0457836871,-0.187983394,0.05,5.34444279e-07,AdvanceRight,advancing_past_measured_edge,0,14,42,0.478815675,0.408613495,1,0,1,2.36476994,-1,100,0,0,0,0,0
22.45,1.55171696,-0.0457918893,-0.187981693,0.05,4.9881466e-07,AdvanceRight,advancing_past_measured_edge,0,14,42,0.478815675,0.408613495,1,0,1,2.36476994,-1,100,0,0,0,0,0
22.5,1.55421695,-0.0458000915,-0.187980105,0.05,4.65560349e-07,AdvanceRight,advancing_past_measured_edge,0,14,42,0.47379294,0.40364005,1,0,1,2.340271,-1,100,0,0,0,0,0
22.55,1.55671694,-0.0458082937,-0.187978623,0.05,4.34522993e-07,AdvanceRight,advancing_past_measured_edge,0,14,42,0.47379294,0.40364005,1,0,1,2.340271,-1,100,0,0,0,0,0
22.6,1.55921692,-0.0458164957,-0.18797724,0.05,4.05554793e-07,AdvanceRight,advancing_past_measured_edge,0,14,42,0.468785435,0.39866006,1,0,1,2.31575751,-1,100,0,0,0,0,0
22.65,1.56171691,-0.0458246978,-0.187975949,0.05,3.78517807e-07,AdvanceRight,advancing_past_measured_edge,0,14,42,0.468785435,0.39866006,1,0,1,2.31575751,-1,100,0,0,0,0,0
22.7,1.5642169,-0.0458328997,-0.187974744,0.05,3.53283287e-07,AdvanceRight,advancing_past_measured_edge,0,14,42,0.463793218,0.393609721,1,0,1,2.34628177,-1,100,0,0,0,0,0
22.75,1.56671688,-0.0458411016,-0.18797362,0.05,3.29731067e-07,AdvanceRight,advancing_past_measured_edge,0,14,42,0.463793218,0.393609721,1,0,1,2.34628177,-1,100,0,0,0,0,0
22.8,1.56921687,-0.0458493035,-0.18797257,0.05,3.07748996e-07,AdvanceRight,advancing_past_measured_edge,0,14,42,0.45881623,0.388573995,1,0,1,2.40813375,-1,100,0,0,0,0,0
22.85,1.57171686,-0.0458575053,-0.18797159,0.05,2.87232397e-07,AdvanceRight,advancing_past_measured_edge,0,14,42,0.45881623,0.388573995,1,0,1,2.40813375,-1,100,0,0,0,0,0
22.9,1.57421684,-0.0458657071,-0.187970676,0.05,2.6808357e-07,AdvanceRight,advancing_past_measured_edge,0,14,42,0.453854382,0.383552998,1,0,1,2.38236356,-1,100,0,0,0,0,0
22.95,1.57671683,-0.0458739088,-0.187969823,0.05,2.50211332e-07,AdvanceRight,advancing_past_measured_edge,0,14,42,0.453854382,0.383552998,1,0,1,2.38236356,-1,100,0,0,0,0,0
23,1.57921682,-0.0458821105,-0.187969026,0.05,2.33530577e-07,AdvanceRight,advancing_past_measured_edge,0,14,42,0.448907554,0.378546847,1,0,1,2.35658884,-1,100,0,0,0,0,0
23.05,1.5817168,-0.0458903122,-0.187968283,0.05,2.17961871e-07,AdvanceRight,advancing_past_measured_edge,0,14,42,0.448907554,0.378546847,1,0,1,2.35658884,-1,100,0,0,0,0,0
23.1,1.58421679,-0.0458985138,-0.187967589,0.05,2.0343108e-07,AdvanceRight,advancing_past_measured_edge,0,14,42,0.443975508,0.3735556,1,0,1,2.3308084,-1,100,0,0,0,0,0
23.15,1.58671678,-0.0459067154,-0.187966942,0.05,1.89869008e-07,AdvanceRight,advancing_past_measured_edge,0,14,42,0.443975508,0.3735556,1,0,1,2.3308084,-1,100,0,0,0,0,0
23.2,1.58921676,-0.045914917,-0.187966337,0.05,1.77211074e-07,AdvanceRight,advancing_past_measured_edge,0,14,42,0.439058006,0.368579169,1,0,1,2.30502152,-1,100,0,0,0,0,0
23.25,1.59171675,-0.0459231185,-0.187965773,0.05,1.65397003e-07,AdvanceRight,advancing_past_measured_edge,0,14,42,0.439058006,0.368579169,1,0,1,2.30502152,-1,100,0,0,0,0,0
23.3,1.59421674,-0.0459313201,-0.187965247,0.05,1.54370536e-07,AdvanceRight,advancing_past_measured_edge,0,14,42,0.434154749,0.363617555,1,0,1,2.36136532,-1,100,0,0,0,0,0
23.35,1.59671672,-0.0459395216,-0.187964755,0.05,1.44079167e-07,AdvanceRight,advancing_past_measured_edge,0,14,42,0.434154749,0.363617555,1,0,1,2.36136532,-1,100,0,0,0,0,0
23.4,1.59921671,-0.045947723,-0.187964297,0.05,1.34473889e-07,AdvanceRight,advancing_past_measured_edge,0,14,42,0.42926532,0.358670612,1,0,1,2.40101552,-1,100,0,0,0,0,0
23.45,1.6017167,-0.0459559245,-0.187963869,0.05,1.25508963e-07,AdvanceRight,advancing_past_measured_edge,0,14,42,0.42926532,0.358670612,1,0,1,2.40101552,-1,100,0,0,0,0,0
23.5,1.60421668,-0.045964126,-0.187963469,0.05,1.17141699e-07,AdvanceRight,advancing_past_measured_edge,0,14,42,0.424389333,0.353700643,1,0,1,2.37335205,-1,100,0,0,0,0,0
23.55,1.60671667,-0.0459723274,-0.187963096,0.05,1.09332252e-07,AdvanceRight,advancing_past_measured_edge,0,14,42,0.424389333,0.353700643,1,0,1,2.37335205,-1,100,0,0,0,0,0
23.6,1.60921666,-0.0459805288,-0.187962748,0.05,1.02043435e-07,AdvanceRight,advancing_past_measured_edge,0,14,42,0.41946733,0.348735989,1,0,1,2.34570169,-1,100,0,0,0,0,0
23.65,1.61171664,-0.0459887302,-0.187962424,0.05,9.52405397e-08,AdvanceRight,advancing_past_measured_edge,0,14,42,0.41946733,0.348735989,1,0,1,2.34570169,-1,100,0,0,0,0,0
23.7,1.61421663,-0.0459969316,-0.18796212,0.05,8.88911704e-08,AdvanceRight,advancing_past_measured_edge,0,14,42,0.414359003,0.343698097,1,0,1,2.31806421,-1,100,0,0,0,0,0
23.75,1.61671661,-0.046005133,-0.187961837,0.05,8.29650924e-08,AdvanceRight,advancing_past_measured_edge,0,14,42,0.414359003,0.343698097,1,0,1,2.31806421,-1,100,0,0,0,0,0
23.8,1.6192166,-0.0460133343,-0.187961573,0.05,7.74340862e-08,AdvanceRight,advancing_past_measured_edge,0,14,42,0.409264654,0.338655623,1,0,1,2.30573273,-1,100,0,0,0,0,0
23.85,1.62171659,-0.0460215357,-0.187961327,0.05,7.22718138e-08,AdvanceRight,advancing_past_measured_edge,0,14,42,0.409264654,0.338655623,1,0,1,2.30573273,-1,100,0,0,0,0,0
23.9,1.62421657,-0.046029737,-0.187961097,0.05,6.74536929e-08,AdvanceRight,advancing_past_measured_edge,0,14,42,0.404184669,0.33362797,1,0,1,2.36747646,-1,100,0,0,0,0,0
23.95,1.62671656,-0.0460379384,-0.187960882,0.05,6.295678e-08,AdvanceRight,advancing_past_measured_edge,0,14,42,0.404184669,0.33362797,1,0,1,2.36747646,-1,100,0,0,0,0,0
24,1.62921655,-0.0460461397,-0.187960682,0.05,5.87596613e-08,AdvanceRight,advancing_past_measured_edge,0,14,42,0.399119318,0.328615285,1,0,1,2.39959145,-1,100,0,0,0,0,0
24.05,1.63171653,-0.046054341,-0.187960495,0.05,5.48423506e-08,AdvanceRight,advancing_past_measured_edge,0,14,42,0.399119318,0.328615285,1,0,1,2.39959145,-1,100,0,0,0,0,0
24.1,1.63421652,-0.0460625423,-0.18796032,0.05,5.11861939e-08,AdvanceRight,advancing_past_measured_edge,0,14,42,0.394068867,0.323617654,1,0,1,2.36958456,-1,100,0,0,0,0,0
24.15,1.63671651,-0.0460707436,-0.187960157,0.05,4.7773781e-08,AdvanceRight,advancing_past_measured_edge,0,14,42,0.394068867,0.323617654,1,0,1,2.36958456,-1,100,0,0,0,0,0
24.2,1.63921649,-0.0460789449,-0.187960005,0.05,4.45888622e-08,AdvanceRight,advancing_past_measured_edge,0,14,42,0.389033467,0.318635021,1,0,1,2.33958793,-1,100,0,0,0,0,0
24.25,1.64171648,-0.0460871462,-0.187959863,0.05,4.16162714e-08,AdvanceRight,advancing_past_measured_edge,0,14,42,0.389033467,0.318635021,1,0,1,2.33958793,-1,100,0,0,0,0,0
24.3,1.64421647,-0.0460953474,-0.187959731,0.05,3.88418533e-08,AdvanceRight,advancing_past_measured_edge,0,14,42,0.384013265,0.313667355,1,0,1,2.30960226,-1,100,0,0,0,0,0
24.35,1.64671645,-0.0461035487,-0.187959607,0.05,3.62523964e-08,AdvanceRight,advancing_past_measured_edge,0,14,42,0.384013265,0.313667355,1,0,1,2.30960226,-1,100,0,0,0,0,0
24.4,1.64921644,-0.04611175,-0.187959492,0.05,3.383557e-08,AdvanceRight,advancing_past_measured_edge,0,14,42,0.379008293,0.308691919,1,0,1,2.31500912,-1,100,0,0,0,0,0
24.45,1.65171643,-0.0461199512,-0.187959384,0.05,3.15798653e-08,AdvanceRight,advancing_past_measured_edge,0,14,42,0.379008293,0.308691919,1,0,1,2.31500912,-1,100,0,0,0,0,0
24.5,1.65421641,-0.0461281525,-0.187959283,0.05,2.9474541e-08,AdvanceRight,advancing_past_measured_edge,0,14,42,0.37401858,0.303647875,1,0,1,2.36853194,-1,100,0,0,0,0,0
24.55,1.6567164,-0.0461363538,-0.18795919,0.05,2.75095716e-08,AdvanceRight,advancing_past_measured_edge,0,14,42,0.37401858,0.303647875,1,0,1,2.36853194,-1,100,0,0,0,0,0
24.6,1.65921639,-0.046144555,-0.187959102,0,0,TurnRight,right_pivot_ready,0,14,42,0.369044095,0.298618337,1,0,1,2.40212083,-1,100,0,0,0,0,0
24.65,1.66067471,-0.0461493391,-0.187959051,0,-0.6,TurnRight,turning_right_with_feedback,0,14,42,0.369044095,0.298618337,1,0,1,2.40212083,-1,100,0,0,0,0,0
24.7,1.66152537,-0.0461574465,-0.904156265,0,-0.6,TurnRight,turning_right_with_feedback,0,14,42,0.36662516,0.295100789,1,0,1,2.38129616,-1,100,0,0,0,0,0
24.75,1.66202144,-0.0461701867,-2.03813522,0,-0.6,TurnRight,turning_right_with_feedback,0,14,42,0.36662516,0.295100789,1,0,1,2.38129616,-1,100,0,0,0,0,0
24.8,1.66231059,-0.0461839588,-3.41582018,0,-0.6,TurnRight,turning_right_with_feedback,0,14,42,0.365808964,0.290591271,1,0,1,2.30240846,-1,100,0,0,0,0,0
24.85,1.662479,-0.0461962545,-4.93566699,0,-0.6,TurnRight,turning_right_with_feedback,0,14,42,0.365808964,0.290591271,1,0,1,2.30240846,-1,100,0,0,0,0,0
24.9,1.66257701,-0.046206101,-6.53844154,0,-0.6,TurnRight,turning_right_with_feedback,0,14,42,0.365335256,0.286675282,1,0,1,2.20955992,-1,100,0,0,0,0,0
24.95,1.66263399,-0.0462134656,-8.1895906,0,-0.6,TurnRight,turning_right_with_feedback,0,14,42,0.365335256,0.286675282,1,0,1,2.20955992,-1,100,0,0,0,0,0
25,1.66266709,-0.0462187259,-9.86895813,0,-0.6,TurnRight,turning_right_with_feedback,0,14,42,0.365234286,0.281407108,1,0,1,1.42776108,-1,100,0,0,0,0,0
25.05,1.6626863,-0.0462223617,-11.5647864,0,-0.6,TurnRight,turning_right_with_feedback,0,14,42,0.365234286,0.281407108,1,0,1,1.42776108,-1,100,0,0,0,0,0
25.1,1.66269744,-0.0462248142,-13.2702169,0,-0.6,TurnRight,turning_right_with_feedback,0,14,42,0.364621937,0.27872845,1,0,1,1.05293751,-1,100,0,0,0,0,0
25.15,1.66270389,-0.0462264379,-14.9812485,0,-0.6,TurnRight,turning_right_with_feedback,0,14,42,0.364621937,0.27872845,1,0,1,1.05293751,-1,100,0,0,0,0,0
25.2,1.66270763,-0.0462274971,-16.6955476,0,-0.6,TurnRight,turning_right_with_feedback,0,14,42,0.364099801,0.277219877,1,0,1,0.836303115,-1,100,0,0,0,0,0
25.25,1.66270979,-0.0462281799,-18.4117526,0,-0.6,TurnRight,turning_right_with_feedback,0,14,42,0.364099801,0.277219877,1,0,1,0.836303115,-1,100,0,0,0,0,0
25.3,1.66271103,-0.0462286157,-20.1290694,0,-0.6,TurnRight,turning_right_with_feedback,0,14,42,0.363669276,0.276870556,1,0,1,0.696371615,-1,100,0,0,0,0,0
25.35,1.66271175,-0.0462288917,-21.8470348,0,-0.6,TurnRight,turning_right_with_feedback,0,14,42,0.363669276,0.276870556,1,0,1,0.696371615,-1,100,0,0,0,0,0
25.4,1.66271217,-0.0462290651,-23.5653785,0,0,TurnRight,pivot_unobserved,1,0,0,0.36276415,0.277681507,0,0,0,-1,-1,100,0,0,0,0,0
25.45,1.66271241,-0.046229172,-24.5677457,0,0,TurnRight,pivot_unobserved,1,0,0,0.36276415,0.277681507,0,0,0,-1,-1,100,0,0,0,0,0
25.5,1.66271254,-0.0462292363,-25.1524599,0,0,TurnRight,pivot_unobserved,1,0,0,0.362673312,0.278474847,0,0,0,-1,-1,100,0,0,0,0,0
25.55,1.66271263,-0.0462292745,-25.4935432,0,0,TurnRight,pivot_unobserved,1,0,0,0.362673312,0.278474847,0,0,0,-1,-1,100,0,0,0,0,0
25.6,1.66271267,-0.0462292969,-25.6925084,0,0,TurnRight,pivot_unobserved,1,0,0,0.362455845,0.278831088,0,0,0,-1,-1,100,0,0,0,0,0
25.65,1.6627127,-0.0462293101,-25.8085715,0,0,TurnRight,pivot_unobserved,1,0,0,0.362455845,0.278831088,0,0,0,-1,-1,100,0,0,0,0,0
25.7,1.66271272,-0.0462293178,-25.8762749,0,0,TurnRight,pivot_unobserved,1,0,0,0.362356573,0.278988065,0,0,0,-1,-1,100,0,0,0,0,0
25.75,1.66271272,-0.0462293224,-25.9157686,0,0,TurnRight,pivot_unobserved,1,0,0,0.362356573,0.278988065,0,0,0,-1,-1,100,0,0,0,0,0
25.8,1.66271273,-0.046229325,-25.9388066,0,0,TurnRight,pivot_unobserved,1,0,0,0.362317532,0.279071787,0,0,0,-1,-1,100,0,0,0,0,0
25.85,1.66271273,-0.0462293265,-25.9522454,0,0,TurnRight,pivot_unobserved,1,0,0,0.362317532,0.279071787,0,0,0,-1,-1,100,0,0,0,0,0
25.9,1.66271274,-0.0462293274,-25.9600847,0,0,TurnRight,pivot_unobserved,1,0,0,0.362299055,0.279130409,0,0,0,-1,-1,100,0,0,0,0,0
25.95,1.66271274,-0.0462293279,-25.9646577,0,0,TurnRight,pivot_unobserved,1,0,0,0.362299055,0.279130409,0,0,0,-1,-1,100,0,0,0,0,0
26,1.66271274,-0.0462293283,-25.9673252,0,0,TurnRight,pivot_unobserved,1,0,0,0.362288266,0.27918092,0,0,0,-1,-1,100,0,0,0,0,0
26.05,1.66271274,-0.0462293284,-25.9688813,0,0,TurnRight,pivot_unobserved,1,0,0,0.362288266,0.27918092,0,0,0,-1,-1,100,0,0,0,0,0
26.1,1.66271274,-0.0462293285,-25.969789,0,0,TurnRight,pivot_unobserved,1,0,0,0.362280816,0.27922919,0,0,0,-1,-1,100,0,0,0,0,0
26.15,1.66271274,-0.0462293286,-25.9703185,0,0,TurnRight,pivot_unobserved,1,0,0,0.362280816,0.27922919,0,0,0,-1,-1,100,0,0,0,0,0
26.2,1.66271274,-0.0462293286,-25.9706273,0,0,TurnRight,pivot_unobserved,1,0,0,0.362275273,0.279277148,0,0,0,-1,-1,100,0,0,0,0,0
26.25,1.66271274,-0.0462293286,-25.9708075,0,0,TurnRight,pivot_unobserved,1,0,0,0.362275273,0.279277148,0,0,0,-1,-1,100,0,0,0,0,0
26.3,1.66271274,-0.0462293287,-25.9709126,0,0,TurnRight,pivot_unobserved,1,0,0,0.36227116,0.279325503,0,0,0,-1,-1,100,0,0,0,0,0
26.35,1.66271274,-0.0462293287,-25.9709739,0,0,TurnRight,pivot_unobserved,1,0,0,0.36227116,0.279325503,0,0,0,-1,-1,100,0,0,0,0,0
26.4,1.66271274,-0.0462293287,-25.9710097,0,0,TurnRight,pivot_unobserved,1,0,0,0.362268269,0.279374483,0,0,0,-1,-1,100,0,0,0,0,0
26.45,1.66271274,-0.0462293287,-25.9710306,0,0,TurnRight,pivot_unobserved,1,0,0,0.362268269,0.279374483,0,0,0,-1,-1,100,0,0,0,0,0
26.5,1.66271274,-0.0462293287,-25.9710427,0,0,TurnRight,pivot_unobserved,1,0,0,0.362266541,0.279424143,0,0,0,-1,-1,100,0,0,0,0,0
26.55,1.66271274,-0.0462293287,-25.9710498,0,0,TurnRight,pivot_unobserved,1,0,0,0.362266541,0.279424143,0,0,0,-1,-1,100,0,0,0,0,0
26.6,1.66271274,-0.0462293287,-25.971054,0,0,TurnRight,pivot_unobserved,1,0,0,0.362266004,0.279474455,0,0,0,-1,-1,100,0,0,0,0,0
26.65,1.66271274,-0.0462293287,-25.9710564,0,0,TurnRight,pivot_unobserved,1,0,0,0.362266004,0.279474455,0,0,0,-1,-1,100,0,0,0,0,0
26.7,1.66271274,-0.0462293287,-25.9710578,0,0,TurnRight,pivot_unobserved,1,0,0,0.36226663,0.279525476,0,0,0,-1,-1,100,0,0,0,0,0
26.75,1.66271274,-0.0462293287,-25.9710586,0,0,TurnRight,pivot_unobserved,1,0,0,0.36226663,0.279525476,0,0,0,-1,-1,100,0,0,0,0,0
26.8,1.66271274,-0.0462293287,-25.9710591,0,0,TurnRight,pivot_unobserved,1,0,0,0.362268418,0.27957715,0,0,0,-1,-1,100,0,0,0,0,0
26.85,1.66271274,-0.0462293287,-25.9710594,0,0,TurnRight,pivot_unobserved,1,0,0,0.362268418,0.27957715,0,0,0,-1,-1,100,0,0,0,0,0
26.9,1.66271274,-0.0462293287,-25.9710595,0,0,TurnRight,pivot_unobserved,1,0,0,0.362271339,0.279629476,0,0,0,-1,-1,100,0,0,0,0,0
26.95,1.66271274,-0.0462293287,-25.9710596,0,0,TurnRight,pivot_unobserved,1,0,0,0.362271339,0.279629476,0,0,0,-1,-1,100,0,0,0,0,0
27,1.66271274,-0.0462293287,-25.9710597,0,0,TurnRight,pivot_unobserved,1,0,0,0.362275422,0.279682425,0,0,0,-1,-1,100,0,0,0,0,0
27.05,1.66271274,-0.0462293287,-25.9710597,0,0,TurnRight,pivot_unobserved,1,0,0,0.362275422,0.279682425,0,0,0,-1,-1,100,0,0,0,0,0
27.1,1.66271274,-0.0462293287,-25.9710597,0,0,TurnRight,pivot_unobserved,1,0,0,0.362280667,0.279736027,0,0,0,-1,-1,100,0,0,0,0,0
27.15,1.66271274,-0.0462293287,-25.9710597,0,0,TurnRight,pivot_unobserved,1,0,0,0.362280667,0.279736027,0,0,0,-1,-1,100,0,0,0,0,0
27.2,1.66271274,-0.0462293287,-25.9710598,0,0,TurnRight,pivot_unobserved,1,0,0,0.362287045,0.279790225,0,0,0,-1,-1,100,0,0,0,0,0
27.25,1.66271274,-0.0462293287,-25.9710598,0,0,TurnRight,pivot_unobserved,1,0,0,0.362287045,0.279790225,0,0,0,-1,-1,100,0,0,0,0,0
27.3,1.66271274,-0.0462293287,-25.9710598,0,0,TurnRight,pivot_unobserved,1,0,0,0.362294585,0.279845018,0,0,0,-1,-1,100,0,0,0,0,0
27.35,1.66271274,-0.0462293287,-25.9710598,0,0,TurnRight,pivot_unobserved,1,0,0,0.362294585,0.279845018,0,0,0,-1,-1,100,0,0,0,0,0
27.4,1.66271274,-0.0462293287,-25.9710598,0,0,TurnRight,pivot_unobserved,1,0,0,0.362303287,0.279900407,0,0,0,-1,-1,100,0,0,0,0,0
27.45,1.66271274,-0.0462293287,-25.9710598,0,0,TurnRight,pivot_unobserved,1,0,0,0.362303287,0.279900407,0,0,0,-1,-1,100,0,0,0,0,0
27.5,1.66271274,-0.0462293287,-25.9710598,0,0,TurnRight,pivot_unobserved,1,0,0,0.362313122,0.279956335,0,0,0,-1,-1,100,0,0,0,0,0
27.55,1.66271274,-0.0462293287,-25.9710598,0,0,TurnRight,pivot_unobserved,1,0,0,0.362313122,0.279956335,0,0,0,-1,-1,100,0,0,0,0,0
27.6,1.66271274,-0.0462293287,-25.9710598,0,0,TurnRight,pivot_unobserved,1,0,0,0.362324089,0.280012801,0,0,0,-1,-1,100,0,0,0,0,0
27.65,1.66271274,-0.0462293287,-25.9710598,0,0,TurnRight,pivot_unobserved,1,0,0,0.362324089,0.280012801,0,0,0,-1,-1,100,0,0,0,0,0
27.7,1.66271274,-0.0462293287,-25.9710598,0,0,TurnRight,pivot_unobserved,1,0,0,0.362336218,0.280069807,0,0,0,-1,-1,100,0,0,0,0,0
27.75,1.66271274,-0.0462293287,-25.9710598,0,0,TurnRight,pivot_unobserved,1,0,0,0.362336218,0.280069807,0,0,0,-1,-1,100,0,0,0,0,0
27.8,1.66271274,-0.0462293287,-25.9710598,0,0,TurnRight,pivot_unobserved,1,0,0,0.362349451,0.280127323,0,0,0,-1,-1,100,0,0,0,0,0
27.85,1.66271274,-0.0462293287,-25.9710598,0,0,TurnRight,pivot_unobserved,1,0,0,0.362349451,0.280127323,0,0,0,-1,-1,100,0,0,0,0,0
27.9,1.66271274,-0.0462293287,-25.9710598,0,0,TurnRight,pivot_unobserved,1,0,0,0.362363845,0.280185349,0,0,0,-1,-1,100,0,0,0,0,0
27.95,1.66271274,-0.0462293287,-25.9710598,0,0,TurnRight,pivot_unobserved,1,0,0,0.362363845,0.280185349,0,0,0,-1,-1,100,0,0,0,0,0
28,1.66271274,-0.0462293287,-25.9710598,0,0,TurnRight,pivot_unobserved,1,0,0,0.362379372,0.280243829,0,0,0,-1,-1,100,0,0,0,0,0
28.05,1.66271274,-0.0462293287,-25.9710598,0,0,TurnRight,pivot_unobserved,1,0,0,0.362379372,0.280243829,0,0,0,-1,-1,100,0,0,0,0,0
28.1,1.66271274,-0.0462293287,-25.9710598,0,0,TurnRight,pivot_unobserved,1,0,0,0.362396002,0.280302792,0,0,0,-1,-1,100,0,0,0,0,0
28.15,1.66271274,-0.0462293287,-25.9710598,0,0,TurnRight,pivot_unobserved,1,0,0,0.362396002,0.280302792,0,0,0,-1,-1,100,0,0,0,0,0
28.2,1.66271274,-0.0462293287,-25.9710598,0,0,TurnRight,pivot_unobserved,1,0,0,0.362371147,0.280362208,0,0,0,-1,-1,100,0,0,0,0,0
28.25,1.66271274,-0.0462293287,-25.9710598,0,0,TurnRight,pivot_unobserved,1,0,0,0.362371147,0.280362208,0,0,0,-1,-1,100,0,0,0,0,0
28.3,1.66271274,-0.0462293287,-25.9710598,0,0,TurnRight,pivot_unobserved,1,0,0,0.362347215,0.280422021,0,0,0,-1,-1,100,0,0,0,0,0
28.35,1.66271274,-0.0462293287,-25.9710598,0,0,TurnRight,pivot_unobserved,1,0,0,0.362347215,0.280422021,0,0,0,-1,-1,100,0,0,0,0,0
28.4,1.66271274,-0.0462293287,-25.9710598,0,0,TurnRight,pivot_unobserved,1,0,0,0.362324357,0.280482259,0,0,0,-1,-1,100,0,0,0,0,0
28.45,1.66271274,-0.0462293287,-25.9710598,0,0,TurnRight,pivot_unobserved,1,0,0,0.362324357,0.280482259,0,0,0,-1,-1,100,0,0,0,0,0
28.5,1.66271274,-0.0462293287,-25.9710598,0,0,TurnRight,pivot_unobserved,1,0,0,0.362302601,0.280542895,0,0,0,-1,-1,100,0,0,0,0,0
28.55,1.66271274,-0.0462293287,-25.9710598,0,0,TurnRight,pivot_unobserved,1,0,0,0.362302601,0.280542895,0,0,0,-1,-1,100,0,0,0,0,0
28.6,1.66271274,-0.0462293287,-25.9710598,0,0,TurnRight,pivot_unobserved,1,0,0,0.362281948,0.280519979,0,0,0,-1,-1,100,0,0,0,0,0
28.65,1.66271274,-0.0462293287,-25.9710598,0,0,TurnRight,pivot_unobserved,1,0,0,0.362281948,0.280519979,0,0,0,-1,-1,100,0,0,0,0,0
28.7,1.66271274,-0.0462293287,-25.9710598,0,0,TurnRight,pivot_unobserved,1,0,0,0.362262398,0.280489798,0,0,0,-1,-1,100,0,0,0,0,0
28.75,1.66271274,-0.0462293287,-25.9710598,0,0,TurnRight,pivot_unobserved,1,0,0,0.362262398,0.280489798,0,0,0,-1,-1,100,0,0,0,0,0
28.8,1.66271274,-0.0462293287,-25.9710598,0,0,TurnRight,pivot_unobserved,1,0,0,0.36224395,0.280460613,0,0,0,-1,-1,100,0,0,0,0,0
28.85,1.66271274,-0.0462293287,-25.9710598,0,0,TurnRight,pivot_unobserved,1,0,0,0.36224395,0.280460613,0,0,0,-1,-1,100,0,0,0,0,0
28.9,1.66271274,-0.0462293287,-25.9710598,0,0,TurnRight,pivot_unobserved,1,0,0,0.362226635,0.280432396,0,0,0,-1,-1,100,0,0,0,0,0
28.95,1.66271274,-0.0462293287,-25.9710598,0,0,TurnRight,pivot_unobserved,1,0,0,0.362226635,0.280432396,0,0,0,-1,-1,100,0,0,0,0,0
29,1.66271274,-0.0462293287,-25.9710598,0,0,TurnRight,pivot_unobserved,1,0,0,0.362210423,0.280405204,0,0,0,-1,-1,100,0,0,0,0,0
29.05,1.66271274,-0.0462293287,-25.9710598,0,0,TurnRight,pivot_unobserved,1,0,0,0.362210423,0.280405204,0,0,0,-1,-1,100,0,0,0,0,0
29.1,1.66271274,-0.0462293287,-25.9710598,0,0,TurnRight,pivot_unobserved,1,0,0,0.362195343,0.280378981,0,0,0,-1,-1,100,0,0,0,0,0
29.15,1.66271274,-0.0462293287,-25.9710598,0,0,TurnRight,pivot_unobserved,1,0,0,0.362195343,0.280378981,0,0,0,-1,-1,100,0,0,0,0,0
29.2,1.66271274,-0.0462293287,-25.9710598,0,0,TurnRight,pivot_unobserved,1,0,0,0.362181395,0.28035381,0,0,0,-1,-1,100,0,0,0,0,0
29.25,1.66271274,-0.0462293287,-25.9710598,0,0,TurnRight,pivot_unobserved,1,0,0,0.362181395,0.28035381,0,0,0,-1,-1,100,0,0,0,0,0
29.3,1.66271274,-0.0462293287,-25.9710598,0,0,TurnRight,pivot_unobserved,1,0,0,0.36216855,0.280329637,0,0,0,-1,-1,100,0,0,0,0,0
29.35,1.66271274,-0.0462293287,-25.9710598,0,0,TurnRight,pivot_unobserved,1,0,0,0.36216855,0.280329637,0,0,0,-1,-1,100,0,0,0,0,0
29.4,1.66271274,-0.0462293287,-25.9710598,0,0,TurnRight,pivot_unobserved,1,0,0,0.362156868,0.280306517,0,0,0,-1,-1,100,0,0,0,0,0
29.45,1.66271274,-0.0462293287,-25.9710598,0,0,TurnRight,pivot_unobserved,1,0,0,0.362156868,0.280306517,0,0,0,-1,-1,100,0,0,0,0,0
29.5,1.66271274,-0.0462293287,-25.9710598,0,0,TurnRight,pivot_unobserved,1,0,0,0.362146348,0.280284393,0,0,0,-1,-1,100,0,0,0,0,0
29.55,1.66271274,-0.0462293287,-25.9710598,0,0,TurnRight,pivot_unobserved,1,0,0,0.362146348,0.280284393,0,0,0,-1,-1,100,0,0,0,0,0
29.6,1.66271274,-0.0462293287,-25.9710598,0,0,TurnRight,pivot_unobserved,1,0,0,0.36213693,0.280263352,0,0,0,-1,-1,100,0,0,0,0,0
29.65,1.66271274,-0.0462293287,-25.9710598,0,0,TurnRight,pivot_unobserved,1,0,0,0.36213693,0.280263352,0,0,0,-1,-1,100,0,0,0,0,0
29.7,1.66271274,-0.0462293287,-25.9710598,0,0,TurnRight,pivot_unobserved,1,0,0,0.362128675,0.280243335,0,0,0,-1,-1,100,0,0,0,0,0
29.75,1.66271274,-0.0462293287,-25.9710598,0,0,TurnRight,pivot_unobserved,1,0,0,0.362128675,0.280243335,0,0,0,-1,-1,100,0,0,0,0,0
29.8,1.66271274,-0.0462293287,-25.9710598,0,0,TurnRight,pivot_unobserved,1,0,0,0.362121582,0.280224372,0,0,0,-1,-1,100,0,0,0,0,0
29.85,1.66271274,-0.0462293287,-25.9710598,0,0,TurnRight,pivot_unobserved,1,0,0,0.362121582,0.280224372,0,0,0,-1,-1,100,0,0,0,0,0
29.9,1.66271274,-0.0462293287,-25.9710598,0,0,TurnRight,pivot_unobserved,1,0,0,0.362115622,0.280206462,0,0,0,-1,-1,100,0,0,0,0,0
29.95,1.66271274,-0.0462293287,-25.9710598,0,0,TurnRight,pivot_unobserved,1,0,0,0.362115622,0.280206462,0,0,0,-1,-1,100,0,0,0,0,0
30,1.66271274,-0.0462293287,-25.9710598,0,0,TurnRight,pivot_unobserved,1,0,0,0.362110823,0.280189635,0,0,0,-1,-1,100,0,0,0,0,0
30.05,1.66271274,-0.0462293287,-25.9710598,0,0,TurnRight,pivot_unobserved,1,0,0,0.362110823,0.280189635,0,0,0,-1,-1,100,0,0,0,0,0
30.1,1.66271274,-0.0462293287,-25.9710598,0,0,TurnRight,pivot_unobserved,1,0,0,0.362107158,0.280173861,0,0,0,-1,-1,100,0,0,0,0,0
30.15,1.66271274,-0.0462293287,-25.9710598,0,0,TurnRight,pivot_unobserved,1,0,0,0.362107158,0.280173861,0,0,0,-1,-1,100,0,0,0,0,0
30.2,1.66271274,-0.0462293287,-25.9710598,0,0,TurnRight,pivot_unobserved,1,0,0,0.362104684,0.280159169,0,0,0,-1,-1,100,0,0,0,0,0
30.25,1.66271274,-0.0462293287,-25.9710598,0,0,TurnRight,pivot_unobserved,1,0,0,0.362104684,0.280159169,0,0,0,-1,-1,100,0,0,0,0,0
30.3,1.66271274,-0.0462293287,-25.9710598,0,0,TurnRight,pivot_unobserved,1,0,0,0.362103343,0.280145559,0,0,0,-1,-1,100,0,0,0,0,0
30.35,1.66271274,-0.0462293287,-25.9710598,0,0,TurnRight,pivot_unobserved,1,0,0,0.362103343,0.280145559,0,0,0,-1,-1,100,0,0,0,0,0
30.4,1.66271274,-0.0462293287,-25.9710598,0,0,TurnRight,pivot_unobserved,1,0,0,0.362103164,0.28013303,0,0,0,-1,-1,100,0,0,0,0,0
30.45,1.66271274,-0.0462293287,-25.9710598,0,0,TurnRight,pivot_unobserved,1,0,0,0.362103164,0.28013303,0,0,0,-1,-1,100,0,0,0,0,0
30.5,1.66271274,-0.0462293287,-25.9710598,0,0,TurnRight,pivot_unobserved,1,0,0,0.362104118,0.280121584,0,0,0,-1,-1,100,0,0,0,0,0
30.55,1.66271274,-0.0462293287,-25.9710598,0,0,TurnRight,pivot_unobserved,1,0,0,0.362104118,0.280121584,0,0,0,-1,-1,100,0,0,0,0,0
30.6,1.66271274,-0.0462293287,-25.9710598,0,0,TurnRight,pivot_unobserved,1,0,0,0.362106264,0.28011122,0,0,0,-1,-1,100,0,0,0,0,0
30.65,1.66271274,-0.0462293287,-25.9710598,0,0,TurnRight,pivot_unobserved,1,0,0,0.362106264,0.28011122,0,0,0,-1,-1,100,0,0,0,0,0
30.7,1.66271274,-0.0462293287,-25.9710598,0,0,TurnRight,pivot_unobserved,1,0,0,0.362109542,0.280101966,0,0,0,-1,-1,100,0,0,0,0,0
30.75,1.66271274,-0.0462293287,-25.9710598,0,0,TurnRight,pivot_unobserved,1,0,0,0.362109542,0.280101966,0,0,0,-1,-1,100,0,0,0,0,0
30.8,1.66271274,-0.0462293287,-25.9710598,0,0,TurnRight,pivot_unobserved,1,0,0,0.362113982,0.280093795,0,0,0,-1,-1,100,0,0,0,0,0
30.85,1.66271274,-0.0462293287,-25.9710598,0,0,TurnRight,pivot_unobserved,1,0,0,0.362113982,0.280093795,0,0,0,-1,-1,100,0,0,0,0,0
30.9,1.66271274,-0.0462293287,-25.9710598,0,0,TurnRight,pivot_unobserved,1,0,0,0.362119585,0.280086705,0,0,0,-1,-1,100,0,0,0,0,0
30.95,1.66271274,-0.0462293287,-25.9710598,0,0,TurnRight,pivot_unobserved,1,0,0,0.362119585,0.280086705,0,0,0,-1,-1,100,0,0,0,0,0
31,1.66271274,-0.0462293287,-25.9710598,0,0,TurnRight,pivot_unobserved,1,0,0,0.362126321,0.280080725,0,0,0,-1,-1,100,0,0,0,0,0
31.05,1.66271274,-0.0462293287,-25.9710598,0,0,TurnRight,pivot_unobserved,1,0,0,0.362126321,0.280080725,0,0,0,-1,-1,100,0,0,0,0,0
31.1,1.66271274,-0.0462293287,-25.9710598,0,0,TurnRight,pivot_unobserved,1,0,0,0.362134218,0.280075857,0,0,0,-1,-1,100,0,0,0,0,0
31.15,1.66271274,-0.0462293287,-25.9710598,0,0,TurnRight,pivot_unobserved,1,0,0,0.362134218,0.280075857,0,0,0,-1,-1,100,0,0,0,0,0
31.2,1.66271274,-0.0462293287,-25.9710598,0,0,TurnRight,pivot_unobserved,1,0,0,0.362143248,0.280072098,0,0,0,-1,-1,100,0,0,0,0,0
31.25,1.66271274,-0.0462293287,-25.9710598,0,0,TurnRight,pivot_unobserved,1,0,0,0.362143248,0.280072098,0,0,0,-1,-1,100,0,0,0,0,0
31.3,1.66271274,-0.0462293287,-25.9710598,0,0,TurnRight,pivot_unobserved,1,0,0,0.362153441,0.280069422,0,0,0,-1,-1,100,0,0,0,0,0
31.35,1.66271274,-0.0462293287,-25.9710598,0,0,TurnRight,pivot_unobserved,1,0,0,0.362153441,0.280069422,0,0,0,-1,-1,100,0,0,0,0,0
31.4,1.66271274,-0.0462293287,-25.9710598,0,0,TurnRight,pivot_unobserved,1,0,0,0.362164766,0.280067856,0,0,0,-1,-1,100,0,0,0,0,0
31.45,1.66271274,-0.0462293287,-25.9710598,0,0,TurnRight,pivot_unobserved,1,0,0,0.362164766,0.280067856,0,0,0,-1,-1,100,0,0,0,0,0
31.5,1.66271274,-0.0462293287,-25.9710598,0,0,TurnRight,pivot_unobserved,1,0,0,0.362177223,0.2800674,0,0,0,-1,-1,100,0,0,0,0,0
31.55,1.66271274,-0.0462293287,-25.9710598,0,0,TurnRight,pivot_unobserved,1,0,0,0.362177223,0.2800674,0,0,0,-1,-1,100,0,0,0,0,0
31.6,1.66271274,-0.0462293287,-25.9710598,0,0,TurnRight,pivot_unobserved,1,0,0,0.362190813,0.280068026,0,0,0,-1,-1,100,0,0,0,0,0
31.65,1.66271274,-0.0462293287,-25.9710598,0,0,TurnRight,pivot_unobserved,1,0,0,0.362190813,0.280068026,0,0,0,-1,-1,100,0,0,0,0,0
31.7,1.66271274,-0.0462293287,-25.9710598,0,0,TurnRight,pivot_unobserved,1,0,0,0.362205535,0.280069763,0,0,0,-1,-1,100,0,0,0,0,0
31.75,1.66271274,-0.0462293287,-25.9710598,0,0,TurnRight,pivot_unobserved,1,0,0,0.362205535,0.280069763,0,0,0,-1,-1,100,0,0,0,0,0
31.8,1.66271274,-0.0462293287,-25.9710598,0,0,TurnRight,pivot_unobserved,1,0,0,0.36222139,0.280072639,0,0,0,-1,-1,100,0,0,0,0,0
31.85,1.66271274,-0.0462293287,-25.9710598,0,0,TurnRight,pivot_unobserved,1,0,0,0.36222139,0.280072639,0,0,0,-1,-1,100,0,0,0,0,0
31.9,1.66271274,-0.0462293287,-25.9710598,0,0,TurnRight,pivot_unobserved,1,0,0,0.362238377,0.280076568,0,0,0,-1,-1,100,0,0,0,0,0
31.95,1.66271274,-0.0462293287,-25.9710598,0,0,TurnRight,pivot_unobserved,1,0,0,0.362238377,0.280076568,0,0,0,-1,-1,100,0,0,0,0,0
32,1.66271274,-0.0462293287,-25.9710598,0,0,TurnRight,pivot_unobserved,1,0,0,0.362256467,0.280081637,0,0,0,-1,-1,100,0,0,0,0,0
32.05,1.66271274,-0.0462293287,-25.9710598,0,0,TurnRight,pivot_unobserved,1,0,0,0.362256467,0.280081637,0,0,0,-1,-1,100,0,0,0,0,0
32.1,1.66271274,-0.0462293287,-25.9710598,0,0,TurnRight,pivot_unobserved,1,0,0,0.36227566,0.280087787,0,0,0,-1,-1,100,0,0,0,0,0
32.15,1.66271274,-0.0462293287,-25.9710598,0,0,TurnRight,pivot_unobserved,1,0,0,0.36227566,0.280087787,0,0,0,-1,-1,100,0,0,0,0,0
32.2,1.66271274,-0.0462293287,-25.9710598,0,0,TurnRight,pivot_unobserved,1,0,0,0.362295985,0.280095047,0,0,0,-1,-1,100,0,0,0,0,0
32.25,1.66271274,-0.0462293287,-25.9710598,0,0,TurnRight,pivot_unobserved,1,0,0,0.362295985,0.280095047,0,0,0,-1,-1,100,0,0,0,0,0
32.3,1.66271274,-0.0462293287,-25.9710598,0,0,TurnRight,pivot_unobserved,1,0,0,0.362317383,0.28010339,0,0,0,-1,-1,100,0,0,0,0,0
32.35,1.66271274,-0.0462293287,-25.9710598,0,0,TurnRight,pivot_unobserved,1,0,0,0.362317383,0.28010339,0,0,0,-1,-1,100,0,0,0,0,0
32.4,1.66271274,-0.0462293287,-25.9710598,0,0,TurnRight,pivot_unobserved,1,0,0,0.362339884,0.280112843,0,0,0,-1,-1,100,0,0,0,0,0
32.45,1.66271274,-0.0462293287,-25.9710598,0,0,TurnRight,pivot_unobserved,1,0,0,0.362339884,0.280112843,0,0,0,-1,-1,100,0,0,0,0,0
32.5,1.66271274,-0.0462293287,-25.9710598,0,0,TurnRight,pivot_unobserved,1,0,0,0.362363487,0.280123378,0,0,0,-1,-1,100,0,0,0,0,0
32.55,1.66271274,-0.0462293287,-25.9710598,0,0,TurnRight,pivot_unobserved,1,0,0,0.362363487,0.280123378,0,0,0,-1,-1,100,0,0,0,0,0
32.6,1.66271274,-0.0462293287,-25.9710598,0,0,TurnRight,pivot_unobserved,1,0,0,0.362388164,0.280134995,0,0,0,-1,-1,100,0,0,0,0,0
32.65,1.66271274,-0.0462293287,-25.9710598,0,0,TurnRight,pivot_unobserved,1,0,0,0.362388164,0.280134995,0,0,0,-1,-1,100,0,0,0,0,0
32.7,1.66271274,-0.0462293287,-25.9710598,0,0,TurnRight,pivot_unobserved,1,0,0,0.362413913,0.280147694,0,0,0,-1,-1,100,0,0,0,0,0
32.75,1.66271274,-0.0462293287,-25.9710598,0,0,TurnRight,pivot_unobserved,1,0,0,0.362413913,0.280147694,0,0,0,-1,-1,100,0,0,0,0,0
32.8,1.66271274,-0.0462293287,-25.9710598,0,0,TurnRight,pivot_unobserved,1,0,0,0.362440735,0.280161475,0,0,0,-1,-1,100,0,0,0,0,0
32.85,1.66271274,-0.0462293287,-25.9710598,0,0,TurnRight,pivot_unobserved,1,0,0,0.362440735,0.280161475,0,0,0,-1,-1,100,0,0,0,0,0
32.9,1.66271274,-0.0462293287,-25.9710598,0,0,TurnRight,pivot_unobserved,1,0,0,0.3624686,0.280176366,0,0,0,-1,-1,100,0,0,0,0,0
32.95,1.66271274,-0.0462293287,-25.9710598,0,0,TurnRight,pivot_unobserved,1,0,0,0.3624686,0.280176366,0,0,0,-1,-1,100,0,0,0,0,0
33,1.66271274,-0.0462293287,-25.9710598,0,0,TurnRight,pivot_unobserved,1,0,0,0.362497509,0.280192283,0,0,0,-1,-1,100,0,0,0,0,0
33.05,1.66271274,-0.0462293287,-25.9710598,0,0,TurnRight,pivot_unobserved,1,0,0,0.362497509,0.280192283,0,0,0,-1,-1,100,0,0,0,0,0
33.1,1.66271274,-0.0462293287,-25.9710598,0,0,TurnRight,pivot_unobserved,1,0,0,0.36252749,0.28020931,0,0,0,-1,-1,100,0,0,0,0,0
33.15,1.66271274,-0.0462293287,-25.9710598,0,0,TurnRight,pivot_unobserved,1,0,0,0.36252749,0.28020931,0,0,0,-1,-1,100,0,0,0,0,0
33.2,1.66271274,-0.0462293287,-25.9710598,0,0,TurnRight,pivot_unobserved,1,0,0,0.362558484,0.280227362,0,0,0,-1,-1,100,0,0,0,0,0
33.25,1.66271274,-0.0462293287,-25.9710598,0,0,TurnRight,pivot_unobserved,1,0,0,0.362558484,0.280227362,0,0,0,-1,-1,100,0,0,0,0,0
33.3,1.66271274,-0.0462293287,-25.9710598,0,0,TurnRight,pivot_unobserved,1,0,0,0.362590492,0.280246496,0,0,0,-1,-1,100,0,0,0,0,0
33.35,1.66271274,-0.0462293287,-25.9710598,0,0,TurnRight,pivot_unobserved,1,0,0,0.362590492,0.280246496,0,0,0,-1,-1,100,0,0,0,0,0
33.4,1.66271274,-0.0462293287,-25.9710598,0,0,TurnRight,pivot_unobserved,1,0,0,0.362623543,0.280266683,0,0,0,-1,-1,100,0,0,0,0,0
33.45,1.66271274,-0.0462293287,-25.9710598,0,0,TurnRight,pivot_unobserved,1,0,0,0.362623543,0.280266683,0,0,0,-1,-1,100,0,0,0,0,0
33.5,1.66271274,-0.0462293287,-25.9710598,0,0,TurnRight,pivot_unobserved,1,0,0,0.362657577,0.280287924,0,0,0,-1,-1,100,0,0,0,0,0
33.55,1.66271274,-0.0462293287,-25.9710598,0,0,TurnRight,pivot_unobserved,1,0,0,0.362657577,0.280287924,0,0,0,-1,-1,100,0,0,0,0,0
33.6,1.66271274,-0.0462293287,-25.9710598,0,0,TurnRight,pivot_unobserved,1,0,0,0.362692624,0.28031019,0,0,0,-1,-1,100,0,0,0,0,0
33.65,1.66271274,-0.0462293287,-25.9710598,0,0,TurnRight,pivot_unobserved,1,0,0,0.362692624,0.28031019,0,0,0,-1,-1,100,0,0,0,0,0
33.7,1.66271274,-0.0462293287,-25.9710598,0,0,TurnRight,pivot_unobserved,1,0,0,0.362674981,0.280333481,0,0,0,-1,-1,100,0,0,0,0,0
33.75,1.66271274,-0.0462293287,-25.9710598,0,0,TurnRight,pivot_unobserved,1,0,0,0.362674981,0.280333481,0,0,0,-1,-1,100,0,0,0,0,0
33.8,1.66271274,-0.0462293287,-25.9710598,0,0,TurnRight,pivot_unobserved,1,0,0,0.362641484,0.280357825,0,0,0,-1,-1,100,0,0,0,0,0
33.85,1.66271274,-0.0462293287,-25.9710598,0,0,TurnRight,pivot_unobserved,1,0,0,0.362641484,0.280357825,0,0,0,-1,-1,100,0,0,0,0,0
33.9,1.66271274,-0.0462293287,-25.9710598,0,0,TurnRight,pivot_unobserved,1,0,0,0.362608999,0.280383166,0,0,0,-1,-1,100,0,0,0,0,0
33.95,1.66271274,-0.0462293287,-25.9710598,0,0,TurnRight,pivot_unobserved,1,0,0,0.362608999,0.280383166,0,0,0,-1,-1,100,0,0,0,0,0
34,1.66271274,-0.0462293287,-25.9710598,0,0,TurnRight,pivot_unobserved,1,0,0,0.362577558,0.280409532,0,0,0,-1,-1,100,0,0,0,0,0
34.05,1.66271274,-0.0462293287,-25.9710598,0,0,TurnRight,pivot_unobserved,1,0,0,0.362577558,0.280409532,0,0,0,-1,-1,100,0,0,0,0,0
34.1,1.66271274,-0.0462293287,-25.9710598,0,0,TurnRight,pivot_unobserved,1,0,0,0.362547129,0.280436895,0,0,0,-1,-1,100,0,0,0,0,0
34.15,1.66271274,-0.0462293287,-25.9710598,0,0,TurnRight,pivot_unobserved,1,0,0,0.362547129,0.280436895,0,0,0,-1,-1,100,0,0,0,0,0
34.2,1.66271274,-0.0462293287,-25.9710598,0,0,TurnRight,pivot_unobserved,1,0,0,0.362517744,0.280465283,0,0,0,-1,-1,100,0,0,0,0,0
34.25,1.66271274,-0.0462293287,-25.9710598,0,0,TurnRight,pivot_unobserved,1,0,0,0.362517744,0.280465283,0,0,0,-1,-1,100,0,0,0,0,0
34.3,1.66271274,-0.0462293287,-25.9710598,0,0,TurnRight,pivot_unobserved,1,0,0,0.362489402,0.280494638,0,0,0,-1,-1,100,0,0,0,0,0
34.35,1.66271274,-0.0462293287,-25.9710598,0,0,TurnRight,pivot_unobserved,1,0,0,0.362489402,0.280494638,0,0,0,-1,-1,100,0,0,0,0,0
34.4,1.66271274,-0.0462293287,-25.9710598,0,0,TurnRight,pivot_unobserved,1,0,0,0.362462133,0.280524962,0,0,0,-1,-1,100,0,0,0,0,0
34.45,1.66271274,-0.0462293287,-25.9710598,0,0,TurnRight,pivot_unobserved,1,0,0,0.362462133,0.280524962,0,0,0,-1,-1,100,0,0,0,0,0
34.5,1.66271274,-0.0462293287,-25.9710598,0,0,TurnRight,pivot_unobserved,1,0,0,0.362435907,0.280556282,0,0,0,-1,-1,100,0,0,0,0,0
34.55,1.66271274,-0.0462293287,-25.9710598,0,0,TurnRight,pivot_unobserved,1,0,0,0.362435907,0.280556282,0,0,0,-1,-1,100,0,0,0,0,0
34.6,1.66271274,-0.0462293287,-25.9710598,0,0,TurnRight,pivot_unobserved,1,0,0,0.362410754,0.280588542,0,0,0,-1,-1,100,0,0,0,0,0
34.65,1.66271274,-0.0462293287,-25.9710598,0,0,TurnRight,pivot_unobserved,1,0,0,0.362410754,0.280588542,0,0,0,-1,-1,100,0,0,0,0,0
34.7,1.66271274,-0.0462293287,-25.9710598,0,0,TurnRight,pivot_unobserved,1,0,0,0.362386674,0.28062177,0,0,0,-1,-1,100,0,0,0,0,0
34.75,1.66271274,-0.0462293287,-25.9710598,0,0,TurnRight,pivot_unobserved,1,0,0,0.362386674,0.28062177,0,0,0,-1,-1,100,0,0,0,0,0
34.8,1.66271274,-0.0462293287,-25.9710598,0,0,TurnRight,pivot_unobserved,1,0,0,0.362363696,0.280655938,0,0,0,-1,-1,100,0,0,0,0,0
34.85,1.66271274,-0.0462293287,-25.9710598,0,0,TurnRight,pivot_unobserved,1,0,0,0.362363696,0.280655938,0,0,0,-1,-1,100,0,0,0,0,0
34.9,1.66271274,-0.0462293287,-25.9710598,0,0,TurnRight,pivot_unobserved,1,0,0,0.362341791,0.280691045,0,0,0,-1,-1,100,0,0,0,0,0
34.95,1.66271274,-0.0462293287,-25.9710598,0,0,TurnRight,pivot_unobserved,1,0,0,0.362341791,0.280691045,0,0,0,-1,-1,100,0,0,0,0,0
35,1.66271274,-0.0462293287,-25.9710598,0,0,TurnRight,pivot_unobserved,1,0,0,0.362320989,0.280727092,0,0,0,-1,-1,100,0,0,0,0,0
35.05,1.66271274,-0.0462293287,-25.9710598,0,0,TurnRight,pivot_unobserved,1,0,0,0.362320989,0.280727092,0,0,0,-1,-1,100,0,0,0,0,0
35.1,1.66271274,-0.0462293287,-25.9710598,0,0,TurnRight,pivot_unobserved,1,0,0,0.36230129,0.280764022,0,0,0,-1,-1,100,0,0,0,0,0
35.15,1.66271274,-0.0462293287,-25.9710598,0,0,TurnRight,pivot_unobserved,1,0,0,0.36230129,0.280764022,0,0,0,-1,-1,100,0,0,0,0,0
35.2,1.66271274,-0.0462293287,-25.9710598,0,0,TurnRight,pivot_unobserved,1,0,0,0.362282723,0.280801863,0,0,0,-1,-1,100,0,0,0,0,0
35.25,1.66271274,-0.0462293287,-25.9710598,0,0,TurnRight,pivot_unobserved,1,0,0,0.362282723,0.280801863,0,0,0,-1,-1,100,0,0,0,0,0
35.3,1.66271274,-0.0462293287,-25.9710598,0,0,TurnRight,pivot_unobserved,1,0,0,0.362265229,0.280840614,0,0,0,-1,-1,100,0,0,0,0,0
35.35,1.66271274,-0.0462293287,-25.9710598,0,0,TurnRight,pivot_unobserved,1,0,0,0.362265229,0.280840614,0,0,0,-1,-1,100,0,0,0,0,0
35.4,1.66271274,-0.0462293287,-25.9710598,0,0,TurnRight,pivot_unobserved,1,0,0,0.362248898,0.28088022,0,0,0,-1,-1,100,0,0,0,0,0
35.45,1.66271274,-0.0462293287,-25.9710598,0,0,TurnRight,pivot_unobserved,1,0,0,0.362248898,0.28088022,0,0,0,-1,-1,100,0,0,0,0,0
35.5,1.66271274,-0.0462293287,-25.9710598,0,0,TurnRight,pivot_unobserved,1,0,0,0.362233669,0.280920709,0,0,0,-1,-1,100,0,0,0,0,0
35.55,1.66271274,-0.0462293287,-25.9710598,0,0,TurnRight,pivot_unobserved,1,0,0,0.362233669,0.280920709,0,0,0,-1,-1,100,0,0,0,0,0
35.6,1.66271274,-0.0462293287,-25.9710598,0,0,TurnRight,pivot_unobserved,1,0,0,0.362219572,0.28096208,0,0,0,-1,-1,100,0,0,0,0,0
35.65,1.66271274,-0.0462293287,-25.9710598,0,0,TurnRight,pivot_unobserved,1,0,0,0.362219572,0.28096208,0,0,0,-1,-1,100,0,0,0,0,0
35.7,1.66271274,-0.0462293287,-25.9710598,0,0,TurnRight,pivot_unobserved,1,0,0,0.362206608,0.281004249,0,0,0,-1,-1,100,0,0,0,0,0
35.75,1.66271274,-0.0462293287,-25.9710598,0,0,TurnRight,pivot_unobserved,1,0,0,0.362206608,0.281004249,0,0,0,-1,-1,100,0,0,0,0,0
35.8,1.66271274,-0.0462293287,-25.9710598,0,0,TurnRight,pivot_unobserved,1,0,0,0.362194777,0.2810473,0,0,0,-1,-1,100,0,0,0,0,0
35.85,1.66271274,-0.0462293287,-25.9710598,0,0,TurnRight,pivot_unobserved,1,0,0,0.362194777,0.2810473,0,0,0,-1,-1,100,0,0,0,0,0
35.9,1.66271274,-0.0462293287,-25.9710598,0,0,TurnRight,pivot_unobserved,1,0,0,0.362184078,0.281091149,0,0,0,-1,-1,100,0,0,0,0,0
35.95,1.66271274,-0.0462293287,-25.9710598,0,0,TurnRight,pivot_unobserved,1,0,0,0.362184078,0.281091149,0,0,0,-1,-1,100,0,0,0,0,0
36,1.66271274,-0.0462293287,-25.9710598,0,0,TurnRight,pivot_unobserved,1,0,0,0.362174541,0.281135795,0,0,0,-1,-1,100,0,0,0,0,0
36.05,1.66271274,-0.0462293287,-25.9710598,0,0,TurnRight,pivot_unobserved,1,0,0,0.362174541,0.281135795,0,0,0,-1,-1,100,0,0,0,0,0
36.1,1.66271274,-0.0462293287,-25.9710598,0,0,TurnRight,pivot_unobserved,1,0,0,0.362166137,0.281181238,0,0,0,-1,-1,100,0,0,0,0,0
36.15,1.66271274,-0.0462293287,-25.9710598,0,0,TurnRight,pivot_unobserved,1,0,0,0.362166137,0.281181238,0,0,0,-1,-1,100,0,0,0,0,0
36.2,1.66271274,-0.0462293287,-25.9710598,0,0,TurnRight,pivot_unobserved,1,0,0,0.362158865,0.281227478,0,0,0,-1,-1,100,0,0,0,0,0
36.25,1.66271274,-0.0462293287,-25.9710598,0,0,TurnRight,pivot_unobserved,1,0,0,0.362158865,0.281227478,0,0,0,-1,-1,100,0,0,0,0,0
36.3,1.66271274,-0.0462293287,-25.9710598,0,0,TurnRight,pivot_unobserved,1,0,0,0.362152785,0.281274487,0,0,0,-1,-1,100,0,0,0,0,0
36.35,1.66271274,-0.0462293287,-25.9710598,0,0,TurnRight,pivot_unobserved,1,0,0,0.362152785,0.281274487,0,0,0,-1,-1,100,0,0,0,0,0
36.4,1.66271274,-0.0462293287,-25.9710598,0,0,TurnRight,pivot_unobserved,1,0,0,0.362147808,0.281322236,0,0,0,-1,-1,100,0,0,0,0,0
36.45,1.66271274,-0.0462293287,-25.9710598,0,0,TurnRight,pivot_unobserved,1,0,0,0.362147808,0.281322236,0,0,0,-1,-1,100,0,0,0,0,0
36.5,1.66271274,-0.0462293287,-25.9710598,0,0,TurnRight,pivot_unobserved,1,0,0,0.362144023,0.281370754,0,0,0,-1,-1,100,0,0,0,0,0
36.55,1.66271274,-0.0462293287,-25.9710598,0,0,TurnRight,pivot_unobserved,1,0,0,0.362144023,0.281370754,0,0,0,-1,-1,100,0,0,0,0,0
36.6,1.66271274,-0.0462293287,-25.9710598,0,0,TurnRight,pivot_unobserved,1,0,0,0.362141371,0.281419984,0,0,0,-1,-1,100,0,0,0,0,0
36.65,1.66271274,-0.0462293287,-25.9710598,0,0,TurnRight,pivot_unobserved,1,0,0,0.362141371,0.281419984,0,0,0,-1,-1,100,0,0,0,0,0
36.7,1.66271274,-0.0462293287,-25.9710598,0,0,TurnRight,pivot_unobserved,1,0,0,0.36213991,0.281469926,0,0,0,-1,-1,100,0,0,0,0,0
36.75,1.66271274,-0.0462293287,-25.9710598,0,0,TurnRight,pivot_unobserved,1,0,0,0.36213991,0.281469926,0,0,0,-1,-1,100,0,0,0,0,0
36.8,1.66271274,-0.0462293287,-25.9710598,0,0,TurnRight,pivot_unobserved,1,0,0,0.362139553,0.281520551,0,0,0,-1,-1,100,0,0,0,0,0
36.85,1.66271274,-0.0462293287,-25.9710598,0,0,TurnRight,pivot_unobserved,1,0,0,0.362139553,0.281520551,0,0,0,-1,-1,100,0,0,0,0,0
36.9,1.66271274,-0.0462293287,-25.9710598,0,0,TurnRight,pivot_unobserved,1,0,0,0.362140387,0.281571888,0,0,0,-1,-1,100,0,0,0,0,0
36.95,1.66271274,-0.0462293287,-25.9710598,0,0,TurnRight,pivot_unobserved,1,0,0,0.362140387,0.281571888,0,0,0,-1,-1,100,0,0,0,0,0
37,1.66271274,-0.0462293287,-25.9710598,0,0,TurnRight,pivot_unobserved,1,0,0,0.362142384,0.28162388,0,0,0,-1,-1,100,0,0,0,0,0
37.05,1.66271274,-0.0462293287,-25.9710598,0,0,TurnRight,pivot_unobserved,1,0,0,0.362142384,0.28162388,0,0,0,-1,-1,100,0,0,0,0,0
37.1,1.66271274,-0.0462293287,-25.9710598,0,0,TurnRight,pivot_unobserved,1,0,0,0.362145513,0.281676526,0,0,0,-1,-1,100,0,0,0,0,0
37.15,1.66271274,-0.0462293287,-25.9710598,0,0,TurnRight,pivot_unobserved,1,0,0,0.362145513,0.281676526,0,0,0,-1,-1,100,0,0,0,0,0
37.2,1.66271274,-0.0462293287,-25.9710598,0,0,TurnRight,pivot_unobserved,1,0,0,0.362149805,0.281729828,0,0,0,-1,-1,100,0,0,0,0,0
37.25,1.66271274,-0.0462293287,-25.9710598,0,0,TurnRight,pivot_unobserved,1,0,0,0.362149805,0.281729828,0,0,0,-1,-1,100,0,0,0,0,0
37.3,1.66271274,-0.0462293287,-25.9710598,0,0,TurnRight,pivot_unobserved,1,0,0,0.362155229,0.281783728,0,0,0,-1,-1,100,0,0,0,0,0
37.35,1.66271274,-0.0462293287,-25.9710598,0,0,TurnRight,pivot_unobserved,1,0,0,0.362155229,0.281783728,0,0,0,-1,-1,100,0,0,0,0,0
37.4,1.66271274,-0.0462293287,-25.9710598,0,0,TurnRight,pivot_unobserved,1,0,0,0.362161845,0.281838253,0,0,0,-1,-1,100,0,0,0,0,0
37.45,1.66271274,-0.0462293287,-25.9710598,0,0,TurnRight,pivot_unobserved,1,0,0,0.362161845,0.281838253,0,0,0,-1,-1,100,0,0,0,0,0
37.5,1.66271274,-0.0462293287,-25.9710598,0,0,TurnRight,pivot_unobserved,1,0,0,0.362169594,0.281893377,0,0,0,-1,-1,100,0,0,0,0,0
37.55,1.66271274,-0.0462293287,-25.9710598,0,0,TurnRight,pivot_unobserved,1,0,0,0.362169594,0.281893377,0,0,0,-1,-1,100,0,0,0,0,0
37.6,1.66271274,-0.0462293287,-25.9710598,0,0,TurnRight,pivot_unobserved,1,0,0,0.362178475,0.281949071,0,0,0,-1,-1,100,0,0,0,0,0
37.65,1.66271274,-0.0462293287,-25.9710598,0,0,TurnRight,pivot_unobserved,1,0,0,0.362178475,0.281949071,0,0,0,-1,-1,100,0,0,0,0,0
37.7,1.66271274,-0.0462293287,-25.9710598,0,0,TurnRight,pivot_unobserved,1,0,0,0.362188518,0.282005305,0,0,0,-1,-1,100,0,0,0,0,0
37.75,1.66271274,-0.0462293287,-25.9710598,0,0,TurnRight,pivot_unobserved,1,0,0,0.362188518,0.282005305,0,0,0,-1,-1,100,0,0,0,0,0
37.8,1.66271274,-0.0462293287,-25.9710598,0,0,TurnRight,pivot_unobserved,1,0,0,0.362199694,0.282062109,0,0,0,-1,-1,100,0,0,0,0,0
37.85,1.66271274,-0.0462293287,-25.9710598,0,0,TurnRight,pivot_unobserved,1,0,0,0.362199694,0.282062109,0,0,0,-1,-1,100,0,0,0,0,0
37.9,1.66271274,-0.0462293287,-25.9710598,0,0,TurnRight,pivot_unobserved,1,0,0,0.362212002,0.282119425,0,0,0,-1,-1,100,0,0,0,0,0
37.95,1.66271274,-0.0462293287,-25.9710598,0,0,TurnRight,pivot_unobserved,1,0,0,0.362212002,0.282119425,0,0,0,-1,-1,100,0,0,0,0,0
38,1.66271274,-0.0462293287,-25.9710598,0,0,TurnRight,pivot_unobserved,1,0,0,0.362225443,0.282177282,0,0,0,-1,-1,100,0,0,0,0,0
38.05,1.66271274,-0.0462293287,-25.9710598,0,0,TurnRight,pivot_unobserved,1,0,0,0.362225443,0.282177282,0,0,0,-1,-1,100,0,0,0,0,0
38.1,1.66271274,-0.0462293287,-25.9710598,0,0,TurnRight,pivot_unobserved,1,0,0,0.362240046,0.282235595,0,0,0,-1,-1,100,0,0,0,0,0
38.15,1.66271274,-0.0462293287,-25.9710598,0,0,TurnRight,pivot_unobserved,1,0,0,0.362240046,0.282235595,0,0,0,-1,-1,100,0,0,0,0,0
38.2,1.66271274,-0.0462293287,-25.9710598,0,0,TurnRight,pivot_unobserved,1,0,0,0.362255752,0.28229442,0,0,0,-1,-1,100,0,0,0,0,0
38.25,1.66271274,-0.0462293287,-25.9710598,0,0,TurnRight,pivot_unobserved,1,0,0,0.362255752,0.28229442,0,0,0,-1,-1,100,0,0,0,0,0
38.3,1.66271274,-0.0462293287,-25.9710598,0,0,TurnRight,pivot_unobserved,1,0,0,0.36227259,0.282353673,0,0,0,-1,-1,100,0,0,0,0,0
38.35,1.66271274,-0.0462293287,-25.9710598,0,0,TurnRight,pivot_unobserved,1,0,0,0.36227259,0.282353673,0,0,0,-1,-1,100,0,0,0,0,0
38.4,1.66271274,-0.0462293287,-25.9710598,0,0,TurnRight,pivot_unobserved,1,0,0,0.362290531,0.282413381,0,0,0,-1,-1,100,0,0,0,0,0
38.45,1.66271274,-0.0462293287,-25.9710598,0,0,TurnRight,pivot_unobserved,1,0,0,0.362290531,0.282413381,0,0,0,-1,-1,100,0,0,0,0,0
38.5,1.66271274,-0.0462293287,-25.9710598,0,0,TurnRight,pivot_unobserved,1,0,0,0.362309605,0.282473516,0,0,0,-1,-1,100,0,0,0,0,0
38.55,1.66271274,-0.0462293287,-25.9710598,0,0,TurnRight,pivot_unobserved,1,0,0,0.362309605,0.282473516,0,0,0,-1,-1,100,0,0,0,0,0
38.6,1.66271274,-0.0462293287,-25.9710598,0,0,TurnRight,pivot_unobserved,1,0,0,0.362329751,0.282534078,0,0,0,-1,-1,100,0,0,0,0,0
38.65,1.66271274,-0.0462293287,-25.9710598,0,0,TurnRight,pivot_unobserved,1,0,0,0.362329751,0.282534078,0,0,0,-1,-1,100,0,0,0,0,0
38.7,1.66271274,-0.0462293287,-25.9710598,0,0,TurnRight,pivot_unobserved,1,0,0,0.36235103,0.282587336,0,0,0,-1,-1,100,0,0,0,0,0
38.75,1.66271274,-0.0462293287,-25.9710598,0,0,TurnRight,pivot_unobserved,1,0,0,0.36235103,0.282587336,0,0,0,-1,-1,100,0,0,0,0,0
38.8,1.66271274,-0.0462293287,-25.9710598,0,0,TurnRight,pivot_unobserved,1,0,0,0.362373382,0.282556212,0,0,0,-1,-1,100,0,0,0,0,0
38.85,1.66271274,-0.0462293287,-25.9710598,0,0,TurnRight,pivot_unobserved,1,0,0,0.362373382,0.282556212,0,0,0,-1,-1,100,0,0,0,0,0
38.9,1.66271274,-0.0462293287,-25.9710598,0,0,TurnRight,pivot_unobserved,1,0,0,0.362361193,0.282526116,0,0,0,-1,-1,100,0,0,0,0,0
38.95,1.66271274,-0.0462293287,-25.9710598,0,0,TurnRight,pivot_unobserved,1,0,0,0.362361193,0.282526116,0,0,0,-1,-1,100,0,0,0,0,0
39,1.66271274,-0.0462293287,-25.9710598,0,0,TurnRight,pivot_unobserved,1,0,0,0.362342954,0.282496964,0,0,0,-1,-1,100,0,0,0,0,0
39.05,1.66271274,-0.0462293287,-25.9710598,0,0,TurnRight,pivot_unobserved,1,0,0,0.362342954,0.282496964,0,0,0,-1,-1,100,0,0,0,0,0
39.1,1.66271274,-0.0462293287,-25.9710598,0,0,TurnRight,pivot_unobserved,1,0,0,0.362325817,0.28246884,0,0,0,-1,-1,100,0,0,0,0,0
39.15,1.66271274,-0.0462293287,-25.9710598,0,0,TurnRight,pivot_unobserved,1,0,0,0.362325817,0.28246884,0,0,0,-1,-1,100,0,0,0,0,0
39.2,1.66271274,-0.0462293287,-25.9710598,0,0,TurnRight,pivot_unobserved,1,0,0,0.362309813,0.282441689,0,0,0,-1,-1,100,0,0,0,0,0
39.25,1.66271274,-0.0462293287,-25.9710598,0,0,TurnRight,pivot_unobserved,1,0,0,0.362309813,0.282441689,0,0,0,-1,-1,100,0,0,0,0,0
39.3,1.66271274,-0.0462293287,-25.9710598,0,0,TurnRight,pivot_unobserved,1,0,0,0.362294912,0.282415566,0,0,0,-1,-1,100,0,0,0,0,0
39.35,1.66271274,-0.0462293287,-25.9710598,0,0,TurnRight,pivot_unobserved,1,0,0,0.362294912,0.282415566,0,0,0,-1,-1,100,0,0,0,0,0
39.4,1.66271274,-0.0462293287,-25.9710598,0,0,TurnRight,pivot_unobserved,1,0,0,0.362281173,0.282390472,0,0,0,-1,-1,100,0,0,0,0,0
39.45,1.66271274,-0.0462293287,-25.9710598,0,0,TurnRight,pivot_unobserved,1,0,0,0.362281173,0.282390472,0,0,0,-1,-1,100,0,0,0,0,0
39.5,1.66271274,-0.0462293287,-25.9710598,0,0,TurnRight,pivot_unobserved,1,0,0,0.362268537,0.282366407,0,0,0,-1,-1,100,0,0,0,0,0
39.55,1.66271274,-0.0462293287,-25.9710598,0,0,TurnRight,pivot_unobserved,1,0,0,0.362268537,0.282366407,0,0,0,-1,-1,100,0,0,0,0,0
39.6,1.66271274,-0.0462293287,-25.9710598,0,0,TurnRight,pivot_unobserved,1,0,0,0.362257063,0.282343371,0,0,0,-1,-1,100,0,0,0,0,0
39.65,1.66271274,-0.0462293287,-25.9710598,0,0,TurnRight,pivot_unobserved,1,0,0,0.362257063,0.282343371,0,0,0,-1,-1,100,0,0,0,0,0
39.7,1.66271274,-0.0462293287,-25.9710598,0,0,TurnRight,pivot_unobserved,1,0,0,0.362246722,0.282321364,0,0,0,-1,-1,100,0,0,0,0,0
39.75,1.66271274,-0.0462293287,-25.9710598,0,0,TurnRight,pivot_unobserved,1,0,0,0.362246722,0.282321364,0,0,0,-1,-1,100,0,0,0,0,0
39.8,1.66271274,-0.0462293287,-25.9710598,0,0,TurnRight,pivot_unobserved,1,0,0,0.362237543,0.282300414,0,0,0,-1,-1,100,0,0,0,0,0
39.85,1.66271274,-0.0462293287,-25.9710598,0,0,TurnRight,pivot_unobserved,1,0,0,0.362237543,0.282300414,0,0,0,-1,-1,100,0,0,0,0,0
39.9,1.66271274,-0.0462293287,-25.9710598,0,0,TurnRight,pivot_unobserved,1,0,0,0.362229466,0.282280493,0,0,0,-1,-1,100,0,0,0,0,0
39.95,1.66271274,-0.0462293287,-25.9710598,0,0,TurnRight,pivot_unobserved,1,0,0,0.362229466,0.282280493,0,0,0,-1,-1,100,0,0,0,0,0
40,1.66271274,-0.0462293287,-25.9710598,0,0,TurnRight,pivot_unobserved,1,0,0,0.362222582,0.282261658,0,0,0,-1,-1,100,0,0,0,0,0
40.05,1.66271274,-0.0462293287,-25.9710598,0,0,TurnRight,pivot_unobserved,1,0,0,0.362222582,0.282261658,0,0,0,-1,-1,100,0,0,0,0,0
40.1,1.66271274,-0.0462293287,-25.9710598,0,0,TurnRight,pivot_unobserved,1,0,0,0.36221683,0.282243881,0,0,0,-1,-1,100,0,0,0,0,0
40.15,1.66271274,-0.0462293287,-25.9710598,0,0,TurnRight,pivot_unobserved,1,0,0,0.36221683,0.282243881,0,0,0,-1,-1,100,0,0,0,0,0
40.2,1.66271274,-0.0462293287,-25.9710598,0,0,TurnRight,pivot_unobserved,1,0,0,0.362212211,0.282227161,0,0,0,-1,-1,100,0,0,0,0,0
40.25,1.66271274,-0.0462293287,-25.9710598,0,0,TurnRight,pivot_unobserved,1,0,0,0.362212211,0.282227161,0,0,0,-1,-1,100,0,0,0,0,0
40.3,1.66271274,-0.0462293287,-25.9710598,0,0,TurnRight,pivot_unobserved,1,0,0,0.362208784,0.282211528,0,0,0,-1,-1,100,0,0,0,0,0
40.35,1.66271274,-0.0462293287,-25.9710598,0,0,TurnRight,pivot_unobserved,1,0,0,0.362208784,0.282211528,0,0,0,-1,-1,100,0,0,0,0,0
40.4,1.66271274,-0.0462293287,-25.9710598,0,0,TurnRight,pivot_unobserved,1,0,0,0.362206489,0.28219698,0,0,0,-1,-1,100,0,0,0,0,0
40.45,1.66271274,-0.0462293287,-25.9710598,0,0,TurnRight,pivot_unobserved,1,0,0,0.362206489,0.28219698,0,0,0,-1,-1,100,0,0,0,0,0
40.5,1.66271274,-0.0462293287,-25.9710598,0,0,TurnRight,pivot_unobserved,1,0,0,0.362205356,0.282183518,0,0,0,-1,-1,100,0,0,0,0,0
40.55,1.66271274,-0.0462293287,-25.9710598,0,0,TurnRight,pivot_unobserved,1,0,0,0.362205356,0.282183518,0,0,0,-1,-1,100,0,0,0,0,0
40.6,1.66271274,-0.0462293287,-25.9710598,0,0,TurnRight,pivot_unobserved,1,0,0,0.362205386,0.282171114,0,0,0,-1,-1,100,0,0,0,0,0
40.65,1.66271274,-0.0462293287,-25.9710598,0,0,TurnRight,pivot_unobserved,1,0,0,0.362205386,0.282171114,0,0,0,-1,-1,100,0,0,0,0,0
40.7,1.66271274,-0.0462293287,-25.9710598,0,0,TurnRight,pivot_unobserved,1,0,0,0.362206548,0.282159825,0,0,0,-1,-1,100,0,0,0,0,0
40.75,1.66271274,-0.0462293287,-25.9710598,0,0,TurnRight,pivot_unobserved,1,0,0,0.362206548,0.282159825,0,0,0,-1,-1,100,0,0,0,0,0
40.8,1.66271274,-0.0462293287,-25.9710598,0,0,TurnRight,pivot_unobserved,1,0,0,0.362208903,0.282149622,0,0,0,-1,-1,100,0,0,0,0,0
40.85,1.66271274,-0.0462293287,-25.9710598,0,0,TurnRight,pivot_unobserved,1,0,0,0.362208903,0.282149622,0,0,0,-1,-1,100,0,0,0,0,0
40.9,1.66271274,-0.0462293287,-25.9710598,0,0,TurnRight,pivot_unobserved,1,0,0,0.36221239,0.282140504,0,0,0,-1,-1,100,0,0,0,0,0
40.95,1.66271274,-0.0462293287,-25.9710598,0,0,TurnRight,pivot_unobserved,1,0,0,0.36221239,0.282140504,0,0,0,-1,-1,100,0,0,0,0,0
41,1.66271274,-0.0462293287,-25.9710598,0,0,TurnRight,pivot_unobserved,1,0,0,0.362217009,0.282132502,0,0,0,-1,-1,100,0,0,0,0,0
41.05,1.66271274,-0.0462293287,-25.9710598,0,0,TurnRight,pivot_unobserved,1,0,0,0.362217009,0.282132502,0,0,0,-1,-1,100,0,0,0,0,0
41.1,1.66271274,-0.0462293287,-25.9710598,0,0,TurnRight,pivot_unobserved,1,0,0,0.362222821,0.282125585,0,0,0,-1,-1,100,0,0,0,0,0
41.15,1.66271274,-0.0462293287,-25.9710598,0,0,TurnRight,pivot_unobserved,1,0,0,0.362222821,0.282125585,0,0,0,-1,-1,100,0,0,0,0,0
41.2,1.66271274,-0.0462293287,-25.9710598,0,0,TurnRight,pivot_unobserved,1,0,0,0.362229764,0.282119783,0,0,0,-1,-1,100,0,0,0,0,0
41.25,1.66271274,-0.0462293287,-25.9710598,0,0,TurnRight,pivot_unobserved,1,0,0,0.362229764,0.282119783,0,0,0,-1,-1,100,0,0,0,0,0
41.3,1.66271274,-0.0462293287,-25.9710598,0,0,TurnRight,pivot_unobserved,1,0,0,0.362237841,0.282115096,0,0,0,-1,-1,100,0,0,0,0,0
41.35,1.66271274,-0.0462293287,-25.9710598,0,0,TurnRight,pivot_unobserved,1,0,0,0.362237841,0.282115096,0,0,0,-1,-1,100,0,0,0,0,0
41.4,1.66271274,-0.0462293287,-25.9710598,0,0,TurnRight,pivot_unobserved,1,0,0,0.362247109,0.282111495,0,0,0,-1,-1,100,0,0,0,0,0
41.45,1.66271274,-0.0462293287,-25.9710598,0,0,TurnRight,pivot_unobserved,1,0,0,0.362247109,0.282111495,0,0,0,-1,-1,100,0,0,0,0,0
41.5,1.66271274,-0.0462293287,-25.9710598,0,0,TurnRight,pivot_unobserved,1,0,0,0.362257481,0.282109008,0,0,0,-1,-1,100,0,0,0,0,0
41.55,1.66271274,-0.0462293287,-25.9710598,0,0,TurnRight,pivot_unobserved,1,0,0,0.362257481,0.282109008,0,0,0,-1,-1,100,0,0,0,0,0
41.6,1.66271274,-0.0462293287,-25.9710598,0,0,TurnRight,pivot_unobserved,1,0,0,0.362269014,0.282107636,0,0,0,-1,-1,100,0,0,0,0,0
41.65,1.66271274,-0.0462293287,-25.9710598,0,0,TurnRight,pivot_unobserved,1,0,0,0.362269014,0.282107636,0,0,0,-1,-1,100,0,0,0,0,0
41.7,1.66271274,-0.0462293287,-25.9710598,0,0,TurnRight,pivot_unobserved,1,0,0,0.36228168,0.282107379,0,0,0,-1,-1,100,0,0,0,0,0
41.75,1.66271274,-0.0462293287,-25.9710598,0,0,TurnRight,pivot_unobserved,1,0,0,0.36228168,0.282107379,0,0,0,-1,-1,100,0,0,0,0,0
41.8,1.66271274,-0.0462293287,-25.9710598,0,0,TurnRight,pivot_unobserved,1,0,0,0.362295479,0.282108208,0,0,0,-1,-1,100,0,0,0,0,0
41.85,1.66271274,-0.0462293287,-25.9710598,0,0,TurnRight,pivot_unobserved,1,0,0,0.362295479,0.282108208,0,0,0,-1,-1,100,0,0,0,0,0
41.9,1.66271274,-0.0462293287,-25.9710598,0,0,TurnRight,pivot_unobserved,1,0,0,0.36231038,0.282110152,0,0,0,-1,-1,100,0,0,0,0,0
41.95,1.66271274,-0.0462293287,-25.9710598,0,0,TurnRight,pivot_unobserved,1,0,0,0.36231038,0.282110152,0,0,0,-1,-1,100,0,0,0,0,0
42,1.66271274,-0.0462293287,-25.9710598,0,0,TurnRight,pivot_unobserved,1,0,0,0.362326443,0.28211321,0,0,0,-1,-1,100,0,0,0,0,0
42.05,1.66271274,-0.0462293287,-25.9710598,0,0,TurnRight,pivot_unobserved,1,0,0,0.362326443,0.28211321,0,0,0,-1,-1,100,0,0,0,0,0
42.1,1.66271274,-0.0462293287,-25.9710598,0,0,TurnRight,pivot_unobserved,1,0,0,0.362343609,0.282117383,0,0,0,-1,-1,100,0,0,0,0,0
42.15,1.66271274,-0.0462293287,-25.9710598,0,0,TurnRight,pivot_unobserved,1,0,0,0.362343609,0.282117383,0,0,0,-1,-1,100,0,0,0,0,0
42.2,1.66271274,-0.0462293287,-25.9710598,0,0,TurnRight,pivot_unobserved,1,0,0,0.362361908,0.282122641,0,0,0,-1,-1,100,0,0,0,0,0
42.25,1.66271274,-0.0462293287,-25.9710598,0,0,TurnRight,pivot_unobserved,1,0,0,0.362361908,0.282122641,0,0,0,-1,-1,100,0,0,0,0,0
42.3,1.66271274,-0.0462293287,-25.9710598,0,0,TurnRight,pivot_unobserved,1,0,0,0.362381309,0.282129015,0,0,0,-1,-1,100,0,0,0,0,0
42.35,1.66271274,-0.0462293287,-25.9710598,0,0,TurnRight,pivot_unobserved,1,0,0,0.362381309,0.282129015,0,0,0,-1,-1,100,0,0,0,0,0
42.4,1.66271274,-0.0462293287,-25.9710598,0,0,TurnRight,pivot_unobserved,1,0,0,0.362401813,0.282136474,0,0,0,-1,-1,100,0,0,0,0,0
42.45,1.66271274,-0.0462293287,-25.9710598,0,0,TurnRight,pivot_unobserved,1,0,0,0.362401813,0.282136474,0,0,0,-1,-1,100,0,0,0,0,0
42.5,1.66271274,-0.0462293287,-25.9710598,0,0,TurnRight,pivot_unobserved,1,0,0,0.36242342,0.282145049,0,0,0,-1,-1,100,0,0,0,0,0
42.55,1.66271274,-0.0462293287,-25.9710598,0,0,TurnRight,pivot_unobserved,1,0,0,0.36242342,0.282145049,0,0,0,-1,-1,100,0,0,0,0,0
42.6,1.66271274,-0.0462293287,-25.9710598,0,0,TurnRight,pivot_unobserved,1,0,0,0.362446129,0.282154738,0,0,0,-1,-1,100,0,0,0,0,0
42.65,1.66271274,-0.0462293287,-25.9710598,0,0,TurnRight,pivot_unobserved,1,0,0,0.362446129,0.282154738,0,0,0,-1,-1,100,0,0,0,0,0
42.7,1.66271274,-0.0462293287,-25.9710598,0,0,TurnRight,pivot_unobserved,1,0,0,0.362469912,0.282165513,0,0,0,-1,-1,100,0,0,0,0,0
42.75,1.66271274,-0.0462293287,-25.9710598,0,0,TurnRight,pivot_unobserved,1,0,0,0.362469912,0.282165513,0,0,0,-1,-1,100,0,0,0,0,0
42.8,1.66271274,-0.0462293287,-25.9710598,0,0,TurnRight,pivot_unobserved,1,0,0,0.362494767,0.282177374,0,0,0,-1,-1,100,0,0,0,0,0
42.85,1.66271274,-0.0462293287,-25.9710598,0,0,TurnRight,pivot_unobserved,1,0,0,0.362494767,0.282177374,0,0,0,-1,-1,100,0,0,0,0,0
42.9,1.66271274,-0.0462293287,-25.9710598,0,0,TurnRight,pivot_unobserved,1,0,0,0.362520695,0.282190321,0,0,0,-1,-1,100,0,0,0,0,0
42.95,1.66271274,-0.0462293287,-25.9710598,0,0,TurnRight,pivot_unobserved,1,0,0,0.362520695,0.282190321,0,0,0,-1,-1,100,0,0,0,0,0
43,1.66271274,-0.0462293287,-25.9710598,0,0,TurnRight,pivot_unobserved,1,0,0,0.362547696,0.282204354,0,0,0,-1,-1,100,0,0,0,0,0
43.05,1.66271274,-0.0462293287,-25.9710598,0,0,TurnRight,pivot_unobserved,1,0,0,0.362547696,0.282204354,0,0,0,-1,-1,100,0,0,0,0,0
43.1,1.66271274,-0.0462293287,-25.9710598,0,0,TurnRight,pivot_unobserved,1,0,0,0.362575769,0.282219444,0,0,0,-1,-1,100,0,0,0,0,0
43.15,1.66271274,-0.0462293287,-25.9710598,0,0,TurnRight,pivot_unobserved,1,0,0,0.362575769,0.282219444,0,0,0,-1,-1,100,0,0,0,0,0
43.2,1.66271274,-0.0462293287,-25.9710598,0,0,TurnRight,pivot_unobserved,1,0,0,0.362604856,0.28223565,0,0,0,-1,-1,100,0,0,0,0,0
43.25,1.66271274,-0.0462293287,-25.9710598,0,0,TurnRight,pivot_unobserved,1,0,0,0.362604856,0.28223565,0,0,0,-1,-1,100,0,0,0,0,0
43.3,1.66271274,-0.0462293287,-25.9710598,0,0,TurnRight,pivot_unobserved,1,0,0,0.362635016,0.282252913,0,0,0,-1,-1,100,0,0,0,0,0
43.35,1.66271274,-0.0462293287,-25.9710598,0,0,TurnRight,pivot_unobserved,1,0,0,0.362635016,0.282252913,0,0,0,-1,-1,100,0,0,0,0,0
43.4,1.66271274,-0.0462293287,-25.9710598,0,0,TurnRight,pivot_unobserved,1,0,0,0.36266619,0.282271233,0,0,0,-1,-1,100,0,0,0,0,0
43.45,1.66271274,-0.0462293287,-25.9710598,0,0,TurnRight,pivot_unobserved,1,0,0,0.36266619,0.282271233,0,0,0,-1,-1,100,0,0,0,0,0
43.5,1.66271274,-0.0462293287,-25.9710598,0,0,TurnRight,pivot_unobserved,1,0,0,0.362696439,0.282290611,0,0,0,-1,-1,100,0,0,0,0,0
43.55,1.66271274,-0.0462293287,-25.9710598,0,0,TurnRight,pivot_unobserved,1,0,0,0.362696439,0.282290611,0,0,0,-1,-1,100,0,0,0,0,0
43.6,1.66271274,-0.0462293287,-25.9710598,0,0,TurnRight,pivot_unobserved,1,0,0,0.362700582,0.282311074,0,0,0,-1,-1,100,0,0,0,0,0
43.65,1.66271274,-0.0462293287,-25.9710598,0,0,TurnRight,pivot_unobserved,1,0,0,0.362700582,0.282311074,0,0,0,-1,-1,100,0,0,0,0,0
43.7,1.66271274,-0.0462293287,-25.9710598,0,0,TurnRight,pivot_unobserved,1,0,0,0.362669319,0.282332567,0,0,0,-1,-1,100,0,0,0,0,0
43.75,1.66271274,-0.0462293287,-25.9710598,0,0,TurnRight,pivot_unobserved,1,0,0,0.362669319,0.282332567,0,0,0,-1,-1,100,0,0,0,0,0
43.8,1.66271274,-0.0462293287,-25.9710598,0,0,TurnRight,pivot_unobserved,1,0,0,0.362634003,0.282355089,0,0,0,-1,-1,100,0,0,0,0,0
43.85,1.66271274,-0.0462293287,-25.9710598,0,0,TurnRight,pivot_unobserved,1,0,0,0.362634003,0.282355089,0,0,0,-1,-1,100,0,0,0,0,0
43.9,1.66271274,-0.0462293287,-25.9710598,0,0,TurnRight,pivot_unobserved,1,0,0,0.362599701,0.282378668,0,0,0,-1,-1,100,0,0,0,0,0
43.95,1.66271274,-0.0462293287,-25.9710598,0,0,TurnRight,pivot_unobserved,1,0,0,0.362599701,0.282378668,0,0,0,-1,-1,100,0,0,0,0,0
44,1.66271274,-0.0462293287,-25.9710598,0,0,TurnRight,pivot_unobserved,1,0,0,0.362566411,0.282403276,0,0,0,-1,-1,100,0,0,0,0,0
44.05,1.66271274,-0.0462293287,-25.9710598,0,0,TurnRight,pivot_unobserved,1,0,0,0.362566411,0.282403276,0,0,0,-1,-1,100,0,0,0,0,0
44.1,1.66271274,-0.0462293287,-25.9710598,0,0,TurnRight,pivot_unobserved,1,0,0,0.362534106,0.282428913,0,0,0,-1,-1,100,0,0,0,0,0
44.15,1.66271274,-0.0462293287,-25.9710598,0,0,TurnRight,pivot_unobserved,1,0,0,0.362534106,0.282428913,0,0,0,-1,-1,100,0,0,0,0,0
44.2,1.66271274,-0.0462293287,-25.9710598,0,0,TurnRight,pivot_unobserved,1,0,0,0.362502843,0.28245555,0,0,0,-1,-1,100,0,0,0,0,0
44.25,1.66271274,-0.0462293287,-25.9710598,0,0,TurnRight,pivot_unobserved,1,0,0,0.362502843,0.28245555,0,0,0,-1,-1,100,0,0,0,0,0
44.3,1.66271274,-0.0462293287,-25.9710598,0,0,TurnRight,pivot_unobserved,1,0,0,0.362472594,0.282483188,0,0,0,-1,-1,100,0,0,0,0,0
44.35,1.66271274,-0.0462293287,-25.9710598,0,0,TurnRight,pivot_unobserved,1,0,0,0.362472594,0.282483188,0,0,0,-1,-1,100,0,0,0,0,0
44.4,1.66271274,-0.0462293287,-25.9710598,0,0,TurnRight,pivot_unobserved,1,0,0,0.362443388,0.282511854,0,0,0,-1,-1,100,0,0,0,0,0
44.45,1.66271274,-0.0462293287,-25.9710598,0,0,TurnRight,pivot_unobserved,1,0,0,0.362443388,0.282511854,0,0,0,-1,-1,100,0,0,0,0,0
44.5,1.66271274,-0.0462293287,-25.9710598,0,0,TurnRight,pivot_unobserved,1,0,0,0.362415254,0.282541493,0,0,0,-1,-1,100,0,0,0,0,0
44.55,1.66271274,-0.0462293287,-25.9710598,0,0,TurnRight,pivot_unobserved,1,0,0,0.362415254,0.282541493,0,0,0,-1,-1,100,0,0,0,0,0
44.6,1.66271274,-0.0462293287,-25.9710598,0,0,TurnRight,pivot_unobserved,1,0,0,0.362388134,0.282572103,0,0,0,-1,-1,100,0,0,0,0,0
44.65,1.66271274,-0.0462293287,-25.9710598,0,0,TurnRight,pivot_unobserved,1,0,0,0.362388134,0.282572103,0,0,0,-1,-1,100,0,0,0,0,0
44.7,1.66271274,-0.0462293287,-25.9710598,0,0,TurnRight,pivot_unobserved,1,0,0,0.362362117,0.282603713,0,0,0,-1,-1,100,0,0,0,0,0
44.75,1.66271274,-0.0462293287,-25.9710598,0,0,TurnRight,pivot_unobserved,1,0,0,0.362362117,0.282603713,0,0,0,-1,-1,100,0,0,0,0,0
44.8,1.66271274,-0.0462293287,-25.9710598,0,0,TurnRight,pivot_unobserved,1,0,0,0.362337142,0.282636266,0,0,0,-1,-1,100,0,0,0,0,0
44.85,1.66271274,-0.0462293287,-25.9710598,0,0,TurnRight,pivot_unobserved,1,0,0,0.362337142,0.282636266,0,0,0,-1,-1,100,0,0,0,0,0
44.9,1.66271274,-0.0462293287,-25.9710598,0,0,Stopped,manoeuvre_timeout,1,0,0,0.362313271,0.282669792,0,0,0,-1,-1,100,0,0,0,0,0
44.95,1.66271274,-0.0462293287,-25.9710598,0,0,Stopped,manoeuvre_timeout,1,0,0,0.362313271,0.282669792,0,0,0,-1,-1,100,0,0,0,0,0
45,1.66271274,-0.0462293287,-25.9710598,0,0,Stopped,manoeuvre_timeout,1,0,0,0.362290472,0.28270426,0,0,0,-1,-1,100,0,0,0,0,0
45.05,1.66271274,-0.0462293287,-25.9710598,0,0,Stopped,manoeuvre_timeout,1,0,0,0.362290472,0.28270426,0,0,0,-1,-1,100,0,0,0,0,0
45.1,1.66271274,-0.0462293287,-25.9710598,0,0,Stopped,manoeuvre_timeout,1,0,0,0.362268776,0.282739672,0,0,0,-1,-1,100,0,0,0,0,0
45.15,1.66271274,-0.0462293287,-25.9710598,0,0,Stopped,manoeuvre_timeout,1,0,0,0.362268776,0.282739672,0,0,0,-1,-1,100,0,0,0,0,0
45.2,1.66271274,-0.0462293287,-25.9710598,0,0,Stopped,manoeuvre_timeout,1,0,0,0.362248152,0.282775998,0,0,0,-1,-1,100,0,0,0,0,0
45.25,1.66271274,-0.0462293287,-25.9710598,0,0,Stopped,manoeuvre_timeout,1,0,0,0.362248152,0.282775998,0,0,0,-1,-1,100,0,0,0,0,0
45.3,1.66271274,-0.0462293287,-25.9710598,0,0,Stopped,manoeuvre_timeout,1,0,0,0.362228662,0.282813239,0,0,0,-1,-1,100,0,0,0,0,0
45.35,1.66271274,-0.0462293287,-25.9710598,0,0,Stopped,manoeuvre_timeout,1,0,0,0.362228662,0.282813239,0,0,0,-1,-1,100,0,0,0,0,0
45.4,1.66271274,-0.0462293287,-25.9710598,0,0,Stopped,manoeuvre_timeout,1,0,0,0.362210274,0.282851394,0,0,0,-1,-1,100,0,0,0,0,0
45.45,1.66271274,-0.0462293287,-25.9710598,0,0,Stopped,manoeuvre_timeout,1,0,0,0.362210274,0.282851394,0,0,0,-1,-1,100,0,0,0,0,0
45.5,1.66271274,-0.0462293287,-25.9710598,0,0,Stopped,manoeuvre_timeout,1,0,0,0.362192988,0.282890435,0,0,0,-1,-1,100,0,0,0,0,0
45.55,1.66271274,-0.0462293287,-25.9710598,0,0,Stopped,manoeuvre_timeout,1,0,0,0.362192988,0.282890435,0,0,0,-1,-1,100,0,0,0,0,0
45.6,1.66271274,-0.0462293287,-25.9710598,0,0,Stopped,manoeuvre_timeout,1,0,0,0.362176836,0.282930363,0,0,0,-1,-1,100,0,0,0,0,0
45.65,1.66271274,-0.0462293287,-25.9710598,0,0,Stopped,manoeuvre_timeout,1,0,0,0.362176836,0.282930363,0,0,0,-1,-1,100,0,0,0,0,0
45.7,1.66271274,-0.0462293287,-25.9710598,0,0,Stopped,manoeuvre_timeout,1,0,0,0.362161815,0.282971147,0,0,0,-1,-1,100,0,0,0,0,0
45.75,1.66271274,-0.0462293287,-25.9710598,0,0,Stopped,manoeuvre_timeout,1,0,0,0.362161815,0.282971147,0,0,0,-1,-1,100,0,0,0,0,0
45.8,1.66271274,-0.0462293287,-25.9710598,0,0,Stopped,manoeuvre_timeout,1,0,0,0.362147897,0.283012818,0,0,0,-1,-1,100,0,0,0,0,0
45.85,1.66271274,-0.0462293287,-25.9710598,0,0,Stopped,manoeuvre_timeout,1,0,0,0.362147897,0.283012818,0,0,0,-1,-1,100,0,0,0,0,0
45.9,1.66271274,-0.0462293287,-25.9710598,0,0,Stopped,manoeuvre_timeout,1,0,0,0.362135142,0.283055318,0,0,0,-1,-1,100,0,0,0,0,0
45.95,1.66271274,-0.0462293287,-25.9710598,0,0,Stopped,manoeuvre_timeout,1,0,0,0.362135142,0.283055318,0,0,0,-1,-1,100,0,0,0,0,0
46,1.66271274,-0.0462293287,-25.9710598,0,0,Stopped,manoeuvre_timeout,1,0,0,0.362123519,0.283098646,0,0,0,-1,-1,100,0,0,0,0,0
46.05,1.66271274,-0.0462293287,-25.9710598,0,0,Stopped,manoeuvre_timeout,1,0,0,0.362123519,0.283098646,0,0,0,-1,-1,100,0,0,0,0,0
46.1,1.66271274,-0.0462293287,-25.9710598,0,0,Stopped,manoeuvre_timeout,1,0,0,0.362113029,0.283142804,0,0,0,-1,-1,100,0,0,0,0,0
46.15,1.66271274,-0.0462293287,-25.9710598,0,0,Stopped,manoeuvre_timeout,1,0,0,0.362113029,0.283142804,0,0,0,-1,-1,100,0,0,0,0,0
46.2,1.66271274,-0.0462293287,-25.9710598,0,0,Stopped,manoeuvre_timeout,1,0,0,0.362103671,0.283187761,0,0,0,-1,-1,100,0,0,0,0,0
46.25,1.66271274,-0.0462293287,-25.9710598,0,0,Stopped,manoeuvre_timeout,1,0,0,0.362103671,0.283187761,0,0,0,-1,-1,100,0,0,0,0,0
46.3,1.66271274,-0.0462293287,-25.9710598,0,0,Stopped,manoeuvre_timeout,1,0,0,0.362095475,0.283233548,0,0,0,-1,-1,100,0,0,0,0,0
46.35,1.66271274,-0.0462293287,-25.9710598,0,0,Stopped,manoeuvre_timeout,1,0,0,0.362095475,0.283233548,0,0,0,-1,-1,100,0,0,0,0,0
46.4,1.66271274,-0.0462293287,-25.9710598,0,0,Stopped,manoeuvre_timeout,1,0,0,0.362088442,0.283280077,0,0,0,-1,-1,100,0,0,0,0,0
46.45,1.66271274,-0.0462293287,-25.9710598,0,0,Stopped,manoeuvre_timeout,1,0,0,0.362088442,0.283280077,0,0,0,-1,-1,100,0,0,0,0,0
46.5,1.66271274,-0.0462293287,-25.9710598,0,0,Stopped,manoeuvre_timeout,1,0,0,0.362082541,0.283327407,0,0,0,-1,-1,100,0,0,0,0,0
46.55,1.66271274,-0.0462293287,-25.9710598,0,0,Stopped,manoeuvre_timeout,1,0,0,0.362082541,0.283327407,0,0,0,-1,-1,100,0,0,0,0,0
46.6,1.66271274,-0.0462293287,-25.9710598,0,0,Stopped,manoeuvre_timeout,1,0,0,0.362077773,0.28337548,0,0,0,-1,-1,100,0,0,0,0,0
46.65,1.66271274,-0.0462293287,-25.9710598,0,0,Stopped,manoeuvre_timeout,1,0,0,0.362077773,0.28337548,0,0,0,-1,-1,100,0,0,0,0,0
46.7,1.66271274,-0.0462293287,-25.9710598,0,0,Stopped,manoeuvre_timeout,1,0,0,0.362074196,0.283424296,0,0,0,-1,-1,100,0,0,0,0,0
46.75,1.66271274,-0.0462293287,-25.9710598,0,0,Stopped,manoeuvre_timeout,1,0,0,0.362074196,0.283424296,0,0,0,-1,-1,100,0,0,0,0,0
46.8,1.66271274,-0.0462293287,-25.9710598,0,0,Stopped,manoeuvre_timeout,1,0,0,0.362071753,0.283473826,0,0,0,-1,-1,100,0,0,0,0,0
46.85,1.66271274,-0.0462293287,-25.9710598,0,0,Stopped,manoeuvre_timeout,1,0,0,0.362071753,0.283473826,0,0,0,-1,-1,100,0,0,0,0,0
46.9,1.66271274,-0.0462293287,-25.9710598,0,0,Stopped,manoeuvre_timeout,1,0,0,0.362070471,0.2835241,0,0,0,-1,-1,100,0,0,0,0,0
46.95,1.66271274,-0.0462293287,-25.9710598,0,0,Stopped,manoeuvre_timeout,1,0,0,0.362070471,0.2835241,0,0,0,-1,-1,100,0,0,0,0,0
47,1.66271274,-0.0462293287,-25.9710598,0,0,Stopped,manoeuvre_timeout,1,0,0,0.362070352,0.283575031,0,0,0,-1,-1,100,0,0,0,0,0
47.05,1.66271274,-0.0462293287,-25.9710598,0,0,Stopped,manoeuvre_timeout,1,0,0,0.362070352,0.283575031,0,0,0,-1,-1,100,0,0,0,0,0
47.1,1.66271274,-0.0462293287,-25.9710598,0,0,Stopped,manoeuvre_timeout,1,0,0,0.362071365,0.28306883,0,0,0,-1,-1,100,0,0,0,0,0
47.15,1.66271274,-0.0462293287,-25.9710598,0,0,Stopped,manoeuvre_timeout,1,0,0,0.362071365,0.28306883,0,0,0,-1,-1,100,0,0,0,0,0
47.2,1.66271274,-0.0462293287,-25.9710598,0,0,Stopped,manoeuvre_timeout,1,0,0,0.36207357,0.283007372,0,0,0,-1,-1,100,0,0,0,0,0
47.25,1.66271274,-0.0462293287,-25.9710598,0,0,Stopped,manoeuvre_timeout,1,0,0,0.36207357,0.283007372,0,0,0,-1,-1,100,0,0,0,0,0
47.3,1.66271274,-0.0462293287,-25.9710598,0,0,Stopped,manoeuvre_timeout,1,0,0,0.362076908,0.282945602,0,0,0,-1,-1,100,0,0,0,0,0
47.35,1.66271274,-0.0462293287,-25.9710598,0,0,Stopped,manoeuvre_timeout,1,0,0,0.362076908,0.282945602,0,0,0,-1,-1,100,0,0,0,0,0
47.4,1.66271274,-0.0462293287,-25.9710598,0,0,Stopped,manoeuvre_timeout,1,0,0,0.362081409,0.28288352,0,0,0,-1,-1,100,0,0,0,0,0
47.45,1.66271274,-0.0462293287,-25.9710598,0,0,Stopped,manoeuvre_timeout,1,0,0,0.362081409,0.28288352,0,0,0,-1,-1,100,0,0,0,0,0
47.5,1.66271274,-0.0462293287,-25.9710598,0,0,Stopped,manoeuvre_timeout,1,0,0,0.362087041,0.282821126,0,0,0,-1,-1,100,0,0,0,0,0
47.55,1.66271274,-0.0462293287,-25.9710598,0,0,Stopped,manoeuvre_timeout,1,0,0,0.362087041,0.282821126,0,0,0,-1,-1,100,0,0,0,0,0
47.6,1.66271274,-0.0462293287,-25.9710598,0,0,Stopped,manoeuvre_timeout,1,0,0,0.362093836,0.282758448,0,0,0,-1,-1,100,0,0,0,0,0
47.65,1.66271274,-0.0462293287,-25.9710598,0,0,Stopped,manoeuvre_timeout,1,0,0,0.362093836,0.282758448,0,0,0,-1,-1,100,0,0,0,0,0
47.7,1.66271274,-0.0462293287,-25.9710598,0,0,Stopped,manoeuvre_timeout,1,0,0,0.362101793,0.282695516,0,0,0,-1,-1,100,0,0,0,0,0
47.75,1.66271274,-0.0462293287,-25.9710598,0,0,Stopped,manoeuvre_timeout,1,0,0,0.362101793,0.282695516,0,0,0,-1,-1,100,0,0,0,0,0
47.8,1.66271274,-0.0462293287,-25.9710598,0,0,Stopped,manoeuvre_timeout,1,0,0,0.362110883,0.282632327,0,0,0,-1,-1,100,0,0,0,0,0
47.85,1.66271274,-0.0462293287,-25.9710598,0,0,Stopped,manoeuvre_timeout,1,0,0,0.362110883,0.282632327,0,0,0,-1,-1,100,0,0,0,0,0
47.9,1.66271274,-0.0462293287,-25.9710598,0,0,Stopped,manoeuvre_timeout,1,0,0,0.362121105,0.282568913,0,0,0,-1,-1,100,0,0,0,0,0
47.95,1.66271274,-0.0462293287,-25.9710598,0,0,Stopped,manoeuvre_timeout,1,0,0,0.362121105,0.282568913,0,0,0,-1,-1,100,0,0,0,0,0
48,1.66271274,-0.0462293287,-25.9710598,0,0,Stopped,manoeuvre_timeout,1,0,0,0.36213249,0.282505299,0,0,0,-1,-1,100,0,0,0,0,0
48.05,1.66271274,-0.0462293287,-25.9710598,0,0,Stopped,manoeuvre_timeout,1,0,0,0.36213249,0.282505299,0,0,0,-1,-1,100,0,0,0,0,0
48.1,1.66271274,-0.0462293287,-25.9710598,0,0,Stopped,manoeuvre_timeout,1,0,0,0.362145007,0.282441487,0,0,0,-1,-1,100,0,0,0,0,0
48.15,1.66271274,-0.0462293287,-25.9710598,0,0,Stopped,manoeuvre_timeout,1,0,0,0.362145007,0.282441487,0,0,0,-1,-1,100,0,0,0,0,0
48.2,1.66271274,-0.0462293287,-25.9710598,0,0,Stopped,manoeuvre_timeout,1,0,0,0.362158656,0.282377476,0,0,0,-1,-1,100,0,0,0,0,0
48.25,1.66271274,-0.0462293287,-25.9710598,0,0,Stopped,manoeuvre_timeout,1,0,0,0.362158656,0.282377476,0,0,0,-1,-1,100,0,0,0,0,0
48.3,1.66271274,-0.0462293287,-25.9710598,0,0,Stopped,manoeuvre_timeout,1,0,0,0.362173438,0.282313352,0,0,0,-1,-1,100,0,0,0,0,0
48.35,1.66271274,-0.0462293287,-25.9710598,0,0,Stopped,manoeuvre_timeout,1,0,0,0.362173438,0.282313352,0,0,0,-1,-1,100,0,0,0,0,0
48.4,1.66271274,-0.0462293287,-25.9710598,0,0,Stopped,manoeuvre_timeout,1,0,0,0.362189353,0.282249058,0,0,0,-1,-1,100,0,0,0,0,0
48.45,1.66271274,-0.0462293287,-25.9710598,0,0,Stopped,manoeuvre_timeout,1,0,0,0.362189353,0.282249058,0,0,0,-1,-1,100,0,0,0,0,0
48.5,1.66271274,-0.0462293287,-25.9710598,0,0,Stopped,manoeuvre_timeout,1,0,0,0.362206399,0.282184679,0,0,0,-1,-1,100,0,0,0,0,0
48.55,1.66271274,-0.0462293287,-25.9710598,0,0,Stopped,manoeuvre_timeout,1,0,0,0.362206399,0.282184679,0,0,0,-1,-1,100,0,0,0,0,0
48.6,1.66271274,-0.0462293287,-25.9710598,0,0,Stopped,manoeuvre_timeout,1,0,0,0.362224519,0.282120186,0,0,0,-1,-1,100,0,0,0,0,0
48.65,1.66271274,-0.0462293287,-25.9710598,0,0,Stopped,manoeuvre_timeout,1,0,0,0.362224519,0.282120186,0,0,0,-1,-1,100,0,0,0,0,0
48.7,1.66271274,-0.0462293287,-25.9710598,0,0,Stopped,manoeuvre_timeout,1,0,0,0.362243801,0.282055609,0,0,0,-1,-1,100,0,0,0,0,0
48.75,1.66271274,-0.0462293287,-25.9710598,0,0,Stopped,manoeuvre_timeout,1,0,0,0.362243801,0.282055609,0,0,0,-1,-1,100,0,0,0,0,0
48.8,1.66271274,-0.0462293287,-25.9710598,0,0,Stopped,manoeuvre_timeout,1,0,0,0.362264156,0.281990974,0,0,0,-1,-1,100,0,0,0,0,0
48.85,1.66271274,-0.0462293287,-25.9710598,0,0,Stopped,manoeuvre_timeout,1,0,0,0.362264156,0.281990974,0,0,0,-1,-1,100,0,0,0,0,0
48.9,1.66271274,-0.0462293287,-25.9710598,0,0,Stopped,manoeuvre_timeout,1,0,0,0.362285614,0.281926283,0,0,0,-1,-1,100,0,0,0,0,0
48.95,1.66271274,-0.0462293287,-25.9710598,0,0,Stopped,manoeuvre_timeout,1,0,0,0.362285614,0.281926283,0,0,0,-1,-1,100,0,0,0,0,0
49,1.66271274,-0.0462293287,-25.9710598,0,0,Stopped,manoeuvre_timeout,1,0,0,0.362308174,0.281861592,0,0,0,-1,-1,100,0,0,0,0,0
49.05,1.66271274,-0.0462293287,-25.9710598,0,0,Stopped,manoeuvre_timeout,1,0,0,0.362308174,0.281861592,0,0,0,-1,-1,100,0,0,0,0,0
49.1,1.66271274,-0.0462293287,-25.9710598,0,0,Stopped,manoeuvre_timeout,1,0,0,0.362331808,0.281796872,0,0,0,-1,-1,100,0,0,0,0,0
49.15,1.66271274,-0.0462293287,-25.9710598,0,0,Stopped,manoeuvre_timeout,1,0,0,0.362331808,0.281796872,0,0,0,-1,-1,100,0,0,0,0,0
49.2,1.66271274,-0.0462293287,-25.9710598,0,0,Stopped,manoeuvre_timeout,1,0,0,0.362356544,0.281732181,0,0,0,-1,-1,100,0,0,0,0,0
49.25,1.66271274,-0.0462293287,-25.9710598,0,0,Stopped,manoeuvre_timeout,1,0,0,0.362356544,0.281732181,0,0,0,-1,-1,100,0,0,0,0,0
49.3,1.66271274,-0.0462293287,-25.9710598,0,0,Stopped,manoeuvre_timeout,1,0,0,0.362382352,0.281667518,0,0,0,-1,-1,100,0,0,0,0,0
49.35,1.66271274,-0.0462293287,-25.9710598,0,0,Stopped,manoeuvre_timeout,1,0,0,0.362382352,0.281667518,0,0,0,-1,-1,100,0,0,0,0,0
49.4,1.66271274,-0.0462293287,-25.9710598,0,0,Stopped,manoeuvre_timeout,1,0,0,0.362409204,0.281602884,0,0,0,-1,-1,100,0,0,0,0,0
49.45,1.66271274,-0.0462293287,-25.9710598,0,0,Stopped,manoeuvre_timeout,1,0,0,0.362409204,0.281602884,0,0,0,-1,-1,100,0,0,0,0,0
49.5,1.66271274,-0.0462293287,-25.9710598,0,0,Stopped,manoeuvre_timeout,1,0,0,0.362437129,0.281538334,0,0,0,-1,-1,100,0,0,0,0,0
49.55,1.66271274,-0.0462293287,-25.9710598,0,0,Stopped,manoeuvre_timeout,1,0,0,0.362437129,0.281538334,0,0,0,-1,-1,100,0,0,0,0,0
49.6,1.66271274,-0.0462293287,-25.9710598,0,0,Stopped,manoeuvre_timeout,1,0,0,0.362438232,0.281473898,0,0,0,-1,-1,100,0,0,0,0,0
49.65,1.66271274,-0.0462293287,-25.9710598,0,0,Stopped,manoeuvre_timeout,1,0,0,0.362438232,0.281473898,0,0,0,-1,-1,100,0,0,0,0,0
49.7,1.66271274,-0.0462293287,-25.9710598,0,0,Stopped,manoeuvre_timeout,1,0,0,0.362425804,0.281409547,0,0,0,-1,-1,100,0,0,0,0,0
49.75,1.66271274,-0.0462293287,-25.9710598,0,0,Stopped,manoeuvre_timeout,1,0,0,0.362425804,0.281409547,0,0,0,-1,-1,100,0,0,0,0,0
49.8,1.66271274,-0.0462293287,-25.9710598,0,0,Stopped,manoeuvre_timeout,1,0,0,0.362414539,0.28134531,0,0,0,-1,-1,100,0,0,0,0,0
49.85,1.66271274,-0.0462293287,-25.9710598,0,0,Stopped,manoeuvre_timeout,1,0,0,0.362414539,0.28134531,0,0,0,-1,-1,100,0,0,0,0,0
49.9,1.66271274,-0.0462293287,-25.9710598,0,0,Stopped,manoeuvre_timeout,1,0,0,0.362404406,0.281281243,0,0,0,-1,-1,100,0,0,0,0,0
49.95,1.66271274,-0.0462293287,-25.9710598,0,0,Stopped,manoeuvre_timeout,1,0,0,0.362404406,0.281281243,0,0,0,-1,-1,100,0,0,0,0,0
50,1.66271274,-0.0462293287,-25.9710598,0,0,Stopped,manoeuvre_timeout,1,0,0,0.362395406,0.281217317,0,0,0,-1,-1,100,0,0,0,0,0
50.05,1.66271274,-0.0462293287,-25.9710598,0,0,Stopped,manoeuvre_timeout,1,0,0,0.362395406,0.281217317,0,0,0,-1,-1,100,0,0,0,0,0
50.1,1.66271274,-0.0462293287,-25.9710598,0,0,Stopped,manoeuvre_timeout,1,0,0,0.362387538,0.281153562,0,0,0,-1,-1,100,0,0,0,0,0
50.15,1.66271274,-0.0462293287,-25.9710598,0,0,Stopped,manoeuvre_timeout,1,0,0,0.362387538,0.281153562,0,0,0,-1,-1,100,0,0,0,0,0
50.2,1.66271274,-0.0462293287,-25.9710598,0,0,Stopped,manoeuvre_timeout,1,0,0,0.362380862,0.281090033,0,0,0,-1,-1,100,0,0,0,0,0
50.25,1.66271274,-0.0462293287,-25.9710598,0,0,Stopped,manoeuvre_timeout,1,0,0,0.362380862,0.281090033,0,0,0,-1,-1,100,0,0,0,0,0
50.3,1.66271274,-0.0462293287,-25.9710598,0,0,Stopped,manoeuvre_timeout,1,0,0,0.362375289,0.281026704,0,0,0,-1,-1,100,0,0,0,0,0
50.35,1.66271274,-0.0462293287,-25.9710598,0,0,Stopped,manoeuvre_timeout,1,0,0,0.362375289,0.281026704,0,0,0,-1,-1,100,0,0,0,0,0
50.4,1.66271274,-0.0462293287,-25.9710598,0,0,Stopped,manoeuvre_timeout,1,0,0,0.362370908,0.280963629,0,0,0,-1,-1,100,0,0,0,0,0
50.45,1.66271274,-0.0462293287,-25.9710598,0,0,Stopped,manoeuvre_timeout,1,0,0,0.362370908,0.280963629,0,0,0,-1,-1,100,0,0,0,0,0
50.5,1.66271274,-0.0462293287,-25.9710598,0,0,Stopped,manoeuvre_timeout,1,0,0,0.36236766,0.280900781,0,0,0,-1,-1,100,0,0,0,0,0
50.55,1.66271274,-0.0462293287,-25.9710598,0,0,Stopped,manoeuvre_timeout,1,0,0,0.36236766,0.280900781,0,0,0,-1,-1,100,0,0,0,0,0
50.6,1.66271274,-0.0462293287,-25.9710598,0,0,Stopped,manoeuvre_timeout,1,0,0,0.362365574,0.280838245,0,0,0,-1,-1,100,0,0,0,0,0
50.65,1.66271274,-0.0462293287,-25.9710598,0,0,Stopped,manoeuvre_timeout,1,0,0,0.362365574,0.280838245,0,0,0,-1,-1,100,0,0,0,0,0
50.7,1.66271274,-0.0462293287,-25.9710598,0,0,Stopped,manoeuvre_timeout,1,0,0,0.36236465,0.280775965,0,0,0,-1,-1,100,0,0,0,0,0
50.75,1.66271274,-0.0462293287,-25.9710598,0,0,Stopped,manoeuvre_timeout,1,0,0,0.36236465,0.280775965,0,0,0,-1,-1,100,0,0,0,0,0
50.8,1.66271274,-0.0462293287,-25.9710598,0,0,Stopped,manoeuvre_timeout,1,0,0,0.362364888,0.280713996,0,0,0,-1,-1,100,0,0,0,0,0
50.85,1.66271274,-0.0462293287,-25.9710598,0,0,Stopped,manoeuvre_timeout,1,0,0,0.362364888,0.280713996,0,0,0,-1,-1,100,0,0,0,0,0
50.9,1.66271274,-0.0462293287,-25.9710598,0,0,Stopped,manoeuvre_timeout,1,0,0,0.362366259,0.280652368,0,0,0,-1,-1,100,0,0,0,0,0
50.95,1.66271274,-0.0462293287,-25.9710598,0,0,Stopped,manoeuvre_timeout,1,0,0,0.362366259,0.280652368,0,0,0,-1,-1,100,0,0,0,0,0
51,1.66271274,-0.0462293287,-25.9710598,0,0,Stopped,manoeuvre_timeout,1,0,0,0.362368792,0.28059108,0,0,0,-1,-1,100,0,0,0,0,0
51.05,1.66271274,-0.0462293287,-25.9710598,0,0,Stopped,manoeuvre_timeout,1,0,0,0.362368792,0.28059108,0,0,0,-1,-1,100,0,0,0,0,0
51.1,1.66271274,-0.0462293287,-25.9710598,0,0,Stopped,manoeuvre_timeout,1,0,0,0.362372488,0.280530133,0,0,0,-1,-1,100,0,0,0,0,0
51.15,1.66271274,-0.0462293287,-25.9710598,0,0,Stopped,manoeuvre_timeout,1,0,0,0.362372488,0.280530133,0,0,0,-1,-1,100,0,0,0,0,0
51.2,1.66271274,-0.0462293287,-25.9710598,0,0,Stopped,manoeuvre_timeout,1,0,0,0.362377346,0.280469582,0,0,0,-1,-1,100,0,0,0,0,0
51.25,1.66271274,-0.0462293287,-25.9710598,0,0,Stopped,manoeuvre_timeout,1,0,0,0.362377346,0.280469582,0,0,0,-1,-1,100,0,0,0,0,0
51.3,1.66271274,-0.0462293287,-25.9710598,0,0,Stopped,manoeuvre_timeout,1,0,0,0.362383336,0.280409429,0,0,0,-1,-1,100,0,0,0,0,0
51.35,1.66271274,-0.0462293287,-25.9710598,0,0,Stopped,manoeuvre_timeout,1,0,0,0.362383336,0.280409429,0,0,0,-1,-1,100,0,0,0,0,0
51.4,1.66271274,-0.0462293287,-25.9710598,0,0,Stopped,manoeuvre_timeout,1,0,0,0.362390488,0.280349701,0,0,0,-1,-1,100,0,0,0,0,0
51.45,1.66271274,-0.0462293287,-25.9710598,0,0,Stopped,manoeuvre_timeout,1,0,0,0.362390488,0.280349701,0,0,0,-1,-1,100,0,0,0,0,0
51.5,1.66271274,-0.0462293287,-25.9710598,0,0,Stopped,manoeuvre_timeout,1,0,0,0.362398773,0.280290398,0,0,0,-1,-1,100,0,0,0,0,0
51.55,1.66271274,-0.0462293287,-25.9710598,0,0,Stopped,manoeuvre_timeout,1,0,0,0.362398773,0.280290398,0,0,0,-1,-1,100,0,0,0,0,0
51.6,1.66271274,-0.0462293287,-25.9710598,0,0,Stopped,manoeuvre_timeout,1,0,0,0.362408221,0.280231521,0,0,0,-1,-1,100,0,0,0,0,0
51.65,1.66271274,-0.0462293287,-25.9710598,0,0,Stopped,manoeuvre_timeout,1,0,0,0.362408221,0.280231521,0,0,0,-1,-1,100,0,0,0,0,0
51.7,1.66271274,-0.0462293287,-25.9710598,0,0,Stopped,manoeuvre_timeout,1,0,0,0.362418801,0.280173126,0,0,0,-1,-1,100,0,0,0,0,0
51.75,1.66271274,-0.0462293287,-25.9710598,0,0,Stopped,manoeuvre_timeout,1,0,0,0.362418801,0.280173126,0,0,0,-1,-1,100,0,0,0,0,0
51.8,1.66271274,-0.0462293287,-25.9710598,0,0,Stopped,manoeuvre_timeout,1,0,0,0.362430543,0.280115213,0,0,0,-1,-1,100,0,0,0,0,0
51.85,1.66271274,-0.0462293287,-25.9710598,0,0,Stopped,manoeuvre_timeout,1,0,0,0.362430543,0.280115213,0,0,0,-1,-1,100,0,0,0,0,0
51.9,1.66271274,-0.0462293287,-25.9710598,0,0,Stopped,manoeuvre_timeout,1,0,0,0.362443388,0.28005781,0,0,0,-1,-1,100,0,0,0,0,0
51.95,1.66271274,-0.0462293287,-25.9710598,0,0,Stopped,manoeuvre_timeout,1,0,0,0.362443388,0.28005781,0,0,0,-1,-1,100,0,0,0,0,0
52,1.66271274,-0.0462293287,-25.9710598,0,0,Stopped,manoeuvre_timeout,1,0,0,0.362457395,0.280000918,0,0,0,-1,-1,100,0,0,0,0,0
52.05,1.66271274,-0.0462293287,-25.9710598,0,0,Stopped,manoeuvre_timeout,1,0,0,0.362457395,0.280000918,0,0,0,-1,-1,100,0,0,0,0,0
52.1,1.66271274,-0.0462293287,-25.9710598,0,0,Stopped,manoeuvre_timeout,1,0,0,0.362472504,0.279944537,0,0,0,-1,-1,100,0,0,0,0,0
52.15,1.66271274,-0.0462293287,-25.9710598,0,0,Stopped,manoeuvre_timeout,1,0,0,0.362472504,0.279944537,0,0,0,-1,-1,100,0,0,0,0,0
52.2,1.66271274,-0.0462293287,-25.9710598,0,0,Stopped,manoeuvre_timeout,1,0,0,0.362488776,0.279888722,0,0,0,-1,-1,100,0,0,0,0,0
52.25,1.66271274,-0.0462293287,-25.9710598,0,0,Stopped,manoeuvre_timeout,1,0,0,0.362488776,0.279888722,0,0,0,-1,-1,100,0,0,0,0,0
52.3,1.66271274,-0.0462293287,-25.9710598,0,0,Stopped,manoeuvre_timeout,1,0,0,0.362506151,0.279833475,0,0,0,-1,-1,100,0,0,0,0,0
52.35,1.66271274,-0.0462293287,-25.9710598,0,0,Stopped,manoeuvre_timeout,1,0,0,0.362506151,0.279833475,0,0,0,-1,-1,100,0,0,0,0,0
52.4,1.66271274,-0.0462293287,-25.9710598,0,0,Stopped,manoeuvre_timeout,1,0,0,0.362504452,0.279778796,0,0,0,-1,-1,100,0,0,0,0,0
52.45,1.66271274,-0.0462293287,-25.9710598,0,0,Stopped,manoeuvre_timeout,1,0,0,0.362504452,0.279778796,0,0,0,-1,-1,100,0,0,0,0,0
52.5,1.66271274,-0.0462293287,-25.9710598,0,0,Stopped,manoeuvre_timeout,1,0,0,0.362493813,0.27972474,0,0,0,-1,-1,100,0,0,0,0,0
52.55,1.66271274,-0.0462293287,-25.9710598,0,0,Stopped,manoeuvre_timeout,1,0,0,0.362493813,0.27972474,0,0,0,-1,-1,100,0,0,0,0,0
52.6,1.66271274,-0.0462293287,-25.9710598,0,0,Stopped,manoeuvre_timeout,1,0,0,0.362484306,0.279671279,0,0,0,-1,-1,100,0,0,0,0,0
52.65,1.66271274,-0.0462293287,-25.9710598,0,0,Stopped,manoeuvre_timeout,1,0,0,0.362484306,0.279671279,0,0,0,-1,-1,100,0,0,0,0,0
52.7,1.66271274,-0.0462293287,-25.9710598,0,0,Stopped,manoeuvre_timeout,1,0,0,0.362475961,0.279618443,0,0,0,-1,-1,100,0,0,0,0,0
52.75,1.66271274,-0.0462293287,-25.9710598,0,0,Stopped,manoeuvre_timeout,1,0,0,0.362475961,0.279618443,0,0,0,-1,-1,100,0,0,0,0,0
52.8,1.66271274,-0.0462293287,-25.9710598,0,0,Stopped,manoeuvre_timeout,1,0,0,0.362468779,0.279566231,0,0,0,-1,-1,100,0,0,0,0,0
52.85,1.66271274,-0.0462293287,-25.9710598,0,0,Stopped,manoeuvre_timeout,1,0,0,0.362468779,0.279566231,0,0,0,-1,-1,100,0,0,0,0,0
52.9,1.66271274,-0.0462293287,-25.9710598,0,0,Stopped,manoeuvre_timeout,1,0,0,0.362462729,0.279514699,0,0,0,-1,-1,100,0,0,0,0,0
52.95,1.66271274,-0.0462293287,-25.9710598,0,0,Stopped,manoeuvre_timeout,1,0,0,0.362462729,0.279514699,0,0,0,-1,-1,100,0,0,0,0,0
53,1.66271274,-0.0462293287,-25.9710598,0,0,Stopped,manoeuvre_timeout,1,0,0,0.362457842,0.279463848,0,0,0,-1,-1,100,0,0,0,0,0
53.05,1.66271274,-0.0462293287,-25.9710598,0,0,Stopped,manoeuvre_timeout,1,0,0,0.362457842,0.279463848,0,0,0,-1,-1,100,0,0,0,0,0
53.1,1.66271274,-0.0462293287,-25.9710598,0,0,Stopped,manoeuvre_timeout,1,0,0,0.362454087,0.279413677,0,0,0,-1,-1,100,0,0,0,0,0
53.15,1.66271274,-0.0462293287,-25.9710598,0,0,Stopped,manoeuvre_timeout,1,0,0,0.362454087,0.279413677,0,0,0,-1,-1,100,0,0,0,0,0
53.2,1.66271274,-0.0462293287,-25.9710598,0,0,Stopped,manoeuvre_timeout,1,0,0,0.362451494,0.279364188,0,0,0,-1,-1,100,0,0,0,0,0
53.25,1.66271274,-0.0462293287,-25.9710598,0,0,Stopped,manoeuvre_timeout,1,0,0,0.362451494,0.279364188,0,0,0,-1,-1,100,0,0,0,0,0
53.3,1.66271274,-0.0462293287,-25.9710598,0,0,Stopped,manoeuvre_timeout,1,0,0,0.362450063,0.279315435,0,0,0,-1,-1,100,0,0,0,0,0
53.35,1.66271274,-0.0462293287,-25.9710598,0,0,Stopped,manoeuvre_timeout,1,0,0,0.362450063,0.279315435,0,0,0,-1,-1,100,0,0,0,0,0
53.4,1.66271274,-0.0462293287,-25.9710598,0,0,Stopped,manoeuvre_timeout,1,0,0,0.362449795,0.27926742,0,0,0,-1,-1,100,0,0,0,0,0
53.45,1.66271274,-0.0462293287,-25.9710598,0,0,Stopped,manoeuvre_timeout,1,0,0,0.362449795,0.27926742,0,0,0,-1,-1,100,0,0,0,0,0
53.5,1.66271274,-0.0462293287,-25.9710598,0,0,Stopped,manoeuvre_timeout,1,0,0,0.362450689,0.279220143,0,0,0,-1,-1,100,0,0,0,0,0
53.55,1.66271274,-0.0462293287,-25.9710598,0,0,Stopped,manoeuvre_timeout,1,0,0,0.362450689,0.279220143,0,0,0,-1,-1,100,0,0,0,0,0
53.6,1.66271274,-0.0462293287,-25.9710598,0,0,Stopped,manoeuvre_timeout,1,0,0,0.362452716,0.279173602,0,0,0,-1,-1,100,0,0,0,0,0
53.65,1.66271274,-0.0462293287,-25.9710598,0,0,Stopped,manoeuvre_timeout,1,0,0,0.362452716,0.279173602,0,0,0,-1,-1,100,0,0,0,0,0
53.7,1.66271274,-0.0462293287,-25.9710598,0,0,Stopped,manoeuvre_timeout,1,0,0,0.362455904,0.279127856,0,0,0,-1,-1,100,0,0,0,0,0
53.75,1.66271274,-0.0462293287,-25.9710598,0,0,Stopped,manoeuvre_timeout,1,0,0,0.362455904,0.279127856,0,0,0,-1,-1,100,0,0,0,0,0
53.8,1.66271274,-0.0462293287,-25.9710598,0,0,Stopped,manoeuvre_timeout,1,0,0,0.362460256,0.279082876,0,0,0,-1,-1,100,0,0,0,0,0
53.85,1.66271274,-0.0462293287,-25.9710598,0,0,Stopped,manoeuvre_timeout,1,0,0,0.362460256,0.279082876,0,0,0,-1,-1,100,0,0,0,0,0
53.9,1.66271274,-0.0462293287,-25.9710598,0,0,Stopped,manoeuvre_timeout,1,0,0,0.362465739,0.279038718,0,0,0,-1,-1,100,0,0,0,0,0
53.95,1.66271274,-0.0462293287,-25.9710598,0,0,Stopped,manoeuvre_timeout,1,0,0,0.362465739,0.279038718,0,0,0,-1,-1,100,0,0,0,0,0
54,1.66271274,-0.0462293287,-25.9710598,0,0,Stopped,manoeuvre_timeout,1,0,0,0.362472385,0.278995354,0,0,0,-1,-1,100,0,0,0,0,0
54.05,1.66271274,-0.0462293287,-25.9710598,0,0,Stopped,manoeuvre_timeout,1,0,0,0.362472385,0.278995354,0,0,0,-1,-1,100,0,0,0,0,0
54.1,1.66271274,-0.0462293287,-25.9710598,0,0,Stopped,manoeuvre_timeout,1,0,0,0.362480193,0.278952813,0,0,0,-1,-1,100,0,0,0,0,0
54.15,1.66271274,-0.0462293287,-25.9710598,0,0,Stopped,manoeuvre_timeout,1,0,0,0.362480193,0.278952813,0,0,0,-1,-1,100,0,0,0,0,0
54.2,1.66271274,-0.0462293287,-25.9710598,0,0,Stopped,manoeuvre_timeout,1,0,0,0.362489134,0.278911122,0,0,0,-1,-1,100,0,0,0,0,0
54.25,1.66271274,-0.0462293287,-25.9710598,0,0,Stopped,manoeuvre_timeout,1,0,0,0.362489134,0.278911122,0,0,0,-1,-1,100,0,0,0,0,0
54.3,1.66271274,-0.0462293287,-25.9710598,0,0,Stopped,manoeuvre_timeout,1,0,0,0.362499237,0.278870254,0,0,0,-1,-1,100,0,0,0,0,0
54.35,1.66271274,-0.0462293287,-25.9710598,0,0,Stopped,manoeuvre_timeout,1,0,0,0.362499237,0.278870254,0,0,0,-1,-1,100,0,0,0,0,0
54.4,1.66271274,-0.0462293287,-25.9710598,0,0,Stopped,manoeuvre_timeout,1,0,0,0.36248529,0.278830265,0,0,0,-1,-1,100,0,0,0,0,0
54.45,1.66271274,-0.0462293287,-25.9710598,0,0,Stopped,manoeuvre_timeout,1,0,0,0.36248529,0.278830265,0,0,0,-1,-1,100,0,0,0,0,0
54.5,1.66271274,-0.0462293287,-25.9710598,0,0,Stopped,manoeuvre_timeout,1,0,0,0.362455219,0.278791127,0,0,0,-1,-1,100,0,0,0,0,0
54.55,1.66271274,-0.0462293287,-25.9710598,0,0,Stopped,manoeuvre_timeout,1,0,0,0.362455219,0.278791127,0,0,0,-1,-1,100,0,0,0,0,0
54.6,1.66271274,-0.0462293287,-25.9710598,0,0,Stopped,manoeuvre_timeout,1,0,0,0.362426192,0.278752897,0,0,0,-1,-1,100,0,0,0,0,0
54.65,1.66271274,-0.0462293287,-25.9710598,0,0,Stopped,manoeuvre_timeout,1,0,0,0.362426192,0.278752897,0,0,0,-1,-1,100,0,0,0,0,0
54.7,1.66271274,-0.0462293287,-25.9710598,0,0,Stopped,manoeuvre_timeout,1,0,0,0.362398237,0.278715546,0,0,0,-1,-1,100,0,0,0,0,0
54.75,1.66271274,-0.0462293287,-25.9710598,0,0,Stopped,manoeuvre_timeout,1,0,0,0.362398237,0.278715546,0,0,0,-1,-1,100,0,0,0,0,0
54.8,1.66271274,-0.0462293287,-25.9710598,0,0,Stopped,manoeuvre_timeout,1,0,0,0.362371325,0.278679102,0,0,0,-1,-1,100,0,0,0,0,0
54.85,1.66271274,-0.0462293287,-25.9710598,0,0,Stopped,manoeuvre_timeout,1,0,0,0.362371325,0.278679102,0,0,0,-1,-1,100,0,0,0,0,0
54.9,1.66271274,-0.0462293287,-25.9710598,0,0,Stopped,manoeuvre_timeout,1,0,0,0.362345487,0.278643566,0,0,0,-1,-1,100,0,0,0,0,0
54.95,1.66271274,-0.0462293287,-25.9710598,0,0,Stopped,manoeuvre_timeout,1,0,0,0.362345487,0.278643566,0,0,0,-1,-1,100,0,0,0,0,0
55,1.66271274,-0.0462293287,-25.9710598,0,0,Stopped,manoeuvre_timeout,1,0,0,0.362320721,0.278608937,0,0,0,-1,-1,100,0,0,0,0,0
55.05,1.66271274,-0.0462293287,-25.9710598,0,0,Stopped,manoeuvre_timeout,1,0,0,0.362320721,0.278608937,0,0,0,-1,-1,100,0,0,0,0,0
55.1,1.66271274,-0.0462293287,-25.9710598,0,0,Stopped,manoeuvre_timeout,1,0,0,0.362297028,0.278575273,0,0,0,-1,-1,100,0,0,0,0,0
55.15,1.66271274,-0.0462293287,-25.9710598,0,0,Stopped,manoeuvre_timeout,1,0,0,0.362297028,0.278575273,0,0,0,-1,-1,100,0,0,0,0,0
55.2,1.66271274,-0.0462293287,-25.9710598,0,0,Stopped,manoeuvre_timeout,1,0,0,0.362274408,0.278542544,0,0,0,-1,-1,100,0,0,0,0,0
55.25,1.66271274,-0.0462293287,-25.9710598,0,0,Stopped,manoeuvre_timeout,1,0,0,0.362274408,0.278542544,0,0,0,-1,-1,100,0,0,0,0,0
55.3,1.66271274,-0.0462293287,-25.9710598,0,0,Stopped,manoeuvre_timeout,1,0,0,0.362252891,0.278510751,0,0,0,-1,-1,100,0,0,0,0,0
55.35,1.66271274,-0.0462293287,-25.9710598,0,0,Stopped,manoeuvre_timeout,1,0,0,0.362252891,0.278510751,0,0,0,-1,-1,100,0,0,0,0,0
55.4,1.66271274,-0.0462293287,-25.9710598,0,0,Stopped,manoeuvre_timeout,1,0,0,0.362232506,0.278479952,0,0,0,-1,-1,100,0,0,0,0,0
55.45,1.66271274,-0.0462293287,-25.9710598,0,0,Stopped,manoeuvre_timeout,1,0,0,0.362232506,0.278479952,0,0,0,-1,-1,100,0,0,0,0,0
55.5,1.66271274,-0.0462293287,-25.9710598,0,0,Stopped,manoeuvre_timeout,1,0,0,0.362213194,0.278450116,0,0,0,-1,-1,100,0,0,0,0,0
55.55,1.66271274,-0.0462293287,-25.9710598,0,0,Stopped,manoeuvre_timeout,1,0,0,0.362213194,0.278450116,0,0,0,-1,-1,100,0,0,0,0,0
55.6,1.66271274,-0.0462293287,-25.9710598,0,0,Stopped,manoeuvre_timeout,1,0,0,0.362194985,0.278421244,0,0,0,-1,-1,100,0,0,0,0,0
55.65,1.66271274,-0.0462293287,-25.9710598,0,0,Stopped,manoeuvre_timeout,1,0,0,0.362194985,0.278421244,0,0,0,-1,-1,100,0,0,0,0,0
55.7,1.66271274,-0.0462293287,-25.9710598,0,0,Stopped,manoeuvre_timeout,1,0,0,0.362177908,0.278393366,0,0,0,-1,-1,100,0,0,0,0,0
55.75,1.66271274,-0.0462293287,-25.9710598,0,0,Stopped,manoeuvre_timeout,1,0,0,0.362177908,0.278393366,0,0,0,-1,-1,100,0,0,0,0,0
55.8,1.66271274,-0.0462293287,-25.9710598,0,0,Stopped,manoeuvre_timeout,1,0,0,0.362161964,0.278366508,0,0,0,-1,-1,100,0,0,0,0,0
55.85,1.66271274,-0.0462293287,-25.9710598,0,0,Stopped,manoeuvre_timeout,1,0,0,0.362161964,0.278366508,0,0,0,-1,-1,100,0,0,0,0,0
55.9,1.66271274,-0.0462293287,-25.9710598,0,0,Stopped,manoeuvre_timeout,1,0,0,0.362147123,0.278340614,0,0,0,-1,-1,100,0,0,0,0,0
55.95,1.66271274,-0.0462293287,-25.9710598,0,0,Stopped,manoeuvre_timeout,1,0,0,0.362147123,0.278340614,0,0,0,-1,-1,100,0,0,0,0,0
56,1.66271274,-0.0462293287,-25.9710598,0,0,Stopped,manoeuvre_timeout,1,0,0,0.362133443,0.27831577,0,0,0,-1,-1,100,0,0,0,0,0
56.05,1.66271274,-0.0462293287,-25.9710598,0,0,Stopped,manoeuvre_timeout,1,0,0,0.362133443,0.27831577,0,0,0,-1,-1,100,0,0,0,0,0
56.1,1.66271274,-0.0462293287,-25.9710598,0,0,Stopped,manoeuvre_timeout,1,0,0,0.362120867,0.278291919,0,0,0,-1,-1,100,0,0,0,0,0
56.15,1.66271274,-0.0462293287,-25.9710598,0,0,Stopped,manoeuvre_timeout,1,0,0,0.362120867,0.278291919,0,0,0,-1,-1,100,0,0,0,0,0
56.2,1.66271274,-0.0462293287,-25.9710598,0,0,Stopped,manoeuvre_timeout,1,0,0,0.362109423,0.278269117,0,0,0,-1,-1,100,0,0,0,0,0
56.25,1.66271274,-0.0462293287,-25.9710598,0,0,Stopped,manoeuvre_timeout,1,0,0,0.362109423,0.278269117,0,0,0,-1,-1,100,0,0,0,0,0
56.3,1.66271274,-0.0462293287,-25.9710598,0,0,Stopped,manoeuvre_timeout,1,0,0,0.362099141,0.278247335,0,0,0,-1,-1,100,0,0,0,0,0
56.35,1.66271274,-0.0462293287,-25.9710598,0,0,Stopped,manoeuvre_timeout,1,0,0,0.362099141,0.278247335,0,0,0,-1,-1,100,0,0,0,0,0
56.4,1.66271274,-0.0462293287,-25.9710598,0,0,Stopped,manoeuvre_timeout,1,0,0,0.362089992,0.278226575,0,0,0,-1,-1,100,0,0,0,0,0
56.45,1.66271274,-0.0462293287,-25.9710598,0,0,Stopped,manoeuvre_timeout,1,0,0,0.362089992,0.278226575,0,0,0,-1,-1,100,0,0,0,0,0
56.5,1.66271274,-0.0462293287,-25.9710598,0,0,Stopped,manoeuvre_timeout,1,0,0,0.362082005,0.278206893,0,0,0,-1,-1,100,0,0,0,0,0
56.55,1.66271274,-0.0462293287,-25.9710598,0,0,Stopped,manoeuvre_timeout,1,0,0,0.362082005,0.278206893,0,0,0,-1,-1,100,0,0,0,0,0
56.6,1.66271274,-0.0462293287,-25.9710598,0,0,Stopped,manoeuvre_timeout,1,0,0,0.36207515,0.278188231,0,0,0,-1,-1,100,0,0,0,0,0
56.65,1.66271274,-0.0462293287,-25.9710598,0,0,Stopped,manoeuvre_timeout,1,0,0,0.36207515,0.278188231,0,0,0,-1,-1,100,0,0,0,0,0
56.7,1.66271274,-0.0462293287,-25.9710598,0,0,Stopped,manoeuvre_timeout,1,0,0,0.362069458,0.278170648,0,0,0,-1,-1,100,0,0,0,0,0
56.75,1.66271274,-0.0462293287,-25.9710598,0,0,Stopped,manoeuvre_timeout,1,0,0,0.362069458,0.278170648,0,0,0,-1,-1,100,0,0,0,0,0
56.8,1.66271274,-0.0462293287,-25.9710598,0,0,Stopped,manoeuvre_timeout,1,0,0,0.362064928,0.278154113,0,0,0,-1,-1,100,0,0,0,0,0
56.85,1.66271274,-0.0462293287,-25.9710598,0,0,Stopped,manoeuvre_timeout,1,0,0,0.362064928,0.278154113,0,0,0,-1,-1,100,0,0,0,0,0
56.9,1.66271274,-0.0462293287,-25.9710598,0,0,Stopped,manoeuvre_timeout,1,0,0,0.36206153,0.278138656,0,0,0,-1,-1,100,0,0,0,0,0
56.95,1.66271274,-0.0462293287,-25.9710598,0,0,Stopped,manoeuvre_timeout,1,0,0,0.36206153,0.278138656,0,0,0,-1,-1,100,0,0,0,0,0
57,1.66271274,-0.0462293287,-25.9710598,0,0,Stopped,manoeuvre_timeout,1,0,0,0.362059295,0.278124249,0,0,0,-1,-1,100,0,0,0,0,0
57.05,1.66271274,-0.0462293287,-25.9710598,0,0,Stopped,manoeuvre_timeout,1,0,0,0.362059295,0.278124249,0,0,0,-1,-1,100,0,0,0,0,0
57.1,1.66271274,-0.0462293287,-25.9710598,0,0,Stopped,manoeuvre_timeout,1,0,0,0.362058222,0.278110948,0,0,0,-1,-1,100,0,0,0,0,0
57.15,1.66271274,-0.0462293287,-25.9710598,0,0,Stopped,manoeuvre_timeout,1,0,0,0.362058222,0.278110948,0,0,0,-1,-1,100,0,0,0,0,0
57.2,1.66271274,-0.0462293287,-25.9710598,0,0,Stopped,manoeuvre_timeout,1,0,0,0.362058312,0.278098696,0,0,0,-1,-1,100,0,0,0,0,0
57.25,1.66271274,-0.0462293287,-25.9710598,0,0,Stopped,manoeuvre_timeout,1,0,0,0.362058312,0.278098696,0,0,0,-1,-1,100,0,0,0,0,0
57.3,1.66271274,-0.0462293287,-25.9710598,0,0,Stopped,manoeuvre_timeout,1,0,0,0.362059534,0.27808755,0,0,0,-1,-1,100,0,0,0,0,0
57.35,1.66271274,-0.0462293287,-25.9710598,0,0,Stopped,manoeuvre_timeout,1,0,0,0.362059534,0.27808755,0,0,0,-1,-1,100,0,0,0,0,0
57.4,1.66271274,-0.0462293287,-25.9710598,0,0,Stopped,manoeuvre_timeout,1,0,0,0.362061918,0.278077482,0,0,0,-1,-1,100,0,0,0,0,0
57.45,1.66271274,-0.0462293287,-25.9710598,0,0,Stopped,manoeuvre_timeout,1,0,0,0.362061918,0.278077482,0,0,0,-1,-1,100,0,0,0,0,0
57.5,1.66271274,-0.0462293287,-25.9710598,0,0,Stopped,manoeuvre_timeout,1,0,0,0.362065464,0.278068492,0,0,0,-1,-1,100,0,0,0,0,0
57.55,1.66271274,-0.0462293287,-25.9710598,0,0,Stopped,manoeuvre_timeout,1,0,0,0.362065464,0.278068492,0,0,0,-1,-1,100,0,0,0,0,0
57.6,1.66271274,-0.0462293287,-25.9710598,0,0,Stopped,manoeuvre_timeout,1,0,0,0.362070173,0.278060579,0,0,0,-1,-1,100,0,0,0,0,0
57.65,1.66271274,-0.0462293287,-25.9710598,0,0,Stopped,manoeuvre_timeout,1,0,0,0.362070173,0.278060579,0,0,0,-1,-1,100,0,0,0,0,0
57.7,1.66271274,-0.0462293287,-25.9710598,0,0,Stopped,manoeuvre_timeout,1,0,0,0.362076014,0.278053772,0,0,0,-1,-1,100,0,0,0,0,0
57.75,1.66271274,-0.0462293287,-25.9710598,0,0,Stopped,manoeuvre_timeout,1,0,0,0.362076014,0.278053772,0,0,0,-1,-1,100,0,0,0,0,0
57.8,1.66271274,-0.0462293287,-25.9710598,0,0,Stopped,manoeuvre_timeout,1,0,0,0.362083018,0.278048072,0,0,0,-1,-1,100,0,0,0,0,0
57.85,1.66271274,-0.0462293287,-25.9710598,0,0,Stopped,manoeuvre_timeout,1,0,0,0.362083018,0.278048072,0,0,0,-1,-1,100,0,0,0,0,0
57.9,1.66271274,-0.0462293287,-25.9710598,0,0,Stopped,manoeuvre_timeout,1,0,0,0.362091154,0.278043477,0,0,0,-1,-1,100,0,0,0,0,0
57.95,1.66271274,-0.0462293287,-25.9710598,0,0,Stopped,manoeuvre_timeout,1,0,0,0.362091154,0.278043477,0,0,0,-1,-1,100,0,0,0,0,0
58,1.66271274,-0.0462293287,-25.9710598,0,0,Stopped,manoeuvre_timeout,1,0,0,0.362100452,0.278039961,0,0,0,-1,-1,100,0,0,0,0,0
58.05,1.66271274,-0.0462293287,-25.9710598,0,0,Stopped,manoeuvre_timeout,1,0,0,0.362100452,0.278039961,0,0,0,-1,-1,100,0,0,0,0,0
58.1,1.66271274,-0.0462293287,-25.9710598,0,0,Stopped,manoeuvre_timeout,1,0,0,0.362110883,0.27803755,0,0,0,-1,-1,100,0,0,0,0,0
58.15,1.66271274,-0.0462293287,-25.9710598,0,0,Stopped,manoeuvre_timeout,1,0,0,0.362110883,0.27803755,0,0,0,-1,-1,100,0,0,0,0,0
58.2,1.66271274,-0.0462293287,-25.9710598,0,0,Stopped,manoeuvre_timeout,1,0,0,0.362122476,0.278036217,0,0,0,-1,-1,100,0,0,0,0,0
58.25,1.66271274,-0.0462293287,-25.9710598,0,0,Stopped,manoeuvre_timeout,1,0,0,0.362122476,0.278036217,0,0,0,-1,-1,100,0,0,0,0,0
58.3,1.66271274,-0.0462293287,-25.9710598,0,0,Stopped,manoeuvre_timeout,1,0,0,0.362135202,0.278036018,0,0,0,-1,-1,100,0,0,0,0,0
58.35,1.66271274,-0.0462293287,-25.9710598,0,0,Stopped,manoeuvre_timeout,1,0,0,0.362135202,0.278036018,0,0,0,-1,-1,100,0,0,0,0,0
58.4,1.66271274,-0.0462293287,-25.9710598,0,0,Stopped,manoeuvre_timeout,1,0,0,0.36214906,0.278036898,0,0,0,-1,-1,100,0,0,0,0,0
58.45,1.66271274,-0.0462293287,-25.9710598,0,0,Stopped,manoeuvre_timeout,1,0,0,0.36214906,0.278036898,0,0,0,-1,-1,100,0,0,0,0,0
58.5,1.66271274,-0.0462293287,-25.9710598,0,0,Stopped,manoeuvre_timeout,1,0,0,0.362164021,0.278038883,0,0,0,-1,-1,100,0,0,0,0,0
58.55,1.66271274,-0.0462293287,-25.9710598,0,0,Stopped,manoeuvre_timeout,1,0,0,0.362164021,0.278038883,0,0,0,-1,-1,100,0,0,0,0,0
58.6,1.66271274,-0.0462293287,-25.9710598,0,0,Stopped,manoeuvre_timeout,1,0,0,0.362180144,0.278041974,0,0,0,-1,-1,100,0,0,0,0,0
58.65,1.66271274,-0.0462293287,-25.9710598,0,0,Stopped,manoeuvre_timeout,1,0,0,0.362180144,0.278041974,0,0,0,-1,-1,100,0,0,0,0,0
58.7,1.66271274,-0.0462293287,-25.9710598,0,0,Stopped,manoeuvre_timeout,1,0,0,0.362197369,0.278046143,0,0,0,-1,-1,100,0,0,0,0,0
58.75,1.66271274,-0.0462293287,-25.9710598,0,0,Stopped,manoeuvre_timeout,1,0,0,0.362197369,0.278046143,0,0,0,-1,-1,100,0,0,0,0,0
58.8,1.66271274,-0.0462293287,-25.9710598,0,0,Stopped,manoeuvre_timeout,1,0,0,0.362215698,0.278051447,0,0,0,-1,-1,100,0,0,0,0,0
58.85,1.66271274,-0.0462293287,-25.9710598,0,0,Stopped,manoeuvre_timeout,1,0,0,0.362215698,0.278051447,0,0,0,-1,-1,100,0,0,0,0,0
58.9,1.66271274,-0.0462293287,-25.9710598,0,0,Stopped,manoeuvre_timeout,1,0,0,0.362235159,0.2780578,0,0,0,-1,-1,100,0,0,0,0,0
58.95,1.66271274,-0.0462293287,-25.9710598,0,0,Stopped,manoeuvre_timeout,1,0,0,0.362235159,0.2780578,0,0,0,-1,-1,100,0,0,0,0,0
59,1.66271274,-0.0462293287,-25.9710598,0,0,Stopped,manoeuvre_timeout,1,0,0,0.362255722,0.278065287,0,0,0,-1,-1,100,0,0,0,0,0
59.05,1.66271274,-0.0462293287,-25.9710598,0,0,Stopped,manoeuvre_timeout,1,0,0,0.362255722,0.278065287,0,0,0,-1,-1,100,0,0,0,0,0
59.1,1.66271274,-0.0462293287,-25.9710598,0,0,Stopped,manoeuvre_timeout,1,0,0,0.362277359,0.278073852,0,0,0,-1,-1,100,0,0,0,0,0
59.15,1.66271274,-0.0462293287,-25.9710598,0,0,Stopped,manoeuvre_timeout,1,0,0,0.362277359,0.278073852,0,0,0,-1,-1,100,0,0,0,0,0
59.2,1.66271274,-0.0462293287,-25.9710598,0,0,Stopped,manoeuvre_timeout,1,0,0,0.362300128,0.278083495,0,0,0,-1,-1,100,0,0,0,0,0
59.25,1.66271274,-0.0462293287,-25.9710598,0,0,Stopped,manoeuvre_timeout,1,0,0,0.362300128,0.278083495,0,0,0,-1,-1,100,0,0,0,0,0
59.3,1.66271274,-0.0462293287,-25.9710598,0,0,Stopped,manoeuvre_timeout,1,0,0,0.36232397,0.278094215,0,0,0,-1,-1,100,0,0,0,0,0
59.35,1.66271274,-0.0462293287,-25.9710598,0,0,Stopped,manoeuvre_timeout,1,0,0,0.36232397,0.278094215,0,0,0,-1,-1,100,0,0,0,0,0
59.4,1.66271274,-0.0462293287,-25.9710598,0,0,Stopped,manoeuvre_timeout,1,0,0,0.362348884,0.278106041,0,0,0,-1,-1,100,0,0,0,0,0
59.45,1.66271274,-0.0462293287,-25.9710598,0,0,Stopped,manoeuvre_timeout,1,0,0,0.362348884,0.278106041,0,0,0,-1,-1,100,0,0,0,0,0
59.5,1.66271274,-0.0462293287,-25.9710598,0,0,Stopped,manoeuvre_timeout,1,0,0,0.362374872,0.278118946,0,0,0,-1,-1,100,0,0,0,0,0
59.55,1.66271274,-0.0462293287,-25.9710598,0,0,Stopped,manoeuvre_timeout,1,0,0,0.362374872,0.278118946,0,0,0,-1,-1,100,0,0,0,0,0
59.6,1.66271274,-0.0462293287,-25.9710598,0,0,Stopped,manoeuvre_timeout,1,0,0,0.362401903,0.278132928,0,0,0,-1,-1,100,0,0,0,0,0
59.65,1.66271274,-0.0462293287,-25.9710598,0,0,Stopped,manoeuvre_timeout,1,0,0,0.362401903,0.278132928,0,0,0,-1,-1,100,0,0,0,0,0
59.7,1.66271274,-0.0462293287,-25.9710598,0,0,Stopped,manoeuvre_timeout,1,0,0,0.362430006,0.278147959,0,0,0,-1,-1,100,0,0,0,0,0
59.75,1.66271274,-0.0462293287,-25.9710598,0,0,Stopped,manoeuvre_timeout,1,0,0,0.362430006,0.278147959,0,0,0,-1,-1,100,0,0,0,0,0
59.8,1.66271274,-0.0462293287,-25.9710598,0,0,Stopped,manoeuvre_timeout,1,0,0,0.362459183,0.278164096,0,0,0,-1,-1,100,0,0,0,0,0
59.85,1.66271274,-0.0462293287,-25.9710598,0,0,Stopped,manoeuvre_timeout,1,0,0,0.362459183,0.278164096,0,0,0,-1,-1,100,0,0,0,0,0
59.9,1.66271274,-0.0462293287,-25.9710598,0,0,Stopped,manoeuvre_timeout,1,0,0,0.362489372,0.278181255,0,0,0,-1,-1,100,0,0,0,0,0
59.95,1.66271274,-0.0462293287,-25.9710598,0,0,Stopped,manoeuvre_timeout,1,0,0,0.362489372,0.278181255,0,0,0,-1,-1,100,0,0,0,0,0
60,1.66271274,-0.0462293287,-25.9710598,0,0,Stopped,manoeuvre_timeout,1,0,0,0.362520605,0.278199491,0,0,0,-1,-1,100,0,0,0,0,0
60.05,1.66271274,-0.0462293287,-25.9710598,0,0,Stopped,manoeuvre_timeout,1,0,0,0.362520605,0.278199491,0,0,0,-1,-1,100,0,0,0,0,0
60.1,1.66271274,-0.0462293287,-25.9710598,0,0,Stopped,manoeuvre_timeout,1,0,0,0.362552851,0.278218804,0,0,0,-1,-1,100,0,0,0,0,0
60.15,1.66271274,-0.0462293287,-25.9710598,0,0,Stopped,manoeuvre_timeout,1,0,0,0.362552851,0.278218804,0,0,0,-1,-1,100,0,0,0,0,0
60.2,1.66271274,-0.0462293287,-25.9710598,0,0,Stopped,manoeuvre_timeout,1,0,0,0.362586111,0.278239139,0,0,0,-1,-1,100,0,0,0,0,0
60.25,1.66271274,-0.0462293287,-25.9710598,0,0,Stopped,manoeuvre_timeout,1,0,0,0.362586111,0.278239139,0,0,0,-1,-1,100,0,0,0,0,0
60.3,1.66271274,-0.0462293287,-25.9710598,0,0,Stopped,manoeuvre_timeout,1,0,0,0.362603009,0.278260495,0,0,0,-1,-1,100,0,0,0,0,0
60.35,1.66271274,-0.0462293287,-25.9710598,0,0,Stopped,manoeuvre_timeout,1,0,0,0.362603009,0.278260495,0,0,0,-1,-1,100,0,0,0,0,0
60.4,1.66271274,-0.0462293287,-25.9710598,0,0,Stopped,manoeuvre_timeout,1,0,0,0.362596512,0.278282928,0,0,0,-1,-1,100,0,0,0,0,0
60.45,1.66271274,-0.0462293287,-25.9710598,0,0,Stopped,manoeuvre_timeout,1,0,0,0.362596512,0.278282928,0,0,0,-1,-1,100,0,0,0,0,0
60.5,1.66271274,-0.0462293287,-25.9710598,0,0,Stopped,manoeuvre_timeout,1,0,0,0.362591177,0.278306354,0,0,0,-1,-1,100,0,0,0,0,0
60.55,1.66271274,-0.0462293287,-25.9710598,0,0,Stopped,manoeuvre_timeout,1,0,0,0.362591177,0.278306354,0,0,0,-1,-1,100,0,0,0,0,0
60.6,1.66271274,-0.0462293287,-25.9710598,0,0,Stopped,manoeuvre_timeout,1,0,0,0.362586975,0.27833083,0,0,0,-1,-1,100,0,0,0,0,0
60.65,1.66271274,-0.0462293287,-25.9710598,0,0,Stopped,manoeuvre_timeout,1,0,0,0.362586975,0.27833083,0,0,0,-1,-1,100,0,0,0,0,0
60.7,1.66271274,-0.0462293287,-25.9710598,0,0,Stopped,manoeuvre_timeout,1,0,0,0.362583935,0.278356298,0,0,0,-1,-1,100,0,0,0,0,0
60.75,1.66271274,-0.0462293287,-25.9710598,0,0,Stopped,manoeuvre_timeout,1,0,0,0.362583935,0.278356298,0,0,0,-1,-1,100,0,0,0,0,0
60.8,1.66271274,-0.0462293287,-25.9710598,0,0,Stopped,manoeuvre_timeout,1,0,0,0.362582058,0.278382787,0,0,0,-1,-1,100,0,0,0,0,0
60.85,1.66271274,-0.0462293287,-25.9710598,0,0,Stopped,manoeuvre_timeout,1,0,0,0.362582058,0.278382787,0,0,0,-1,-1,100,0,0,0,0,0
60.9,1.66271274,-0.0462293287,-25.9710598,0,0,Stopped,manoeuvre_timeout,1,0,0,0.362581342,0.278410269,0,0,0,-1,-1,100,0,0,0,0,0
60.95,1.66271274,-0.0462293287,-25.9710598,0,0,Stopped,manoeuvre_timeout,1,0,0,0.362581342,0.278410269,0,0,0,-1,-1,100,0,0,0,0,0
61,1.66271274,-0.0462293287,-25.9710598,0,0,Stopped,manoeuvre_timeout,1,0,0,0.36258176,0.278438743,0,0,0,-1,-1,100,0,0,0,0,0
61.05,1.66271274,-0.0462293287,-25.9710598,0,0,Stopped,manoeuvre_timeout,1,0,0,0.36258176,0.278438743,0,0,0,-1,-1,100,0,0,0,0,0
61.1,1.66271274,-0.0462293287,-25.9710598,0,0,Stopped,manoeuvre_timeout,1,0,0,0.362583369,0.27846821,0,0,0,-1,-1,100,0,0,0,0,0
61.15,1.66271274,-0.0462293287,-25.9710598,0,0,Stopped,manoeuvre_timeout,1,0,0,0.362583369,0.27846821,0,0,0,-1,-1,100,0,0,0,0,0
61.2,1.66271274,-0.0462293287,-25.9710598,0,0,Stopped,manoeuvre_timeout,1,0,0,0.362582624,0.278498641,0,0,0,-1,-1,100,0,0,0,0,0
61.25,1.66271274,-0.0462293287,-25.9710598,0,0,Stopped,manoeuvre_timeout,1,0,0,0.362582624,0.278498641,0,0,0,-1,-1,100,0,0,0,0,0
61.3,1.66271274,-0.0462293287,-25.9710598,0,0,Stopped,manoeuvre_timeout,1,0,0,0.362556636,0.278530065,0,0,0,-1,-1,100,0,0,0,0,0
61.35,1.66271274,-0.0462293287,-25.9710598,0,0,Stopped,manoeuvre_timeout,1,0,0,0.362556636,0.278530065,0,0,0,-1,-1,100,0,0,0,0,0
61.4,1.66271274,-0.0462293287,-25.9710598,0,0,Stopped,manoeuvre_timeout,1,0,0,0.362531722,0.278562425,0,0,0,-1,-1,100,0,0,0,0,0
61.45,1.66271274,-0.0462293287,-25.9710598,0,0,Stopped,manoeuvre_timeout,1,0,0,0.362531722,0.278562425,0,0,0,-1,-1,100,0,0,0,0,0
61.5,1.66271274,-0.0462293287,-25.9710598,0,0,Stopped,manoeuvre_timeout,1,0,0,0.36250791,0.278595721,0,0,0,-1,-1,100,0,0,0,0,0
61.55,1.66271274,-0.0462293287,-25.9710598,0,0,Stopped,manoeuvre_timeout,1,0,0,0.36250791,0.278595721,0,0,0,-1,-1,100,0,0,0,0,0
61.6,1.66271274,-0.0462293287,-25.9710598,0,0,Stopped,manoeuvre_timeout,1,0,0,0.362485141,0.278629981,0,0,0,-1,-1,100,0,0,0,0,0
61.65,1.66271274,-0.0462293287,-25.9710598,0,0,Stopped,manoeuvre_timeout,1,0,0,0.362485141,0.278629981,0,0,0,-1,-1,100,0,0,0,0,0
61.7,1.66271274,-0.0462293287,-25.9710598,0,0,Stopped,manoeuvre_timeout,1,0,0,0.362463504,0.278665148,0,0,0,-1,-1,100,0,0,0,0,0
61.75,1.66271274,-0.0462293287,-25.9710598,0,0,Stopped,manoeuvre_timeout,1,0,0,0.362463504,0.278665148,0,0,0,-1,-1,100,0,0,0,0,0
61.8,1.66271274,-0.0462293287,-25.9710598,0,0,Stopped,manoeuvre_timeout,1,0,0,0.36244294,0.278701252,0,0,0,-1,-1,100,0,0,0,0,0
61.85,1.66271274,-0.0462293287,-25.9710598,0,0,Stopped,manoeuvre_timeout,1,0,0,0.36244294,0.278701252,0,0,0,-1,-1,100,0,0,0,0,0
61.9,1.66271274,-0.0462293287,-25.9710598,0,0,Stopped,manoeuvre_timeout,1,0,0,0.362423509,0.278738234,0,0,0,-1,-1,100,0,0,0,0,0
61.95,1.66271274,-0.0462293287,-25.9710598,0,0,Stopped,manoeuvre_timeout,1,0,0,0.362423509,0.278738234,0,0,0,-1,-1,100,0,0,0,0,0
62,1.66271274,-0.0462293287,-25.9710598,0,0,Stopped,manoeuvre_timeout,1,0,0,0.362405151,0.278776153,0,0,0,-1,-1,100,0,0,0,0,0
62.05,1.66271274,-0.0462293287,-25.9710598,0,0,Stopped,manoeuvre_timeout,1,0,0,0.362405151,0.278776153,0,0,0,-1,-1,100,0,0,0,0,0
62.1,1.66271274,-0.0462293287,-25.9710598,0,0,Stopped,manoeuvre_timeout,1,0,0,0.362387955,0.278814922,0,0,0,-1,-1,100,0,0,0,0,0
62.15,1.66271274,-0.0462293287,-25.9710598,0,0,Stopped,manoeuvre_timeout,1,0,0,0.362387955,0.278814922,0,0,0,-1,-1,100,0,0,0,0,0
62.2,1.66271274,-0.0462293287,-25.9710598,0,0,Stopped,manoeuvre_timeout,1,0,0,0.362371832,0.278854571,0,0,0,-1,-1,100,0,0,0,0,0
62.25,1.66271274,-0.0462293287,-25.9710598,0,0,Stopped,manoeuvre_timeout,1,0,0,0.362371832,0.278854571,0,0,0,-1,-1,100,0,0,0,0,0
62.3,1.66271274,-0.0462293287,-25.9710598,0,0,Stopped,manoeuvre_timeout,1,0,0,0.362356871,0.278895098,0,0,0,-1,-1,100,0,0,0,0,0
62.35,1.66271274,-0.0462293287,-25.9710598,0,0,Stopped,manoeuvre_timeout,1,0,0,0.362356871,0.278895098,0,0,0,-1,-1,100,0,0,0,0,0
62.4,1.66271274,-0.0462293287,-25.9710598,0,0,Stopped,manoeuvre_timeout,1,0,0,0.362343013,0.278936477,0,0,0,-1,-1,100,0,0,0,0,0
62.45,1.66271274,-0.0462293287,-25.9710598,0,0,Stopped,manoeuvre_timeout,1,0,0,0.362343013,0.278936477,0,0,0,-1,-1,100,0,0,0,0,0
62.5,1.66271274,-0.0462293287,-25.9710598,0,0,Stopped,manoeuvre_timeout,1,0,0,0.362330317,0.278978706,0,0,0,-1,-1,100,0,0,0,0,0
62.55,1.66271274,-0.0462293287,-25.9710598,0,0,Stopped,manoeuvre_timeout,1,0,0,0.362330317,0.278978706,0,0,0,-1,-1,100,0,0,0,0,0
62.6,1.66271274,-0.0462293287,-25.9710598,0,0,Stopped,manoeuvre_timeout,1,0,0,0.362318724,0.27902173,0,0,0,-1,-1,100,0,0,0,0,0
62.65,1.66271274,-0.0462293287,-25.9710598,0,0,Stopped,manoeuvre_timeout,1,0,0,0.362318724,0.27902173,0,0,0,-1,-1,100,0,0,0,0,0
62.7,1.66271274,-0.0462293287,-25.9710598,0,0,Stopped,manoeuvre_timeout,1,0,0,0.362308294,0.279065604,0,0,0,-1,-1,100,0,0,0,0,0
62.75,1.66271274,-0.0462293287,-25.9710598,0,0,Stopped,manoeuvre_timeout,1,0,0,0.362308294,0.279065604,0,0,0,-1,-1,100,0,0,0,0,0
62.8,1.66271274,-0.0462293287,-25.9710598,0,0,Stopped,manoeuvre_timeout,1,0,0,0.362298995,0.279110244,0,0,0,-1,-1,100,0,0,0,0,0
62.85,1.66271274,-0.0462293287,-25.9710598,0,0,Stopped,manoeuvre_timeout,1,0,0,0.362298995,0.279110244,0,0,0,-1,-1,100,0,0,0,0,0
62.9,1.66271274,-0.0462293287,-25.9710598,0,0,Stopped,manoeuvre_timeout,1,0,0,0.362290859,0.279155707,0,0,0,-1,-1,100,0,0,0,0,0
62.95,1.66271274,-0.0462293287,-25.9710598,0,0,Stopped,manoeuvre_timeout,1,0,0,0.362290859,0.279155707,0,0,0,-1,-1,100,0,0,0,0,0
63,1.66271274,-0.0462293287,-25.9710598,0,0,Stopped,manoeuvre_timeout,1,0,0,0.362283885,0.279201935,0,0,0,-1,-1,100,0,0,0,0,0
63.05,1.66271274,-0.0462293287,-25.9710598,0,0,Stopped,manoeuvre_timeout,1,0,0,0.362283885,0.279201935,0,0,0,-1,-1,100,0,0,0,0,0
63.1,1.66271274,-0.0462293287,-25.9710598,0,0,Stopped,manoeuvre_timeout,1,0,0,0.362278014,0.279248929,0,0,0,-1,-1,100,0,0,0,0,0
63.15,1.66271274,-0.0462293287,-25.9710598,0,0,Stopped,manoeuvre_timeout,1,0,0,0.362278014,0.279248929,0,0,0,-1,-1,100,0,0,0,0,0
63.2,1.66271274,-0.0462293287,-25.9710598,0,0,Stopped,manoeuvre_timeout,1,0,0,0.362273335,0.27929666,0,0,0,-1,-1,100,0,0,0,0,0
63.25,1.66271274,-0.0462293287,-25.9710598,0,0,Stopped,manoeuvre_timeout,1,0,0,0.362273335,0.27929666,0,0,0,-1,-1,100,0,0,0,0,0
63.3,1.66271274,-0.0462293287,-25.9710598,0,0,Stopped,manoeuvre_timeout,1,0,0,0.362269789,0.279345129,0,0,0,-1,-1,100,0,0,0,0,0
63.35,1.66271274,-0.0462293287,-25.9710598,0,0,Stopped,manoeuvre_timeout,1,0,0,0.362269789,0.279345129,0,0,0,-1,-1,100,0,0,0,0,0
63.4,1.66271274,-0.0462293287,-25.9710598,0,0,Stopped,manoeuvre_timeout,1,0,0,0.362267405,0.279394335,0,0,0,-1,-1,100,0,0,0,0,0
63.45,1.66271274,-0.0462293287,-25.9710598,0,0,Stopped,manoeuvre_timeout,1,0,0,0.362267405,0.279394335,0,0,0,-1,-1,100,0,0,0,0,0
63.5,1.66271274,-0.0462293287,-25.9710598,0,0,Stopped,manoeuvre_timeout,1,0,0,0.362266183,0.279444222,0,0,0,-1,-1,100,0,0,0,0,0
63.55,1.66271274,-0.0462293287,-25.9710598,0,0,Stopped,manoeuvre_timeout,1,0,0,0.362266183,0.279444222,0,0,0,-1,-1,100,0,0,0,0,0
63.6,1.66271274,-0.0462293287,-25.9710598,0,0,Stopped,manoeuvre_timeout,1,0,0,0.362266123,0.279494818,0,0,0,-1,-1,100,0,0,0,0,0
63.65,1.66271274,-0.0462293287,-25.9710598,0,0,Stopped,manoeuvre_timeout,1,0,0,0.362266123,0.279494818,0,0,0,-1,-1,100,0,0,0,0,0
63.7,1.66271274,-0.0462293287,-25.9710598,0,0,Stopped,manoeuvre_timeout,1,0,0,0.362267196,0.279546094,0,0,0,-1,-1,100,0,0,0,0,0
63.75,1.66271274,-0.0462293287,-25.9710598,0,0,Stopped,manoeuvre_timeout,1,0,0,0.362267196,0.279546094,0,0,0,-1,-1,100,0,0,0,0,0
63.8,1.66271274,-0.0462293287,-25.9710598,0,0,Stopped,manoeuvre_timeout,1,0,0,0.362269431,0.279598023,0,0,0,-1,-1,100,0,0,0,0,0
63.85,1.66271274,-0.0462293287,-25.9710598,0,0,Stopped,manoeuvre_timeout,1,0,0,0.362269431,0.279598023,0,0,0,-1,-1,100,0,0,0,0,0
63.9,1.66271274,-0.0462293287,-25.9710598,0,0,Stopped,manoeuvre_timeout,1,0,0,0.362272829,0.279650633,0,0,0,-1,-1,100,0,0,0,0,0
63.95,1.66271274,-0.0462293287,-25.9710598,0,0,Stopped,manoeuvre_timeout,1,0,0,0.362272829,0.279650633,0,0,0,-1,-1,100,0,0,0,0,0
64,1.66271274,-0.0462293287,-25.9710598,0,0,Stopped,manoeuvre_timeout,1,0,0,0.362277389,0.279703838,0,0,0,-1,-1,100,0,0,0,0,0
64.05,1.66271274,-0.0462293287,-25.9710598,0,0,Stopped,manoeuvre_timeout,1,0,0,0.362277389,0.279703838,0,0,0,-1,-1,100,0,0,0,0,0
64.1,1.66271274,-0.0462293287,-25.9710598,0,0,Stopped,manoeuvre_timeout,1,0,0,0.362283081,0.279757695,0,0,0,-1,-1,100,0,0,0,0,0
64.15,1.66271274,-0.0462293287,-25.9710598,0,0,Stopped,manoeuvre_timeout,1,0,0,0.362283081,0.279757695,0,0,0,-1,-1,100,0,0,0,0,0
64.2,1.66271274,-0.0462293287,-25.9710598,0,0,Stopped,manoeuvre_timeout,1,0,0,0.362289935,0.27981212,0,0,0,-1,-1,100,0,0,0,0,0
64.25,1.66271274,-0.0462293287,-25.9710598,0,0,Stopped,manoeuvre_timeout,1,0,0,0.362289935,0.27981212,0,0,0,-1,-1,100,0,0,0,0,0
64.3,1.66271274,-0.0462293287,-25.9710598,0,0,Stopped,manoeuvre_timeout,1,0,0,0.362297952,0.27986714,0,0,0,-1,-1,100,0,0,0,0,0
64.35,1.66271274,-0.0462293287,-25.9710598,0,0,Stopped,manoeuvre_timeout,1,0,0,0.362297952,0.27986714,0,0,0,-1,-1,100,0,0,0,0,0
64.4,1.66271274,-0.0462293287,-25.9710598,0,0,Stopped,manoeuvre_timeout,1,0,0,0.362307101,0.279922756,0,0,0,-1,-1,100,0,0,0,0,0
64.45,1.66271274,-0.0462293287,-25.9710598,0,0,Stopped,manoeuvre_timeout,1,0,0,0.362307101,0.279922756,0,0,0,-1,-1,100,0,0,0,0,0
64.5,1.66271274,-0.0462293287,-25.9710598,0,0,Stopped,manoeuvre_timeout,1,0,0,0.362317383,0.27997891,0,0,0,-1,-1,100,0,0,0,0,0
64.55,1.66271274,-0.0462293287,-25.9710598,0,0,Stopped,manoeuvre_timeout,1,0,0,0.362317383,0.27997891,0,0,0,-1,-1,100,0,0,0,0,0
64.6,1.66271274,-0.0462293287,-25.9710598,0,0,Stopped,manoeuvre_timeout,1,0,0,0.362328827,0.280035604,0,0,0,-1,-1,100,0,0,0,0,0
64.65,1.66271274,-0.0462293287,-25.9710598,0,0,Stopped,manoeuvre_timeout,1,0,0,0.362328827,0.280035604,0,0,0,-1,-1,100,0,0,0,0,0
64.7,1.66271274,-0.0462293287,-25.9710598,0,0,Stopped,manoeuvre_timeout,1,0,0,0.362341374,0.280092808,0,0,0,-1,-1,100,0,0,0,0,0
64.75,1.66271274,-0.0462293287,-25.9710598,0,0,Stopped,manoeuvre_timeout,1,0,0,0.362341374,0.280092808,0,0,0,-1,-1,100,0,0,0,0,0
64.8,1.66271274,-0.0462293287,-25.9710598,0,0,Stopped,manoeuvre_timeout,1,0,0,0.362355083,0.280150522,0,0,0,-1,-1,100,0,0,0,0,0
64.85,1.66271274,-0.0462293287,-25.9710598,0,0,Stopped,manoeuvre_timeout,1,0,0,0.362355083,0.280150522,0,0,0,-1,-1,100,0,0,0,0,0
64.9,1.66271274,-0.0462293287,-25.9710598,0,0,Stopped,manoeuvre_timeout,1,0,0,0.362369925,0.280208747,0,0,0,-1,-1,100,0,0,0,0,0
64.95,1.66271274,-0.0462293287,-25.9710598,0,0,Stopped,manoeuvre_timeout,1,0,0,0.362369925,0.280208747,0,0,0,-1,-1,100,0,0,0,0,0
65,1.66271274,-0.0462293287,-25.9710598,0,0,Stopped,manoeuvre_timeout,1,0,0,0.362385899,0.280267426,0,0,0,-1,-1,100,0,0,0,0,0
