time,x,y,yaw_deg,v,w,state,reason,fault,narrow_usable,wide_usable,front_sector,front_clearance,pivot_valid,heading_valid,right_valid,right_distance,cap_gap,min_cap_gap,entered,approached,returned,contact,completed
0,0,0,0,0.0743247157,-0.0851292645,FollowWall,following_right_wall,0,14,42,0.534847498,1.95800295,1,1,1,0.303924054,2.211,2.211,0,0,0,0,0
0.05,0.00154843097,-1.37309192e-06,-0.101615574,0.0743247157,-0.0851292645,FollowWall,following_right_wall,0,14,42,0.534847498,1.95800295,1,1,1,0.303924054,2.21093137,2.21093137,0,0,0,0,0
0.1,0.00400010192,-9.16346938e-06,-0.2625069,0.0746994003,-0.0795089958,FollowWall,following_right_wall,0,14,42,0.531425178,1.95423072,1,1,1,0.30391857,2.21081767,2.21081767,0,0,0,0,0
0.15,0.0069864301,-2.77651085e-05,-0.451267047,0.0746994003,-0.0795089958,FollowWall,following_right_wall,0,14,42,0.531425178,1.95423072,1,1,1,0.30391857,2.21067571,2.21067571,0,0,0,0,0
0.2,0.0102845721,-5.96433239e-05,-0.656284005,0.0752518809,-0.0712217862,FollowWall,following_right_wall,0,14,42,0.526330829,1.94769358,1,1,1,0.304029286,2.21051094,2.21051094,0,0,0,0,0
0.25,0.0137760196,-0.000105872295,-0.860891975,0.0752518809,-0.0712217862,FollowWall,following_right_wall,0,14,42,0.526330829,1.94769358,1,1,1,0.304029286,2.21033323,2.21033323,0,0,0,0,0
0.3,0.0173801142,-0.000166458718,-1.06526137,0.0758416822,-0.0623747677,FollowWall,following_right_wall,0,14,42,0.521045208,1.94046552,1,1,1,0.304012299,2.21014246,2.21014246,0,0,0,0,0
0.35,0.0210620773,-0.000241148033,-1.25893124,0.0758416822,-0.0623747677,FollowWall,following_right_wall,0,14,42,0.521045208,1.94046552,1,1,1,0.304012299,2.20994545,2.20994545,0,0,0,0,0
0.4,0.0247893271,-0.000329157735,-1.44635973,0.0764092101,-0.0538618487,FollowWall,following_right_wall,0,14,42,0.516086936,1.93306448,1,1,1,0.303839296,2.20974004,2.20974004,0,0,0,0,0
0.45,0.0285546723,-0.000429938335,-1.61998586,0.0764092101,-0.0538618487,FollowWall,following_right_wall,0,14,42,0.516086936,1.93306448,1,1,1,0.303839296,2.20953136,2.20953136,0,0,0,0,0
0.5,0.0323420956,-0.000542529916,-1.78556062,0.0768632442,-0.0470513376,FollowWall,following_right_wall,0,14,42,0.511602938,1.92563903,1,1,1,0.303895742,2.20931665,2.20931665,0,0,0,0,0
0.55,0.036151707,-0.000666374058,-1.93830929,0.0768632442,-0.0470513376,FollowWall,following_right_wall,0,14,42,0.511602938,1.92563903,1,1,1,0.303895742,2.20909926,2.20909926,0,0,0,0,0
0.6,0.0399741163,-0.000800586455,-2.08357608,0.0772802585,-0.0407961223,FollowWall,following_right_wall,0,14,42,0.507567406,1.91822405,1,1,1,0.303761274,2.20887668,2.20887668,0,0,0,0,0
0.65,0.0438125298,-0.000944708668,-2.21701182,0.0772802585,-0.0407961223,FollowWall,following_right_wall,0,14,42,0.507567406,1.91822405,1,1,1,0.303761274,2.2086519,2.2086519,0,0,0,0,0
0.7,0.0476601383,-0.00109791814,-2.34354612,0.0776570333,-0.0351445007,FollowWall,following_right_wall,0,14,42,0.503931284,1.91082016,1,1,1,0.303531587,2.20842266,2.20842266,0,0,0,0,0
0.75,0.0515208167,-0.00125982484,-2.45930846,0.0776570333,-0.0351445007,FollowWall,following_right_wall,0,14,42,0.503931284,1.91082016,1,1,1,0.303531587,2.20819157,2.20819157,0,0,0,0,0
0.8,0.0553889867,-0.00142966301,-2.56878714,0.077969149,-0.030462765,FollowWall,following_right_wall,0,14,42,0.500648439,1.90313086,1,1,1,0.303530276,2.20795666,2.20795666,0,0,0,0,0
0.85,0.0592678949,-0.00160708535,-2.66901196,0.077969149,-0.030462765,FollowWall,following_right_wall,0,14,42,0.500648439,1.90313086,1,1,1,0.303530276,2.20771995,2.20771995,0,0,0,0,0
0.9,0.0631529439,-0.00179141586,-2.76383868,0.0782288755,-0.0265668669,FollowWall,following_right_wall,0,14,42,0.497663915,1.89532354,1,1,1,0.303697944,2.20747978,2.20747978,0,0,0,0,0
0.95,0.0670468613,-0.00198236107,-2.85086613,0.0782288755,-0.0265668669,FollowWall,following_right_wall,0,14,42,0.497663915,1.89532354,1,1,1,0.303697944,2.2072378,2.2072378,0,0,0,0,0
1,0.0709458383,-0.0021793361,-2.933344,0.0784906298,-0.0226405533,FollowWall,following_right_wall,0,14,42,0.494925529,1.8875093,1,1,1,0.30349049,2.20699266,2.20699266,0,0,0,0,0
1.05,0.074853105,-0.00238211827,-3.00848126,0.0784906298,-0.0226405533,FollowWall,following_right_wall,0,14,42,0.494925529,1.8875093,1,1,1,0.30349049,2.20674616,2.20674616,0,0,0,0,0
1.1,0.0787651058,-0.00259014388,-3.0793365,0.0787517299,-0.018724051,FollowWall,following_right_wall,0,14,42,0.492410719,1.8796859,1,1,1,0.302960783,2.20649705,2.20649705,0,0,0,0,0
1.15,0.082685205,-0.00280321588,-3.14301892,0.0787517299,-0.018724051,FollowWall,following_right_wall,0,14,42,0.492410719,1.8796859,1,1,1,0.302960783,2.20624718,2.20624718,0,0,0,0,0
1.2,0.0866099409,-0.00302077152,-3.20251718,0.0789889174,-0.0151662391,FollowWall,following_right_wall,0,14,42,0.490112007,1.87184973,1,1,1,0.30238241,2.20599533,2.20599533,0,0,0,0,0
1.25,0.0905422346,-0.00324261213,-3.25532786,0.0789889174,-0.0151662391,FollowWall,following_right_wall,0,14,42,0.490112007,1.87184973,1,1,1,0.30238241,2.20574314,2.20574314,0,0,0,0,0
1.3,0.0944788639,-0.00346820308,-3.30423746,0.0791784706,-0.0123229406,FollowWall,following_right_wall,0,14,42,0.488016605,1.86399975,1,1,1,0.302053571,2.20548952,2.20548952,0,0,0,0,0
1.35,0.0984218977,-0.00369734242,-3.34747749,0.0791784706,-0.0123229406,FollowWall,following_right_wall,0,14,42,0.488016605,1.86399975,1,1,1,0.302053571,2.20523564,2.20523564,0,0,0,0,0
1.4,0.102368606,-0.00392956972,-3.38741026,0.0793321278,-0.0100180829,FollowWall,following_right_wall,0,14,42,0.486097127,1.85613952,1,1,1,0.301888138,2.20498062,2.20498062,0,0,0,0,0
1.45,0.106320599,-0.00416470994,-3.42266259,0.0793321278,-0.0100180829,FollowWall,following_right_wall,0,14,42,0.486097127,1.85613952,1,1,1,0.301888138,2.20472539,2.20472539,0,0,0,0,0
1.5,0.110275622,-0.00440237807,-3.45518465,0.0795077745,-0.00738338253,FollowWall,following_right_wall,0,14,42,0.484324604,1.84827404,1,1,1,0.301255882,2.20446923,2.20446923,0,0,0,0,0
1.55,0.114236023,-0.00464246116,-3.48296911,0.0795077745,-0.00738338253,FollowWall,following_right_wall,0,14,42,0.484324604,1.84827404,1,1,1,0.301255882,2.20421336,2.20421336,0,0,0,0,0
1.6,0.118199523,-0.00488456529,-3.50798998,0.0796763814,-0.00485427907,FollowWall,following_right_wall,0,14,42,0.482697576,1.84040272,1,1,1,0.300500154,2.20395706,2.20395706,0,0,0,0,0
1.65,0.122168304,-0.00512857074,-3.52837986,0.0796763814,-0.00485427907,FollowWall,following_right_wall,0,14,42,0.482697576,1.84040272,1,1,1,0.300500154,2.2037015,2.2037015,0,0,0,0,0
1.7,0.126140141,-0.00537408891,-3.54606832,0.0798142434,-0.00278634959,FollowWall,following_right_wall,0,14,42,0.481216848,1.83252509,1,1,1,0.299904108,2.20344597,2.20344597,0,0,0,0,0
1.75,0.130116608,-0.00562098471,-3.55971255,0.0798142434,-0.00278634959,FollowWall,following_right_wall,0,14,42,0.481216848,1.83252509,1,1,1,0.299904108,2.20319136,2.20319136,0,0,0,0,0
1.8,0.134095761,-0.00586891627,-3.57099764,0.0799197109,-0.00120433622,FollowWall,following_right_wall,0,14,42,0.479870379,1.82464388,1,1,1,0.299513966,2.20293705,2.20293705,0,0,0,0,0
1.85,0.138078663,-0.00611775508,-3.57901819,0.0799197109,-0.00120433622,FollowWall,following_right_wall,0,14,42,0.479870379,1.82464388,1,1,1,0.299513966,2.20268367,2.20268367,0,0,0,0,0
1.9,0.142063745,-0.00636722367,-3.58513441,0.0799617943,0.000573085784,FollowWall,following_right_wall,0,14,42,0.478638649,1.81676387,1,1,1,0.298825294,2.20243075,2.20243075,0,0,0,0,0
1.95,0.146050973,-0.00661714095,-3.58801813,0.0799617943,0.000573085784,FollowWall,following_right_wall,0,14,42,0.478638649,1.81676387,1,1,1,0.298825294,2.2021792,2.2021792,0,0,0,0,0
2,0.150039456,-0.00686727251,-3.58901623,0.0798820171,0.00176974401,FollowWall,following_right_wall,0,14,42,0.477520347,1.80888981,1,1,1,0.298462957,2.20192851,2.20192851,0,0,0,0,0
2.05,0.154027018,-0.00711732772,-3.58748598,0.0798820171,0.00176974401,FollowWall,following_right_wall,0,14,42,0.477520347,1.80888981,1,1,1,0.298462957,2.20167932,2.20167932,0,0,0,0,0
2.1,0.158014051,-0.0073671914,-3.58448086,0.0798217501,0.00267374881,FollowWall,following_right_wall,0,14,42,0.476501793,1.80103232,1,1,1,0.298137873,2.20143115,2.20143115,0,0,0,0,0
2.15,0.161999535,-0.00761668039,-3.57953632,0.0798217501,0.00267374881,FollowWall,following_right_wall,0,14,42,0.476501793,1.80103232,1,1,1,0.298137873,2.20118446,2.20118446,0,0,0,0,0
2.2,0.165984129,-0.00786572898,-3.57346045,0.0797814933,0.0032775998,FollowWall,following_right_wall,0,14,42,0.47556746,1.79319604,1,1,1,0.297576934,2.20093884,2.20093884,0,0,0,0,0
2.25,0.169967383,-0.00811422152,-3.56600385,0.0797814933,0.0032775998,FollowWall,following_right_wall,0,14,42,0.47556746,1.79319604,1,1,1,0.297576934,2.20069456,2.20069456,0,0,0,0,0
2.3,0.173949871,-0.00836211792,-3.55774182,0.0797413528,0.00387970748,FollowWall,following_right_wall,0,14,42,0.474702299,1.7853824,1,1,1,0.296926558,2.20045134,2.20045134,0,0,0,0,0
2.35,0.177931096,-0.00860931796,-3.54829124,0.0797413528,0.00387970748,FollowWall,following_right_wall,0,14,42,0.474702299,1.7853824,1,1,1,0.296926558,2.20020948,2.20020948,0,0,0,0,0
2.4,0.181911605,-0.00885579025,-3.53814734,0.0797439188,0.00384121736,FollowWall,following_right_wall,0,14,42,0.473900527,1.77759093,1,1,1,0.296711862,2.19996875,2.19996875,0,0,0,0,0
2.45,0.185891768,-0.00910152131,-3.52764495,0.0797439188,0.00384121736,FollowWall,following_right_wall,0,14,42,0.473900527,1.77759093,1,1,1,0.296711862,2.19972897,2.19972897,0,0,0,0,0
2.5,0.18987175,-0.00934650156,-3.51693344,0.0797487719,0.00376842081,FollowWall,following_right_wall,0,14,42,0.473141551,1.76982067,1,1,1,0.296487272,2.19949006,2.19949006,0,0,0,0,0
2.55,0.193851746,-0.00959073458,-3.50618684,0.0797487719,0.00376842081,FollowWall,following_right_wall,0,14,42,0.473141551,1.76982067,1,1,1,0.296487272,2.19925192,2.19925192,0,0,0,0,0
2.6,0.19783177,-0.00983421926,-3.49541977,0.0797300489,0.00404926602,FollowWall,following_right_wall,0,14,42,0.472413689,1.76207031,1,1,1,0.295966983,2.19901454,2.19901454,0,0,0,0,0
2.65,0.20181144,-0.0100769196,-3.48430552,0.0797300489,0.00404926602,FollowWall,following_right_wall,0,14,42,0.472413689,1.76207031,1,1,1,0.295966983,2.19877814,2.19877814,0,0,0,0,0
2.7,0.205790924,-0.0103188266,-3.47298876,0.079734022,0.00398967065,FollowWall,following_right_wall,0,14,42,0.471724153,1.7486539,1,1,1,0.295693904,2.19854266,2.19854266,0,0,0,0,0
2.75,0.209770402,-0.0105599428,-3.46162499,0.079734022,0.00398967065,FollowWall,following_right_wall,0,14,42,0.471724153,1.7486539,1,1,1,0.295693904,2.198308,2.198308,0,0,0,0,0
2.8,0.213749897,-0.0108002669,-3.45023381,0.0797082341,0.004376489,FollowWall,following_right_wall,0,14,42,0.471068025,1.74067245,1,1,1,0.295052141,2.19807415,2.19807415,0,0,0,0,0
2.85,0.217728886,-0.0110397499,-3.43836491,0.0797082341,0.004376489,FollowWall,following_right_wall,0,14,42,0.471068025,1.74067245,1,1,1,0.295052141,2.19784142,2.19784142,0,0,0,0,0
2.9,0.221707602,-0.0112783795,-3.42621733,0.0797052241,0.00442163917,FollowWall,following_right_wall,0,14,42,0.470455468,1.7327198,1,1,1,0.294652969,2.1976097,2.1976097,0,0,0,0,0
2.95,0.225686117,-0.011516143,-3.4138533,0.0797052241,0.00442163917,FollowWall,following_right_wall,0,14,42,0.470455468,1.7327198,1,1,1,0.294652969,2.19737898,2.19737898,0,0,0,0,0
3,0.229664537,-0.0117530349,-3.40136301,0.0796973106,0.00454034152,FollowWall,following_right_wall,0,14,42,0.469882995,1.72479535,1,1,1,0.294173747,2.1971492,2.1971492,0,0,0,0,0
3.05,0.23364276,-0.0119890371,-3.38865737,0.0796973106,0.00454034152,FollowWall,following_right_wall,0,14,42,0.469882995,1.72479535,1,1,1,0.294173747,2.19692044,2.19692044,0,0,0,0,0
3.1,0.237620888,-0.0122241442,-3.37582611,0.0796739736,0.00489039617,FollowWall,following_right_wall,0,14,42,0.469349563,1.71689897,1,1,1,0.293492854,2.19669265,2.19669265,0,0,0,0,0
3.15,0.2415985,-0.0124583098,-3.36250373,0.0796739736,0.00489039617,FollowWall,following_right_wall,0,14,42,0.469349563,1.71689897,1,1,1,0.293492854,2.19646609,2.19646609,0,0,0,0,0
3.2,0.245575834,-0.012691521,-3.34889486,0.0796775015,0.00483747738,FollowWall,following_right_wall,0,14,42,0.468862563,1.70903127,1,1,1,0.29310149,2.19624065,2.19624065,0,0,0,0,0
3.25,0.249553103,-0.0129237769,-3.33518204,0.0796775015,0.00483747738,FollowWall,following_right_wall,0,14,42,0.468862563,1.70903127,1,1,1,0.29310149,2.19601624,2.19601624,0,0,0,0,0
3.3,0.253530357,-0.0131550746,-3.32140859,0.0796804043,0.00479393526,FollowWall,following_right_wall,0,14,42,0.468413889,1.70119093,1,1,1,0.292687416,2.19579282,2.19579282,0,0,0,0,0
3.35,0.257507686,-0.013385418,-3.30765173,0.0796804043,0.00479393526,FollowWall,following_right_wall,0,14,42,0.468413889,1.70119093,1,1,1,0.292687416,2.19557035,2.19557035,0,0,0,0,0
3.4,0.261485081,-0.0136148073,-3.29390456,0.0796526589,0.00521011593,FollowWall,following_right_wall,0,14,42,0.467998058,1.69337653,1,1,1,0.291904926,2.19534883,2.19534883,0,0,0,0,0
3.45,0.265461961,-0.0138431926,-3.27966626,0.0796526589,0.00521011593,FollowWall,following_right_wall,0,14,42,0.467998058,1.69337653,1,1,1,0.291904926,2.1951286,2.1951286,0,0,0,0,0
3.5,0.269438566,-0.0140705605,-3.26514146,0.0796279133,0.00558130001,FollowWall,following_right_wall,0,14,42,0.467627019,1.68558902,1,1,1,0.291132748,2.19490957,2.19490957,0,0,0,0,0
3.55,0.273414521,-0.0142968589,-3.25000648,0.0796279133,0.00558130001,FollowWall,following_right_wall,0,14,42,0.467627019,1.68558902,1,1,1,0.291132748,2.19469195,2.19469195,0,0,0,0,0
3.6,0.277390123,-0.0145220712,-3.23451556,0.0796299578,0.0055506335,FollowWall,following_right_wall,0,14,42,0.467306554,1.67782816,1,1,1,0.29064244,2.19447564,2.19447564,0,0,0,0,0
3.65,0.281365587,-0.0147461915,-3.2188536,0.0796299578,0.0055506335,FollowWall,following_right_wall,0,14,42,0.467306554,1.67782816,1,1,1,0.29064244,2.19426052,2.19426052,0,0,0,0,0
3.7,0.285340996,-0.0149692151,-3.20309188,0.0796207,0.00568949953,FollowWall,following_right_wall,0,14,42,0.467025667,1.67009169,1,1,1,0.290002137,2.19404656,2.19404656,0,0,0,0,0
3.75,0.289316207,-0.0151911228,-3.18710621,0.0796207,0.00568949953,FollowWall,following_right_wall,0,14,42,0.467025667,1.67009169,1,1,1,0.290002137,2.19383385,2.19383385,0,0,0,0,0
3.8,0.293291328,-0.0154119084,-3.17098989,0.079626436,0.0056034594,FollowWall,following_right_wall,0,14,42,0.466782451,1.66237807,1,1,1,0.289525092,2.19362235,2.19362235,0,0,0,0,0
3.85,0.297266542,-0.0156315785,-3.15490006,0.079626436,0.0056034594,FollowWall,following_right_wall,0,14,42,0.466782451,1.66237807,1,1,1,0.289525092,2.19341196,2.19341196,0,0,0,0,0
3.9,0.301241835,-0.0158501338,-3.1388257,0.0796467708,0.00529843863,FollowWall,following_right_wall,0,14,42,0.466569781,1.65468502,1,1,1,0.289216846,2.19320268,2.19320268,0,0,0,0,0
3.95,0.305217622,-0.0160676105,-3.12312444,0.0796467708,0.00529843863,FollowWall,following_right_wall,0,14,42,0.466569781,1.65468502,1,1,1,0.289216846,2.19299427,2.19299427,0,0,0,0,0
4,0.309193721,-0.016284019,-3.10764083,0.0796448264,0.00532760409,FollowWall,following_right_wall,0,14,42,0.466376066,1.64700959,1,1,1,0.288661629,2.1927868,2.1927868,0,0,0,0,0
4.05,0.313169986,-0.016499362,-3.09224936,0.0796448264,0.00532760409,FollowWall,following_right_wall,0,14,42,0.466376066,1.64700959,1,1,1,0.288661629,2.19258036,2.19258036,0,0,0,0,0
4.1,0.31714637,-0.016713642,-3.07691164,0.0796577261,0.00513410898,FollowWall,following_right_wall,0,14,42,0.466204822,1.63935069,1,1,1,0.288287729,2.19237496,2.19237496,0,0,0,0,0
4.15,0.321123116,-0.016926883,-3.06183625,0.0796577261,0.00513410898,FollowWall,following_right_wall,0,14,42,0.466204822,1.63935069,1,1,1,0.288287729,2.19217045,2.19217045,0,0,0,0,0
4.2,0.325100095,-0.0171390925,-3.04691388,0.0796740613,0.00488908087,FollowWall,following_right_wall,0,14,42,0.466051698,1.6315638,1,1,1,0.287965745,2.19196689,2.19196689,0,0,0,0,0
4.25,0.329077573,-0.0173503029,-3.03237326,0.0796740613,0.00488908087,FollowWall,following_right_wall,0,14,42,0.466051698,1.6315638,1,1,1,0.287965745,2.19176411,2.19176411,0,0,0,0,0
4.3,0.333055362,-0.0175605254,-3.01805532,0.079679207,0.00481189449,FollowWall,following_right_wall,0,14,42,0.465910733,1.62342578,1,1,1,0.287531912,2.19156219,2.19156219,0,0,0,0,0
4.35,0.337033461,-0.0177697751,-3.00395941,0.079679207,0.00481189449,FollowWall,following_right_wall,0,14,42,0.465910733,1.62342578,1,1,1,0.287531912,2.19136113,2.19136113,0,0,0,0,0
4.4,0.341011762,-0.0179780585,-2.98999302,0.0796774192,0.00483871245,FollowWall,following_right_wall,0,14,42,0.465783268,1.61531014,1,1,1,0.287031204,2.19116096,2.19116096,0,0,0,0,0
4.45,0.344990164,-0.0181853762,-2.97607017,0.0796774192,0.00483871245,FollowWall,following_right_wall,0,14,42,0.465783268,1.61531014,1,1,1,0.287031204,2.19096174,2.19096174,0,0,0,0,0
4.5,0.348968645,-0.0183917297,-2.96217272,0.0797060807,0.00440879011,FollowWall,following_right_wall,0,14,42,0.465672642,1.60721879,1,1,1,0.286890656,2.19076347,2.19076347,0,0,0,0,0
4.55,0.35294779,-0.0185971681,-2.94880327,0.0797060807,0.00440879011,FollowWall,following_right_wall,0,14,42,0.465672642,1.60721879,1,1,1,0.286890656,2.19056582,2.19056582,0,0,0,0,0
4.6,0.356927339,-0.0188017071,-2.93574182,0.0797321876,0.00401718623,FollowWall,following_right_wall,0,14,42,0.465565413,1.59915136,1,1,1,0.286744207,2.19036889,2.19036889,0,0,0,0,0
4.65,0.360907686,-0.0190053999,-2.92332748,0.0797321876,0.00401718623,FollowWall,following_right_wall,0,14,42,0.465565413,1.59915136,1,1,1,0.286744207,2.19017243,2.19017243,0,0,0,0,0
4.7,0.364888514,-0.0192082657,-2.91129061,0.0797273339,0.00408999129,FollowWall,following_right_wall,0,14,42,0.465453207,1.59110811,1,1,1,0.286266983,2.18997659,2.18997659,0,0,0,0,0
4.75,0.36886954,-0.0194103076,-2.89938704,0.0797273339,0.00408999129,FollowWall,following_right_wall,0,14,42,0.465453207,1.59110811,1,1,1,0.286266983,2.1897815,2.1897815,0,0,0,0,0
4.8,0.372850698,-0.0196115298,-2.88756122,0.079752264,0.00371604069,FollowWall,following_right_wall,0,14,42,0.46534586,1.58309105,1,1,1,0.286087483,2.18958718,2.18958718,0,0,0,0,0
4.85,0.376832468,-0.0198119761,-2.87622713,0.079752264,0.00371604069,FollowWall,following_right_wall,0,14,42,0.46534586,1.58309105,1,1,1,0.286087483,2.18939336,2.18939336,0,0,0,0,0
4.9,0.380814611,-0.0200116614,-2.86517988,0.0797360157,0.00395976409,FollowWall,following_right_wall,0,14,42,0.465234786,1.57509983,1,1,1,0.285500586,2.18920013,2.18920013,0,0,0,0,0
4.95,0.384796648,-0.0202105674,-2.85400904,0.0797360157,0.00395976409,FollowWall,following_right_wall,0,14,42,0.465234786,1.57509983,1,1,1,0.285500586,2.18900776,2.18900776,0,0,0,0,0
5,0.388778641,-0.0204086904,-2.84276609,0.0797318773,0.00402184121,FollowWall,following_right_wall,0,14,42,0.465131074,1.56713659,1,1,1,0.285101563,2.18881621,2.18881621,0,0,0,0,0
5.05,0.392760537,-0.0206060213,-2.83140698,0.0797318773,0.00402184121,FollowWall,following_right_wall,0,14,42,0.465131074,1.56713659,1,1,1,0.285101563,2.18862553,2.18862553,0,0,0,0,0
5.1,0.396742394,-0.0208025565,-2.81998012,0.0797229744,0.00415538406,FollowWall,following_right_wall,0,14,42,0.465035796,1.5592018,1,1,1,0.284689397,2.18843569,2.18843569,0,0,0,0,0
5.15,0.400724059,-0.0209982793,-2.80835432,0.0797229744,0.00415538406,FollowWall,following_right_wall,0,14,42,0.465035796,1.5592018,1,1,1,0.284689397,2.18824678,2.18824678,0,0,0,0,0
5.2,0.40470563,-0.0211931836,-2.79661248,0.0797112684,0.00433097384,FollowWall,following_right_wall,0,14,42,0.464948773,1.55129547,1,1,1,0.284179449,2.18805877,2.18805877,0,0,0,0,0
5.25,0.408686918,-0.0213872466,-2.78459336,0.0797112684,0.00433097384,FollowWall,following_right_wall,0,14,42,0.464948773,1.55129547,1,1,1,0.284179449,2.18787176,2.18787176,0,0,0,0,0
5.3,0.412668059,-0.0215804596,-2.77241248,0.0797198033,0.00420294997,FollowWall,following_right_wall,0,14,42,0.464870393,1.54341783,1,1,1,0.283887416,2.18768569,2.18768569,0,0,0,0,0
5.35,0.416649309,-0.0217728316,-2.76029007,0.0797198033,0.00420294997,FollowWall,following_right_wall,0,14,42,0.464870393,1.54341783,1,1,1,0.283887416,2.18750044,2.18750044,0,0,0,0,0
5.4,0.420630639,-0.0219643643,-2.74820176,0.0796961618,0.00455757345,FollowWall,following_right_wall,0,14,42,0.464790344,1.53556734,1,1,1,0.283229083,2.18731602,2.18731602,0,0,0,0,0
5.45,0.424611541,-0.0221550205,-2.73571004,0.0796961618,0.00455757345,FollowWall,following_right_wall,0,14,42,0.464790344,1.53556734,1,1,1,0.283229083,2.18713271,2.18713271,0,0,0,0,0
5.5,0.428592212,-0.0223447877,-2.72298301,0.0796692435,0.00496134768,FollowWall,following_right_wall,0,14,42,0.464716315,1.52774446,1,1,1,0.282522172,2.18695043,2.18695043,0,0,0,0,0
5.55,0.432572206,-0.0225336149,-2.70963673,0.0796692435,0.00496134768,FollowWall,following_right_wall,0,14,42,0.464716315,1.52774446,1,1,1,0.282522172,2.18676946,2.18676946,0,0,0,0,0
5.6,0.436551825,-0.0227214827,-2.69592923,0.0796616328,0.00507550809,FollowWall,following_right_wall,0,14,42,0.464654565,1.51994969,1,1,1,0.282013029,2.18658967,2.18658967,0,0,0,0,0
5.65,0.440531086,-0.0229083674,-2.68187474,0.0796616328,0.00507550809,FollowWall,following_right_wall,0,14,42,0.464654565,1.51994969,1,1,1,0.282013029,2.18641107,2.18641107,0,0,0,0,0
5.7,0.444510157,-0.023094258,-2.66761785,0.079660675,0.00508987569,FollowWall,following_right_wall,0,14,42,0.464597762,1.51218099,1,1,1,0.281565249,2.1862336,2.1862336,0,0,0,0,0
5.75,0.448489118,-0.0232791464,-2.65322574,0.079660675,0.00508987569,FollowWall,following_right_wall,0,14,42,0.464597762,1.51218099,1,1,1,0.281565249,2.1860572,2.1860572,0,0,0,0,0
5.8,0.452468034,-0.0234630284,-2.63875475,0.0796464326,0.00530351049,FollowWall,following_right_wall,0,14,42,0.464537114,1.50443646,1,1,1,0.281148851,2.18588187,2.18588187,0,0,0,0,0
5.85,0.456446646,-0.0236458789,-2.62398274,0.0796464326,0.00530351049,FollowWall,following_right_wall,0,14,42,0.464537114,1.50443646,1,1,1,0.281148851,2.18570776,2.18570776,0,0,0,0,0
5.9,0.460425102,-0.0238276883,-2.60903514,0.0796191059,0.00571341221,FollowWall,following_right_wall,0,14,42,0.464473903,1.49671527,1,1,1,0.280778021,2.18553479,2.18553479,0,0,0,0,0
5.95,0.464402918,-0.0240084079,-2.59349582,0.0796191059,0.00571341221,FollowWall,following_right_wall,0,14,42,0.464473903,1.49671527,1,1,1,0.280778021,2.18536327,2.18536327,0,0,0,0,0
6,0.468380382,-0.0241880185,-2.57761133,0.0795977198,0.00603420329,FollowWall,following_right_wall,0,14,42,0.464414984,1.48901682,1,1,1,0.280409425,2.18519307,2.18519307,0,0,0,0,0
6.05,0.472357218,-0.0243664758,-2.56114258,0.0795977198,0.00603420329,FollowWall,following_right_wall,0,14,42,0.464414984,1.48901682,1,1,1,0.280409425,2.18502438,2.18502438,0,0,0,0,0
6.1,0.476333709,-0.0245437604,-2.54433301,0.0795860411,0.0062093836,FollowWall,following_right_wall,0,14,42,0.464360654,1.48133968,1,1,1,0.280080825,2.18485707,2.18485707,0,0,0,0,0
6.15,0.480309778,-0.0247198432,-2.52711552,0.0795860411,0.0062093836,FollowWall,following_right_wall,0,14,42,0.464360654,1.48133968,1,1,1,0.280080825,2.18469121,2.18469121,0,0,0,0,0
6.2,0.484285624,-0.0248947108,-2.50966008,0.0795828871,0.0062566939,FollowWall,following_right_wall,0,14,42,0.464305222,1.47360623,1,1,1,0.279783607,2.18452672,2.18452672,0,0,0,0,0
6.25,0.488261297,-0.0250683505,-2.49200936,0.0795828871,0.0062566939,FollowWall,following_right_wall,0,14,42,0.464305222,1.47360623,1,1,1,0.279783607,2.18436358,2.18436358,0,0,0,0,0
6.3,0.49223689,-0.0252407556,-2.47424473,0.0795874114,0.00618882841,FollowWall,following_right_wall,0,14,42,0.464241207,1.46544649,1,1,1,0.279516339,2.18420175,2.18420175,0,0,0,0,0
6.35,0.496212554,-0.0254119294,-2.45649466,0.0795874114,0.00618882841,FollowWall,following_right_wall,0,14,42,0.464241207,1.46544649,1,1,1,0.279516339,2.18404115,2.18404115,0,0,0,0,0
6.4,0.50018828,-0.0255818722,-2.43875308,0.0795832993,0.00625051067,FollowWall,following_right_wall,0,14,42,0.464160949,1.45730997,1,1,1,0.279102206,2.18388178,2.18388178,0,0,0,0,0
6.45,0.504163979,-0.0257505782,-2.42094283,0.0795832993,0.00625051067,FollowWall,following_right_wall,0,14,42,0.464160949,1.45730997,1,1,1,0.279102206,2.18372371,2.18372371,0,0,0,0,0
6.5,0.508139684,-0.0259180449,-2.40309252,0.0796007034,0.00598944862,FollowWall,following_right_wall,0,14,42,0.4640643,1.449198,1,1,1,0.278881401,2.1835669,2.1835669,0,0,0,0,0
6.55,0.512115775,-0.0260842971,-2.38553046,0.0796007034,0.00598944862,FollowWall,following_right_wall,0,14,42,0.4640643,1.449198,1,1,1,0.278881401,2.18341115,2.18341115,0,0,0,0,0
6.6,0.516092112,-0.0262493445,-2.36813655,0.0796352106,0.00547184118,FollowWall,following_right_wall,0,14,42,0.463941783,1.44111104,1,1,1,0.278815895,2.1832565,2.1832565,0,0,0,0,0
6.65,0.520069331,-0.0264132438,-2.35145857,0.0796352106,0.00547184118,FollowWall,following_right_wall,0,14,42,0.463941783,1.44111104,1,1,1,0.278815895,2.18310259,2.18310259,0,0,0,0,0
6.7,0.524047082,-0.0265760198,-2.33519822,0.0796623894,0.00506415943,FollowWall,following_right_wall,0,14,42,0.4637793,1.4330485,1,1,1,0.278648883,2.18294956,2.18294956,0,0,0,0,0
6.75,0.528025727,-0.0267377268,-2.31966812,0.0796623894,0.00506415943,FollowWall,following_right_wall,0,14,42,0.4637793,1.4330485,1,1,1,0.278648883,2.18279716,2.18279716,0,0,0,0,0
6.8,0.532004911,-0.0268983901,-2.304564,0.0796715657,0.00492651387,FollowWall,following_right_wall,0,14,42,0.463573009,1.42501085,1,1,1,0.278264701,2.18264556,2.18264556,0,0,0,0,0
6.85,0.535984616,-0.0270580381,-2.28987268,0.0796715657,0.00492651387,FollowWall,following_right_wall,0,14,42,0.463573009,1.42501085,1,1,1,0.278264701,2.18249473,2.18249473,0,0,0,0,0
6.9,0.539964641,-0.0272166851,-2.27542214,0.0797072722,0.00439091662,FollowWall,following_right_wall,0,14,42,0.463330179,1.41699966,1,1,1,0.2781533,2.18234477,2.18234477,0,0,0,0,0
6.95,0.543945612,-0.0273743913,-2.26175139,0.0797072722,0.00439091662,FollowWall,following_right_wall,0,14,42,0.463330179,1.41699966,1,1,1,0.2781533,2.18219528,2.18219528,0,0,0,0,0
7,0.547927148,-0.0275311843,-2.24853552,0.0796996798,0.0045048027,FollowWall,following_right_wall,0,14,42,0.463042706,1.40901443,1,1,1,0.277540445,2.18204644,2.18204644,0,0,0,0,0
7.05,0.551908871,-0.0276870692,-2.23544904,0.0796996798,0.0045048027,FollowWall,following_right_wall,0,14,42,0.463042706,1.40901443,1,1,1,0.277540445,2.18189843,2.18189843,0,0,0,0,0
7.1,0.555890717,-0.0278420508,-2.22243806,0.0797315302,0.00402704745,FollowWall,following_right_wall,0,14,42,0.462724894,1.40090118,1,1,1,0.27733478,2.18175129,2.18175129,0,0,0,0,0
7.15,0.559873312,-0.0279961771,-2.21004138,0.0797315302,0.00402704745,FollowWall,following_right_wall,0,14,42,0.462724894,1.40090118,1,1,1,0.27733478,2.18160463,2.18160463,0,0,0,0,0
7.2,0.563856356,-0.0281494703,-2.19800305,0.0797389282,0.00391607759,FollowWall,following_right_wall,0,14,42,0.462368101,1.39269134,1,1,1,0.276833504,2.1814586,2.1814586,0,0,0,0,0
7.25,0.567839829,-0.0283019536,-2.18630622,0.0797389282,0.00391607759,FollowWall,following_right_wall,0,14,42,0.462368101,1.39269134,1,1,1,0.276833504,2.18131317,2.18131317,0,0,0,0,0
7.3,0.571823564,-0.0284536395,-2.1748086,0.0797733775,0.00339933772,FollowWall,following_right_wall,0,14,42,0.461976737,1.38449494,1,1,1,0.276608616,2.18116843,2.18116843,0,0,0,0,0
7.35,0.575808181,-0.0286045837,-2.16404399,0.0797733775,0.00339933772,FollowWall,following_right_wall,0,14,42,0.461976737,1.38449494,1,1,1,0.276608616,2.18102398,2.18102398,0,0,0,0,0
7.4,0.579793322,-0.0287548129,-2.15370697,0.0797817299,0.00327405082,FollowWall,following_right_wall,0,14,42,0.461542636,1.3763122,1,1,1,0.276081592,2.18088,2.18088,0,0,0,0,0
7.45,0.583778955,-0.0289043544,-2.14376894,0.0797817299,0.00327405082,FollowWall,following_right_wall,0,14,42,0.461542636,1.3763122,1,1,1,0.276081592,2.18073647,2.18073647,0,0,0,0,0
7.5,0.587764883,-0.0290532228,-2.13406364,0.0797818282,0.00327257692,FollowWall,following_right_wall,0,14,42,0.461072624,1.36814623,1,1,1,0.275449455,2.18059347,2.18059347,0,0,0,0,0
7.55,0.591750996,-0.0292014267,-2.12449586,0.0797818282,0.00327257692,FollowWall,following_right_wall,0,14,42,0.461072624,1.36814623,1,1,1,0.275449455,2.18045105,2.18045105,0,0,0,0,0
7.6,0.595737227,-0.0293489712,-2.11500831,0.0797657994,0.00351300875,FollowWall,following_right_wall,0,14,42,0.460576296,1.3600007,1,1,1,0.275052905,2.18030925,2.18030925,0,0,0,0,0
7.65,0.599723204,-0.029495837,-2.10528056,0.0797657994,0.00351300875,FollowWall,following_right_wall,0,14,42,0.460576296,1.3600007,1,1,1,0.275052905,2.18016828,2.18016828,0,0,0,0,0
7.7,0.603709042,-0.0296420152,-2.09541269,0.0797531491,0.00370276384,FollowWall,following_right_wall,0,14,42,0.46006614,1.35187942,1,1,1,0.274686873,2.18002808,2.18002808,0,0,0,0,0
7.75,0.607694548,-0.0297874832,-2.08523659,0.0797531491,0.00370276384,FollowWall,following_right_wall,0,14,42,0.46006614,1.35187942,1,1,1,0.274686873,2.17988878,2.17988878,0,0,0,0,0
7.8,0.611679871,-0.0299322294,-2.07488068,0.0797583601,0.00362459803,FollowWall,following_right_wall,0,14,42,0.459547818,1.34378477,1,1,1,0.274351001,2.17975031,2.17975031,0,0,0,0,0
7.85,0.615665206,-0.0300762544,-2.06451319,0.0797583601,0.00362459803,FollowWall,following_right_wall,0,14,42,0.459547818,1.34378477,1,1,1,0.274351001,2.17961257,2.17961257,0,0,0,0,0
7.9,0.619650559,-0.0302195578,-2.05413894,0.0797902597,0.00314610486,FollowWall,following_right_wall,0,14,42,0.459015906,1.33571616,1,1,1,0.274046719,2.17947557,2.17947557,0,0,0,0,0
7.95,0.623636598,-0.0303621829,-2.0443319,0.0797902597,0.00314610486,FollowWall,following_right_wall,0,14,42,0.459015906,1.33571616,1,1,1,0.274046719,2.1793389,2.1793389,0,0,0,0,0
8,0.627623044,-0.0305041509,-2.03485575,0.0798193548,0.00270967842,FollowWall,following_right_wall,0,14,42,0.458455384,1.3276712,1,1,1,0.273776531,2.17920269,2.17920269,0,0,0,0,0
8.05,0.631610344,-0.0306455139,-2.02609355,0.0798193548,0.00270967842,FollowWall,following_right_wall,0,14,42,0.458455384,1.3276712,1,1,1,0.273776531,2.17906665,2.17906665,0,0,0,0,0
8.1,0.635598149,-0.0307862987,-2.01774783,0.0798414279,0.00237858185,FollowWall,following_right_wall,0,14,42,0.457860678,1.31964906,1,1,1,0.273507595,2.17893094,2.17893094,0,0,0,0,0
8.15,0.639586716,-0.0309265509,-2.01004027,0.0798414279,0.00237858185,FollowWall,following_right_wall,0,14,42,0.457860678,1.31964906,1,1,1,0.273507595,2.17879538,2.17879538,0,0,0,0,0
8.2,0.643575734,-0.0310662947,-2.00270497,0.0798457187,0.00231421894,FollowWall,following_right_wall,0,14,42,0.457234472,1.31165058,1,1,1,0.273122191,2.17866009,2.17866009,0,0,0,0,0
8.25,0.647565111,-0.0312055499,-1.99566365,0.0798457187,0.00231421894,FollowWall,following_right_wall,0,14,42,0.457234472,1.31165058,1,1,1,0.273122191,2.17852512,2.17852512,0,0,0,0,0
8.3,0.651554705,-0.0313443278,-1.98879382,0.0798420062,0.00236990682,FollowWall,following_right_wall,0,14,42,0.456587791,1.30367837,1,1,1,0.272715777,2.17839053,2.17839053,0,0,0,0,0
8.35,0.655544354,-0.0314826299,-1.98195755,0.0798420062,0.00236990682,FollowWall,following_right_wall,0,14,42,0.456587791,1.30367837,1,1,1,0.272715777,2.17825639,2.17825639,0,0,0,0,0
8.4,0.659534042,-0.0316204574,-1.97514086,0.0798607714,0.00208842939,FollowWall,following_right_wall,0,14,42,0.455931574,1.29573434,1,1,1,0.272610426,2.17812272,2.17812272,0,0,0,0,0
8.45,0.663524151,-0.0317578362,-1.96867157,0.0798607714,0.00208842939,FollowWall,following_right_wall,0,14,42,0.455931574,1.29573434,1,1,1,0.272610426,2.17798928,2.17798928,0,0,0,0,0
8.5,0.66751451,-0.0318947797,-1.96240495,0.0798609298,0.00208605374,FollowWall,following_right_wall,0,14,42,0.455261409,1.28781705,1,1,1,0.272366732,2.17785616,2.17785616,0,0,0,0,0
8.55,0.671505025,-0.0320312957,-1.95625937,0.0798609298,0.00208605374,FollowWall,following_right_wall,0,14,42,0.455261409,1.28781705,1,1,1,0.272366732,2.17772339,2.17772339,0,0,0,0,0
8.6,0.675495636,-0.032167389,-1.95018441,0.0798640628,0.00203905783,FollowWall,following_right_wall,0,14,42,0.454583555,1.27992734,1,1,1,0.272215903,2.177591,2.177591,0,0,0,0,0
8.65,0.679486375,-0.0323030664,-1.94420673,0.0798640628,0.00203905783,FollowWall,following_right_wall,0,14,42,0.454583555,1.27992734,1,1,1,0.272215903,2.17745897,2.17745897,0,0,0,0,0
8.7,0.683477194,-0.0324383317,-1.93828581,0.0798797571,0.00180364306,FollowWall,following_right_wall,0,14,42,0.453902334,1.27206497,1,1,1,0.272260129,2.17732732,2.17732732,0,0,0,0,0
8.75,0.687468392,-0.0325732078,-1.932679,0.0798797571,0.00180364306,FollowWall,following_right_wall,0,14,42,0.453902334,1.27206497,1,1,1,0.272260129,2.17719586,2.17719586,0,0,0,0,0
8.8,0.691459816,-0.0327077069,-1.92725542,0.0798854154,0.00171876941,FollowWall,following_right_wall,0,14,42,0.453214675,1.26422828,1,1,1,0.272260875,2.17706467,2.17706467,0,0,0,0,0
8.85,0.695451495,-0.0328418436,-1.92204003,0.0798854154,0.00171876941,FollowWall,following_right_wall,0,14,42,0.453214675,1.26422828,1,1,1,0.272260875,2.17693372,2.17693372,0,0,0,0,0
8.9,0.699443326,-0.0329756259,-1.9169461,0.0798492831,0.00226075374,FollowWall,following_right_wall,0,14,42,0.452524304,1.25641667,1,1,1,0.271869093,2.17680305,2.17680305,0,0,0,0,0
8.95,0.703434501,-0.0331090109,-1.91127606,0.0798492831,0.00226075374,FollowWall,following_right_wall,0,14,42,0.452524304,1.25641667,1,1,1,0.271869093,2.17667313,2.17667313,0,0,0,0,0
9,0.707425298,-0.0332419761,-1.90526996,0.0798079386,0.00288092107,FollowWall,following_right_wall,0,14,42,0.451854527,1.24863348,1,1,1,0.271451056,2.17654384,2.17654384,0,0,0,0,0
9.05,0.711415021,-0.0333744543,-1.89832755,0.0798079386,0.00288092107,FollowWall,following_right_wall,0,14,42,0.451854527,1.24863348,1,1,1,0.271451056,2.1764156,2.1764156,0,0,0,0,0
9.1,0.715404126,-0.0335064089,-1.89083897,0.0797903073,0.00314539044,FollowWall,following_right_wall,0,14,42,0.451222032,1.24088059,1,1,1,0.271299779,2.17628823,2.17628823,0,0,0,0,0
9.15,0.719392511,-0.0336377959,-1.8827161,0.0797903073,0.00314539044,FollowWall,following_right_wall,0,14,42,0.451222032,1.24088059,1,1,1,0.271299779,2.17616181,2.17616181,0,0,0,0,0
9.2,0.723380485,-0.0337685904,-1.87422322,0.0797738129,0.0033928063,FollowWall,following_right_wall,0,14,42,0.450624108,1.23315517,1,1,1,0.27117601,2.17603621,2.17603621,0,0,0,0,0
9.25,0.727367884,-0.0338987566,-1.86521918,0.0797738129,0.0033928063,FollowWall,following_right_wall,0,14,42,0.450624108,1.23315517,1,1,1,0.27117601,2.17591156,2.17591156,0,0,0,0,0
9.3,0.731354957,-0.0340282745,-1.85591696,0.0797308911,0.00403663423,FollowWall,following_right_wall,0,14,42,0.450058609,1.22545471,1,1,1,0.270784318,2.17578774,2.17578774,0,0,0,0,0
9.35,0.735340957,-0.0341570769,-1.84567229,0.0797308911,0.00403663423,FollowWall,following_right_wall,0,14,42,0.450058609,1.22545471,1,1,1,0.270784318,2.17566521,2.17566521,0,0,0,0,0
9.4,0.73932634,-0.0342851269,-1.83487785,0.0796852689,0.00472096581,FollowWall,following_right_wall,0,14,42,0.449538589,1.21777957,1,1,1,0.270365208,2.17554378,2.17554378,0,0,0,0,0
9.45,0.743310426,-0.0344123442,-1.82294586,0.0796852689,0.00472096581,FollowWall,following_right_wall,0,14,42,0.449538589,1.21777957,1,1,1,0.270365208,2.17542388,2.17542388,0,0,0,0,0
9.5,0.747293767,-0.0345386843,-1.81035029,0.0796338885,0.00549167218,FollowWall,following_right_wall,0,14,42,0.449074477,1.20982688,1,1,1,0.26987052,2.17530527,2.17530527,0,0,0,0,0
9.55,0.751275618,-0.0346640555,-1.79644767,0.0796338885,0.00549167218,FollowWall,following_right_wall,0,14,42,0.449074477,1.20982688,1,1,1,0.26987052,2.17518843,2.17518843,0,0,0,0,0
9.6,0.755256613,-0.0347884062,-1.78178262,0.0795881848,0.00617722869,FollowWall,following_right_wall,0,14,42,0.448674649,1.20167923,1,1,1,0.269402713,2.17507309,2.17507309,0,0,0,0,0
9.65,0.759236171,-0.0349116487,-1.76585447,0.0795881848,0.00617722869,FollowWall,following_right_wall,0,14,42,0.448674649,1.20167923,1,1,1,0.269402713,2.17495964,2.17495964,0,0,0,0,0
9.7,0.763214908,-0.0350337329,-1.74918953,0.0795642993,0.00653550987,FollowWall,following_right_wall,0,14,42,0.448341906,1.19356227,1,1,1,0.268963993,2.17484781,2.17484781,0,0,0,0,0
9.75,0.767192684,-0.0351545998,-1.73166713,0.0795642993,0.00653550987,FollowWall,following_right_wall,0,14,42,0.448341906,1.19356227,1,1,1,0.268963993,2.17473774,2.17473774,0,0,0,0,0
9.8,0.771169916,-0.0352742154,-1.71364454,0.0795727981,0.00640802882,FollowWall,following_right_wall,0,14,42,0.448068231,1.18547553,1,1,1,0.268784583,2.17462923,2.17462923,0,0,0,0,0
9.85,0.775147022,-0.0353925702,-1.69548234,0.0795727981,0.00640802882,FollowWall,following_right_wall,0,14,42,0.448068231,1.18547553,1,1,1,0.268784583,2.17452207,2.17452207,0,0,0,0,0
9.9,0.779124072,-0.0355096587,-1.6772387,0.0795656433,0.00651534991,FollowWall,following_right_wall,0,14,42,0.447834998,1.17741616,1,1,1,0.268370509,2.17441624,2.17441624,0,0,0,0,0
9.95,0.783100954,-0.0356254688,-1.65881945,0.0795656433,0.00651534991,FollowWall,following_right_wall,0,14,42,0.447834998,1.17741616,1,1,1,0.268370509,2.17431181,2.17431181,0,0,0,0,0
10,0.787077754,-0.0357399934,-1.64029776,0.0795892568,0.00616114806,FollowWall,following_right_wall,0,14,42,0.447640598,1.16938474,1,1,1,0.268232018,2.17420874,2.17420874,0,0,0,0,0
10.05,0.791055013,-0.0358532571,-1.62213912,0.0795892568,0.00616114806,FollowWall,following_right_wall,0,14,42,0.447640598,1.16938474,1,1,1,0.268232018,2.17410671,2.17410671,0,0,0,0,0
10.1,0.795032554,-0.0359652746,-1.60419224,0.079618683,0.00571975529,FollowWall,following_right_wall,0,14,42,0.447472662,1.1613795,1,1,1,0.268116564,2.17400581,2.17400581,0,0,0,0,0
10.15,0.799010886,-0.0360760898,-1.58689578,0.079618683,0.00571975529,FollowWall,following_right_wall,0,14,42,0.447472662,1.1613795,1,1,1,0.268116564,2.17390571,2.17390571,0,0,0,0,0
10.2,0.802989692,-0.0361857294,-1.56997872,0.0796416693,0.00537496103,FollowWall,following_right_wall,0,14,42,0.447321445,1.15339925,1,1,1,0.267906517,2.17380656,2.17380656,0,0,0,0,0
10.25,0.806969265,-0.0362942362,-1.55369455,0.0796416693,0.00537496103,FollowWall,following_right_wall,0,14,42,0.447321445,1.15339925,1,1,1,0.267906517,2.17370816,2.17370816,0,0,0,0,0
10.3,0.810949298,-0.0364016364,-1.53777956,0.0796386835,0.0054197481,FollowWall,following_right_wall,0,14,42,0.447186083,1.1454441,1,1,1,0.267392009,2.17361065,2.17361065,0,0,0,0,0
10.35,0.814929549,-0.0365079417,-1.52202647,0.0796386835,0.0054197481,FollowWall,following_right_wall,0,14,42,0.447186083,1.1454441,1,1,1,0.267392009,2.17351413,2.17351413,0,0,0,0,0
10.4,0.818909939,-0.0366131589,-1.50636782,0.0796857095,0.00471435706,FollowWall,following_right_wall,0,14,42,0.447079211,1.13751667,1,1,1,0.267377973,2.17341865,2.17341865,0,0,0,0,0
10.45,0.8228914,-0.0367173467,-1.49160626,0.0796857095,0.00471435706,FollowWall,following_right_wall,0,14,42,0.447079211,1.13751667,1,1,1,0.267377973,2.17332365,2.17332365,0,0,0,0,0
10.5,0.826873497,-0.0368205426,-1.477368,0.0797158203,0.00426269559,FollowWall,following_right_wall,0,14,42,0.446984738,1.12961399,1,1,1,0.267164111,2.17322932,2.17322932,0,0,0,0,0
10.55,0.8308566,-0.0369228036,-1.46397413,0.0797158203,0.00426269559,FollowWall,following_right_wall,0,14,42,0.446984738,1.12961399,1,1,1,0.267164111,2.17313541,2.17313541,0,0,0,0,0
10.6,0.834840299,-0.0370241651,-1.45107282,0.079761216,0.00358175947,FollowWall,following_right_wall,0,14,42,0.446899325,1.12173523,1,1,1,0.267103761,2.17304209,2.17304209,0,0,0,0,0
10.65,0.8388253,-0.0371247002,-1.43927165,0.079761216,0.00358175947,FollowWall,following_right_wall,0,14,42,0.446899325,1.12173523,1,1,1,0.267103761,2.17294892,2.17294892,0,0,0,0,0
10.7,0.842811067,-0.0372244554,-1.42811222,0.0798218286,0.00267257074,FollowWall,following_right_wall,0,14,42,0.446815968,1.11387883,1,1,1,0.267205954,2.17285613,2.17285613,0,0,0,0,0
10.75,0.84679855,-0.0373235273,-1.4184124,0.0798218286,0.00267257074,FollowWall,following_right_wall,0,14,42,0.446815968,1.11387883,1,1,1,0.267205954,2.17276311,2.17276311,0,0,0,0,0
10.8,0.85078704,-0.0374219783,-1.40956403,0.0798803194,0.00179520948,FollowWall,following_right_wall,0,14,42,0.446722806,1.10604218,1,1,1,0.267301291,2.17267019,2.17267019,0,0,0,0,0
10.85,0.854777339,-0.037519911,-1.40225961,0.0798803194,0.00179520948,FollowWall,following_right_wall,0,14,42,0.446722806,1.10604218,1,1,1,0.267301291,2.17257682,2.17257682,0,0,0,0,0
10.9,0.858768698,-0.0376173921,-1.39585582,0.079898033,0.00152950443,FollowWall,following_right_wall,0,14,42,0.446614027,1.0982235,1,1,1,0.266984105,2.17248334,2.17248334,0,0,0,0,0
10.95,0.862761047,-0.0377144802,-1.39029457,0.079898033,0.00152950443,FollowWall,following_right_wall,0,14,42,0.446614027,1.0982235,1,1,1,0.266984105,2.17238973,2.17238973,0,0,0,0,0
11,0.866753976,-0.0378112117,-1.38522479,0.0798970903,0.00154364596,FollowWall,following_right_wall,0,14,42,0.446505696,1.09042528,1,1,1,0.266642839,2.17229617,2.17229617,0,0,0,0,0
11.05,0.870747228,-0.037907607,-1.38042483,0.0798970903,0.00154364596,FollowWall,following_right_wall,0,14,42,0.446505696,1.09042528,1,1,1,0.266642839,2.17220278,2.17220278,0,0,0,0,0
11.1,0.87474067,-0.0380036775,-1.37578226,0.0798777883,0.00183317579,FollowWall,following_right_wall,0,14,42,0.446415365,1.08265002,1,1,1,0.266276985,2.17210961,2.17210961,0,0,0,0,0
11.15,0.878733826,-0.0380994086,-1.37088591,0.0798777883,0.00183317579,FollowWall,following_right_wall,0,14,42,0.446415365,1.08265002,1,1,1,0.266276985,2.17201695,2.17201695,0,0,0,0,0
11.2,0.882726817,-0.0381947892,-1.36584151,0.0798839173,0.00174124071,FollowWall,following_right_wall,0,14,42,0.44635874,1.07489951,1,1,1,0.266173005,2.17192472,2.17192472,0,0,0,0,0
11.25,0.886719845,-0.0382898197,-1.36082049,0.0798839173,0.00174124071,FollowWall,following_right_wall,0,14,42,0.44635874,1.07489951,1,1,1,0.266173005,2.17183284,2.17183284,0,0,0,0,0
11.3,0.890712896,-0.0383845011,-1.3558131,0.0798807225,0.00178916176,FollowWall,following_right_wall,0,14,42,0.446330577,1.06506515,1,1,1,0.26596567,2.17174129,2.17174129,0,0,0,0,0
11.35,0.894705898,-0.0384788304,-1.35075648,0.0798807225,0.00178916176,FollowWall,following_right_wall,0,14,42,0.446330577,1.06506515,1,1,1,0.26596567,2.17165013,2.17165013,0,0,0,0,0
11.4,0.898698875,-0.0385728056,-1.34567112,0.0798542274,0.00218658895,FollowWall,following_right_wall,0,14,42,0.446329653,1.0570321,1,1,1,0.265505672,2.17155934,2.17155934,0,0,0,0,0
11.45,0.90269129,-0.0386663959,-1.34009462,0.0798542274,0.00218658895,FollowWall,following_right_wall,0,14,42,0.446329653,1.0570321,1,1,1,0.265505672,2.17146924,2.17146924,0,0,0,0,0
11.5,0.906683381,-0.0387595798,-1.33423161,0.0798317377,0.00252393397,FollowWall,following_right_wall,0,14,42,0.44636634,1.04903155,1,1,1,0.26506719,2.17137973,2.17137973,0,0,0,0,0
11.55,0.910674819,-0.03885232,-1.3277988,0.0798317377,0.00252393397,FollowWall,following_right_wall,0,14,42,0.44636634,1.04903155,1,1,1,0.26506719,2.17129103,2.17129103,0,0,0,0,0
11.6,0.91466588,-0.0389445915,-1.3210336,0.0798437411,0.00234388359,FollowWall,following_right_wall,0,14,42,0.446443766,1.04106492,1,1,1,0.264911562,2.171203,2.171203,0,0,0,0,0
11.65,0.918656978,-0.0390363931,-1.31428943,0.0798437411,0.00234388359,FollowWall,following_right_wall,0,14,42,0.446443766,1.04106492,1,1,1,0.264911562,2.17111543,2.17111543,0,0,0,0,0
11.7,0.9226481,-0.0391277256,-1.30755752,0.0798513032,0.00223045208,FollowWall,following_right_wall,0,14,42,0.446545511,1.03312866,1,1,1,0.264469296,2.17102832,2.17102832,0,0,0,0,0
11.75,0.926639398,-0.0392185979,-1.30096817,0.0798513032,0.00223045208,FollowWall,following_right_wall,0,14,42,0.446545511,1.03312866,1,1,1,0.264469296,2.17094158,2.17094158,0,0,0,0,0
11.8,0.930630804,-0.0393090163,-1.29446198,0.0798748916,0.00187662563,FollowWall,following_right_wall,0,14,42,0.446662933,1.02522062,1,1,1,0.264247864,2.17085525,2.17085525,0,0,0,0,0
11.85,0.934622767,-0.0393990103,-1.28842664,0.0798748916,0.00187662563,FollowWall,following_right_wall,0,14,42,0.446662933,1.02522062,1,1,1,0.264247864,2.17076905,2.17076905,0,0,0,0,0
11.9,0.938615059,-0.0394886004,-1.28266597,0.0799284463,0.00107330596,FollowWall,following_right_wall,0,14,42,0.446784407,1.01733833,1,1,1,0.264410198,2.17068308,2.17068308,0,0,0,0,0
11.95,0.942608661,-0.0395778573,-1.27802442,0.0799284463,0.00107330596,FollowWall,following_right_wall,0,14,42,0.446784407,1.01733833,1,1,1,0.264410198,2.17059674,2.17059674,0,0,0,0,0
12,0.946603029,-0.0396668302,-1.27403568,0.0799244457,0.00113331489,FollowWall,following_right_wall,0,14,42,0.446888506,1.00947644,1,1,1,0.264057517,2.17051027,2.17051027,0,0,0,0,0
12.05,0.950597763,-0.0397555439,-1.27035612,0.0799244457,0.00113331489,FollowWall,following_right_wall,0,14,42,0.446888506,1.00947644,1,1,1,0.264057517,2.17042387,2.17042387,0,0,0,0,0
12.1,0.954592712,-0.039844012,-1.26685691,0.0799475094,0.000787358508,FollowWall,following_right_wall,0,14,42,0.446989298,1.00163875,1,1,1,0.264062643,2.1703376,2.1703376,0,0,0,0,0
12.15,0.958588269,-0.0399322674,-1.26387587,0.0799475094,0.000787358508,FollowWall,following_right_wall,0,14,42,0.446989298,1.00163875,1,1,1,0.264062643,2.17025122,2.17025122,0,0,0,0,0
12.2,0.962584182,-0.0400203333,-1.26119709,0.0799607981,0.000588028652,FollowWall,following_right_wall,0,14,42,0.447083294,0.993824181,1,1,1,0.264036894,2.17016484,2.17016484,0,0,0,0,0
12.25,0.96658058,-0.0401082374,-1.25893256,0.0799607981,0.000588028652,FollowWall,following_right_wall,0,14,42,0.447083294,0.993824181,1,1,1,0.264036894,2.17007836,2.17007836,0,0,0,0,0
12.3,0.970577263,-0.0401959981,-1.25690968,0.0799271197,0.00109320474,FollowWall,following_right_wall,0,14,42,0.447169095,0.986032154,1,1,1,0.26358518,2.16999187,2.16999187,0,0,0,0,0
12.35,0.974573412,-0.0402835899,-1.25442474,0.0799271197,0.00109320474,FollowWall,following_right_wall,0,14,42,0.447169095,0.986032154,1,1,1,0.26358518,2.16990584,2.16990584,0,0,0,0,0
12.4,0.978569251,-0.040370992,-1.25167028,0.0799426561,0.000860159123,FollowWall,following_right_wall,0,14,42,0.447267085,0.978267408,1,1,1,0.263690144,2.16982017,2.16982017,0,0,0,0,0
12.45,0.982565235,-0.0404582094,-1.24903678,0.0799426561,0.000860159123,FollowWall,following_right_wall,0,14,42,0.447267085,0.978267408,1,1,1,0.263690144,2.16973461,2.16973461,0,0,0,0,0
12.5,0.986561305,-0.0405452473,-1.24647382,0.0799261446,0.00110783025,FollowWall,following_right_wall,0,14,42,0.447364986,0.970525673,1,1,1,0.26350686,2.16964919,2.16964919,0,0,0,0,0
12.55,0.990557083,-0.0406320912,-1.24365639,0.0799261446,0.00110783025,FollowWall,following_right_wall,0,14,42,0.447364986,0.970525673,1,1,1,0.26350686,2.16956411,2.16956411,0,0,0,0,0
12.6,0.994552693,-0.0407187296,-1.24069052,0.0798845443,0.00173183527,FollowWall,following_right_wall,0,14,42,0.447466493,0.962652313,1,1,1,0.263098925,2.16947934,2.16947934,0,0,0,0,0
12.65,0.998547341,-0.0408051114,-1.2368932,0.0798845443,0.00173183527,FollowWall,following_right_wall,0,14,42,0.447466493,0.962652313,1,1,1,0.263098925,2.16939535,2.16939535,0,0,0,0,0
12.7,1.00254143,-0.0408911993,-1.23261087,0.079868545,0.00197182525,FollowWall,following_right_wall,0,14,42,0.447586358,0.954760863,1,1,1,0.262975723,2.16931196,2.16931196,0,0,0,0,0
12.75,1.00653486,-0.0409769546,-1.22775915,0.079868545,0.00197182525,FollowWall,following_right_wall,0,14,42,0.447586358,0.954760863,1,1,1,0.262975723,2.16922926,2.16922926,0,0,0,0,0
12.8,1.01052792,-0.0410623519,-1.22257529,0.0798785402,0.00182189658,FollowWall,following_right_wall,0,14,42,0.447719216,0.946762456,1,1,1,0.263145685,2.16914713,2.16914713,0,0,0,0,0
12.85,1.01452097,-0.0411473871,-1.21737664,0.0798785402,0.00182189658,FollowWall,following_right_wall,0,14,42,0.447719216,0.946762456,1,1,1,0.263145685,2.16906537,2.16906537,0,0,0,0,0
12.9,1.01851401,-0.0412320594,-1.21216936,0.0798852134,0.00172179826,FollowWall,following_right_wall,0,14,42,0.447847128,0.938588865,1,1,1,0.263321161,2.16898398,2.16898398,0,0,0,0,0
12.95,1.02250719,-0.0413163757,-1.20707654,0.0798852134,0.00172179826,FollowWall,following_right_wall,0,14,42,0.447847128,0.938588865,1,1,1,0.263321161,2.16890287,2.16890287,0,0,0,0,0
13,1.02650046,-0.0414003409,-1.20205048,0.079866536,0.00200196001,FollowWall,following_right_wall,0,14,42,0.447961181,0.930438669,1,1,1,0.263027012,2.16882207,2.16882207,0,0,0,0,0
13.05,1.0304934,-0.0414839384,-1.19672895,0.079866536,0.00200196001,FollowWall,following_right_wall,0,14,42,0.447961181,0.930438669,1,1,1,0.263027012,2.16874183,2.16874183,0,0,0,0,0
13.1,1.03448614,-0.0415671548,-1.19123506,0.0798506717,0.00223992399,FollowWall,following_right_wall,0,14,42,0.448068947,0.922315609,1,1,1,0.262677968,2.16866208,2.16866208,0,0,0,0,0
13.15,1.03847844,-0.0416499657,-1.18535658,0.0798506717,0.00223992399,FollowWall,following_right_wall,0,14,42,0.448068947,0.922315609,1,1,1,0.262677968,2.16858298,2.16858298,0,0,0,0,0
13.2,1.04247049,-0.0417323538,-1.17925375,0.0798018172,0.00297274212,FollowWall,following_right_wall,0,14,42,0.448173106,0.914221999,1,1,1,0.262328953,2.16850444,2.16850444,0,0,0,0,0
13.25,1.04646138,-0.0418142577,-1.17214532,0.0798018172,0.00297274212,FollowWall,following_right_wall,0,14,42,0.448173106,0.914221999,1,1,1,0.262328953,2.16842702,2.16842702,0,0,0,0,0
13.3,1.05045159,-0.0418956321,-1.16445029,0.0797551393,0.00367291049,FollowWall,following_right_wall,0,14,42,0.44828859,0.906162828,1,1,1,0.261955172,2.16835051,2.16835051,0,0,0,0,0
13.35,1.05444045,-0.0419764018,-1.1555773,0.0797551393,0.00367291049,FollowWall,following_right_wall,0,14,42,0.44828859,0.906162828,1,1,1,0.261955172,2.16827534,2.16827534,0,0,0,0,0
13.4,1.05842852,-0.0420565137,-1.14601718,0.0797371029,0.0039434562,FollowWall,following_right_wall,0,14,42,0.448422372,0.898140589,1,1,1,0.261787534,2.16820127,2.16820127,0,0,0,0,0
13.45,1.06241577,-0.0421359184,-1.13573329,0.0797371029,0.0039434562,FollowWall,following_right_wall,0,14,42,0.448422372,0.898140589,1,1,1,0.261787534,2.16812837,2.16812837,0,0,0,0,0
13.5,1.06640253,-0.0422145829,-1.1250272,0.0797051458,0.00442281319,FollowWall,following_right_wall,0,14,42,0.44856292,0.890153323,1,1,1,0.261388987,2.16805648,2.16805648,0,0,0,0,0
13.55,1.07038836,-0.0422924554,-1.11350264,0.0797051458,0.00442281319,FollowWall,following_right_wall,0,14,42,0.44856292,0.890153323,1,1,1,0.261388987,2.16798589,2.16798589,0,0,0,0,0
13.6,1.07437365,-0.0423694989,-1.10150063,0.0796972975,0.0045405368,FollowWall,following_right_wall,0,14,42,0.624336302,0.882201446,1,1,1,0.261160463,2.16791645,2.16791645,0,0,0,0,0
13.65,1.07835847,-0.0424456837,-1.08907959,0.0796972975,0.0045405368,FollowWall,following_right_wall,0,14,42,0.624336302,0.882201446,1,1,1,0.261160463,2.16784813,2.16784813,0,0,0,0,0
13.7,1.08234302,-0.0425209907,-1.07641412,0.0796725012,0.00491248242,FollowWall,following_right_wall,0,14,42,0.624552011,0.874282761,1,1,1,0.260680497,2.16778085,2.16778085,0,0,0,0,0
13.75,1.08632691,-0.0425953837,-1.06316208,0.0796725012,0.00491248242,FollowWall,following_right_wall,0,14,42,0.624552011,0.874282761,1,1,1,0.260680497,2.16771486,2.16771486,0,0,0,0,0
13.8,1.09031041,-0.0426688361,-1.04956789,0.0796838474,0.00474228871,FollowWall,following_right_wall,0,14,42,0.624723554,0.866397683,1,1,1,0.260506094,2.16765004,2.16765004,0,0,0,0,0
13.85,1.09429394,-0.0427413436,-1.03597725,0.0796838474,0.00474228871,FollowWall,following_right_wall,0,14,42,0.624723554,0.866397683,1,1,1,0.260506094,2.16758616,2.16758616,0,0,0,0,0
13.9,1.09827749,-0.0428129063,-1.02238868,0.0797311213,0.0040331811,FollowWall,following_right_wall,0,14,42,0.624870658,0.858542649,1,1,1,0.26065442,2.16752322,2.16752322,0,0,0,0,0
13.95,1.10226204,-0.0428835711,-1.00964777,0.0797311213,0.0040331811,FollowWall,following_right_wall,0,14,42,0.624870658,0.858542649,1,1,1,0.26065442,2.16746066,2.16746066,0,0,0,0,0
14,1.10624718,-0.0429533772,-0.997401311,0.0797796322,0.00330551636,FollowWall,following_right_wall,0,14,42,0.625030518,0.850711367,1,1,1,0.26079601,2.16739864,2.16739864,0,0,0,0,0
14.05,1.11023367,-0.0430223951,-0.986311875,0.0797796322,0.00330551636,FollowWall,following_right_wall,0,14,42,0.625030518,0.850711367,1,1,1,0.26079601,2.16733668,2.16733668,0,0,0,0,0
14.1,1.11422097,-0.0430906782,-0.975897367,0.0797932912,0.0031006327,FollowWall,following_right_wall,0,14,42,0.62522155,0.842900272,1,1,1,0.260570914,2.16727502,2.16727502,0,0,0,0,0
14.15,1.11820902,-0.0431582715,-0.966121131,0.0797932912,0.0031006327,FollowWall,following_right_wall,0,14,42,0.62522155,0.842900272,1,1,1,0.260570914,2.16721366,2.16721366,0,0,0,0,0
14.2,1.12219752,-0.0432252044,-0.956717218,0.0798383603,0.00242459623,FollowWall,following_right_wall,0,14,42,0.625424266,0.834708204,1,1,1,0.260659039,2.16715271,2.16715271,0,0,0,0,0
14.25,1.12618722,-0.0432915382,-0.948337454,0.0798383603,0.00242459623,FollowWall,following_right_wall,0,14,42,0.625424266,0.834708204,1,1,1,0.260659039,2.16709172,2.16709172,0,0,0,0,0
14.3,1.13017762,-0.0433573208,-0.94055511,0.0798570076,0.00214488573,FollowWall,following_right_wall,0,14,42,0.625647962,0.82659387,1,1,1,0.260463923,2.1670309,2.1670309,0,0,0,0,0
14.35,1.13416883,-0.0434225981,-0.93345514,0.0798570076,0.00214488573,FollowWall,following_right_wall,0,14,42,0.625647962,0.82659387,1,1,1,0.260463923,2.16697015,2.16697015,0,0,0,0,0
14.4,1.1381605,-0.0434874022,-0.926753222,0.0798870851,0.00169372401,FollowWall,following_right_wall,0,14,42,0.625881255,0.818498637,1,1,1,0.260374159,2.16690962,2.16690962,0,0,0,0,0
14.45,1.14215308,-0.0435517806,-0.920822036,0.0798870851,0.00169372401,FollowWall,following_right_wall,0,14,42,0.625881255,0.818498637,1,1,1,0.260374159,2.16684903,2.16684903,0,0,0,0,0
14.5,1.14614619,-0.0436157699,-0.915340444,0.079944059,0.00083911567,FollowWall,following_right_wall,0,14,42,0.626123428,0.810423808,1,1,1,0.260552645,2.16678854,2.16678854,0,0,0,0,0
14.55,1.1501408,-0.0436794455,-0.911141227,0.079944059,0.00083911567,FollowWall,following_right_wall,0,14,42,0.626123428,0.810423808,1,1,1,0.260552645,2.16672754,2.16672754,0,0,0,0,0
14.6,1.15413628,-0.0437428683,-0.907690064,0.0799408843,0.000886735958,FollowWall,following_right_wall,0,14,42,0.626395047,0.802366543,1,1,1,0.260112971,2.16666632,2.16666632,0,0,0,0,0
14.65,1.15813221,-0.0438060707,-0.904618422,0.0799408843,0.000886735958,FollowWall,following_right_wall,0,14,42,0.626395047,0.802366543,1,1,1,0.260112971,2.16660508,2.16660508,0,0,0,0,0
14.7,1.16212839,-0.0438690706,-0.901768168,0.05,0.000970344816,FollowWall,following_right_wall,0,14,42,0.626664102,0.794333467,1,1,1,0.259631038,2.1665439,2.1665439,0,0,0,0,0
14.75,1.16550104,-0.0439220734,-0.898947256,0.05,0.000970344816,FollowWall,following_right_wall,0,14,42,0.626664102,0.794333467,1,1,1,0.259631038,2.1664927,2.1664927,0,0,0,0,0
14.8,1.16850996,-0.0439692124,-0.89614346,0.05,0.000336653408,FollowWall,following_right_wall,0,14,42,0.626847029,0.787940941,1,1,1,0.259673536,2.16644735,2.16644735,0,0,0,0,0
14.85,1.1713067,-0.0440129091,-0.894106062,0.05,0.000336653408,FollowWall,following_right_wall,0,14,42,0.626847029,0.787940941,1,1,1,0.259673536,2.16640496,2.16640496,0,0,0,0,0
14.9,1.17397968,-0.0440545874,-0.89251573,0.05,0.0147562252,AdvanceRight,advancing_past_measured_edge,0,14,42,0.627007008,0.782476502,1,1,1,0.259846658,2.1663643,2.1663643,0,0,0,0,0
14.95,1.17658046,-0.044094683,-0.873974089,0.05,0.01436789,AdvanceRight,advancing_past_measured_edge,0,14,42,0.627007008,0.782476502,1,1,1,0.259846658,2.16633605,2.16633605,0,0,0,0,0
15,1.17913914,-0.0441330909,-0.846007727,0.05,0.0137821639,AdvanceRight,advancing_past_measured_edge,0,14,42,0.626475215,0.77740854,1,1,1,0.260026127,2.16631554,2.16631554,0,0,0,0,0
15.05,1.18167328,-0.0441697869,-0.81324277,0.05,0.0130959362,AdvanceRight,advancing_past_measured_edge,0,14,42,0.626475215,0.77740854,1,1,1,0.260026127,2.16629983,2.16629983,0,0,0,0,0
15.1,1.1841931,-0.0442047909,-0.778497755,0.05,0.0123682383,AdvanceRight,advancing_past_measured_edge,0,14,42,0.625594914,0.772495347,1,1,1,0.259758949,2.16628712,2.16628712,0,0,0,0,0
15.15,1.18670458,-0.0442381495,-0.743466333,0.05,0.0116345419,AdvanceRight,advancing_past_measured_edge,0,14,42,0.625594914,0.772495347,1,1,1,0.259758949,2.16627627,2.16627627,0,0,0,0,0
15.2,1.18921121,-0.0442699262,-0.709143626,0.05,0.0109156888,AdvanceRight,advancing_past_measured_edge,0,14,42,0.624663532,0.767635617,1,1,1,0.259518325,2.16626658,2.16626658,0,0,0,0,0
15.25,1.19171501,-0.0443001948,-0.676092403,0.05,0.0102234656,AdvanceRight,advancing_past_measured_edge,0,14,42,0.624663532,0.767635617,1,1,1,0.259518325,2.16625761,2.16625761,0,0,0,0,0
15.3,1.19421717,-0.0443290342,-0.644609159,0.05,0.00956408211,AdvanceRight,advancing_past_measured_edge,0,14,42,0.623783946,0.762794458,1,1,1,0.25944382,2.16624909,2.16624909,0,0,0,0,0
15.35,1.19671837,-0.0443565252,-0.614827652,0.05,0.00894033968,AdvanceRight,advancing_past_measured_edge,0,14,42,0.623783946,0.762794458,1,1,1,0.25944382,2.16624084,2.16624084,0,0,0,0,0
15.4,1.19921902,-0.0443827481,-0.586783362,0.05,0.00835298144,AdvanceRight,advancing_past_measured_edge,0,14,42,0.622984946,0.757960395,1,1,1,0.259308517,2.16623276,2.16623276,0,0,0,0,0
15.45,1.20171936,-0.0444077811,-0.560453555,0.05,0.00780153126,AdvanceRight,advancing_past_measured_edge,0,14,42,0.622984946,0.757960395,1,1,1,0.259308517,2.16622478,2.16622478,0,0,0,0,0
15.5,1.20421951,-0.0444316995,-0.535782109,0.05,0.00728481371,AdvanceRight,advancing_past_measured_edge,0,14,42,0.622268498,0.753130294,1,1,1,0.259067208,2.16621685,2.16621685,0,0,0,0,0
15.55,1.20671957,-0.0444545748,-0.512694827,0.05,0.00680127479,AdvanceRight,advancing_past_measured_edge,0,14,42,0.622268498,0.753130294,1,1,1,0.259067208,2.16620896,2.16620896,0,0,0,0,0
15.6,1.20921956,-0.0444764749,-0.491108822,0.05,0.00634917855,AdvanceRight,advancing_past_measured_edge,0,14,42,0.621627331,0.748303624,1,1,1,0.259047985,2.16620108,2.16620108,0,0,0,0,0
15.65,1.21171953,-0.0444974637,-0.470938212,0.05,0.00592672629,AdvanceRight,advancing_past_measured_edge,0,14,42,0.621627331,0.748303624,1,1,1,0.259047985,2.16619321,2.16619321,0,0,0,0,0
15.7,1.21421948,-0.0445176013,-0.452097514,0.05,0.00553212764,AdvanceRight,advancing_past_measured_edge,0,14,42,0.62105161,0.743381409,1,1,1,0.258814216,2.16618533,2.16618533,0,0,0,0,0
15.75,1.21671942,-0.0445369439,-0.434503616,0.05,0.0051636419,AdvanceRight,advancing_past_measured_edge,0,14,42,0.62105161,0.743381409,1,1,1,0.258814216,2.16617744,2.16617744,0,0,0,0,0
15.8,1.21921936,-0.0445555442,-0.418076866,0.05,0.00481960084,AdvanceRight,advancing_past_measured_edge,0,14,42,0.620531857,0.738386,1,1,1,0.258666545,2.16616955,2.16616955,0,0,0,0,0
15.85,1.2217193,-0.0445734516,-0.40274162,0.05,0.0044984202,AdvanceRight,advancing_past_measured_edge,0,14,42,0.620531857,0.738386,1,1,1,0.258666545,2.16616164,2.16616164,0,0,0,0,0
15.9,1.22421925,-0.0445907121,-0.388426466,0.05,0.00419860433,AdvanceRight,advancing_past_measured_edge,0,14,42,0.620059252,0.733401171,1,1,1,0.258600384,2.16615372,2.16615372,0,0,0,0,0
15.95,1.2267192,-0.0446073687,-0.375064245,0.05,0.00391874662,AdvanceRight,advancing_past_measured_edge,0,14,42,0.620059252,0.733401171,1,1,1,0.258600384,2.16614579,2.16614579,0,0,0,0,0
16,1.22921914,-0.0446234618,-0.362591957,0.05,0.00365752763,AdvanceRight,advancing_past_measured_edge,0,14,42,0.619626164,0.728427635,1,1,1,0.258336902,2.16613784,2.16613784,0,0,0,0,0
16.05,1.2317191,-0.0446390288,-0.350950603,0.05,0.00341371169,AdvanceRight,advancing_past_measured_edge,0,14,42,0.619626164,0.728427635,1,1,1,0.258336902,2.16612988,2.16612988,0,0,0,0,0
16.1,1.23421905,-0.0446541047,-0.340084996,0.05,0.00318614294,AdvanceRight,advancing_past_measured_edge,0,14,42,0.619225979,0.723465867,1,1,1,0.258070529,2.16612191,2.16612191,0,0,0,0,0
16.15,1.23671901,-0.0446687224,-0.329943546,0.05,0.00297374092,AdvanceRight,advancing_past_measured_edge,0,14,42,0.619225979,0.723465867,1,1,1,0.258070529,2.16611393,2.16611393,0,0,0,0,0
16.2,1.23921897,-0.0446829123,-0.320478059,0.05,0.00277549623,AdvanceRight,advancing_past_measured_edge,0,14,42,0.618853092,0.718516225,1,1,1,0.258033901,2.16610593,2.16610593,0,0,0,0,0
16.25,1.24171893,-0.044696703,-0.311643521,0.05,0.00259046608,AdvanceRight,advancing_past_measured_edge,0,14,42,0.618853092,0.718516225,1,1,1,0.258033901,2.16609792,2.16609792,0,0,0,0,0
16.3,1.2442189,-0.0447101211,-0.303397899,0.05,0.00241777018,AdvanceRight,advancing_past_measured_edge,0,14,42,0.618502617,0.713578945,1,1,1,0.258218974,2.16608991,2.16608991,0,0,0,0,0
16.35,1.24671886,-0.0447231914,-0.295701952,0.05,0.00225658664,AdvanceRight,advancing_past_measured_edge,0,14,42,0.618502617,0.713578945,1,1,1,0.258218974,2.16608188,2.16608188,0,0,0,0,0
16.4,1.24921883,-0.044735937,-0.288519048,0.05,0.00210614825,AdvanceRight,advancing_past_measured_edge,0,14,42,0.618170619,0.708654266,1,1,1,0.258408219,2.16607384,2.16607384,0,0,0,0,0
16.45,1.2517188,-0.0447483797,-0.281814991,0.05,0.00196573882,AdvanceRight,advancing_past_measured_edge,0,14,42,0.618170619,0.708654266,1,1,1,0.258408219,2.16606579,2.16606579,0,0,0,0,0
16.5,1.25421877,-0.0447605397,-0.275557863,0.05,0.00183468984,AdvanceRight,advancing_past_measured_edge,0,14,42,0.617853642,0.703742188,1,1,1,0.258559525,2.16605773,2.16605773,0,0,0,0,0
16.55,1.25671874,-0.0447724357,-0.269717873,0.05,0.00171237736,AdvanceRight,advancing_past_measured_edge,0,14,42,0.617853642,0.703742188,1,1,1,0.258559525,2.16604967,2.16604967,0,0,0,0,0
16.6,1.25921871,-0.0447840854,-0.264267211,0.05,0.00159821898,AdvanceRight,advancing_past_measured_edge,0,14,42,0.617548883,0.698819788,1,1,1,0.258412868,2.16604159,2.16604159,0,0,0,0,0
16.65,1.26171869,-0.0447955052,-0.259179926,0.05,0.00149167112,AdvanceRight,advancing_past_measured_edge,0,14,42,0.617548883,0.698819788,1,1,1,0.258412868,2.16603351,2.16603351,0,0,0,0,0
16.7,1.26421866,-0.0448067104,-0.254431791,0.05,0.00139222642,AdvanceRight,advancing_past_measured_edge,0,14,42,0.617254019,0.693770884,1,1,1,0.258556068,2.16602542,2.16602542,0,0,0,0,0
16.75,1.26671864,-0.0448177154,-0.250000198,0.05,0.00129941135,AdvanceRight,advancing_past_measured_edge,0,14,42,0.617254019,0.693770884,1,1,1,0.258556068,2.16601733,2.16601733,0,0,0,0,0
16.8,1.26921861,-0.0448285334,-0.245864044,0.05,0.00121278394,AdvanceRight,advancing_past_measured_edge,0,14,42,0.616967142,0.688736578,1,1,1,0.258689165,2.16600922,2.16600922,0,0,0,0,0
16.85,1.27171859,-0.044839177,-0.242003633,0.05,0.00113193169,AdvanceRight,advancing_past_measured_edge,0,14,42,0.616967142,0.688736578,1,1,1,0.258689165,2.16600111,2.16600111,0,0,0,0,0
16.9,1.27421857,-0.0448496578,-0.238400583,0.05,0.00105646958,AdvanceRight,advancing_past_measured_edge,0,14,42,0.616686761,0.683717109,1,1,1,0.258520842,2.165993,2.165993,0,0,0,0,0
16.95,1.27671855,-0.0448599866,-0.235037736,0.05,0.000986038283,AdvanceRight,advancing_past_measured_edge,0,14,42,0.616686761,0.683717109,1,1,1,0.258520842,2.16598488,2.16598488,0,0,0,0,0
17,1.27921853,-0.0448701735,-0.231899079,0.05,0.0009203024,AdvanceRight,advancing_past_measured_edge,0,14,42,0.616411746,0.678712537,1,1,1,0.258674681,2.16597675,2.16597675,0,0,0,0,0
17.05,1.28171851,-0.0448802281,-0.228969665,0.05,0.000858948908,AdvanceRight,advancing_past_measured_edge,0,14,42,0.616411746,0.678712537,1,1,1,0.258674681,2.16596862,2.16596862,0,0,0,0,0
17.1,1.28421849,-0.0448901591,-0.226235546,0.05,0.000801685648,AdvanceRight,advancing_past_measured_edge,0,14,42,0.61614114,0.673722921,1,1,1,0.258649081,2.16596049,2.16596049,0,0,0,0,0
17.15,1.28671847,-0.0448999748,-0.223683702,0.05,0.000748239939,AdvanceRight,advancing_past_measured_edge,0,14,42,0.61614114,0.673722921,1,1,1,0.258649081,2.16595235,2.16595235,0,0,0,0,0
17.2,1.28921845,-0.0449096829,-0.22130198,0.05,0.000698357277,AdvanceRight,advancing_past_measured_edge,0,14,42,0.61587429,0.668693842,1,1,1,0.258853883,2.16594421,2.16594421,0,0,0,0,0
17.25,1.29171843,-0.0449192905,-0.21907904,0.05,0.000651800125,AdvanceRight,advancing_past_measured_edge,0,14,42,0.61587429,0.668693842,1,1,1,0.258853883,2.16593606,2.16593606,0,0,0,0,0
17.3,1.29421841,-0.0449288043,-0.217004295,0.05,0.000608346784,AdvanceRight,advancing_past_measured_edge,0,14,42,0.615610778,0.663631415,1,1,1,0.258644342,2.16592791,2.16592791,0,0,0,0,0
17.35,1.29671839,-0.0449382306,-0.215067868,0.05,0.000567790332,AdvanceRight,advancing_past_measured_edge,0,14,42,0.615610778,0.663631415,1,1,1,0.258644342,2.16591976,2.16591976,0,0,0,0,0
17.4,1.29921838,-0.0449475753,-0.213260535,0.05,0.000529937643,AdvanceRight,advancing_past_measured_edge,0,14,42,0.615350425,0.658582729,1,1,1,0.258374363,2.1659116,2.1659116,0,0,0,0,0
17.45,1.30171836,-0.0449568437,-0.211573691,0.05,0.000494608467,AdvanceRight,advancing_past_measured_edge,0,14,42,0.615350425,0.658582729,1,1,1,0.258374363,2.16590344,2.16590344,0,0,0,0,0
17.5,1.30421834,-0.044966041,-0.209999303,0.05,0.000461634569,AdvanceRight,advancing_past_measured_edge,0,14,42,0.615093112,0.653548199,1,1,1,0.258107215,2.16589528,2.16589528,0,0,0,0,0
17.55,1.30671833,-0.0449751719,-0.208529875,0.05,0.000430858931,AdvanceRight,advancing_past_measured_edge,0,14,42,0.615093112,0.653548199,1,1,1,0.258107215,2.16588712,2.16588712,0,0,0,0,0
17.6,1.30921831,-0.0449842408,-0.207158408,0.05,0.000402135002,AdvanceRight,advancing_past_measured_edge,0,14,42,0.614838958,0.648528002,1,1,1,0.258225858,2.16587895,2.16587895,0,0,0,0,0
17.65,1.31171829,-0.0449932518,-0.205878373,0.05,0.000375326002,AdvanceRight,advancing_past_measured_edge,0,14,42,0.614838958,0.648528002,1,1,1,0.258225858,2.16587078,2.16587078,0,0,0,0,0
17.7,1.31421828,-0.0450022089,-0.204683673,0.05,0.000350304269,AdvanceRight,advancing_past_measured_edge,0,14,42,0.614588082,0.643522376,1,1,1,0.258453697,2.16586261,2.16586261,0,0,0,0,0
17.75,1.31671826,-0.0450111155,-0.20356862,0.05,0.000326950651,AdvanceRight,advancing_past_measured_edge,0,14,42,0.614588082,0.643522376,1,1,1,0.258453697,2.16585443,2.16585443,0,0,0,0,0
17.8,1.31921825,-0.0450199752,-0.202527904,0.05,0.000305153941,AdvanceRight,advancing_past_measured_edge,0,14,42,0.614340782,0.638531438,1,1,1,0.258682877,2.16584626,2.16584626,0,0,0,0,0
17.85,1.32171823,-0.0450287909,-0.201556568,0.05,0.000284810345,AdvanceRight,advancing_past_measured_edge,0,14,42,0.614340782,0.638531438,1,1,1,0.258682877,2.16583808,2.16583808,0,0,0,0,0
17.9,1.32421822,-0.0450375657,-0.200649989,0.05,0.000265822988,AdvanceRight,advancing_past_measured_edge,0,14,42,0.614097476,0.633555188,1,1,1,0.258478701,2.1658299,2.1658299,0,0,0,0,0
17.95,1.3267182,-0.0450463022,-0.199803848,0.05,0.000248101456,AdvanceRight,advancing_past_measured_edge,0,14,42,0.614097476,0.633555188,1,1,1,0.258478701,2.16582172,2.16582172,0,0,0,0,0
18,1.32921819,-0.045055003,-0.199014117,0.05,0.000231561359,AdvanceRight,advancing_past_measured_edge,0,14,42,0.61385864,0.628593687,1,1,1,0.258441776,2.16581354,2.16581354,0,0,0,0,0
18.05,1.33171817,-0.0450636706,-0.198277034,0.05,0.000216123935,AdvanceRight,advancing_past_measured_edge,0,14,42,0.61385864,0.628593687,1,1,1,0.258441776,2.16580536,2.16580536,0,0,0,0,0
18.1,1.33421816,-0.045072307,-0.19758909,0.05,0.000201715673,AdvanceRight,advancing_past_measured_edge,0,14,42,0.613624692,0.623646814,1,1,1,0.258280963,2.16579718,2.16579718,0,0,0,0,0
18.15,1.33671814,-0.0450809144,-0.196947009,0.05,0.000188267961,AdvanceRight,advancing_past_measured_edge,0,14,42,0.613624692,0.623646814,1,1,1,0.258280963,2.16578899,2.16578899,0,0,0,0,0
18.2,1.33921813,-0.0450894948,-0.196347734,0.05,0.000175716764,AdvanceRight,advancing_past_measured_edge,0,14,42,0.613396287,0.618714394,1,1,1,0.258374393,2.16578081,2.16578081,0,0,0,0,0
18.25,1.34171811,-0.0450980498,-0.19578841,0.05,0.000164002313,AdvanceRight,advancing_past_measured_edge,0,14,42,0.613396287,0.618714394,1,1,1,0.258374393,2.16577262,2.16577262,0,0,0,0,0
18.3,1.3442181,-0.0451065813,-0.195266374,0.05,0.000153068825,AdvanceRight,advancing_past_measured_edge,0,14,42,0.613173962,0.613796247,1,1,1,0.258279562,2.16576443,2.16576443,0,0,0,0,0
18.35,1.34671808,-0.0451150908,-0.194779141,0.05,0.000142864237,AdvanceRight,advancing_past_measured_edge,0,14,42,0.613173962,0.613796247,1,1,1,0.258279562,2.16575624,2.16575624,0,0,0,0,0
18.4,1.34921807,-0.0451235797,-0.19432439,0.05,0.000133339954,AdvanceRight,advancing_past_measured_edge,0,14,42,0.612958372,0.608747187,1,0,1,0.258094847,2.16574805,2.16574805,0,0,0,0,0
18.45,1.35171805,-0.0451320494,-0.193899956,0.05,0.000124450624,AdvanceRight,advancing_past_measured_edge,0,14,42,0.612958372,0.608747187,1,0,1,0.258094847,2.16573986,2.16573986,0,0,0,0,0
18.5,1.35421804,-0.0451405012,-0.193503817,0.05,0.000116153916,AdvanceRight,advancing_past_measured_edge,0,14,42,0.612750173,0.603701855,1,0,1,0.257972181,2.16573167,2.16573167,0,0,0,0,0
18.55,1.35671802,-0.0451489363,-0.193134088,0.05,0.000108410321,AdvanceRight,advancing_past_measured_edge,0,14,42,0.612750173,0.603701855,1,0,1,0.257972181,2.16572348,2.16572348,0,0,0,0,0
18.6,1.35921801,-0.0451573559,-0.192789007,0.05,0.000101182967,AdvanceRight,advancing_past_measured_edge,0,14,42,0.612549901,0.598671454,1,0,1,0.258043796,2.16571529,2.16571529,0,0,0,0,0
18.65,1.361718,-0.0451657608,-0.192466932,0.05,9.44374356e-05,AdvanceRight,advancing_past_measured_edge,0,14,42,0.612549901,0.598671454,1,0,1,0.258043796,2.16570709,2.16570709,0,0,0,0,0
18.7,1.36421798,-0.0451741522,-0.192166328,0.05,8.81416065e-05,AdvanceRight,advancing_past_measured_edge,0,14,42,0.612358332,0.593656104,1,0,1,0.257798702,2.1656989,2.1656989,0,0,0,0,0
18.75,1.36671797,-0.0451825309,-0.191885764,0.05,8.22654994e-05,AdvanceRight,advancing_past_measured_edge,0,14,42,0.612358332,0.593656104,1,0,1,0.257798702,2.1656907,2.1656907,0,0,0,0,0
18.8,1.36921795,-0.0451908978,-0.191623905,0.05,7.67811328e-05,AdvanceRight,advancing_past_measured_edge,0,14,42,0.61217612,0.588655982,1,0,1,0.257536232,2.16568251,2.16568251,0,0,0,0,0
18.85,1.37171794,-0.0451992536,-0.191379503,0.05,7.16623906e-05,AdvanceRight,advancing_past_measured_edge,0,14,42,0.61217612,0.588655982,1,0,1,0.257536232,2.16567432,2.16567432,0,0,0,0,0
18.9,1.37421793,-0.0452075991,-0.191151395,0.05,6.68848979e-05,AdvanceRight,advancing_past_measured_edge,0,14,42,0.612003803,0.583671031,1,0,1,0.257457823,2.16566612,2.16566612,0,0,0,0,0
18.95,1.37671791,-0.045215935,-0.190938494,0.05,6.24259047e-05,AdvanceRight,advancing_past_measured_edge,0,14,42,0.612003803,0.583671031,1,0,1,0.257457823,2.16565792,2.16565792,0,0,0,0,0
19,1.3792179,-0.0452242619,-0.190739786,0.05,5.82641777e-05,AdvanceRight,advancing_past_measured_edge,0,14,42,0.611842096,0.578680473,1,0,1,0.257675797,2.16564973,2.16564973,0,0,0,0,0
19.05,1.38171788,-0.0452325804,-0.190554325,0.05,5.43798992e-05,AdvanceRight,advancing_past_measured_edge,0,14,42,0.611842096,0.578680473,1,0,1,0.257675797,2.16564153,2.16564153,0,0,0,0,0
19.1,1.38421787,-0.0452408912,-0.190381228,0.05,5.07545726e-05,AdvanceRight,advancing_past_measured_edge,0,14,42,0.611691475,0.573618319,1,0,1,0.258016765,2.16563333,2.16563333,0,0,0,0,0
19.15,1.38671786,-0.0452491946,-0.190219672,0.05,4.73709344e-05,AdvanceRight,advancing_past_measured_edge,0,14,42,0.611691475,0.573618319,1,0,1,0.258016765,2.16562514,2.16562514,0,0,0,0,0
19.2,1.38921784,-0.0452574912,-0.190068885,0.05,4.42128721e-05,AdvanceRight,advancing_past_measured_edge,0,14,42,0.611552656,0.568570782,1,0,1,0.258095771,2.16561694,2.16561694,0,0,0,0,0
19.25,1.39171783,-0.0452657814,-0.189928151,0.05,4.12653473e-05,AdvanceRight,advancing_past_measured_edge,0,14,42,0.611552656,0.568570782,1,0,1,0.258095771,2.16560874,2.16560874,0,0,0,0,0
19.3,1.39421782,-0.0452740657,-0.1897968,0.05,3.85143242e-05,AdvanceRight,advancing_past_measured_edge,0,14,42,0.611426115,0.563537978,1,0,1,0.258612007,2.16560054,2.16560054,0,0,0,0,0
19.35,1.3967178,-0.0452823444,-0.189674205,0.05,3.59467026e-05,AdvanceRight,advancing_past_measured_edge,0,14,42,0.611426115,0.563537978,1,0,1,0.258612007,2.16559235,2.16559235,0,0,0,0,0
19.4,1.39921779,-0.045290618,-0.189559783,0.05,3.35502557e-05,AdvanceRight,advancing_past_measured_edge,0,14,42,0.611312389,0.558520145,1,0,1,0.258640975,2.16558415,2.16558415,0,0,0,0,0
19.45,1.40171777,-0.0452988868,-0.189452989,0.05,3.1313572e-05,AdvanceRight,advancing_past_measured_edge,0,14,42,0.611312389,0.558520145,1,0,1,0.258640975,2.16557595,2.16557595,0,0,0,0,0
19.5,1.40421776,-0.0453071511,-0.189353315,0.05,2.92260005e-05,AdvanceRight,advancing_past_measured_edge,0,14,42,0.611211956,0.553517281,1,0,1,0.258677751,2.16556775,2.16556775,0,0,0,0,0
19.55,1.40671775,-0.0453154111,-0.189260286,0.05,2.72776005e-05,AdvanceRight,advancing_past_measured_edge,0,14,42,0.611211956,0.553517281,1,0,1,0.258677751,2.16555955,2.16555955,0,0,0,0,0
19.6,1.40921773,-0.0453236672,-0.189173458,0.05,2.54590938e-05,AdvanceRight,advancing_past_measured_edge,0,14,42,0.611125171,0.548529446,1,0,1,0.259619147,2.16555135,2.16555135,0,0,0,0,0
19.65,1.41171772,-0.0453319197,-0.18909242,0.05,2.37618209e-05,AdvanceRight,advancing_past_measured_edge,0,14,42,0.611125171,0.548529446,1,0,1,0.259619147,2.16554315,2.16554315,0,0,0,0,0
19.7,1.41421771,-0.0453401687,-0.189016783,0.05,2.21776995e-05,AdvanceRight,advancing_past_measured_edge,0,14,42,0.611052513,0.543556698,1,0,1,0.259718567,2.16553496,2.16553496,0,0,0,0,0
19.75,1.41671769,-0.0453484146,-0.188946189,0.05,2.06991862e-05,AdvanceRight,advancing_past_measured_edge,0,14,42,0.611052513,0.543556698,1,0,1,0.259718567,2.16552676,2.16552676,0,0,0,0,0
19.8,1.41921768,-0.0453566575,-0.188880302,0.05,1.93192404e-05,AdvanceRight,advancing_past_measured_edge,0,14,42,0.608808041,0.538598803,1,0,1,0.261155128,2.16551856,2.16551856,0,0,0,0,0
19.85,1.42171767,-0.0453648976,-0.188818807,0.05,1.80312911e-05,AdvanceRight,advancing_past_measured_edge,0,14,42,0.608808041,0.538598803,1,0,1,0.261155128,2.16551036,2.16551036,0,0,0,0,0
19.9,1.42421765,-0.0453731351,-0.188761411,0.05,1.6829205e-05,AdvanceRight,advancing_past_measured_edge,0,14,42,0.603815913,0.533655759,1,0,1,0.264285982,2.16550216,2.16550216,0,0,0,0,0
19.95,1.42671764,-0.0453813702,-0.188707842,0.05,1.5707258e-05,AdvanceRight,advancing_past_measured_edge,0,14,42,0.603815913,0.533655759,1,0,1,0.264285982,2.16549396,2.16549396,0,0,0,0,0
20,1.42921763,-0.045389603,-0.188657845,0.05,1.46601075e-05,AdvanceRight,advancing_past_measured_edge,0,14,42,0.598838985,0.528727273,1,0,1,0.265256912,2.16548576,2.16548576,0,0,0,0,0
20.05,1.43171761,-0.0453978337,-0.18861118,0.05,1.3682767e-05,AdvanceRight,advancing_past_measured_edge,0,14,42,0.598838985,0.528727273,1,0,1,0.265256912,2.16547756,2.16547756,0,0,0,0,0
20.1,1.4342176,-0.0454060625,-0.188567627,0.05,1.27705825e-05,AdvanceRight,advancing_past_measured_edge,0,14,42,0.593877196,0.523744495,1,0,1,2.25162387,2.16546936,2.16546936,0,0,0,0,0
20.15,1.43671758,-0.0454142894,-0.188526977,0.05,1.19192103e-05,AdvanceRight,advancing_past_measured_edge,0,14,42,0.593877196,0.523744495,1,0,1,2.25162387,2.16546116,2.16546116,0,0,0,0,0
20.2,1.43921757,-0.0454225146,-0.188489036,0.05,1.11245963e-05,AdvanceRight,advancing_past_measured_edge,0,14,42,0.588930428,0.518689795,1,0,1,2.25145864,2.16545296,2.16545296,0,0,0,0,0
20.25,1.44171756,-0.0454307382,-0.188453626,0.05,1.03829566e-05,AdvanceRight,advancing_past_measured_edge,0,14,42,0.588930428,0.518689795,1,0,1,2.25145864,2.16544476,2.16544476,0,0,0,0,0
20.3,1.44421754,-0.0454389603,-0.188420576,0.05,9.69075946e-06,AdvanceRight,advancing_past_measured_edge,0,14,42,0.583998442,0.513649981,1,0,1,2.25130582,2.16543656,2.16543656,0,0,0,0,0
20.35,1.44671753,-0.045447181,-0.188389729,0.05,9.04470883e-06,AdvanceRight,advancing_past_measured_edge,0,14,42,0.583998442,0.513649981,1,0,1,2.25130582,2.16542836,2.16542836,0,0,0,0,0
20.4,1.44921752,-0.0454554004,-0.188360939,0.05,8.44172824e-06,AdvanceRight,advancing_past_measured_edge,0,14,42,0.579080999,0.508625172,1,0,1,2.25373578,2.16542016,2.16542016,0,0,0,0,0
20.45,1.4517175,-0.0454636186,-0.188334068,0.05,7.87894636e-06,AdvanceRight,advancing_past_measured_edge,0,14,42,0.579080999,0.508625172,1,0,1,2.25373578,2.16541195,2.16541195,0,0,0,0,0
20.5,1.45421749,-0.0454718357,-0.188308989,0.05,7.35368327e-06,AdvanceRight,advancing_past_measured_edge,0,14,42,0.574177742,0.503615545,1,0,1,2.25395536,2.16540375,2.16540375,0,0,0,0,0
20.55,1.45671748,-0.0454800517,-0.188285581,0.05,6.86343772e-06,AdvanceRight,advancing_past_measured_edge,0,14,42,0.574177742,0.503615545,1,0,1,2.25395536,2.16539555,2.16539555,0,0,0,0,0
20.6,1.45921746,-0.0454882667,-0.188263734,0.05,6.4058752e-06,AdvanceRight,advancing_past_measured_edge,0,14,42,0.569288373,0.498621042,1,0,1,2.254179,2.16538735,2.16538735,0,0,0,0,0
20.65,1.46171745,-0.0454964808,-0.188243344,0.05,5.97881686e-06,AdvanceRight,advancing_past_measured_edge,0,14,42,0.569288373,0.498621042,1,0,1,2.254179,2.16537915,2.16537915,0,0,0,0,0
20.7,1.46421744,-0.045504694,-0.188224312,0.05,5.58022907e-06,AdvanceRight,advancing_past_measured_edge,0,14,42,0.564412415,0.493641781,1,0,1,2.25082874,2.16537095,2.16537095,0,0,0,0,0
20.75,1.46671742,-0.0455129065,-0.18820655,0.05,5.2082138e-06,AdvanceRight,advancing_past_measured_edge,0,14,42,0.564412415,0.493641781,1,0,1,2.25082874,2.16536275,2.16536275,0,0,0,0,0
20.8,1.46921741,-0.0455211181,-0.188189972,0.05,4.86099954e-06,AdvanceRight,advancing_past_measured_edge,0,14,42,0.559549391,0.488657503,1,0,1,2.25074506,2.16535455,2.16535455,0,0,0,0,0
20.85,1.4717174,-0.0455293291,-0.188174499,0.05,4.53693291e-06,AdvanceRight,advancing_past_measured_edge,0,14,42,0.559549391,0.488657503,1,0,1,2.25074506,2.16534635,2.16534635,0,0,0,0,0
20.9,1.47421738,-0.0455375395,-0.188160057,0.05,4.23447071e-06,AdvanceRight,advancing_past_measured_edge,0,14,42,0.554698825,0.483601019,1,0,1,2.25067616,2.16533815,2.16533815,0,0,0,0,0
20.95,1.47671737,-0.0455457492,-0.188146578,0.05,3.95217267e-06,AdvanceRight,advancing_past_measured_edge,0,14,42,0.554698825,0.483601019,1,0,1,2.25067616,2.16532995,2.16532995,0,0,0,0,0
21,1.47921735,-0.0455539583,-0.188133998,0.05,3.68869449e-06,AdvanceRight,advancing_past_measured_edge,0,14,42,0.549624026,0.478559116,1,0,1,2.25462508,2.16532175,2.16532175,0,0,0,0,0
21.05,1.48171734,-0.045562167,-0.188122257,0.05,3.44278152e-06,AdvanceRight,advancing_past_measured_edge,0,14,42,0.549624026,0.478559116,1,0,1,2.25462508,2.16531355,2.16531355,0,0,0,0,0
21.1,1.48421733,-0.0455703751,-0.188111298,0.05,3.21326275e-06,AdvanceRight,advancing_past_measured_edge,0,14,42,0.544541717,0.47353203,1,0,1,2.25473785,2.16530534,2.16530534,0,0,0,0,0
21.15,1.48671731,-0.0455785827,-0.18810107,0.05,2.99904524e-06,AdvanceRight,advancing_past_measured_edge,0,14,42,0.544541717,0.47353203,1,0,1,2.25473785,2.16529714,2.16529714,0,0,0,0,0
21.2,1.4892173,-0.04558679,-0.188091524,0.05,2.79910889e-06,AdvanceRight,advancing_past_measured_edge,0,14,42,0.53947407,0.468519877,1,0,1,2.25158668,2.16528894,2.16528894,0,0,0,0,0
21.25,1.49171729,-0.0455949968,-0.188082614,0.05,2.61250163e-06,AdvanceRight,advancing_past_measured_edge,0,14,42,0.53947407,0.468519877,1,0,1,2.25158668,2.16528074,2.16528074,0,0,0,0,0
21.3,1.49421727,-0.0456032033,-0.188074298,0.05,2.43833485e-06,AdvanceRight,advancing_past_measured_edge,0,14,42,0.534421325,0.463522715,1,0,1,2.2505517,2.16527254,2.16527254,0,0,0,0,0
21.35,1.49671726,-0.0456114094,-0.188066537,0.05,2.2757792e-06,AdvanceRight,advancing_past_measured_edge,0,14,42,0.534421325,0.463522715,1,0,1,2.2505517,2.16526434,2.16526434,0,0,0,0,0
21.4,1.49921725,-0.0456196152,-0.188059293,0.05,2.12406058e-06,AdvanceRight,advancing_past_measured_edge,0,14,42,0.529383659,0.458540545,1,0,1,2.25055885,2.16525614,2.16525614,0,0,0,0,0
21.45,1.50171723,-0.0456278206,-0.188052531,0.05,1.98245654e-06,AdvanceRight,advancing_past_measured_edge,0,14,42,0.529383659,0.458540545,1,0,1,2.25055885,2.16524794,2.16524794,0,0,0,0,0
21.5,1.50421722,-0.0456360258,-0.188046221,0.05,1.85029277e-06,AdvanceRight,advancing_past_measured_edge,0,14,42,0.524361193,0.45357325,1,0,1,2.25413108,2.16523974,2.16523974,0,0,0,0,0
21.55,1.50671721,-0.0456442307,-0.188040331,0.05,1.72693992e-06,AdvanceRight,advancing_past_measured_edge,0,14,42,0.524361193,0.45357325,1,0,1,2.25413108,2.16523154,2.16523154,0,0,0,0,0
21.6,1.50921719,-0.0456524354,-0.188034834,0.05,1.61181059e-06,AdvanceRight,advancing_past_measured_edge,0,14,42,0.519353926,0.448620829,1,0,1,2.25392556,2.16522333,2.16522333,0,0,0,0,0
21.65,1.51171718,-0.0456606398,-0.188029704,0.05,1.50435656e-06,AdvanceRight,advancing_past_measured_edge,0,14,42,0.519353926,0.448620829,1,0,1,2.25392556,2.16521513,2.16521513,0,0,0,0,0
21.7,1.51421717,-0.0456688441,-0.188024915,0.05,1.40406612e-06,AdvanceRight,advancing_past_measured_edge,0,14,42,0.514311671,0.443683049,1,0,1,2.2537303,2.16520693,2.16520693,0,0,0,0,0
21.75,1.51671715,-0.0456770481,-0.188020446,0.05,1.31046171e-06,AdvanceRight,advancing_past_measured_edge,0,14,42,0.514311671,0.443683049,1,0,1,2.2537303,2.16519873,2.16519873,0,0,0,0,0
21.8,1.51921714,-0.0456852519,-0.188016275,0.05,1.2230976e-06,AdvanceRight,advancing_past_measured_edge,0,14,42,0.509219646,0.438749443,1,0,1,2.25073647,2.16519053,2.16519053,0,0,0,0,0
21.85,1.52171713,-0.0456934556,-0.188012381,0.05,1.14155776e-06,AdvanceRight,advancing_past_measured_edge,0,14,42,0.509219646,0.438749443,1,0,1,2.25073647,2.16518233,2.16518233,0,0,0,0,0
21.9,1.52421711,-0.0457016591,-0.188008748,0.05,1.06545391e-06,AdvanceRight,advancing_past_measured_edge,0,14,42,0.504141927,0.433706855,1,0,1,2.2508173,2.16517413,2.16517413,0,0,0,0,0
21.95,1.5267171,-0.0457098624,-0.188005356,0.05,9.94423646e-07,AdvanceRight,advancing_past_measured_edge,0,14,42,0.504141927,0.433706855,1,0,1,2.2508173,2.16516593,2.16516593,0,0,0,0,0
22,1.52921709,-0.0457180656,-0.188002191,0.05,9.28128736e-07,AdvanceRight,advancing_past_measured_edge,0,14,42,0.499056339,0.428658219,1,0,1,2.25091195,2.16515773,2.16515773,0,0,0,0,0
22.05,1.53171707,-0.0457262687,-0.187999237,0.05,8.66253487e-07,AdvanceRight,advancing_past_measured_edge,0,14,42,0.499056339,0.428658219,1,0,1,2.25091195,2.16514952,2.16514952,0,0,0,0,0
22.1,1.53421706,-0.0457344716,-0.187996479,0.05,8.08503254e-07,AdvanceRight,advancing_past_measured_edge,0,14,42,0.493974119,0.423624461,1,0,1,2.25255609,2.16514132,2.16514132,0,0,0,0,0
22.15,1.53671705,-0.0457426744,-0.187993906,0.05,7.54603037e-07,AdvanceRight,advancing_past_measured_edge,0,14,42,0.493974119,0.423624461,1,0,1,2.25255609,2.16513312,2.16513312,0,0,0,0,0
22.2,1.53921703,-0.0457508772,-0.187991504,0.05,7.04296168e-07,AdvanceRight,advancing_past_measured_edge,0,14,42,0.488906413,0.418605701,1,0,1,2.25252676,2.16512492,2.16512492,0,0,0,0,0
22.25,1.54171702,-0.0457590798,-0.187989262,0.05,6.5734309e-07,AdvanceRight,advancing_past_measured_edge,0,14,42,0.488906413,0.418605701,1,0,1,2.25252676,2.16511672,2.16511672,0,0,0,0,0
22.3,1.544217,-0.0457672823,-0.18798717,0.05,6.13520218e-07,AdvanceRight,advancing_past_measured_edge,0,14,42,0.483853549,0.413602026,1,0,1,2.25127411,2.16510852,2.16510852,0,0,0,0,0
22.35,1.54671699,-0.0457754847,-0.187985217,0.05,5.7261887e-07,AdvanceRight,advancing_past_measured_edge,0,14,42,0.483853549,0.413602026,1,0,1,2.25127411,2.16510032,2.16510032,0,0,0,0,0
22.4,1.54921698,-0.0457836871,-0.187983394,0.05,5.34444279e-07,AdvanceRight,advancing_past_measured_edge,0,14,42,0.478815675,0.408613495,1,0,1,2.25141931,2.16509212,2.16509212,0,0,0,0,0
22.45,1.55171696,-0.0457918893,-0.187981693,0.05,4.9881466e-07,AdvanceRight,advancing_past_measured_edge,0,14,42,0.478815675,0.408613495,1,0,1,2.25141931,2.16508392,2.16508392,0,0,0,0,0
22.5,1.55421695,-0.0458000915,-0.187980105,0.05,4.65560349e-07,AdvanceRight,advancing_past_measured_edge,0,14,42,0.47379294,0.40364005,1,0,1,2.25157571,2.16507571,2.16507571,0,0,0,0,0
22.55,1.55671694,-0.0458082937,-0.187978623,0.05,4.34522993e-07,AdvanceRight,advancing_past_measured_edge,0,14,42,0.47379294,0.40364005,1,0,1,2.25157571,2.16506751,2.16506751,0,0,0,0,0
22.6,1.55921692,-0.0458164957,-0.18797724,0.05,4.05554793e-07,AdvanceRight,advancing_past_measured_edge,0,14,42,0.468785435,0.39866006,1,0,1,2.25174284,2.16505931,2.16505931,0,0,0,0,0
22.65,1.56171691,-0.0458246978,-0.187975949,0.05,3.78517807e-07,AdvanceRight,advancing_past_measured_edge,0,14,42,0.468785435,0.39866006,1,0,1,2.25174284,2.16505111,2.16505111,0,0,0,0,0
22.7,1.5642169,-0.0458328997,-0.187974744,0.05,3.53283287e-07,AdvanceRight,advancing_past_measured_edge,0,14,42,0.463793218,0.393609721,1,0,1,2.25191951,2.16504291,2.16504291,0,0,0,0,0
22.75,1.56671688,-0.0458411016,-0.18797362,0.05,3.29731067e-07,AdvanceRight,advancing_past_measured_edge,0,14,42,0.463793218,0.393609721,1,0,1,2.25191951,2.16503471,2.16503471,0,0,0,0,0
22.8,1.56921687,-0.0458493035,-0.18797257,0.05,3.07748996e-07,AdvanceRight,advancing_past_measured_edge,0,14,42,0.45881623,0.388573995,1,0,1,2.25210571,2.16502651,2.16502651,0,0,0,0,0
22.85,1.57171686,-0.0458575053,-0.18797159,0.05,2.87232397e-07,AdvanceRight,advancing_past_measured_edge,0,14,42,0.45881623,0.388573995,1,0,1,2.25210571,2.16501831,2.16501831,0,0,0,0,0
22.9,1.57421684,-0.0458657071,-0.187970676,0.05,2.6808357e-07,AdvanceRight,advancing_past_measured_edge,0,14,42,0.453854382,0.383552998,1,0,1,2.25117111,2.16501011,2.16501011,0,0,0,0,0
22.95,1.57671683,-0.0458739088,-0.187969823,0.05,2.50211332e-07,AdvanceRight,advancing_past_measured_edge,0,14,42,0.453854382,0.383552998,1,0,1,2.25117111,2.1650019,2.1650019,0,0,0,0,0
23,1.57921682,-0.0458821105,-0.187969026,0.05,2.33530577e-07,AdvanceRight,advancing_past_measured_edge,0,14,42,0.448907554,0.378546847,1,0,1,2.25100565,2.1649937,2.1649937,0,0,0,0,0
23.05,1.5817168,-0.0458903122,-0.187968283,0.05,2.17961871e-07,AdvanceRight,advancing_past_measured_edge,0,14,42,0.448907554,0.378546847,1,0,1,2.25100565,2.1649855,2.1649855,0,0,0,0,0
23.1,1.58421679,-0.0458985138,-0.187967589,0.05,2.0343108e-07,AdvanceRight,advancing_past_measured_edge,0,14,42,0.443975508,0.3735556,1,0,1,2.25085258,2.1649773,2.1649773,0,0,0,0,0
23.15,1.58671678,-0.0459067154,-0.187966942,0.05,1.89869008e-07,AdvanceRight,advancing_past_measured_edge,0,14,42,0.443975508,0.3735556,1,0,1,2.25085258,2.1649691,2.1649691,0,0,0,0,0
23.2,1.58921676,-0.045914917,-0.187966337,0.05,1.77211074e-07,AdvanceRight,advancing_past_measured_edge,0,14,42,0.439058006,0.368579169,1,0,1,2.25237417,2.1649609,2.1649609,0,0,0,0,0
23.25,1.59171675,-0.0459231185,-0.187965773,0.05,1.65397003e-07,AdvanceRight,advancing_past_measured_edge,0,14,42,0.439058006,0.368579169,1,0,1,2.25237417,2.1649527,2.1649527,0,0,0,0,0
23.3,1.59421674,-0.0459313201,-0.187965247,0.05,1.54370536e-07,AdvanceRight,advancing_past_measured_edge,0,14,42,0.434154749,0.363617555,1,0,1,2.25240183,2.1649445,2.1649445,0,0,0,0,0
23.35,1.59671672,-0.0459395216,-0.187964755,0.05,1.44079167e-07,AdvanceRight,advancing_past_measured_edge,0,14,42,0.434154749,0.363617555,1,0,1,2.25240183,2.16493629,2.16493629,0,0,0,0,0
23.4,1.59921671,-0.045947723,-0.187964297,0.05,1.34473889e-07,AdvanceRight,advancing_past_measured_edge,0,14,42,0.42926532,0.358670612,1,0,1,2.25244427,2.16492809,2.16492809,0,0,0,0,0
23.45,1.6017167,-0.0459559245,-0.187963869,0.05,1.25508963e-07,AdvanceRight,advancing_past_measured_edge,0,14,42,0.42926532,0.358670612,1,0,1,2.25244427,2.16491989,2.16491989,0,0,0,0,0
23.5,1.60421668,-0.045964126,-0.187963469,0.05,1.17141699e-07,AdvanceRight,advancing_past_measured_edge,0,14,42,0.424389333,0.353700643,1,0,1,2.25037479,2.16491169,2.16491169,0,0,0,0,0
23.55,1.60671667,-0.0459723274,-0.187963096,0.05,1.09332252e-07,AdvanceRight,advancing_past_measured_edge,0,14,42,0.424389333,0.353700643,1,0,1,2.25037479,2.16490349,2.16490349,0,0,0,0,0
23.6,1.60921666,-0.0459805288,-0.187962748,0.05,1.02043435e-07,AdvanceRight,advancing_past_measured_edge,0,14,42,0.41946733,0.348735989,1,0,1,2.25029087,2.16489529,2.16489529,0,0,0,0,0
23.65,1.61171664,-0.0459887302,-0.187962424,0.05,9.52405397e-08,AdvanceRight,advancing_past_measured_edge,0,14,42,0.41946733,0.348735989,1,0,1,2.25029087,2.16488709,2.16488709,0,0,0,0,0
23.7,1.61421663,-0.0459969316,-0.18796212,0.05,8.88911704e-08,AdvanceRight,advancing_past_measured_edge,0,14,42,0.414359003,0.343698097,1,0,1,2.25022173,2.16487889,2.16487889,0,0,0,0,0
23.75,1.61671661,-0.046005133,-0.187961837,0.05,8.29650924e-08,AdvanceRight,advancing_past_measured_edge,0,14,42,0.414359003,0.343698097,1,0,1,2.25022173,2.16487069,2.16487069,0,0,0,0,0
23.8,1.6192166,-0.0460133343,-0.187961573,0.05,7.74340862e-08,AdvanceRight,advancing_past_measured_edge,0,14,42,0.409264654,0.338655623,1,0,1,2.25275803,2.16486248,2.16486248,0,0,0,0,0
23.85,1.62171659,-0.0460215357,-0.187961327,0.05,7.22718138e-08,AdvanceRight,advancing_past_measured_edge,0,14,42,0.409264654,0.338655623,1,0,1,2.25275803,2.16485428,2.16485428,0,0,0,0,0
23.9,1.62421657,-0.046029737,-0.187961097,0.05,6.74536929e-08,AdvanceRight,advancing_past_measured_edge,0,14,42,0.404184669,0.33362797,1,0,1,2.25287056,2.16484608,2.16484608,0,0,0,0,0
23.95,1.62671656,-0.0460379384,-0.187960882,0.05,6.295678e-08,AdvanceRight,advancing_past_measured_edge,0,14,42,0.404184669,0.33362797,1,0,1,2.25287056,2.16483788,2.16483788,0,0,0,0,0
24,1.62921655,-0.0460461397,-0.187960682,0.05,5.87596613e-08,AdvanceRight,advancing_past_measured_edge,0,14,42,0.399119318,0.328615285,1,0,1,2.25010514,2.16482968,2.16482968,0,0,0,0,0
24.05,1.63171653,-0.046054341,-0.187960495,0.05,5.48423506e-08,AdvanceRight,advancing_past_measured_edge,0,14,42,0.399119318,0.328615285,1,0,1,2.25010514,2.16482148,2.16482148,0,0,0,0,0
24.1,1.63421652,-0.0460625423,-0.18796032,0.05,5.11861939e-08,AdvanceRight,advancing_past_measured_edge,0,14,42,0.394068867,0.323617654,1,0,1,2.25009656,2.16481328,2.16481328,0,0,0,0,0
24.15,1.63671651,-0.0460707436,-0.187960157,0.05,4.7773781e-08,AdvanceRight,advancing_past_measured_edge,0,14,42,0.394068867,0.323617654,1,0,1,2.25009656,2.16480508,2.16480508,0,0,0,0,0
24.2,1.63921649,-0.0460789449,-0.187960005,0.05,4.45888622e-08,AdvanceRight,advancing_past_measured_edge,0,14,42,0.389033467,0.318635021,1,0,1,2.25010347,2.16479687,2.16479687,0,0,0,0,0
24.25,1.64171648,-0.0460871462,-0.187959863,0.05,4.16162714e-08,AdvanceRight,advancing_past_measured_edge,0,14,42,0.389033467,0.318635021,1,0,1,2.25010347,2.16478867,2.16478867,0,0,0,0,0
24.3,1.64421647,-0.0460953474,-0.187959731,0.05,3.88418533e-08,AdvanceRight,advancing_past_measured_edge,0,14,42,0.384013265,0.313667355,1,0,1,2.2526226,2.16478047,2.16478047,0,0,0,0,0
24.35,1.64671645,-0.0461035487,-0.187959607,0.05,3.62523964e-08,AdvanceRight,advancing_past_measured_edge,0,14,42,0.384013265,0.313667355,1,0,1,2.2526226,2.16477227,2.16477227,0,0,0,0,0
24.4,1.64921644,-0.04611175,-0.187959492,0.05,3.383557e-08,AdvanceRight,advancing_past_measured_edge,0,14,42,0.379008293,0.308691919,1,0,1,2.25241685,2.16476407,2.16476407,0,0,0,0,0
24.45,1.65171643,-0.0461199512,-0.187959384,0.05,3.15798653e-08,AdvanceRight,advancing_past_measured_edge,0,14,42,0.379008293,0.308691919,1,0,1,2.25241685,2.16475587,2.16475587,0,0,0,0,0
24.5,1.65421641,-0.0461281525,-0.187959283,0.05,2.9474541e-08,AdvanceRight,advancing_past_measured_edge,0,14,42,0.37401858,0.303647875,1,0,1,2.2502141,2.16474767,2.16474767,0,0,0,0,0
24.55,1.6567164,-0.0461363538,-0.18795919,0.05,2.75095716e-08,AdvanceRight,advancing_past_measured_edge,0,14,42,0.37401858,0.303647875,1,0,1,2.2502141,2.16473947,2.16473947,0,0,0,0,0
24.6,1.65921639,-0.046144555,-0.187959102,0,0,TurnRight,right_pivot_ready,0,14,42,0.369044095,0.298618337,1,0,1,2.25028038,2.16473126,2.16473126,0,0,0,0,0
24.65,1.66067471,-0.0461493391,-0.187959051,0,-0.6,TurnRight,turning_right_with_feedback,0,14,42,0.369044095,0.298618337,1,0,1,2.25028038,2.16472648,2.16472648,0,0,0,0,0
24.7,1.66152537,-0.0461574465,-0.904156265,0,-0.6,TurnRight,turning_right_with_feedback,0,14,42,0.36662516,0.295100789,1,0,1,2.25108123,2.164254,2.164254,0,0,0,0,0
24.75,1.66202144,-0.0461701867,-2.03813522,0,-0.6,TurnRight,turning_right_with_feedback,0,14,42,0.36662516,0.295100789,1,0,1,2.25108123,2.16353466,2.16353466,0,0,0,0,0
24.8,1.66231059,-0.0461839588,-3.41582018,0,-0.6,TurnRight,turning_right_with_feedback,0,14,42,0.365808964,0.290591271,1,0,1,2.25327516,2.16271004,2.16271004,0,0,0,0,0
24.85,1.662479,-0.0461962545,-4.93566699,0,-0.6,TurnRight,turning_right_with_feedback,0,14,42,0.365808964,0.290591271,1,0,1,2.25327516,2.16186435,2.16186435,0,0,0,0,0
24.9,1.66257701,-0.046206101,-6.53844154,0,-0.6,TurnRight,turning_right_with_feedback,0,14,42,0.365335256,0.286675282,1,0,1,2.20955992,2.16104573,2.16104573,0,0,0,0,0
24.95,1.66263399,-0.0462134656,-8.1895906,0,-0.6,TurnRight,turning_right_with_feedback,0,14,42,0.365335256,0.286675282,1,0,1,2.20955992,2.16028108,2.16028108,0,0,0,0,0
25,1.66266709,-0.0462187259,-9.86895813,0,-0.6,TurnRight,turning_right_with_feedback,0,14,42,0.365234286,0.281407108,1,0,1,1.42776108,2.15958524,2.15958524,0,0,0,0,0
25.05,1.6626863,-0.0462223617,-11.5647864,0,-0.6,TurnRight,turning_right_with_feedback,0,14,42,0.365234286,0.281407108,1,0,1,1.42776108,2.15896638,2.15896638,0,0,0,0,0
25.1,1.66269744,-0.0462248142,-13.2702169,0,-0.6,TurnRight,turning_right_with_feedback,0,14,42,0.364621937,0.27872845,1,0,1,1.05293751,2.15842897,2.15842897,0,0,0,0,0
25.15,1.66270389,-0.0462264379,-14.9812485,0,-0.6,TurnRight,turning_right_with_feedback,0,14,42,0.364621937,0.27872845,1,0,1,1.05293751,2.15797552,2.15797552,0,0,0,0,0
25.2,1.66270763,-0.0462274971,-16.6955476,0,-0.6,TurnRight,turning_right_with_feedback,0,14,42,0.364099801,0.277219877,1,0,1,0.836303115,2.15760744,2.15760744,0,0,0,0,0
25.25,1.66270979,-0.0462281799,-18.4117526,0,-0.6,TurnRight,turning_right_with_feedback,0,14,42,0.364099801,0.277219877,1,0,1,0.836303115,2.15732556,2.15732556,0,0,0,0,0
25.3,1.66271103,-0.0462286157,-20.1290694,0,-0.6,TurnRight,turning_right_with_feedback,0,14,42,0.363669276,0.276870556,1,0,1,0.696371615,2.15713035,2.15713035,0,0,0,0,0
25.35,1.66271175,-0.0462288917,-21.8470348,0,-0.6,TurnRight,turning_right_with_feedback,0,14,42,0.363669276,0.276870556,1,0,1,0.696371615,2.15702209,2.15702209,0,0,0,0,0
25.4,1.66271217,-0.0462290651,-23.5653785,0,-0.6,TurnRight,turning_right_with_feedback,1,4,22,0.36276415,0.277681507,1,0,0,-1,2.15700092,2.15700092,0,0,0,0,0
25.45,1.66271241,-0.0462291735,-25.283943,0,-0.6,TurnRight,turning_right_with_feedback,1,4,22,0.36276415,0.277681507,1,0,0,-1,2.15706685,2.15700092,0,0,0,0,0
25.5,1.66271254,-0.0462292409,-27.0026361,0,-0.6,TurnRight,turning_right_with_feedback,1,4,22,0.361914396,0.279672924,1,0,0,-1,2.15721984,2.15700092,0,0,0,0,0
25.55,1.66271262,-0.0462292826,-28.7214044,0,-0.6,TurnRight,turning_right_with_feedback,1,4,22,0.361914396,0.279672924,1,0,0,-1,2.15745974,2.15700092,0,0,0,0,0
25.6,1.66271267,-0.0462293083,-30.4402164,0,-0.6,TurnRight,turning_right_with_feedback,1,4,22,0.361288995,0.282886753,1,0,0,-1,2.15778632,2.15700092,0,0,0,0,0
25.65,1.66271269,-0.046229324,-32.159054,0,-0.6,TurnRight,turning_right_with_feedback,1,4,22,0.361288995,0.282886753,1,0,0,-1,2.1581993,2.15700092,0,0,0,0,0
25.7,1.66271271,-0.0462293337,-33.8779065,0,-0.6,TurnRight,turning_right_with_feedback,1,4,22,0.360607743,0.290821133,1,0,0,-1,2.15869829,2.15700092,0,0,0,0,0
25.75,1.66271272,-0.0462293396,-35.5967678,0,-0.6,TurnRight,turning_right_with_feedback,1,4,22,0.360607743,0.290821133,1,0,0,-1,2.15928284,2.15700092,0,0,0,0,0
25.8,1.66271272,-0.0462293431,-37.315634,0,-0.6,TurnRight,turning_right_with_feedback,1,4,22,0.360470593,0.296957875,1,0,0,-1,2.15995243,2.15700092,0,0,0,0,0
25.85,1.66271272,-0.0462293453,-39.0345033,0,-0.6,TurnRight,turning_right_with_feedback,1,4,22,0.360470593,0.296957875,1,0,0,-1,2.16070645,2.15700092,0,0,0,0,0
25.9,1.66271272,-0.0462293466,-40.7533743,0,-0.6,TurnRight,turning_right_with_feedback,1,4,22,0.361558825,0.31374362,1,0,0,-1,2.16154423,2.15700092,0,0,0,0,0
25.95,1.66271273,-0.0462293474,-42.4722462,0,-0.6,TurnRight,turning_right_with_feedback,1,4,22,0.361558825,0.31374362,1,0,0,-1,2.162465,2.15700092,0,0,0,0,0
26,1.66271273,-0.0462293479,-44.1911188,0,-0.6,TurnRight,turning_right_with_feedback,1,4,22,0.363904476,0.324590193,1,0,0,-1,2.16346794,2.15700092,0,0,0,0,0
26.05,1.66271273,-0.0462293482,-45.9099917,0,-0.6,TurnRight,turning_right_with_feedback,1,4,22,0.363904476,0.324590193,1,0,0,-1,2.16455215,2.15700092,0,0,0,0,0
26.1,1.66271273,-0.0462293484,-47.6288648,0,-0.6,TurnRight,turning_right_with_feedback,1,4,22,0.367563814,0.337581115,1,0,0,-1,2.16571665,2.15700092,0,0,0,0,0
26.15,1.66271273,-0.0462293485,-49.347738,0,-0.6,TurnRight,turning_right_with_feedback,1,4,22,0.367563814,0.337581115,1,0,0,-1,2.16696039,2.15700092,0,0,0,0,0
26.2,1.66271273,-0.0462293485,-51.0666113,0,-0.6,TurnRight,turning_right_with_feedback,1,4,22,0.372619897,0.353060081,1,0,0,-1,2.16828226,2.15700092,0,0,0,0,0
26.25,1.66271273,-0.0462293486,-52.7854847,0,-0.6,TurnRight,turning_right_with_feedback,1,4,22,0.372619897,0.353060081,1,0,0,-1,2.16968106,2.15700092,0,0,0,0,0
26.3,1.66271273,-0.0462293486,-54.504358,0,-0.6,TurnRight,turning_right_with_feedback,1,4,22,0.379186809,0.391522008,1,0,0,-1,2.17115553,2.15700092,0,0,0,0,0
26.35,1.66271273,-0.0462293486,-56.2232314,0,-0.6,TurnRight,turning_right_with_feedback,1,4,22,0.379186809,0.391522008,1,0,0,-1,2.17270435,2.15700092,0,0,0,0,0
26.4,1.66271273,-0.0462293486,-57.9421047,0,-0.6,TurnRight,turning_right_with_feedback,1,4,22,0.387415618,0.417924718,1,0,0,-1,2.17432613,2.15700092,0,0,0,0,0
26.45,1.66271273,-0.0462293486,-59.6609781,0,-0.6,TurnRight,turning_right_with_feedback,1,4,22,0.387415618,0.417924718,1,0,0,-1,2.1760194,2.15700092,0,0,0,0,0
26.5,1.66271273,-0.0462293486,-61.3798515,0,-0.6,TurnRight,turning_right_with_feedback,1,4,22,0.39720729,0.454057917,1,0,0,-1,2.17778265,2.15700092,0,0,0,0,0
26.55,1.66271273,-0.0462293486,-63.0987249,0,-0.567355569,TurnRight,turning_right_with_feedback,1,4,22,0.39720729,0.454057917,1,0,0,-1,2.17961427,2.15700092,0,0,0,0,0
26.6,1.66271273,-0.0462293486,-64.7786319,0,-0.53217168,TurnRight,turning_right_with_feedback,1,4,22,0.408865482,0.520182746,1,0,0,-1,2.18146887,2.15700092,0,0,0,0,0
26.65,1.66271273,-0.0462293486,-66.3938107,0,-0.498343452,TurnRight,turning_right_with_feedback,1,4,22,0.408865482,0.520182746,1,0,0,-1,2.18331064,2.15700092,0,0,0,0,0
26.7,1.66271273,-0.0462293486,-67.9308521,0,-0.466151733,TurnRight,turning_right_with_feedback,1,4,22,0.421734065,0.574564809,1,0,0,-1,2.18511532,2.15700092,0,0,0,0,0
26.75,1.66271273,-0.0462293486,-69.3838872,0,-0.435719437,TurnRight,turning_right_with_feedback,1,4,22,0.421734065,0.574564809,1,0,0,-1,2.18686682,2.15700092,0,0,0,0,0
26.8,1.66271273,-0.0462293486,-70.7515928,0,-0.407074279,TurnRight,turning_right_with_feedback,1,4,22,0.435182899,0.670158279,1,0,0,-1,2.18855479,2.15700092,0,0,0,0,0
26.85,1.66271273,-0.0462293486,-72.0353302,0,-0.380187746,TurnRight,turning_right_with_feedback,1,4,22,0.435182899,0.670158279,1,0,0,-1,2.19017296,2.15700092,0,0,0,0,0
26.9,1.66271273,-0.0462293486,-73.2379927,0,-0.354999241,TurnRight,turning_right_with_feedback,1,4,22,0.4487786,0.774053929,1,0,0,-1,2.19171791,2.15700092,0,0,0,0,0
26.95,1.66271273,-0.0462293486,-74.3632949,0,-0.331430966,TurnRight,turning_right_with_feedback,1,4,22,0.4487786,0.774053929,1,0,0,-1,2.19318825,2.15700092,0,0,0,0,0
27,1.66271273,-0.0462293486,-75.4153378,0,-0.309397031,TurnRight,turning_right_with_feedback,1,4,22,0.462006956,0.886546104,1,0,0,-1,2.19458402,2.15700092,0,0,0,0,0
27.05,1.66271273,-0.0462293486,-76.398345,0,-0.288808977,TurnRight,turning_right_with_feedback,1,4,22,0.462006956,0.886546104,1,0,0,-1,2.19590624,2.15700092,0,0,0,0,0
27.1,1.66271273,-0.0462293486,-77.3165062,0,-0.269579054,TurnRight,turning_right_with_feedback,1,4,22,0.474499285,1.01877226,1,0,0,-1,2.19715663,2.15700092,0,0,0,0,0
27.15,1.66271273,-0.0462293486,-78.1738865,0,-0.251622123,TurnRight,turning_right_with_feedback,1,4,22,0.474499285,1.01877226,1,0,0,-1,2.19833738,2.15700092,0,0,0,0,0
27.2,1.66271273,-0.0462293486,-78.9743768,0,-0.234856693,TurnRight,turning_right_with_feedback,1,4,22,0.486464739,1.16720453,1,0,0,-1,2.199451,2.15700092,0,0,0,0,0
27.25,1.66271273,-0.0462293486,-79.721669,0,-0.219205442,TurnRight,turning_right_with_feedback,1,4,22,0.486464739,1.16720453,1,0,0,-1,2.20050017,2.15700092,0,0,0,0,0
27.3,1.66271273,-0.0462293486,-80.4192467,0,-0.204595409,TurnRight,turning_right_with_feedback,1,4,22,0.497794718,1.35112623,1,0,0,-1,2.20148774,2.15700092,0,0,0,0,0
27.35,1.66271273,-0.0462293486,-81.0703848,0,-0.190958005,TurnRight,turning_right_with_feedback,1,4,22,0.497794718,1.35112623,1,0,0,-1,2.20241655,2.15700092,0,0,0,0,0
27.4,1.66271273,-0.0462293486,-81.6781546,0,-0.178228902,TurnRight,turning_right_with_feedback,1,4,22,0.508417726,1.58711902,1,0,0,-1,2.20328949,2.15700092,0,0,0,0,0
27.45,1.66271273,-0.0462293486,-82.2454321,0,-0.16634787,TurnRight,turning_right_with_feedback,1,4,22,0.508417726,1.58711902,1,0,0,-1,2.20410939,2.15700092,0,0,0,0,0
27.5,1.66271273,-0.0462293486,-82.7749072,0,-0.155258571,TurnRight,turning_right_with_feedback,1,4,22,0.518292427,1.74951993,1,0,0,-1,2.20487906,2.15700092,0,0,0,0,0
27.55,1.66271273,-0.0462293486,-83.2690939,0,-0.144908349,TurnRight,turning_right_with_feedback,1,4,22,0.518292427,1.74951993,1,0,0,-1,2.20560119,2.15700092,0,0,0,0,0
27.6,1.66271273,-0.0462293486,-83.730341,0,-0.135248011,TurnRight,turning_right_with_feedback,1,4,22,0.527401865,2.0774059,1,0,0,-1,2.20627843,2.15700092,0,0,0,0,0
27.65,1.66271273,-0.0462293486,-84.1608423,0,-0.126231613,TurnRight,turning_right_with_feedback,1,4,22,0.527401865,2.0774059,1,0,0,-1,2.2069133,2.15700092,0,0,0,0,0
27.7,1.66271273,-0.0462293486,-84.5626459,0,-0.117816258,TurnRight,turning_right_with_feedback,1,4,22,0.535748899,2.21388711,1,0,0,-1,2.20750823,2.15700092,0,0,0,0,0
27.75,1.66271273,-0.0462293486,-84.9376642,0,-0.109961894,TurnRight,turning_right_with_feedback,1,4,22,0.535748899,2.21388711,1,0,0,-1,2.20806556,2.15700092,0,0,0,0,0
27.8,1.66271273,-0.0462293486,-85.2876822,0,-0.102631134,TurnRight,turning_right_with_feedback,0,14,42,0.528437316,2.21245784,1,0,1,2.37024164,2.2085875,2.15700092,0,0,0,0,0
27.85,1.66271273,-0.0462293486,-85.6143662,0,-0.0957890793,TurnRight,turning_right_with_feedback,0,14,42,0.528437316,2.21245784,1,0,1,2.37024164,2.20907617,2.15700092,0,0,0,0,0
27.9,1.66271273,-0.0462293486,-85.9192717,0,-0.0894031537,TurnRight,turning_right_with_feedback,0,14,42,0.51911974,2.21151127,1,0,1,2.39244723,2.20953358,2.15700092,0,0,0,0,0
27.95,1.66271273,-0.0462293486,-86.2038504,0,-0.0834429516,TurnRight,turning_right_with_feedback,0,14,42,0.51911974,2.21151127,1,0,1,2.39244723,2.20996162,2.15700092,0,0,0,0,0
28,1.66271273,-0.0462293486,-86.4694573,0,-0.0778800932,TurnRight,turning_right_with_feedback,0,14,42,0.511327028,2.2109135,1,0,1,2.37182093,2.2103621,2.15700092,0,0,0,0,0
28.05,1.66271273,-0.0462293486,-86.7173572,0,-0.0726880902,TurnRight,turning_right_with_feedback,0,14,42,0.511327028,2.2109135,1,0,1,2.37182093,2.21073672,2.15700092,0,0,0,0,0
28.1,1.66271273,-0.0462293486,-86.9487305,0,-0.0678422195,TurnRight,turning_right_with_feedback,0,14,42,0.504769325,2.21056565,1,0,1,2.29323173,2.2110871,2.15700092,0,0,0,0,0
28.15,1.66271273,-0.0462293486,-87.1646789,0,-0.0633194061,TurnRight,turning_right_with_feedback,0,14,42,0.504769325,2.21056565,1,0,1,2.29323173,2.21141474,2.15700092,0,0,0,0,0
28.2,1.66271273,-0.0462293486,-87.3662308,0,0,FindWall,right_heading_reached,0,14,42,0.499221861,2.21039483,1,0,1,2.38842607,2.21172109,2.15700092,0,0,0,0,0
28.25,1.66271273,-0.0462293486,-87.4838028,0.05,-0.0566356922,FindWall,finding_near_right_wall,0,14,42,0.499221861,2.21039483,1,0,1,2.38842607,2.21190003,2.15700092,0,0,0,0,0
28.3,1.66275722,-0.0472700646,-87.6199903,0.05,-0.0537833878,FindWall,finding_near_right_wall,0,14,42,0.496030539,2.20930197,1,0,1,2.31903052,2.21106681,2.15700092,0,0,0,0,0
28.35,1.66282365,-0.048918032,-87.7636322,0.05,-0.0507749588,FindWall,finding_near_right_wall,0,14,42,0.496030539,2.20930197,1,0,1,2.31903052,2.20963795,2.15700092,0,0,0,0,0
28.4,1.66289931,-0.0509203643,-87.9080314,0.05,-0.0477506679,FindWall,finding_near_right_wall,0,14,42,0.492753595,2.20560955,1,0,1,2.32832456,2.20785614,2.15700092,0,0,0,0,0
28.45,1.66297728,-0.0531295164,-88.0492625,0.05,-0.0447927315,FindWall,finding_near_right_wall,0,14,42,0.492753595,2.20560955,1,0,1,2.32832456,2.20586293,2.15700092,0,0,0,0,0
28.5,1.66305387,-0.055459399,-88.1851147,0.05,-0.0419474503,FindWall,finding_near_right_wall,0,14,42,0.489733368,2.20107539,1,0,1,2.38582206,2.203741,2.15700092,0,0,0,0,0
28.55,1.66312722,-0.0578597776,-88.3144328,0.05,-0.0392390167,FindWall,finding_near_right_wall,0,14,42,0.489733368,2.20107539,1,0,1,2.38582206,2.20153878,2.15700092,0,0,0,0,0
28.6,1.66319646,-0.060301337,-88.4367066,0.05,-0.0366781217,FindWall,finding_near_right_wall,0,14,42,0.487065494,2.19628345,1,0,1,2.38645649,2.19928478,2.15700092,0,0,0,0,0
28.65,1.66326127,-0.0627669676,-88.5518142,0.05,-0.0342673132,FindWall,finding_near_right_wall,0,14,42,0.487065494,2.19628345,1,0,1,2.38645649,2.19699588,2.15700092,0,0,0,0,0
28.7,1.66332162,-0.0652466813,-88.6598639,0.05,-0.0320043255,FindWall,finding_near_right_wall,0,14,42,0.484750479,2.19142098,1,0,1,2.35653758,2.19468221,2.15700092,0,0,0,0,0
28.75,1.66337763,-0.0677346458,-88.7610952,0.05,-0.0298841411,FindWall,finding_near_right_wall,0,14,42,0.484750479,2.19142098,1,0,1,2.35653758,2.19234994,2.15700092,0,0,0,0,0
28.8,1.66342948,-0.0702274535,-88.8558184,0.05,-0.0279002634,FindWall,finding_near_right_wall,0,14,42,0.482755959,2.18654564,1,0,1,2.33601403,2.19000293,2.15700092,0,0,0,0,0
28.85,1.66347739,-0.0727231126,-88.9443771,0.05,-0.0260454948,FindWall,finding_near_right_wall,0,14,42,0.482755959,2.18654564,1,0,1,2.33601403,2.18764369,2.15700092,0,0,0,0,0
28.9,1.66352161,-0.0752204573,-89.0271259,0.05,-0.0243124091,FindWall,finding_near_right_wall,0,14,42,0.48104167,2.18167174,1,0,1,2.32318234,2.18527389,2.15700092,0,0,0,0,0
28.95,1.66356235,-0.0777188046,-89.1044168,0.05,-0.0226936322,FindWall,finding_near_right_wall,0,14,42,0.48104167,2.18167174,1,0,1,2.32318234,2.18289475,2.15700092,0,0,0,0,0
29,1.66359984,-0.080217753,-89.1765916,0.05,-0.0211820049,FindWall,finding_near_right_wall,0,14,42,0.479568481,2.17680141,1,0,1,2.3166728,2.18050718,2.15700092,0,0,0,0,0
29.05,1.66363429,-0.0827170662,-89.2439778,0.05,-0.0197706721,FindWall,finding_near_right_wall,0,14,42,0.479568481,2.17680141,1,0,1,2.3166728,2.17811191,2.15700092,0,0,0,0,0
29.1,1.6636659,-0.0852166042,-89.3068859,0.05,-0.0184531279,FindWall,finding_near_right_wall,0,14,42,0.478301436,2.17193394,1,0,1,2.31539416,2.17570956,2.15700092,0,0,0,0,0
29.15,1.66369486,-0.0877162836,-89.3656091,0.05,-0.0172232322,FindWall,finding_near_right_wall,0,14,42,0.478301436,2.17193394,1,0,1,2.31539416,2.17330064,2.15700092,0,0,0,0,0
29.2,1.66372134,-0.0902160541,-89.420423,0.05,-0.0160752123,FindWall,finding_near_right_wall,0,14,42,0.477210194,2.16706742,1,0,1,2.31847501,2.17088562,2.15700092,0,0,0,0,0
29.25,1.66374551,-0.0927158852,-89.4715862,0.05,-0.0150036537,FindWall,finding_near_right_wall,0,14,42,0.477210194,2.16706742,1,0,1,2.31847501,2.16846493,2.15700092,0,0,0,0,0
29.3,1.66376753,-0.0952157579,-89.5193406,0.05,-0.0140034865,FindWall,finding_near_right_wall,0,14,42,0.476268739,2.16220114,1,0,1,2.32521462,2.16603896,2.15700092,0,0,0,0,0
29.35,1.66378752,-0.0977156602,-89.5639128,0.05,-0.0130699685,FindWall,finding_near_right_wall,0,14,42,0.476268739,2.16220114,1,0,1,2.32521462,2.16360805,2.15700092,0,0,0,0,0
29.4,1.66380565,-0.100215584,-89.6055144,0.05,-0.0121986671,FindWall,finding_near_right_wall,0,14,42,0.475454777,2.15733438,1,0,1,2.33504534,2.16117255,2.15700092,0,0,0,0,0
29.45,1.66382201,-0.102715525,-89.6443431,0.05,-0.0113854413,FindWall,finding_near_right_wall,0,14,42,0.475454777,2.15733438,1,0,1,2.33504534,2.15873275,2.15700092,0,0,0,0,0
29.5,1.66383674,-0.105215478,-89.6805835,0.05,-0.0106264235,FindWall,finding_near_right_wall,0,14,42,0.474749386,2.15246738,1,0,1,2.34750247,2.15628895,2.15628895,0,0,0,0,0
29.55,1.66384994,-0.107715441,-89.7144081,0.05,-0.00991800254,FindWall,finding_near_right_wall,0,14,42,0.474749386,2.15246738,1,0,1,2.34750247,2.15384141,2.15384141,0,0,0,0,0
29.6,1.66386171,-0.110215412,-89.7459779,0.05,-0.00925680693,FindWall,finding_near_right_wall,0,14,42,0.474136263,2.14760015,1,0,1,2.36220241,2.15139038,2.15139038,0,0,0,0,0
29.65,1.66387215,-0.112715389,-89.7754431,0.05,-0.00863968931,FindWall,finding_near_right_wall,0,14,42,0.474136263,2.14760015,1,0,1,2.36220241,2.14893609,2.14893609,0,0,0,0,0
29.7,1.66388135,-0.115215372,-89.802944,0.05,-0.0080637118,FindWall,finding_near_right_wall,0,14,42,0.47360155,2.14273315,1,0,1,2.37882638,2.14647876,2.14647876,0,0,0,0,0
29.75,1.66388939,-0.117715359,-89.8286115,0.05,-0.00752613213,FindWall,finding_near_right_wall,0,14,42,0.47360155,2.14273315,1,0,1,2.37882638,2.14401859,2.14401859,0,0,0,0,0
29.8,1.66389634,-0.120215349,-89.8525679,0.05,-0.00702439068,FindWall,finding_near_right_wall,0,14,42,0.473133266,2.13786664,1,0,1,2.39710665,2.14155576,2.14155576,0,0,0,0,0
29.85,1.66390229,-0.122715342,-89.8749272,0.05,-0.0065560984,FindWall,finding_near_right_wall,0,14,42,0.473133266,2.13786664,1,0,1,2.39710665,2.13909047,2.13909047,0,0,0,0,0
29.9,1.66390729,-0.125215337,-89.8957959,0.05,-0.00611902545,FindWall,finding_near_right_wall,0,14,42,0.472721159,2.13294913,1,0,1,2.39970493,2.13662286,2.13662286,0,0,0,0,0
29.95,1.66391141,-0.127715333,-89.9152734,0.05,-0.00571109059,FindWall,finding_near_right_wall,0,14,42,0.472721159,2.13294913,1,0,1,2.39970493,2.1341531,2.1341531,0,0,0,0,0
30,1.66391471,-0.130215331,-89.9334523,0.05,-0.00533035132,FindWall,finding_near_right_wall,0,14,42,0.472356409,2.1278851,1,0,1,2.35961103,2.13168132,2.13168132,0,0,0,0,0
30.05,1.66391725,-0.13271533,-89.9504194,0.05,-0.00497499463,FindWall,finding_near_right_wall,0,14,42,0.472356409,2.1278851,1,0,1,2.35961103,2.12920767,2.12920767,0,0,0,0,0
30.1,1.66391906,-0.135215329,-89.9662553,0.05,-0.00464332836,FindWall,finding_near_right_wall,0,14,42,0.472031415,2.1228387,1,0,1,2.3165946,2.12673226,2.12673226,0,0,0,0,0
30.15,1.66392021,-0.137715329,-89.9810354,0.05,-0.00433377317,FindWall,finding_near_right_wall,0,14,42,0.472031415,2.1228387,1,0,1,2.3165946,2.12425521,2.12425521,0,0,0,0,0
30.2,1.66392074,-0.140215329,-89.9948303,0.05,-0.00404485497,FindWall,finding_near_right_wall,0,14,42,0.47173962,2.11780851,1,0,1,2.30460405,2.12177664,2.12177664,0,0,0,0,0
30.25,1.66392068,-0.142715329,-90.0077055,0.05,-0.00377519798,FindWall,finding_near_right_wall,0,14,42,0.47173962,2.11780851,1,0,1,2.30460405,2.1192727,2.1192727,0,0,0,0,0
30.3,1.66392009,-0.145215329,-90.0197223,0.05,-0.00352351812,FindWall,finding_near_right_wall,0,14,42,0.471475363,2.11279332,1,0,1,2.32706571,2.11675404,2.11675404,0,0,0,0,0
30.35,1.66391898,-0.147715329,-90.030938,0.05,-0.00328861692,FindWall,finding_near_right_wall,0,14,42,0.471475363,2.11279332,1,0,1,2.32706571,2.11423662,2.11423662,0,0,0,0,0
30.4,1.6639174,-0.150215328,-90.041406,0.05,-0.00306937579,FindWall,finding_near_right_wall,0,14,42,0.471233785,2.10779243,1,0,1,2.35015273,2.11172036,2.11172036,0,0,0,0,0
30.45,1.66391538,-0.152715327,-90.0511761,0.05,-0.00286475074,FindWall,finding_near_right_wall,0,14,42,0.471233785,2.10779243,1,0,1,2.35015273,2.10920519,2.10920519,0,0,0,0,0
30.5,1.66391295,-0.155215326,-90.0602949,0.05,-0.00267376736,FindWall,finding_near_right_wall,0,14,42,0.471010655,2.10280488,1,0,1,2.37378883,2.10669104,2.10669104,0,0,0,0,0
30.55,1.66391013,-0.157715325,-90.0688058,0.05,-0.0024955162,FindWall,finding_near_right_wall,0,14,42,0.471010655,2.10280488,1,0,1,2.37378883,2.10417782,2.10417782,0,0,0,0,0
30.6,1.66390696,-0.160215323,-90.0767492,0.05,-0.00232914846,FindWall,finding_near_right_wall,0,14,42,0.470802397,2.09783019,1,0,1,2.39790678,2.10166549,2.10166549,0,0,0,0,0
30.65,1.66390345,-0.16271532,-90.0841631,0.05,-0.00217387189,FindWall,finding_near_right_wall,0,14,42,0.470802397,2.09783019,1,0,1,2.39790678,2.09915399,2.09915399,0,0,0,0,0
30.7,1.66389962,-0.165215317,-90.0910828,0.05,-0.0020289471,FindWall,finding_near_right_wall,0,14,42,0.47060585,2.09286742,1,0,1,2.3791821,2.09664325,2.09664325,0,0,0,0,0
30.75,1.66389551,-0.167715314,-90.0975411,0.05,-0.00189368396,FindWall,finding_near_right_wall,0,14,42,0.47060585,2.09286742,1,0,1,2.3791821,2.09413323,2.09413323,0,0,0,0,0
30.8,1.66389112,-0.17021531,-90.1035689,0.05,-0.00176743836,FindWall,finding_near_right_wall,0,14,42,0.470418394,2.08791608,1,0,1,2.31524134,2.09162387,2.09162387,0,0,0,0,0
30.85,1.66388648,-0.172715306,-90.1091948,0.05,-0.00164960914,FindWall,finding_near_right_wall,0,14,42,0.470418394,2.08791608,1,0,1,2.31524134,2.08911515,2.08911515,0,0,0,0,0
30.9,1.6638816,-0.175215301,-90.1144457,0.05,-0.0015396352,FindWall,finding_near_right_wall,0,14,42,0.470237672,2.08297571,1,0,1,2.31472254,2.086607,2.086607,0,0,0,0,0
30.95,1.6638765,-0.177715296,-90.1193465,0.05,-0.00143699285,FindWall,finding_near_right_wall,0,14,42,0.470237672,2.08297571,1,0,1,2.31472254,2.0840994,2.0840994,0,0,0,0,0
31,1.66387119,-0.18021529,-90.1239206,0.05,-0.00134119333,FindWall,finding_near_right_wall,0,14,42,0.470061809,2.07804581,1,0,1,2.33903933,2.08159231,2.08159231,0,0,0,0,0
31.05,1.66386569,-0.182715284,-90.1281898,0.05,-0.00125178044,FindWall,finding_near_right_wall,0,14,42,0.470061809,2.07804581,1,0,1,2.33903933,2.07908569,2.07908569,0,0,0,0,0
31.1,1.66386001,-0.185215278,-90.1321743,0.05,-0.00116832841,FindWall,finding_near_right_wall,0,14,42,0.469889075,2.07312593,1,0,1,2.36357808,2.07657951,2.07657951,0,0,0,0,0
31.15,1.66385416,-0.187715271,-90.1358932,0.05,-0.00109043985,FindWall,finding_near_right_wall,0,14,42,0.469889075,2.07312593,1,0,1,2.36357808,2.07407375,2.07407375,0,0,0,0,0
31.2,1.66384816,-0.190215263,-90.1393642,0.05,-0.00101774386,FindWall,finding_near_right_wall,0,14,42,0.469718069,2.06821557,1,0,1,2.3883121,2.07156837,2.07156837,0,0,0,0,0
31.25,1.66384201,-0.192715256,-90.1426038,0.05,-0.000949894268,FindWall,finding_near_right_wall,0,14,42,0.469718069,2.06821557,1,0,1,2.3883121,2.06906335,2.06906335,0,0,0,0,0
31.3,1.66383572,-0.195215248,-90.1456274,0.05,-0.000886567984,FindWall,finding_near_right_wall,0,14,42,0.469547629,2.06324165,1,0,1,2.4114058,2.06655867,2.06655867,0,0,0,0,0
31.35,1.6638293,-0.19771524,-90.1484494,0.05,-0.000827463451,FindWall,finding_near_right_wall,0,14,42,0.469547629,2.06324165,1,0,1,2.4114058,2.0640543,2.0640543,0,0,0,0,0
31.4,1.66382277,-0.200215231,-90.1510833,0.05,-0.000772299221,FindWall,finding_near_right_wall,0,14,42,0.469376773,2.05815762,1,0,1,2.32703614,2.06155022,2.06155022,0,0,0,0,0
31.45,1.66381612,-0.202715222,-90.1535416,0.05,-0.000720812607,FindWall,finding_near_right_wall,0,14,42,0.469376773,2.05815762,1,0,1,2.32703614,2.05904641,2.05904641,0,0,0,0,0
31.5,1.66380937,-0.205215213,-90.155836,0.05,-0.000672758433,FindWall,finding_near_right_wall,0,14,42,0.469204634,2.05308192,1,0,1,2.32073665,2.05654286,2.05654286,0,0,0,0,0
31.55,1.66380253,-0.207715204,-90.1579775,0.05,-0.000627907871,FindWall,finding_near_right_wall,0,14,42,0.469204634,2.05308192,1,0,1,2.32073665,2.05403955,2.05403955,0,0,0,0,0
31.6,1.66379559,-0.210215194,-90.1599762,0.05,-0.000586047346,FindWall,finding_near_right_wall,0,14,42,0.469030589,2.04801481,1,0,1,2.34441876,2.05153646,2.05153646,0,0,0,0,0
31.65,1.66378857,-0.212715184,-90.1618416,0.05,-0.000546977523,FindWall,finding_near_right_wall,0,14,42,0.469030589,2.04801481,1,0,1,2.34441876,2.04903357,2.04903357,0,0,0,0,0
31.7,1.66378147,-0.215215174,-90.1635827,0.05,-0.000510512355,FindWall,finding_near_right_wall,0,14,42,0.4688541,2.04295629,1,0,1,2.36818099,2.04653088,2.04653088,0,0,0,0,0
31.75,1.6637743,-0.217715164,-90.1652077,0.05,-0.000476478198,FindWall,finding_near_right_wall,0,14,42,0.4688541,2.04295629,1,0,1,2.36818099,2.04402837,2.04402837,0,0,0,0,0
31.8,1.66376706,-0.220215154,-90.1667244,0.05,-0.000444712984,FindWall,finding_near_right_wall,0,14,42,0.468674749,2.03790682,1,0,1,2.39201236,2.04152603,2.04152603,0,0,0,0,0
31.85,1.66375975,-0.222715143,-90.16814,0.05,-0.000415065452,FindWall,finding_near_right_wall,0,14,42,0.468674749,2.03790682,1,0,1,2.39201236,2.03902384,2.03902384,0,0,0,0,0
31.9,1.66375238,-0.225215132,-90.1694612,0.05,-0.000387394422,FindWall,finding_near_right_wall,0,14,42,0.46849221,2.03286617,1,0,1,2.41590333,2.0365218,2.0365218,0,0,0,0,0
31.95,1.66374496,-0.227715121,-90.1706943,0.05,-0.000361568127,FindWall,finding_near_right_wall,0,14,42,0.46849221,2.03286617,1,0,1,2.41590333,2.0340199,2.0340199,0,0,0,0,0
32,1.66373749,-0.23021511,-90.1718452,0.05,-0.000337463585,FindWall,finding_near_right_wall,0,14,42,0.468306303,2.02783459,1,0,1,2.31830049,2.03151813,2.03151813,0,0,0,0,0
32.05,1.66372997,-0.232715099,-90.1729194,0.05,-0.000314966013,FindWall,finding_near_right_wall,0,14,42,0.468306303,2.02783459,1,0,1,2.31830049,2.02901647,2.02901647,0,0,0,0,0
32.1,1.6637224,-0.235215087,-90.1739219,0.05,-0.000293968279,FindWall,finding_near_right_wall,0,14,42,0.468116879,2.02281206,1,0,1,2.31996155,2.02651493,2.02651493,0,0,0,0,0
32.15,1.66371479,-0.237715076,-90.1748577,0.05,-0.000274370394,FindWall,finding_near_right_wall,0,14,42,0.468116879,2.02281206,1,0,1,2.31996155,2.02401349,2.02401349,0,0,0,0,0
32.2,1.66370714,-0.240215064,-90.175731,0.05,-0.000256079034,FindWall,finding_near_right_wall,0,14,42,0.46792385,2.01779883,1,0,1,2.34251428,2.02151214,2.02151214,0,0,0,0,0
32.25,1.66369946,-0.242715052,-90.1765461,0.05,-0.000239007098,FindWall,finding_near_right_wall,0,14,42,0.46792385,2.01779883,1,0,1,2.34251428,2.01901089,2.01901089,0,0,0,0,0
32.3,1.66369174,-0.24521504,-90.1773069,0.05,-0.000223073292,FindWall,finding_near_right_wall,0,14,42,0.467727274,2.0127949,1,0,1,2.3651073,2.01650972,2.01650972,0,0,0,0,0
32.35,1.66368399,-0.247715028,-90.178017,0.05,-0.000208201739,FindWall,finding_near_right_wall,0,14,42,0.467727274,2.0127949,1,0,1,2.3651073,2.01400863,2.01400863,0,0,0,0,0
32.4,1.66367621,-0.250215016,-90.1786797,0.05,-0.000194321623,FindWall,finding_near_right_wall,0,14,42,0.467527151,2.00780004,1,0,1,2.38773704,2.01150762,2.01150762,0,0,0,0,0
32.45,1.6636684,-0.252715004,-90.1792982,0.05,-0.000181366848,FindWall,finding_near_right_wall,0,14,42,0.467527151,2.00780004,1,0,1,2.38773704,2.00900667,2.00900667,0,0,0,0,0
32.5,1.66366056,-0.255214991,-90.1798756,0.05,-0.000169275725,FindWall,finding_near_right_wall,0,14,42,0.467323631,2.00281446,1,0,1,2.41039968,2.00650579,2.00650579,0,0,0,0,0
32.55,1.6636527,-0.257714979,-90.1804144,0.05,-0.000157990677,FindWall,finding_near_right_wall,0,14,42,0.467323631,2.00281446,1,0,1,2.41039968,2.00400496,2.00400496,0,0,0,0,0
32.6,1.66364482,-0.260214967,-90.1809173,0.05,-0.000147457965,FindWall,finding_near_right_wall,0,14,42,0.467116892,1.99783819,1,0,1,2.30365062,2.0015042,2.0015042,0,0,0,0,0
32.65,1.66363691,-0.262714954,-90.1813867,0.05,-0.000137627434,FindWall,finding_near_right_wall,0,14,42,0.467116892,1.99783819,1,0,1,2.30365062,1.99900348,1.99900348,0,0,0,0,0
32.7,1.66362899,-0.265214942,-90.1818247,0.05,-0.000128452272,FindWall,finding_near_right_wall,0,14,42,0.466907054,1.99286293,1,0,1,2.32476044,1.99650281,1.99650281,0,0,0,0,0
32.75,1.66362105,-0.267714929,-90.1822336,0.05,-0.000119888787,FindWall,finding_near_right_wall,0,14,42,0.466907054,1.99286293,1,0,1,2.32476044,1.99400219,1.99400219,0,0,0,0,0
32.8,1.66361309,-0.270214916,-90.1826152,0.05,-0.000111896201,FindWall,finding_near_right_wall,0,14,42,0.466694415,1.98778381,1,0,1,2.34658957,1.99150161,1.99150161,0,0,0,0,0
32.85,1.66360511,-0.272714904,-90.1829714,0.05,-0.000104436454,FindWall,finding_near_right_wall,0,14,42,0.466694415,1.98778381,1,0,1,2.34658957,1.98900107,1.98900107,0,0,0,0,0
32.9,1.66359712,-0.275214891,-90.1833038,0.05,-9.74740241e-05,FindWall,finding_near_right_wall,0,14,42,0.466479212,1.98271326,1,0,1,2.36844039,1.98650057,1.98650057,0,0,0,0,0
32.95,1.66358911,-0.277714878,-90.1836141,0.05,-9.09757558e-05,FindWall,finding_near_right_wall,0,14,42,0.466479212,1.98271326,1,0,1,2.36844039,1.9840001,1.9840001,0,0,0,0,0
33,1.6635811,-0.280214865,-90.1839037,0.05,-8.49107054e-05,FindWall,finding_near_right_wall,0,14,42,0.466261715,1.97765152,1,0,1,2.39031029,1.98149967,1.98149967,0,0,0,0,0
33.05,1.66357307,-0.282714852,-90.184174,0.05,-7.92499917e-05,FindWall,finding_near_right_wall,0,14,42,0.466261715,1.97765152,1,0,1,2.39031029,1.97899926,1.97899926,0,0,0,0,0
33.1,1.66356502,-0.285214839,-90.1844262,0.05,-7.39666589e-05,FindWall,finding_near_right_wall,0,14,42,0.46604228,1.9725986,1,0,1,2.41219759,1.97649888,1.97649888,0,0,0,0,0
33.15,1.66355697,-0.287714826,-90.1846617,0.05,-6.90355483e-05,FindWall,finding_near_right_wall,0,14,42,0.46604228,1.9725986,1,0,1,2.41219759,1.97399853,1.97399853,0,0,0,0,0
33.2,1.66354891,-0.290214813,-90.1848814,0.05,-6.44331784e-05,FindWall,finding_near_right_wall,0,14,42,0.465821207,1.96755495,1,0,1,2.31726885,1.9714982,1.9714982,0,0,0,0,0
33.25,1.66354084,-0.2927148,-90.1850865,0.05,-6.01376332e-05,FindWall,finding_near_right_wall,0,14,42,0.465821207,1.96755495,1,0,1,2.31726885,1.9689979,1.9689979,0,0,0,0,0
33.3,1.66353276,-0.295214787,-90.1852779,0.05,-5.61284577e-05,FindWall,finding_near_right_wall,0,14,42,0.465598881,1.9625206,1,0,1,2.33799148,1.96649761,1.96649761,0,0,0,0,0
33.35,1.66352467,-0.297714774,-90.1854566,0.05,-5.23865605e-05,FindWall,finding_near_right_wall,0,14,42,0.465598881,1.9625206,1,0,1,2.33799148,1.96399735,1.96399735,0,0,0,0,0
33.4,1.66351657,-0.300214761,-90.1856234,0.05,-4.88941231e-05,FindWall,finding_near_right_wall,0,14,42,0.465375602,1.95749529,1,0,1,2.35871267,1.9614971,1.9614971,0,0,0,0,0
33.45,1.66350847,-0.302714748,-90.185779,0.05,-4.56345149e-05,FindWall,finding_near_right_wall,0,14,42,0.465375602,1.95749529,1,0,1,2.35871267,1.95899687,1.95899687,0,0,0,0,0
33.5,1.66350036,-0.305214735,-90.1859242,0.05,-4.25922139e-05,FindWall,finding_near_right_wall,0,14,42,0.465151817,1.95247927,1,0,1,2.37943125,1.95649666,1.95649666,0,0,0,0,0
33.55,1.66349225,-0.307714722,-90.1860598,0.05,-3.9752733e-05,FindWall,finding_near_right_wall,0,14,42,0.465151817,1.95247927,1,0,1,2.37943125,1.95399646,1.95399646,0,0,0,0,0
33.6,1.66348413,-0.310214708,-90.1861864,0.05,-3.71025508e-05,FindWall,finding_near_right_wall,0,14,42,0.464927882,1.94747254,1,0,1,2.40014648,1.95149628,1.95149628,0,0,0,0,0
33.65,1.663476,-0.312714695,-90.1863045,0.05,-3.46290474e-05,FindWall,finding_near_right_wall,0,14,42,0.464927882,1.94747254,1,0,1,2.40014648,1.94899611,1.94899611,0,0,0,0,0
33.7,1.66346787,-0.315214682,-90.1864147,0.05,-3.23204442e-05,FindWall,finding_near_right_wall,0,14,42,0.464704216,1.94247533,1,0,1,2.42085743,1.94649595,1.94649595,0,0,0,0,0
33.75,1.66345973,-0.317714669,-90.1865176,0.05,-3.0165748e-05,FindWall,finding_near_right_wall,0,14,42,0.464704216,1.94247533,1,0,1,2.42085743,1.94399581,1.94399581,0,0,0,0,0
33.8,1.66345159,-0.320214656,-90.1866136,0.05,-2.81546981e-05,FindWall,finding_near_right_wall,0,14,42,0.464481175,1.93748717,1,0,1,2.32083583,1.94149567,1.94149567,0,0,0,0,0
33.85,1.66344345,-0.322714642,-90.1867032,0.05,-2.62777182e-05,FindWall,finding_near_right_wall,0,14,42,0.464481175,1.93748717,1,0,1,2.32083583,1.93899555,1.93899555,0,0,0,0,0
33.9,1.6634353,-0.325214629,-90.1867869,0.05,-2.45258703e-05,FindWall,finding_near_right_wall,0,14,42,0.464259237,1.9325083,1,0,1,2.34034777,1.93649543,1.93649543,0,0,0,0,0
33.95,1.66342715,-0.327714616,-90.1868649,0.05,-2.28908123e-05,FindWall,finding_near_right_wall,0,14,42,0.464259237,1.9325083,1,0,1,2.34034777,1.93399532,1.93399532,0,0,0,0,0
34,1.66341899,-0.330214602,-90.1869378,0.05,-2.13647582e-05,FindWall,finding_near_right_wall,0,14,42,0.464038759,1.92753895,1,0,1,2.35986376,1.93149522,1.93149522,0,0,0,0,0
34.05,1.66341083,-0.332714589,-90.1870058,0.05,-1.9940441e-05,FindWall,finding_near_right_wall,0,14,42,0.464038759,1.92753895,1,0,1,2.35986376,1.92899513,1.92899513,0,0,0,0,0
34.1,1.66340267,-0.335214576,-90.1870693,0.05,-1.86110782e-05,FindWall,finding_near_right_wall,0,14,42,0.463820159,1.92257842,1,0,1,0.276371866,1.92649504,1.92649504,0,0,0,0,0
34.15,1.66339451,-0.337714562,-90.1871285,0.05,-1.73703397e-05,FindWall,finding_near_right_wall,0,14,42,0.463820159,1.92257842,1,0,1,0.276371866,1.92399497,1.92399497,0,0,0,0,0
34.2,1.66338634,-0.340214549,-90.1871838,0.05,-1.6212317e-05,FindWall,finding_near_right_wall,0,14,42,0.463603884,1.91762705,1,0,1,0.272415429,1.92149489,1.92149489,0,0,0,0,0
34.25,1.66337817,-0.342714536,-90.1872354,0.05,-1.51314959e-05,FindWall,finding_near_right_wall,0,14,42,0.463603884,1.91762705,1,0,1,0.272415429,1.91899483,1.91899483,0,0,0,0,0
34.3,1.66337,-0.345214522,-90.1872836,0,0,FollowWall,right_wall_reacquired,0,14,42,0.463390321,1.91268461,1,0,1,0.270922273,1.91649477,1.91649477,0,0,0,0,0
34.35,1.66336524,-0.346672848,-90.1873117,0.05,-0.0313834101,FollowWall,following_with_distance_only,0,14,42,0.463390321,1.91268461,1,0,1,0.270922273,1.9150364,1.9150364,0,0,0,0,0
34.4,1.66335843,-0.348565197,-90.2247892,0.05,-0.0308407992,FollowWall,following_with_distance_only,0,14,42,0.462864995,1.90930936,1,0,1,0.270560533,1.91308592,1.91308592,0,0,0,0,0
34.45,1.66334891,-0.35071072,-90.2834646,0.05,-0.0308407992,FollowWall,following_with_distance_only,0,14,42,0.462864995,1.90930936,1,0,1,0.270560533,1.91084943,1.91084943,0,0,0,0,0
34.5,1.66333615,-0.353003918,-90.3545055,0.05,-0.0286982507,FollowWall,following_with_distance_only,0,14,42,0.461282283,1.90472922,1,0,1,0.269132167,1.90844614,1.90844614,0,0,0,0,0
34.55,1.66331985,-0.355383249,-90.430202,0.05,-0.0286982507,FollowWall,following_with_distance_only,0,14,42,0.461282283,1.90472922,1,0,1,0.269132167,1.90594958,1.90594958,0,0,0,0,0
34.6,1.66329995,-0.357812809,-90.5086143,0.05,-0.0264690667,FollowWall,following_with_distance_only,0,14,42,0.459413439,1.89976952,1,0,1,0.267646044,1.90339865,1.90339865,0,0,0,0,0
34.65,1.66327646,-0.360271655,-90.5859499,0.05,-0.0264690667,FollowWall,following_with_distance_only,0,14,42,0.459413439,1.89976952,1,0,1,0.267646044,1.90082017,1.90082017,0,0,0,0,0
34.7,1.66324948,-0.362747567,-90.6626575,0.05,-0.0264929384,FollowWall,following_with_distance_only,0,14,42,0.457534194,1.89471004,1,0,1,0.267661959,1.89822566,1.89822566,0,0,0,0,0
34.75,1.66321907,-0.365233415,-90.7390272,0.05,-0.0264929384,FollowWall,following_with_distance_only,0,14,42,0.457534194,1.89471004,1,0,1,0.267661959,1.89562181,1.89562181,0,0,0,0,0
34.8,1.66318528,-0.367725039,-90.8151998,0.05,-0.0261981636,FollowWall,following_with_distance_only,0,14,42,0.455664963,1.88963437,1,0,1,0.267465442,1.89301256,1.89301256,0,0,0,0,0
34.85,1.66314813,-0.370220011,-90.8909055,0.05,-0.0261981636,FollowWall,following_with_distance_only,0,14,42,0.455664963,1.88963437,1,0,1,0.267465442,1.89040076,1.89040076,0,0,0,0,0
34.9,1.66310766,-0.372716911,-90.966339,0.05,-0.0253572017,FollowWall,following_with_distance_only,0,14,42,0.453806728,1.88456906,1,0,1,0.266904801,1.88778751,1.88778751,0,0,0,0,0
34.95,1.6630639,-0.37521491,-91.0406098,0.05,-0.0253572017,FollowWall,following_with_distance_only,0,14,42,0.453806728,1.88456906,1,0,1,0.266904801,1.88517502,1.88517502,0,0,0,0,0
35,1.66301691,-0.377713525,-91.1142023,0.05,-0.0252722651,FollowWall,following_with_distance_only,0,14,42,0.451979548,1.87952518,1,0,1,0.266848177,1.88256303,1.88256303,0,0,0,0,0
35.05,1.66296671,-0.380212471,-91.1872979,0.05,-0.0252722651,FollowWall,following_with_distance_only,0,14,42,0.451979548,1.87952518,1,0,1,0.266848177,1.87995154,1.87995154,0,0,0,0,0
35.1,1.66291333,-0.38271158,-91.2601035,0.05,-0.02499412,FollowWall,following_with_distance_only,0,14,42,0.450170368,1.87450333,1,0,1,0.266662747,1.87734039,1.87734039,0,0,0,0,0
35.15,1.66285678,-0.385210753,-91.3324079,0.05,-0.02499412,FollowWall,following_with_distance_only,0,14,42,0.450170368,1.87450333,1,0,1,0.266662747,1.87473002,1.87473002,0,0,0,0,0
35.2,1.66279708,-0.387709931,-91.4044201,0.05,-0.0248826742,FollowWall,following_with_distance_only,0,14,42,0.448375672,1.8695035,1,0,1,0.266588449,1.87212016,1.87212016,0,0,0,0,0
35.25,1.66273425,-0.390209077,-91.4761287,0.05,-0.0248826742,FollowWall,following_with_distance_only,0,14,42,0.448375672,1.8695035,1,0,1,0.266588449,1.86951085,1.86951085,0,0,0,0,0
35.3,1.66266829,-0.39270817,-91.5476602,0.05,-0.024802655,FollowWall,following_with_distance_only,0,14,42,0.446590662,1.86452487,1,0,1,0.266535103,1.86690194,1.86690194,0,0,0,0,0
35.35,1.66259921,-0.395207193,-91.6189929,0.05,-0.024802655,FollowWall,following_with_distance_only,0,14,42,0.446590662,1.86452487,1,0,1,0.266535103,1.86429346,1.86429346,0,0,0,0,0
35.4,1.66252702,-0.397706138,-91.6902096,0.05,-0.0249154866,FollowWall,following_with_distance_only,0,14,42,0.444811821,1.85956671,1,0,1,0.266610324,1.8616853,1.8616853,0,0,0,0,0
35.45,1.66245173,-0.400204997,-91.7614934,0.05,-0.0249154866,FollowWall,following_with_distance_only,0,14,42,0.444811821,1.85956671,1,0,1,0.266610324,1.85907719,1.85907719,0,0,0,0,0
35.5,1.66237333,-0.402703763,-91.8328162,0.05,-0.0252037346,FollowWall,following_with_distance_only,0,14,42,0.443032205,1.85462796,1,0,1,0.26680249,1.85646917,1.85646917,0,0,0,0,0
35.55,1.66229181,-0.405202431,-91.904506,0.05,-0.0252037346,FollowWall,following_with_distance_only,0,14,42,0.443032205,1.85462796,1,0,1,0.26680249,1.85386075,1.85386075,0,0,0,0,0
35.6,1.66220715,-0.407700996,-91.9764097,0.05,-0.0247947425,FollowWall,following_with_distance_only,0,14,42,0.441243261,1.8497079,1,0,1,0.266529828,1.85125218,1.85125218,0,0,0,0,0
35.65,1.66211937,-0.410199453,-92.0479502,0.05,-0.0247947425,FollowWall,following_with_distance_only,0,14,42,0.441243261,1.8497079,1,0,1,0.266529828,1.84864433,1.84864433,0,0,0,0,0
35.7,1.66202848,-0.4126978,-92.1192786,0.05,-0.0248727947,FollowWall,following_with_distance_only,0,14,42,0.439461857,1.84480702,1,0,1,0.266581863,1.84603698,1.84603698,0,0,0,0,0
35.75,1.66193448,-0.415196032,-92.1905766,0.05,-0.0248727947,FollowWall,following_with_distance_only,0,14,42,0.439461857,1.84480702,1,0,1,0.266581863,1.84342985,1.84342985,0,0,0,0,0
35.8,1.66183736,-0.417694145,-92.2618568,0.05,-0.0245855302,FollowWall,following_with_distance_only,0,14,42,0.437684238,1.8399247,1,0,1,0.266390353,1.84082293,1.84082293,0,0,0,0,0
35.85,1.66173715,-0.420192135,-92.3327837,0.05,-0.0245855302,FollowWall,following_with_distance_only,0,14,42,0.437684238,1.8399247,1,0,1,0.266390353,1.83821674,1.83821674,0,0,0,0,0
35.9,1.66163385,-0.42269,-92.4035046,0.05,-0.024549365,FollowWall,following_with_distance_only,0,14,42,0.435916722,1.83506049,1,0,1,0.266366243,1.83561106,1.83561106,0,0,0,0,0
35.95,1.66152747,-0.425187736,-92.474062,0.05,-0.024549365,FollowWall,following_with_distance_only,0,14,42,0.435916722,1.83506049,1,0,1,0.266366243,1.83300581,1.83300581,0,0,0,0,0
36,1.66141802,-0.427685339,-92.5445242,0.05,-0.024300769,FollowWall,following_with_distance_only,0,14,42,0.434156716,1.83021365,1,0,1,0.266200513,1.83040091,1.83040091,0,0,0,0,0
36.05,1.6613055,-0.430182805,-92.6146341,0.05,-0.024300769,FollowWall,following_with_distance_only,0,14,42,0.434156716,1.83021365,1,0,1,0.266200513,1.82779674,1.82779674,0,0,0,0,0
36.1,1.66118993,-0.432680133,-92.6845384,0.05,-0.0239173025,FollowWall,following_with_distance_only,0,14,42,0.432407975,1.8253836,1,0,1,0.265944868,1.82519309,1.82519309,0,0,0,0,0
36.15,1.66107133,-0.435177318,-92.7538651,0.05,-0.0239173025,FollowWall,following_with_distance_only,0,14,42,0.432407975,1.8253836,1,0,1,0.265944868,1.82259052,1.82259052,0,0,0,0,0
36.2,1.66094971,-0.437674358,-92.8228548,0.05,-0.0237695575,FollowWall,following_with_distance_only,0,14,42,0.430677027,1.82056963,1,0,1,0.265846372,1.81998866,1.81998866,0,0,0,0,0
36.25,1.66082509,-0.44017125,-92.8914716,0.05,-0.0237695575,FollowWall,following_with_distance_only,0,14,42,0.430677027,1.82056963,1,0,1,0.265846372,1.81738759,1.81738759,0,0,0,0,0
36.3,1.66069749,-0.442667991,-92.959871,0.05,-0.0231195688,FollowWall,following_with_distance_only,0,14,42,0.428960353,1.8157709,1,0,1,0.265413046,1.81478705,1.81478705,0,0,0,0,0
36.35,1.66056693,-0.44516458,-93.0273675,0.05,-0.0231195688,FollowWall,following_with_distance_only,0,14,42,0.428960353,1.8157709,1,0,1,0.265413046,1.8121881,1.8121881,0,0,0,0,0
36.4,1.66043344,-0.447661013,-93.0943374,0.05,-0.0231923908,FollowWall,following_with_distance_only,0,14,42,0.42726925,1.81098645,1,0,1,0.265461594,1.80959016,1.80959016,0,0,0,0,0
36.45,1.66029704,-0.450157289,-93.1610871,0.05,-0.0231923908,FollowWall,following_with_distance_only,0,14,42,0.42726925,1.81098645,1,0,1,0.265461594,1.80699277,1.80699277,0,0,0,0,0
36.5,1.66015773,-0.452653405,-93.2277083,0.05,-0.0232665092,FollowWall,following_with_distance_only,0,14,42,0.425590843,1.80621522,1,0,1,0.265511006,1.80439579,1.80439579,0,0,0,0,0
36.55,1.66001551,-0.455149357,-93.294343,0.05,-0.0232665092,FollowWall,following_with_distance_only,0,14,42,0.425590843,1.80621522,1,0,1,0.265511006,1.80179901,1.80179901,0,0,0,0,0
36.6,1.6598704,-0.457645142,-93.3609856,0.05,-0.0230761617,FollowWall,following_with_distance_only,0,14,42,0.42391634,1.80145697,1,0,1,0.265384108,1.79920245,1.79920245,0,0,0,0,0
36.65,1.65972239,-0.460140756,-93.4274056,0.05,-0.0230761617,FollowWall,following_with_distance_only,0,14,42,0.42391634,1.80145697,1,0,1,0.265384108,1.79660645,1.79660645,0,0,0,0,0
36.7,1.65957148,-0.462636198,-93.4936957,0.05,-0.0228732079,FollowWall,following_with_distance_only,0,14,42,0.422250062,1.79671074,1,0,1,0.265248805,1.79401088,1.79401088,0,0,0,0,0
36.75,1.6594177,-0.465131463,-93.5596679,0.05,-0.0228732079,FollowWall,following_with_distance_only,0,14,42,0.422250062,1.79671074,1,0,1,0.265248805,1.79141602,1.79141602,0,0,0,0,0
36.8,1.65926105,-0.46762655,-93.6254545,0.05,-0.0226571113,FollowWall,following_with_distance_only,0,14,42,0.420595437,1.7919757,1,0,1,0.265104741,1.78882168,1.78882168,0,0,0,0,0
36.85,1.65910154,-0.470121457,-93.6908749,0.05,-0.0226571113,FollowWall,following_with_distance_only,0,14,42,0.420595437,1.7919757,1,0,1,0.265104741,1.78622813,1.78622813,0,0,0,0,0
36.9,1.65893918,-0.472616179,-93.7560818,0.05,-0.0221684575,FollowWall,following_with_distance_only,0,14,42,0.418954045,1.78725114,1,0,1,0.264778972,1.78363514,1.78363514,0,0,0,0,0
36.95,1.65877401,-0.475110717,-93.8205808,0.05,-0.0221684575,FollowWall,following_with_distance_only,0,14,42,0.418954045,1.78725114,1,0,1,0.264778972,1.78104346,1.78104346,0,0,0,0,0
37,1.65860603,-0.477605067,-93.8846669,0.05,-0.0218022913,FollowWall,following_with_distance_only,0,14,42,0.417333633,1.78253551,1,0,1,0.264534861,1.77845264,1.77845264,0,0,0,0,0
37.05,1.65843528,-0.480099229,-93.948075,0.05,-0.0218022913,FollowWall,following_with_distance_only,0,14,42,0.417333633,1.78253551,1,0,1,0.264534861,1.77586309,1.77586309,0,0,0,0,0
37.1,1.65826178,-0.482593201,-94.0110876,0.05,-0.0213081837,FollowWall,following_with_distance_only,0,14,42,0.415735155,1.77782798,1,0,1,0.264205456,1.77327437,1.77327437,0,0,0,0,0
37.15,1.65808555,-0.485086982,-94.0732797,0.05,-0.0213081837,FollowWall,following_with_distance_only,0,14,42,0.415735155,1.77782798,1,0,1,0.264205456,1.77068713,1.77068713,0,0,0,0,0
37.2,1.65790663,-0.487580571,-94.1349932,0.05,-0.0210811794,FollowWall,following_with_distance_only,0,14,42,0.414161354,1.77312711,1,0,1,0.26405412,1.76810086,1.76810086,0,0,0,0,0
37.25,1.65772503,-0.490073967,-94.1961566,0.05,-0.0210811794,FollowWall,following_with_distance_only,0,14,42,0.414161354,1.77312711,1,0,1,0.26405412,1.76551565,1.76551565,0,0,0,0,0
37.3,1.65754078,-0.492567168,-94.256999,0.05,-0.0209799707,FollowWall,following_with_distance_only,0,14,42,0.412606955,1.7684322,1,0,1,0.263986647,1.76293117,1.76293117,0,0,0,0,0
37.35,1.65735389,-0.495060173,-94.3175334,0.05,-0.0209799707,FollowWall,following_with_distance_only,0,14,42,0.412606955,1.7684322,1,0,1,0.263986647,1.7603474,1.7603474,0,0,0,0,0
37.4,1.65716436,-0.497552978,-94.3778882,0.05,-0.0208537728,FollowWall,following_with_distance_only,0,14,42,0.411065429,1.76374312,1,0,1,0.263902515,1.75776415,1.75776415,0,0,0,0,0
37.45,1.65697222,-0.500045584,-94.4379875,0.05,-0.0208537728,FollowWall,following_with_distance_only,0,14,42,0.411065429,1.76374312,1,0,1,0.263902515,1.75518153,1.75518153,0,0,0,0,0
37.5,1.65677747,-0.502537986,-94.4979377,0.05,-0.0202128589,FollowWall,following_with_distance_only,0,14,42,0.409534335,1.75208662,1,0,1,0.263475239,1.75259938,1.75259938,0,0,0,0,0
37.55,1.65658012,-0.505030185,-94.557036,0.05,-0.0202128589,FollowWall,following_with_distance_only,0,14,42,0.409534335,1.75208662,1,0,1,0.263475239,1.75001876,1.75001876,0,0,0,0,0
37.6,1.65638022,-0.50752218,-94.6156374,0.05,-0.0193083286,FollowWall,following_with_distance_only,0,14,42,0.408025742,1.74239797,1,0,1,0.262872219,1.74743914,1.74743914,0,0,0,0,0
37.65,1.6561778,-0.510013972,-94.6728691,0.05,-0.0193083286,FollowWall,following_with_distance_only,0,14,42,0.408025742,1.74239797,1,0,1,0.262872219,1.74486181,1.74486181,0,0,0,0,0
37.7,1.6559729,-0.512505561,-94.7293019,0.05,-0.0189144015,FollowWall,following_with_distance_only,0,14,42,0.406552881,1.71558368,1,0,1,0.262609601,1.74228593,1.74228593,0,0,0,0,0
37.75,1.65576558,-0.51499695,-94.7847985,0.05,-0.0189144015,FollowWall,following_with_distance_only,0,14,42,0.406552881,1.71558368,1,0,1,0.262609601,1.73971168,1.73971168,0,0,0,0,0
37.8,1.65555585,-0.517488137,-94.8397488,0.05,-0.0184886903,FollowWall,following_with_distance_only,0,14,42,0.405108839,1.69009194,1,0,1,0.262325794,1.7371385,1.7371385,0,0,0,0,0
37.85,1.65534375,-0.519979123,-94.8938725,0.05,-0.0184886903,FollowWall,following_with_distance_only,0,14,42,0.405108839,1.69009194,1,0,1,0.262325794,1.73456679,1.73456679,0,0,0,0,0
37.9,1.65512931,-0.522469909,-94.9475138,0.05,-0.0178907365,FollowWall,following_with_distance_only,0,14,42,0.403689116,1.66573714,1,0,1,0.261927158,1.73199603,1.73199603,0,0,0,0,0
37.95,1.65491256,-0.524960495,-95.0001601,0.05,-0.0178907365,FollowWall,following_with_distance_only,0,14,42,0.403689116,1.66573714,1,0,1,0.261927158,1.72942701,1.72942701,0,0,0,0,0
38,1.65469353,-0.527450882,-95.052226,0.05,-0.0171482563,FollowWall,following_with_distance_only,0,14,42,0.402296185,1.6425263,1,0,1,0.261432171,1.72685908,1.72685908,0,0,0,0,0
38.05,1.65447226,-0.529941071,-95.1030669,0.05,-0.0171482563,FollowWall,following_with_distance_only,0,14,42,0.402296185,1.6425263,1,0,1,0.261432171,1.72429321,1.72429321,0,0,0,0,0
38.1,1.65424881,-0.532431065,-95.1531934,0.05,-0.0163879842,FollowWall,following_with_distance_only,0,14,42,0.400935113,1.62052546,1,0,1,0.260925323,1.72172864,1.72172864,0,0,0,0,0
38.15,1.6540232,-0.534920864,-95.2019955,0.05,-0.0163879842,FollowWall,following_with_distance_only,0,14,42,0.400935113,1.62052546,1,0,1,0.260925323,1.71916626,1.71916626,0,0,0,0,0
38.2,1.65379549,-0.537410472,-95.2500252,0.05,-0.0156978518,FollowWall,following_with_distance_only,0,14,42,0.399608433,1.5997383,1,0,1,0.260465235,1.71660526,1.71660526,0,0,0,0,0
38.25,1.65356571,-0.539899891,-95.2967804,0.05,-0.0156978518,FollowWall,following_with_distance_only,0,14,42,0.399608433,1.5997383,1,0,1,0.260465235,1.71404637,1.71404637,0,0,0,0,0
38.3,1.65333393,-0.542389123,-95.3427922,0.05,-0.0151435733,FollowWall,following_with_distance_only,0,14,42,0.398315191,1.58008475,1,0,1,0.260095716,1.7114888,1.7114888,0,0,0,0,0
38.35,1.65310017,-0.54487817,-95.3877087,0.05,-0.0151435733,FollowWall,following_with_distance_only,0,14,42,0.398315191,1.58008475,1,0,1,0.260095716,1.70893308,1.70893308,0,0,0,0,0
38.4,1.65286447,-0.547367034,-95.4319863,0.05,-0.0143408328,FollowWall,following_with_distance_only,0,14,42,0.397051215,1.4442078,1,0,1,0.259560555,1.70637851,1.70637851,0,0,0,0,0
38.45,1.65262688,-0.549855718,-95.474933,0.05,-0.0143408328,FollowWall,following_with_distance_only,0,14,42,0.397051215,1.4442078,1,0,1,0.259560555,1.70382612,1.70382612,0,0,0,0,0
38.5,1.65238743,-0.552344226,-95.5171034,0.05,-0.0134944171,FollowWall,following_with_distance_only,0,14,42,0.395819873,1.42864212,1,0,1,0.258996278,1.70127509,1.70127509,0,0,0,0,0
38.55,1.65214619,-0.554832559,-95.5578106,0.05,-0.0134944171,FollowWall,following_with_distance_only,0,14,42,0.395819873,1.42864212,1,0,1,0.258996278,1.69872643,1.69872643,0,0,0,0,0
38.6,1.6519032,-0.557320722,-95.5976642,0.05,-0.0126997679,FollowWall,following_with_distance_only,0,14,42,0.394624263,1.41395195,1,0,1,0.258466512,1.69617922,1.69617922,0,0,0,0,0
38.65,1.65165851,-0.559808719,-95.6360713,0.05,-0.0126997679,FollowWall,following_with_distance_only,0,14,42,0.394624263,1.41395195,1,0,1,0.258466512,1.69363434,1.69363434,0,0,0,0,0
38.7,1.65141217,-0.562296552,-95.6736348,0.05,-0.012311697,FollowWall,following_with_distance_only,0,14,42,0.393464178,1.40010282,1,0,1,0.258207798,1.6910909,1.6910909,0,0,0,0,0
38.75,1.65116422,-0.564784226,-95.7102428,0.05,-0.012311697,FollowWall,following_with_distance_only,0,14,42,0.393464178,1.40010282,1,0,1,0.258207798,1.68854905,1.68854905,0,0,0,0,0
38.8,1.6509147,-0.567271742,-95.7462934,0.05,-0.0112930834,FollowWall,following_with_distance_only,0,14,42,0.392329752,1.38687944,1,0,1,0.257528722,1.6860082,1.6860082,0,0,0,0,0
38.85,1.65066364,-0.569759104,-95.7808031,0.05,-0.0112930834,FollowWall,following_with_distance_only,0,14,42,0.392329752,1.38687944,1,0,1,0.257528722,1.6834698,1.6834698,0,0,0,0,0
38.9,1.6504111,-0.572246317,-95.8144139,0.05,-0.0106365234,FollowWall,following_with_distance_only,0,14,42,0.391229481,1.37442661,1,0,1,0.257091016,1.6809329,1.6809329,0,0,0,0,0
38.95,1.65015714,-0.574733383,-95.8467166,0.05,-0.0106365234,FollowWall,following_with_distance_only,0,14,42,0.391229481,1.37442661,1,0,1,0.257091016,1.67839809,1.67839809,0,0,0,0,0
39,1.64990178,-0.577220308,-95.8782562,0.05,-0.0100092441,FollowWall,following_with_distance_only,0,14,42,0.390161008,1.36267894,1,0,1,0.256672829,1.67586457,1.67586457,0,0,0,0,0
39.05,1.64964509,-0.579707095,-95.908602,0.05,-0.0100092441,FollowWall,following_with_distance_only,0,14,42,0.390161008,1.36267894,1,0,1,0.256672829,1.67333296,1.67333296,0,0,0,0,0
39.1,1.64938709,-0.582193746,-95.9382514,0.05,-0.00905321538,FollowWall,following_with_distance_only,0,14,42,0.389120817,1.35155323,1,0,1,0.256035477,1.67080253,1.67080253,0,0,0,0,0
39.15,1.64912784,-0.584680268,-95.9663533,0.05,-0.00905321538,FollowWall,following_with_distance_only,0,14,42,0.389120817,1.35155323,1,0,1,0.256035477,1.66827452,1.66827452,0,0,0,0,0
39.2,1.64886739,-0.587166664,-95.9935526,0.05,-0.00807465613,FollowWall,following_with_distance_only,0,14,42,0.388114482,1.34114017,1,0,1,0.255383104,1.66574798,1.66574798,0,0,0,0,0
39.25,1.64860579,-0.58965294,-96.0190573,0.05,-0.00807465613,FollowWall,following_with_distance_only,0,14,42,0.388114482,1.34114017,1,0,1,0.255383104,1.66322408,1.66322408,0,0,0,0,0
39.3,1.64834311,-0.592139101,-96.0435734,0.05,-0.00732417405,FollowWall,following_with_distance_only,0,14,42,0.387145787,1.33149361,1,0,1,0.254882783,1.66070175,1.66070175,0,0,0,0,0
39.35,1.6480794,-0.594625154,-96.0666171,0.05,-0.00732417405,FollowWall,following_with_distance_only,0,14,42,0.387145787,1.33149361,1,0,1,0.254882783,1.65818172,1.65818172,0,0,0,0,0
39.4,1.64781471,-0.597111102,-96.0888018,0.05,-0.00676202774,FollowWall,following_with_distance_only,0,14,42,0.386210859,1.22659583,1,0,1,0.254508018,1.65566306,1.65566306,0,0,0,0,0
39.45,1.64754908,-0.59959695,-96.1098144,0.05,-0.00676202774,FollowWall,following_with_distance_only,0,14,42,0.386210859,1.22659583,1,0,1,0.254508018,1.65314624,1.65314624,0,0,0,0,0
39.5,1.64728255,-0.602082702,-96.1301434,0.05,-0.00617967546,FollowWall,following_with_distance_only,0,14,42,0.385302812,1.21910222,1,0,1,0.254119784,1.65063053,1.65063053,1,0,0,0,0
39.55,1.64701516,-0.604568362,-96.1493784,0.05,-0.00617967546,FollowWall,following_with_distance_only,0,14,42,0.385302812,1.21910222,1,0,1,0.254119784,1.64811652,1.64811652,1,0,0,0,0
39.6,1.64674696,-0.607053933,-96.1679753,0.05,-0.00556321442,FollowWall,following_with_distance_only,0,14,42,0.384418577,1.21204349,1,0,1,0.25370881,1.64560356,1.64560356,1,0,0,0,0
39.65,1.64647797,-0.60953942,-96.1854641,0.05,-0.00556321442,FollowWall,following_with_distance_only,0,14,42,0.384418577,1.21204349,1,0,1,0.25370881,1.64309231,1.64309231,1,0,0,0,0
39.7,1.64620824,-0.612024826,-96.2023064,0.05,-0.00458711386,FollowWall,following_with_distance_only,0,14,42,0.383557647,1.20540978,1,0,1,0.253058076,1.6405821,1.6405821,1,0,0,0,0
39.75,1.64593781,-0.614510157,-96.2176066,0.05,-0.00458711386,FollowWall,following_with_distance_only,0,14,42,0.383557647,1.20540978,1,0,1,0.253058076,1.63807424,1.63807424,1,0,0,0,0
39.8,1.64566673,-0.616995417,-96.2320072,0.05,-0.00358897448,FollowWall,following_with_distance_only,0,14,42,0.382727504,1.19931605,1,0,1,0.25239265,1.63556778,1.63556778,1,0,0,0,0
39.85,1.64539507,-0.619480613,-96.2446915,0.05,-0.00358897448,FollowWall,following_with_distance_only,0,14,42,0.382727504,1.19931605,1,0,1,0.25239265,1.63306391,1.63306391,1,0,0,0,0
39.9,1.64512288,-0.621965751,-96.2563748,0.05,-0.00292789936,FollowWall,following_with_distance_only,0,14,42,0.381932706,1.19382938,1,0,1,0.251951933,1.63056157,1.63056157,1,0,0,0,0
39.95,1.64485021,-0.624450837,-96.2666849,0.05,-0.00292789936,FollowWall,following_with_distance_only,0,14,42,0.381932706,1.19382938,1,0,1,0.251951933,1.62806131,1.62806131,1,0,0,0,0
40,1.64457711,-0.626935876,-96.2761941,0.05,-0.0024395138,FollowWall,following_with_distance_only,0,14,42,0.381167501,1.18885609,1,0,1,0.251626343,1.62556228,1.62556228,1,0,0,0,0
40.05,1.64430363,-0.629420872,-96.2846531,0.05,-0.0024395138,FollowWall,following_with_distance_only,0,14,42,0.381167501,1.18885609,1,0,1,0.251626343,1.62306484,1.62306484,1,0,0,0,0
40.1,1.64402979,-0.631905829,-96.2924994,0.05,-0.00164097548,FollowWall,following_with_distance_only,0,14,42,0.380424351,1.1842786,1,0,1,0.251093984,1.62056834,1.62056834,1,0,0,0,0
40.15,1.64375564,-0.634390752,-96.2990352,0.05,-0.00164097548,FollowWall,following_with_distance_only,0,14,42,0.380424351,1.1842786,1,0,1,0.251093984,1.6180738,1.6180738,1,0,0,0,0
40.2,1.64348122,-0.636875645,-96.3048066,0.05,-0.000594690442,FollowWall,following_with_distance_only,0,14,42,0.379706264,1.18014466,1,0,1,0.25039646,1.61558041,1.61558041,1,0,0,0,0
40.25,1.64320658,-0.639360515,-96.308883,0.05,-0.000594690442,FollowWall,following_with_distance_only,0,14,42,0.379706264,1.18014466,1,0,1,0.25039646,1.61308955,1.61308955,1,0,0,0,0
40.3,1.6429318,-0.641845367,-96.3119708,0.05,-9.83476639e-07,FollowWall,following_with_distance_only,0,14,42,0.37902078,1.17657207,1,0,1,0.250000656,1.61060015,1.61060015,1,0,0,0,0
40.35,1.6426569,-0.644330208,-96.3137732,0.05,-9.83476639e-07,FollowWall,following_with_distance_only,0,14,42,0.37902078,1.17657207,1,0,1,0.250000656,1.60811266,1.60811266,1,0,0,0,0
40.4,1.64238195,-0.646815042,-96.3148258,0.0713866136,0.129200796,FollowWall,following_right_wall,0,14,42,0.378362,1.17346891,1,1,1,0.249496117,1.60562628,1.60562628,1,0,0,0,0
40.45,1.64206188,-0.649743156,-96.1612177,0.0713866136,0.129200796,FollowWall,following_right_wall,0,14,42,0.378362,1.17346891,1,1,1,0.249496117,1.60292429,1.60292429,1,0,0,0,0
40.5,1.64172464,-0.652930826,-95.9173909,0.0718678086,0.121982871,FollowWall,following_right_wall,0,14,42,0.380345911,1.21364631,1,1,1,0.248685494,1.60009625,1.60009625,1,0,0,0,0
40.55,1.64138592,-0.656280845,-95.6295522,0.0718678086,0.121982871,FollowWall,following_right_wall,0,14,42,0.380345911,1.21364631,1,1,1,0.248685494,1.59717187,1.59717187,1,0,0,0,0
40.6,1.6410558,-0.659726453,-95.31604,0.0726296107,0.11055584,FollowWall,following_right_wall,0,14,42,0.383839458,1.38773082,1,1,1,0.24801898,1.5941912,1.5941912,1,0,0,0,0
40.65,1.6407382,-0.663244405,-95.0011916,0.0726296107,0.11055584,FollowWall,following_right_wall,0,14,42,0.383839458,1.38773082,1,1,1,0.24801898,1.59114156,1.59114156,1,0,0,0,0
40.7,1.64043647,-0.666805246,-94.6855637,0.0733978438,0.0990323431,FollowWall,following_right_wall,0,14,42,0.387753814,1.59315937,1,1,1,0.246837899,1.58805157,1.58805157,1,0,0,0,0
40.75,1.64015078,-0.670407658,-94.3832363,0.0733978438,0.0990323431,FollowWall,following_right_wall,0,14,42,0.387753814,1.59315937,1,1,1,0.246837899,1.58490146,1.58490146,1,0,0,0,0
40.8,1.63988213,-0.674034849,-94.0886675,0.0740791057,0.0888134139,FollowWall,following_right_wall,0,14,42,0.391654074,1.58502345,1,1,1,0.245178401,1.58171615,1.58171615,1,0,0,0,0
40.85,1.63962968,-0.677691116,-93.8108225,0.0740791057,0.0888134139,FollowWall,following_right_wall,0,14,42,0.391654074,1.58502345,1,1,1,0.245178401,1.57847775,1.57847775,1,0,0,0,0
40.9,1.63939361,-0.681364754,-93.542733,0.0747411438,0.0788828424,FollowWall,following_right_wall,0,14,42,0.395384669,1.57701857,1,1,1,0.24424991,1.57520829,1.57520829,1,0,0,0,0
40.95,1.63917278,-0.685062649,-93.292188,0.0747411438,0.0788828424,FollowWall,following_right_wall,0,14,42,0.395384669,1.57701857,1,1,1,0.24424991,1.57188898,1.57188898,1,0,0,0,0
41,1.63896705,-0.688775008,-93.0518773,0.075331559,0.0700266148,FollowWall,following_right_wall,0,14,42,0.398875624,1.56912483,1,1,1,0.243419945,1.56854052,1.56854052,1,0,0,0,0
41.05,1.63877531,-0.692508361,-92.828108,0.075331559,0.0700266148,FollowWall,following_right_wall,0,14,42,0.398875624,1.56912483,1,1,1,0.243419945,1.56514668,1.56514668,1,0,0,0,0
41.1,1.63859728,-0.696254199,-92.6139878,0.0758568238,0.0621476428,FollowWall,following_right_wall,0,14,42,0.402104318,1.56131329,1,1,1,0.242720261,1.56172633,1.56172633,1,0,0,0,0
41.15,1.63843198,-0.700018461,-92.414901,0.0758568238,0.0621476428,FollowWall,following_right_wall,0,14,42,0.402104318,1.56131329,1,1,1,0.242720261,1.55826523,1.55826523,1,0,0,0,0
41.2,1.63827905,-0.703793651,-92.2245838,0.0763265883,0.0551011754,FollowWall,following_right_wall,0,14,42,0.405071199,1.55355881,1,1,1,0.242175773,1.55478031,1.55478031,1,0,0,0,0
41.25,1.63813763,-0.707585151,-92.0477932,0.0763265883,0.0551011754,FollowWall,following_right_wall,0,14,42,0.405071199,1.55355881,1,1,1,0.242175773,1.55125887,1.55125887,1,0,0,0,0
41.3,1.63800732,-0.711386303,-91.8788932,0.0767711066,0.0484334014,FollowWall,following_right_wall,0,14,42,0.407784492,1.54584197,1,1,1,0.242034107,1.54771609,1.54771609,1,0,0,0,0
41.35,1.63788735,-0.715202456,-91.7225551,0.0767711066,0.0484334014,FollowWall,following_right_wall,0,14,42,0.407784492,1.54584197,1,1,1,0.242034107,1.5441394,1.5441394,1,0,0,0,0
41.4,1.63777729,-0.71902746,-91.5735447,0.0771454261,0.0428186088,FollowWall,following_right_wall,0,14,42,0.410245091,1.53814705,1,1,1,0.24172692,1.54054292,1.54054292,1,0,0,0,0
41.45,1.63767649,-0.722865509,-91.4355111,0.0771454261,0.0428186088,FollowWall,following_right_wall,0,14,42,0.410245091,1.53814705,1,1,1,0.24172692,1.53691681,1.53691681,1,0,0,0,0
41.5,1.63758454,-0.72671124,-91.3038805,0.0774790408,0.0378143887,FollowWall,following_right_wall,0,14,42,0.412469447,1.53046464,1,1,1,0.241505876,1.5332734,1.5332734,1,0,0,0,0
41.55,1.63750085,-0.730568463,-91.1819584,0.0774790408,0.0378143887,FollowWall,following_right_wall,0,14,42,0.412469447,1.53046464,1,1,1,0.241505876,1.52960377,1.52960377,1,0,0,0,0
41.6,1.63742505,-0.734432443,-91.0656995,0.0777785233,0.0333221504,FollowWall,following_right_wall,0,14,42,0.414474517,1.52278902,1,1,1,0.241370246,1.52591883,1.52591883,1,0,0,0,0
41.65,1.63735662,-0.738306646,-90.9581065,0.0777785233,0.0333221504,FollowWall,following_right_wall,0,14,42,0.414474517,1.52278902,1,1,1,0.241370246,1.52221047,1.52221047,1,0,0,0,0
41.7,1.6372952,-0.742186851,-90.8555685,0.0780182729,0.0297259069,FollowWall,following_right_wall,0,14,42,0.416274101,1.51511626,1,1,1,0.240994766,1.51848844,1.51848844,1,0,0,0,0
41.75,1.63724036,-0.746075581,-90.760272,0.0780182729,0.0297259069,FollowWall,following_right_wall,0,14,42,0.416274101,1.51511626,1,1,1,0.240994766,1.51474684,1.51474684,1,0,0,0,0
41.8,1.63719179,-0.74996931,-90.6691997,0.0782347417,0.0264788743,FollowWall,following_right_wall,0,14,42,0.417893201,1.50744672,1,1,1,0.240698099,1.51099381,1.51099381,1,0,0,0,0
41.85,1.63714911,-0.753870486,-90.5844673,0.0782347417,0.0264788743,FollowWall,following_right_wall,0,14,42,0.417893201,1.50744672,1,1,1,0.240698099,1.50722363,1.50722363,1,0,0,0,0
41.9,1.63711203,-0.757776022,-90.5034333,0.0784336844,0.0234947347,FollowWall,following_right_wall,0,14,42,0.419349581,1.49978063,1,1,1,0.240487605,1.50344345,1.50344345,1,0,0,0,0
41.95,1.63708022,-0.76168826,-90.4281187,0.0784336844,0.0234947347,FollowWall,following_right_wall,0,14,42,0.419349581,1.49978063,1,1,1,0.240487605,1.49964779,1.49964779,1,0,0,0,0
42,1.63705342,-0.765604418,-90.3561404,0.0785938666,0.0210920004,FollowWall,following_right_wall,0,14,42,0.420653552,1.4921174,1,1,1,0.24011153,1.49584311,1.49584311,1,0,0,0,0
42.05,1.63703134,-0.769526207,-90.2889763,0.0785938666,0.0210920004,FollowWall,following_right_wall,0,14,42,0.420653552,1.4921174,1,1,1,0.24011153,1.4920254,1.4920254,1,0,0,0,0
42.1,1.63701375,-0.773451286,-90.2246205,0.078767204,0.0184919399,FollowWall,following_right_wall,0,14,42,0.421822757,1.48445893,1,1,1,0.240057006,1.48820009,1.48820009,1,0,0,0,0
42.15,1.63700038,-0.777381899,-90.1650066,0.078767204,0.0184919399,FollowWall,following_right_wall,0,14,42,0.421822757,1.48445893,1,1,1,0.240057006,1.48436195,1.48436195,1,0,0,0,0
42.2,1.63699101,-0.781315743,-90.1081586,0.0788960665,0.0165590029,FollowWall,following_right_wall,0,14,42,0.422857344,1.47680345,1,1,1,0.239727318,1.48051632,1.48051632,1,0,0,0,0
42.25,1.63698539,-0.785254155,-90.0552314,0.0788960665,0.0165590029,FollowWall,following_right_wall,0,14,42,0.422857344,1.47680345,1,1,1,0.239727318,1.47666007,1.47666007,1,0,0,0,0
42.3,1.63698333,-0.789195232,-90.0045914,0.079011589,0.0148261649,FollowWall,following_right_wall,0,14,42,0.423772514,1.46915272,1,1,1,0.239406332,1.47279764,1.47279764,1,0,0,0,0
42.35,1.63698464,-0.793140269,-89.957354,0.079011589,0.0148261649,FollowWall,following_right_wall,0,14,42,0.423772514,1.46915272,1,1,1,0.239406332,1.4687935,1.4687935,1,0,0,0,0
42.4,1.63698914,-0.797087612,-89.9121014,0.0791611851,0.0125822229,FollowWall,following_right_wall,0,14,42,0.424581528,1.46150808,1,1,1,0.239537328,1.4647759,1.4647759,1,0,0,0,0
42.45,1.63699663,-0.801039415,-89.8706851,0.0791611851,0.0125822229,FollowWall,following_right_wall,0,14,42,0.424581528,1.46150808,1,1,1,0.239537328,1.46075981,1.46075981,1,0,0,0,0
42.5,1.63700691,-0.804993816,-89.8315067,0.0793006481,0.0104902788,FollowWall,following_right_wall,0,14,42,0.425272584,1.4534977,1,1,1,0.239688322,1.45674462,1.45674462,1,0,0,0,0
42.55,1.63701977,-0.808952633,-89.7961307,0.0793006481,0.0104902788,FollowWall,following_right_wall,0,14,42,0.425272584,1.4534977,1,1,1,0.239688322,1.45273093,1.45273093,1,0,0,0,0
42.6,1.63703501,-0.812914023,-89.7629729,0.0794272045,0.00859193182,FollowWall,following_right_wall,0,14,42,0.425840318,1.44465013,1,1,1,0.239834473,1.44871812,1.44871812,1,0,0,0,0
42.65,1.63705244,-0.816879546,-89.733375,0.0794272045,0.00859193182,FollowWall,following_right_wall,0,14,42,0.425840318,1.44465013,1,1,1,0.239834473,1.44470671,1.44470671,1,0,0,0,0
42.7,1.63707186,-0.820847476,-89.7058537,0.0795573926,0.00663911091,FollowWall,following_right_wall,0,14,42,0.42628786,1.43665403,1,1,1,0.240129232,1.44069612,1.44069612,1,0,0,0,0
42.75,1.63709308,-0.824819518,-89.6818747,0.0795573926,0.00663911091,FollowWall,following_right_wall,0,14,42,0.42628786,1.43665403,1,1,1,0.240129232,1.43668691,1.43668691,1,0,0,0,0
42.8,1.63711591,-0.828793956,-89.6599622,0.0796866252,0.00470062252,FollowWall,following_right_wall,0,14,42,0.426614344,1.4286968,1,1,1,0.24052459,1.43267852,1.43267852,1,0,0,0,0
42.85,1.63714016,-0.832772481,-89.6415689,0.0796866252,0.00470062252,FollowWall,following_right_wall,0,14,42,0.426614344,1.4286968,1,1,1,0.24052459,1.4286715,1.4286715,1,0,0,0,0
42.9,1.63716563,-0.836753386,-89.6252285,0.0797873007,0.00319049025,FollowWall,following_right_wall,0,14,42,0.426818132,1.42077714,1,1,1,0.240751952,1.42466528,1.42466528,1,0,0,0,0
42.95,1.63719216,-0.840737776,-89.6118882,0.0797873007,0.00319049025,FollowWall,following_right_wall,0,14,42,0.426818132,1.42077714,1,1,1,0.240751952,1.42066023,1.42066023,1,0,0,0,0
43,1.63721957,-0.844724196,-89.6002981,0.0798444031,0.00233395367,FollowWall,following_right_wall,0,14,42,0.426910996,1.41289266,1,1,1,0.24065046,1.41665586,1.41665586,1,0,0,0,0
43.05,1.63724773,-0.848712988,-89.5907512,0.0798444031,0.00233395367,FollowWall,following_right_wall,0,14,42,0.426910996,1.41289266,1,1,1,0.24065046,1.41265228,1.41265228,1,0,0,0,0
43.1,1.63727652,-0.852703163,-89.5823962,0.0799188989,0.00121651708,FollowWall,following_right_wall,0,14,42,0.426919967,1.40504028,1,1,1,0.240506575,1.40864917,1.40864917,1,0,0,0,0
43.15,1.63730584,-0.856695695,-89.5760704,0.0799188989,0.00121651708,FollowWall,following_right_wall,0,14,42,0.426919967,1.40504028,1,1,1,0.240506575,1.40464684,1.40464684,1,0,0,0,0
43.2,1.63733557,-0.860689601,-89.5709282,0.0799651907,0.000522139673,FollowWall,following_right_wall,0,14,42,0.426851004,1.39708112,1,1,1,0.240447462,1.40064498,1.40064498,1,0,0,0,0
43.25,1.63736562,-0.864685273,-89.5673053,0.0799651907,0.000522139673,FollowWall,following_right_wall,0,14,42,0.426851004,1.39708112,1,1,1,0.240447462,1.39664369,1.39664369,1,0,0,0,0
43.3,1.6373959,-0.868681974,-89.5645687,0.0799842001,0.000236998216,FollowWall,following_right_wall,0,14,42,0.426717907,1.38908586,1,1,1,0.240235135,1.39264276,1.39264276,1,0,0,0,0
43.35,1.63742634,-0.872679671,-89.5626895,0.0799842001,0.000236998216,FollowWall,following_right_wall,0,14,42,0.426717907,1.38908586,1,1,1,0.240235135,1.38864215,1.38864215,1,0,0,0,0
43.4,1.63745691,-0.87667795,-89.5613103,0.0799962855,5.5718003e-05,FollowWall,following_right_wall,0,14,42,0.426542014,1.38111826,1,1,1,0.240040824,1.38464174,1.38464174,1,0,0,0,0
43.45,1.63748756,-0.880676819,-89.5604393,0.0799962855,5.5718003e-05,FollowWall,following_right_wall,0,14,42,0.426542014,1.38111826,1,1,1,0.240040824,1.38064152,1.38064152,1,0,0,0,0
43.5,1.63751826,-0.884676032,-89.5598648,0.0799618336,-0.000572495333,FollowWall,following_right_wall,0,14,42,0.426337957,1.37317889,1,1,1,0.240201026,1.37664141,1.37664141,1,0,0,0,0
43.55,1.63754897,-0.888674729,-89.5602129,0.0799618336,-0.000572495333,FollowWall,following_right_wall,0,14,42,0.426337957,1.37317889,1,1,1,0.240201026,1.37264326,1.37264326,1,0,0,0,0
43.6,1.63757963,-0.892673125,-89.5610994,0.0799425969,-0.000861046623,FollowWall,following_right_wall,0,14,42,0.426099032,1.36527099,1,1,1,0.240226075,1.36864623,1.36864623,1,0,0,0,0
43.65,1.6376102,-0.896670945,-89.5626443,0.0799425969,-0.000861046623,FollowWall,following_right_wall,0,14,42,0.426099032,1.36527099,1,1,1,0.240226075,1.3646508,1.3646508,1,0,0,0,0
43.7,1.63764065,-0.90066843,-89.5645733,0.0799612524,-0.000581214051,FollowWall,following_right_wall,0,14,42,0.425831556,1.35739431,1,1,1,0.239965543,1.36065631,1.36065631,1,0,0,0,0
43.75,1.63767096,-0.904666108,-89.5663923,0.0799612524,-0.000581214051,FollowWall,following_right_wall,0,14,42,0.425831556,1.35739431,1,1,1,0.239965543,1.35666144,1.35666144,1,0,0,0,0
43.8,1.63770116,-0.9086639,-89.5681472,0.079953658,-0.000695129651,FollowWall,following_right_wall,0,14,42,0.425559193,1.34945288,1,1,1,0.24000591,1.35266637,1.35266637,1,0,0,0,0
43.85,1.63773123,-0.912661599,-89.5700006,0.079953658,-0.000695129651,FollowWall,following_right_wall,0,14,42,0.425559193,1.34945288,1,1,1,0.24000591,1.34867154,1.34867154,1,0,0,0,0
43.9,1.63776116,-0.916659246,-89.5719116,0.0799180196,-0.00122970626,FollowWall,following_right_wall,0,14,42,0.425283551,1.34127846,1,1,1,0.240366444,1.34467685,1.34467685,1,0,0,0,0
43.95,1.63779093,-0.92065612,-89.5744941,0.0799180196,-0.00122970626,FollowWall,following_right_wall,0,14,42,0.425283551,1.34127846,1,1,1,0.240366444,1.34068398,1.34068398,1,0,0,0,0
44,1.63782051,-0.924652543,-89.5774685,0.0799132975,-0.00130053754,FollowWall,following_right_wall,0,14,42,0.424991041,1.33313425,1,1,1,0.240504682,1.33669216,1.33669216,1,0,0,0,0
44.05,1.63784987,-0.928648607,-89.5807559,0.0799132975,-0.00130053754,FollowWall,following_right_wall,0,14,42,0.424991041,1.33313425,1,1,1,0.240504682,1.33270119,1.33270119,1,0,0,0,0
44.1,1.63787898,-0.932644461,-89.584226,0.0798979292,-0.00153106261,FollowWall,following_right_wall,0,14,42,0.424689621,1.32501991,1,1,1,0.240811139,1.32871071,1.32871071,1,0,0,0,0
44.15,1.63790784,-0.936639874,-89.5880777,0.0798979292,-0.00153106261,FollowWall,following_right_wall,0,14,42,0.424689621,1.32501991,1,1,1,0.240811139,1.32472126,1.32472126,1,0,0,0,0
44.2,1.63793642,-0.94063503,-89.5921522,0.0798989334,-0.00151599919,FollowWall,following_right_wall,0,14,42,0.424381942,1.31693615,1,1,1,0.241026148,1.32073241,1.32073241,1,0,0,0,0
44.25,1.63796472,-0.944630058,-89.5963385,0.0798989334,-0.00151599919,FollowWall,following_right_wall,0,14,42,0.424381942,1.31693615,1,1,1,0.241026148,1.31674387,1.31674387,1,0,0,0,0
44.3,1.63799271,-0.948625013,-89.6005902,0.0799505131,-0.000742303888,FollowWall,following_right_wall,0,14,42,0.424076766,1.30888225,1,1,1,0.240810946,1.31275549,1.31275549,1,0,0,0,0
44.35,1.63802045,-0.952621,-89.6039563,0.0799505131,-0.000742303888,FollowWall,following_right_wall,0,14,42,0.424076766,1.30888225,1,1,1,0.240810946,1.30876472,1.30876472,1,0,0,0,0
44.4,1.63804798,-0.956617589,-89.606806,0.0799461786,-0.000807320343,FollowWall,following_right_wall,0,14,42,0.423804045,1.30085191,1,1,1,0.241150424,1.30477255,1.30477255,1,0,0,0,0
44.45,1.63807532,-0.96061444,-89.609432,0.0799461786,-0.000807320343,FollowWall,following_right_wall,0,14,42,0.423804045,1.30085191,1,1,1,0.241150424,1.30077976,1.30077976,1,0,0,0,0
44.5,1.63810248,-0.964611444,-89.6119275,0.0799888937,-0.000166593837,FollowWall,following_right_wall,0,14,42,0.423555285,1.29284845,1,1,1,0.241068125,1.29678662,1.29678662,1,0,0,0,0
44.55,1.6381295,-0.968609428,-89.613582,0.0799888937,-0.000166593837,FollowWall,following_right_wall,0,14,42,0.423555285,1.29284845,1,1,1,0.241068125,1.2927912,1.2927912,1,0,0,0,0
44.6,1.63815643,-0.972607983,-89.614746,0.0799556538,0.000665193137,FollowWall,following_right_wall,0,14,42,0.423345149,1.28486891,1,1,1,0.240875065,1.28879445,1.28879445,1,0,0,0,0
44.65,1.63818331,-0.976606179,-89.614631,0.0799556538,0.000665193137,FollowWall,following_right_wall,0,14,42,0.423345149,1.28486891,1,1,1,0.240875065,1.28479608,1.28479608,1,0,0,0,0
44.7,1.63821023,-0.980604164,-89.6137699,0.0799047648,0.0014285285,FollowWall,following_right_wall,0,14,42,0.423191607,1.27691448,1,1,1,0.240714744,1.28079676,1.28079676,1,0,0,0,0
44.75,1.63823725,-0.984600967,-89.6115624,0.0799047648,0.0014285285,FollowWall,following_right_wall,0,14,42,0.423191607,1.27691448,1,1,1,0.240714744,1.27679653,1.27679653,1,0,0,0,0
44.8,1.63826445,-0.988597078,-89.6085695,0.0799127388,0.00130891799,FollowWall,following_right_wall,0,14,42,0.423101991,1.26898717,1,1,1,0.241104096,1.27279579,1.27279579,1,0,0,0,0
44.85,1.63829187,-0.992592952,-89.6052613,0.0799127388,0.00130891799,FollowWall,following_right_wall,0,14,42,0.423101991,1.26898717,1,1,1,0.241104096,1.26879479,1.26879479,1,0,0,0,0
44.9,1.63831952,-0.996588686,-89.6017691,0.0799367411,0.000948883134,FollowWall,following_right_wall,0,14,42,0.423052549,1.26108806,1,1,1,0.241495669,1.26479365,1.26479365,1,0,0,0,0
44.95,1.6383474,-1.00058484,-89.5985993,0.0799367411,0.000948883134,FollowWall,following_right_wall,0,14,42,0.423052549,1.26108806,1,1,1,0.241495669,1.26079259,1.26079259,1,0,0,0,0
45,1.6383755,-1.00458123,-89.5956176,0.0799291376,0.00106293546,FollowWall,following_right_wall,0,14,42,0.42302233,1.25321714,1,1,1,0.241412655,1.25679157,1.25679157,1,0,0,0,0
45.05,1.63840382,-1.00857761,-89.5926095,0.0799291376,0.00106293546,FollowWall,following_right_wall,0,14,42,0.42302233,1.25321714,1,1,1,0.241412655,1.25279054,1.25279054,1,0,0,0,0
45.1,1.63843234,-1.01257398,-89.589586,0.0799015094,0.00147735874,FollowWall,following_right_wall,0,14,42,0.423017979,1.24537347,1,1,1,0.241473824,1.24878949,1.24878949,1,0,0,0,0
45.15,1.63846108,-1.01656977,-89.5860588,0.0799015094,0.00147735874,FollowWall,following_right_wall,0,14,42,0.423017979,1.24537347,1,1,1,0.241473824,1.24478824,1.24478824,1,0,0,0,0
45.2,1.63849008,-1.02056521,-89.5822378,0.0798856697,0.00171495468,FollowWall,following_right_wall,0,14,42,0.423055321,1.23735461,1,1,1,0.241589844,1.24078688,1.24078688,1,0,0,0,0
45.25,1.63851936,-1.02456012,-89.5779618,0.0798856697,0.00171495468,FollowWall,following_right_wall,0,14,42,0.423055321,1.23735461,1,1,1,0.241589844,1.23678534,1.23678534,1,0,0,0,0
45.3,1.63854894,-1.02855473,-89.5734204,0.0798547823,0.00217826482,FollowWall,following_right_wall,0,14,42,0.423137337,1.22936225,1,1,1,0.241495147,1.23278371,1.23278371,1,0,0,0,0
45.35,1.63857886,-1.03254851,-89.5681712,0.0798547823,0.00217826482,FollowWall,following_right_wall,0,14,42,0.423137337,1.22936225,1,1,1,0.241495147,1.2287818,1.2287818,1,0,0,0,0
45.4,1.63860916,-1.03654181,-89.562509,0.0798223844,0.00266423365,FollowWall,following_right_wall,0,14,42,0.423271626,1.22140184,1,1,1,0.241309807,1.22477974,1.22477974,1,0,0,0,0
45.45,1.63863987,-1.04053414,-89.5560259,0.0798223844,0.00266423365,FollowWall,following_right_wall,0,14,42,0.423271626,1.22140184,1,1,1,0.241309807,1.22077736,1.22077736,1,0,0,0,0
45.5,1.63867104,-1.04452592,-89.5490638,0.0798200768,0.00269884764,FollowWall,following_right_wall,0,14,42,0.423463792,1.21347373,1,1,1,0.241333082,1.2167748,1.2167748,1,0,0,0,0
45.55,1.63870271,-1.04851732,-89.5417811,0.0798200768,0.00269884764,FollowWall,following_right_wall,0,14,42,0.423463792,1.21347373,1,1,1,0.241333082,1.21277213,1.21277213,1,0,0,0,0
45.6,1.63873489,-1.0525085,-89.5343114,0.0797954173,0.00306874055,FollowWall,following_right_wall,0,14,42,0.423702449,1.20557601,1,1,1,0.241070047,1.20876939,1.20876939,1,0,0,0,0
45.65,1.6387676,-1.05649903,-89.526291,0.0797954173,0.00306874055,FollowWall,following_right_wall,0,14,42,0.423702449,1.20557601,1,1,1,0.241070047,1.20476644,1.20476644,1,0,0,0,0
45.7,1.63880088,-1.06048919,-89.5179494,0.0797927572,0.00310864197,FollowWall,following_right_wall,0,14,42,0.423991144,1.19770857,1,1,1,0.240946636,1.20076337,1.20076337,1,0,0,0,0
45.75,1.63883475,-1.06447907,-89.5093728,0.0797927572,0.00310864197,FollowWall,following_right_wall,0,14,42,0.423991144,1.19770857,1,1,1,0.240946636,1.19676022,1.19676022,1,0,0,0,0
45.8,1.63886922,-1.06846878,-89.5006591,0.0798501043,0.00224843505,FollowWall,following_right_wall,0,14,42,0.42432335,1.18978251,1,1,1,0.241340339,1.19275703,1.19275703,1,0,0,0,0
45.85,1.63890427,-1.07245959,-89.4928923,0.0798501043,0.00224843505,FollowWall,following_right_wall,0,14,42,0.42432335,1.18978251,1,1,1,0.241340339,1.1887542,1.1887542,1,0,0,0,0
45.9,1.63893985,-1.07645103,-89.4856777,0.0799035531,0.00144670279,FollowWall,following_right_wall,0,14,42,0.424665898,1.18160138,1,1,1,0.241673321,1.18475159,1.18475159,1,0,0,0,0
45.95,1.6389759,-1.08044397,-89.4797424,0.0799035531,0.00144670279,FollowWall,following_right_wall,0,14,42,0.424665898,1.18160138,1,1,1,0.241673321,1.18074947,1.18074947,1,0,0,0,0
46,1.63901235,-1.08443776,-89.4745532,0.0799056042,0.0014159374,FollowWall,following_right_wall,0,14,42,0.4250018,1.1734449,1,1,1,0.241505653,1.17674765,1.17674765,1,0,0,0,0
46.05,1.63904914,-1.0884321,-89.469836,0.0799056042,0.0014159374,FollowWall,following_right_wall,0,14,42,0.4250018,1.1734449,1,1,1,0.241505653,1.17274601,1.17274601,1,0,0,0,0
46.1,1.63908626,-1.09242676,-89.4653942,0.0799665986,0.000501021267,FollowWall,following_right_wall,0,14,42,0.42534861,1.16531474,1,1,1,0.241882741,1.16874448,1.16874448,1,0,0,0,0
46.15,1.63912366,-1.09642288,-89.4622051,0.0799665986,0.000501021267,FollowWall,following_right_wall,0,14,42,0.42534861,1.16531474,1,1,1,0.241882741,1.16474343,1.16474343,1,0,0,0,0
46.2,1.63916127,-1.10041984,-89.4597467,0.0799879259,-0.00018111131,FollowWall,following_right_wall,0,14,42,0.425689191,1.15721136,1,1,1,0.242103606,1.16074266,1.16074266,1,0,0,0,0
46.25,1.63919901,-1.10441774,-89.4585289,0.0799879259,-0.00018111131,FollowWall,following_right_wall,0,14,42,0.425689191,1.15721136,1,1,1,0.242103606,1.15674288,1.15674288,1,0,0,0,0
46.3,1.63923681,-1.10841619,-89.4580346,0.0799367187,-0.000949218811,FollowWall,following_right_wall,0,14,42,0.426017046,1.14913679,1,1,1,0.2423812,1.15274366,1.15274366,1,0,0,0,0
46.35,1.6392746,-1.11241389,-89.4588794,0.0799367187,-0.000949218811,FollowWall,following_right_wall,0,14,42,0.426017046,1.14913679,1,1,1,0.2423812,1.14874727,1.14874727,1,0,0,0,0
46.4,1.63931229,-1.11641116,-89.4605052,0.0798907837,-0.00163824459,FollowWall,following_right_wall,0,14,42,0.426327109,1.1410964,1,1,1,0.242614001,1.14475251,1.14475251,1,0,0,0,0
46.45,1.63934982,-1.12040722,-89.4634091,0.0798907837,-0.00163824459,FollowWall,following_right_wall,0,14,42,0.426327109,1.1410964,1,1,1,0.242614001,1.14076095,1.14076095,1,0,0,0,0
46.5,1.63938711,-1.12440257,-89.4670585,0.079843332,-0.00235002056,FollowWall,following_right_wall,0,14,42,0.426617771,1.13309256,1,1,1,0.242868379,1.13677124,1.13677124,1,0,0,0,0
46.55,1.63942409,-1.12839653,-89.4719925,0.079843332,-0.00235002056,FollowWall,following_right_wall,0,14,42,0.426617771,1.13309256,1,1,1,0.242868379,1.13278492,1.13278492,1,0,0,0,0
46.6,1.63946069,-1.13238967,-89.4776758,0.0798327925,-0.00250811231,FollowWall,following_right_wall,0,14,42,0.426886469,1.1251261,1,1,1,0.242775261,1.12880057,1.12880057,1,0,0,0,0
46.65,1.63949687,-1.13638212,-89.4839849,0.0798327925,-0.00250811231,FollowWall,following_right_wall,0,14,42,0.426886469,1.1251261,1,1,1,0.242775261,1.12481788,1.12481788,1,0,0,0,0
46.7,1.63953259,-1.14037417,-89.490659,0.0798028027,-0.00295795883,FollowWall,following_right_wall,0,14,42,0.427147985,1.11719381,1,1,1,0.242504209,1.12083616,1.12083616,1,0,0,0,0
46.75,1.63956781,-1.14436536,-89.4980831,0.0798028027,-0.00295795883,FollowWall,following_right_wall,0,14,42,0.427147985,1.11719381,1,1,1,0.242504209,1.11685646,1.11685646,1,0,0,0,0
46.8,1.6396025,-1.14835606,-89.5059446,0.079771415,-0.00342877442,FollowWall,following_right_wall,0,14,42,0.4274005,1.10929522,1,1,1,0.242235929,1.11287793,1.11287793,1,0,0,0,0
46.85,1.6396366,-1.15234581,-89.5146233,0.079771415,-0.00342877442,FollowWall,following_right_wall,0,14,42,0.4274005,1.10929522,1,1,1,0.242235929,1.10890161,1.10890161,1,0,0,0,0
46.9,1.63967008,-1.15633501,-89.5237786,0.0797075778,-0.00438633357,FollowWall,following_right_wall,0,14,42,0.427638799,1.10143056,1,1,1,0.242319509,1.10492657,1.10492657,1,0,0,0,0
46.95,1.63970285,-1.16032257,-89.534355,0.0797075778,-0.00438633357,FollowWall,following_right_wall,0,14,42,0.427638799,1.10143056,1,1,1,0.242319509,1.10095539,1.10095539,1,0,0,0,0
47,1.63973486,-1.16430917,-89.5457604,0.0796675643,-0.00498653503,FollowWall,following_right_wall,0,14,42,0.42784363,1.09360197,1,1,1,0.242676497,1.09698644,1.09698644,1,0,0,0,0
47.05,1.63976601,-1.16829438,-89.5583658,0.0796675643,-0.00498653503,FollowWall,following_right_wall,0,14,42,0.42784363,1.09360197,1,1,1,0.242676497,1.09302075,1.09302075,1,0,0,0,0
47.1,1.63979626,-1.17227878,-89.5716712,0.0797047997,-0.00442800401,FollowWall,following_right_wall,0,14,42,0.42801404,1.0856882,1,1,1,0.24243547,1.08905694,1.08905694,1,0,0,0,0
47.15,1.6398256,-1.17626349,-89.5847182,0.0797047997,-0.00442800401,FollowWall,following_right_wall,0,14,42,0.42801404,1.0856882,1,1,1,0.24243547,1.08509244,1.08509244,1,0,0,0,0
47.2,1.63985403,-1.18024839,-89.5976145,0.0797039341,-0.0044409892,FollowWall,following_right_wall,0,14,42,0.428186953,1.07758646,1,1,1,0.242609888,1.08112751,1.08112751,1,0,0,0,0
47.25,1.63988158,-1.18423337,-89.6104383,0.0797039341,-0.0044409892,FollowWall,following_right_wall,0,14,42,0.428186953,1.07758646,1,1,1,0.242609888,1.07716239,1.07716239,1,0,0,0,0
47.3,1.63990823,-1.18821841,-89.62322,0.0797281502,-0.00407774721,FollowWall,following_right_wall,0,14,42,0.42836386,1.06950917,1,1,1,0.242589489,1.07319715,1.07319715,1,0,0,0,0
47.35,1.63993401,-1.19220399,-89.6355434,0.0797281502,-0.00407774721,FollowWall,following_right_wall,0,14,42,0.42836386,1.06950917,1,1,1,0.242589489,1.06923066,1.06923066,1,0,0,0,0
47.4,1.63995894,-1.19618988,-89.6475995,0.0797425733,-0.00386139984,FollowWall,following_right_wall,0,14,42,0.428551435,1.06145493,1,1,1,0.242698103,1.06526344,1.06526344,1,0,0,0,0
47.45,1.63998306,-1.20017626,-89.6592414,0.0797425733,-0.00386139984,FollowWall,following_right_wall,0,14,42,0.428551435,1.06145493,1,1,1,0.242698103,1.0612951,1.0612951,1,0,0,0,0
47.5,1.64000637,-1.20416293,-89.6706418,0.0797801601,-0.00329759848,FollowWall,following_right_wall,0,14,42,0.428748518,1.05342444,1,1,1,0.242617756,1.0573261,1.0573261,1,0,0,0,0
47.55,1.64002892,-1.20815055,-89.6812282,0.0797801601,-0.00329759848,FollowWall,following_right_wall,0,14,42,0.428748518,1.05342444,1,1,1,0.242617756,1.05335488,1.05335488,1,0,0,0,0
47.6,1.64005076,-1.21213872,-89.6913398,0.0798100149,-0.00284977706,FollowWall,following_right_wall,0,14,42,0.428963214,1.0454158,1,1,1,0.242632151,1.04938238,1.04938238,1,0,0,0,0
47.65,1.64007193,-1.21612784,-89.7006399,0.0798100149,-0.00284977706,FollowWall,following_right_wall,0,14,42,0.428963214,1.0454158,1,1,1,0.242632151,1.04540767,1.04540767,1,0,0,0,0
47.7,1.64009247,-1.22011752,-89.7094667,0.0798498329,-0.00225250631,FollowWall,following_right_wall,0,14,42,0.429195762,1.03742901,1,1,1,0.242567688,1.04143167,1.04143167,1,0,0,0,0
47.75,1.64011243,-1.22410835,-89.7173043,0.0798498329,-0.00225250631,FollowWall,following_right_wall,0,14,42,0.429195762,1.03742901,1,1,1,0.242567688,1.03745299,1.03745299,1,0,0,0,0
47.8,1.64013187,-1.22809986,-89.724565,0.0798567468,-0.00214879801,FollowWall,following_right_wall,0,14,42,0.429448813,1.029463,1,1,1,0.242831677,1.03347274,1.03347274,1,0,0,0,0
47.85,1.64015082,-1.2320919,-89.7313654,0.0798567468,-0.00214879801,FollowWall,following_right_wall,0,14,42,0.429448813,1.029463,1,1,1,0.242831677,1.02949124,1.02949124,1,0,0,0,0
47.9,1.64016932,-1.23608426,-89.7378972,0.0798815155,-0.00177726787,FollowWall,following_right_wall,0,14,42,0.429707676,1.02152169,1,1,1,0.242950499,1.02550901,1.02550901,1,0,0,0,0
47.95,1.64018738,-1.24007731,-89.7438289,0.0798815155,-0.00177726787,FollowWall,following_right_wall,0,14,42,0.429707676,1.02152169,1,1,1,0.242950499,1.02152515,1.02152515,1,0,0,0,0
48,1.64020504,-1.24407078,-89.7494105,0.0799254121,-0.00111881882,FollowWall,following_right_wall,0,14,42,0.429970801,1.01360485,1,1,1,0.242909268,1.01754033,1.01754033,1,0,0,0,0
48.05,1.64022235,-1.2480654,-89.7540019,0.0799254121,-0.00111881882,FollowWall,following_right_wall,0,14,42,0.429970801,1.01360485,1,1,1,0.242909268,1.01355283,1.01355283,1,0,0,0,0
48.1,1.64023936,-1.25206069,-89.7580157,0.0799316444,-0.00102533326,FollowWall,following_right_wall,0,14,42,0.430247337,1.00570902,1,1,1,0.243242145,1.00956376,1.00956376,1,0,0,0,0
48.15,1.64025611,-1.25605651,-89.761581,0.0799316444,-0.00102533326,FollowWall,following_right_wall,0,14,42,0.430247337,1.00570902,1,1,1,0.243242145,1.00557347,1.00557347,1,0,0,0,0
48.2,1.64027263,-1.26005263,-89.7648847,0.0799532005,-0.00070199251,FollowWall,following_right_wall,0,14,42,0.430523723,0.997837184,1,1,1,0.243449673,1.00158248,1.00158248,1,0,0,0,0
48.25,1.64028893,-1.26404938,-89.7676498,0.0799532005,-0.00070199251,FollowWall,following_right_wall,0,14,42,0.430523723,0.997837184,1,1,1,0.243449673,0.997590013,0.997590013,1,0,0,0,0
48.3,1.64030505,-1.2680465,-89.7701007,0.0799728232,-0.000407652373,FollowWall,following_right_wall,0,14,42,0.430797368,0.989881983,1,1,1,0.243698195,0.993596698,0.993596698,1,0,0,0,0
48.35,1.64032103,-1.27204423,-89.772017,0.0799728232,-0.000407652373,FollowWall,following_right_wall,0,14,42,0.430797368,0.989881983,1,1,1,0.243698195,0.989601931,0.989601931,1,0,0,0,0
48.4,1.64033688,-1.27604234,-89.7736214,0.0799925642,0.000111537286,FollowWall,following_right_wall,0,14,42,0.43106705,0.981836479,1,1,1,0.243780434,0.985606317,0.985606317,1,0,0,0,0
48.45,1.64035265,-1.28004106,-89.7744242,0.0799925642,0.000111537286,FollowWall,following_right_wall,0,14,42,0.43106705,0.981836479,1,1,1,0.243780434,0.981608837,0.981608837,1,0,0,0,0
48.5,1.64036839,-1.28404015,-89.7747593,0.0799909979,-0.00013503123,FollowWall,following_right_wall,0,14,42,0.431338251,0.973817182,1,1,1,0.243967235,0.977610269,0.977610269,1,0,0,0,0
48.55,1.6403841,-1.28803942,-89.775116,0.0799909979,-0.00013503123,FollowWall,following_right_wall,0,14,42,0.431338251,0.973817182,1,1,1,0.243967235,0.973611554,0.973611554,1,0,0,0,0
48.6,1.64039978,-1.29203879,-89.7754853,0.0799980252,2.96222139e-05,FollowWall,following_right_wall,0,14,42,0.431589872,0.965826833,1,1,1,0.243883252,0.969612754,0.969612754,1,0,0,0,0
48.65,1.64041545,-1.29603837,-89.7756653,0.0799980252,2.96222139e-05,FollowWall,following_right_wall,0,14,42,0.431589872,0.965826833,1,1,1,0.243883252,0.965613453,0.965613453,1,0,0,0,0
48.7,1.6404311,-1.30003807,-89.775735,0.0799434088,0.000848868089,FollowWall,following_right_wall,0,14,42,0.431821048,0.95786555,1,1,1,0.243569344,0.96161386,0.96161386,1,0,0,0,0
48.75,1.64044679,-1.30403671,-89.7747623,0.0799434088,0.000848868089,FollowWall,following_right_wall,0,14,42,0.431821048,0.95786555,1,1,1,0.243569344,0.957613717,0.957613717,1,0,0,0,0
48.8,1.64046256,-1.30803472,-89.7731817,0.0798767584,0.0018486247,FollowWall,following_right_wall,0,14,42,0.432054073,0.949934883,1,1,1,0.243255213,0.953613255,0.953613255,1,0,0,0,0
48.85,1.64047849,-1.31203098,-89.770053,0.0798767584,0.0018486247,FollowWall,following_right_wall,0,14,42,0.432054073,0.949934883,1,1,1,0.243255213,0.949612145,0.949612145,1,0,0,0,0
48.9,1.64049467,-1.31602621,-89.7660214,0.0798610718,0.00208392227,FollowWall,following_right_wall,0,14,42,0.432306886,0.942035784,1,1,1,0.243333042,0.945610658,0.945610658,1,0,0,0,0
48.95,1.64051115,-1.32002052,-89.761182,0.0798610718,0.00208392227,FollowWall,following_right_wall,0,14,42,0.432306886,0.942035784,1,1,1,0.243333042,0.941608842,0.941608842,1,0,0,0,0
49,1.64052798,-1.32401429,-89.7558716,0.0798278752,0.00258187229,FollowWall,following_right_wall,0,14,42,0.432563454,0.934166704,1,1,1,0.243154019,0.937606837,0.937606837,1,0,0,0,0
49.05,1.64054521,-1.32800706,-89.749692,0.0798278752,0.00258187229,FollowWall,following_right_wall,0,14,42,0.432563454,0.934166704,1,1,1,0.243154019,0.933604491,0.933604491,1,0,0,0,0
49.1,1.64056288,-1.33199923,-89.7430053,0.0798072256,0.00289161571,FollowWall,following_right_wall,0,14,42,0.432821125,0.926181596,1,1,1,0.243014351,0.929601948,0.929601948,1,0,0,0,0
49.15,1.64058104,-1.33599064,-89.7356531,0.0798072256,0.00289161571,FollowWall,following_right_wall,0,14,42,0.432821125,0.926181596,1,1,1,0.243014351,0.925599148,0.925599148,1,0,0,0,0
49.2,1.64059972,-1.33998158,-89.7279128,0.0798062396,0.00290640623,FollowWall,following_right_wall,0,14,42,0.433075249,0.918190297,1,1,1,0.24298948,0.921596201,0.921596201,1,0,0,0,0
49.25,1.64061895,-1.34397225,-89.7199283,0.0798062396,0.00290640623,FollowWall,following_right_wall,0,14,42,0.433075249,0.918190297,1,1,1,0.24298948,0.917593161,0.917593161,1,0,0,0,0
49.3,1.64063874,-1.34796274,-89.7118014,0.0798483407,0.00227488974,FollowWall,following_right_wall,0,14,42,0.433313936,0.910038054,1,1,1,0.243324667,0.91359007,0.91359007,1,0,0,0,0
49.35,1.64065908,-1.35195401,-89.7043452,0.0798483407,0.00227488974,FollowWall,following_right_wall,0,14,42,0.433313936,0.910038054,1,1,1,0.243324667,0.909587241,0.909587241,1,0,0,0,0
49.4,1.64067992,-1.35594574,-89.6972804,0.079857083,0.00214375548,FollowWall,following_right_wall,0,14,42,0.43351081,0.901913389,1,1,1,0.243307024,0.905584567,0.905584567,1,0,0,0,0
49.45,1.64070125,-1.35993791,-89.6906003,0.079857083,0.00214375548,FollowWall,following_right_wall,0,14,42,0.43351081,0.901913389,1,1,1,0.243307024,0.901582044,0.901582044,1,0,0,0,0
49.5,1.64072303,-1.36393034,-89.6841447,0.0798581882,0.0021271777,FollowWall,following_right_wall,0,14,42,0.43366766,0.893817194,1,1,1,0.243185103,0.89757961,0.89757961,1,0,0,0,0
49.55,1.64074526,-1.36792294,-89.6778397,0.0798581882,0.0021271777,FollowWall,following_right_wall,0,14,42,0.43366766,0.893817194,1,1,1,0.243185103,0.893577238,0.893577238,1,0,0,0,0
49.6,1.64076793,-1.37191564,-89.6716227,0.0798891438,0.0016628428,FollowWall,following_right_wall,0,14,42,0.433792382,0.885750184,1,1,1,0.243314698,0.889574903,0.889574903,1,0,0,0,0
49.65,1.64079101,-1.37590905,-89.6660113,0.0798891438,0.0016628428,FollowWall,following_right_wall,0,14,42,0.433792382,0.885750184,1,1,1,0.243314698,0.885572804,0.885572804,1,0,0,0,0
49.7,1.64081447,-1.37990286,-89.6607531,0.0799389038,0.000916442755,FollowWall,following_right_wall,0,14,42,0.433874816,0.877712832,1,1,1,0.243601933,0.881570844,0.881570844,1,0,0,0,0
49.75,1.64083827,-1.38389795,-89.6565918,0.0799389038,0.000916442755,FollowWall,following_right_wall,0,14,42,0.433874816,0.877712832,1,1,1,0.243601933,0.877569309,0.877569309,1,0,0,0,0
49.8,1.64086235,-1.38789378,-89.6530705,0.0799428945,0.000856581842,FollowWall,following_right_wall,0,14,42,0.433899552,0.869705318,1,1,1,0.243438005,0.873568023,0.873568023,1,0,0,0,0
49.85,1.64088665,-1.39189012,-89.649994,0.0799428945,0.000856581842,FollowWall,following_right_wall,0,14,42,0.433899552,0.869705318,1,1,1,0.243438005,0.869566911,0.869566911,1,0,0,0,0
49.9,1.64091117,-1.39588677,-89.6471769,0.0799989444,-1.58347272e-05,FollowWall,following_right_wall,0,14,42,0.433881044,0.861727701,1,1,1,0.243779823,0.865565899,0.865565899,1,0,0,0,0
49.95,1.64093584,-1.39988476,-89.6455524,0.0799989444,-1.58347272e-05,FollowWall,following_right_wall,0,14,42,0.433881044,0.861727701,1,1,1,0.243779823,0.861565393,0.861565393,1,0,0,0,0
50,1.64096061,-1.40388353,-89.6446237,0.0799355132,-0.000967302469,FollowWall,following_right_wall,0,14,42,0.433804125,0.853779922,1,1,1,0.244172275,0.857565181,0.857565181,1,0,0,0,0
50.05,1.64098539,-1.40788144,-89.6452366,0.0799355132,-0.000967302469,FollowWall,following_right_wall,0,14,42,0.433804125,0.853779922,1,1,1,0.244172275,0.853568222,0.853568222,1,0,0,0,0
50.1,1.64101009,-1.41187885,-89.6467488,0.0798738107,-0.0018928402,FollowWall,following_right_wall,0,14,42,0.433655649,0.845868102,1,1,1,0.244567126,0.849573159,0.849573159,1,0,0,0,0
50.15,1.64103461,-1.41587467,-89.6498903,0.0798738107,-0.0018928402,FollowWall,following_right_wall,0,14,42,0.433655649,0.845868102,1,1,1,0.244567126,0.8455822,0.8455822,1,0,0,0,0
50.2,1.64105888,-1.41986958,-89.6539823,0.0798494184,-0.0022587247,FollowWall,following_right_wall,0,14,42,0.433431745,0.837995095,1,1,1,0.244626239,0.841593632,0.841593632,1,0,0,0,0
50.25,1.64108282,-1.42386344,-89.6590654,0.0798494184,-0.0022587247,FollowWall,following_right_wall,0,14,42,0.433431745,0.837995095,1,1,1,0.244626239,0.837607645,0.837607645,1,0,0,0,0
50.3,1.64110639,-1.4278567,-89.6647267,0.0798421108,-0.00236833795,FollowWall,following_right_wall,0,14,42,0.433149278,0.830105304,1,1,1,0.244526908,0.833623161,0.833623161,1,0,0,0,0
50.35,1.64112954,-1.43184945,-89.6708561,0.0798421108,-0.00236833795,FollowWall,following_right_wall,0,14,42,0.433149278,0.830105304,1,1,1,0.244526908,0.829639909,0.829639909,1,0,0,0,0
50.4,1.64115225,-1.4358419,-89.6772586,0.079817223,-0.0027416555,FollowWall,following_right_wall,0,14,42,0.432826996,0.822071734,1,1,1,0.24448207,0.825657374,0.825657374,1,0,0,0,0
50.45,1.64117449,-1.43983367,-89.684266,0.079817223,-0.0027416555,FollowWall,following_right_wall,0,14,42,0.432826996,0.822071734,1,1,1,0.24448207,0.821676466,0.821676466,1,0,0,0,0
50.5,1.64119623,-1.44382504,-89.6916263,0.079815482,-0.00276777042,FollowWall,following_right_wall,0,14,42,0.43246609,0.814070461,1,1,1,0.244361937,0.817696505,0.817696505,1,0,0,0,0
50.55,1.64121745,-1.44781614,-89.6992236,0.079815482,-0.00276777042,FollowWall,following_right_wall,0,14,42,0.43246609,0.814070461,1,1,1,0.244361937,0.813717182,0.813717182,1,0,0,0,0
50.6,1.64123813,-1.45180708,-89.7069591,0.0798300802,-0.00254879654,FollowWall,following_right_wall,0,14,42,0.432077229,0.806016839,1,1,1,0.244136885,0.809738229,0.809738229,1,0,0,0,0
50.65,1.64125828,-1.45579823,-89.7145139,0.0798300802,-0.00254879654,FollowWall,following_right_wall,0,14,42,0.432077229,0.806016839,1,1,1,0.244136885,0.805758782,0.805758782,1,0,0,0,0
50.7,1.64127791,-1.45978952,-89.7219632,0.0798529542,-0.00220568757,FollowWall,following_right_wall,0,14,42,0.431675643,0.797947506,1,1,1,0.243869528,0.801779046,0.801779046,1,0,0,0,0
50.75,1.64129704,-1.46378135,-89.7289415,0.0798529542,-0.00220568757,FollowWall,following_right_wall,0,14,42,0.431675643,0.797947506,1,1,1,0.243869528,0.797798029,0.797798029,1,0,0,0,0
50.8,1.64131569,-1.46777351,-89.7356451,0.079823693,-0.00264460458,FollowWall,following_right_wall,0,14,42,0.431273907,0.789902339,1,1,1,0.244133666,0.793816265,0.793816265,1,0,0,0,0
50.85,1.64133386,-1.47176524,-89.7427122,0.079823693,-0.00264460458,FollowWall,following_right_wall,0,14,42,0.431273907,0.789902339,1,1,1,0.244133666,0.789835486,0.789835486,1,0,0,0,0
50.9,1.64135153,-1.47575673,-89.7499915,0.0798275066,-0.00258740039,FollowWall,following_right_wall,0,14,42,0.430854678,0.781887674,1,1,1,0.2441324,0.785855281,0.785855281,1,0,0,0,0
50.95,1.64136869,-1.47974816,-89.7573262,0.0798275066,-0.00258740039,FollowWall,following_right_wall,0,14,42,0.430854678,0.781887674,1,1,1,0.2441324,0.781875224,0.781875224,1,0,0,0,0
51,1.64138534,-1.48373956,-89.7646933,0.0798653461,-0.00201980907,FollowWall,following_right_wall,0,14,42,0.430423379,0.773902978,1,1,1,0.243853435,0.777895254,0.777895254,1,0,0,0,0
51.05,1.6414015,-1.48773172,-89.7714017,0.0798653461,-0.00201980907,FollowWall,following_right_wall,0,14,42,0.430423379,0.773902978,1,1,1,0.243853435,0.773913495,0.773913495,1,0,0,0,0
51.1,1.64141721,-1.49172433,-89.7777259,0.0798534855,-0.00219771732,FollowWall,following_right_wall,0,14,42,0.430003077,0.76594304,1,1,1,0.244081974,0.769930692,0.769930692,1,0,0,0,0
51.15,1.64143248,-1.49571695,-89.7840384,0.0798534855,-0.00219771732,FollowWall,following_right_wall,0,14,42,0.430003077,0.76594304,1,1,1,0.244081974,0.765947855,0.765947855,1,0,0,0,0
51.2,1.64144731,-1.49970959,-89.790344,0.0798681843,-0.00197723563,FollowWall,following_right_wall,0,14,42,0.429584026,0.758011295,1,1,1,0.244096339,0.761964999,0.761964999,1,0,0,0,0
51.25,1.64146171,-1.50370254,-89.7963824,0.0798681843,-0.00197723563,FollowWall,following_right_wall,0,14,42,0.429584026,0.758011295,1,1,1,0.244096339,0.757981416,0.757981416,1,0,0,0,0
51.3,1.6414757,-1.50769567,-89.802265,0.0798575826,-0.00213626133,FollowWall,following_right_wall,0,14,42,0.429171771,0.750106795,1,1,1,0.244396612,0.753997409,0.753997409,1,0,0,0,0
51.35,1.64148927,-1.51168868,-89.8082464,0.0798575826,-0.00213626133,FollowWall,following_right_wall,0,14,42,0.429171771,0.750106795,1,1,1,0.244396612,0.75001367,0.75001367,1,0,0,0,0
51.4,1.64150242,-1.51568164,-89.8142856,0.0798682258,-0.00197661331,FollowWall,following_right_wall,0,14,42,0.428760976,0.742231316,1,1,1,0.244541854,0.746030086,0.746030086,1,0,0,0,0
51.45,1.64151516,-1.51967477,-89.8201678,0.0798682258,-0.00197661331,FollowWall,following_right_wall,0,14,42,0.428760976,0.742231316,1,1,1,0.244541854,0.742046075,0.742046075,1,0,0,0,0
51.5,1.64152749,-1.52366801,-89.8259586,0.0798911394,-0.00163290897,FollowWall,following_right_wall,0,14,42,0.428358674,0.734314229,1,1,1,0.24461244,0.738061815,0.738061815,1,0,0,0,0
51.55,1.64153944,-1.5276618,-89.8312856,0.0798911394,-0.00163290897,FollowWall,following_right_wall,0,14,42,0.428358674,0.734314229,1,1,1,0.24461244,0.734076295,0.734076295,1,0,0,0,0
51.6,1.64155102,-1.5316559,-89.8363422,0.0799396428,-0.000905357871,FollowWall,following_right_wall,0,14,42,0.427976966,0.726265444,1,1,1,0.244464204,0.730090041,0.730090041,1,0,0,0,0
51.65,1.64156229,-1.53565119,-89.8403726,0.0799396428,-0.000905357871,FollowWall,following_right_wall,0,14,42,0.427976966,0.726265444,1,1,1,0.244464204,0.726100999,0.726100999,1,0,0,0,0
51.7,1.64157331,-1.53964718,-89.8438043,0.0799427557,-0.000858664004,FollowWall,following_right_wall,0,14,42,0.427635074,0.718240218,1,1,1,0.244765535,0.722110332,0.722110332,1,0,0,0,0
51.75,1.6415841,-1.54364365,-89.8468311,0.0799427557,-0.000858664004,FollowWall,following_right_wall,0,14,42,0.427635074,0.718240218,1,1,1,0.244765535,0.718118564,0.718118564,1,0,0,0,0
51.8,1.64159468,-1.54764039,-89.8496217,0.0799982066,-2.690047e-05,FollowWall,following_right_wall,0,14,42,0.427323103,0.710241463,1,1,1,0.244578525,0.714126155,0.714126155,1,0,0,0,0
51.85,1.64160512,-1.55163844,-89.8512817,0.0799982066,-2.690047e-05,FollowWall,following_right_wall,0,14,42,0.427323103,0.710241463,1,1,1,0.244578525,0.710130676,0.710130676,1,0,0,0,0
51.9,1.64161546,-1.55563726,-89.8522821,0.0799436009,0.000845986921,FollowWall,following_right_wall,0,14,42,0.427058965,0.702266445,1,1,1,0.24436371,0.706133405,0.706133405,1,0,0,0,0
51.95,1.64162579,-1.5596354,-89.8518559,0.0799436009,0.000845986921,FollowWall,following_right_wall,0,14,42,0.427058965,0.702266445,1,1,1,0.24436371,0.702134611,0.702134611,1,0,0,0,0
52,1.64163617,-1.56363313,-89.8505974,0.0799333617,0.000999574995,FollowWall,following_right_wall,0,14,42,0.426857799,0.694318731,1,1,1,0.24459888,0.698134929,0.698134929,1,0,0,0,0
52.05,1.64164666,-1.56763041,-89.8486701,0.0799333617,0.000999574995,FollowWall,following_right_wall,0,14,42,0.426857799,0.694318731,1,1,1,0.24459888,0.694134657,0.694134657,1,0,0,0,0
52.1,1.6416573,-1.57162743,-89.8463527,0.0799354396,0.000968406171,FollowWall,following_right_wall,0,14,42,0.426704526,0.686400167,1,1,1,0.244958282,0.690134041,0.690134041,1,0,0,0,0
52.15,1.6416681,-1.57562434,-89.843845,0.0799354396,0.000968406171,FollowWall,following_right_wall,0,14,42,0.426704526,0.686400167,1,1,1,0.244958282,0.68613324,0.68613324,1,0,0,0,0
52.2,1.64167909,-1.57962119,-89.8412262,0.0799755847,0.000366229354,FollowWall,following_right_wall,0,14,42,0.426584423,0.678128643,1,1,1,0.245281264,0.682132331,0.682132331,1,0,0,0,0
52.25,1.64169023,-1.58361883,-89.8392614,0.0799755847,0.000366229354,FollowWall,following_right_wall,0,14,42,0.426584423,0.678128643,1,1,1,0.245281264,0.678131638,0.678131638,1,0,0,0,0
52.3,1.6417015,-1.58761694,-89.8376781,0.0799414442,0.000878336905,FollowWall,following_right_wall,0,14,42,0.426474214,0.670112486,1,1,1,0.244974017,0.674131071,0.674131071,1,0,0,0,0
52.35,1.6417129,-1.59161461,-89.8357061,0.0799414442,0.000878336905,FollowWall,following_right_wall,0,14,42,0.426474214,0.670112486,1,1,1,0.244974017,0.67013034,0.67013034,1,0,0,0,0
52.4,1.64172444,-1.59561203,-89.8335073,0.0799081363,0.00137795494,FollowWall,following_right_wall,0,14,42,0.426397294,0.662125679,1,1,1,0.244992703,0.666129515,0.666129515,1,0,0,0,0
52.45,1.64173615,-1.5996086,-89.8305799,0.0799081363,0.00137795494,FollowWall,following_right_wall,0,14,42,0.426397294,0.662125679,1,1,1,0.244992703,0.662128403,0.662128403,1,0,0,0,0
52.5,1.64174809,-1.60360467,-89.8272274,0.0798761127,0.00185830907,FollowWall,following_right_wall,0,14,42,0.426370233,0.654167161,1,1,1,0.244952247,0.658127124,0.658127124,1,0,0,0,0
52.55,1.64176028,-1.6075998,-89.8230536,0.0798761127,0.00185830907,FollowWall,following_right_wall,0,14,42,0.426370233,0.654167161,1,1,1,0.244952247,0.654125526,0.654125526,1,0,0,0,0
52.6,1.64177278,-1.61159436,-89.8184007,0.0798355073,0.0024673905,FollowWall,following_right_wall,0,14,42,0.426398963,0.646236344,1,1,1,0.244746342,0.650123743,0.650123743,1,0,0,0,0
52.65,1.64178563,-1.61558776,-89.8127412,0.0798355073,0.0024673905,FollowWall,following_right_wall,0,14,42,0.426398963,0.646236344,1,1,1,0.244746342,0.646121571,0.646121571,1,0,0,0,0
52.7,1.6417989,-1.61958047,-89.8064947,0.0798192725,0.00271091278,FollowWall,following_right_wall,0,14,42,0.426490366,0.63833246,1,1,1,0.244689748,0.642119172,0.642119172,1,0,0,0,0
52.75,1.64181262,-1.62357244,-89.7996149,0.0798192725,0.00271091278,FollowWall,following_right_wall,0,14,42,0.426490366,0.63833246,1,1,1,0.244689748,0.63811653,0.63811653,1,0,0,0,0
52.8,1.64182683,-1.62756398,-89.7923658,0.0798123503,0.00281474478,FollowWall,following_right_wall,0,14,42,0.426637083,0.630294883,1,1,1,0.244644046,0.634113747,0.634113747,1,0,0,0,0
52.85,1.64184156,-1.63155512,-89.7847773,0.0798123503,0.00281474478,FollowWall,following_right_wall,0,14,42,0.426637083,0.630294883,1,1,1,0.244644046,0.630110835,0.630110835,1,0,0,0,0
52.9,1.64185682,-1.63554603,-89.7769908,0.0797863595,0.00320460796,FollowWall,following_right_wall,0,14,42,0.426830024,0.622239353,1,1,1,0.24434115,0.626107849,0.626107849,1,0,0,0,0
52.95,1.64187265,-1.63953626,-89.7686235,0.0797863595,0.00320460796,FollowWall,following_right_wall,0,14,42,0.426830024,0.622239353,1,1,1,0.24434115,0.622104641,0.622104641,1,0,0,0,0
53,1.64188906,-1.6435261,-89.7599174,0.079783238,0.00325142952,FollowWall,following_right_wall,0,14,42,0.427074224,0.614213774,1,1,1,0.244187102,0.618101305,0.618101305,1,0,0,0,0
53.05,1.64190609,-1.64751564,-89.7509577,0.079783238,0.00325142952,FollowWall,following_right_wall,0,14,42,0.427074224,0.614213774,1,1,1,0.244187102,0.614097874,0.614097874,1,0,0,0,0
53.1,1.64192375,-1.651505,-89.7418501,0.0798389343,0.00241598506,FollowWall,following_right_wall,0,14,42,0.427362859,0.606218441,1,1,1,0.244544625,0.61009439,0.61009439,1,0,0,0,0
53.15,1.64194201,-1.65549542,-89.7336534,0.0798389343,0.00241598506,FollowWall,following_right_wall,0,14,42,0.427362859,0.606218441,1,1,1,0.244544625,0.606091262,0.606091262,1,0,0,0,0
53.2,1.64196083,-1.65948646,-89.7259882,0.0798864304,0.00170354361,FollowWall,following_right_wall,0,14,42,0.427663118,0.598253236,1,1,1,0.244796902,0.602088343,0.602088343,1,0,0,0,0
53.25,1.64198015,-1.66347884,-89.7194833,0.0798864304,0.00170354361,FollowWall,following_right_wall,0,14,42,0.427663118,0.598253236,1,1,1,0.244796902,0.598085875,0.598085875,1,0,0,0,0
53.3,1.64199991,-1.66747201,-89.7136554,0.0799174742,0.00123788711,FollowWall,following_right_wall,0,14,42,0.427960247,0.590317863,1,1,1,0.244881228,0.594083671,0.594083671,1,0,0,0,0
53.35,1.64202004,-1.67146629,-89.7087781,0.0799174742,0.00123788711,FollowWall,following_right_wall,0,14,42,0.427960247,0.590317863,1,1,1,0.244881228,0.590081837,0.590081837,1,0,0,0,0
53.4,1.64204049,-1.67546121,-89.7044554,0.0799538481,0.000692278938,FollowWall,following_right_wall,0,14,42,0.428256601,0.58241161,1,1,1,0.2450068,0.58608022,0.58608022,1,0,0,0,0
53.45,1.64206122,-1.67945726,-89.7011075,0.0799538481,0.000692278938,FollowWall,following_right_wall,0,14,42,0.428256601,0.58241161,1,1,1,0.2450068,0.58207898,0.58207898,1,0,0,0,0
53.5,1.64208217,-1.68345397,-89.6983282,0.0799952517,-7.12246051e-05,FollowWall,following_right_wall,0,14,42,0.428551018,0.574512122,1,1,1,0.245263666,0.578077961,0.578077961,1,0,0,0,0
53.55,1.64210327,-1.68745193,-89.696792,0.0799952517,-7.12246051e-05,FollowWall,following_right_wall,0,14,42,0.428551018,0.574512122,1,1,1,0.245263666,0.574077621,0.574077621,1,0,0,0,0
53.6,1.64212446,-1.69145061,-89.6959809,0.0799565083,-0.000652375725,FollowWall,following_right_wall,0,14,42,0.428834289,0.566445653,1,1,1,0.245400786,0.570077678,0.570077678,1,0,0,0,0
53.65,1.64214567,-1.69544892,-89.6962864,0.0799565083,-0.000652375725,FollowWall,following_right_wall,0,14,42,0.428834289,0.566445653,1,1,1,0.245400786,0.566079847,0.566079847,1,0,0,0,0
53.7,1.64216683,-1.699447,-89.6972434,0.0799150445,-0.00127433187,FollowWall,following_right_wall,0,14,42,0.429105699,0.558410795,1,1,1,0.245563596,0.562083248,0.562083248,1,0,0,0,0
53.75,1.64218788,-1.70344409,-89.6993227,0.0799150445,-0.00127433187,FollowWall,following_right_wall,0,14,42,0.429105699,0.558410795,1,1,1,0.245563596,0.558089382,0.558089382,1,0,0,0,0
53.8,1.64220875,-1.7074406,-89.7020568,0.079871544,-0.00192683954,FollowWall,following_right_wall,0,14,42,0.429363221,0.550410286,1,1,1,0.245746642,0.554097111,0.554097111,1,0,0,0,0
53.85,1.64222939,-1.71143586,-89.7059517,0.079871544,-0.00192683954,FollowWall,following_right_wall,0,14,42,0.429363221,0.550410286,1,1,1,0.245746642,0.550107881,0.550107881,1,0,0,0,0
53.9,1.64224974,-1.71543041,-89.7105237,0.079867896,-0.0019815603,FollowWall,following_right_wall,0,14,42,0.429603159,0.542427596,1,1,1,0.245441735,0.546120426,0.546120426,1,0,0,0,0
53.95,1.64226974,-1.71942445,-89.715556,0.079867896,-0.0019815603,FollowWall,following_right_wall,0,14,42,0.429603159,0.542427596,1,1,1,0.245441735,0.542134182,0.542134182,1,0,0,0,0
54,1.64228938,-1.7234182,-89.7208568,0.0798330931,-0.0025036036,FollowWall,following_right_wall,0,14,42,0.429841191,0.534355729,1,1,1,0.245138735,0.538148644,0.538148644,1,0,0,0,0
54.05,1.64230862,-1.72741106,-89.7269374,0.0798330931,-0.0025036036,FollowWall,following_right_wall,0,14,42,0.429841191,0.534355729,1,1,1,0.245138735,0.534165208,0.534165208,1,0,0,0,0
54.1,1.64232742,-1.73140341,-89.7334729,0.0797760363,-0.00335945604,FollowWall,following_right_wall,0,14,42,0.430070579,0.526317871,1,1,1,0.245086148,0.530182998,0.530182998,1,0,0,0,0
54.15,1.64234572,-1.73539426,-89.7412953,0.0797760363,-0.00335945604,FollowWall,following_right_wall,0,14,42,0.430070579,0.526317871,1,1,1,0.245086148,0.526204275,0.526204275,1,0,0,0,0
54.2,1.64236343,-1.73938424,-89.7498685,0.0797161026,-0.00425846067,FollowWall,following_right_wall,0,14,42,0.430273145,0.518318333,1,1,1,0.245358869,0.522227585,0.522227585,1,0,0,0,0
54.25,1.64238049,-1.74337247,-89.7599526,0.0797161026,-0.00425846067,FollowWall,following_right_wall,0,14,42,0.430273145,0.518318333,1,1,1,0.245358869,0.518254992,0.518254992,1,0,0,0,0
54.3,1.64239682,-1.74735967,-89.7709182,0.0797031861,-0.0044522092,FollowWall,following_right_wall,0,14,42,0.43043682,0.510359474,1,1,1,0.245499939,0.514284789,0.514284789,1,0,0,0,0
54.35,1.64241235,-1.75134602,-89.7826292,0.0797031861,-0.0044522092,FollowWall,following_right_wall,0,14,42,0.43043682,0.510359474,1,1,1,0.245499939,0.510316607,0.510316607,1,0,0,0,0
54.4,1.64242705,-1.75533186,-89.7947751,0.0797350325,-0.00397451177,FollowWall,following_right_wall,0,14,42,0.430577189,0.502436514,1,1,1,0.24529396,0.506349604,0.506349604,1,0,0,0,0
54.45,1.64244091,-1.75931807,-89.8066044,0.0797350325,-0.00397451177,FollowWall,following_right_wall,0,14,42,0.430577189,0.502436514,1,1,1,0.24529396,0.50238174,0.50238174,1,0,0,0,0
54.5,1.64245396,-1.7633045,-89.8182491,0.0797196341,-0.00420548843,FollowWall,following_right_wall,0,14,42,0.430724114,0.494541185,1,1,1,0.245592177,0.498413373,0.498413373,1,0,0,0,0
54.55,1.6424662,-1.76729073,-89.8300617,0.0797196341,-0.00420548843,FollowWall,following_right_wall,0,14,42,0.430724114,0.494541185,1,1,1,0.245592177,0.494445462,0.494445462,1,0,0,0,0
54.6,1.64247761,-1.77127686,-89.8419724,0.0797450932,-0.00382360184,FollowWall,following_right_wall,0,14,42,0.430868715,0.486674906,1,1,1,0.245548248,0.490477815,0.490477815,1,0,0,0,0
54.65,1.6424882,-1.77526345,-89.8534843,0.0797450932,-0.00382360184,FollowWall,following_right_wall,0,14,42,0.430868715,0.486674906,1,1,1,0.245548248,0.486509086,0.486509086,1,0,0,0,0
54.7,1.642498,-1.77925031,-89.8647637,0.0797844355,-0.00323346734,FollowWall,following_right_wall,0,14,42,0.431020498,0.478831998,1,1,1,0.245408505,0.482539725,0.482539725,1,0,0,0,0
54.75,1.64250705,-1.78323816,-89.8752031,0.0797844355,-0.00323346734,FollowWall,following_right_wall,0,14,42,0.431020498,0.478831998,1,1,1,0.245408505,0.478568082,0.478568082,1,0,0,0,0
54.8,1.64251539,-1.78722657,-89.8851523,0.0798283243,-0.00257513582,FollowWall,following_right_wall,0,14,42,0.43119213,0.470785831,1,1,1,0.245243832,0.474595108,0.474595108,1,0,0,0,0
54.85,1.64252308,-1.79121623,-89.8940299,0.0798283243,-0.00257513582,FollowWall,following_right_wall,0,14,42,0.43119213,0.470785831,1,1,1,0.245243832,0.470619223,0.470619223,1,0,0,0,0
54.9,1.64253018,-1.79520663,-89.9022823,0.0798652097,-0.0020218541,FollowWall,following_right_wall,0,14,42,0.431390285,0.462761989,1,1,1,0.24515529,0.466641641,0.466641641,1,0,0,0,0
54.95,1.64253673,-1.79919821,-89.9095097,0.0798652097,-0.0020218541,FollowWall,following_right_wall,0,14,42,0.431390285,0.462761989,1,1,1,0.24515529,0.462661274,0.462661274,1,0,0,0,0
55,1.64254281,-1.80319049,-89.916139,0.0798912514,-0.00163122975,FollowWall,following_right_wall,0,14,42,0.431613266,0.454760948,1,1,1,0.245180205,0.458679283,0.458679283,1,0,0,0,0
55.05,1.64254845,-1.80718372,-89.9219533,0.0798912514,-0.00163122975,FollowWall,following_right_wall,0,14,42,0.431613266,0.454760948,1,1,1,0.245180205,0.454695079,0.454695079,1,0,0,0,0
55.1,1.6425537,-1.81117751,-89.9272921,0.0798867987,-0.00169801933,FollowWall,following_right_wall,0,14,42,0.431853354,0.446784251,1,1,1,0.24551852,0.450709582,0.450709582,1,0,0,0,0
55.15,1.64255859,-1.81517152,-89.9324332,0.0798867987,-0.00169801933,FollowWall,following_right_wall,0,14,42,0.431853354,0.446784251,1,1,1,0.24551852,0.446723549,0.446723549,1,0,0,0,0
55.2,1.64256313,-1.81916567,-89.9374591,0.0799302716,-0.00104592599,FollowWall,following_right_wall,0,14,42,0.432091117,0.438835343,1,1,1,0.245426014,0.442737203,0.442737203,1,0,0,0,0
55.25,1.64256734,-1.82316081,-89.9416393,0.0799302716,-0.00104592599,FollowWall,following_right_wall,0,14,42,0.432091117,0.438835343,1,1,1,0.245426014,0.438748559,0.438748559,1,0,0,0,0
55.3,1.64257128,-1.82715651,-89.9453263,0.0799715519,-0.000426721559,FollowWall,following_right_wall,0,14,42,0.432337731,0.430911492,1,1,1,0.24537304,0.434758576,0.434758576,1,0,0,0,0
55.35,1.642575,-1.83115342,-89.9479864,0.0799715519,-0.000426721559,FollowWall,following_right_wall,0,14,42,0.432337731,0.430911492,1,1,1,0.24537304,0.430765803,0.430765803,1,0,0,0,0
55.4,1.64257856,-1.83515102,-89.9500474,0.0799718825,-0.00042176315,FollowWall,following_right_wall,0,14,42,0.432599992,0.422874452,1,1,1,0.245726928,0.426771403,0.426771403,1,0,0,0,0
55.45,1.64258199,-1.83914903,-89.9517532,0.0799718825,-0.00042176315,FollowWall,following_right_wall,0,14,42,0.432599992,0.422874452,1,1,1,0.245726928,0.422776038,0.422776038,1,0,0,0,0
55.5,1.6425853,-1.84314729,-89.9532516,0.0799826751,-0.000259874212,FollowWall,following_right_wall,0,14,42,0.432859808,0.414849835,1,1,1,0.246004254,0.41878011,0.41878011,1,0,0,0,0
55.55,1.64258852,-1.84714591,-89.9544359,0.0799826751,-0.000259874212,FollowWall,following_right_wall,0,14,42,0.432859808,0.414849835,1,1,1,0.246004254,0.414783328,0.414783328,1,0,0,0,0
55.6,1.64259167,-1.85114474,-89.955437,0.0799803064,0.000295404622,FollowWall,following_right_wall,0,14,42,0.433110267,0.406852071,1,1,1,0.246053696,0.410786048,0.410786048,1,0,0,0,0
55.65,1.64259477,-1.85514365,-89.9556683,0.0799803064,0.000295404622,FollowWall,following_right_wall,0,14,42,0.433110267,0.406852071,1,1,1,0.246053696,0.406787499,0.406787499,1,0,0,0,0
55.7,1.64259787,-1.8591426,-89.9554506,0.0799772574,0.000341139569,FollowWall,following_right_wall,0,14,42,0.433361351,0.398857705,1,1,1,0.246230513,0.402788208,0.402788208,1,0,0,0,0
55.75,1.642601,-1.86314152,-89.9549165,0.0799772574,0.000341139569,FollowWall,following_right_wall,0,14,42,0.433361351,0.398857705,1,1,1,0.246230513,0.398788463,0.398788463,1,1,0,0,0
55.8,1.64260417,-1.86714041,-89.9541977,0.0799935834,9.62493831e-05,FollowWall,following_right_wall,0,14,42,0.433602571,0.390848891,1,1,1,0.246379659,0.394788455,0.394788455,1,1,0,0,0
55.85,1.64260739,-1.87113963,-89.9536635,0.0799935834,9.62493831e-05,FollowWall,following_right_wall,0,14,42,0.433602571,0.390848891,1,1,1,0.246379659,0.390788405,0.390788405,1,1,0,0,0
55.9,1.64261064,-1.87513904,-89.953237,0.0799778721,0.000331918046,FollowWall,following_right_wall,0,14,42,0.43381682,0.382869531,1,1,1,0.24621971,0.386788332,0.386788332,1,1,0,0,0
55.95,1.64261392,-1.87913824,-89.952592,0.0799778721,0.000331918046,FollowWall,following_right_wall,0,14,42,0.43381682,0.382869531,1,1,1,0.24621971,0.382788136,0.382788136,1,1,0,0,0
56,1.64261726,-1.8831373,-89.9518195,0.0799079664,0.00138050402,FollowWall,following_right_wall,0,14,42,0.434010088,0.374920459,1,1,1,0.245878682,0.378787868,0.378787868,1,1,0,0,0
56.05,1.64262069,-1.88713484,-89.9497211,0.0799079664,0.00138050402,FollowWall,following_right_wall,0,14,42,0.434010088,0.374920459,1,1,1,0.245878682,0.374787071,0.374787071,1,1,0,0,0
56.1,1.6426243,-1.89113149,-89.9468491,0.0798458182,0.0023127275,FollowWall,following_right_wall,0,14,42,0.434212536,0.366910164,1,1,1,0.245549113,0.370785966,0.370785966,1,1,0,0,0
56.15,1.64262816,-1.89512632,-89.9424132,0.0798458182,0.0023127275,FollowWall,following_right_wall,0,14,42,0.434212536,0.366910164,1,1,1,0.245549113,0.366784247,0.366784247,1,1,0,0,0
56.2,1.64263236,-1.89912009,-89.937065,0.0798140191,0.00278971336,FollowWall,following_right_wall,0,14,42,0.429235727,0.358867596,1,1,1,0.245407954,0.362782172,0.362782172,1,1,0,0,0
56.25,1.64263697,-1.90311258,-89.9306152,0.0798140191,0.00278971336,FollowWall,following_right_wall,0,14,42,0.429235727,0.358867596,1,1,1,0.245407954,0.358779668,0.358779668,1,1,0,0,0
56.3,1.64264205,-1.90710432,-89.9235228,0.0798158775,0.00276183734,FollowWall,following_right_wall,0,14,42,0.421219528,0.350856017,1,1,1,0.245501623,0.354776914,0.354776914,1,1,0,0,0
56.35,1.64264764,-1.91109567,-89.9160889,0.0798158775,0.00276183734,FollowWall,following_right_wall,0,14,42,0.421219528,0.350856017,1,1,1,0.245501623,0.350774028,0.350774028,1,1,0,0,0
56.4,1.64265375,-1.91508678,-89.9084558,0.0797983112,0.00302533152,FollowWall,following_right_wall,0,14,42,0.413235426,0.342875133,1,1,1,0.245335445,0.346771065,0.346771065,1,1,0,0,0
56.45,1.64266041,-1.9190774,-89.9003919,0.0797983112,0.00302533152,FollowWall,following_right_wall,0,14,42,0.413235426,0.342875133,1,1,1,0.245335445,0.342767937,0.342767937,1,1,0,0,0
56.5,1.64266763,-1.92306771,-89.8920768,0.0797939878,0.00309018319,FollowWall,following_right_wall,0,14,42,0.405283064,0.334924823,1,1,1,0.245234281,0.338764712,0.338764712,1,1,0,0,0
56.55,1.64267545,-1.92705777,-89.8835376,0.0797939878,0.00309018319,FollowWall,following_right_wall,0,14,42,0.405283064,0.334924823,1,1,1,0.245234281,0.334761403,0.334761403,1,1,0,0,0
56.6,1.64268386,-1.93104767,-89.8748678,0.0798369141,0.00244628885,FollowWall,following_right_wall,0,14,42,0.397361457,0.326926574,1,1,1,0.245540217,0.330758044,0.330758044,1,1,0,0,0
56.65,1.64269285,-1.93503838,-89.8668904,0.0798369141,0.00244628885,FollowWall,following_right_wall,0,14,42,0.397361457,0.326926574,1,1,1,0.245540217,0.326754957,0.326754957,1,1,0,0,0
56.7,1.64270239,-1.93902956,-89.8593168,0.0798320627,0.00251905929,FollowWall,following_right_wall,0,14,42,0.389466584,0.318875352,1,1,1,0.24534826,0.322752028,0.322752028,1,1,0,0,0
56.75,1.64271245,-1.94302091,-89.851892,0.0798320627,0.00251905929,FollowWall,following_right_wall,0,14,42,0.389466584,0.318875352,1,1,1,0.24534826,0.318749159,0.318749159,1,1,0,0,0
56.8,1.64272302,-1.94701235,-89.844554,0.0798384231,0.00242365404,FollowWall,following_right_wall,0,14,42,0.381599039,0.310854456,1,1,1,0.24522911,0.314746326,0.314746326,1,1,0,0,0
56.85,1.6427341,-1.95100399,-89.8373804,0.0798384231,0.00242365404,FollowWall,following_right_wall,0,14,42,0.381599039,0.310854456,1,1,1,0.24522911,0.310743558,0.310743558,1,1,0,0,0
56.9,1.64274568,-1.95499574,-89.8303028,0.0798798189,0.00180271622,FollowWall,following_right_wall,0,14,42,0.373735368,0.302863888,1,1,1,0.245413691,0.30674083,0.30674083,1,1,0,0,0
56.95,1.64275772,-1.95898841,-89.8240224,0.0798798189,0.00180271622,FollowWall,following_right_wall,0,14,42,0.373735368,0.302863888,1,1,1,0.245413691,0.302738413,0.302738413,1,1,0,0,0
57,1.64277019,-1.96298163,-89.818207,0.0799111251,0.00133312423,FollowWall,following_right_wall,0,14,42,0.365562737,0.294903851,1,1,1,0.245479912,0.298736178,0.298736178,1,1,0,0,0
57.05,1.64278303,-1.96697581,-89.8132234,0.0799111251,0.00133312423,FollowWall,following_right_wall,0,14,42,0.365562737,0.294903851,1,1,1,0.245479912,0.294734266,0.294734266,1,1,0,0,0
57.1,1.64279621,-1.97097055,-89.808725,0.0799598547,0.000602179327,FollowWall,following_right_wall,0,14,42,0.357412875,0.28692058,1,1,1,0.245705992,0.290732545,0.290732545,1,1,0,0,0
57.15,1.64280967,-1.97496664,-89.8053821,0.0799598547,0.000602179327,FollowWall,following_right_wall,0,14,42,0.357412875,0.28692058,1,1,1,0.245705992,0.286731272,0.286731272,1,1,0,0,0
57.2,1.64282334,-1.97896351,-89.8027133,0,0.6,TurnLeft,avoiding_front_obstacle,0,14,42,0.34928599,0.278869937,1,1,1,0.24584341,0.282730261,0.282730261,1,1,0,0,0
57.25,1.64284597,-1.98129492,-89.0849592,0,0.6,TurnLeft,avoiding_front_obstacle,0,14,42,0.34928599,0.278869937,1,1,1,0.24584341,0.279288611,0.279288611,1,1,0,0,0
57.3,1.64288116,-1.98265452,-87.9500721,0,0.6,TurnLeft,avoiding_front_obstacle,0,14,42,0.345648259,0.271918069,1,1,1,0.245068073,0.276186234,0.276186234,1,1,0,0,0
57.35,1.64291907,-1.98344698,-86.5718574,0,0.6,TurnLeft,avoiding_front_obstacle,0,14,42,0.345648259,0.271918069,1,1,1,0.245068073,0.273299112,0.273299112,1,1,0,0,0
57.4,1.64295287,-1.98390854,-85.0517016,0,0.6,TurnLeft,avoiding_front_obstacle,0,14,42,0.344049066,0.266365082,1,1,1,0.243798181,0.270556234,0.270556234,1,1,0,0,0
57.45,1.64297992,-1.98417715,-83.4487468,0,0.6,TurnLeft,avoiding_front_obstacle,0,14,42,0.344049066,0.266365082,1,1,1,0.243798181,0.267916801,0.267916801,1,1,0,0,0
57.5,1.64300014,-1.98433332,-81.7974925,0,0.6,TurnLeft,avoiding_front_obstacle,0,14,42,0.343578011,0.262159298,1,1,1,0.242666826,0.265357587,0.265357587,1,1,0,0,0
57.55,1.64301457,-1.98442404,-80.1180637,0,0.6,TurnLeft,avoiding_front_obstacle,0,14,42,0.343578011,0.262159298,1,1,1,0.242666826,0.262865695,0.262865695,1,1,0,0,0
57.6,1.64302455,-1.98447669,-78.4221996,0,0.6,TurnLeft,avoiding_front_obstacle,0,14,42,0.343105108,0.259195566,1,1,1,0.242919207,0.260434334,0.260434334,1,1,0,0,0
57.65,1.64303128,-1.98450722,-76.7167483,0,0.6,TurnLeft,avoiding_front_obstacle,0,14,42,0.343105108,0.259195566,1,1,1,0.242919207,0.258060321,0.258060321,1,1,0,0,0
57.7,1.64303573,-1.9845249,-75.0057045,0,0.6,TurnLeft,avoiding_front_obstacle,0,14,42,0.342674434,0.257390232,1,0,1,0.244049862,0.255742601,0.255742601,1,1,0,0,0
57.75,1.64303864,-1.98453514,-73.2913983,0,0.6,TurnLeft,avoiding_front_obstacle,0,14,42,0.342674434,0.257390232,1,0,1,0.244049862,0.253481366,0.253481366,1,1,0,0,0
57.8,1.64304051,-1.98454105,-71.5751891,0,0.6,TurnLeft,avoiding_front_obstacle,0,14,42,0.341947764,0.256695973,1,0,1,0.24611792,0.251277527,0.251277527,1,1,0,0,0
57.85,1.64304171,-1.98454447,-69.8578699,0,0.6,TurnLeft,avoiding_front_obstacle,0,14,42,0.341947764,0.256695973,1,0,1,0.24611792,0.249132402,0.249132402,1,1,0,0,0
57.9,1.64304246,-1.98454644,-68.1399031,0,0.6,TurnLeft,avoiding_front_obstacle,0,14,42,0.34168902,0.254875303,1,0,1,0.249845833,0.247047528,0.247047528,1,1,0,0,0
57.95,1.64304294,-1.98454757,-66.4215585,0,0.6,TurnLeft,avoiding_front_obstacle,0,14,42,0.34168902,0.254875303,1,0,1,0.249845833,0.245024546,0.245024546,1,1,0,0,0
58,1.64304324,-1.98454823,-64.7029936,0,0.6,TurnLeft,avoiding_front_obstacle,0,14,42,0.340386361,0.25860028,1,0,1,0.254146099,0.243065141,0.243065141,1,1,0,0,0
58.05,1.64304342,-1.9845486,-62.9843002,0,0.6,TurnLeft,avoiding_front_obstacle,0,14,42,0.340386361,0.25860028,1,0,1,0.254146099,0.241170994,0.241170994,1,1,0,0,0
58.1,1.64304353,-1.98454882,-61.2655318,0,0.6,TurnLeft,avoiding_front_obstacle,0,14,42,0.340022773,0.261239305,1,0,1,0.259923935,0.239343763,0.239343763,1,1,0,0,0
58.15,1.64304361,-1.98454894,-59.5467196,0,0.6,TurnLeft,avoiding_front_obstacle,0,14,42,0.340022773,0.261239305,1,0,1,0.259923935,0.237585063,0.237585063,1,1,0,0,0
58.2,1.64304365,-1.98454902,-57.827882,0,0.6,TurnLeft,avoiding_front_obstacle,0,14,42,0.338618755,0.265068049,1,0,1,0.267603517,0.23589646,0.23589646,1,1,0,0,0
58.25,1.64304367,-1.98454906,-56.1090294,0,0.6,TurnLeft,avoiding_front_obstacle,0,14,42,0.338618755,0.265068049,1,0,1,0.267603517,0.234279465,0.234279465,1,1,0,0,0
58.3,1.64304369,-1.98454908,-54.3901682,0,0.6,TurnLeft,avoiding_front_obstacle,0,14,42,0.337884456,0.270166122,1,0,1,0.276977628,0.232735527,0.232735527,1,1,0,0,0
58.35,1.6430437,-1.98454909,-52.6713019,0,0.6,TurnLeft,avoiding_front_obstacle,0,14,42,0.337884456,0.270166122,1,0,1,0.276977628,0.231266031,0.231266031,1,1,0,0,0
58.4,1.64304371,-1.9845491,-50.9524326,0,0.6,TurnLeft,avoiding_front_obstacle,0,14,42,0.338289052,0.276641835,1,0,1,0.288341373,0.2298723,0.2298723,1,1,0,0,0
58.45,1.64304371,-1.9845491,-49.2335617,0,0.6,TurnLeft,avoiding_front_obstacle,0,14,42,0.338289052,0.276641835,1,0,1,0.288341373,0.228555584,0.228555584,1,1,0,0,0
58.5,1.64304371,-1.98454911,-47.5146897,0,0.6,TurnLeft,avoiding_front_obstacle,0,14,42,0.339851439,0.284637668,1,0,1,0.302082688,0.22731707,0.22731707,1,1,0,0,0
58.55,1.64304371,-1.98454911,-45.7958171,0,0.6,TurnLeft,avoiding_front_obstacle,0,14,42,0.339851439,0.284637668,1,0,1,0.302082688,0.226157871,0.226157871,1,1,0,0,0
58.6,1.64304371,-1.98454911,-44.0769442,0,0.6,TurnLeft,avoiding_front_obstacle,0,14,42,0.342612267,0.294338211,1,0,1,0.318718314,0.225079029,0.225079029,1,1,0,0,0
58.65,1.64304372,-1.98454911,-42.3580711,0,0.6,TurnLeft,avoiding_front_obstacle,0,14,42,0.342612267,0.294338211,1,0,1,0.318718314,0.224081517,0.224081517,1,1,0,0,0
58.7,1.64304372,-1.98454911,-40.6391979,0,0.6,TurnLeft,avoiding_front_obstacle,0,14,42,0.346635729,0.320567622,1,0,1,0.33894819,0.223166231,0.223166231,1,1,0,0,0
58.75,1.64304372,-1.98454911,-38.9203246,0,0.6,TurnLeft,avoiding_front_obstacle,0,14,42,0.346635729,0.320567622,1,0,1,0.33894819,0.222333994,0.222333994,1,1,0,0,0
58.8,1.64304372,-1.98454911,-37.2014513,0,0.6,TurnLeft,avoiding_front_obstacle,0,14,42,0.352012962,0.323225676,1,0,1,0.362339348,0.221585557,0.221585557,1,1,0,0,0
58.85,1.64304372,-1.98454911,-35.4825779,0,0.6,TurnLeft,avoiding_front_obstacle,0,14,42,0.352012962,0.323225676,1,0,1,0.362339348,0.220921592,0.220921592,1,1,0,0,0
58.9,1.64304372,-1.98454911,-33.7637046,0,0.6,TurnLeft,avoiding_front_obstacle,0,14,42,0.358866513,0.315980777,1,0,1,0.359141588,0.220342698,0.220342698,1,1,0,0,0
58.95,1.64304372,-1.98454911,-32.0448312,0,0.6,TurnLeft,avoiding_front_obstacle,0,14,42,0.358866513,0.315980777,1,0,1,0.359141588,0.219849394,0.219849394,1,1,0,0,0
59,1.64304372,-1.98454911,-30.3259578,0,0.6,TurnLeft,avoiding_front_obstacle,0,14,42,0.367357045,0.310293881,1,0,1,0.35956955,0.219442125,0.219442125,1,1,0,0,0
59.05,1.64304372,-1.98454911,-28.6070844,0,0.6,TurnLeft,avoiding_front_obstacle,0,14,42,0.367357045,0.310293881,1,0,1,0.35956955,0.219121258,0.219121258,1,1,0,0,0
59.1,1.64304372,-1.98454911,-26.888211,0,0.6,TurnLeft,avoiding_front_obstacle,0,14,42,0.37769258,0.306044456,1,0,1,0.356222928,0.21888708,0.21888708,1,1,0,0,0
59.15,1.64304372,-1.98454911,-25.1693376,0,0.6,TurnLeft,avoiding_front_obstacle,0,14,42,0.37769258,0.306044456,1,0,1,0.356222928,0.218739804,0.218739804,1,1,0,0,0
59.2,1.64304372,-1.98454911,-23.4504643,0,0.6,TurnLeft,avoiding_front_obstacle,0,14,42,0.382651716,0.303144013,1,0,1,0.354335427,0.218679561,0.218679561,1,1,0,0,0
59.25,1.64304372,-1.98454911,-21.7315909,0,0.6,TurnLeft,avoiding_front_obstacle,0,14,42,0.382651716,0.303144013,1,0,1,0.354335427,0.218706406,0.218679561,1,1,0,0,0
59.3,1.64304372,-1.98454911,-20.0127175,0,0.6,TurnLeft,avoiding_front_obstacle,0,14,42,0.383298159,0.301531712,1,0,1,0.348697543,0.218820314,0.218679561,1,1,0,0,0
59.35,1.64304372,-1.98454911,-18.2938441,0,0.6,TurnLeft,avoiding_front_obstacle,0,14,42,0.383298159,0.301531712,1,0,1,0.348697543,0.219021183,0.218679561,1,1,0,0,0
59.4,1.64304372,-1.98454911,-16.5749707,0,0.6,TurnLeft,avoiding_front_obstacle,0,14,42,0.383734167,0.301171469,1,0,1,0.340516716,0.219308833,0.218679561,1,1,0,0,0
59.45,1.64304372,-1.98454911,-14.8560973,0,0.6,TurnLeft,avoiding_front_obstacle,0,14,42,0.383734167,0.301171469,1,0,1,0.340516716,0.219683004,0.218679561,1,1,0,0,0
59.5,1.64304372,-1.98454911,-13.137224,0,0.6,TurnLeft,avoiding_front_obstacle,0,14,42,0.384463966,0.302027949,1,0,1,0.332358271,0.220143359,0.218679561,1,1,0,0,0
59.55,1.64304372,-1.98454911,-11.4183506,0,0.6,TurnLeft,avoiding_front_obstacle,0,14,42,0.384463966,0.302027949,1,0,1,0.332358271,0.220689485,0.218679561,1,1,0,0,0
59.6,1.64304372,-1.98454911,-9.69947718,0,0.6,TurnLeft,avoiding_front_obstacle,0,14,42,0.384590894,0.303779441,1,0,1,0.325781643,0.22132089,0.218679561,1,1,0,0,0
59.65,1.64304372,-1.98454911,-7.9806038,0,0.6,TurnLeft,avoiding_front_obstacle,0,14,42,0.384590894,0.303779441,1,0,1,0.325781643,0.222037005,0.218679561,1,1,0,0,0
59.7,1.64304372,-1.98454911,-6.26173041,0,0.6,TurnLeft,avoiding_front_obstacle,0,14,42,0.384991258,0.306807393,1,0,1,0.322779596,0.222837186,0.218679561,1,1,0,0,0
59.75,1.64304372,-1.98454911,-4.54285703,0,0.6,TurnLeft,avoiding_front_obstacle,0,14,42,0.384991258,0.306807393,1,0,1,0.322779596,0.223720714,0.218679561,1,1,0,0,0
59.8,1.64304372,-1.98454911,-2.82398364,0,0.6,TurnLeft,avoiding_front_obstacle,0,14,42,0.385208249,0.311163039,1,0,1,0.321399391,0.224686793,0.218679561,1,1,0,0,0
59.85,1.64304372,-1.98454911,-1.10511026,0,0.6,TurnLeft,avoiding_front_obstacle,0,14,42,0.385208249,0.311163039,1,0,1,0.321399391,0.225734553,0.218679561,1,1,0,0,0
59.9,1.64304372,-1.98454911,0.613763129,0,0.6,TurnLeft,avoiding_front_obstacle,0,14,42,0.385646403,0.314177586,1,0,1,0.318730593,0.225363374,0.218679561,1,1,0,0,0
59.95,1.64304372,-1.98454911,2.33263651,0,0.6,TurnLeft,avoiding_front_obstacle,0,14,42,0.385646403,0.314177586,1,0,1,0.318730593,0.222373142,0.218679561,1,1,0,0,0
60,1.64304372,-1.98454911,4.0515099,0,0.6,TurnLeft,avoiding_front_obstacle,0,14,42,0.385024369,0.309306864,1,0,1,0.31750387,0.219466673,0.218679561,1,1,0,0,0
60.05,1.64304372,-1.98454911,5.77038329,0,0.6,TurnLeft,avoiding_front_obstacle,0,14,42,0.385024369,0.309306864,1,0,1,0.31750387,0.216646583,0.216646583,1,1,0,0,0
60.1,1.64304372,-1.98454911,7.48925667,0,0.6,TurnLeft,avoiding_front_obstacle,0,14,42,0.384938061,0.3053591,1,0,1,0.315312475,0.213915411,0.213915411,1,1,0,0,0
60.15,1.64304372,-1.98454911,9.20813006,0,0.6,TurnLeft,avoiding_front_obstacle,0,14,42,0.384938061,0.3053591,1,0,1,0.315312475,0.211275614,0.211275614,1,1,0,0,0
60.2,1.64304372,-1.98454911,10.9270034,0,0.6,TurnLeft,avoiding_front_obstacle,0,14,42,0.384492248,0.30271796,1,0,1,0.315797418,0.208729568,0.208729568,1,1,0,0,0
60.25,1.64304372,-1.98454911,12.6458768,0,0.6,TurnLeft,avoiding_front_obstacle,0,14,42,0.384492248,0.30271796,1,0,1,0.315797418,0.206279563,0.206279563,1,1,0,0,0
60.3,1.64304372,-1.98454911,14.3647502,0,0.6,TurnLeft,avoiding_front_obstacle,0,14,42,0.384274781,0.297899308,1,0,1,0.318636805,0.203927806,0.203927806,1,1,0,0,0
60.35,1.64304372,-1.98454911,16.0836236,0,0.6,TurnLeft,avoiding_front_obstacle,0,14,42,0.384274781,0.297899308,1,0,1,0.318636805,0.201676411,0.201676411,1,1,0,0,0
60.4,1.64304372,-1.98454911,17.802497,0,0.6,TurnLeft,avoiding_front_obstacle,0,14,42,0.383723646,0.297002321,1,0,1,0.322513551,0.199527406,0.199527406,1,1,0,0,0
60.45,1.64304372,-1.98454911,19.5213704,0,0.6,TurnLeft,avoiding_front_obstacle,0,14,42,0.383723646,0.297002321,1,0,1,0.322513551,0.197482724,0.197482724,1,1,0,0,0
60.5,1.64304372,-1.98454911,21.2402438,0,0.6,TurnLeft,avoiding_front_obstacle,0,14,42,0.382869005,0.297335513,1,0,1,0.327767462,0.195544206,0.195544206,1,1,0,0,0
60.55,1.64304372,-1.98454911,22.9591171,0,0.6,TurnLeft,avoiding_front_obstacle,0,14,42,0.382869005,0.297335513,1,0,1,0.327767462,0.193713596,0.193713596,1,1,0,0,0
60.6,1.64304372,-1.98454911,24.6779905,0,0.6,TurnLeft,avoiding_front_obstacle,0,14,42,0.382419646,0.304716408,1,0,1,0.334531128,0.191992541,0.191992541,1,1,0,0,0
60.65,1.64304372,-1.98454911,26.3968639,0,0.6,TurnLeft,avoiding_front_obstacle,0,14,42,0.382419646,0.304716408,1,0,1,0.334531128,0.19038259,0.19038259,1,1,0,0,0
60.7,1.64304372,-1.98454911,28.1157373,0,0.6,TurnLeft,avoiding_front_obstacle,0,14,42,0.381251365,0.308432183,1,0,1,0.342978179,0.188885192,0.188885192,1,1,0,0,0
60.75,1.64304372,-1.98454911,29.8346107,0,0.6,TurnLeft,avoiding_front_obstacle,0,14,42,0.381251365,0.308432183,1,0,1,0.342978179,0.187501695,0.187501695,1,1,0,0,0
60.8,1.64304372,-1.98454911,31.5534841,0,0.6,TurnLeft,avoiding_front_obstacle,0,14,42,0.380491406,0.313549163,1,0,1,0.353333861,0.186233343,0.186233343,1,1,0,0,0
60.85,1.64304372,-1.98454911,33.2723575,0,0.6,TurnLeft,avoiding_front_obstacle,0,14,42,0.380491406,0.313549163,1,0,1,0.353333861,0.185081279,0.185081279,1,1,0,0,0
60.9,1.64304372,-1.98454911,34.9912308,0,0.6,TurnLeft,avoiding_front_obstacle,0,14,42,0.379597813,0.320173873,1,0,1,0.365889788,0.184046538,0.184046538,1,1,0,0,0
60.95,1.64304372,-1.98454911,36.7101042,0,0.6,TurnLeft,avoiding_front_obstacle,0,14,42,0.379597813,0.320173873,1,0,1,0.365889788,0.183130052,0.183130052,1,1,0,0,0
61,1.64304372,-1.98454911,38.4289776,0,0.6,TurnLeft,avoiding_front_obstacle,0,14,42,0.379991978,0.328448213,1,0,1,0.381025016,0.182332646,0.182332646,1,1,0,0,0
61.05,1.64304372,-1.98454911,40.147851,0,0.6,TurnLeft,avoiding_front_obstacle,0,14,42,0.379991978,0.328448213,1,0,1,0.381025016,0.181655038,0.181655038,1,1,0,0,0
61.1,1.64304372,-1.98454911,41.8667244,0,0.6,TurnLeft,avoiding_front_obstacle,0,14,42,0.381692052,0.338557082,1,0,1,0.3992365,0.181097837,0.181097837,1,1,0,0,0
61.15,1.64304372,-1.98454911,43.5855978,0,0.6,TurnLeft,avoiding_front_obstacle,0,14,42,0.381692052,0.338557082,1,0,1,0.3992365,0.180661544,0.180661544,1,1,0,0,0
61.2,1.64304372,-1.98454911,45.3044711,0,0.6,TurnLeft,avoiding_front_obstacle,0,14,42,0.384740502,0.350738919,1,0,1,0.421183825,0.180346553,0.180346553,1,1,0,0,0
61.25,1.64304372,-1.98454911,47.0233445,0,0.6,TurnLeft,avoiding_front_obstacle,0,14,42,0.384740502,0.350738919,1,0,1,0.421183825,0.180153147,0.180153147,1,1,0,0,0
61.3,1.64304372,-1.98454911,48.7422179,0,0.6,TurnLeft,avoiding_front_obstacle,0,14,42,0.389206171,0.37341528,1,0,1,0.428705782,0.180081499,0.180081499,1,1,0,0,0
61.35,1.64304372,-1.98454911,50.4610913,0,0.6,TurnLeft,avoiding_front_obstacle,0,14,42,0.389206171,0.37341528,1,0,1,0.428705782,0.180131675,0.180081499,1,1,0,0,0
61.4,1.64304372,-1.98454911,52.1799647,0,0.6,TurnLeft,avoiding_front_obstacle,0,14,42,0.395187527,0.403761764,1,0,1,0.424572825,0.180303629,0.180081499,1,1,0,0,0
61.45,1.64304372,-1.98454911,53.8988381,0,0.6,TurnLeft,avoiding_front_obstacle,0,14,42,0.395187527,0.403761764,1,0,1,0.424572825,0.180597206,0.180081499,1,1,0,0,0
61.5,1.64304372,-1.98454911,55.6177115,0,0.6,TurnLeft,avoiding_front_obstacle,0,14,42,0.402817816,0.427064642,1,0,1,0.424378216,0.181012143,0.180081499,1,1,0,0,0
61.55,1.64304372,-1.98454911,57.3365848,0,0.6,TurnLeft,avoiding_front_obstacle,0,14,42,0.402817816,0.427064642,1,0,1,0.424378216,0.181548065,0.180081499,1,1,0,0,0
61.6,1.64304372,-1.98454911,59.0554582,0,0.6,TurnLeft,avoiding_front_obstacle,0,14,42,0.412272036,0.474708717,1,0,1,0.424430877,0.182204491,0.180081499,1,1,0,0,0
61.65,1.64304372,-1.98454911,60.7743316,0,0.6,TurnLeft,avoiding_front_obstacle,0,14,42,0.412272036,0.474708717,1,0,1,0.424430877,0.18298083,0.180081499,1,1,0,0,0
61.7,1.64304372,-1.98454911,62.493205,0,0.6,TurnLeft,avoiding_front_obstacle,0,14,42,0.423351109,0.523077963,1,0,1,0.418446422,0.183876382,0.180081499,1,1,0,0,0
61.75,1.64304372,-1.98454911,64.2120784,0,0.6,TurnLeft,avoiding_front_obstacle,0,14,42,0.423351109,0.523077963,1,0,1,0.418446422,0.184890343,0.180081499,1,1,0,0,0
61.8,1.64304372,-1.98454911,65.9309518,0,0.6,TurnLeft,avoiding_front_obstacle,0,14,42,0.436561972,0.591731309,1,0,1,0.404982597,0.1860218,0.180081499,1,1,0,0,0
61.85,1.64304372,-1.98454911,67.6498252,0,0.6,TurnLeft,avoiding_front_obstacle,0,14,42,0.436561972,0.591731309,1,0,1,0.404982597,0.187269734,0.180081499,1,1,0,0,0
61.9,1.64304372,-1.98454911,69.3686985,0,0.6,TurnLeft,avoiding_front_obstacle,0,14,42,0.452403545,0.679555195,1,0,1,0.393781066,0.188633022,0.180081499,1,1,0,0,0
61.95,1.64304372,-1.98454911,71.0875719,0,0.6,TurnLeft,avoiding_front_obstacle,0,14,42,0.452403545,0.679555195,1,0,1,0.393781066,0.190110438,0.180081499,1,1,0,0,0
62,1.64304372,-1.98454911,72.8064453,0,0.6,TurnLeft,avoiding_front_obstacle,0,14,42,0.471339375,0.807778229,1,0,1,0.384468853,0.191700652,0.180081499,1,1,0,0,0
62.05,1.64304372,-1.98454911,74.5253187,0,0.6,TurnLeft,avoiding_front_obstacle,0,14,42,0.471339375,0.807778229,1,0,1,0.384468853,0.193402233,0.180081499,1,1,0,0,0
62.1,1.64304372,-1.98454911,76.2441921,0,0.6,TurnLeft,avoiding_front_obstacle,0,14,42,0.493662298,1.0214851,1,0,1,0.376451075,0.195213649,0.180081499,1,1,0,0,0
62.15,1.64304372,-1.98454911,77.9630655,0,0.6,TurnLeft,avoiding_front_obstacle,0,14,42,0.493662298,1.0214851,1,0,1,0.376451075,0.197133271,0.180081499,1,1,0,0,0
62.2,1.64304372,-1.98454911,79.6819389,0,0.6,TurnLeft,avoiding_front_obstacle,0,14,42,0.519801974,1.36043055,1,0,1,0.369312108,0.199159371,0.180081499,1,1,0,0,0
62.25,1.64304372,-1.98454911,81.4008122,0,0.6,TurnLeft,avoiding_front_obstacle,0,14,42,0.519801974,1.36043055,1,0,1,0.369312108,0.201290125,0.180081499,1,1,0,0,0
62.3,1.64304372,-1.98454911,83.1196856,0,0.6,TurnLeft,avoiding_front_obstacle,0,14,42,0.521847606,2.06149179,1,0,1,0.364997089,0.203523616,0.180081499,1,1,0,0,0
62.35,1.64304372,-1.98454911,84.838559,0,0.6,TurnLeft,avoiding_front_obstacle,0,14,42,0.521847606,2.06149179,1,0,1,0.364997089,0.205857834,0.180081499,1,1,0,0,0
62.4,1.64304372,-1.98454911,86.5574324,0,0.6,TurnLeft,avoiding_front_obstacle,0,14,42,0.472745597,2.24147136,1,0,1,0.36325261,0.208290678,0.180081499,1,1,0,0,0
62.45,1.64304372,-1.98454911,88.2763058,0,0.6,TurnLeft,avoiding_front_obstacle,0,14,42,0.472745597,2.24147136,1,0,1,0.36325261,0.21081996,0.180081499,1,1,0,0,0
62.5,1.64304372,-1.98454911,89.9951792,0,0.6,TurnLeft,avoiding_front_obstacle,0,14,42,0.434153855,2.24256231,1,0,1,0.361188263,0.213443402,0.180081499,1,1,0,0,0
62.55,1.64304372,-1.98454911,91.7140526,0,0.6,TurnLeft,avoiding_front_obstacle,0,14,42,0.434153855,2.24256231,1,0,1,0.361188263,0.210834415,0.180081499,1,1,0,0,0
62.6,1.64304372,-1.98454911,93.4329259,0,0.6,TurnLeft,avoiding_front_obstacle,0,14,42,0.403230816,2.24173415,1,0,1,0.35922128,0.208304599,0.180081499,1,1,0,0,0
62.65,1.64304372,-1.98454911,95.1517993,0,0.6,TurnLeft,avoiding_front_obstacle,0,14,42,0.403230816,2.24173415,1,0,1,0.35922128,0.205871207,0.180081499,1,1,0,0,0
62.7,1.64304372,-1.98454911,96.8706727,0,0,FollowWall,front_obstacle_cleared,0,14,42,0.377550602,1.05956155,1,1,1,0.357536703,0.20353643,0.180081499,1,1,0,0,0
62.75,1.64304372,-1.98454911,97.8733489,0.0578558037,-0.332162945,FollowWall,following_right_wall,0,14,42,0.377550602,1.05956155,1,1,1,0.357536703,0.202220857,0.180081499,1,1,0,0,0
62.8,1.64287664,-1.98335542,98.061753,0.057125726,-0.34311411,FollowWall,following_right_wall,0,14,42,0.369439751,0.913244597,1,1,1,0.357764095,0.203171211,0.180081499,1,1,0,0,0
62.85,1.64261604,-1.98148021,97.7620931,0.057125726,-0.34311411,FollowWall,following_right_wall,0,14,42,0.369439751,0.913244597,1,1,1,0.357764095,0.205434028,0.180081499,1,1,0,0,0
62.9,1.64231774,-1.97920518,97.1777291,0.0582417315,-0.326374028,FollowWall,following_right_wall,0,14,42,0.374650061,1.03093559,1,1,1,0.358182043,0.208473823,0.180081499,1,1,0,0,0
62.95,1.64201504,-1.97667137,96.4472699,0.0582417315,-0.326374028,FollowWall,following_right_wall,0,14,42,0.374650061,1.03093559,1,1,1,0.358182043,0.211980018,0.180081499,1,1,0,0,0
63,1.64173076,-1.97398443,95.6315884,0.0590671384,-0.313992924,FollowWall,following_right_wall,0,14,42,0.38483727,1.34377978,1,1,1,0.35991767,0.215774169,0.180081499,1,1,0,0,0
63.05,1.64147608,-1.97118931,94.7809727,0.0590671384,-0.313992924,FollowWall,following_right_wall,0,14,42,0.38483727,1.34377978,1,1,1,0.35991767,0.219747711,0.180081499,1,1,0,0,0
63.1,1.64125878,-1.96832975,93.9099788,0.0609473428,-0.285789857,FollowWall,following_right_wall,0,14,42,0.39697206,2.22575107,1,1,1,0.360439628,0.223838835,0.180081499,1,1,0,0,0
63.15,1.64107989,-1.96539257,93.0607625,0.0609473428,-0.285789857,FollowWall,following_right_wall,0,14,42,0.39697206,2.22575107,1,1,1,0.360439628,0.228000779,0.180081499,1,1,0,0,0
63.2,1.64094221,-1.96240948,92.2242498,0.0618884167,-0.27167375,FollowWall,following_right_wall,0,14,42,0.410351872,2.2187796,1,1,1,0.361748695,0.232213211,0.180081499,1,1,0,0,0
63.25,1.64084604,-1.95937968,91.4119974,0.0618884167,-0.27167375,FollowWall,following_right_wall,0,14,42,0.410351872,2.2187796,1,1,1,0.361748695,0.236458199,0.180081499,1,1,0,0,0
63.3,1.64079198,-1.95632254,90.6138969,0.05,-0.169849321,FollowWall,following_with_distance_only,0,14,42,0.424734473,2.21355118,1,0,1,0.363232881,0.240729742,0.180081499,1,1,0,0,0
63.35,1.64077819,-1.95349729,89.9455955,0.05,-0.169849321,FollowWall,following_with_distance_only,0,14,42,0.424734473,2.21355118,1,0,1,0.363232881,0.244418242,0.180081499,1,1,0,0,0
63.4,1.64079465,-1.9508076,89.3530104,0.05,-0.17092891,FollowWall,following_with_distance_only,0,14,42,0.43725571,2.20884024,1,0,1,0.363952607,0.246193927,0.180081499,1,1,0,0,0
63.45,1.64083665,-1.94819725,88.8033044,0.05,-0.17092891,FollowWall,following_with_distance_only,0,14,42,0.43725571,2.20884024,1,0,1,0.363952607,0.24796625,0.180081499,1,1,0,0,0
63.5,1.64090195,-1.94563352,88.2786112,0.05,-0.170757473,FollowWall,following_with_distance_only,0,14,42,0.448931634,2.20315937,1,0,1,0.363838315,0.249739007,0.180081499,1,1,0,0,0
63.55,1.64098947,-1.94309737,87.7687134,0.05,-0.170757473,FollowWall,following_with_distance_only,0,14,42,0.448931634,2.20315937,1,0,1,0.363838315,0.251514893,0.180081499,1,1,0,0,0
63.6,1.64109868,-1.94057776,87.2674463,0.05,-0.171488956,FollowWall,following_with_distance_only,0,14,42,0.460864395,2.19838149,1,0,1,0.36432597,0.253295234,0.180081499,1,1,0,0,0
63.65,1.64122937,-1.93806834,86.7703407,0.05,-0.171488956,FollowWall,following_with_distance_only,0,14,42,0.460864395,2.19838149,1,0,1,0.36432597,0.255079546,0.180081499,1,1,0,0,0
63.7,1.64138144,-1.93556548,86.2756625,0.05,-0.172469884,FollowWall,following_with_distance_only,0,14,42,0.473545283,2.19434217,1,0,1,0.364979923,0.256868827,0.180081499,1,1,0,0,0
63.75,1.64155489,-1.93306714,85.7812295,0.05,-0.172469884,FollowWall,following_with_distance_only,0,14,42,0.473545283,2.19434217,1,0,1,0.364979923,0.258661961,0.180081499,1,1,0,0,0
63.8,1.64174976,-1.93057219,85.2869395,0.05,-0.173313305,FollowWall,following_with_distance_only,0,14,42,0.487243712,2.19100165,1,0,1,0.365542203,0.260459956,0.180081499,1,1,0,0,0
63.85,1.64196606,-1.92808008,84.7917261,0.05,-0.173313305,FollowWall,following_with_distance_only,0,14,42,0.487243712,2.19100165,1,0,1,0.365542203,0.262261951,0.180081499,1,1,0,0,0
63.9,1.64220386,-1.92559054,84.2959741,0.05,-0.173040614,FollowWall,following_with_distance_only,0,14,42,0.502139628,2.18835516,1,0,1,0.365360409,0.264068821,0.180081499,1,1,0,0,0
63.95,1.64246314,-1.92310352,83.8002334,0.05,-0.173040614,FollowWall,following_with_distance_only,0,14,42,0.502139628,2.18835516,1,0,1,0.365360409,0.265881457,0.180081499,1,1,0,0,0
64,1.64274391,-1.92061904,83.3044994,0.05,-0.172284856,FollowWall,following_with_distance_only,0,14,42,0.518339872,2.09922159,1,0,1,0.364856571,0.267699868,0.180081499,1,1,0,0,0
64.05,1.64304614,-1.9181372,82.8096713,0.05,-0.172284856,FollowWall,following_with_distance_only,0,14,42,0.518339872,2.09922159,1,0,1,0.364856571,0.269525192,0.180081499,1,1,0,0,0
64.1,1.64336976,-1.91565813,82.3153716,0.05,-0.172390223,FollowWall,following_with_distance_only,0,14,42,0.535943031,1.89688063,1,0,1,0.364926815,0.27135681,0.180081499,1,1,0,0,0
64.15,1.64371475,-1.91318199,81.8212545,0.05,-0.172390223,FollowWall,following_with_distance_only,0,14,42,0.535943031,1.89688063,1,0,1,0.364926815,0.273194147,0.180081499,1,1,0,0,0
64.2,1.64408107,-1.91070894,81.3272438,0.05,-0.173954085,FollowWall,following_with_distance_only,0,14,42,0.528941095,1.63012784,1,0,1,0.36596939,0.275036978,0.180081499,1,1,0,0,0
64.25,1.64446874,-1.90823916,80.8314286,0.05,-0.173954085,FollowWall,following_with_distance_only,0,14,42,0.528941095,1.63012784,1,0,1,0.36596939,0.276882777,0.180081499,1,1,0,0,0
64.3,1.64487779,-1.90577284,80.3345606,0.05,-0.174395844,FollowWall,following_with_distance_only,0,14,42,0.518671274,1.42196077,1,0,1,0.366263896,0.278732421,0.180081499,1,1,0,0,0
64.35,1.64530824,-1.90331017,79.8365512,0.05,-0.174395844,FollowWall,following_with_distance_only,0,14,42,0.518671274,1.42196077,1,0,1,0.366263896,0.280585716,0.180081499,1,1,0,0,0
64.4,1.64576008,-1.90085134,79.3378761,0.05,-0.176158458,FollowWall,following_with_distance_only,0,14,42,0.508746564,1.32371957,1,0,1,0.367438972,0.282443146,0.180081499,1,1,0,0,0
64.45,1.64623337,-1.89839654,78.8367086,0.05,-0.176158458,FollowWall,following_with_distance_only,0,14,42,0.508746564,1.32371957,1,0,1,0.367438972,0.284302439,0.180081499,1,1,0,0,0
64.5,1.64672813,-1.89594599,78.3340872,0.05,-0.177976996,FollowWall,following_with_distance_only,0,14,42,0.499125689,1.17533869,1,0,1,0.36865133,0.286164777,0.180081499,1,1,0,0,0
64.55,1.64724444,-1.89349989,77.828447,0.05,-0.177976996,FollowWall,following_with_distance_only,0,14,42,0.499125689,1.17533869,1,0,1,0.36865133,0.288028288,0.180081499,1,1,0,0,0
64.6,1.64778236,-1.89105844,77.3210458,0.05,-0.179857492,FollowWall,following_with_distance_only,0,14,42,0.489780873,1.06053479,1,0,1,0.369904995,0.289894385,0.180081499,1,1,0,0,0
64.65,1.64834194,-1.88862187,76.8103727,0.05,-0.179857492,FollowWall,following_with_distance_only,0,14,42,0.489780873,1.06053479,1,0,1,0.369904995,0.291761323,0.180081499,1,1,0,0,0
64.7,1.64892326,-1.8861904,76.297791,0.05,-0.181803793,FollowWall,following_with_distance_only,0,14,42,0.480696678,1.0009598,1,0,1,0.371202528,0.293630594,0.180081499,1,1,0,0,0
64.75,1.64952638,-1.88376424,75.7817727,0.05,-0.181803793,FollowWall,following_with_distance_only,0,14,42,0.480696678,1.0009598,1,0,1,0.371202528,0.295500495,0.180081499,1,1,0,0,0
64.8,1.65015137,-1.88134362,75.2637498,0.05,-0.183263808,FollowWall,following_with_distance_only,0,14,42,0.471862376,0.918284576,1,0,1,0.372175872,0.297372545,0.180081499,1,1,0,0,0
64.85,1.65079828,-1.87892877,74.7428147,0.05,-0.183263808,FollowWall,following_with_distance_only,0,14,42,0.471862376,0.918284576,1,0,1,0.372175872,0.299245742,0.180081499,1,1,0,0,0
64.9,1.65146715,-1.87651991,74.2201808,0.05,-0.184583053,FollowWall,following_with_distance_only,0,14,42,0.463279724,0.872072467,1,0,1,0.373055369,0.301121301,0.180081499,1,1,0,0,0
64.95,1.65215803,-1.87411727,73.6949812,0.05,-0.184583053,FollowWall,following_with_distance_only,0,14,42,0.463279724,0.872072467,1,0,1,0.373055369,0.302998282,0.180081499,1,1,0,0,0
65,1.65287092,-1.87172107,73.168285,0.05,-0.18574512,FollowWall,following_with_distance_only,0,14,42,0.454948992,0.801559575,1,0,1,0.37383008,0.304877691,0.180081499,1,1,0,0,0
65.05,1.65360587,-1.86933153,72.6393287,0.05,-0.18574512,FollowWall,following_with_distance_only,0,14,42,0.454948992,0.801559575,1,0,1,0.37383008,0.306758709,0.180081499,1,1,0,0,0
65.1,1.65436286,-1.8669489,72.1090539,0.05,-0.186963782,FollowWall,following_with_distance_only,0,14,42,0.446868211,0.736440519,1,0,1,0.374642521,0.308642164,0.180081499,1,1,0,0,0
65.15,1.65514193,-1.86457339,71.5765554,0.05,-0.186963782,FollowWall,following_with_distance_only,0,14,42,0.446868211,0.736440519,1,0,1,0.374642521,0.310527125,0.180081499,1,1,0,0,0
65.2,1.65594306,-1.86220523,71.0427597,0.05,-0.188247174,FollowWall,following_with_distance_only,0,14,42,0.439031124,0.704424296,1,0,1,0.375498116,0.312414368,0.180081499,1,1,0,0,0
65.25,1.65676627,-1.85984465,70.5066753,0.05,-0.188247174,FollowWall,following_with_distance_only,0,14,42,0.439031124,0.704424296,1,0,1,0.375498116,0.314302918,0.180081499,1,1,0,0,0
65.3,1.65761155,-1.85749188,69.9692559,0.05,-0.189605847,FollowWall,following_with_distance_only,0,14,42,0.431429595,0.65781178,1,0,1,0.376403898,0.316193537,0.180081499,1,1,0,0,0
65.35,1.65847892,-1.85514717,69.429436,0.05,-0.189605847,FollowWall,following_with_distance_only,0,14,42,0.431429595,0.65781178,1,0,1,0.376403898,0.318085228,0.180081499,1,1,0,0,0
65.4,1.65936837,-1.85281075,68.8882157,0.05,-0.19121477,FollowWall,following_with_distance_only,0,14,42,0.424055248,0.620137249,1,0,1,0.377476513,0.319978754,0.180081499,1,1,0,0,0
65.45,1.6602799,-1.85048285,68.3442581,0.05,-0.19121477,FollowWall,following_with_distance_only,0,14,42,0.424055248,0.620137249,1,0,1,0.377476513,0.321872949,0.180081499,1,1,0,0,0
65.5,1.66121352,-1.84816372,67.7987036,0.05,-0.194115937,FollowWall,following_with_distance_only,0,14,42,0.416897744,0.596156903,1,0,1,0.379410625,0.323768655,0.180081499,1,1,0,0,0
65.55,1.66216928,-1.84585363,67.2487547,0.05,-0.194115937,FollowWall,following_with_distance_only,0,14,42,0.416897744,0.596156903,1,0,1,0.379410625,0.325663671,0.180081499,1,1,0,0,0
65.6,1.66314721,-1.84355283,66.6962423,0.05,-0.197210804,FollowWall,following_with_distance_only,0,14,42,0.409933686,0.557976868,1,0,1,0.381473869,0.32755937,0.180081499,1,1,0,0,0
65.65,1.66414738,-1.84126162,66.1385404,0.05,-0.197210804,FollowWall,following_with_distance_only,0,14,42,0.409933686,0.557976868,1,0,1,0.381473869,0.329453836,0.180081499,1,1,0,0,0
65.7,1.66516988,-1.83898028,65.5778112,0.05,-0.200524315,FollowWall,following_with_distance_only,0,14,42,0.403149366,0.520137595,1,0,1,0.383682877,0.331348627,0.180081499,1,1,0,0,0
65.75,1.66621476,-1.83670911,65.0113609,0.05,-0.200524315,FollowWall,following_with_distance_only,0,14,42,0.403149366,0.520137595,1,0,1,0.383682877,0.333241917,0.180081499,1,1,0,0,0
65.8,1.66728211,-1.83444841,64.4415733,0.05,-0.20374985,FollowWall,following_with_distance_only,0,14,42,0.396537751,0.501567598,1,0,1,0.385833234,0.335135331,0.180081499,1,1,0,0,0
65.85,1.668372,-1.83219849,63.8659887,0.05,-0.20374985,FollowWall,following_with_distance_only,0,14,42,0.396537751,0.501567598,1,0,1,0.385833234,0.337027323,0.180081499,1,1,0,0,0
65.9,1.66948451,-1.82995967,63.2870226,0.05,-0.20700632,FollowWall,following_with_distance_only,0,14,42,0.39009729,0.475718942,1,0,1,0.388004214,0.338919431,0.180081499,1,1,0,0,0
65.95,1.67061969,-1.82773226,62.7021967,0.05,-0.20700632,FollowWall,following_with_distance_only,0,14,42,0.39009729,0.475718942,1,0,1,0.388004214,0.340810209,0.180081499,1,1,0,0,0
66,1.67177762,-1.82551659,62.1139527,0.05,-0.210588858,FollowWall,following_with_distance_only,0,14,42,0.383827418,0.455094756,1,0,1,0.390392572,0.342701098,0.180081499,1,1,0,0,0
66.05,1.67295836,-1.82331299,61.5194385,0.05,-0.210588858,FollowWall,following_with_distance_only,0,14,42,0.383827418,0.455094756,1,0,1,0.390392572,0.344590569,0.180081499,1,1,0,0,0
66.1,1.67416196,-1.82112179,60.9212666,0.05,-0.214530498,FollowWall,following_with_distance_only,0,14,42,0.377724707,0.439817645,1,0,1,0.393020332,0.346480053,0.180081499,1,1,0,0,0
66.15,1.67538851,-1.81894336,60.316256,0.05,-0.214530498,FollowWall,following_with_distance_only,0,14,42,0.377724707,0.439817645,1,0,1,0.393020332,0.348368009,0.180081499,1,1,0,0,0
66.2,1.67663806,-1.81677804,59.7072563,0.05,-0.218871966,FollowWall,following_with_distance_only,0,14,42,0.371784568,0.414893707,1,0,1,0.395914644,0.350255874,0.180081499,1,1,0,0,0
66.25,1.67791071,-1.8146262,59.0907473,0.05,-0.218871966,FollowWall,following_with_distance_only,0,14,42,0.371784568,0.414893707,1,0,1,0.395914644,0.352142133,0.180081499,1,1,0,0,0
66.3,1.67920651,-1.81248824,58.4698579,0.05,-0.223661274,FollowWall,following_with_distance_only,0,14,42,0.366002232,0.389150488,1,0,1,0.399107516,0.354028227,0.180081499,1,1,0,0,0
66.35,1.68052556,-1.81036454,57.8406964,0.05,-0.223661274,FollowWall,following_with_distance_only,0,14,42,0.366002232,0.389150488,1,0,1,0.399107516,0.355912693,0.180081499,1,1,0,0,0
66.4,1.68186793,-1.8082555,57.2067095,0.05,-0.228954881,FollowWall,following_with_distance_only,0,14,42,0.360373259,0.372959801,1,0,1,0.402636588,0.357796966,0.180081499,1,1,0,0,0
66.45,1.68323373,-1.80616156,56.5635891,0.05,-0.228954881,FollowWall,following_with_distance_only,0,14,42,0.360373259,0.372959801,1,0,1,0.402636588,0.359679665,0.180081499,1,1,0,0,0
66.5,1.68462304,-1.80408314,55.9151408,0.05,-0.234819442,FollowWall,following_with_distance_only,0,14,42,0.354893655,0.36081591,1,0,1,0.406546295,0.361562201,0.180081499,1,1,0,0,0
66.55,1.68603597,-1.80202071,55.2565842,0.05,-0.234819442,FollowWall,following_with_distance_only,0,14,42,0.354893655,0.36081591,1,0,1,0.406546295,0.363443317,0.180081499,1,1,0,0,0
66.6,1.68747261,-1.79997472,54.5921311,0.05,-0.24033612,FollowWall,following_with_distance_only,0,14,42,0.349560052,0.348520196,1,0,1,0.41022408,0.365324372,0.180081499,1,1,0,0,0
66.65,1.68893306,-1.79794566,53.9176534,0.05,-0.24033612,FollowWall,following_with_distance_only,0,14,42,0.349560052,0.348520196,1,0,1,0.41022408,0.36720454,0.180081499,1,1,0,0,0
66.7,1.6904174,-1.79593401,53.2373279,0.05,-0.246262193,FollowWall,following_with_distance_only,0,14,42,0.344374746,0.329355511,1,0,1,0.414174795,0.36908494,0.180081499,1,1,0,0,0
66.75,1.6919257,-1.79394026,52.5465176,0.05,-0.246262193,FollowWall,following_with_distance_only,0,14,42,0.344374746,0.329355511,1,0,1,0.414174795,0.370964886,0.180081499,1,1,0,0,0
66.8,1.69345804,-1.79196493,51.849591,0.05,-0.252835885,FollowWall,following_with_distance_only,0,14,42,0.339338481,0.310031997,1,0,1,0.418557256,0.372845313,0.180081499,1,1,0,0,0
66.85,1.69501448,-1.79000853,51.1412499,0.05,-0.252835885,FollowWall,following_with_distance_only,0,14,42,0.339338481,0.310031997,1,0,1,0.418557256,0.374725742,0.180081499,1,1,0,0,0
66.9,1.6965951,-1.78807162,50.4262504,0.05,-0.260166273,FollowWall,following_with_distance_only,0,14,42,0.334450275,0.300629208,1,0,1,0.423444182,0.37660694,0.180081499,1,1,0,0,0
66.95,1.69819998,-1.78615476,49.6986167,0.05,-0.260166273,FollowWall,following_with_distance_only,0,14,42,0.334450275,0.300629208,1,0,1,0.423444182,0.378488736,0.180081499,1,1,0,0,0
67,1.6998292,-1.78425854,48.9636131,0.05,-0.268391758,FollowWall,following_with_distance_only,0,14,42,0.329709023,0.290541186,1,0,1,0.428927839,0.3803717,0.180081499,1,1,0,0,0
67.05,1.70148284,-1.78238358,48.2144919,0.05,-0.268391758,FollowWall,following_with_distance_only,0,14,42,0.329709023,0.290541186,1,0,1,0.428927839,0.382256073,0.180081499,1,1,0,0,0
67.1,1.70316098,-1.78053051,47.4571355,0.05,-0.277685702,FollowWall,following_with_distance_only,0,14,42,0.325114638,0.28152337,1,0,1,0.435123801,0.38414217,0.180081499,1,1,0,0,0
67.15,1.70486372,-1.77870003,46.6838814,0.05,-0.277685702,FollowWall,following_with_distance_only,0,14,42,0.325114638,0.28152337,1,0,1,0.435123801,0.386030775,0.180081499,1,1,0,0,0
67.2,1.70659116,-1.77689284,45.9013536,0,0.6,TurnLeft,avoiding_front_obstacle,0,14,42,0.320668578,0.266616018,1,0,1,0.442177713,0.387921874,0.180081499,1,1,0,0,0
67.25,1.70760364,-1.77584325,46.1610763,0,0.6,TurnLeft,avoiding_front_obstacle,0,14,42,0.320668578,0.266616018,1,0,1,0.442177713,0.388940818,0.180081499,1,1,0,0,0
67.3,1.70818819,-1.77522521,47.0287784,0,0.6,TurnLeft,avoiding_front_obstacle,0,14,42,0.320125312,0.268123699,1,0,1,0.430942148,0.389476631,0.180081499,1,1,0,0,0
67.35,1.70852255,-1.77485852,48.2511352,0,0.6,TurnLeft,avoiding_front_obstacle,0,14,42,0.320125312,0.268123699,1,0,1,0.430942148,0.389780125,0.180081499,1,1,0,0,0
67.4,1.70871259,-1.77464017,49.680374,0,0.6,TurnLeft,avoiding_front_obstacle,0,14,42,0.32227695,0.28197686,1,0,1,0.411239058,0.390002725,0.180081499,1,1,0,0,0
67.45,1.7088201,-1.77450996,51.2302938,0,0.6,TurnLeft,avoiding_front_obstacle,0,14,42,0.32227695,0.28197686,1,0,1,0.411239058,0.390232729,0.180081499,1,1,0,0,0
67.5,1.70888069,-1.7744323,52.8506109,0,0.6,TurnLeft,avoiding_front_obstacle,0,14,42,0.326214373,0.293571346,1,0,1,0.391277432,0.39052053,0.180081499,1,1,0,0,0
67.55,1.70891472,-1.774386,54.5119932,0,0.6,TurnLeft,avoiding_front_obstacle,0,14,42,0.326214373,0.293571346,1,0,1,0.391277432,0.390894426,0.180081499,1,1,0,0,0
67.6,1.70893378,-1.77435842,56.1973301,0,0.6,TurnLeft,avoiding_front_obstacle,0,14,42,0.33169052,0.312007329,1,0,1,0.373277694,0.391370048,0.180081499,1,1,0,0,0
67.65,1.70894441,-1.77434202,57.8966405,0,0.6,TurnLeft,avoiding_front_obstacle,0,14,42,0.33169052,0.312007329,1,0,1,0.373277694,0.39195583,0.180081499,1,1,0,0,0
67.7,1.70895033,-1.77433227,59.6041022,0,0.6,TurnLeft,avoiding_front_obstacle,0,14,42,0.338696033,0.348863633,1,0,1,0.35758251,0.392656134,0.180081499,1,1,0,0,0
67.75,1.70895361,-1.77432648,61.3163187,0,0.6,TurnLeft,avoiding_front_obstacle,0,14,42,0.338696033,0.348863633,1,0,1,0.35758251,0.393473009,0.180081499,1,1,0,0,0
67.8,1.70895542,-1.77432305,63.0313089,0,0.6,TurnLeft,avoiding_front_obstacle,0,14,42,0.347343087,0.375275659,1,0,1,0.344045073,0.394407181,0.180081499,1,1,0,0,0
67.85,1.70895642,-1.77432101,64.7479172,0,0.6,TurnLeft,avoiding_front_obstacle,0,14,42,0.347343087,0.375275659,1,0,1,0.344045073,0.395458599,0.180081499,1,1,0,0,0
67.9,1.70895696,-1.77431981,66.4654692,0,0.6,TurnLeft,avoiding_front_obstacle,0,14,42,0.357827425,0.438798985,1,0,1,0.332429886,0.39662674,0.180081499,1,1,0,0,0
67.95,1.70895726,-1.7743191,68.1835718,0,0.6,TurnLeft,avoiding_front_obstacle,0,14,42,0.357827425,0.438798985,1,0,1,0.332429886,0.39791078,0.180081499,1,1,0,0,0
68,1.70895742,-1.77431868,69.9019955,0,0.6,TurnLeft,avoiding_front_obstacle,0,14,42,0.370422691,0.491932373,1,0,1,0.322517067,0.399309682,0.180081499,1,1,0,0,0
68.05,1.70895751,-1.77431843,71.6206066,0,0.6,TurnLeft,avoiding_front_obstacle,0,14,42,0.370422691,0.491932373,1,0,1,0.322517067,0.40082225,0.180081499,1,1,0,0,0
68.1,1.70895755,-1.77431829,73.339327,0,0,FollowWall,front_obstacle_cleared,0,14,42,0.385492355,0.604115315,1,1,1,0.31412369,0.402447154,0.180081499,1,1,0,0,0
68.15,1.70895758,-1.7743182,74.3419139,0.0662693271,0.205960093,FollowWall,following_right_wall,0,14,42,0.385492355,0.604115315,1,1,1,0.31412369,0.403446319,0.180081499,1,1,0,0,0
68.2,1.70932057,-1.77298611,75.172603,0.066566889,0.201496665,FollowWall,following_right_wall,0,14,42,0.394333482,0.671187837,1,1,1,0.30972749,0.40563456,0.180081499,1,1,0,0,0
68.25,1.70986815,-1.7708634,75.8976906,0.066566889,0.201496665,FollowWall,following_right_wall,0,14,42,0.394333482,0.671187837,1,1,1,0.30972749,0.408525437,0.180081499,1,1,0,0,0
68.3,1.71050265,-1.76827443,76.5611773,0.0668720146,0.196919781,FollowWall,following_right_wall,0,14,42,0.400639743,0.74293848,1,1,1,0.305474848,0.411834249,0.180081499,1,1,0,0,0
68.35,1.71117223,-1.76540338,77.1832668,0.0668720146,0.196919781,FollowWall,following_right_wall,0,14,42,0.400639743,0.74293848,1,1,1,0.305474848,0.415394828,0.180081499,1,1,0,0,0
68.4,1.71184693,-1.76236449,77.7812081,0.067681427,0.184778594,FollowWall,following_right_wall,0,14,42,0.406285793,0.812622109,1,1,1,0.30210954,0.41910973,0.180081499,1,1,0,0,0
68.45,1.71251399,-1.75920833,78.3505704,0.067681427,0.184778594,FollowWall,following_right_wall,0,14,42,0.406285793,0.812622109,1,1,1,0.30210954,0.422921585,0.180081499,1,1,0,0,0
68.5,1.71316313,-1.75598117,78.9032616,0.0690867545,0.163698683,FollowWall,following_right_wall,0,14,42,0.411772639,0.892228238,1,1,1,0.299465895,0.426796374,0.180081499,1,1,0,0,0
68.55,1.71379482,-1.75268158,79.4210657,0.0690867545,0.163698683,FollowWall,following_right_wall,0,14,42,0.411772639,0.892228238,1,1,1,0.299465895,0.430712622,0.180081499,1,1,0,0,0
68.6,1.71440433,-1.74933764,79.918519,0.0703493871,0.144759194,FollowWall,following_right_wall,0,14,42,0.417016119,0.995218614,1,1,1,0.296855539,0.434657938,0.180081499,1,1,0,0,0
68.65,1.71499424,-1.7459401,80.3814936,0.0703493871,0.144759194,FollowWall,following_right_wall,0,14,42,0.417016119,0.995218614,1,1,1,0.296855539,0.438623044,0.180081499,1,1,0,0,0
68.7,1.71556198,-1.74250959,80.8243557,0.0714825405,0.127761892,FollowWall,following_right_wall,0,14,42,0.42192027,1.05228384,1,1,1,0.294629395,0.442603506,0.180081499,1,1,0,0,0
68.75,1.71611044,-1.73903505,81.2351965,0.0714825405,0.127761892,FollowWall,following_right_wall,0,14,42,0.42192027,1.05228384,1,1,1,0.294629395,0.446594382,0.180081499,1,1,0,0,0
68.8,1.71663806,-1.73553344,81.6273581,0.0725003403,0.112494895,FollowWall,following_right_wall,0,14,42,0.426441401,1.17245333,1,1,1,0.29281643,0.45059433,0.180081499,1,1,0,0,0
68.85,1.71714756,-1.73199384,81.9904,0.0725003403,0.112494895,FollowWall,following_right_wall,0,14,42,0.426441401,1.17245333,1,1,1,0.29281643,0.454600025,0.180081499,1,1,0,0,0
68.9,1.71763793,-1.72843095,82.3364553,0.0733679922,0.0994801172,FollowWall,following_right_wall,0,14,42,0.430559337,1.30602306,1,1,1,0.291294098,0.458611435,0.180081499,1,1,0,0,0
68.95,1.71811148,-1.72483556,82.6570665,0.0733679922,0.0994801172,FollowWall,following_right_wall,0,14,42,0.430559337,1.30602306,1,1,1,0.291294098,0.462626048,0.180081499,1,1,0,0,0
69,1.71856756,-1.72122029,82.9628353,0.0740994033,0.0885089505,FollowWall,following_right_wall,0,14,42,0.434283286,1.37451874,1,1,1,0.290058672,0.466644417,0.180081499,1,1,0,0,0
69.05,1.71900808,-1.71757747,83.2468503,0.0740994033,0.0885089505,FollowWall,following_right_wall,0,14,42,0.434283286,1.37451874,1,1,1,0.290058672,0.47066452,0.180081499,1,1,0,0,0
69.1,1.71943265,-1.71391782,83.5181755,0.0747396612,0.0789050818,FollowWall,following_right_wall,0,14,42,0.437640667,1.44179405,1,1,1,0.288844049,0.474687161,0.180081499,1,1,0,0,0
69.15,1.71984292,-1.7102344,83.7706345,0.0747396612,0.0789050818,FollowWall,following_right_wall,0,14,42,0.437640667,1.44179405,1,1,1,0.288844049,0.478710568,0.180081499,1,1,0,0,0
69.2,1.72023867,-1.7065365,84.0120882,0.0753028947,0.0704565794,FollowWall,following_right_wall,0,14,42,0.440656155,1.63021363,1,1,1,0.287656128,0.482735661,0.180081499,1,1,0,0,0
69.25,1.72062134,-1.7028179,84.2370376,0.0753028947,0.0704565794,FollowWall,following_right_wall,0,14,42,0.440656155,1.63021363,1,1,1,0.287656128,0.486760857,0.180081499,1,1,0,0,0
69.3,1.72099082,-1.6990867,84.4523594,0.0758042152,0.0629367716,FollowWall,following_right_wall,0,14,42,0.443350077,1.70569433,1,1,1,0.286548167,0.490787124,0.180081499,1,1,0,0,0
69.35,1.72134837,-1.69533727,84.6530891,0.0758042152,0.0629367716,FollowWall,following_right_wall,0,14,42,0.443350077,1.70569433,1,1,1,0.286548167,0.494813019,0.180081499,1,1,0,0,0
69.4,1.72169397,-1.69157678,84.8453066,0.0762461489,0.0563077669,FollowWall,following_right_wall,0,14,42,0.44573918,1.94711369,1,1,1,0.285424709,0.498839524,0.180081499,1,1,0,0,0
69.45,1.72202869,-1.68780026,85.0246459,0.0762461489,0.0563077669,FollowWall,following_right_wall,0,14,42,0.44573918,1.94711369,1,1,1,0.285424709,0.502865347,0.180081499,1,1,0,0,0
69.5,1.72235258,-1.68401402,85.196473,0.0766461748,0.0503073785,FollowWall,following_right_wall,0,14,42,0.447840542,1.94293928,1,1,1,0.284413338,0.50689145,0.180081499,1,1,0,0,0
69.55,1.7226666,-1.68021347,85.3567554,0.0766461748,0.0503073785,FollowWall,following_right_wall,0,14,42,0.447840542,1.94293928,1,1,1,0.284413338,0.510916633,0.180081499,1,1,0,0,0
69.6,1.72297084,-1.67640426,85.5103035,0.0770028683,0.0449569756,FollowWall,following_right_wall,0,14,42,0.449667722,1.93470889,1,1,1,0.283406556,0.514941833,0.180081499,1,1,0,0,0
69.65,1.72326614,-1.67258231,85.6535367,0.0770028683,0.0449569756,FollowWall,following_right_wall,0,14,42,0.449667722,1.93470889,1,1,1,0.283406556,0.518965969,0.180081499,1,1,0,0,0
69.7,1.7235526,-1.66875267,85.7907528,0.0773247413,0.0401288798,FollowWall,following_right_wall,0,14,42,0.451234818,1.92659668,1,1,1,0.28244254,0.52298994,0.180081499,1,1,0,0,0
69.75,1.72383098,-1.66491161,85.9186959,0.0773247413,0.0401288798,FollowWall,following_right_wall,0,14,42,0.451234818,1.92659668,1,1,1,0.28244254,0.527012752,0.180081499,1,1,0,0,0
69.8,1.72410141,-1.66106367,86.0412297,0.0776291249,0.0355631264,FollowWall,following_right_wall,0,14,42,0.452555329,1.91858727,1,1,1,0.2816782,0.531035262,0.180081499,1,1,0,0,0
69.85,1.72436458,-1.6572052,86.155158,0.0776291249,0.0355631264,FollowWall,following_right_wall,0,14,42,0.452555329,1.91858727,1,1,1,0.2816782,0.535056495,0.180081499,1,1,0,0,0
69.9,1.72462062,-1.65334039,86.2640666,0.0779043347,0.0314349802,FollowWall,following_right_wall,0,14,42,0.453636527,1.91066792,1,1,1,0.28092432,0.539077287,0.180081499,1,1,0,0,0
69.95,1.72487018,-1.649466,86.3651194,0.0779043347,0.0314349802,FollowWall,following_right_wall,0,14,42,0.453636527,1.91066792,1,1,1,0.28092432,0.543096759,0.180081499,1,1,0,0,0
70,1.72511339,-1.64558587,86.4615896,0.0781752373,0.0273714407,FollowWall,following_right_wall,0,14,42,0.454488516,1.90282802,1,1,1,0.280448824,0.547115711,0.180081499,1,1,0,0,0
70.05,1.72535085,-1.6416966,86.5505361,0.0781752373,0.0273714407,FollowWall,following_right_wall,0,14,42,0.454488516,1.90282802,1,1,1,0.280448824,0.551133232,0.180081499,1,1,0,0,0
70.1,1.72558273,-1.63780189,86.6350938,0.0783667856,0.0244982163,FollowWall,following_right_wall,0,14,42,0.455114454,1.89505806,1,1,1,0.279327691,0.555150116,0.180081499,1,1,0,0,0
70.15,1.72580947,-1.63389989,86.7136617,0.0783667856,0.0244982163,FollowWall,following_right_wall,0,14,42,0.455114454,1.89505806,1,1,1,0.279327691,0.55916584,0.180081499,1,1,0,0,0
70.2,1.72603121,-1.62999353,86.7887356,0.0785492466,0.0217613017,FollowWall,following_right_wall,0,14,42,0.455546916,1.88735087,1,1,1,0.278635651,0.563181053,0.180081499,1,1,0,0,0
70.25,1.72624835,-1.62608073,86.8585044,0.0785492466,0.0217613017,FollowWall,following_right_wall,0,14,42,0.455546916,1.88735087,1,1,1,0.278635651,0.567195179,0.180081499,1,1,0,0,0
70.3,1.72646103,-1.62216408,86.9251784,0.0786828721,0.0197569191,FollowWall,following_right_wall,0,14,42,0.455807567,1.87969955,1,1,1,0.27796191,0.57120881,0.180081499,1,1,0,0,0
70.35,1.72666955,-1.61824231,86.9876547,0.0786828721,0.0197569191,FollowWall,following_right_wall,0,14,42,0.455807567,1.87969955,1,1,1,0.27796191,0.57522158,0.180081499,1,1,0,0,0
70.4,1.72687403,-1.61431748,87.0476823,0.0788972525,0.016541213,FollowWall,following_right_wall,0,14,42,0.45592609,1.87209862,1,1,1,0.277967721,0.579233969,0.180081499,1,1,0,0,0
70.45,1.72707489,-1.61038632,87.102443,0.0788972525,0.016541213,FollowWall,following_right_wall,0,14,42,0.45592609,1.87209862,1,1,1,0.277967721,0.583245101,0.180081499,1,1,0,0,0
70.5,1.72727227,-1.60645141,87.1541314,0.0790354928,0.0144676079,FollowWall,following_right_wall,0,14,42,0.455882102,1.86453903,1,1,1,0.277436823,0.58725559,0.180081499,1,1,0,0,0
70.55,1.7274665,-1.60251137,87.2015524,0.0790354928,0.0144676079,FollowWall,following_right_wall,0,14,42,0.455882102,1.86453903,1,1,1,0.277436823,0.591265044,0.180081499,1,1,0,0,0
70.6,1.72765769,-1.59856829,87.246484,0.0791750981,0.0123735283,FollowWall,following_right_wall,0,14,42,0.455695063,1.85701435,1,1,1,0.277247638,0.59527397,0.180081499,1,1,0,0,0
70.65,1.72784615,-1.59462046,87.287464,0.0791750981,0.0123735283,FollowWall,following_right_wall,0,14,42,0.455695063,1.85701435,1,1,1,0.277247638,0.599281897,0.180081499,1,1,0,0,0
70.7,1.72803199,-1.59066983,87.3261388,0.0792679173,0.0109812401,FollowWall,following_right_wall,0,14,42,0.45538044,1.849282,1,1,1,0.276829213,0.603289302,0.180081499,1,1,0,0,0
70.75,1.72821542,-1.58671559,87.361807,0.0792679173,0.0109812401,FollowWall,following_right_wall,0,14,42,0.45538044,1.849282,1,1,1,0.276829213,0.607295951,0.180081499,1,1,0,0,0
70.8,1.72839655,-1.58275919,87.3957213,0.0793518354,0.00972246869,FollowWall,following_right_wall,0,14,42,0.454966962,1.84105531,1,1,1,0.276578486,0.61130221,0.180081499,1,1,0,0,0
70.85,1.72857556,-1.57879976,87.42711,0.0793518354,0.00972246869,FollowWall,following_right_wall,0,14,42,0.454966962,1.84105531,1,1,1,0.276578486,0.615307827,0.180081499,1,1,0,0,0
70.9,1.72875252,-1.57483852,87.4570254,0.0793817627,0.00927355883,FollowWall,following_right_wall,0,14,42,0.454476595,1.83287951,1,1,1,0.2759583,0.619313114,0.180081499,1,1,0,0,0
70.95,1.72892754,-1.57087557,87.4855456,0.0793817627,0.00927355883,FollowWall,following_right_wall,0,14,42,0.454476595,1.83287951,1,1,1,0.2759583,0.623318085,0.180081499,1,1,0,0,0
71,1.72910065,-1.56691158,87.5132518,0.0794624521,0.008063219,FollowWall,following_right_wall,0,14,42,0.453945965,1.82475865,1,1,1,0.276103675,0.627322913,0.180081499,1,1,0,0,0
71.05,1.72927201,-1.56294529,87.5390386,0.0794624521,0.008063219,FollowWall,following_right_wall,0,14,42,0.453945965,1.82475865,1,1,1,0.276103675,0.631327246,0.180081499,1,1,0,0,0
71.1,1.72944168,-1.55897761,87.5637056,0.0794814907,0.00777763917,FollowWall,following_right_wall,0,14,42,0.453374296,1.81669451,1,1,1,0.275755435,0.635331323,0.180081499,1,1,0,0,0
71.15,1.72960972,-1.55500871,87.5873786,0.0794814907,0.00777763917,FollowWall,following_right_wall,0,14,42,0.453374296,1.81669451,1,1,1,0.275755435,0.639335179,0.180081499,1,1,0,0,0
71.2,1.72977617,-1.55103907,87.6104717,0.0794644502,0.00803324768,FollowWall,following_right_wall,0,14,42,0.452788115,1.80868936,1,1,1,0.275168896,0.643338939,0.180081499,1,1,0,0,0
71.25,1.72994103,-1.54706933,87.6335316,0.0794644502,0.00803324768,FollowWall,following_right_wall,0,14,42,0.452788115,1.80868936,1,1,1,0.275168896,0.647342772,0.180081499,1,1,0,0,0
71.3,1.73010429,-1.54309949,87.6565722,0.0794648508,0.00802723859,FollowWall,following_right_wall,0,14,42,0.452223778,1.80074559,1,1,1,0.274892539,0.651346681,0.180081499,1,1,0,0,0
71.35,1.73026595,-1.53912957,87.6795944,0.0794648508,0.00802723859,FollowWall,following_right_wall,0,14,42,0.452223778,1.80074559,1,1,1,0.274892539,0.655350668,0.180081499,1,1,0,0,0
71.4,1.73042602,-1.53515957,87.7026058,0.0794246067,0.00863089958,FollowWall,following_right_wall,0,14,42,0.451694071,1.79286307,1,1,1,0.27425915,0.659354732,0.180081499,1,1,0,0,0
71.45,1.73058443,-1.53119033,87.7263315,0.0794246067,0.00863089958,FollowWall,following_right_wall,0,14,42,0.451694071,1.79286307,1,1,1,0.27425915,0.663359106,0.180081499,1,1,0,0,0
71.5,1.73074117,-1.52722152,87.7504739,0.0793759563,0.00936065508,FollowWall,following_right_wall,0,14,42,0.451224566,1.78504204,1,1,1,0.273592293,0.667363698,0.180081499,1,1,0,0,0
71.55,1.73089615,-1.52325393,87.7757304,0.0793759563,0.00936065508,FollowWall,following_right_wall,0,14,42,0.451224566,1.78504204,1,1,1,0.273592293,0.671368732,0.180081499,1,1,0,0,0
71.6,1.73104933,-1.51928703,87.8016368,0.0793665243,0.00950213562,FollowWall,following_right_wall,0,14,42,0.45083645,1.77728132,1,1,1,0.273204654,0.675374064,0.180081499,1,1,0,0,0
71.65,1.73120067,-1.5153207,87.8280913,0.0793665243,0.00950213562,FollowWall,following_right_wall,0,14,42,0.45083645,1.77728132,1,1,1,0.273204654,0.679379664,0.180081499,1,1,0,0,0
71.7,1.73135016,-1.51135467,87.8548653,0.0793554072,0.00966889233,FollowWall,following_right_wall,0,14,42,0.450523943,1.7695772,1,1,1,0.272609323,0.68338546,0.180081499,1,1,0,0,0
71.75,1.73149776,-1.50738902,87.8820249,0.0793554072,0.00966889233,FollowWall,following_right_wall,0,14,42,0.450523943,1.7695772,1,1,1,0.272609323,0.687391473,0.180081499,1,1,0,0,0
71.8,1.73164346,-1.50342356,87.9094094,0.0794183596,0.00872460628,FollowWall,following_right_wall,0,14,42,0.450284988,1.76192552,1,1,1,0.272773951,0.691397652,0.180081499,1,1,0,0,0
71.85,1.73178734,-1.49945687,87.935798,0.0794183596,0.00872460628,FollowWall,following_right_wall,0,14,42,0.450284988,1.76192552,1,1,1,0.272773951,0.6954036,0.180081499,1,1,0,0,0
71.9,1.73192945,-1.49548944,87.9616055,0.0794322483,0.00851627552,FollowWall,following_right_wall,0,14,42,0.450087458,1.75070172,1,1,1,0.272319645,0.699409445,0.180081499,1,1,0,0,0
71.95,1.73206981,-1.49152127,87.9868254,0.0794322483,0.00851627552,FollowWall,following_right_wall,0,14,42,0.450087458,1.75070172,1,1,1,0.272319645,0.703415182,0.180081499,1,1,0,0,0
72,1.73220845,-1.48755263,88.0117026,0.0794889928,0.00766510801,FollowWall,following_right_wall,0,14,42,0.449936539,1.7427279,1,1,1,0.272264689,0.707420889,0.180081499,1,1,0,0,0
72.05,1.73234545,-1.48358253,88.0353639,0.0794889928,0.00766510801,FollowWall,following_right_wall,0,14,42,0.449936539,1.7427279,1,1,1,0.272264689,0.711426274,0.180081499,1,1,0,0,0
72.1,1.73248087,-1.47961154,88.0583158,0.0795210233,0.00718465054,FollowWall,following_right_wall,0,14,42,0.44982031,1.73480701,1,1,1,0.271878749,0.715431498,0.180081499,1,1,0,0,0
72.15,1.73261477,-1.47563936,88.0802805,0.0795210233,0.00718465054,FollowWall,following_right_wall,0,14,42,0.44982031,1.73480701,1,1,1,0.271878749,0.719436467,0.180081499,1,1,0,0,0
72.2,1.73274719,-1.47166645,88.1016693,0.0795791539,0.00631269097,FollowWall,following_right_wall,0,14,42,0.449741781,1.72693979,1,1,1,0.271722883,0.723441311,0.180081499,1,1,0,0,0
72.25,1.73287823,-1.46769189,88.1216813,0.0795791539,0.00631269097,FollowWall,following_right_wall,0,14,42,0.449741781,1.72693979,1,1,1,0.271722883,0.727445761,0.180081499,1,1,0,0,0
72.3,1.73300794,-1.46371636,88.1408902,0.0796061954,0.00590706864,FollowWall,following_right_wall,0,14,42,0.44969219,1.71912396,1,1,1,0.271181315,0.731450002,0.180081499,1,1,0,0,0
72.35,1.73313639,-1.45973968,88.1591464,0.0796061954,0.00590706864,FollowWall,following_right_wall,0,14,42,0.44969219,1.71912396,1,1,1,0.271181315,0.73545398,0.180081499,1,1,0,0,0
72.4,1.73326361,-1.45576231,88.1768469,0.0797080998,0.00437850349,FollowWall,following_right_wall,0,14,42,0.449679047,1.71135989,1,1,1,0.271410942,0.739457824,0.180081499,1,1,0,0,0
72.45,1.73338975,-1.4517824,88.1923987,0.0797080998,0.00437850349,FollowWall,following_right_wall,0,14,42,0.449679047,1.71135989,1,1,1,0.271410942,0.743460999,0.180081499,1,1,0,0,0
72.5,1.7335149,-1.447801,88.206697,0.0797747356,0.00337896592,FollowWall,following_right_wall,0,14,42,0.449672073,1.70363936,1,1,1,0.271349281,0.747463795,0.180081499,1,1,0,0,0
72.55,1.73363919,-1.44381734,88.219071,0.0797747356,0.00337896592,FollowWall,following_right_wall,0,14,42,0.449672073,1.70363936,1,1,1,0.271349281,0.751465983,0.180081499,1,1,0,0,0
72.6,1.73376271,-1.43983234,88.2303225,0.079767752,0.00348371975,FollowWall,following_right_wall,0,14,42,0.449666679,1.69595881,1,1,1,0.27087152,0.755467826,0.180081499,1,1,0,0,0
72.65,1.73388548,-1.43584671,88.2410443,0.079767752,0.00348371975,FollowWall,following_right_wall,0,14,42,0.449666679,1.69595881,1,1,1,0.27087152,0.759469519,0.180081499,1,1,0,0,0
72.7,1.73400752,-1.43186069,88.251457,0.079772787,0.00340819568,FollowWall,following_right_wall,0,14,42,0.449696124,1.6883224,1,1,1,0.2705594,0.763471135,0.180081499,1,1,0,0,0
72.75,1.73412886,-1.42787434,88.2615994,0.079772787,0.00340819568,FollowWall,following_right_wall,0,14,42,0.449696124,1.6883224,1,1,1,0.2705594,0.767472686,0.180081499,1,1,0,0,0
72.8,1.73424951,-1.42388778,88.271584,0.0797635083,0.00354737485,FollowWall,following_right_wall,0,14,42,0.449771255,1.6807287,1,1,1,0.270102769,0.771474208,0.180081499,1,1,0,0,0
72.85,1.73436945,-1.41990129,88.2816427,0.0797635083,0.00354737485,FollowWall,following_right_wall,0,14,42,0.449771255,1.6807287,1,1,1,0.270102769,0.775475779,0.180081499,1,1,0,0,0
72.9,1.73448869,-1.41591483,88.2917446,0.0797294062,0.00405890628,FollowWall,following_right_wall,0,14,42,0.449897915,1.67317319,1,1,1,0.269372106,0.779477389,0.180081499,1,1,0,0,0
72.95,1.73460719,-1.41192908,88.3024824,0.0797294062,0.00405890628,FollowWall,following_right_wall,0,14,42,0.449897915,1.67317319,1,1,1,0.269372106,0.783479238,0.180081499,1,1,0,0,0
73,1.73472491,-1.40794375,88.3135911,0.0797458512,0.0038122326,FollowWall,following_right_wall,0,14,42,0.450087667,1.66490968,1,1,1,0.269164413,0.787481238,0.180081499,1,1,0,0,0
73.05,1.73484187,-1.4039583,88.3246216,0.0797458512,0.0038122326,FollowWall,following_right_wall,0,14,42,0.450087667,1.66490968,1,1,1,0.269164413,0.791483239,0.180081499,1,1,0,0,0
73.1,1.73495806,-1.39997277,88.3356067,0.0797488107,0.00376783996,FollowWall,following_right_wall,0,14,42,0.450320035,1.65669498,1,1,1,0.268501312,0.79548525,0.180081499,1,1,0,0,0
73.15,1.73507349,-1.39598713,88.3465121,0.0797488107,0.00376783996,FollowWall,following_right_wall,0,14,42,0.450320035,1.65669498,1,1,1,0.268501312,0.799487261,0.180081499,1,1,0,0,0
73.2,1.73518817,-1.39200142,88.3573711,0.0798346483,0.00248027514,FollowWall,following_right_wall,0,14,42,0.45058462,1.64853231,1,1,1,0.268756926,0.803489281,0.180081499,1,1,0,0,0
73.25,1.7353022,-1.38801386,88.3666662,0.0798346483,0.00248027514,FollowWall,following_right_wall,0,14,42,0.45058462,1.64853231,1,1,1,0.268756926,0.807490795,0.180081499,1,1,0,0,0
73.3,1.73541564,-1.38402523,88.3750489,0.0798750567,0.00187414906,FollowWall,following_right_wall,0,14,42,0.45083639,1.64041774,1,1,1,0.268678963,0.81149202,0.180081499,1,1,0,0,0
73.35,1.73552858,-1.38003512,88.3821759,0.0798750567,0.00187414906,FollowWall,following_right_wall,0,14,42,0.45083639,1.64041774,1,1,1,0.268678963,0.815492837,0.180081499,1,1,0,0,0
73.4,1.73564108,-1.37604415,88.3885705,0.0799003354,0.00149496974,FollowWall,following_right_wall,0,14,42,0.451066583,1.63235341,1,1,1,0.268601269,0.819493419,0.180081499,1,1,0,0,0
73.45,1.73575319,-1.37205214,88.3940851,0.0799003354,0.00149496974,FollowWall,following_right_wall,0,14,42,0.451066583,1.63235341,1,1,1,0.268601269,0.823493716,0.180081499,1,1,0,0,0
73.5,1.73586495,-1.36805952,88.3990865,0.0799068766,0.0013968507,FollowWall,following_right_wall,0,14,42,0.451278627,1.62434314,1,1,1,0.268469185,0.827493849,0.180081499,1,1,0,0,0
73.55,1.7359764,-1.36406641,88.4036713,0.0799068766,0.0013968507,FollowWall,following_right_wall,0,14,42,0.451278627,1.62434314,1,1,1,0.268469185,0.831493851,0.180081499,1,1,0,0,0
73.6,1.73608753,-1.36007301,88.4080131,0.0799143632,0.00128455141,FollowWall,following_right_wall,0,14,42,0.45147866,1.61639014,1,1,1,0.268473625,0.83549378,0.180081499,1,1,0,0,0
73.65,1.73619839,-1.35607928,88.4120792,0.0799143632,0.00128455141,FollowWall,following_right_wall,0,14,42,0.45147866,1.61639014,1,1,1,0.268473625,0.839493623,0.180081499,1,1,0,0,0
73.7,1.73630897,-1.35208535,88.4159844,0.07986401,0.00203985074,FollowWall,following_right_wall,0,14,42,0.451665282,1.60849511,1,1,1,0.267969579,0.84349342,0.180081499,1,1,0,0,0
73.75,1.73641922,-1.34809236,88.4206973,0.07986401,0.00203985074,FollowWall,following_right_wall,0,14,42,0.451665282,1.60849511,1,1,1,0.267969579,0.847493501,0.180081499,1,1,0,0,0
73.8,1.73652912,-1.3440999,88.4258814,0.0798125818,0.00281127368,FollowWall,following_right_wall,0,14,42,0.451859802,1.60066224,1,1,1,0.267521977,0.851493752,0.180081499,1,1,0,0,0
73.85,1.73663857,-1.34010883,88.4322612,0.0798125818,0.00281127368,FollowWall,following_right_wall,0,14,42,0.451859802,1.60066224,1,1,1,0.267521977,0.855494424,0.180081499,1,1,0,0,0
73.9,1.73674754,-1.33611855,88.4393384,0.0798359776,0.00246033668,FollowWall,following_right_wall,0,14,42,0.452071935,1.59289235,1,1,1,0.26779145,0.859495347,0.180081499,1,1,0,0,0
73.95,1.73685601,-1.33212824,88.4464036,0.0798359776,0.00246033668,FollowWall,following_right_wall,0,14,42,0.452071935,1.59289235,1,1,1,0.26779145,0.863496281,0.180081499,1,1,0,0,0
74,1.73696399,-1.32813792,88.4534618,0.0798247394,0.00262890891,FollowWall,following_right_wall,0,14,42,0.452266872,1.58517711,1,1,1,0.267426163,0.867497227,0.180081499,1,1,0,0,0
74.05,1.73707146,-1.3241478,88.4607171,0.0798247394,0.00262890891,FollowWall,following_right_wall,0,14,42,0.452266872,1.58517711,1,1,1,0.267426163,0.871498256,0.180081499,1,1,0,0,0
74.1,1.73717843,-1.32015781,88.4680874,0.0797798421,0.00330236821,FollowWall,following_right_wall,0,14,42,0.452436656,1.57751259,1,1,1,0.267003953,0.87549934,0.180081499,1,1,0,0,0
74.15,1.73728482,-1.31616882,88.4763286,0.0797798421,0.00330236821,FollowWall,following_right_wall,0,14,42,0.452436656,1.57751259,1,1,1,0.267003953,0.879500738,0.180081499,1,1,0,0,0
74.2,1.7373906,-1.3121804,88.4850779,0.0797239281,0.00414107825,FollowWall,following_right_wall,0,14,42,0.45259425,1.5698976,1,1,1,0.266634524,0.883502328,0.180081499,1,1,0,0,0
74.25,1.73749569,-1.30819348,88.4951248,0.0797239281,0.00414107825,FollowWall,following_right_wall,0,14,42,0.45259425,1.5698976,1,1,1,0.266634524,0.887504383,0.180081499,1,1,0,0,0
74.3,1.73760004,-1.30420742,88.5059284,0.0796949686,0.00457547044,FollowWall,following_right_wall,0,14,42,0.452749997,1.56228738,1,1,1,0.266411036,0.891506719,0.180081499,1,1,0,0,0
74.35,1.73770356,-1.30022245,88.5176922,0.0796949686,0.00457547044,FollowWall,following_right_wall,0,14,42,0.452749997,1.56228738,1,1,1,0.266411036,0.89550941,0.180081499,1,1,0,0,0
74.4,1.73780624,-1.29623811,88.5300159,0.0796396526,0.00540521057,FollowWall,following_right_wall,0,14,42,0.452894151,1.55401256,1,1,1,0.265760839,0.89951232,0.180081499,1,1,0,0,0
74.45,1.73790797,-1.29225528,88.5436567,0.0796396526,0.00540521057,FollowWall,following_right_wall,0,14,42,0.452894151,1.55401256,1,1,1,0.265760839,0.903515711,0.180081499,1,1,0,0,0
74.5,1.7380087,-1.28827332,88.5580659,0.0796276793,0.00558481087,FollowWall,following_right_wall,0,14,42,0.453031063,1.54579194,1,1,1,0.265420616,0.907519397,0.180081499,1,1,0,0,0
74.55,1.73810839,-1.2842921,88.5731376,0.0796276793,0.00558481087,FollowWall,following_right_wall,0,14,42,0.453031063,1.54579194,1,1,1,0.265420616,0.911523345,0.180081499,1,1,0,0,0
74.6,1.73820701,-1.28031131,88.5885958,0.0796809929,0.00478510685,FollowWall,following_right_wall,0,14,42,0.453143865,1.53762695,1,1,1,0.265645295,0.91552746,0.180081499,1,1,0,0,0
74.65,1.7383046,-1.27632965,88.6033249,0.0796809929,0.00478510685,FollowWall,following_right_wall,0,14,42,0.453143865,1.53762695,1,1,1,0.265645295,0.919531357,0.180081499,1,1,0,0,0
74.7,1.7384012,-1.27234746,88.6176287,0.0797095843,0.00435623533,FollowWall,following_right_wall,0,14,42,0.453191012,1.52951497,1,1,1,0.265522957,0.923535137,0.180081499,1,1,0,0,0
74.75,1.73849684,-1.26836437,88.6311724,0.0797095843,0.00435623533,FollowWall,following_right_wall,0,14,42,0.453191012,1.52951497,1,1,1,0.265522957,0.927538683,0.180081499,1,1,0,0,0
74.8,1.73859158,-1.26438074,88.6442728,0.0797453322,0.00382001709,FollowWall,following_right_wall,0,14,42,0.453161716,1.5214566,1,1,1,0.26541093,0.931542103,0.180081499,1,1,0,0,0
74.85,1.73868546,-1.26039604,88.6564745,0.0797453322,0.00382001709,FollowWall,following_right_wall,0,14,42,0.453161716,1.5214566,1,1,1,0.26541093,0.935545236,0.180081499,1,1,0,0,0
74.9,1.73877852,-1.25641071,88.668152,0.0798035286,0.00294707162,FollowWall,following_right_wall,0,14,42,0.45305106,1.51345315,1,1,1,0.265479684,0.939548211,0.180081499,1,1,0,0,0
74.95,1.73887085,-1.2524238,88.6784816,0.0798035286,0.00294707162,FollowWall,following_right_wall,0,14,42,0.45305106,1.51345315,1,1,1,0.265479684,0.943550739,0.180081499,1,1,0,0,0
75,1.73896252,-1.24843596,88.6880251,0.0798636664,0.00204500343,FollowWall,following_right_wall,0,14,42,0.452846169,1.50550307,1,1,1,0.265530676,0.947553011,0.180081499,1,1,0,0,0
75.05,1.73905361,-1.24444632,88.6960331,0.0798636664,0.00204500343,FollowWall,following_right_wall,0,14,42,0.452846169,1.50550307,1,1,1,0.265530676,0.951554764,0.180081499,1,1,0,0,0
75.1,1.7391442,-1.24045562,88.7031455,0.0799033195,0.00145020717,FollowWall,following_right_wall,0,14,42,0.452539712,1.49760516,1,1,1,0.265340865,0.955556218,0.180081499,1,1,0,0,0
75.15,1.73923437,-1.23646348,88.7090255,0.0799033195,0.00145020717,FollowWall,following_right_wall,0,14,42,0.452539712,1.49760516,1,1,1,0.265340865,0.959557253,0.180081499,1,1,0,0,0
75.2,1.73932417,-1.2324705,88.7141865,0.0798990485,0.00151427307,FollowWall,following_right_wall,0,14,42,0.452139407,1.48975931,1,1,1,0.264658362,0.963558046,0.180081499,1,1,0,0,0
75.25,1.73941364,-1.2284771,88.7190047,0.0798990485,0.00151427307,FollowWall,following_right_wall,0,14,42,0.452139407,1.48975931,1,1,1,0.264658362,0.967558728,0.180081499,1,1,0,0,0
75.3,1.73950278,-1.22448347,88.7236228,0.079908562,0.00137157053,FollowWall,following_right_wall,0,14,42,0.451672405,1.48196742,1,1,1,0.264433831,0.971559349,0.180081499,1,1,0,0,0
75.35,1.73959162,-1.2204895,88.7279539,0.079908562,0.00137157053,FollowWall,following_right_wall,0,14,42,0.451672405,1.48196742,1,1,1,0.264433831,0.975559876,0.180081499,1,1,0,0,0
75.4,1.73968016,-1.21649533,88.7321175,0.0799056088,0.00141586738,FollowWall,following_right_wall,0,14,42,0.451148868,1.47422795,1,1,1,0.264328301,0.979560351,0.180081499,1,1,0,0,0
75.45,1.73976842,-1.21250109,88.7362364,0.0799056088,0.00141586738,FollowWall,following_right_wall,0,14,42,0.451148868,1.47422795,1,1,1,0.264328301,0.983560818,0.180081499,1,1,0,0,0
75.5,1.73985639,-1.20850682,88.7403291,0.079914684,0.00127973993,FollowWall,following_right_wall,0,14,42,0.450579792,1.46653816,1,1,1,0.263948798,0.987561283,0.180081499,1,1,0,0,0
75.55,1.73994409,-1.20451234,88.7442441,0.079914684,0.00127973993,FollowWall,following_right_wall,0,14,42,0.450579792,1.46653816,1,1,1,0.263948798,0.991561692,0.180081499,1,1,0,0,0
75.6,1.74003152,-1.20051773,88.7480555,0.0799730115,0.000404827556,FollowWall,following_right_wall,0,14,42,0.449968338,1.45889351,1,1,1,0.263986439,0.995562071,0.180081499,1,1,0,0,0
75.65,1.74011875,-1.19652183,88.750762,0.0799730115,0.000404827556,FollowWall,following_right_wall,0,14,42,0.449968338,1.45889351,1,1,1,0.263986439,0.999562068,0.180081499,1,1,0,0,0
75.7,1.74020584,-1.19252518,88.752824,0.0799705552,0.000441672172,FollowWall,following_right_wall,0,14,42,0.449295014,1.45123161,1,1,1,0.263519377,1.00356184,0.180081499,1,1,0,0,0
75.75,1.7402928,-1.18852814,88.754554,0.0799705552,0.000441672172,FollowWall,following_right_wall,0,14,42,0.449295014,1.45123161,1,1,1,0.263519377,1.0075615,0.180081499,1,1,0,0,0
75.8,1.74037964,-1.18453087,88.7560905,0.0799884129,0.000173806917,FollowWall,following_right_wall,0,14,42,0.448580235,1.44042414,1,1,1,0.263388842,1.0115611,0.180081499,1,1,0,0,0
75.85,1.74046641,-1.1805331,88.7571942,0.0799884129,0.000173806917,FollowWall,following_right_wall,0,14,42,0.448580235,1.44042414,1,1,1,0.263388842,1.01556054,0.180081499,1,1,0,0,0
75.9,1.74055312,-1.17653503,88.7580455,0.0799641341,0.000537988307,FollowWall,following_right_wall,0,14,42,0.447832257,1.43245966,1,1,1,0.262938201,1.0195599,0.180081499,1,1,0,0,0
75.95,1.74063975,-1.17253729,88.7591842,0.0799641341,0.000537988307,FollowWall,following_right_wall,0,14,42,0.447832257,1.43245966,1,1,1,0.262938201,1.02355936,0.180081499,1,1,0,0,0
76,1.74072629,-1.16853975,88.7604907,0.0799822505,0.000266242888,FollowWall,following_right_wall,0,14,42,0.447076172,1.42455592,1,1,1,0.263033837,1.02755889,0.180081499,1,1,0,0,0
76.05,1.74081275,-1.16454194,88.7615706,0.0799822505,0.000266242888,FollowWall,following_right_wall,0,14,42,0.447076172,1.42455592,1,1,1,0.263033837,1.03155833,0.180081499,1,1,0,0,0
76.1,1.74089915,-1.16054398,88.7625183,0.0799804758,0.000292863212,FollowWall,following_right_wall,0,14,42,0.446310073,1.41670948,1,1,1,0.263035089,1.03555773,0.180081499,1,1,0,0,0
76.15,1.74098548,-1.15654596,88.7634208,0.0799804758,0.000292863212,FollowWall,following_right_wall,0,14,42,0.446310073,1.41670948,1,1,1,0.263035089,1.03955711,0.180081499,1,1,0,0,0
76.2,1.74107175,-1.15254791,88.7642968,0.0799868883,0.000196675445,FollowWall,following_right_wall,0,14,42,0.445542932,1.40891856,1,1,1,0.26323539,1.04355649,0.180081499,1,1,0,0,0
76.25,1.74115796,-1.14854971,88.7650425,0.0799868883,0.000196675445,FollowWall,following_right_wall,0,14,42,0.445542932,1.40891856,1,1,1,0.26323539,1.04755582,0.180081499,1,1,0,0,0
76.3,1.74124413,-1.14455141,88.7657123,0.0799497419,0.000753871408,FollowWall,following_right_wall,0,14,42,0.444780886,1.4011803,1,1,1,0.263090551,1.05155513,0.180081499,1,1,0,0,0
76.35,1.74133022,-1.14055384,88.7670029,0.0799497419,0.000753871408,FollowWall,following_right_wall,0,14,42,0.444780886,1.4011803,1,1,1,0.263090551,1.05555466,0.180081499,1,1,0,0,0
76.4,1.74141619,-1.13655669,88.7686556,0.0799016411,0.00147538311,FollowWall,following_right_wall,0,14,42,0.444050103,1.39349553,1,1,1,0.262911767,1.05955431,0.180081499,1,1,0,0,0
76.45,1.74150199,-1.13256078,88.7713808,0.0799016411,0.00147538311,FollowWall,following_right_wall,0,14,42,0.444050103,1.39349553,1,1,1,0.262911767,1.06355435,0.180081499,1,1,0,0,0
76.5,1.74158755,-1.1285656,88.7747316,0.079867692,0.00198462004,FollowWall,following_right_wall,0,14,42,0.443374187,1.38586378,1,1,1,0.262934476,1.06755461,0.180081499,1,1,0,0,0
76.55,1.74167283,-1.12457154,88.7790552,0.079867692,0.00198462004,FollowWall,following_right_wall,0,14,42,0.443374187,1.38586378,1,1,1,0.262934476,1.07155522,0.180081499,1,1,0,0,0
76.6,1.74175777,-1.12057813,88.7839462,0.0797840095,0.00323985737,FollowWall,following_right_wall,0,14,42,0.442760497,1.3781244,1,1,1,0.262477219,1.07555603,0.180081499,1,1,0,0,0
76.65,1.74184226,-1.11658684,88.7906667,0.0797840095,0.00323985737,FollowWall,following_right_wall,0,14,42,0.442760497,1.3781244,1,1,1,0.262477219,1.0795575,0.180081499,1,1,0,0,0
76.7,1.74192622,-1.11259679,88.7984542,0.0796503373,0.00524494085,FollowWall,following_right_wall,0,14,42,0.442237675,1.36984718,1,1,1,0.261829048,1.08355936,0.180081499,1,1,0,0,0
76.75,1.74200946,-1.10861023,88.8092576,0.0796503373,0.00524494085,FollowWall,following_right_wall,0,14,42,0.442237675,1.36984718,1,1,1,0.261829048,1.0875623,0.180081499,1,1,0,0,0
76.8,1.74209184,-1.1046257,88.8218203,0.0796316789,0.00552481598,FollowWall,following_right_wall,0,14,42,0.441848606,1.36163706,1,1,1,0.261725843,1.09156588,0.180081499,1,1,0,0,0
76.85,1.74217327,-1.10064273,88.8357433,0.0796316789,0.00552481598,FollowWall,following_right_wall,0,14,42,0.441848606,1.36163706,1,1,1,0.261725843,1.09556996,0.180081499,1,1,0,0,0
76.9,1.74225368,-1.09666067,88.8504598,0.0795935785,0.0060963218,FollowWall,following_right_wall,0,14,42,0.441564322,1.35349,1,1,1,0.261235923,1.09957435,0.180081499,1,1,0,0,0
76.95,1.74233301,-1.09267991,88.8663214,0.0795935785,0.0060963218,FollowWall,following_right_wall,0,14,42,0.441564322,1.35349,1,1,1,0.261235923,1.10357918,0.180081499,1,1,0,0,0
77,1.7424112,-1.08869991,88.8828509,0.0796160838,0.00575874232,FollowWall,following_right_wall,0,14,42,0.441374928,1.34540576,1,1,1,0.261227548,1.10758427,0.180081499,1,1,0,0,0
77.05,1.74248824,-1.08471988,88.8993671,0.0796160838,0.00575874232,FollowWall,following_right_wall,0,14,42,0.441374928,1.34540576,1,1,1,0.261227548,1.11158939,0.180081499,1,1,0,0,0
77.1,1.74256413,-1.08073981,88.9158756,0.0796253639,0.00561954167,FollowWall,following_right_wall,0,14,42,0.441253394,1.33737982,1,1,1,0.260962039,1.11559453,0.180081499,1,1,0,0,0
77.15,1.74263888,-1.07675952,88.9322134,0.0796253639,0.00561954167,FollowWall,following_right_wall,0,14,42,0.441253394,1.33737982,1,1,1,0.260962039,1.11959965,0.180081499,1,1,0,0,0
77.2,1.74271251,-1.07277909,88.9484516,0.0796448062,0.00532790674,FollowWall,following_right_wall,0,14,42,0.441191643,1.32941111,1,1,1,0.26070267,1.12360476,0.180081499,1,1,0,0,0
77.25,1.74278503,-1.06879818,88.9642836,0.0796448062,0.00532790674,FollowWall,following_right_wall,0,14,42,0.441191643,1.32941111,1,1,1,0.26070267,1.12760975,0.180081499,1,1,0,0,0
77.3,1.74285646,-1.06481696,88.9798786,0.0796953268,0.0045700976,FollowWall,following_right_wall,0,14,42,0.441184312,1.32149903,1,1,1,0.260680884,1.13161469,0.180081499,1,1,0,0,0
77.35,1.74292687,-1.06083452,88.9944309,0.0796953268,0.0045700976,FollowWall,following_right_wall,0,14,42,0.441184312,1.32149903,1,1,1,0.260680884,1.13561928,0.180081499,1,1,0,0,0
77.4,1.7429963,-1.05685135,89.0083749,0.0797470975,0.00379353766,FollowWall,following_right_wall,0,14,42,0.441214085,1.31363918,1,1,1,0.260609508,1.13962367,0.180081499,1,1,0,0,0
77.45,1.74306482,-1.05286667,89.021037,0.0797470975,0.00379353766,FollowWall,following_right_wall,0,14,42,0.441214085,1.31363918,1,1,1,0.260609508,1.14362763,0.180081499,1,1,0,0,0
77.5,1.74313251,-1.04888111,89.0329515,0.0798154746,0.00276788146,FollowWall,following_right_wall,0,14,42,0.441270351,1.30582835,1,1,1,0.260667771,1.14763133,0.180081499,1,1,0,0,0
77.55,1.74319947,-1.0448936,89.0432055,0.0798154746,0.00276788146,FollowWall,following_right_wall,0,14,42,0.441270351,1.30582835,1,1,1,0.260667771,1.15163446,0.180081499,1,1,0,0,0
77.6,1.74326576,-1.04090495,89.052491,0.0799116332,0.00132550137,FollowWall,following_right_wall,0,14,42,0.441340119,1.29806226,1,1,1,0.260992497,1.15563725,0.180081499,1,1,0,0,0
77.65,1.74333152,-1.03691364,89.0594897,0.0799116332,0.00132550137,FollowWall,following_right_wall,0,14,42,0.441340119,1.29806226,1,1,1,0.260992497,1.15963923,0.180081499,1,1,0,0,0
77.7,1.74339687,-1.03292077,89.0651545,0.0799518329,0.000722506557,FollowWall,following_right_wall,0,14,42,0.441401929,1.29033411,1,1,1,0.260739774,1.16364074,0.180081499,1,1,0,0,0
77.75,1.74346191,-1.02892614,89.0693213,0.0799518329,0.000722506557,FollowWall,following_right_wall,0,14,42,0.441401929,1.29033411,1,1,1,0.260739774,1.16764171,0.180081499,1,1,0,0,0
77.8,1.74352671,-1.0249305,89.0726144,0.0799599379,0.00060093126,FollowWall,following_right_wall,0,14,42,0.441468716,1.28264428,1,1,1,0.260656893,1.17164238,0.180081499,1,1,0,0,0
77.85,1.74359131,-1.02093409,89.0752527,0.0799599379,0.00060093126,FollowWall,following_right_wall,0,14,42,0.441468716,1.28264428,1,1,1,0.260656893,1.17564281,0.180081499,1,1,0,0,0
77.9,1.74365574,-1.01693724,89.077509,0.0799658407,0.000512388987,FollowWall,following_right_wall,0,14,42,0.441562831,1.27489319,1,1,1,0.260622948,1.1796431,0.180081499,1,1,0,0,0
77.95,1.74372004,-1.01294,89.0794369,0.0799658407,0.000512388987,FollowWall,following_right_wall,0,14,42,0.441562831,1.27489319,1,1,1,0.260622948,1.18364328,0.180081499,1,1,0,0,0
78,1.74378421,-1.00894253,89.081173,0.0799152982,0.00127052641,FollowWall,following_right_wall,0,14,42,0.441693246,1.26700966,1,1,1,0.26001367,1.18764339,0.180081499,1,1,0,0,0
78.05,1.74384822,-1.00494599,89.0837024,0.0799152982,0.00127052641,FollowWall,following_right_wall,0,14,42,0.441693246,1.26700966,1,1,1,0.26001367,1.19164379,0.180081499,1,1,0,0,0
78.1,1.74391202,-1.00094998,89.0866944,0.0799169014,0.00124647903,FollowWall,following_right_wall,0,14,42,0.441886157,1.25894214,1,1,1,0.259700924,1.19564436,0.180081499,1,1,0,0,0
78.15,1.74397561,-0.996954247,89.0899276,0.0799169014,0.00124647903,FollowWall,following_right_wall,0,14,42,0.441886157,1.25894214,1,1,1,0.259700924,1.19964502,0.180081499,1,1,0,0,0
78.2,1.74403896,-0.992958675,89.0933015,0.0799454945,0.000817583012,FollowWall,following_right_wall,0,14,42,0.442128867,1.25067958,1,1,1,0.259455293,1.20364574,0.180081499,1,1,0,0,0
78.25,1.7441021,-0.988962599,89.0962456,0.0799454945,0.000817583012,FollowWall,following_right_wall,0,14,42,0.442128867,1.25067958,1,1,1,0.259455293,1.20764631,0.180081499,1,1,0,0,0
78.3,1.74416505,-0.984966229,89.0989389,0.079963354,0.000549690598,FollowWall,following_right_wall,0,14,42,0.442394972,1.24246547,1,1,1,0.259201258,1.21164679,0.180081499,1,1,0,0,0
78.35,1.74422783,-0.980969313,89.1011661,0.079963354,0.000549690598,FollowWall,following_right_wall,0,14,42,0.442394972,1.24246547,1,1,1,0.259201258,1.2156471,0.180081499,1,1,0,0,0
78.4,1.74429048,-0.976972079,89.1031214,0.0799981065,2.84025819e-05,FollowWall,following_right_wall,0,14,42,0.442672968,1.23430233,1,1,1,0.259237528,1.21964731,0.180081499,1,1,0,0,0
78.45,1.74435303,-0.972973935,89.104296,0.0799981065,2.84025819e-05,FollowWall,following_right_wall,0,14,42,0.442672968,1.23430233,1,1,1,0.259237528,1.22364725,0.180081499,1,1,0,0,0
78.5,1.74441552,-0.96897526,89.105015,0.0799820479,-0.000269281792,FollowWall,following_right_wall,0,14,42,0.442947417,1.22619121,1,1,1,0.259249657,1.22764702,0.180081499,1,1,0,0,0
78.55,1.74447798,-0.96497661,89.105113,0.0799820479,-0.000269281792,FollowWall,following_right_wall,0,14,42,0.442947417,1.22619121,1,1,1,0.259249657,1.23164582,0.180081499,1,1,0,0,0
78.6,1.74454045,-0.960977975,89.1048488,0.0799964958,5.2563235e-05,FollowWall,following_right_wall,0,14,42,0.443212986,1.21813641,1,1,1,0.258962989,1.23564405,0.180081499,1,1,0,0,0
78.65,1.74460293,-0.956979047,89.1047574,0.0799964958,5.2563235e-05,FollowWall,following_right_wall,0,14,42,0.443212986,1.21813641,1,1,1,0.258962989,1.23964284,0.180081499,1,1,0,0,0
78.7,1.74466542,-0.95297995,89.1047668,0.0799996041,-5.93882156e-06,FollowWall,following_right_wall,0,14,42,0.44348368,1.21014031,1,1,1,0.259036988,1.24364195,0.180081499,1,1,0,0,0
78.75,1.74472792,-0.948980687,89.1047652,0.0799996041,-5.93882156e-06,FollowWall,following_right_wall,0,14,42,0.44348368,1.21014031,1,1,1,0.259036988,1.24764121,0.180081499,1,1,0,0,0
78.8,1.74479041,-0.94498133,89.1047572,0.0799605101,0.000592348425,FollowWall,following_right_wall,0,14,42,0.44375217,1.20220314,1,1,1,0.258754402,1.25164056,0.180081499,1,1,0,0,0
78.85,1.74485287,-0.94098273,89.1054596,0.0799605101,0.000592348425,FollowWall,following_right_wall,0,14,42,0.44375217,1.20220314,1,1,1,0.258754402,1.25564023,0.180081499,1,1,0,0,0
78.9,1.74491526,-0.936984572,89.1065763,0.079963455,0.000548175554,FollowWall,following_right_wall,0,14,42,0.444028854,1.19432764,1,1,1,0.258985192,1.25964009,0.180081499,1,1,0,0,0
78.95,1.74497756,-0.932986609,89.1078821,0.079963455,0.000548175554,FollowWall,following_right_wall,0,14,42,0.444028854,1.19432764,1,1,1,0.258985192,1.26364005,0.180081499,1,1,0,0,0
79,1.74503976,-0.928988759,89.1092982,0.0799707863,0.000438206029,FollowWall,following_right_wall,0,14,42,0.44429782,1.18629659,1,1,1,0.259341598,1.26764006,0.180081499,1,1,0,0,0
79.05,1.74510187,-0.924990822,89.1106473,0.0799707863,0.000438206029,FollowWall,following_right_wall,0,14,42,0.44429782,1.18629659,1,1,1,0.259341598,1.27164005,0.180081499,1,1,0,0,0
79.1,1.74516389,-0.920992834,89.1119573,0.0799104374,0.00134343941,FollowWall,following_right_wall,0,14,42,0.444542736,1.1780369,1,1,1,0.25906074,1.27564004,0.180081499,1,1,0,0,0
79.15,1.74522576,-0.916996072,89.1143251,0.0799104374,0.00134343941,FollowWall,following_right_wall,0,14,42,0.444542736,1.1780369,1,1,1,0.25906074,1.27964041,0.180081499,1,1,0,0,0
79.2,1.74528743,-0.913000023,89.11731,0.0798800622,0.00179906734,FollowWall,following_right_wall,0,14,42,0.44478482,1.16983517,1,1,1,0.258695662,1.28364102,0.180081499,1,1,0,0,0
79.25,1.74534884,-0.909005021,89.1211986,0.0798800622,0.00179906734,FollowWall,following_right_wall,0,14,42,0.44478482,1.16983517,1,1,1,0.258695662,1.28764195,0.180081499,1,1,0,0,0
79.3,1.74540996,-0.905010627,89.1256144,0.0798178419,0.00273237185,FollowWall,following_right_wall,0,14,42,0.445021421,1.16169542,1,1,1,0.258419752,1.29164308,0.180081499,1,1,0,0,0
79.35,1.74547069,-0.901017882,89.1314519,0.0798178419,0.00273237185,FollowWall,following_right_wall,0,14,42,0.445021421,1.16169542,1,1,1,0.258419752,1.29564474,0.180081499,1,1,0,0,0
79.4,1.74553098,-0.897026094,89.1381186,0.0797508268,0.00373759794,FollowWall,following_right_wall,0,14,42,0.445260376,1.15362348,1,1,1,0.257949054,1.2996467,0.180081499,1,1,0,0,0
79.45,1.74559071,-0.893036257,89.1464689,0.0797508268,0.00373759794,FollowWall,following_right_wall,0,14,42,0.445260376,1.15362348,1,1,1,0.257949054,1.30364928,0.180081499,1,1,0,0,0
79.5,1.74564981,-0.889047554,89.1558014,0.0797359458,0.00396081272,FollowWall,following_right_wall,0,14,42,0.445507884,1.14562363,1,1,1,0.25785622,1.30765223,0.180081499,1,1,0,0,0
79.55,1.74570821,-0.885059817,89.1659732,0.0797359458,0.00396081272,FollowWall,following_right_wall,0,14,42,0.445507884,1.14562363,1,1,1,0.25785622,1.31165551,0.180081499,1,1,0,0,0
79.6,1.74576589,-0.88107264,89.1766346,0.0797031509,0.00445273652,FollowWall,following_right_wall,0,14,42,0.445740849,1.13769099,1,1,1,0.257435799,1.31565897,0.180081499,1,1,0,0,0
79.65,1.74582277,-0.877086466,89.1881688,0.0797031509,0.00445273652,FollowWall,following_right_wall,0,14,42,0.445740849,1.13769099,1,1,1,0.257435799,1.31966276,0.180081499,1,1,0,0,0
79.7,1.74587883,-0.873100873,89.2002122,0.0797118402,0.00432239688,FollowWall,following_right_wall,0,14,42,0.445952684,1.12982426,1,1,1,0.257309437,1.32366676,0.180081499,1,1,0,0,0
79.75,1.74593404,-0.869115433,89.212397,0.0797118402,0.00432239688,FollowWall,following_right_wall,0,14,42,0.445952684,1.12982426,1,1,1,0.257309437,1.32767082,0.180081499,1,1,0,0,0
79.8,1.7459884,-0.865130078,89.2246643,0.0797600804,0.00359879464,FollowWall,following_right_wall,0,14,42,0.446122766,1.12201738,1,1,1,0.257481486,1.33167494,0.180081499,1,1,0,0,0
79.85,1.74604195,-0.861143762,89.2361159,0.0797600804,0.00359879464,FollowWall,following_right_wall,0,14,42,0.446122766,1.12201738,1,1,1,0.257481486,1.33567876,0.180081499,1,1,0,0,0
79.9,1.74609473,-0.857156882,89.2470918,0.0798006364,0.00299045348,FollowWall,following_right_wall,0,14,42,0.446220249,1.11426085,1,1,1,0.257502198,1.33968243,0.180081499,1,1,0,0,0
79.95,1.74614679,-0.853168825,89.257064,0.0798006364,0.00299045348,FollowWall,following_right_wall,0,14,42,0.446220249,1.11426085,1,1,1,0.257502198,1.34368575,0.180081499,1,1,0,0,0
80,1.74619818,-0.849180078,89.2664507,0.0798414633,0.00237805104,FollowWall,following_right_wall,0,14,42,0.446233094,1.10654933,1,1,1,0.257470846,1.34768886,0.180081499,1,1,0,0,0
80.05,1.74624898,-0.845190076,89.2747648,0.0798414633,0.00237805104,FollowWall,following_right_wall,0,14,42,0.446233094,1.10654933,1,1,1,0.257470846,1.35169159,0.180081499,1,1,0,0,0
80.1,1.74629923,-0.841199338,89.2824533,0.0798897221,0.00165416781,FollowWall,following_right_wall,0,14,42,0.446157575,1.09874265,1,1,1,0.257468313,1.35569409,0.180081499,1,1,0,0,0
80.15,1.746349,-0.837207164,89.2889128,0.0798897221,0.00165416781,FollowWall,following_right_wall,0,14,42,0.446157575,1.09874265,1,1,1,0.257468313,1.35969616,0.180081499,1,1,0,0,0
80.2,1.74639836,-0.833214151,89.2946554,0.0799358963,0.000961555172,FollowWall,following_right_wall,0,14,42,0.445989132,1.09081067,1,1,1,0.257406443,1.36369796,0.180081499,1,1,0,0,0
80.25,1.74644738,-0.829219685,89.299153,0.0799358963,0.000961555172,FollowWall,following_right_wall,0,14,42,0.445989132,1.09081067,1,1,1,0.257406443,1.36769932,0.180081499,1,1,0,0,0
80.3,1.74649612,-0.825224371,89.3029243,0.0799332513,0.00100122996,FollowWall,following_right_wall,0,14,42,0.44572711,1.08293039,1,1,1,0.256811559,1.37170041,0.180081499,1,1,0,0,0
80.35,1.74654462,-0.821228615,89.3063194,0.0799332513,0.00100122996,FollowWall,following_right_wall,0,14,42,0.44572711,1.08293039,1,1,1,0.256811559,1.37570136,0.180081499,1,1,0,0,0
80.4,1.74659289,-0.817232602,89.309495,0.0799829019,-0.000256471842,FollowWall,following_right_wall,0,14,42,0.445395857,1.07510431,1,1,1,0.257130593,1.37970224,0.180081499,1,1,0,0,0
80.45,1.74664101,-0.813235403,89.3110413,0.0799829019,-0.000256471842,FollowWall,following_right_wall,0,14,42,0.445395857,1.07510431,1,1,1,0.257130593,1.38370181,0.180081499,1,1,0,0,0
80.5,1.74668907,-0.809237513,89.3116372,0.0799520279,-0.000719581589,FollowWall,following_right_wall,0,14,42,0.444970638,1.06693931,1,1,1,0.25743705,1.38770061,0.180081499,1,1,0,0,0
80.55,1.74673712,-0.805239864,89.3111258,0.0799520279,-0.000719581589,FollowWall,following_right_wall,0,14,42,0.444970638,1.06693931,1,1,1,0.25743705,1.39169748,0.180081499,1,1,0,0,0
80.6,1.74678522,-0.801242355,89.3099686,0.0799864899,-0.000202651915,FollowWall,following_right_wall,0,14,42,0.444460839,1.05871033,1,1,1,0.25701803,1.39569321,0.180081499,1,1,0,0,0
80.65,1.74683341,-0.797244212,89.3090517,0.0799864899,-0.000202651915,FollowWall,following_right_wall,0,14,42,0.444460839,1.05871033,1,1,1,0.25701803,1.39968995,0.180081499,1,1,0,0,0
80.7,1.74688166,-0.793245698,89.3082749,0.0799540007,-0.000689989622,FollowWall,following_right_wall,0,14,42,0.443908691,1.05053307,1,1,1,0.256856352,1.40368728,0.180081499,1,1,0,0,0
80.75,1.74692997,-0.789247645,89.3069982,0.0799540007,-0.000689989622,FollowWall,following_right_wall,0,14,42,0.443908691,1.05053307,1,1,1,0.256856352,1.40768337,0.180081499,1,1,0,0,0
80.8,1.74697838,-0.785249862,89.3054298,0.079956797,-0.000648044472,FollowWall,following_right_wall,0,14,42,0.443308383,1.04241108,1,1,1,0.256438553,1.41167875,0.180081499,1,1,0,0,0
80.85,1.74702691,-0.781252179,89.3037413,0.079956797,-0.000648044472,FollowWall,following_right_wall,0,14,42,0.443308383,1.04241108,1,1,1,0.256438553,1.41567385,0.180081499,1,1,0,0,0
80.9,1.74707555,-0.777254555,89.3019829,0.0799398801,-0.000901798564,FollowWall,following_right_wall,0,14,42,0.44267121,1.03434686,1,1,1,0.256326646,1.41966878,0.180081499,1,1,0,0,0
80.95,1.74712432,-0.773257318,89.2998807,0.0799398801,-0.000901798564,FollowWall,following_right_wall,0,14,42,0.44267121,1.03434686,1,1,1,0.256326646,1.4236628,0.180081499,1,1,0,0,0
81,1.74717325,-0.769260308,89.2975779,0.0799764216,-0.000353675536,FollowWall,following_right_wall,0,14,42,0.441999853,1.02634137,1,1,1,0.255782396,1.42765628,0.180081499,1,1,0,0,0
81.05,1.74722232,-0.76526267,89.2958125,0.0799764216,-0.000353675536,FollowWall,following_right_wall,0,14,42,0.441999853,1.02634137,1,1,1,0.255782396,1.43165122,0.180081499,1,1,0,0,0
81.1,1.74727151,-0.761264666,89.2943605,0.0799620586,-0.000569120983,FollowWall,following_right_wall,0,14,42,0.441322356,1.01839519,1,1,1,0.255845428,1.435647,0.180081499,1,1,0,0,0
81.15,1.7473208,-0.757266748,89.2928342,0.0799620586,-0.000569120983,FollowWall,following_right_wall,0,14,42,0.441322356,1.01839519,1,1,1,0.255845428,1.43964258,0.180081499,1,1,0,0,0
81.2,1.7473702,-0.753268881,89.2912644,0.079947111,-0.000793335175,FollowWall,following_right_wall,0,14,42,0.440635413,1.01050738,1,1,1,0.256019056,1.44363804,0.180081499,1,1,0,0,0
81.25,1.74741972,-0.749271356,89.2894018,0.079947111,-0.000793335175,FollowWall,following_right_wall,0,14,42,0.440635413,1.01050738,1,1,1,0.256019056,1.44763271,0.180081499,1,1,0,0,0
81.3,1.74746937,-0.745274031,89.2873683,0.0799488612,-0.000767082252,FollowWall,following_right_wall,0,14,42,0.439936966,1.00267652,1,1,1,0.256141514,1.45162693,0.180081499,1,1,0,0,0
81.35,1.74751916,-0.741276787,89.2852665,0.0799488612,-0.000767082252,FollowWall,following_right_wall,0,14,42,0.439936966,1.00267652,1,1,1,0.256141514,1.45562095,0.180081499,1,1,0,0,0
81.4,1.7475691,-0.737279591,89.2831247,0.079974266,-0.000386010406,FollowWall,following_right_wall,0,14,42,0.439238608,0.994900215,1,1,1,0.256134599,1.45961487,0.180081499,1,1,0,0,0
81.45,1.74761918,-0.733281895,89.2814146,0.079974266,-0.000386010406,FollowWall,following_right_wall,0,14,42,0.439238608,0.994900215,1,1,1,0.256134599,1.46360995,0.180081499,1,1,0,0,0
81.5,1.74766938,-0.729283907,89.2799563,0.0799905329,-0.000142005917,FollowWall,following_right_wall,0,14,42,0.438561559,0.987033197,1,1,1,0.256311148,1.4676057,0.180081499,1,1,0,0,0
81.55,1.74771966,-0.72528541,89.2789361,0.0799905329,-0.000142005917,FollowWall,following_right_wall,0,14,42,0.438561559,0.987033197,1,1,1,0.256311148,1.47160264,0.180081499,1,1,0,0,0
81.6,1.74777002,-0.721286617,89.2781715,0.0799801379,0.000297930927,FollowWall,following_right_wall,0,14,42,0.437916219,0.979068688,1,1,1,0.256435931,1.47560026,0.180081499,1,1,0,0,0
81.65,1.7478204,-0.717287867,89.2780811,0.0799801379,0.000297930927,FollowWall,following_right_wall,0,14,42,0.437916219,0.979068688,1,1,1,0.256435931,1.47959887,0.180081499,1,1,0,0,0
81.7,1.74787078,-0.713289142,89.278384,0.0799000412,0.0014993816,FollowWall,following_right_wall,0,14,42,0.437315881,0.971163288,1,1,1,0.256106853,1.48359806,0.180081499,1,1,0,0,0
81.75,1.74792105,-0.709292099,89.2803504,0.0799000412,0.0014993816,FollowWall,following_right_wall,0,14,42,0.437315881,0.971163288,1,1,1,0.256106853,1.48759811,0.180081499,1,1,0,0,0
81.8,1.74797114,-0.705296037,89.2832873,0.079753194,0.00370208945,FollowWall,following_right_wall,0,14,42,0.436794728,0.963320811,1,1,1,0.255519241,1.49159867,0.180081499,1,1,0,0,0
81.85,1.74802087,-0.701303602,89.2894195,0.079753194,0.00370208945,FollowWall,following_right_wall,0,14,42,0.436794728,0.963320811,1,1,1,0.255519241,1.4956005,0.180081499,1,1,0,0,0
81.9,1.74807009,-0.697313279,89.2974156,0.079694027,0.0045895954,FollowWall,following_right_wall,0,14,42,0.436405718,0.955303503,1,1,1,0.255477995,1.49960306,0.180081499,1,1,0,0,0
81.95,1.74811864,-0.693325417,89.3075585,0.079694027,0.0045895954,FollowWall,following_right_wall,0,14,42,0.436405718,0.955303503,1,1,1,0.255477995,1.50360646,0.180081499,1,1,0,0,0
82,1.74816642,-0.689338986,89.3189536,0.0796784186,0.00482372052,FollowWall,following_right_wall,0,14,42,0.436138064,0.947105522,1,1,1,0.255402327,1.50761035,0.180081499,1,1,0,0,0
82.05,1.74821336,-0.685353711,89.3313586,0.0796784186,0.00482372052,FollowWall,following_right_wall,0,14,42,0.436138064,0.947105522,1,1,1,0.255402327,1.51161463,0.180081499,1,1,0,0,0
82.1,1.74825941,-0.681369104,89.3443528,0.0796719028,0.00492145789,FollowWall,following_right_wall,0,14,42,0.43596226,0.938310459,1,1,1,0.255262673,1.51561915,0.180081499,1,1,0,0,0
82.15,1.74830454,-0.677385019,89.3578073,0.0796719028,0.00492145789,FollowWall,following_right_wall,0,14,42,0.43596226,0.938310459,1,1,1,0.255262673,1.51962386,0.180081499,1,1,0,0,0
82.2,1.74834871,-0.673401235,89.3715303,0.0796889491,0.0046657639,FollowWall,following_right_wall,0,14,42,0.435862064,0.930563861,1,1,1,0.255235702,1.52362869,0.180081499,1,1,0,0,0
82.25,1.74839194,-0.669417265,89.3851047,0.0796889491,0.0046657639,FollowWall,following_right_wall,0,14,42,0.435862064,0.930563861,1,1,1,0.255235702,1.52763348,0.180081499,1,1,0,0,0
82.3,1.74843423,-0.665433184,89.3985925,0.0796740298,0.00488955239,FollowWall,following_right_wall,0,14,42,0.435821801,0.922865653,1,1,1,0.254773736,1.53163826,0.180081499,1,1,0,0,0
82.35,1.74847557,-0.661449345,89.4122968,0.0796740298,0.00488955239,FollowWall,following_right_wall,0,14,42,0.435821801,0.922865653,1,1,1,0.254773736,1.53564313,0.180081499,1,1,0,0,0
82.4,1.74851596,-0.657465643,89.4261275,0.0797073047,0.00439042952,FollowWall,following_right_wall,0,14,42,0.435849756,0.914902116,1,1,1,0.254695266,1.53964807,0.180081499,1,1,0,0,0
82.45,1.7485554,-0.653481324,89.439436,0.0797073047,0.00439042952,FollowWall,following_right_wall,0,14,42,0.435849756,0.914902116,1,1,1,0.254695266,1.54365282,0.180081499,1,1,0,0,0
82.5,1.74859394,-0.649496641,89.4524401,0.0797463199,0.00380520225,FollowWall,following_right_wall,0,14,42,0.435930341,0.906994557,1,1,1,0.25458765,1.54765748,0.180081499,1,1,0,0,0
82.55,1.74863161,-0.64551093,89.4645679,0.0797463199,0.00380520225,FollowWall,following_right_wall,0,14,42,0.435930341,0.906994557,1,1,1,0.25458765,1.55166183,0.180081499,1,1,0,0,0
82.6,1.74866845,-0.641524617,89.4761846,0.0798035066,0.00294740088,FollowWall,following_right_wall,0,14,42,0.436050206,0.899139586,1,1,1,0.254600197,1.55566599,0.180081499,1,1,0,0,0
82.65,1.74870456,-0.637536759,89.4864792,0.0798035066,0.00294740088,FollowWall,following_right_wall,0,14,42,0.436050206,0.899139586,1,1,1,0.254600197,1.55966967,0.180081499,1,1,0,0,0
82.7,1.74873997,-0.633547997,89.4960025,0.0798701131,0.00194830315,FollowWall,following_right_wall,0,14,42,0.436194658,0.891333218,1,1,1,0.254665762,1.56367308,0.180081499,1,1,0,0,0
82.75,1.74877481,-0.629557319,89.5038835,0.0798701131,0.00194830315,FollowWall,following_right_wall,0,14,42,0.436194658,0.891333218,1,1,1,0.254665762,1.56767588,0.180081499,1,1,0,0,0
82.8,1.74880913,-0.625565522,89.5108063,0.0799622206,0.000566690904,FollowWall,following_right_wall,0,14,42,0.436350554,0.883489455,1,1,1,0.254968464,1.57167832,0.180081499,1,1,0,0,0
82.85,1.74884307,-0.621571152,89.515521,0.0799622206,0.000566690904,FollowWall,following_right_wall,0,14,42,0.436350554,0.883489455,1,1,1,0.254968464,1.57567994,0.180081499,1,1,0,0,0
82.9,1.74887674,-0.617575281,89.5189477,0.0799834189,-0.000248716264,FollowWall,following_right_wall,0,14,42,0.436498076,0.875271127,1,1,1,0.254891872,1.57968108,0.180081499,1,1,0,0,0
82.95,1.74891024,-0.613578092,89.5206498,0.0799834189,-0.000248716264,FollowWall,following_right_wall,0,14,42,0.436498076,0.875271127,1,1,1,0.254891872,1.58368089,0.180081499,1,1,0,0,0
83,1.74894367,-0.609580136,89.5213457,0.0799611737,-0.000582394626,FollowWall,following_right_wall,0,14,42,0.436642259,0.867091052,1,1,1,0.255012393,1.58767992,0.180081499,1,1,0,0,0
83.05,1.74897708,-0.605582195,89.5210565,0.0799611737,-0.000582394626,FollowWall,following_right_wall,0,14,42,0.436642259,0.867091052,1,1,1,0.255012393,1.59167741,0.180081499,1,1,0,0,0
83.1,1.74901053,-0.601584263,89.5201927,0.0799534339,-0.000698492201,FollowWall,following_right_wall,0,14,42,0.43680051,0.858959965,1,1,1,0.255096734,1.59567402,0.180081499,1,1,0,0,0
83.15,1.74904405,-0.597586499,89.518855,0.0799534339,-0.000698492201,FollowWall,following_right_wall,0,14,42,0.43680051,0.858959965,1,1,1,0.255096734,1.59966972,0.180081499,1,1,0,0,0
83.2,1.74907768,-0.593588833,89.5172409,0.079994,-8.99995995e-05,FollowWall,following_right_wall,0,14,42,0.436985582,0.850883796,1,1,1,0.254543751,1.60366491,0.180081499,1,1,0,0,0
83.25,1.74911141,-0.589590379,89.5161919,0.079994,-8.99995995e-05,FollowWall,following_right_wall,0,14,42,0.436985582,0.850883796,1,1,1,0.254543751,1.60766175,0.180081499,1,1,0,0,0
83.3,1.7491452,-0.585591465,89.5154726,0.079983522,-0.000247169505,FollowWall,following_right_wall,0,14,42,0.43722257,0.842865867,1,1,1,0.254192173,1.61165955,0.180081499,1,1,0,0,0
83.35,1.74917904,-0.581592502,89.5147579,0.079983522,-0.000247169505,FollowWall,following_right_wall,0,14,42,0.43722257,0.842865867,1,1,1,0.254192173,1.61565742,0.180081499,1,1,0,0,0
83.4,1.74921294,-0.577593511,89.514046,0.0799598031,-0.00060295362,FollowWall,following_right_wall,0,14,42,0.437497675,0.834906712,1,1,1,0.254054785,1.61965531,0.180081499,1,1,0,0,0
83.45,1.74924689,-0.573594997,89.512911,0.0799598031,-0.00060295362,FollowWall,following_right_wall,0,14,42,0.437497675,0.834906712,1,1,1,0.254054785,1.62365208,0.180081499,1,1,0,0,0
83.5,1.74928093,-0.569596762,89.5115292,0.0799512626,-0.000731061451,FollowWall,following_right_wall,0,14,42,0.437790364,0.827005381,1,1,1,0.253869236,1.62764819,0.180081499,1,1,0,0,0
83.55,1.74931507,-0.565598868,89.5098505,0.0799512626,-0.000731061451,FollowWall,following_right_wall,0,14,42,0.437790364,0.827005381,1,1,1,0.253869236,1.6316435,0.180081499,1,1,0,0,0
83.6,1.74934934,-0.561601174,89.5079986,0.0799444596,-0.000833106221,FollowWall,following_right_wall,0,14,42,0.438094705,0.819160748,1,1,1,0.253774643,1.63563835,0.180081499,1,1,0,0,0
83.65,1.74938374,-0.557603739,89.5059239,0.0799444596,-0.000833106221,FollowWall,following_right_wall,0,14,42,0.438094705,0.819160748,1,1,1,0.253774643,1.63963259,0.180081499,1,1,0,0,0
83.7,1.74941828,-0.553606455,89.5037192,0.0799567835,-0.000648247799,FollowWall,following_right_wall,0,14,42,0.438406378,0.811301517,1,1,1,0.253593445,1.64362649,0.180081499,1,1,0,0,0
83.75,1.74945298,-0.549609003,89.5016593,0.0799567835,-0.000648247799,FollowWall,following_right_wall,0,14,42,0.438406378,0.811301517,1,1,1,0.253593445,1.64762077,0.180081499,1,1,0,0,0
83.8,1.74948782,-0.545611453,89.499684,0.0799674505,-0.000488241888,FollowWall,following_right_wall,0,14,42,0.438728303,0.803266658,1,1,1,0.253522903,1.65161528,0.180081499,1,1,0,0,0
83.85,1.74952279,-0.541613626,89.4979489,0.0799674505,-0.000488241888,FollowWall,following_right_wall,0,14,42,0.438728303,0.803266658,1,1,1,0.253522903,1.65561044,0.180081499,1,1,0,0,0
83.9,1.74955788,-0.537615636,89.4963539,0.0799670053,-0.000494920587,FollowWall,following_right_wall,0,14,42,0.439058095,0.795290378,1,1,1,0.253652066,1.65960598,0.180081499,1,1,0,0,0
83.95,1.74959308,-0.53361756,89.4948328,0.0799670053,-0.000494920587,FollowWall,following_right_wall,0,14,42,0.439058095,0.795290378,1,1,1,0.253652066,1.66360172,0.180081499,1,1,0,0,0
84,1.74962838,-0.529619436,89.4933547,0.0799916533,-0.000125200745,FollowWall,following_right_wall,0,14,42,0.439384937,0.787372735,1,1,1,0.25361827,1.66759757,0.180081499,1,1,0,0,0
84.05,1.74966378,-0.52562077,89.492343,0.0799916533,-0.000125200745,FollowWall,following_right_wall,0,14,42,0.439384937,0.787372735,1,1,1,0.25361827,1.67159468,0.180081499,1,1,0,0,0
84.1,1.74969924,-0.521621788,89.4916034,0.0799800056,-0.000299915837,FollowWall,following_right_wall,0,14,42,0.439711124,0.779511943,1,1,1,0.254028231,1.67559252,0.180081499,1,1,0,0,0
84.15,1.74973475,-0.517622864,89.490814,0.0799800056,-0.000299915837,FollowWall,following_right_wall,0,14,42,0.439711124,0.779511943,1,1,1,0.254028231,1.67959023,0.180081499,1,1,0,0,0
84.2,1.74977031,-0.513623975,89.4899955,0.0799886652,-0.000170022661,FollowWall,following_right_wall,0,14,42,0.440018803,0.771706752,1,1,1,0.254320294,1.68358786,0.180081499,1,1,0,0,0
84.25,1.74980594,-0.509624925,89.4893151,0.0799886652,-0.000170022661,FollowWall,following_right_wall,0,14,42,0.440018803,0.771706752,1,1,1,0.254320294,1.68758587,0.180081499,1,1,0,0,0
84.3,1.7498416,-0.505625782,89.4887152,0.0799392838,0.000910742461,FollowWall,following_right_wall,0,14,42,0.440303266,0.763515515,1,1,1,0.254047155,1.69158409,0.180081499,1,1,0,0,0
84.35,1.74987726,-0.501627613,89.4894524,0.0799392838,0.000910742461,FollowWall,following_right_wall,0,14,42,0.440303266,0.763515515,1,1,1,0.254047155,1.69558339,0.180081499,1,1,0,0,0
84.4,1.74991283,-0.497630012,89.4909696,0.0799109285,0.0013360718,FollowWall,following_right_wall,0,14,42,0.44059068,0.755320252,1,1,1,0.253944606,1.69958333,0.180081499,1,1,1,0,1
