time,x,y,yaw_deg,v,w,state,reason,fault,narrow_usable,wide_usable,front_sector,front_clearance,pivot_valid,heading_valid,right_valid,right_distance,cap_gap,min_cap_gap,entered,approached,returned,contact,completed
0,0,0,0,0.0642548198,-0.236177702,FollowWall,following_right_wall,0,14,42,0.712057352,2.15800291,1,1,1,0.40469715,2.311,2.311,0,0,0,0,0
0.05,0.00133863803,-3.29330304e-06,-0.281916366,0.0642548198,-0.236177702,FollowWall,following_right_wall,0,14,42,0.712057352,2.15800291,1,1,1,0.40469715,2.31081081,2.31081081,0,0,0,0,0
0.1,0.0034580723,-2.19780006e-05,-0.728283945,0.0652809827,-0.220785259,FollowWall,following_right_wall,0,14,42,0.699724138,2.1542059,1,1,1,0.404819846,2.31050221,2.31050221,0,0,0,0,0
0.15,0.0060540897,-6.68495744e-05,-1.25220802,0.0652809827,-0.220785259,FollowWall,following_right_wall,0,14,42,0.699724138,2.1542059,1,1,1,0.404819846,2.31012398,2.31012398,0,0,0,0,0
0.2,0.0089276459,-0.000143942753,-1.82137339,0.066823811,-0.197642835,FollowWall,following_right_wall,0,14,42,0.682080925,2.14821674,1,1,1,0.405106276,2.30969325,2.30969325,0,0,0,0,0
0.25,0.0119945812,-0.000256688356,-2.38930528,0.066823811,-0.197642835,FollowWall,following_right_wall,0,14,42,0.682080925,2.14821674,1,1,1,0.405106276,2.3092365,2.3092365,0,0,0,0,0
0.3,0.0151735357,-0.000405097774,-2.95651764,0.0684580032,-0.173129952,FollowWall,following_right_wall,0,14,42,0.664709926,2.14229787,1,1,1,0.405229092,2.3087534,2.3087534,0,0,0,0,0
0.35,0.0184509543,-0.000589784764,-3.49405017,0.0684580032,-0.173129952,FollowWall,following_right_wall,0,14,42,0.664709926,2.14229787,1,1,1,0.405229092,2.30825975,2.30825975,0,0,0,0,0
0.4,0.021784854,-0.000808543183,-4.01426947,0.0699603132,-0.150595302,FollowWall,following_right_wall,0,14,42,0.649246573,2.13679069,1,1,1,0.405747294,2.30774962,2.30774962,0,0,0,0,0
0.45,0.0251819244,-0.00106133968,-4.49749063,0.0699603132,-0.150595302,FollowWall,following_right_wall,0,14,42,0.649246573,2.13679069,1,1,1,0.405747294,2.30723293,2.30723293,0,0,0,0,0
0.5,0.0286148118,-0.00134528214,-4.95912954,0.0713288733,-0.1300669,FollowWall,following_right_wall,0,14,42,0.635889828,2.1316042,1,1,1,0.406079799,2.30670296,2.30670296,0,0,0,0,0
0.55,0.0320959581,-0.00166033942,-5.38367483,0.0713288733,-0.1300669,FollowWall,following_right_wall,0,14,42,0.635889828,2.1316042,1,1,1,0.406079799,2.30616693,2.30616693,0,0,0,0,0
0.6,0.0356042103,-0.00200340724,-5.78658218,0.0725872288,-0.111191568,FollowWall,following_right_wall,0,14,42,0.624426603,2.12656996,1,1,1,0.405786723,2.30561882,2.30561882,0,0,0,0,0
0.65,0.0391533297,-0.00237458475,-6.15433662,0.0725872288,-0.111191568,FollowWall,following_right_wall,0,14,42,0.624426603,2.12656996,1,1,1,0.405786723,2.30506448,2.30506448,0,0,0,0,0
0.7,0.0427252784,-0.00277069605,-6.5015852,0.0736346063,-0.0954809054,FollowWall,following_right_wall,0,14,42,0.614582896,2.12153356,1,1,1,0.405749261,2.30449892,2.30449892,0,0,0,0,0
0.75,0.0463312444,-0.00319173829,-6.81811881,0.0736346063,-0.0954809054,FollowWall,following_right_wall,0,14,42,0.614582896,2.12153356,1,1,1,0.405749261,2.30392639,2.30392639,0,0,0,0,0
0.8,0.0499561016,-0.00363472311,-7.11673535,0.0746170223,-0.0807446662,FollowWall,following_right_wall,0,14,42,0.606056869,2.11639711,1,1,1,0.404730737,2.30334308,2.30334308,0,0,0,0,0
0.85,0.0536113779,-0.00409986412,-7.38731018,0.0746170223,-0.0807446662,FollowWall,following_right_wall,0,14,42,0.606056869,2.11639711,1,1,1,0.404730737,2.30275298,2.30275298,0,0,0,0,0
0.9,0.0572835284,-0.00458425208,-7.64152734,0.0754384752,-0.0684228723,FollowWall,following_right_wall,0,14,42,0.598632336,2.11108482,1,1,1,0.404187858,2.30215308,2.30215308,0,0,0,0,0
0.95,0.0609816586,-0.00508797354,-7.87149447,0.0754384752,-0.0684228723,FollowWall,following_right_wall,0,14,42,0.598632336,2.11108482,1,1,1,0.404187858,2.30154644,2.30154644,0,0,0,0,0
1,0.0646941601,-0.00560837086,-8.08731575,0.0761547207,-0.05767919,FollowWall,following_right_wall,0,14,42,0.592109978,2.10556001,1,1,1,0.403598249,2.30093083,2.30093083,0,0,0,0,0
1.05,0.068429081,-0.00614556238,-8.28206096,0.0761547207,-0.05767919,FollowWall,following_right_wall,0,14,42,0.592109978,2.10556001,1,1,1,0.403598249,2.30030886,2.30030886,0,0,0,0,0
1.1,0.0721763861,-0.00669713113,-8.46451179,0.0767493554,-0.0487596687,FollowWall,following_right_wall,0,14,42,0.586328566,2.09980744,1,1,1,0.403416216,2.29967885,2.29967885,0,0,0,0,0
1.15,0.0759425177,-0.00726313046,-8.62914401,0.0767493554,-0.0487596687,FollowWall,following_right_wall,0,14,42,0.586328566,2.09980744,1,1,1,0.403416216,2.29904288,2.29904288,0,0,0,0,0
1.2,0.0797190213,-0.00784143921,-8.78338204,0.0773278485,-0.0400822729,FollowWall,following_right_wall,0,14,42,0.581148505,2.09383138,1,1,1,0.402307749,2.29839972,2.29839972,0,0,0,0,0
1.25,0.0835129221,-0.00843231203,-8.92119891,0.0773278485,-0.0400822729,FollowWall,following_right_wall,0,14,42,0.581148505,2.09383138,1,1,1,0.402307749,2.29775148,2.29775148,0,0,0,0,0
1.3,0.087316452,-0.00903373291,-9.04943678,0.0778274005,-0.032588992,FollowWall,following_right_wall,0,14,42,0.576491058,2.08762589,1,1,1,0.401292622,2.29709716,2.29709716,0,0,0,0,0
1.35,0.0911354008,-0.00964585939,-9.16314244,0.0778274005,-0.032588992,FollowWall,following_right_wall,0,14,42,0.576491058,2.08762589,1,1,1,0.401292622,2.29643852,2.29643852,0,0,0,0,0
1.4,0.0949629101,-0.0102668609,-9.26837099,0.0782354927,-0.0264676089,FollowWall,following_right_wall,0,14,42,0.572284698,2.08119549,1,1,1,0.400695652,2.29577481,2.29577481,0,0,0,0,0
1.45,0.0988034078,-0.0108967893,-9.36134769,0.0782354927,-0.0264676089,FollowWall,following_right_wall,0,14,42,0.572284698,2.08119549,1,1,1,0.400695652,2.29510741,2.29510741,0,0,0,0,0
1.5,0.102651122,-0.0115340684,-9.44717748,0.0785963221,-0.0210551682,FollowWall,following_right_wall,0,14,42,0.568452477,2.07435104,1,1,1,0.399996698,2.29443575,2.29443575,0,0,0,0,0
1.55,0.106510136,-0.0121787919,-9.52237762,0.0785963221,-0.0210551682,FollowWall,following_right_wall,0,14,42,0.568452477,2.07435104,1,1,1,0.399996698,2.29376109,2.29376109,0,0,0,0,0
1.6,0.110375451,-0.012829569,-9.59137712,0.0789165661,-0.016251509,FollowWall,following_right_wall,0,14,42,0.564936697,2.06716122,1,1,1,0.399207652,2.29308298,2.29308298,0,0,0,0,0
1.65,0.11425076,-0.0134865035,-9.65102563,0.0789165661,-0.016251509,FollowWall,following_right_wall,0,14,42,0.564936697,2.06716122,1,1,1,0.399207652,2.29240252,2.29240252,0,0,0,0,0
1.7,0.118131671,-0.0141483547,-9.70521941,0.0792012849,-0.0119807267,FollowWall,following_right_wall,0,14,42,0.56169486,2.05979637,1,1,1,0.398338288,2.29171939,2.29171939,0,0,0,0,0
1.75,0.122021498,-0.014815224,-9.75113339,0.0792012849,-0.0119807267,FollowWall,following_right_wall,0,14,42,0.56169486,2.05979637,1,1,1,0.398338288,2.29103456,2.29103456,0,0,0,0,0
1.8,0.125916356,-0.015486,-9.79221748,0.0794546274,-0.00818058862,FollowWall,following_right_wall,0,14,42,0.558693588,2.05227079,1,1,1,0.397397101,2.29034777,2.29034777,0,0,0,0,0
1.85,0.129819206,-0.0161607764,-9.82594806,0.0794546274,-0.00818058862,FollowWall,following_right_wall,0,14,42,0.558693588,2.05227079,1,1,1,0.397397101,2.28965987,2.28965987,0,0,0,0,0
1.9,0.133726601,-0.0168385573,-9.85538909,0.0797005528,-0.00449170849,FollowWall,following_right_wall,0,14,42,0.555905759,2.04459734,1,1,1,0.396061718,2.28897067,2.28897067,0,0,0,0,0
1.95,0.137641604,-0.0175194873,-9.87792461,0.0797005528,-0.00449170849,FollowWall,following_right_wall,0,14,42,0.555905759,2.04459734,1,1,1,0.396061718,2.28828101,2.28828101,0,0,0,0,0
2,0.141560981,-0.0182026243,-9.89643191,0.0799320942,-0.00101858713,FollowWall,following_right_wall,0,14,42,0.55331713,2.03678388,1,1,1,0.394474864,2.28759072,2.28759072,0,0,0,0,0
2.05,0.145487621,-0.0188881048,-9.90844368,0.0799320942,-0.00101858713,FollowWall,following_right_wall,0,14,42,0.55331713,2.03678388,1,1,1,0.394474864,2.2869006,2.2869006,0,0,0,0,0
2.1,0.149418483,-0.0195750377,-9.9166664,0.0798617901,0.00207314804,FollowWall,following_right_wall,0,14,42,0.550917745,2.02883659,1,1,1,0.392841756,2.28621049,2.28621049,0,0,0,0,0
2.15,0.153350372,-0.0202625229,-9.91898834,0.0798617901,0.00207314804,FollowWall,following_right_wall,0,14,42,0.550917745,2.02883659,1,1,1,0.392841756,2.28552211,2.28552211,0,0,0,0,0
2.2,0.15728289,-0.0209501606,-9.91786817,0.0796990664,0.0045140046,FollowWall,following_right_wall,0,14,42,0.548698187,2.02078096,1,1,1,0.391494453,2.28483491,2.28483491,0,0,0,0,0
2.25,0.161212483,-0.0216370337,-9.91182655,0.0796990664,0.0045140046,FollowWall,following_right_wall,0,14,42,0.548698187,2.02078096,1,1,1,0.391494453,2.28415036,2.28415036,0,0,0,0,0
2.3,0.165140433,-0.0223230915,-9.90291407,0.0795588882,0.00661667707,FollowWall,following_right_wall,0,14,42,0.546638787,2.01264507,1,1,1,0.390156418,2.28346775,2.28346775,0,0,0,0,0
2.35,0.169064629,-0.0230077167,-9.88981704,0.0795588882,0.00661667707,FollowWall,following_right_wall,0,14,42,0.546638787,2.01264507,1,1,1,0.390156418,2.28278818,2.28278818,0,0,0,0,0
2.4,0.172986727,-0.0236909663,-9.87427904,0.0794353089,0.00847036689,FollowWall,following_right_wall,0,14,42,0.544721067,2.00444609,1,1,1,0.388785303,2.28211094,2.28211094,0,0,0,0,0
2.45,0.176905174,-0.0243723566,-9.85510444,0.0794353089,0.00847036689,FollowWall,following_right_wall,0,14,42,0.544721067,2.00444609,1,1,1,0.388785303,2.28143698,2.28143698,0,0,0,0,0
2.5,0.180821609,-0.0250519724,-9.83380851,0.0793277043,0.0100844362,FollowWall,following_right_wall,0,14,42,0.542931139,1.99619472,1,1,1,0.38738057,2.28076562,2.28076562,0,0,0,0,0
2.55,0.184734793,-0.0257294145,-9.80934847,0.0793277043,0.0100844362,FollowWall,following_right_wall,0,14,42,0.542931139,1.99619472,1,1,1,0.38738057,2.28009768,2.28009768,0,0,0,0,0
2.6,0.188646222,-0.0264047681,-9.78304271,0.0792593086,0.0111103706,FollowWall,following_right_wall,0,14,42,0.541257441,1.98789859,1,1,1,0.385863394,2.27943257,2.27943257,0,0,0,0,0
2.65,0.192555371,-0.0270777991,-9.75443565,0.0792593086,0.0111103706,FollowWall,following_right_wall,0,14,42,0.541257441,1.98789859,1,1,1,0.385863394,2.2787707,2.2787707,0,0,0,0,0
2.7,0.196463345,-0.0277485718,-9.72448617,0.079192015,0.0121197745,FollowWall,following_right_wall,0,14,42,0.53967911,1.97956768,1,1,1,0.384153336,2.27811163,2.27811163,0,0,0,0,0
2.75,0.200369413,-0.0284168458,-9.69254873,0.079192015,0.0121197745,FollowWall,following_right_wall,0,14,42,0.53967911,1.97956768,1,1,1,0.384153336,2.27745587,2.27745587,0,0,0,0,0
2.8,0.204274536,-0.0290826774,-9.65945164,0.0791350976,0.0129735367,FollowWall,following_right_wall,0,14,42,0.538186073,1.97120821,1,1,1,0.382435411,2.27680304,2.27680304,0,0,0,0,0
2.85,0.208178113,-0.0297458655,-9.62465898,0.0791350976,0.0129735367,FollowWall,following_right_wall,0,14,42,0.538186073,1.97120821,1,1,1,0.382435411,2.27615355,2.27615355,0,0,0,0,0
2.9,0.212080965,-0.0304064577,-9.58887725,0.0790873421,0.0136898682,FollowWall,following_right_wall,0,14,42,0.536771536,1.96282492,1,1,1,0.380713165,2.27550708,2.27550708,0,0,0,0,0
2.95,0.215982595,-0.0310642869,-9.55166349,0.0790873421,0.0136898682,FollowWall,following_right_wall,0,14,42,0.536771536,1.96282492,1,1,1,0.380713165,2.27486397,2.27486397,0,0,0,0,0
3,0.219883699,-0.0317193925,-9.51361439,0.0790476473,0.0142852907,FollowWall,following_right_wall,0,14,42,0.535429418,1.9544221,1,1,1,0.378989905,2.27422397,2.27422397,0,0,0,0,0
3.05,0.223783869,-0.0323716367,-9.47436728,0.0790476473,0.0142852907,FollowWall,following_right_wall,0,14,42,0.535429418,1.9544221,1,1,1,0.378989905,2.27358734,2.27358734,0,0,0,0,0
3.1,0.227683687,-0.0330210518,-9.43442131,0.0790150211,0.0147746829,FollowWall,following_right_wall,0,14,42,0.534154296,1.94600381,1,1,1,0.377268702,2.27295387,2.27295387,0,0,0,0,0
3.15,0.231582825,-0.0336675254,-9.39348352,0.0790150211,0.0147746829,FollowWall,following_right_wall,0,14,42,0.534154296,1.94600381,1,1,1,0.377268702,2.27232378,2.27232378,0,0,0,0,0
3.2,0.235481762,-0.0343110836,-9.35196717,0.0789885997,0.0151710048,FollowWall,following_right_wall,0,14,42,0.532941341,1.93757385,1,1,1,0.375552416,2.27169688,2.27169688,0,0,0,0,0
3.25,0.239380239,-0.0349516359,-9.30964024,0.0789885997,0.0151710048,FollowWall,following_right_wall,0,14,42,0.532941341,1.93757385,1,1,1,0.375552416,2.27107337,2.27107337,0,0,0,0,0
3.3,0.243278647,-0.0355892032,-9.26684048,0.078992334,0.01511499,FollowWall,following_right_wall,0,14,42,0.531786323,1.92913555,1,1,1,0.374242604,2.27045309,2.27045309,0,0,0,0,0
3.35,0.247177292,-0.0362238121,-9.22383176,0.078992334,0.01511499,FollowWall,following_right_wall,0,14,42,0.531786323,1.92913555,1,1,1,0.374242604,2.2698359,2.2698359,0,0,0,0,0
3.4,0.251076273,-0.0368554675,-9.18070115,0.07900788,0.0148817997,FollowWall,following_right_wall,0,14,42,0.530674756,1.920695,1,1,1,0.373079956,2.26922177,2.26922177,0,0,0,0,0
3.45,0.254975966,-0.0374842331,-9.13777779,0.07900788,0.0148817997,FollowWall,following_right_wall,0,14,42,0.530674756,1.920695,1,1,1,0.373079956,2.26861049,2.26861049,0,0,0,0,0
3.5,0.258876266,-0.0381101035,-9.09497532,0.0790252093,0.0146218599,FollowWall,following_right_wall,0,14,42,0.529593945,1.91225718,1,1,1,0.371936798,2.26800212,2.26800212,0,0,0,0,0
3.55,0.262777468,-0.0387331428,-9.05255366,0.0790252093,0.0146218599,FollowWall,following_right_wall,0,14,42,0.529593945,1.91225718,1,1,1,0.371936798,2.26739647,2.26739647,0,0,0,0,0
3.6,0.266679385,-0.0393533417,-9.01035413,0.079043225,0.0143516243,FollowWall,following_right_wall,0,14,42,0.528537571,1.90382508,1,1,1,0.370812684,2.26679362,2.26679362,0,0,0,0,0
3.65,0.270582274,-0.0399707641,-8.96860674,0.079043225,0.0143516243,FollowWall,following_right_wall,0,14,42,0.528537571,1.90382508,1,1,1,0.370812684,2.26619341,2.26619341,0,0,0,0,0
3.7,0.274485914,-0.0405853994,-8.92712311,0.0790423264,0.0143651038,FollowWall,following_right_wall,0,14,42,0.527503133,1.89540059,1,1,1,0.369404912,2.26559593,2.26559593,0,0,0,0,0
3.75,0.278390156,-0.0411972376,-8.88577725,0.0790423264,0.0143651038,FollowWall,following_right_wall,0,14,42,0.527503133,1.89540059,1,1,1,0.369404912,2.26500124,2.26500124,0,0,0,0,0
3.8,0.28229493,-0.0418062755,-8.84451175,0.0790597056,0.0141044154,FollowWall,following_right_wall,0,14,42,0.526497602,1.88698313,1,1,1,0.368286848,2.26440937,2.26440937,0,0,0,0,0
3.85,0.286200552,-0.042412577,-8.8036043,0.0790597056,0.0141044154,FollowWall,following_right_wall,0,14,42,0.526497602,1.88698313,1,1,1,0.368286848,2.26382013,2.26382013,0,0,0,0,0
3.9,0.290106845,-0.0430161341,-8.76290572,0.0790769039,0.0138464421,FollowWall,following_right_wall,0,14,42,0.525517344,1.87857496,1,1,1,0.367175013,2.2632336,2.2632336,0,0,0,0,0
3.95,0.294014057,-0.043617007,-8.72263691,0.0790769039,0.0138464421,FollowWall,following_right_wall,0,14,42,0.525517344,1.87857496,1,1,1,0.367175013,2.26264961,2.26264961,0,0,0,0,0
4,0.297921978,-0.0442151863,-8.68261879,0.0790929879,0.0136051808,FollowWall,following_right_wall,0,14,42,0.524559081,1.87017798,1,1,1,0.366063267,2.26206826,2.26206826,0,0,0,0,0
4.05,0.301830812,-0.0448107269,-8.64303491,0.0790929879,0.0136051808,FollowWall,following_right_wall,0,14,42,0.524559081,1.87017798,1,1,1,0.366063267,2.26148941,2.26148941,0,0,0,0,0
4.1,0.305740348,-0.0454036197,-8.60370432,0.0791077204,0.0133841944,FollowWall,following_right_wall,0,14,42,0.523621917,1.8617935,1,1,1,0.364950299,2.26091315,2.26091315,0,0,0,0,0
4.15,0.309650761,-0.0459939142,-8.56478527,0.0791077204,0.0133841944,FollowWall,following_right_wall,0,14,42,0.523621917,1.8617935,1,1,1,0.364950299,2.26033936,2.26033936,0,0,0,0,0
4.2,0.313561848,-0.0465816021,-8.52610628,0.0791210019,0.0131849717,FollowWall,following_right_wall,0,14,42,0.522705793,1.85342259,1,1,1,0.363834769,2.25976811,2.25976811,0,0,0,0,0
4.25,0.317473765,-0.0471667274,-8.48780514,0.0791210019,0.0131849717,FollowWall,following_right_wall,0,14,42,0.522705793,1.85342259,1,1,1,0.363834769,2.2591993,2.2591993,0,0,0,0,0
4.3,0.321386324,-0.0477492829,-8.44972441,0.0791211018,0.0131834725,FollowWall,following_right_wall,0,14,42,0.521810949,1.84506645,1,1,1,0.362534493,2.25863302,2.25863302,0,0,0,0,0
4.35,0.325299419,-0.0483292646,-8.41177404,0.0791211018,0.0131834725,FollowWall,following_right_wall,0,14,42,0.521810949,1.84506645,1,1,1,0.362534493,2.25806929,2.25806929,0,0,0,0,0
4.4,0.329212985,-0.0489066697,-8.37389971,0.0791115514,0.0133267288,FollowWall,following_right_wall,0,14,42,0.520942807,1.83672471,1,1,1,0.361092299,2.25750815,2.25750815,0,0,0,0,0
4.45,0.333126786,-0.049481462,-8.33589874,0.0791115514,0.0133267288,FollowWall,following_right_wall,0,14,42,0.520942807,1.83672471,1,1,1,0.361092299,2.25694972,2.25694972,0,0,0,0,0
4.5,0.337040883,-0.0500536434,-8.2978239,0.0791142597,0.013286105,FollowWall,following_right_wall,0,14,42,0.520108342,1.82839726,1,1,1,0.359828621,2.25639397,2.25639397,0,0,0,0,0
4.55,0.340955365,-0.0506232247,-8.25975445,0.0791142597,0.013286105,FollowWall,following_right_wall,0,14,42,0.520108342,1.82839726,1,1,1,0.359828621,2.25584086,2.25584086,0,0,0,0,0
4.6,0.344870229,-0.0511902056,-8.22168816,0.0791001523,0.0134977151,FollowWall,following_right_wall,0,14,42,0.51930511,1.82008565,1,1,1,0.358302891,2.25529038,2.25529038,0,0,0,0,0
4.65,0.348785181,-0.0517545353,-8.18337111,0.0791001523,0.0134977151,FollowWall,following_right_wall,0,14,42,0.51930511,1.82008565,1,1,1,0.358302891,2.25474272,2.25474272,0,0,0,0,0
4.7,0.352700342,-0.0523162175,-8.14490778,0.0790987678,0.0135184836,FollowWall,following_right_wall,0,14,42,0.51853776,1.81179023,1,1,1,0.356956005,2.2541978,2.2541978,0,0,0,0,0
4.75,0.356615752,-0.0528752493,-8.10633435,0.0790987678,0.0135184836,FollowWall,following_right_wall,0,14,42,0.51853776,1.81179023,1,1,1,0.356956005,2.25365563,2.25365563,0,0,0,0,0
4.8,0.360531465,-0.0534316324,-8.06769667,0.0791001998,0.0134970036,FollowWall,following_right_wall,0,14,42,0.51780355,1.80351266,1,1,1,0.355641663,2.25311617,2.25311617,0,0,0,0,0
4.85,0.364447538,-0.0539853724,-8.02904717,0.0791001998,0.0134970036,FollowWall,following_right_wall,0,14,42,0.51780355,1.80351266,1,1,1,0.355641663,2.25257941,2.25257941,0,0,0,0,0
4.9,0.368363975,-0.0545364693,-7.99039076,0.0791039548,0.0134406774,FollowWall,following_right_wall,0,14,42,0.517098427,1.79525451,1,1,1,0.35436067,2.25204533,2.25204533,0,0,0,0,0
4.95,0.372280857,-0.0550849361,-7.95179756,0.0791039548,0.0134406774,FollowWall,following_right_wall,0,14,42,0.517098427,1.79525451,1,1,1,0.35436067,2.2515139,2.2515139,0,0,0,0,0
5,0.376198149,-0.0556307717,-7.91324124,0.0791096538,0.0133551923,FollowWall,following_right_wall,0,14,42,0.516418934,1.78701731,1,1,1,0.353113621,2.25098512,2.25098512,0,0,0,0,0
5.05,0.380115949,-0.056173995,-7.87480846,0.0791096538,0.0133551923,FollowWall,following_right_wall,0,14,42,0.516418934,1.78701731,1,1,1,0.353113621,2.25045895,2.25045895,0,0,0,0,0
5.1,0.384034196,-0.0567146041,-7.83644776,0.0791169818,0.013245273,FollowWall,following_right_wall,0,14,42,0.515761971,1.77880237,1,1,1,0.351900816,2.2499354,2.2499354,0,0,0,0,0
5.15,0.387953002,-0.0572526231,-7.7982603,0.0791169818,0.013245273,FollowWall,following_right_wall,0,14,42,0.515761971,1.77880237,1,1,1,0.351900816,2.2494144,2.2494144,0,0,0,0,0
5.2,0.391872283,-0.0577880494,-7.7601739,0.0791256594,0.0131151092,FollowWall,following_right_wall,0,14,42,0.515124679,1.77061077,1,1,1,0.350722313,2.248896,2.248896,0,0,0,0,0
5.25,0.395792164,-0.0583209114,-7.72230183,0.0791256594,0.0131151092,FollowWall,following_right_wall,0,14,42,0.515124679,1.77061077,1,1,1,0.350722313,2.2483801,2.2483801,0,0,0,0,0
5.3,0.399712541,-0.0588512059,-7.68455478,0.0791354401,0.0129683979,FollowWall,following_right_wall,0,14,42,0.514504313,1.76244334,1,1,1,0.349578023,2.24786675,2.24786675,0,0,0,0,0
5.35,0.40363355,-0.0593789645,-7.64705578,0.0791354401,0.0129683979,FollowWall,following_right_wall,0,14,42,0.514504313,1.76244334,1,1,1,0.349578023,2.24735587,2.24735587,0,0,0,0,0
5.4,0.407555071,-0.0599041842,-7.60970148,0.0791461115,0.0128083268,FollowWall,following_right_wall,0,14,42,0.513898373,1.75430079,1,1,1,0.348467648,2.24684751,2.24684751,0,0,0,0,0
5.45,0.41147725,-0.0604268988,-7.57262266,0.0791461115,0.0128083268,FollowWall,following_right_wall,0,14,42,0.513898373,1.75430079,1,1,1,0.348467648,2.24634156,2.24634156,0,0,0,0,0
5.5,0.41539995,-0.0609471051,-7.53570453,0.0791574721,0.0126379178,FollowWall,following_right_wall,0,14,42,0.513304293,1.74618384,1,1,1,0.347390741,2.24583809,2.24583809,0,0,0,0,0
5.55,0.419323327,-0.0614648392,-7.49908355,0.0791574721,0.0126379178,FollowWall,following_right_wall,0,14,42,0.513304293,1.74618384,1,1,1,0.347390741,2.24533699,2.24533699,0,0,0,0,0
5.6,0.423247233,-0.0619800977,-7.46263591,0.0791693486,0.0124597706,FollowWall,following_right_wall,0,14,42,0.51271975,1.73809296,1,1,1,0.346346647,2.24483833,2.24483833,0,0,0,0,0
5.65,0.427171826,-0.0624929181,-7.42650203,0.0791693486,0.0124597706,FollowWall,following_right_wall,0,14,42,0.51271975,1.73809296,1,1,1,0.346346647,2.244342,2.244342,0,0,0,0,0
5.7,0.431096953,-0.063003297,-7.39055118,0.0791815726,0.0122764105,FollowWall,following_right_wall,0,14,42,0.51214242,1.73002828,1,1,1,0.345334589,2.24384806,2.24384806,0,0,0,0,0
5.75,0.435022773,-0.0635112727,-7.35492597,0.0791815726,0.0122764105,FollowWall,following_right_wall,0,14,42,0.51214242,1.73002828,1,1,1,0.345334589,2.24335642,2.24335642,0,0,0,0,0
5.8,0.438949127,-0.0640168421,-7.3194907,0.0791939998,0.0120900023,FollowWall,following_right_wall,0,14,42,0.511570156,1.72199014,1,1,1,0.344353646,2.24286713,2.24286713,0,0,0,0,0
5.85,0.442876175,-0.0645200437,-7.28438876,0.0791939998,0.0120900023,FollowWall,following_right_wall,0,14,42,0.511570156,1.72199014,1,1,1,0.344353646,2.24238009,2.24238009,0,0,0,0,0
5.9,0.446803755,-0.0650208747,-7.24948124,0.079206501,0.0119024851,FollowWall,following_right_wall,0,14,42,0.511000872,1.71397844,1,1,1,0.343402714,2.24189536,2.24189536,0,0,0,0,0
5.95,0.450732027,-0.0655193737,-7.21491098,0.079206501,0.0119024851,FollowWall,following_right_wall,0,14,42,0.511000872,1.71397844,1,1,1,0.343402714,2.24141285,2.24141285,0,0,0,0,0
6,0.454660826,-0.0660155378,-7.18053745,0.079211486,0.0118277105,FollowWall,following_right_wall,0,14,42,0.510432541,1.70599305,1,1,1,0.342372477,2.24093261,2.24093261,0,0,0,0,0
6.05,0.458590156,-0.0665093815,-7.14636794,0.079211486,0.0118277105,FollowWall,following_right_wall,0,14,42,0.510432541,1.70599305,1,1,1,0.342372477,2.24045464,2.24045464,0,0,0,0,0
6.1,0.462519917,-0.0670009029,-7.11231743,0.0792091033,0.0118634504,FollowWall,following_right_wall,0,14,42,0.509866536,1.69803338,1,1,1,0.341259331,2.23997896,2.23997896,0,0,0,0,0
6.15,0.46645,-0.0674900937,-7.07829368,0.0792091033,0.0118634504,FollowWall,following_right_wall,0,14,42,0.509866536,1.69803338,1,1,1,0.341259331,2.23950563,2.23950563,0,0,0,0,0
6.2,0.470380391,-0.0679769533,-7.04428555,0.0792174215,0.0117386775,FollowWall,following_right_wall,0,14,42,0.509306192,1.69009836,1,1,1,0.340313703,2.23903466,2.23903466,0,0,0,0,0
6.25,0.474311251,-0.0684615078,-7.01043545,0.0792174215,0.0117386775,FollowWall,following_right_wall,0,14,42,0.509306192,1.69009836,1,1,1,0.340313703,2.23856596,2.23856596,0,0,0,0,0
6.3,0.478242504,-0.0689437562,-6.97667755,0.0792318244,0.0115226345,FollowWall,following_right_wall,0,14,42,0.508747637,1.68218798,1,1,1,0.3394728,2.23809955,2.23809955,0,0,0,0,0
6.35,0.482174399,-0.0694237428,-6.94323131,0.0792318244,0.0115226345,FollowWall,following_right_wall,0,14,42,0.508747637,1.68218798,1,1,1,0.3394728,2.23763528,2.23763528,0,0,0,0,0
6.4,0.486106782,-0.0699014659,-6.90996687,0.0792447463,0.011328806,FollowWall,following_right_wall,0,14,42,0.508184671,1.67430212,1,1,1,0.338637233,2.23717323,2.23717323,0,0,0,0,0
6.45,0.49003983,-0.0703769646,-6.87703985,0.0792447463,0.011328806,FollowWall,following_right_wall,0,14,42,0.508184671,1.67430212,1,1,1,0.338637233,2.23671327,2.23671327,0,0,0,0,0
6.5,0.493973378,-0.070850237,-6.84430965,0.07925662,0.0111507007,FollowWall,following_right_wall,0,14,42,0.507614017,1.66644008,1,1,1,0.337816685,2.23625548,2.23625548,0,0,0,0,0
6.55,0.497907572,-0.0713213189,-6.81190687,0.07925662,0.0111507007,FollowWall,following_right_wall,0,14,42,0.507614017,1.66644008,1,1,1,0.337816685,2.23579975,2.23579975,0,0,0,0,0
6.6,0.501842252,-0.0717902086,-6.77969508,0.0792524348,0.0112134782,FollowWall,following_right_wall,0,14,42,0.507034004,1.6586009,1,1,1,0.336946338,2.23534615,2.23534615,0,0,0,0,0
6.65,0.505777237,-0.0722568924,-6.74751976,0.0792524348,0.0112134782,FollowWall,following_right_wall,0,14,42,0.507034004,1.6586009,1,1,1,0.336946338,2.23489477,2.23489477,0,0,0,0,0
6.7,0.509712508,-0.0727213701,-6.71536573,0.0792264561,0.0116031588,FollowWall,following_right_wall,0,14,42,0.506450236,1.65078303,1,1,1,0.336087704,2.23444562,2.23444562,0,0,0,0,0
6.75,0.513647518,-0.0731835622,-6.68275895,0.0792264561,0.0116031588,FollowWall,following_right_wall,0,14,42,0.506450236,1.65078303,1,1,1,0.336087704,2.233999,2.233999,0,0,0,0,0
6.8,0.517582485,-0.07364347,-6.64988809,0.0791973613,0.0120395809,FollowWall,following_right_wall,0,14,42,0.505874932,1.64298433,1,1,1,0.33513099,2.23355482,2.23355482,0,0,0,0,0
6.85,0.521516939,-0.0741010064,-6.61634222,0.0791973613,0.0120395809,FollowWall,following_right_wall,0,14,42,0.505874932,1.64298433,1,1,1,0.33513099,2.23311336,2.23311336,0,0,0,0,0
6.9,0.525451206,-0.074556173,-6.58240261,0.0791665272,0.0125020919,FollowWall,following_right_wall,0,14,42,0.505315185,1.63520313,1,1,1,0.334075511,2.2326745,2.2326745,0,0,0,0,0
6.95,0.529384842,-0.0750088782,-6.54768123,0.0791665272,0.0125020919,FollowWall,following_right_wall,0,14,42,0.505315185,1.63520313,1,1,1,0.334075511,2.2322385,2.2322385,0,0,0,0,0
7,0.533318226,-0.0754591235,-6.51250382,0.0791409792,0.0128853125,FollowWall,following_right_wall,0,14,42,0.504774094,1.627438,1,1,1,0.33300969,2.23180522,2.23180522,0,0,0,0,0
7.05,0.537251052,-0.0759068337,-6.47660295,0.0791409792,0.0128853125,FollowWall,following_right_wall,0,14,42,0.504774094,1.627438,1,1,1,0.33300969,2.23137486,2.23137486,0,0,0,0,0
7.1,0.541183671,-0.0763520098,-6.44028007,0.0791153636,0.0132695462,FollowWall,following_right_wall,0,14,42,0.504250407,1.61968823,1,1,1,0.331857651,2.23094728,2.23094728,0,0,0,0,0
7.15,0.54511576,-0.0767945769,-6.40325237,0.0791153636,0.0132695462,FollowWall,following_right_wall,0,14,42,0.504250407,1.61968823,1,1,1,0.331857651,2.23052268,2.23052268,0,0,0,0,0
7.2,0.54904766,-0.0772345354,-6.36581353,0.079094756,0.0135786593,FollowWall,following_right_wall,0,14,42,0.503742754,1.61195263,1,1,1,0.330690384,2.23010093,2.23010093,0,0,0,0,0
7.25,0.552979145,-0.0776718253,-6.32776587,0.079094756,0.0135786593,FollowWall,following_right_wall,0,14,42,0.503742754,1.61195263,1,1,1,0.330690384,2.22968219,2.22968219,0,0,0,0,0
7.3,0.55691051,-0.0781064469,-6.28936307,0.0790954732,0.013567902,FollowWall,following_right_wall,0,14,42,0.503248334,1.60423001,1,1,1,0.329738438,2.22926632,2.22926632,0,0,0,0,0
7.35,0.560841941,-0.078538402,-6.25076595,0.0790954732,0.013567902,FollowWall,following_right_wall,0,14,42,0.503248334,1.60423001,1,1,1,0.329738438,2.22885327,2.22885327,0,0,0,0,0
7.4,0.564773532,-0.0789676904,-6.21205547,0.0790906347,0.0136404801,FollowWall,following_right_wall,0,14,42,0.50275594,1.59651977,1,1,1,0.328647316,2.22844297,2.22844297,0,0,0,0,0
7.45,0.568705236,-0.079394298,-6.17319224,0.0790906347,0.0136404801,FollowWall,following_right_wall,0,14,42,0.50275594,1.59651977,1,1,1,0.328647316,2.22803548,2.22803548,0,0,0,0,0
7.5,0.572637125,-0.0798182245,-6.13423989,0.0790906832,0.0136397514,FollowWall,following_right_wall,0,14,42,0.502261817,1.58837386,1,1,1,0.327568322,2.22763075,2.22763075,0,0,0,0,0
7.55,0.576569243,-0.0802394697,-6.09523644,0.0790906832,0.0136397514,FollowWall,following_right_wall,0,14,42,0.502261817,1.58837386,1,1,1,0.327568322,2.22722877,2.22722877,0,0,0,0,0
7.6,0.580501613,-0.0806580334,-6.05620317,0.079103027,0.0134545956,FollowWall,following_right_wall,0,14,42,0.501762688,1.58023305,1,1,1,0.326607734,2.22682954,2.22682954,0,0,0,0,0
7.65,0.584434501,-0.0810739499,-6.01737352,0.079103027,0.0134545956,FollowWall,following_right_wall,0,14,42,0.501762688,1.58023305,1,1,1,0.326607734,2.22643289,2.22643289,0,0,0,0,0
7.7,0.588367808,-0.0814872195,-5.97866265,0.0791291928,0.0130621084,FollowWall,following_right_wall,0,14,42,0.501251221,1.5721181,1,1,1,0.325798273,2.22603887,2.22603887,0,0,0,0,0
7.75,0.592302013,-0.081897915,-5.94048957,0.0791291928,0.0130621084,FollowWall,following_right_wall,0,14,42,0.501251221,1.5721181,1,1,1,0.325798273,2.22564719,2.22564719,0,0,0,0,0
7.8,0.596236853,-0.0823060377,-5.90263019,0.0791494356,0.0127584667,FollowWall,following_right_wall,0,14,42,0.500717223,1.56403019,1,1,1,0.324887842,2.22525798,2.22525798,0,0,0,0,0
7.85,0.600172591,-0.082711644,-5.86531626,0.0791494356,0.0127584667,FollowWall,following_right_wall,0,14,42,0.500717223,1.56403019,1,1,1,0.324887842,2.22487105,2.22487105,0,0,0,0,0
7.9,0.60410896,-0.0831147358,-5.8283205,0.0791641228,0.0125381587,FollowWall,following_right_wall,0,14,42,0.500158072,1.55596991,1,1,1,0.323886573,2.22448651,2.22448651,0,0,0,0,0
7.95,0.608046105,-0.083515354,-5.79177332,0.0791641228,0.0125381587,FollowWall,following_right_wall,0,14,42,0.500158072,1.55596991,1,1,1,0.323886573,2.22410426,2.22410426,0,0,0,0,0
8,0.611983808,-0.0839135003,-5.7554878,0.07918388,0.0122417997,FollowWall,following_right_wall,0,14,42,0.499575555,1.54793715,1,1,1,0.322934449,2.22372439,2.22372439,0,0,0,0,0
8.05,0.615922346,-0.0843092292,-5.71970868,0.07918388,0.0122417997,FollowWall,following_right_wall,0,14,42,0.499575555,1.54793715,1,1,1,0.322934449,2.22334671,2.22334671,0,0,0,0,0
8.1,0.619861472,-0.0847025427,-5.68422495,0.079224533,0.0116320056,FollowWall,following_right_wall,0,14,42,0.498968571,1.53993215,1,1,1,0.322246164,2.22297134,2.22297134,0,0,0,0,0
8.15,0.62380188,-0.0850935511,-5.64964143,0.079224533,0.0116320056,FollowWall,following_right_wall,0,14,42,0.498968571,1.53993215,1,1,1,0.322246164,2.22259785,2.22259785,0,0,0,0,0
8.2,0.627743129,-0.085482259,-5.61558302,0.0792657748,0.0110133787,FollowWall,following_right_wall,0,14,42,0.498326719,1.53195514,1,1,1,0.32156688,2.22222643,2.22222643,0,0,0,0,0
8.25,0.631685815,-0.0858687786,-5.58256936,0.0792657748,0.0110133787,FollowWall,following_right_wall,0,14,42,0.498326719,1.53195514,1,1,1,0.32156688,2.2218567,2.2218567,0,0,0,0,0
8.3,0.635629427,-0.086253116,-5.55016515,0.0792882474,0.0106762897,FollowWall,following_right_wall,0,14,42,0.497643888,1.52400637,1,1,1,0.320650756,2.22148887,2.22148887,0,0,0,0,0
8.35,0.639574131,-0.0866353342,-5.5185188,0.0792882474,0.0106762897,FollowWall,following_right_wall,0,14,42,0.497643888,1.52400637,1,1,1,0.320650756,2.2211228,2.2211228,0,0,0,0,0
8.4,0.643519556,-0.0870154382,-5.48731455,0.0793091715,0.0103624281,FollowWall,following_right_wall,0,14,42,0.496926218,1.51608475,1,1,1,0.319718242,2.22075865,2.22075865,0,0,0,0,0
8.45,0.647465917,-0.0873934852,-5.45674284,0.0793091715,0.0103624281,FollowWall,following_right_wall,0,14,42,0.496926218,1.51608475,1,1,1,0.319718242,2.22039626,2.22039626,0,0,0,0,0
8.5,0.651412907,-0.08776948,-5.4265401,0.0793404192,0.0098937118,FollowWall,following_right_wall,0,14,42,0.496178538,1.50818947,1,1,1,0.318918735,2.22003575,2.22003575,0,0,0,0,0
8.55,0.655360988,-0.0881435058,-5.39711209,0.0793404192,0.0098937118,FollowWall,following_right_wall,0,14,42,0.496178538,1.50818947,1,1,1,0.318918735,2.21967685,2.21967685,0,0,0,0,0
8.6,0.659309784,-0.0885155686,-5.368136,0.0793704155,0.00944376687,FollowWall,following_right_wall,0,14,42,0.495398313,1.50032015,1,1,1,0.318330348,2.2193197,2.2193197,0,0,0,0,0
8.65,0.663259691,-0.0888857489,-5.33996061,0.0793704155,0.00944376687,FollowWall,following_right_wall,0,14,42,0.495398313,1.50032015,1,1,1,0.318330348,2.21896404,2.21896404,0,0,0,0,0
8.7,0.667210321,-0.0892540534,-5.31225231,0.0793774563,0.00933815514,FollowWall,following_right_wall,0,14,42,0.494584501,1.49247573,1,1,1,0.317729801,2.21861003,2.21861003,0,0,0,0,0
8.75,0.671161588,-0.0896205038,-5.28494252,0.0793774563,0.00933815514,FollowWall,following_right_wall,0,14,42,0.494584501,1.49247573,1,1,1,0.317729801,2.2182577,2.2182577,0,0,0,0,0
8.8,0.675113298,-0.0899851037,-5.25786522,0.0793812602,0.00928109754,FollowWall,following_right_wall,0,14,42,0.493747622,1.4846549,1,1,1,0.317061514,2.21790712,2.21790712,0,0,0,0,0
8.85,0.679065415,-0.0903478647,-5.23099163,0.0793812602,0.00928109754,FollowWall,following_right_wall,0,14,42,0.493747622,1.4846549,1,1,1,0.317061514,2.21755829,2.21755829,0,0,0,0,0
8.9,0.68301784,-0.0907087887,-5.20423687,0.0794229093,0.00865636116,FollowWall,following_right_wall,0,14,42,0.492895752,1.47685646,1,1,1,0.316486329,2.21721126,2.21721126,0,0,0,0,0
8.95,0.686971374,-0.0910679809,-5.17829716,0.0794229093,0.00865636116,FollowWall,following_right_wall,0,14,42,0.492895752,1.47685646,1,1,1,0.316486329,2.21686556,2.21686556,0,0,0,0,0
9,0.69092562,-0.0914254494,-5.15283289,0.0794533756,0.00819936673,FollowWall,following_right_wall,0,14,42,0.492015809,1.46907958,1,1,1,0.315841466,2.21652135,2.21652135,0,0,0,0,0
9.05,0.694880976,-0.0917812747,-5.12819146,0.0794533756,0.00819936673,FollowWall,following_right_wall,0,14,42,0.492015809,1.46907958,1,1,1,0.315841466,2.21617837,2.21617837,0,0,0,0,0
9.1,0.698837039,-0.0921354652,-5.10403002,0.0794759667,0.00786049953,FollowWall,following_right_wall,0,14,42,0.49110502,1.46132284,1,1,1,0.315179974,2.21583679,2.21583679,0,0,0,0,0
9.15,0.702794042,-0.0924880817,-5.08055307,0.0794759667,0.00786049953,FollowWall,following_right_wall,0,14,42,0.49110502,1.46132284,1,1,1,0.315179974,2.21549645,2.21549645,0,0,0,0,0
9.2,0.706751651,-0.0928391316,-5.0574754,0.0794909301,0.00763604824,FollowWall,following_right_wall,0,14,42,0.490167856,1.44704926,1,1,1,0.314500928,2.21515748,2.21515748,0,0,0,0,0
9.25,0.71070998,-0.0931886561,-5.03489857,0.0794909301,0.00763604824,FollowWall,following_right_wall,0,14,42,0.490167856,1.44704926,1,1,1,0.314500928,2.21481978,2.21481978,0,0,0,0,0
9.3,0.714668784,-0.0935366606,-5.01261388,0.0794988405,0.00751739248,FollowWall,following_right_wall,0,14,42,0.489210933,1.43909798,1,1,1,0.313803673,2.21448347,2.21448347,0,0,0,0,0
9.35,0.718628084,-0.0938831678,-4.99064126,0.0794988405,0.00751739248,FollowWall,following_right_wall,0,14,42,0.489210933,1.43909798,1,1,1,0.313803673,2.2141485,2.2141485,0,0,0,0,0
9.4,0.722587727,-0.0942281812,-4.96885067,0.079479475,0.00780787471,FollowWall,following_right_wall,0,14,42,0.488241464,1.43117106,1,1,1,0.312819421,2.21381495,2.21381495,0,0,0,0,0
9.45,0.726547223,-0.0945716563,-4.94681953,0.079479475,0.00780787471,FollowWall,following_right_wall,0,14,42,0.488241464,1.43117106,1,1,1,0.312819421,2.21348307,2.21348307,0,0,0,0,0
9.5,0.730506688,-0.0949135899,-4.92464806,0.0794549923,0.00817511624,FollowWall,following_right_wall,0,14,42,0.487276107,1.42327006,1,1,1,0.311807007,2.21315283,2.21315283,0,0,0,0,0
9.55,0.734465684,-0.0952539215,-4.90195639,0.0794549923,0.00817511624,FollowWall,following_right_wall,0,14,42,0.487276107,1.42327006,1,1,1,0.311807007,2.21282447,2.21282447,0,0,0,0,0
9.6,0.738424463,-0.0955926445,-4.87896125,0.0794670402,0.00799439677,FollowWall,following_right_wall,0,14,42,0.486327142,1.41539604,1,1,1,0.311280429,2.2124979,2.2124979,0,0,0,0,0
9.65,0.742383423,-0.0959297839,-4.85600481,0.0794670402,0.00799439677,FollowWall,following_right_wall,0,14,42,0.486327142,1.41539604,1,1,1,0.311280429,2.2121729,2.2121729,0,0,0,0,0
9.7,0.746342543,-0.09626534,-4.83307094,0.0794477744,0.00828338389,FollowWall,following_right_wall,0,14,42,0.485384285,1.40754782,1,1,1,0.310395479,2.21184949,2.21184949,0,0,0,0,0
9.75,0.750301414,-0.0965992674,-4.80980529,0.0794477744,0.00828338389,FollowWall,following_right_wall,0,14,42,0.485384285,1.40754782,1,1,1,0.310395479,2.21152791,2.21152791,0,0,0,0,0
9.8,0.754260197,-0.0969315618,-4.7863461,0.07943691,0.00844634954,FollowWall,following_right_wall,0,14,42,0.484455764,1.39972551,1,1,1,0.309648514,2.21120807,2.21120807,0,0,0,0,0
9.85,0.758218759,-0.0972621948,-4.76257949,0.07943691,0.00844634954,FollowWall,following_right_wall,0,14,42,0.484455764,1.39972551,1,1,1,0.309648514,2.21089007,2.21089007,0,0,0,0,0
9.9,0.762177251,-0.0975911623,-4.73863354,0.0794153405,0.00876989288,FollowWall,following_right_wall,0,14,42,0.483545303,1.391929,1,1,1,0.308793277,2.21057385,2.21057385,0,0,0,0,0
9.95,0.766135312,-0.0979184114,-4.71419679,0.0794153405,0.00876989288,FollowWall,following_right_wall,0,14,42,0.483545303,1.391929,1,1,1,0.308793277,2.21025962,2.21025962,0,0,0,0,0
10,0.770093181,-0.0982439351,-4.68947372,0.0793850227,0.0092246596,FollowWall,following_right_wall,0,14,42,0.482659698,1.38415804,1,1,1,0.307846636,2.20994729,2.20994729,0,0,0,0,0
10.05,0.77405037,-0.0985676591,-4.66404081,0.0793850227,0.0092246596,FollowWall,following_right_wall,0,14,42,0.482659698,1.38415804,1,1,1,0.307846636,2.20963716,2.20963716,0,0,0,0,0
10.1,0.778007222,-0.0988895731,-4.63819382,0.0793679142,0.0094812871,FollowWall,following_right_wall,0,14,42,0.481807917,1.37641289,1,1,1,0.307073742,2.20932908,2.20932908,0,0,0,0,0
10.15,0.781963585,-0.0992096319,-4.61179895,0.0793679142,0.0094812871,FollowWall,following_right_wall,0,14,42,0.481807917,1.37641289,1,1,1,0.307073742,2.20902316,2.20902316,0,0,0,0,0
10.2,0.785919726,-0.0995278271,-4.5850845,0.0793719181,0.00942122865,FollowWall,following_right_wall,0,14,42,0.480989605,1.36869222,1,1,1,0.306577593,2.2087193,2.2087193,0,0,0,0,0
10.25,0.789875882,-0.0998441631,-4.5582553,0.0793719181,0.00942122865,FollowWall,following_right_wall,0,14,42,0.480989605,1.36869222,1,1,1,0.306577593,2.20841738,2.20841738,0,0,0,0,0
10.3,0.793832108,-0.100158638,-4.53135917,0.0793681231,0.00947815396,FollowWall,following_right_wall,0,14,42,0.480195373,1.36099402,1,1,1,0.306013376,2.20811738,2.20811738,0,0,0,0,0
10.35,0.797788357,-0.100471242,-4.50435605,0.0793681231,0.00947815396,FollowWall,following_right_wall,0,14,42,0.480195373,1.36099402,1,1,1,0.306013376,2.20781932,2.20781932,0,0,0,0,0
10.4,0.801744681,-0.100781974,-4.47729052,0.0793281435,0.0100778473,FollowWall,following_right_wall,0,14,42,0.479424655,1.3533165,1,1,1,0.305028647,2.20752319,2.20752319,0,0,0,0,0
10.45,0.805700281,-0.101090743,-4.44947274,0.0793281435,0.0100778473,FollowWall,following_right_wall,0,14,42,0.479424655,1.3533165,1,1,1,0.305028647,2.20722945,2.20722945,0,0,0,0,0
10.5,0.809655522,-0.101397537,-4.42121617,0.0793181985,0.0102270224,FollowWall,following_right_wall,0,14,42,0.47869578,1.3456605,1,1,1,0.304424137,2.20693795,2.20693795,0,0,0,0,0
10.55,0.813610412,-0.101702326,-4.39252555,0.0793181985,0.0102270224,FollowWall,following_right_wall,0,14,42,0.47869578,1.3456605,1,1,1,0.304424137,2.20664871,2.20664871,0,0,0,0,0
10.6,0.817565161,-0.102005104,-4.36358175,0.079314963,0.0102755546,FollowWall,following_right_wall,0,14,42,0.47800684,1.33802411,1,1,1,0.303911835,2.20636164,2.20636164,0,0,0,0,0
10.65,0.821519824,-0.102305858,-4.33443233,0.079314963,0.0102755546,FollowWall,following_right_wall,0,14,42,0.47800684,1.33802411,1,1,1,0.303911835,2.20607673,2.20607673,0,0,0,0,0
10.7,0.825474501,-0.102604586,-4.30516296,0.0793118005,0.0103229931,FollowWall,following_right_wall,0,14,42,0.477352321,1.33040496,1,1,1,0.303420067,2.20579393,2.20579393,0,0,0,0,0
10.75,0.829429184,-0.102901278,-4.275767,0.0793118005,0.0103229931,FollowWall,following_right_wall,0,14,42,0.477352321,1.33040496,1,1,1,0.303420067,2.20551327,2.20551327,0,0,0,0,0
10.8,0.833383933,-0.103195933,-4.24629719,0.0792962933,0.0105556004,FollowWall,following_right_wall,0,14,42,0.476730913,1.32266762,1,1,1,0.30264321,2.2052347,2.2052347,0,0,0,0,0
10.85,0.837338461,-0.103488514,-4.21650664,0.0792962933,0.0105556004,FollowWall,following_right_wall,0,14,42,0.476730913,1.32266762,1,1,1,0.30264321,2.20495841,2.20495841,0,0,0,0,0
10.9,0.841292924,-0.103779017,-4.18652901,0.0793306268,0.0100405983,FollowWall,following_right_wall,0,14,42,0.476148814,1.31458124,1,1,1,0.302132547,2.20468432,2.20468432,0,0,0,0,0
10.95,0.845248125,-0.104067511,-4.15705697,0.0793306268,0.0100405983,FollowWall,following_right_wall,0,14,42,0.476148814,1.31458124,1,1,1,0.302132547,2.20441199,2.20441199,0,0,0,0,0
11,0.849203814,-0.104354006,-4.12787987,0.0793734466,0.00939830061,FollowWall,following_right_wall,0,14,42,0.475587875,1.30651675,1,1,1,0.301736325,2.20414153,2.20414153,0,0,0,0,0
11.05,0.853160736,-0.104638597,-4.0996415,0.0793734466,0.00939830061,FollowWall,following_right_wall,0,14,42,0.475587875,1.30651675,1,1,1,0.301736325,2.20387247,2.20387247,0,0,0,0,0
11.1,0.857118432,-0.104921302,-4.07195072,0.0794170171,0.00874474407,FollowWall,following_right_wall,0,14,42,0.475033462,1.29847356,1,1,1,0.301387399,2.20360502,2.20360502,0,0,0,0,0
11.15,0.861077538,-0.105202223,-4.0453595,0.0794170171,0.00874474407,FollowWall,following_right_wall,0,14,42,0.475033462,1.29847356,1,1,1,0.301387399,2.20333876,2.20333876,0,0,0,0,0
11.2,0.865037517,-0.105481381,-4.01940968,0.0794392624,0.00841106326,FollowWall,following_right_wall,0,14,42,0.474479526,1.2904519,1,1,1,0.300826341,2.20307394,2.20307394,0,0,0,0,0
11.25,0.868998516,-0.105758835,-3.99423232,0.0794392624,0.00841106326,FollowWall,following_right_wall,0,14,42,0.474479526,1.2904519,1,1,1,0.300826341,2.20281041,2.20281041,0,0,0,0,0
11.3,0.872960159,-0.1060346,-3.96950556,0.0794786901,0.00781964875,FollowWall,following_right_wall,0,14,42,0.473933876,1.28245297,1,1,1,0.30051434,2.20254834,2.20254834,0,0,0,0,0
11.35,0.876923043,-0.106308767,-3.9457476,0.0794786901,0.00781964875,FollowWall,following_right_wall,0,14,42,0.473933876,1.28245297,1,1,1,0.30051434,2.20228734,2.20228734,0,0,0,0,0
11.4,0.880886695,-0.106581355,-3.92255477,0.0794986581,0.00752012809,FollowWall,following_right_wall,0,14,42,0.473393828,1.27447712,1,1,1,0.300007254,2.20202763,2.20202763,0,0,0,0,0
11.45,0.884851252,-0.106852417,-3.90004913,0.0794986581,0.00752012809,FollowWall,following_right_wall,0,14,42,0.473393828,1.27447712,1,1,1,0.300007254,2.20176907,2.20176907,0,0,0,0,0
11.5,0.888816381,-0.107121967,-3.87794434,0.0794880176,0.00767973613,FollowWall,following_right_wall,0,14,42,0.472865522,1.2665253,1,1,1,0.299159825,2.20151182,2.20151182,0,0,0,0,0
11.55,0.892781663,-0.107389993,-3.85588288,0.0794880176,0.00767973613,FollowWall,following_right_wall,0,14,42,0.472865522,1.2665253,1,1,1,0.299159825,2.20125608,2.20125608,0,0,0,0,0
11.6,0.896747078,-0.107656494,-3.83384668,0.0794808801,0.00778679919,FollowWall,following_right_wall,0,14,42,0.472367227,1.25859977,1,1,1,0.298357725,2.20100187,2.20100187,0,0,0,0,0
11.65,0.900712463,-0.107921458,-3.81169742,0.0794808801,0.00778679919,FollowWall,following_right_wall,0,14,42,0.472367227,1.25859977,1,1,1,0.298357725,2.20074927,2.20074927,0,0,0,0,0
11.7,0.904677875,-0.108184881,-3.78948222,0.0795183851,0.00722422337,FollowWall,following_right_wall,0,14,42,0.471907109,1.25070138,1,1,1,0.298087597,2.20049826,2.20049826,0,0,0,0,0
11.75,0.908644122,-0.108446838,-3.76790006,0.0795183851,0.00722422337,FollowWall,following_right_wall,0,14,42,0.471907109,1.25070138,1,1,1,0.298087597,2.20024838,2.20024838,0,0,0,0,0
11.8,0.912610895,-0.108707341,-3.74668719,0.0795407358,0.00688896229,FollowWall,following_right_wall,0,14,42,0.471467346,1.24282808,1,1,1,0.297653496,2.19999975,2.19999975,0,0,0,0,0
11.85,0.916578477,-0.108966443,-3.72608993,0.0795407358,0.00688896229,FollowWall,following_right_wall,0,14,42,0.471467346,1.24282808,1,1,1,0.297653496,2.1997522,2.1997522,0,0,0,0,0
11.9,0.920546569,-0.109224159,-3.70585176,0.0795274264,0.00708860338,FollowWall,following_right_wall,0,14,42,0.471043855,1.23497918,1,1,1,0.296815753,2.19950584,2.19950584,0,0,0,0,0
11.95,0.924514718,-0.10948047,-3.68558477,0.0795274264,0.00708860338,FollowWall,following_right_wall,0,14,42,0.471043855,1.23497918,1,1,1,0.296815753,2.19926091,2.19926091,0,0,0,0,0
12,0.928482938,-0.109735375,-3.66530096,0.0795401125,0.00689831321,FollowWall,following_right_wall,0,14,42,0.470652759,1.2271561,1,1,1,0.296292812,2.19901741,2.19901741,0,0,0,0,0
12.05,0.9324515,-0.1099889,-3.64523448,0.0795401125,0.00689831321,FollowWall,following_right_wall,0,14,42,0.470652759,1.2271561,1,1,1,0.296292812,2.19877518,2.19877518,0,0,0,0,0
12.1,0.936420297,-0.110241048,-3.62529478,0.0795306341,0.00704048886,FollowWall,following_right_wall,0,14,42,0.470291197,1.21935776,1,1,1,0.295507163,2.19853427,2.19853427,0,0,0,0,0
12.15,0.940389071,-0.110491804,-3.60525932,0.0795306341,0.00704048886,FollowWall,following_right_wall,0,14,42,0.470291197,1.21935776,1,1,1,0.295507163,2.19829481,2.19829481,0,0,0,0,0
12.2,0.944357868,-0.110741167,-3.58516801,0.079519797,0.00720304536,FollowWall,following_right_wall,0,14,42,0.469965279,1.21158452,1,1,1,0.294699728,2.19805679,2.19805679,0,0,0,0,0
12.25,0.948326489,-0.110989113,-3.56485008,0.079519797,0.00720304536,FollowWall,following_right_wall,0,14,42,0.469965279,1.21158452,1,1,1,0.294699728,2.19782032,2.19782032,0,0,0,0,0
12.3,0.952295044,-0.111235639,-3.54439994,0.0795394605,0.00690809324,FollowWall,following_right_wall,0,14,42,0.469679594,1.20383568,1,1,1,0.294245154,2.19758537,2.19758537,0,0,0,0,0
12.35,0.956264006,-0.111480777,-3.52422477,0.0795394605,0.00690809324,FollowWall,following_right_wall,0,14,42,0.469679594,1.20383568,1,1,1,0.294245154,2.19735165,2.19735165,0,0,0,0,0
12.4,0.96023324,-0.111724534,-3.50420999,0.07956144,0.0065784007,FollowWall,following_right_wall,0,14,42,0.469421536,1.19610897,1,1,1,0.293825179,2.19711924,2.19711924,0,0,0,0,0
12.45,0.964203124,-0.111966956,-3.48468232,0.07956144,0.0065784007,FollowWall,following_right_wall,0,14,42,0.469421536,1.19610897,1,1,1,0.293825179,2.19688789,2.19688789,0,0,0,0,0
12.5,0.96817342,-0.112208055,-3.46543879,0.0795600906,0.00659864038,FollowWall,following_right_wall,0,14,42,0.469181657,1.188402,1,1,1,0.293147773,2.19665772,2.19665772,0,0,0,0,0
12.55,0.97214396,-0.112447836,-3.44633685,0.0795600906,0.00659864038,FollowWall,following_right_wall,0,14,42,0.469181657,1.188402,1,1,1,0.293147773,2.1964288,2.1964288,0,0,0,0,0
12.6,0.976114676,-0.112686301,-3.4273175,0.0795672592,0.00649111187,FollowWall,following_right_wall,0,14,42,0.468966186,1.18071431,1,1,1,0.292582184,2.19620115,2.19620115,0,0,0,0,0
12.65,0.980085675,-0.112923467,-3.40847469,0.0795672592,0.00649111187,FollowWall,following_right_wall,0,14,42,0.468966186,1.18071431,1,1,1,0.292582184,2.19597472,2.19597472,0,0,0,0,0
12.7,0.984056872,-0.113159337,-3.38973485,0.079573437,0.00639844491,FollowWall,following_right_wall,0,14,42,0.468774855,1.17304435,1,1,1,0.292013168,2.19574953,2.19574953,0,0,0,0,0
12.75,0.988028343,-0.113393926,-3.3711657,0.079573437,0.00639844491,FollowWall,following_right_wall,0,14,42,0.468774855,1.17304435,1,1,1,0.292013168,2.19552553,2.19552553,0,0,0,0,0
12.8,0.992000006,-0.113627238,-3.35269612,0.0796053933,0.00591910121,FollowWall,following_right_wall,0,14,42,0.468606085,1.16539057,1,1,1,0.291759819,2.19530277,2.19530277,0,0,0,0,0
12.85,0.995972474,-0.113859335,-3.33485679,0.0796053933,0.00591910121,FollowWall,following_right_wall,0,14,42,0.468606085,1.16539057,1,1,1,0.291759819,2.19508086,2.19508086,0,0,0,0,0
12.9,0.999945441,-0.114090232,-3.3173851,0.0796166569,0.00575014683,FollowWall,following_right_wall,0,14,42,0.468446463,1.15731066,1,1,1,0.29128927,2.19485996,2.19485996,0,0,0,0,0
12.95,1.00391896,-0.11431996,-3.30032956,0.0796166569,0.00575014683,FollowWall,following_right_wall,0,14,42,0.468446463,1.15731066,1,1,1,0.29128927,2.19464,2.19464,0,0,0,0,0
13,1.00789283,-0.11454853,-3.28351675,0.0796111596,0.00583260669,FollowWall,following_right_wall,0,14,42,0.468296736,1.1491812,1,1,1,0.290645093,2.19442106,2.19442106,0,0,0,0,0
13.05,1.01186682,-0.114775938,-3.26674712,0.0796111596,0.00583260669,FollowWall,following_right_wall,0,14,42,0.468296736,1.1491812,1,1,1,0.290645093,2.19420327,2.19420327,0,0,0,0,0
13.1,1.0158409,-0.115002185,-3.25000268,0.0796355299,0.00546705214,FollowWall,following_right_wall,0,14,42,0.468165576,1.14107449,1,1,1,0.290361881,2.19398663,2.19398663,0,0,0,0,0
13.15,1.01981557,-0.115227316,-3.23370927,0.0796355299,0.00546705214,FollowWall,following_right_wall,0,14,42,0.468165576,1.14107449,1,1,1,0.290361881,2.19377085,2.19377085,0,0,0,0,0
13.2,1.02379061,-0.115451344,-3.21767897,0.0796663949,0.00500407682,FollowWall,following_right_wall,0,14,42,0.468042731,1.13299076,1,1,1,0.290176272,2.19355604,2.19355604,0,0,0,0,0
13.25,1.02776653,-0.11567433,-3.20235479,0.0796663949,0.00500407682,FollowWall,following_right_wall,0,14,42,0.468042731,1.13299076,1,1,1,0.290176272,2.19334187,2.19334187,0,0,0,0,0
13.3,1.03174299,-0.115896293,-3.18744251,0.0796814913,0.00477763033,FollowWall,following_right_wall,0,14,42,0.467916995,1.12493013,1,1,1,0.289840937,2.19312849,2.19312849,0,0,0,0,0
13.35,1.0357201,-0.116117272,-3.1730408,0.0796814913,0.00477763033,FollowWall,following_right_wall,0,14,42,0.467916995,1.12493013,1,1,1,0.289840937,2.19291581,2.19291581,0,0,0,0,0
13.4,1.03969761,-0.116337281,-3.15893692,0.0796922669,0.00461599683,FollowWall,following_right_wall,0,14,42,0.467789292,1.11689366,1,1,1,0.289485872,2.19270393,2.19270393,0,0,0,0,0
13.45,1.0436756,-0.116556347,-3.14519972,0.0796922669,0.00461599683,FollowWall,following_right_wall,0,14,42,0.467789292,1.11689366,1,1,1,0.289485872,2.19249279,2.19249279,0,0,0,0,0
13.5,1.04765389,-0.11677448,-3.13167642,0.0797142334,0.00428649918,FollowWall,following_right_wall,0,14,42,0.467661947,1.10888255,1,1,1,0.2892856,2.19228246,2.19228246,0,0,0,0,0
13.55,1.05163283,-0.116991726,-3.11867119,0.0797142334,0.00428649918,FollowWall,following_right_wall,0,14,42,0.467661947,1.10888255,1,1,1,0.2892856,2.19207272,2.19207272,0,0,0,0,0
13.6,1.05561217,-0.117208097,-3.10596818,0.0796892944,0.0046605844,FollowWall,following_right_wall,0,14,42,0.467529356,1.10088869,1,1,1,0.288563669,2.19186369,2.19186369,0,0,0,0,0
13.65,1.05959124,-0.11742356,-3.09299492,0.0796892944,0.0046605844,FollowWall,following_right_wall,0,14,42,0.467529356,1.10088869,1,1,1,0.288563669,2.19165573,2.19165573,0,0,0,0,0
13.7,1.06357019,-0.117638107,-3.07986403,0.0796704277,0.00494358427,FollowWall,following_right_wall,0,14,42,0.990975797,1.09267829,1,1,1,0.2879107,2.19144878,2.19144878,0,0,0,0,0
13.75,1.06754868,-0.1178517,-3.06630337,0.0796704277,0.00494358427,FollowWall,following_right_wall,0,14,42,0.990975797,1.09267829,1,1,1,0.2879107,2.19124304,2.19124304,0,0,0,0,0
13.8,1.07152693,-0.118064327,-3.05249202,0.0796949001,0.00457649867,FollowWall,following_right_wall,0,14,42,0.991288483,1.08448309,1,1,1,0.287748396,2.19103842,2.19103842,0,0,0,0,0
13.85,1.07550557,-0.118276023,-3.0389726,0.0796949001,0.00457649867,FollowWall,following_right_wall,0,14,42,0.991288483,1.08448309,1,1,1,0.287748396,2.19083456,2.19083456,0,0,0,0,0
13.9,1.07948446,-0.118486797,-3.02562348,0.0796912554,0.00463116943,FollowWall,following_right_wall,0,14,42,0.991625965,1.07630154,1,1,1,0.287269622,2.19063153,2.19063153,0,0,0,0,0
13.95,1.08346344,-0.118696647,-3.01230845,0.0796912554,0.00463116943,FollowWall,following_right_wall,0,14,42,0.991625965,1.07630154,1,1,1,0.287269622,2.19042941,2.19042941,0,0,0,0,0
14,1.08744249,-0.118905574,-2.99901329,0.079676359,0.00485461478,FollowWall,following_right_wall,0,14,42,0.991979778,1.06813614,1,1,1,0.286668688,2.1902282,2.1902282,0,0,0,0,0
14.05,1.09142129,-0.119113554,-2.98546301,0.079676359,0.00485461478,FollowWall,following_right_wall,0,14,42,0.991979778,1.06813614,1,1,1,0.286668688,2.1900281,2.1900281,0,0,0,0,0
14.1,1.09539996,-0.119320579,-2.97176392,0.0796643868,0.00503419798,FollowWall,following_right_wall,0,14,42,0.992323279,1.05999034,1,1,1,0.286096692,2.18982904,2.18982904,0,0,0,0,0
14.15,1.09937834,-0.119526623,-2.95776364,0.0796643868,0.00503419798,FollowWall,following_right_wall,0,14,42,0.992323279,1.05999034,1,1,1,0.286096692,2.18963115,2.18963115,0,0,0,0,0
14.2,1.10335657,-0.119731679,-2.94358769,0.079653247,0.00520129517,FollowWall,following_right_wall,0,14,42,0.992646456,1.05186639,1,1,1,0.285524726,2.18943435,2.18943435,0,0,0,0,0
14.25,1.10733449,-0.119935722,-2.92910979,0.079653247,0.00520129517,FollowWall,following_right_wall,0,14,42,0.992646456,1.05186639,1,1,1,0.285524726,2.18923874,2.18923874,0,0,0,0,0
14.3,1.11131226,-0.120138744,-2.91445576,0.0796301432,0.00554785202,FollowWall,following_right_wall,0,14,42,0.992946208,1.04376583,1,1,1,0.284803838,2.18904427,2.18904427,0,0,0,0,0
14.35,1.11528949,-0.120340699,-2.89928532,0.0796301432,0.00554785202,FollowWall,following_right_wall,0,14,42,0.992946208,1.04376583,1,1,1,0.284803838,2.18885116,2.18885116,0,0,0,0,0
14.4,1.11926642,-0.120541574,-2.88381363,0.0796407328,0.00538900858,FollowWall,following_right_wall,0,14,42,0.99320507,1.03569093,1,1,1,0.284455359,2.18865932,2.18865932,0,0,0,0,0
14.45,1.12324341,-0.120741376,-2.86835583,0.0796407328,0.00538900858,FollowWall,following_right_wall,0,14,42,0.99320507,1.03569093,1,1,1,0.284455359,2.18846856,2.18846856,0,0,0,0,0
14.5,1.12722048,-0.120940105,-2.85290612,0.0796335433,0.00549685117,FollowWall,following_right_wall,0,14,42,0.993454695,1.02764072,1,1,1,0.284106821,2.18827886,2.18827886,0,0,0,0,0
14.55,1.13119745,-0.121137751,-2.83733241,0.0796335433,0.00549685117,FollowWall,following_right_wall,0,14,42,0.993454695,1.02764072,1,1,1,0.284106821,2.18809033,2.18809033,0,0,0,0,0
14.6,1.13517439,-0.121334309,-2.82168636,0.0795946359,0.00608046193,FollowWall,following_right_wall,0,14,42,0.993691623,1.01961617,1,1,1,0.283579379,2.18790294,2.18790294,0,0,0,0,0
14.65,1.13915052,-0.121529713,-2.80530148,0.0795946359,0.00608046193,FollowWall,following_right_wall,0,14,42,0.993691623,1.01961617,1,1,1,0.283579379,2.18771714,2.18771714,0,0,0,0,0
14.7,1.14312622,-0.121723941,-2.78848562,0.0795728744,0.00640688362,FollowWall,following_right_wall,0,14,42,0.993867695,1.01162154,1,1,1,0.283180118,2.18753278,2.18753278,0,0,0,0,0
14.75,1.14710122,-0.121916943,-2.77102871,0.0795728744,0.00640688362,FollowWall,following_right_wall,0,14,42,0.993867695,1.01162154,1,1,1,0.283180118,2.18735002,2.18735002,0,0,0,0,0
14.8,1.15107585,-0.122108701,-2.75319786,0.0795551064,0.00667340374,FollowWall,following_right_wall,0,14,42,0.993977427,1.00365767,1,1,1,0.282752186,2.18716874,2.18716874,0,0,0,0,0
14.85,1.15504992,-0.122299173,-2.73483074,0.0795551064,0.00667340374,FollowWall,following_right_wall,0,14,42,0.993977427,1.00365767,1,1,1,0.282752186,2.18698907,2.18698907,0,0,0,0,0
14.9,1.15902368,-0.122488343,-2.7161508,0.05,0.00650354427,FollowWall,following_right_wall,0,14,42,0.994027197,0.995724315,1,1,1,0.282588124,2.1868109,2.1868109,0,0,0,0,0
14.95,1.16238225,-0.12264713,-2.69749113,0.05,0.00650354427,FollowWall,following_right_wall,0,14,42,0.994027197,0.995724315,1,1,1,0.282588124,2.18666311,2.18666311,0,0,0,0,0
15,1.16538197,-0.122787972,-2.67884329,0.05,0.00647955848,FollowWall,following_right_wall,0,14,42,0.993861794,0.989403522,1,1,1,0.282218724,2.18653326,2.18653326,0,0,0,0,0
15.05,1.16817237,-0.122918077,-2.66023098,0.05,0.00647955848,FollowWall,following_right_wall,0,14,42,0.993861794,0.989403522,1,1,1,0.282218724,2.18641414,2.18641414,0,0,0,0,0
15.1,1.17084067,-0.123041621,-2.6416394,0.05,0.0514330122,AdvanceRight,advancing_past_measured_edge,0,14,42,0.993579447,0.983997491,1,1,1,0.281812161,2.18630158,2.18630158,0,0,0,0,0
15.15,1.17343783,-0.123159808,-2.56940067,0.05,0.0499200478,AdvanceRight,advancing_past_measured_edge,0,14,42,0.993579447,0.983997491,1,1,1,0.281812161,2.18622615,2.18622615,0,0,0,0,0
15.2,1.17599361,-0.123272224,-2.46767375,0.05,0.0477894841,AdvanceRight,advancing_past_measured_edge,0,14,42,0.989577174,0.97902301,1,1,1,0.281398475,2.18617419,2.18617419,0,0,0,0,0
15.25,1.17852534,-0.123378755,-2.35128855,0.05,0.0453519181,AdvanceRight,advancing_past_measured_edge,0,14,42,0.989577174,0.97902301,1,1,1,0.281398475,2.18613718,2.18613718,0,0,0,0,0
15.3,1.18104315,-0.123479452,-2.22926232,0.05,0.0427962067,AdvanceRight,advancing_past_measured_edge,0,14,42,0.983877718,0.97423153,1,1,1,0.281141341,2.18610977,2.18610977,0,0,0,0,0
15.35,1.18355291,-0.12357447,-2.10699614,0.05,0.0402354699,AdvanceRight,advancing_past_measured_edge,0,14,42,0.983877718,0.97423153,1,1,1,0.281141341,2.1860886,2.1860886,0,0,0,0,0
15.4,1.18605806,-0.123664023,-1.98764665,0.05,0.03773582,AdvanceRight,advancing_past_measured_edge,0,14,42,0.978141546,0.969507501,1,1,1,0.280844778,2.18607153,2.18607153,0,0,0,0,0
15.45,1.18856057,-0.123748365,-1.8729823,0.05,0.0353342954,AdvanceRight,advancing_past_measured_edge,0,14,42,0.978141546,0.969507501,1,1,1,0.280844778,2.1860572,2.1860572,0,0,0,0,0
15.5,1.1910616,-0.123827769,-1.76391755,0.05,0.0330500486,AdvanceRight,advancing_past_measured_edge,0,14,42,0.972911239,0.964805917,1,1,1,0.280476719,2.18604471,2.18604471,0,0,0,0,0
15.55,1.19356182,-0.123902515,-1.66084585,0.05,0.0308913202,AdvanceRight,advancing_past_measured_edge,0,14,42,0.972911239,0.964805917,1,1,1,0.280476719,2.18603351,2.18603351,0,0,0,0,0
15.6,1.19606162,-0.12397288,-1.5638469,0.05,0.0288597789,AdvanceRight,advancing_past_measured_edge,0,14,42,0.96831423,0.960108846,1,1,1,0.280181438,2.18602322,2.18602322,0,0,0,0,0
15.65,1.19856119,-0.124039134,-1.47281536,0.05,0.0269532186,AdvanceRight,advancing_past_measured_edge,0,14,42,0.96831423,0.960108846,1,1,1,0.280181438,2.18601357,2.18601357,0,0,0,0,0
15.7,1.20106068,-0.124101537,-1.38754059,0.05,0.0251672281,AdvanceRight,advancing_past_measured_edge,0,14,42,0.964332581,0.955409281,1,1,1,0.280162245,2.1860044,2.1860044,0,0,0,0,0
15.75,1.20356014,-0.124160338,-1.30775581,0.05,0.0234962195,AdvanceRight,advancing_past_measured_edge,0,14,42,0.964332581,0.955409281,1,1,1,0.280162245,2.18599558,2.18599558,0,0,0,0,0
15.8,1.20605962,-0.124215769,-1.23316814,0.05,0.021934059,AdvanceRight,advancing_past_measured_edge,0,14,42,0.960903525,0.950704847,1,1,1,0.279923648,2.18598704,2.18598704,0,0,0,0,0
15.85,1.20855913,-0.124268053,-1.16347681,0.05,0.0204744473,AdvanceRight,advancing_past_measured_edge,0,14,42,0.960903525,0.950704847,1,1,1,0.279923648,2.1859787,2.1859787,0,0,0,0,0
15.9,1.21105867,-0.124317397,-1.09838397,0.05,0.0191111459,AdvanceRight,advancing_past_measured_edge,0,14,42,0.957956076,0.94599495,1,1,1,0.279719681,2.18597053,2.18597053,0,0,0,0,0
15.95,1.21355825,-0.124363995,-1.03760089,0.05,0.0178381081,AdvanceRight,advancing_past_measured_edge,0,14,42,0.957956076,0.94599495,1,1,1,0.279719681,2.18596247,2.18596247,0,0,0,0,0
16,1.21605788,-0.124408028,-0.980851422,0.05,0.0166495501,AdvanceRight,advancing_past_measured_edge,0,14,42,0.955423236,0.941279947,1,1,1,0.279638171,2.18595452,2.18595452,0,0,0,0,0
16.05,1.21855753,-0.124449668,-0.927873629,0.05,0.0155399858,AdvanceRight,advancing_past_measured_edge,0,14,42,0.955423236,0.941279947,1,1,1,0.279638171,2.18594664,2.18594664,0,0,0,0,0
16.1,1.22105723,-0.124489074,-0.878420425,0.05,0.0145042403,AdvanceRight,advancing_past_measured_edge,0,14,42,0.953245819,0.936480719,1,1,1,0.279596567,2.18593882,2.18593882,0,0,0,0,0
16.15,1.22355695,-0.124526394,-0.832259561,0.05,0.0135374494,AdvanceRight,advancing_past_measured_edge,0,14,42,0.953245819,0.936480719,1,1,1,0.279596567,2.18593104,2.18593104,0,0,0,0,0
16.2,1.2260567,-0.124561767,-0.789173251,0.05,0.0126350518,AdvanceRight,advancing_past_measured_edge,0,14,42,0.951372325,0.931533075,1,1,1,0.279611886,2.18592329,2.18592329,0,0,0,0,0
16.25,1.22855648,-0.124595323,-0.748957587,0.05,0.0117927769,AdvanceRight,advancing_past_measured_edge,0,14,42,0.951372325,0.931533075,1,1,1,0.279611886,2.18591557,2.18591557,0,0,0,0,0
16.3,1.23105627,-0.124627182,-0.71142186,0.05,0.0110066305,AdvanceRight,advancing_past_measured_edge,0,14,42,0.94975853,0.926597166,1,1,1,0.279512048,2.18590786,2.18590786,0,0,0,0,0
16.35,1.23355609,-0.124657459,-0.676387821,0.05,0.0102728793,AdvanceRight,advancing_past_measured_edge,0,14,42,0.94975853,0.926597166,1,1,1,0.279512048,2.18590016,2.18590016,0,0,0,0,0
16.4,1.23605593,-0.124686258,-0.643688953,0.05,0.00958803581,AdvanceRight,advancing_past_measured_edge,0,14,42,0.948366642,0.921672752,1,1,1,0.279114276,2.18589246,2.18589246,0,0,0,0,0
16.45,1.23855578,-0.124713678,-0.613169738,0.05,0.00894884287,AdvanceRight,advancing_past_measured_edge,0,14,42,0.948366642,0.921672752,1,1,1,0.279114276,2.18588476,2.18588476,0,0,0,0,0
16.5,1.24105564,-0.12473981,-0.584684968,0.05,0.00835225925,AdvanceRight,advancing_past_measured_edge,0,14,42,0.947164118,0.916759834,1,1,1,0.278841823,2.18587705,2.18587705,0,0,0,0,0
16.55,1.24355552,-0.124764742,-0.558099077,0.05,0.00779544566,AdvanceRight,advancing_past_measured_edge,0,14,42,0.947164118,0.916759834,1,1,1,0.278841823,2.18586934,2.18586934,0,0,0,0,0
16.6,1.2460554,-0.124788552,-0.533285513,0.05,0.00727575159,AdvanceRight,advancing_past_measured_edge,0,14,42,0.946123064,0.911858471,1,1,1,0.279047221,2.18586162,2.18586162,0,0,0,0,0
16.65,1.2485553,-0.124811315,-0.510126145,0.05,0.00679070292,AdvanceRight,advancing_past_measured_edge,0,14,42,0.946123064,0.911858471,1,1,1,0.279047221,2.18585389,2.18585389,0,0,0,0,0
16.7,1.2510552,-0.124833102,-0.48851071,0.05,0.00633799029,AdvanceRight,advancing_past_measured_edge,0,14,42,0.945219517,0.906968603,1,1,1,0.279258072,2.18584614,2.18584614,0,0,0,0,0
16.75,1.25355512,-0.124853977,-0.468336287,0.05,0.00591545817,AdvanceRight,advancing_past_measured_edge,0,14,42,0.945219517,0.906968603,1,1,1,0.279258072,2.18583839,2.18583839,0,0,0,0,0
16.8,1.25605504,-0.124874001,-0.449506816,0.05,0.00552109465,AdvanceRight,advancing_past_measured_edge,0,14,42,0.944432795,0.902090172,1,1,1,0.279303074,2.18583062,2.18583062,0,0,0,0,0
16.85,1.25855496,-0.12489323,-0.431932636,0.05,0.00515302189,AdvanceRight,advancing_past_measured_edge,0,14,42,0.944432795,0.902090172,1,1,1,0.279303074,2.18582283,2.18582283,0,0,0,0,0
16.9,1.26105489,-0.124911719,-0.415530064,0.05,0.00480948723,AdvanceRight,advancing_past_measured_edge,0,14,42,0.943745255,0.897098966,1,1,1,0.279147536,2.18581503,2.18581503,0,0,0,0,0
16.95,1.26355483,-0.124929516,-0.400220995,0.05,0.00448885484,AdvanceRight,advancing_past_measured_edge,0,14,42,0.943745255,0.897098966,1,1,1,0.279147536,2.18580722,2.18580722,0,0,0,0,0
17,1.26605477,-0.124946667,-0.385932529,0.05,0.0041895979,AdvanceRight,advancing_past_measured_edge,0,14,42,0.94314152,0.89200816,1,1,1,0.278984129,2.18579939,2.18579939,0,0,0,0,0
17.05,1.26855472,-0.124963215,-0.372596626,0.05,0.00391029141,AdvanceRight,advancing_past_measured_edge,0,14,42,0.94314152,0.89200816,1,1,1,0.278984129,2.18579155,2.18579155,0,0,0,0,0
17.1,1.27105467,-0.124979201,-0.360149783,0.05,0.00364960534,AdvanceRight,advancing_past_measured_edge,0,14,42,0.942608416,0.886925913,1,1,1,0.278812528,2.1857837,2.1857837,0,0,0,0,0
17.15,1.27355462,-0.124994662,-0.348532729,0.05,0.00340629833,AdvanceRight,advancing_past_measured_edge,0,14,42,0.942608416,0.886925913,1,1,1,0.278812528,2.18577583,2.18577583,0,0,0,0,0
17.2,1.27605457,-0.125009633,-0.337690145,0.05,0.00317921178,AdvanceRight,advancing_past_measured_edge,0,14,42,0.942134619,0.881853235,1,1,1,0.278715461,2.18576795,2.18576795,0,0,0,0,0
17.25,1.27855453,-0.125024147,-0.3275704,0.05,0.00296726433,AdvanceRight,advancing_past_measured_edge,0,14,42,0.942134619,0.881853235,1,1,1,0.278715461,2.18576006,2.18576006,0,0,0,0,0
17.3,1.28105449,-0.125038234,-0.318125305,0.05,0.00276944671,AdvanceRight,advancing_past_measured_edge,0,14,42,0.941710293,0.876791019,1,1,1,0.278784871,2.18575215,2.18575215,0,0,0,0,0
17.35,1.28355445,-0.125051922,-0.309309882,0.05,0.00258481693,AdvanceRight,advancing_past_measured_edge,0,14,42,0.941710293,0.876791019,1,1,1,0.278784871,2.18574423,2.18574423,0,0,0,0,0
17.4,1.28605442,-0.125065239,-0.301082154,0.05,0.00241249581,AdvanceRight,advancing_past_measured_edge,0,14,42,0.941327095,0.871740095,1,1,1,0.278661817,2.18573631,2.18573631,0,0,0,0,0
17.45,1.28855438,-0.125078208,-0.293402942,0.05,0.00225166275,AdvanceRight,advancing_past_measured_edge,0,14,42,0.941327095,0.871740095,1,1,1,0.278661817,2.18572837,2.18572837,0,0,0,0,0
17.5,1.29105435,-0.125090854,-0.286235676,0.05,0.0021015519,AdvanceRight,advancing_past_measured_edge,0,14,42,0.938099682,0.866701059,1,1,1,0.2783885,2.18572042,2.18572042,0,0,0,0,0
17.55,1.29355432,-0.125103197,-0.279546229,0.05,0.00196144844,AdvanceRight,advancing_past_measured_edge,0,14,42,0.938099682,0.866701059,1,1,1,0.2783885,2.18571246,2.18571246,0,0,0,0,0
17.6,1.29605429,-0.125115259,-0.273302745,0.05,0.00183068521,AdvanceRight,advancing_past_measured_edge,0,14,42,0.933187783,0.861674505,1,1,1,0.278155684,2.18570449,2.18570449,0,0,0,0,0
17.65,1.29855426,-0.125127057,-0.267475493,0.05,0.00170863953,AdvanceRight,advancing_past_measured_edge,0,14,42,0.933187783,0.861674505,1,1,1,0.278155684,2.18569652,2.18569652,0,0,0,0,0
17.7,1.30105424,-0.125138609,-0.262036724,0.05,0.00159473023,AdvanceRight,advancing_past_measured_edge,0,14,42,0.928145528,0.856660967,1,1,1,0.278018683,2.18568853,2.18568853,0,0,0,0,0
17.75,1.30355421,-0.125149931,-0.25696054,0.05,0.00148841488,AdvanceRight,advancing_past_measured_edge,0,14,42,0.928145528,0.856660967,1,1,1,0.278018683,2.18568054,2.18568054,0,0,0,0,0
17.8,1.30605419,-0.12516104,-0.252222768,0.05,0.00138918722,AdvanceRight,advancing_past_measured_edge,0,14,42,0.922989964,0.851660744,1,1,1,0.278080195,2.18567254,2.18567254,0,0,0,0,0
17.85,1.30855416,-0.125171949,-0.247800848,0.05,0.00129657474,AdvanceRight,advancing_past_measured_edge,0,14,42,0.922989964,0.851660744,1,1,1,0.278080195,2.18566454,2.18566454,0,0,0,0,0
17.9,1.31105414,-0.125182671,-0.243673723,0.05,0.00121013643,AdvanceRight,advancing_past_measured_edge,0,14,42,0.917845845,0.846674191,1,1,1,0.277828336,2.18565652,2.18565652,0,0,0,0,0
17.95,1.31355412,-0.125193219,-0.239821739,0.05,0.00112946066,AdvanceRight,advancing_past_measured_edge,0,14,42,0.917845845,0.846674191,1,1,1,0.277828336,2.18564851,2.18564851,0,0,0,0,0
18,1.3160541,-0.125203605,-0.236226554,0.05,0.00105416329,AdvanceRight,advancing_past_measured_edge,0,14,42,0.912713945,0.841701427,1,1,1,0.277572066,2.18564048,2.18564048,0,0,0,0,0
18.05,1.31855408,-0.125213839,-0.232871048,0.05,0.000983885735,AdvanceRight,advancing_past_measured_edge,0,14,42,0.912713945,0.841701427,1,1,1,0.277572066,2.18563245,2.18563245,0,0,0,0,0
18.1,1.32105406,-0.125223932,-0.229739242,0.05,0.000918293352,AdvanceRight,advancing_past_measured_edge,0,14,42,0.90759474,0.836742691,1,1,1,0.277650565,2.18562442,2.18562442,0,0,0,0,0
18.15,1.32355404,-0.125233892,-0.226816224,0.05,0.000857073795,AdvanceRight,advancing_past_measured_edge,0,14,42,0.90759474,0.836742691,1,1,1,0.277650565,2.18561638,2.18561638,0,0,0,0,0
18.2,1.32605402,-0.125243729,-0.224088073,0.05,0.000799935542,AdvanceRight,advancing_past_measured_edge,0,14,42,0.902488768,0.831797922,1,1,1,0.277875841,2.18560833,2.18560833,0,0,0,0,0
18.25,1.328554,-0.125253451,-0.221541799,0.05,0.000746606506,AdvanceRight,advancing_past_measured_edge,0,14,42,0.902488768,0.831797922,1,1,1,0.277875841,2.18560028,2.18560028,0,0,0,0,0
18.3,1.33105398,-0.125263066,-0.219165277,0.05,0.000696832739,AdvanceRight,advancing_past_measured_edge,0,14,42,0.897396445,0.826867062,1,1,1,0.277975619,2.18559223,2.18559223,0,0,0,0,0
18.35,1.33355396,-0.125272581,-0.216947189,0.05,0.000650377223,AdvanceRight,advancing_past_measured_edge,0,14,42,0.897396445,0.826867062,1,1,1,0.277975619,2.18558417,2.18558417,0,0,0,0,0
18.4,1.33605394,-0.125282002,-0.214876974,0.05,0.000607018742,AdvanceRight,advancing_past_measured_edge,0,14,42,0.892318249,0.821950051,1,1,1,0.278130174,2.18557611,2.18557611,0,0,0,0,0
18.45,1.33855393,-0.125291335,-0.212944774,0.05,0.000566550826,AdvanceRight,advancing_past_measured_edge,0,14,42,0.892318249,0.821950051,1,1,1,0.278130174,2.18556805,2.18556805,0,0,0,0,0
18.5,1.34105391,-0.125300587,-0.211141386,0.05,0.000528780771,AdvanceRight,advancing_past_measured_edge,0,14,42,0.887254417,0.816977545,1,1,1,0.278115541,2.18555998,2.18555998,0,0,0,0,0
18.55,1.34355389,-0.125309763,-0.209458225,0.05,0.000493528719,AdvanceRight,advancing_past_measured_edge,0,14,42,0.887254417,0.816977545,1,1,1,0.278115541,2.18555191,2.18555191,0,0,0,0,0
18.6,1.34605388,-0.125318868,-0.207887274,0.05,0.000460626805,AdvanceRight,advancing_past_measured_edge,0,14,42,0.882205248,0.811929951,1,1,1,0.278078884,2.18554384,2.18554384,0,0,0,0,0
18.65,1.34855386,-0.125327907,-0.206421053,0.05,0.000429918351,AdvanceRight,advancing_past_measured_edge,0,14,42,0.882205248,0.811929951,1,1,1,0.278078884,2.18553577,2.18553577,0,0,0,0,0
18.7,1.35105384,-0.125336884,-0.205052581,0.05,0.000401257128,AdvanceRight,advancing_past_measured_edge,0,14,42,0.87717092,0.806897195,1,1,1,0.278215647,2.18552769,2.18552769,0,0,0,0,0
18.75,1.35355383,-0.125345803,-0.20377534,0.05,0.000374506652,AdvanceRight,advancing_past_measured_edge,0,14,42,0.87717092,0.806897195,1,1,1,0.278215647,2.18551961,2.18551961,0,0,0,0,0
18.8,1.35605381,-0.125354669,-0.202583248,0.05,0.000349539542,AdvanceRight,advancing_past_measured_edge,0,14,42,0.872151673,0.801879514,1,1,1,0.278227538,2.18551153,2.18551153,0,0,0,0,0
18.85,1.3585538,-0.125363484,-0.201470629,0.05,0.000326236906,AdvanceRight,advancing_past_measured_edge,0,14,42,0.872151673,0.801879514,1,1,1,0.278227538,2.18550345,2.18550345,0,0,0,0,0
18.9,1.36105378,-0.125372252,-0.200432185,0.05,0.000304487779,AdvanceRight,advancing_past_measured_edge,0,14,42,0.867147565,0.796876967,1,1,1,0.278323233,2.18549536,2.18549536,0,0,0,0,0
18.95,1.36355377,-0.125380976,-0.19946297,0.05,0.000284188594,AdvanceRight,advancing_past_measured_edge,0,14,42,0.867147565,0.796876967,1,1,1,0.278323233,2.18548727,2.18548727,0,0,0,0,0
19,1.36605375,-0.12538966,-0.19855837,0.05,0.000265242687,AdvanceRight,advancing_past_measured_edge,0,14,42,0.862158597,0.791889556,1,1,1,0.27853024,2.18547919,2.18547919,0,0,0,0,0
19.05,1.36855374,-0.125398305,-0.197714076,0.05,0.000247559842,AdvanceRight,advancing_past_measured_edge,0,14,42,0.862158597,0.791889556,1,1,1,0.27853024,2.1854711,2.1854711,0,0,0,0,0
19.1,1.37105372,-0.125406915,-0.196926069,0.05,0.000231055852,AdvanceRight,advancing_past_measured_edge,0,14,42,0.857184768,0.78683188,1,1,1,0.278615952,2.185463,2.185463,0,0,0,0,0
19.15,1.37355371,-0.125415491,-0.196190595,0.05,0.000215652129,AdvanceRight,advancing_past_measured_edge,0,14,42,0.857184768,0.78683188,1,1,1,0.278615952,2.18545491,2.18545491,0,0,0,0,0
19.2,1.37605369,-0.125424037,-0.195504153,0.05,0.00020127532,AdvanceRight,advancing_past_measured_edge,0,14,42,0.852226019,0.781768506,1,1,1,0.278711885,2.18544682,2.18544682,0,0,0,0,0
19.25,1.37855368,-0.125432553,-0.194863474,0.05,0.000187856965,AdvanceRight,advancing_past_measured_edge,0,14,42,0.852226019,0.781768506,1,1,1,0.278711885,2.18543872,2.18543872,0,0,0,0,0
19.3,1.38105366,-0.125441042,-0.194265506,0.05,0.000175333168,AdvanceRight,advancing_past_measured_edge,0,14,42,0.847282112,0.776719524,1,1,1,0.278770208,2.18543063,2.18543063,0,0,0,0,0
19.35,1.38355365,-0.125449507,-0.193707404,0.05,0.00016364429,AdvanceRight,advancing_past_measured_edge,0,14,42,0.847282112,0.776719524,1,1,1,0.278770208,2.18542253,2.18542253,0,0,0,0,0
19.4,1.38605363,-0.125457947,-0.193186508,0.05,0.000152734671,AdvanceRight,advancing_past_measured_edge,0,14,42,0.842352867,0.771685172,1,1,1,0.278814048,2.18541443,2.18541443,0,0,0,0,0
19.45,1.38855362,-0.125466366,-0.192700338,0.05,0.000142552359,AdvanceRight,advancing_past_measured_edge,0,14,42,0.842352867,0.771685172,1,1,1,0.278814048,2.18540633,2.18540633,0,0,0,0,0
19.5,1.39105361,-0.125474764,-0.19224658,0.05,0.000133048869,AdvanceRight,advancing_past_measured_edge,0,14,42,0.837438047,0.766665567,1,1,1,0.27920866,2.18539823,2.18539823,0,0,0,0,0
19.55,1.39355359,-0.125483143,-0.191823072,0.05,0.000124178944,AdvanceRight,advancing_past_measured_edge,0,14,42,0.837438047,0.766665567,1,1,1,0.27920866,2.18539013,2.18539013,0,0,0,0,0
19.6,1.39605358,-0.125491505,-0.191427798,0.05,0.000115900348,AdvanceRight,advancing_past_measured_edge,0,14,42,0.832537353,0.761660947,1,1,1,0.279239267,2.18538203,2.18538203,0,0,0,0,0
19.65,1.39855356,-0.125499849,-0.191058876,0.05,0.000108173658,AdvanceRight,advancing_past_measured_edge,0,14,42,0.832537353,0.761660947,1,1,1,0.279239267,2.18537393,2.18537393,0,0,0,0,0
19.7,1.40105355,-0.125508178,-0.190714549,0.05,0.000100962081,AdvanceRight,advancing_past_measured_edge,0,14,42,0.827650368,0.756671312,1,1,1,0.279579431,2.18536583,2.18536583,0,0,0,0,0
19.75,1.40355354,-0.125516493,-0.190393176,0.05,9.42312753e-05,AdvanceRight,advancing_past_measured_edge,0,14,42,0.827650368,0.756671312,1,1,1,0.279579431,2.18535773,2.18535773,0,0,0,0,0
19.8,1.40605352,-0.125524794,-0.190093229,0.05,8.79491903e-05,AdvanceRight,advancing_past_measured_edge,0,14,42,0.822776675,0.751696662,1,1,1,0.279742569,2.18534962,2.18534962,0,0,0,0,0
19.85,1.40855351,-0.125533082,-0.189813278,0.05,8.2085911e-05,AdvanceRight,advancing_past_measured_edge,0,14,42,0.822776675,0.751696662,1,1,1,0.279742569,2.18534152,2.18534152,0,0,0,0,0
19.9,1.41105349,-0.125541358,-0.18955199,0.05,7.66135169e-05,AdvanceRight,advancing_past_measured_edge,0,14,42,0.817915797,0.746736878,1,1,1,0.280548483,2.18533341,2.18533341,0,0,0,0,0
19.95,1.41355348,-0.125549624,-0.189308122,0.05,7.15059491e-05,AdvanceRight,advancing_past_measured_edge,0,14,42,0.817915797,0.746736878,1,1,1,0.280548483,2.18532531,2.18532531,0,0,0,0,0
20,1.41605347,-0.125557879,-0.189080511,0.05,6.67388858e-05,AdvanceRight,advancing_past_measured_edge,0,14,42,0.813067198,0.741791901,1,1,1,0.28077215,2.1853172,2.1853172,0,0,0,0,0
20.05,1.41855345,-0.125566124,-0.188868075,0.05,6.22896268e-05,AdvanceRight,advancing_past_measured_edge,0,14,42,0.813067198,0.741791901,1,1,1,0.28077215,2.1853091,2.1853091,0,0,0,0,0
20.1,1.42105344,-0.125574361,-0.188669801,0.05,5.8136985e-05,AdvanceRight,advancing_past_measured_edge,0,14,42,0.808230281,0.736861554,1,1,1,0.281598568,2.18530099,2.18530099,0,0,0,0,0
20.15,1.42355343,-0.125582589,-0.188484745,0.05,5.4261186e-05,AdvanceRight,advancing_past_measured_edge,0,14,42,0.808230281,0.736861554,1,1,1,0.281598568,2.18529288,2.18529288,0,0,0,0,0
20.2,1.42605341,-0.12559081,-0.188312026,0.05,5.06437736e-05,AdvanceRight,advancing_past_measured_edge,0,14,42,0.803148866,0.731938796,1,1,1,0.28253299,2.18528478,2.18528478,0,0,0,0,0
20.25,1.4285534,-0.125599023,-0.188150822,0.05,4.7267522e-05,AdvanceRight,advancing_past_measured_edge,0,14,42,0.803148866,0.731938796,1,1,1,0.28253299,2.18527667,2.18527667,0,0,0,0,0
20.3,1.43105339,-0.125607229,-0.188000365,0.05,4.41163539e-05,AdvanceRight,advancing_past_measured_edge,0,14,42,0.797983468,0.726881388,1,0,1,2.27089095,2.18526856,2.18526856,0,0,0,0,0
20.35,1.43355337,-0.125615429,-0.187859938,0.05,4.11752636e-05,AdvanceRight,advancing_past_measured_edge,0,14,42,0.797983468,0.726881388,1,0,1,2.27089095,2.18526046,2.18526046,0,0,0,0,0
20.4,1.43605336,-0.125623623,-0.187728873,0.05,3.8430246e-05,AdvanceRight,advancing_past_measured_edge,0,14,42,0.792829812,0.721838851,1,0,1,2.27088618,2.18525235,2.18525235,0,0,0,0,0
20.45,1.43855335,-0.125631812,-0.187606546,0.05,3.58682296e-05,AdvanceRight,advancing_past_measured_edge,0,14,42,0.792829812,0.721838851,1,0,1,2.27088618,2.18524424,2.18524424,0,0,0,0,0
20.5,1.44105333,-0.125639995,-0.187492374,0.05,3.34770143e-05,AdvanceRight,advancing_past_measured_edge,0,14,42,0.787688375,0.716811365,1,0,1,2.27089691,2.18523613,2.18523613,0,0,0,0,0
20.55,1.44355332,-0.125648174,-0.187385813,0.05,3.12452134e-05,AdvanceRight,advancing_past_measured_edge,0,14,42,0.787688375,0.716811365,1,0,1,2.27089691,2.18522802,2.18522802,0,0,0,0,0
20.6,1.44605331,-0.125656348,-0.187286357,0.05,2.91621992e-05,AdvanceRight,advancing_past_measured_edge,0,14,42,0.782559812,0.711799049,1,0,1,2.27092266,2.18521991,2.18521991,0,0,0,0,0
20.65,1.44855329,-0.125664518,-0.187193531,0.05,2.72180525e-05,AdvanceRight,advancing_past_measured_edge,0,14,42,0.782559812,0.711799049,1,0,1,2.27092266,2.18521181,2.18521181,0,0,0,0,0
20.7,1.45105328,-0.125672684,-0.187106893,0.05,2.54035157e-05,AdvanceRight,advancing_past_measured_edge,0,14,42,0.777444482,0.706801902,1,0,1,2.27406096,2.1852037,2.1852037,0,0,0,0,0
20.75,1.45355327,-0.125680846,-0.187026031,0.05,2.3709948e-05,AdvanceRight,advancing_past_measured_edge,0,14,42,0.777444482,0.706801902,1,0,1,2.27406096,2.18519559,2.18519559,0,0,0,0,0
20.8,1.45605325,-0.125689005,-0.18695056,0.05,2.21292848e-05,AdvanceRight,advancing_past_measured_edge,0,14,42,0.77234298,0.701819984,1,0,1,2.27379966,2.18518748,2.18518748,0,0,0,0,0
20.85,1.45855324,-0.12569716,-0.18688012,0.05,2.06539991e-05,AdvanceRight,advancing_past_measured_edge,0,14,42,0.77234298,0.701819984,1,0,1,2.27379966,2.18517937,2.18517937,0,0,0,0,0
20.9,1.46105323,-0.125705313,-0.186814376,0.05,1.92770659e-05,AdvanceRight,advancing_past_measured_edge,0,14,42,0.767255545,0.696853176,1,0,1,2.27354097,2.18517126,2.18517126,0,0,0,0,0
20.95,1.46355321,-0.125713463,-0.186753016,0.05,1.79919281e-05,AdvanceRight,advancing_past_measured_edge,0,14,42,0.767255545,0.696853176,1,0,1,2.27354097,2.18516315,2.18516315,0,0,0,0,0
21,1.4660532,-0.12572161,-0.186695746,0.05,1.67924663e-05,AdvanceRight,advancing_past_measured_edge,0,14,42,0.762182593,0.691901419,1,0,1,2.27328563,2.18515504,2.18515504,0,0,0,0,0
21.05,1.46855319,-0.125729755,-0.186642293,0.05,1.56729685e-05,AdvanceRight,advancing_past_measured_edge,0,14,42,0.762182593,0.691901419,1,0,1,2.27328563,2.18514693,2.18514693,0,0,0,0,0
21.1,1.47105317,-0.125737898,-0.186592405,0.05,1.46281039e-05,AdvanceRight,advancing_past_measured_edge,0,14,42,0.757124305,0.686964534,1,0,1,2.27303481,2.18513882,2.18513882,0,0,0,0,0
21.15,1.47355316,-0.125746039,-0.186545842,0.05,1.3652897e-05,AdvanceRight,advancing_past_measured_edge,0,14,42,0.757124305,0.686964534,1,0,1,2.27303481,2.18513071,2.18513071,0,0,0,0,0
21.2,1.47605315,-0.125754177,-0.186502384,0.05,1.27427039e-05,AdvanceRight,advancing_past_measured_edge,0,14,42,0.752081037,0.681644899,1,0,1,2.27445483,2.1851226,2.1851226,0,0,0,0,0
21.25,1.47855313,-0.125762314,-0.186461822,0.05,1.18931903e-05,AdvanceRight,advancing_past_measured_edge,0,14,42,0.752081037,0.681644899,1,0,1,2.27445483,2.18511449,2.18511449,0,0,0,0,0
21.3,1.48105312,-0.125770449,-0.186423965,0.05,1.11003109e-05,AdvanceRight,advancing_past_measured_edge,0,14,42,0.747052848,0.676630012,1,0,1,2.27432299,2.18510638,2.18510638,0,0,0,0,0
21.35,1.48355311,-0.125778583,-0.186388632,0.05,1.03602902e-05,AdvanceRight,advancing_past_measured_edge,0,14,42,0.747052848,0.676630012,1,0,1,2.27432299,2.18509827,2.18509827,0,0,0,0,0
21.4,1.48605309,-0.125786715,-0.186355654,0.05,9.66960419e-06,AdvanceRight,advancing_past_measured_edge,0,14,42,0.742036581,0.671630154,1,0,1,2.27420497,2.18509016,2.18509016,0,0,0,0,0
21.45,1.48855308,-0.125794845,-0.186324875,0.05,9.02496391e-06,AdvanceRight,advancing_past_measured_edge,0,14,42,0.742036581,0.671630154,1,0,1,2.27420497,2.18508205,2.18508205,0,0,0,0,0
21.5,1.49105307,-0.125802975,-0.186296147,0.05,8.42329965e-06,AdvanceRight,advancing_past_measured_edge,0,14,42,0.737002015,0.666645383,1,0,1,2.27410102,2.18507394,2.18507394,0,0,0,0,0
21.55,1.49355305,-0.125811103,-0.186269335,0.05,7.86174634e-06,AdvanceRight,advancing_past_measured_edge,0,14,42,0.737002015,0.666645383,1,0,1,2.27410102,2.18506583,2.18506583,0,0,0,0,0
21.6,1.49605304,-0.12581923,-0.18624431,0.05,7.33762992e-06,AdvanceRight,advancing_past_measured_edge,0,14,42,0.731982648,0.661675642,1,0,1,2.27401161,2.18505772,2.18505772,0,0,0,0,0
21.65,1.49855303,-0.125827356,-0.186220954,0.05,6.84845459e-06,AdvanceRight,advancing_past_measured_edge,0,14,42,0.731982648,0.661675642,1,0,1,2.27401161,2.18504961,2.18504961,0,0,0,0,0
21.7,1.50105301,-0.125835481,-0.186199155,0.05,6.39189095e-06,AdvanceRight,advancing_past_measured_edge,0,14,42,0.726978481,0.656720811,1,0,1,2.27393675,2.1850415,2.1850415,0,0,0,0,0
21.75,1.503553,-0.125843605,-0.186178809,0.05,5.96576489e-06,AdvanceRight,advancing_past_measured_edge,0,14,42,0.726978481,0.656720811,1,0,1,2.27393675,2.18503339,2.18503339,0,0,0,0,0
21.8,1.50605299,-0.125851728,-0.186159819,0.05,5.56804723e-06,AdvanceRight,advancing_past_measured_edge,0,14,42,0.721989572,0.651780773,1,0,1,2.27387691,2.18502528,2.18502528,0,0,0,0,0
21.85,1.50855297,-0.12585985,-0.186142095,0.05,5.19684408e-06,AdvanceRight,advancing_past_measured_edge,0,14,42,0.721989572,0.651780773,1,0,1,2.27387691,2.18501717,2.18501717,0,0,0,0,0
21.9,1.51105296,-0.125867972,-0.186125553,0.05,4.85038781e-06,AdvanceRight,advancing_past_measured_edge,0,14,42,0.717015922,0.646855234,1,0,1,2.27383208,2.18500905,2.18500905,0,0,0,0,0
21.95,1.51355295,-0.125876093,-0.186110114,0.05,4.52702862e-06,AdvanceRight,advancing_past_measured_edge,0,14,42,0.717015922,0.646855234,1,0,1,2.27383208,2.18500094,2.18500094,0,0,0,0,0
22,1.51605293,-0.125884213,-0.186095704,0.05,4.22522671e-06,AdvanceRight,advancing_past_measured_edge,0,14,42,0.712057412,0.641860454,1,0,1,2.27380252,2.18499283,2.18499283,0,0,0,0,0
22.05,1.51855292,-0.125892333,-0.186082255,0.05,3.94354493e-06,AdvanceRight,advancing_past_measured_edge,0,14,42,0.712057412,0.641860454,1,0,1,2.27380252,2.18498472,2.18498472,0,0,0,0,0
22.1,1.52105291,-0.125900452,-0.186069702,0.05,3.68064194e-06,AdvanceRight,advancing_past_measured_edge,0,14,42,0.707113802,0.636808838,1,0,1,2.27378821,2.18497661,2.18497661,0,0,0,0,0
22.15,1.5235529,-0.12590857,-0.186057986,0.05,3.43526581e-06,AdvanceRight,advancing_past_measured_edge,0,14,42,0.707113802,0.636808838,1,0,1,2.27378821,2.1849685,2.1849685,0,0,0,0,0
22.2,1.52605288,-0.125916688,-0.186047051,0.05,3.20624809e-06,AdvanceRight,advancing_past_measured_edge,0,14,42,0.702184975,0.631772227,1,0,1,2.27378917,2.18496039,2.18496039,0,0,0,0,0
22.25,1.52855287,-0.125924806,-0.186036846,0.05,2.99249822e-06,AdvanceRight,advancing_past_measured_edge,0,14,42,0.702184975,0.631772227,1,0,1,2.27378917,2.18495228,2.18495228,0,0,0,0,0
22.3,1.53105286,-0.125932923,-0.18602732,0.05,2.79299833e-06,AdvanceRight,advancing_past_measured_edge,0,14,42,0.697270632,0.62675062,1,0,1,2.27380514,2.18494417,2.18494417,0,0,0,0,0
22.35,1.53355284,-0.12594104,-0.18601843,0.05,2.60679845e-06,AdvanceRight,advancing_past_measured_edge,0,14,42,0.697270632,0.62675062,1,0,1,2.27380514,2.18493606,2.18493606,0,0,0,0,0
22.4,1.53605283,-0.125949156,-0.186010132,0.05,2.43301188e-06,AdvanceRight,advancing_past_measured_edge,0,14,42,0.692370415,0.621744197,1,0,1,2.27437878,2.18492795,2.18492795,0,0,0,0,0
22.45,1.53855282,-0.125957272,-0.186002388,0.05,2.27081109e-06,AdvanceRight,advancing_past_measured_edge,0,14,42,0.692370415,0.621744197,1,0,1,2.27437878,2.18491984,2.18491984,0,0,0,0,0
22.5,1.5410528,-0.125965388,-0.185995159,0.05,2.11942368e-06,AdvanceRight,advancing_past_measured_edge,0,14,42,0.687483966,0.616752896,1,0,1,2.27415109,2.18491172,2.18491172,0,0,0,0,0
22.55,1.54355279,-0.125973503,-0.185988413,0.05,1.97812877e-06,AdvanceRight,advancing_past_measured_edge,0,14,42,0.687483966,0.616752896,1,0,1,2.27415109,2.18490361,2.18490361,0,0,0,0,0
22.6,1.54605278,-0.125981618,-0.185982116,0.05,1.84625352e-06,AdvanceRight,advancing_past_measured_edge,0,14,42,0.68261081,0.611776837,1,0,1,2.27398539,2.1848955,2.1848955,0,0,0,0,0
22.65,1.54855276,-0.125989733,-0.18597624,0.05,1.72316995e-06,AdvanceRight,advancing_past_measured_edge,0,14,42,0.68261081,0.611776837,1,0,1,2.27398539,2.18488739,2.18488739,0,0,0,0,0
22.7,1.55105275,-0.125997848,-0.185970755,0.05,1.60829196e-06,AdvanceRight,advancing_past_measured_edge,0,14,42,0.677750528,0.606815843,1,0,1,2.27421498,2.18487928,2.18487928,0,0,0,0,0
22.75,1.55355274,-0.126005962,-0.185965635,0.05,1.50107249e-06,AdvanceRight,advancing_past_measured_edge,0,14,42,0.677750528,0.606815843,1,0,1,2.27421498,2.18487117,2.18487117,0,0,0,0,0
22.8,1.55605272,-0.126014076,-0.185960857,0.05,1.40100099e-06,AdvanceRight,advancing_past_measured_edge,0,14,42,0.672902584,0.601869735,1,0,1,2.27444577,2.18486306,2.18486306,0,0,0,0,0
22.85,1.55855271,-0.12602219,-0.185956398,0.05,1.30760093e-06,AdvanceRight,advancing_past_measured_edge,0,14,42,0.672902584,0.601869735,1,0,1,2.27444577,2.18485495,2.18485495,0,0,0,0,0
22.9,1.5610527,-0.126030304,-0.185952235,0.05,1.22042753e-06,AdvanceRight,advancing_past_measured_edge,0,14,42,0.66790092,0.596938394,1,0,1,2.27478004,2.18484684,2.18484684,0,0,0,0,0
22.95,1.56355268,-0.126038418,-0.185948351,0.05,1.1390657e-06,AdvanceRight,advancing_past_measured_edge,0,14,42,0.66790092,0.596938394,1,0,1,2.27478004,2.18483873,2.18483873,0,0,0,0,0
23,1.56605267,-0.126046531,-0.185944725,0.05,1.06312798e-06,AdvanceRight,advancing_past_measured_edge,0,14,42,0.66282177,0.591994551,1,0,1,2.27490664,2.18483061,2.18483061,0,0,0,0,0
23.05,1.56855266,-0.126054645,-0.185941341,0.05,9.92252784e-07,AdvanceRight,advancing_past_measured_edge,0,14,42,0.66282177,0.591994551,1,0,1,2.27490664,2.1848225,2.1848225,0,0,0,0,0
23.1,1.57105264,-0.126062758,-0.185938182,0.05,9.26102598e-07,AdvanceRight,advancing_past_measured_edge,0,14,42,0.657757342,0.586936444,1,0,1,2.27466345,2.18481439,2.18481439,0,0,0,0,0
23.15,1.57355263,-0.126070871,-0.185935235,0.05,8.64362425e-07,AdvanceRight,advancing_past_measured_edge,0,14,42,0.657757342,0.586936444,1,0,1,2.27466345,2.18480628,2.18480628,0,0,0,0,0
23.2,1.57605262,-0.126078984,-0.185932483,0.05,8.06738263e-07,AdvanceRight,advancing_past_measured_edge,0,14,42,0.652707815,0.581893219,1,0,1,2.27459478,2.18479817,2.18479817,0,0,0,0,0
23.25,1.57855261,-0.126087096,-0.185929915,0.05,7.52955712e-07,AdvanceRight,advancing_past_measured_edge,0,14,42,0.652707815,0.581893219,1,0,1,2.27459478,2.18479006,2.18479006,0,0,0,0,0
23.3,1.58105259,-0.126095209,-0.185927519,0.05,7.02758665e-07,AdvanceRight,advancing_past_measured_edge,0,14,42,0.647673368,0.576865056,1,0,1,2.27474666,2.18478195,2.18478195,0,0,0,0,0
23.35,1.58355258,-0.126103322,-0.185925282,0.05,6.55908087e-07,AdvanceRight,advancing_past_measured_edge,0,14,42,0.647673368,0.576865056,1,0,1,2.27474666,2.18477384,2.18477384,0,0,0,0,0
23.4,1.58605257,-0.126111434,-0.185923194,0.05,6.12180881e-07,AdvanceRight,advancing_past_measured_edge,0,14,42,0.642654121,0.571852072,1,0,1,2.27490973,2.18476573,2.18476573,0,0,0,0,0
23.45,1.58855255,-0.126119546,-0.185921245,0.05,5.71368823e-07,AdvanceRight,advancing_past_measured_edge,0,14,42,0.642654121,0.571852072,1,0,1,2.27490973,2.18475761,2.18475761,0,0,0,0,0
23.5,1.59105254,-0.126127659,-0.185919426,0.05,5.33277568e-07,AdvanceRight,advancing_past_measured_edge,0,14,42,0.637605309,0.566854388,1,0,1,2.27601218,2.1847495,2.1847495,0,0,0,0,0
23.55,1.59355253,-0.126135771,-0.185917729,0.05,4.9772573e-07,AdvanceRight,advancing_past_measured_edge,0,14,42,0.637605309,0.566854388,1,0,1,2.27601218,2.18474139,2.18474139,0,0,0,0,0
23.6,1.59605251,-0.126143883,-0.185916145,0.05,4.64544015e-07,AdvanceRight,advancing_past_measured_edge,0,14,42,0.632502258,0.561871884,1,0,1,2.27621794,2.18473328,2.18473328,0,0,0,0,0
23.65,1.5985525,-0.126151995,-0.185914666,0.05,4.33574414e-07,AdvanceRight,advancing_past_measured_edge,0,14,42,0.632502258,0.561871884,1,0,1,2.27621794,2.18472517,2.18472517,0,0,0,0,0
23.7,1.60105249,-0.126160107,-0.185913286,0.05,4.04669453e-07,AdvanceRight,advancing_past_measured_edge,0,14,42,0.627403378,0.556869654,1,0,1,2.27641678,2.18471706,2.18471706,0,0,0,0,0
23.75,1.60355247,-0.126168219,-0.185911998,0.05,3.77691489e-07,AdvanceRight,advancing_past_measured_edge,0,14,42,0.627403378,0.556869654,1,0,1,2.27641678,2.18470895,2.18470895,0,0,0,0,0
23.8,1.60605246,-0.126176331,-0.185910796,0.05,3.52512057e-07,AdvanceRight,advancing_past_measured_edge,0,14,42,0.622295976,0.551809387,1,0,1,2.27660751,2.18470084,2.18470084,0,0,0,0,0
23.85,1.60855245,-0.126184443,-0.185909673,0.05,3.29011253e-07,AdvanceRight,advancing_past_measured_edge,0,14,42,0.622295976,0.551809387,1,0,1,2.27660751,2.18469273,2.18469273,0,0,0,0,0
23.9,1.61105243,-0.126192555,-0.185908626,0.05,3.07077169e-07,AdvanceRight,advancing_past_measured_edge,0,14,42,0.61720258,0.546763939,1,0,1,2.27678967,2.18468461,2.18468461,0,0,0,0,0
23.95,1.61355242,-0.126200666,-0.185907649,0.05,2.86605358e-07,AdvanceRight,advancing_past_measured_edge,0,14,42,0.61720258,0.546763939,1,0,1,2.27678967,2.1846765,2.1846765,0,0,0,0,0
24,1.61605241,-0.126208778,-0.185906736,0.05,2.67498334e-07,AdvanceRight,advancing_past_measured_edge,0,14,42,0.612123489,0.54173337,1,0,1,2.27696228,2.18466839,2.18466839,0,0,0,0,0
24.05,1.61855239,-0.12621689,-0.185905885,0.05,2.49665112e-07,AdvanceRight,advancing_past_measured_edge,0,14,42,0.612123489,0.54173337,1,0,1,2.27696228,2.18466028,2.18466028,0,0,0,0,0
24.1,1.62105238,-0.126225001,-0.18590509,0.05,2.33020771e-07,AdvanceRight,advancing_past_measured_edge,0,14,42,0.607058942,0.536717857,1,0,1,2.27729344,2.18465217,2.18465217,0,0,0,0,0
24.15,1.62355237,-0.126233113,-0.185904348,0.05,2.17486053e-07,AdvanceRight,advancing_past_measured_edge,0,14,42,0.607058942,0.536717857,1,0,1,2.27729344,2.18464406,2.18464406,0,0,0,0,0
24.2,1.62605236,-0.126241225,-0.185903656,0.05,2.02986983e-07,AdvanceRight,advancing_past_measured_edge,0,14,42,0.602009296,0.531717399,1,0,1,2.27727628,2.18463595,2.18463595,0,0,0,0,0
24.25,1.62855234,-0.126249336,-0.18590301,0.05,1.89454517e-07,AdvanceRight,advancing_past_measured_edge,0,14,42,0.602009296,0.531717399,1,0,1,2.27727628,2.18462784,2.18462784,0,0,0,0,0
24.3,1.63105233,-0.126257448,-0.185902407,0.05,1.76824216e-07,AdvanceRight,advancing_past_measured_edge,0,14,42,0.596974671,0.526732116,1,0,1,2.27741623,2.18461973,2.18461973,0,0,0,0,0
24.35,1.63355232,-0.126265559,-0.185901844,0.05,1.65035935e-07,AdvanceRight,advancing_past_measured_edge,0,14,42,0.596974671,0.526732116,1,0,1,2.27741623,2.18461161,2.18461161,0,0,0,0,0
24.4,1.6360523,-0.126273671,-0.185901319,0.05,1.54033539e-07,AdvanceRight,advancing_past_measured_edge,0,14,42,0.591955245,0.521761889,1,0,1,2.27737141,2.1846035,2.1846035,0,0,0,0,0
24.45,1.63855229,-0.126281782,-0.185900829,0.05,1.43764637e-07,AdvanceRight,advancing_past_measured_edge,0,14,42,0.591955245,0.521761889,1,0,1,2.27737141,2.18459539,2.18459539,0,0,0,0,0
24.5,1.64105228,-0.126289894,-0.185900371,0.05,1.34180328e-07,AdvanceRight,advancing_past_measured_edge,0,14,42,0.586951077,0.516806658,1,0,1,2.27719831,2.18458728,2.18458728,0,0,0,0,0
24.55,1.64355226,-0.126298005,-0.185899944,0.05,1.25234972e-07,AdvanceRight,advancing_past_measured_edge,0,14,42,0.586951077,0.516806658,1,0,1,2.27719831,2.18457917,2.18457917,0,0,0,0,0
24.6,1.64605225,-0.126306116,-0.185899545,0.05,1.16885974e-07,AdvanceRight,advancing_past_measured_edge,0,14,42,0.581962109,0.511866189,1,0,1,2.27745295,2.18457106,2.18457106,0,0,0,0,0
24.65,1.64855224,-0.126314228,-0.185899173,0.05,1.09093576e-07,AdvanceRight,advancing_past_measured_edge,0,14,42,0.581962109,0.511866189,1,0,1,2.27745295,2.18456295,2.18456295,0,0,0,0,0
24.7,1.65105222,-0.126322339,-0.185898826,0.05,1.01820671e-07,AdvanceRight,advancing_past_measured_edge,0,14,42,0.576988459,0.506940303,1,0,1,2.27765965,2.18455484,2.18455484,0,0,0,0,0
24.75,1.65355221,-0.12633045,-0.185898502,0.05,9.50326262e-08,AdvanceRight,advancing_past_measured_edge,0,14,42,0.576988459,0.506940303,1,0,1,2.27765965,2.18454673,2.18454673,0,0,0,0,0
24.8,1.6560522,-0.126338562,-0.185898199,0.05,8.86971178e-08,AdvanceRight,advancing_past_measured_edge,0,14,42,0.572029829,0.50192612,1,0,1,2.27710819,2.18453861,2.18453861,0,0,0,0,0
24.85,1.65855218,-0.126346673,-0.185897917,0.05,8.27839766e-08,AdvanceRight,advancing_past_measured_edge,0,14,42,0.572029829,0.50192612,1,0,1,2.27710819,2.1845305,2.1845305,0,0,0,0,0
24.9,1.66105217,-0.126354784,-0.185897653,0,0,TurnRight,right_pivot_ready,0,14,42,0.56708622,0.496874034,1,0,1,2.27727866,2.18452239,2.18452239,0,0,0,0,0
24.95,1.6625105,-0.126359516,-0.1858975,0,-0.6,TurnRight,turning_right_with_feedback,0,14,42,0.56708622,0.496874034,1,0,1,2.27727866,2.18451766,2.18451766,0,0,0,0,0
25,1.66336115,-0.126367593,-0.902094654,0,-0.6,TurnRight,turning_right_with_feedback,0,14,42,0.564882517,0.493876663,1,0,1,2.27790976,2.18404517,2.18404517,0,0,0,0,0
25.05,1.66385723,-0.126380315,-2.03607357,0,-0.6,TurnRight,turning_right_with_feedback,0,14,42,0.564882517,0.493876663,1,0,1,2.27790976,2.18332578,2.18332578,0,0,0,0,0
25.1,1.66414637,-0.126394077,-3.41375852,0,-0.6,TurnRight,turning_right_with_feedback,0,14,42,0.564049423,0.489570936,1,0,1,2.2765367,2.1825011,2.1825011,0,0,0,0,0
25.15,1.66431478,-0.126406366,-4.93360531,0,-0.6,TurnRight,turning_right_with_feedback,0,14,42,0.564049423,0.489570936,1,0,1,2.2765367,2.18165533,2.18165533,0,0,0,0,0
25.2,1.66441279,-0.126416209,-6.53637985,0,-0.6,TurnRight,turning_right_with_feedback,0,14,42,0.563603818,0.486416286,1,0,1,2.22415924,2.18083662,2.18083662,0,0,0,0,0
25.25,1.66446978,-0.126423572,-8.18752891,0,-0.6,TurnRight,turning_right_with_feedback,0,14,42,0.563603818,0.486416286,1,0,1,2.22415924,2.18007187,2.18007187,0,0,0,0,0
25.3,1.66450288,-0.126428831,-9.86689644,0,-0.6,TurnRight,turning_right_with_feedback,0,14,42,0.563594043,0.484997792,1,0,1,1.43568552,2.17937594,2.17937594,0,0,0,0,0
25.35,1.66452209,-0.126432466,-11.5627247,0,-0.6,TurnRight,turning_right_with_feedback,0,14,42,0.563594043,0.484997792,1,0,1,1.43568552,2.17875697,2.17875697,0,0,0,0,0
25.4,1.66453323,-0.126434918,-13.2681552,0,-0.6,TurnRight,turning_right_with_feedback,0,14,42,0.562653422,0.485454443,1,0,1,1.05773342,2.17821946,2.17821946,0,0,0,0,0
25.45,1.66453968,-0.126436542,-14.9791868,0,-0.6,TurnRight,turning_right_with_feedback,0,14,42,0.562653422,0.485454443,1,0,1,1.05773342,2.17776591,2.17776591,0,0,0,0,0
25.5,1.66454342,-0.126437601,-16.6934859,0,-0.6,TurnRight,turning_right_with_feedback,0,14,42,0.562427342,0.487829674,1,0,1,0.839313209,2.17739773,2.17739773,0,0,0,0,0
25.55,1.66454557,-0.126438284,-18.4096909,0,-0.6,TurnRight,turning_right_with_feedback,0,14,42,0.562427342,0.487829674,1,0,1,0.839313209,2.17711574,2.17711574,0,0,0,0,0
25.6,1.66454682,-0.126438719,-20.1270077,0,-0.6,TurnRight,turning_right_with_feedback,0,14,42,0.56176734,0.491883007,1,0,1,0.698238015,2.17692043,2.17692043,0,0,0,0,0
25.65,1.66454754,-0.126438995,-21.8449731,0,-0.6,TurnRight,turning_right_with_feedback,0,14,42,0.56176734,0.491883007,1,0,1,0.698238015,2.17681207,2.17681207,0,0,0,0,0
25.7,1.66454795,-0.126439169,-23.5633168,0,-0.6,TurnRight,turning_right_with_feedback,0,14,42,0.561216831,0.497899371,1,1,1,0.600241363,2.17679079,2.17679079,0,0,0,0,0
25.75,1.66454819,-0.126439277,-25.2818813,0,-0.6,TurnRight,turning_right_with_feedback,0,14,42,0.561216831,0.497899371,1,1,1,0.600241363,2.17685662,2.17679079,0,0,0,0,0
25.8,1.66454833,-0.126439344,-27.0005744,0,-0.6,TurnRight,turning_right_with_feedback,0,14,42,0.560104966,0.506054983,1,1,1,0.528639257,2.1770095,2.17679079,0,0,0,0,0
25.85,1.66454841,-0.126439386,-28.7193427,0,-0.6,TurnRight,turning_right_with_feedback,0,14,42,0.560104966,0.506054983,1,1,1,0.528639257,2.17724929,2.17679079,0,0,0,0,0
25.9,1.66454845,-0.126439412,-30.4381547,0,-0.6,TurnRight,turning_right_with_feedback,0,14,42,0.559547842,0.516511414,1,0,1,0.474374563,2.17757578,2.17679079,0,0,0,0,0
25.95,1.66454848,-0.126439428,-32.1569923,0,-0.6,TurnRight,turning_right_with_feedback,0,14,42,0.559547842,0.516511414,1,0,1,0.474374563,2.17798865,2.17679079,0,0,0,0,0
26,1.6645485,-0.126439437,-33.8758449,0,-0.6,TurnRight,turning_right_with_feedback,0,14,42,0.558071613,0.529484404,1,0,1,0.442236543,2.17848753,2.17679079,0,0,0,0,0
26.05,1.6645485,-0.126439443,-35.5947061,0,-0.6,TurnRight,turning_right_with_feedback,0,14,42,0.558071613,0.529484404,1,0,1,0.442236543,2.17907198,2.17679079,0,0,0,0,0
26.1,1.66454851,-0.126439447,-37.3135724,0,-0.6,TurnRight,turning_right_with_feedback,0,14,42,0.558116436,0.547921856,1,0,1,0.439996749,2.17974147,2.17679079,0,0,0,0,0
26.15,1.66454851,-0.126439449,-39.0324416,0,-0.6,TurnRight,turning_right_with_feedback,0,14,42,0.558116436,0.547921856,1,0,1,0.439996749,2.18049539,2.17679079,0,0,0,0,0
26.2,1.66454851,-0.12643945,-40.7513126,0,-0.6,TurnRight,turning_right_with_feedback,0,14,42,0.560104668,0.567549756,1,0,1,0.439299136,2.18133307,2.17679079,0,0,0,0,0
26.25,1.66454851,-0.126439451,-42.4701845,0,-0.6,TurnRight,turning_right_with_feedback,0,14,42,0.560104668,0.567549756,1,0,1,0.439299136,2.18225374,2.17679079,0,0,0,0,0
26.3,1.66454851,-0.126439451,-44.1890571,0,-0.6,TurnRight,turning_right_with_feedback,0,14,42,0.564084053,0.603758568,1,0,1,0.44704324,2.18325658,2.17679079,0,0,0,0,0
26.35,1.66454851,-0.126439452,-45.90793,0,-0.6,TurnRight,turning_right_with_feedback,0,14,42,0.564084053,0.603758568,1,0,1,0.44704324,2.1843407,2.17679079,0,0,0,0,0
26.4,1.66454852,-0.126439452,-47.6268031,0,-0.6,TurnRight,turning_right_with_feedback,0,14,42,0.570140302,0.642188955,1,0,1,0.449220359,2.1855051,2.17679079,0,0,0,0,0
26.45,1.66454852,-0.126439452,-49.3456763,0,-0.6,TurnRight,turning_right_with_feedback,0,14,42,0.570140302,0.642188955,1,0,1,0.449220359,2.18674875,2.17679079,0,0,0,0,0
26.5,1.66454852,-0.126439452,-51.0645496,0,-0.6,TurnRight,turning_right_with_feedback,0,14,42,0.57840097,0.677931855,1,0,1,0.472930461,2.18807052,2.17679079,0,0,0,0,0
26.55,1.66454852,-0.126439452,-52.783423,0,-0.6,TurnRight,turning_right_with_feedback,0,14,42,0.57840097,0.677931855,1,0,1,0.472930461,2.18946923,2.17679079,0,0,0,0,0
26.6,1.66454852,-0.126439452,-54.5022963,0,-0.6,TurnRight,turning_right_with_feedback,0,14,42,0.589041948,0.726346199,1,0,1,0.514409482,2.19094361,2.17679079,0,0,0,0,0
26.65,1.66454852,-0.126439452,-56.2211697,0,-0.6,TurnRight,turning_right_with_feedback,0,14,42,0.589041948,0.726346199,1,0,1,0.514409482,2.19249235,2.17679079,0,0,0,0,0
26.7,1.66454852,-0.126439452,-57.940043,0,-0.6,TurnRight,turning_right_with_feedback,0,14,42,0.602296352,0.794609002,1,0,1,0.565442324,2.19411404,2.17679079,0,0,0,0,0
26.75,1.66454852,-0.126439452,-59.6589164,0,-0.6,TurnRight,turning_right_with_feedback,0,14,42,0.602296352,0.794609002,1,0,1,0.565442324,2.19580723,2.17679079,0,0,0,0,0
26.8,1.66454852,-0.126439452,-61.3777898,0,-0.6,TurnRight,turning_right_with_feedback,0,14,42,0.618467331,0.886201277,1,0,1,0.629458785,2.19757039,2.17679079,0,0,0,0,0
26.85,1.66454852,-0.126439452,-63.0966632,0,-0.567355523,TurnRight,turning_right_with_feedback,0,14,42,0.618467331,0.886201277,1,0,1,0.629458785,2.19940193,2.17679079,0,0,0,0,0
26.9,1.66454852,-0.126439452,-64.7765701,0,-0.532171635,TurnRight,turning_right_with_feedback,0,14,42,0.63770473,0.99370094,1,0,1,0.710716128,2.20125645,2.17679079,0,0,0,0,0
26.95,1.66454852,-0.126439452,-66.3917489,0,-0.498343409,TurnRight,turning_right_with_feedback,0,14,42,0.63770473,0.99370094,1,0,1,0.710716128,2.20309815,2.17679079,0,0,0,0,0
27,1.66454852,-0.126439452,-67.9287902,0,-0.466151692,TurnRight,turning_right_with_feedback,0,14,42,0.658858895,1.12407693,1,0,1,0.809302092,2.20490276,2.17679079,0,0,0,0,0
27.05,1.66454852,-0.126439452,-69.3818251,0,-0.435719398,TurnRight,turning_right_with_feedback,0,14,42,0.658858895,1.12407693,1,0,1,0.809302092,2.2066542,2.17679079,0,0,0,0,0
27.1,1.66454852,-0.126439452,-70.7495306,0,-0.407074242,TurnRight,turning_right_with_feedback,0,14,42,0.680236816,1.2927746,1,0,1,0.925758004,2.20834211,2.17679079,0,0,0,0,0
27.15,1.66454852,-0.126439452,-72.0332679,0,-0.380187711,TurnRight,turning_right_with_feedback,0,14,42,0.680236816,1.2927746,1,0,1,0.925758004,2.20996023,2.17679079,0,0,0,0,0
27.2,1.66454852,-0.126439452,-73.2359303,0,-0.354999209,TurnRight,turning_right_with_feedback,0,14,42,0.701690435,1.4413302,1,0,1,1.06179154,2.21150513,2.17679079,0,0,0,0,0
27.25,1.66454852,-0.126439452,-74.3612324,0,-0.331430936,TurnRight,turning_right_with_feedback,0,14,42,0.701690435,1.4413302,1,0,1,1.06179154,2.21297543,2.17679079,0,0,0,0,0
27.3,1.66454852,-0.126439452,-75.4132752,0,-0.309397003,TurnRight,turning_right_with_feedback,0,14,42,0.722848713,1.67395202,1,0,1,1.21993899,2.21437116,2.17679079,0,0,0,0,0
27.35,1.66454852,-0.126439452,-76.3962823,0,-0.288808951,TurnRight,turning_right_with_feedback,0,14,42,0.722848713,1.67395202,1,0,1,1.21993899,2.21569335,2.17679079,0,0,0,0,0
27.4,1.66454852,-0.126439452,-77.3144434,0,-0.26957903,TurnRight,turning_right_with_feedback,0,14,42,0.701354444,1.95040953,1,0,1,1.40345895,2.21694371,2.17679079,0,0,0,0,0
27.45,1.66454852,-0.126439452,-78.1718237,0,-0.2516221,TurnRight,turning_right_with_feedback,0,14,42,0.701354444,1.95040953,1,0,1,1.40345895,2.21812442,2.17679079,0,0,0,0,0
27.5,1.66454852,-0.126439452,-78.9723139,0,-0.234856672,TurnRight,turning_right_with_feedback,0,14,42,0.656571031,2.18232464,1,0,1,1.61634135,2.21923801,2.17679079,0,0,0,0,0
27.55,1.66454852,-0.126439452,-79.719606,0,-0.219205422,TurnRight,turning_right_with_feedback,0,14,42,0.656571031,2.18232464,1,0,1,1.61634135,2.22028716,2.17679079,0,0,0,0,0
27.6,1.66454852,-0.126439452,-80.4171836,0,-0.204595391,TurnRight,turning_right_with_feedback,0,14,42,0.622608602,2.25033049,1,0,1,1.86338937,2.2212747,2.17679079,0,0,0,0,0
27.65,1.66454852,-0.126439452,-81.0683217,0,-0.190957987,TurnRight,turning_right_with_feedback,0,14,42,0.622608602,2.25033049,1,0,1,1.86338937,2.22220349,2.17679079,0,0,0,0,0
27.7,1.66454852,-0.126439452,-81.6760915,0,-0.178228886,TurnRight,turning_right_with_feedback,0,14,42,0.596221983,2.24430631,1,0,1,2.1503582,2.22307641,2.17679079,0,0,0,0,0
27.75,1.66454852,-0.126439452,-82.243369,0,-0.166347855,TurnRight,turning_right_with_feedback,0,14,42,0.596221983,2.24430631,1,0,1,2.1503582,2.2238963,2.17679079,0,0,0,0,0
27.8,1.66454852,-0.126439452,-82.7728439,0,-0.155258557,TurnRight,turning_right_with_feedback,0,14,42,0.57532692,2.23997347,1,0,1,2.48414969,2.22466594,2.17679079,0,0,0,0,0
27.85,1.66454852,-0.126439452,-83.2670306,0,-0.144908336,TurnRight,turning_right_with_feedback,0,14,42,0.57532692,2.23997347,1,0,1,2.48414969,2.22538806,2.17679079,0,0,0,0,0
27.9,1.66454852,-0.126439452,-83.7282777,0,-0.135247998,TurnRight,turning_right_with_feedback,0,14,42,0.558526099,2.23688574,1,0,1,2.87307382,2.22606529,2.17679079,0,0,0,0,0
27.95,1.66454852,-0.126439452,-84.158779,0,-0.126231602,TurnRight,turning_right_with_feedback,0,14,42,0.558526099,2.23688574,1,0,1,2.87307382,2.22670014,2.17679079,0,0,0,0,0
28,1.66454852,-0.126439452,-84.5605826,0,-0.117816247,TurnRight,turning_right_with_feedback,0,14,42,0.544848561,2.23471217,1,0,1,3.14700747,2.22729507,2.17679079,0,0,0,0,0
28.05,1.66454852,-0.126439452,-84.9356008,0,-0.109961884,TurnRight,turning_right_with_feedback,0,14,42,0.544848561,2.23471217,1,0,1,3.14700747,2.22785239,2.17679079,0,0,0,0,0
28.1,1.66454852,-0.126439452,-85.2856187,0,-0.102631125,TurnRight,turning_right_with_feedback,0,14,42,0.533599496,2.23320761,1,0,1,3.13931918,2.22837432,2.17679079,0,0,0,0,0
28.15,1.66454852,-0.126439452,-85.6123027,0,-0.0957890705,TurnRight,turning_right_with_feedback,0,14,42,0.533599496,2.23320761,1,0,1,3.13931918,2.22886298,2.17679079,0,0,0,0,0
28.2,1.66454852,-0.126439452,-85.9172082,0,-0.0894031455,TurnRight,turning_right_with_feedback,0,14,42,0.524268985,2.23218981,1,0,1,3.16470981,2.22932037,2.17679079,0,0,0,0,0
28.25,1.66454852,-0.126439452,-86.2017869,0,-0.0834429439,TurnRight,turning_right_with_feedback,0,14,42,0.524268985,2.23218981,1,0,1,3.16470981,2.22974841,2.17679079,0,0,0,0,0
28.3,1.66454852,-0.126439452,-86.4673938,0,-0.0778800861,TurnRight,turning_right_with_feedback,0,14,42,0.516474724,2.23152389,1,0,1,3.1850822,2.23014888,2.17679079,0,0,0,0,0
28.35,1.66454852,-0.126439452,-86.7152936,0,-0.0726880835,TurnRight,turning_right_with_feedback,0,14,42,0.516474724,2.23152389,1,0,1,3.1850822,2.23052349,2.17679079,0,0,0,0,0
28.4,1.66454852,-0.126439452,-86.9466669,0,-0.0678422133,TurnRight,turning_right_with_feedback,0,14,42,0.509924591,2.23110981,1,0,1,3.06398177,2.23087386,2.17679079,0,0,0,0,0
28.45,1.66454852,-0.126439452,-87.1626153,0,-0.0633194003,TurnRight,turning_right_with_feedback,0,14,42,0.509924591,2.23110981,1,0,1,3.06398177,2.2312015,2.17679079,0,0,0,0,0
28.5,1.66454852,-0.126439452,-87.3641672,0,0,FindWall,right_heading_reached,0,14,42,0.504392028,2.23087394,1,0,1,3.16611552,2.23150784,2.17679079,0,0,0,0,0
28.55,1.66454852,-0.126439452,-87.4817391,0.05,-0.0566356871,FindWall,finding_near_right_wall,0,14,42,0.504392028,2.23087394,1,0,1,3.16611552,2.23168678,2.17679079,0,0,0,0,0
28.6,1.66459305,-0.127480167,-87.6179266,0.05,-0.0537833828,FindWall,finding_near_right_wall,0,14,42,0.501188517,2.22976608,1,0,1,3.08648252,2.23085356,2.17679079,0,0,0,0,0
28.65,1.66465953,-0.129128132,-87.7615685,0.05,-0.0507749541,FindWall,finding_near_right_wall,0,14,42,0.501188517,2.22976608,1,0,1,3.08648252,2.2294247,2.17679079,0,0,0,0,0
28.7,1.66473527,-0.131130461,-87.9059677,0.05,-0.0477506635,FindWall,finding_near_right_wall,0,14,42,0.497784972,2.22618016,1,0,1,3.14541483,2.22764289,2.17679079,0,0,0,0,0
28.75,1.66481332,-0.13333961,-88.0471988,0.05,-0.0447927274,FindWall,finding_near_right_wall,0,14,42,0.497784972,2.22618016,1,0,1,3.14541483,2.22564968,2.17679079,0,0,0,0,0
28.8,1.66488999,-0.13566949,-88.1830509,0.05,-0.0419474465,FindWall,finding_near_right_wall,0,14,42,0.494598925,2.22179395,1,0,1,3.18293023,2.22352774,2.17679079,0,0,0,0,0
28.85,1.66496343,-0.138069866,-88.3123691,0.05,-0.0392390131,FindWall,finding_near_right_wall,0,14,42,0.494598925,2.22179395,1,0,1,3.18293023,2.22132553,2.17679079,0,0,0,0,0
28.9,1.66503276,-0.140511423,-88.4346428,0.05,-0.0366781184,FindWall,finding_near_right_wall,0,14,42,0.491751522,2.21716307,1,0,1,3.12785482,2.21907152,2.17679079,0,0,0,0,0
28.95,1.66509766,-0.142977051,-88.5497504,0.05,-0.0342673101,FindWall,finding_near_right_wall,0,14,42,0.491751522,2.21716307,1,0,1,3.12785482,2.21678263,2.17679079,0,0,0,0,0
29,1.6651581,-0.145456763,-88.6578001,0.05,-0.0320043225,FindWall,finding_near_right_wall,0,14,42,0.489252031,2.21246547,1,0,1,3.08540225,2.21446896,2.17679079,0,0,0,0,0
29.05,1.66521419,-0.147944725,-88.7590315,0.05,-0.0298841384,FindWall,finding_near_right_wall,0,14,42,0.489252031,2.21246547,1,0,1,3.08540225,2.21213669,2.17679079,0,0,0,0,0
29.1,1.66526613,-0.150437531,-88.8537546,0.05,-0.0279002608,FindWall,finding_near_right_wall,0,14,42,0.487071216,2.20775429,1,0,1,3.07311893,2.20978968,2.17679079,0,0,0,0,0
29.15,1.66531414,-0.152933189,-88.9423133,0.05,-0.0260454924,FindWall,finding_near_right_wall,0,14,42,0.487071216,2.20775429,1,0,1,3.07311893,2.20743043,2.17679079,0,0,0,0,0
29.2,1.66535844,-0.155430532,-89.025062,0.05,-0.0243124069,FindWall,finding_near_right_wall,0,14,42,0.485169917,2.20304239,1,0,1,3.12003827,2.20506063,2.17679079,0,0,0,0,0
29.25,1.66539927,-0.157928877,-89.1023529,0.05,-0.0226936301,FindWall,finding_near_right_wall,0,14,42,0.485169917,2.20304239,1,0,1,3.12003827,2.20268149,2.17679079,0,0,0,0,0
29.3,1.66543685,-0.160427825,-89.1745278,0.05,-0.0211820029,FindWall,finding_near_right_wall,0,14,42,0.483509511,2.19808035,1,0,1,3.15620852,2.20029392,2.17679079,0,0,0,0,0
29.35,1.66547139,-0.162927137,-89.241914,0.05,-0.0197706703,FindWall,finding_near_right_wall,0,14,42,0.483509511,2.19808035,1,0,1,3.15620852,2.19789866,2.17679079,0,0,0,0,0
29.4,1.66550309,-0.165426673,-89.3048221,0.05,-0.0184531262,FindWall,finding_near_right_wall,0,14,42,0.482055247,2.19301744,1,0,1,3.18192554,2.1954963,2.17679079,0,0,0,0,0
29.45,1.66553214,-0.167926352,-89.3635453,0.05,-0.0172232307,FindWall,finding_near_right_wall,0,14,42,0.482055247,2.19301744,1,0,1,3.18192554,2.19308738,2.17679079,0,0,0,0,0
29.5,1.66555871,-0.170426121,-89.4183592,0.05,-0.0160752108,FindWall,finding_near_right_wall,0,14,42,0.480777025,2.18796145,1,0,1,3.1976521,2.19067236,2.17679079,0,0,0,0,0
29.55,1.66558297,-0.172925951,-89.4695223,0.05,-0.0150036523,FindWall,finding_near_right_wall,0,14,42,0.480777025,2.18796145,1,0,1,3.1976521,2.18825168,2.17679079,0,0,0,0,0
29.6,1.66560508,-0.175425823,-89.5172768,0.05,-0.0140034852,FindWall,finding_near_right_wall,0,14,42,0.479649037,2.18291117,1,0,1,3.20396352,2.1858257,2.17679079,0,0,0,0,0
29.65,1.66562517,-0.177925725,-89.561849,0.05,-0.0130699673,FindWall,finding_near_right_wall,0,14,42,0.479649037,2.18291117,1,0,1,3.20396352,2.18339479,2.17679079,0,0,0,0,0
29.7,1.66564338,-0.180425648,-89.6034506,0.05,-0.012198666,FindWall,finding_near_right_wall,0,14,42,0.478649348,2.17786495,1,0,1,3.20150661,2.18095929,2.17679079,0,0,0,0,0
29.75,1.66565983,-0.182925588,-89.6422792,0.05,-0.0113854402,FindWall,finding_near_right_wall,0,14,42,0.478649348,2.17786495,1,0,1,3.20150661,2.17851949,2.17679079,0,0,0,0,0
29.8,1.66567465,-0.185425541,-89.6785197,0.05,-0.0106264225,FindWall,finding_near_right_wall,0,14,42,0.477759212,2.17282254,1,0,1,3.19096589,2.17607569,2.17607569,0,0,0,0,0
29.85,1.66568794,-0.187925503,-89.7123443,0.05,-0.00991800164,FindWall,finding_near_right_wall,0,14,42,0.477759212,2.17282254,1,0,1,3.19096589,2.17362815,2.17362815,0,0,0,0,0
29.9,1.6656998,-0.190425474,-89.743914,0.05,-0.00925680608,FindWall,finding_near_right_wall,0,14,42,0.476962686,2.16778371,1,0,1,3.17303967,2.17117712,2.17117712,0,0,0,0,0
29.95,1.66571033,-0.192925451,-89.7733792,0.05,-0.00863968852,FindWall,finding_near_right_wall,0,14,42,0.476962686,2.16778371,1,0,1,3.17303967,2.16872283,2.16872283,0,0,0,0,0
30,1.66571962,-0.195425433,-89.8008801,0.05,-0.00806371106,FindWall,finding_near_right_wall,0,14,42,0.476246238,2.16273516,1,0,1,3.1484189,2.1662655,2.1662655,0,0,0,0,0
30.05,1.66572775,-0.19792542,-89.8265477,0.05,-0.00752613144,FindWall,finding_near_right_wall,0,14,42,0.476246238,2.16273516,1,0,1,3.1484189,2.16380532,2.16380532,0,0,0,0,0
30.1,1.6657348,-0.20042541,-89.850504,0.05,-0.00702439004,FindWall,finding_near_right_wall,0,14,42,0.475598186,2.15768235,1,0,1,3.1177721,2.1613425,2.1613425,0,0,0,0,0
30.15,1.66574083,-0.202925403,-89.8728634,0.05,-0.0065560978,FindWall,finding_near_right_wall,0,14,42,0.475598186,2.15768235,1,0,1,3.1177721,2.1588772,2.1588772,0,0,0,0,0
30.2,1.66574592,-0.205425397,-89.893732,0.05,-0.00611902489,FindWall,finding_near_right_wall,0,14,42,0.475008637,2.15264051,1,0,1,3.0817349,2.1564096,2.1564096,0,0,0,0,0
30.25,1.66575014,-0.207925394,-89.9132095,0.05,-0.00571109006,FindWall,finding_near_right_wall,0,14,42,0.475008637,2.15264051,1,0,1,3.0817349,2.15393983,2.15393983,0,0,0,0,0
30.3,1.66575353,-0.210425391,-89.9313885,0.05,-0.00533035083,FindWall,finding_near_right_wall,0,14,42,0.474469125,2.14760917,1,0,1,3.07396984,2.15146806,2.15146806,0,0,0,0,0
30.35,1.66575615,-0.21292539,-89.9483555,0.05,-0.00497499418,FindWall,finding_near_right_wall,0,14,42,0.474469125,2.14760917,1,0,1,3.07396984,2.1489944,2.1489944,0,0,0,0,0
30.4,1.66575806,-0.215425389,-89.9641914,0.05,-0.00464332794,FindWall,finding_near_right_wall,0,14,42,0.47397238,2.14258807,1,0,1,3.09149623,2.146519,2.146519,0,0,0,0,0
30.45,1.6657593,-0.217925389,-89.9789716,0.05,-0.00433377277,FindWall,finding_near_right_wall,0,14,42,0.47397238,2.14258807,1,0,1,3.09149623,2.14404195,2.14404195,0,0,0,0,0
30.5,1.66575991,-0.220425389,-89.9927664,0.05,-0.0040448546,FindWall,finding_near_right_wall,0,14,42,0.473512203,2.13757675,1,0,1,3.110111,2.14156338,2.14156338,0,0,0,0,0
30.55,1.66575995,-0.222925389,-90.0056416,0.05,-0.00377519764,FindWall,finding_near_right_wall,0,14,42,0.473512203,2.13757675,1,0,1,3.110111,2.13906585,2.13906585,0,0,0,0,0
30.6,1.66575944,-0.225425389,-90.0176584,0.05,-0.0035235178,FindWall,finding_near_right_wall,0,14,42,0.473083287,2.13257521,1,0,1,3.12967157,2.13654718,2.13654718,0,0,0,0,0
30.65,1.66575842,-0.227925389,-90.0288741,0.05,-0.00328861662,FindWall,finding_near_right_wall,0,14,42,0.473083287,2.13257521,1,0,1,3.12967157,2.13402976,2.13402976,0,0,0,0,0
30.7,1.66575694,-0.230425388,-90.0393421,0.05,-0.00306937551,FindWall,finding_near_right_wall,0,14,42,0.472681105,2.1275832,1,0,1,3.15005565,2.13151351,2.13151351,0,0,0,0,0
30.75,1.66575501,-0.232925388,-90.0491122,0.05,-0.00286475048,FindWall,finding_near_right_wall,0,14,42,0.472681105,2.1275832,1,0,1,3.15005565,2.12899834,2.12899834,0,0,0,0,0
30.8,1.66575266,-0.235425386,-90.058231,0.05,-0.00267376712,FindWall,finding_near_right_wall,0,14,42,0.472301811,2.12260049,1,0,1,3.17115688,2.12648418,2.12648418,0,0,0,0,0
30.85,1.66574994,-0.237925385,-90.0667419,0.05,-0.00249551598,FindWall,finding_near_right_wall,0,14,42,0.472301811,2.12260049,1,0,1,3.17115688,2.12397097,2.12397097,0,0,0,0,0
30.9,1.66574685,-0.240425383,-90.0746853,0.05,-0.00232914824,FindWall,finding_near_right_wall,0,14,42,0.471942097,2.11762732,1,0,1,3.19288349,2.12145864,2.12145864,0,0,0,0,0
30.95,1.66574343,-0.242925381,-90.0820992,0.05,-0.00217387169,FindWall,finding_near_right_wall,0,14,42,0.471942097,2.11762732,1,0,1,3.19288349,2.11894713,2.11894713,0,0,0,0,0
31,1.6657397,-0.245425378,-90.0890189,0.05,-0.00202894692,FindWall,finding_near_right_wall,0,14,42,0.471599221,2.1126632,1,0,1,3.21515608,2.11643639,2.11643639,0,0,0,0,0
31.05,1.66573567,-0.247925375,-90.0954772,0.05,-0.00189368379,FindWall,finding_near_right_wall,0,14,42,0.471599221,2.1126632,1,0,1,3.21515608,2.11392637,2.11392637,0,0,0,0,0
31.1,1.66573138,-0.250425371,-90.101505,0.05,-0.0017674382,FindWall,finding_near_right_wall,0,14,42,0.4712708,2.10768227,1,0,1,3.15486979,2.11141702,2.11141702,0,0,0,0,0
31.15,1.66572682,-0.252925367,-90.1071309,0.05,-0.00164960899,FindWall,finding_near_right_wall,0,14,42,0.4712708,2.10768227,1,0,1,3.15486979,2.10890829,2.10890829,0,0,0,0,0
31.2,1.66572204,-0.255425362,-90.1123818,0.05,-0.00153963506,FindWall,finding_near_right_wall,0,14,42,0.470954835,2.10259505,1,0,1,3.07792306,2.10640014,2.10640014,0,0,0,0,0
31.25,1.66571703,-0.257925357,-90.1172826,0.05,-0.00143699272,FindWall,finding_near_right_wall,0,14,42,0.470954835,2.10259505,1,0,1,3.07792306,2.10389254,2.10389254,0,0,0,0,0
31.3,1.66571181,-0.260425352,-90.1218567,0.05,-0.0013411932,FindWall,finding_near_right_wall,0,14,42,0.470649719,2.09751903,1,0,1,3.08861232,2.10138545,2.10138545,0,0,0,0,0
31.35,1.6657064,-0.262925346,-90.1261259,0.05,-0.00125178032,FindWall,finding_near_right_wall,0,14,42,0.470649719,2.09751903,1,0,1,3.08861232,2.09887883,2.09887883,0,0,0,0,0
31.4,1.66570081,-0.26542534,-90.1301104,0.05,-0.0011683283,FindWall,finding_near_right_wall,0,14,42,0.47035405,2.09245443,1,0,1,3.11089087,2.09637265,2.09637265,0,0,0,0,0
31.45,1.66569505,-0.267925333,-90.1338293,0.05,-0.00109043975,FindWall,finding_near_right_wall,0,14,42,0.47035405,2.09245443,1,0,1,3.11089087,2.09386689,2.09386689,0,0,0,0,0
31.5,1.66568913,-0.270425326,-90.1373003,0.05,-0.00101774377,FindWall,finding_near_right_wall,0,14,42,0.470066696,2.08740079,1,0,1,3.13341022,2.09136151,2.09136151,0,0,0,0,0
31.55,1.66568307,-0.272925319,-90.1405399,0.05,-0.000949894181,FindWall,finding_near_right_wall,0,14,42,0.470066696,2.08740079,1,0,1,3.13341022,2.08885649,2.08885649,0,0,0,0,0
31.6,1.66567687,-0.275425311,-90.1435635,0.05,-0.000886567902,FindWall,finding_near_right_wall,0,14,42,0.469786733,2.08235786,1,0,1,3.15614009,2.08635181,2.08635181,0,0,0,0,0
31.65,1.66567055,-0.277925303,-90.1463855,0.05,-0.000827463376,FindWall,finding_near_right_wall,0,14,42,0.469786733,2.08235786,1,0,1,3.15614009,2.08384743,2.08384743,0,0,0,0,0
31.7,1.6656641,-0.280425295,-90.1490194,0.05,-0.000772299151,FindWall,finding_near_right_wall,0,14,42,0.469513416,2.07732565,1,0,1,3.17905402,2.08134336,2.08134336,0,0,0,0,0
31.75,1.66565755,-0.282925286,-90.1514777,0.05,-0.000720812541,FindWall,finding_near_right_wall,0,14,42,0.469513416,2.07732565,1,0,1,3.17905402,2.07883955,2.07883955,0,0,0,0,0
31.8,1.66565089,-0.285425277,-90.1537721,0.05,-0.000672758371,FindWall,finding_near_right_wall,0,14,42,0.469246149,2.07230392,1,0,1,3.20212889,2.076336,2.076336,0,0,0,0,0
31.85,1.66564413,-0.287925268,-90.1559136,0.05,-0.000627907813,FindWall,finding_near_right_wall,0,14,42,0.469246149,2.07230392,1,0,1,3.20212889,2.07383269,2.07383269,0,0,0,0,0
31.9,1.66563729,-0.290425259,-90.1579123,0.05,-0.000586047292,FindWall,finding_near_right_wall,0,14,42,0.468984485,2.06729266,1,0,1,3.20971704,2.07132959,2.07132959,0,0,0,0,0
31.95,1.66563036,-0.292925249,-90.1597777,0.05,-0.000546977473,FindWall,finding_near_right_wall,0,14,42,0.468984485,2.06729266,1,0,1,3.20971704,2.06882671,2.06882671,0,0,0,0,0
32,1.66562335,-0.295425239,-90.1615188,0.05,-0.000510512308,FindWall,finding_near_right_wall,0,14,42,0.468728095,2.06229164,1,0,1,3.1008451,2.06632402,2.06632402,0,0,0,0,0
32.05,1.66561626,-0.297925229,-90.1631438,0.05,-0.000476478154,FindWall,finding_near_right_wall,0,14,42,0.468728095,2.06229164,1,0,1,3.1008451,2.06382151,2.06382151,0,0,0,0,0
32.1,1.66560911,-0.300425219,-90.1646605,0.05,-0.000444712944,FindWall,finding_near_right_wall,0,14,42,0.468476772,2.05730063,1,0,1,3.08200216,2.06131916,2.06131916,0,0,0,0,0
32.15,1.6656019,-0.302925209,-90.1660761,0.05,-0.000415065414,FindWall,finding_near_right_wall,0,14,42,0.468476772,2.05730063,1,0,1,3.08200216,2.05881698,2.05881698,0,0,0,0,0
32.2,1.66559462,-0.305425198,-90.1673972,0.05,-0.000387394387,FindWall,finding_near_right_wall,0,14,42,0.468230337,2.05231961,1,0,1,3.10434651,2.05631494,2.05631494,0,0,0,0,0
32.25,1.66558729,-0.307925187,-90.1686304,0.05,-0.000361568094,FindWall,finding_near_right_wall,0,14,42,0.468230337,2.05231961,1,0,1,3.10434651,2.05381304,2.05381304,0,0,0,0,0
32.3,1.66557991,-0.310425176,-90.1697813,0.05,-0.000337463555,FindWall,finding_near_right_wall,0,14,42,0.4679887,2.04734836,1,0,1,3.1267767,2.05131126,2.05131126,0,0,0,0,0
32.35,1.66557247,-0.312925165,-90.1708554,0.05,-0.000314965984,FindWall,finding_near_right_wall,0,14,42,0.4679887,2.04734836,1,0,1,3.1267767,2.04880961,2.04880961,0,0,0,0,0
32.4,1.665565,-0.315425154,-90.171858,0.05,-0.000293968252,FindWall,finding_near_right_wall,0,14,42,0.46775192,2.04238663,1,0,1,3.14928341,2.04630806,2.04630806,0,0,0,0,0
32.45,1.66555748,-0.317925143,-90.1727937,0.05,-0.000274370368,FindWall,finding_near_right_wall,0,14,42,0.46775192,2.04238663,1,0,1,3.14928341,2.04380662,2.04380662,0,0,0,0,0
32.5,1.66554992,-0.320425131,-90.1736671,0.05,-0.000256079011,FindWall,finding_near_right_wall,0,14,42,0.467519999,2.03743443,1,0,1,3.17185855,2.04130528,2.04130528,0,0,0,0,0
32.55,1.66554232,-0.32292512,-90.1744822,0.05,-0.000239007077,FindWall,finding_near_right_wall,0,14,42,0.467519999,2.03743443,1,0,1,3.17185855,2.03880403,2.03880403,0,0,0,0,0
32.6,1.66553469,-0.325425108,-90.175243,0.05,-0.000223073271,FindWall,finding_near_right_wall,0,14,42,0.467293054,2.03249175,1,0,1,3.19449496,2.03630286,2.03630286,0,0,0,0,0
32.65,1.66552703,-0.327925097,-90.1759531,0.05,-0.00020820172,FindWall,finding_near_right_wall,0,14,42,0.467293054,2.03249175,1,0,1,3.19449496,2.03380177,2.03380177,0,0,0,0,0
32.7,1.66551934,-0.330425085,-90.1766158,0.05,-0.000194321605,FindWall,finding_near_right_wall,0,14,42,0.467071176,2.02755788,1,0,1,3.21718645,2.03130075,2.03130075,0,0,0,0,0
32.75,1.66551162,-0.332925073,-90.1772343,0.05,-0.000181366832,FindWall,finding_near_right_wall,0,14,42,0.467071176,2.02755788,1,0,1,3.21718645,2.0287998,2.0287998,0,0,0,0,0
32.8,1.66550388,-0.335425061,-90.1778116,0.05,-0.00016927571,FindWall,finding_near_right_wall,0,14,42,0.466854572,2.02263306,1,0,1,3.09506702,2.02629892,2.02629892,0,0,0,0,0
32.85,1.66549611,-0.337925049,-90.1783505,0.05,-0.000157990662,FindWall,finding_near_right_wall,0,14,42,0.466854572,2.02263306,1,0,1,3.09506702,2.0237981,2.0237981,0,0,0,0,0
32.9,1.66548831,-0.340425037,-90.1788534,0.05,-0.000147457951,FindWall,finding_near_right_wall,0,14,42,0.466643393,2.01771705,1,0,1,3.09366393,2.02129733,2.02129733,0,0,0,0,0
32.95,1.6654805,-0.342925024,-90.1793227,0.05,-0.000137627421,FindWall,finding_near_right_wall,0,14,42,0.466643393,2.01771705,1,0,1,3.09366393,2.01879661,2.01879661,0,0,0,0,0
33,1.66547266,-0.345425012,-90.1797608,0.05,-0.00012845226,FindWall,finding_near_right_wall,0,14,42,0.466437846,2.01280938,1,0,1,3.11547399,2.01629595,2.01629595,0,0,0,0,0
33.05,1.66546481,-0.347925,-90.1801697,0.05,-0.000119888776,FindWall,finding_near_right_wall,0,14,42,0.466437846,2.01280938,1,0,1,3.11547399,2.01379532,2.01379532,0,0,0,0,0
33.1,1.66545694,-0.350424987,-90.1805513,0.05,-0.000111896191,FindWall,finding_near_right_wall,0,14,42,0.466238171,2.0079098,1,0,1,3.13730645,2.01129474,2.01129474,0,0,0,0,0
33.15,1.66544906,-0.352924975,-90.1809075,0.05,-0.000104436445,FindWall,finding_near_right_wall,0,14,42,0.466238171,2.0079098,1,0,1,3.13730645,2.0087942,2.0087942,0,0,0,0,0
33.2,1.66544116,-0.355424962,-90.1812399,0.05,-9.74740151e-05,FindWall,finding_near_right_wall,0,14,42,0.466044575,2.00292763,1,0,1,3.15915775,2.0062937,2.0062937,0,0,0,0,0
33.25,1.66543324,-0.35792495,-90.1815502,0.05,-9.09757475e-05,FindWall,finding_near_right_wall,0,14,42,0.466044575,2.00292763,1,0,1,3.15915775,2.00379323,2.00379323,0,0,0,0,0
33.3,1.66542531,-0.360424937,-90.1818398,0.05,-8.49106976e-05,FindWall,finding_near_right_wall,0,14,42,0.465857327,1.99784541,1,0,1,3.18102527,2.00129279,2.00129279,0,0,0,0,0
33.35,1.66541737,-0.362924925,-90.1821101,0.05,-7.92499845e-05,FindWall,finding_near_right_wall,0,14,42,0.465857327,1.99784541,1,0,1,3.18102527,1.99879239,1.99879239,0,0,0,0,0
33.4,1.66540942,-0.365424912,-90.1823623,0.05,-7.39666522e-05,FindWall,finding_near_right_wall,0,14,42,0.465676636,1.99277179,1,0,1,3.20290589,1.99629201,1.99629201,0,0,0,0,0
33.45,1.66540146,-0.367924899,-90.1825978,0.05,-6.9035542e-05,FindWall,finding_near_right_wall,0,14,42,0.465676636,1.99277179,1,0,1,3.20290589,1.99379166,1.99379166,0,0,0,0,0
33.5,1.66539349,-0.370424887,-90.1828175,0.05,-6.44331726e-05,FindWall,finding_near_right_wall,0,14,42,0.465502769,1.98770698,1,0,1,3.22479725,1.99129133,1.99129133,0,0,0,0,0
33.55,1.66538551,-0.372924874,-90.1830226,0.05,-6.01376277e-05,FindWall,finding_near_right_wall,0,14,42,0.465502769,1.98770698,1,0,1,3.22479725,1.98879102,1.98879102,0,0,0,0,0
33.6,1.66537752,-0.375424861,-90.183214,0.05,-5.61284525e-05,FindWall,finding_near_right_wall,0,14,42,0.465335935,1.98265075,1,0,1,3.0846796,1.98629074,1.98629074,0,0,0,0,0
33.65,1.66536952,-0.377924848,-90.1833927,0.05,-5.23865557e-05,FindWall,finding_near_right_wall,0,14,42,0.465335935,1.98265075,1,0,1,3.0846796,1.98379048,1.98379048,0,0,0,0,0
33.7,1.66536151,-0.380424836,-90.1835594,0.05,-4.88941187e-05,FindWall,finding_near_right_wall,0,14,42,0.465176433,1.97760359,1,0,1,3.1052084,1.98129023,1.98129023,0,0,0,0,0
33.75,1.6653535,-0.382924823,-90.1837151,0.05,-4.56345107e-05,FindWall,finding_near_right_wall,0,14,42,0.465176433,1.97760359,1,0,1,3.1052084,1.97879,1.97879,0,0,0,0,0
33.8,1.66534548,-0.38542481,-90.1838603,0.05,-4.259221e-05,FindWall,finding_near_right_wall,0,14,42,0.465024441,1.97256548,1,0,1,3.12573886,1.97628979,1.97628979,0,0,0,0,0
33.85,1.66533745,-0.387924797,-90.1839959,0.05,-3.97527294e-05,FindWall,finding_near_right_wall,0,14,42,0.465024441,1.97256548,1,0,1,3.12573886,1.97378959,1.97378959,0,0,0,0,0
33.9,1.66532942,-0.390424784,-90.1841224,0.05,-3.71025474e-05,FindWall,finding_near_right_wall,0,14,42,0.464880198,1.96753643,1,0,1,3.14627051,1.97128941,1.97128941,0,0,0,0,0
33.95,1.66532139,-0.392924771,-90.1842405,0.05,-3.46290442e-05,FindWall,finding_near_right_wall,0,14,42,0.464880198,1.96753643,1,0,1,3.14627051,1.96878924,1.96878924,0,0,0,0,0
34,1.66531335,-0.395424758,-90.1843508,0.05,-3.23204413e-05,FindWall,finding_near_right_wall,0,14,42,0.464743912,1.96251668,1,0,1,3.16680217,1.96628908,1.96628908,0,0,0,0,0
34.05,1.6653053,-0.397924745,-90.1844537,0.05,-3.01657452e-05,FindWall,finding_near_right_wall,0,14,42,0.464743912,1.96251668,1,0,1,3.16680217,1.96378893,1.96378893,0,0,0,0,0
34.1,1.66529725,-0.400424732,-90.1845497,0.05,-2.81546955e-05,FindWall,finding_near_right_wall,0,14,42,0.464615792,1.95750623,1,0,1,3.18733358,1.9612888,1.9612888,0,0,0,0,0
34.15,1.66528919,-0.402924719,-90.1846393,0.05,-2.62777158e-05,FindWall,finding_near_right_wall,0,14,42,0.464615792,1.95750623,1,0,1,3.18733358,1.95878867,1.95878867,0,0,0,0,0
34.2,1.66528114,-0.405424706,-90.1847229,0.05,-2.45258681e-05,FindWall,finding_near_right_wall,0,14,42,0.464496017,1.95250484,1,0,1,3.20786452,1.95628855,1.95628855,0,0,0,0,0
34.25,1.66527307,-0.407924693,-90.184801,0.05,-2.28908102e-05,FindWall,finding_near_right_wall,0,14,42,0.464496017,1.95250484,1,0,1,3.20786452,1.95378845,1.95378845,0,0,0,0,0
34.3,1.66526501,-0.41042468,-90.1848739,0.05,-2.13647562e-05,FindWall,finding_near_right_wall,0,14,42,0.464384794,1.94751298,1,0,1,3.22839451,1.95128835,1.95128835,0,0,0,0,0
34.35,1.66525694,-0.412924667,-90.1849419,0.05,-1.99404391e-05,FindWall,finding_near_right_wall,0,14,42,0.464384794,1.94751298,1,0,1,3.22839451,1.94878825,1.94878825,0,0,0,0,0
34.4,1.66524887,-0.415424654,-90.1850054,0.05,-1.86110765e-05,FindWall,finding_near_right_wall,0,14,42,0.464282244,1.94253018,1,0,1,3.08807945,1.94628817,1.94628817,0,0,0,0,0
34.45,1.6652408,-0.417924641,-90.1850646,0.05,-1.73703381e-05,FindWall,finding_near_right_wall,0,14,42,0.464282244,1.94253018,1,0,1,3.08807945,1.94378809,1.94378809,0,0,0,0,0
34.5,1.66523272,-0.420424628,-90.1851199,0.05,-1.62123155e-05,FindWall,finding_near_right_wall,0,14,42,0.464188516,1.93755668,1,0,1,3.10772276,1.94128802,1.94128802,0,0,0,0,0
34.55,1.66522464,-0.422924615,-90.1851715,0.05,-1.51314945e-05,FindWall,finding_near_right_wall,0,14,42,0.464188516,1.93755668,1,0,1,3.10772276,1.93878795,1.93878795,0,0,0,0,0
34.6,1.66521656,-0.425424602,-90.1852197,0.05,-1.41227282e-05,FindWall,finding_near_right_wall,0,14,42,0.464103758,1.93259224,1,0,1,3.12737775,1.93628789,1.93628789,0,0,0,0,0
34.65,1.66520848,-0.427924589,-90.1852646,0.05,-1.3181213e-05,FindWall,finding_near_right_wall,0,14,42,0.464103758,1.93259224,1,0,1,3.12737775,1.93378783,1.93378783,0,0,0,0,0
34.7,1.66520039,-0.430424576,-90.1853066,0.05,-1.23024655e-05,FindWall,finding_near_right_wall,0,14,42,0.46402809,1.92763698,1,0,1,3.14704394,1.93128778,1.93128778,0,0,0,0,0
34.75,1.66519231,-0.432924563,-90.1853457,0.05,-1.14823011e-05,FindWall,finding_near_right_wall,0,14,42,0.46402809,1.92763698,1,0,1,3.14704394,1.92878773,1.92878773,0,0,0,0,0
34.8,1.66518422,-0.43542455,-90.1853823,0.05,-1.07168144e-05,FindWall,finding_near_right_wall,0,14,42,0.463961542,1.92269066,1,0,1,0.276009738,1.92628769,1.92628769,0,0,0,0,0
34.85,1.66517613,-0.437924537,-90.1854164,0.05,-1.00023601e-05,FindWall,finding_near_right_wall,0,14,42,0.463961542,1.92269066,1,0,1,0.276009738,1.92378765,1.92378765,0,0,0,0,0
34.9,1.66516804,-0.440424524,-90.1854482,0.05,-9.33553606e-06,FindWall,finding_near_right_wall,0,14,42,0.463904262,1.91774815,1,0,1,0.272129834,1.92128761,1.92128761,0,0,0,0,0
34.95,1.66515995,-0.442924511,-90.1854779,0.05,-8.71316699e-06,FindWall,finding_near_right_wall,0,14,42,0.463904262,1.91774815,1,0,1,0.272129834,1.91878758,1.91878758,0,0,0,0,0
35,1.66515185,-0.445424497,-90.1855057,0,0,FollowWall,right_wall_reacquired,0,14,42,0.46385625,1.91279122,1,0,1,0.271981925,1.91628755,1.91628755,0,0,0,0,0
35.05,1.66514713,-0.446882823,-90.1855219,0.05,-0.0329728872,FollowWall,following_with_distance_only,0,14,42,0.46385625,1.91279122,1,0,1,0.271981925,1.9148292,1.9148292,0,0,0,0,0
35.1,1.66514035,-0.448775172,-90.2248898,0.05,-0.0328306854,FollowWall,following_with_distance_only,0,14,42,0.463401616,1.90949009,1,0,1,0.271887124,1.91287579,1.91287579,0,0,0,0,0
35.15,1.66513077,-0.450920695,-90.2870431,0.05,-0.0328306854,FollowWall,following_with_distance_only,0,14,42,0.463401616,1.90949009,1,0,1,0.271887124,1.91063391,1.91063391,0,0,0,0,0
35.2,1.66511777,-0.453213892,-90.362488,0.05,-0.0320460945,FollowWall,following_with_distance_only,0,14,42,0.461871117,1.90510174,1,0,1,0.271364063,1.9082238,1.9082238,0,0,0,0,0
35.25,1.66510101,-0.455593219,-90.4447497,0.05,-0.0320460945,FollowWall,following_with_distance_only,0,14,42,0.461871117,1.90510174,1,0,1,0.271364063,1.90571708,1.90571708,0,0,0,0,0
35.3,1.66508032,-0.458022773,-90.5309879,0.05,-0.0296714902,FollowWall,following_with_distance_only,0,14,42,0.460006148,1.90035186,1,0,1,0.269780993,1.90315406,1.90315406,0,0,0,0,0
35.35,1.66505569,-0.460481608,-90.6167113,0.05,-0.0296714902,FollowWall,following_with_distance_only,0,14,42,0.460006148,1.90035186,1,0,1,0.269780993,1.90056265,1.90056265,0,0,0,0,0
35.4,1.6650272,-0.462957503,-90.7021343,0.05,-0.0291752368,FollowWall,following_with_distance_only,0,14,42,0.458114743,1.89550412,1,0,1,0.269450158,1.89795472,1.89795472,0,0,0,0,0
35.45,1.6649949,-0.465443327,-90.7867898,0.05,-0.0291752368,FollowWall,following_with_distance_only,0,14,42,0.458114743,1.89550412,1,0,1,0.269450158,1.89533814,1.89533814,0,0,0,0,0
35.5,1.66495885,-0.46793492,-90.8709975,0.05,-0.0286648124,FollowWall,following_with_distance_only,0,14,42,0.45625034,1.89063992,1,0,1,0.269109875,1.89271657,1.89271657,0,0,0,0,0
35.55,1.6649191,-0.470429851,-90.9543348,0.05,-0.0286648124,FollowWall,following_with_distance_only,0,14,42,0.45625034,1.89063992,1,0,1,0.269109875,1.89009308,1.89009308,0,0,0,0,0
35.6,1.66487571,-0.472926702,-91.0371643,0.05,-0.0285322219,FollowWall,following_with_distance_only,0,14,42,0.454417288,1.8857861,1,0,1,0.269021481,1.88746854,1.88746854,0,0,0,0,0
35.65,1.66482869,-0.475424642,-91.1195394,0.05,-0.0285322219,FollowWall,following_with_distance_only,0,14,42,0.454417288,1.8857861,1,0,1,0.269021481,1.88484369,1.88484369,0,0,0,0,0
35.7,1.66477807,-0.477923186,-91.2016493,0.05,-0.0286334753,FollowWall,following_with_distance_only,0,14,42,0.45260492,1.88095111,1,0,1,0.269088984,1.88221873,1.88221873,0,0,0,0,0
35.75,1.66472386,-0.480422048,-91.2837255,0.05,-0.0286334753,FollowWall,following_with_distance_only,0,14,42,0.45260492,1.88095111,1,0,1,0.269088984,1.87959359,1.87959359,0,0,0,0,0
35.8,1.66466607,-0.482921059,-91.3657819,0.05,-0.0277997553,FollowWall,following_with_distance_only,0,14,42,0.450799525,1.87613793,1,0,1,0.26853317,1.87696841,1.87696841,0,0,0,0,0
35.85,1.66460472,-0.485420119,-91.4468317,0.05,-0.0277997553,FollowWall,following_with_distance_only,0,14,42,0.450799525,1.87613793,1,0,1,0.26853317,1.87434481,1.87434481,0,0,0,0,0
35.9,1.66453985,-0.487919168,-91.5272942,0.05,-0.0280418694,FollowWall,following_with_distance_only,0,14,42,0.449023783,1.87105629,1,0,1,0.26869458,1.8717222,1.8717222,0,0,0,0,0
35.95,1.66447146,-0.490418168,-91.6077032,0.05,-0.0280418694,FollowWall,following_with_distance_only,0,14,42,0.449023783,1.87105629,1,0,1,0.26869458,1.8690998,1.8690998,0,0,0,0,0
36,1.66439957,-0.492917097,-91.688081,0.05,-0.0278606415,FollowWall,following_with_distance_only,0,14,42,0.447258472,1.86591997,1,0,1,0.268573761,1.8664776,1.8664776,0,0,0,0,0
36.05,1.66432418,-0.495415938,-91.7682242,0.05,-0.0278606415,FollowWall,following_with_distance_only,0,14,42,0.447258472,1.86591997,1,0,1,0.268573761,1.86385593,1.86385593,0,0,0,0,0
36.1,1.66424529,-0.497914681,-91.8482306,0.05,-0.0275993943,FollowWall,following_with_distance_only,0,14,42,0.44550246,1.86080451,1,0,1,0.268399596,1.86123465,1.86123465,0,0,0,0,0
36.15,1.66416292,-0.500413316,-91.9278454,0.05,-0.0275993943,FollowWall,following_with_distance_only,0,14,42,0.44550246,1.86080451,1,0,1,0.268399596,1.85861415,1.85861415,0,0,0,0,0
36.2,1.66407709,-0.502911838,-92.0072317,0.05,-0.0273348838,FollowWall,following_with_distance_only,0,14,42,0.443760604,1.85571014,1,0,1,0.268223256,1.8559942,1.8559942,0,0,0,0,0
36.25,1.66398781,-0.505410241,-92.086169,0.05,-0.0273348838,FollowWall,following_with_distance_only,0,14,42,0.443760604,1.85571014,1,0,1,0.268223256,1.85337513,1.85337513,0,0,0,0,0
36.3,1.66389508,-0.507908519,-92.1648443,0.05,-0.0274277329,FollowWall,following_with_distance_only,0,14,42,0.44203487,1.85063675,1,0,1,0.268285155,1.85075666,1.85075666,0,0,0,0,0
36.35,1.66379893,-0.510406669,-92.2434777,0.05,-0.0274277329,FollowWall,following_with_distance_only,0,14,42,0.44203487,1.85063675,1,0,1,0.268285155,1.84813846,1.84813846,0,0,0,0,0
36.4,1.66369936,-0.512904684,-92.3220867,0.05,-0.0269216895,FollowWall,following_with_distance_only,0,14,42,0.440315276,1.84558456,1,0,1,0.267947793,1.84552051,1.84552051,0,0,0,0,0
36.45,1.66359636,-0.515402562,-92.4000773,0.05,-0.0269216895,FollowWall,following_with_distance_only,0,14,42,0.440315276,1.84558456,1,0,1,0.267947793,1.84290372,1.84290372,0,0,0,0,0
36.5,1.66348998,-0.517900297,-92.4777072,0.05,-0.0263429582,FollowWall,following_with_distance_only,0,14,42,0.438613355,1.84055336,1,0,1,0.267561972,1.8402877,1.8402877,0,0,0,0,0
36.55,1.66338023,-0.520397887,-92.5544359,0.05,-0.0263429582,FollowWall,following_with_distance_only,0,14,42,0.438613355,1.84055336,1,0,1,0.267561972,1.83767327,1.83767327,0,0,0,0,0
36.6,1.66326715,-0.522895328,-92.6306389,0.05,-0.0259583741,FollowWall,following_with_distance_only,0,14,42,0.436938643,1.83554193,1,0,1,0.267305583,1.83505987,1.83505987,0,0,0,0,0
36.65,1.66315076,-0.525392617,-92.7060762,0.05,-0.0259583741,FollowWall,following_with_distance_only,0,14,42,0.436938643,1.83554193,1,0,1,0.267305583,1.83244786,1.83244786,0,0,0,0,0
36.7,1.66303109,-0.527889751,-92.7810668,0.05,-0.0256062001,FollowWall,following_with_distance_only,0,14,42,0.435288876,1.83055029,1,0,1,0.2670708,1.82983675,1.82983675,0,0,0,0,0
36.75,1.66290818,-0.530386728,-92.8553765,0.05,-0.0256062001,FollowWall,following_with_distance_only,0,14,42,0.435288876,1.83055029,1,0,1,0.2670708,1.82722691,1.82722691,0,0,0,0,0
36.8,1.66278203,-0.532883543,-92.9292889,0.05,-0.0255483538,FollowWall,following_with_distance_only,0,14,42,0.433660746,1.82557819,1,0,1,0.267032236,1.8246179,1.8246179,0,0,0,0,0
36.85,1.66265267,-0.535380194,-93.0029006,0.05,-0.0255483538,FollowWall,following_with_distance_only,0,14,42,0.433660746,1.82557819,1,0,1,0.267032236,1.82200958,1.82200958,0,0,0,0,0
36.9,1.6625201,-0.537876677,-93.0763369,0.05,-0.025710091,FollowWall,following_with_distance_only,0,14,42,0.432044327,1.82062623,1,0,1,0.267140061,1.81940177,1.81940177,0,0,0,0,0
36.95,1.66238433,-0.540372987,-93.1498639,0.05,-0.025710091,FollowWall,following_with_distance_only,0,14,42,0.432044327,1.82062623,1,0,1,0.267140061,1.81679407,1.81679407,0,0,0,0,0
37,1.66224536,-0.542869122,-93.2234438,0.05,-0.0258534998,FollowWall,following_with_distance_only,0,14,42,0.430428147,1.81569561,1,0,1,0.267235667,1.81418653,1.81418653,0,0,0,0,0
37.05,1.66210318,-0.545365075,-93.2972257,0.05,-0.0258534998,FollowWall,following_with_distance_only,0,14,42,0.430428147,1.81569561,1,0,1,0.267235667,1.81157893,1.81157893,0,0,0,0,0
37.1,1.66195778,-0.547860844,-93.3711255,0.05,-0.0252725333,FollowWall,following_with_distance_only,0,14,42,0.428807318,1.81078715,1,0,1,0.266848356,1.80897142,1.80897142,0,0,0,0,0
37.15,1.66180917,-0.550356423,-93.4444006,0.05,-0.0252725333,FollowWall,following_with_distance_only,0,14,42,0.428807318,1.81078715,1,0,1,0.266848356,1.80636511,1.80636511,0,0,0,0,0
37.2,1.66165739,-0.552851811,-93.5173113,0.05,-0.0250534415,FollowWall,following_with_distance_only,0,14,42,0.427199781,1.80589871,1,0,1,0.266702294,1.80375961,1.80375961,0,0,0,0,0
37.25,1.66150243,-0.555347004,-93.5897478,0.05,-0.0250534415,FollowWall,following_with_distance_only,0,14,42,0.427199781,1.80589871,1,0,1,0.266702294,1.80115509,1.80115509,0,0,0,0,0
37.3,1.66134433,-0.557842,-93.6619078,0.05,-0.0248729289,FollowWall,following_with_distance_only,0,14,42,0.425605834,1.80102993,1,0,1,0.266581953,1.79855126,1.79855126,0,0,0,0,0
37.35,1.6611831,-0.560336795,-93.7336911,0.05,-0.0248729289,FollowWall,following_with_distance_only,0,14,42,0.425605834,1.80102993,1,0,1,0.266581953,1.79594826,1.79594826,0,0,0,0,0
37.4,1.66101874,-0.562831387,-93.8052545,0.05,-0.0246675611,FollowWall,following_with_distance_only,0,14,42,0.424021989,1.79618106,1,0,1,0.266445041,1.79334587,1.79334587,0,0,0,0,0
37.45,1.66085128,-0.565325772,-93.8764445,0.05,-0.0246675611,FollowWall,following_with_distance_only,0,14,42,0.424021989,1.79618106,1,0,1,0.266445041,1.79074431,1.79074431,0,0,0,0,0
37.5,1.66068072,-0.567819947,-93.9474168,0.05,-0.024036482,FollowWall,following_with_distance_only,0,14,42,0.422447145,1.79135197,1,0,1,0.266024321,1.78814336,1.78814336,0,0,0,0,0
37.55,1.66050709,-0.57031391,-94.0175087,0.05,-0.024036482,FollowWall,following_with_distance_only,0,14,42,0.422447145,1.79135197,1,0,1,0.266024321,1.78554401,1.78554401,0,0,0,0,0
37.6,1.66033043,-0.57280766,-94.0870871,0.05,-0.0233261436,FollowWall,following_with_distance_only,0,14,42,0.420891821,1.78654051,1,0,1,0.265550762,1.78294571,1.78294571,0,0,0,0,0
37.65,1.66015076,-0.575301196,-94.155518,0.05,-0.0233261436,FollowWall,following_with_distance_only,0,14,42,0.420891821,1.78654051,1,0,1,0.265550762,1.78034942,1.78034942,0,0,0,0,0
37.7,1.65996812,-0.577794516,-94.2232796,0.05,-0.0228313208,FollowWall,following_with_distance_only,0,14,42,0.419363618,1.78174479,1,0,1,0.265220881,1.77775441,1.77775441,0,0,0,0,0
37.75,1.65978256,-0.580287619,-94.2900601,0.05,-0.0228313208,FollowWall,following_with_distance_only,0,14,42,0.419363618,1.78174479,1,0,1,0.265220881,1.77516114,1.77516114,0,0,0,0,0
37.8,1.65959411,-0.582780506,-94.3562682,0.05,-0.0225777179,FollowWall,following_with_distance_only,0,14,42,0.417859405,1.77696432,1,0,1,0.265051812,1.77256901,1.77256901,0,0,0,0,0
37.85,1.65940278,-0.585273175,-94.4218398,0.05,-0.0225777179,FollowWall,following_with_distance_only,0,14,42,0.417859405,1.77696432,1,0,1,0.265051812,1.76997812,1.76997812,0,0,0,0,0
37.9,1.65920862,-0.587765623,-94.4870401,0.05,-0.0223184824,FollowWall,following_with_distance_only,0,14,42,0.416370332,1.7722003,1,0,1,0.264878988,1.76738805,1.76738805,0,0,0,0,0
37.95,1.65901163,-0.59025785,-94.5517143,0.05,-0.0223184824,FollowWall,following_with_distance_only,0,14,42,0.416370332,1.7722003,1,0,1,0.264878988,1.76479906,1.76479906,0,0,0,0,0
38,1.65881183,-0.592749854,-94.6160816,0.05,-0.0219802558,FollowWall,following_with_distance_only,0,14,42,0.414891779,1.76745284,1,0,1,0.264653504,1.7622108,1.7622108,0,0,0,0,0
38.05,1.65860925,-0.595241632,-94.6798663,0.05,-0.0219802558,FollowWall,following_with_distance_only,0,14,42,0.414891779,1.76745284,1,0,1,0.264653504,1.7596237,1.7596237,0,0,0,0,0
38.1,1.6584039,-0.597733184,-94.7433109,0.05,-0.021339342,FollowWall,following_with_distance_only,0,14,42,0.413423717,1.73310219,1,0,1,0.264226228,1.75703738,1.75703738,0,0,0,0,0
38.15,1.65819581,-0.600224509,-94.8057923,0.05,-0.021339342,FollowWall,following_with_distance_only,0,14,42,0.413423717,1.73310219,1,0,1,0.264226228,1.75445279,1.75445279,0,0,0,0,0
38.2,1.65798502,-0.602715606,-94.8677117,0.05,-0.0209991038,FollowWall,following_with_distance_only,0,14,42,0.411973625,1.70453526,1,0,1,0.263999403,1.75186932,1.75186932,0,0,0,0,0
38.25,1.65777155,-0.605206476,-94.9288972,0.05,-0.0209991038,FollowWall,following_with_distance_only,0,14,42,0.411973625,1.70453526,1,0,1,0.263999403,1.74928722,1.74928722,0,0,0,0,0
38.3,1.65755543,-0.607697117,-94.9896546,0.05,-0.0206384361,FollowWall,following_with_distance_only,0,14,42,0.410537899,1.67721115,1,0,1,0.263758957,1.74670604,1.74670604,0,0,0,0,0
38.35,1.65733668,-0.610187529,-95.0497317,0.05,-0.0206384361,FollowWall,following_with_distance_only,0,14,42,0.410537899,1.67721115,1,0,1,0.263758957,1.74412615,1.74412615,0,0,0,0,0
38.4,1.65711533,-0.61267771,-95.109412,0.05,-0.0202568024,FollowWall,following_with_distance_only,0,14,42,0.409113616,1.65100233,1,0,1,0.263504535,1.74154713,1.74154713,0,0,0,0,0
38.45,1.65689141,-0.615167661,-95.1684053,0.05,-0.0202568024,FollowWall,following_with_distance_only,0,14,42,0.409113616,1.65100233,1,0,1,0.263504535,1.73896941,1.73896941,0,0,0,0,0
38.5,1.65666493,-0.617657382,-95.2269979,0.05,-0.0198536217,FollowWall,following_with_distance_only,0,14,42,0.407700032,1.62584147,1,0,1,0.263235748,1.73639258,1.73639258,0,0,0,0,0
38.55,1.65643591,-0.62014687,-95.2848753,0.05,-0.0198536217,FollowWall,following_with_distance_only,0,14,42,0.407700032,1.62584147,1,0,1,0.263235748,1.73381708,1.73381708,0,0,0,0,0
38.6,1.6562044,-0.622636127,-95.3423357,0.05,-0.019422099,FollowWall,following_with_distance_only,0,14,42,0.406297028,1.60168298,1,0,1,0.262948066,1.73124248,1.73124248,0,0,0,0,0
38.65,1.6559704,-0.625125152,-95.3990377,0.05,-0.019422099,FollowWall,following_with_distance_only,0,14,42,0.406297028,1.60168298,1,0,1,0.262948066,1.72866928,1.72866928,0,0,0,0,0
38.7,1.65573395,-0.627613945,-95.4552973,0.05,-0.0186788142,FollowWall,following_with_distance_only,0,14,42,0.404904932,1.57849344,1,0,1,0.262452543,1.72609702,1.72609702,0,0,0,0,0
38.75,1.65549508,-0.630102507,-95.5104116,0.05,-0.0186788142,FollowWall,following_with_distance_only,0,14,42,0.404904932,1.57849344,1,0,1,0.262452543,1.72352673,1.72352673,0,0,0,0,0
38.8,1.65525383,-0.63259084,-95.5648578,0.05,-0.0179375857,FollowWall,following_with_distance_only,0,14,42,0.403530866,1.43547824,1,0,1,0.26195839,1.7209577,1.7209577,0,0,0,0,0
38.85,1.65501024,-0.635078945,-95.6180294,0.05,-0.0179375857,FollowWall,following_with_distance_only,0,14,42,0.403530866,1.43547824,1,0,1,0.26195839,1.71839083,1.71839083,0,0,0,0,0
38.9,1.65476437,-0.637566824,-95.6704577,0.05,-0.0171860307,FollowWall,following_with_distance_only,0,14,42,0.402178258,1.41700513,1,0,1,0.261457354,1.71582533,1.71582533,0,0,0,0,0
38.95,1.65451624,-0.64005448,-95.7215551,0.05,-0.0171860307,FollowWall,following_with_distance_only,0,14,42,0.402178258,1.41700513,1,0,1,0.261457354,1.71326206,1.71326206,0,0,0,0,0
39,1.65426591,-0.642541916,-95.7718763,0.05,-0.016716823,FollowWall,following_with_distance_only,0,14,42,0.400848061,1.39945329,1,0,1,0.261144549,1.71070019,1.71070019,0,0,0,0,0
39.05,1.65401342,-0.645029133,-95.8211845,0.05,-0.016716823,FollowWall,following_with_distance_only,0,14,42,0.400848061,1.39945329,1,0,1,0.261144549,1.70814007,1.70814007,0,0,0,0,0
39.1,1.6537588,-0.647516133,-95.8699019,0.05,-0.0162180215,FollowWall,following_with_distance_only,0,14,42,0.399533749,1.38266712,1,0,1,0.260812014,1.70558108,1.70558108,0,0,0,0,0
39.15,1.65350209,-0.650002918,-95.9176792,0.05,-0.0162180215,FollowWall,following_with_distance_only,0,14,42,0.399533749,1.38266712,1,0,1,0.260812014,1.70302373,1.70302373,0,0,0,0,0
39.2,1.65324332,-0.652489489,-95.9649082,0.05,-0.0156899393,FollowWall,following_with_distance_only,0,14,42,0.398231834,1.36655949,1,0,1,0.26045996,1.70046743,1.70046743,0,0,0,0,0
39.25,1.65298252,-0.654975848,-96.0111869,0.05,-0.0156899393,FollowWall,following_with_distance_only,0,14,42,0.398231834,1.36655949,1,0,1,0.26045996,1.69791278,1.69791278,0,0,0,0,0
39.3,1.65271972,-0.657461997,-96.0569113,0.05,-0.0151324421,FollowWall,following_with_distance_only,0,14,42,0.396941602,1.35109758,1,0,1,0.260088295,1.69535919,1.69535919,0,0,0,0,0
39.35,1.65245496,-0.659947938,-96.1016468,0.05,-0.0151324421,FollowWall,following_with_distance_only,0,14,42,0.396941602,1.35109758,1,0,1,0.260088295,1.69280729,1.69280729,0,0,0,0,0
39.4,1.65218827,-0.662433673,-96.1458056,0.05,-0.0145824999,FollowWall,following_with_distance_only,0,14,42,0.395663232,1.33626678,1,0,1,0.259721667,1.69025648,1.69025648,0,0,0,0,0
39.45,1.65191968,-0.664919203,-96.1889715,0.05,-0.0145824999,FollowWall,following_with_distance_only,0,14,42,0.395663232,1.33626678,1,0,1,0.259721667,1.68770736,1.68770736,0,0,0,0,0
39.5,1.65164924,-0.667404532,-96.2315582,0.05,-0.0139282644,FollowWall,following_with_distance_only,0,14,42,0.3943564,1.22990063,1,0,1,0.25928551,1.68515932,1.68515932,0,0,0,0,0
39.55,1.65137697,-0.669889662,-96.273026,0.05,-0.0139282644,FollowWall,following_with_distance_only,0,14,42,0.3943564,1.22990063,1,0,1,0.25928551,1.68261316,1.68261316,0,0,0,0,0
39.6,1.65110292,-0.672374596,-96.3138412,0.05,-0.0132812262,FollowWall,following_with_distance_only,0,14,42,0.392988026,1.2180794,1,0,1,0.258854151,1.68006817,1.68006817,0,0,0,0,0
39.65,1.65082713,-0.674859337,-96.3535034,0.05,-0.0132812262,FollowWall,following_with_distance_only,0,14,42,0.392988026,1.2180794,1,0,1,0.258854151,1.6775251,1.6775251,0,0,0,0,0
39.7,1.65054962,-0.677343888,-96.392493,0.05,-0.0126039684,FollowWall,following_with_distance_only,0,14,42,0.391651094,1.20679742,1,0,1,0.258402646,1.67498323,1.67498323,0,0,0,0,0
39.75,1.65027046,-0.679828252,-96.4302818,0.05,-0.0126039684,FollowWall,following_with_distance_only,0,14,42,0.391651094,1.20679742,1,0,1,0.258402646,1.67244333,1.67244333,0,0,0,0,0
39.8,1.64998967,-0.682312434,-96.4673701,0.05,-0.0118965358,FollowWall,following_with_distance_only,0,14,42,0.390346408,1.19604949,1,0,1,0.257931024,1.66990467,1.66990467,0,0,0,0,0
39.85,1.6497073,-0.684796436,-96.5032054,0.05,-0.0118965358,FollowWall,following_with_distance_only,0,14,42,0.390346408,1.19604949,1,0,1,0.257931024,1.66736804,1.66736804,0,0,0,0,0
39.9,1.64942339,-0.687280263,-96.5383098,0.05,-0.0109884292,FollowWall,following_with_distance_only,0,14,42,0.389074773,1.18583345,1,0,1,0.257325619,1.66483268,1.66483268,0,0,0,0,0
39.95,1.64913799,-0.689763919,-96.5719038,0.05,-0.0109884292,FollowWall,following_with_distance_only,0,14,42,0.389074773,1.18583345,1,0,1,0.257325619,1.66229973,1.66229973,0,0,0,0,0
40,1.64885116,-0.69224741,-96.6046168,0.05,-0.0102003962,FollowWall,following_with_distance_only,0,14,42,0.387840956,1.17620239,1,0,1,0.256800264,1.65976825,1.65976825,0,0,0,0,0
40.05,1.64856294,-0.69473074,-96.6358752,0.05,-0.0102003962,FollowWall,following_with_distance_only,0,14,42,0.387840956,1.17620239,1,0,1,0.256800264,1.65723908,1.65723908,0,0,0,0,0
40.1,1.64827338,-0.697213915,-96.6662851,0.05,-0.00915397704,FollowWall,following_with_distance_only,0,14,42,0.386644602,1.1671372,1,0,1,0.256102651,1.65471132,1.65471132,0,0,0,0,0
40.15,1.64798255,-0.69969694,-96.694951,0.05,-0.00915397704,FollowWall,following_with_distance_only,0,14,42,0.386644602,1.1671372,1,0,1,0.256102651,1.65218628,1.65218628,0,0,0,0,0
40.2,1.64769049,-0.702179822,-96.7225995,0.05,-0.0080203414,FollowWall,following_with_distance_only,0,14,42,0.385490507,1.15869202,1,0,1,0.255346894,1.64966289,1.64966289,1,0,0,0,0
40.25,1.64739728,-0.704662568,-96.7483013,0.05,-0.0080203414,FollowWall,following_with_distance_only,0,14,42,0.385490507,1.15869202,1,0,1,0.255346894,1.64714249,1.64714249,1,0,0,0,0
40.3,1.64710297,-0.707145184,-96.7728677,0.05,-0.00686618686,FollowWall,following_with_distance_only,0,14,42,0.384383291,1.15091744,1,0,1,0.254577458,1.6446239,1.6446239,1,0,0,0,0
40.35,1.64680765,-0.70962768,-96.7953939,0.05,-0.00686618686,FollowWall,following_with_distance_only,0,14,42,0.384383291,1.15091744,1,0,1,0.254577458,1.64210842,1.64210842,1,0,0,0,0
40.4,1.64651138,-0.712110062,-96.8167302,0.05,-0.00590953231,FollowWall,following_with_distance_only,0,14,42,0.38332516,1.14383056,1,0,1,0.253939688,1.63959481,1.63959481,1,0,0,0,0
40.45,1.64621422,-0.714592339,-96.8362303,0.05,-0.00590953231,FollowWall,following_with_distance_only,0,14,42,0.38332516,1.14383056,1,0,1,0.253939688,1.63708399,1.63708399,1,0,0,0,0
40.5,1.64591624,-0.717074517,-96.8546594,0.05,-0.00517845154,FollowWall,following_with_distance_only,0,14,42,0.382312477,1.1373681,1,0,1,0.253452301,1.63457485,1.63457485,1,0,0,0,0
40.55,1.6456175,-0.719556603,-96.871591,0.05,-0.00517845154,FollowWall,following_with_distance_only,0,14,42,0.382312477,1.1373681,1,0,1,0.253452301,1.63206799,1.63206799,1,0,0,0,0
40.6,1.64531804,-0.722038603,-96.887649,0.05,-0.00442296267,FollowWall,following_with_distance_only,0,14,42,0.381338,1.1314196,1,0,1,0.252948642,1.6295625,1.6295625,1,0,0,0,0
40.65,1.64501791,-0.724520523,-96.9022958,0.05,-0.00442296267,FollowWall,following_with_distance_only,0,14,42,0.381338,1.1314196,1,0,1,0.252948642,1.62705916,1.62705916,1,0,0,0,0
40.7,1.64471717,-0.727002368,-96.9161192,0.05,-0.00352482498,FollowWall,following_with_distance_only,0,14,42,0.380398422,1.06367024,1,0,1,0.252349883,1.6245571,1.6245571,1,0,0,0,0
40.75,1.64441587,-0.729484145,-96.9283904,0.05,-0.00352482498,FollowWall,following_with_distance_only,0,14,42,0.380398422,1.06367024,1,0,1,0.252349883,1.62205739,1.62205739,1,0,0,0,0
40.8,1.64411405,-0.731965859,-96.939756,0.05,-0.00284050405,FollowWall,following_with_distance_only,0,14,42,0.379495621,1.05900751,1,0,1,0.251893669,1.61955906,1.61955906,1,0,0,0,0
40.85,1.64381177,-0.734447517,-96.9497765,0.05,-0.00284050405,FollowWall,following_with_distance_only,0,14,42,0.379495621,1.05900751,1,0,1,0.251893669,1.61706275,1.61706275,1,0,0,0,0
40.9,1.64350907,-0.736929124,-96.9590124,0.05,-0.00201429427,FollowWall,following_with_distance_only,0,14,42,0.378621459,1.0547133,1,0,1,0.251342863,1.61456764,1.61456764,1,0,0,0,0
40.95,1.643206,-0.739410686,-96.9668044,0.05,-0.00201429427,FollowWall,following_with_distance_only,0,14,42,0.378621459,1.0547133,1,0,1,0.251342863,1.61207469,1.61207469,1,0,0,0,0
41,1.64290262,-0.741892209,-96.9737542,0.05,-0.00111584365,FollowWall,following_with_distance_only,0,14,42,0.377649516,1.05079428,1,0,1,0.250743896,1.60958301,1.60958301,1,0,0,0,0
41.05,1.64259896,-0.7443737,-96.9791401,0.05,-0.00111584365,FollowWall,following_with_distance_only,0,14,42,0.377649516,1.05079428,1,0,1,0.250743896,1.60709365,1.60709365,1,0,0,0,0
41.1,1.6422951,-0.746855164,-96.9836139,0.05,-5.0291419e-05,FollowWall,following_with_distance_only,0,14,42,0.37669754,1.04727736,1,0,1,0.250033528,1.60460565,1.60460565,1,0,0,0,0
41.15,1.64199108,-0.749336609,-96.9862836,0.05,-5.0291419e-05,FollowWall,following_with_distance_only,0,14,42,0.37669754,1.04727736,1,0,1,0.250033528,1.60212031,1.60212031,1,0,0,0,0
41.2,1.64168696,-0.751818043,-96.9879009,0.0698892841,0.151660739,FollowWall,following_right_wall,0,14,42,0.375770301,1.04421663,1,1,1,0.249308482,1.59963651,1.59963651,1,0,0,0,0
41.25,1.64133695,-0.754711309,-96.8078127,0.0698892841,0.151660739,FollowWall,following_right_wall,0,14,42,0.375770301,1.04421663,1,1,1,0.249308482,1.59700661,1.59700661,1,0,0,0,0
41.3,1.64097065,-0.757846051,-96.5217296,0.0704241634,0.143637549,FollowWall,following_right_wall,0,14,42,0.377774537,1.1477555,1,1,1,0.248182297,1.59429123,1.59429123,1,0,0,0,0
41.35,1.64060461,-0.761133949,-96.1833931,0.0704241634,0.143637549,FollowWall,following_right_wall,0,14,42,0.377774537,1.1477555,1,1,1,0.248182297,1.59150083,1.59150083,1,0,0,0,0
41.4,1.64024959,-0.764512306,-95.8145754,0.0713326335,0.130010498,FollowWall,following_right_wall,0,14,42,0.381475061,1.22072677,1,1,1,0.246872142,1.58866667,1.58866667,1,0,0,0,0
41.45,1.63990944,-0.767963239,-95.4442432,0.0713326335,0.130010498,FollowWall,following_right_wall,0,14,42,0.381475061,1.22072677,1,1,1,0.246872142,1.58576412,1.58576412,1,0,0,0,0
41.5,1.63958784,-0.771457366,-95.0730274,0.0723299303,0.115051046,FollowWall,following_right_wall,0,14,42,0.385659963,1.41140138,1,1,1,0.246095613,1.58282163,1.58282163,1,0,0,0,0
41.55,1.63928454,-0.774998129,-94.7191529,0.0723299303,0.115051046,FollowWall,following_right_wall,0,14,42,0.385659963,1.41140138,1,1,1,0.246095613,1.57980852,1.57980852,1,0,0,0,0
41.6,1.63900072,-0.778566743,-94.3753939,0.073266683,0.100999755,FollowWall,following_right_wall,0,14,42,0.389807135,1.57972355,1,1,1,0.245276675,1.57675412,1.57675412,1,0,0,0,0
41.65,1.63873505,-0.782171621,-94.0543083,0.073266683,0.100999755,FollowWall,following_right_wall,0,14,42,0.389807135,1.57972355,1,1,1,0.245276675,1.573631,1.573631,1,0,0,0,0
41.7,1.6384878,-0.785798139,-93.7464488,0.0740790598,0.088814103,FollowWall,following_right_wall,0,14,42,0.393700331,1.57204734,1,1,1,0.244079307,1.57046769,1.57046769,1,0,0,0,0
41.75,1.63825752,-0.789454589,-93.4608501,0.0740790598,0.088814103,FollowWall,following_right_wall,0,14,42,0.393700331,1.57204734,1,1,1,0.244079307,1.56724209,1.56724209,1,0,0,0,0
41.8,1.63804408,-0.793128863,-93.1882368,0.074804846,0.0779273093,FollowWall,following_right_wall,0,14,42,0.397272438,1.56452968,1,1,1,0.243065745,1.56398008,1.56398008,1,0,0,0,0
41.85,1.63784614,-0.796828947,-92.9361935,0.074804846,0.0779273093,FollowWall,following_right_wall,0,14,42,0.397272438,1.56452968,1,1,1,0.243065745,1.56066202,1.56066202,1,0,0,0,0
41.9,1.63766337,-0.800544357,-92.6961494,0.0754210371,0.0686844434,FollowWall,following_right_wall,0,14,42,0.400508791,1.55712185,1,1,1,0.241866052,1.55731121,1.55731121,1,0,0,0,0
41.95,1.63749463,-0.804281764,-92.4741376,0.0754210371,0.0686844434,FollowWall,following_right_wall,0,14,42,0.400508791,1.55712185,1,1,1,0.241866052,1.55391167,1.55391167,1,0,0,0,0
42,1.63733951,-0.808032205,-92.2626447,0.0760150606,0.0597740912,FollowWall,following_right_wall,0,14,42,0.403425902,1.5497855,1,1,1,0.241381302,1.55048367,1.55048367,1,0,0,0,0
42.05,1.63719695,-0.811802785,-92.0679238,0.0760150606,0.0597740912,FollowWall,following_right_wall,0,14,42,0.403425902,1.5497855,1,1,1,0.241381302,1.54701046,1.54701046,1,0,0,0,0
42.1,1.63706649,-0.81558526,-91.8829866,0.0765509672,0.0517354919,FollowWall,following_right_wall,0,14,42,0.406024635,1.5422383,1,1,1,0.241071835,1.54351086,1.54351086,1,0,0,0,0
42.15,1.63694717,-0.819385954,-91.7133518,0.0765509672,0.0517354919,FollowWall,following_right_wall,0,14,42,0.406024635,1.5422383,1,1,1,0.241071835,1.53997001,1.53997001,1,0,0,0,0
42.2,1.63683851,-0.823197382,-91.5526435,0.0770268786,0.0445968203,FollowWall,following_right_wall,0,14,42,0.408309996,1.53456425,1,1,1,0.240836397,1.53640508,1.53640508,1,0,0,0,0
42.25,1.63673967,-0.827025069,-91.4056634,0.0770268786,0.0445968203,FollowWall,following_right_wall,0,14,42,0.408309996,1.53456425,1,1,1,0.240836397,1.53280311,1.53280311,1,0,0,0,0
42.3,1.63665016,-0.830862313,-91.2666916,0.0774486729,0.0382699068,FollowWall,following_right_wall,0,14,42,0.410296381,1.52687008,1,1,1,0.240660861,1.52917953,1.52917953,1,0,0,0,0
42.35,1.63656926,-0.834713979,-91.1399433,0.0774486729,0.0382699068,FollowWall,following_right_wall,0,14,42,0.410296381,1.52687008,1,1,1,0.240660861,1.52552294,1.52552294,1,0,0,0,0
42.4,1.63649648,-0.838574108,-91.0203254,0.0778201691,0.0326974637,FollowWall,following_right_wall,0,14,42,0.412002772,1.51914961,1,1,1,0.240512356,1.52184709,1.52184709,1,0,0,0,0
42.45,1.63643118,-0.842446953,-90.9115187,0.0778201691,0.0326974637,FollowWall,following_right_wall,0,14,42,0.412002772,1.51914961,1,1,1,0.240512356,1.51814201,1.51814201,1,0,0,0,0
42.5,1.63637292,-0.84632725,-90.8090183,0.0781696652,0.0274550225,FollowWall,following_right_wall,0,14,42,0.413450658,1.51140091,1,1,1,0.240438178,1.5144199,1.5144199,1,0,0,0,0
42.55,1.63632111,-0.850219201,-90.7164544,0.0781696652,0.0274550225,FollowWall,following_right_wall,0,14,42,0.413450658,1.51140091,1,1,1,0.240438178,1.5106709,1.5106709,1,0,0,0,0
42.6,1.6362753,-0.854117973,-90.6296868,0.0784617558,0.0230736633,FollowWall,following_right_wall,0,14,42,0.414652318,1.50362233,1,1,1,0.240370095,1.50690622,1.50690622,1,0,0,0,0
42.65,1.63623501,-0.858026826,-90.5515302,0.0784617558,0.0230736633,FollowWall,following_right_wall,0,14,42,0.414652318,1.50362233,1,1,1,0.240370095,1.50311823,1.50311823,1,0,0,0,0
42.7,1.63619982,-0.861941573,-90.4783967,0.0786712014,0.0199319788,FollowWall,following_right_wall,0,14,42,0.415631384,1.49581672,1,1,1,0.240001127,1.49931665,1.49931665,1,0,0,0,0
42.75,1.63616935,-0.865864132,-90.4119434,0.0786712014,0.0199319788,FollowWall,following_right_wall,0,14,42,0.415631384,1.49581672,1,1,1,0.240001127,1.49549697,1.49549697,1,0,0,0,0
42.8,1.63614325,-0.869791258,-90.349387,0.0788247283,0.0176290752,FollowWall,following_right_wall,0,14,42,0.41643241,1.48799361,1,1,1,0.239434883,1.49166673,1.49166673,1,0,0,0,0
42.85,1.63612125,-0.873724252,-90.2918526,0.0788247283,0.0176290752,FollowWall,following_right_wall,0,14,42,0.41643241,1.48799361,1,1,1,0.239434883,1.4878229,1.4878229,1,0,0,0,0
42.9,1.63610307,-0.877660674,-90.2372477,0.0789712115,0.0154318281,FollowWall,following_right_wall,0,14,42,0.417100579,1.48016336,1,1,1,0.23908858,1.48397113,1.48397113,1,0,0,0,0
42.95,1.63608848,-0.881602152,-90.1869744,0.0789712115,0.0154318281,FollowWall,following_right_wall,0,14,42,0.417100579,1.48016336,1,1,1,0.23908858,1.48010762,1.48010762,1,0,0,0,0
43,1.63607725,-0.88554658,-90.139228,0.0790878769,0.0136818471,FollowWall,following_right_wall,0,14,42,0.41765812,1.47233108,1,1,1,0.238694564,1.47623726,1.47623726,1,0,0,0,0
43.05,1.63606918,-0.889495162,-90.0950444,0.0790878769,0.0136818471,FollowWall,following_right_wall,0,14,42,0.41765812,1.47233108,1,1,1,0.238694564,1.47235725,1.47235725,1,0,0,0,0
43.1,1.63606407,-0.893446167,-90.0529391,0.0792204875,0.011692688,FollowWall,following_right_wall,0,14,42,0.418125331,1.46450178,1,1,1,0.238672242,1.46847162,1.46847162,1,0,0,0,0
43.15,1.63606175,-0.897401348,-90.0144206,0.0792204875,0.011692688,FollowWall,following_right_wall,0,14,42,0.418125331,1.46450178,1,1,1,0.238672242,1.46457625,1.46457625,1,0,0,0,0
43.2,1.63606201,-0.901358964,-89.9779943,0.0793372743,0.00994088549,FollowWall,following_right_wall,0,14,42,0.418504089,1.45667558,1,1,1,0.238700315,1.46060686,1.46060686,1,0,0,0,0
43.25,1.63606468,-0.905320432,-89.9448796,0.0793372743,0.00994088549,FollowWall,following_right_wall,0,14,42,0.418504089,1.45667558,1,1,1,0.238700315,1.45659396,1.45659396,1,0,0,0,0
43.3,1.63606957,-0.909284146,-89.9136966,0.0794375846,0.00843623067,FollowWall,following_right_wall,0,14,42,0.418799549,1.4488533,1,1,1,0.238763496,1.45258184,1.45258184,1,0,0,0,0
43.35,1.63607652,-0.913251258,-89.8854366,0.0794375846,0.00843623067,FollowWall,following_right_wall,0,14,42,0.418799549,1.4488533,1,1,1,0.238763496,1.44857086,1.44857086,1,0,0,0,0
43.4,1.63608538,-0.91722035,-89.8588815,0.0795298829,0.00705175722,FollowWall,following_right_wall,0,14,42,0.419022083,1.44091372,1,1,1,0.23892875,1.44456056,1.44456056,1,0,0,0,0
43.45,1.63609599,-0.921192518,-89.8349736,0.0795298829,0.00705175722,FollowWall,following_right_wall,0,14,42,0.419022083,1.44091372,1,1,1,0.23892875,1.4405513,1.4405513,1,0,0,0,0
43.5,1.63610821,-0.925166478,-89.81261,0.0795943433,0.00608484978,FollowWall,following_right_wall,0,14,42,0.419180334,1.43276809,1,1,1,0.238990396,1.43654264,1.43654264,1,0,0,0,0
43.55,1.63612192,-0.929142824,-89.7923012,0.0795943433,0.00608484978,FollowWall,following_right_wall,0,14,42,0.419180334,1.43276809,1,1,1,0.238990396,1.4325348,1.4325348,1,0,0,0,0
43.6,1.63613701,-0.93312056,-89.7731912,0.0796542733,0.00518590027,FollowWall,following_right_wall,0,14,42,0.419290811,1.42465458,1,1,1,0.239151776,1.42852743,1.42852743,1,0,0,0,0
43.65,1.63615336,-0.937100353,-89.7558535,0.0796542733,0.00518590027,FollowWall,following_right_wall,0,14,42,0.419290811,1.42465458,1,1,1,0.239151776,1.42452075,1.42452075,1,0,0,0,0
43.7,1.63617089,-0.941081344,-89.7395496,0.0796710561,0.00493415915,FollowWall,following_right_wall,0,14,42,0.419364631,1.41657308,1,1,1,0.239023149,1.42051448,1.42051448,1,0,0,0,0
43.75,1.63618953,-0.945063381,-89.7241493,0.0796710561,0.00493415915,FollowWall,following_right_wall,0,14,42,0.419364631,1.41657308,1,1,1,0.239023149,1.41650857,1.41650857,1,0,0,0,0
43.8,1.63620922,-0.949046027,-89.7092761,0.0797228056,0.00415791666,FollowWall,following_right_wall,0,14,42,0.419426471,1.40852287,1,1,1,0.239327133,1.41250287,1.41250287,1,0,0,0,0
43.85,1.63622991,-0.953030103,-89.6956369,0.0797228056,0.00415791666,FollowWall,following_right_wall,0,14,42,0.419426471,1.40852287,1,1,1,0.239327133,1.40849766,1.40849766,1,0,0,0,0
43.9,1.63625153,-0.957015012,-89.6827175,0.0797200309,0.00419953623,FollowWall,following_right_wall,0,14,42,0.419474185,1.4005043,1,1,1,0.239200413,1.40449272,1.40449272,1,0,0,0,0
43.95,1.63627403,-0.961000347,-89.6701684,0.0797200309,0.00419953623,FollowWall,following_right_wall,0,14,42,0.419474185,1.4005043,1,1,1,0.239200413,1.40048794,1.40048794,1,0,0,0,0
44,1.63629741,-0.964985928,-89.6578353,0.0796965216,0.00455217554,FollowWall,following_right_wall,0,14,42,0.419529289,1.39251667,1,1,1,0.23894006,1.39648325,1.39648325,1,0,0,0,0
44.05,1.63632165,-0.968971161,-89.6452072,0.0796965216,0.00455217554,FollowWall,following_right_wall,0,14,42,0.419529289,1.39251667,1,1,1,0.23894006,1.39247846,1.39247846,1,0,0,0,0
44.1,1.63634677,-0.972956188,-89.632407,0.0796947469,0.00457879642,FollowWall,following_right_wall,0,14,42,0.419615716,1.38455902,1,1,1,0.238923594,1.3884736,1.3884736,1,0,0,0,0
44.15,1.63637278,-0.976941056,-89.6194747,0.0796947469,0.00457879642,FollowWall,following_right_wall,0,14,42,0.419615716,1.38455902,1,1,1,0.238923594,1.3844687,1.3844687,1,0,0,0,0
44.2,1.6363997,-0.980925828,-89.6064654,0.0797287512,0.00406873167,FollowWall,following_right_wall,0,14,42,0.419735283,1.37663112,1,1,1,0.239284754,1.38046378,1.38046378,1,0,0,0,0
44.25,1.63642751,-0.98491125,-89.5940199,0.0797287512,0.00406873167,FollowWall,following_right_wall,0,14,42,0.419735283,1.37663112,1,1,1,0.239284754,1.37645908,1.37645908,1,0,0,0,0
44.3,1.63645617,-0.988897048,-89.5819033,0.0797764943,0.00335258603,FollowWall,following_right_wall,0,14,42,0.419870645,1.36873272,1,1,1,0.239609092,1.37245452,1.37245452,1,0,0,0,0
44.35,1.63648565,-0.992884059,-89.5708335,0.0797764943,0.00335258603,FollowWall,following_right_wall,0,14,42,0.419870645,1.36873272,1,1,1,0.239609092,1.36845037,1.36845037,1,0,0,0,0
44.4,1.63651589,-0.996871775,-89.5603742,0.0797812777,0.00328083476,FollowWall,following_right_wall,0,14,42,0.420006245,1.36086359,1,1,1,0.23957628,1.36444646,1.36444646,1,0,0,0,0
44.45,1.63654684,-1.00086,-89.5503568,0.0797812777,0.00328083476,FollowWall,following_right_wall,0,14,42,0.420006245,1.36086359,1,1,1,0.23957628,1.36044273,1.36044273,1,0,0,0,0
44.5,1.63657848,-1.00484852,-89.540597,0.0797563843,0.00365423588,FollowWall,following_right_wall,0,14,42,0.420155495,1.35302207,1,1,1,0.239470556,1.3564391,1.3564391,1,0,0,0,0
44.55,1.63661081,-1.00883669,-89.530542,0.0797563843,0.00365423588,FollowWall,following_right_wall,0,14,42,0.420155495,1.35302207,1,1,1,0.239470556,1.35243537,1.35243537,1,0,0,0,0
44.6,1.63664384,-1.01282465,-89.5203146,0.0797750513,0.00337423084,FollowWall,following_right_wall,0,14,42,0.420341969,1.3450779,1,1,1,0.239736915,1.34843157,1.34843157,1,0,0,0,0
44.65,1.63667758,-1.01681288,-89.5103209,0.0797750513,0.00337423084,FollowWall,following_right_wall,0,14,42,0.420341969,1.3450779,1,1,1,0.239736915,1.34442788,1.34442788,1,0,0,0,0
44.7,1.63671201,-1.02080126,-89.5004636,0.0797541538,0.00368769228,FollowWall,following_right_wall,0,14,42,0.42055738,1.33710366,1,1,1,0.23958075,1.34042424,1.34042424,1,0,0,0,0
44.75,1.63674713,-1.02478929,-89.4903116,0.0797541538,0.00368769228,FollowWall,following_right_wall,0,14,42,0.42055738,1.33710366,1,1,1,0.23958075,1.3364205,1.3364205,1,0,0,0,0
44.8,1.63678297,-1.02877712,-89.4799877,0.0797364337,0.00395349509,FollowWall,following_right_wall,0,14,42,0.420812994,1.32915982,1,1,1,0.239398971,1.3324167,1.3324167,1,0,0,0,0
44.85,1.63681953,-1.03276445,-89.4692464,0.0797364337,0.00395349509,FollowWall,following_right_wall,0,14,42,0.420812994,1.32915982,1,1,1,0.239398971,1.32841275,1.32841275,1,0,0,0,0
44.9,1.63685685,-1.0367515,-89.4582614,0.0797445751,0.00383137367,FollowWall,following_right_wall,0,14,42,0.421116024,1.32124685,1,1,1,0.239400819,1.32440871,1.32440871,1,0,0,0,0
44.95,1.63689493,-1.04073854,-89.4472802,0.0797445751,0.00383137367,FollowWall,following_right_wall,0,14,42,0.421116024,1.32124685,1,1,1,0.239400819,1.32040468,1.32040468,1,0,0,0,0
45,1.63693377,-1.04472558,-89.4363011,0.079731068,0.00403398074,FollowWall,following_right_wall,0,14,42,0.421456754,1.3133632,1,1,1,0.239138573,1.31640066,1.31640066,1,0,0,0,0
45.05,1.63697339,-1.04871232,-89.4250814,0.079731068,0.00403398074,FollowWall,following_right_wall,0,14,42,0.421456754,1.3133632,1,1,1,0.239138573,1.31239656,1.31239656,1,0,0,0,0
45.1,1.63701379,-1.0526989,-89.4137214,0.0797575027,0.00363745876,FollowWall,following_right_wall,0,14,42,0.421839327,1.30550839,1,1,1,0.239201739,1.30839241,1.30839241,1,0,0,0,0
45.15,1.63705497,-1.05668593,-89.4027528,0.0797575027,0.00363745876,FollowWall,following_right_wall,0,14,42,0.421839327,1.30550839,1,1,1,0.239201739,1.30438843,1.30438843,1,0,0,0,0
45.2,1.63709691,-1.06067321,-89.3920126,0.0798237049,0.00264442722,FollowWall,following_right_wall,0,14,42,0.422248572,1.29739154,1,1,1,0.239607289,1.30038454,1.30038454,1,0,0,0,0
45.25,1.63713956,-1.06466202,-89.3825909,0.0798237049,0.00264442722,FollowWall,following_right_wall,0,14,42,0.422248572,1.29739154,1,1,1,0.239607289,1.29638116,1.29638116,1,0,0,0,0
45.3,1.63718286,-1.06865172,-89.3739383,0.0798668122,0.00199781748,FollowWall,following_right_wall,0,14,42,0.422655702,1.28921661,1,1,1,0.239784732,1.29237808,1.29237808,1,0,0,0,0
45.35,1.63722673,-1.07264283,-89.3665063,0.0798668122,0.00199781748,FollowWall,following_right_wall,0,14,42,0.422655702,1.28921661,1,1,1,0.239784732,1.28837548,1.28837548,1,0,0,0,0
45.4,1.6372711,-1.07663476,-89.3597862,0.0798847273,0.00172909076,FollowWall,following_right_wall,0,14,42,0.423056185,1.28106656,1,1,1,0.239718229,1.28437316,1.28437316,1,0,0,0,0
45.45,1.63731593,-1.08062755,-89.3538023,0.0798847273,0.00172909076,FollowWall,following_right_wall,0,14,42,0.423056185,1.28106656,1,1,1,0.239718229,1.28037112,1.28037112,1,0,0,0,0
45.5,1.63736116,-1.08462083,-89.3482476,0.079950688,0.000739680267,FollowWall,following_right_wall,0,14,42,0.423461556,1.27294294,1,1,1,0.240096539,1.27636926,1.27636926,1,0,0,0,0
45.55,1.63740675,-1.08861577,-89.3441245,0.079950688,0.000739680267,FollowWall,following_right_wall,0,14,42,0.423461556,1.27294294,1,1,1,0.240096539,1.27236794,1.27236794,1,0,0,0,0
45.6,1.63745261,-1.09261168,-89.3408364,0.0799902307,-0.000146539353,FollowWall,following_right_wall,0,14,42,0.423854768,1.26484611,1,1,1,0.240411103,1.26836695,1.26836695,1,0,0,0,0
45.65,1.63749866,-1.09660898,-89.3390933,0.0799902307,-0.000146539353,FollowWall,following_right_wall,0,14,42,0.423854768,1.26484611,1,1,1,0.240411103,1.26436696,1.26436696,1,0,0,0,0
45.7,1.63754481,-1.10060709,-89.3382514,0.0799413451,-0.000879823572,FollowWall,following_right_wall,0,14,42,0.424226284,1.25677774,1,1,1,0.240640879,1.26036755,1.26036755,1,0,0,0,0
45.75,1.63759096,-1.10460465,-89.3388105,0.0799413451,-0.000879823572,FollowWall,following_right_wall,0,14,42,0.424226284,1.25677774,1,1,1,0.240640879,1.25637085,1.25637085,1,0,0,0,0
45.8,1.63763704,-1.1086019,-89.3401869,0.0798897293,-0.00165405987,FollowWall,following_right_wall,0,14,42,0.424576461,1.24874306,1,1,1,0.240907907,1.25237573,1.25237573,1,0,0,0,0
45.85,1.63768296,-1.11259789,-89.3429641,0.0798897293,-0.00165405987,FollowWall,following_right_wall,0,14,42,0.424576461,1.24874306,1,1,1,0.240907907,1.24838403,1.24838403,1,0,0,0,0
45.9,1.63772866,-1.11659314,-89.3465586,0.079841853,-0.00237220524,FollowWall,following_right_wall,0,14,42,0.424903274,1.24074553,1,1,1,0.241151035,1.24439433,1.24439433,1,0,0,0,0
45.95,1.63777404,-1.12058698,-89.351487,0.079841853,-0.00237220524,FollowWall,following_right_wall,0,14,42,0.424903274,1.24074553,1,1,1,0.241151035,1.24040812,1.24040812,1,0,0,0,0
46,1.63781903,-1.12457998,-89.3571935,0.0798254134,-0.00261879956,FollowWall,following_right_wall,0,14,42,0.425205708,1.23278562,1,1,1,0.241070673,1.23642393,1.23642393,1,0,0,0,0
46.05,1.6378636,-1.12857216,-89.3636482,0.0798254134,-0.00261879956,FollowWall,following_right_wall,0,14,42,0.425205708,1.23278562,1,1,1,0.241070673,1.23244173,1.23244173,1,0,0,0,0
46.1,1.63790769,-1.13256386,-89.3705394,0.0797894781,-0.00315782807,FollowWall,following_right_wall,0,14,42,0.425496936,1.22486035,1,1,1,0.240817934,1.22846068,1.22846068,1,0,0,0,0
46.15,1.63795127,-1.13655454,-89.3783287,0.0797894781,-0.00315782807,FollowWall,following_right_wall,0,14,42,0.425496936,1.22486035,1,1,1,0.240817934,1.22448204,1.22448204,1,0,0,0,0
46.2,1.63799427,-1.14054463,-89.3866418,0.0797572865,-0.00364070175,FollowWall,following_right_wall,0,14,42,0.425773859,1.21696974,1,1,1,0.240568191,1.22050481,1.22050481,1,0,0,0,0
46.25,1.63803666,-1.14453369,-89.3958369,0.0797572865,-0.00364070175,FollowWall,following_right_wall,0,14,42,0.425773859,1.21696974,1,1,1,0.240568191,1.21652996,1.21652996,1,0,0,0,0
46.3,1.63807838,-1.14852217,-89.4055465,0.0797063345,-0.00440498284,FollowWall,following_right_wall,0,14,42,0.426033258,1.20911329,1,1,1,0.240541875,1.2125565,1.2125565,1,0,0,0,0
46.35,1.63811937,-1.15250925,-89.4164685,0.0797063345,-0.00440498284,FollowWall,following_right_wall,0,14,42,0.426033258,1.20911329,1,1,1,0.240541875,1.20858631,1.20858631,1,0,0,0,0
46.4,1.63815956,-1.15649552,-89.4280977,0.0796710213,-0.00493467998,FollowWall,following_right_wall,0,14,42,0.42626363,1.20129197,1,1,1,0.240884304,1.20461803,1.20461803,1,0,0,0,0
46.45,1.6381989,-1.16048058,-89.4407717,0.0796710213,-0.00493467998,FollowWall,following_right_wall,0,14,42,0.42626363,1.20129197,1,1,1,0.240884304,1.20065257,1.20065257,1,0,0,0,0
46.5,1.63823733,-1.16446493,-89.4540553,0.0796991567,-0.0045126493,FollowWall,following_right_wall,0,14,42,0.426464289,1.19319642,1,1,1,0.240743026,1.19668876,1.19668876,1,0,0,0,0
46.55,1.63827484,-1.16844947,-89.4671906,0.0796991567,-0.0045126493,FollowWall,following_right_wall,0,14,42,0.426464289,1.19319642,1,1,1,0.240743026,1.19272454,1.19272454,1,0,0,0,0
46.6,1.63831144,-1.17243412,-89.4802394,0.0797102017,-0.00434697503,FollowWall,following_right_wall,0,14,42,0.426665008,1.18510406,1,1,1,0.240816951,1.18876009,1.18876009,1,0,0,0,0
46.65,1.63834715,-1.17641907,-89.49304,0.0797102017,-0.00434697503,FollowWall,following_right_wall,0,14,42,0.426665008,1.18510406,1,1,1,0.240816951,1.18479495,1.18479495,1,0,0,0,0
46.7,1.63838197,-1.18040419,-89.5056959,0.0797306017,-0.00404097524,FollowWall,following_right_wall,0,14,42,0.426873147,1.17703509,1,1,1,0.240842417,1.18082941,1.18082941,1,0,0,0,0
46.75,1.63841593,-1.18438984,-89.517902,0.0797306017,-0.00404097524,FollowWall,following_right_wall,0,14,42,0.426873147,1.17703509,1,1,1,0.240842417,1.17686265,1.17686265,1,0,0,0,0
46.8,1.63844905,-1.18837581,-89.5298459,0.0797297558,-0.0040536632,FollowWall,following_right_wall,0,14,42,0.427092373,1.16898904,1,1,1,0.241104543,1.17289517,1.17289517,1,0,0,0,0
46.85,1.63848135,-1.19236194,-89.5416518,0.0797297558,-0.0040536632,FollowWall,following_right_wall,0,14,42,0.427092373,1.16898904,1,1,1,0.241104543,1.16892731,1.16892731,1,0,0,0,0
46.9,1.63851283,-1.19634817,-89.5533773,0.0797833845,-0.00324923203,FollowWall,following_right_wall,0,14,42,0.427313328,1.16096876,1,1,1,0.240889832,1.16495923,1.16495923,1,0,0,0,0
46.95,1.63854354,-1.20033558,-89.5640956,0.0797833845,-0.00324923203,FollowWall,following_right_wall,0,14,42,0.427313328,1.16096876,1,1,1,0.240889832,1.16098841,1.16098841,1,0,0,0,0
47,1.63857353,-1.20432368,-89.5742265,0.0798090061,-0.00286490851,FollowWall,following_right_wall,0,14,42,0.427554786,1.15296903,1,1,1,0.240958512,1.157016,1.157016,1,0,0,0,0
47.05,1.63860285,-1.20831272,-89.5835559,0.0798090061,-0.00286490851,FollowWall,following_right_wall,0,14,42,0.427554786,1.15296903,1,1,1,0.240958512,1.15304141,1.15304141,1,0,0,0,0
47.1,1.63863154,-1.21230231,-89.5924178,0.0798338058,-0.00249291322,FollowWall,following_right_wall,0,14,42,0.427814543,1.14499055,1,1,1,0.241051137,1.14906555,1.14906555,1,0,0,0,0
47.15,1.63865964,-1.21629273,-89.6005629,0.0798338058,-0.00249291322,FollowWall,following_right_wall,0,14,42,0.427814543,1.14499055,1,1,1,0.241051137,1.14508774,1.14508774,1,0,0,0,0
47.2,1.6386872,-1.22028364,-89.6082899,0.0798582525,-0.00212621202,FollowWall,following_right_wall,0,14,42,0.428087205,1.13703464,1,1,1,0.241167396,1.14110879,1.14110879,1,0,0,0,0
47.25,1.63871424,-1.22427535,-89.6153353,0.0798582525,-0.00212621202,FollowWall,following_right_wall,0,14,42,0.428087205,1.13703464,1,1,1,0.241167396,1.13712799,1.13712799,1,0,0,0,0
47.3,1.63874081,-1.22826753,-89.6219831,0.0798824211,-0.00176368343,FollowWall,following_right_wall,0,14,42,0.428369313,1.12910176,1,1,1,0.241307601,1.13314611,1.13314611,1,0,0,0,0
47.35,1.63876695,-1.23226048,-89.6279663,0.0798824211,-0.00176368343,FollowWall,following_right_wall,0,14,42,0.428369313,1.12910176,1,1,1,0.241307601,1.12916243,1.12916243,1,0,0,0,0
47.4,1.63879269,-1.23625389,-89.6335617,0.0799033975,-0.00144903732,FollowWall,following_right_wall,0,14,42,0.428658307,1.12119216,1,1,1,0.241499513,1.12517769,1.12517769,1,0,0,0,0
47.45,1.63881806,-1.240248,-89.6385553,0.0799033975,-0.00144903732,FollowWall,following_right_wall,0,14,42,0.428658307,1.12119216,1,1,1,0.241499513,1.12119131,1.12119131,1,0,0,0,0
47.5,1.63884309,-1.24424252,-89.6431979,0.0799094955,-0.00135756787,FollowWall,following_right_wall,0,14,42,0.428950548,1.11330595,1,1,1,0.241856724,1.11720399,1.11720399,1,0,0,0,0
47.55,1.63886782,-1.24823741,-89.6475266,0.0799094955,-0.00135756787,FollowWall,following_right_wall,0,14,42,0.428950548,1.11330595,1,1,1,0.241856724,1.1132158,1.1132158,1,0,0,0,0
47.6,1.63889225,-1.25223251,-89.6516721,0.079936479,-0.000952815151,FollowWall,following_right_wall,0,14,42,0.429236263,1.10544492,1,1,1,0.242043078,1.10922713,1.10922713,1,0,0,0,0
47.65,1.63891642,-1.2562283,-89.6552277,0.079936479,-0.000952815151,FollowWall,following_right_wall,0,14,42,0.429236263,1.10544492,1,1,1,0.242043078,1.10523684,1.10523684,1,0,0,0,0
47.7,1.63894036,-1.26022449,-89.6584391,0.0799631107,-0.000553339014,FollowWall,following_right_wall,0,14,42,0.429519176,1.09760464,1,1,1,0.242253572,1.10124563,1.10124563,1,0,0,0,0
47.75,1.6389641,-1.26422147,-89.6609729,0.0799631107,-0.000553339014,FollowWall,following_right_wall,0,14,42,0.429519176,1.09760464,1,1,1,0.242253572,1.09725257,1.09725257,1,0,0,0,0
47.8,1.63898768,-1.26821891,-89.6631115,0.0799912509,-0.000131236583,FollowWall,following_right_wall,0,14,42,0.429801613,1.08956616,1,1,1,0.2423632,1.09325844,1.09325844,1,0,0,0,0
47.85,1.63901114,-1.27221721,-89.6645157,0.0799912509,-0.000131236583,FollowWall,following_right_wall,0,14,42,0.429801613,1.08956616,1,1,1,0.2423632,1.08926232,1.08926232,1,0,0,0,0
47.9,1.63903452,-1.27621601,-89.6654914,0.0799736928,-0.000394607563,FollowWall,following_right_wall,0,14,42,0.430084288,1.0815533,1,1,1,0.242581069,1.08526504,1.08526504,1,0,0,0,0
47.95,1.63905783,-1.28021473,-89.6665316,0.0799736928,-0.000394607563,FollowWall,following_right_wall,0,14,42,0.430084288,1.0815533,1,1,1,0.242581069,1.08126793,1.08126793,1,0,0,0,0
48,1.63908106,-1.28421341,-89.6676094,0.0799981928,2.71077628e-05,FollowWall,following_right_wall,0,14,42,0.430345356,1.07356986,1,1,1,0.242354721,1.07727092,1.07727092,1,0,0,0,0
48.05,1.63910424,-1.28821257,-89.6682058,0.0799981928,2.71077628e-05,FollowWall,following_right_wall,0,14,42,0.430345356,1.07356986,1,1,1,0.242354721,1.07327268,1.07327268,1,0,0,0,0
48.1,1.63912739,-1.29221202,-89.6685213,0.079938457,0.000923145399,FollowWall,following_right_wall,0,14,42,0.430592954,1.06561417,1,1,1,0.242057756,1.06927372,1.06927372,1,0,0,0,0
48.15,1.63915056,-1.29621038,-89.6676035,0.079938457,0.000923145399,FollowWall,following_right_wall,0,14,42,0.430592954,1.06561417,1,1,1,0.242057756,1.06527393,1.06527393,1,0,0,0,0
48.2,1.63917381,-1.30020812,-89.6659661,0.0798880638,0.00167904276,FollowWall,following_right_wall,0,14,42,0.430848956,1.05768839,1,1,1,0.24190107,1.06127366,1.06127366,1,0,0,0,0
48.25,1.63919721,-1.30420444,-89.6630068,0.0798880638,0.00167904276,FollowWall,following_right_wall,0,14,42,0.430848956,1.05768839,1,1,1,0.24190107,1.05727276,1.05727276,1,0,0,0,0
48.3,1.63922084,-1.30819993,-89.6592763,0.0798570995,0.0021435078,FollowWall,following_right_wall,0,14,42,0.431119949,1.04979334,1,1,1,0.241833761,1.05327148,1.05327148,1,0,0,0,0
48.35,1.63924476,-1.31219429,-89.6545416,0.0798570995,0.0021435078,FollowWall,following_right_wall,0,14,42,0.431119949,1.04979334,1,1,1,0.241833761,1.04926979,1.04926979,1,0,0,0,0
48.4,1.63926902,-1.31618799,-89.649221,0.0798340236,0.0024896455,FollowWall,following_right_wall,0,14,42,0.431398392,1.04192807,1,1,1,0.24175261,1.04526784,1.04526784,1,0,0,0,0
48.45,1.63929368,-1.32018083,-89.6431455,0.0798340236,0.0024896455,FollowWall,following_right_wall,0,14,42,0.431398392,1.04192807,1,1,1,0.24175261,1.0412656,1.0412656,1,0,0,0,0
48.5,1.63931877,-1.32417316,-89.6366297,0.0798119568,0.0028206486,FollowWall,following_right_wall,0,14,42,0.431676179,1.03399095,1,1,1,0.241600633,1.03726317,1.03726317,1,0,0,0,0
48.55,1.63934434,-1.32816473,-89.6294619,0.0798119568,0.0028206486,FollowWall,following_right_wall,0,14,42,0.431676179,1.03399095,1,1,1,0.241600633,1.0332605,1.0332605,1,0,0,0,0
48.6,1.63937041,-1.33215586,-89.6219138,0.0798308962,0.00253655666,FollowWall,following_right_wall,0,14,42,0.431949377,1.02581558,1,1,1,0.241771787,1.02925768,1.02925768,1,0,0,0,0
48.65,1.63939701,-1.33614712,-89.614483,0.0798308962,0.00253655666,FollowWall,following_right_wall,0,14,42,0.431949377,1.02581558,1,1,1,0.241771787,1.02525491,1.02525491,1,0,0,0,0
48.7,1.63942412,-1.34013846,-89.6071205,0.0798729982,0.00190502761,FollowWall,following_right_wall,0,14,42,0.432197541,1.01766673,1,1,1,0.242119774,1.02125216,1.02125216,1,0,0,0,0
48.75,1.63945172,-1.34413072,-89.6005518,0.0798729982,0.00190502761,FollowWall,following_right_wall,0,14,42,0.432197541,1.01766673,1,1,1,0.242119774,1.01724973,1.01724973,1,0,0,0,0
48.8,1.63947977,-1.34812352,-89.5944461,0.0798666722,0.00199991765,FollowWall,following_right_wall,0,14,42,0.43239823,1.00954569,1,1,1,0.241977543,1.01324748,1.01324748,1,0,0,0,0
48.85,1.63950825,-1.35211649,-89.5884972,0.0798666722,0.00199991765,FollowWall,following_right_wall,0,14,42,0.43239823,1.00954569,1,1,1,0.241977543,1.00924529,1.00924529,1,0,0,0,0
48.9,1.63953713,-1.35610957,-89.5826398,0.0798838764,0.0017418537,FollowWall,following_right_wall,0,14,42,0.432563812,1.0014533,1,1,1,0.242027491,1.00524314,1.00524314,1,0,0,0,0
48.95,1.63956641,-1.36010307,-89.5771438,0.0798838764,0.0017418537,FollowWall,following_right_wall,0,14,42,0.432563812,1.0014533,1,1,1,0.242027491,1.00124113,1.00124113,1,0,0,0,0
49,1.63959607,-1.36409681,-89.5718586,0.079910598,0.00134102988,FollowWall,following_right_wall,0,14,42,0.432692856,0.993390032,1,1,1,0.242135227,0.997239206,0.997239206,1,0,0,0,0
49.05,1.63962608,-1.36809125,-89.5671748,0.079910598,0.00134102988,FollowWall,following_right_wall,0,14,42,0.432692856,0.993390032,1,1,1,0.242135227,0.993237517,0.993237517,1,0,0,0,0
49.1,1.63965641,-1.37208609,-89.5628419,0.0799623683,0.000564474918,FollowWall,following_right_wall,0,14,42,0.43277815,0.985356603,1,1,1,0.242461801,0.989235965,0.989235965,1,0,0,0,0
49.15,1.63968701,-1.37608225,-89.5596405,0.0799623683,0.000564474918,FollowWall,following_right_wall,0,14,42,0.43277815,0.985356603,1,1,1,0.242461801,0.985234851,0.985234851,1,0,0,0,0
49.2,1.63971782,-1.38007917,-89.5570993,0.0799632223,0.0005516653,FollowWall,following_right_wall,0,14,42,0.432804495,0.977353131,1,1,1,0.242290914,0.981233992,0.981233992,1,0,0,0,0
49.25,1.6397488,-1.38407656,-89.5549584,0.0799632223,0.0005516653,FollowWall,following_right_wall,0,14,42,0.432804495,0.977353131,1,1,1,0.242290914,0.977233288,0.977233288,1,0,0,0,0
49.3,1.63977992,-1.38807422,-89.5530511,0.0799869239,-0.000196141206,FollowWall,following_right_wall,0,14,42,0.432788312,0.969379734,1,1,1,0.242571458,0.973232676,0.973232676,1,0,0,0,0
49.35,1.63981114,-1.39207253,-89.5521726,0.0799869239,-0.000196141206,FollowWall,following_right_wall,0,14,42,0.432788312,0.969379734,1,1,1,0.242571458,0.969233005,0.969233005,1,0,0,0,0
49.4,1.6398424,-1.39607122,-89.5518942,0.07992408,-0.00113880036,FollowWall,following_right_wall,0,14,42,0.432718039,0.961437601,1,1,1,0.242971137,0.965233883,0.965233883,1,0,0,0,0
49.45,1.63987363,-1.40006883,-89.5530912,0.07992408,-0.00113880036,FollowWall,following_right_wall,0,14,42,0.432718039,0.961437601,1,1,1,0.242971137,0.961238132,0.961238132,1,0,0,0,0
49.5,1.63990473,-1.4040658,-89.5551488,0.0798617407,-0.00207388969,FollowWall,following_right_wall,0,14,42,0.432578832,0.953532319,1,1,1,0.24338153,0.957244346,0.957244346,1,0,0,0,0
49.55,1.63993562,-1.4080611,-89.5588246,0.0798617407,-0.00207388969,FollowWall,following_right_wall,0,14,42,0.432578832,0.953532319,1,1,1,0.24338153,0.953254733,0.953254733,1,0,0,0,0
49.6,1.63996622,-1.41205544,-89.5634443,0.0798346723,-0.00247991522,FollowWall,following_right_wall,0,14,42,0.432364821,0.945666623,1,1,1,0.243476868,0.949267553,0.949267553,1,0,0,0,0
49.65,1.63999645,-1.41604864,-89.5690993,0.0798346723,-0.00247991522,FollowWall,following_right_wall,0,14,42,0.432364821,0.945666623,1,1,1,0.243476868,0.945283105,0.945283105,1,0,0,0,0
49.7,1.64002626,-1.42004119,-89.5753583,0.0798219204,-0.00267119473,FollowWall,following_right_wall,0,14,42,0.432091117,0.93783647,1,1,1,0.24338761,0.941300249,0.941300249,1,0,0,0,0
49.75,1.64005561,-1.42403309,-89.5821978,0.0798219204,-0.00267119473,FollowWall,following_right_wall,0,14,42,0.432091117,0.93783647,1,1,1,0.24338761,0.93731894,0.93731894,1,0,0,0,0
49.8,1.64008446,-1.42802461,-89.5893761,0.0798040052,-0.00293992175,FollowWall,following_right_wall,0,14,42,0.431774318,0.929801829,1,1,1,0.243302599,0.933338533,0.933338533,1,0,0,0,0
49.85,1.6401128,-1.43201554,-89.5970726,0.0798040052,-0.00293992175,FollowWall,following_right_wall,0,14,42,0.431774318,0.929801829,1,1,1,0.243302599,0.929359519,0.929359519,1,0,0,0,0
49.9,1.64014058,-1.43600613,-89.6050716,0.0798023174,-0.00296523855,FollowWall,following_right_wall,0,14,42,0.431420445,0.921688845,1,1,1,0.243203908,0.925381318,0.925381318,1,0,0,0,0
49.95,1.6401678,-1.43999649,-89.6132771,0.0798023174,-0.00296523855,FollowWall,following_right_wall,0,14,42,0.431420445,0.921688845,1,1,1,0.243203908,0.921403671,0.921403671,1,0,0,0,0
50,1.64019444,-1.44398671,-89.6216032,0.079817436,-0.00273846058,FollowWall,following_right_wall,0,14,42,0.43103984,0.91360435,1,1,1,0.242994845,0.917426346,0.917426346,1,0,0,0,0
50.05,1.64022052,-1.44797717,-89.6297289,0.079817436,-0.00273846058,FollowWall,following_right_wall,0,14,42,0.43103984,0.91360435,1,1,1,0.242994845,0.913448474,0.913448474,1,0,0,0,0
50.1,1.64024603,-1.45196776,-89.6377376,0.0798353235,-0.0024701476,FollowWall,following_right_wall,0,14,42,0.430647194,0.905545619,1,1,1,0.242796004,0.909470281,0.909470281,1,0,0,0,0
50.15,1.640271,-1.45595882,-89.6453579,0.0798353235,-0.0024701476,FollowWall,following_right_wall,0,14,42,0.430647194,0.905545619,1,1,1,0.242796004,0.905491031,0.905491031,1,0,0,0,0
50.2,1.64029544,-1.45995014,-89.6527516,0.0798033346,-0.00294998073,FollowWall,following_right_wall,0,14,42,0.430252433,0.897511527,1,1,1,0.243107229,0.901511164,0.901511164,1,0,0,0,0
50.25,1.64031936,-1.46394095,-89.6605859,0.0798033346,-0.00294998073,FollowWall,following_right_wall,0,14,42,0.430252433,0.897511527,1,1,1,0.243107229,0.89753249,0.89753249,1,0,0,0,0
50.3,1.64034272,-1.46793147,-89.6686772,0.0798209462,-0.00268580643,FollowWall,following_right_wall,0,14,42,0.429837555,0.889508648,1,1,1,0.242998555,0.893554509,0.893554509,1,0,0,0,0
50.35,1.64036552,-1.47192218,-89.676603,0.0798209462,-0.00268580643,FollowWall,following_right_wall,0,14,42,0.429837555,0.889508648,1,1,1,0.242998555,0.889576078,0.889576078,1,0,0,0,0
50.4,1.64038777,-1.47591301,-89.6844324,0.0798596425,-0.0021053624,FollowWall,following_right_wall,0,14,42,0.429415852,0.881534259,1,1,1,0.242731318,0.885597383,0.885597383,1,0,0,0,0
50.45,1.64040951,-1.47990471,-89.6915126,0.0798596425,-0.0021053624,FollowWall,following_right_wall,0,14,42,0.429415852,0.881534259,1,1,1,0.242731318,0.881616652,0.881616652,1,0,0,0,0
50.5,1.64043077,-1.48389693,-89.6981558,0.0798416735,-0.00237489787,FollowWall,following_right_wall,0,14,42,0.429008812,0.873583086,1,1,1,0.243031487,0.877634734,0.877634734,1,0,0,0,0
50.55,1.64045157,-1.48788907,-89.7048659,0.0798416735,-0.00237489787,FollowWall,following_right_wall,0,14,42,0.429008812,0.873583086,1,1,1,0.243031487,0.873652996,0.873652996,1,0,0,0,0
50.6,1.6404719,-1.49188116,-89.7116149,0.0798490481,-0.00226427835,FollowWall,following_right_wall,0,14,42,0.428601652,0.865660462,1,1,1,0.243132621,0.869671361,0.869671361,1,0,0,0,0
50.65,1.64049176,-1.49587339,-89.7182546,0.0798490481,-0.00226427835,FollowWall,following_right_wall,0,14,42,0.428601652,0.865660462,1,1,1,0.243132621,0.865689428,0.865689428,1,0,0,0,0
50.7,1.64051116,-1.49986569,-89.7248305,0.0798442822,-0.00233576671,FollowWall,following_right_wall,0,14,42,0.428196698,0.85776609,1,1,1,0.243397504,0.86170732,0.86170732,1,0,0,0,0
50.75,1.64053011,-1.50385794,-89.7314546,0.0798442822,-0.00233576671,FollowWall,following_right_wall,0,14,42,0.428196698,0.85776609,1,1,1,0.243397504,0.857725341,0.857725341,1,0,0,0,0
50.8,1.64054859,-1.50785015,-89.7381068,0.0798505019,-0.00224247109,FollowWall,following_right_wall,0,14,42,0.427793533,0.849900503,1,1,1,0.243606925,0.853743436,0.853743436,1,0,0,0,0
50.85,1.64056661,-1.51184248,-89.744664,0.0798505019,-0.00224247109,FollowWall,following_right_wall,0,14,42,0.427793533,0.849900503,1,1,1,0.243606925,0.849761272,0.849761272,1,0,0,0,0
50.9,1.64058417,-1.51583488,-89.7511657,0.079881648,-0.00177528018,FollowWall,following_right_wall,0,14,42,0.42739746,0.842048484,1,1,1,0.243621305,0.845778956,0.845778956,1,0,0,0,0
50.95,1.64060131,-1.51982796,-89.7570775,0.079881648,-0.00177528018,FollowWall,following_right_wall,0,14,42,0.42739746,0.842048484,1,1,1,0.243621305,0.841795038,0.841795038,1,0,0,0,0
51,1.64061805,-1.52382145,-89.7626451,0.0799235382,-0.0011469269,FollowWall,following_right_wall,0,14,42,0.427024782,0.834006541,1,1,1,0.243557751,0.837810184,0.837810184,1,0,0,0,0
51.05,1.64063443,-1.52781604,-89.767262,0.0799235382,-0.0011469269,FollowWall,following_right_wall,0,14,42,0.427024782,0.834006541,1,1,1,0.243557751,0.833822749,0.833822749,1,0,0,0,0
51.1,1.64065052,-1.53181129,-89.7713242,0.0799370008,-0.000944988395,FollowWall,following_right_wall,0,14,42,0.426690608,0.825988155,1,1,1,0.24377878,0.829833807,0.829833807,1,0,0,0,0
51.15,1.64066635,-1.53580718,-89.7748218,0.0799370008,-0.000944988395,FollowWall,following_right_wall,0,14,42,0.426690608,0.825988155,1,1,1,0.24377878,0.825843331,0.825843331,1,0,0,0,0
51.2,1.64068194,-1.53980347,-89.77799,0.0799902986,-0.000145520882,FollowWall,following_right_wall,0,14,42,0.426390022,0.81799529,1,1,1,0.243629798,0.821851961,0.821851961,1,0,0,0,0
51.25,1.64069736,-1.54380108,-89.7800119,0.0799902986,-0.000145520882,FollowWall,following_right_wall,0,14,42,0.426390022,0.81799529,1,1,1,0.243629798,0.817857479,0.817857479,1,0,0,0,0
51.3,1.64071267,-1.54779948,-89.781365,0.0799477935,0.000783097286,FollowWall,following_right_wall,0,14,42,0.42613858,0.810025447,1,1,1,0.243393987,0.813861181,0.813861181,1,0,0,0,0
51.35,1.64072793,-1.55179745,-89.7812196,0.0799477935,0.000783097286,FollowWall,following_right_wall,0,14,42,0.42613858,0.810025447,1,1,1,0.243393987,0.809862991,0.809862991,1,0,0,0,0
51.4,1.64074323,-1.55579516,-89.7802,0.0799366805,0.000949792176,FollowWall,following_right_wall,0,14,42,0.425952017,0.8020816,1,1,1,0.243631139,0.805863697,0.805863697,1,0,0,0,0
51.45,1.64075862,-1.55979249,-89.7784715,0.0799366805,0.000949792176,FollowWall,following_right_wall,0,14,42,0.425952017,0.8020816,1,1,1,0.243631139,0.801863682,0.801863682,1,0,0,0,0
51.5,1.64077415,-1.56378961,-89.7763295,0.0799390275,0.000914586945,FollowWall,following_right_wall,0,14,42,0.425814837,0.794166011,1,1,1,0.244001061,0.797863248,0.797863248,1,0,0,0,0
51.55,1.64078984,-1.56778664,-89.7739883,0.0799390275,0.000914586945,FollowWall,following_right_wall,0,14,42,0.425814837,0.794166011,1,1,1,0.244001061,0.793862585,0.793862585,1,0,0,0,0
51.6,1.64080569,-1.57178362,-89.7715309,0.079972619,0.000410714606,FollowWall,following_right_wall,0,14,42,0.425711334,0.786278857,1,1,1,0.244259626,0.789861789,0.789861789,1,0,0,0,0
51.65,1.6408217,-1.57578128,-89.7696071,0.079972619,0.000410714606,FollowWall,following_right_wall,0,14,42,0.425711334,0.786278857,1,1,1,0.244259626,0.785861148,0.785861148,1,0,0,0,0
51.7,1.64083783,-1.57977933,-89.7679947,0.0799401907,0.000897139104,FollowWall,following_right_wall,0,14,42,0.425620943,0.778256149,1,1,1,0.244044662,0.781860599,0.781860599,1,0,0,0,0
51.75,1.64085409,-1.58377693,-89.7659832,0.0799401907,0.000897139104,FollowWall,following_right_wall,0,14,42,0.425620943,0.778256149,1,1,1,0.244044662,0.777859878,0.777859878,1,0,0,0,0
51.8,1.64087049,-1.58777427,-89.763739,0.0799023616,0.0014645753,FollowWall,following_right_wall,0,14,42,0.425564915,0.770210566,1,1,1,0.244014159,0.773859057,0.773859057,1,0,0,0,0
51.85,1.64088708,-1.59177067,-89.7606816,0.0799023616,0.0014645753,FollowWall,following_right_wall,0,14,42,0.425564915,0.770210566,1,1,1,0.244014159,0.769857917,0.769857917,1,0,0,0,0
51.9,1.64090389,-1.59576652,-89.7571499,0.0798799936,0.00180009604,FollowWall,following_right_wall,0,14,42,0.42556107,0.762197288,1,1,1,0.244060233,0.76585659,0.76585659,1,0,0,0,0
51.95,1.64092097,-1.59976159,-89.7529411,0.0798799936,0.00180009604,FollowWall,following_right_wall,0,14,42,0.42556107,0.762197288,1,1,1,0.244060233,0.761855001,0.761855001,1,0,0,0,0
52,1.64093836,-1.60375619,-89.7483372,0.0798405633,0.00239154975,FollowWall,following_right_wall,0,14,42,0.425609887,0.754189328,1,1,1,0.243862405,0.75785326,0.75785326,1,0,0,0,0
52.05,1.64095609,-1.6077497,-89.742797,0.0798405633,0.00239154975,FollowWall,following_right_wall,0,14,42,0.425609887,0.754189328,1,1,1,0.243862405,0.753851157,0.753851157,1,0,0,0,0
52.1,1.64097423,-1.61174258,-89.7367104,0.0798266138,0.00260079348,FollowWall,following_right_wall,0,14,42,0.425718665,0.746077042,1,1,1,0.243827671,0.749848845,0.749848845,1,0,0,0,0
52.15,1.64099281,-1.61573479,-89.7300555,0.0798266138,0.00260079348,FollowWall,following_right_wall,0,14,42,0.425718665,0.746077042,1,1,1,0.243827671,0.745846315,0.745846315,1,0,0,0,0
52.2,1.64101186,-1.61972662,-89.7230689,0.0798142259,0.00278661092,FollowWall,following_right_wall,0,14,42,0.425880581,0.737993223,1,1,1,0.243730202,0.741843659,0.741843659,1,0,0,0,0
52.25,1.64103141,-1.62371796,-89.7156672,0.0798142259,0.00278661092,FollowWall,following_right_wall,0,14,42,0.425880581,0.737993223,1,1,1,0.243730202,0.737840846,0.737840846,1,0,0,0,0
52.3,1.64105148,-1.62770901,-89.7080232,0.0797891411,0.00316288309,FollowWall,following_right_wall,0,14,42,0.426090151,0.729938701,1,1,1,0.243436709,0.733837943,0.733837943,1,0,0,0,0
52.35,1.6410721,-1.63169938,-89.6997889,0.0797891411,0.00316288309,FollowWall,following_right_wall,0,14,42,0.426090151,0.729938701,1,1,1,0.243436709,0.729834815,0.729834815,1,0,0,0,0
52.4,1.6410933,-1.63568934,-89.6912101,0.0797987053,0.00301942103,FollowWall,following_right_wall,0,14,42,0.426351607,0.721913833,1,1,1,0.243406072,0.725831558,0.725831558,1,0,0,0,0
52.45,1.64111511,-1.63967926,-89.6826016,0.0797987053,0.00301942103,FollowWall,following_right_wall,0,14,42,0.426351607,0.721913833,1,1,1,0.243406072,0.721828293,0.721828293,1,0,0,0,0
52.5,1.64113751,-1.64366916,-89.6739758,0.0798548023,0.00217796597,FollowWall,following_right_wall,0,14,42,0.426651508,0.713919094,1,1,1,0.243772224,0.717825026,0.717825026,1,0,0,0,0
52.55,1.64116049,-1.64766022,-89.6663443,0.0798548023,0.00217796597,FollowWall,following_right_wall,0,14,42,0.426651508,0.713919094,1,1,1,0.243772224,0.713822147,0.713822147,1,0,0,0,0
52.6,1.64118398,-1.65165194,-89.6592929,0.0798934333,0.00159849989,FollowWall,following_right_wall,0,14,42,0.426959187,0.705954838,1,1,1,0.243947327,0.709819495,0.709819495,1,0,0,0,0
52.65,1.64120793,-1.65564487,-89.6532715,0.0798934333,0.00159849989,FollowWall,following_right_wall,0,14,42,0.426959187,0.705954838,1,1,1,0.243947327,0.705817244,0.705817244,1,0,0,0,0
52.7,1.64123229,-1.65963849,-89.6478509,0.0799270536,0.00109419592,FollowWall,following_right_wall,0,14,42,0.42726627,0.698020829,1,1,1,0.244063362,0.701815228,0.701815228,1,0,0,0,0
52.75,1.641257,-1.66363321,-89.6433828,0.0799270536,0.00109419592,FollowWall,following_right_wall,0,14,42,0.42726627,0.698020829,1,1,1,0.244063362,0.697813581,0.697813581,1,0,0,0,0
52.8,1.641282,-1.66762858,-89.6394704,0.0799661197,0.000508204117,FollowWall,following_right_wall,0,14,42,0.427572966,0.690116355,1,1,1,0.244220585,0.693812151,0.693812151,1,0,0,0,0
52.85,1.64130725,-1.67162514,-89.6365815,0.0799661197,0.000508204117,FollowWall,following_right_wall,0,14,42,0.427572966,0.690116355,1,1,1,0.244220585,0.689811116,0.689811116,1,0,0,0,0
52.9,1.64133269,-1.67562239,-89.6342896,0.0799828789,-0.000256815837,FollowWall,following_right_wall,0,14,42,0.427876055,0.682240704,1,1,1,0.244485125,0.685810314,0.685810314,1,0,0,0,0
52.95,1.64135824,-1.6796204,-89.6332593,0.0799828789,-0.000256815837,FollowWall,following_right_wall,0,14,42,0.427876055,0.682240704,1,1,1,0.244485125,0.681810712,0.681810712,1,0,0,0,0
53,1.64138384,-1.68361884,-89.6329648,0.0799460616,-0.000809076721,FollowWall,following_right_wall,0,14,42,0.428166777,0.674209467,1,1,1,0.244611695,0.67781181,0.67781181,1,0,0,0,0
53.05,1.64140943,-1.68761678,-89.6337588,0.0799460616,-0.000809076721,FollowWall,following_right_wall,0,14,42,0.428166777,0.674209467,1,1,1,0.244611695,0.673815104,0.673815104,1,0,0,0,0
53.1,1.64143493,-1.69161442,-89.6351877,0.0798964949,-0.00155257604,FollowWall,following_right_wall,0,14,42,0.428445786,0.666178836,1,1,1,0.244861126,0.669819679,0.669819679,1,0,0,0,0
53.15,1.64146028,-1.69561085,-89.6378745,0.0798964949,-0.00155257604,FollowWall,following_right_wall,0,14,42,0.428445786,0.666178836,1,1,1,0.244861126,0.665827408,0.665827408,1,0,0,0,0
53.2,1.64148542,-1.69960658,-89.641295,0.0798590519,-0.00211422169,FollowWall,following_right_wall,0,14,42,0.428707004,0.658175499,1,1,1,0.244997337,0.661836976,0.661836976,1,0,0,0,0
53.25,1.64151027,-1.70360112,-89.645814,0.0798590519,-0.00211422169,FollowWall,following_right_wall,0,14,42,0.428707004,0.658175499,1,1,1,0.244997337,0.657849435,0.657849435,1,0,0,0,0
53.3,1.64153478,-1.70759497,-89.6509738,0.0798527033,-0.00220945048,FollowWall,following_right_wall,0,14,42,0.428950965,0.650080251,1,1,1,0.244701236,0.653863579,0.653863579,1,0,0,0,0
53.35,1.64155891,-1.71158829,-89.6566209,0.0798527033,-0.00220945048,FollowWall,following_right_wall,0,14,42,0.428950965,0.650080251,1,1,1,0.244701236,0.649879013,0.649879013,1,0,0,0,0
53.4,1.64158263,-1.71558129,-89.6625525,0.0798187283,-0.00271907518,FollowWall,following_right_wall,0,14,42,0.429192156,0.642017714,1,1,1,0.244407058,0.6458952,0.6458952,1,0,0,0,0
53.45,1.64160591,-1.71957341,-89.6692582,0.0798187283,-0.00271907518,FollowWall,following_right_wall,0,14,42,0.429192156,0.642017714,1,1,1,0.244407058,0.641913475,0.641913475,1,0,0,0,0
53.5,1.6416287,-1.723565,-89.6764155,0.0797610787,-0.00358381922,FollowWall,following_right_wall,0,14,42,0.429424137,0.633989716,1,1,1,0.24437663,0.637932966,0.637932966,1,0,0,0,0
53.55,1.64165094,-1.7275551,-89.6848685,0.0797610787,-0.00358381922,FollowWall,following_right_wall,0,14,42,0.429424137,0.633989716,1,1,1,0.24437663,0.633955968,0.633955968,1,0,0,0,0
53.6,1.64167257,-1.73154433,-89.6940773,0.0797054676,-0.00441798594,FollowWall,following_right_wall,0,14,42,0.429628611,0.626000982,1,1,1,0.244629622,0.629981015,0.629981015,1,0,0,0,0
53.65,1.64169349,-1.73553188,-89.7047226,0.0797054676,-0.00441798594,FollowWall,following_right_wall,0,14,42,0.429628611,0.626000982,1,1,1,0.244629622,0.626009957,0.626009957,1,0,0,0,0
53.7,1.64171363,-1.73951847,-89.716206,0.0796993749,-0.00450937677,FollowWall,following_right_wall,0,14,42,0.429795593,0.618053342,1,1,1,0.244723484,0.622041169,0.622041169,1,0,0,0,0
53.75,1.64173295,-1.74350437,-89.7282873,0.0796993749,-0.00450937677,FollowWall,following_right_wall,0,14,42,0.429795593,0.618053342,1,1,1,0.244723484,0.618074001,0.618074001,1,0,0,0,0
53.8,1.64175142,-1.74748986,-89.7407174,0.0797252834,-0.00412074878,FollowWall,following_right_wall,0,14,42,0.429943174,0.610141127,1,1,1,0.244589239,0.614107777,0.614107777,1,0,0,0,0
53.85,1.64176904,-1.75147566,-89.7528871,0.0797252834,-0.00412074878,FollowWall,following_right_wall,0,14,42,0.429943174,0.610141127,1,1,1,0.244589239,0.610140844,0.610140844,1,0,0,0,0
53.9,1.64178581,-1.75546164,-89.7649049,0.0797192976,-0.00421053543,FollowWall,following_right_wall,0,14,42,0.430096358,0.602256545,1,1,1,0.244809836,0.606173497,0.606173497,1,0,0,0,0
53.95,1.64180175,-1.7594476,-89.7769412,0.0797192976,-0.00421053543,FollowWall,following_right_wall,0,14,42,0.430096358,0.602256545,1,1,1,0.244809836,0.602206198,0.602206198,1,0,0,0,0
54,1.64181685,-1.76343356,-89.7889883,0.0797447339,-0.00382899134,FollowWall,following_right_wall,0,14,42,0.430250466,0.594400007,1,1,1,0.244775981,0.598238927,0.598238927,1,0,0,0,0
54.05,1.64183112,-1.76742004,-89.8005863,0.0797447339,-0.00382899134,FollowWall,following_right_wall,0,14,42,0.430250466,0.594400007,1,1,1,0.244775981,0.594270435,0.594270435,1,0,0,0,0
54.1,1.6418446,-1.77140682,-89.8119224,0.0797796094,-0.0033058595,FollowWall,following_right_wall,0,14,42,0.430413693,0.58656815,1,1,1,0.244686812,0.590301232,0.590301232,1,0,0,0,0
54.15,1.64185733,-1.77539452,-89.8224811,0.0797796094,-0.0033058595,FollowWall,following_right_wall,0,14,42,0.430413693,0.58656815,1,1,1,0.244686812,0.586329916,0.586329916,1,0,0,0,0
54.2,1.64186933,-1.77938274,-89.8325865,0.079823832,-0.00264251945,FollowWall,following_right_wall,0,14,42,0.430595219,0.578555016,1,1,1,0.244528145,0.58235737,0.58235737,1,0,0,0,0
54.25,1.64188067,-1.7833722,-89.8416356,0.079823832,-0.00264251945,FollowWall,following_right_wall,0,14,42,0.430595219,0.578555016,1,1,1,0.244528145,0.578381954,0.578381954,1,0,0,0,0
54.3,1.64189141,-1.78736237,-89.8500685,0.0798567007,-0.00214948885,FollowWall,following_right_wall,0,14,42,0.430802286,0.570537112,1,1,1,0.244488701,0.574404865,0.574404865,1,0,0,0,0
54.35,1.64190159,-1.79135365,-89.8575534,0.0798567007,-0.00214948885,FollowWall,following_right_wall,0,14,42,0.430802286,0.570537112,1,1,1,0.244488701,0.570425201,0.570425201,1,0,0,0,0
54.4,1.64191128,-1.79534557,-89.8644854,0.0798790688,-0.00181396765,FollowWall,following_right_wall,0,14,42,0.431031764,0.562542008,1,1,1,0.244562,0.566444035,0.566444035,1,0,0,0,0
54.45,1.6419205,-1.79933834,-89.8706943,0.0798790688,-0.00181396765,FollowWall,following_right_wall,0,14,42,0.431031764,0.562542008,1,1,1,0.244562,0.562460905,0.562460905,1,0,0,0,0
54.5,1.64192931,-1.80333159,-89.8764815,0.0798755657,-0.0018665139,FollowWall,following_right_wall,0,14,42,0.431275189,0.554571368,1,1,1,0.244906589,0.558476629,0.558476629,1,0,0,0,0
54.55,1.64193773,-1.80732506,-89.8820853,0.0798755657,-0.0018665139,FollowWall,following_right_wall,0,14,42,0.431275189,0.554571368,1,1,1,0.244906589,0.554491855,0.554491855,1,0,0,0,0
54.6,1.64194575,-1.81131866,-89.8875822,0.0799268571,-0.00109714357,FollowWall,following_right_wall,0,14,42,0.431515068,0.546628457,1,1,1,0.244755685,0.55050679,0.55050679,1,0,0,0,0
54.65,1.64195344,-1.8153134,-89.8920983,0.0799268571,-0.00109714357,FollowWall,following_right_wall,0,14,42,0.431515068,0.546628457,1,1,1,0.244755685,0.546519062,0.546519062,1,0,0,0,0
54.7,1.64196082,-1.8193088,-89.8960423,0.079961273,-0.000580905166,FollowWall,following_right_wall,0,14,42,0.431766897,0.538656474,1,1,1,0.244782761,0.542529779,0.542529779,1,0,0,0,0
54.75,1.64196797,-1.82330531,-89.8990364,0.079961273,-0.000580905166,FollowWall,following_right_wall,0,14,42,0.431766897,0.538656474,1,1,1,0.244782761,0.538537917,0.538537917,1,0,0,0,0
54.8,1.64197493,-1.82730247,-89.9014764,0.0799623025,-0.000565462482,FollowWall,following_right_wall,0,14,42,0.432032883,0.530613486,1,1,1,0.24514325,0.534544549,0.534544549,1,0,0,0,0
54.85,1.64198173,-1.83130002,-89.9035746,0.0799623025,-0.000565462482,FollowWall,following_right_wall,0,14,42,0.432032883,0.530613486,1,1,1,0.24514325,0.530550253,0.530550253,1,0,0,0,0
54.9,1.64198839,-1.8352978,-89.9054736,0.0799795185,-0.000307222069,FollowWall,following_right_wall,0,14,42,0.432295352,0.522595384,1,1,1,0.245372117,0.526555416,0.526555416,1,0,0,0,0
54.95,1.64199493,-1.83929608,-89.9069481,0.0799795185,-0.000307222069,FollowWall,following_right_wall,0,14,42,0.432295352,0.522595384,1,1,1,0.245372117,0.522559426,0.522559426,1,0,0,0,0
55,1.64200139,-1.84329465,-89.9081749,0.0799844627,0.000233060108,FollowWall,following_right_wall,0,14,42,0.432551026,0.514602815,1,1,1,0.24544248,0.518562763,0.518562763,1,0,0,0,0
55.05,1.64200778,-1.84729349,-89.9086123,0.0799844627,0.000233060108,FollowWall,following_right_wall,0,14,42,0.432551026,0.514602815,1,1,1,0.24544248,0.514564603,0.514564603,1,0,0,0,0
55.1,1.64201416,-1.85129249,-89.9085893,0.0799836843,0.00024473532,FollowWall,following_right_wall,0,14,42,0.43280828,0.50663478,1,1,1,0.245624438,0.510565571,0.510565571,1,0,0,0,0
55.15,1.64202055,-1.85529156,-89.9082837,0.0799836843,0.00024473532,FollowWall,following_right_wall,0,14,42,0.43280828,0.50663478,1,1,1,0.245624438,0.506566024,0.506566024,1,0,0,0,0
55.2,1.64202697,-1.85929068,-89.9078134,0.0799997233,4.14983695e-06,FollowWall,following_right_wall,0,14,42,0.433054745,0.498678908,1,1,1,0.24577868,0.502566177,0.502566177,1,0,0,0,0
55.25,1.64203341,-1.86329015,-89.907534,0.0799997233,4.14983695e-06,FollowWall,following_right_wall,0,14,42,0.433054745,0.498678908,1,1,1,0.24577868,0.498566266,0.498566266,1,0,0,0,0
55.3,1.64203987,-1.86728984,-89.9073661,0.0799769343,0.000345985589,FollowWall,following_right_wall,0,14,42,0.433273703,0.490701126,1,1,1,0.245558321,0.494566319,0.494566319,1,0,0,0,0
55.35,1.64204636,-1.87128917,-89.9068552,0.0799769343,0.000345985589,FollowWall,following_right_wall,0,14,42,0.433273703,0.490701126,1,1,1,0.245558321,0.490566191,0.490566191,1,0,0,0,0
55.4,1.64205288,-1.8752883,-89.9061442,0.0799050793,0.0014238101,FollowWall,following_right_wall,0,14,42,0.433474749,0.482753722,1,1,1,0.245224461,0.486565958,0.486565958,1,0,0,0,0
55.45,1.64205951,-1.87928581,-89.9040298,0.0799050793,0.0014238101,FollowWall,following_right_wall,0,14,42,0.433474749,0.482753722,1,1,1,0.245224461,0.482565164,0.482565164,1,0,0,0,0
55.5,1.6420663,-1.88328238,-89.9010969,0.079852084,0.00221874028,FollowWall,following_right_wall,0,14,42,0.433687657,0.474688881,1,1,1,0.244983643,0.478564043,0.478564043,1,0,0,0,0
55.55,1.64207335,-1.8872773,-89.8967377,0.079852084,0.00221874028,FollowWall,following_right_wall,0,14,42,0.433687657,0.474688881,1,1,1,0.244983643,0.474562363,0.474562363,1,0,0,0,0
55.6,1.64208073,-1.89127125,-89.8915463,0.0798171728,0.00274240854,FollowWall,following_right_wall,0,14,42,0.43391937,0.466646579,1,1,1,0.244814187,0.470560357,0.470560357,1,0,0,0,0
55.65,1.64208851,-1.8952639,-89.8852445,0.0798171728,0.00274240854,FollowWall,following_right_wall,0,14,42,0.43391937,0.466646579,1,1,1,0.244814187,0.466557919,0.466557919,1,0,0,0,0
55.7,1.64209674,-1.89925581,-89.878295,0.0798147242,0.00277913696,FollowWall,following_right_wall,0,14,42,0.43416217,0.458634438,1,1,1,0.244867846,0.462555229,0.462555229,1,0,0,0,0
55.75,1.64210548,-1.90324722,-89.8709237,0.0798147242,0.00277913696,FollowWall,following_right_wall,0,14,42,0.43416217,0.458634438,1,1,1,0.244867846,0.458552377,0.458552377,1,0,0,0,0
55.8,1.64211473,-1.90723835,-89.8633065,0.0797973206,0.00304019026,FollowWall,following_right_wall,0,14,42,0.434396625,0.450652577,1,1,1,0.244703263,0.454549431,0.454549431,1,0,0,0,0
55.85,1.64212454,-1.91122894,-89.8552341,0.0797973206,0.00304019026,FollowWall,following_right_wall,0,14,42,0.434396625,0.450652577,1,1,1,0.244703263,0.45054631,0.45054631,1,0,0,0,0
55.9,1.64213491,-1.91521923,-89.8468963,0.0798036707,0.00294494015,FollowWall,following_right_wall,0,14,42,0.434619606,0.442700997,1,1,1,0.244705588,0.446543088,0.446543088,1,0,0,0,0
55.95,1.64214586,-1.91920946,-89.8385173,0.0798036707,0.00294494015,FollowWall,following_right_wall,0,14,42,0.434619606,0.442700997,1,1,1,0.244705588,0.442539853,0.442539853,1,0,0,0,0
56,1.6421574,-1.92319967,-89.8301143,0.0798467815,0.00229827682,FollowWall,following_right_wall,0,14,42,0.434820741,0.434635953,1,1,1,0.245016918,0.43853661,0.43853661,1,0,0,0,0
56.05,1.6421695,-1.92719075,-89.8224691,0.0798467815,0.00229827682,FollowWall,following_right_wall,0,14,42,0.434820741,0.434635953,1,1,1,0.245016918,0.434533664,0.434533664,1,0,0,0,0
56.1,1.64218212,-1.93118235,-89.8152661,0.0798356428,0.00246535869,FollowWall,following_right_wall,0,14,42,0.434976667,0.42658205,1,1,1,0.244771644,0.430530891,0.430530891,1,0,0,0,0
56.15,1.64219524,-1.93517402,-89.8081215,0.0798356428,0.00246535869,FollowWall,following_right_wall,0,14,42,0.434976667,0.42658205,1,1,1,0.244771644,0.426528144,0.426528144,1,0,0,0,0
56.2,1.64220886,-1.93916572,-89.8010111,0.0798490533,0.00226419982,FollowWall,following_right_wall,0,14,42,0.435100764,0.418558562,1,1,1,0.244727552,0.422525412,0.422525412,1,0,0,0,0
56.25,1.64222296,-1.94315772,-89.7941606,0.0798490533,0.00226419982,FollowWall,following_right_wall,0,14,42,0.435100764,0.418558562,1,1,1,0.244727552,0.418522782,0.418522782,1,0,0,0,0
56.3,1.64223753,-1.9471499,-89.7874618,0.0798904199,0.00164370181,FollowWall,following_right_wall,0,14,42,0.435192287,0.410565693,1,1,1,0.244919375,0.414520214,0.414520214,1,0,0,0,0
56.35,1.64225255,-1.95114305,-89.7815922,0.0798904199,0.00164370181,FollowWall,following_right_wall,0,14,42,0.435192287,0.410565693,1,1,1,0.244919375,0.410517969,0.410517969,1,0,0,0,0
56.4,1.64226796,-1.95513675,-89.7762062,0.0799178598,0.00123210231,FollowWall,following_right_wall,0,14,42,0.435235471,0.402604199,1,1,1,0.244957313,0.406515913,0.406515913,1,0,0,0,0
56.45,1.64228373,-1.95913135,-89.7715936,0.0799178598,0.00123210231,FollowWall,following_right_wall,0,14,42,0.435235471,0.402604199,1,1,1,0.244957313,0.402514159,0.402514159,1,0,0,0,0
56.5,1.6422998,-1.96312648,-89.7674323,0.0799644553,0.000533169772,FollowWall,following_right_wall,0,14,42,0.435228676,0.394673732,1,1,1,0.245169893,0.39851258,0.39851258,1,1,0,0,0
56.55,1.64231613,-1.96712288,-89.7643684,0.0799644553,0.000533169772,FollowWall,following_right_wall,0,14,42,0.435228676,0.394673732,1,1,1,0.245169893,0.394511427,0.394511427,1,1,0,0,0
56.6,1.64233265,-1.97112002,-89.7619447,0.0799899919,-0.000150121449,FollowWall,following_right_wall,0,14,42,0.435164094,0.386774059,1,1,1,0.245370582,0.390510524,0.390510524,1,1,0,0,0
56.65,1.6423493,-1.97511814,-89.7607101,0.0799899919,-0.000150121449,FollowWall,following_right_wall,0,14,42,0.435164094,0.386774059,1,1,1,0.245370582,0.386510497,0.386510497,1,1,0,0,0
56.7,1.64236602,-1.97911681,-89.7601691,0.0799268523,-0.00109721478,FollowWall,following_right_wall,0,14,42,0.435037762,0.37872649,1,1,1,0.245749116,0.382510983,0.382510983,1,1,0,0,0
56.75,1.64238272,-1.9831145,-89.7611632,0.0799268523,-0.00109721478,FollowWall,following_right_wall,0,14,42,0.435037762,0.37872649,1,1,1,0.245749116,0.378514836,0.378514836,1,1,0,0,0
56.8,1.64239932,-1.98711161,-89.7630528,0.0798705211,-0.00194218362,FollowWall,following_right_wall,0,14,42,0.434840649,0.370679731,1,1,1,0.246081159,0.374520652,0.374520652,1,1,0,0,0
56.85,1.64241572,-1.99110722,-89.7664734,0.0798705211,-0.00194218362,FollowWall,following_right_wall,0,14,42,0.434840649,0.370679731,1,1,1,0.246081159,0.370530351,0.370530351,1,1,0,0,0
56.9,1.64243185,-1.99510195,-89.770787,0.0798611375,-0.00208293793,FollowWall,following_right_wall,0,14,42,0.432917267,0.362672557,1,1,1,0.245978788,0.366542314,0.366542314,1,1,0,0,0
56.95,1.64244766,-1.99909596,-89.7757896,0.0798611375,-0.00208293793,FollowWall,following_right_wall,0,14,42,0.432917267,0.362672557,1,1,1,0.245978788,0.362556053,0.362556053,1,1,0,0,0
57,1.6424631,-2.00308957,-89.7811942,0.0798494785,-0.00225782217,FollowWall,following_right_wall,0,14,42,0.424913347,0.3547005,1,1,1,0.24584946,0.358570828,0.358570828,1,1,0,0,0
57.05,1.64247814,-2.00708269,-89.7870419,0.0798494785,-0.00225782217,FollowWall,following_right_wall,0,14,42,0.424913347,0.3547005,1,1,1,0.24584946,0.354586773,0.354586773,1,1,0,0,0
57.1,1.64249277,-2.01107554,-89.7931481,0.0798250984,-0.00262352365,FollowWall,following_right_wall,0,14,42,0.416941017,0.346760999,1,1,1,0.245898977,0.350603401,0.350603401,1,1,0,0,0
57.15,1.64250695,-2.01506771,-89.7998417,0.0798250984,-0.00262352365,FollowWall,following_right_wall,0,14,42,0.416941017,0.346760999,1,1,1,0.245898977,0.346621611,0.346621611,1,1,0,0,0
57.2,1.64252065,-2.01905949,-89.8068779,0.0798294302,-0.00255854732,FollowWall,following_right_wall,0,14,42,0.409000546,0.338822241,1,1,1,0.245732054,0.342640744,0.342640744,1,1,0,0,0
57.25,1.64253386,-2.02305113,-89.8140364,0.0798294302,-0.00255854732,FollowWall,following_right_wall,0,14,42,0.409000546,0.338822241,1,1,1,0.245732054,0.338660204,0.338660204,1,1,0,0,0
57.3,1.64254656,-2.0270427,-89.8212662,0.0798526038,-0.00221094358,FollowWall,following_right_wall,0,14,42,0.401076168,0.330806217,1,1,1,0.245432049,0.334679854,0.334679854,1,1,0,0,0
57.35,1.64255877,-2.0310347,-89.8281227,0.0798526038,-0.00221094358,FollowWall,following_right_wall,0,14,42,0.401076168,0.330806217,1,1,1,0.245432049,0.330698489,0.330698489,1,1,0,0,0
57.4,1.64257052,-2.03502695,-89.8347615,0.0798612419,-0.00208137163,FollowWall,following_right_wall,0,14,42,0.393143356,0.322815258,1,1,1,0.245305195,0.326716531,0.326716531,1,1,0,0,0
57.45,1.64258181,-2.03901954,-89.8411185,0.0798612419,-0.00208137163,FollowWall,following_right_wall,0,14,42,0.393143356,0.322815258,1,1,1,0.245305195,0.322733808,0.322733808,1,1,0,0,0
57.5,1.64259267,-2.04301232,-89.8473113,0.0798363672,-0.00245449132,FollowWall,following_right_wall,0,14,42,0.385238707,0.314849624,1,1,1,0.245537668,0.318750636,0.318750636,1,1,0,0,0
57.55,1.64260308,-2.04700469,-89.8538535,0.0798363672,-0.00245449132,FollowWall,following_right_wall,0,14,42,0.385238707,0.314849624,1,1,1,0.245537668,0.314768414,0.314768414,1,1,0,0,0
57.6,1.64261303,-2.05099683,-89.8605997,0.0798605381,-0.00209192825,FollowWall,following_right_wall,0,14,42,0.377363771,0.306914282,1,1,1,0.245348915,0.310786743,0.310786743,1,1,0,0,0
57.65,1.64262252,-2.05498934,-89.867032,0.0798605381,-0.00209192825,FollowWall,following_right_wall,0,14,42,0.377363771,0.306914282,1,1,1,0.245348915,0.306804221,0.306804221,1,1,0,0,0
57.7,1.64263157,-2.05898206,-89.8732812,0.0798793625,-0.0018095621,FollowWall,following_right_wall,0,14,42,0.369516045,0.29895092,1,1,1,0.245252088,0.3028212,0.3028212,1,1,0,0,0
57.75,1.64264019,-2.06297529,-89.8790866,0.0798793625,-0.0018095621,FollowWall,following_right_wall,0,14,42,0.369516045,0.29895092,1,1,1,0.245252088,0.298836974,0.298836974,1,1,0,0,0
57.8,1.64264843,-2.06696883,-89.8846331,0.0798839525,-0.00174071238,FollowWall,following_right_wall,0,14,42,0.361529619,0.290989916,1,1,1,0.24532479,0.294852044,0.294852044,1,1,0,0,0
57.85,1.64265629,-2.07096264,-89.8899464,0.0798839525,-0.00174071238,FollowWall,following_right_wall,0,14,42,0.361529619,0.290989916,1,1,1,0.24532479,0.29086648,0.29086648,1,1,0,0,0
57.9,1.64266378,-2.07495661,-89.8951236,0.0798783896,-0.00182415602,FollowWall,following_right_wall,0,14,42,0.353559673,0.28305672,1,1,1,0.245534495,0.286880547,0.286880547,1,1,0,0,0
57.95,1.64267091,-2.07895055,-89.9003211,0.0798783896,-0.00182415602,FollowWall,following_right_wall,0,14,42,0.353559673,0.28305672,1,1,1,0.245534495,0.282894668,0.282894668,1,1,0,0,0
58,1.64267767,-2.08294449,-89.9055304,0,0.6,TurnLeft,avoiding_front_obstacle,0,14,42,0.345619589,0.275087227,1,1,1,0.245662659,0.278908821,0.278908821,1,1,0,0,0
58.05,1.64269601,-2.08527421,-89.1923719,0,0.6,TurnLeft,avoiding_front_obstacle,0,14,42,0.345619589,0.275087227,1,1,1,0.245662659,0.275475081,0.275475081,1,1,0,0,0
58.1,1.6427286,-2.08663287,-88.0601655,0,0.6,TurnLeft,avoiding_front_obstacle,0,14,42,0.341729492,0.268969254,1,1,1,0.245104566,0.272376254,0.272376254,1,1,0,0,0
58.15,1.64276495,-2.08742481,-86.6835146,0,0.6,TurnLeft,avoiding_front_obstacle,0,14,42,0.341729492,0.268969254,1,1,1,0.245104566,0.269490064,0.269490064,1,1,0,0,0
58.2,1.64279782,-2.0878861,-85.1642709,0,0.6,TurnLeft,avoiding_front_obstacle,0,14,42,0.340304136,0.26365866,1,1,1,0.243327737,0.266746531,0.266746531,1,1,0,0,0
58.25,1.64282432,-2.08815456,-83.5618482,0,0.6,TurnLeft,avoiding_front_obstacle,0,14,42,0.340304136,0.26365866,1,1,1,0.243327737,0.264105462,0.264105462,1,1,0,0,0
58.3,1.64284421,-2.08831066,-81.9109044,0,0.6,TurnLeft,avoiding_front_obstacle,0,14,42,0.339668602,0.259719258,1,1,1,0.242127791,0.261543983,0.261543983,1,1,0,0,0
58.35,1.64285846,-2.08840134,-80.2316566,0,0.6,TurnLeft,avoiding_front_obstacle,0,14,42,0.339668602,0.259719258,1,1,1,0.242127791,0.259049403,0.259049403,1,1,0,0,0
58.4,1.64286833,-2.08845397,-78.5358981,0,0.6,TurnLeft,avoiding_front_obstacle,0,14,42,0.338975787,0.252883215,1,1,1,0.241954938,0.256615049,0.256615049,1,1,0,0,0
58.45,1.64287499,-2.08848449,-76.8305085,0,0.6,TurnLeft,avoiding_front_obstacle,0,14,42,0.338975787,0.252883215,1,1,1,0.241954938,0.25423781,0.25423781,1,1,0,0,0
58.5,1.6428794,-2.08850217,-75.1195006,0,0.6,TurnLeft,avoiding_front_obstacle,0,14,42,0.338821471,0.250332936,1,0,1,0.243970305,0.251916674,0.251916674,1,1,0,0,0
58.55,1.64288229,-2.0885124,-73.4052154,0,0.6,TurnLeft,avoiding_front_obstacle,0,14,42,0.338821471,0.250332936,1,0,1,0.243970305,0.249651856,0.249651856,1,1,0,0,0
58.6,1.64288415,-2.08851831,-71.6890185,0,0.6,TurnLeft,avoiding_front_obstacle,0,14,42,0.337916255,0.248878763,1,0,1,0.247415364,0.247444284,0.247444284,1,1,0,0,0
58.65,1.64288533,-2.08852173,-69.9717063,0,0.6,TurnLeft,avoiding_front_obstacle,0,14,42,0.337916255,0.248878763,1,0,1,0.247415364,0.245295286,0.245295286,1,1,0,0,0
58.7,1.64288609,-2.0885237,-68.2537437,0,0.6,TurnLeft,avoiding_front_obstacle,0,14,42,0.337507933,0.248493446,1,0,1,0.251078367,0.243206407,0.243206407,1,1,0,0,0
58.75,1.64288656,-2.08852484,-66.5354016,0,0.6,TurnLeft,avoiding_front_obstacle,0,14,42,0.337507933,0.248493446,1,0,1,0.251078367,0.241179295,0.241179295,1,1,0,0,0
58.8,1.64288685,-2.08852549,-64.8168381,0,0.6,TurnLeft,avoiding_front_obstacle,0,14,42,0.336677492,0.249173074,1,0,1,0.255408794,0.239215639,0.239215639,1,1,0,0,0
58.85,1.64288704,-2.08852587,-63.0981455,0,0.6,TurnLeft,avoiding_front_obstacle,0,14,42,0.336677492,0.249173074,1,0,1,0.255408794,0.237317126,0.237317126,1,1,0,0,0
58.9,1.64288715,-2.08852608,-61.3793775,0,0.6,TurnLeft,avoiding_front_obstacle,0,14,42,0.335694581,0.250935056,1,0,1,0.260965943,0.235485416,0.235485416,1,1,0,0,0
58.95,1.64288722,-2.08852621,-59.6605657,0,0.6,TurnLeft,avoiding_front_obstacle,0,14,42,0.335694581,0.250935056,1,0,1,0.260965943,0.23372213,0.23372213,1,1,0,0,0
59,1.64288727,-2.08852628,-57.9417282,0,0.6,TurnLeft,avoiding_front_obstacle,0,14,42,0.334841222,0.253817922,1,0,1,0.267904788,0.232028839,0.232028839,1,1,0,0,0
59.05,1.64288729,-2.08852632,-56.2228757,0,0.6,TurnLeft,avoiding_front_obstacle,0,14,42,0.334841222,0.253817922,1,0,1,0.267904788,0.230407057,0.230407057,1,1,0,0,0
59.1,1.64288731,-2.08852634,-54.5040145,0,0.6,TurnLeft,avoiding_front_obstacle,0,14,42,0.334353715,0.265315537,1,0,1,0.276426524,0.228858236,0.228858236,1,1,0,0,0
59.15,1.64288732,-2.08852635,-52.7851483,0,0.6,TurnLeft,avoiding_front_obstacle,0,14,42,0.334353715,0.265315537,1,0,1,0.276426524,0.227383769,0.227383769,1,1,0,0,0
59.2,1.64288732,-2.08852636,-51.066279,0,0.6,TurnLeft,avoiding_front_obstacle,0,14,42,0.334992498,0.2738236,1,0,1,0.286792666,0.22598498,0.22598498,1,1,0,0,0
59.25,1.64288733,-2.08852637,-49.3474081,0,0.6,TurnLeft,avoiding_front_obstacle,0,14,42,0.334992498,0.2738236,1,0,1,0.286792666,0.224663127,0.224663127,1,1,0,0,0
59.3,1.64288733,-2.08852637,-47.6285361,0,0.6,TurnLeft,avoiding_front_obstacle,0,14,42,0.336779982,0.281588459,1,0,1,0.299345553,0.223419398,0.223419398,1,1,0,0,0
59.35,1.64288733,-2.08852637,-45.9096636,0,0.6,TurnLeft,avoiding_front_obstacle,0,14,42,0.336779982,0.281588459,1,0,1,0.299345553,0.222254912,0.222254912,1,1,0,0,0
59.4,1.64288733,-2.08852637,-44.1907906,0,0.6,TurnLeft,avoiding_front_obstacle,0,14,42,0.339760214,0.291028873,1,0,1,0.314676106,0.221170717,0.221170717,1,1,0,0,0
59.45,1.64288733,-2.08852637,-42.4719175,0,0.6,TurnLeft,avoiding_front_obstacle,0,14,42,0.339760214,0.291028873,1,0,1,0.314676106,0.22016779,0.22016779,1,1,0,0,0
59.5,1.64288733,-2.08852637,-40.7530443,0,0.6,TurnLeft,avoiding_front_obstacle,0,14,42,0.343744338,0.306520306,1,0,1,0.33470273,0.219247031,0.219247031,1,1,0,0,0
59.55,1.64288733,-2.08852637,-39.034171,0,0.6,TurnLeft,avoiding_front_obstacle,0,14,42,0.343744338,0.306520306,1,0,1,0.33470273,0.21840927,0.21840927,1,1,0,0,0
59.6,1.64288733,-2.08852637,-37.3152977,0,0.6,TurnLeft,avoiding_front_obstacle,0,14,42,0.348455131,0.331667042,1,0,1,0.357897848,0.217655261,0.217655261,1,1,0,0,0
59.65,1.64288733,-2.08852637,-35.5964243,0,0.6,TurnLeft,avoiding_front_obstacle,0,14,42,0.348455131,0.331667042,1,0,1,0.357897848,0.216985682,0.216985682,1,1,0,0,0
59.7,1.64288733,-2.08852637,-33.877551,0,0.6,TurnLeft,avoiding_front_obstacle,0,14,42,0.354561567,0.353498069,1,0,1,0.357212573,0.216401136,0.216401136,1,1,0,0,0
59.75,1.64288733,-2.08852637,-32.1586776,0,0.6,TurnLeft,avoiding_front_obstacle,0,14,42,0.354561567,0.353498069,1,0,1,0.357212573,0.215902149,0.215902149,1,1,0,0,0
59.8,1.64288733,-2.08852637,-30.4398042,0,0.6,TurnLeft,avoiding_front_obstacle,0,14,42,0.362203777,0.387955141,1,0,1,0.354253173,0.215489169,0.215489169,1,1,0,0,0
59.85,1.64288733,-2.08852637,-28.7209308,0,0.6,TurnLeft,avoiding_front_obstacle,0,14,42,0.362203777,0.387955141,1,0,1,0.354253173,0.215162569,0.215162569,1,1,0,0,0
59.9,1.64288733,-2.08852637,-27.0020575,0,0.6,TurnLeft,avoiding_front_obstacle,0,14,42,0.37156406,0.433474076,1,0,1,0.35326609,0.214922643,0.214922643,1,1,0,0,0
59.95,1.64288733,-2.08852637,-25.2831841,0,0.6,TurnLeft,avoiding_front_obstacle,0,14,42,0.37156406,0.433474076,1,0,1,0.35326609,0.214769606,0.214769606,1,1,0,0,0
60,1.64288733,-2.08852637,-23.5643107,0,0.6,TurnLeft,avoiding_front_obstacle,0,14,42,0.382877827,0.48035267,1,0,1,0.352186531,0.214703596,0.214703596,1,1,0,0,0
60.05,1.64288733,-2.08852637,-21.8454373,0,0.6,TurnLeft,avoiding_front_obstacle,0,14,42,0.382877827,0.48035267,1,0,1,0.352186531,0.214724673,0.214703596,1,1,0,0,0
60.1,1.64288733,-2.08852637,-20.1265639,0,0.6,TurnLeft,avoiding_front_obstacle,0,14,42,0.39644888,0.510915462,1,0,1,0.343336791,0.214832817,0.214703596,1,1,0,0,0
60.15,1.64288733,-2.08852637,-18.4076905,0,0.6,TurnLeft,avoiding_front_obstacle,0,14,42,0.39644888,0.510915462,1,0,1,0.343336791,0.215027931,0.214703596,1,1,0,0,0
60.2,1.64288733,-2.08852637,-16.6888172,0,0.6,TurnLeft,avoiding_front_obstacle,0,14,42,0.412671328,0.506823309,1,0,1,0.334784716,0.21530984,0.214703596,1,1,0,0,0
60.25,1.64288733,-2.08852637,-14.9699438,0,0.6,TurnLeft,avoiding_front_obstacle,0,14,42,0.412671328,0.506823309,1,0,1,0.334784716,0.21567829,0.214703596,1,1,0,0,0
60.3,1.64288733,-2.08852637,-13.2510704,0,0.6,TurnLeft,avoiding_front_obstacle,0,14,42,0.432060987,0.504755213,1,0,1,0.327790111,0.216132949,0.214703596,1,1,0,0,0
60.35,1.64288733,-2.08852637,-11.532197,0,0.6,TurnLeft,avoiding_front_obstacle,0,14,42,0.432060987,0.504755213,1,0,1,0.327790111,0.216673408,0.214703596,1,1,0,0,0
60.4,1.64288733,-2.08852637,-9.81332361,0,0.6,TurnLeft,avoiding_front_obstacle,0,14,42,0.455301732,0.504669303,1,0,1,0.322419316,0.217299181,0.214703596,1,1,0,0,0
60.45,1.64288733,-2.08852637,-8.09445023,0,0.6,TurnLeft,avoiding_front_obstacle,0,14,42,0.455301732,0.504669303,1,0,1,0.322419316,0.218009705,0.214703596,1,1,0,0,0
60.5,1.64288733,-2.08852637,-6.37557684,0,0.6,TurnLeft,avoiding_front_obstacle,0,14,42,0.483315527,0.506559958,1,0,1,0.318966478,0.21880434,0.214703596,1,1,0,0,0
60.55,1.64288733,-2.08852637,-4.65670346,0,0.6,TurnLeft,avoiding_front_obstacle,0,14,42,0.483315527,0.506559958,1,0,1,0.318966478,0.219682371,0.214703596,1,1,0,0,0
60.6,1.64288733,-2.08852637,-2.93783007,0,0.6,TurnLeft,avoiding_front_obstacle,0,14,42,0.517371297,0.510457161,1,0,1,0.31760487,0.220643008,0.214703596,1,1,0,0,0
60.65,1.64288733,-2.08852637,-1.21895669,0,0.6,TurnLeft,avoiding_front_obstacle,0,14,42,0.517371297,0.510457161,1,0,1,0.31760487,0.221685387,0.214703596,1,1,0,0,0
60.7,1.64288733,-2.08852637,0.4999167,0,0.6,TurnLeft,avoiding_front_obstacle,0,14,42,0.559260309,0.514610755,1,0,1,0.314511418,0.221587057,0.214703596,1,1,0,0,0
60.75,1.64288733,-2.08852637,2.21879009,0,0.6,TurnLeft,avoiding_front_obstacle,0,14,42,0.559260309,0.514610755,1,0,1,0.314511418,0.218591371,0.214703596,1,1,0,0,0
60.8,1.64288733,-2.08852637,3.93766347,0,0.6,TurnLeft,avoiding_front_obstacle,0,14,42,0.585640609,0.510379053,1,0,1,0.313697308,0.215679272,0.214703596,1,1,0,0,0
60.85,1.64288733,-2.08852637,5.65653686,0,0.6,TurnLeft,avoiding_front_obstacle,0,14,42,0.585640609,0.510379053,1,0,1,0.313697308,0.212853382,0.212853382,1,1,0,0,0
60.9,1.64288733,-2.08852637,7.37541024,0,0,FollowWall,front_obstacle_cleared,0,14,42,0.58497709,0.507931062,1,1,1,0.311419547,0.210116244,0.210116244,1,1,0,0,0
60.95,1.64288733,-2.08852637,8.37808638,0.0586932429,-0.319601356,FollowWall,following_right_wall,0,14,42,0.58497709,0.507931062,1,1,1,0.311419547,0.208561549,0.208561549,1,1,0,0,0
61,1.64409674,-2.08834606,8.58148478,0.0589999149,-0.315001276,FollowWall,following_right_wall,0,14,42,0.583991408,0.506308381,1,1,1,0.31183964,0.208430311,0.208430311,1,1,0,0,0
61.05,1.64601809,-2.08806053,8.32412877,0.0589999149,-0.315001276,FollowWall,following_right_wall,0,14,42,0.583991408,0.506308381,1,1,1,0.31183964,0.209110256,0.208430311,1,1,0,0,0
61.1,1.64835701,-2.08772928,7.79799936,0.0596950453,-0.304574321,FollowWall,following_right_wall,0,14,42,0.579638302,0.50221677,1,1,1,0.312311858,0.210254286,0.208430311,1,1,0,0,0
61.15,1.65095644,-2.08738877,7.12753171,0.0596950453,-0.304574321,FollowWall,following_right_wall,0,14,42,0.579638302,0.50221677,1,1,1,0.312311858,0.211642995,0.208430311,1,1,0,0,0
61.2,1.65371015,-2.08706284,6.37286677,0.0599336893,-0.300994661,FollowWall,following_right_wall,0,14,42,0.5743047,0.497479309,1,1,1,0.313966542,0.2131653,0.208430311,1,1,0,0,0
61.25,1.65656075,-2.08676458,5.57335965,0.0599336893,-0.300994661,FollowWall,following_right_wall,0,14,42,0.5743047,0.497479309,1,1,1,0.313966542,0.214749896,0.208430311,1,1,0,0,0
61.3,1.65946946,-2.08650189,4.74769458,0.05,-0.0977898538,FollowWall,following_with_distance_only,0,14,42,0.56899184,0.492308469,1,0,1,0.315193236,0.216361138,0.208430311,1,1,0,0,0
61.35,1.66220651,-2.08628895,4.14932859,0.05,-0.0977898538,FollowWall,following_with_distance_only,0,14,42,0.56899184,0.492308469,1,0,1,0.315193236,0.217564,0.208430311,1,1,0,0,0
61.4,1.66484344,-2.08610843,3.68355372,0.05,-0.0980039388,FollowWall,following_with_distance_only,0,14,42,0.563530028,0.488440895,1,0,1,0.315335959,0.218522362,0.208430311,1,1,0,0,0
61.45,1.66742212,-2.08595119,3.29486812,0.05,-0.0980039388,FollowWall,following_with_distance_only,0,14,42,0.563530028,0.488440895,1,0,1,0.315335959,0.219333516,0.208430311,1,1,0,0,0
61.5,1.66996703,-2.08581234,2.95115128,0.05,-0.0994168818,FollowWall,following_with_distance_only,0,14,42,0.558204949,0.484096179,1,0,1,0.316277921,0.220054269,0.208430311,1,1,0,0,0
61.55,1.67249244,-2.0856892,2.63197962,0.05,-0.0994168818,FollowWall,following_with_distance_only,0,14,42,0.558204949,0.484096179,1,0,1,0.316277921,0.220720789,0.208430311,1,1,0,0,0
61.6,1.67500665,-2.08558033,2.32712599,0.05,-0.100134328,FollowWall,following_with_distance_only,0,14,42,0.553084075,0.47979499,1,0,1,0.316756219,0.221351379,0.208430311,1,1,0,0,0
61.65,1.6775145,-2.08548493,2.02976816,0.05,-0.100134328,FollowWall,following_with_distance_only,0,14,42,0.553084075,0.47979499,1,0,1,0.316756219,0.221958202,0.208430311,1,1,0,0,0
61.7,1.68001879,-2.08540259,1.73678288,0.05,-0.101341859,FollowWall,following_with_distance_only,0,14,42,0.548071802,0.475544857,1,0,1,0.317561239,0.22254689,0.208430311,1,1,0,0,0
61.75,1.68252111,-2.08533309,1.44490686,0.05,-0.101341859,FollowWall,following_with_distance_only,0,14,42,0.548071802,0.475544857,1,0,1,0.317561239,0.223123207,0.208430311,1,1,0,0,0
61.8,1.68502239,-2.08527636,1.15367792,0.05,-0.102036372,FollowWall,following_with_distance_only,0,14,42,0.543117583,0.471352839,1,0,1,0.318024248,0.223688003,0.208430311,1,1,0,0,0
61.85,1.68752312,-2.08523237,0.861997423,0.05,-0.102036372,FollowWall,following_with_distance_only,0,14,42,0.543117583,0.471352839,1,0,1,0.318024248,0.224243205,0.208430311,1,1,0,0,0
61.9,1.69002358,-2.08520112,0.57005352,0.05,-0.102655336,FollowWall,following_with_distance_only,0,14,42,0.538078547,0.467220406,1,0,1,0.318436891,0.224788476,0.208430311,1,1,0,0,0
61.95,1.69252389,-2.08518263,0.277217128,0.05,-0.102655336,FollowWall,following_with_distance_only,0,14,42,0.538078547,0.467220406,1,0,1,0.318436891,0.225324903,0.208430311,1,1,0,0,0
62,1.69502411,-2.08517693,-0.0161398825,0.05,-0.103878468,FollowWall,following_with_distance_only,0,14,42,0.533109009,0.463050145,1,0,1,0.319252312,0.225812367,0.208430311,1,1,0,0,0
62.05,1.69752423,-2.08518408,-0.311260593,0.05,-0.103878468,FollowWall,following_with_distance_only,0,14,42,0.533109009,0.463050145,1,0,1,0.319252312,0.225610803,0.208430311,1,1,0,0,0
62.1,1.70002422,-2.08520412,-0.607410128,0.05,-0.103582889,FollowWall,following_with_distance_only,0,14,42,0.528207362,0.457558313,1,0,1,0.319055259,0.225398041,0.208430311,1,1,0,0,0
62.15,1.70252405,-2.08523709,-0.90380699,0.05,-0.103582889,FollowWall,following_with_distance_only,0,14,42,0.528207362,0.457558313,1,0,1,0.319055259,0.225174583,0.208430311,1,1,0,0,0
62.2,1.70502365,-2.08528299,-1.20034812,0.05,-0.103115648,FollowWall,following_with_distance_only,0,14,42,0.523372293,0.45171749,1,0,1,0.318743765,0.224940497,0.208430311,1,1,0,0,0
62.25,1.70752298,-2.08534182,-1.49641569,0.05,-0.103115648,FollowWall,following_with_distance_only,0,14,42,0.523372293,0.45171749,1,0,1,0.318743765,0.224696185,0.208430311,1,1,0,0,0
62.3,1.71002195,-2.08541356,-1.79220701,0.05,-0.103607565,FollowWall,following_with_distance_only,0,14,42,0.518601596,0.445812075,1,0,1,0.31907171,0.224441537,0.208430311,1,1,0,0,0
62.35,1.71252053,-2.0854982,-2.08842437,0.05,-0.103607565,FollowWall,following_with_distance_only,0,14,42,0.518601596,0.445812075,1,0,1,0.31907171,0.224176124,0.208430311,1,1,0,0,0
62.4,1.71501862,-2.08559577,-2.38489025,0.05,-0.104046956,FollowWall,following_with_distance_only,0,14,42,0.513502061,0.439990418,1,0,1,0.319364637,0.223900055,0.208430311,1,1,0,0,0
62.45,1.71751618,-2.08570628,-2.68202558,0.05,-0.104046956,FollowWall,following_with_distance_only,0,14,42,0.513502061,0.439990418,1,0,1,0.319364637,0.223613075,0.208430311,1,1,0,0,0
62.5,1.72001313,-2.08582974,-2.97955143,0.05,-0.104590863,FollowWall,following_with_distance_only,0,14,42,0.508289754,0.43424982,1,0,1,0.319727242,0.223315347,0.208430311,1,1,0,0,0
62.55,1.72250941,-2.08596619,-3.27795432,0.05,-0.104590863,FollowWall,following_with_distance_only,0,14,42,0.508289754,0.43424982,1,0,1,0.319727242,0.223006583,0.208430311,1,1,0,0,0
62.6,1.72500494,-2.08611565,-3.57686882,0.05,-0.10512431,FollowWall,following_with_distance_only,0,14,42,0.503148317,0.427114089,1,0,1,0.320082873,0.222686989,0.208430311,1,1,0,0,0
62.65,1.72749965,-2.08627815,-3.87671852,0.05,-0.10512431,FollowWall,following_with_distance_only,0,14,42,0.503148317,0.427114089,1,0,1,0.320082873,0.222356319,0.208430311,1,1,0,0,0
62.7,1.72999348,-2.08645371,-4.17711374,0.05,-0.105381489,FollowWall,following_with_distance_only,0,14,42,0.498076677,0.421426432,1,0,1,0.320254326,0.222014787,0.208430311,1,1,0,0,0
62.75,1.73248635,-2.08664236,-4.47813417,0.05,-0.105381489,FollowWall,following_with_distance_only,0,14,42,0.498076677,0.421426432,1,0,1,0.320254326,0.221662347,0.208430311,1,1,0,0,0
62.8,1.7349782,-2.08684411,-4.77951931,0.05,-0.105525702,FollowWall,following_with_distance_only,0,14,42,0.49307394,0.415819541,1,0,1,0.320350468,0.221299143,0.208430311,1,1,0,0,0
62.85,1.73746895,-2.08705898,-5.08128934,0.05,-0.105525702,FollowWall,following_with_distance_only,0,14,42,0.49307394,0.415819541,1,0,1,0.320350468,0.220925165,0.208430311,1,1,0,0,0
62.9,1.73995853,-2.08728696,-5.38328388,0.05,-0.104580224,FollowWall,following_with_distance_only,0,14,42,0.488138855,0.410292746,1,0,1,0.319720149,0.220540504,0.208430311,1,1,0,0,0
62.95,1.74244688,-2.08752804,-5.68428081,0.05,-0.104580224,FollowWall,following_with_distance_only,0,14,42,0.488138855,0.410292746,1,0,1,0.319720149,0.220145812,0.208430311,1,1,0,0,0
63,1.74493393,-2.08778218,-5.9846958,0.05,-0.10427025,FollowWall,following_with_distance_only,0,14,42,0.483269632,0.404848082,1,0,1,0.3195135,0.2197409,0.208430311,1,1,0,0,0
63.05,1.74741961,-2.08804934,-6.28440132,0.05,-0.10427025,FollowWall,following_with_distance_only,0,14,42,0.483269632,0.404848082,1,0,1,0.3195135,0.219325857,0.208430311,1,1,0,0,0
63.1,1.74990386,-2.08832949,-6.58369298,0.05,-0.103601888,FollowWall,following_with_distance_only,0,14,42,0.478463888,0.399482614,1,0,1,0.319067925,0.218900558,0.208430311,1,1,0,0,0
63.15,1.75238662,-2.08862259,-6.88194543,0.05,-0.103601888,FollowWall,following_with_distance_only,0,14,42,0.478463888,0.399482614,1,0,1,0.319067925,0.218465331,0.208430311,1,1,0,0,0
63.2,1.75486782,-2.08892859,-7.17959167,0.05,-0.103661746,FollowWall,following_with_distance_only,0,14,42,0.473473608,0.394194134,1,0,1,0.319107831,0.218019995,0.208430311,1,1,0,0,0
63.25,1.7573474,-2.08924748,-7.47695573,0.05,-0.103661746,FollowWall,following_with_distance_only,0,14,42,0.473473608,0.394194134,1,0,1,0.319107831,0.21756442,0.208430311,1,1,0,0,0
63.3,1.75982529,-2.08957923,-7.7741552,0.05,-0.103357449,FollowWall,following_with_distance_only,0,14,42,0.468266159,0.388978168,1,0,1,0.318904966,0.217098568,0.208430311,1,1,0,0,0
63.35,1.76230143,-2.08992381,-8.07089542,0.05,-0.103357449,FollowWall,following_with_distance_only,0,14,42,0.468266159,0.388978168,1,0,1,0.318904966,0.216622589,0.208430311,1,1,0,0,0
63.4,1.76477575,-2.09028121,-8.36736775,0.05,-0.103199869,FollowWall,following_with_distance_only,0,14,42,0.463128567,0.383832334,1,0,1,0.318799913,0.216136418,0.208430311,1,1,0,0,0
63.45,1.76724819,-2.0906514,-8.66349572,0.05,-0.103199869,FollowWall,following_with_distance_only,0,14,42,0.463128567,0.383832334,1,0,1,0.318799913,0.215640108,0.208430311,1,1,0,0,0
63.5,1.76971869,-2.09103436,-8.9594228,0.05,-0.103426516,FollowWall,following_with_distance_only,0,14,42,0.458058774,0.378754105,1,0,1,0.318951011,0.215133614,0.208430311,1,1,0,0,0
63.55,1.77218717,-2.09143007,-9.25550324,0.05,-0.103426516,FollowWall,following_with_distance_only,0,14,42,0.458058774,0.378754105,1,0,1,0.318951011,0.214616804,0.208430311,1,1,0,0,0
63.6,1.77465358,-2.09183854,-9.55167314,0.05,-0.103271261,FollowWall,following_with_distance_only,0,14,42,0.453054577,0.373740517,1,0,1,0.318847507,0.214089714,0.208430311,1,1,0,0,0
63.65,1.77711784,-2.09225975,-9.8477099,0.05,-0.103271261,FollowWall,following_with_distance_only,0,14,42,0.453054577,0.373740517,1,0,1,0.318847507,0.213552448,0.208430311,1,1,0,0,0
63.7,1.77957989,-2.09269369,-10.143669,0.05,-0.103154808,FollowWall,following_with_distance_only,0,14,42,0.448114395,0.368789913,1,0,1,0.318769872,0.213005002,0.208430311,1,1,0,0,0
63.75,1.78203967,-2.09314033,-10.4394438,0.05,-0.103154808,FollowWall,following_with_distance_only,0,14,42,0.448114395,0.368789913,1,0,1,0.318769872,0.212447432,0.208430311,1,1,0,0,0
63.8,1.78449711,-2.09359966,-10.7351111,0.05,-0.10299401,FollowWall,following_with_distance_only,0,14,42,0.44323653,0.363900465,1,0,1,0.318662673,0.211879727,0.208430311,1,1,0,0,0
63.85,1.78695215,-2.09407167,-11.0305237,0.05,-0.10299401,FollowWall,following_with_distance_only,0,14,42,0.44323653,0.363900465,1,0,1,0.318662673,0.21130196,0.208430311,1,1,0,0,0
63.9,1.78940472,-2.09455632,-11.3257878,0.05,-0.102788553,FollowWall,following_with_distance_only,0,14,42,0.438419223,0.353885975,1,0,1,0.318525702,0.210714111,0.208430311,1,1,0,0,0
63.95,1.79185476,-2.09505359,-11.6207199,0.05,-0.102788553,FollowWall,following_with_distance_only,0,14,42,0.438419223,0.353885975,1,0,1,0.318525702,0.210116264,0.208430311,1,1,0,0,0
64,1.79430222,-2.09556347,-11.9154585,0.05,-0.102538034,FollowWall,following_with_distance_only,0,14,42,0.433491498,0.34881994,1,0,1,0.31835869,0.209508393,0.208430311,1,1,0,0,0
64.05,1.79674702,-2.09608592,-12.2097851,0.05,-0.102538034,FollowWall,following_with_distance_only,0,14,42,0.433491498,0.34881994,1,0,1,0.31835869,0.20889059,0.208430311,1,1,0,0,0
64.1,1.7991891,-2.09662092,-12.5038714,0.05,-0.102242097,FollowWall,following_with_distance_only,0,14,42,0.427992731,0.343820624,1,0,1,0.318161398,0.208262824,0.208262824,1,1,0,0,0
64.15,1.80162841,-2.09716844,-12.7974642,0.05,-0.102242097,FollowWall,following_with_distance_only,0,14,42,0.427992731,0.343820624,1,0,1,0.318161398,0.207625195,0.207625195,1,1,0,0,0
64.2,1.80406488,-2.09772844,-13.0907692,0.05,-0.102319881,FollowWall,following_with_distance_only,0,14,42,0.422590643,0.3388863,1,0,1,0.318213254,0.206977665,0.206977665,1,1,0,0,0
64.25,1.80649846,-2.0983009,-13.3839992,0.05,-0.102319881,FollowWall,following_with_distance_only,0,14,42,0.422590643,0.3388863,1,0,1,0.318213254,0.20632019,0.20632019,1,1,0,0,0
64.3,1.80892907,-2.09888581,-13.6771853,0.05,-0.102458149,FollowWall,following_with_distance_only,0,14,42,0.417274803,0.334014723,1,0,1,0.318305433,0.205652779,0.205652779,1,1,0,0,0
64.35,1.81135666,-2.09948316,-13.970511,0.05,-0.102458149,FollowWall,following_with_distance_only,0,14,42,0.417274803,0.334014723,1,0,1,0.318305433,0.204975397,0.204975397,1,1,0,0,0
64.4,1.81378115,-2.10009292,-14.263918,0.05,-0.102106512,FollowWall,following_with_distance_only,0,14,42,0.412037104,0.329204164,1,0,1,0.318071008,0.204288077,0.204288077,1,1,0,0,0
64.45,1.8162025,-2.10071509,-14.5569528,0.05,-0.102106512,FollowWall,following_with_distance_only,0,14,42,0.412037104,0.329204164,1,0,1,0.318071008,0.203590958,0.203590958,1,1,0,0,0
64.5,1.81862063,-2.10134963,-14.8497704,0.05,-0.101576954,FollowWall,following_with_distance_only,0,14,42,0.406881422,0.324453302,1,0,1,0.317717969,0.202884023,0.202884023,1,1,0,0,0
64.55,1.82103549,-2.1019965,-15.1418293,0.05,-0.101576954,FollowWall,following_with_distance_only,0,14,42,0.406881422,0.324453302,1,0,1,0.317717969,0.202167434,0.202167434,1,1,0,0,0
64.6,1.82344703,-2.10265566,-15.4334455,0.05,-0.101009622,FollowWall,following_with_distance_only,0,14,42,0.40181151,0.319760667,1,0,1,0.317339748,0.201441143,0.201441143,1,1,0,0,0
64.65,1.82585518,-2.10332707,-15.7241263,0.05,-0.101009622,FollowWall,following_with_distance_only,0,14,42,0.40181151,0.319760667,1,0,1,0.317339748,0.200705295,0.200705295,1,1,0,0,0
64.7,1.8282599,-2.10401067,-16.0142615,0.05,-0.100402683,FollowWall,following_with_distance_only,0,14,42,0.396827042,0.315124274,1,0,1,0.316935122,0.199959833,0.199959833,1,1,0,0,0
64.75,1.83066114,-2.10470643,-16.3033539,0.05,-0.100402683,FollowWall,following_with_distance_only,0,14,42,0.396827042,0.315124274,1,0,1,0.316935122,0.199204896,0.199204896,1,1,0,0,0
64.8,1.83305884,-2.10541427,-16.591838,0.05,-0.0997548848,FollowWall,following_with_distance_only,0,14,42,0.39192605,0.310542194,1,0,1,0.316503257,0.198440429,0.198440429,1,1,0,0,0
64.85,1.83545295,-2.10613416,-16.879194,0.05,-0.0997548848,FollowWall,following_with_distance_only,0,14,42,0.39192605,0.310542194,1,0,1,0.316503257,0.197666566,0.197666566,1,1,0,0,0
64.9,1.83784342,-2.10686603,-17.1658919,0.05,-0.0990652889,FollowWall,following_with_distance_only,0,14,42,0.387105912,0.306012354,1,0,1,0.316043526,0.196883253,0.196883253,1,1,0,0,0
64.95,1.84023021,-2.10760982,-17.4513829,0.05,-0.0990652889,FollowWall,following_with_distance_only,0,14,42,0.387105912,0.306012354,1,0,1,0.316043526,0.196090625,0.196090625,1,1,0,0,0
65,1.84261327,-2.10836549,-17.7361698,0.05,-0.0983328223,FollowWall,following_with_distance_only,0,14,42,0.382363886,0.297524517,1,0,1,0.315555215,0.195288631,0.195288631,1,1,0,0,0
65.05,1.84499255,-2.10913296,-18.0196716,0.05,-0.0983328223,FollowWall,following_with_distance_only,0,14,42,0.382363886,0.297524517,1,0,1,0.315555215,0.194477401,0.194477401,1,1,0,0,0
65.1,1.84736801,-2.10991219,-18.3024238,0.05,-0.0975563675,FollowWall,following_with_distance_only,0,14,42,0.377697349,0.292852857,1,0,1,0.315037578,0.193656889,0.193656889,1,1,0,0,0
65.15,1.84973961,-2.11070309,-18.583812,0.05,-0.0975563675,FollowWall,following_with_distance_only,0,14,42,0.377697349,0.292852857,1,0,1,0.315037578,0.192827223,0.192827223,1,1,0,0,0
65.2,1.8521073,-2.11150562,-18.8644044,0.05,-0.0967983752,FollowWall,following_with_distance_only,0,14,42,0.373103589,0.288233559,1,0,1,0.31453225,0.191988362,0.191988362,1,1,0,0,0
65.25,1.85447104,-2.11231971,-19.1436278,0.05,-0.0967983752,FollowWall,following_with_distance_only,0,14,42,0.373103589,0.288233559,1,0,1,0.31453225,0.191140419,0.191140419,1,1,0,0,0
65.3,1.85683079,-2.11314529,-19.4220527,0.05,-0.0961921513,FollowWall,following_with_distance_only,0,14,42,0.368579179,0.283664772,1,0,1,0.314128101,0.190283363,0.190283363,1,1,0,0,0
65.35,1.8591865,-2.1139823,-19.6992882,0.05,-0.0961921513,FollowWall,following_with_distance_only,0,14,42,0.368579179,0.283664772,1,0,1,0.314128101,0.189417273,0.189417273,1,1,0,0,0
65.4,1.86153815,-2.11483069,-19.9758298,0,0.6,TurnLeft,avoiding_front_obstacle,0,14,42,0.364118755,0.279144731,1,0,1,0.313697815,0.188542136,0.188542136,1,1,0,0,0
65.45,1.86291114,-2.11532225,-19.4209485,0,0.6,TurnLeft,avoiding_front_obstacle,0,14,42,0.364118755,0.279144731,1,0,1,0.313697815,0.188106526,0.188106526,1,1,0,0,0
65.5,1.86371597,-2.11559781,-18.3810705,0,0.6,TurnLeft,avoiding_front_obstacle,0,14,42,0.362868994,0.2769539,1,0,1,0.30887875,0.187960194,0.187960194,1,1,0,0,0
65.55,1.86418866,-2.11574885,-17.0582777,0,0.6,TurnLeft,avoiding_front_obstacle,0,14,42,0.362868994,0.2769539,1,0,1,0.30887875,0.188019457,0.187960194,1,1,0,0,0
65.6,1.86446648,-2.11583016,-15.5704514,0,0.6,TurnLeft,avoiding_front_obstacle,0,14,42,0.362886071,0.276700375,1,0,1,0.303230077,0.188235959,0.187960194,1,1,0,0,0
65.65,1.86462975,-2.11587324,-13.9863554,0,0.6,TurnLeft,avoiding_front_obstacle,0,14,42,0.362886071,0.276700375,1,0,1,0.303230077,0.188581067,0.187960194,1,1,0,0,0
65.7,1.86472566,-2.11589567,-12.3461022,0,0.6,TurnLeft,avoiding_front_obstacle,0,14,42,0.362537533,0.277948919,1,1,1,0.298241943,0.189037528,0.187960194,1,1,0,0,0
65.75,1.86478197,-2.11590714,-10.6730906,0,0.6,TurnLeft,avoiding_front_obstacle,0,14,42,0.362537533,0.277948919,1,1,1,0.298241943,0.189594778,0.187960194,1,1,0,0,0
65.8,1.86481499,-2.11591286,-8.98096991,0,0.6,TurnLeft,avoiding_front_obstacle,0,14,42,0.363364428,0.280536522,1,1,1,0.293463349,0.190246216,0.187960194,1,1,0,0,0
65.85,1.86483435,-2.11591562,-7.27770227,0,0.6,TurnLeft,avoiding_front_obstacle,0,14,42,0.363364428,0.280536522,1,1,1,0.293463349,0.19098759,0.187960194,1,1,0,0,0
65.9,1.86484568,-2.1159169,-5.56793223,0,0.6,TurnLeft,avoiding_front_obstacle,0,14,42,0.363127738,0.284418681,1,1,1,0.291539311,0.191816032,0.187960194,1,1,0,0,0
65.95,1.86485231,-2.11591745,-3.85436913,0,0.6,TurnLeft,avoiding_front_obstacle,0,14,42,0.363127738,0.284418681,1,1,1,0.291539311,0.192729474,0.187960194,1,1,0,0,0
66,1.86485619,-2.11591765,-2.13859341,0,0.6,TurnLeft,avoiding_front_obstacle,0,14,42,0.363406926,0.289623158,1,1,1,0.288486958,0.193726302,0.187960194,1,1,0,0,0
66.05,1.86485845,-2.1159177,-0.421526998,0,0.6,TurnLeft,avoiding_front_obstacle,0,14,42,0.363406926,0.289623158,1,1,1,0.288486958,0.194805144,0.187960194,1,1,0,0,0
66.1,1.86485977,-2.11591769,1.29629232,0,0.6,TurnLeft,avoiding_front_obstacle,0,14,42,0.363671869,0.291642847,1,1,1,0.287126929,0.192797579,0.187960194,1,1,0,0,0
66.15,1.86486054,-2.11591766,3.01455083,0,0.6,TurnLeft,avoiding_front_obstacle,0,14,42,0.363671869,0.291642847,1,1,1,0.287126929,0.189841361,0.187960194,1,1,0,0,0
66.2,1.86486099,-2.11591763,4.73306554,0,0.6,TurnLeft,avoiding_front_obstacle,0,14,42,0.363062352,0.287529902,1,1,1,0.285026819,0.186969473,0.186969473,1,1,0,0,0
66.25,1.86486125,-2.1159176,6.4517297,0,0.6,TurnLeft,avoiding_front_obstacle,0,14,42,0.363062352,0.287529902,1,1,1,0.285026819,0.1841847,0.1841847,1,1,0,0,0
66.3,1.8648614,-2.11591758,8.17048104,0,0.6,TurnLeft,avoiding_front_obstacle,0,14,42,0.363244176,0.280398538,1,1,1,0.283790469,0.181489666,0.181489666,1,1,0,0,0
66.35,1.86486149,-2.11591757,9.88928323,0,0.6,TurnLeft,avoiding_front_obstacle,0,14,42,0.363244176,0.280398538,1,1,1,0.283790469,0.178886865,0.178886865,1,1,0,0,0
66.4,1.86486154,-2.11591756,11.6081151,0,0.6,TurnLeft,avoiding_front_obstacle,0,14,42,0.362726271,0.277117437,1,1,1,0.284248352,0.176378678,0.176378678,1,1,0,0,0
66.45,1.86486157,-2.11591755,13.3269642,0,0.6,TurnLeft,avoiding_front_obstacle,0,14,42,0.362726271,0.277117437,1,1,1,0.284248352,0.173967385,0.173967385,1,1,0,0,0
66.5,1.86486159,-2.11591755,15.0458235,0,0.6,TurnLeft,avoiding_front_obstacle,0,14,42,0.362436056,0.275029905,1,0,1,0.285803258,0.17165517,0.17165517,1,1,0,0,0
66.55,1.8648616,-2.11591755,16.7646886,0,0.6,TurnLeft,avoiding_front_obstacle,0,14,42,0.362436056,0.275029905,1,0,1,0.285803258,0.169444122,0.169444122,1,1,0,0,0
66.6,1.86486161,-2.11591755,18.4835572,0,0.6,TurnLeft,avoiding_front_obstacle,0,14,42,0.361592621,0.27410378,1,0,1,0.288472772,0.167336234,0.167336234,1,1,0,0,0
66.65,1.86486161,-2.11591754,20.2024278,0,0.6,TurnLeft,avoiding_front_obstacle,0,14,42,0.361592621,0.27410378,1,0,1,0.288472772,0.165333406,0.165333406,1,1,0,0,0
66.7,1.86486161,-2.11591754,21.9212995,0,0.6,TurnLeft,avoiding_front_obstacle,0,14,42,0.361242443,0.274328228,1,0,1,0.293742001,0.163437443,0.163437443,1,1,0,0,0
66.75,1.86486161,-2.11591754,23.640172,0,0.6,TurnLeft,avoiding_front_obstacle,0,14,42,0.361242443,0.274328228,1,0,1,0.293742001,0.16165005,0.16165005,1,1,0,0,0
66.8,1.86486161,-2.11591754,25.3590448,0,0.6,TurnLeft,avoiding_front_obstacle,0,14,42,0.360069007,0.275713176,1,0,1,0.300465554,0.159972838,0.159972838,1,1,0,0,0
66.85,1.86486161,-2.11591754,27.0779179,0,0.6,TurnLeft,avoiding_front_obstacle,0,14,42,0.360069007,0.275713176,1,0,1,0.300465554,0.158407316,0.158407316,1,1,0,0,0
66.9,1.86486161,-2.11591754,28.7967911,0,0.6,TurnLeft,avoiding_front_obstacle,0,14,42,0.359698862,0.27828982,1,0,1,0.308809817,0.156954893,0.156954893,1,1,0,0,0
66.95,1.86486161,-2.11591754,30.5156643,0,0.6,TurnLeft,avoiding_front_obstacle,0,14,42,0.359698862,0.27828982,1,0,1,0.308809817,0.155616876,0.155616876,1,1,0,0,0
67,1.86486161,-2.11591754,32.2345377,0,0.6,TurnLeft,avoiding_front_obstacle,0,14,42,0.358338177,0.282112217,1,0,1,0.319009036,0.154394469,0.154394469,1,1,0,0,0
67.05,1.86486161,-2.11591754,33.953411,0,0.6,TurnLeft,avoiding_front_obstacle,0,14,42,0.358338177,0.282112217,1,0,1,0.319009036,0.153288772,0.153288772,1,1,0,0,0
67.1,1.86486161,-2.11591754,35.6722844,0,0.6,TurnLeft,avoiding_front_obstacle,0,14,42,0.357378244,0.295488352,1,0,1,0.331367195,0.152300781,0.152300781,1,1,0,0,0
67.15,1.86486161,-2.11591754,37.3911577,0,0.6,TurnLeft,avoiding_front_obstacle,0,14,42,0.357378244,0.295488352,1,0,1,0.331367195,0.151431385,0.151431385,1,1,0,0,0
67.2,1.86486161,-2.11591754,39.1100311,0,0.6,TurnLeft,avoiding_front_obstacle,0,14,42,0.357627034,0.304674163,1,0,1,0.345712781,0.150681366,0.150681366,1,1,0,0,0
67.25,1.86486161,-2.11591754,40.8289045,0,0.6,TurnLeft,avoiding_front_obstacle,0,14,42,0.357627034,0.304674163,1,0,1,0.345712781,0.150051398,0.150051398,1,1,0,0,0
67.3,1.86486161,-2.11591754,42.5477779,0,0.6,TurnLeft,avoiding_front_obstacle,0,14,42,0.359100789,0.314028743,1,0,1,0.362925738,0.14954205,0.14954205,1,1,0,0,0
67.35,1.86486161,-2.11591754,44.2666513,0,0.6,TurnLeft,avoiding_front_obstacle,0,14,42,0.359100789,0.314028743,1,0,1,0.362925738,0.149153778,0.149153778,1,1,0,0,0
67.4,1.86486161,-2.11591754,45.9855246,0,0.6,TurnLeft,avoiding_front_obstacle,0,14,42,0.36183849,0.325316283,1,0,1,0.383419365,0.148886934,0.148886934,1,1,0,0,0
67.45,1.86486161,-2.11591754,47.704398,0,0.6,TurnLeft,avoiding_front_obstacle,0,14,42,0.36183849,0.325316283,1,0,1,0.383419365,0.148741756,0.148741756,1,1,0,0,0
67.5,1.86486161,-2.11591754,49.4232714,0,0.6,TurnLeft,avoiding_front_obstacle,0,14,42,0.365903825,0.344524738,1,0,1,0.397473335,0.148718376,0.148718376,1,1,0,0,0
67.55,1.86486161,-2.11591754,51.1421448,0,0.6,TurnLeft,avoiding_front_obstacle,0,14,42,0.365903825,0.344524738,1,0,1,0.397473335,0.148816814,0.148718376,1,1,0,0,0
67.6,1.86486161,-2.11591754,52.8610182,0,0.6,TurnLeft,avoiding_front_obstacle,0,14,42,0.371388167,0.372725435,1,0,1,0.395527244,0.149036982,0.148718376,1,1,0,0,0
67.65,1.86486161,-2.11591754,54.5798916,0,0.6,TurnLeft,avoiding_front_obstacle,0,14,42,0.371388167,0.372725435,1,0,1,0.395527244,0.149378682,0.148718376,1,1,0,0,0
67.7,1.86486161,-2.11591754,56.298765,0,0.6,TurnLeft,avoiding_front_obstacle,0,14,42,0.378415436,0.397556622,1,0,1,0.394158691,0.149841607,0.148718376,1,1,0,0,0
67.75,1.86486161,-2.11591754,58.0176383,0,0.6,TurnLeft,avoiding_front_obstacle,0,14,42,0.378415436,0.397556622,1,0,1,0.394158691,0.150425339,0.148718376,1,1,0,0,0
67.8,1.86486161,-2.11591754,59.7365117,0,0.6,TurnLeft,avoiding_front_obstacle,0,14,42,0.38714847,0.426823974,1,0,1,0.390448779,0.151129353,0.148718376,1,1,0,0,0
67.85,1.86486161,-2.11591754,61.4553851,0,0.6,TurnLeft,avoiding_front_obstacle,0,14,42,0.38714847,0.426823974,1,0,1,0.390448779,0.151953017,0.148718376,1,1,0,0,0
67.9,1.86486161,-2.11591754,63.1742585,0,0.6,TurnLeft,avoiding_front_obstacle,0,14,42,0.397798419,0.486837726,1,0,1,0.388630599,0.152895588,0.148718376,1,1,0,0,0
67.95,1.86486161,-2.11591754,64.8931319,0,0.6,TurnLeft,avoiding_front_obstacle,0,14,42,0.397798419,0.486837726,1,0,1,0.388630599,0.153956218,0.148718376,1,1,0,0,0
68,1.86486161,-2.11591754,66.6120053,0,0.6,TurnLeft,avoiding_front_obstacle,0,14,42,0.410637617,0.548950847,1,0,1,0.379383296,0.155133953,0.148718376,1,1,0,0,0
68.05,1.86486161,-2.11591754,68.3308787,0,0.6,TurnLeft,avoiding_front_obstacle,0,14,42,0.410637617,0.548950847,1,0,1,0.379383296,0.156427733,0.148718376,1,1,0,0,0
68.1,1.86486161,-2.11591754,70.049752,0,0.6,TurnLeft,avoiding_front_obstacle,0,14,42,0.426017731,0.648443743,1,0,1,0.368527681,0.157836393,0.148718376,1,1,0,0,0
68.15,1.86486161,-2.11591754,71.7686254,0,0.6,TurnLeft,avoiding_front_obstacle,0,14,42,0.426017731,0.648443743,1,0,1,0.368527681,0.159358667,0.148718376,1,1,0,0,0
68.2,1.86486161,-2.11591754,73.4874988,0,0.6,TurnLeft,avoiding_front_obstacle,0,14,42,0.444040686,0.7522803,1,0,1,0.359401911,0.160993184,0.148718376,1,1,0,0,0
68.25,1.86486161,-2.11591754,75.2063722,0,0.6,TurnLeft,avoiding_front_obstacle,0,14,42,0.444040686,0.7522803,1,0,1,0.359401911,0.162738472,0.148718376,1,1,0,0,0
68.3,1.86486161,-2.11591754,76.9252456,0,0.6,TurnLeft,avoiding_front_obstacle,0,14,42,0.465099543,0.986775155,1,0,1,0.351840645,0.164592962,0.148718376,1,1,0,0,0
68.35,1.86486161,-2.11591754,78.644119,0,0.6,TurnLeft,avoiding_front_obstacle,0,14,42,0.465099543,0.986775155,1,0,1,0.351840645,0.166554985,0.148718376,1,1,0,0,0
68.4,1.86486161,-2.11591754,80.3629924,0,0.6,TurnLeft,avoiding_front_obstacle,0,14,42,0.490362793,1.3419075,1,0,1,0.345716268,0.168622774,0.148718376,1,1,0,0,0
68.45,1.86486161,-2.11591754,82.0818657,0,0.6,TurnLeft,avoiding_front_obstacle,0,14,42,0.490362793,1.3419075,1,0,1,0.345716268,0.170794469,0.148718376,1,1,0,0,0
68.5,1.86486161,-2.11591754,83.8007391,0,0.6,TurnLeft,avoiding_front_obstacle,0,14,42,0.52084291,2.0743258,1,0,1,0.342515796,0.173068116,0.148718376,1,1,0,0,0
68.55,1.86486161,-2.11591754,85.5196125,0,0.6,TurnLeft,avoiding_front_obstacle,0,14,42,0.52084291,2.0743258,1,0,1,0.342515796,0.175441668,0.148718376,1,1,0,0,0
68.6,1.86486161,-2.11591754,87.2384859,0,0.6,TurnLeft,avoiding_front_obstacle,0,14,42,0.55793488,2.47396565,1,0,1,0.340824366,0.177912989,0.148718376,1,1,0,0,0
68.65,1.86486161,-2.11591754,88.9573593,0,0.6,TurnLeft,avoiding_front_obstacle,0,14,42,0.55793488,2.47396565,1,0,1,0.340824366,0.180479856,0.148718376,1,1,0,0,0
68.7,1.86486161,-2.11591754,90.6762327,0,0.6,TurnLeft,avoiding_front_obstacle,0,14,42,0.603610575,2.47463112,1,0,1,0.338489622,0.181039165,0.148718376,1,1,0,0,0
68.75,1.86486161,-2.11591754,92.3951061,0,0.6,TurnLeft,avoiding_front_obstacle,0,14,42,0.603610575,2.47463112,1,0,1,0.338489622,0.178452226,0.148718376,1,1,0,0,0
68.8,1.86486161,-2.11591754,94.1139794,0,0.6,TurnLeft,avoiding_front_obstacle,0,14,42,0.660746038,2.47526797,1,0,1,0.3373577,0.175960348,0.148718376,1,1,0,0,0
68.85,1.86486161,-2.11591754,95.8328528,0,0.6,TurnLeft,avoiding_front_obstacle,0,14,42,0.660746038,2.47526797,1,0,1,0.3373577,0.173565773,0.148718376,1,1,0,0,0
68.9,1.86486161,-2.11591754,97.5517262,0,0,FollowWall,front_obstacle_cleared,0,14,42,0.705008149,2.48499671,1,1,1,0.334917486,0.171270655,0.148718376,1,1,0,0,0
68.95,1.86486161,-2.11591754,98.5544023,0.0592890084,-0.310664873,FollowWall,following_right_wall,0,14,42,0.705008149,2.48499671,1,1,1,0.334917486,0.169978591,0.148718376,1,1,0,0,0
69,1.8646756,-2.11469644,98.7684679,0.0583970167,-0.32404475,FollowWall,following_right_wall,0,14,42,0.689544857,2.48950276,1,1,1,0.334819168,0.170928357,0.148718376,1,1,0,0,0
69.05,1.86438468,-2.11278128,98.5065395,0.0583970167,-0.32404475,FollowWall,following_right_wall,0,14,42,0.689544857,2.48950276,1,1,1,0.334819168,0.173175738,0.148718376,1,1,0,0,0
69.1,1.86404849,-2.11045889,97.9669481,0.0590493188,-0.314260218,FollowWall,following_right_wall,0,14,42,0.698234618,2.48163833,1,1,1,0.335487962,0.176190032,0.148718376,1,1,0,0,0
69.15,1.86370376,-2.10788281,97.2770659,0.0590493188,-0.314260218,FollowWall,following_right_wall,0,14,42,0.698234618,2.48163833,1,1,1,0.335487962,0.179665363,0.148718376,1,1,0,0,0
69.2,1.86337439,-2.10515633,96.4995141,0.0604399179,-0.293401232,FollowWall,following_right_wall,0,14,42,0.71180284,2.47090011,1,1,1,0.337429434,0.183424905,0.148718376,1,1,0,0,0
69.25,1.86307047,-2.10231134,95.6957203,0.0604399179,-0.293401232,FollowWall,following_right_wall,0,14,42,0.71180284,2.47090011,1,1,1,0.337429434,0.187359388,0.148718376,1,1,0,0,0
69.3,1.86280069,-2.09939561,94.8766186,0.0615033569,-0.277449647,FollowWall,following_right_wall,0,14,42,0.678471863,2.46109726,1,1,1,0.338794172,0.191407699,0.148718376,1,1,0,0,0
69.35,1.8625676,-2.09641529,94.0676282,0.0615033569,-0.277449647,FollowWall,following_right_wall,0,14,42,0.678471863,2.46109726,1,1,1,0.338794172,0.195528531,0.148718376,1,1,0,0,0
69.4,1.86237416,-2.09339633,93.264536,0.0630399384,-0.254400924,FollowWall,following_right_wall,0,14,42,0.648714602,2.45312323,1,1,1,0.339309931,0.199700991,0.148718376,1,1,0,0,0
69.45,1.86221959,-2.09032221,92.4923969,0.0630399384,-0.254400924,FollowWall,following_right_wall,0,14,42,0.648714602,2.45312323,1,1,1,0.339309931,0.203903959,0.148718376,1,1,0,0,0
69.5,1.86210484,-2.08721549,91.7383136,0.05,-0.135720536,FollowWall,following_with_distance_only,0,14,42,0.623155653,2.44694061,1,0,1,0.340480357,0.208131667,0.148718376,1,1,0,0,0
69.55,1.86203322,-2.08436124,91.1364272,0.05,-0.135720536,FollowWall,following_with_distance_only,0,14,42,0.623155653,2.44694061,1,0,1,0.340480357,0.211893682,0.148718376,1,1,0,0,0
69.6,1.86199165,-2.08165438,90.6233224,0.05,-0.138124511,FollowWall,following_with_distance_only,0,14,42,0.605843663,2.44063965,1,0,1,0.342083007,0.215383439,0.148718376,1,1,0,0,0
69.65,1.86197376,-2.07903359,90.1591373,0.05,-0.138124511,FollowWall,following_with_distance_only,0,14,42,0.605843663,2.44063965,1,0,1,0.342083007,0.218719607,0.148718376,1,1,0,0,0
69.7,1.86197639,-2.0764631,89.7234886,0.05,-0.138519734,FollowWall,following_with_distance_only,0,14,42,0.592581272,2.43445033,1,0,1,0.342346489,0.221108575,0.148718376,1,1,0,0,0
69.75,1.86199795,-2.07392207,89.3040145,0.05,-0.138519734,FollowWall,following_with_distance_only,0,14,42,0.592581272,2.43445033,1,0,1,0.342346489,0.223004382,0.148718376,1,1,0,0,0
69.8,1.86203764,-2.07139839,88.8939755,0.05,-0.139290199,FollowWall,following_with_distance_only,0,14,42,0.580865026,2.42904349,1,0,1,0.342860132,0.224902685,0.148718376,1,1,0,0,0
69.85,1.86209506,-2.06888505,88.4885206,0.05,-0.139290199,FollowWall,following_with_distance_only,0,14,42,0.580865026,2.42904349,1,0,1,0.342860132,0.226802864,0.148718376,1,1,0,0,0
69.9,1.86217003,-2.06637801,88.0857399,0.05,-0.138444409,FollowWall,following_with_distance_only,0,14,42,0.569893897,2.42421749,1,0,1,0.342296273,0.228705963,0.148718376,1,1,0,0,0
69.95,1.86226244,-2.06387495,87.6855286,0.05,-0.138444409,FollowWall,following_with_distance_only,0,14,42,0.569893897,2.42421749,1,0,1,0.342296273,0.230614064,0.148718376,1,1,0,0,0
70,1.86237222,-2.06137459,87.2868162,0.05,-0.138886571,FollowWall,following_with_distance_only,0,14,42,0.559455872,2.41991395,1,0,1,0.342591047,0.232526826,0.148718376,1,1,0,0,0
70.05,1.86249932,-2.0588762,86.8884503,0.05,-0.138886571,FollowWall,following_with_distance_only,0,14,42,0.559455872,2.41991395,1,0,1,0.342591047,0.234443249,0.148718376,1,1,0,0,0
70.1,1.86264375,-2.05637942,86.4902866,0.05,-0.139889091,FollowWall,following_with_distance_only,0,14,42,0.549431562,2.41611546,1,0,1,0.343259394,0.236363503,0.148718376,1,1,0,0,0
70.15,1.86280552,-2.05388411,86.0910441,0.05,-0.139889091,FollowWall,following_with_distance_only,0,14,42,0.549431562,2.41611546,1,0,1,0.343259394,0.238285937,0.148718376,1,1,0,0,0
70.2,1.86298468,-2.05139022,85.6911724,0.05,-0.140886292,FollowWall,following_with_distance_only,0,14,42,0.539740801,2.41282274,1,0,1,0.343924195,0.240211299,0.148718376,1,1,0,0,0
70.25,1.86318125,-2.04889777,85.2897432,0.05,-0.140886292,FollowWall,following_with_distance_only,0,14,42,0.539740801,2.41282274,1,0,1,0.343924195,0.242138309,0.148718376,1,1,0,0,0
70.3,1.8633953,-2.04640684,84.8874056,0.05,-0.140654549,FollowWall,following_with_distance_only,0,14,42,0.530346155,2.4100434,1,0,1,0.343769699,0.244067889,0.148718376,1,1,0,0,0
70.35,1.86362684,-2.04391752,84.4848146,0.05,-0.140654549,FollowWall,following_with_distance_only,0,14,42,0.530346155,2.4100434,1,0,1,0.343769699,0.246000911,0.148718376,1,1,0,0,0
70.4,1.86387586,-2.04142992,84.0820759,0.05,-0.140449941,FollowWall,following_with_distance_only,0,14,42,0.521266699,2.14713916,1,0,1,0.343633294,0.247937452,0.148718376,1,1,0,0,0
70.45,1.86414236,-2.03894414,83.6794952,0.05,-0.140449941,FollowWall,following_with_distance_only,0,14,42,0.521266699,2.14713916,1,0,1,0.343633294,0.249877844,0.148718376,1,1,0,0,0
70.5,1.86442631,-2.0364603,83.2770067,0.05,-0.140046269,FollowWall,following_with_distance_only,0,14,42,0.512504697,1.96170908,1,0,1,0.343364179,0.251821906,0.148718376,1,1,0,0,0
70.55,1.86472769,-2.03397853,82.8750539,0.05,-0.140046269,FollowWall,following_with_distance_only,0,14,42,0.512504697,1.96170908,1,0,1,0.343364179,0.253770129,0.148718376,1,1,0,0,0
70.6,1.86504647,-2.03149893,82.4734134,0.05,-0.139665753,FollowWall,following_with_distance_only,0,14,42,0.504055142,1.68552097,1,0,1,0.343110502,0.255722106,0.148718376,1,1,0,0,0
70.65,1.8653826,-2.02902163,82.0724095,0.05,-0.139665753,FollowWall,following_with_distance_only,0,14,42,0.504055142,1.68552097,1,0,1,0.343110502,0.257678153,0.148718376,1,1,0,0,0
70.7,1.86573606,-2.02654674,81.6717768,0.05,-0.1405233,FollowWall,following_with_distance_only,0,14,42,0.495905727,1.56725084,1,0,1,0.3436822,0.259637812,0.148718376,1,1,0,0,0
70.75,1.86610683,-2.02407439,81.270337,0.05,-0.1405233,FollowWall,following_with_distance_only,0,14,42,0.495905727,1.56725084,1,0,1,0.3436822,0.261599479,0.148718376,1,1,0,0,0
70.8,1.86649493,-2.02160469,80.8684265,0.05,-0.14045991,FollowWall,following_with_distance_only,0,14,42,0.488010019,1.38766164,1,0,1,0.34363994,0.263563509,0.148718376,1,1,0,0,0
70.85,1.86690034,-2.01913779,80.4663171,0.05,-0.14045991,FollowWall,following_with_distance_only,0,14,42,0.488010019,1.38766164,1,0,1,0.34363994,0.265530159,0.148718376,1,1,0,0,0
70.9,1.86732306,-2.01667378,80.0640915,0.05,-0.141051203,FollowWall,following_with_distance_only,0,14,42,0.480362594,1.30528152,1,0,1,0.344034135,0.267499442,0.148718376,1,1,0,0,0
70.95,1.86776309,-2.01421281,79.6610925,0.05,-0.141051203,FollowWall,following_with_distance_only,0,14,42,0.480362594,1.30528152,1,0,1,0.344034135,0.269470466,0.148718376,1,1,0,0,0
71,1.86822042,-2.011755,79.2576423,0.05,-0.141820863,FollowWall,following_with_distance_only,0,14,42,0.472943515,1.1712842,1,0,1,0.344547242,0.271443548,0.148718376,1,1,0,0,0
71.05,1.86869507,-2.00930047,78.8530101,0.05,-0.141820863,FollowWall,following_with_distance_only,0,14,42,0.472943515,1.1712842,1,0,1,0.344547242,0.273417741,0.148718376,1,1,0,0,0
71.1,1.86918706,-2.00684936,78.4476885,0.05,-0.142563432,FollowWall,following_with_distance_only,0,14,42,0.465732783,1.05613122,1,0,1,0.345042288,0.275393564,0.148718376,1,1,0,0,0
71.15,1.86969641,-2.0044018,78.0410783,0.05,-0.142563432,FollowWall,following_with_distance_only,0,14,42,0.465732783,1.05613122,1,0,1,0.345042288,0.277370249,0.148718376,1,1,0,0,0
71.2,1.87022312,-2.00195791,77.6337165,0.05,-0.143277615,FollowWall,following_with_distance_only,0,14,42,0.458718538,1.00516397,1,0,1,0.34551841,0.279348355,0.148718376,1,1,0,0,0
71.25,1.87076723,-1.99951784,77.2250637,0.05,-0.143277615,FollowWall,following_with_distance_only,0,14,42,0.458718538,1.00516397,1,0,1,0.34551841,0.2813272,0.148718376,1,1,0,0,0
71.3,1.87132874,-1.99708172,76.8156579,0.05,-0.143961623,FollowWall,following_with_distance_only,0,14,42,0.451892614,0.922206205,1,0,1,0.345974416,0.283307328,0.148718376,1,1,0,0,0
71.35,1.87190767,-1.99464967,76.4049963,0.05,-0.143961623,FollowWall,following_with_distance_only,0,14,42,0.451892614,0.922206205,1,0,1,0.345974416,0.285288111,0.148718376,1,1,0,0,0
71.4,1.87250404,-1.99222184,75.9936021,0.05,-0.144613355,FollowWall,following_with_distance_only,0,14,42,0.445247889,0.881466738,1,0,1,0.346408904,0.287270058,0.148718376,1,1,0,0,0
71.45,1.87311784,-1.98979837,75.5810027,0.05,-0.144613355,FollowWall,following_with_distance_only,0,14,42,0.445247889,0.881466738,1,0,1,0.346408904,0.289252587,0.148718376,1,1,0,0,0
71.5,1.8737491,-1.98737937,75.1677003,0.05,-0.145231023,FollowWall,following_with_distance_only,0,14,42,0.438777745,0.819751759,1,0,1,0.346820682,0.291236167,0.148718376,1,1,0,0,0
71.55,1.87439781,-1.98496501,74.7532504,0.05,-0.145231023,FollowWall,following_with_distance_only,0,14,42,0.438777745,0.819751759,1,0,1,0.346820682,0.293220257,0.148718376,1,1,0,0,0
71.6,1.87506399,-1.9825554,74.3381312,0.05,-0.145813018,FollowWall,following_with_distance_only,0,14,42,0.432475537,0.786759852,1,0,1,0.347208679,0.295205282,0.148718376,1,1,0,0,0
71.65,1.87574762,-1.98015069,73.9219269,0.05,-0.145813018,FollowWall,following_with_distance_only,0,14,42,0.432475537,0.786759852,1,0,1,0.347208679,0.297190743,0.148718376,1,1,0,0,0
71.7,1.87644873,-1.97775101,73.5050896,0.05,-0.146357909,FollowWall,following_with_distance_only,0,14,42,0.42633453,0.730534227,1,0,1,0.347571939,0.29917702,0.148718376,1,1,0,0,0
71.75,1.87716729,-1.9753565,73.0872326,0.05,-0.146357909,FollowWall,following_with_distance_only,0,14,42,0.42633453,0.730534227,1,0,1,0.347571939,0.301163653,0.148718376,1,1,0,0,0
71.8,1.87790331,-1.9729673,72.6687808,0.05,-0.146864757,FollowWall,following_with_distance_only,0,14,42,0.420348018,0.676593943,1,0,1,0.347909838,0.30315098,0.148718376,1,1,0,0,0
71.85,1.87865677,-1.97058355,72.249377,0.05,-0.146864757,FollowWall,following_with_distance_only,0,14,42,0.420348018,0.676593943,1,0,1,0.347909838,0.305138577,0.148718376,1,1,0,0,0
71.9,1.87942768,-1.96820537,71.8294179,0.05,-0.147720069,FollowWall,following_with_distance_only,0,14,42,0.414509118,0.652522368,1,0,1,0.348480046,0.307126739,0.148718376,1,1,0,0,0
71.95,1.88021603,-1.96583293,71.408114,0.05,-0.147720069,FollowWall,following_with_distance_only,0,14,42,0.414509118,0.652522368,1,0,1,0.348480046,0.309114658,0.148718376,1,1,0,0,0
72,1.88102181,-1.96346634,70.9860255,0.05,-0.149158582,FollowWall,following_with_distance_only,0,14,42,0.408805221,0.613509828,1,0,1,0.349439055,0.311102775,0.148718376,1,1,0,0,0
72.05,1.88184505,-1.96110578,70.5617622,0.05,-0.149158582,FollowWall,following_with_distance_only,0,14,42,0.408805221,0.613509828,1,0,1,0.349439055,0.313089786,0.148718376,1,1,0,0,0
72.1,1.88268578,-1.95875138,70.1362304,0.05,-0.150608271,FollowWall,following_with_distance_only,0,14,42,0.403218299,0.592440919,1,0,1,0.350405514,0.315076439,0.148718376,1,1,0,0,0
72.15,1.88354402,-1.95640331,69.7082281,0.05,-0.150608271,FollowWall,following_with_distance_only,0,14,42,0.403218299,0.592440919,1,0,1,0.350405514,0.31706165,0.148718376,1,1,0,0,0
72.2,1.8844198,-1.95406173,69.2787847,0.05,-0.150933579,FollowWall,following_with_distance_only,0,14,42,0.397737026,0.563253772,1,0,1,0.350622386,0.319046248,0.148718376,1,1,0,0,0
72.25,1.88531314,-1.95172679,68.8481124,0.05,-0.150933579,FollowWall,following_with_distance_only,0,14,42,0.397737026,0.563253772,1,0,1,0.350622386,0.321030345,0.148718376,1,1,0,0,0
72.3,1.88622401,-1.94939863,68.4167232,0.05,-0.151279584,FollowWall,following_with_distance_only,0,14,42,0.392368227,0.529874892,1,0,1,0.350853056,0.323014278,0.148718376,1,1,0,0,0
72.35,1.8871524,-1.94707741,67.9845028,0.05,-0.151279584,FollowWall,following_with_distance_only,0,14,42,0.392368227,0.529874892,1,0,1,0.350853056,0.32499787,0.148718376,1,1,0,0,0
72.4,1.88809829,-1.94476326,67.5517975,0.05,-0.151645616,FollowWall,following_with_distance_only,0,14,42,0.387111604,0.513766641,1,0,1,0.351097077,0.326981303,0.148718376,1,1,0,0,0
72.45,1.88906165,-1.94245632,67.1183725,0.05,-0.151645616,FollowWall,following_with_distance_only,0,14,42,0.387111604,0.513766641,1,0,1,0.351097077,0.328964303,0.148718376,1,1,0,0,0
72.5,1.89004243,-1.94015674,66.6845276,0.05,-0.152035922,FollowWall,following_with_distance_only,0,14,42,0.381961167,0.480979321,1,0,1,0.351357281,0.330947001,0.148718376,1,1,0,0,0
72.55,1.89104061,-1.93786466,66.2499719,0.05,-0.152035922,FollowWall,following_with_distance_only,0,14,42,0.381961167,0.480979321,1,0,1,0.351357281,0.33292909,0.148718376,1,1,0,0,0
72.6,1.89205616,-1.93558022,65.8150016,0.05,-0.152456939,FollowWall,following_with_distance_only,0,14,42,0.376909226,0.458002451,1,0,1,0.351637959,0.334910685,0.148718376,1,1,0,0,0
72.65,1.89308903,-1.93330357,65.3792868,0.05,-0.152456939,FollowWall,following_with_distance_only,0,14,42,0.376909226,0.458002451,1,0,1,0.351637959,0.336891464,0.148718376,1,1,0,0,0
72.7,1.8941392,-1.93103483,64.9431378,0.05,-0.15291582,FollowWall,following_with_distance_only,0,14,42,0.371947646,0.444348858,1,0,1,0.35194388,0.338871541,0.148718376,1,1,0,0,0
72.75,1.89520662,-1.92877417,64.5061877,0.05,-0.15291582,FollowWall,following_with_distance_only,0,14,42,0.371947646,0.444348858,1,0,1,0.35194388,0.34085058,0.148718376,1,1,0,0,0
72.8,1.89629126,-1.92652171,64.0687704,0.05,-0.153420478,FollowWall,following_with_distance_only,0,14,42,0.367068291,0.42767834,1,0,1,0.352280319,0.342828701,0.148718376,1,1,0,0,0
72.85,1.89739308,-1.92427761,63.630478,0.05,-0.153420478,FollowWall,following_with_distance_only,0,14,42,0.367068291,0.42767834,1,0,1,0.352280319,0.344805558,0.148718376,1,1,0,0,0
72.9,1.89851205,-1.92204201,63.1916753,0.05,-0.154605702,FollowWall,following_with_distance_only,0,14,42,0.362263173,0.415621492,1,0,1,0.353070468,0.346781278,0.148718376,1,1,0,0,0
72.95,1.89964814,-1.91981506,62.7511601,0.05,-0.154605702,FollowWall,following_with_distance_only,0,14,42,0.362263173,0.415621492,1,0,1,0.353070468,0.34875507,0.148718376,1,1,0,0,0
73,1.90080133,-1.91759692,62.3096459,0.05,-0.155837953,FollowWall,following_with_distance_only,0,14,42,0.357491791,0.394300164,1,0,1,0.353891969,0.350727274,0.148718376,1,1,0,0,0
73.05,1.90197162,-1.91538775,61.8660781,0.05,-0.155837953,FollowWall,following_with_distance_only,0,14,42,0.357491791,0.394300164,1,0,1,0.353891969,0.352697234,0.148718376,1,1,0,0,0
73.1,1.90315901,-1.91318773,61.4213124,0.05,-0.157080442,FollowWall,following_with_distance_only,0,14,42,0.35198617,0.370782237,1,0,1,0.354720294,0.354665348,0.148718376,1,1,0,0,0
73.15,1.90436347,-1.910997,60.9743647,0.05,-0.157080442,FollowWall,following_with_distance_only,0,14,42,0.35198617,0.370782237,1,0,1,0.354720294,0.35663104,0.148718376,1,1,0,0,0
73.2,1.90558502,-1.90881576,60.5261443,0.05,-0.15833661,FollowWall,following_with_distance_only,0,14,42,0.346582651,0.360854577,1,0,1,0.35555774,0.358594704,0.148718376,1,1,0,0,0
73.25,1.90682363,-1.90664416,60.075682,0.05,-0.15833661,FollowWall,following_with_distance_only,0,14,42,0.346582651,0.360854577,1,0,1,0.35555774,0.360555808,0.148718376,1,1,0,0,0
73.3,1.9080793,-1.90448238,59.6239119,0.05,-0.159609005,FollowWall,following_with_distance_only,0,14,42,0.341280758,0.346319203,1,0,1,0.356406003,0.362514726,0.148718376,1,1,0,0,0
73.35,1.90935202,-1.9023306,59.1698601,0.05,-0.159609005,FollowWall,following_with_distance_only,0,14,42,0.341280758,0.346319203,1,0,1,0.356406003,0.364470958,0.148718376,1,1,0,0,0
73.4,1.91064178,-1.90018898,58.7144774,0.05,-0.160900488,FollowWall,following_with_distance_only,0,14,42,0.336079985,0.33676043,1,0,1,0.357266992,0.36642485,0.148718376,1,1,0,0,0
73.45,1.91194856,-1.89805771,58.2567766,0.05,-0.160900488,FollowWall,following_with_distance_only,0,14,42,0.336079985,0.33676043,1,0,1,0.357266992,0.368375932,0.148718376,1,1,0,0,0
73.5,1.91327235,-1.89593696,57.7977237,0.05,-0.162214816,FollowWall,following_with_distance_only,0,14,42,0.330979735,0.327238629,1,0,1,0.35814321,0.370324521,0.148718376,1,1,0,0,0
73.55,1.91461313,-1.89382691,57.3363132,0.05,-0.162214816,FollowWall,following_with_distance_only,0,14,42,0.330979735,0.327238629,1,0,1,0.35814321,0.372270174,0.148718376,1,1,0,0,0
73.6,1.91597089,-1.89172774,56.8735274,0.05,-0.163556546,FollowWall,following_with_distance_only,0,14,42,0.325979173,0.311193549,1,0,1,0.359037697,0.374213178,0.148718376,1,1,0,0,0
73.65,1.9173456,-1.88963964,56.4083377,0.05,-0.163556546,FollowWall,following_with_distance_only,0,14,42,0.325979173,0.311193549,1,0,1,0.359037697,0.376153122,0.148718376,1,1,0,0,0
73.7,1.91873724,-1.88756278,55.9417458,0.05,-0.164931446,FollowWall,following_with_distance_only,0,14,42,0.321077079,0.292958207,1,0,1,0.359954298,0.378090258,0.148718376,1,1,0,0,0
73.75,1.9201458,-1.88549736,55.4726948,0.05,-0.164931446,FollowWall,following_with_distance_only,0,14,42,0.321077079,0.292958207,1,0,1,0.359954298,0.380024207,0.148718376,1,1,0,0,0
73.8,1.92157124,-1.88344355,55.0022093,0.05,-0.166346624,FollowWall,following_with_distance_only,0,14,42,0.316271961,0.285467515,1,0,1,0.36089775,0.381955189,0.148718376,1,1,0,0,0
73.85,1.92301354,-1.88140156,54.5291978,0.05,-0.166346624,FollowWall,following_with_distance_only,0,14,42,0.316271961,0.285467515,1,0,1,0.36089775,0.383882855,0.148718376,1,1,0,0,0
73.9,1.92447268,-1.87937155,54.0547128,0,0.6,TurnLeft,avoiding_front_obstacle,0,14,42,0.311561972,0.275612693,1,0,1,0.361873657,0.385807394,0.148718376,1,1,0,0,0
73.95,1.92532421,-1.87818764,54.4941271,0,0.6,TurnLeft,avoiding_front_obstacle,0,14,42,0.311561972,0.275612693,1,0,1,0.361873657,0.387088656,0.148718376,1,1,0,0,0
74,1.92581238,-1.87749096,55.4666493,0,0.6,TurnLeft,avoiding_front_obstacle,0,14,42,0.312578052,0.279512572,1,0,1,0.353555471,0.388028969,0.148718376,1,1,0,0,0
74.05,1.9260891,-1.87707904,56.7501512,0,0.6,TurnLeft,avoiding_front_obstacle,0,14,42,0.312578052,0.279512572,1,0,1,0.353555471,0.388821726,0.148718376,1,1,0,0,0
74.1,1.9262447,-1.87683495,58.2150579,0,0.6,TurnLeft,avoiding_front_obstacle,0,14,42,0.317508966,0.294926664,1,0,1,0.341239482,0.389582691,0.148718376,1,1,0,0,0
74.15,1.92633167,-1.87669021,59.785784,0,0.6,TurnLeft,avoiding_front_obstacle,0,14,42,0.317508966,0.294926664,1,0,1,0.341239482,0.390378639,0.148718376,1,1,0,0,0
74.2,1.92638002,-1.87660439,61.4182382,0,0.6,TurnLeft,avoiding_front_obstacle,0,14,42,0.324861646,0.330270158,1,0,1,0.329052657,0.391247111,0.148718376,1,1,0,0,0
74.25,1.92640678,-1.87655354,63.0867004,0,0.6,TurnLeft,avoiding_front_obstacle,0,14,42,0.324861646,0.330270158,1,0,1,0.329052657,0.392208718,0.148718376,1,1,0,0,0
74.3,1.9264215,-1.87652343,64.7761672,0,0.6,TurnLeft,avoiding_front_obstacle,0,14,42,0.334261507,0.366027015,1,0,1,0.318126321,0.393274434,0.148718376,1,1,0,0,0
74.35,1.92642957,-1.87650562,66.4778868,0,0.6,TurnLeft,avoiding_front_obstacle,0,14,42,0.334261507,0.366027015,1,0,1,0.318126321,0.394449793,0.148718376,1,1,0,0,0
74.4,1.92643397,-1.87649509,68.1867538,0,0.6,TurnLeft,avoiding_front_obstacle,0,14,42,0.345750511,0.418714704,1,0,1,0.308654636,0.39573727,0.148718376,1,1,0,0,0
74.45,1.92643635,-1.87648888,69.8997901,0,0.6,TurnLeft,avoiding_front_obstacle,0,14,42,0.345750511,0.418714704,1,0,1,0.308654636,0.397137614,0.148718376,1,1,0,0,0
74.5,1.92643763,-1.87648522,71.6152585,0,0.6,TurnLeft,avoiding_front_obstacle,0,14,42,0.359365463,0.490227322,1,1,1,0.300580233,0.398650585,0.148718376,1,1,0,0,0
74.55,1.92643831,-1.87648306,73.3321457,0,0.6,TurnLeft,avoiding_front_obstacle,0,14,42,0.359365463,0.490227322,1,1,1,0.300580233,0.400275362,0.148718376,1,1,0,0,0
74.6,1.92643867,-1.87648179,75.0498604,0,0,FollowWall,front_obstacle_cleared,0,14,42,0.375214279,0.604478884,1,1,1,0.292986155,0.402010766,0.148718376,1,1,0,0,0
74.65,1.92643886,-1.87648104,76.0518607,0.0634291742,0.248562387,FollowWall,following_right_wall,0,14,42,0.375214279,0.604478884,1,1,1,0.292986155,0.403073624,0.148718376,1,1,0,0,0
74.7,1.92674762,-1.87519572,76.9330604,0.0648251493,0.227622761,FollowWall,following_right_wall,0,14,42,0.384675175,0.708757924,1,1,1,0.288551062,0.405323467,0.148718376,1,1,0,0,0
74.75,1.92721311,-1.87312579,77.7187982,0.0648251493,0.227622761,FollowWall,following_right_wall,0,14,42,0.384675175,0.708757924,1,1,1,0.288551062,0.408277269,0.148718376,1,1,0,0,0
74.8,1.92774751,-1.87059342,78.4488499,0.0668022151,0.197966773,FollowWall,following_right_wall,0,14,42,0.391756892,0.788060345,1,1,1,0.285191745,0.411650858,0.148718376,1,1,0,0,0
74.85,1.92831207,-1.86774741,79.1110188,0.0668022151,0.197966773,FollowWall,following_right_wall,0,14,42,0.391756892,0.788060345,1,1,1,0.285191745,0.415276404,0.148718376,1,1,0,0,0
74.9,1.92887824,-1.86471559,79.7335894,0.0684732983,0.172900525,FollowWall,following_right_wall,0,14,42,0.397767633,0.887492811,1,1,1,0.282345235,0.4190554,0.148718376,1,1,0,0,0
74.95,1.92943735,-1.86153876,80.3031404,0.0684732983,0.172900525,FollowWall,following_right_wall,0,14,42,0.397767633,0.887492811,1,1,1,0.282345235,0.422927803,0.148718376,1,1,0,0,0
75,1.92997923,-1.85827527,80.8417633,0.0699312175,0.151031737,FollowWall,following_right_wall,0,14,42,0.403109014,0.999319119,1,1,1,0.280217767,0.426859583,0.148718376,1,1,0,0,0
75.05,1.93050383,-1.85492949,81.3362408,0.0699312175,0.151031737,FollowWall,following_right_wall,0,14,42,0.403109014,0.999319119,1,1,1,0.280217767,0.430827833,0.148718376,1,1,0,0,0
75.1,1.93100699,-1.85153411,81.8049669,0.0711983517,0.132024724,FollowWall,following_right_wall,0,14,42,0.407925725,1.06478178,1,1,1,0.278307468,0.434821111,0.148718376,1,1,0,0,0
75.15,1.93149086,-1.8480823,82.2359834,0.0711983517,0.132024724,FollowWall,following_right_wall,0,14,42,0.407925725,1.06478178,1,1,1,0.278307468,0.438829441,0.148718376,1,1,0,0,0
75.2,1.93195348,-1.84459632,82.6450025,0.0723033128,0.115450308,FollowWall,following_right_wall,0,14,42,0.412279993,1.19308396,1,1,1,0.276611179,0.442849454,0.148718376,1,1,0,0,0
75.25,1.93239732,-1.84106648,83.0214057,0.0723033128,0.115450308,FollowWall,following_right_wall,0,14,42,0.412279993,1.19308396,1,1,1,0.276611179,0.446875811,0.148718376,1,1,0,0,0
75.3,1.93282139,-1.83751006,83.3787829,0.0732164041,0.101753938,FollowWall,following_right_wall,0,14,42,0.416209757,1.35463922,1,1,1,0.275200307,0.450908118,0.148718376,1,1,0,0,0
75.35,1.93322784,-1.83391837,83.7087127,0.0732164041,0.101753938,FollowWall,following_right_wall,0,14,42,0.416209757,1.35463922,1,1,1,0.275200307,0.454943005,0.148718376,1,1,0,0,0
75.4,1.93361615,-1.83030532,84.0226316,0.0740395101,0.0894073483,FollowWall,following_right_wall,0,14,42,0.419584841,1.43698748,1,1,1,0.273847848,0.458981176,0.148718376,1,1,0,0,0
75.45,1.93398831,-1.82666203,84.3124731,0.0740395101,0.0894073483,FollowWall,following_right_wall,0,14,42,0.419584841,1.43698748,1,1,1,0.273847848,0.463019921,0.148718376,1,1,0,0,0
75.5,1.93434408,-1.82300047,84.5882695,0.0748291047,0.0775634294,FollowWall,following_right_wall,0,14,42,0.422526598,1.64996176,1,1,1,0.272761017,0.467060393,0.148718376,1,1,0,0,0
75.55,1.93468533,-1.81931132,84.8417352,0.0748291047,0.0775634294,FollowWall,following_right_wall,0,14,42,0.422526598,1.64996176,1,1,1,0.272761017,0.471100031,0.148718376,1,1,0,0,0
75.6,1.93501203,-1.81560556,85.0821748,0.0755114728,0.0673279082,FollowWall,following_right_wall,0,14,42,0.425060451,1.74255252,1,1,1,0.271815807,0.475140246,0.148718376,1,1,0,0,0
75.65,1.93532574,-1.81187549,85.302798,0.0755114728,0.0673279082,FollowWall,following_right_wall,0,14,42,0.425060451,1.74255252,1,1,1,0.271815807,0.479178892,0.148718376,1,1,0,0,0
75.7,1.93562655,-1.80813084,85.5118616,0.0760666037,0.059000944,FollowWall,following_right_wall,0,14,42,0.427205175,2.01194333,1,1,1,0.270923823,0.483217443,0.148718376,1,1,0,0,0
75.75,1.93591572,-1.8043658,85.7042425,0.0760666037,0.059000944,FollowWall,following_right_wall,0,14,42,0.427205175,2.01194333,1,1,1,0.270923823,0.487254218,0.148718376,1,1,0,0,0
75.8,1.9361934,-1.80058852,85.886892,0.0765065897,0.0524011547,FollowWall,following_right_wall,0,14,42,0.42900762,2.11651823,1,1,1,0.269657999,0.491290605,0.148718376,1,1,0,0,0
75.85,1.93646059,-1.79679468,86.0559867,0.0765065897,0.0524011547,FollowWall,following_right_wall,0,14,42,0.42900762,2.11651823,1,1,1,0.269657999,0.495325315,0.148718376,1,1,0,0,0
75.9,1.93671747,-1.7929909,86.2171746,0.0769375497,0.0459367551,FollowWall,following_right_wall,0,14,42,0.430528343,2.15260953,1,1,1,0.269184738,0.499359573,0.148718376,1,1,0,0,0
75.95,1.93696498,-1.78917212,86.3660338,0.0769375497,0.0459367551,FollowWall,following_right_wall,0,14,42,0.430528343,2.15260953,1,1,1,0.269184738,0.503391958,0.148718376,1,1,0,0,0
76,1.93720333,-1.78534437,86.5077013,0.0772797373,0.0408039401,FollowWall,following_right_wall,0,14,42,0.431793123,2.14432659,1,1,1,0.268417686,0.507423664,0.148718376,1,1,0,0,0
76.05,1.93743327,-1.78150408,86.6390468,0.0772797373,0.0408039401,FollowWall,following_right_wall,0,14,42,0.431793123,2.14432659,1,1,1,0.268417686,0.511453642,0.148718376,1,1,0,0,0
76.1,1.93765502,-1.77765628,86.7643712,0.077530278,0.0370458294,FollowWall,following_right_wall,0,14,42,0.432841003,2.13615448,1,1,1,0.267245024,0.515482948,0.148718376,1,1,0,0,0
76.15,1.93786913,-1.77379874,86.8816972,0.077530278,0.0370458294,FollowWall,following_right_wall,0,14,42,0.432841003,2.13615448,1,1,1,0.267245024,0.519510887,0.148718376,1,1,0,0,0
76.2,1.9380758,-1.76993535,86.9943576,0.0778419403,0.0323708958,FollowWall,following_right_wall,0,14,42,0.433728099,2.12807914,1,1,1,0.267352432,0.523538315,0.148718376,1,1,0,0,0
76.25,1.93827564,-1.76606192,87.0987161,0.0778419403,0.0323708958,FollowWall,following_right_wall,0,14,42,0.433728099,2.12807914,1,1,1,0.267352432,0.527564053,0.148718376,1,1,0,0,0
76.3,1.93846887,-1.76218253,87.1982318,0.0780415139,0.0293772912,FollowWall,following_right_wall,0,14,42,0.434453726,2.12008961,1,1,1,0.266682476,0.531589029,0.148718376,1,1,0,0,0
76.35,1.93865594,-1.75829537,87.2913492,0.0780415139,0.0293772912,FollowWall,following_right_wall,0,14,42,0.434453726,2.12008961,1,1,1,0.266682476,0.535612691,0.148718376,1,1,0,0,0
76.4,1.93883702,-1.75440359,87.3807342,0.0782031177,0.0269532348,FollowWall,following_right_wall,0,14,42,0.435057461,2.11217753,1,1,1,0.26603058,0.539635776,0.148718376,1,1,0,0,0
76.45,1.93901246,-1.75050564,87.4650485,0.0782031177,0.0269532348,FollowWall,following_right_wall,0,14,42,0.435057461,2.11217753,1,1,1,0.26603058,0.543657813,0.148718376,1,1,0,0,0
76.5,1.93918242,-1.746604,87.5464049,0.0783438654,0.0248420191,FollowWall,following_right_wall,0,14,42,0.435579777,2.10433744,1,1,1,0.265512705,0.547679402,0.148718376,1,1,0,0,0
76.55,1.93934719,-1.7426972,87.6235158,0.0783438654,0.0248420191,FollowWall,following_right_wall,0,14,42,0.435579777,2.10433744,1,1,1,0.265512705,0.551700095,0.148718376,1,1,0,0,0
76.6,1.9395069,-1.7387873,87.6981501,0.0784288077,0.0235678848,FollowWall,following_right_wall,0,14,42,0.436047852,2.09656432,1,1,1,0.264679044,0.555720406,0.148718376,1,1,0,0,0
76.65,1.93966176,-1.73487375,87.7698189,0.0784288077,0.0235678848,FollowWall,following_right_wall,0,14,42,0.436047852,2.09656432,1,1,1,0.264679044,0.559740148,0.148718376,1,1,0,0,0
76.7,1.93981186,-1.730958,87.8397578,0.0785303181,0.0220452291,FollowWall,following_right_wall,0,14,42,0.436498523,2.08885436,1,1,1,0.26440993,0.563759684,0.148718376,1,1,0,0,0
76.75,1.9399574,-1.72703879,87.90687,0.0785303181,0.0220452291,FollowWall,following_right_wall,0,14,42,0.436498523,2.08885436,1,1,1,0.26440993,0.567778637,0.148718376,1,1,0,0,0
76.8,1.94009848,-1.7231175,87.9723334,0.0786197703,0.0207034454,FollowWall,following_right_wall,0,14,42,0.436944038,2.08120304,1,1,1,0.263760209,0.571797362,0.148718376,1,1,0,0,0
76.85,1.94023526,-1.71919307,88.0352333,0.0786197703,0.0207034454,FollowWall,following_right_wall,0,14,42,0.436944038,2.08120304,1,1,1,0.263760209,0.575815537,0.148718376,1,1,0,0,0
76.9,1.94036785,-1.71526676,88.0966378,0.0787647358,0.0185289631,FollowWall,following_right_wall,0,14,42,0.437393099,2.07360439,1,1,1,0.263741851,0.57983349,0.148718376,1,1,0,0,0
76.95,1.94049648,-1.71133627,88.1545744,0.0787647358,0.0185289631,FollowWall,following_right_wall,0,14,42,0.437393099,2.07360439,1,1,1,0.263741851,0.583850547,0.148718376,1,1,0,0,0
77,1.94062128,-1.70740331,88.2104881,0.0788815208,0.0167771878,FollowWall,following_right_wall,0,14,42,0.437825412,2.06605078,1,1,1,0.263468564,0.587867162,0.148718376,1,1,0,0,0
77.05,1.94074247,-1.70346643,88.2631307,0.0788815208,0.0167771878,FollowWall,following_right_wall,0,14,42,0.437825412,2.06605078,1,1,1,0.263468564,0.591882894,0.148718376,1,1,0,0,0
77.1,1.94086017,-1.69952722,88.3138652,0.0790075306,0.0148870416,FollowWall,following_right_wall,0,14,42,0.4382402,2.0585346,1,1,1,0.263351828,0.595898179,0.148718376,1,1,0,0,0
77.15,1.94097462,-1.69558399,88.3612304,0.0790075306,0.0148870416,FollowWall,following_right_wall,0,14,42,0.4382402,2.0585346,1,1,1,0.263351828,0.599912504,0.148718376,1,1,0,0,0
77.2,1.94108593,-1.69163839,88.4066302,0.0790826057,0.0137609138,FollowWall,following_right_wall,0,14,42,0.438634932,2.05055493,1,1,1,0.262734532,0.603926323,0.148718376,1,1,0,0,0
77.25,1.94119429,-1.6876898,88.4495393,0.0790826057,0.0137609138,FollowWall,following_right_wall,0,14,42,0.438634932,2.05055493,1,1,1,0.262734532,0.607939441,0.148718376,1,1,0,0,0
77.3,1.94129979,-1.68373944,88.4909955,0.0792153819,0.0117692714,FollowWall,following_right_wall,0,14,42,0.439029664,2.04233657,1,1,1,0.262768179,0.611952199,0.148718376,1,1,0,0,0
77.35,1.94140263,-1.67978527,88.5292268,0.0792153819,0.0117692714,FollowWall,following_right_wall,0,14,42,0.439029664,2.04233657,1,1,1,0.262768179,0.615963974,0.148718376,1,1,0,0,0
77.4,1.94150296,-1.67582883,88.5655769,0.0793232192,0.0101517124,FollowWall,following_right_wall,0,14,42,0.43940872,2.03416613,1,1,1,0.262574345,0.619975213,0.148718376,1,1,0,0,0
77.45,1.94160097,-1.67186882,88.5988989,0.0793232192,0.0101517124,FollowWall,following_right_wall,0,14,42,0.43940872,2.03416613,1,1,1,0.262574345,0.623985505,0.148718376,1,1,0,0,0
77.5,1.94169678,-1.66790669,88.6304544,0.0794628573,0.00805714095,FollowWall,following_right_wall,0,14,42,0.439769775,2.02604599,1,1,1,0.262767285,0.627995274,0.148718376,1,1,0,0,0
77.55,1.94179064,-1.66394041,88.6584793,0.0794628573,0.00805714095,FollowWall,following_right_wall,0,14,42,0.439769775,2.02604599,1,1,1,0.262767285,0.632003895,0.148718376,1,1,0,0,0
77.6,1.94188268,-1.65997169,88.6844446,0.0795691411,0.00646288286,FollowWall,following_right_wall,0,14,42,0.440097183,2.01797639,1,1,1,0.262667865,0.636011867,0.148718376,1,1,0,0,0
77.65,1.94197311,-1.65599932,88.7073056,0.0795691411,0.00646288286,FollowWall,following_right_wall,0,14,42,0.440097183,2.01797639,1,1,1,0.262667865,0.640018813,0.148718376,1,1,0,0,0
77.7,1.94206207,-1.65202481,88.7283556,0.0796225505,0.00566174204,FollowWall,following_right_wall,0,14,42,0.440394163,2.00995852,1,1,1,0.262254715,0.644025176,0.148718376,1,1,0,0,0
77.75,1.94214969,-1.64804792,88.747393,0.0796225505,0.00566174204,FollowWall,following_right_wall,0,14,42,0.440394163,2.00995852,1,1,1,0.262254715,0.648030878,0.148718376,1,1,0,0,0
77.8,1.94223605,-1.64406965,88.7652564,0.0796569807,0.00514528949,FollowWall,following_right_wall,0,14,42,0.440686017,2.00199524,1,1,1,0.262031466,0.652036207,0.148718376,1,1,0,0,0
77.85,1.94232126,-1.64008983,88.7818184,0.0796569807,0.00514528949,FollowWall,following_right_wall,0,14,42,0.440686017,2.00199524,1,1,1,0.262031466,0.656041113,0.148718376,1,1,0,0,0
77.9,1.94240536,-1.6361091,88.7976214,0.0796904714,0.00464292829,FollowWall,following_right_wall,0,14,42,0.440992296,1.99390376,1,1,1,0.261864305,0.660045785,0.148718376,1,1,0,0,0
77.95,1.94248842,-1.63212715,88.8123818,0.0796904714,0.00464292829,FollowWall,following_right_wall,0,14,42,0.440992296,1.99390376,1,1,1,0.261864305,0.66405012,0.148718376,1,1,0,0,0
78,1.94257049,-1.62814446,88.8265342,0.0796850443,0.00472433525,FollowWall,following_right_wall,0,14,42,0.441318542,1.98561429,1,1,1,0.261334687,0.668054267,0.148718376,1,1,0,0,0
78.05,1.94265159,-1.62416145,88.840429,0.0796850443,0.00472433525,FollowWall,following_right_wall,0,14,42,0.441318542,1.98561429,1,1,1,0.261334687,0.672058349,0.148718376,1,1,0,0,0
78.1,1.94273174,-1.62017825,88.8541735,0.0797152319,0.00427152135,FollowWall,following_right_wall,0,14,42,0.441680878,1.97736435,1,1,1,0.260998607,0.676062404,0.148718376,1,1,0,0,0
78.15,1.94281097,-1.6161943,88.8672899,0.0797152319,0.00427152135,FollowWall,following_right_wall,0,14,42,0.441680878,1.97736435,1,1,1,0.260998607,0.68006626,0.148718376,1,1,0,0,0
78.2,1.9428893,-1.6122099,88.8800399,0.079749712,0.00375432054,FollowWall,following_right_wall,0,14,42,0.442068547,1.96915775,1,1,1,0.260533273,0.68407001,0.148718376,1,1,0,0,0
78.25,1.9429668,-1.60822453,88.8919588,0.079749712,0.00375432054,FollowWall,following_right_wall,0,14,42,0.442068547,1.96915775,1,1,1,0.260533273,0.688073487,0.148718376,1,1,0,0,0
78.3,1.9430435,-1.60423857,88.9033929,0.0798182505,0.00272624289,FollowWall,following_right_wall,0,14,42,0.44246769,1.96099662,1,1,1,0.260555595,0.692076811,0.148718376,1,1,0,0,0
78.35,1.94311948,-1.60025084,88.913317,0.0798182505,0.00272624289,FollowWall,following_right_wall,0,14,42,0.44246769,1.96099662,1,1,1,0.260555595,0.696079616,0.148718376,1,1,0,0,0
78.4,1.94319483,-1.59626207,88.9223602,0.0798596518,0.0021052229,FollowWall,following_right_wall,0,14,42,0.442852437,1.95287979,1,1,1,0.26045388,0.700082123,0.148718376,1,1,0,0,0
78.45,1.94326962,-1.59227184,88.9301484,0.0798596518,0.0021052229,FollowWall,following_right_wall,0,14,42,0.442852437,1.95287979,1,1,1,0.26045388,0.704084196,0.148718376,1,1,0,0,0
78.5,1.9433439,-1.58828074,88.9372044,0.0799109113,0.00133633028,FollowWall,following_right_wall,0,14,42,0.443217546,1.94481082,1,1,1,0.260615438,0.708086019,0.148718376,1,1,0,0,0
78.55,1.94341777,-1.58428807,88.9429156,0.0799109113,0.00133633028,FollowWall,following_right_wall,0,14,42,0.443217546,1.94481082,1,1,1,0.260615438,0.712087372,0.148718376,1,1,0,0,0
78.6,1.94349129,-1.58029447,88.9478422,0.0798798698,0.00180195357,FollowWall,following_right_wall,0,14,42,0.443554103,1.93679067,1,1,1,0.260079026,0.716088453,0.148718376,1,1,0,0,0
78.65,1.94356446,-1.57630099,88.952867,0.0798798698,0.00180195357,FollowWall,following_right_wall,0,14,42,0.443554103,1.93679067,1,1,1,0.260079026,0.720089577,0.148718376,1,1,0,0,0
78.7,1.94363727,-1.57230757,88.957949,0.0799038196,0.00144270621,FollowWall,following_right_wall,0,14,42,0.443890721,1.92882885,1,1,1,0.260226101,0.724090728,0.148718376,1,1,0,0,0
78.75,1.94370976,-1.56831368,88.9626357,0.0799038196,0.00144270621,FollowWall,following_right_wall,0,14,42,0.443890721,1.92882885,1,1,1,0.260226101,0.728091744,0.148718376,1,1,0,0,0
78.8,1.94378192,-1.56431952,88.9670916,0.0798590497,0.002114254,FollowWall,following_right_wall,0,14,42,0.444215715,1.92092407,1,1,1,0.259768277,0.732092685,0.148718376,1,1,0,0,0
78.85,1.94385374,-1.56032612,88.9722147,0.0798590497,0.002114254,FollowWall,following_right_wall,0,14,42,0.444215715,1.92092407,1,1,1,0.259768277,0.73609387,0.148718376,1,1,0,0,0
78.9,1.94392519,-1.55633318,88.9777268,0.0798776308,0.00183553841,FollowWall,following_right_wall,0,14,42,0.444546252,1.91308096,1,1,1,0.260047227,0.740095203,0.148718376,1,1,0,0,0
78.95,1.94399625,-1.5523401,88.9831332,0.0798776308,0.00183553841,FollowWall,following_right_wall,0,14,42,0.444546252,1.91308096,1,1,1,0.260047227,0.744096506,0.148718376,1,1,0,0,0
79,1.94406694,-1.54834694,88.988478,0.0798935437,0.00159684387,FollowWall,following_right_wall,0,14,42,0.444861859,1.90529452,1,1,1,0.260389864,0.748097794,0.148718376,1,1,0,0,0
79.05,1.94413728,-1.54435341,88.9935018,0.0798935437,0.00159684387,FollowWall,following_right_wall,0,14,42,0.444861859,1.90529452,1,1,1,0.260389864,0.752098974,0.148718376,1,1,0,0,0
79.1,1.94420727,-1.54035965,88.9983385,0.0798515751,0.00222637403,FollowWall,following_right_wall,0,14,42,0.445145756,1.89755975,1,1,1,0.260057181,0.756100094,0.148718376,1,1,0,0,0
79.15,1.9442769,-1.53636663,89.0038175,0.0798515751,0.00222637403,FollowWall,following_right_wall,0,14,42,0.445145756,1.89755975,1,1,1,0.260057181,0.760101451,0.148718376,1,1,0,0,0
79.2,1.94434612,-1.53237404,89.009671,0.0798218229,0.00267265617,FollowWall,following_right_wall,0,14,42,0.44541499,1.88987833,1,1,1,0.259725362,0.764102951,0.148718376,1,1,0,0,0
79.25,1.94441489,-1.52838232,89.0162759,0.0798218229,0.00267265617,FollowWall,following_right_wall,0,14,42,0.44541499,1.88987833,1,1,1,0.259725362,0.768104729,0.148718376,1,1,0,0,0
79.3,1.94448318,-1.5243911,89.023319,0.079761039,0.00358441475,FollowWall,following_right_wall,0,14,42,0.445672572,1.8822481,1,1,1,0.259370744,0.772106674,0.148718376,1,1,0,0,0
79.35,1.9445509,-1.52040143,89.031706,0.079761039,0.00358441475,FollowWall,following_right_wall,0,14,42,0.445672572,1.8822481,1,1,1,0.259370744,0.776109113,0.148718376,1,1,0,0,0
79.4,1.944618,-1.51641267,89.040877,0.0797015842,0.00447623741,FollowWall,following_right_wall,0,14,42,0.445929825,1.87466739,1,1,1,0.258887619,0.780111847,0.148718376,1,1,0,0,0
79.45,1.94468437,-1.51242566,89.0515699,0.0797015842,0.00447623741,FollowWall,following_right_wall,0,14,42,0.445929825,1.87466739,1,1,1,0.258887619,0.784115143,0.148718376,1,1,0,0,0
79.5,1.94474996,-1.50843968,89.0631505,0.0796984822,0.00452276683,FollowWall,following_right_wall,0,14,42,0.446191221,1.86639191,1,1,1,0.258834809,0.788118776,0.148718376,1,1,0,0,0
79.55,1.9448147,-1.50445434,89.0753045,0.0796984822,0.00452276683,FollowWall,following_right_wall,0,14,42,0.446191221,1.86639191,1,1,1,0.258834809,0.792122634,0.148718376,1,1,0,0,0
79.6,1.94487859,-1.50046939,89.087793,0.0796568667,0.00514699975,FollowWall,following_right_wall,0,14,42,0.446430564,1.858162,1,1,1,0.258247703,0.796126631,0.148718376,1,1,0,0,0
79.65,1.94494155,-1.49648551,89.1012218,0.0796568667,0.00514699975,FollowWall,following_right_wall,0,14,42,0.446430564,1.858162,1,1,1,0.258247703,0.800130987,0.148718376,1,1,0,0,0
79.7,1.94500356,-1.49250225,89.115199,0.0796878238,0.00468264233,FollowWall,following_right_wall,0,14,42,0.446649253,1.84998796,1,1,1,0.258281142,0.804135563,0.148718376,1,1,0,0,0
79.75,1.9450646,-1.48851871,89.1289418,0.0796878238,0.00468264233,FollowWall,following_right_wall,0,14,42,0.446649253,1.84998796,1,1,1,0.258281142,0.808140075,0.148718376,1,1,0,0,0
79.8,1.9451247,-1.484535,89.142548,0.0797378656,0.00393201648,FollowWall,following_right_wall,0,14,42,0.446817309,1.84186765,1,1,1,0.258413672,0.812144557,0.148718376,1,1,0,0,0
79.85,1.9451839,-1.48055013,89.1551784,0.0797378656,0.00393201648,FollowWall,following_right_wall,0,14,42,0.446817309,1.84186765,1,1,1,0.258413672,0.816148704,0.148718376,1,1,0,0,0
79.9,1.94524225,-1.47656459,89.1672397,0.0797843884,0.00323417339,FollowWall,following_right_wall,0,14,42,0.446906805,1.83379867,1,1,1,0.258447081,0.820152662,0.148718376,1,1,0,0,0
79.95,1.94529982,-1.47257769,89.1781359,0.0797843884,0.00323417339,FollowWall,following_right_wall,0,14,42,0.446906805,1.83379867,1,1,1,0.258447081,0.824156212,0.148718376,1,1,0,0,0
80,1.94535667,-1.46858998,89.1883526,0.0798193206,0.00271019131,FollowWall,following_right_wall,0,14,42,0.446906954,1.82578081,1,1,1,0.258312553,0.828159528,0.148718376,1,1,0,0,0
80.05,1.94541286,-1.46460108,89.1975473,0.0798193206,0.00271019131,FollowWall,following_right_wall,0,14,42,0.446906954,1.82578081,1,1,1,0.258312553,0.832162485,0.148718376,1,1,0,0,0
80.1,1.94546844,-1.46061147,89.206146,0.0798693616,0.00195957605,FollowWall,following_right_wall,0,14,42,0.446819603,1.81781559,1,1,1,0.258287072,0.836165235,0.148718376,1,1,0,0,0
80.15,1.94552348,-1.45662041,89.213501,0.0798693616,0.00195957605,FollowWall,following_right_wall,0,14,42,0.446819603,1.81781559,1,1,1,0.258287072,0.84016754,0.148718376,1,1,0,0,0
80.2,1.94557805,-1.45262849,89.2201304,0.0799211724,0.00118241435,FollowWall,following_right_wall,0,14,42,0.446639866,1.80990208,1,1,1,0.258242995,0.844169589,0.148718376,1,1,0,0,0
80.25,1.94563223,-1.448635,89.225409,0.0799211724,0.00118241435,FollowWall,following_right_wall,0,14,42,0.446639866,1.80990208,1,1,1,0.258242995,0.848171151,0.148718376,1,1,0,0,0
80.3,1.94568608,-1.44464059,89.2298996,0.0799219783,0.00117032559,FollowWall,following_right_wall,0,14,42,0.446364582,1.8020386,1,1,1,0.257646441,0.85217243,0.148718376,1,1,0,0,0
80.35,1.94573964,-1.44064562,89.2339161,0.0799219783,0.00117032559,FollowWall,following_right_wall,0,14,42,0.446364582,1.8020386,1,1,1,0.257646441,0.85617354,0.148718376,1,1,0,0,0
80.4,1.94579293,-1.43665033,89.237656,0.0799969848,-4.52277499e-05,FollowWall,following_right_wall,0,14,42,0.446017712,1.79422789,1,1,1,0.258020818,0.860174553,0.148718376,1,1,0,0,0
80.45,1.94584604,-1.43265328,89.2397836,0.0799969848,-4.52277499e-05,FollowWall,following_right_wall,0,14,42,0.446017712,1.79422789,1,1,1,0.258020818,0.864174854,0.148718376,1,1,0,0,0
80.5,1.94589905,-1.42865521,89.2409708,0.0799841203,-0.000238196009,FollowWall,following_right_wall,0,14,42,0.445577681,1.78646305,1,1,1,0.258129865,0.868174738,0.148718376,1,1,0,0,0
80.55,1.94595201,-1.42465682,89.2413789,0.0799841203,-0.000238196009,FollowWall,following_right_wall,0,14,42,0.445577681,1.78646305,1,1,1,0.258129865,0.872173759,0.148718376,1,1,0,0,0
80.6,1.94600495,-1.42065823,89.2413327,0.0799924789,-0.000112817058,FollowWall,following_right_wall,0,14,42,0.445062757,1.7787449,1,1,1,0.257837445,0.876172276,0.148718376,1,1,0,0,0
80.65,1.94605791,-1.41665936,89.2411711,0.0799924789,-0.000112817058,FollowWall,following_right_wall,0,14,42,0.445062757,1.7787449,1,1,1,0.257837445,0.880170902,0.148718376,1,1,0,0,0
80.7,1.94611089,-1.41266032,89.2409421,0.0799656398,-0.000515402581,FollowWall,following_right_wall,0,14,42,0.444499612,1.77107214,1,1,1,0.257617772,0.884169592,0.148718376,1,1,0,0,0
80.75,1.94616389,-1.40866174,89.2401933,0.0799656398,-0.000515402581,FollowWall,following_right_wall,0,14,42,0.444499612,1.77107214,1,1,1,0.257617772,0.888167024,0.148718376,1,1,0,0,0
80.8,1.94621695,-1.40466343,89.2391413,0.0799626495,-0.00056025721,FollowWall,following_right_wall,0,14,42,0.443887085,1.76344119,1,1,1,0.257263809,0.892163722,0.148718376,1,1,0,0,0
80.85,1.94627009,-1.40066535,89.2378589,0.0799626495,-0.00056025721,FollowWall,following_right_wall,0,14,42,0.443887085,1.76344119,1,1,1,0.257263809,0.896159847,0.148718376,1,1,0,0,0
80.9,1.94632333,-1.39666739,89.2364421,0.0799611275,-0.000583086813,FollowWall,following_right_wall,0,14,42,0.443236142,1.75516882,1,1,1,0.257004648,0.900155637,0.148718376,1,1,0,0,0
80.95,1.94637666,-1.39266954,89.2349196,0.0799611275,-0.000583086813,FollowWall,following_right_wall,0,14,42,0.443236142,1.75516882,1,1,1,0.257004648,0.904151158,0.148718376,1,1,0,0,0
81,1.9464301,-1.38867175,89.2333355,0.079999251,-1.1234314e-05,FollowWall,following_right_wall,0,14,42,0.44255802,1.74688195,1,1,1,0.256446242,0.908146522,0.148718376,1,1,0,0,0
81.05,1.94648364,-1.38467321,89.232398,0.079999251,-1.1234314e-05,FollowWall,following_right_wall,0,14,42,0.44255802,1.74688195,1,1,1,0.256446242,0.912143631,0.148718376,1,1,0,0,0
81.1,1.94653724,-1.38067422,89.2318377,0.0799624008,-0.000563988574,FollowWall,following_right_wall,0,14,42,0.4418796,1.73864346,1,1,1,0.256738275,0.916141758,0.148718376,1,1,0,0,0
81.15,1.94659088,-1.37667575,89.2308377,0.0799624008,-0.000563988574,FollowWall,following_right_wall,0,14,42,0.4418796,1.73864346,1,1,1,0.256738275,0.920138703,0.148718376,1,1,0,0,0
81.2,1.9466446,-1.37267758,89.2295811,0.079969775,-0.000453375404,FollowWall,following_right_wall,0,14,42,0.441184789,1.73045872,1,1,1,0.256694913,0.924134957,0.148718376,1,1,0,0,0
81.25,1.94669841,-1.36867942,89.2283069,0.079969775,-0.000453375404,FollowWall,following_right_wall,0,14,42,0.441184789,1.73045872,1,1,1,0.256694913,0.928131163,0.148718376,1,1,0,0,0
81.3,1.94675231,-1.36468128,89.2270225,0.0799583199,-0.000625201855,FollowWall,following_right_wall,0,14,42,0.44048506,1.72233035,1,1,1,0.256956905,0.93212734,0.148718376,1,1,0,0,0
81.35,1.9468063,-1.36068338,89.2255269,0.0799583199,-0.000625201855,FollowWall,following_right_wall,0,14,42,0.44048506,1.72233035,1,1,1,0.256956905,0.936122948,0.148718376,1,1,0,0,0
81.4,1.9468604,-1.35668563,89.2239082,0.0799779939,-0.000330091627,FollowWall,following_right_wall,0,14,42,0.439785093,1.71426038,1,1,1,0.257015139,0.940118223,0.148718376,1,1,0,0,0
81.45,1.9469146,-1.35268756,89.22257,0.0799779939,-0.000330091627,FollowWall,following_right_wall,0,14,42,0.439785093,1.71426038,1,1,1,0.257015139,0.944114252,0.148718376,1,1,0,0,0
81.5,1.9469689,-1.34868929,89.2213953,0.0799941381,8.79290434e-05,FollowWall,following_right_wall,0,14,42,0.439103454,1.70624903,1,1,1,0.257085621,0.948110721,0.148718376,1,1,0,0,0
81.55,1.94702326,-1.34469058,89.2208151,0.0799941381,8.79290434e-05,FollowWall,following_right_wall,0,14,42,0.439103454,1.70624903,1,1,1,0.257085621,0.952108545,0.148718376,1,1,0,0,0
81.6,1.94707766,-1.34069161,89.2205815,0.079962272,0.000565920127,FollowWall,following_right_wall,0,14,42,0.438458234,1.69829632,1,1,1,0.25719133,0.956107159,0.148718376,1,1,0,0,0
81.65,1.94713203,-1.33669315,89.2211208,0.079962272,0.000565920127,FollowWall,following_right_wall,0,14,42,0.438458234,1.69829632,1,1,1,0.25719133,0.960106444,0.148718376,1,1,0,0,0
81.7,1.94718635,-1.33269499,89.2221109,0.0798744902,0.00188264659,FollowWall,following_right_wall,0,14,42,0.437863171,1.69040427,1,1,1,0.256781727,0.96410612,0.148718376,1,1,0,0,0
81.75,1.94724051,-1.32869883,89.2249357,0.0798744902,0.00188264659,FollowWall,following_right_wall,0,14,42,0.437863171,1.69040427,1,1,1,0.256781727,0.968106601,0.148718376,1,1,0,0,0
81.8,1.94729442,-1.32470383,89.2288308,0.0797215048,0.00417742829,FollowWall,following_right_wall,0,14,42,0.437353939,1.6823199,1,1,1,0.256185889,0.972107554,0.148718376,1,1,0,0,0
81.85,1.94734789,-1.3207127,89.2360893,0.0797215048,0.00417742829,FollowWall,following_right_wall,0,14,42,0.437353939,1.6823199,1,1,1,0.256185889,0.976109788,0.148718376,1,1,0,0,0
81.9,1.94740076,-1.31672381,89.2453099,0.0796839387,0.00474092003,FollowWall,following_right_wall,0,14,42,0.436983824,1.67408242,1,1,1,0.256191492,0.980112776,0.148718376,1,1,0,0,0
81.95,1.94745289,-1.31273702,89.2563477,0.0796839387,0.00474092003,FollowWall,following_right_wall,0,14,42,0.436983824,1.67408242,1,1,1,0.256191492,0.984116458,0.148718376,1,1,0,0,0
82,1.9475042,-1.30875144,89.2684454,0.079658784,0.00511823934,FollowWall,following_right_wall,0,14,42,0.436729074,1.66591239,1,1,1,0.255971342,0.988120552,0.148718376,1,1,0,0,0
82.05,1.94755462,-1.30476708,89.2816119,0.079658784,0.00511823934,FollowWall,following_right_wall,0,14,42,0.436729074,1.66591239,1,1,1,0.255971342,0.99212506,0.148718376,1,1,0,0,0
82.1,1.94760409,-1.30078344,89.2954017,0.0796737571,0.00489364319,FollowWall,following_right_wall,0,14,42,0.436567008,1.65780567,1,1,1,0.256008714,0.996129817,0.148718376,1,1,0,0,0
82.15,1.9476526,-1.29679989,89.3092872,0.0796737571,0.00489364319,FollowWall,following_right_wall,0,14,42,0.436567008,1.65780567,1,1,1,0.256008714,1.00013463,0.148718376,1,1,0,0,0
82.2,1.94770014,-1.2928164,89.3232284,0.0796794579,0.00480813181,FollowWall,following_right_wall,0,14,42,0.436472446,1.64975688,1,1,1,0.255831778,1.00413948,0.148718376,1,1,0,0,0
82.25,1.94774671,-1.28883281,89.3371001,0.0796794579,0.00480813181,FollowWall,following_right_wall,0,14,42,0.436472446,1.64975688,1,1,1,0.255831778,1.00814432,0.148718376,1,1,0,0,0
82.3,1.94779232,-1.28484917,89.3509311,0.0796683732,0.00497440144,FollowWall,following_right_wall,0,14,42,0.436438501,1.64176521,1,1,1,0.255376011,1.01214917,0.148718376,1,1,0,0,0
82.35,1.94783696,-1.28086572,89.364937,0.0796683732,0.00497440144,FollowWall,following_right_wall,0,14,42,0.436438501,1.64176521,1,1,1,0.255376011,1.0161541,0.148718376,1,1,0,0,0
82.4,1.94788063,-1.27688237,89.3790449,0.0797042059,0.00443691126,FollowWall,following_right_wall,0,14,42,0.436472744,1.63383326,1,1,1,0.255292803,1.02015908,0.148718376,1,1,0,0,0
82.45,1.94792333,-1.27289834,89.3925706,0.0797042059,0.00443691126,FollowWall,following_right_wall,0,14,42,0.436472744,1.63383326,1,1,1,0.255292803,1.02416387,0.148718376,1,1,0,0,0
82.5,1.94796512,-1.2689139,89.4057568,0.0797633907,0.00354913988,FollowWall,following_right_wall,0,14,42,0.436558157,1.62595604,1,1,1,0.255364984,1.02816854,0.148718376,1,1,0,0,0
82.55,1.94800605,-1.26492799,89.4176853,0.0797633907,0.00354913988,FollowWall,following_right_wall,0,14,42,0.436558157,1.62595604,1,1,1,0.255364984,1.03217276,0.148718376,1,1,0,0,0
82.6,1.94804618,-1.26094122,89.42888,0.0798046427,0.0029303595,FollowWall,following_right_wall,0,14,42,0.436672658,1.61812701,1,1,1,0.255201191,1.03617672,0.148718376,1,1,0,0,0
82.65,1.94808558,-1.25695308,89.4389081,0.0798046427,0.0029303595,FollowWall,following_right_wall,0,14,42,0.436672658,1.61812701,1,1,1,0.255201191,1.04018026,0.148718376,1,1,0,0,0
82.7,1.94812432,-1.25296414,89.4482557,0.0798900474,0.00164928867,FollowWall,following_right_wall,0,14,42,0.436813295,1.61034437,1,1,1,0.255446106,1.04418355,0.148718376,1,1,0,0,0
82.75,1.9481625,-1.24897296,89.4556771,0.0798900474,0.00164928867,FollowWall,following_right_wall,0,14,42,0.436813295,1.61034437,1,1,1,0.255446106,1.04818613,0.148718376,1,1,0,0,0
82.8,1.94820021,-1.24498047,89.461975,0.0799815527,0.00027670999,FollowWall,following_right_wall,0,14,42,0.436958492,1.60260041,1,1,1,0.255739778,1.0521883,0.148718376,1,1,0,0,0
82.85,1.94823759,-1.2409853,89.4659791,0.0799815527,0.00027670999,FollowWall,following_right_wall,0,14,42,0.436958492,1.60260041,1,1,1,0.255739778,1.05618962,0.148718376,1,1,0,0,0
82.9,1.94827475,-1.23698858,89.4686451,0.0799859971,-0.000210043057,FollowWall,following_right_wall,0,14,42,0.437090695,1.59486589,1,1,1,0.255521774,1.06019044,0.148718376,1,1,0,0,0
82.95,1.94831178,-1.23299085,89.4699495,0.0799859971,-0.000210043057,FollowWall,following_right_wall,0,14,42,0.437090695,1.59486589,1,1,1,0.255521774,1.06419018,0.148718376,1,1,0,0,0
83,1.94834875,-1.22899254,89.4704597,0.0799676962,-0.00048455717,FollowWall,following_right_wall,0,14,42,0.437227637,1.58689964,1,1,1,0.255673259,1.06818927,0.148718376,1,1,0,0,0
83.05,1.94838571,-1.22499427,89.4701789,0.0799676962,-0.00048455717,FollowWall,following_right_wall,0,14,42,0.437227637,1.58689964,1,1,1,0.255673259,1.07218711,0.148718376,1,1,0,0,0
83.1,1.94842271,-1.22099602,89.4694368,0.079976895,-0.000346574258,FollowWall,following_right_wall,0,14,42,0.437384993,1.57899131,1,1,1,0.255580306,1.07618422,0.148718376,1,1,0,0,0
83.15,1.94845977,-1.2169976,89.4685901,0.079976895,-0.000346574258,FollowWall,following_right_wall,0,14,42,0.437384993,1.57899131,1,1,1,0.255580306,1.08018134,0.148718376,1,1,0,0,0
83.2,1.94849689,-1.21299907,89.4676826,0.0799915865,0.000126203093,FollowWall,following_right_wall,0,14,42,0.437579185,1.57113973,1,1,1,0.255021334,1.08417847,0.148718376,1,1,0,0,0
83.25,1.94853405,-1.20900018,89.4673038,0.0799915865,0.000126203093,FollowWall,following_right_wall,0,14,42,0.437579185,1.57113973,1,1,1,0.255021334,1.08817679,0.148718376,1,1,0,0,0
83.3,1.94857124,-1.20500107,89.4672335,0.0799848972,-0.000226541979,FollowWall,following_right_wall,0,14,42,0.43782571,1.56302329,1,1,1,0.254799575,1.09217578,0.148718376,1,1,0,0,0
83.35,1.94860843,-1.20100198,89.4669221,0.0799848972,-0.000226541979,FollowWall,following_right_wall,0,14,42,0.43782571,1.56302329,1,1,1,0.254799575,1.0961744,0.148718376,1,1,0,0,0
83.4,1.94864566,-1.19700289,89.46647,0.0799752976,-0.000370536445,FollowWall,following_right_wall,0,14,42,0.438102812,1.5547762,1,1,1,0.254526705,1.10017279,0.148718376,1,1,0,0,0
83.45,1.94868292,-1.19300401,89.465764,0.0799752976,-0.000370536445,FollowWall,following_right_wall,0,14,42,0.438102812,1.5547762,1,1,1,0.254526705,1.10417058,0.148718376,1,1,0,0,0
83.5,1.94872024,-1.18900526,89.4649098,0.0799631701,-0.000552448644,FollowWall,following_right_wall,0,14,42,0.438399345,1.54658103,1,1,1,0.254382253,1.10816803,0.148718376,1,1,0,0,0
83.55,1.94875762,-1.18500682,89.4637522,0.0799631701,-0.000552448644,FollowWall,following_right_wall,0,14,42,0.438399345,1.54658103,1,1,1,0.254382253,1.11216468,0.148718376,1,1,0,0,0
83.6,1.94879509,-1.18100857,89.4624174,0.0799400607,-0.00089908889,FollowWall,following_right_wall,0,14,42,0.438707203,1.5384411,1,1,1,0.254457444,1.11616088,0.148718376,1,1,0,0,0
83.65,1.94883266,-1.17701092,89.4605656,0.0799400607,-0.00089908889,FollowWall,following_right_wall,0,14,42,0.438707203,1.5384411,1,1,1,0.254457444,1.12015569,0.148718376,1,1,0,0,0
83.7,1.94887037,-1.17301361,89.4584122,0.0799620313,-0.000569530135,FollowWall,following_right_wall,0,14,42,0.439013392,1.53035844,1,1,1,0.254193693,1.12414969,0.148718376,1,1,0,0,0
83.75,1.94890823,-1.16901605,89.4564762,0.0799620313,-0.000569530135,FollowWall,following_right_wall,0,14,42,0.439013392,1.53035844,1,1,1,0.254193693,1.12814427,0.148718376,1,1,0,0,0
83.8,1.94894622,-1.16501834,89.454667,0.0799741503,-0.000387746118,FollowWall,following_right_wall,0,14,42,0.439328551,1.52233447,1,1,1,0.254123837,1.13213921,0.148718376,1,1,0,0,0
83.85,1.94898432,-1.16102029,89.4531488,0.0799741503,-0.000387746118,FollowWall,following_right_wall,0,14,42,0.439328551,1.52233447,1,1,1,0.254123837,1.13613492,0.148718376,1,1,0,0,0
83.9,1.94902253,-1.15702204,89.4518004,0.079976445,-0.000353325247,FollowWall,following_right_wall,0,14,42,0.439651877,1.51436944,1,1,1,0.254238397,1.1401311,0.148718376,1,1,0,0,0
83.95,1.94906083,-1.15302363,89.450592,0.079976445,-0.000353325247,FollowWall,following_right_wall,0,14,42,0.439651877,1.51436944,1,1,1,0.254238397,1.14412765,0.148718376,1,1,0,0,0
84,1.94909921,-1.14902513,89.4494654,0.0799909366,-0.000135950641,FollowWall,following_right_wall,0,14,42,0.439972848,1.50646311,1,1,1,0.254317194,1.14812443,0.148718376,1,1,0,0,0
84.05,1.94913767,-1.14502626,89.448646,0.0799909366,-0.000135950641,FollowWall,following_right_wall,0,14,42,0.439972848,1.50646311,1,1,1,0.254317194,1.15212203,0.148718376,1,1,0,0,0
84.1,1.94917617,-1.14102719,89.4480057,0.0799812323,-0.000281516092,FollowWall,following_right_wall,0,14,42,0.440288007,1.49861405,1,1,1,0.254722714,1.15612012,0.148718376,1,1,0,0,0
84.15,1.94921473,-1.13702821,89.4472961,0.0799812323,-0.000281516092,FollowWall,following_right_wall,0,14,42,0.440288007,1.49861405,1,1,1,0.254722714,1.16011801,0.148718376,1,1,0,0,0
84.2,1.94925333,-1.13302927,89.4465462,0.07999014,0.000147899616,FollowWall,following_right_wall,0,14,42,0.440581799,1.49082011,1,1,1,0.254827261,1.1641158,0.148718376,1,1,0,0,0
84.25,1.94929197,-1.12903017,89.4462852,0.07999014,0.000147899616,FollowWall,following_right_wall,0,14,42,0.440581799,1.49082011,1,1,1,0.254827261,1.1681145,0.148718376,1,1,0,0,0
84.3,1.94933062,-1.12503098,89.4463096,0.0799290776,0.00106383664,FollowWall,following_right_wall,0,14,42,0.440860063,1.48307927,1,1,1,0.254535794,1.17211373,0.148718376,1,1,0,0,0
84.35,1.94936921,-1.121033,89.4475936,0.0799290776,0.00106383664,FollowWall,following_right_wall,0,14,42,0.440860063,1.48307927,1,1,1,0.254535794,1.17611368,0.148718376,1,1,0,0,0
84.4,1.94940768,-1.11703574,89.4496125,0.0799000675,0.00149898707,FollowWall,following_right_wall,0,14,42,0.441140205,1.47512286,1,1,1,0.254517853,1.18011404,0.148718376,1,1,0,0,0
84.45,1.94944597,-1.11303949,89.4525795,0.0799000675,0.00149898707,FollowWall,following_right_wall,0,14,42,0.441140205,1.47512286,1,1,1,0.254517853,1.18411484,0.148718376,1,1,0,0,0
84.5,1.94948402,-1.10904384,89.4560995,0.0798273608,0.00258958853,FollowWall,following_right_wall,0,14,42,0.441413939,1.46720307,1,1,1,0.254115641,1.18811591,0.148718376,1,1,0,0,0
84.55,1.94952175,-1.10505004,89.461244,0.0798273608,0.00258958853,FollowWall,following_right_wall,0,14,42,0.441413939,1.46720307,1,1,1,0.254115641,1.19211761,0.148718376,1,1,0,0,0
84.6,1.94955909,-1.10105733,89.467336,0.0797664844,0.00350273451,FollowWall,following_right_wall,0,14,42,0.441692799,1.45934527,1,1,1,0.253679186,1.19611968,0.148718376,1,1,0,0,0
84.65,1.94959592,-1.09706651,89.4750707,0.0797664844,0.00350273451,FollowWall,following_right_wall,0,14,42,0.441692799,1.45934527,1,1,1,0.253679186,1.20012239,0.148718376,1,1,0,0,0
84.7,1.94963217,-1.0930768,89.4837638,0.0797692801,0.00346079813,FollowWall,following_right_wall,0,14,42,0.441978186,1.45140015,1,1,1,0.253727943,1.20412546,0.148718376,1,1,0,0,0
84.75,1.94966779,-1.08908767,89.4929657,0.0797692801,0.00346079813,FollowWall,following_right_wall,0,14,42,0.441978186,1.45140015,1,1,1,0.253727943,1.20812874,0.148718376,1,1,0,0,0
84.8,1.94970276,-1.08509888,89.5024645,0.0797328097,0.00400785429,FollowWall,following_right_wall,0,14,42,0.44223839,1.44317632,1,1,1,0.253245771,1.21213213,0.148718376,1,1,0,0,0
84.85,1.94973703,-1.08111104,89.5127896,0.0797328097,0.00400785429,FollowWall,following_right_wall,0,14,42,0.44223839,1.44317632,1,1,1,0.253245771,1.21613585,0.148718376,1,1,0,0,0
84.9,1.94977056,-1.07712376,89.5235965,0.0797673817,0.00348927475,FollowWall,following_right_wall,0,14,42,0.442472786,1.43500835,1,1,1,0.253357381,1.22013976,0.148718376,1,1,0,0,0
84.95,1.94980336,-1.07313607,89.5340656,0.0797673817,0.00348927475,FollowWall,following_right_wall,0,14,42,0.442472786,1.43500835,1,1,1,0.253357381,1.22414355,0.148718376,1,1,0,0,0
85,1.94983543,-1.06914815,89.5443375,0.0798136378,0.00279543337,FollowWall,following_right_wall,0,14,42,0.442651361,1.42689411,1,1,1,0.253493994,1.22814728,0.148718376,1,1,0,0,0
85.05,1.94986683,-1.06515913,89.5536663,0.0798136378,0.00279543337,FollowWall,following_right_wall,0,14,42,0.442651361,1.42689411,1,1,1,0.253493994,1.23215066,0.148718376,1,1,0,0,0
85.1,1.9498976,-1.06116947,89.5624449,0.0798694309,0.00195853655,FollowWall,following_right_wall,0,14,42,0.442750007,1.41883121,1,1,1,0.253666371,1.23615384,0.148718376,1,1,0,0,0
85.15,1.94992783,-1.05717826,89.5699036,0.0798694309,0.00195853655,FollowWall,following_right_wall,0,14,42,0.442750007,1.41883121,1,1,1,0.253666371,1.24015653,0.148718376,1,1,0,0,0
85.2,1.94995756,-1.05318615,89.5765923,0.0798724012,0.00191398157,FollowWall,following_right_wall,0,14,42,0.44275409,1.41081871,1,1,1,0.253260255,1.24415894,0.148718376,1,1,0,0,0
85.25,1.94998685,-1.04919346,89.5827787,0.0798724012,0.00191398157,FollowWall,following_right_wall,0,14,42,0.44275409,1.41081871,1,1,1,0.253260255,1.24816116,0.148718376,1,1,0,0,0
85.3,1.95001572,-1.04520042,89.5886721,0.0799399128,0.000901307885,FollowWall,following_right_wall,0,14,42,0.442682207,1.40286088,1,1,1,0.253447175,1.25216328,0.148718376,1,1,0,0,0
85.35,1.95004424,-1.04120577,89.5931858,0.0799399128,0.000901307885,FollowWall,following_right_wall,0,14,42,0.442682207,1.40286088,1,1,1,0.253447175,1.25616488,0.148718376,1,1,0,0,0
85.4,1.95007248,-1.03721019,89.5968946,0.0799555035,0.000667447289,FollowWall,following_right_wall,0,14,42,0.442516983,1.39495404,1,1,1,0.253073156,1.26016618,0.148718376,1,1,0,0,0
85.45,1.9501005,-1.03321373,89.5998548,0.0799555035,0.000667447289,FollowWall,following_right_wall,0,14,42,0.442516983,1.39495404,1,1,1,0.253073156,1.2641672,0.148718376,1,1,0,0,0
85.5,1.95012833,-1.02921676,89.6023783,0.0799574572,-0.000638142626,FollowWall,following_right_wall,0,14,42,0.442270905,1.38709925,1,1,1,0.253379822,1.26816805,0.148718376,1,1,0,0,0
85.55,1.95015604,-1.02521946,89.6030886,0.0799574572,-0.000638142626,FollowWall,following_right_wall,0,14,42,0.442270905,1.38709925,1,1,1,0.253379822,1.27216645,0.148718376,1,1,0,0,0
85.6,1.95018375,-1.02122196,89.6027412,0.0798976132,-0.00153580149,FollowWall,following_right_wall,0,14,42,0.441922158,1.37928002,1,1,1,0.253805846,1.27616342,0.148718376,1,1,0,0,0
85.65,1.95021153,-1.01722559,89.6007053,0.0798976132,-0.00153580149,FollowWall,following_right_wall,0,14,42,0.441922158,1.37928002,1,1,1,0.253805846,1.28015665,0.148718376,1,1,0,0,0
85.7,1.95023948,-1.01322988,89.5976845,0.0799191476,-0.00121278552,FollowWall,following_right_wall,0,14,42,0.441470295,1.3710218,1,1,1,0.253671169,1.2841477,0.148718376,1,1,0,0,0
85.75,1.95026765,-1.00923411,89.5944747,0.0799191476,-0.00121278552,FollowWall,following_right_wall,0,14,42,0.441470295,1.3710218,1,1,1,0.253671169,1.28813853,0.148718376,1,1,0,0,0
85.8,1.95029605,-1.00523831,89.5911547,0.0799193394,-0.00120990913,FollowWall,following_right_wall,0,14,42,0.440958589,1.36281292,1,1,1,0.253372729,1.29212922,0.148718376,1,1,0,0,0
85.85,1.95032468,-1.00124248,89.5877738,0.0799193394,-0.00120990913,FollowWall,following_right_wall,0,14,42,0.440958589,1.36281292,1,1,1,0.253372729,1.29611984,0.148718376,1,1,0,0,0
85.9,1.95035355,-0.997246637,89.5843573,0.079916576,-0.00125135967,FollowWall,following_right_wall,0,14,42,0.440404028,1.354658,1,1,1,0.253019482,1.30011042,0.148718376,1,1,0,0,0
85.95,1.95038265,-0.993250846,89.5808707,0.079916576,-0.00125135967,FollowWall,following_right_wall,0,14,42,0.440404028,1.354658,1,1,1,0.253019482,1.30410084,0.148718376,1,1,0,0,0
86,1.95041201,-0.989255085,89.5773432,0.0799103203,-0.00134519574,FollowWall,following_right_wall,0,14,42,0.439812779,1.34655954,1,1,1,0.252796024,1.30809116,0.148718376,1,1,0,0,0
86.05,1.95044161,-0.985259473,89.5736797,0.0799103203,-0.00134519574,FollowWall,following_right_wall,0,14,42,0.439812779,1.34655954,1,1,1,0.252796024,1.31208113,0.148718376,1,1,0,0,0
86.1,1.95047147,-0.981263949,89.569937,0.0799060221,-0.00140966824,FollowWall,following_right_wall,0,14,42,0.439189166,1.3385191,1,1,1,0.252655417,1.3160709,0.148718376,1,1,0,0,0
86.15,1.9505016,-0.977268566,89.5660711,0.0799060221,-0.00140966824,FollowWall,following_right_wall,0,14,42,0.439189166,1.3385191,1,1,1,0.252655417,1.32006033,0.148718376,1,1,0,0,0
86.2,1.95053199,-0.973273266,89.5621333,0.079949699,-0.000754515052,FollowWall,following_right_wall,0,14,42,0.438539624,1.33053738,1,1,1,0.252139032,1.32404956,0.148718376,1,1,0,0,0
86.25,1.95056264,-0.969277106,89.5589356,0.079949699,-0.000754515052,FollowWall,following_right_wall,0,14,42,0.438539624,1.33053738,1,1,1,0.252139032,1.3280408,0.148718376,1,1,0,0,0
86.3,1.95059351,-0.965280445,89.5561697,0.0799167827,-0.00124826007,FollowWall,following_right_wall,0,14,42,0.437893361,1.32261522,1,1,1,0.252471983,1.3320332,0.148718376,1,1,0,0,0
86.35,1.95062457,-0.961284177,89.5530662,0.0799167827,-0.00124826007,FollowWall,following_right_wall,0,14,42,0.437893361,1.32261522,1,1,1,0.252471983,1.33602469,0.148718376,1,1,0,0,0
86.4,1.95065586,-0.95728814,89.5497658,0.0799058344,-0.00141248417,FollowWall,following_right_wall,0,14,42,0.437234998,1.31475036,1,1,1,0.252696663,1.34001565,0.148718376,1,1,0,0,0
86.45,1.95068738,-0.953292467,89.5461546,0.0799058344,-0.00141248417,FollowWall,following_right_wall,0,14,42,0.437234998,1.31475036,1,1,1,0.252696663,1.34400576,0.148718376,1,1,0,0,0
86.5,1.95071917,-0.949297006,89.542362,0.079926571,-0.00110143546,FollowWall,following_right_wall,0,14,42,0.436565936,1.30694053,1,1,1,0.252723694,1.34799539,0.148718376,1,1,0,0,0
86.55,1.9507512,-0.945301239,89.5388349,0.079926571,-0.00110143546,FollowWall,following_right_wall,0,14,42,0.436565936,1.30694053,1,1,1,0.252723694,1.35198573,0.148718376,1,1,0,0,0
86.6,1.95078349,-0.941305293,89.5354627,0.0799519324,-0.000721013532,FollowWall,following_right_wall,0,14,42,0.435908169,1.29907912,1,1,1,0.252802908,1.35597648,0.148718376,1,1,0,0,0
86.65,1.95081599,-0.937308715,89.5326349,0.0799519324,-0.000721013532,FollowWall,following_right_wall,0,14,42,0.435908169,1.29907912,1,1,1,0.252802908,1.35996871,0.148718376,1,1,0,0,0
86.7,1.95084868,-0.93331177,89.5301248,0.079980933,-0.000286005515,FollowWall,following_right_wall,0,14,42,0.435279429,1.29108624,1,1,1,0.252926469,1.36396179,0.148718376,1,1,0,0,0
86.75,1.95088153,-0.929314006,89.5283191,0.079980933,-0.000286005515,FollowWall,following_right_wall,0,14,42,0.435279429,1.29108624,1,1,1,0.252926469,1.36795678,0.148718376,1,1,0,0,0
86.8,1.95091449,-0.925315764,89.5269244,0.0799708998,0.000436502961,FollowWall,following_right_wall,0,14,42,0.434692681,1.28315058,1,1,1,0.252924621,1.37195287,0.148718376,1,1,0,0,0
86.85,1.95094752,-0.921317454,89.5266319,0.0799708998,0.000436502961,FollowWall,following_right_wall,0,14,42,0.434692681,1.28315058,1,1,1,0.252924621,1.37595073,0.148718376,1,1,0,0,0
86.9,1.95098054,-0.917319102,89.5269823,0.0798366343,0.00245048531,FollowWall,following_right_wall,0,14,42,0.434166342,1.27527354,1,1,1,0.252375096,1.37994962,0.148718376,1,1,0,0,0
86.95,1.95101342,-0.913323523,89.5301117,0.0798366343,0.00245048531,FollowWall,following_right_wall,0,14,42,0.434166342,1.27527354,1,1,1,0.252375096,1.38395002,0.148718376,1,1,0,0,0
87,1.95104601,-0.909329559,89.5348623,0.079727089,0.00409366472,FollowWall,following_right_wall,0,14,42,0.433753699,1.26746288,1,1,1,0.252250731,1.38795129,0.148718376,1,1,0,0,0
87.05,1.95107814,-0.905338818,89.5425199,0.079727089,0.00409366472,FollowWall,following_right_wall,0,14,42,0.433753699,1.26746288,1,1,1,0.252250731,1.39195382,0.148718376,1,1,0,0,0
87.1,1.95110966,-0.901349953,89.5518733,0.0797190999,0.0042135014,FollowWall,following_right_wall,0,14,42,0.433475643,1.25931518,1,1,1,0.252375394,1.39595708,0.148718376,1,1,0,0,0
87.15,1.95114049,-0.897362348,89.5623589,0.0797190999,0.0042135014,FollowWall,following_right_wall,0,14,42,0.433475643,1.25931518,1,1,1,0.252375394,1.39996083,0.148718376,1,1,0,0,0
87.2,1.95117055,-0.893375474,89.573505,0.0796930957,0.00460356461,FollowWall,following_right_wall,0,14,42,0.433293641,1.25114849,1,1,1,0.25215137,1.40396487,0.148718376,1,1,0,0,0
87.25,1.95119981,-0.889389565,89.585502,0.0796930957,0.00460356461,FollowWall,following_right_wall,0,14,42,0.433293641,1.25114849,1,1,1,0.25215137,1.40796925,0.148718376,1,1,0,0,0
87.3,1.9512282,-0.885404218,89.5979954,0.0797221109,0.00416833596,FollowWall,following_right_wall,0,14,42,0.433195174,1.24304212,1,1,1,0.252344996,1.41197385,0.148718376,1,1,0,0,0
87.35,1.95125574,-0.881418591,89.6102588,0.0797221109,0.00416833596,FollowWall,following_right_wall,0,14,42,0.433195174,1.24304212,1,1,1,0.252344996,1.41597837,0.148718376,1,1,0,0,0
87.4,1.95128243,-0.877432798,89.622388,0.0797025329,0.00446200691,FollowWall,following_right_wall,0,14,42,0.433154494,1.23499132,1,1,1,0.251939207,1.41998286,0.148718376,1,1,0,0,0
87.45,1.95130827,-0.873447315,89.6347895,0.0797025329,0.00446200691,FollowWall,following_right_wall,0,14,42,0.433154494,1.23499132,1,1,1,0.251939207,1.42398746,0.148718376,1,1,0,0,0
87.5,1.95133323,-0.869462009,89.6473498,0.0797247341,0.00412898823,FollowWall,following_right_wall,0,14,42,0.433181077,1.2269994,1,1,1,0.251844853,1.42799214,0.148718376,1,1,0,0,0
87.55,1.95135734,-0.865476343,89.6596053,0.0797247341,0.00412898823,FollowWall,following_right_wall,0,14,42,0.433181077,1.2269994,1,1,1,0.251844853,1.43199671,0.148718376,1,1,0,0,0
87.6,1.9513806,-0.861490465,89.671683,0.0797130566,0.00430415076,FollowWall,following_right_wall,0,14,42,0.433264792,1.219064,1,1,1,0.251308978,1.43600122,0.148718376,1,1,0,0,0
87.65,1.95140302,-0.857504704,89.683866,0.0797130566,0.00430415076,FollowWall,following_right_wall,0,14,42,0.433264792,1.219064,1,1,1,0.251308978,1.44000579,0.148718376,1,1,0,0,0
87.7,1.95142458,-0.853519009,89.6961104,0.079802838,0.00295742927,FollowWall,following_right_wall,0,14,42,0.433413923,1.21118702,1,1,1,0.251698613,1.44401038,0.148718376,1,1,0,0,0
87.75,1.95144536,-0.849531482,89.7067832,0.079802838,0.00295742927,FollowWall,following_right_wall,0,14,42,0.433413923,1.21118702,1,1,1,0.251698613,1.44801439,0.148718376,1,1,0,0,0
87.8,1.95146543,-0.845542884,89.7165391,0.0798431371,0.0023529442,FollowWall,following_right_wall,0,14,42,0.433587104,1.20335739,1,1,1,0.251541227,1.45201805,0.148718376,1,1,0,0,0
87.85,1.95148488,-0.841552821,89.7250387,0.0798431371,0.0023529442,FollowWall,following_right_wall,0,14,42,0.433587104,1.20335739,1,1,1,0.251541227,1.45602125,0.148718376,1,1,0,0,0
87.9,1.95150376,-0.837561903,89.7328054,0.0799271617,0.00109257498,FollowWall,following_right_wall,0,14,42,0.433780968,1.19557321,1,1,1,0.25178808,1.46002416,0.148718376,1,1,0,0,0
87.95,1.95152218,-0.833568734,89.7386402,0.0799271617,0.00109257498,FollowWall,following_right_wall,0,14,42,0.433780968,1.19557321,1,1,1,0.25178808,1.46402635,0.148718376,1,1,0,0,0
88,1.95154023,-0.829574253,89.743348,0.0799781648,-0.000327527575,FollowWall,following_right_wall,0,14,42,0.433977127,1.18753307,1,1,1,0.252130508,1.4680281,0.148718376,1,1,0,0,0
88.05,1.95155805,-0.825577943,89.7457032,0.0799781648,-0.000327527575,FollowWall,following_right_wall,0,14,42,0.433977127,1.18753307,1,1,1,0.252130508,1.47202805,0.148718376,1,1,0,0,0
88.1,1.95157576,-0.821580566,89.7466861,0.0799241991,-0.00113701306,FollowWall,following_right_wall,0,14,42,0.434156835,1.17952533,1,1,1,0.252159894,1.47602695,0.148718376,1,1,0,0,0
88.15,1.95159346,-0.817583692,89.7459023,0.0799241991,-0.00113701306,FollowWall,following_right_wall,0,14,42,0.434156835,1.17952533,1,1,1,0.252159894,1.48002261,0.148718376,1,1,0,0,0
88.2,1.95161125,-0.813587111,89.7440879,0.0799101425,-0.00134786265,FollowWall,following_right_wall,0,14,42,0.434328079,1.17157553,1,1,1,0.252337843,1.48401639,0.148718376,1,1,0,0,0
88.25,1.95162919,-0.809590995,89.7414205,0.0799101425,-0.00134786265,FollowWall,following_right_wall,0,14,42,0.434328079,1.17157553,1,1,1,0.252337843,1.48800838,0.148718376,1,1,0,0,0
88.3,1.95164733,-0.80559515,89.7382557,0.0799400136,-0.000899796692,FollowWall,following_right_wall,0,14,42,0.434513241,1.16368461,1,1,1,0.25211513,1.49199934,0.148718376,1,1,0,0,0
88.35,1.95166569,-0.801598842,89.7353355,0.0799400136,-0.000899796692,FollowWall,following_right_wall,0,14,42,0.434513241,1.16368461,1,1,1,0.25211513,1.49599113,0.148718376,1,1,0,0,0
88.4,1.95168425,-0.797602264,89.732558,0.0799467117,-0.000799325064,FollowWall,following_right_wall,0,14,42,0.434741437,1.15584947,1,1,1,0.251611143,1.49998342,0.148718376,1,1,0,0,0
88.45,1.951703,-0.793605389,89.7299837,0.0799467117,-0.000799325064,FollowWall,following_right_wall,0,14,42,0.434741437,1.15584947,1,1,1,0.251611143,1.50397632,0.148718376,1,1,0,0,0
88.5,1.95172192,-0.789608341,89.7275278,0.0799279042,-0.00108143667,FollowWall,following_right_wall,0,14,42,0.435012996,1.14797988,1,1,1,0.251433551,1.50796957,0.148718376,1,1,0,0,0
88.55,1.95174102,-0.785611585,89.7248044,0.0799279042,-0.00108143667,FollowWall,following_right_wall,0,14,42,0.435012996,1.14797988,1,1,1,0.251433551,1.51196212,0.148718376,1,1,0,0,0
88.6,1.95176032,-0.781614999,89.7219249,0.0799168151,-0.00124777319,FollowWall,following_right_wall,0,14,42,0.435309798,1.13974459,1,1,1,0.251273572,1.51595426,0.148718376,1,1,0,0,0
88.65,1.95177982,-0.777618744,89.7187557,0.0799168151,-0.00124777319,FollowWall,following_right_wall,0,14,42,0.435309798,1.13974459,1,1,1,0.251273572,1.51994562,0.148718376,1,1,0,0,0
88.7,1.95179955,-0.773622683,89.7154176,0.0798979998,-0.00153000255,FollowWall,following_right_wall,0,14,42,0.435622036,1.13156227,1,1,1,0.251295149,1.52393652,0.148718376,1,1,0,0,0
88.75,1.95181953,-0.769627127,89.7116441,0.0798979998,-0.00153000255,FollowWall,following_right_wall,0,14,42,0.435622036,1.13156227,1,1,1,0.251295149,1.52792625,0.148718376,1,1,0,0,0
88.8,1.95183978,-0.765631866,89.7076166,0.0798939933,-0.00159010046,FollowWall,following_right_wall,0,14,42,0.435939014,1.1234358,1,1,1,0.251281321,1.53191529,0.148718376,1,1,0,0,0
88.85,1.95186031,-0.761636862,89.7033691,0.0798939933,-0.00159010046,FollowWall,following_right_wall,0,14,42,0.435939014,1.1234358,1,1,1,0.251281321,1.53590374,0.148718376,1,1,0,0,0
88.9,1.95188115,-0.757642008,89.6989934,0.0799304696,-0.00104295592,FollowWall,following_right_wall,0,14,42,0.436258435,1.11536683,1,1,1,0.250970185,1.53989183,0.148718376,1,1,0,0,0
88.95,1.95190227,-0.753646483,89.695196,0.0799304696,-0.00104295592,FollowWall,following_right_wall,0,14,42,0.436258435,1.11536683,1,1,1,0.250970185,1.5438815,0.148718376,1,1,0,0,0
89,1.95192365,-0.749650567,89.6917359,0.0799437037,-0.000844444033,FollowWall,following_right_wall,0,14,42,0.436595321,1.1073562,1,1,1,0.250968695,1.54787207,0.148718376,1,1,0,0,0
89.05,1.95194526,-0.745654147,89.6887095,0.0799437037,-0.000844444033,FollowWall,following_right_wall,0,14,42,0.436595321,1.1073562,1,1,1,0.250968695,1.55186382,0.148718376,1,1,0,0,0
89.1,1.95196707,-0.741657433,89.6859361,0.0799437066,-0.000844400891,FollowWall,following_right_wall,0,14,42,0.436943889,1.09940403,1,1,1,0.251174957,1.55585625,0.148718376,1,1,0,0,0
89.15,1.95198907,-0.737660549,89.6833104,0.0799437066,-0.000844400891,FollowWall,following_right_wall,0,14,42,0.436943889,1.09940403,1,1,1,0.251174957,1.55984908,0.148718376,1,1,0,0,0
89.2,1.95201125,-0.733663565,89.6807708,0.0799746691,-0.000379964201,FollowWall,following_right_wall,0,14,42,0.43728897,1.09150972,1,1,1,0.251155972,1.56384215,0.148718376,1,1,0,0,0
89.25,1.95203359,-0.729665879,89.6788358,0.0799746691,-0.000379964201,FollowWall,following_right_wall,0,14,42,0.43728897,1.09150972,1,1,1,0.251155972,1.56783685,0.148718376,1,1,0,0,0
89.3,1.95205606,-0.725667783,89.6772535,0.0799665256,-0.000502115265,FollowWall,following_right_wall,0,14,42,0.437633991,1.08367173,1,1,1,0.251597196,1.5718325,0.148718376,1,1,0,0,0
89.35,1.95207863,-0.721669619,89.6757312,0.0799665256,-0.000502115265,FollowWall,following_right_wall,0,14,42,0.437633991,1.08367173,1,1,1,0.251597196,1.57582832,0.148718376,1,1,0,0,0
89.4,1.95210131,-0.717671414,89.6742438,0.0799913821,-0.000129268821,FollowWall,following_right_wall,0,14,42,0.437961012,1.0757206,1,1,1,0.251786709,1.57982423,0.148718376,1,1,0,0,0
89.45,1.95212408,-0.713672667,89.6732218,0.0799913821,-0.000129268821,FollowWall,following_right_wall,0,14,42,0.437961012,1.0757206,1,1,1,0.251786709,1.5838214,0.148718376,1,1,0,0,0
89.5,1.95214692,-0.709673606,89.6724714,0.0799470266,0.000794601632,FollowWall,following_right_wall,0,14,42,0.438271105,1.06753667,1,1,1,0.251545221,1.5878193,0.148718376,1,1,0,0,0
89.55,1.95216976,-0.705675284,89.6729821,0.0799470266,0.000794601632,FollowWall,following_right_wall,0,14,42,0.438271105,1.06753667,1,1,1,0.251545221,1.59181841,0.148718376,1,1,0,0,0
89.6,1.95219253,-0.701677393,89.6742285,0.0799147853,0.00127822044,FollowWall,following_right_wall,0,14,42,0.438581675,1.05936249,1,1,1,0.251619756,1.59581822,0.148718376,1,1,0,0,0
89.65,1.95221518,-0.697680426,89.6764814,0.0799147853,0.00127822044,FollowWall,following_right_wall,0,14,42,0.438581675,1.05936249,1,1,1,0.251619756,1.59981867,0.148718376,1,1,0,0,0
89.7,1.95223765,-0.693683995,89.6793213,0.0798414651,0.00237802346,FollowWall,following_right_wall,0,14,42,0.438886136,1.05125196,1,1,1,0.251215726,1.60381948,0.148718376,1,1,0,0,0
89.75,1.95225985,-0.689689405,89.6838165,0.0798414651,0.00237802346,FollowWall,following_right_wall,0,14,42,0.438886136,1.05125196,1,1,1,0.251215726,1.60782101,0.148718376,1,1,0,0,0
89.8,1.9522817,-0.685695888,89.6892772,0.0797935218,0.00309717344,FollowWall,following_right_wall,0,14,42,0.439195842,1.04321173,1,1,1,0.250911176,1.61182296,0.148718376,1,1,0,0,0
89.85,1.9523031,-0.681703993,89.6961596,0.0797935218,0.00309717344,FollowWall,following_right_wall,0,14,42,0.439195842,1.04321173,1,1,1,0.250911176,1.61582547,0.148718376,1,1,0,0,0
89.9,1.952324,-0.677713044,89.7038713,0.0797768012,0.00334798242,FollowWall,following_right_wall,0,14,42,0.439505666,1.03524227,1,1,1,0.250763834,1.61982833,0.148718376,1,1,0,0,0
89.95,1.95234433,-0.673722994,89.7123662,0.0797768012,0.00334798242,FollowWall,following_right_wall,0,14,42,0.439505666,1.03524227,1,1,1,0.250763834,1.6238315,0.148718376,1,1,0,0,0
90,1.95236404,-0.669733467,89.7213179,0.0797782141,0.00332678819,FollowWall,following_right_wall,0,14,42,0.439795405,1.02733861,1,1,1,0.250663251,1.62783485,0.148718376,1,1,0,0,0
90.05,1.95238313,-0.665744213,89.7305108,0.0797782141,0.00332678819,FollowWall,following_right_wall,0,14,42,0.439795405,1.02733861,1,1,1,0.250663251,1.63183831,0.148718376,1,1,0,0,0
90.1,1.95240157,-0.661755119,89.7398443,0.0797916349,0.00312547612,FollowWall,following_right_wall,0,14,42,0.440045118,1.01949528,1,1,1,0.250570476,1.63584182,0.148718376,1,1,0,0,0
90.15,1.95241936,-0.657765836,89.7490197,0.0797916349,0.00312547612,FollowWall,following_right_wall,0,14,42,0.440045118,1.01949528,1,1,1,0.250570476,1.63984529,0.148718376,1,1,0,0,0
90.2,1.95243652,-0.653776442,89.7581027,0.0798307577,0.00253863512,FollowWall,following_right_wall,0,14,42,0.440239549,1.01170704,1,1,1,0.25064221,1.64384872,0.148718376,1,1,0,0,0
90.25,1.95245308,-0.649786168,89.7664315,0.0798307577,0.00253863512,FollowWall,following_right_wall,0,14,42,0.440239549,1.01170704,1,1,1,0.25064221,1.64785187,0.148718376,1,1,0,0,0
90.3,1.95246907,-0.645795379,89.7743202,0.0798778446,0.00183233055,FollowWall,following_right_wall,0,14,42,0.440359563,1.00367792,1,1,1,0.250725001,1.65185485,0.148718376,1,1,0,0,0
90.35,1.95248456,-0.641803309,89.7811091,0.0798778446,0.00183233055,FollowWall,following_right_wall,0,14,42,0.440359563,1.00367792,1,1,1,0.250725001,1.65585742,0.148718376,1,1,0,0,0
90.4,1.9524996,-0.63781049,89.7872565,0.0799037438,0.00144384299,FollowWall,following_right_wall,0,14,42,0.44039166,0.995671606,1,1,1,0.250545323,1.65985975,0.148718376,1,1,0,0,0
90.45,1.95251424,-0.633816695,89.7925659,0.0799037438,0.00144384299,FollowWall,following_right_wall,0,14,42,0.44039166,0.995671606,1,1,1,0.250545323,1.66386176,0.148718376,1,1,0,0,0
90.5,1.95252853,-0.62982233,89.7973865,0.0799662139,0.000506792244,FollowWall,following_right_wall,0,14,42,0.440340459,0.987718543,1,1,1,0.250681251,1.66786358,0.148718376,1,1,0,0,0
90.55,1.95254255,-0.62582633,89.8008035,0.0799662139,0.000506792244,FollowWall,following_right_wall,0,14,42,0.440340459,0.987718543,1,1,1,0.250681251,1.67186487,0.148718376,1,1,0,0,0
90.6,1.95255635,-0.621829377,89.8034017,0.0799925291,-0.000112063928,FollowWall,following_right_wall,0,14,42,0.440193266,0.979816347,1,1,1,0.250575662,1.67586584,0.148718376,1,1,0,0,0
90.65,1.95257002,-0.617831319,89.8047835,0.0799925291,-0.000112063928,FollowWall,following_right_wall,0,14,42,0.440193266,0.979816347,1,1,1,0.250575662,1.67986603,0.148718376,1,1,0,0,0
90.7,1.95258362,-0.613832618,89.8054558,0.079893692,-0.00159462067,FollowWall,following_right_wall,0,14,42,0.43995291,0.971964779,1,1,1,0.251021981,1.68386578,0.148718376,1,1,0,0,0
90.75,1.95259725,-0.6098356,89.8039446,0.079893692,-0.00159462067,FollowWall,following_right_wall,0,14,42,0.43995291,0.971964779,1,1,1,0.251021981,1.68786046,0.148718376,1,1,0,0,0
90.8,1.95261102,-0.605839564,89.8011595,0.0798616547,-0.0020751801,FollowWall,following_right_wall,0,14,42,0.439597398,0.963983602,1,1,1,0.251327723,1.69185218,0.148718376,1,1,0,0,0
90.85,1.95262502,-0.601844769,89.7970579,0.0798616547,-0.0020751801,FollowWall,following_right_wall,0,14,42,0.439597398,0.963983602,1,1,1,0.251327723,1.69584063,0.148718376,1,1,0,0,0
90.9,1.95263934,-0.597850699,89.7921882,0.0798979051,-0.00153142301,FollowWall,following_right_wall,0,14,42,0.439146161,0.956025655,1,1,1,0.2510961,1.69982717,0.148718376,1,1,1,0,1
