time,x,y,yaw_deg,v,w,state,reason,fault,narrow_usable,wide_usable,front_sector,front_clearance,pivot_valid,heading_valid,right_valid,right_distance,cap_gap,min_cap_gap,entered,approached,returned,contact,completed
0,0,0,0,0.0642548198,-0.236177702,FollowWall,following_right_wall,0,14,42,0.712057352,2.75800304,1,1,1,0.40469715,2.311,2.311,0,0,0,0,0
0.05,0.00133863803,-3.29330304e-06,-0.281916366,0.0642548198,-0.236177702,FollowWall,following_right_wall,0,14,42,0.712057352,2.75800304,1,1,1,0.40469715,2.31081081,2.31081081,0,0,0,0,0
0.1,0.0034580723,-2.19780006e-05,-0.728283945,0.0652809827,-0.220785259,FollowWall,following_right_wall,0,14,42,0.699724138,2.75396849,1,1,1,0.404819846,2.31050221,2.31050221,0,0,0,0,0
0.15,0.0060540897,-6.68495744e-05,-1.25220802,0.0652809827,-0.220785259,FollowWall,following_right_wall,0,14,42,0.699724138,2.75396849,1,1,1,0.404819846,2.31012398,2.31012398,0,0,0,0,0
0.2,0.0089276459,-0.000143942753,-1.82137339,0.066823811,-0.197642835,FollowWall,following_right_wall,0,14,42,0.682080925,2.74780517,1,1,1,0.405106276,2.30969325,2.30969325,0,0,0,0,0
0.25,0.0119945812,-0.000256688356,-2.38930528,0.066823811,-0.197642835,FollowWall,following_right_wall,0,14,42,0.682080925,2.74780517,1,1,1,0.405106276,2.3092365,2.3092365,0,0,0,0,0
0.3,0.0151735357,-0.000405097774,-2.95651764,0.0684580032,-0.173129952,FollowWall,following_right_wall,0,14,42,0.664709926,2.74193657,1,1,1,0.405229092,2.3087534,2.3087534,0,0,0,0,0
0.35,0.0184509543,-0.000589784764,-3.49405017,0.0684580032,-0.173129952,FollowWall,following_right_wall,0,14,42,0.664709926,2.74193657,1,1,1,0.405229092,2.30825975,2.30825975,0,0,0,0,0
0.4,0.021784854,-0.000808543183,-4.01426947,0.0699603132,-0.150595302,FollowWall,following_right_wall,0,14,42,0.649246573,2.73668789,1,1,1,0.405747294,2.30774962,2.30774962,0,0,0,0,0
0.45,0.0251819244,-0.00106133968,-4.49749063,0.0699603132,-0.150595302,FollowWall,following_right_wall,0,14,42,0.649246573,2.73668789,1,1,1,0.405747294,2.30723293,2.30723293,0,0,0,0,0
0.5,0.0286148118,-0.00134528214,-4.95912954,0.0713288733,-0.1300669,FollowWall,following_right_wall,0,14,42,0.635889828,2.73190595,1,1,1,0.406079799,2.30670296,2.30670296,0,0,0,0,0
0.55,0.0320959581,-0.00166033942,-5.38367483,0.0713288733,-0.1300669,FollowWall,following_right_wall,0,14,42,0.635889828,2.73190595,1,1,1,0.406079799,2.30616693,2.30616693,0,0,0,0,0
0.6,0.0356042103,-0.00200340724,-5.78658218,0.0725872288,-0.111191568,FollowWall,following_right_wall,0,14,42,0.624426603,2.72736036,1,1,1,0.405786723,2.30561882,2.30561882,0,0,0,0,0
0.65,0.0391533297,-0.00237458475,-6.15433662,0.0725872288,-0.111191568,FollowWall,following_right_wall,0,14,42,0.624426603,2.72736036,1,1,1,0.405786723,2.30506448,2.30506448,0,0,0,0,0
0.7,0.0427252784,-0.00277069605,-6.5015852,0.0736346063,-0.0954809054,FollowWall,following_right_wall,0,14,42,0.614582896,2.72284812,1,1,1,0.405749261,2.30449892,2.30449892,0,0,0,0,0
0.75,0.0463312444,-0.00319173829,-6.81811881,0.0736346063,-0.0954809054,FollowWall,following_right_wall,0,14,42,0.614582896,2.72284812,1,1,1,0.405749261,2.30392639,2.30392639,0,0,0,0,0
0.8,0.0499561016,-0.00363472311,-7.11673535,0.0746170223,-0.0807446662,FollowWall,following_right_wall,0,14,42,0.606056869,2.7182382,1,1,1,0.404730737,2.30334308,2.30334308,0,0,0,0,0
0.85,0.0536113779,-0.00409986412,-7.38731018,0.0746170223,-0.0807446662,FollowWall,following_right_wall,0,14,42,0.606056869,2.7182382,1,1,1,0.404730737,2.30275298,2.30275298,0,0,0,0,0
0.9,0.0572835284,-0.00458425208,-7.64152734,0.0754384752,-0.0684228723,FollowWall,following_right_wall,0,14,42,0.598632336,2.713431,1,1,1,0.404187858,2.30215308,2.30215308,0,0,0,0,0
0.95,0.0609816586,-0.00508797354,-7.87149447,0.0754384752,-0.0684228723,FollowWall,following_right_wall,0,14,42,0.598632336,2.713431,1,1,1,0.404187858,2.30154644,2.30154644,0,0,0,0,0
1,0.0646941601,-0.00560837086,-8.08731575,0.0761547207,-0.05767919,FollowWall,following_right_wall,0,14,42,0.592109978,2.70837579,1,1,1,0.403598249,2.30093083,2.30093083,0,0,0,0,0
1.05,0.068429081,-0.00614556238,-8.28206096,0.0761547207,-0.05767919,FollowWall,following_right_wall,0,14,42,0.592109978,2.70837579,1,1,1,0.403598249,2.30030886,2.30030886,0,0,0,0,0
1.1,0.0721763861,-0.00669713113,-8.46451179,0.0767493554,-0.0487596687,FollowWall,following_right_wall,0,14,42,0.586328566,2.70304945,1,1,1,0.403416216,2.29967885,2.29967885,0,0,0,0,0
1.15,0.0759425177,-0.00726313046,-8.62914401,0.0767493554,-0.0487596687,FollowWall,following_right_wall,0,14,42,0.586328566,2.70304945,1,1,1,0.403416216,2.29904288,2.29904288,0,0,0,0,0
1.2,0.0797190213,-0.00784143921,-8.78338204,0.0773278485,-0.0400822729,FollowWall,following_right_wall,0,14,42,0.581148505,1.89198189,1,1,1,0.402307749,2.29839972,2.29839972,0,0,0,0,0
1.25,0.0835129221,-0.00843231203,-8.92119891,0.0773278485,-0.0400822729,FollowWall,following_right_wall,0,14,42,0.581148505,1.89198189,1,1,1,0.402307749,2.29775148,2.29775148,0,0,0,0,0
1.3,0.087316452,-0.00903373291,-9.04943678,0.0778274005,-0.032588992,FollowWall,following_right_wall,0,14,42,0.576491058,1.74121344,1,1,1,0.401292622,2.29709716,2.29709716,0,0,0,0,0
1.35,0.0911354008,-0.00964585939,-9.16314244,0.0778274005,-0.032588992,FollowWall,following_right_wall,0,14,42,0.576491058,1.74121344,1,1,1,0.401292622,2.29643852,2.29643852,0,0,0,0,0
1.4,0.0949629101,-0.0102668609,-9.26837099,0.0782354927,-0.0264676089,FollowWall,following_right_wall,0,14,42,0.572284698,1.70576024,1,1,1,0.400695652,2.29577481,2.29577481,0,0,0,0,0
1.45,0.0988034078,-0.0108967893,-9.36134769,0.0782354927,-0.0264676089,FollowWall,following_right_wall,0,14,42,0.572284698,1.70576024,1,1,1,0.400695652,2.29510741,2.29510741,0,0,0,0,0
1.5,0.102651122,-0.0115340684,-9.44717748,0.0785963221,-0.0210551682,FollowWall,following_right_wall,0,14,42,0.568452477,1.6764936,1,1,1,0.399996698,2.29443575,2.29443575,0,0,0,0,0
1.55,0.106510136,-0.0121787919,-9.52237762,0.0785963221,-0.0210551682,FollowWall,following_right_wall,0,14,42,0.568452477,1.6764936,1,1,1,0.399996698,2.29376109,2.29376109,0,0,0,0,0
1.6,0.110375451,-0.012829569,-9.59137712,0.0789165661,-0.016251509,FollowWall,following_right_wall,0,14,42,0.564936697,1.6522228,1,1,1,0.399207652,2.29308298,2.29308298,0,0,0,0,0
1.65,0.11425076,-0.0134865035,-9.65102563,0.0789165661,-0.016251509,FollowWall,following_right_wall,0,14,42,0.564936697,1.6522228,1,1,1,0.399207652,2.29240252,2.29240252,0,0,0,0,0
1.7,0.118131671,-0.0141483547,-9.70521941,0.0792012849,-0.0119807267,FollowWall,following_right_wall,0,14,42,0.56169486,1.6320931,1,1,1,0.398338288,2.29171939,2.29171939,0,0,0,0,0
1.75,0.122021498,-0.014815224,-9.75113339,0.0792012849,-0.0119807267,FollowWall,following_right_wall,0,14,42,0.56169486,1.6320931,1,1,1,0.398338288,2.29103456,2.29103456,0,0,0,0,0
1.8,0.125916356,-0.015486,-9.79221748,0.0794546274,-0.00818058862,FollowWall,following_right_wall,0,14,42,0.558693588,1.6154555,1,1,1,0.397397101,2.29034777,2.29034777,0,0,0,0,0
1.85,0.129819206,-0.0161607764,-9.82594806,0.0794546274,-0.00818058862,FollowWall,following_right_wall,0,14,42,0.558693588,1.6154555,1,1,1,0.397397101,2.28965987,2.28965987,0,0,0,0,0
1.9,0.133726601,-0.0168385573,-9.85538909,0.0797005528,-0.00449170849,FollowWall,following_right_wall,0,14,42,0.555905759,1.60179946,1,1,1,0.396061718,2.28897067,2.28897067,0,0,0,0,0
1.95,0.137641604,-0.0175194873,-9.87792461,0.0797005528,-0.00449170849,FollowWall,following_right_wall,0,14,42,0.555905759,1.60179946,1,1,1,0.396061718,2.28828101,2.28828101,0,0,0,0,0
2,0.141560981,-0.0182026243,-9.89643191,0.0799320942,-0.00101858713,FollowWall,following_right_wall,0,14,42,0.55331713,1.59082574,1,1,1,0.394474864,2.28759072,2.28759072,0,0,0,0,0
2.05,0.145487621,-0.0188881048,-9.90844368,0.0799320942,-0.00101858713,FollowWall,following_right_wall,0,14,42,0.55331713,1.59082574,1,1,1,0.394474864,2.2869006,2.2869006,0,0,0,0,0
2.1,0.149418483,-0.0195750377,-9.9166664,0.0798617901,0.00207314804,FollowWall,following_right_wall,0,14,42,0.550917745,1.58231628,1,1,1,0.392841756,2.28621049,2.28621049,0,0,0,0,0
2.15,0.153350372,-0.0202625229,-9.91898834,0.0798617901,0.00207314804,FollowWall,following_right_wall,0,14,42,0.550917745,1.58231628,1,1,1,0.392841756,2.28552211,2.28552211,0,0,0,0,0
2.2,0.15728289,-0.0209501606,-9.91786817,0.0796990664,0.0045140046,FollowWall,following_right_wall,0,14,42,0.548698187,1.5760393,1,1,1,0.391494453,2.28483491,2.28483491,0,0,0,0,0
2.25,0.161212483,-0.0216370337,-9.91182655,0.0796990664,0.0045140046,FollowWall,following_right_wall,0,14,42,0.548698187,1.5760393,1,1,1,0.391494453,2.28415036,2.28415036,0,0,0,0,0
2.3,0.165140433,-0.0223230915,-9.90291407,0.0795588882,0.00661667707,FollowWall,following_right_wall,0,14,42,0.546638787,1.57165453,1,1,1,0.390156418,2.28346775,2.28346775,0,0,0,0,0
2.35,0.169064629,-0.0230077167,-9.88981704,0.0795588882,0.00661667707,FollowWall,following_right_wall,0,14,42,0.546638787,1.57165453,1,1,1,0.390156418,2.28278818,2.28278818,0,0,0,0,0
2.4,0.172986727,-0.0236909663,-9.87427904,0.0794353089,0.00847036689,FollowWall,following_right_wall,0,14,42,0.544721067,1.56887785,1,1,1,0.388785303,2.28211094,2.28211094,0,0,0,0,0
2.45,0.176905174,-0.0243723566,-9.85510444,0.0794353089,0.00847036689,FollowWall,following_right_wall,0,14,42,0.544721067,1.56887785,1,1,1,0.388785303,2.28143698,2.28143698,0,0,0,0,0
2.5,0.180821609,-0.0250519724,-9.83380851,0.0793277043,0.0100844362,FollowWall,following_right_wall,0,14,42,0.542931139,1.56750462,1,1,1,0.38738057,2.28076562,2.28076562,0,0,0,0,0
2.55,0.184734793,-0.0257294145,-9.80934847,0.0793277043,0.0100844362,FollowWall,following_right_wall,0,14,42,0.542931139,1.56750462,1,1,1,0.38738057,2.28009768,2.28009768,0,0,0,0,0
2.6,0.188646222,-0.0264047681,-9.78304271,0.0792593086,0.0111103706,FollowWall,following_right_wall,0,14,42,0.541257441,1.56737053,1,1,1,0.385863394,2.27943257,2.27943257,0,0,0,0,0
2.65,0.192555371,-0.0270777991,-9.75443565,0.0792593086,0.0111103706,FollowWall,following_right_wall,0,14,42,0.541257441,1.56737053,1,1,1,0.385863394,2.2787707,2.2787707,0,0,0,0,0
2.7,0.196463345,-0.0277485718,-9.72448617,0.079192015,0.0121197745,FollowWall,following_right_wall,0,14,42,0.53967911,1.56819849,1,1,1,0.384153336,2.27811163,2.27811163,0,0,0,0,0
2.75,0.200369413,-0.0284168458,-9.69254873,0.079192015,0.0121197745,FollowWall,following_right_wall,0,14,42,0.53967911,1.56819849,1,1,1,0.384153336,2.27745587,2.27745587,0,0,0,0,0
2.8,0.204274536,-0.0290826774,-9.65945164,0.0791350976,0.0129735367,FollowWall,following_right_wall,0,14,42,0.538186073,1.5698512,1,1,1,0.382435411,2.27680304,2.27680304,0,0,0,0,0
2.85,0.208178113,-0.0297458655,-9.62465898,0.0791350976,0.0129735367,FollowWall,following_right_wall,0,14,42,0.538186073,1.5698512,1,1,1,0.382435411,2.27615355,2.27615355,0,0,0,0,0
2.9,0.212080965,-0.0304064577,-9.58887725,0.0790873421,0.0136898682,FollowWall,following_right_wall,0,14,42,0.536771536,1.57223573,1,1,1,0.380713165,2.27550708,2.27550708,0,0,0,0,0
2.95,0.215982595,-0.0310642869,-9.55166349,0.0790873421,0.0136898682,FollowWall,following_right_wall,0,14,42,0.536771536,1.57223573,1,1,1,0.380713165,2.27486397,2.27486397,0,0,0,0,0
3,0.219883699,-0.0317193925,-9.51361439,0.0790476473,0.0142852907,FollowWall,following_right_wall,0,14,42,0.535429418,1.57526774,1,1,1,0.378989905,2.27422397,2.27422397,0,0,0,0,0
3.05,0.223783869,-0.0323716367,-9.47436728,0.0790476473,0.0142852907,FollowWall,following_right_wall,0,14,42,0.535429418,1.57526774,1,1,1,0.378989905,2.27358734,2.27358734,0,0,0,0,0
3.1,0.227683687,-0.0330210518,-9.43442131,0.0790150211,0.0147746829,FollowWall,following_right_wall,0,14,42,0.534154296,1.57887321,1,1,1,0.377268702,2.27295387,2.27295387,0,0,0,0,0
3.15,0.231582825,-0.0336675254,-9.39348352,0.0790150211,0.0147746829,FollowWall,following_right_wall,0,14,42,0.534154296,1.57887321,1,1,1,0.377268702,2.27232378,2.27232378,0,0,0,0,0
3.2,0.235481762,-0.0343110836,-9.35196717,0.0789885997,0.0151710048,FollowWall,following_right_wall,0,14,42,0.532941341,1.58298648,1,1,1,0.375552416,2.27169688,2.27169688,0,0,0,0,0
3.25,0.239380239,-0.0349516359,-9.30964024,0.0789885997,0.0151710048,FollowWall,following_right_wall,0,14,42,0.532941341,1.58298648,1,1,1,0.375552416,2.27107337,2.27107337,0,0,0,0,0
3.3,0.243278647,-0.0355892032,-9.26684048,0.078992334,0.01511499,FollowWall,following_right_wall,0,14,42,0.531786323,1.58755031,1,1,1,0.374242604,2.27045309,2.27045309,0,0,0,0,0
3.35,0.247177292,-0.0362238121,-9.22383176,0.078992334,0.01511499,FollowWall,following_right_wall,0,14,42,0.531786323,1.58755031,1,1,1,0.374242604,2.2698359,2.2698359,0,0,0,0,0
3.4,0.251076273,-0.0368554675,-9.18070115,0.07900788,0.0148817997,FollowWall,following_right_wall,0,14,42,0.530674756,1.59236899,1,1,1,0.373079956,2.26922177,2.26922177,0,0,0,0,0
3.45,0.254975966,-0.0374842331,-9.13777779,0.07900788,0.0148817997,FollowWall,following_right_wall,0,14,42,0.530674756,1.59236899,1,1,1,0.373079956,2.26861049,2.26861049,0,0,0,0,0
3.5,0.258876266,-0.0381101035,-9.09497532,0.0790252093,0.0146218599,FollowWall,following_right_wall,0,14,42,0.529593945,1.59726787,1,1,1,0.371936798,2.26800212,2.26800212,0,0,0,0,0
3.55,0.262777468,-0.0387331428,-9.05255366,0.0790252093,0.0146218599,FollowWall,following_right_wall,0,14,42,0.529593945,1.59726787,1,1,1,0.371936798,2.26739647,2.26739647,0,0,0,0,0
3.6,0.266679385,-0.0393533417,-9.01035413,0.079043225,0.0143516243,FollowWall,following_right_wall,0,14,42,0.528537571,1.60215936,1,1,1,0.370812684,2.26679362,2.26679362,0,0,0,0,0
3.65,0.270582274,-0.0399707641,-8.96860674,0.079043225,0.0143516243,FollowWall,following_right_wall,0,14,42,0.528537571,1.60215936,1,1,1,0.370812684,2.26619341,2.26619341,0,0,0,0,0
3.7,0.274485914,-0.0405853994,-8.92712311,0.0790423264,0.0143651038,FollowWall,following_right_wall,0,14,42,0.527503133,1.60700493,1,1,1,0.369404912,2.26559593,2.26559593,0,0,0,0,0
3.75,0.278390156,-0.0411972376,-8.88577725,0.0790423264,0.0143651038,FollowWall,following_right_wall,0,14,42,0.527503133,1.60700493,1,1,1,0.369404912,2.26500124,2.26500124,0,0,0,0,0
3.8,0.28229493,-0.0418062755,-8.84451175,0.0790597056,0.0141044154,FollowWall,following_right_wall,0,14,42,0.526497602,1.6119038,1,1,1,0.368286848,2.26440937,2.26440937,0,0,0,0,0
3.85,0.286200552,-0.042412577,-8.8036043,0.0790597056,0.0141044154,FollowWall,following_right_wall,0,14,42,0.526497602,1.6119038,1,1,1,0.368286848,2.26382013,2.26382013,0,0,0,0,0
3.9,0.290106845,-0.0430161341,-8.76290572,0.0790769039,0.0138464421,FollowWall,following_right_wall,0,14,42,0.525517344,1.61680541,1,1,1,0.367175013,2.2632336,2.2632336,0,0,0,0,0
3.95,0.294014057,-0.043617007,-8.72263691,0.0790769039,0.0138464421,FollowWall,following_right_wall,0,14,42,0.525517344,1.61680541,1,1,1,0.367175013,2.26264961,2.26264961,0,0,0,0,0
4,0.297921978,-0.0442151863,-8.68261879,0.0790929879,0.0136051808,FollowWall,following_right_wall,0,14,42,0.524559081,1.62166645,1,1,1,0.366063267,2.26206826,2.26206826,0,0,0,0,0
4.05,0.301830812,-0.0448107269,-8.64303491,0.0790929879,0.0136051808,FollowWall,following_right_wall,0,14,42,0.524559081,1.62166645,1,1,1,0.366063267,2.26148941,2.26148941,0,0,0,0,0
4.1,0.305740348,-0.0454036197,-8.60370432,0.0791077204,0.0133841944,FollowWall,following_right_wall,0,14,42,0.523621917,1.62647704,1,1,1,0.364950299,2.26091315,2.26091315,0,0,0,0,0
4.15,0.309650761,-0.0459939142,-8.56478527,0.0791077204,0.0133841944,FollowWall,following_right_wall,0,14,42,0.523621917,1.62647704,1,1,1,0.364950299,2.26033936,2.26033936,0,0,0,0,0
4.2,0.313561848,-0.0465816021,-8.52610628,0.0791210019,0.0131849717,FollowWall,following_right_wall,0,14,42,0.522705793,1.63124194,1,1,1,0.363834769,2.25976811,2.25976811,0,0,0,0,0
4.25,0.317473765,-0.0471667274,-8.48780514,0.0791210019,0.0131849717,FollowWall,following_right_wall,0,14,42,0.522705793,1.63124194,1,1,1,0.363834769,2.2591993,2.2591993,0,0,0,0,0
4.3,0.321386324,-0.0477492829,-8.44972441,0.0791211018,0.0131834725,FollowWall,following_right_wall,0,14,42,0.521810949,1.63597223,1,1,1,0.362534493,2.25863302,2.25863302,0,0,0,0,0
4.35,0.325299419,-0.0483292646,-8.41177404,0.0791211018,0.0131834725,FollowWall,following_right_wall,0,14,42,0.521810949,1.63597223,1,1,1,0.362534493,2.25806929,2.25806929,0,0,0,0,0
4.4,0.329212985,-0.0489066697,-8.37389971,0.0791115514,0.0133267288,FollowWall,following_right_wall,0,14,42,0.520942807,1.64075747,1,1,1,0.361092299,2.25750815,2.25750815,0,0,0,0,0
4.45,0.333126786,-0.049481462,-8.33589874,0.0791115514,0.0133267288,FollowWall,following_right_wall,0,14,42,0.520942807,1.64075747,1,1,1,0.361092299,2.25694972,2.25694972,0,0,0,0,0
4.5,0.337040883,-0.0500536434,-8.2978239,0.0791142597,0.013286105,FollowWall,following_right_wall,0,14,42,0.520108342,1.64571227,1,1,1,0.359828621,2.25639397,2.25639397,0,0,0,0,0
4.55,0.340955365,-0.0506232247,-8.25975445,0.0791142597,0.013286105,FollowWall,following_right_wall,0,14,42,0.520108342,1.64571227,1,1,1,0.359828621,2.25584086,2.25584086,0,0,0,0,0
4.6,0.344870229,-0.0511902056,-8.22168816,0.0791001523,0.0134977151,FollowWall,following_right_wall,0,14,42,0.51930511,2.43247519,1,1,1,0.358302891,2.25529038,2.25529038,0,0,0,0,0
4.65,0.348785181,-0.0517545353,-8.18337111,0.0791001523,0.0134977151,FollowWall,following_right_wall,0,14,42,0.51930511,2.43247519,1,1,1,0.358302891,2.25474272,2.25474272,0,0,0,0,0
4.7,0.352700342,-0.0523162175,-8.14490778,0.0790987678,0.0135184836,FollowWall,following_right_wall,0,14,42,0.51853776,2.42409637,1,1,1,0.356956005,2.2541978,2.2541978,0,0,0,0,0
4.75,0.356615752,-0.0528752493,-8.10633435,0.0790987678,0.0135184836,FollowWall,following_right_wall,0,14,42,0.51853776,2.42409637,1,1,1,0.356956005,2.25365563,2.25365563,0,0,0,0,0
4.8,0.360531465,-0.0534316324,-8.06769667,0.0791001998,0.0134970036,FollowWall,following_right_wall,0,14,42,0.51780355,2.41570374,1,1,1,0.355641663,2.25311617,2.25311617,0,0,0,0,0
4.85,0.364447538,-0.0539853724,-8.02904717,0.0791001998,0.0134970036,FollowWall,following_right_wall,0,14,42,0.51780355,2.41570374,1,1,1,0.355641663,2.25257941,2.25257941,0,0,0,0,0
4.9,0.368363975,-0.0545364693,-7.99039076,0.0791039548,0.0134406774,FollowWall,following_right_wall,0,14,42,0.517098427,2.40729919,1,1,1,0.35436067,2.25204533,2.25204533,0,0,0,0,0
4.95,0.372280857,-0.0550849361,-7.95179756,0.0791039548,0.0134406774,FollowWall,following_right_wall,0,14,42,0.517098427,2.40729919,1,1,1,0.35436067,2.2515139,2.2515139,0,0,0,0,0
5,0.376198149,-0.0556307717,-7.91324124,0.0791096538,0.0133551923,FollowWall,following_right_wall,0,14,42,0.516418934,2.39888487,1,1,1,0.353113621,2.25098512,2.25098512,0,0,0,0,0
5.05,0.380115949,-0.056173995,-7.87480846,0.0791096538,0.0133551923,FollowWall,following_right_wall,0,14,42,0.516418934,2.39888487,1,1,1,0.353113621,2.25045895,2.25045895,0,0,0,0,0
5.1,0.384034196,-0.0567146041,-7.83644776,0.0791169818,0.013245273,FollowWall,following_right_wall,0,14,42,0.515761971,2.39046222,1,1,1,0.351900816,2.2499354,2.2499354,0,0,0,0,0
5.15,0.387953002,-0.0572526231,-7.7982603,0.0791169818,0.013245273,FollowWall,following_right_wall,0,14,42,0.515761971,2.39046222,1,1,1,0.351900816,2.2494144,2.2494144,0,0,0,0,0
5.2,0.391872283,-0.0577880494,-7.7601739,0.0791256594,0.0131151092,FollowWall,following_right_wall,0,14,42,0.515124679,2.38203289,1,1,1,0.350722313,2.248896,2.248896,0,0,0,0,0
5.25,0.395792164,-0.0583209114,-7.72230183,0.0791256594,0.0131151092,FollowWall,following_right_wall,0,14,42,0.515124679,2.38203289,1,1,1,0.350722313,2.2483801,2.2483801,0,0,0,0,0
5.3,0.399712541,-0.0588512059,-7.68455478,0.0791354401,0.0129683979,FollowWall,following_right_wall,0,14,42,0.514504313,2.37359784,1,1,1,0.349578023,2.24786675,2.24786675,0,0,0,0,0
5.35,0.40363355,-0.0593789645,-7.64705578,0.0791354401,0.0129683979,FollowWall,following_right_wall,0,14,42,0.514504313,2.37359784,1,1,1,0.349578023,2.24735587,2.24735587,0,0,0,0,0
5.4,0.407555071,-0.0599041842,-7.60970148,0.0791461115,0.0128083268,FollowWall,following_right_wall,0,14,42,0.513898373,2.36515922,1,1,1,0.348467648,2.24684751,2.24684751,0,0,0,0,0
5.45,0.41147725,-0.0604268988,-7.57262266,0.0791461115,0.0128083268,FollowWall,following_right_wall,0,14,42,0.513898373,2.36515922,1,1,1,0.348467648,2.24634156,2.24634156,0,0,0,0,0
5.5,0.41539995,-0.0609471051,-7.53570453,0.0791574721,0.0126379178,FollowWall,following_right_wall,0,14,42,0.513304293,2.35671799,1,1,1,0.347390741,2.24583809,2.24583809,0,0,0,0,0
5.55,0.419323327,-0.0614648392,-7.49908355,0.0791574721,0.0126379178,FollowWall,following_right_wall,0,14,42,0.513304293,2.35671799,1,1,1,0.347390741,2.24533699,2.24533699,0,0,0,0,0
5.6,0.423247233,-0.0619800977,-7.46263591,0.0791693486,0.0124597706,FollowWall,following_right_wall,0,14,42,0.51271975,2.34827603,1,1,1,0.346346647,2.24483833,2.24483833,0,0,0,0,0
5.65,0.427171826,-0.0624929181,-7.42650203,0.0791693486,0.0124597706,FollowWall,following_right_wall,0,14,42,0.51271975,2.34827603,1,1,1,0.346346647,2.244342,2.244342,0,0,0,0,0
5.7,0.431096953,-0.063003297,-7.39055118,0.0791815726,0.0122764105,FollowWall,following_right_wall,0,14,42,0.51214242,2.33983431,1,1,1,0.345334589,2.24384806,2.24384806,0,0,0,0,0
5.75,0.435022773,-0.0635112727,-7.35492597,0.0791815726,0.0122764105,FollowWall,following_right_wall,0,14,42,0.51214242,2.33983431,1,1,1,0.345334589,2.24335642,2.24335642,0,0,0,0,0
5.8,0.438949127,-0.0640168421,-7.3194907,0.0791939998,0.0120900023,FollowWall,following_right_wall,0,14,42,0.511570156,2.33139474,1,1,1,0.344353646,2.24286713,2.24286713,0,0,0,0,0
5.85,0.442876175,-0.0645200437,-7.28438876,0.0791939998,0.0120900023,FollowWall,following_right_wall,0,14,42,0.511570156,2.33139474,1,1,1,0.344353646,2.24238009,2.24238009,0,0,0,0,0
5.9,0.446803755,-0.0650208747,-7.24948124,0.079206501,0.0119024851,FollowWall,following_right_wall,0,14,42,0.511000872,2.32295851,1,1,1,0.343402714,2.24189536,2.24189536,0,0,0,0,0
5.95,0.450732027,-0.0655193737,-7.21491098,0.079206501,0.0119024851,FollowWall,following_right_wall,0,14,42,0.511000872,2.32295851,1,1,1,0.343402714,2.24141285,2.24141285,0,0,0,0,0
6,0.454660826,-0.0660155378,-7.18053745,0.079211486,0.0118277105,FollowWall,following_right_wall,0,14,42,0.510432541,2.31452727,1,1,1,0.342372477,2.24093261,2.24093261,0,0,0,0,0
6.05,0.458590156,-0.0665093815,-7.14636794,0.079211486,0.0118277105,FollowWall,following_right_wall,0,14,42,0.510432541,2.31452727,1,1,1,0.342372477,2.24045464,2.24045464,0,0,0,0,0
6.1,0.462519917,-0.0670009029,-7.11231743,0.0792091033,0.0118634504,FollowWall,following_right_wall,0,14,42,0.509866536,2.30610176,1,1,1,0.341259331,2.23997896,2.23997896,0,0,0,0,0
6.15,0.46645,-0.0674900937,-7.07829368,0.0792091033,0.0118634504,FollowWall,following_right_wall,0,14,42,0.509866536,2.30610176,1,1,1,0.341259331,2.23950563,2.23950563,0,0,0,0,0
6.2,0.470380391,-0.0679769533,-7.04428555,0.0792174215,0.0117386775,FollowWall,following_right_wall,0,14,42,0.509306192,2.29768196,1,1,1,0.340313703,2.23903466,2.23903466,0,0,0,0,0
6.25,0.474311251,-0.0684615078,-7.01043545,0.0792174215,0.0117386775,FollowWall,following_right_wall,0,14,42,0.509306192,2.29768196,1,1,1,0.340313703,2.23856596,2.23856596,0,0,0,0,0
6.3,0.478242504,-0.0689437562,-6.97667755,0.0792318244,0.0115226345,FollowWall,following_right_wall,0,14,42,0.508747637,2.28927026,1,1,1,0.3394728,2.23809955,2.23809955,0,0,0,0,0
6.35,0.482174399,-0.0694237428,-6.94323131,0.0792318244,0.0115226345,FollowWall,following_right_wall,0,14,42,0.508747637,2.28927026,1,1,1,0.3394728,2.23763528,2.23763528,0,0,0,0,0
6.4,0.486106782,-0.0699014659,-6.90996687,0.0792447463,0.011328806,FollowWall,following_right_wall,0,14,42,0.508184671,2.28086929,1,1,1,0.338637233,2.23717323,2.23717323,0,0,0,0,0
6.45,0.49003983,-0.0703769646,-6.87703985,0.0792447463,0.011328806,FollowWall,following_right_wall,0,14,42,0.508184671,2.28086929,1,1,1,0.338637233,2.23671327,2.23671327,0,0,0,0,0
6.5,0.493973378,-0.070850237,-6.84430965,0.07925662,0.0111507007,FollowWall,following_right_wall,0,14,42,0.507614017,2.27248094,1,1,1,0.337816685,2.23625548,2.23625548,0,0,0,0,0
6.55,0.497907572,-0.0713213189,-6.81190687,0.07925662,0.0111507007,FollowWall,following_right_wall,0,14,42,0.507614017,2.27248094,1,1,1,0.337816685,2.23579975,2.23579975,0,0,0,0,0
6.6,0.501842252,-0.0717902086,-6.77969508,0.0792524348,0.0112134782,FollowWall,following_right_wall,0,14,42,0.507034004,2.26410665,1,1,1,0.336946338,2.23534615,2.23534615,0,0,0,0,0
6.65,0.505777237,-0.0722568924,-6.74751976,0.0792524348,0.0112134782,FollowWall,following_right_wall,0,14,42,0.507034004,2.26410665,1,1,1,0.336946338,2.23489477,2.23489477,0,0,0,0,0
6.7,0.509712508,-0.0727213701,-6.71536573,0.0792264561,0.0116031588,FollowWall,following_right_wall,0,14,42,0.506450236,2.25574618,1,1,1,0.336087704,2.23444562,2.23444562,0,0,0,0,0
6.75,0.513647518,-0.0731835622,-6.68275895,0.0792264561,0.0116031588,FollowWall,following_right_wall,0,14,42,0.506450236,2.25574618,1,1,1,0.336087704,2.233999,2.233999,0,0,0,0,0
6.8,0.517582485,-0.07364347,-6.64988809,0.0791973613,0.0120395809,FollowWall,following_right_wall,0,14,42,0.505874932,2.24739809,1,1,1,0.33513099,2.23355482,2.23355482,0,0,0,0,0
6.85,0.521516939,-0.0741010064,-6.61634222,0.0791973613,0.0120395809,FollowWall,following_right_wall,0,14,42,0.505874932,2.24739809,1,1,1,0.33513099,2.23311336,2.23311336,0,0,0,0,0
6.9,0.525451206,-0.074556173,-6.58240261,0.0791665272,0.0125020919,FollowWall,following_right_wall,0,14,42,0.505315185,2.23906288,1,1,1,0.334075511,2.2326745,2.2326745,0,0,0,0,0
6.95,0.529384842,-0.0750088782,-6.54768123,0.0791665272,0.0125020919,FollowWall,following_right_wall,0,14,42,0.505315185,2.23906288,1,1,1,0.334075511,2.2322385,2.2322385,0,0,0,0,0
7,0.533318226,-0.0754591235,-6.51250382,0.0791409792,0.0128853125,FollowWall,following_right_wall,0,14,42,0.504774094,2.23074148,1,1,1,0.33300969,2.23180522,2.23180522,0,0,0,0,0
7.05,0.537251052,-0.0759068337,-6.47660295,0.0791409792,0.0128853125,FollowWall,following_right_wall,0,14,42,0.504774094,2.23074148,1,1,1,0.33300969,2.23137486,2.23137486,0,0,0,0,0
7.1,0.541183671,-0.0763520098,-6.44028007,0.0791153636,0.0132695462,FollowWall,following_right_wall,0,14,42,0.504250407,2.22243533,1,1,1,0.331857651,2.23094728,2.23094728,0,0,0,0,0
7.15,0.54511576,-0.0767945769,-6.40325237,0.0791153636,0.0132695462,FollowWall,following_right_wall,0,14,42,0.504250407,2.22243533,1,1,1,0.331857651,2.23052268,2.23052268,0,0,0,0,0
7.2,0.54904766,-0.0772345354,-6.36581353,0.079094756,0.0135786593,FollowWall,following_right_wall,0,14,42,0.503742754,2.21414657,1,1,1,0.330690384,2.23010093,2.23010093,0,0,0,0,0
7.25,0.552979145,-0.0776718253,-6.32776587,0.079094756,0.0135786593,FollowWall,following_right_wall,0,14,42,0.503742754,2.21414657,1,1,1,0.330690384,2.22968219,2.22968219,0,0,0,0,0
7.3,0.55691051,-0.0781064469,-6.28936307,0.0790954732,0.013567902,FollowWall,following_right_wall,0,14,42,0.503248334,2.20455443,1,1,1,0.329738438,2.22926632,2.22926632,0,0,0,0,0
7.35,0.560841941,-0.078538402,-6.25076595,0.0790954732,0.013567902,FollowWall,following_right_wall,0,14,42,0.503248334,2.20455443,1,1,1,0.329738438,2.22885327,2.22885327,0,0,0,0,0
7.4,0.564773532,-0.0789676904,-6.21205547,0.0790906347,0.0136404801,FollowWall,following_right_wall,0,14,42,0.50275594,2.19679621,1,1,1,0.328647316,2.22844297,2.22844297,0,0,0,0,0
7.45,0.568705236,-0.079394298,-6.17319224,0.0790906347,0.0136404801,FollowWall,following_right_wall,0,14,42,0.50275594,2.19679621,1,1,1,0.328647316,2.22803548,2.22803548,0,0,0,0,0
7.5,0.572637125,-0.0798182245,-6.13423989,0.0790906832,0.0136397514,FollowWall,following_right_wall,0,14,42,0.502261817,2.18904966,1,1,1,0.327568322,2.22763075,2.22763075,0,0,0,0,0
7.55,0.576569243,-0.0802394697,-6.09523644,0.0790906832,0.0136397514,FollowWall,following_right_wall,0,14,42,0.502261817,2.18904966,1,1,1,0.327568322,2.22722877,2.22722877,0,0,0,0,0
7.6,0.580501613,-0.0806580334,-6.05620317,0.079103027,0.0134545956,FollowWall,following_right_wall,0,14,42,0.501762688,2.18121001,1,1,1,0.326607734,2.22682954,2.22682954,0,0,0,0,0
7.65,0.584434501,-0.0810739499,-6.01737352,0.079103027,0.0134545956,FollowWall,following_right_wall,0,14,42,0.501762688,2.18121001,1,1,1,0.326607734,2.22643289,2.22643289,0,0,0,0,0
7.7,0.588367808,-0.0814872195,-5.97866265,0.0791291928,0.0130621084,FollowWall,following_right_wall,0,14,42,0.501251221,2.1730399,1,1,1,0.325798273,2.22603887,2.22603887,0,0,0,0,0
7.75,0.592302013,-0.081897915,-5.94048957,0.0791291928,0.0130621084,FollowWall,following_right_wall,0,14,42,0.501251221,2.1730399,1,1,1,0.325798273,2.22564719,2.22564719,0,0,0,0,0
7.8,0.596236853,-0.0823060377,-5.90263019,0.0791494356,0.0127584667,FollowWall,following_right_wall,0,14,42,0.500717223,2.16489933,1,1,1,0.324887842,2.22525798,2.22525798,0,0,0,0,0
7.85,0.600172591,-0.082711644,-5.86531626,0.0791494356,0.0127584667,FollowWall,following_right_wall,0,14,42,0.500717223,2.16489933,1,1,1,0.324887842,2.22487105,2.22487105,0,0,0,0,0
7.9,0.60410896,-0.0831147358,-5.8283205,0.0791641228,0.0125381587,FollowWall,following_right_wall,0,14,42,0.500158072,2.15678831,1,1,1,0.323886573,2.22448651,2.22448651,0,0,0,0,0
7.95,0.608046105,-0.083515354,-5.79177332,0.0791641228,0.0125381587,FollowWall,following_right_wall,0,14,42,0.500158072,2.15678831,1,1,1,0.323886573,2.22410426,2.22410426,0,0,0,0,0
8,0.611983808,-0.0839135003,-5.7554878,0.07918388,0.0122417997,FollowWall,following_right_wall,0,14,42,0.499575555,2.14870683,1,1,1,0.322934449,2.22372439,2.22372439,0,0,0,0,0
8.05,0.615922346,-0.0843092292,-5.71970868,0.07918388,0.0122417997,FollowWall,following_right_wall,0,14,42,0.499575555,2.14870683,1,1,1,0.322934449,2.22334671,2.22334671,0,0,0,0,0
8.1,0.619861472,-0.0847025427,-5.68422495,0.079224533,0.0116320056,FollowWall,following_right_wall,0,14,42,0.498968571,2.14065513,1,1,1,0.322246164,2.22297134,2.22297134,0,0,0,0,0
8.15,0.62380188,-0.0850935511,-5.64964143,0.079224533,0.0116320056,FollowWall,following_right_wall,0,14,42,0.498968571,2.14065513,1,1,1,0.322246164,2.22259785,2.22259785,0,0,0,0,0
8.2,0.627743129,-0.085482259,-5.61558302,0.0792657748,0.0110133787,FollowWall,following_right_wall,0,14,42,0.498326719,2.13263416,1,1,1,0.32156688,2.22222643,2.22222643,0,0,0,0,0
8.25,0.631685815,-0.0858687786,-5.58256936,0.0792657748,0.0110133787,FollowWall,following_right_wall,0,14,42,0.498326719,2.13263416,1,1,1,0.32156688,2.2218567,2.2218567,0,0,0,0,0
8.3,0.635629427,-0.086253116,-5.55016515,0.0792882474,0.0106762897,FollowWall,following_right_wall,0,14,42,0.497643888,2.12464417,1,1,1,0.320650756,2.22148887,2.22148887,0,0,0,0,0
8.35,0.639574131,-0.0866353342,-5.5185188,0.0792882474,0.0106762897,FollowWall,following_right_wall,0,14,42,0.497643888,2.12464417,1,1,1,0.320650756,2.2211228,2.2211228,0,0,0,0,0
8.4,0.643519556,-0.0870154382,-5.48731455,0.0793091715,0.0103624281,FollowWall,following_right_wall,0,14,42,0.496926218,2.11668372,1,1,1,0.319718242,2.22075865,2.22075865,0,0,0,0,0
8.45,0.647465917,-0.0873934852,-5.45674284,0.0793091715,0.0103624281,FollowWall,following_right_wall,0,14,42,0.496926218,2.11668372,1,1,1,0.319718242,2.22039626,2.22039626,0,0,0,0,0
8.5,0.651412907,-0.08776948,-5.4265401,0.0793404192,0.0098937118,FollowWall,following_right_wall,0,14,42,0.496178538,2.10875163,1,1,1,0.318918735,2.22003575,2.22003575,0,0,0,0,0
8.55,0.655360988,-0.0881435058,-5.39711209,0.0793404192,0.0098937118,FollowWall,following_right_wall,0,14,42,0.496178538,2.10875163,1,1,1,0.318918735,2.21967685,2.21967685,0,0,0,0,0
8.6,0.659309784,-0.0885155686,-5.368136,0.0793704155,0.00944376687,FollowWall,following_right_wall,0,14,42,0.495398313,2.10084764,1,1,1,0.318330348,2.2193197,2.2193197,0,0,0,0,0
8.65,0.663259691,-0.0888857489,-5.33996061,0.0793704155,0.00944376687,FollowWall,following_right_wall,0,14,42,0.495398313,2.10084764,1,1,1,0.318330348,2.21896404,2.21896404,0,0,0,0,0
8.7,0.667210321,-0.0892540534,-5.31225231,0.0793774563,0.00933815514,FollowWall,following_right_wall,0,14,42,0.494584501,2.09297034,1,1,1,0.317729801,2.21861003,2.21861003,0,0,0,0,0
8.75,0.671161588,-0.0896205038,-5.28494252,0.0793774563,0.00933815514,FollowWall,following_right_wall,0,14,42,0.494584501,2.09297034,1,1,1,0.317729801,2.2182577,2.2182577,0,0,0,0,0
8.8,0.675113298,-0.0899851037,-5.25786522,0.0793812602,0.00928109754,FollowWall,following_right_wall,0,14,42,0.493747622,2.08511854,1,1,1,0.317061514,2.21790712,2.21790712,0,0,0,0,0
8.85,0.679065415,-0.0903478647,-5.23099163,0.0793812602,0.00928109754,FollowWall,following_right_wall,0,14,42,0.493747622,2.08511854,1,1,1,0.317061514,2.21755829,2.21755829,0,0,0,0,0
8.9,0.68301784,-0.0907087887,-5.20423687,0.0794229093,0.00865636116,FollowWall,following_right_wall,0,14,42,0.492895752,2.0772896,1,1,1,0.316486329,2.21721126,2.21721126,0,0,0,0,0
8.95,0.686971374,-0.0910679809,-5.17829716,0.0794229093,0.00865636116,FollowWall,following_right_wall,0,14,42,0.492895752,2.0772896,1,1,1,0.316486329,2.21686556,2.21686556,0,0,0,0,0
9,0.69092562,-0.0914254494,-5.15283289,0.0794533756,0.00819936673,FollowWall,following_right_wall,0,14,42,0.492015809,2.06948426,1,1,1,0.315841466,2.21652135,2.21652135,0,0,0,0,0
9.05,0.694880976,-0.0917812747,-5.12819146,0.0794533756,0.00819936673,FollowWall,following_right_wall,0,14,42,0.492015809,2.06948426,1,1,1,0.315841466,2.21617837,2.21617837,0,0,0,0,0
9.1,0.698837039,-0.0921354652,-5.10403002,0.0794759667,0.00786049953,FollowWall,following_right_wall,0,14,42,0.49110502,2.06170083,1,1,1,0.315179974,2.21583679,2.21583679,0,0,0,0,0
9.15,0.702794042,-0.0924880817,-5.08055307,0.0794759667,0.00786049953,FollowWall,following_right_wall,0,14,42,0.49110502,2.06170083,1,1,1,0.315179974,2.21549645,2.21549645,0,0,0,0,0
9.2,0.706751651,-0.0928391316,-5.0574754,0.0794909301,0.00763604824,FollowWall,following_right_wall,0,14,42,0.490167856,2.05393789,1,1,1,0.314500928,2.21515748,2.21515748,0,0,0,0,0
9.25,0.71070998,-0.0931886561,-5.03489857,0.0794909301,0.00763604824,FollowWall,following_right_wall,0,14,42,0.490167856,2.05393789,1,1,1,0.314500928,2.21481978,2.21481978,0,0,0,0,0
9.3,0.714668784,-0.0935366606,-5.01261388,0.0794988405,0.00751739248,FollowWall,following_right_wall,0,14,42,0.489210933,2.04619282,1,1,1,0.313803673,2.21448347,2.21448347,0,0,0,0,0
9.35,0.718628084,-0.0938831678,-4.99064126,0.0794988405,0.00751739248,FollowWall,following_right_wall,0,14,42,0.489210933,2.04619282,1,1,1,0.313803673,2.2141485,2.2141485,0,0,0,0,0
9.4,0.722587727,-0.0942281812,-4.96885067,0.079479475,0.00780787471,FollowWall,following_right_wall,0,14,42,0.488241464,2.03846395,1,1,1,0.312819421,2.21381495,2.21381495,0,0,0,0,0
9.45,0.726547223,-0.0945716563,-4.94681953,0.079479475,0.00780787471,FollowWall,following_right_wall,0,14,42,0.488241464,2.03846395,1,1,1,0.312819421,2.21348307,2.21348307,0,0,0,0,0
9.5,0.730506688,-0.0949135899,-4.92464806,0.0794549923,0.00817511624,FollowWall,following_right_wall,0,14,42,0.487276107,2.03074819,1,1,1,0.311807007,2.21315283,2.21315283,0,0,0,0,0
9.55,0.734465684,-0.0952539215,-4.90195639,0.0794549923,0.00817511624,FollowWall,following_right_wall,0,14,42,0.487276107,2.03074819,1,1,1,0.311807007,2.21282447,2.21282447,0,0,0,0,0
9.6,0.738424463,-0.0955926445,-4.87896125,0.0794670402,0.00799439677,FollowWall,following_right_wall,0,14,42,0.486327142,2.02304362,1,1,1,0.311280429,2.2124979,2.2124979,0,0,0,0,0
9.65,0.742383423,-0.0959297839,-4.85600481,0.0794670402,0.00799439677,FollowWall,following_right_wall,0,14,42,0.486327142,2.02304362,1,1,1,0.311280429,2.2121729,2.2121729,0,0,0,0,0
9.7,0.746342543,-0.09626534,-4.83307094,0.0794477744,0.00828338389,FollowWall,following_right_wall,0,14,42,0.485384285,2.01491976,1,1,1,0.310395479,2.21184949,2.21184949,0,0,0,0,0
9.75,0.750301414,-0.0965992674,-4.80980529,0.0794477744,0.00828338389,FollowWall,following_right_wall,0,14,42,0.485384285,2.01491976,1,1,1,0.310395479,2.21152791,2.21152791,0,0,0,0,0
9.8,0.754260197,-0.0969315618,-4.7863461,0.07943691,0.00844634954,FollowWall,following_right_wall,0,14,42,0.484455764,2.00677483,1,1,1,0.309648514,2.21120807,2.21120807,0,0,0,0,0
9.85,0.758218759,-0.0972621948,-4.76257949,0.07943691,0.00844634954,FollowWall,following_right_wall,0,14,42,0.484455764,2.00677483,1,1,1,0.309648514,2.21089007,2.21089007,0,0,0,0,0
9.9,0.762177251,-0.0975911623,-4.73863354,0.0794153405,0.00876989288,FollowWall,following_right_wall,0,14,42,0.483545303,1.99865444,1,1,1,0.308793277,2.21057385,2.21057385,0,0,0,0,0
9.95,0.766135312,-0.0979184114,-4.71419679,0.0794153405,0.00876989288,FollowWall,following_right_wall,0,14,42,0.483545303,1.99865444,1,1,1,0.308793277,2.21025962,2.21025962,0,0,0,0,0
10,0.770093181,-0.0982439351,-4.68947372,0.0793850227,0.0092246596,FollowWall,following_right_wall,0,14,42,0.482659698,1.99055908,1,1,1,0.307846636,2.20994729,2.20994729,0,0,0,0,0
10.05,0.77405037,-0.0985676591,-4.66404081,0.0793850227,0.0092246596,FollowWall,following_right_wall,0,14,42,0.482659698,1.99055908,1,1,1,0.307846636,2.20963716,2.20963716,0,0,0,0,0
10.1,0.778007222,-0.0988895731,-4.63819382,0.0793679142,0.0094812871,FollowWall,following_right_wall,0,14,42,0.481807917,1.98248851,1,1,1,0.307073742,2.20932908,2.20932908,0,0,0,0,0
10.15,0.781963585,-0.0992096319,-4.61179895,0.0793679142,0.0094812871,FollowWall,following_right_wall,0,14,42,0.481807917,1.98248851,1,1,1,0.307073742,2.20902316,2.20902316,0,0,0,0,0
10.2,0.785919726,-0.0995278271,-4.5850845,0.0793719181,0.00942122865,FollowWall,following_right_wall,0,14,42,0.480989605,1.97444368,1,1,1,0.306577593,2.2087193,2.2087193,0,0,0,0,0
10.25,0.789875882,-0.0998441631,-4.5582553,0.0793719181,0.00942122865,FollowWall,following_right_wall,0,14,42,0.480989605,1.97444368,1,1,1,0.306577593,2.20841738,2.20841738,0,0,0,0,0
10.3,0.793832108,-0.100158638,-4.53135917,0.0793681231,0.00947815396,FollowWall,following_right_wall,0,14,42,0.480195373,1.96642602,1,1,1,0.306013376,2.20811738,2.20811738,0,0,0,0,0
10.35,0.797788357,-0.100471242,-4.50435605,0.0793681231,0.00947815396,FollowWall,following_right_wall,0,14,42,0.480195373,1.96642602,1,1,1,0.306013376,2.20781932,2.20781932,0,0,0,0,0
10.4,0.801744681,-0.100781974,-4.47729052,0.0793281435,0.0100778473,FollowWall,following_right_wall,0,14,42,0.479424655,1.95843553,1,1,1,0.305028647,2.20752319,2.20752319,0,0,0,0,0
10.45,0.805700281,-0.101090743,-4.44947274,0.0793281435,0.0100778473,FollowWall,following_right_wall,0,14,42,0.479424655,1.95843553,1,1,1,0.305028647,2.20722945,2.20722945,0,0,0,0,0
10.5,0.809655522,-0.101397537,-4.42121617,0.0793181985,0.0102270224,FollowWall,following_right_wall,0,14,42,0.47869578,1.95047149,1,1,1,0.304424137,2.20693795,2.20693795,0,0,0,0,0
10.55,0.813610412,-0.101702326,-4.39252555,0.0793181985,0.0102270224,FollowWall,following_right_wall,0,14,42,0.47869578,1.95047149,1,1,1,0.304424137,2.20664871,2.20664871,0,0,0,0,0
10.6,0.817565161,-0.102005104,-4.36358175,0.079314963,0.0102755546,FollowWall,following_right_wall,0,14,42,0.47800684,1.94253368,1,1,1,0.303911835,2.20636164,2.20636164,0,0,0,0,0
10.65,0.821519824,-0.102305858,-4.33443233,0.079314963,0.0102755546,FollowWall,following_right_wall,0,14,42,0.47800684,1.94253368,1,1,1,0.303911835,2.20607673,2.20607673,0,0,0,0,0
10.7,0.825474501,-0.102604586,-4.30516296,0.0793118005,0.0103229931,FollowWall,following_right_wall,0,14,42,0.477352321,1.93462256,1,1,1,0.303420067,2.20579393,2.20579393,0,0,0,0,0
10.75,0.829429184,-0.102901278,-4.275767,0.0793118005,0.0103229931,FollowWall,following_right_wall,0,14,42,0.477352321,1.93462256,1,1,1,0.303420067,2.20551327,2.20551327,0,0,0,0,0
10.8,0.833383933,-0.103195933,-4.24629719,0.0792962933,0.0105556004,FollowWall,following_right_wall,0,14,42,0.476730913,1.92673742,1,1,1,0.30264321,2.2052347,2.2052347,0,0,0,0,0
10.85,0.837338461,-0.103488514,-4.21650664,0.0792962933,0.0105556004,FollowWall,following_right_wall,0,14,42,0.476730913,1.92673742,1,1,1,0.30264321,2.20495841,2.20495841,0,0,0,0,0
10.9,0.841292924,-0.103779017,-4.18652901,0.0793306268,0.0100405983,FollowWall,following_right_wall,0,14,42,0.476148814,1.91887766,1,1,1,0.302132547,2.20468432,2.20468432,0,0,0,0,0
10.95,0.845248125,-0.104067511,-4.15705697,0.0793306268,0.0100405983,FollowWall,following_right_wall,0,14,42,0.476148814,1.91887766,1,1,1,0.302132547,2.20441199,2.20441199,0,0,0,0,0
11,0.849203814,-0.104354006,-4.12787987,0.0793734466,0.00939830061,FollowWall,following_right_wall,0,14,42,0.475587875,1.91104317,1,1,1,0.301736325,2.20414153,2.20414153,0,0,0,0,0
11.05,0.853160736,-0.104638597,-4.0996415,0.0793734466,0.00939830061,FollowWall,following_right_wall,0,14,42,0.475587875,1.91104317,1,1,1,0.301736325,2.20387247,2.20387247,0,0,0,0,0
11.1,0.857118432,-0.104921302,-4.07195072,0.0794170171,0.00874474407,FollowWall,following_right_wall,0,14,42,0.475033462,1.90323359,1,1,1,0.301387399,2.20360502,2.20360502,0,0,0,0,0
11.15,0.861077538,-0.105202223,-4.0453595,0.0794170171,0.00874474407,FollowWall,following_right_wall,0,14,42,0.475033462,1.90323359,1,1,1,0.301387399,2.20333876,2.20333876,0,0,0,0,0
11.2,0.865037517,-0.105481381,-4.01940968,0.0794392624,0.00841106326,FollowWall,following_right_wall,0,14,42,0.474479526,1.89544748,1,1,1,0.300826341,2.20307394,2.20307394,0,0,0,0,0
11.25,0.868998516,-0.105758835,-3.99423232,0.0794392624,0.00841106326,FollowWall,following_right_wall,0,14,42,0.474479526,1.89544748,1,1,1,0.300826341,2.20281041,2.20281041,0,0,0,0,0
11.3,0.872960159,-0.1060346,-3.96950556,0.0794786901,0.00781964875,FollowWall,following_right_wall,0,14,42,0.473933876,1.88768294,1,1,1,0.30051434,2.20254834,2.20254834,0,0,0,0,0
11.35,0.876923043,-0.106308767,-3.9457476,0.0794786901,0.00781964875,FollowWall,following_right_wall,0,14,42,0.473933876,1.88768294,1,1,1,0.30051434,2.20228734,2.20228734,0,0,0,0,0
11.4,0.880886695,-0.106581355,-3.92255477,0.0794986581,0.00752012809,FollowWall,following_right_wall,0,14,42,0.473393828,1.8799383,1,1,1,0.300007254,2.20202763,2.20202763,0,0,0,0,0
11.45,0.884851252,-0.106852417,-3.90004913,0.0794986581,0.00752012809,FollowWall,following_right_wall,0,14,42,0.473393828,1.8799383,1,1,1,0.300007254,2.20176907,2.20176907,0,0,0,0,0
11.5,0.888816381,-0.107121967,-3.87794434,0.0794880176,0.00767973613,FollowWall,following_right_wall,0,14,42,0.472865522,1.87187031,1,1,1,0.299159825,2.20151182,2.20151182,0,0,0,0,0
11.55,0.892781663,-0.107389993,-3.85588288,0.0794880176,0.00767973613,FollowWall,following_right_wall,0,14,42,0.472865522,1.87187031,1,1,1,0.299159825,2.20125608,2.20125608,0,0,0,0,0
11.6,0.896747078,-0.107656494,-3.83384668,0.0794808801,0.00778679919,FollowWall,following_right_wall,0,14,42,0.472367227,1.86360429,1,1,1,0.298357725,2.20100187,2.20100187,0,0,0,0,0
11.65,0.900712463,-0.107921458,-3.81169742,0.0794808801,0.00778679919,FollowWall,following_right_wall,0,14,42,0.472367227,1.86360429,1,1,1,0.298357725,2.20074927,2.20074927,0,0,0,0,0
11.7,0.904677875,-0.108184881,-3.78948222,0.0795183851,0.00722422337,FollowWall,following_right_wall,0,14,42,0.471907109,1.8553353,1,1,1,0.298087597,2.20049826,2.20049826,0,0,0,0,0
11.75,0.908644122,-0.108446838,-3.76790006,0.0795183851,0.00722422337,FollowWall,following_right_wall,0,14,42,0.471907109,1.8553353,1,1,1,0.298087597,2.20024838,2.20024838,0,0,0,0,0
11.8,0.912610895,-0.108707341,-3.74668719,0.0795407358,0.00688896229,FollowWall,following_right_wall,0,14,42,0.471467346,1.84706417,1,1,1,0.297653496,2.19999975,2.19999975,0,0,0,0,0
11.85,0.916578477,-0.108966443,-3.72608993,0.0795407358,0.00688896229,FollowWall,following_right_wall,0,14,42,0.471467346,1.84706417,1,1,1,0.297653496,2.1997522,2.1997522,0,0,0,0,0
11.9,0.920546569,-0.109224159,-3.70585176,0.0795274264,0.00708860338,FollowWall,following_right_wall,0,14,42,0.471043855,1.83879279,1,1,1,0.296815753,2.19950584,2.19950584,0,0,0,0,0
11.95,0.924514718,-0.10948047,-3.68558477,0.0795274264,0.00708860338,FollowWall,following_right_wall,0,14,42,0.471043855,1.83879279,1,1,1,0.296815753,2.19926091,2.19926091,0,0,0,0,0
12,0.928482938,-0.109735375,-3.66530096,0.0795401125,0.00689831321,FollowWall,following_right_wall,0,14,42,0.470652759,1.8305244,1,1,1,0.296292812,2.19901741,2.19901741,0,0,0,0,0
12.05,0.9324515,-0.1099889,-3.64523448,0.0795401125,0.00689831321,FollowWall,following_right_wall,0,14,42,0.470652759,1.8305244,1,1,1,0.296292812,2.19877518,2.19877518,0,0,0,0,0
12.1,0.936420297,-0.110241048,-3.62529478,0.0795306341,0.00704048886,FollowWall,following_right_wall,0,14,42,0.470291197,1.822261,1,1,1,0.295507163,2.19853427,2.19853427,0,0,0,0,0
12.15,0.940389071,-0.110491804,-3.60525932,0.0795306341,0.00704048886,FollowWall,following_right_wall,0,14,42,0.470291197,1.822261,1,1,1,0.295507163,2.19829481,2.19829481,0,0,0,0,0
12.2,0.944357868,-0.110741167,-3.58516801,0.079519797,0.00720304536,FollowWall,following_right_wall,0,14,42,0.469965279,1.81400511,1,1,1,0.294699728,2.19805679,2.19805679,0,0,0,0,0
12.25,0.948326489,-0.110989113,-3.56485008,0.079519797,0.00720304536,FollowWall,following_right_wall,0,14,42,0.469965279,1.81400511,1,1,1,0.294699728,2.19782032,2.19782032,0,0,0,0,0
12.3,0.952295044,-0.111235639,-3.54439994,0.0795394605,0.00690809324,FollowWall,following_right_wall,0,14,42,0.469679594,1.80575945,1,1,1,0.294245154,2.19758537,2.19758537,0,0,0,0,0
12.35,0.956264006,-0.111480777,-3.52422477,0.0795394605,0.00690809324,FollowWall,following_right_wall,0,14,42,0.469679594,1.80575945,1,1,1,0.294245154,2.19735165,2.19735165,0,0,0,0,0
12.4,0.96023324,-0.111724534,-3.50420999,0.07956144,0.0065784007,FollowWall,following_right_wall,0,14,42,0.469421536,1.79752487,1,1,1,0.293825179,2.19711924,2.19711924,0,0,0,0,0
12.45,0.964203124,-0.111966956,-3.48468232,0.07956144,0.0065784007,FollowWall,following_right_wall,0,14,42,0.469421536,1.79752487,1,1,1,0.293825179,2.19688789,2.19688789,0,0,0,0,0
12.5,0.96817342,-0.112208055,-3.46543879,0.0795600906,0.00659864038,FollowWall,following_right_wall,0,14,42,0.469181657,1.78930279,1,1,1,0.293147773,2.19665772,2.19665772,0,0,0,0,0
12.55,0.97214396,-0.112447836,-3.44633685,0.0795600906,0.00659864038,FollowWall,following_right_wall,0,14,42,0.469181657,1.78930279,1,1,1,0.293147773,2.1964288,2.1964288,0,0,0,0,0
12.6,0.976114676,-0.112686301,-3.4273175,0.0795672592,0.00649111187,FollowWall,following_right_wall,0,14,42,0.468966186,1.78109571,1,1,1,0.292582184,2.19620115,2.19620115,0,0,0,0,0
12.65,0.980085675,-0.112923467,-3.40847469,0.0795672592,0.00649111187,FollowWall,following_right_wall,0,14,42,0.468966186,1.78109571,1,1,1,0.292582184,2.19597472,2.19597472,0,0,0,0,0
12.7,0.984056872,-0.113159337,-3.38973485,0.079573437,0.00639844491,FollowWall,following_right_wall,0,14,42,0.468774855,1.7729053,1,1,1,0.292013168,2.19574953,2.19574953,0,0,0,0,0
12.75,0.988028343,-0.113393926,-3.3711657,0.079573437,0.00639844491,FollowWall,following_right_wall,0,14,42,0.468774855,1.7729053,1,1,1,0.292013168,2.19552553,2.19552553,0,0,0,0,0
12.8,0.992000006,-0.113627238,-3.35269612,0.0796053933,0.00591910121,FollowWall,following_right_wall,0,14,42,0.468606085,1.76473358,1,1,1,0.291759819,2.19530277,2.19530277,0,0,0,0,0
12.85,0.995972474,-0.113859335,-3.33485679,0.0796053933,0.00591910121,FollowWall,following_right_wall,0,14,42,0.468606085,1.76473358,1,1,1,0.291759819,2.19508086,2.19508086,0,0,0,0,0
12.9,0.999945441,-0.114090232,-3.3173851,0.0796166569,0.00575014683,FollowWall,following_right_wall,0,14,42,0.468446463,1.7565808,1,1,1,0.29128927,2.19485996,2.19485996,0,0,0,0,0
12.95,1.00391896,-0.11431996,-3.30032956,0.0796166569,0.00575014683,FollowWall,following_right_wall,0,14,42,0.468446463,1.7565808,1,1,1,0.29128927,2.19464,2.19464,0,0,0,0,0
13,1.00789283,-0.11454853,-3.28351675,0.0796111596,0.00583260669,FollowWall,following_right_wall,0,14,42,0.468296736,1.74844861,1,1,1,0.290645093,2.19442106,2.19442106,0,0,0,0,0
13.05,1.01186682,-0.114775938,-3.26674712,0.0796111596,0.00583260669,FollowWall,following_right_wall,0,14,42,0.468296736,1.74844861,1,1,1,0.290645093,2.19420327,2.19420327,0,0,0,0,0
13.1,1.0158409,-0.115002185,-3.25000268,0.0796355299,0.00546705214,FollowWall,following_right_wall,0,14,42,0.468165576,1.74033939,1,1,1,0.290361881,2.19398663,2.19398663,0,0,0,0,0
13.15,1.01981557,-0.115227316,-3.23370927,0.0796355299,0.00546705214,FollowWall,following_right_wall,0,14,42,0.468165576,1.74033939,1,1,1,0.290361881,2.19377085,2.19377085,0,0,0,0,0
13.2,1.02379061,-0.115451344,-3.21767897,0.0796663949,0.00500407682,FollowWall,following_right_wall,0,14,42,0.468042731,1.7322534,1,1,1,0.290176272,2.19355604,2.19355604,0,0,0,0,0
13.25,1.02776653,-0.11567433,-3.20235479,0.0796663949,0.00500407682,FollowWall,following_right_wall,0,14,42,0.468042731,1.7322534,1,1,1,0.290176272,2.19334187,2.19334187,0,0,0,0,0
13.3,1.03174299,-0.115896293,-3.18744251,0.0796814913,0.00477763033,FollowWall,following_right_wall,0,14,42,0.467916995,1.72419086,1,1,1,0.289840937,2.19312849,2.19312849,0,0,0,0,0
13.35,1.0357201,-0.116117272,-3.1730408,0.0796814913,0.00477763033,FollowWall,following_right_wall,0,14,42,0.467916995,1.72419086,1,1,1,0.289840937,2.19291581,2.19291581,0,0,0,0,0
13.4,1.03969761,-0.116337281,-3.15893692,0.0796922669,0.00461599683,FollowWall,following_right_wall,0,14,42,0.467789292,1.71615285,1,1,1,0.289485872,2.19270393,2.19270393,0,0,0,0,0
13.45,1.0436756,-0.116556347,-3.14519972,0.0796922669,0.00461599683,FollowWall,following_right_wall,0,14,42,0.467789292,1.71615285,1,1,1,0.289485872,2.19249279,2.19249279,0,0,0,0,0
13.5,1.04765389,-0.11677448,-3.13167642,0.0797142334,0.00428649918,FollowWall,following_right_wall,0,14,42,0.467661947,1.70814031,1,1,1,0.2892856,2.19228246,2.19228246,0,0,0,0,0
13.55,1.05163283,-0.116991726,-3.11867119,0.0797142334,0.00428649918,FollowWall,following_right_wall,0,14,42,0.467661947,1.70814031,1,1,1,0.2892856,2.19207272,2.19207272,0,0,0,0,0
13.6,1.05561217,-0.117208097,-3.10596818,0.0796892944,0.0046605844,FollowWall,following_right_wall,0,14,42,0.467529356,1.70015361,1,1,1,0.288563669,2.19186369,2.19186369,0,0,0,0,0
13.65,1.05959124,-0.11742356,-3.09299492,0.0796892944,0.0046605844,FollowWall,following_right_wall,0,14,42,0.467529356,1.70015361,1,1,1,0.288563669,2.19165573,2.19165573,0,0,0,0,0
13.7,1.06357019,-0.117638107,-3.07986403,0.0796704277,0.00494358427,FollowWall,following_right_wall,0,14,42,0.46740827,1.69219489,1,1,1,0.2879107,2.19144878,2.19144878,0,0,0,0,0
13.75,1.06754868,-0.1178517,-3.06630337,0.0796704277,0.00494358427,FollowWall,following_right_wall,0,14,42,0.46740827,1.69219489,1,1,1,0.2879107,2.19124304,2.19124304,0,0,0,0,0
13.8,1.07152693,-0.118064327,-3.05249202,0.0796949001,0.00457649867,FollowWall,following_right_wall,0,14,42,0.467305094,1.68426523,1,1,1,0.287748396,2.19103842,2.19103842,0,0,0,0,0
13.85,1.07550557,-0.118276023,-3.0389726,0.0796949001,0.00457649867,FollowWall,following_right_wall,0,14,42,0.467305094,1.68426523,1,1,1,0.287748396,2.19083456,2.19083456,0,0,0,0,0
13.9,1.07948446,-0.118486797,-3.02562348,0.0796912554,0.00463116943,FollowWall,following_right_wall,0,14,42,0.467200369,1.67636282,1,1,1,0.287269622,2.19063153,2.19063153,0,0,0,0,0
13.95,1.08346344,-0.118696647,-3.01230845,0.0796912554,0.00463116943,FollowWall,following_right_wall,0,14,42,0.467200369,1.67636282,1,1,1,0.287269622,2.19042941,2.19042941,0,0,0,0,0
14,1.08744249,-0.118905574,-2.99901329,0.079676359,0.00485461478,FollowWall,following_right_wall,0,14,42,0.467094064,1.66848733,1,1,1,0.286668688,2.1902282,2.1902282,0,0,0,0,0
14.05,1.09142129,-0.119113554,-2.98546301,0.079676359,0.00485461478,FollowWall,following_right_wall,0,14,42,0.467094064,1.66848733,1,1,1,0.286668688,2.1900281,2.1900281,0,0,0,0,0
14.1,1.09539996,-0.119320579,-2.97176392,0.0796643868,0.00503419798,FollowWall,following_right_wall,0,14,42,0.466992825,1.66063957,1,1,1,0.286096692,2.18982904,2.18982904,0,0,0,0,0
14.15,1.09937834,-0.119526623,-2.95776364,0.0796643868,0.00503419798,FollowWall,following_right_wall,0,14,42,0.466992825,1.66063957,1,1,1,0.286096692,2.18963115,2.18963115,0,0,0,0,0
14.2,1.10335657,-0.119731679,-2.94358769,0.079653247,0.00520129517,FollowWall,following_right_wall,0,14,42,0.466897398,1.6528192,1,1,1,0.285524726,2.18943435,2.18943435,0,0,0,0,0
14.25,1.10733449,-0.119935722,-2.92910979,0.079653247,0.00520129517,FollowWall,following_right_wall,0,14,42,0.466897398,1.6528192,1,1,1,0.285524726,2.18923874,2.18923874,0,0,0,0,0
14.3,1.11131226,-0.120138744,-2.91445576,0.0796301432,0.00554785202,FollowWall,following_right_wall,0,14,42,0.466806203,1.64502526,1,1,1,0.284803838,2.18904427,2.18904427,0,0,0,0,0
14.35,1.11528949,-0.120340699,-2.89928532,0.0796301432,0.00554785202,FollowWall,following_right_wall,0,14,42,0.466806203,1.64502526,1,1,1,0.284803838,2.18885116,2.18885116,0,0,0,0,0
14.4,1.11926642,-0.120541574,-2.88381363,0.0796407328,0.00538900858,FollowWall,following_right_wall,0,14,42,0.466722876,1.63725752,1,1,1,0.284455359,2.18865932,2.18865932,0,0,0,0,0
14.45,1.12324341,-0.120741376,-2.86835583,0.0796407328,0.00538900858,FollowWall,following_right_wall,0,14,42,0.466722876,1.63725752,1,1,1,0.284455359,2.18846856,2.18846856,0,0,0,0,0
14.5,1.12722048,-0.120940105,-2.85290612,0.0796335433,0.00549685117,FollowWall,following_right_wall,0,14,42,0.466633469,1.62951346,1,1,1,0.284106821,2.18827886,2.18827886,0,0,0,0,0
14.55,1.13119745,-0.121137751,-2.83733241,0.0796335433,0.00549685117,FollowWall,following_right_wall,0,14,42,0.466633469,1.62951346,1,1,1,0.284106821,2.18809033,2.18809033,0,0,0,0,0
14.6,1.13517439,-0.121334309,-2.82168636,0.0795946359,0.00608046193,FollowWall,following_right_wall,0,14,42,0.466536582,1.62179179,1,1,1,0.283579379,2.18790294,2.18790294,0,0,0,0,0
14.65,1.13915052,-0.121529713,-2.80530148,0.0795946359,0.00608046193,FollowWall,following_right_wall,0,14,42,0.466536582,1.62179179,1,1,1,0.283579379,2.18771714,2.18771714,0,0,0,0,0
14.7,1.14312622,-0.121723941,-2.78848562,0.0795728744,0.00640688362,FollowWall,following_right_wall,0,14,42,0.466447145,1.61409286,1,1,1,0.283180118,2.18753278,2.18753278,0,0,0,0,0
14.75,1.14710122,-0.121916943,-2.77102871,0.0795728744,0.00640688362,FollowWall,following_right_wall,0,14,42,0.466447145,1.61409286,1,1,1,0.283180118,2.18735002,2.18735002,0,0,0,0,0
14.8,1.15107585,-0.122108701,-2.75319786,0.0795551064,0.00667340374,FollowWall,following_right_wall,0,14,42,0.466365039,1.60641537,1,1,1,0.282752186,2.18716874,2.18716874,0,0,0,0,0
14.85,1.15504992,-0.122299173,-2.73483074,0.0795551064,0.00667340374,FollowWall,following_right_wall,0,14,42,0.466365039,1.60641537,1,1,1,0.282752186,2.18698907,2.18698907,0,0,0,0,0
14.9,1.15902368,-0.122488343,-2.7161508,0.0795664304,0.00650354427,FollowWall,following_right_wall,0,14,42,0.466286093,1.59875727,1,1,1,0.282588124,2.1868109,2.1868109,0,0,0,0,0
14.95,1.16299753,-0.122676219,-2.69749113,0.0795664304,0.00650354427,FollowWall,following_right_wall,0,14,42,0.466286093,1.59875727,1,1,1,0.282588124,2.18663402,2.18663402,0,0,0,0,0
15,1.16697146,-0.122862802,-2.67884329,0.0795553498,0.0066697532,FollowWall,following_right_wall,0,14,42,0.466194451,1.59066703,1,1,1,0.282115966,2.18645843,2.18645843,0,0,0,0,0
15.05,1.17094522,-0.123048074,-2.66000396,0.0795553498,0.0066697532,FollowWall,following_right_wall,0,14,42,0.466194451,1.59066703,1,1,1,0.282115966,2.18628427,2.18628427,0,0,0,0,0
15.1,1.17491891,-0.123232031,-2.64105291,0.0795401217,0.00689817432,FollowWall,following_right_wall,0,14,42,0.466091186,1.58253027,1,1,1,0.281541497,2.18611151,2.18611151,0,0,0,0,0
15.15,1.17889228,-0.123414643,-2.62176405,0.0795401217,0.00689817432,FollowWall,following_right_wall,0,14,42,0.466091186,1.58253027,1,1,1,0.281541497,2.1859403,2.1859403,0,0,0,0,0
15.2,1.18286547,-0.1235959,-2.60227812,0.0795721618,0.00641757284,FollowWall,following_right_wall,0,14,42,0.465980411,1.57441889,1,1,1,0.28144595,2.18577058,2.18577058,0,0,0,0,0
15.25,1.18683926,-0.123775845,-2.58325091,0.0795721618,0.00641757284,FollowWall,following_right_wall,0,14,42,0.465980411,1.57441889,1,1,1,0.28144595,2.1856019,2.1856019,0,0,0,0,0
15.3,1.19081342,-0.123954495,-2.5644913,0.0796069462,0.00589580742,FollowWall,following_right_wall,0,14,42,0.465841889,1.56633205,1,1,1,0.281347483,2.18543437,2.18543437,0,0,0,0,0
15.35,1.19478854,-0.12413191,-2.54651059,0.0796069462,0.00589580742,FollowWall,following_right_wall,0,14,42,0.465841889,1.56633205,1,1,1,0.281347483,2.18526762,2.18526762,0,0,0,0,0
15.4,1.19876424,-0.124308118,-2.52898424,0.0796252619,0.00562107138,FollowWall,following_right_wall,0,14,42,0.465661675,1.55826951,1,1,1,0.281046897,2.18510182,2.18510182,0,0,0,0,0
15.45,1.20274069,-0.12448316,-2.51205087,0.0796252619,0.00562107138,FollowWall,following_right_wall,0,14,42,0.465661675,1.55826951,1,1,1,0.281046897,2.18493685,2.18493685,0,0,0,0,0
15.5,1.20671759,-0.124657056,-2.49546342,0.0796495466,0.00525680062,FollowWall,following_right_wall,0,14,42,0.465441704,1.55023234,1,1,1,0.2807962,2.18477281,2.18477281,0,0,0,0,0
15.55,1.21069528,-0.124829856,-2.47951256,0.0796495466,0.00525680062,FollowWall,following_right_wall,0,14,42,0.465441704,1.55023234,1,1,1,0.2807962,2.18460951,2.18460951,0,0,0,0,0
15.6,1.21467345,-0.125001579,-2.46393305,0.0796796937,0.00480459463,FollowWall,following_right_wall,0,14,42,0.465181082,1.54222103,1,1,1,0.280593902,2.18444706,2.18444706,0,0,0,0,0
15.65,1.21865254,-0.125172285,-2.44910994,0.0796796937,0.00480459463,FollowWall,following_right_wall,0,14,42,0.465181082,1.54222103,1,1,1,0.280593902,2.18428519,2.18428519,0,0,0,0,0
15.7,1.22263219,-0.125341999,-2.43472806,0.0796723994,0.00491400865,FollowWall,following_right_wall,0,14,42,0.464875907,1.53423568,1,1,1,0.279953599,2.18412406,2.18412406,0,0,0,0,0
15.75,1.22661203,-0.125510724,-2.42047297,0.0796723994,0.00491400865,FollowWall,following_right_wall,0,14,42,0.464875907,1.53423568,1,1,1,0.279953599,2.18396384,2.18396384,0,0,0,0,0
15.8,1.23059199,-0.125678465,-2.40629183,0.0796853385,0.00471992251,FollowWall,following_right_wall,0,14,42,0.464541316,1.52627821,1,1,1,0.279507041,2.18380457,2.18380457,0,0,0,0,0
15.85,1.23457232,-0.125845244,-2.39238551,0.0796853385,0.00471992251,FollowWall,following_right_wall,0,14,42,0.464541316,1.52627821,1,1,1,0.279507041,2.1836461,2.1836461,0,0,0,0,0
15.9,1.23855287,-0.12601107,-2.37863949,0.0797269337,0.00409599388,FollowWall,following_right_wall,0,14,42,0.464177281,1.51834838,1,1,1,0.279349387,2.18348849,2.18348849,0,0,0,0,0
15.95,1.24253444,-0.126176011,-2.36573175,0.0797269337,0.00409599388,FollowWall,following_right_wall,0,14,42,0.464177281,1.51834838,1,1,1,0.279349387,2.18333128,2.18333128,0,0,0,0,0
16,1.24651661,-0.126340096,-2.35331301,0.0797368027,0.00394795955,FollowWall,following_right_wall,0,14,42,0.463768721,1.51044451,1,1,1,0.278824151,2.18317463,2.18317463,0,0,0,0,0
16.05,1.25049935,-0.126503355,-2.34135621,0.0797368027,0.00394795955,FollowWall,following_right_wall,0,14,42,0.463768721,1.51044451,1,1,1,0.278824151,2.18301853,2.18301853,0,0,0,0,0
16.1,1.25448244,-0.126665805,-2.32966888,0.0797510384,0.0037344238,FollowWall,following_right_wall,0,14,42,0.463322163,1.50256698,1,1,1,0.278331548,2.18286309,2.18286309,0,0,0,0,0
16.15,1.25846604,-0.126827476,-2.31839363,0.0797510384,0.0037344238,FollowWall,following_right_wall,0,14,42,0.463322163,1.50256698,1,1,1,0.278331548,2.18270818,2.18270818,0,0,0,0,0
16.2,1.26244995,-0.126988384,-2.30735876,0.0797699937,0.00345009405,FollowWall,following_right_wall,0,14,42,0.46284169,1.49471541,1,1,1,0.277871698,2.18255389,2.18255389,0,0,0,0,0
16.25,1.26643446,-0.127148563,-2.29680351,0.0797699937,0.00345009405,FollowWall,following_right_wall,0,14,42,0.46284169,1.49471541,1,1,1,0.277871698,2.18240005,2.18240005,0,0,0,0,0
16.3,1.27041931,-0.12730803,-2.28652803,0.0797495055,0.00375741803,FollowWall,following_right_wall,0,14,42,0.462326616,1.48688898,1,1,1,0.277374655,2.18224675,2.18224675,0,0,0,0,0
16.35,1.27440396,-0.127466767,-2.27604891,0.0797495055,0.00375741803,FollowWall,following_right_wall,0,14,42,0.462326616,1.48688898,1,1,1,0.277374655,2.18209431,2.18209431,0,0,0,0,0
16.4,1.27838849,-0.127624765,-2.26545101,0.0797361275,0.00395808694,FollowWall,following_right_wall,0,14,42,0.461795211,1.47908851,1,1,1,0.276982516,2.18194268,2.18194268,0,0,0,0,0
16.45,1.2823727,-0.127782001,-2.25454428,0.0797361275,0.00395808694,FollowWall,following_right_wall,0,14,42,0.461795211,1.47908851,1,1,1,0.276982516,2.18179201,2.18179201,0,0,0,0,0
16.5,1.28635673,-0.127938465,-2.2434574,0.0797305902,0.00404114633,FollowWall,following_right_wall,0,14,42,0.461255759,1.47131366,1,1,1,0.276535749,2.18164222,2.18164222,0,0,0,0,0
16.55,1.29034055,-0.128094141,-2.23216629,0.0797305902,0.00404114633,FollowWall,following_right_wall,0,14,42,0.461255759,1.47131366,1,1,1,0.276535749,2.18149334,2.18149334,0,0,0,0,0
16.6,1.29432427,-0.128249022,-2.22075605,0.0797515374,0.00372693899,FollowWall,following_right_wall,0,14,42,0.460707992,1.46356287,1,1,1,0.276083112,2.18134533,2.18134533,0,0,0,0,0
16.65,1.29830837,-0.128403135,-2.20965137,0.0797515374,0.00372693899,FollowWall,following_right_wall,0,14,42,0.460707992,1.46356287,1,1,1,0.276083112,2.18119791,2.18119791,0,0,0,0,0
16.7,1.3022927,-0.128556489,-2.19872493,0.0797858941,0.00321158893,FollowWall,following_right_wall,0,14,42,0.46014002,1.45583305,1,1,1,0.275832713,2.18105114,2.18105114,0,0,0,0,0
16.75,1.3062779,-0.128709141,-2.18851763,0.0797858941,0.00321158893,FollowWall,following_right_wall,0,14,42,0.46014002,1.45583305,1,1,1,0.275832713,2.18090465,2.18090465,0,0,0,0,0
16.8,1.31026362,-0.128861116,-2.17872981,0.0798118302,0.00282254636,FollowWall,following_right_wall,0,14,42,0.459539831,1.44456918,1,1,1,0.27556476,2.18075858,2.18075858,0,0,0,0,0
16.85,1.31425018,-0.129012466,-2.16965109,0.0798118302,0.00282254636,FollowWall,following_right_wall,0,14,42,0.459539831,1.44456918,1,1,1,0.27556476,2.18061271,2.18061271,0,0,0,0,0
16.9,1.31823725,-0.129163216,-2.160986,0.0798207069,0.00268939629,FollowWall,following_right_wall,0,14,42,0.4589068,1.43657617,1,1,1,0.27518931,2.1804672,2.1804672,0,0,0,0,0
16.95,1.32222481,-0.129313396,-2.15272113,0.0798207069,0.00268939629,FollowWall,following_right_wall,0,14,42,0.4589068,1.43657617,1,1,1,0.27518931,2.18032201,2.18032201,0,0,0,0,0
17,1.32621266,-0.129463018,-2.14468973,0.0798055677,0.0029164847,FollowWall,following_right_wall,0,14,42,0.458250672,1.42860848,1,1,1,0.274619371,2.18017725,2.18017725,0,0,0,0,0
17.05,1.33020037,-0.129612071,-2.13652345,0.0798055677,0.0029164847,FollowWall,following_right_wall,0,14,42,0.458250672,1.42860848,1,1,1,0.274619371,2.18003313,2.18003313,0,0,0,0,0
17.1,1.33418801,-0.129760549,-2.12827849,0.0798387706,0.00241844158,FollowWall,following_right_wall,0,14,42,0.45758903,1.42066956,1,1,1,0.274632573,2.17988964,2.17988964,0,0,0,0,0
17.15,1.33817631,-0.129908497,-2.12058213,0.0798387706,0.00241844158,FollowWall,following_right_wall,0,14,42,0.45758903,1.42066956,1,1,1,0.274632573,2.17974635,2.17974635,0,0,0,0,0
17.2,1.34216501,-0.130055933,-2.11320578,0.0798337221,0.00249416824,FollowWall,following_right_wall,0,14,42,0.456909686,1.41275631,1,1,1,0.274294794,2.17960338,2.17960338,0,0,0,0,0
17.25,1.34615383,-0.130202863,-2.10592572,0.0798337221,0.00249416824,FollowWall,following_right_wall,0,14,42,0.456909686,1.41275631,1,1,1,0.274294794,2.17946086,2.17946086,0,0,0,0,0
17.3,1.35014274,-0.130349291,-2.09870182,0.0798487096,0.00226935612,FollowWall,following_right_wall,0,14,42,0.456222385,1.40487028,1,1,1,0.274238884,2.17931881,2.17931881,0,0,0,0,0
17.35,1.35413202,-0.13049524,-2.09177903,0.0798487096,0.00226935612,FollowWall,following_right_wall,0,14,42,0.456222385,1.40487028,1,1,1,0.274238884,2.17917705,2.17917705,0,0,0,0,0
17.4,1.35812151,-0.130640719,-2.0850319,0.0798645686,0.00203147056,FollowWall,following_right_wall,0,14,42,0.455526829,1.39701041,1,1,1,0.27425772,2.17903566,2.17903566,0,0,0,0,0
17.45,1.36211148,-0.130785759,-2.07867118,0.0798645686,0.00203147056,FollowWall,following_right_wall,0,14,42,0.455526829,1.39701041,1,1,1,0.27425772,2.17889448,2.17889448,0,0,0,0,0
17.5,1.36610172,-0.130930373,-2.07253587,0.0798623628,0.00206455728,FollowWall,following_right_wall,0,14,42,0.454821855,1.38917539,1,1,1,0.274148434,2.17875359,2.17875359,0,0,0,0,0
17.55,1.37009208,-0.131074567,-2.06649256,0.0798623628,0.00206455728,FollowWall,following_right_wall,0,14,42,0.454821855,1.38917539,1,1,1,0.274148434,2.17861306,2.17861306,0,0,0,0,0
17.6,1.37408252,-0.131218345,-2.06050291,0.0798274378,0.0025884332,FollowWall,following_right_wall,0,14,42,0.454116791,1.38136592,1,1,1,0.273738682,2.17847292,2.17847292,0,0,0,0,0
17.65,1.37807229,-0.131361659,-2.05391923,0.0798274378,0.0025884332,FollowWall,following_right_wall,0,14,42,0.454116791,1.38136592,1,1,1,0.273738682,2.1783336,2.1783336,0,0,0,0,0
17.7,1.38206167,-0.131504489,-2.04698904,0.0797875677,0.00318648415,FollowWall,following_right_wall,0,14,42,0.453433484,1.37358522,1,1,1,0.273302913,2.17819498,2.17819498,0,0,0,0,0
17.75,1.38605,-0.131646766,-2.03914284,0.0797875677,0.00318648415,FollowWall,following_right_wall,0,14,42,0.453433484,1.37358522,1,1,1,0.273302913,2.17805747,2.17805747,0,0,0,0,0
17.8,1.39003774,-0.131788456,-2.03076231,0.0797558495,0.00366225719,FollowWall,following_right_wall,0,14,42,0.452787042,1.36583459,1,1,1,0.272964746,2.17792087,2.17792087,0,0,0,0,0
17.85,1.39402447,-0.131929497,-2.02150216,0.0797558495,0.00366225719,FollowWall,following_right_wall,0,14,42,0.452787042,1.36583459,1,1,1,0.272964746,2.17778546,2.17778546,0,0,0,0,0
17.9,1.39801063,-0.132069854,-2.01172892,0.0797451598,0.00382260232,FollowWall,following_right_wall,0,14,42,0.452181429,1.35811309,1,1,1,0.272862762,2.17765105,2.17765105,0,0,0,0,0
17.95,1.40199624,-0.132209494,-2.00146496,0.0797451598,0.00382260232,FollowWall,following_right_wall,0,14,42,0.452181429,1.35811309,1,1,1,0.272862762,2.17751765,2.17751765,0,0,0,0,0
18,1.40598154,-0.132348398,-1.99091476,0.0797105145,0.00434228319,FollowWall,following_right_wall,0,14,42,0.451609313,1.35041679,1,1,1,0.272516161,2.17738517,2.17738517,0,0,0,0,0
18.05,1.40996596,-0.13248651,-1.97957725,0.0797105145,0.00434228319,FollowWall,following_right_wall,0,14,42,0.451609313,1.35041679,1,1,1,0.272516161,2.17725396,2.17725396,0,0,0,0,0
18.1,1.41394987,-0.132623799,-1.96778049,0.0796630264,0.0050546035,FollowWall,following_right_wall,0,14,42,0.451078683,1.34274521,1,1,1,0.272036463,2.17712386,2.17712386,0,0,0,0,0
18.15,1.4179325,-0.132760184,-1.95486556,0.0796630264,0.0050546035,FollowWall,following_right_wall,0,14,42,0.451078683,1.34274521,1,1,1,0.272036463,2.17699535,2.17699535,0,0,0,0,0
18.2,1.42191442,-0.132895623,-1.94129836,0.0796133721,0.00579941804,FollowWall,following_right_wall,0,14,42,0.450602561,1.33495353,1,1,1,0.271522164,2.17686819,2.17686819,0,0,0,0,0
18.25,1.42589488,-0.133030025,-1.92646161,0.0796133721,0.00579941804,FollowWall,following_right_wall,0,14,42,0.450602561,1.33495353,1,1,1,0.271522164,2.17674284,2.17674284,0,0,0,0,0
18.3,1.42987453,-0.133163342,-1.9108843,0.0795704834,0.00644274928,FollowWall,following_right_wall,0,14,42,0.45018968,1.32680861,1,1,1,0.271034569,2.17661904,2.17661904,0,0,0,0,0
18.35,1.43385281,-0.133295489,-1.89410707,0.0795704834,0.00644274928,FollowWall,following_right_wall,0,14,42,0.45018968,1.32680861,1,1,1,0.271034569,2.17649715,2.17649715,0,0,0,0,0
18.4,1.43783032,-0.133426419,-1.87662988,0.0795539571,0.00669064278,FollowWall,following_right_wall,0,14,42,0.449841976,1.31869367,1,1,1,0.270613164,2.17637691,2.17637691,0,0,0,0,0
18.45,1.44180705,-0.133556086,-1.85844849,0.0795539571,0.00669064278,FollowWall,following_right_wall,0,14,42,0.449841976,1.31869367,1,1,1,0.270613164,2.17625837,2.17625837,0,0,0,0,0
18.5,1.44578335,-0.13368446,-1.83985632,0.0795542637,0.00668604431,FollowWall,following_right_wall,0,14,42,0.44954899,1.31060801,1,1,1,0.270329595,2.17614139,2.17614139,0,0,0,0,0
18.55,1.44975941,-0.133811528,-1.82103,0.0795542637,0.00668604431,FollowWall,following_right_wall,0,14,42,0.44954899,1.31060801,1,1,1,0.270329595,2.17602587,2.17602587,0,0,0,0,0
18.6,1.45373536,-0.133937279,-1.80206711,0.0795748764,0.00637685434,FollowWall,following_right_wall,0,14,42,0.449297845,1.30254982,1,1,1,0.270203203,2.17591176,2.17591176,0,0,0,0,0
18.65,1.45771169,-0.134061735,-1.78339361,0.0795748764,0.00637685434,FollowWall,following_right_wall,0,14,42,0.449297845,1.30254982,1,1,1,0.270203203,2.17579877,2.17579877,0,0,0,0,0
18.7,1.46168825,-0.134184907,-1.76488893,0.0795731569,0.00640264658,FollowWall,following_right_wall,0,14,42,0.44907397,1.2945171,1,1,1,0.269789785,2.17568698,2.17568698,0,0,0,0,0
18.75,1.46566493,-0.1343068,-1.74645193,0.0795731569,0.00640264658,FollowWall,following_right_wall,0,14,42,0.44907397,1.2945171,1,1,1,0.269789785,2.17557643,2.17557643,0,0,0,0,0
18.8,1.46964169,-0.134427416,-1.72805442,0.0796084437,0.00587334422,FollowWall,following_right_wall,0,14,42,0.448881149,1.28651139,1,1,1,0.2697348,2.17546715,2.17546715,0,0,0,0,0
18.85,1.47361926,-0.1345468,-1.71031175,0.0796084437,0.00587334422,FollowWall,following_right_wall,0,14,42,0.448881149,1.28651139,1,1,1,0.2697348,2.1753587,2.1753587,0,0,0,0,0
18.9,1.4775973,-0.134664979,-1.69295107,0.079636911,0.00544633425,FollowWall,following_right_wall,0,14,42,0.448706508,1.27853066,1,1,1,0.269578338,2.17525123,2.17525123,0,0,0,0,0
18.95,1.48157623,-0.134782003,-1.67632293,0.079636911,0.00544633425,FollowWall,following_right_wall,0,14,42,0.448706508,1.27853066,1,1,1,0.269578338,2.17514447,2.17514447,0,0,0,0,0
19,1.48555569,-0.134897902,-1.6601221,0.0796329423,0.00550586539,FollowWall,following_right_wall,0,14,42,0.448545039,1.27057432,1,1,1,0.269049317,2.17503857,2.17503857,0,0,0,0,0
19.05,1.4895354,-0.135012687,-1.64409947,0.0796329423,0.00550586539,FollowWall,following_right_wall,0,14,42,0.448545039,1.27057432,1,1,1,0.269049317,2.17493369,2.17493369,0,0,0,0,0
19.1,1.49351525,-0.135126367,-1.62818079,0.0796736858,0.00489471244,FollowWall,following_right_wall,0,14,42,0.448410898,1.26264546,1,1,1,0.268968344,2.17482986,2.17482986,0,0,0,0,0
19.15,1.49749606,-0.135238994,-1.61305226,0.0796736858,0.00489471244,FollowWall,following_right_wall,0,14,42,0.448410898,1.26264546,1,1,1,0.268968344,2.1747266,2.1747266,0,0,0,0,0
19.2,1.50147742,-0.135350602,-1.59838466,0.0797043185,0.00443522186,FollowWall,following_right_wall,0,14,42,0.448291719,1.25474159,1,1,1,0.268756688,2.17462408,2.17462408,0,0,0,0,0
19.25,1.50545977,-0.135461245,-1.5845344,0.0797043185,0.00443522186,FollowWall,following_right_wall,0,14,42,0.448291719,1.25474159,1,1,1,0.268756688,2.17452202,2.17452202,0,0,0,0,0
19.3,1.5094427,-0.135570957,-1.57116092,0.079732859,0.0040071151,FollowWall,following_right_wall,0,14,42,0.44818294,1.24686176,1,1,1,0.268509358,2.1744206,2.1744206,0,0,0,0,0
19.35,1.51342657,-0.135679792,-1.55857659,0.079732859,0.0040071151,FollowWall,following_right_wall,0,14,42,0.44818294,1.24686176,1,1,1,0.268509358,2.17431957,2.17431957,0,0,0,0,0
19.4,1.517411,-0.135787782,-1.54645258,0.0797962882,0.00305567625,FollowWall,following_right_wall,0,14,42,0.448084563,1.23900583,1,1,1,0.268627018,2.17421911,2.17421911,0,0,0,0,0
19.45,1.52139709,-0.135895023,-1.5357328,0.0797962882,0.00305567625,FollowWall,following_right_wall,0,14,42,0.448084563,1.23900583,1,1,1,0.268627018,2.17411853,2.17411853,0,0,0,0,0
19.5,1.52538414,-0.136001571,-1.52583215,0.0798595042,0.00210743721,FollowWall,following_right_wall,0,14,42,0.447979987,1.23117002,1,1,1,0.268753618,2.17401814,2.17401814,0,0,0,0,0
19.55,1.52937309,-0.136107536,-1.51754121,0.0798595042,0.00210743721,FollowWall,following_right_wall,0,14,42,0.447979987,1.23117002,1,1,1,0.268753618,2.17391733,2.17391733,0,0,0,0,0
19.6,1.53336314,-0.136212985,-1.51018925,0.0798839557,0.00174066419,FollowWall,following_right_wall,0,14,42,0.44785887,1.22335181,1,1,1,0.268488914,2.17381645,2.17381645,0,0,0,0,0
19.65,1.53735435,-0.136317987,-1.50382285,0.0798839557,0.00174066419,FollowWall,following_right_wall,0,14,42,0.44785887,1.22335181,1,1,1,0.268488914,2.17371541,2.17371541,0,0,0,0,0
19.7,1.54134624,-0.136422583,-1.49803135,0.079883053,0.00175420509,FollowWall,following_right_wall,0,14,42,0.447734505,1.21555324,1,1,1,0.268135667,2.17361442,2.17361442,0,0,0,0,0
19.75,1.54533852,-0.136526797,-1.49255904,0.079883053,0.00175420509,FollowWall,following_right_wall,0,14,42,0.447734505,1.21555324,1,1,1,0.268135667,2.17351361,2.17351361,0,0,0,0,0
19.8,1.54933102,-0.136630641,-1.48727294,0.0798647701,0.00202844824,FollowWall,following_right_wall,0,14,42,0.447626352,1.20777726,1,1,1,0.267758161,2.17341306,2.17341306,0,0,0,0,0
19.85,1.55332327,-0.136734102,-1.4817681,0.0798647701,0.00202844824,FollowWall,following_right_wall,0,14,42,0.447626352,1.20777726,1,1,1,0.267758161,2.17331302,2.17331302,0,0,0,0,0
19.9,1.55731539,-0.136837172,-1.47613566,0.0798703439,0.00194484224,FollowWall,following_right_wall,0,14,42,0.447551101,1.20002592,1,1,1,0.267628998,2.17321346,2.17321346,0,0,0,0,0
19.95,1.56130754,-0.136939851,-1.47052858,0.0798703439,0.00194484224,FollowWall,following_right_wall,0,14,42,0.447551101,1.20002592,1,1,1,0.267628998,2.17311428,2.17311428,0,0,0,0,0
20,1.56529973,-0.13704214,-1.4649363,0.0798615385,0.00207692253,FollowWall,following_right_wall,0,14,42,0.447504371,1.19229707,1,1,1,0.267341882,2.17301547,2.17301547,0,0,0,0,0
20.05,1.56929174,-0.13714403,-1.459195,0.0798615385,0.00207692253,FollowWall,following_right_wall,0,14,42,0.447504371,1.19229707,1,1,1,0.267341882,2.17291716,2.17291716,0,0,0,0,0
20.1,1.57328367,-0.137245514,-1.45336676,0.079835738,0.00246392965,FollowWall,following_right_wall,0,14,42,0.447487921,1.18458951,1,1,1,0.266864508,2.17281931,2.17281931,0,0,0,0,0
20.15,1.57727502,-0.13734656,-1.44702585,0.079835738,0.00246392965,FollowWall,following_right_wall,0,14,42,0.447487921,1.18458951,1,1,1,0.266864508,2.17272222,2.17272222,0,0,0,0,0
20.2,1.58126602,-0.137447144,-1.44038589,0.0798140704,0.00278894359,FollowWall,following_right_wall,0,14,42,0.447510749,1.17665049,1,1,1,0.266408473,2.17262578,2.17262578,0,0,0,0,0
20.25,1.58525639,-0.13754723,-1.43318353,0.0798140704,0.00278894359,FollowWall,following_right_wall,0,14,42,0.447510749,1.17665049,1,1,1,0.266408473,2.17253019,2.17253019,0,0,0,0,0
20.3,1.58924638,-0.137646793,-1.42565309,0.0798221132,0.00266830238,FollowWall,following_right_wall,0,14,42,0.447574824,1.16845972,1,1,1,0.266243517,2.17243533,2.17243533,0,0,0,0,0
20.35,1.59323634,-0.137745829,-1.41807528,0.0798221132,0.00266830238,FollowWall,following_right_wall,0,14,42,0.447574824,1.16845972,1,1,1,0.266243517,2.17234102,2.17234102,0,0,0,0,0
20.4,1.59722627,-0.137844335,-1.41046985,0.0798296644,0.00255503379,FollowWall,following_right_wall,0,14,42,0.447665632,1.16029276,1,1,1,0.265827596,2.17224727,2.17224727,0,0,0,0,0
20.45,1.60121636,-0.13794232,-1.40298349,0.0798296644,0.00255503379,FollowWall,following_right_wall,0,14,42,0.447665632,1.16029276,1,1,1,0.265827596,2.17215396,2.17215396,0,0,0,0,0
20.5,1.60520654,-0.138039787,-1.39556661,0.0798425949,0.00236107679,FollowWall,following_right_wall,0,14,42,0.447773784,1.15214998,1,1,1,0.265456319,2.17206113,2.17206113,0,0,0,0,0
20.55,1.60919705,-0.138136755,-1.38842176,0.0798425949,0.00236107679,FollowWall,following_right_wall,0,14,42,0.447773784,1.15214998,1,1,1,0.265456319,2.17196863,2.17196863,0,0,0,0,0
20.6,1.61318775,-0.138233235,-1.38143561,0.0798988027,0.00151795988,FollowWall,following_right_wall,0,14,42,0.447892129,1.14403184,1,1,1,0.265604705,2.17187652,2.17187652,0,0,0,0,0
20.65,1.61717975,-0.138329298,-1.37554842,0.0798988027,0.00151795988,FollowWall,following_right_wall,0,14,42,0.447892129,1.14403184,1,1,1,0.265604705,2.17178414,2.17178414,0,0,0,0,0
20.7,1.6211725,-0.138424991,-1.3703023,0.0799135346,0.00129698091,FollowWall,following_right_wall,0,14,42,0.447995752,1.13593548,1,1,1,0.265402973,2.17169173,2.17169173,0,0,0,0,0
20.75,1.625166,-0.138520358,-1.3656939,0.0799135346,0.00129698091,FollowWall,following_right_wall,0,14,42,0.447995752,1.13593548,1,1,1,0.265402973,2.17159925,2.17159925,0,0,0,0,0
20.8,1.62915994,-0.138615428,-1.36145751,0.0799274855,0.00108771717,FollowWall,following_right_wall,0,14,42,0.448088706,1.1278633,1,1,1,0.265276462,2.17150683,2.17150683,0,0,0,0,0
20.85,1.63315442,-0.138710231,-1.35768792,0.0799274855,0.00108771717,FollowWall,following_right_wall,0,14,42,0.448088706,1.1278633,1,1,1,0.265276462,2.17141439,2.17141439,0,0,0,0,0
20.9,1.63714924,-0.138804788,-1.35419062,0.0799503374,0.000744939527,FollowWall,following_right_wall,0,14,42,0.448175102,1.11981731,1,1,1,0.265318066,2.17132202,2.17132202,0,0,0,0,0
20.95,1.64114471,-0.138899137,-1.35126133,0.0799503374,0.000744939527,FollowWall,following_right_wall,0,14,42,0.448175102,1.11981731,1,1,1,0.265318066,2.17122951,2.17122951,0,0,0,0,0
21,1.64514058,-0.138993302,-1.34866337,0.0799256944,0.00111458424,FollowWall,following_right_wall,0,14,42,0.448250473,1.11179775,1,1,1,0.264930874,2.17113697,2.17113697,0,0,0,0,0
21.05,1.64913617,-0.139087271,-1.34581745,0.0799256944,0.00111458424,FollowWall,following_right_wall,0,14,42,0.448250473,1.11179775,1,1,1,0.264930874,2.17104478,2.17104478,0,0,0,0,0
21.1,1.65313159,-0.139181032,-1.3428269,0.0799358639,0.000962042096,FollowWall,following_right_wall,0,14,42,0.448332399,1.10380843,1,1,1,0.264959455,2.1709529,2.1709529,0,0,0,0,0
21.15,1.65712712,-0.13927459,-1.33993406,0.0799358639,0.000962042096,FollowWall,following_right_wall,0,14,42,0.448332399,1.10380843,1,1,1,0.264959455,2.17086115,2.17086115,0,0,0,0,0
21.2,1.66112273,-0.139367951,-1.33709821,0.0799205878,0.00119118267,FollowWall,following_right_wall,0,14,42,0.448414207,1.09584876,1,1,1,0.264769286,2.17076957,2.17076957,0,0,0,0,0
21.25,1.66511807,-0.139461099,-1.3340221,0.0799205878,0.00119118267,FollowWall,following_right_wall,0,14,42,0.448414207,1.09584876,1,1,1,0.264769286,2.17067835,2.17067835,0,0,0,0,0
21.3,1.66911325,-0.139554023,-1.33080583,0.0798912198,0.00163170262,FollowWall,following_right_wall,0,14,42,0.986380935,1.08791969,1,1,1,0.264470369,2.17058744,2.17058744,0,0,0,0,0
21.35,1.67310772,-0.139646686,-1.32698197,0.0798912198,0.00163170262,FollowWall,following_right_wall,0,14,42,0.986380935,1.08791969,1,1,1,0.264470369,2.17049717,2.17049717,0,0,0,0,0
21.4,1.67710179,-0.139739061,-1.32280369,0.079848538,0.00227192933,FollowWall,following_right_wall,0,14,42,0.986807227,1.08002276,1,1,1,0.2640526,2.17040742,2.17040742,0,0,0,0,0
21.45,1.68109474,-0.139831084,-1.31765444,0.079848538,0.00227192933,FollowWall,following_right_wall,0,14,42,0.986807227,1.08002276,1,1,1,0.2640526,2.17031863,2.17031863,0,0,0,0,0
21.5,1.68508704,-0.139922713,-1.31193879,0.0798593711,0.00210943388,FollowWall,following_right_wall,0,14,42,0.987172902,1.07192772,1,1,1,0.264208257,2.17023058,2.17023058,0,0,0,0,0
21.55,1.68907919,-0.140013936,-1.30608672,0.0798593711,0.00210943388,FollowWall,following_right_wall,0,14,42,0.987172902,1.07192772,1,1,1,0.264208257,2.17014303,2.17014303,0,0,0,0,0
21.6,1.69307125,-0.140104746,-1.30015505,0.0798677407,0.00198389016,FollowWall,following_right_wall,0,14,42,0.987524986,1.06375519,1,1,1,0.264370233,2.17005595,2.17005595,0,0,0,0,0
21.65,1.69706345,-0.140195149,-1.29432682,0.0798677407,0.00198389016,FollowWall,following_right_wall,0,14,42,0.987524986,1.06375519,1,1,1,0.264370233,2.1699692,2.1699692,0,0,0,0,0
21.7,1.70105572,-0.14028515,-1.28855893,0.079865154,0.00202269004,FollowWall,following_right_wall,0,14,42,0.987889409,1.05560595,1,1,1,0.264238626,2.16988282,2.16988282,0,0,0,0,0
21.75,1.70504799,-0.140374748,-1.28277991,0.079865154,0.00202269004,FollowWall,following_right_wall,0,14,42,0.987889409,1.05560595,1,1,1,0.264238626,2.16979686,2.16979686,0,0,0,0,0
21.8,1.70904027,-0.140463944,-1.27699441,0.0798457622,0.0023135671,FollowWall,following_right_wall,0,14,42,0.988259673,1.04748164,1,1,1,0.263840258,2.1697113,2.1697113,0,0,0,0,0
21.85,1.71303214,-0.140552714,-1.27085792,0.0798457622,0.0023135671,FollowWall,following_right_wall,0,14,42,0.988259673,1.04748164,1,1,1,0.263840258,2.16962638,2.16962638,0,0,0,0,0
21.9,1.71702378,-0.140641045,-1.26451668,0.0798061305,0.00290804217,FollowWall,following_right_wall,0,14,42,0.988609016,1.03938607,1,1,1,0.263497263,2.16954204,2.16954204,0,0,0,0,0
21.95,1.72101447,-0.140728884,-1.25734641,0.0798061305,0.00290804217,FollowWall,following_right_wall,0,14,42,0.988609016,1.03938607,1,1,1,0.263497263,2.16945871,2.16945871,0,0,0,0,0
22,1.72500461,-0.140816195,-1.24969253,0.0797581853,0.00362722081,FollowWall,following_right_wall,0,14,42,0.988898039,1.03132363,1,1,1,0.263118058,2.16937621,2.16937621,0,0,0,0,0
22.05,1.72899344,-0.140902903,-1.24089809,0.0797581853,0.00362722081,FollowWall,following_right_wall,0,14,42,0.988898039,1.03132363,1,1,1,0.263118058,2.16929504,2.16929504,0,0,0,0,0
22.1,1.7329815,-0.14098896,-1.23143832,0.0797467085,0.00379937205,FollowWall,following_right_wall,0,14,42,0.989095747,1.02329789,1,1,1,0.263033152,2.16921494,2.16921494,0,0,0,0,0
22.15,1.73696889,-0.141074323,-1.22138496,0.0797467085,0.00379937205,FollowWall,following_right_wall,0,14,42,0.989095747,1.02329789,1,1,1,0.263033152,2.16913591,2.16913591,0,0,0,0,0
22.2,1.74095589,-0.141158965,-1.21098533,0.079701036,0.00448445968,FollowWall,following_right_wall,0,14,42,0.989230573,1.01530635,1,1,1,0.262506932,2.16905782,2.16905782,0,0,0,0,0
22.25,1.74494172,-0.141242824,-1.19956595,0.079701036,0.00448445968,FollowWall,following_right_wall,0,14,42,0.989230573,1.01530635,1,1,1,0.262506932,2.16898116,2.16898116,0,0,0,0,0
22.3,1.74892688,-0.141325853,-1.18755172,0.0796930522,0.00460421668,FollowWall,following_right_wall,0,14,42,0.989279509,1.00735151,1,1,1,0.262290031,2.16890571,2.16890571,0,0,0,0,0
22.35,1.75291148,-0.141408017,-1.17504754,0.0796930522,0.00460421668,FollowWall,following_right_wall,0,14,42,0.989279509,1.00735151,1,1,1,0.262290031,2.16883143,2.16883143,0,0,0,0,0
22.4,1.75689577,-0.141489295,-1.16225755,0.05,0.00500035914,FollowWall,following_right_wall,0,14,42,0.989268184,0.999430623,1,1,1,0.261800975,2.16875823,2.16875823,0,0,0,0,0
22.45,1.76026141,-0.141557183,-1.14882799,0.05,0.00500035914,FollowWall,following_right_wall,0,14,42,0.989268184,0.999430623,1,1,1,0.261800975,2.16869883,2.16869883,0,0,0,0,0
22.5,1.76326616,-0.141617077,-1.13502534,0.05,0.00496585331,FollowWall,following_right_wall,0,14,42,0.989082575,0.993130494,1,1,1,0.261520505,2.16864766,2.16864766,0,0,0,0,0
22.55,1.76606041,-0.141672097,-1.12104624,0.05,0.00496585331,FollowWall,following_right_wall,0,14,42,0.989082575,0.993130494,1,1,1,0.261520505,2.16860148,2.16860148,0,0,0,0,0
22.6,1.76873186,-0.141724044,-1.10696421,0.05,0.0216828005,AdvanceRight,advancing_past_measured_edge,0,14,42,0.988802552,0.987749281,1,1,1,0.261628032,2.16855844,2.16855844,0,0,0,0,0
22.65,1.7713317,-0.141773506,-1.07286776,0.05,0.0209686861,AdvanceRight,advancing_past_measured_edge,0,14,42,0.988802552,0.987749281,1,1,1,0.261628032,2.16853059,2.16853059,0,0,0,0,0
22.7,1.77388979,-0.141820409,-1.02794864,0.05,0.0200279022,AdvanceRight,advancing_past_measured_edge,0,14,42,0.987204731,0.982754731,1,1,1,0.26167956,2.16851219,2.16851219,0,0,0,0,0
22.75,1.77642353,-0.141864764,-0.977839274,0.05,0.0189784141,AdvanceRight,advancing_past_measured_edge,0,14,42,0.987204731,0.982754731,1,1,1,0.26167956,2.1684997,2.1684997,0,0,0,0,0
22.8,1.7789431,-0.141906627,-0.925954996,0.05,0.0178917523,AdvanceRight,advancing_past_measured_edge,0,14,42,0.985013068,0.977909693,1,1,1,0.261709541,2.16849091,2.16849091,0,0,0,0,0
22.85,1.7814544,-0.141946084,-0.874332461,0.05,0.0168105725,AdvanceRight,advancing_past_measured_edge,0,14,42,0.985013068,0.977909693,1,1,1,0.261709541,2.16848442,2.16848442,0,0,0,0,0
22.9,1.7839609,-0.141983238,-0.824153173,0.05,0.0157596199,AdvanceRight,advancing_past_measured_edge,0,14,42,0.982815742,0.973115956,1,1,1,0.261496544,2.16847939,2.16847939,0,0,0,0,0
22.95,1.78646461,-0.142018204,-0.776070261,0.05,0.0147525738,AdvanceRight,advancing_past_measured_edge,0,14,42,0.982815742,0.973115956,1,1,1,0.261496544,2.16847527,2.16847527,0,0,0,0,0
23,1.7889667,-0.142051099,-0.730412308,0.05,0.0137963158,AdvanceRight,advancing_past_measured_edge,0,14,42,0.980808139,0.968338844,1,1,1,0.261567533,2.16847172,2.16847172,0,0,0,0,0
23.05,1.79146785,-0.142082045,-0.687310363,0.05,0.0128935908,AdvanceRight,advancing_past_measured_edge,0,14,42,0.980808139,0.968338844,1,1,1,0.261567533,2.16846853,2.16846853,0,0,0,0,0
23.1,1.79396847,-0.142111159,-0.646776971,0.05,0.0120446614,AdvanceRight,advancing_past_measured_edge,0,14,42,0.979038,0.963566958,1,1,1,0.261639655,2.16846556,2.16846556,0,0,0,0,0
23.15,1.79646878,-0.142138555,-0.608755237,0.05,0.0112483361,AdvanceRight,advancing_past_measured_edge,0,14,42,0.979038,0.963566958,1,1,1,0.261639655,2.16846273,2.16846273,0,0,0,0,0
23.2,1.79896891,-0.142164342,-0.57314918,0.05,0.0105026046,AdvanceRight,advancing_past_measured_edge,0,14,42,0.977500081,0.95871027,1,1,1,0.261339366,2.16845999,2.16845999,0,0,0,0,0
23.25,1.80146895,-0.142188625,-0.53984242,0.05,0.00980502943,AdvanceRight,advancing_past_measured_edge,0,14,42,0.977500081,0.95871027,1,1,1,0.261339366,2.16845729,2.16845729,0,0,0,0,0
23.3,1.80396893,-0.142211502,-0.508709584,0.05,0.00915298485,AdvanceRight,advancing_past_measured_edge,0,14,42,0.976171792,0.953731892,1,1,1,0.261201859,2.16845462,2.16845462,0,0,0,0,0
23.35,1.80646889,-0.142233064,-0.479623193,0.05,0.00854380088,AdvanceRight,advancing_past_measured_edge,0,14,42,0.976171792,0.953731892,1,1,1,0.261201859,2.16845196,2.16845196,0,0,0,0,0
23.4,1.80896884,-0.142253399,-0.45245772,0.05,0.00797484855,AdvanceRight,advancing_past_measured_edge,0,14,42,0.975027025,0.948765308,1,1,1,0.261333406,2.1684493,2.1684493,0,0,0,0,0
23.45,1.81146879,-0.142272587,-0.42709192,0.05,0.00744358848,AdvanceRight,advancing_past_measured_edge,0,14,42,0.975027025,0.948765308,1,1,1,0.261333406,2.16844663,2.16844663,0,0,0,0,0
23.5,1.81396873,-0.142290706,-0.403410074,0.05,0.00694759706,AdvanceRight,advancing_past_measured_edge,0,14,42,0.974040449,0.943810636,1,1,1,0.261151344,2.16844395,2.16844395,0,0,0,0,0
23.55,1.81646868,-0.142307826,-0.38130258,0.05,0.0064845788,AdvanceRight,advancing_past_measured_edge,0,14,42,0.974040449,0.943810636,1,1,1,0.261151344,2.16844126,2.16844126,0,0,0,0,0
23.6,1.81896863,-0.142324013,-0.360666147,0.05,0.00605237035,AdvanceRight,advancing_past_measured_edge,0,14,42,0.973189294,0.938867877,1,1,1,0.261033744,2.16843855,2.16843855,0,0,0,0,0
23.65,1.82146858,-0.14233933,-0.341403742,0.05,0.00564893949,AdvanceRight,advancing_past_measured_edge,0,14,42,0.973189294,0.938867877,1,1,1,0.261033744,2.16843582,2.16843582,0,0,0,0,0
23.7,1.82396854,-0.142353834,-0.323424415,0.05,0.00527238134,AdvanceRight,advancing_past_measured_edge,0,14,42,0.972453475,0.933937387,1,1,1,0.260860384,2.16843308,2.16843308,0,0,0,0,0
23.75,1.82646851,-0.14236758,-0.306643032,0.05,0.00492091288,AdvanceRight,advancing_past_measured_edge,0,14,42,0.972453475,0.933937387,1,1,1,0.260860384,2.16843032,2.16843032,0,0,0,0,0
23.8,1.82896847,-0.142380618,-0.290979985,0.05,0.00459286679,AdvanceRight,advancing_past_measured_edge,0,14,42,0.971815586,0.929019228,1,1,1,0.261080056,2.16842755,2.16842755,0,0,0,0,0
23.85,1.83146844,-0.142392995,-0.276360877,0.05,0.00428668491,AdvanceRight,advancing_past_measured_edge,0,14,42,0.971815586,0.929019228,1,1,1,0.261080056,2.16842475,2.16842475,0,0,0,0,0
23.9,1.83396841,-0.142404756,-0.262716211,0.05,0.00400091168,AdvanceRight,advancing_past_measured_edge,0,14,42,0.971260428,0.924113278,1,1,1,0.261304945,2.16842194,2.16842194,0,0,0,0,0
23.95,1.83646839,-0.142415941,-0.249981086,0.05,0.00373418784,AdvanceRight,advancing_past_measured_edge,0,14,42,0.971260428,0.924113278,1,1,1,0.261304945,2.16841911,2.16841911,0,0,0,0,0
24,1.83896837,-0.142426589,-0.238094904,0.05,0.00348524424,AdvanceRight,advancing_past_measured_edge,0,14,42,0.970774829,0.919210009,1,1,1,0.261533886,2.16841627,2.16841627,0,0,0,0,0
24.05,1.84146835,-0.142436736,-0.227001094,0.05,0.00325289603,AdvanceRight,advancing_past_measured_edge,0,14,42,0.970774829,0.919210009,1,1,1,0.261533886,2.16841341,2.16841341,0,0,0,0,0
24.1,1.84396833,-0.142446415,-0.216646847,0.05,0.00303603718,AdvanceRight,advancing_past_measured_edge,0,14,42,0.970347583,0.914182016,1,1,1,0.261524022,2.16841054,2.16841054,0,0,0,0,0
24.15,1.84646831,-0.142455657,-0.206982867,0.05,0.00283363525,AdvanceRight,advancing_past_measured_edge,0,14,42,0.970347583,0.914182016,1,1,1,0.261524022,2.16840765,2.16840765,0,0,0,0,0
24.2,1.8489683,-0.142464492,-0.197963142,0.05,0.00264472658,AdvanceRight,advancing_past_measured_edge,0,14,42,0.969968796,0.909171474,1,1,1,0.261394739,2.16840475,2.16840475,0,0,0,0,0
24.25,1.85146828,-0.142472946,-0.189544726,0.05,0.00246841169,AdvanceRight,advancing_past_measured_edge,0,14,42,0.969968796,0.909171474,1,1,1,0.261394739,2.16840183,2.16840183,0,0,0,0,0
24.3,1.85396827,-0.142481045,-0.181687534,0.05,0.00230385104,AdvanceRight,advancing_past_measured_edge,0,14,42,0.969630003,0.904178086,1,1,1,0.261254847,2.1683989,2.1683989,0,0,0,0,0
24.35,1.85646826,-0.142488812,-0.174354152,0.05,0.00215026106,AdvanceRight,advancing_past_measured_edge,0,14,42,0.969630003,0.904178086,1,1,1,0.261254847,2.16839596,2.16839596,0,0,0,0,0
24.4,1.85896824,-0.142496271,-0.167509661,0.05,0.00200691037,AdvanceRight,advancing_past_measured_edge,0,14,42,0.969323933,0.899201324,1,1,1,0.261104345,2.16839301,2.16839301,0,0,0,0,0
24.45,1.86146823,-0.14250344,-0.161121469,0.05,0.00187311638,AdvanceRight,advancing_past_measured_edge,0,14,42,0.969323933,0.899201324,1,1,1,0.261104345,2.16839005,2.16839005,0,0,0,0,0
24.5,1.86396822,-0.142510341,-0.155159155,0.05,0.00174824197,AdvanceRight,advancing_past_measured_edge,0,14,42,0.964918792,0.894121097,1,1,1,0.261157215,2.16838708,2.16838708,0,0,0,0,0
24.55,1.86646822,-0.142516989,-0.149594329,0.05,0.00163169252,AdvanceRight,advancing_past_measured_edge,0,14,42,0.964918792,0.894121097,1,1,1,0.261157215,2.1683841,2.1683841,0,0,0,0,0
24.6,1.86896821,-0.142523403,-0.14440049,0.05,0.00152291303,AdvanceRight,advancing_past_measured_edge,0,14,42,0.959971249,0.889052937,1,1,1,0.260962099,2.16838111,2.16838111,0,0,0,0,0
24.65,1.8714682,-0.142529598,-0.139552908,0.05,0.0014213855,AdvanceRight,advancing_past_measured_edge,0,14,42,0.959971249,0.889052937,1,1,1,0.260962099,2.16837811,2.16837811,0,0,0,0,0
24.7,1.87396819,-0.142535589,-0.135028498,0.05,0.00132662647,AdvanceRight,advancing_past_measured_edge,0,14,42,0.955039382,0.883997556,1,1,1,0.260798335,2.1683751,2.1683751,0,0,0,0,0
24.75,1.87646819,-0.142541388,-0.130805714,0.05,0.00123818471,AdvanceRight,advancing_past_measured_edge,0,14,42,0.955039382,0.883997556,1,1,1,0.260798335,2.16837209,2.16837209,0,0,0,0,0
24.8,1.87896818,-0.14254701,-0.12686445,0.05,0.00115563906,AdvanceRight,advancing_past_measured_edge,0,14,42,0.950122774,0.87895531,1,1,1,0.260544866,2.16836907,2.16836907,0,0,0,0,0
24.85,1.88146817,-0.142552465,-0.123185937,0.05,0.00107859646,AdvanceRight,advancing_past_measured_edge,0,14,42,0.950122774,0.87895531,1,1,1,0.260544866,2.16836604,2.16836604,0,0,0,0,0
24.9,1.88396817,-0.142557765,-0.119752658,0.05,0.00100669003,AdvanceRight,advancing_past_measured_edge,0,14,42,0.945220947,0.873926735,1,1,1,0.260356754,2.16836301,2.16836301,0,0,0,0,0
24.95,1.88646816,-0.14256292,-0.116548264,0.05,0.000939577359,AdvanceRight,advancing_past_measured_edge,0,14,42,0.945220947,0.873926735,1,1,1,0.260356754,2.16835997,2.16835997,0,0,0,0,0
25,1.88896816,-0.14256794,-0.113557496,0.05,0.000876938868,AdvanceRight,advancing_past_measured_edge,0,14,42,0.940228641,0.868912127,1,1,1,0.260524184,2.16835692,2.16835692,0,0,0,0,0
25.05,1.89146815,-0.142572834,-0.110766113,0.05,0.000818476277,AdvanceRight,advancing_past_measured_edge,0,14,42,0.940228641,0.868912127,1,1,1,0.260524184,2.16835387,2.16835387,0,0,0,0,0
25.1,1.89396815,-0.142577611,-0.108160822,0.05,0.000763911192,AdvanceRight,advancing_past_measured_edge,0,14,42,0.935075402,0.863911725,1,1,1,0.260472298,2.16835081,2.16835081,0,0,0,0,0
25.15,1.89646814,-0.142582277,-0.105729217,0.05,0.00071298378,AdvanceRight,advancing_past_measured_edge,0,14,42,0.935075402,0.863911725,1,1,1,0.260472298,2.16834775,2.16834775,0,0,0,0,0
25.2,1.89896814,-0.142586841,-0.103459719,0.05,0.000665451528,AdvanceRight,advancing_past_measured_edge,0,14,42,0.929934144,0.858925707,1,1,1,0.260230422,2.16834469,2.16834469,0,0,0,0,0
25.25,1.90146814,-0.142591309,-0.101341521,0.05,0.000621088092,AdvanceRight,advancing_past_measured_edge,0,14,42,0.929934144,0.858925707,1,1,1,0.260230422,2.16834162,2.16834162,0,0,0,0,0
25.3,1.90396813,-0.142595688,-0.0993645367,0.05,0.00057968222,AdvanceRight,advancing_past_measured_edge,0,14,42,0.924805403,0.853954132,1,1,1,0.259984106,2.16833855,2.16833855,0,0,0,0,0
25.35,1.90646813,-0.142599983,-0.0975193509,0.05,0.000541036738,AdvanceRight,advancing_past_measured_edge,0,14,42,0.924805403,0.853954132,1,1,1,0.259984106,2.16833547,2.16833547,0,0,0,0,0
25.4,1.90896813,-0.1426042,-0.0957971775,0.05,0.000504967622,AdvanceRight,advancing_past_measured_edge,0,14,42,0.919689775,0.84899706,1,1,1,0.260218382,2.16833239,2.16833239,0,0,0,0,0
25.45,1.91146812,-0.142608345,-0.0941898156,0.05,0.000471303114,AdvanceRight,advancing_past_measured_edge,0,14,42,0.919689775,0.84899706,1,1,1,0.260218382,2.16832931,2.16832931,0,0,0,0,0
25.5,1.91396812,-0.142612422,-0.0926896112,0.05,0.000439882907,AdvanceRight,advancing_past_measured_edge,0,14,42,0.914587736,0.844054432,1,1,1,0.260454834,2.16832622,2.16832622,0,0,0,0,0
25.55,1.91646812,-0.142616436,-0.0912894204,0.05,0.00041055738,AdvanceRight,advancing_past_measured_edge,0,14,42,0.914587736,0.844054432,1,1,1,0.260454834,2.16832313,2.16832313,0,0,0,0,0
25.6,1.91896811,-0.142620391,-0.0899825757,0.05,0.000383186888,AdvanceRight,advancing_past_measured_edge,0,14,42,0.909499645,0.839126068,1,1,1,0.260482281,2.16832004,2.16832004,0,0,0,0,0
25.65,1.92146811,-0.14262429,-0.0887628539,0.05,0.000357641095,AdvanceRight,advancing_past_measured_edge,0,14,42,0.909499645,0.839126068,1,1,1,0.260482281,2.16831695,2.16831695,0,0,0,0,0
25.7,1.92396811,-0.142628139,-0.087624447,0.05,0.000333798355,AdvanceRight,advancing_past_measured_edge,0,14,42,0.904425919,0.834143688,1,1,1,0.260433823,2.16831385,2.16831385,0,0,0,0,0
25.75,1.9264681,-0.142631939,-0.0865619338,0.05,0.000311545132,AdvanceRight,advancing_past_measured_edge,0,14,42,0.904425919,0.834143688,1,1,1,0.260433823,2.16831075,2.16831075,0,0,0,0,0
25.8,1.9289681,-0.142635694,-0.0855702549,0.05,0.000290775456,AdvanceRight,advancing_past_measured_edge,0,14,42,0.899366856,0.829086204,1,1,1,0.26060006,2.16830765,2.16830765,0,0,0,0,0
25.85,1.9314681,-0.142639408,-0.0846446878,0.05,0.000271390426,AdvanceRight,advancing_past_measured_edge,0,14,42,0.899366856,0.829086204,1,1,1,0.26060006,2.16830455,2.16830455,0,0,0,0,0
25.9,1.93396809,-0.142643082,-0.0837808253,0.05,0.000253297731,AdvanceRight,advancing_past_measured_edge,0,14,42,0.894322634,0.824043556,1,1,1,0.26075536,2.16830145,2.16830145,0,0,0,0,0
25.95,1.93646809,-0.14264672,-0.0829745536,0.05,0.000236411215,AdvanceRight,advancing_past_measured_edge,0,14,42,0.894322634,0.824043556,1,1,1,0.26075536,2.16829834,2.16829834,0,0,0,0,0
26,1.93896809,-0.142650324,-0.0822220333,0.05,0.000220650468,AdvanceRight,advancing_past_measured_edge,0,14,42,0.889293551,0.819016043,1,1,1,0.260659933,2.16829524,2.16829524,0,0,0,0,0
26.05,1.94146809,-0.142653896,-0.081519681,0.05,0.000205940437,AdvanceRight,advancing_past_measured_edge,0,14,42,0.889293551,0.819016043,1,1,1,0.260659933,2.16829213,2.16829213,0,0,0,0,0
26.1,1.94396808,-0.142657439,-0.0808641523,0.05,0.000192211074,AdvanceRight,advancing_past_measured_edge,0,14,42,0.884279609,0.814003665,1,1,1,0.2606906,2.16828902,2.16828902,0,0,0,0,0
26.15,1.94646808,-0.142660954,-0.0802523254,0.05,0.000179397002,AdvanceRight,advancing_past_measured_edge,0,14,42,0.884279609,0.814003665,1,1,1,0.2606906,2.16828591,2.16828591,0,0,0,0,0
26.2,1.94896808,-0.142664443,-0.079681287,0.05,0.000167437202,AdvanceRight,advancing_past_measured_edge,0,14,42,0.879280925,0.809006541,1,1,1,0.260719895,2.1682828,2.1682828,0,0,0,0,0
26.25,1.95146808,-0.142667908,-0.0791483179,0.05,0.000156274722,AdvanceRight,advancing_past_measured_edge,0,14,42,0.879280925,0.809006541,1,1,1,0.260719895,2.16827968,2.16827968,0,0,0,0,0
26.3,1.95396807,-0.142671351,-0.07865088,0.05,0.000145856407,AdvanceRight,advancing_past_measured_edge,0,14,42,0.8742975,0.804024671,1,1,1,0.260834247,2.16827657,2.16827657,0,0,0,0,0
26.35,1.95646807,-0.142674773,-0.0781866046,0.05,0.000136132647,AdvanceRight,advancing_past_measured_edge,0,14,42,0.8742975,0.804024671,1,1,1,0.260834247,2.16827345,2.16827345,0,0,0,0,0
26.4,1.95896807,-0.142678175,-0.0777532809,0.05,0.000127057137,AdvanceRight,advancing_past_measured_edge,0,14,42,0.869329274,0.799057995,1,1,1,0.260837644,2.16827034,2.16827034,0,0,0,0,0
26.45,1.96146807,-0.142681559,-0.0773488455,0.05,0.000118586661,AdvanceRight,advancing_past_measured_edge,0,14,42,0.869329274,0.799057995,1,1,1,0.260837644,2.16826722,2.16826722,0,0,0,0,0
26.5,1.96396807,-0.142684925,-0.0769713724,0.05,0.000110680884,AdvanceRight,advancing_past_measured_edge,0,14,42,0.864376068,0.794025166,1,1,1,0.260582745,2.16826411,2.16826411,0,0,0,0,0
26.55,1.96646806,-0.142688276,-0.0766190642,0.05,0.000103302158,AdvanceRight,advancing_past_measured_edge,0,14,42,0.864376068,0.794025166,1,1,1,0.260582745,2.16826099,2.16826099,0,0,0,0,0
26.6,1.96896806,-0.142691612,-0.0762902433,0.05,9.64153477e-05,AdvanceRight,advancing_past_measured_edge,0,14,42,0.859437823,0.788979975,1,1,1,0.260329574,2.16825787,2.16825787,0,0,0,0,0
26.65,1.97146806,-0.142694934,-0.0759833437,0.05,8.99876579e-05,AdvanceRight,advancing_past_measured_edge,0,14,42,0.859437823,0.788979975,1,1,1,0.260329574,2.16825475,2.16825475,0,0,0,0,0
26.7,1.97396806,-0.142698243,-0.0756969041,0.05,8.39884807e-05,AdvanceRight,advancing_past_measured_edge,0,14,42,0.854514241,0.783949709,1,1,1,0.260478675,2.16825163,2.16825163,0,0,0,0,0
26.75,1.97646805,-0.142701541,-0.0754295604,0.05,7.83892486e-05,AdvanceRight,advancing_past_measured_edge,0,14,42,0.854514241,0.783949709,1,1,1,0.260478675,2.16824851,2.16824851,0,0,0,0,0
26.8,1.97896805,-0.142704826,-0.0751800397,0.05,7.31632987e-05,AdvanceRight,advancing_past_measured_edge,0,14,42,0.849605024,0.778934369,1,1,1,0.261363894,2.16824539,2.16824539,0,0,0,0,0
26.85,1.98146805,-0.142708102,-0.0749471537,0.05,6.82857455e-05,AdvanceRight,advancing_past_measured_edge,0,14,42,0.849605024,0.778934369,1,1,1,0.261363894,2.16824227,2.16824227,0,0,0,0,0
26.9,1.98396805,-0.142711367,-0.0747297934,0.05,6.37333624e-05,AdvanceRight,advancing_past_measured_edge,0,14,42,0.844709814,0.773934191,1,1,1,0.26127255,2.16823915,2.16823915,0,0,0,0,0
26.95,1.98646805,-0.142714623,-0.0745269238,0.05,5.94844716e-05,AdvanceRight,advancing_past_measured_edge,0,14,42,0.844709814,0.773934191,1,1,1,0.26127255,2.16823602,2.16823602,0,0,0,0,0
27,1.98896804,-0.142717871,-0.0743375789,0.05,5.55188402e-05,AdvanceRight,advancing_past_measured_edge,0,14,42,0.839828253,0.768949117,1,1,1,0.261243701,2.1682329,2.1682329,0,0,0,0,0
27.05,1.99146804,-0.142721111,-0.0741608569,0.05,5.18175842e-05,AdvanceRight,advancing_past_measured_edge,0,14,42,0.839828253,0.768949117,1,1,1,0.261243701,2.16822978,2.16822978,0,0,0,0,0
27.1,1.99396804,-0.142724343,-0.0739959164,0.05,4.83630785e-05,AdvanceRight,advancing_past_measured_edge,0,14,42,0.834959865,0.763979146,1,1,1,0.261569291,2.16822666,2.16822666,0,0,0,0,0
27.15,1.99646804,-0.142727568,-0.0738419719,0.05,4.51388733e-05,AdvanceRight,advancing_past_measured_edge,0,14,42,0.834959865,0.763979146,1,1,1,0.261569291,2.16822353,2.16822353,0,0,0,0,0
27.2,1.99896804,-0.142730787,-0.0736982904,0.05,4.21296151e-05,AdvanceRight,advancing_past_measured_edge,0,14,42,0.830104113,0.759024159,1,1,1,0.261551023,2.16822041,2.16822041,0,0,0,0,0
27.25,2.00146803,-0.142734,-0.0735641877,0.05,3.93209741e-05,AdvanceRight,advancing_past_measured_edge,0,14,42,0.830104113,0.759024159,1,1,1,0.261551023,2.16821728,2.16821728,0,0,0,0,0
27.3,2.00396803,-0.142737207,-0.0734390252,0.05,3.66995758e-05,AdvanceRight,advancing_past_measured_edge,0,14,42,0.825227439,0.75408398,1,1,1,0.261508375,2.16821416,2.16821416,0,0,0,0,0
27.35,2.00646803,-0.142740409,-0.0733222068,0.05,3.42529374e-05,AdvanceRight,advancing_past_measured_edge,0,14,42,0.825227439,0.75408398,1,1,1,0.261508375,2.16821103,2.16821103,0,0,0,0,0
27.4,2.00896803,-0.142743606,-0.0732131763,0.05,3.19694083e-05,AdvanceRight,advancing_past_measured_edge,0,14,42,0.820285022,0.74915843,1,1,1,0.262381643,2.16820791,2.16820791,0,0,0,0,0
27.45,2.01146803,-0.142746798,-0.0731114145,0.05,2.98381144e-05,AdvanceRight,advancing_past_measured_edge,0,14,42,0.820285022,0.74915843,1,1,1,0.262381643,2.16820479,2.16820479,0,0,0,0,0
27.5,2.01396802,-0.142749986,-0.0730164368,0.05,2.78489068e-05,AdvanceRight,advancing_past_measured_edge,0,14,42,0.815140963,0.744094602,1,1,1,0.26334843,2.16820166,2.16820166,0,0,0,0,0
27.55,2.01646802,-0.14275317,-0.072927791,0.05,2.5992313e-05,AdvanceRight,advancing_past_measured_edge,0,14,42,0.815140963,0.744094602,1,1,1,0.26334843,2.16819853,2.16819853,0,0,0,0,0
27.6,2.01896802,-0.14275635,-0.0728450549,0.05,2.42594921e-05,AdvanceRight,advancing_past_measured_edge,0,14,42,0.809980214,0.739042607,1,1,1,0.263867259,2.16819541,2.16819541,0,0,0,0,0
27.65,2.02146802,-0.142759527,-0.0727678346,0.05,2.26421926e-05,AdvanceRight,advancing_past_measured_edge,0,14,42,0.809980214,0.739042607,1,1,1,0.263867259,2.16819228,2.16819228,0,0,0,0,0
27.7,2.02396802,-0.142762701,-0.0726957622,0.05,2.11327131e-05,AdvanceRight,advancing_past_measured_edge,0,14,42,0.804831505,0.734005662,1,1,1,0.26457119,2.16818916,2.16818916,0,0,0,0,0
27.75,2.02646801,-0.142765871,-0.0726284947,0.05,1.97238656e-05,AdvanceRight,advancing_past_measured_edge,0,14,42,0.804831505,0.734005662,1,1,1,0.26457119,2.16818603,2.16818603,0,0,0,0,0
27.8,2.02896801,-0.142769039,-0.0725657117,0.05,1.84089412e-05,AdvanceRight,advancing_past_measured_edge,0,14,42,0.799695373,0.728983828,1,1,1,0.268160731,2.16818291,2.16818291,0,0,0,0,0
27.85,2.03146801,-0.142772204,-0.0725071142,0.05,1.71816785e-05,AdvanceRight,advancing_past_measured_edge,0,14,42,0.799695373,0.728983828,1,1,1,0.268160731,2.16817978,2.16817978,0,0,0,0,0
27.9,2.03396801,-0.142775366,-0.0724524232,0.05,1.60362332e-05,AdvanceRight,advancing_past_measured_edge,0,14,42,0.794572294,0.723977341,1,0,1,2.25384784,2.16817665,2.16817665,0,0,0,0,0
27.95,2.03646801,-0.142778527,-0.0724013783,0.05,1.4967151e-05,AdvanceRight,advancing_past_measured_edge,0,14,42,0.794572294,0.723977341,1,0,1,2.25384784,2.16817353,2.16817353,0,0,0,0,0
28,2.038968,-0.142781685,-0.0723537364,0.05,1.39693409e-05,AdvanceRight,advancing_past_measured_edge,0,14,42,0.789462805,0.718986084,1,0,1,2.25390506,2.1681704,2.1681704,0,0,0,0,0
28.05,2.041468,-0.142784841,-0.0723092706,0.05,1.30380516e-05,AdvanceRight,advancing_past_measured_edge,0,14,42,0.789462805,0.718986084,1,0,1,2.25390506,2.16816727,2.16816727,0,0,0,0,0
28.1,2.043968,-0.142787995,-0.0722677692,0.05,1.21688481e-05,AdvanceRight,advancing_past_measured_edge,0,14,42,0.784367204,0.714010055,1,0,1,2.25656319,2.16816415,2.16816415,0,0,0,0,0
28.15,2.046468,-0.142791147,-0.0722290346,0.05,1.13575916e-05,AdvanceRight,advancing_past_measured_edge,0,14,42,0.784367204,0.714010055,1,0,1,2.25656319,2.16816102,2.16816102,0,0,0,0,0
28.2,2.048968,-0.142794298,-0.0721928822,0.05,1.06004188e-05,AdvanceRight,advancing_past_measured_edge,0,14,42,0.779286027,0.709049256,1,0,1,2.25631523,2.16815789,2.16815789,0,0,0,0,0
28.25,2.05146799,-0.142797447,-0.07215914,0.05,9.89372422e-06,AdvanceRight,advancing_past_measured_edge,0,14,42,0.779286027,0.709049256,1,0,1,2.25631523,2.16815477,2.16815477,0,0,0,0,0
28.3,2.05396799,-0.142800595,-0.0721276473,0.05,9.2341426e-06,AdvanceRight,advancing_past_measured_edge,0,14,42,0.774219453,0.704103447,1,0,1,2.25607133,2.16815164,2.16815164,0,0,0,0,0
28.35,2.05646799,-0.142803742,-0.0720982541,0.05,8.61853309e-06,AdvanceRight,advancing_past_measured_edge,0,14,42,0.774219453,0.704103447,1,0,1,2.25607133,2.16814851,2.16814851,0,0,0,0,0
28.4,2.05896799,-0.142806887,-0.0720708205,0.05,8.04396422e-06,AdvanceRight,advancing_past_measured_edge,0,14,42,0.769167781,0.699107773,1,0,1,2.2558322,2.16814538,2.16814538,0,0,0,0,0
28.45,2.06146799,-0.142810031,-0.0720452158,0.05,7.50769994e-06,AdvanceRight,advancing_past_measured_edge,0,14,42,0.769167781,0.699107773,1,0,1,2.2558322,2.16814226,2.16814226,0,0,0,0,0
28.5,2.06396798,-0.142813174,-0.072021318,0.05,7.00718661e-06,AdvanceRight,advancing_past_measured_edge,0,14,42,0.764131188,0.694071573,1,0,1,2.25559855,2.16813913,2.16813913,0,0,0,0,0
28.55,2.06646798,-0.142816316,-0.0719990134,0.05,6.54004084e-06,AdvanceRight,advancing_past_measured_edge,0,14,42,0.764131188,0.694071573,1,0,1,2.25559855,2.168136,2.168136,0,0,0,0,0
28.6,2.06896798,-0.142819457,-0.0719781958,0.05,6.10403811e-06,AdvanceRight,advancing_past_measured_edge,0,14,42,0.759109795,0.689050572,1,0,1,2.25537157,2.16813288,2.16813288,0,0,0,0,0
28.65,2.07146798,-0.142822598,-0.0719587661,0.05,5.69710224e-06,AdvanceRight,advancing_past_measured_edge,0,14,42,0.759109795,0.689050572,1,0,1,2.25537157,2.16812975,2.16812975,0,0,0,0,0
28.7,2.07396798,-0.142825737,-0.0719406317,0.05,5.31729542e-06,AdvanceRight,advancing_past_measured_edge,0,14,42,0.75410378,0.683938403,1,0,1,2.25729227,2.16812662,2.16812662,0,0,0,0,0
28.75,2.07646797,-0.142828876,-0.0719237062,0.05,4.96280906e-06,AdvanceRight,advancing_past_measured_edge,0,14,42,0.75410378,0.683938403,1,0,1,2.25729227,2.16812349,2.16812349,0,0,0,0,0
28.8,2.07896797,-0.142832013,-0.0719079091,0.05,4.63195512e-06,AdvanceRight,advancing_past_measured_edge,0,14,42,0.749092698,0.678958819,1,0,1,2.25720453,2.16812037,2.16812037,0,0,0,0,0
28.85,2.08146797,-0.142835151,-0.0718931651,0.05,4.32315812e-06,AdvanceRight,advancing_past_measured_edge,0,14,42,0.749092698,0.678958819,1,0,1,2.25720453,2.16811724,2.16811724,0,0,0,0,0
28.9,2.08396797,-0.142838287,-0.0718794041,0.05,4.03494758e-06,AdvanceRight,advancing_past_measured_edge,0,14,42,0.744079947,0.673994323,1,0,1,2.25713134,2.16811411,2.16811411,0,0,0,0,0
28.95,2.08646797,-0.142841423,-0.0718665604,0.05,3.76595107e-06,AdvanceRight,advancing_past_measured_edge,0,14,42,0.744079947,0.673994323,1,0,1,2.25713134,2.16811098,2.16811098,0,0,0,0,0
29,2.08896796,-0.142844559,-0.071854573,0.05,3.51488767e-06,AdvanceRight,advancing_past_measured_edge,0,14,42,0.739082575,0.669024914,1,0,1,2.25707316,2.16810786,2.16810786,0,0,0,0,0
29.05,2.09146796,-0.142847694,-0.0718433848,0.05,3.28056182e-06,AdvanceRight,advancing_past_measured_edge,0,14,42,0.739082575,0.669024914,1,0,1,2.25707316,2.16810473,2.16810473,0,0,0,0,0
29.1,2.09396796,-0.142850828,-0.0718329424,0.05,3.0618577e-06,AdvanceRight,advancing_past_measured_edge,0,14,42,0.734100521,0.664043248,1,0,1,2.25703001,2.1681016,2.1681016,0,0,0,0,0
29.15,2.09646796,-0.142853963,-0.0718231962,0.05,2.85773385e-06,AdvanceRight,advancing_past_measured_edge,0,14,42,0.734100521,0.664043248,1,0,1,2.25703001,2.16809847,2.16809847,0,0,0,0,0
29.2,2.09896796,-0.142857096,-0.0718140998,0.05,2.66721826e-06,AdvanceRight,advancing_past_measured_edge,0,14,42,0.729133725,0.65907684,1,0,1,2.25700212,2.16809534,2.16809534,0,0,0,0,0
29.25,2.10146795,-0.14286023,-0.0718056098,0.05,2.48940371e-06,AdvanceRight,advancing_past_measured_edge,0,14,42,0.729133725,0.65907684,1,0,1,2.25700212,2.16809222,2.16809222,0,0,0,0,0
29.3,2.10396795,-0.142863362,-0.0717976858,0.05,2.32344346e-06,AdvanceRight,advancing_past_measured_edge,0,14,42,0.72418201,0.654057767,1,0,1,2.25698924,2.16808909,2.16808909,0,0,0,0,0
29.35,2.10646795,-0.142866495,-0.07179029,0.05,2.16854723e-06,AdvanceRight,advancing_past_measured_edge,0,14,42,0.72418201,0.654057767,1,0,1,2.25698924,2.16808596,2.16808596,0,0,0,0,0
29.4,2.10896795,-0.142869627,-0.0717833873,0.05,2.02397742e-06,AdvanceRight,advancing_past_measured_edge,0,14,42,0.719245255,0.649011904,1,0,1,2.2569921,2.16808283,2.16808283,0,0,0,0,0
29.45,2.11146795,-0.142872759,-0.0717769448,0.05,1.88904559e-06,AdvanceRight,advancing_past_measured_edge,0,14,42,0.719245255,0.649011904,1,0,1,2.2569921,2.16807971,2.16807971,0,0,0,0,0
29.5,2.11396794,-0.142875891,-0.0717709318,0.05,1.76310922e-06,AdvanceRight,advancing_past_measured_edge,0,14,42,0.714323163,0.643981105,1,0,1,2.25700998,2.16807658,2.16807658,0,0,0,0,0
29.55,2.11646794,-0.142879023,-0.0717653196,0.05,1.6455686e-06,AdvanceRight,advancing_past_measured_edge,0,14,42,0.714323163,0.643981105,1,0,1,2.25700998,2.16807345,2.16807345,0,0,0,0,0
29.6,2.11896794,-0.142882154,-0.0717600816,0.05,1.53586403e-06,AdvanceRight,advancing_past_measured_edge,0,14,42,0.709415495,0.638965488,1,0,1,2.25704312,2.16807032,2.16807032,0,0,0,0,0
29.65,2.12146794,-0.142885285,-0.0717551928,0.05,1.43347309e-06,AdvanceRight,advancing_past_measured_edge,0,14,42,0.709415495,0.638965488,1,0,1,2.25704312,2.1680672,2.1680672,0,0,0,0,0
29.7,2.12396794,-0.142888416,-0.0717506299,0.05,1.33790822e-06,AdvanceRight,advancing_past_measured_edge,0,14,42,0.704521835,0.633965114,1,0,1,2.25709128,2.16806407,2.16806407,0,0,0,0,0
29.75,2.12646793,-0.142891546,-0.0717463712,0.05,1.24871434e-06,AdvanceRight,advancing_past_measured_edge,0,14,42,0.704521835,0.633965114,1,0,1,2.25709128,2.16806094,2.16806094,0,0,0,0,0
29.8,2.12896793,-0.142894677,-0.0717423964,0.05,1.16546672e-06,AdvanceRight,advancing_past_measured_edge,0,14,42,0.699641764,0.628979981,1,0,1,2.25715446,2.16805781,2.16805781,0,0,0,0,0
29.85,2.13146793,-0.142897807,-0.0717386866,0.05,1.08776894e-06,AdvanceRight,advancing_past_measured_edge,0,14,42,0.699641764,0.628979981,1,0,1,2.25715446,2.16805468,2.16805468,0,0,0,0,0
29.9,2.13396793,-0.142900937,-0.0717352242,0.05,1.01525101e-06,AdvanceRight,advancing_past_measured_edge,0,14,42,0.694774926,0.624010031,1,0,1,2.25723219,2.16805156,2.16805156,0,0,0,0,0
29.95,2.13646793,-0.142904067,-0.0717319925,0.05,9.47567606e-07,AdvanceRight,advancing_past_measured_edge,0,14,42,0.694774926,0.624010031,1,0,1,2.25723219,2.16804843,2.16804843,0,0,0,0,0
30,2.13896792,-0.142907197,-0.0717289763,0.05,8.84396433e-07,AdvanceRight,advancing_past_measured_edge,0,14,42,0.689920723,0.619055205,1,0,1,2.2574439,2.1680453,2.1680453,0,0,0,0,0
30.05,2.14146792,-0.142910327,-0.0717261612,0.05,8.25436671e-07,AdvanceRight,advancing_past_measured_edge,0,14,42,0.689920723,0.619055205,1,0,1,2.2574439,2.16804217,2.16804217,0,0,0,0,0
30.1,2.14396792,-0.142913456,-0.0717235337,0.05,7.70407559e-07,AdvanceRight,advancing_past_measured_edge,0,14,42,0.685078561,0.614115264,1,0,1,2.25768518,2.16803904,2.16803904,0,0,0,0,0
30.15,2.14646792,-0.142916586,-0.0717210815,0.05,7.19047055e-07,AdvanceRight,advancing_past_measured_edge,0,14,42,0.685078561,0.614115264,1,0,1,2.25768518,2.16803592,2.16803592,0,0,0,0,0
30.2,2.14896792,-0.142919715,-0.0717187927,0.05,6.71110585e-07,AdvanceRight,advancing_past_measured_edge,0,14,42,0.680027187,0.609178496,1,0,1,2.25790262,2.16803279,2.16803279,0,0,0,0,0
30.25,2.15146791,-0.142922844,-0.0717166565,0.05,6.26369879e-07,AdvanceRight,advancing_past_measured_edge,0,14,42,0.680027187,0.609178496,1,0,1,2.25790262,2.16802966,2.16802966,0,0,0,0,0
30.3,2.15396791,-0.142925973,-0.0717146627,0.05,5.84611887e-07,AdvanceRight,advancing_past_measured_edge,0,14,42,0.674954355,0.604111995,1,0,1,2.25768113,2.16802653,2.16802653,0,0,0,0,0
30.35,2.15646791,-0.142929103,-0.0717128018,0.05,5.45637761e-07,AdvanceRight,advancing_past_measured_edge,0,14,42,0.674954355,0.604111995,1,0,1,2.25768113,2.16802341,2.16802341,0,0,0,0,0
30.4,2.15896791,-0.142932232,-0.071711065,0.05,5.09261911e-07,AdvanceRight,advancing_past_measured_edge,0,14,42,0.669896424,0.599060376,1,0,1,2.25782585,2.16802028,2.16802028,0,0,0,0,0
30.45,2.16146791,-0.142935361,-0.0717094439,0.05,4.75311117e-07,AdvanceRight,advancing_past_measured_edge,0,14,42,0.669896424,0.599060376,1,0,1,2.25782585,2.16801715,2.16801715,0,0,0,0,0
30.5,2.1639679,-0.142938489,-0.071707931,0.05,4.43623709e-07,AdvanceRight,advancing_past_measured_edge,0,14,42,0.664853632,0.594023878,1,0,1,2.25798225,2.16801402,2.16801402,0,0,0,0,0
30.55,2.1664679,-0.142941618,-0.0717065189,0.05,4.14048795e-07,AdvanceRight,advancing_past_measured_edge,0,14,42,0.664853632,0.594023878,1,0,1,2.25798225,2.16801089,2.16801089,0,0,0,0,0
30.6,2.1689679,-0.142944747,-0.0717052009,0.05,3.86445542e-07,AdvanceRight,advancing_past_measured_edge,0,14,42,0.659825981,0.589002501,1,0,1,2.2581501,2.16800777,2.16800777,0,0,0,0,0
30.65,2.1714679,-0.142947876,-0.0717039708,0.05,3.60682506e-07,AdvanceRight,advancing_past_measured_edge,0,14,42,0.659825981,0.589002501,1,0,1,2.2581501,2.16800464,2.16800464,0,0,0,0,0
30.7,2.1739679,-0.142951004,-0.0717028227,0.05,3.36637005e-07,AdvanceRight,advancing_past_measured_edge,0,14,42,0.654718339,0.583996483,1,0,1,2.25832844,2.16800151,2.16800151,0,0,0,0,0
30.75,2.1764679,-0.142954133,-0.0717017512,0.05,3.14194538e-07,AdvanceRight,advancing_past_measured_edge,0,14,42,0.654718339,0.583996483,1,0,1,2.25832844,2.16799838,2.16799838,0,0,0,0,0
30.8,2.17896789,-0.142957261,-0.0717007511,0.05,2.93248236e-07,AdvanceRight,advancing_past_measured_edge,0,14,42,0.649608195,0.579005704,1,0,1,2.25851655,2.16799525,2.16799525,0,0,0,0,0
30.85,2.18146789,-0.14296039,-0.0716998176,0.05,2.73698353e-07,AdvanceRight,advancing_past_measured_edge,0,14,42,0.649608195,0.579005704,1,0,1,2.25851655,2.16799213,2.16799213,0,0,0,0,0
30.9,2.18396789,-0.142963518,-0.0716989464,0.05,2.55451797e-07,AdvanceRight,advancing_past_measured_edge,0,14,42,0.644512057,0.574030284,1,0,1,2.25952673,2.167989,2.167989,0,0,0,0,0
30.95,2.18646789,-0.142966647,-0.0716981333,0.05,2.38421677e-07,AdvanceRight,advancing_past_measured_edge,0,14,42,0.644512057,0.574030284,1,0,1,2.25952673,2.16798587,2.16798587,0,0,0,0,0
31,2.18896789,-0.142969775,-0.0716973744,0.05,2.22526898e-07,AdvanceRight,advancing_past_measured_edge,0,14,42,0.639430225,0.569069985,1,0,1,2.25973201,2.16798274,2.16798274,0,0,0,0,0
31.05,2.19146788,-0.142972904,-0.071696666,0.05,2.07691772e-07,AdvanceRight,advancing_past_measured_edge,0,14,42,0.639430225,0.569069985,1,0,1,2.25973201,2.16797961,2.16797961,0,0,0,0,0
31.1,2.19396788,-0.142976032,-0.0716960049,0.05,1.93845654e-07,AdvanceRight,advancing_past_measured_edge,0,14,42,0.634329796,0.564036158,1,0,1,2.25992894,2.16797649,2.16797649,0,0,0,0,0
31.15,2.19646788,-0.14297916,-0.0716953879,0.05,1.8092261e-07,AdvanceRight,advancing_past_measured_edge,0,14,42,0.634329796,0.564036158,1,0,1,2.25992894,2.16797336,2.16797336,0,0,0,0,0
31.2,2.19896788,-0.142982289,-0.071694812,0.05,1.68861103e-07,AdvanceRight,advancing_past_measured_edge,0,14,42,0.629243255,0.558996614,1,0,1,2.26011682,2.16797023,2.16797023,0,0,0,0,0
31.25,2.20146788,-0.142985417,-0.0716942745,0.05,1.57603696e-07,AdvanceRight,advancing_past_measured_edge,0,14,42,0.629243255,0.558996614,1,0,1,2.26011682,2.1679671,2.1679671,0,0,0,0,0
31.3,2.20396787,-0.142988545,-0.0716937729,0.05,1.47096783e-07,AdvanceRight,advancing_past_measured_edge,0,14,42,0.624171257,0.553972126,1,0,1,2.26029491,2.16796398,2.16796398,0,0,0,0,0
31.35,2.20646787,-0.142991673,-0.0716933046,0.05,1.37290331e-07,AdvanceRight,advancing_past_measured_edge,0,14,42,0.624171257,0.553972126,1,0,1,2.26029491,2.16796085,2.16796085,0,0,0,0,0
31.4,2.20896787,-0.142994802,-0.0716928676,0.05,1.28137642e-07,AdvanceRight,advancing_past_measured_edge,0,14,42,0.619114041,0.548962754,1,0,1,2.26046228,2.16795772,2.16795772,0,0,0,0,0
31.45,2.21146787,-0.14299793,-0.0716924597,0.05,1.19595132e-07,AdvanceRight,advancing_past_measured_edge,0,14,42,0.619114041,0.548962754,1,0,1,2.26046228,2.16795459,2.16795459,0,0,0,0,0
31.5,2.21396787,-0.143001058,-0.0716920791,0.05,1.11622124e-07,AdvanceRight,advancing_past_measured_edge,0,14,42,0.614071846,0.543968555,1,0,1,2.26061821,2.16795146,2.16795146,0,0,0,0,0
31.55,2.21646786,-0.143004186,-0.0716917238,0.05,1.04180649e-07,AdvanceRight,advancing_past_measured_edge,0,14,42,0.614071846,0.543968555,1,0,1,2.26061821,2.16794834,2.16794834,0,0,0,0,0
31.6,2.21896786,-0.143007314,-0.0716913921,0.05,9.72352721e-08,AdvanceRight,advancing_past_measured_edge,0,14,42,0.60904485,0.538989589,1,0,1,2.26041961,2.16794521,2.16794521,0,0,0,0,0
31.65,2.22146786,-0.143010442,-0.0716910826,0.05,9.07529207e-08,AdvanceRight,advancing_past_measured_edge,0,14,42,0.60904485,0.538989589,1,0,1,2.26041961,2.16794208,2.16794208,0,0,0,0,0
31.7,2.22396786,-0.14301357,-0.0716907938,0.05,8.4702726e-08,AdvanceRight,advancing_past_measured_edge,0,14,42,0.604033113,0.53402568,1,0,1,2.2605207,2.16793895,2.16793895,0,0,0,0,0
31.75,2.22646786,-0.143016699,-0.0716905241,0.05,7.90558776e-08,AdvanceRight,advancing_past_measured_edge,0,14,42,0.604033113,0.53402568,1,0,1,2.2605207,2.16793582,2.16793582,0,0,0,0,0
31.8,2.22896785,-0.143019827,-0.0716902725,0.05,7.37854857e-08,AdvanceRight,advancing_past_measured_edge,0,14,42,0.599036753,0.529036753,1,0,1,2.26066089,2.1679327,2.1679327,0,0,0,0,0
31.85,2.23146785,-0.143022955,-0.0716900376,0.05,6.88664533e-08,AdvanceRight,advancing_past_measured_edge,0,14,42,0.599036753,0.529036753,1,0,1,2.26066089,2.16792957,2.16792957,0,0,0,0,0
31.9,2.23396785,-0.143026083,-0.0716898184,0.05,6.42753565e-08,AdvanceRight,advancing_past_measured_edge,0,14,42,0.594055653,0.524055653,1,0,1,2.26051021,2.16792644,2.16792644,0,0,0,0,0
31.95,2.23646785,-0.143029211,-0.0716896138,0.05,5.99903327e-08,AdvanceRight,advancing_past_measured_edge,0,14,42,0.594055653,0.524055653,1,0,1,2.26051021,2.16792331,2.16792331,0,0,0,0,0
32,2.23896785,-0.143032339,-0.0716894229,0.05,5.59909772e-08,AdvanceRight,advancing_past_measured_edge,0,14,42,0.589089811,0.519089811,1,0,1,2.26034737,2.16792018,2.16792018,0,0,0,0,0
32.05,2.24146784,-0.143035467,-0.0716892446,0.05,5.22582454e-08,AdvanceRight,advancing_past_measured_edge,0,14,42,0.589089811,0.519089811,1,0,1,2.26034737,2.16791706,2.16791706,0,0,0,0,0
32.1,2.24396784,-0.143038595,-0.0716890783,0.05,4.87743623e-08,AdvanceRight,advancing_past_measured_edge,0,14,42,0.584139109,0.514077787,1,0,1,2.26128697,2.16791393,2.16791393,0,0,0,0,0
32.15,2.24646784,-0.143041723,-0.071688923,0.05,4.55227382e-08,AdvanceRight,advancing_past_measured_edge,0,14,42,0.584139109,0.514077787,1,0,1,2.26128697,2.1679108,2.1679108,0,0,0,0,0
32.2,2.24896784,-0.143044851,-0.0716887781,0.05,4.2487889e-08,AdvanceRight,advancing_past_measured_edge,0,14,42,0.579203248,0.509032411,1,0,1,2.26134944,2.16790767,2.16790767,0,0,0,0,0
32.25,2.25146784,-0.143047979,-0.0716886429,0.05,3.9655363e-08,AdvanceRight,advancing_past_measured_edge,0,14,42,0.579203248,0.509032411,1,0,1,2.26134944,2.16790455,2.16790455,0,0,0,0,0
32.3,2.25396783,-0.143051107,-0.0716885167,0.05,3.70116722e-08,AdvanceRight,advancing_past_measured_edge,0,14,42,0.574282169,0.504002175,1,0,1,2.26139736,2.16790142,2.16790142,0,0,0,0,0
32.35,2.25646783,-0.143054235,-0.0716883989,0.05,3.45442274e-08,AdvanceRight,advancing_past_measured_edge,0,14,42,0.574282169,0.504002175,1,0,1,2.26139736,2.16789829,2.16789829,0,0,0,0,0
32.4,2.25896783,-0.143057363,-0.0716882889,0,0,TurnRight,right_pivot_ready,0,14,42,0.569375396,0.498987141,1,0,1,2.26083374,2.16789516,2.16789516,0,0,0,0,0
32.45,2.26042616,-0.143059188,-0.0716882248,0,-0.6,TurnRight,turning_right_with_feedback,0,14,42,0.569375396,0.498987141,1,0,1,2.26083374,2.16789334,2.16789334,0,0,0,0,0
32.5,2.26127683,-0.143065569,-0.787885431,0,-0.6,TurnRight,turning_right_with_feedback,0,14,42,0.567180514,0.495833631,1,0,1,2.26050591,2.16742032,2.16742032,0,0,0,0,0
32.55,2.26177293,-0.143077302,-1.92186438,0,-0.6,TurnRight,turning_right_with_feedback,0,14,42,0.567180514,0.495833631,1,0,1,2.26050591,2.16669837,2.16669837,0,0,0,0,0
32.6,2.2620621,-0.143090488,-3.29954934,0,-0.6,TurnRight,turning_right_with_feedback,0,14,42,0.566140532,0.49147901,1,0,1,2.2592144,2.16586992,2.16586992,0,0,0,0,0
32.65,2.26223054,-0.143102441,-4.81939615,0,-0.6,TurnRight,turning_right_with_feedback,0,14,42,0.566140532,0.49147901,1,0,1,2.2592144,2.16501964,2.16501964,0,0,0,0,0
32.7,2.26232857,-0.143112089,-6.4221707,0,-0.6,TurnRight,turning_right_with_feedback,0,14,42,0.565648317,0.488265841,1,0,1,2.24739337,2.16419598,2.16419598,0,0,0,0,0
32.75,2.26238557,-0.143119338,-8.07331976,0,-0.6,TurnRight,turning_right_with_feedback,0,14,42,0.565648317,0.488265841,1,0,1,2.24739337,2.163426,2.163426,0,0,0,0,0
32.8,2.26241868,-0.143124531,-9.75268729,0,-0.6,TurnRight,turning_right_with_feedback,0,14,42,0.56541568,0.486791644,1,0,1,1.44085729,2.16272465,2.16272465,0,0,0,0,0
32.85,2.2624379,-0.143128128,-11.4485156,0,-0.6,TurnRight,turning_right_with_feedback,0,14,42,0.56541568,0.486791644,1,0,1,1.44085729,2.16210015,2.16210015,0,0,0,0,0
32.9,2.26244904,-0.143130558,-13.153946,0,-0.6,TurnRight,turning_right_with_feedback,0,14,42,0.564867437,0.487198287,1,0,1,1.05815792,2.16155702,2.16155702,0,0,0,0,0
32.95,2.2624555,-0.143132168,-14.8649777,0,-0.6,TurnRight,turning_right_with_feedback,0,14,42,0.564867437,0.487198287,1,0,1,1.05815792,2.16109779,2.16109779,0,0,0,0,0
33,2.26245923,-0.14313322,-16.5792767,0,-0.6,TurnRight,turning_right_with_feedback,0,14,42,0.564409435,0.489529497,1,0,1,0.838136971,2.16072389,2.16072389,0,0,0,0,0
33.05,2.26246139,-0.143133898,-18.2954817,0,-0.6,TurnRight,turning_right_with_feedback,0,14,42,0.564409435,0.489529497,1,0,1,0.838136971,2.16043616,2.16043616,0,0,0,0,0
33.1,2.26246264,-0.143134332,-20.0127986,0,-0.6,TurnRight,turning_right_with_feedback,0,14,42,0.564033508,0.493834402,1,0,1,0.696471035,2.16023509,2.16023509,0,0,0,0,0
33.15,2.26246336,-0.143134606,-21.730764,0,-0.6,TurnRight,turning_right_with_feedback,0,14,42,0.564033508,0.493834402,1,0,1,0.696471035,2.16012094,2.16012094,0,0,0,0,0
33.2,2.26246378,-0.143134779,-23.4491077,0,-0.6,TurnRight,turning_right_with_feedback,0,14,42,0.563366175,0.500194943,1,1,1,0.598268509,2.16009388,2.16009388,0,0,0,0,0
33.25,2.26246401,-0.143134887,-25.1676721,0,-0.6,TurnRight,turning_right_with_feedback,0,14,42,0.563366175,0.500194943,1,1,1,0.598268509,2.16015393,2.16009388,0,0,0,0,0
33.3,2.26246415,-0.143134954,-26.8863653,0,-0.6,TurnRight,turning_right_with_feedback,0,14,42,0.562199473,0.508480303,1,1,1,0.526622176,2.16030103,2.16009388,0,0,0,0,0
33.35,2.26246423,-0.143134995,-28.6051335,0,-0.6,TurnRight,turning_right_with_feedback,0,14,42,0.562199473,0.508480303,1,1,1,0.526622176,2.16053506,2.16009388,0,0,0,0,0
33.4,2.26246428,-0.143135021,-30.3239456,0,-0.6,TurnRight,turning_right_with_feedback,0,14,42,0.561414599,0.518901012,1,0,1,0.472383589,2.16085579,2.16009388,0,0,0,0,0
33.45,2.2624643,-0.143135037,-32.0427832,0,-0.6,TurnRight,turning_right_with_feedback,0,14,42,0.561414599,0.518901012,1,0,1,0.472383589,2.16126293,2.16009388,0,0,0,0,0
33.5,2.26246432,-0.143135046,-33.7616357,0,-0.6,TurnRight,turning_right_with_feedback,0,14,42,0.560331166,0.533094311,1,0,1,0.430182964,2.16175612,2.16009388,0,0,0,0,0
33.55,2.26246433,-0.143135052,-35.4804969,0,-0.6,TurnRight,turning_right_with_feedback,0,14,42,0.560331166,0.533094311,1,0,1,0.430182964,2.1623349,2.16009388,0,0,0,0,0
33.6,2.26246433,-0.143135056,-37.1993632,0,-0.6,TurnRight,turning_right_with_feedback,0,14,42,0.560326159,0.549438137,1,0,1,0.426512122,2.16299875,2.16009388,0,0,0,0,0
33.65,2.26246433,-0.143135058,-38.9182324,0,-0.6,TurnRight,turning_right_with_feedback,0,14,42,0.560326159,0.549438137,1,0,1,0.426512122,2.16374708,2.16009388,0,0,0,0,0
33.7,2.26246433,-0.143135059,-40.6371034,0,-0.6,TurnRight,turning_right_with_feedback,0,14,42,0.562271178,0.569038274,1,0,1,0.428851992,2.16457922,2.16009388,0,0,0,0,0
33.75,2.26246434,-0.14313506,-42.3559754,0,-0.6,TurnRight,turning_right_with_feedback,0,14,42,0.562271178,0.569038274,1,0,1,0.428851992,2.1654944,2.16009388,0,0,0,0,0
33.8,2.26246434,-0.14313506,-44.074848,0,-0.6,TurnRight,turning_right_with_feedback,0,14,42,0.566212893,0.604831219,1,0,1,0.423870474,2.16649181,2.16009388,0,0,0,0,0
33.85,2.26246434,-0.143135061,-45.7937209,0,-0.6,TurnRight,turning_right_with_feedback,0,14,42,0.566212893,0.604831219,1,0,1,0.423870474,2.16757055,2.16009388,0,0,0,0,0
33.9,2.26246434,-0.143135061,-47.512594,0,-0.6,TurnRight,turning_right_with_feedback,0,14,42,0.572236061,0.64410014,1,0,1,0.432098567,2.16872965,2.16009388,0,0,0,0,0
33.95,2.26246434,-0.143135061,-49.2314672,0,-0.6,TurnRight,turning_right_with_feedback,0,14,42,0.572236061,0.64410014,1,0,1,0.432098567,2.16996807,2.16009388,0,0,0,0,0
34,2.26246434,-0.143135061,-50.9503405,0,-0.6,TurnRight,turning_right_with_feedback,0,14,42,0.580467403,0.679768545,1,0,1,0.444945067,2.17128469,2.16009388,0,0,0,0,0
34.05,2.26246434,-0.143135061,-52.6692138,0,-0.6,TurnRight,turning_right_with_feedback,0,14,42,0.580467403,0.679768545,1,0,1,0.444945067,2.17267832,2.16009388,0,0,0,0,0
34.1,2.26246434,-0.143135061,-54.3880872,0,-0.6,TurnRight,turning_right_with_feedback,0,14,42,0.591081679,0.728203687,1,0,1,0.483967274,2.17414772,2.16009388,0,0,0,0,0
34.15,2.26246434,-0.143135061,-56.1069605,0,-0.6,TurnRight,turning_right_with_feedback,0,14,42,0.591081679,0.728203687,1,0,1,0.483967274,2.17569156,2.16009388,0,0,0,0,0
34.2,2.26246434,-0.143135061,-57.8258339,0,-0.6,TurnRight,turning_right_with_feedback,0,14,42,0.60431087,0.795375222,1,0,1,0.531933665,2.17730844,2.16009388,0,0,0,0,0
34.25,2.26246434,-0.143135061,-59.5447073,0,-0.6,TurnRight,turning_right_with_feedback,0,14,42,0.60431087,0.795375222,1,0,1,0.531933665,2.17899693,2.16009388,0,0,0,0,0
34.3,2.26246434,-0.143135061,-61.2635807,0,-0.6,TurnRight,turning_right_with_feedback,0,14,42,0.620456755,0.886865582,1,0,1,0.592042267,2.18075549,2.16009388,0,0,0,0,0
34.35,2.26246434,-0.143135061,-62.982454,0,-0.567355563,TurnRight,turning_right_with_feedback,0,14,42,0.620456755,0.886865582,1,0,1,0.592042267,2.18258254,2.16009388,0,0,0,0,0
34.4,2.26246434,-0.143135061,-64.662361,0,-0.532171674,TurnRight,turning_right_with_feedback,0,14,42,0.639667988,0.994879969,1,0,1,0.668249667,2.18443278,2.16009388,0,0,0,0,0
34.45,2.26246434,-0.143135061,-66.2775399,0,-0.498343447,TurnRight,turning_right_with_feedback,0,14,42,0.639667988,0.994879969,1,0,1,0.668249667,2.18627046,2.16009388,0,0,0,0,0
34.5,2.26246434,-0.143135061,-67.8145812,0,-0.466151728,TurnRight,turning_right_with_feedback,0,14,42,0.660795331,1.12426883,1,0,1,0.760584056,2.18807135,2.16009388,0,0,0,0,0
34.55,2.26246434,-0.143135061,-69.2676163,0,-0.435719432,TurnRight,turning_right_with_feedback,0,14,42,0.660795331,1.12426883,1,0,1,0.760584056,2.18981935,2.16009388,0,0,0,0,0
34.6,2.26246434,-0.143135061,-70.6353219,0,-0.407074274,TurnRight,turning_right_with_feedback,0,14,42,0.682424784,1.29128308,1,0,1,0.869487643,2.19150412,2.16009388,0,0,0,0,0
34.65,2.26246434,-0.143135061,-71.9190592,0,-0.380187742,TurnRight,turning_right_with_feedback,0,14,42,0.682424784,1.29128308,1,0,1,0.869487643,2.19311936,2.16009388,0,0,0,0,0
34.7,2.26246434,-0.143135061,-73.1217217,0,-0.354999237,TurnRight,turning_right_with_feedback,0,14,42,0.703836143,1.43885607,1,0,1,0.996477425,2.19466163,2.16009388,0,0,0,0,0
34.75,2.26246434,-0.143135061,-74.247024,0,-0.331430962,TurnRight,turning_right_with_feedback,0,14,42,0.703836143,1.43885607,1,0,1,0.996477425,2.19612953,2.16009388,0,0,0,0,0
34.8,2.26246434,-0.143135061,-75.2990668,0,-0.309397028,TurnRight,turning_right_with_feedback,0,14,42,0.724951506,1.6702723,1,0,1,1.14381778,2.19752306,2.16009388,0,0,0,0,0
34.85,2.26246434,-0.143135061,-76.282074,0,-0.288808974,TurnRight,turning_right_with_feedback,0,14,42,0.724951506,1.6702723,1,0,1,1.14381778,2.19884324,2.16009388,0,0,0,0,0
34.9,2.26246434,-0.143135061,-77.2002352,0,-0.269579051,TurnRight,turning_right_with_feedback,0,14,42,0.699117362,1.94459342,1,0,1,1.31440818,2.20009177,2.16009388,0,0,0,0,0
34.95,2.26246434,-0.143135061,-78.0576155,0,-0.25162212,TurnRight,turning_right_with_feedback,0,14,42,0.699117362,1.94459342,1,0,1,1.31440818,2.20127081,2.16009388,0,0,0,0,0
35,2.26246434,-0.143135061,-78.8581058,0,-0.23485669,TurnRight,turning_right_with_feedback,0,14,42,0.654233098,2.17379181,1,0,1,1.51177645,2.20238287,2.16009388,0,0,0,0,0
35.05,2.26246434,-0.143135061,-79.605398,0,-0.219205439,TurnRight,turning_right_with_feedback,0,14,42,0.654233098,2.17379181,1,0,1,1.51177645,2.20343062,2.16009388,0,0,0,0,0
35.1,2.26246434,-0.143135061,-80.3029756,0,-0.204595407,TurnRight,turning_right_with_feedback,0,14,42,0.620213449,2.23367387,1,0,1,1.74013293,2.20441688,2.16009388,0,0,0,0,0
35.15,2.26246434,-0.143135061,-80.9541137,0,-0.190958003,TurnRight,turning_right_with_feedback,0,14,42,0.620213449,2.23367387,1,0,1,1.74013293,2.20534449,2.16009388,0,0,0,0,0
35.2,2.26246434,-0.143135061,-81.5618836,0,-0.1782289,TurnRight,turning_right_with_feedback,0,14,42,0.593792856,2.22759942,1,0,1,2.00447083,2.20621633,2.16009388,0,0,0,0,0
35.25,2.26246434,-0.143135061,-82.1291611,0,-0.166347868,TurnRight,turning_right_with_feedback,0,14,42,0.593792856,2.22759942,1,0,1,2.00447083,2.20703523,2.16009388,0,0,0,0,0
35.3,2.26246434,-0.143135061,-82.6586361,0,-0.155258569,TurnRight,turning_right_with_feedback,0,14,42,0.572876751,2.22321774,1,0,1,2.31070662,2.20780397,2.16009388,0,0,0,0,0
35.35,2.26246434,-0.143135061,-83.1528228,0,-0.144908347,TurnRight,turning_right_with_feedback,0,14,42,0.572876751,2.22321774,1,0,1,2.31070662,2.20852525,2.16009388,0,0,0,0,0
35.4,2.26246434,-0.143135061,-83.61407,0,-0.135248009,TurnRight,turning_right_with_feedback,0,14,42,0.556061983,2.22008426,1,0,1,2.66586614,2.2092017,2.16009388,0,0,0,0,0
35.45,2.26246434,-0.143135061,-84.0445713,0,-0.126231612,TurnRight,turning_right_with_feedback,0,14,42,0.556061983,2.22008426,1,0,1,2.66586614,2.20983585,2.16009388,0,0,0,0,0
35.5,2.26246434,-0.143135061,-84.4463749,0,-0.117816256,TurnRight,turning_right_with_feedback,0,14,42,0.542374432,2.21786877,1,0,1,3.07832193,2.21043013,2.16009388,0,0,0,0,0
35.55,2.26246434,-0.143135061,-84.8213931,0,-0.109961892,TurnRight,turning_right_with_feedback,0,14,42,0.542374432,2.21786877,1,0,1,3.07832193,2.21098684,2.16009388,0,0,0,0,0
35.6,2.26246434,-0.143135061,-85.1714111,0,-0.102631133,TurnRight,turning_right_with_feedback,0,14,42,0.531117558,2.21632585,1,0,1,3.08916783,2.21150822,2.16009388,0,0,0,0,0
35.65,2.26246434,-0.143135061,-85.4980952,0,-0.0957890782,TurnRight,turning_right_with_feedback,0,14,42,0.531117558,2.21632585,1,0,1,3.08916783,2.21199637,2.16009388,0,0,0,0,0
35.7,2.26246434,-0.143135061,-85.8030006,0,-0.0894031527,TurnRight,turning_right_with_feedback,0,14,42,0.521780252,2.21527397,1,0,1,3.07072234,2.21245329,2.16009388,0,0,0,0,0
35.75,2.26246434,-0.143135061,-86.0875793,0,-0.0834429506,TurnRight,turning_right_with_feedback,0,14,42,0.521780252,2.21527397,1,0,1,3.07072234,2.21288089,2.16009388,0,0,0,0,0
35.8,2.26246434,-0.143135061,-86.3531863,0,-0.0778800923,TurnRight,turning_right_with_feedback,0,14,42,0.513979614,2.2145778,1,0,1,3.12140107,2.21328096,2.16009388,0,0,0,0,0
35.85,2.26246434,-0.143135061,-86.6010861,0,-0.0726880893,TurnRight,turning_right_with_feedback,0,14,42,0.513979614,2.2145778,1,0,1,3.12140107,2.2136552,2.16009388,0,0,0,0,0
35.9,2.26246434,-0.143135061,-86.8324594,0,-0.0678422187,TurnRight,turning_right_with_feedback,0,14,42,0.507423282,2.21413751,1,0,1,3.20698547,2.21400522,2.16009388,0,0,0,0,0
35.95,2.26246434,-0.143135061,-87.0484078,0,-0.0633194054,TurnRight,turning_right_with_feedback,0,14,42,0.507423282,2.21413751,1,0,1,3.20698547,2.21433254,2.16009388,0,0,0,0,0
36,2.26246434,-0.143135061,-87.2499597,0,0,FindWall,right_heading_reached,0,14,42,0.501884282,2.21387925,1,0,1,3.06875896,2.21463859,2.16009388,0,0,0,0,0
36.05,2.26246434,-0.143135061,-87.3675317,0.05,-0.0566356916,FindWall,finding_near_right_wall,0,14,42,0.501884282,2.21387925,1,0,1,3.06875896,2.21481735,2.16009388,0,0,0,0,0
36.1,2.26251094,-0.144175685,-87.5037192,0.05,-0.0537833871,FindWall,finding_near_right_wall,0,14,42,0.498685241,2.21275375,1,0,1,3.18483925,2.21398402,2.16009388,0,0,0,0,0
36.15,2.26258071,-0.145823514,-87.6473611,0.05,-0.0507749582,FindWall,finding_near_right_wall,0,14,42,0.498685241,2.21275375,1,0,1,3.18483925,2.21255509,2.16009388,0,0,0,0,0
36.2,2.26266044,-0.147825689,-87.7917603,0.05,-0.0477506673,FindWall,finding_near_right_wall,0,14,42,0.495317608,2.20913066,1,0,1,3.15403438,2.21077323,2.16009388,0,0,0,0,0
36.25,2.2627429,-0.150034678,-87.9329914,0.05,-0.044792731,FindWall,finding_near_right_wall,0,14,42,0.495317608,2.20913066,1,0,1,3.15403438,2.20877997,2.16009388,0,0,0,0,0
36.3,2.26282421,-0.1523644,-88.0688436,0.05,-0.0419474499,FindWall,finding_near_right_wall,0,14,42,0.492177725,2.20470253,1,0,1,3.09185338,2.206658,2.16009388,0,0,0,0,0
36.35,2.26290243,-0.154764625,-88.1981617,0.05,-0.0392390163,FindWall,finding_near_right_wall,0,14,42,0.492177725,2.20470253,1,0,1,3.09185338,2.20445575,2.16009388,0,0,0,0,0
36.4,2.26297663,-0.157206039,-88.3204355,0.05,-0.0366781213,FindWall,finding_near_right_wall,0,14,42,0.489379615,2.20002995,1,0,1,3.1068325,2.20220172,2.16009388,0,0,0,0,0
36.45,2.26304644,-0.159671533,-88.4355431,0.05,-0.0342673128,FindWall,finding_near_right_wall,0,14,42,0.489379615,2.20002995,1,0,1,3.1068325,2.1999128,2.16009388,0,0,0,0,0
36.5,2.26311182,-0.162151119,-88.5435928,0.05,-0.0320043251,FindWall,finding_near_right_wall,0,14,42,0.486930162,2.1952928,1,0,1,3.19060254,2.1975991,2.16009388,0,0,0,0,0
36.55,2.26317288,-0.164638965,-88.6448241,0.05,-0.0298841408,FindWall,finding_near_right_wall,0,14,42,0.486930162,2.1952928,1,0,1,3.19060254,2.19526681,2.16009388,0,0,0,0,0
36.6,2.26322979,-0.167131662,-88.7395473,0.05,-0.0279002631,FindWall,finding_near_right_wall,0,14,42,0.484799236,2.19054469,1,0,1,3.1884017,2.19291978,2.16009388,0,0,0,0,0
36.65,2.26328276,-0.169627219,-88.828106,0.05,-0.0260454945,FindWall,finding_near_right_wall,0,14,42,0.484799236,2.19054469,1,0,1,3.1884017,2.1905605,2.16009388,0,0,0,0,0
36.7,2.26333205,-0.172124469,-88.9108547,0.05,-0.0243124088,FindWall,finding_near_right_wall,0,14,42,0.482947379,2.18579896,1,0,1,3.16268659,2.18819068,2.16009388,0,0,0,0,0
36.75,2.26337786,-0.174622728,-88.9881456,0.05,-0.0226936319,FindWall,finding_near_right_wall,0,14,42,0.482947379,2.18579896,1,0,1,3.16268659,2.18581152,2.16009388,0,0,0,0,0
36.8,2.26342042,-0.177121595,-89.0603205,0.05,-0.0211820046,FindWall,finding_near_right_wall,0,14,42,0.481335849,2.18105657,1,0,1,3.14471722,2.18342394,2.16009388,0,0,0,0,0
36.85,2.26345994,-0.179620834,-89.1277067,0.05,-0.0197706719,FindWall,finding_near_right_wall,0,14,42,0.481335849,2.18105657,1,0,1,3.14471722,2.18102865,2.16009388,0,0,0,0,0
36.9,2.26349662,-0.182120302,-89.1906148,0.05,-0.0184531277,FindWall,finding_near_right_wall,0,14,42,0.479929894,2.17631585,1,0,1,3.13319087,2.17862628,2.16009388,0,0,0,0,0
36.95,2.26353065,-0.184619918,-89.249338,0.05,-0.017223232,FindWall,finding_near_right_wall,0,14,42,0.479929894,2.17631585,1,0,1,3.13319087,2.17621734,2.16009388,0,0,0,0,0
37,2.26356221,-0.187119629,-89.3041519,0.05,-0.0160752121,FindWall,finding_near_right_wall,0,14,42,0.478699356,2.17157489,1,0,1,3.12705374,2.17380231,2.16009388,0,0,0,0,0
37.05,2.26359145,-0.189619406,-89.3553151,0.05,-0.0150036535,FindWall,finding_near_right_wall,0,14,42,0.478699356,2.17157489,1,0,1,3.12705374,2.1713816,2.16009388,0,0,0,0,0
37.1,2.26361854,-0.192119229,-89.4030695,0.05,-0.0140034863,FindWall,finding_near_right_wall,0,14,42,0.477618366,2.16655099,1,0,1,3.12545037,2.16895561,2.16009388,0,0,0,0,0
37.15,2.26364361,-0.194619086,-89.4476417,0.05,-0.0130699683,FindWall,finding_near_right_wall,0,14,42,0.477618366,2.16655099,1,0,1,3.12545037,2.16652469,2.16009388,0,0,0,0,0
37.2,2.26366681,-0.197118968,-89.4892433,0.05,-0.0121986669,FindWall,finding_near_right_wall,0,14,42,0.47666499,2.16147498,1,0,1,3.12768197,2.16408917,2.16009388,0,0,0,0,0
37.25,2.26368825,-0.19961887,-89.528072,0.05,-0.0113854411,FindWall,finding_near_right_wall,0,14,42,0.47666499,2.16147498,1,0,1,3.12768197,2.16164936,2.16009388,0,0,0,0,0
37.3,2.26370805,-0.202118788,-89.5643124,0.05,-0.0106264234,FindWall,finding_near_right_wall,0,14,42,0.475820422,2.15640253,1,0,1,3.1331737,2.15920554,2.15920554,0,0,0,0,0
37.35,2.26372632,-0.204618719,-89.598137,0.05,-0.00991800243,FindWall,finding_near_right_wall,0,14,42,0.475820422,2.15640253,1,0,1,3.1331737,2.15675799,2.15675799,0,0,0,0,0
37.4,2.26374316,-0.207118661,-89.6297068,0.05,-0.00925680682,FindWall,finding_near_right_wall,0,14,42,0.475068688,2.15133343,1,0,1,3.14144897,2.15430694,2.15430694,0,0,0,0,0
37.45,2.26375868,-0.209618612,-89.659172,0.05,-0.00863968921,FindWall,finding_near_right_wall,0,14,42,0.475068688,2.15133343,1,0,1,3.14144897,2.15185264,2.15185264,0,0,0,0,0
37.5,2.26377295,-0.212118571,-89.6866729,0.05,-0.00806371171,FindWall,finding_near_right_wall,0,14,42,0.474396199,2.1462679,1,0,1,3.15210962,2.14939529,2.14939529,0,0,0,0,0
37.55,2.26378606,-0.214618537,-89.7123404,0.05,-0.00752613204,FindWall,finding_near_right_wall,0,14,42,0.474396199,2.1462679,1,0,1,3.15210962,2.14693511,2.14693511,0,0,0,0,0
37.6,2.26379809,-0.217118507,-89.7362968,0.05,-0.0070243906,FindWall,finding_near_right_wall,0,14,42,0.473791271,2.14119237,1,0,1,3.16482186,2.14447227,2.14447227,0,0,0,0,0
37.65,2.26380911,-0.219618483,-89.7586561,0.05,-0.00655609833,FindWall,finding_near_right_wall,0,14,42,0.473791271,2.14119237,1,0,1,3.16482186,2.14200697,2.14200697,0,0,0,0,0
37.7,2.26381918,-0.222118463,-89.7795248,0.05,-0.00611902537,FindWall,finding_near_right_wall,0,14,42,0.473243922,2.13611858,1,0,1,3.17930293,2.13953935,2.13953935,0,0,0,0,0
37.75,2.26382838,-0.224618446,-89.7990023,0.05,-0.00571109052,FindWall,finding_near_right_wall,0,14,42,0.473243922,2.13611858,1,0,1,3.17930293,2.13706957,2.13706957,0,0,0,0,0
37.8,2.26383675,-0.227118432,-89.8171812,0.05,-0.00533035126,FindWall,finding_near_right_wall,0,14,42,0.472745657,2.13105505,1,0,1,3.19531322,2.13459778,2.13459778,0,0,0,0,0
37.85,2.26384436,-0.22961842,-89.8341483,0.05,-0.00497499457,FindWall,finding_near_right_wall,0,14,42,0.472745657,2.13105505,1,0,1,3.19531322,2.13212411,2.13212411,0,0,0,0,0
37.9,2.26385125,-0.232118411,-89.8499842,0.05,-0.00464332831,FindWall,finding_near_right_wall,0,14,42,0.472289145,2.12600201,1,0,1,3.21264815,2.12964869,2.12964869,0,0,0,0,0
37.95,2.26385747,-0.234618403,-89.8647643,0.05,-0.00433377312,FindWall,finding_near_right_wall,0,14,42,0.472289145,2.12600201,1,0,1,3.21264815,2.12717164,2.12717164,0,0,0,0,0
38,2.26386307,-0.237118397,-89.8785592,0.05,-0.00404485492,FindWall,finding_near_right_wall,0,14,42,0.471868157,2.12095874,1,0,1,3.17369151,2.12469305,2.12469305,0,0,0,0,0
38.05,2.26386809,-0.239618392,-89.8914343,0.05,-0.00377519794,FindWall,finding_near_right_wall,0,14,42,0.471868157,2.12095874,1,0,1,3.17369151,2.12221304,2.12221304,0,0,0,0,0
38.1,2.26387257,-0.242118388,-89.9034512,0.05,-0.00352351808,FindWall,finding_near_right_wall,0,14,42,0.47147736,2.11592525,1,0,1,3.11407351,2.11973169,2.11973169,0,0,0,0,0
38.15,2.26387653,-0.244618384,-89.9146669,0.05,-0.00328861688,FindWall,finding_near_right_wall,0,14,42,0.47147736,2.11592525,1,0,1,3.11407351,2.11724911,2.11724911,0,0,0,0,0
38.2,2.26388003,-0.247118382,-89.9251349,0.05,-0.00306937576,FindWall,finding_near_right_wall,0,14,42,0.471112192,2.11090129,1,0,1,3.07468939,2.11476536,2.11476536,0,0,0,0,0
38.25,2.26388308,-0.24961838,-89.934905,0.05,-0.00286475071,FindWall,finding_near_right_wall,0,14,42,0.471112192,2.11090129,1,0,1,3.07468939,2.11228053,2.11228053,0,0,0,0,0
38.3,2.26388572,-0.252118379,-89.9440238,0.05,-0.00267376733,FindWall,finding_near_right_wall,0,14,42,0.47076869,2.10588687,1,0,1,3.09462571,2.10979469,2.10979469,0,0,0,0,0
38.35,2.26388798,-0.254618378,-89.9525346,0.05,-0.00249551617,FindWall,finding_near_right_wall,0,14,42,0.47076869,2.10588687,1,0,1,3.09462571,2.10730791,2.10730791,0,0,0,0,0
38.4,2.26388988,-0.257118377,-89.9604781,0.05,-0.00232914843,FindWall,finding_near_right_wall,0,14,42,0.470443606,2.10088223,1,0,1,3.11513352,2.10482024,2.10482024,0,0,0,0,0
38.45,2.26389144,-0.259618377,-89.967892,0.05,-0.00217387187,FindWall,finding_near_right_wall,0,14,42,0.470443606,2.10088223,1,0,1,3.11513352,2.10233175,2.10233175,0,0,0,0,0
38.5,2.26389269,-0.262118376,-89.9748117,0.05,-0.00202894708,FindWall,finding_near_right_wall,0,14,42,0.470134109,2.09588004,1,0,1,3.13613987,2.0998425,2.0998425,0,0,0,0,0
38.55,2.26389365,-0.264618376,-89.98127,0.05,-0.00189368394,FindWall,finding_near_right_wall,0,14,42,0.470134109,2.09588004,1,0,1,3.13613987,2.09735253,2.09735253,0,0,0,0,0
38.6,2.26389434,-0.267118376,-89.9872978,0.05,-0.00176743834,FindWall,finding_near_right_wall,0,14,42,0.469837785,2.09087671,1,0,1,3.15758109,2.09486189,2.09486189,0,0,0,0,0
38.65,2.26389477,-0.269618376,-89.9929237,0.05,-0.00164960912,FindWall,finding_near_right_wall,0,14,42,0.469837785,2.09087671,1,0,1,3.15758109,2.09237063,2.09237063,0,0,0,0,0
38.7,2.26389496,-0.272118376,-89.9981746,0.05,-0.00153963518,FindWall,finding_near_right_wall,0,14,42,0.469552606,2.08588126,1,0,1,3.17940164,2.08987879,2.08987879,0,0,0,0,0
38.75,2.26389493,-0.274618376,-90.0030754,0.05,-0.00143699283,FindWall,finding_near_right_wall,0,14,42,0.469552606,2.08588126,1,0,1,3.17940164,2.08737685,2.08737685,0,0,0,0,0
38.8,2.2638947,-0.277118376,-90.0076495,0.05,-0.00134119331,FindWall,finding_near_right_wall,0,14,42,0.469276935,2.08089367,1,0,1,3.20155334,2.08486974,2.08486974,0,0,0,0,0
38.85,2.26389427,-0.279618376,-90.0119186,0.05,-0.00125178042,FindWall,finding_near_right_wall,0,14,42,0.469276935,2.08089367,1,0,1,3.20155334,2.08236311,2.08236311,0,0,0,0,0
38.9,2.26389367,-0.282118376,-90.0159032,0.05,-0.0011683284,FindWall,finding_near_right_wall,0,14,42,0.46900934,2.07591394,1,0,1,3.21633077,2.07985692,2.07985692,0,0,0,0,0
38.95,2.26389289,-0.284618376,-90.0196221,0.05,-0.00109043984,FindWall,finding_near_right_wall,0,14,42,0.46900934,2.07591394,1,0,1,3.21633077,2.07735115,2.07735115,0,0,0,0,0
39,2.26389196,-0.287118375,-90.0230931,0.05,-0.00101774385,FindWall,finding_near_right_wall,0,14,42,0.468748689,2.07094256,1,0,1,3.11741018,2.07484576,2.07484576,0,0,0,0,0
39.05,2.26389088,-0.289618375,-90.0263326,0.05,-0.000949894257,FindWall,finding_near_right_wall,0,14,42,0.468748689,2.07094256,1,0,1,3.11741018,2.07234073,2.07234073,0,0,0,0,0
39.1,2.26388967,-0.292118375,-90.0293562,0.05,-0.000886567973,FindWall,finding_near_right_wall,0,14,42,0.468493998,2.06597952,1,0,1,3.07732344,2.06983603,2.06983603,0,0,0,0,0
39.15,2.26388832,-0.294618375,-90.0321783,0.05,-0.000827463442,FindWall,finding_near_right_wall,0,14,42,0.468493998,2.06597952,1,0,1,3.07732344,2.06733165,2.06733165,0,0,0,0,0
39.2,2.26388686,-0.297118374,-90.0348122,0.05,-0.000772299212,FindWall,finding_near_right_wall,0,14,42,0.468244523,2.06095174,1,0,1,3.0991745,2.06482756,2.06482756,0,0,0,0,0
39.25,2.26388529,-0.299618374,-90.0372705,0.05,-0.000720812598,FindWall,finding_near_right_wall,0,14,42,0.468244523,2.06095174,1,0,1,3.0991745,2.06232374,2.06232374,0,0,0,0,0
39.3,2.26388361,-0.302118373,-90.0395649,0.05,-0.000672758425,FindWall,finding_near_right_wall,0,14,42,0.467999637,2.05589905,1,0,1,3.12118816,2.05982018,2.05982018,0,0,0,0,0
39.35,2.26388184,-0.304618372,-90.0417064,0.05,-0.000627907863,FindWall,finding_near_right_wall,0,14,42,0.467999637,2.05589905,1,0,1,3.12118816,2.05731685,2.05731685,0,0,0,0,0
39.4,2.26387998,-0.307118372,-90.0437051,0.05,-0.000586047339,FindWall,finding_near_right_wall,0,14,42,0.467758924,2.05085683,1,0,1,3.14334512,2.05481375,2.05481375,0,0,0,0,0
39.45,2.26387803,-0.309618371,-90.0455705,0.05,-0.000546977516,FindWall,finding_near_right_wall,0,14,42,0.467758924,2.05085683,1,0,1,3.14334512,2.05231085,2.05231085,0,0,0,0,0
39.5,2.263876,-0.31211837,-90.0473116,0.05,-0.000510512349,FindWall,finding_near_right_wall,0,14,42,0.467522025,2.04582438,1,0,1,3.16562939,2.04980815,2.04980815,0,0,0,0,0
39.55,2.2638739,-0.314618369,-90.0489366,0.05,-0.000476478192,FindWall,finding_near_right_wall,0,14,42,0.467522025,2.04582438,1,0,1,3.16562939,2.04730563,2.04730563,0,0,0,0,0
39.6,2.26387173,-0.317118368,-90.0504533,0.05,-0.000444712979,FindWall,finding_near_right_wall,0,14,42,0.467288703,2.04080217,1,0,1,3.18802619,2.04480328,2.04480328,0,0,0,0,0
39.65,2.2638695,-0.319618367,-90.0518688,0.05,-0.000415065447,FindWall,finding_near_right_wall,0,14,42,0.467288703,2.04080217,1,0,1,3.18802619,2.04230108,2.04230108,0,0,0,0,0
39.7,2.26386721,-0.322118366,-90.05319,0.05,-0.000387394418,FindWall,finding_near_right_wall,0,14,42,0.467058808,2.03578996,1,0,1,3.21052289,2.03979903,2.03979903,0,0,0,0,0
39.75,2.26386486,-0.324618365,-90.0544231,0.05,-0.000361568123,FindWall,finding_near_right_wall,0,14,42,0.467058808,2.03578996,1,0,1,3.21052289,2.03729711,2.03729711,0,0,0,0,0
39.8,2.26386246,-0.327118364,-90.0555741,0.05,-0.000337463581,FindWall,finding_near_right_wall,0,14,42,0.46683225,2.03078775,1,0,1,3.14598012,2.03479533,2.03479533,0,0,0,0,0
39.85,2.26386001,-0.329618363,-90.0566482,0.05,-0.000314966009,FindWall,finding_near_right_wall,0,14,42,0.46683225,2.03078775,1,0,1,3.14598012,2.03229366,2.03229366,0,0,0,0,0
39.9,2.26385752,-0.332118362,-90.0576508,0.05,-0.000293968275,FindWall,finding_near_right_wall,0,14,42,0.466609061,2.02579507,1,0,1,3.08354521,2.02979211,2.02979211,0,0,0,0,0
39.95,2.26385498,-0.33461836,-90.0585865,0.05,-0.00027437039,FindWall,finding_near_right_wall,0,14,42,0.466609061,2.02579507,1,0,1,3.08354521,2.02729065,2.02729065,0,0,0,0,0
40,2.26385241,-0.337118359,-90.0594599,0.05,-0.000256079031,FindWall,finding_near_right_wall,0,14,42,0.466389269,2.02081215,1,0,1,3.10534048,2.0247893,2.0247893,0,0,0,0,0
40.05,2.2638498,-0.339618358,-90.060275,0.05,-0.000239007096,FindWall,finding_near_right_wall,0,14,42,0.466389269,2.02081215,1,0,1,3.10534048,2.02228804,2.02228804,0,0,0,0,0
40.1,2.26384715,-0.342118356,-90.0610358,0.05,-0.000223073289,FindWall,finding_near_right_wall,0,14,42,0.466172993,2.01583899,1,0,1,3.1271863,2.01978686,2.01978686,0,0,0,0,0
40.15,2.26384447,-0.344618355,-90.0617458,0.05,-0.000208201737,FindWall,finding_near_right_wall,0,14,42,0.466172993,2.01583899,1,0,1,3.1271863,2.01728575,2.01728575,0,0,0,0,0
40.2,2.26384176,-0.347118353,-90.0624086,0.05,-0.000194321621,FindWall,finding_near_right_wall,0,14,42,0.465960354,2.01087512,1,0,1,3.14907622,2.01478473,2.01478473,0,0,0,0,0
40.25,2.26383903,-0.349618352,-90.0630271,0.05,-0.000181366846,FindWall,finding_near_right_wall,0,14,42,0.465960354,2.01087512,1,0,1,3.14907622,2.01228377,2.01228377,0,0,0,0,0
40.3,2.26383626,-0.35211835,-90.0636044,0.05,-0.000169275723,FindWall,finding_near_right_wall,0,14,42,0.465751588,2.00592054,1,0,1,3.17100453,2.00978287,2.00978287,0,0,0,0,0
40.35,2.26383348,-0.354618349,-90.0641433,0.05,-0.000157990675,FindWall,finding_near_right_wall,0,14,42,0.465751588,2.00592054,1,0,1,3.17100453,2.00728204,2.00728204,0,0,0,0,0
40.4,2.26383067,-0.357118347,-90.0646462,0.05,-0.000147457963,FindWall,finding_near_right_wall,0,14,42,0.465546817,2.00097524,1,0,1,3.19296646,2.00478126,2.00478126,0,0,0,0,0
40.45,2.26382784,-0.359618346,-90.0651155,0.05,-0.000137627432,FindWall,finding_near_right_wall,0,14,42,0.465546817,2.00097524,1,0,1,3.19296646,2.00228053,2.00228053,0,0,0,0,0
40.5,2.26382499,-0.362118344,-90.0655536,0.05,-0.00012845227,FindWall,finding_near_right_wall,0,14,42,0.465346336,1.99603875,1,0,1,3.214957,1.99977985,1.99977985,0,0,0,0,0
40.55,2.26382212,-0.364618342,-90.0659625,0.05,-0.000119888785,FindWall,finding_near_right_wall,0,14,42,0.465346336,1.99603875,1,0,1,3.214957,1.99727922,1.99727922,0,0,0,0,0
40.6,2.26381923,-0.367118341,-90.0663441,0.05,-0.0001118962,FindWall,finding_near_right_wall,0,14,42,0.465150386,1.99111131,1,0,1,3.13416505,1.99477863,1.99477863,0,0,0,0,0
40.65,2.26381633,-0.369618339,-90.0667003,0.05,-0.000104436453,FindWall,finding_near_right_wall,0,14,42,0.465150386,1.99111131,1,0,1,3.13416505,1.99227808,1.99227808,0,0,0,0,0
40.7,2.26381341,-0.372118337,-90.0670327,0.05,-9.74740229e-05,FindWall,finding_near_right_wall,0,14,42,0.464959204,1.98619245,1,0,1,3.09685493,1.98977756,1.98977756,0,0,0,0,0
40.75,2.26381048,-0.374618336,-90.067343,0.05,-9.09757547e-05,FindWall,finding_near_right_wall,0,14,42,0.464959204,1.98619245,1,0,1,3.09685493,1.98727708,1.98727708,0,0,0,0,0
40.8,2.26380753,-0.377118334,-90.0676326,0.05,-8.49107044e-05,FindWall,finding_near_right_wall,0,14,42,0.464773059,1.98128192,1,0,1,3.11755657,1.98477664,1.98477664,0,0,0,0,0
40.85,2.26380458,-0.379618332,-90.0679028,0.05,-7.92499908e-05,FindWall,finding_near_right_wall,0,14,42,0.464773059,1.98128192,1,0,1,3.11755657,1.98227622,1.98227622,0,0,0,0,0
40.9,2.26380161,-0.38211833,-90.0681551,0.05,-7.39666581e-05,FindWall,finding_near_right_wall,0,14,42,0.464592248,1.97637948,1,0,1,3.13826513,1.97977583,1.97977583,0,0,0,0,0
40.95,2.26379863,-0.384618329,-90.0683905,0.05,-6.90355475e-05,FindWall,finding_near_right_wall,0,14,42,0.464592248,1.97637948,1,0,1,3.13826513,1.97727546,1.97727546,0,0,0,0,0
41,2.26379564,-0.387118327,-90.0686103,0.05,-6.44331777e-05,FindWall,finding_near_right_wall,0,14,42,0.46441707,1.97130601,1,0,1,3.15897846,1.97477513,1.97477513,0,0,0,0,0
41.05,2.26379264,-0.389618325,-90.0688154,0.05,-6.01376325e-05,FindWall,finding_near_right_wall,0,14,42,0.46441707,1.97130601,1,0,1,3.15897846,1.97227481,1.97227481,0,0,0,0,0
41.1,2.26378964,-0.392118323,-90.0690068,0.05,-5.6128457e-05,FindWall,finding_near_right_wall,0,14,42,0.464247763,1.96622118,1,0,1,3.17969537,1.96977451,1.96977451,0,0,0,0,0
41.15,2.26378662,-0.394618321,-90.0691855,0.05,-5.23865599e-05,FindWall,finding_near_right_wall,0,14,42,0.464247763,1.96622118,1,0,1,3.17969537,1.96727424,1.96727424,0,0,0,0,0
41.2,2.2637836,-0.397118319,-90.0693522,0.05,-4.88941226e-05,FindWall,finding_near_right_wall,0,14,42,0.464084625,1.96114493,1,0,1,3.20041466,1.96477398,1.96477398,0,0,0,0,0
41.25,2.26378057,-0.399618318,-90.0695079,0.05,-4.56345144e-05,FindWall,finding_near_right_wall,0,14,42,0.464084625,1.96114493,1,0,1,3.20041466,1.96227374,1.96227374,0,0,0,0,0
41.3,2.26377753,-0.402118316,-90.0696531,0.05,-4.25922134e-05,FindWall,finding_near_right_wall,0,14,42,0.463927984,1.95607702,1,0,1,3.22113514,1.95977352,1.95977352,0,0,0,0,0
41.35,2.26377449,-0.404618314,-90.0697887,0.05,-3.97527325e-05,FindWall,finding_near_right_wall,0,14,42,0.463927984,1.95607702,1,0,1,3.22113514,1.95727331,1.95727331,0,0,0,0,0
41.4,2.26377144,-0.407118312,-90.0699152,0.05,-3.71025504e-05,FindWall,finding_near_right_wall,0,14,42,0.463778049,1.95101794,1,0,1,3.0798068,1.95477311,1.95477311,0,0,0,0,0
41.45,2.26376839,-0.40961831,-90.0700333,0.05,-3.4629047e-05,FindWall,finding_near_right_wall,0,14,42,0.463778049,1.95101794,1,0,1,3.0798068,1.95227293,1.95227293,0,0,0,0,0
41.5,2.26376533,-0.412118308,-90.0701436,0.05,-3.23204439e-05,FindWall,finding_near_right_wall,0,14,42,0.463635117,1.94596767,1,0,1,3.09951353,1.94977276,1.94977276,0,0,0,0,0
41.55,2.26376227,-0.414618306,-90.0702464,0.05,-3.01657476e-05,FindWall,finding_near_right_wall,0,14,42,0.463635117,1.94596767,1,0,1,3.09951353,1.94727261,1.94727261,0,0,0,0,0
41.6,2.2637592,-0.417118305,-90.0703425,0.05,-2.81546978e-05,FindWall,finding_near_right_wall,0,14,42,0.463499427,1.94092647,1,0,1,3.11923289,1.94477246,1.94477246,0,0,0,0,0
41.65,2.26375613,-0.419618303,-90.0704321,0.05,-2.62777179e-05,FindWall,finding_near_right_wall,0,14,42,0.463499427,1.94092647,1,0,1,3.11923289,1.94227232,1.94227232,0,0,0,0,0
41.7,2.26375305,-0.422118301,-90.0705157,0.05,-2.45258701e-05,FindWall,finding_near_right_wall,0,14,42,0.463371247,1.93589408,1,0,1,3.13896418,1.93977219,1.93977219,0,0,0,0,0
41.75,2.26374998,-0.424618299,-90.0705938,0.05,-2.28908121e-05,FindWall,finding_near_right_wall,0,14,42,0.463371247,1.93589408,1,0,1,3.13896418,1.93727207,1.93727207,0,0,0,0,0
41.8,2.26374689,-0.427118297,-90.0706667,0.05,-2.13647579e-05,FindWall,finding_near_right_wall,0,14,42,0.463250786,1.93087123,1,0,1,3.15870738,1.93477196,1.93477196,0,0,0,0,0
41.85,2.26374381,-0.429618295,-90.0707347,0.05,-1.99404407e-05,FindWall,finding_near_right_wall,0,14,42,0.463250786,1.93087123,1,0,1,3.15870738,1.93227186,1.93227186,0,0,0,0,0
41.9,2.26374072,-0.432118293,-90.0707981,0.05,-1.8611078e-05,FindWall,finding_near_right_wall,0,14,42,0.463138312,1.92585732,1,0,1,3.17846203,1.92977176,1.92977176,0,0,0,0,0
41.95,2.26373763,-0.434618291,-90.0708574,0.05,-1.73703395e-05,FindWall,finding_near_right_wall,0,14,42,0.463138312,1.92585732,1,0,1,3.17846203,1.92727167,1.92727167,0,0,0,0,0
42,2.26373454,-0.437118289,-90.0709127,0.05,-1.62123168e-05,FindWall,finding_near_right_wall,0,14,42,0.463033974,1.92085271,1,0,1,0.274152815,1.92477159,1.92477159,0,0,0,0,0
42.05,2.26373144,-0.439618287,-90.0709643,0.05,-1.51314957e-05,FindWall,finding_near_right_wall,0,14,42,0.463033974,1.92085271,1,0,1,0.274152815,1.92227151,1.92227151,0,0,0,0,0
42.1,2.26372835,-0.442118286,-90.0710124,0.05,-1.41227293e-05,FindWall,finding_near_right_wall,0,14,42,0.462937981,1.91585728,1,0,1,0.271333426,1.91977144,1.91977144,0,0,0,0,0
42.15,2.26372525,-0.444618284,-90.0710574,0.05,-1.31812141e-05,FindWall,finding_near_right_wall,0,14,42,0.462937981,1.91585728,1,0,1,0.271333426,1.91727137,1.91727137,0,0,0,0,0
42.2,2.26372214,-0.447118282,-90.0710993,0,0,FollowWall,right_wall_reacquired,0,14,42,0.462850541,1.91087114,1,0,1,0.269700497,1.91477131,1.91477131,0,0,0,0,0
42.25,2.26372033,-0.448576614,-90.0711238,0.05,-0.0295507461,FollowWall,following_with_distance_only,0,14,42,0.462850541,1.91087114,1,0,1,0.269700497,1.91331294,1.91331294,0,0,0,0,0
42.3,2.2637174,-0.450468973,-90.1064117,0.05,-0.0291966945,FollowWall,following_with_distance_only,0,14,42,0.462419778,1.90751876,1,0,1,0.269464463,1.9113658,1.9113658,0,0,0,0,0
42.35,2.26371238,-0.452614511,-90.1618473,0.05,-0.0291966945,FollowWall,following_with_distance_only,0,14,42,0.462419778,1.90751876,1,0,1,0.269464463,1.90913424,1.90913424,0,0,0,0,0
42.4,2.26370456,-0.454907732,-90.2290357,0.05,-0.0290209651,FollowWall,following_with_distance_only,0,14,42,0.461016238,1.90306271,1,0,1,0.26934731,1.9067368,1.9067368,0,0,0,0,0
42.45,2.26369351,-0.457287092,-90.3028702,0.05,-0.0290209651,FollowWall,following_with_distance_only,0,14,42,0.461016238,1.90306271,1,0,1,0.26934731,1.90424298,1.90424298,0,0,0,0,0
42.5,2.26367902,-0.459716691,-90.3805815,0.05,-0.0279967636,FollowWall,following_with_distance_only,0,14,42,0.459292829,1.89824989,1,0,1,0.268664509,1.90169298,1.90169298,0,0,0,0,0
42.55,2.263661,-0.462175583,-90.4593318,0.05,-0.0279967636,FollowWall,following_with_distance_only,0,14,42,0.459292829,1.89824989,1,0,1,0.268664509,1.89911215,1.89911215,0,0,0,0,0
42.6,2.26363943,-0.464651548,-90.5386881,0.05,-0.0273315758,FollowWall,following_with_distance_only,0,14,42,0.457497954,1.89333432,1,0,1,0.268221051,1.89651338,1.89651338,0,0,0,0,0
42.65,2.26361435,-0.467137456,-90.617604,0.05,-0.0273315758,FollowWall,following_with_distance_only,0,14,42,0.457497954,1.89333432,1,0,1,0.268221051,1.89390542,1.89390542,0,0,0,0,0
42.7,2.26358578,-0.469629145,-90.6962629,0.05,-0.0268340707,FollowWall,following_with_distance_only,0,14,42,0.455709785,1.88840028,1,0,1,0.26788938,1.89129215,1.89129215,0,0,0,0,0
42.75,2.26355376,-0.472124188,-90.7741781,0.05,-0.0268340707,FollowWall,following_with_distance_only,0,14,42,0.455709785,1.88840028,1,0,1,0.26788938,1.88867675,1.88867675,0,0,0,0,0
42.8,2.26351833,-0.474621164,-90.8516594,0.05,-0.0269436836,FollowWall,following_with_distance_only,0,14,42,0.453946382,1.88347553,1,0,1,0.267962456,1.88606016,1.88606016,0,0,0,0,0
42.85,2.26347951,-0.477119245,-90.9290185,0.05,-0.0269436836,FollowWall,following_with_distance_only,0,14,42,0.453946382,1.88347553,1,0,1,0.267962456,1.88344273,1.88344273,0,0,0,0,0
42.9,2.26343731,-0.479617946,-91.0063063,0.05,-0.0264171213,FollowWall,following_with_distance_only,0,14,42,0.452193111,1.87856914,1,0,1,0.267611414,1.88082486,1.88082486,0,0,0,0,0
42.95,2.26339174,-0.48211698,-91.082924,0.05,-0.0264171213,FollowWall,following_with_distance_only,0,14,42,0.452193111,1.87856914,1,0,1,0.267611414,1.87820775,1.87820775,0,0,0,0,0
43,2.26334283,-0.484616181,-91.1591507,0.05,-0.0255714208,FollowWall,following_with_distance_only,0,14,42,0.450460911,1.87368373,1,0,1,0.267047614,1.87559116,1.87559116,0,0,0,0,0
43.05,2.26329063,-0.487115448,-91.23414,0.05,-0.0255714208,FollowWall,following_with_distance_only,0,14,42,0.450460911,1.87368373,1,0,1,0.267047614,1.87297647,1.87297647,0,0,0,0,0
43.1,2.26323516,-0.489614724,-91.3084073,0.05,-0.0257006139,FollowWall,following_with_distance_only,0,14,42,0.448767722,1.86881894,1,0,1,0.267133743,1.87036296,1.87036296,0,0,0,0,0
43.15,2.26317647,-0.492113971,-91.3824078,0.05,-0.0257006139,FollowWall,following_with_distance_only,0,14,42,0.448767722,1.86881894,1,0,1,0.267133743,1.86774994,1.86774994,0,0,0,0,0
43.2,2.26311454,-0.494613167,-91.4562526,0.05,-0.0258014202,FollowWall,following_with_distance_only,0,14,42,0.447091341,1.86397501,1,0,1,0.267200947,1.86513729,1.86513729,0,0,0,0,0
43.25,2.2630494,-0.497112296,-91.5301269,0.05,-0.0258014202,FollowWall,following_with_distance_only,0,14,42,0.447091341,1.86397501,1,0,1,0.267200947,1.86252472,1.86252472,0,0,0,0,0
43.3,2.26298103,-0.499611348,-91.6040184,0.05,-0.0256496966,FollowWall,following_with_distance_only,0,14,42,0.445418477,1.85915217,1,0,1,0.267099798,1.85991228,1.85991228,0,0,0,0,0
43.35,2.26290945,-0.502110316,-91.6777389,0.05,-0.0256496966,FollowWall,following_with_distance_only,0,14,42,0.445418477,1.85915217,1,0,1,0.267099798,1.85730024,1.85730024,0,0,0,0,0
43.4,2.26283465,-0.504609192,-91.7513595,0.05,-0.0254002959,FollowWall,following_with_distance_only,0,14,42,0.443752527,1.85434985,1,0,1,0.266933531,1.85468852,1.85468852,0,0,0,0,0
43.45,2.26275664,-0.507107973,-91.8246243,0.05,-0.0254002959,FollowWall,following_with_distance_only,0,14,42,0.443752527,1.85434985,1,0,1,0.266933531,1.85207751,1.85207751,0,0,0,0,0
43.5,2.26267545,-0.509606652,-91.8976815,0.05,-0.025219962,FollowWall,following_with_distance_only,0,14,42,0.442099303,1.84956742,1,0,1,0.266813308,1.84946698,1.84946698,0,0,0,0,0
43.55,2.26259108,-0.512105227,-91.9704022,0.05,-0.025219962,FollowWall,following_with_distance_only,0,14,42,0.442099303,1.84956742,1,0,1,0.266813308,1.84685713,1.84685713,0,0,0,0,0
43.6,2.26250354,-0.514603694,-92.0429268,0.05,-0.0253942609,FollowWall,following_with_distance_only,0,14,42,0.440459222,1.84467516,1,0,1,0.266929507,1.84424777,1.84424777,0,0,0,0,0
43.65,2.26241283,-0.517102047,-92.115545,0.05,-0.0253942609,FollowWall,following_with_distance_only,0,14,42,0.440459222,1.84467516,1,0,1,0.266929507,1.84163843,1.84163843,0,0,0,0,0
43.7,2.26231896,-0.519600284,-92.1882177,0.05,-0.0253252834,FollowWall,following_with_distance_only,0,14,42,0.438821435,1.83957221,1,0,1,0.266883522,1.8390292,1.8390292,0,0,0,0,0
43.75,2.26222192,-0.5220984,-92.26084,0.05,-0.0253252834,FollowWall,following_with_distance_only,0,14,42,0.438821435,1.83957221,1,0,1,0.266883522,1.83642023,1.83642023,0,0,0,0,0
43.8,2.26212172,-0.524596391,-92.3334328,0.05,-0.0249082446,FollowWall,following_with_distance_only,0,14,42,0.437187046,1.83448702,1,0,1,0.266605496,1.8338115,1.8338115,0,0,0,0,0
43.85,2.26201836,-0.527094253,-92.4055107,0.05,-0.0249082446,FollowWall,following_with_distance_only,0,14,42,0.437187046,1.83448702,1,0,1,0.266605496,1.83120375,1.83120375,0,0,0,0,0
43.9,2.26191187,-0.529591984,-92.4772881,0.05,-0.0247963071,FollowWall,following_with_distance_only,0,14,42,0.435568005,1.82941911,1,0,1,0.266530871,1.82859665,1.82859665,0,0,0,0,0
43.95,2.26180225,-0.53208958,-92.5487567,0.05,-0.0247963071,FollowWall,following_with_distance_only,0,14,42,0.435568005,1.82941911,1,0,1,0.266530871,1.82599022,1.82599022,0,0,0,0,0
44,2.26168952,-0.534587037,-92.6200451,0.05,-0.0245018899,FollowWall,following_with_distance_only,0,14,42,0.43396166,1.82436883,1,0,1,0.266334593,1.82338428,1.82338428,0,0,0,0,0
44.05,2.2615737,-0.537084353,-92.690877,0.05,-0.0245018899,FollowWall,following_with_distance_only,0,14,42,0.43396166,1.82436883,1,0,1,0.266334593,1.82077923,1.82077923,0,0,0,0,0
44.1,2.26145479,-0.539581523,-92.7614426,0.05,-0.0239992887,FollowWall,following_with_distance_only,0,14,42,0.432370156,1.81933584,1,0,1,0.265999526,1.8181748,1.8181748,0,0,0,0,0
44.15,2.26133283,-0.542078546,-92.8312529,0.05,-0.0239992887,FollowWall,following_with_distance_only,0,14,42,0.432370156,1.81933584,1,0,1,0.265999526,1.81557172,1.81557172,0,0,0,0,0
44.2,2.26120783,-0.54457542,-92.9006226,0.05,-0.0238759071,FollowWall,following_with_distance_only,0,14,42,0.430801004,1.81431953,1,0,1,0.265917271,1.81296953,1.81296953,0,0,0,0,0
44.25,2.26107982,-0.54707214,-92.969588,0.05,-0.0238759071,FollowWall,following_with_distance_only,0,14,42,0.430801004,1.81431953,1,0,1,0.265917271,1.81036816,1.81036816,0,0,0,0,0
44.3,2.2609488,-0.549568705,-93.0383176,0.05,-0.0234243572,FollowWall,following_with_distance_only,0,14,42,0.429247171,1.80932038,1,0,1,0.265616238,1.80776737,1.80776737,0,0,0,0,0
44.35,2.26081481,-0.552065111,-93.1063706,0.05,-0.0234243572,FollowWall,following_with_distance_only,0,14,42,0.429247171,1.80932038,1,0,1,0.265616238,1.80516783,1.80516783,0,0,0,0,0
44.4,2.26067786,-0.554561358,-93.174029,0.05,-0.0229476839,FollowWall,following_with_distance_only,0,14,42,0.427712768,1.80433803,1,0,1,0.265298456,1.8025691,1.8025691,0,0,0,0,0
44.45,2.26053798,-0.557057441,-93.2408882,0.05,-0.0229476839,FollowWall,following_with_distance_only,0,14,42,0.427712768,1.80433803,1,0,1,0.265298456,1.79997181,1.79997181,0,0,0,0,0
44.5,2.2603952,-0.559553361,-93.3072811,0.05,-0.0224459767,FollowWall,following_with_distance_only,0,14,42,0.426201582,1.79937153,1,0,1,0.264963984,1.79737544,1.79737544,0,0,0,0,0
44.55,2.26024955,-0.562049114,-93.3728033,0.05,-0.0224459767,FollowWall,following_with_distance_only,0,14,42,0.426201582,1.79937153,1,0,1,0.264963984,1.79478061,1.79478061,0,0,0,0,0
44.6,2.26010105,-0.5645447,-93.4378174,0.05,-0.0223528594,FollowWall,following_with_distance_only,0,14,42,0.42471537,1.79442053,1,0,1,0.264901906,1.79218678,1.79218678,0,0,0,0,0
44.65,2.25994973,-0.567040116,-93.5024241,0.05,-0.0223528594,FollowWall,following_with_distance_only,0,14,42,0.42471537,1.79442053,1,0,1,0.264901906,1.78959378,1.78959378,0,0,0,0,0
44.7,2.2597956,-0.569535361,-93.5667931,0.05,-0.0223934501,FollowWall,following_with_distance_only,0,14,42,0.423243582,1.78948597,1,0,1,0.264928967,1.78700137,1.78700137,0,0,0,0,0
44.75,2.25963867,-0.57203043,-93.6310719,0.05,-0.0223934501,FollowWall,following_with_distance_only,0,14,42,0.423243582,1.78948597,1,0,1,0.264928967,1.78440933,1.78440933,0,0,0,0,0
44.8,2.25947894,-0.574525322,-93.6952981,0.05,-0.0215819478,FollowWall,following_with_distance_only,0,14,42,0.421776325,1.78456917,1,0,1,0.264387965,1.7818176,1.7818176,0,0,0,0,0
44.85,2.25931644,-0.577020035,-93.7585249,0.05,-0.0215819478,FollowWall,following_with_distance_only,0,14,42,0.421776325,1.78456917,1,0,1,0.264387965,1.7792276,1.7792276,0,0,0,0,0
44.9,2.2591512,-0.579514568,-93.8211687,0.05,-0.0214023739,FollowWall,following_with_distance_only,0,14,42,0.420331746,1.77966738,1,0,1,0.264268249,1.77663872,1.77663872,0,0,0,0,0
44.95,2.25898324,-0.58200892,-93.8832582,0.05,-0.0214023739,FollowWall,following_with_distance_only,0,14,42,0.420331746,1.77966738,1,0,1,0.264268249,1.77405091,1.77405091,0,0,0,0,0
45,2.25881259,-0.584503089,-93.9450243,0.05,-0.0212491304,FollowWall,following_with_distance_only,0,14,42,0.418904036,1.77478121,1,0,1,0.264166087,1.77146382,1.77146382,0,0,0,0,0
45.05,2.25863925,-0.586997073,-94.0064187,0.05,-0.0212491304,FollowWall,following_with_distance_only,0,14,42,0.418904036,1.77478121,1,0,1,0.264166087,1.76887752,1.76887752,0,0,0,0,0
45.1,2.25846325,-0.589490869,-94.0675965,0.05,-0.0206427723,FollowWall,following_with_distance_only,0,14,42,0.417486548,1.76991124,1,0,1,0.263761848,1.76629178,1.76629178,0,0,0,0,0
45.15,2.25828461,-0.591984478,-94.127924,0.05,-0.0206427723,FollowWall,following_with_distance_only,0,14,42,0.417486548,1.76991124,1,0,1,0.263761848,1.76370756,1.76370756,0,0,0,0,0
45.2,2.25810334,-0.594477899,-94.1877555,0.05,-0.0203745514,FollowWall,following_with_distance_only,0,14,42,0.416088164,1.76505581,1,0,1,0.263583034,1.76112433,1.76112433,0,0,0,0,0
45.25,2.25791949,-0.596971129,-94.2469776,0.05,-0.0203745514,FollowWall,following_with_distance_only,0,14,42,0.416088164,1.76505581,1,0,1,0.263583034,1.75854224,1.75854224,0,0,0,0,0
45.3,2.25773307,-0.599464169,-94.3058441,0.05,-0.0197756588,FollowWall,following_with_distance_only,0,14,42,0.414705485,1.76021516,1,0,1,0.263183773,1.75596093,1.75596093,0,0,0,0,0
45.35,2.25754411,-0.601957018,-94.3637884,0.05,-0.0197756588,FollowWall,following_with_distance_only,0,14,42,0.414705485,1.76021516,1,0,1,0.263183773,1.75338123,1.75338123,0,0,0,0,0
45.4,2.25735264,-0.604449675,-94.4211946,0.05,-0.0193238407,FollowWall,following_with_distance_only,0,14,42,0.41334343,1.7519787,1,0,1,0.26288256,1.75080258,1.75080258,0,0,0,0,0
45.45,2.25715869,-0.60694214,-94.4777478,0.05,-0.0193238407,FollowWall,following_with_distance_only,0,14,42,0.41334343,1.7519787,1,0,1,0.26288256,1.74822545,1.74822545,0,0,0,0,0
45.5,2.25696229,-0.609434413,-94.5338032,0.05,-0.0189778358,FollowWall,following_with_distance_only,0,14,42,0.412001371,1.74723105,1,0,1,0.262651891,1.74564929,1.74564929,0,0,0,0,0
45.55,2.25676347,-0.611926495,-94.5891554,0.05,-0.0189778358,FollowWall,following_with_distance_only,0,14,42,0.412001371,1.74723105,1,0,1,0.262651891,1.74307442,1.74307442,0,0,0,0,0
45.6,2.25656225,-0.614418384,-94.6440972,0.05,-0.0185480118,FollowWall,following_with_distance_only,0,14,42,0.410675287,1.7409737,1,0,1,0.262365341,1.7405004,1.7405004,0,0,0,0,0
45.65,2.25635866,-0.61691008,-94.6982867,0.05,-0.0185480118,FollowWall,following_with_distance_only,0,14,42,0.410675287,1.7409737,1,0,1,0.262365341,1.73792773,1.73792773,0,0,0,0,0
45.7,2.25615272,-0.619401583,-94.7520373,0.05,-0.01827465,FollowWall,following_with_distance_only,0,14,42,0.40936482,1.71545293,1,0,1,0.2621831,1.73535596,1.73535596,0,0,0,0,0
45.75,2.25594445,-0.621892893,-94.8052056,0.05,-0.01827465,FollowWall,following_with_distance_only,0,14,42,0.40936482,1.71545293,1,0,1,0.2621831,1.73278528,1.73278528,0,0,0,0,0
45.8,2.25573388,-0.62438401,-94.8580342,0.05,-0.0176360607,FollowWall,following_with_distance_only,0,14,42,0.408066124,1.69091514,1,0,1,0.261757374,1.73021535,1.73021535,0,0,0,0,0
45.85,2.25552104,-0.626874932,-94.9099023,0.05,-0.0176360607,FollowWall,following_with_distance_only,0,14,42,0.408066124,1.69091514,1,0,1,0.261757374,1.72764708,1.72764708,0,0,0,0,0
45.9,2.25530595,-0.629365663,-94.9612102,0.05,-0.0169077516,FollowWall,following_with_distance_only,0,14,42,0.406785488,1.6674811,1,0,1,0.261271834,1.72507987,1.72507987,0,0,0,0,0
45.95,2.25508866,-0.631856202,-95.011322,0.05,-0.0169077516,FollowWall,following_with_distance_only,0,14,42,0.406785488,1.6674811,1,0,1,0.261271834,1.72251467,1.72251467,0,0,0,0,0
46,2.2548692,-0.634346551,-95.060736,0.05,-0.0162937939,FollowWall,following_with_distance_only,0,14,42,0.405528784,1.64524921,1,0,1,0.260862529,1.71995074,1.71995074,0,0,0,0,0
46.05,2.25464762,-0.636836712,-95.1090101,0.05,-0.0162937939,FollowWall,following_with_distance_only,0,14,42,0.405528784,1.64524921,1,0,1,0.260862529,1.71738873,1.71738873,0,0,0,0,0
46.1,2.25442396,-0.639326687,-95.1566193,0.05,-0.0159117579,FollowWall,following_with_distance_only,0,14,42,0.404295236,1.62415021,1,0,1,0.260607839,1.71482792,1.71482792,0,0,0,0,0
46.15,2.25419825,-0.641816477,-95.2033846,0.05,-0.0159117579,FollowWall,following_with_distance_only,0,14,42,0.404295236,1.62415021,1,0,1,0.260607839,1.71226858,1.71226858,0,0,0,0,0
46.2,2.25397051,-0.644306083,-95.2496576,0.05,-0.0155112594,FollowWall,following_with_distance_only,0,14,42,0.403078079,1.60397519,1,0,1,0.26034084,1.70971019,1.70971019,0,0,0,0,0
46.25,2.25374079,-0.646795505,-95.2951654,0.05,-0.0155112594,FollowWall,following_with_distance_only,0,14,42,0.403078079,1.60397519,1,0,1,0.26034084,1.70715316,1.70715316,0,0,0,0,0
46.3,2.25350909,-0.649284746,-95.3402268,0.05,-0.0150918514,FollowWall,following_with_distance_only,0,14,42,0.401873767,1.58460873,1,0,1,0.260061234,1.70459699,1.70459699,0,0,0,0,0
46.35,2.25327545,-0.651773805,-95.3845272,0.05,-0.0150918514,FollowWall,following_with_distance_only,0,14,42,0.401873767,1.58460873,1,0,1,0.260061234,1.70204216,1.70204216,0,0,0,0,0
46.4,2.2530399,-0.654262683,-95.4283837,0.05,-0.0146529973,FollowWall,following_with_distance_only,0,14,42,0.400681287,1.44328224,1,0,1,0.259768665,1.69948821,1.69948821,0,0,0,0,0
46.45,2.25280246,-0.656751382,-95.4714574,0.05,-0.0146529973,FollowWall,following_with_distance_only,0,14,42,0.400681287,1.44328224,1,0,1,0.259768665,1.69693561,1.69693561,0,0,0,0,0
46.5,2.25256316,-0.659239903,-95.5140744,0.05,-0.0139319748,FollowWall,following_with_distance_only,0,14,42,0.3995004,1.42748987,1,0,1,0.259287983,1.6943839,1.6943839,0,0,0,0,0
46.55,2.25232204,-0.661728247,-95.5555644,0.05,-0.0139319748,FollowWall,following_with_distance_only,0,14,42,0.3995004,1.42748987,1,0,1,0.259287983,1.69183407,1.69183407,0,0,0,0,0
46.6,2.25207912,-0.664216418,-95.596397,0.05,-0.0132100582,FollowWall,following_with_distance_only,0,14,42,0.398337305,1.4124111,1,0,1,0.258806705,1.6892854,1.6892854,0,0,0,0,0
46.65,2.25183446,-0.666704417,-95.6359843,0.05,-0.0132100582,FollowWall,following_with_distance_only,0,14,42,0.398337305,1.4124111,1,0,1,0.258806705,1.68673877,1.68673877,0,0,0,0,0
46.7,2.2515881,-0.669192249,-95.6748453,0.05,-0.0124123693,FollowWall,following_with_distance_only,0,14,42,0.397195131,1.39808777,1,0,1,0.258274913,1.68419341,1.68419341,0,0,0,0,0
46.75,2.25134008,-0.671679915,-95.7123304,0.05,-0.0124123693,FollowWall,following_with_distance_only,0,14,42,0.397195131,1.39808777,1,0,1,0.258274913,1.68165027,1.68165027,0,0,0,0,0
46.8,2.25109045,-0.674167421,-95.7490128,0.05,-0.0119146407,FollowWall,following_with_distance_only,0,14,42,0.396076292,1.3845451,1,0,1,0.257943094,1.6791085,1.6791085,0,0,0,0,0
46.85,2.25083925,-0.676654769,-95.784633,0.05,-0.0119146407,FollowWall,following_with_distance_only,0,14,42,0.396076292,1.3845451,1,0,1,0.257943094,1.67656847,1.67656847,0,0,0,0,0
46.9,2.25058651,-0.679141961,-95.8196335,0.05,-0.0113902241,FollowWall,following_with_distance_only,0,14,42,0.394974828,1.37165006,1,0,1,0.257593483,1.67402954,1.67402954,0,0,0,0,0
46.95,2.25033228,-0.681629001,-95.8536465,0.05,-0.0113902241,FollowWall,following_with_distance_only,0,14,42,0.394974828,1.37165006,1,0,1,0.257593483,1.67149223,1.67149223,0,0,0,0,0
47,2.25007659,-0.68411589,-95.8870835,0.05,-0.0108393878,FollowWall,following_with_distance_only,0,14,42,0.39388743,1.35932704,1,0,1,0.257226259,1.66895595,1.66895595,0,0,0,0,0
47.05,2.24981946,-0.686602632,-95.919527,0.05,-0.0108393878,FollowWall,following_with_distance_only,0,14,42,0.39388743,1.35932704,1,0,1,0.257226259,1.66642129,1.66642129,0,0,0,0,0
47.1,2.24956094,-0.68908923,-95.9513909,0.05,-0.0103145242,FollowWall,following_with_distance_only,0,14,42,0.392813414,1.34755179,1,0,1,0.256876349,1.66388764,1.66388764,0,0,0,0,0
47.15,2.24930106,-0.691575686,-95.9822903,0.05,-0.0103145242,FollowWall,following_with_distance_only,0,14,42,0.392813414,1.34755179,1,0,1,0.256876349,1.66135558,1.66135558,0,0,0,0,0
47.2,2.24903985,-0.694062002,-96.012627,0.05,-0.00980910659,FollowWall,following_with_distance_only,0,14,42,0.391751766,1.33629603,1,0,1,0.256539404,1.6588245,1.6588245,0,0,0,0,0
47.25,2.24877734,-0.696548182,-96.0420321,0.05,-0.00980910659,FollowWall,following_with_distance_only,0,14,42,0.391751766,1.33629603,1,0,1,0.256539404,1.65629495,1.65629495,0,0,0,0,0
47.3,2.24851357,-0.699034228,-96.0708939,0.05,-0.00907319784,FollowWall,following_with_distance_only,0,14,42,0.390645236,1.32552943,1,0,1,0.256048799,1.65376634,1.65376634,0,0,0,0,0
47.35,2.24824857,-0.701520143,-96.0985602,0.05,-0.00907319784,FollowWall,following_with_distance_only,0,14,42,0.390645236,1.32552943,1,0,1,0.256048799,1.65123963,1.65123963,1,0,0,0,0
47.4,2.24798239,-0.704005932,-96.1255293,0.05,-0.00837153196,FollowWall,following_with_distance_only,0,14,42,0.38950327,1.22300198,1,0,1,0.255581021,1.6487141,1.6487141,1,0,0,0,0
47.45,2.24771506,-0.706491599,-96.151254,0.05,-0.00837153196,FollowWall,following_with_distance_only,0,14,42,0.38950327,1.22300198,1,0,1,0.255581021,1.64619052,1.64619052,1,0,0,0,0
47.5,2.24744664,-0.708977146,-96.1762529,0.05,-0.00768743455,FollowWall,following_with_distance_only,0,14,42,0.388395846,1.2146689,1,0,1,0.255124956,1.64366815,1.64366815,1,0,0,0,0
47.55,2.24717715,-0.71146258,-96.2000117,0.05,-0.00768743455,FollowWall,following_with_distance_only,0,14,42,0.388395846,1.2146689,1,0,1,0.255124956,1.64114772,1.64114772,1,0,0,0,0
47.6,2.24690666,-0.713947903,-96.2230473,0.05,-0.00676041842,FollowWall,following_with_distance_only,0,14,42,0.387322903,1.20683103,1,0,1,0.254506946,1.63862848,1.63862848,1,0,0,0,0
47.65,2.24663519,-0.71643312,-96.2445543,0.05,-0.00676041842,FollowWall,following_with_distance_only,0,14,42,0.387322903,1.20683103,1,0,1,0.254506946,1.6361116,1.6361116,1,0,0,0,0
47.7,2.24636281,-0.718918238,-96.2651698,0.05,-0.00571623445,FollowWall,following_with_distance_only,0,14,42,0.386289626,1.19955641,1,0,1,0.253810823,1.63359614,1.63359614,1,0,0,0,0
47.75,2.24608958,-0.721403262,-96.2840187,0.05,-0.00571623445,FollowWall,following_with_distance_only,0,14,42,0.386289626,1.19955641,1,0,1,0.253810823,1.63108338,1.63108338,1,0,0,0,0
47.8,2.24581555,-0.723888198,-96.3018372,0.05,-0.00492855906,FollowWall,following_with_distance_only,0,14,42,0.38530162,1.19291593,1,0,1,0.253285706,1.62857223,1.62857223,1,0,0,0,0
47.85,2.24554078,-0.726373053,-96.3181143,0.05,-0.00492855906,FollowWall,following_with_distance_only,0,14,42,0.38530162,1.19291593,1,0,1,0.253285706,1.62606343,1.62606343,1,0,0,0,0
47.9,2.24526533,-0.728857831,-96.3334923,0.05,-0.00399009883,FollowWall,following_with_distance_only,0,14,42,0.384355456,1.18684844,1,0,1,0.252660066,1.62355603,1.62355603,1,0,0,0,0
47.95,2.24498924,-0.73134254,-96.3472257,0.05,-0.00399009883,FollowWall,following_with_distance_only,0,14,42,0.384355456,1.18684844,1,0,1,0.252660066,1.62105113,1.62105113,1,0,0,0,0
48,2.24471258,-0.733827184,-96.3599996,0.05,-0.00289285183,FollowWall,following_with_distance_only,0,14,42,0.383451968,1.18135738,1,0,1,0.251928568,1.6185477,1.6185477,1,0,0,0,0
48.05,2.24443541,-0.736311772,-96.3709042,0.05,-0.00289285183,FollowWall,following_with_distance_only,0,14,42,0.383451968,1.18135738,1,0,1,0.251928568,1.61604708,1.61604708,1,0,0,0,0
48.1,2.24415778,-0.738796309,-96.3807183,0.05,-0.00184294581,FollowWall,following_with_distance_only,0,14,42,0.382595599,1.1765007,1,0,1,0.251228631,1.61354812,1.61354812,1,0,0,0,0
48.15,2.24387977,-0.741280803,-96.388643,0.05,-0.00184294581,FollowWall,following_with_distance_only,0,14,42,0.382595599,1.1765007,1,0,1,0.251228631,1.61105197,1.61105197,1,0,0,0,0
48.2,2.24360145,-0.743765262,-96.3954656,0.05,-0.00116434693,FollowWall,following_with_distance_only,0,14,42,0.381787598,1.17228886,1,0,1,0.250776231,1.60855749,1.60855749,1,0,0,0,0
48.25,2.24332285,-0.74624969,-96.4008353,0.05,-0.00116434693,FollowWall,following_with_distance_only,0,14,42,0.381787598,1.17228886,1,0,1,0.250776231,1.60606517,1.60606517,1,0,0,0,0
48.3,2.24304405,-0.748734095,-96.4053575,0.0710589261,0.134116108,FollowWall,following_right_wall,0,14,42,0.381019861,1.16859775,1,1,1,0.250277936,1.60357412,1.60357412,1,0,0,0,0
48.35,2.24272021,-0.751654925,-96.2479061,0.0710589261,0.134116108,FollowWall,following_right_wall,0,14,42,0.381019861,1.16859775,1,1,1,0.250277936,1.60088486,1.60088486,1,0,0,0,0
48.4,2.24237952,-0.754831359,-95.9959701,0.0715011585,0.127482622,FollowWall,following_right_wall,0,14,42,0.383147299,1.20972209,1,1,1,0.249192744,1.59807972,1.59807972,1,0,0,0,0
48.45,2.24203796,-0.758167072,-95.6968363,0.0715011585,0.127482622,FollowWall,following_right_wall,0,14,42,0.383147299,1.20972209,1,1,1,0.249192744,1.59518604,1.59518604,1,0,0,0,0
48.5,2.24170571,-0.76159663,-95.3701704,0.0722130167,0.11680475,FollowWall,following_right_wall,0,14,42,0.386702776,1.3806119,1,1,1,0.247749627,1.59224065,1.59224065,1,0,0,0,0
48.55,2.24138687,-0.765096517,-95.0401899,0.0722130167,0.11680475,FollowWall,following_right_wall,0,14,42,0.386702776,1.3806119,1,1,1,0.247749627,1.58923137,1.58923137,1,0,0,0,0
48.6,2.24108485,-0.768638155,-94.7082759,0.0730329884,0.104505175,FollowWall,following_right_wall,0,14,42,0.390641868,1.58976084,1,1,1,0.247200429,1.58618474,1.58618474,1,0,0,0,0
48.65,2.24079972,-0.772221804,-94.3899155,0.0730329884,0.104505175,FollowWall,following_right_wall,0,14,42,0.390641868,1.58976084,1,1,1,0.247200429,1.5830773,1.5830773,1,0,0,0,0
48.7,2.24053252,-0.775830514,-94.0794614,0.0738229607,0.0926555889,FollowWall,following_right_wall,0,14,42,0.394575387,1.58187043,1,1,1,0.246226087,1.57993431,1.57993431,1,0,0,0,0
48.75,2.24028221,-0.779470741,-93.7877637,0.0738229607,0.0926555889,FollowWall,following_right_wall,0,14,42,0.394575387,1.58187043,1,1,1,0.246226087,1.57673285,1.57673285,1,0,0,0,0
48.8,2.24004896,-0.783129772,-93.5070073,0.0745954375,0.0810684369,FollowWall,following_right_wall,0,14,42,0.398302406,1.57413704,1,1,1,0.245790228,1.57349721,1.57349721,1,0,0,0,0
48.85,2.23983145,-0.786816199,-93.2464644,0.0745954375,0.0810684369,FollowWall,following_right_wall,0,14,42,0.398302406,1.57413704,1,1,1,0.245790228,1.57020461,1.57020461,1,0,0,0,0
48.9,2.23962949,-0.790518923,-92.9977127,0.0752654047,0.07101893,FollowWall,following_right_wall,0,14,42,0.401726544,1.56653027,1,1,1,0.245159283,1.56687872,1.56687872,1,0,0,0,0
48.95,2.23944184,-0.794245363,-92.767835,0.0752654047,0.07101893,FollowWall,following_right_wall,0,14,42,0.401726544,1.56653027,1,1,1,0.245159283,1.56350124,1.56350124,1,0,0,0,0
49,2.23926816,-0.797985874,-92.548967,0.0758214037,0.0626789439,FollowWall,following_right_wall,0,14,42,0.404823333,1.5590119,1,1,1,0.244180441,1.56009361,1.56009361,1,0,0,0,0
49.05,2.23910741,-0.801746367,-92.3464765,0.0758214037,0.0626789439,FollowWall,following_right_wall,0,14,42,0.404823333,1.5590119,1,1,1,0.244180441,1.55664163,1.55664163,1,0,0,0,0
49.1,2.23895919,-0.805518694,-92.1535396,0.0762852928,0.0557206074,FollowWall,following_right_wall,0,14,42,0.407612503,1.55155249,1,1,1,0.243013889,1.55316375,1.55316375,1,0,0,0,0
49.15,2.23882264,-0.809307733,-91.9744815,0.0762852928,0.0557206074,FollowWall,following_right_wall,0,14,42,0.407612503,1.55155249,1,1,1,0.243013889,1.54964839,1.54964839,1,0,0,0,0
49.2,2.23869735,-0.813106651,-91.8035194,0.0767641487,0.0485377689,FollowWall,following_right_wall,0,14,42,0.410128325,1.5441318,1,1,1,0.242738709,1.54611115,1.54611115,1,0,0,0,0
49.25,2.23858248,-0.816921416,-91.6458538,0.0767641487,0.0485377689,FollowWall,following_right_wall,0,14,42,0.410128325,1.5441318,1,1,1,0.242738709,1.54253804,1.54253804,1,0,0,0,0
49.3,2.23847761,-0.82074552,-91.4959445,0.0771339236,0.0429911455,FollowWall,following_right_wall,0,14,42,0.412368476,1.53673041,1,1,1,0.241891623,1.53894398,1.53894398,1,0,0,0,0
49.35,2.23838205,-0.824582853,-91.3571805,0.0771339236,0.0429911455,FollowWall,following_right_wall,0,14,42,0.412368476,1.53673041,1,1,1,0.241891623,1.53531984,1.53531984,1,0,0,0,0
49.4,2.23829539,-0.828427971,-91.2249179,0.0774974164,0.0375387546,FollowWall,following_right_wall,0,14,42,0.414361537,1.52933807,1,1,1,0.241518348,1.53167814,1.53167814,1,0,0,0,0
49.45,2.23821702,-0.83228526,-91.1029562,0.0774974164,0.0375387546,FollowWall,following_right_wall,0,14,42,0.414361537,1.52933807,1,1,1,0.241518348,1.52800862,1.52800862,1,0,0,0,0
49.5,2.23814653,-0.836149696,-90.9870032,0.0778650626,0.0320240603,FollowWall,following_right_wall,0,14,42,0.41611892,1.52194538,1,1,1,0.241652176,1.52432286,1.52432286,1,0,0,0,0
49.55,2.23808333,-0.840025999,-90.8811381,0.0778650626,0.0320240603,FollowWall,following_right_wall,0,14,42,0.41611892,1.52194538,1,1,1,0.241652176,1.52060984,1.52060984,1,0,0,0,0
49.6,2.238027,-0.843909257,-90.7811576,0.0781433475,0.0278497878,FollowWall,following_right_wall,0,14,42,0.417632878,1.5144444,1,1,1,0.241280839,1.51688091,1.51688091,1,0,0,0,0
49.65,2.23797703,-0.847802394,-90.6895923,0.0781433475,0.0278497878,FollowWall,following_right_wall,0,14,42,0.417632878,1.5144444,1,1,1,0.241280839,1.51312921,1.51312921,1,0,0,0,0
49.7,2.23793305,-0.851701317,-90.602936,0.0784149615,0.0237755776,FollowWall,following_right_wall,0,14,42,0.418930084,1.50649863,1,1,1,0.241211623,1.50936424,1.50936424,1,0,0,0,0
49.75,2.23789461,-0.855609289,-90.5240065,0.0784149615,0.0237755776,FollowWall,following_right_wall,0,14,42,0.418930084,1.50649863,1,1,1,0.241211623,1.50557835,1.50557835,1,0,0,0,0
49.8,2.23786136,-0.859522553,-90.4495843,0.0786800581,0.0197991288,FollowWall,following_right_wall,0,14,42,0.420024663,1.49857228,1,1,1,0.241396412,1.50178027,1.50178027,1,0,0,0,0
49.85,2.23783288,-0.863444438,-90.3825379,0.0786800581,0.0197991288,FollowWall,following_right_wall,0,14,42,0.420024663,1.49857228,1,1,1,0.241396412,1.4979622,1.4979622,1,0,0,0,0
49.9,2.23780882,-0.867371358,-90.319794,0.0788919397,0.0166209051,FollowWall,following_right_wall,0,14,42,0.42091918,1.49066191,1,1,1,0.241338864,1.49413249,1.49413249,1,0,0,0,0
49.95,2.23778879,-0.871305636,-90.2633537,0.0788919397,0.0166209051,FollowWall,following_right_wall,0,14,42,0.42091918,1.49066191,1,1,1,0.241338864,1.49028569,1.49028569,1,0,0,0,0
50,2.2377725,-0.875244209,-90.2105904,0.0791036342,0.0134454872,FollowWall,following_right_wall,0,14,42,0.421633989,1.48276668,1,1,1,0.24135004,1.48642893,1.48642893,1,0,0,0,0
50.05,2.23775962,-0.879189701,-90.1637624,0.0791036342,0.0134454872,FollowWall,following_right_wall,0,14,42,0.421633989,1.48276668,1,1,1,0.24135004,1.48255607,1.48255607,1,0,0,0,0
50.1,2.23774982,-0.883139231,-90.1203968,0.0792594875,0.0111076882,FollowWall,following_right_wall,0,14,42,0.422177911,1.47488528,1,1,1,0.24121739,1.47867384,1.47867384,1,0,0,0,0
50.15,2.23774284,-0.887094364,-90.0818413,0.0792594875,0.0111076882,FollowWall,following_right_wall,0,14,42,0.422177911,1.47488528,1,1,1,0.24121739,1.47477855,1.47477855,1,0,0,0,0
50.2,2.23773842,-0.891052765,-90.0460918,0.0793813552,0.0092796727,FollowWall,following_right_wall,0,14,42,0.422576368,1.4669827,1,1,1,0.241063163,1.47087565,1.47087565,1,0,0,0,0
50.25,2.23773634,-0.895015611,-90.0141611,0.0793813552,0.0092796727,FollowWall,following_right_wall,0,14,42,0.422576368,1.4669827,1,1,1,0.241063163,1.46696239,1.46696239,1,0,0,0,0
50.3,2.23773639,-0.89898105,-89.9844581,0.0794586697,0.00811995452,FollowWall,following_right_wall,0,14,42,0.422857672,1.45904036,1,1,1,0.240690023,1.46299481,1.46299481,1,0,0,0,0
50.35,2.2377384,-0.902949611,-89.9574388,0.0794586697,0.00811995452,FollowWall,following_right_wall,0,14,42,0.422857672,1.45904036,1,1,1,0.240690023,1.45898429,1.45898429,1,0,0,0,0
50.4,2.23774223,-0.906919993,-89.9319851,0.0795436186,0.00684572145,FollowWall,following_right_wall,0,14,42,0.423054725,1.45112459,1,1,1,0.240565434,1.45497438,1.45497438,1,0,0,0,0
50.45,2.23774774,-0.910893204,-89.9089657,0.0795436186,0.00684572145,FollowWall,following_right_wall,0,14,42,0.423054725,1.45112459,1,1,1,0.240565434,1.45096544,1.45096544,1,0,0,0,0
50.5,2.23775481,-0.914868066,-89.8873662,0.0796219404,0.00567089409,FollowWall,following_right_wall,0,14,42,0.423179954,1.44323528,1,1,1,0.240530983,1.44695705,1.44695705,1,0,0,0,0
50.55,2.2377633,-0.91884552,-89.8679973,0.0796219404,0.00567089409,FollowWall,following_right_wall,0,14,42,0.423179954,1.44323528,1,1,1,0.240530983,1.44294954,1.44294954,1,0,0,0,0
50.6,2.23777309,-0.922824486,-89.8499297,0.0796756007,0.00486598922,FollowWall,following_right_wall,0,14,42,0.423239946,1.43537147,1,1,1,0.24040252,1.43894253,1.43894253,1,0,0,0,0
50.65,2.23778409,-0.926805449,-89.8335819,0.0796756007,0.00486598922,FollowWall,following_right_wall,0,14,42,0.423239946,1.43537147,1,1,1,0.24040252,1.43493621,1.43493621,1,0,0,0,0
50.7,2.23779619,-0.930787576,-89.8182373,0.0797262754,0.00410586955,FollowWall,following_right_wall,0,14,42,0.423249453,1.42746384,1,1,1,0.240372941,1.43093028,1.43093028,1,0,0,0,0
50.75,2.23780931,-0.934771437,-89.8043853,0.0797262754,0.00410586955,FollowWall,following_right_wall,0,14,42,0.423249453,1.42746384,1,1,1,0.240372941,1.42692493,1.42692493,1,0,0,0,0
50.8,2.23782337,-0.938756308,-89.791404,0.0797696097,0.00345585487,FollowWall,following_right_wall,0,14,42,0.423218191,1.41947992,1,1,1,0.240388066,1.42291992,1.42291992,1,0,0,0,0
50.85,2.23783829,-0.942742669,-89.7797064,0.0797696097,0.00345585487,FollowWall,following_right_wall,0,14,42,0.423218191,1.41947992,1,1,1,0.240388066,1.41891542,1.41891542,1,0,0,0,0
50.9,2.237854,-0.946729899,-89.7687577,0.0798321566,0.00251765167,FollowWall,following_right_wall,0,14,42,0.423154056,1.41131073,1,1,1,0.24069652,1.41491121,1.41491121,1,0,0,0,0
50.95,2.23787042,-0.950718937,-89.7593657,0.0798321566,0.00251765167,FollowWall,following_right_wall,0,14,42,0.423154056,1.41131073,1,1,1,0.24069652,1.41090761,1.41090761,1,0,0,0,0
51,2.23788748,-0.954709029,-89.7508818,0.0798640488,0.00203926798,FollowWall,following_right_wall,0,14,42,0.42305246,1.40317045,1,1,1,0.240823045,1.40690437,1.40690437,1,0,0,0,0
51.05,2.23790509,-0.958700399,-89.7434987,0.0798640488,0.00203926798,FollowWall,following_right_wall,0,14,42,0.42305246,1.40317045,1,1,1,0.240823045,1.40290155,1.40290155,1,0,0,0,0
51.1,2.23792319,-0.962692515,-89.7367577,0.0798879018,0.00168147322,FollowWall,following_right_wall,0,14,42,0.422924846,1.39505968,1,1,1,0.240972966,1.39889898,1.39889898,1,0,0,0,0
51.15,2.23794175,-0.966685561,-89.7308183,0.0798879018,0.00168147322,FollowWall,following_right_wall,0,14,42,0.422924846,1.39505968,1,1,1,0.240972966,1.39489673,1.39489673,1,0,0,0,0
51.2,2.2379607,-0.970679149,-89.7253466,0.079871296,0.00193056072,FollowWall,following_right_wall,0,14,42,0.422783166,1.38697866,1,1,1,0.240817502,1.39089466,1.39089466,1,0,0,0,0
51.25,2.23798004,-0.974672707,-89.7198503,0.079871296,0.00193056072,FollowWall,following_right_wall,0,14,42,0.422783166,1.38697866,1,1,1,0.240817502,1.38689258,1.38689258,1,0,0,0,0
51.3,2.23799975,-0.978666247,-89.7143397,0.0798962795,0.00155580784,FollowWall,following_right_wall,0,14,42,0.422652453,1.37892749,1,1,1,0.241118118,1.3828905,1.3828905,1,0,0,0,0
51.35,2.23801985,-0.982660295,-89.709268,0.0798962795,0.00155580784,FollowWall,following_right_wall,0,14,42,0.422652453,1.37892749,1,1,1,0.241118118,1.37888859,1.37888859,1,0,0,0,0
51.4,2.23804028,-0.98665464,-89.7044525,0.0798718681,0.00192197923,FollowWall,following_right_wall,0,14,42,0.42252773,1.37090643,1,1,1,0.241002068,1.37488678,1.37488678,1,0,0,0,0
51.45,2.23806106,-0.990648648,-89.6993492,0.0798718681,0.00192197923,FollowWall,following_right_wall,0,14,42,0.42252773,1.37090643,1,1,1,0.241002068,1.37088486,1.37088486,1,0,0,0,0
51.5,2.2380822,-0.994642459,-89.6940781,0.0798356919,0.00246462158,FollowWall,following_right_wall,0,14,42,0.422427118,1.36291523,1,1,1,0.240809292,1.36688288,1.36688288,1,0,0,0,0
51.55,2.23810373,-0.9986354,-89.6880614,0.0798356919,0.00246462158,FollowWall,following_right_wall,0,14,42,0.422427118,1.36291523,1,1,1,0.240809292,1.36288062,1.36288062,1,0,0,0,0
51.6,2.23812569,-1.00262783,-89.6816097,0.0798074877,0.00288768488,FollowWall,following_right_wall,0,14,42,0.422369152,1.35495354,1,1,1,0.24070628,1.35887819,1.35887819,1,0,0,0,0
51.65,2.23814813,-1.00661938,-89.6743993,0.0798074877,0.00288768488,FollowWall,following_right_wall,0,14,42,0.422369152,1.35495354,1,1,1,0.24070628,1.35487547,1.35487547,1,0,0,0,0
51.7,2.23817107,-1.01061041,-89.6667463,0.0798271482,0.00259277682,FollowWall,following_right_wall,0,14,42,0.422359407,1.34702087,1,1,1,0.241073713,1.35087258,1.35087258,1,0,0,0,0
51.75,2.23819455,-1.01460154,-89.6591871,0.0798271482,0.00259277682,FollowWall,following_right_wall,0,14,42,0.422359407,1.34702087,1,1,1,0.241073713,1.34686973,1.34686973,1,0,0,0,0
51.8,2.23821855,-1.01859274,-89.6516827,0.0798608185,0.0020877229,FollowWall,following_right_wall,0,14,42,0.422378033,1.33911736,1,1,1,0.24144654,1.34286691,1.34286691,1,0,0,0,0
51.85,2.23824306,-1.02258467,-89.6448131,0.0798608185,0.0020877229,FollowWall,following_right_wall,0,14,42,0.422378033,1.33911736,1,1,1,0.24144654,1.33886433,1.33886433,1,0,0,0,0
51.9,2.23826804,-1.02657703,-89.6383138,0.0798615998,0.00207600303,FollowWall,following_right_wall,0,14,42,0.422407418,1.33124276,1,1,1,0.241321668,1.33486191,1.33486191,1,0,0,0,0
51.95,2.23829346,-1.03056966,-89.6320445,0.0798615998,0.00207600303,FollowWall,following_right_wall,0,14,42,0.422407418,1.33124276,1,1,1,0.241321668,1.33085957,1.33085957,1,0,0,0,0
52,2.23831931,-1.03456243,-89.6259094,0.0798459293,0.00231106054,FollowWall,following_right_wall,0,14,42,0.422455937,1.32339173,1,1,1,0.24141416,1.32685729,1.32685729,1,0,0,0,0
52.05,2.2383456,-1.03855497,-89.6195719,0.0798459293,0.00231106054,FollowWall,following_right_wall,0,14,42,0.422455937,1.32339173,1,1,1,0.24141416,1.32285493,1.32285493,1,0,0,0,0
52.1,2.23837234,-1.04254737,-89.6131165,0.0798334171,0.00249874338,FollowWall,following_right_wall,0,14,42,0.42253834,1.31537231,1,1,1,0.241490453,1.31885254,1.31885254,1,0,0,0,0
52.15,2.23839953,-1.04653943,-89.6063681,0.0798334171,0.00249874338,FollowWall,following_right_wall,0,14,42,0.42253834,1.31537231,1,1,1,0.241490453,1.31485003,1.31485003,1,0,0,0,0
52.2,2.2384272,-1.05053128,-89.5994489,0.0798087027,0.00286945902,FollowWall,following_right_wall,0,14,42,0.422660708,1.30738365,1,1,1,0.241391405,1.31084746,1.31084746,1,0,0,0,0
52.25,2.23845536,-1.0545225,-89.5919876,0.0798087027,0.00286945902,FollowWall,following_right_wall,0,14,42,0.422660708,1.30738365,1,1,1,0.241391405,1.30684469,1.30684469,1,0,0,0,0
52.3,2.23848405,-1.05851335,-89.5842099,0.0797817626,0.00327356103,FollowWall,following_right_wall,0,14,42,0.422831237,1.29942633,1,1,1,0.241201863,1.30284179,1.30284179,1,0,0,0,0
52.35,2.2385133,-1.06250341,-89.5757655,0.0797817626,0.00327356103,FollowWall,following_right_wall,0,14,42,0.422831237,1.29942633,1,1,1,0.241201863,1.29883865,1.29883865,1,0,0,0,0
52.4,2.23854315,-1.06649302,-89.566932,0.0797854024,0.00321896357,FollowWall,following_right_wall,0,14,42,0.423055708,1.29150085,1,1,1,0.241232768,1.29483536,1.29483536,1,0,0,0,0
52.45,2.23857361,-1.07048244,-89.5579368,0.0797854024,0.00321896357,FollowWall,following_right_wall,0,14,42,0.423055708,1.29150085,1,1,1,0.241232768,1.29083202,1.29083202,1,0,0,0,0
52.5,2.23860471,-1.07447174,-89.5488472,0.0797647205,0.00352919277,FollowWall,following_right_wall,0,14,42,0.423322529,1.28360552,1,1,1,0.24096477,1.28682865,1.28682865,1,0,0,0,0
52.55,2.23863645,-1.07846055,-89.5393323,0.0797647205,0.00352919277,FollowWall,following_right_wall,0,14,42,0.423322529,1.28360552,1,1,1,0.24096477,1.28282511,1.28282511,1,0,0,0,0
52.6,2.23866886,-1.08244906,-89.5295693,0.0797620298,0.00356955333,FollowWall,following_right_wall,0,14,42,0.423636019,1.27573987,1,1,1,0.240803152,1.27882149,1.27882149,1,0,0,0,0
52.65,2.23870195,-1.08643733,-89.5196133,0.0797620298,0.00356955333,FollowWall,following_right_wall,0,14,42,0.423636019,1.27573987,1,1,1,0.240803152,1.2748178,1.2748178,1,0,0,0,0
52.7,2.23873574,-1.09042548,-89.5095449,0.0798228133,0.00265780012,FollowWall,following_right_wall,0,14,42,0.423991948,1.26781084,1,1,1,0.241195276,1.27081408,1.27081408,1,0,0,0,0
52.75,2.23877021,-1.0944148,-89.5004991,0.0798228133,0.00265780012,FollowWall,following_right_wall,0,14,42,0.423991948,1.26781084,1,1,1,0.241195276,1.26681076,1.26681076,1,0,0,0,0
52.8,2.23880529,-1.09840482,-89.4920499,0.0798820755,0.00176886737,FollowWall,following_right_wall,0,14,42,0.424356729,1.2596284,1,1,1,0.241552532,1.26280767,1.26280767,1,0,0,0,0
52.85,2.23884092,-1.10239647,-89.4850097,0.0798820755,0.00176886737,FollowWall,following_right_wall,0,14,42,0.424356729,1.2596284,1,1,1,0.241552532,1.25880512,1.25880512,1,0,0,0,0
52.9,2.23887702,-1.10638907,-89.4787915,0.0798845163,0.00173225576,FollowWall,following_right_wall,0,14,42,0.424711674,1.25147085,1,1,1,0.241361439,1.2548029,1.2548029,1,0,0,0,0
52.95,2.23891355,-1.11038227,-89.4730965,0.0798845163,0.00173225576,FollowWall,following_right_wall,0,14,42,0.424711674,1.25147085,1,1,1,0.241361439,1.25080088,1.25080088,1,0,0,0,0
53,2.23895046,-1.11437583,-89.4677067,0.0799493137,0.000760293768,FollowWall,following_right_wall,0,14,42,0.425076038,1.2433395,1,1,1,0.241751119,1.24679899,1.24679899,1,0,0,0,0
53.05,2.23898772,-1.11837094,-89.4636551,0.0799493137,0.000760293768,FollowWall,following_right_wall,0,14,42,0.425076038,1.2433395,1,1,1,0.241751119,1.24279761,1.24279761,1,0,0,0,0
53.1,2.23902524,-1.12236696,-89.4603842,0.0799956982,6.45265547e-05,FollowWall,following_right_wall,0,14,42,0.425432146,1.23523517,1,1,1,0.241959766,1.23879653,1.23879653,1,0,0,0,0
53.15,2.23906296,-1.12636447,-89.4583991,0.0799956982,6.45265547e-05,FollowWall,following_right_wall,0,14,42,0.425432146,1.23523517,1,1,1,0.241959766,1.23479594,1.23479594,1,0,0,0,0
53.2,2.2391008,-1.13036286,-89.4571641,0.0799511616,-0.000732576218,FollowWall,following_right_wall,0,14,42,0.425774366,1.22715846,1,1,1,0.24223724,1.23079565,1.23079565,1,0,0,0,0
53.25,2.23913868,-1.13436082,-89.4573181,0.0799511616,-0.000732576218,FollowWall,following_right_wall,0,14,42,0.425774366,1.22715846,1,1,1,0.24223724,1.22679792,1.22679792,1,0,0,0,0
53.3,2.23917651,-1.13835854,-89.4582824,0.0799041108,-0.00143833814,FollowWall,following_right_wall,0,14,42,0.426097721,1.21911509,1,1,1,0.242463946,1.22280169,1.22280169,1,0,0,0,0
53.35,2.23921422,-1.14235514,-89.4605618,0.0799041108,-0.00143833814,FollowWall,following_right_wall,0,14,42,0.426097721,1.21911509,1,1,1,0.242463946,1.21880862,1.21880862,1,0,0,0,0
53.4,2.23925173,-1.14635109,-89.4636084,0.0798543552,-0.00218467202,FollowWall,following_right_wall,0,14,42,0.42640081,1.21110815,1,1,1,0.242725283,1.21481739,1.21481739,1,0,0,0,0
53.45,2.23928898,-1.15034562,-89.4679933,0.0798543552,-0.00218467202,FollowWall,following_right_wall,0,14,42,0.42640081,1.21110815,1,1,1,0.242725283,1.21082964,1.21082964,1,0,0,0,0
53.5,2.23932588,-1.15433933,-89.4731589,0.0798403836,-0.00239424567,FollowWall,following_right_wall,0,14,42,0.426680684,1.20313919,1,1,1,0.242652133,1.20684393,1.20684393,1,0,0,0,0
53.55,2.23936239,-1.15833226,-89.4790301,0.0798403836,-0.00239424567,FollowWall,following_right_wall,0,14,42,0.426680684,1.20313919,1,1,1,0.242652133,1.20286008,1.20286008,1,0,0,0,0
53.6,2.23939848,-1.16232475,-89.4853129,0.0798105868,-0.00284119771,FollowWall,following_right_wall,0,14,42,0.426951259,1.19520476,1,1,1,0.242381781,1.19887731,1.19887731,1,0,0,0,0
53.65,2.23943409,-1.16631636,-89.4923693,0.0798105868,-0.00284119771,FollowWall,following_right_wall,0,14,42,0.426951259,1.19520476,1,1,1,0.242381781,1.19489662,1.19489662,1,0,0,0,0
53.7,2.23946919,-1.17030745,-89.4998769,0.0797780698,-0.00332895261,FollowWall,following_right_wall,0,14,42,0.42721197,1.1873045,1,1,1,0.242114216,1.19091714,1.19091714,1,0,0,0,0
53.75,2.23950373,-1.17429758,-89.5082301,0.0797780698,-0.00332895261,FollowWall,following_right_wall,0,14,42,0.42721197,1.1873045,1,1,1,0.242114216,1.18693994,1.18693994,1,0,0,0,0
53.8,2.23953766,-1.17828714,-89.5170763,0.0797142631,-0.0042860536,FollowWall,following_right_wall,0,14,42,0.427457839,1.17943841,1,1,1,0.24218829,1.18296408,1.18296408,1,0,0,0,0
53.85,2.23957092,-1.18227504,-89.5273528,0.0797142631,-0.0042860536,FollowWall,following_right_wall,0,14,42,0.427457839,1.17943841,1,1,1,0.24218829,1.17899208,1.17899208,1,0,0,0,0
53.9,2.23960342,-1.18626198,-89.5384635,0.0796734459,-0.00489831107,FollowWall,following_right_wall,0,14,42,0.427670062,1.17160887,1,1,1,0.242521405,1.17502234,1.17502234,1,0,0,0,0
53.95,2.2396351,-1.1902475,-89.5507916,0.0796734459,-0.00489831107,FollowWall,following_right_wall,0,14,42,0.427670062,1.17160887,1,1,1,0.242521405,1.1710559,1.1710559,1,0,0,0,0
54,2.23966589,-1.19423221,-89.56383,0.079706873,-0.00439690504,FollowWall,following_right_wall,0,14,42,0.427847505,1.16367956,1,1,1,0.242307857,1.16709137,1.16709137,1,0,0,0,0
54.05,2.23969578,-1.19821715,-89.5766841,0.079706873,-0.00439690504,FollowWall,following_right_wall,0,14,42,0.427847505,1.16367956,1,1,1,0.242307857,1.16312634,1.16312634,1,0,0,0,0
54.1,2.23972478,-1.20220221,-89.5894308,0.0797067188,-0.00439921859,FollowWall,following_right_wall,0,14,42,0.428025633,1.15557865,1,1,1,0.242468923,1.15916102,1.15916102,1,0,0,0,0
54.15,2.23975289,-1.20618735,-89.6021175,0.0797067188,-0.00439921859,FollowWall,following_right_wall,0,14,42,0.428025633,1.15557865,1,1,1,0.242468923,1.15519553,1.15519553,1,0,0,0,0
54.2,2.23978013,-1.21017253,-89.6147693,0.0797304045,-0.00404393317,FollowWall,following_right_wall,0,14,42,0.428207129,1.14750243,1,1,1,0.242448211,1.15122993,1.15122993,1,0,0,0,0
54.25,2.2398065,-1.21415824,-89.6269766,0.0797304045,-0.00404393317,FollowWall,following_right_wall,0,14,42,0.428207129,1.14750243,1,1,1,0.242448211,1.14726313,1.14726313,1,0,0,0,0
54.3,2.23983204,-1.21814426,-89.6389246,0.0797441882,-0.00383717663,FollowWall,following_right_wall,0,14,42,0.428398997,1.13944926,1,1,1,0.242558047,1.14329563,1.14329563,1,0,0,0,0
54.35,2.23985676,-1.22213074,-89.6504745,0.0797441882,-0.00383717663,FollowWall,following_right_wall,0,14,42,0.428398997,1.13944926,1,1,1,0.242558047,1.13932703,1.13932703,1,0,0,0,0
54.4,2.23988069,-1.2261175,-89.6617923,0.0797815158,-0.00327726302,FollowWall,following_right_wall,0,14,42,0.428600013,1.13141984,1,1,1,0.242476076,1.13535781,1.13535781,1,0,0,0,0
54.45,2.23990386,-1.2301052,-89.6723063,0.0797815158,-0.00327726302,FollowWall,following_right_wall,0,14,42,0.428600013,1.13141984,1,1,1,0.242476076,1.1313864,1.1313864,1,0,0,0,0
54.5,2.23992632,-1.23409345,-89.6823514,0.0798119654,-0.00282051874,FollowWall,following_right_wall,0,14,42,0.428818405,1.12341203,1,1,1,0.242481098,1.12741372,1.12741372,1,0,0,0,0
54.55,2.23994811,-1.23808266,-89.6915778,0.0798119654,-0.00282051874,FollowWall,following_right_wall,0,14,42,0.428818405,1.12341203,1,1,1,0.242481098,1.12343881,1.12343881,1,0,0,0,0
54.6,2.23996929,-1.24207242,-89.7003266,0.0798499777,-0.00225033448,FollowWall,following_right_wall,0,14,42,0.429054886,1.11542571,1,1,1,0.242430285,1.11946261,1.11946261,1,0,0,0,0
54.65,2.23998989,-1.2460633,-89.7081162,0.0798499777,-0.00225033448,FollowWall,following_right_wall,0,14,42,0.429054886,1.11542571,1,1,1,0.242430285,1.1154838,1.1154838,1,0,0,0,0
54.7,2.24000997,-1.25005484,-89.7153463,0.0798570519,-0.0021442221,FollowWall,following_right_wall,0,14,42,0.429311275,1.10746018,1,1,1,0.242689818,1.11150347,1.11150347,1,0,0,0,0
54.75,2.24002957,-1.25404691,-89.7221233,0.0798570519,-0.0021442221,FollowWall,following_right_wall,0,14,42,0.429311275,1.10746018,1,1,1,0.242689818,1.10752191,1.10752191,1,0,0,0,0
54.8,2.2400487,-1.25803928,-89.728636,0.0798815735,-0.00177639709,FollowWall,following_right_wall,0,14,42,0.429573208,1.09951922,1,1,1,0.242808744,1.10353962,1.10353962,1,0,0,0,0
54.85,2.24006741,-1.26203235,-89.7345555,0.0798815735,-0.00177639709,FollowWall,following_right_wall,0,14,42,0.429573208,1.09951922,1,1,1,0.242808744,1.09955573,1.09955573,1,0,0,0,0
54.9,2.24008572,-1.26602582,-89.740129,0.0799239056,-0.00114141573,FollowWall,following_right_wall,0,14,42,0.429839283,1.0916025,1,1,1,0.24278082,1.0955709,1.0955709,1,0,0,0,0
54.95,2.24010368,-1.27002041,-89.7447427,0.0799239056,-0.00114141573,FollowWall,following_right_wall,0,14,42,0.429839283,1.0916025,1,1,1,0.24278082,1.09158346,1.09158346,1,0,0,0,0
55,2.24012133,-1.27401566,-89.7487964,0.0799303836,-0.0010442454,FollowWall,following_right_wall,0,14,42,0.430118024,1.08370679,1,1,1,0.243110418,1.0875945,1.0875945,1,0,0,0,0
55.05,2.24013873,-1.27801142,-89.7524076,0.0799303836,-0.0010442454,FollowWall,following_right_wall,0,14,42,0.430118024,1.08370679,1,1,1,0.243110418,1.08360434,1.08360434,1,0,0,0,0
55.1,2.24015588,-1.28200748,-89.7557606,0.0799496618,-0.000755072332,FollowWall,following_right_wall,0,14,42,0.430396348,1.07583496,1,1,1,0.243339866,1.07961348,1.07961348,1,0,0,0,0
55.15,2.24017281,-1.28600412,-89.7586178,0.0799496618,-0.000755072332,FollowWall,following_right_wall,0,14,42,0.430396348,1.07583496,1,1,1,0.243339866,1.07562127,1.07562127,1,0,0,0,0
55.2,2.24018956,-1.2900011,-89.7611858,0.079972227,-0.000416594857,FollowWall,following_right_wall,0,14,42,0.430670828,1.06791306,1,1,1,0.243561134,1.07162827,1.07162827,1,0,0,0,0
55.25,2.24020616,-1.29399874,-89.7631811,0.079972227,-0.000416594857,FollowWall,following_right_wall,0,14,42,0.430670828,1.06791306,1,1,1,0.243561134,1.06763372,1.06763372,1,0,0,0,0
55.3,2.24022262,-1.29799677,-89.7648423,0.0799924808,0.000112788377,FollowWall,following_right_wall,0,14,42,0.430942148,1.05986672,1,1,1,0.243653789,1.06363827,1.06363827,1,0,0,0,0
55.35,2.24023901,-1.30199546,-89.7656767,0.0799924808,0.000112788377,FollowWall,following_right_wall,0,14,42,0.430942148,1.05986672,1,1,1,0.243653789,1.05964088,1.05964088,1,0,0,0,0
55.4,2.24025535,-1.30599452,-89.7660288,0.0799909262,-0.000136106904,FollowWall,following_right_wall,0,14,42,0.431215912,1.05184647,1,1,1,0.24384287,1.05564236,1.05564236,1,0,0,0,0
55.45,2.24027167,-1.30999377,-89.7663966,0.0799909262,-0.000136106904,FollowWall,following_right_wall,0,14,42,0.431215912,1.05184647,1,1,1,0.24384287,1.05164368,1.05164368,1,0,0,0,0
55.5,2.24028796,-1.31399313,-89.7667737,0.0799993699,9.45104899e-06,FollowWall,following_right_wall,0,14,42,0.431470454,1.04385517,1,1,1,0.243771866,1.04764491,1.04764491,1,0,0,0,0
55.55,2.24030423,-1.31799273,-89.7669823,0.0799993699,9.45104899e-06,FollowWall,following_right_wall,0,14,42,0.431470454,1.04385517,1,1,1,0.243771866,1.04364563,1.04364563,1,0,0,0,0
55.6,2.2403205,-1.32199247,-89.7670928,0.079946262,0.000806070097,FollowWall,following_right_wall,0,14,42,0.431704074,1.0358927,1,1,1,0.24345924,1.03964606,1.03964606,1,0,0,0,0
55.65,2.24033678,-1.32599118,-89.766195,0.079946262,0.000806070097,FollowWall,following_right_wall,0,14,42,0.431704074,1.0358927,1,1,1,0.24345924,1.03564596,1.03564596,1,0,0,0,0
55.7,2.24035315,-1.3299893,-89.7647092,0.0798792907,0.00181063885,FollowWall,following_right_wall,0,14,42,0.431938618,1.02796072,1,1,1,0.243146405,1.03164554,1.03164554,1,0,0,0,0
55.75,2.24036967,-1.33398567,-89.7616811,0.0798792907,0.00181063885,FollowWall,following_right_wall,0,14,42,0.431938618,1.02796072,1,1,1,0.243146405,1.02764447,1.02764447,1,0,0,0,0
55.8,2.24038642,-1.33798102,-89.7577535,0.0798624307,0.00206353932,FollowWall,following_right_wall,0,14,42,0.432192564,1.02006007,1,1,1,0.243217528,1.02364303,1.02364303,1,0,0,0,0
55.85,2.24040348,-1.34197543,-89.7529992,0.0798624307,0.00206353932,FollowWall,following_right_wall,0,14,42,0.432192564,1.02006007,1,1,1,0.243217528,1.01964125,1.01964125,1,0,0,0,0
55.9,2.24042088,-1.34596928,-89.7477627,0.0798288439,0.00256734209,FollowWall,following_right_wall,0,14,42,0.432450712,1.01218944,1,1,1,0.243038967,1.01563927,1.01563927,1,0,0,0,0
55.95,2.24043867,-1.34996212,-89.7416435,0.0798288439,0.00256734209,FollowWall,following_right_wall,0,14,42,0.432450712,1.01218944,1,1,1,0.243038967,1.01163695,1.01163695,1,0,0,0,0
56,2.2404569,-1.35395435,-89.7350094,0.07980915,0.00286274995,FollowWall,following_right_wall,0,14,42,0.432710439,1.00424662,1,1,1,0.242912397,1.00763444,1.00763444,1,0,0,0,0
56.05,2.24047562,-1.35794583,-89.7277224,0.07980915,0.00286274995,FollowWall,following_right_wall,0,14,42,0.432710439,1.00424662,1,1,1,0.242912397,1.00363166,1.00363166,1,0,0,0,0
56.1,2.24049485,-1.36193686,-89.7200545,0.0798059759,0.00291036193,FollowWall,following_right_wall,0,14,42,0.432966352,0.996204508,1,1,1,0.242870152,0.999628748,0.999628748,1,0,0,0,0
56.15,2.24051462,-1.36592756,-89.7121076,0.0798059759,0.00291036193,FollowWall,following_right_wall,0,14,42,0.432966352,0.996204508,1,1,1,0.242870152,0.995625726,0.995625726,1,0,0,0,0
56.2,2.24053496,-1.36991807,-89.7039979,0.0798479698,0.00228045325,FollowWall,following_right_wall,0,14,42,0.433207661,0.988049708,1,1,1,0.243207023,0.991622645,0.991622645,1,0,0,0,0
56.25,2.24055584,-1.37390934,-89.6965451,0.0798479698,0.00228045325,FollowWall,following_right_wall,0,14,42,0.433207661,0.988049708,1,1,1,0.243207023,0.987619821,0.987619821,1,0,0,0,0
56.3,2.24057723,-1.37790106,-89.6894756,0.079858499,0.00212251513,FollowWall,following_right_wall,0,14,42,0.433407694,0.979922725,1,1,1,0.243208975,0.983617148,0.983617148,1,0,0,0,0
56.35,2.24059909,-1.38189325,-89.6828181,0.079858499,0.00212251513,FollowWall,following_right_wall,0,14,42,0.433407694,0.979922725,1,1,1,0.243208975,0.979614638,0.979614638,1,0,0,0,0
56.4,2.24062142,-1.38588573,-89.676401,0.0798584508,0.00212323748,FollowWall,following_right_wall,0,14,42,0.433567077,0.971824272,1,1,1,0.243078887,0.975612223,0.975612223,1,0,0,0,0
56.45,2.24064419,-1.38987836,-89.6701233,0.0798584508,0.00212323748,FollowWall,following_right_wall,0,14,42,0.433567077,0.971824272,1,1,1,0.243078887,0.971609865,0.971609865,1,0,0,0,0
56.5,2.24066739,-1.39387108,-89.6639269,0.0798906476,0.00164028661,FollowWall,following_right_wall,0,14,42,0.433694452,0.963755062,1,1,1,0.243223354,0.967607541,0.967607541,1,0,0,0,0
56.55,2.24069101,-1.39786453,-89.6583543,0.0798906476,0.00164028661,FollowWall,following_right_wall,0,14,42,0.433694452,0.963755062,1,1,1,0.243223354,0.963605461,0.963605461,1,0,0,0,0
56.6,2.24071501,-1.40185839,-89.6531457,0.0799385511,0.000921733506,FollowWall,following_right_wall,0,14,42,0.433779061,0.955715571,1,1,1,0.243495688,0.959603523,0.959603523,1,0,0,0,0
56.65,2.24073934,-1.4058535,-89.6490072,0.0799385511,0.000921733506,FollowWall,following_right_wall,0,14,42,0.433779061,0.955715571,1,1,1,0.243495688,0.955602001,0.955602001,1,0,0,0,0
56.7,2.24076394,-1.40984934,-89.6454928,0.0799404976,0.000892536637,FollowWall,following_right_wall,0,14,42,0.433806539,0.947706274,1,1,1,0.2433144,0.951600721,0.951600721,1,0,0,0,0
56.75,2.24078877,-1.41384564,-89.6423773,0.0799404976,0.000892536637,FollowWall,following_right_wall,0,14,42,0.433806539,0.947706274,1,1,1,0.2433144,0.947599597,0.947599597,1,0,0,0,0
56.8,2.24081382,-1.4178422,-89.6394946,0.0799998886,1.67095737e-06,FollowWall,following_right_wall,0,14,42,0.433792084,0.939726933,1,1,1,0.243668675,0.943598564,0.943598564,1,0,0,0,0
56.85,2.24083903,-1.42184016,-89.637811,0.0799998886,1.67095737e-06,FollowWall,following_right_wall,0,14,42,0.433792084,0.939726933,1,1,1,0.243668675,0.939597994,0.939597994,1,0,0,0,0
56.9,2.24086435,-1.42583894,-89.6368269,0.0799366117,-0.000950825224,FollowWall,following_right_wall,0,14,42,0.433719307,0.931777668,1,1,1,0.244062006,0.935597695,0.935597695,1,0,0,0,0
56.95,2.24088967,-1.42983687,-89.6373878,0.0799366117,-0.000950825224,FollowWall,following_right_wall,0,14,42,0.433719307,0.931777668,1,1,1,0.244062006,0.931600633,0.931600633,1,0,0,0,0
57,2.24091492,-1.43383431,-89.6388499,0.0798748414,-0.00187737942,FollowWall,following_right_wall,0,14,42,0.433574855,0.923864778,1,1,1,0.244457871,0.927605458,0.927605458,1,0,0,0,0
57.05,2.24094,-1.43783018,-89.6419438,0.0798748414,-0.00187737942,FollowWall,following_right_wall,0,14,42,0.433574855,0.923864778,1,1,1,0.244457871,0.923614384,0.923614384,1,0,0,0,0
57.1,2.24096482,-1.44182513,-89.6459895,0.0798487227,-0.00226915943,FollowWall,following_right_wall,0,14,42,0.433354795,0.915991176,1,1,1,0.244534269,0.919625701,0.919625701,1,0,0,0,0
57.15,2.24098932,-1.445819,-89.6510582,0.0798487227,-0.00226915943,FollowWall,following_right_wall,0,14,42,0.433354795,0.915991176,1,1,1,0.244534269,0.915639681,0.915639681,1,0,0,0,0
57.2,2.24101344,-1.44981225,-89.6567235,0.0798413496,-0.00237975651,FollowWall,following_right_wall,0,14,42,0.433075279,0.908139844,1,1,1,0.244437158,0.911655214,0.911655214,1,0,0,0,0
57.25,2.24103715,-1.45380497,-89.6628688,0.0798413496,-0.00237975651,FollowWall,following_right_wall,0,14,42,0.433075279,0.908139844,1,1,1,0.244437158,0.907672009,0.907672009,1,0,0,0,0
57.3,2.24106042,-1.4577974,-89.6692943,0.07981761,-0.00273584996,FollowWall,following_right_wall,0,14,42,0.432755351,0.9001055,1,1,1,0.244378507,0.903689539,0.903689539,1,0,0,0,0
57.35,2.24108322,-1.46178915,-89.6763081,0.07981761,-0.00273584996,FollowWall,following_right_wall,0,14,42,0.432755351,0.9001055,1,1,1,0.244378507,0.899708652,0.899708652,1,0,0,0,0
57.4,2.24110551,-1.46578052,-89.6836652,0.0798131775,-0.00280233775,FollowWall,following_right_wall,0,14,42,0.432397097,0.892102614,1,1,1,0.244282886,0.895728685,0.895728685,1,0,0,0,0
57.45,2.24112728,-1.46977157,-89.6913019,0.0798131775,-0.00280233775,FollowWall,following_right_wall,0,14,42,0.432397097,0.892102614,1,1,1,0.244282886,0.891749471,0.891749471,1,0,0,0,0
57.5,2.24114851,-1.47376243,-89.6991017,0.07982849,-0.00257265063,FollowWall,following_right_wall,0,14,42,0.432009757,0.884008761,1,1,1,0.244050592,0.887770694,0.887770694,1,0,0,0,0
57.55,2.2411692,-1.47775351,-89.7067224,0.07982849,-0.00257265063,FollowWall,following_right_wall,0,14,42,0.432009757,0.884008761,1,1,1,0.244050592,0.883791429,0.883791429,1,0,0,0,0
57.6,2.24118937,-1.48174471,-89.7142387,0.0798508494,-0.00223725951,FollowWall,following_right_wall,0,14,42,0.431609243,0.875940909,1,1,1,0.243788257,0.879811876,0.879811876,1,0,0,0,0
57.65,2.24120903,-1.48573645,-89.7212938,0.0798508494,-0.00223725951,FollowWall,following_right_wall,0,14,42,0.431609243,0.875940909,1,1,1,0.243788257,0.87583107,0.87583107,1,0,0,0,0
57.7,2.24122822,-1.48972851,-89.7280798,0.0798236228,-0.00264565848,FollowWall,following_right_wall,0,14,42,0.431208253,0.867897163,1,1,1,0.244032755,0.871849532,0.871849532,1,0,0,0,0
57.75,2.24124691,-1.49372019,-89.7351963,0.0798236228,-0.00264565848,FollowWall,following_right_wall,0,14,42,0.431208253,0.867897163,1,1,1,0.244032755,0.867868888,0.867868888,1,0,0,0,0
57.8,2.24126511,-1.49771164,-89.7425056,0.0798252997,-0.00262050413,FollowWall,following_right_wall,0,14,42,0.430790365,0.859883682,1,1,1,0.244051233,0.863888766,0.863888766,1,0,0,0,0
57.85,2.24128279,-1.501703,-89.7498973,0.0798252997,-0.00262050413,FollowWall,following_right_wall,0,14,42,0.430790365,0.859883682,1,1,1,0.244051233,0.859908867,0.859908867,1,0,0,0,0
57.9,2.24129995,-1.50569431,-89.7573372,0.0798629566,-0.0020556513,FollowWall,following_right_wall,0,14,42,0.430359811,0.851900408,1,1,1,0.243773863,0.855929095,0.855929095,1,0,0,0,0
57.95,2.24131662,-1.50968637,-89.7641309,0.0798629566,-0.0020556513,FollowWall,following_right_wall,0,14,42,0.430359811,0.851900408,1,1,1,0.243773863,0.851947569,0.851947569,1,0,0,0,0
58,2.24133283,-1.51367887,-89.7705476,0.0798540376,-0.00218943546,FollowWall,following_right_wall,0,14,42,0.429939598,0.843941773,1,1,1,0.243974105,0.847965018,0.847965018,1,0,0,0,0
58.05,2.2413486,-1.51767144,-89.7769041,0.0798540376,-0.00218943546,FollowWall,following_right_wall,0,14,42,0.429939598,0.843941773,1,1,1,0.243974105,0.843982303,0.843982303,1,0,0,0,0
58.1,2.24136393,-1.52166406,-89.7832256,0.0798677762,-0.00198335746,FollowWall,following_right_wall,0,14,42,0.42952171,0.836010857,1,1,1,0.243996441,0.839999491,0.839999491,1,0,0,0,0
58.15,2.24137882,-1.52565698,-89.7892805,0.0798677762,-0.00198335746,FollowWall,following_right_wall,0,14,42,0.42952171,0.836010857,1,1,1,0.243996441,0.836015954,0.836015954,1,0,0,0,0
58.2,2.2413933,-1.52965009,-89.79518,0.0798568578,-0.00214713266,FollowWall,following_right_wall,0,14,42,0.429110736,0.828107068,1,1,1,0.244297951,0.832031994,0.832031994,1,0,0,0,0
58.25,2.24140737,-1.53364308,-89.8011844,0.0798568578,-0.00214713266,FollowWall,following_right_wall,0,14,42,0.429110736,0.828107068,1,1,1,0.244297951,0.828048318,0.828048318,1,0,0,0,0
58.3,2.24142101,-1.537636,-89.8072499,0.0798659092,-0.00201136228,FollowWall,following_right_wall,0,14,42,0.428700954,0.820232419,1,1,1,0.24445717,0.824064807,0.824064807,1,0,0,0,0
58.35,2.24143424,-1.54162907,-89.8131889,0.0798659092,-0.00201136228,FollowWall,following_right_wall,0,14,42,0.428700954,0.820232419,1,1,1,0.24445717,0.820080952,0.820080952,1,0,0,0,0
58.4,2.24144705,-1.54562222,-89.8190543,0.0798873704,-0.00168944371,FollowWall,following_right_wall,0,14,42,0.428298712,0.812342878,1,1,1,0.244541585,0.816096895,0.816096895,1,0,0,0,0
58.45,2.24145948,-1.54961588,-89.8244924,0.0798873704,-0.00168944371,FollowWall,following_right_wall,0,14,42,0.428298712,0.812342878,1,1,1,0.244541585,0.812111678,0.812111678,1,0,0,0,0
58.5,2.24147153,-1.55360982,-89.8296812,0.0799384592,-0.000923111458,FollowWall,following_right_wall,0,14,42,0.427915782,0.804294213,1,1,1,0.244369552,0.808125783,0.808125783,1,0,0,0,0
58.55,2.24148326,-1.557605,-89.8338099,0.0799384592,-0.000923111458,FollowWall,following_right_wall,0,14,42,0.427915782,0.804294213,1,1,1,0.244369552,0.80413701,0.80413701,1,0,0,0,0
58.6,2.24149473,-1.5616009,-89.8373202,0.079939486,-0.00090771063,FollowWall,following_right_wall,0,14,42,0.427573174,0.796268748,1,1,1,0.244691566,0.800146557,0.800146557,1,0,0,0,0
58.65,2.24150597,-1.56559724,-89.8404514,0.079939486,-0.00090771063,FollowWall,following_right_wall,0,14,42,0.427573174,0.796268748,1,1,1,0.244691566,0.796155074,0.796155074,1,0,0,0,0
58.7,2.241517,-1.56959384,-89.8433614,0.0799939477,-9.07842298e-05,FollowWall,following_right_wall,0,14,42,0.427259922,0.788269696,1,1,1,0.244515494,0.79216299,0.79216299,1,0,0,0,0
58.75,2.24152786,-1.57359172,-89.8451673,0.0799939477,-9.07842298e-05,FollowWall,following_right_wall,0,14,42,0.427259922,0.788269696,1,1,1,0.244515494,0.788167908,0.788167908,1,0,0,0,0
58.8,2.24153863,-1.57759036,-89.8463291,0.0799468896,0.000796655767,FollowWall,following_right_wall,0,14,42,0.426993459,0.780294261,1,1,1,0.244293824,0.784171077,0.784171077,1,0,0,0,0
58.85,2.24154936,-1.58158845,-89.8460558,0.0799468896,0.000796655767,FollowWall,following_right_wall,0,14,42,0.426993459,0.780294261,1,1,1,0.244293824,0.780172562,0.780172562,1,0,0,0,0
58.9,2.24156014,-1.58558622,-89.8449455,0.0799333892,0.000999162223,FollowWall,following_right_wall,0,14,42,0.42678985,0.772345477,1,1,1,0.24449946,0.776173066,0.776173066,1,0,0,0,0
58.95,2.24157102,-1.58958353,-89.8431052,0.0799333892,0.000999162223,FollowWall,following_right_wall,0,14,42,0.42678985,0.772345477,1,1,1,0.24449946,0.772172903,0.772172903,1,0,0,0,0
59,2.24158205,-1.59358056,-89.840839,0.0799355198,0.000967203548,FollowWall,following_right_wall,0,14,42,0.426635623,0.764425426,1,1,1,0.244859636,0.768172352,0.768172352,1,0,0,0,0
59.05,2.24159324,-1.59757748,-89.8383625,0.0799355198,0.000967203548,FollowWall,following_right_wall,0,14,42,0.426635623,0.764425426,1,1,1,0.244859636,0.76417159,0.76417159,1,0,0,0,0
59.1,2.2416046,-1.60157434,-89.8357634,0.0799763857,0.000354214198,FollowWall,following_right_wall,0,14,42,0.426515371,0.756496131,1,1,1,0.245211676,0.760170704,0.760170704,1,0,0,0,0
59.15,2.24161613,-1.605572,-89.8338244,0.0799763857,0.000354214198,FollowWall,following_right_wall,0,14,42,0.426515371,0.756496131,1,1,1,0.245211676,0.756170031,0.756170031,1,0,0,0,0
59.2,2.24162778,-1.60957014,-89.8322706,0.0799438244,0.000842633315,FollowWall,following_right_wall,0,14,42,0.426404864,0.748468548,1,1,1,0.244904846,0.752169482,0.752169482,1,0,0,0,0
59.25,2.24163955,-1.61356788,-89.8303583,0.0799438244,0.000842633315,FollowWall,following_right_wall,0,14,42,0.426404864,0.748468548,1,1,1,0.244904846,0.748168778,0.748168778,1,0,0,0,0
59.3,2.24165146,-1.61756538,-89.828237,0.07991053,0.00134205061,FollowWall,following_right_wall,0,14,42,0.426326782,0.740434052,1,1,1,0.244927391,0.744167986,0.744167986,1,0,0,0,0
59.35,2.24166354,-1.62156205,-89.8253976,0.07991053,0.00134205061,FollowWall,following_right_wall,0,14,42,0.426326782,0.740434052,1,1,1,0.244927391,0.74016691,0.74016691,1,0,0,0,0
59.4,2.24167583,-1.62555824,-89.8221394,0.0798780908,0.00182863763,FollowWall,following_right_wall,0,14,42,0.426297963,0.732416064,1,1,1,0.244887263,0.73616567,0.73616567,1,0,0,0,0
59.45,2.24168837,-1.62955346,-89.818056,0.0798780908,0.00182863763,FollowWall,following_right_wall,0,14,42,0.426297963,0.732416064,1,1,1,0.244887263,0.732164109,0.732164109,1,0,0,0,0
59.5,2.24170122,-1.63354813,-89.8134912,0.0798372033,0.00244195011,FollowWall,following_right_wall,0,14,42,0.426324904,0.724430738,1,1,1,0.244683132,0.728162362,0.728162362,1,0,0,0,0
59.55,2.24171441,-1.63754162,-89.8079135,0.0798372033,0.00244195011,FollowWall,following_right_wall,0,14,42,0.426324904,0.724430738,1,1,1,0.244683132,0.724160222,0.724160222,1,0,0,0,0
59.6,2.24172801,-1.64153441,-89.801745,0.0798211454,0.00268281916,FollowWall,following_right_wall,0,14,42,0.426414639,0.716398197,1,1,1,0.244632691,0.720157856,0.720157856,1,0,0,0,0
59.65,2.24174206,-1.64552648,-89.7949444,0.0798211454,0.00268281916,FollowWall,following_right_wall,0,14,42,0.426414639,0.716398197,1,1,1,0.244632691,0.716155246,0.716155246,1,0,0,0,0
59.7,2.2417566,-1.64951811,-89.7877749,0.0798133278,0.00280008244,FollowWall,following_right_wall,0,14,42,0.426559627,0.708310108,1,1,1,0.244582549,0.712152495,0.712152495,1,0,0,0,0
59.75,2.24177165,-1.65350932,-89.7802504,0.0798133278,0.00280008244,FollowWall,following_right_wall,0,14,42,0.426559627,0.708310108,1,1,1,0.244582549,0.708149609,0.708149609,1,0,0,0,0
59.8,2.24178722,-1.6575003,-89.7725188,0.0797870669,0.00319399594,FollowWall,following_right_wall,0,14,42,0.426751196,0.700251316,1,1,1,0.244280949,0.704146646,0.704146646,1,0,0,0,0
59.85,2.24180335,-1.66149058,-89.7641961,0.0797870669,0.00319399594,FollowWall,following_right_wall,0,14,42,0.426751196,0.700251316,1,1,1,0.244280949,0.700143457,0.700143457,1,0,0,0,0
59.9,2.24182008,-1.66548046,-89.7555286,0.0797811342,0.00328298745,FollowWall,following_right_wall,0,14,42,0.426994354,0.692222297,1,1,1,0.244102716,0.696140138,0.696140138,1,0,0,0,0
59.95,2.24183741,-1.66946998,-89.7465538,0.0797811342,0.00328298745,FollowWall,following_right_wall,0,14,42,0.426994354,0.692222297,1,1,1,0.244102716,0.692136703,0.692136703,1,0,0,0,0
60,2.24185538,-1.67345929,-89.7373998,0.0798367955,0.0024480679,FollowWall,following_right_wall,0,14,42,0.427283376,0.684223406,1,1,1,0.244461283,0.688133203,0.688133203,1,0,0,0,0
60.05,2.24187395,-1.67744963,-89.7291377,0.0798367955,0.0024480679,FollowWall,following_right_wall,0,14,42,0.427283376,0.684223406,1,1,1,0.244461283,0.684130052,0.684130052,1,0,0,0,0
60.1,2.24189309,-1.68144058,-89.721396,0.0798866203,0.00170069507,FollowWall,following_right_wall,0,14,42,0.427584916,0.67625488,1,1,1,0.244736746,0.680127105,0.680127105,1,0,0,0,0
60.15,2.24191273,-1.68543291,-89.71485,0.0798866203,0.00170069507,FollowWall,following_right_wall,0,14,42,0.427584916,0.67625488,1,1,1,0.244736746,0.676124623,0.676124623,1,0,0,0,0
60.2,2.24193281,-1.68942606,-89.7090014,0.079914768,0.00127848053,FollowWall,following_right_wall,0,14,42,0.427882552,0.66831666,1,1,1,0.244794011,0.672122413,0.672122413,1,0,0,0,0
60.25,2.24195327,-1.69342026,-89.7040637,0.079914768,0.00127848053,FollowWall,following_right_wall,0,14,42,0.427882552,0.66831666,1,1,1,0.244794011,0.668120558,0.668120558,1,0,0,0,0
60.3,2.24197405,-1.69741508,-89.6996572,0.0799518349,0.000722477095,FollowWall,following_right_wall,0,14,42,0.428180337,0.660408034,1,1,1,0.244926706,0.66411891,0.66411891,1,0,0,0,0
60.35,2.24199512,-1.70141103,-89.6962244,0.0799518349,0.000722477095,FollowWall,following_right_wall,0,14,42,0.428180337,0.660408034,1,1,1,0.244926706,0.660117639,0.660117639,1,0,0,0,0
60.4,2.24201641,-1.70540764,-89.6933596,0.0799970881,-4.36781699e-05,FollowWall,following_right_wall,0,14,42,0.428476512,0.652528292,1,1,1,0.245185137,0.656116589,0.656116589,1,0,0,0,0
60.45,2.24203786,-1.70940558,-89.6917405,0.0799970881,-4.36781699e-05,FollowWall,following_right_wall,0,14,42,0.428476512,0.652528292,1,1,1,0.245185137,0.652116143,0.652116143,1,0,0,0,0
60.5,2.24205941,-1.71340429,-89.6908482,0.0799564518,-0.000653223663,FollowWall,following_right_wall,0,14,42,0.428761601,0.644471961,1,1,1,0.245340675,0.648116048,0.648116048,1,0,0,0,0
60.55,2.24208097,-1.71740261,-89.6911075,0.0799564518,-0.000653223663,FollowWall,following_right_wall,0,14,42,0.428761601,0.644471961,1,1,1,0.245340675,0.644118133,0.644118133,1,0,0,0,0
60.6,2.2421025,-1.72140069,-89.6920384,0.0799169564,-0.00124565384,FollowWall,following_right_wall,0,14,42,0.429033935,0.636435852,1,1,1,0.245485261,0.640121489,0.640121489,1,0,0,0,0
60.65,2.24212391,-1.72539782,-89.6940683,0.0799169564,-0.00124565384,FollowWall,following_right_wall,0,14,42,0.429033935,0.636435852,1,1,1,0.245485261,0.636127505,0.636127505,1,0,0,0,0
60.7,2.24214516,-1.7293944,-89.6967394,0.0798704124,-0.00194381357,FollowWall,following_right_wall,0,14,42,0.429292917,0.628434153,1,1,1,0.245698467,0.632135071,0.632135071,1,0,0,0,0
60.75,2.24216617,-1.73338967,-89.7006177,0.0798704124,-0.00194381357,FollowWall,following_right_wall,0,14,42,0.429292917,0.628434153,1,1,1,0.245698467,0.628145803,0.628145803,1,0,0,0,0
60.8,2.24218688,-1.7373842,-89.7052003,0.0798687465,-0.00196880233,FollowWall,following_right_wall,0,14,42,0.429533333,0.620417004,1,1,1,0.24539423,0.624158381,0.624158381,1,0,0,0,0
60.85,2.24220726,-1.74137825,-89.7102236,0.0798687465,-0.00196880233,FollowWall,following_right_wall,0,14,42,0.429533333,0.620417004,1,1,1,0.24539423,0.620172116,0.620172116,1,0,0,0,0
60.9,2.24222727,-1.74537203,-89.7155039,0.0798338449,-0.00249232589,FollowWall,following_right_wall,0,14,42,0.429772168,0.612345787,1,1,1,0.245091811,0.616186525,0.616186525,1,0,0,0,0
60.95,2.24224689,-1.74936491,-89.7215591,0.0798338449,-0.00249232589,FollowWall,following_right_wall,0,14,42,0.429772168,0.612345787,1,1,1,0.245091811,0.612203022,0.612203022,1,0,0,0,0
61,2.24226606,-1.75335729,-89.7280663,0.0797795471,-0.00330679353,FollowWall,following_right_wall,0,14,42,0.43000266,0.604308874,1,1,1,0.245011345,0.608220737,0.608220737,1,0,0,0,0
61.05,2.24228473,-1.75734823,-89.7358094,0.0797795471,-0.00330679353,FollowWall,following_right_wall,0,14,42,0.43000266,0.604308874,1,1,1,0.245011345,0.6042418,0.6042418,1,0,0,0,0
61.1,2.24230284,-1.76133833,-89.7442734,0.0797167075,-0.0042493878,FollowWall,following_right_wall,0,14,42,0.430207878,0.596310575,1,1,1,0.24528572,0.600264814,0.600264814,1,0,0,0,0
61.15,2.24232029,-1.76532665,-89.754283,0.0797167075,-0.0042493878,FollowWall,following_right_wall,0,14,42,0.430207878,0.596310575,1,1,1,0.24528572,0.596292021,0.596292021,1,0,0,0,0
61.2,2.24233701,-1.76931392,-89.7651943,0.0797012043,-0.00448193533,FollowWall,following_right_wall,0,14,42,0.430373698,0.58835396,1,1,1,0.245448023,0.592321671,0.592321671,1,0,0,0,0
61.25,2.24235294,-1.77330025,-89.7769091,0.0797012043,-0.00448193533,FollowWall,following_right_wall,0,14,42,0.430373698,0.58835396,1,1,1,0.245448023,0.588353501,0.588353501,1,0,0,0,0
61.3,2.24236803,-1.77728605,-89.7890927,0.0797354607,-0.00396808884,FollowWall,following_right_wall,0,14,42,0.430514604,0.580434247,1,1,1,0.245217115,0.5843866,0.5843866,1,0,0,0,0
61.35,2.2423823,-1.78127224,-89.8009364,0.0797354607,-0.00396808884,FollowWall,following_right_wall,0,14,42,0.430514604,0.580434247,1,1,1,0.245217115,0.580418776,0.580418776,1,0,0,0,0
61.4,2.24239574,-1.78525867,-89.8125817,0.0797184896,-0.0042226557,FollowWall,following_right_wall,0,14,42,0.430662423,0.572542048,1,1,1,0.245528519,0.576450412,0.576450412,1,0,0,0,0
61.45,2.24240837,-1.78924488,-89.8244153,0.0797184896,-0.0042226557,FollowWall,following_right_wall,0,14,42,0.430662423,0.572542048,1,1,1,0.245528519,0.572482557,0.572482557,1,0,0,0,0
61.5,2.24242017,-1.79323096,-89.8363586,0.0797438335,-0.00384249698,FollowWall,following_right_wall,0,14,42,0.43080765,0.564679075,1,1,1,0.245484218,0.568515,0.568515,1,0,0,0,0
61.55,2.24243115,-1.79721751,-89.8479122,0.0797438335,-0.00384249698,FollowWall,following_right_wall,0,14,42,0.43080765,0.564679075,1,1,1,0.245484218,0.564546384,0.564546384,1,0,0,0,0
61.6,2.24244134,-1.80120431,-89.8592384,0.0797837413,-0.00324388023,FollowWall,following_right_wall,0,14,42,0.430959761,0.556841609,1,1,1,0.245337963,0.56057715,0.56057715,1,0,0,0,0
61.65,2.24245077,-1.80519211,-89.8697175,0.0797837413,-0.00324388023,FollowWall,following_right_wall,0,14,42,0.430959761,0.556841609,1,1,1,0.245337963,0.556605615,0.556605615,1,0,0,0,0
61.7,2.2424595,-1.80918048,-89.8797023,0.0798282777,-0.0025758352,FollowWall,following_right_wall,0,14,42,0.431131989,0.548816675,1,1,1,0.24516581,0.552632738,0.552632738,1,0,0,0,0
61.75,2.24246756,-1.81317012,-89.8886015,0.0798282777,-0.0025758352,FollowWall,following_right_wall,0,14,42,0.431131989,0.548816675,1,1,1,0.24516581,0.548656912,0.548656912,1,0,0,0,0
61.8,2.24247503,-1.81716049,-89.8968674,0.0798610761,-0.00208385784,FollowWall,following_right_wall,0,14,42,0.431331247,0.540793605,1,1,1,0.245115325,0.544679367,0.544679367,1,0,0,0,0
61.85,2.24248196,-1.82115198,-89.9041766,0.0798610761,-0.00208385784,FollowWall,following_right_wall,0,14,42,0.431331247,0.540793605,1,1,1,0.245115325,0.540699222,0.540699222,1,0,0,0,0
61.9,2.2424884,-1.82514412,-89.9109277,0.079890273,-0.00164590447,FollowWall,following_right_wall,0,14,42,0.431553692,0.532793336,1,1,1,0.245110005,0.536717562,0.536717562,1,0,0,0,0
61.95,2.24249441,-1.82913725,-89.9168305,0.079890273,-0.00164590447,FollowWall,following_right_wall,0,14,42,0.431553692,0.532793336,1,1,1,0.245110005,0.532733598,0.532733598,1,0,0,0,0
62,2.24250002,-1.83313095,-89.9222385,0.0798856822,-0.00171476704,FollowWall,following_right_wall,0,14,42,0.431793809,0.524816936,1,1,1,0.245449468,0.52874829,0.52874829,1,0,0,0,0
62.05,2.24250525,-1.8371249,-89.9274399,0.0798856822,-0.00171476704,FollowWall,following_right_wall,0,14,42,0.431793809,0.524816936,1,1,1,0.245449468,0.524762421,0.524762421,1,0,0,0,0
62.1,2.24251014,-1.84111898,-89.932521,0.0799266462,-0.00110030697,FollowWall,following_right_wall,0,14,42,0.432032138,0.516868146,1,1,1,0.245380983,0.520776224,0.520776224,1,0,0,0,0
62.15,2.24251469,-1.845114,-89.9367983,0.0799266462,-0.00110030697,FollowWall,following_right_wall,0,14,42,0.432032138,0.516868146,1,1,1,0.245380983,0.516787845,0.516787845,1,0,0,0,0
62.2,2.24251897,-1.84910957,-89.9406069,0.0799703797,-0.000444305015,FollowWall,following_right_wall,0,14,42,0.432278335,0.508944414,1,1,1,0.245304868,0.512798192,0.512798192,1,0,0,0,0
62.25,2.24252301,-1.85310637,-89.9433588,0.0799703797,-0.000444305015,FollowWall,following_right_wall,0,14,42,0.432278335,0.508944414,1,1,1,0.245304868,0.508805669,0.508805669,1,0,0,0,0
62.3,2.24252689,-1.85710388,-89.9454945,0.079970672,-0.000439920439,FollowWall,following_right_wall,0,14,42,0.432540745,0.500903808,1,1,1,0.245659322,0.504811472,0.504811472,1,0,0,0,0
62.35,2.24253063,-1.86110182,-89.9472654,0.079970672,-0.000439920439,FollowWall,following_right_wall,0,14,42,0.432540745,0.500903808,1,1,1,0.245659322,0.500816284,0.500816284,1,0,0,0,0
62.4,2.24253426,-1.8651,-89.9488236,0.0799816909,-0.000274636166,FollowWall,following_right_wall,0,14,42,0.432801187,0.492879133,1,1,1,0.245934084,0.496820518,0.496820518,1,0,0,0,0
62.45,2.24253779,-1.86909856,-89.9500603,0.0799816909,-0.000274636166,FollowWall,following_right_wall,0,14,42,0.432801187,0.492879133,1,1,1,0.245934084,0.492823879,0.492823879,1,0,0,0,0
62.5,2.24254123,-1.87309734,-89.9511096,0.0799821845,0.000267232927,FollowWall,following_right_wall,0,14,42,0.433052629,0.484880929,1,1,1,0.245991886,0.48882673,0.48882673,1,0,0,0,0
62.55,2.24254464,-1.87709626,-89.9514027,0.0799821845,0.000267232927,FollowWall,following_right_wall,0,14,42,0.433052629,0.484880929,1,1,1,0.245991886,0.48482827,0.48482827,1,0,0,0,0
62.6,2.24254803,-1.88109525,-89.9512547,0.0799772782,0.000340826472,FollowWall,following_right_wall,0,14,42,0.433304429,0.47690257,1,1,1,0.246170595,0.480829045,0.480829045,1,0,0,0,0
62.65,2.24255145,-1.88509419,-89.9507615,0.0799772782,0.000340826472,FollowWall,following_right_wall,0,14,42,0.433304429,0.47690257,1,1,1,0.246170595,0.476829339,0.476829339,1,0,0,0,0
62.7,2.24255491,-1.8890931,-89.950067,0.0799937034,9.44482735e-05,FollowWall,following_right_wall,0,14,42,0.43354708,0.468892327,1,1,1,0.246321604,0.472829353,0.472829353,1,0,0,0,0
62.75,2.24255842,-1.89309233,-89.9495491,0.0799937034,9.44482735e-05,FollowWall,following_right_wall,0,14,42,0.43354708,0.468892327,1,1,1,0.246321604,0.468829318,0.468829318,1,0,0,0,0
62.8,2.24256195,-1.89709175,-89.9491343,0.0799798824,0.000301764118,FollowWall,following_right_wall,0,14,42,0.433763206,0.460911508,1,1,1,0.246180698,0.464829254,0.464829254,1,0,0,0,0
62.85,2.24256552,-1.90109099,-89.9485321,0.0799798824,0.000301764118,FollowWall,following_right_wall,0,14,42,0.433763206,0.460911508,1,1,1,0.246180698,0.460829078,0.460829078,1,0,0,0,0
62.9,2.24256914,-1.90509013,-89.9478206,0.0799115778,0.00132633338,FollowWall,following_right_wall,0,14,42,0.433957666,0.452960946,1,1,1,0.245840281,0.456828835,0.456828835,1,0,0,0,0
62.95,2.24257285,-1.90908778,-89.9458224,0.0799115778,0.00132633338,FollowWall,following_right_wall,0,14,42,0.433957666,0.452960946,1,1,1,0.245840281,0.452828078,0.452828078,1,0,0,0,0
63,2.24257673,-1.91308457,-89.9430735,0.0798478147,0.00228277932,FollowWall,following_right_wall,0,14,42,0.434160113,0.44494661,1,1,1,0.245500058,0.448827022,0.448827022,1,0,0,0,0
63.05,2.24258085,-1.91707953,-89.9387452,0.0798478147,0.00228277932,FollowWall,following_right_wall,0,14,42,0.434160113,0.44494661,1,1,1,0.245500058,0.444825346,0.444825346,1,0,0,0,0
63.1,2.2425853,-1.92107341,-89.9334955,0.0798135913,0.00279613015,FollowWall,following_right_wall,0,14,42,0.434384644,0.436901055,1,1,1,0.24533999,0.44082331,0.44082331,1,0,0,0,0
63.15,2.24259016,-1.92506596,-89.9270955,0.0798135913,0.00279613015,FollowWall,following_right_wall,0,14,42,0.434384644,0.436901055,1,1,1,0.24533999,0.436820826,0.436820826,1,0,0,0,0
63.2,2.24259548,-1.92905773,-89.9200245,0.079818099,0.00272851511,FollowWall,following_right_wall,0,14,42,0.434622288,0.42888584,1,1,1,0.245463058,0.432818081,0.432818081,1,0,0,0,0
63.25,2.24260131,-1.93304913,-89.9126429,0.079818099,0.00272851511,FollowWall,following_right_wall,0,14,42,0.434622288,0.42888584,1,1,1,0.245463058,0.428815215,0.428815215,1,0,0,0,0
63.3,2.24260766,-1.93704033,-89.90508,0.0797993979,0.00300903089,FollowWall,following_right_wall,0,14,42,0.434848934,0.420901111,1,1,1,0.245289683,0.424812281,0.424812281,1,0,0,0,0
63.35,2.24261455,-1.94103101,-89.8970765,0.0797993979,0.00300903089,FollowWall,following_right_wall,0,14,42,0.434848934,0.420901111,1,1,1,0.245289683,0.420809177,0.420809177,1,0,0,0,0
63.4,2.24262201,-1.94502139,-89.8888161,0.0797931832,0.0031022525,FollowWall,following_right_wall,0,14,42,0.435063034,0.412946721,1,1,1,0.245173767,0.416805974,0.416805974,1,0,0,0,0
63.45,2.24263005,-1.94901147,-89.8802944,0.0797931832,0.0031022525,FollowWall,following_right_wall,0,14,42,0.435063034,0.412946721,1,1,1,0.245173767,0.412802672,0.412802672,1,0,0,0,0
63.5,2.24263868,-1.95300137,-89.8716205,0.0798359745,0.00246038208,FollowWall,following_right_wall,0,14,42,0.435260862,0.404933577,1,1,1,0.245480865,0.408799313,0.408799313,1,0,0,0,0
63.55,2.2426479,-1.95699205,-89.8636238,0.0798359745,0.00246038208,FollowWall,following_right_wall,0,14,42,0.435260862,0.404933577,1,1,1,0.245480865,0.404796219,0.404796219,1,0,0,0,0
63.6,2.24265767,-1.96098319,-89.8560222,0.0798335201,0.00249719846,FollowWall,following_right_wall,0,14,42,0.435417026,0.396876586,1,1,1,0.24531433,0.40079328,0.40079328,1,0,0,0,0
63.65,2.24266796,-1.96497455,-89.8486071,0.0798335201,0.00249719846,FollowWall,following_right_wall,0,14,42,0.435417026,0.396876586,1,1,1,0.24531433,0.396790416,0.396790416,1,1,0,0,0
63.7,2.24267876,-1.96896604,-89.8413008,0.0798378976,0.00243153528,FollowWall,following_right_wall,0,14,42,0.43553859,0.388850185,1,1,1,0.245178521,0.392787596,0.392787596,1,1,0,0,0
63.75,2.24269006,-1.97295768,-89.8341364,0.0798378976,0.00243153528,FollowWall,following_right_wall,0,14,42,0.43553859,0.388850185,1,1,1,0.245178521,0.388784833,0.388784833,1,1,0,0,0
63.8,2.24270187,-1.97694943,-89.8270547,0.079878967,0.00181549522,FollowWall,following_right_wall,0,14,42,0.435629934,0.380854227,1,1,1,0.245362297,0.384782104,0.384782104,1,1,0,0,0
63.85,2.24271414,-1.98094208,-89.8207566,0.079878967,0.00181549522,FollowWall,following_right_wall,0,14,42,0.435629934,0.380854227,1,1,1,0.245362297,0.380779681,0.380779681,1,1,0,0,0
63.9,2.24272683,-1.98493526,-89.8149157,0.0799125306,0.00131204074,FollowWall,following_right_wall,0,14,42,0.435674965,0.372889413,1,1,1,0.245452449,0.376777436,0.376777436,1,1,0,0,0
63.95,2.24273991,-1.98892945,-89.8099423,0.0799125306,0.00131204074,FollowWall,following_right_wall,0,14,42,0.435674965,0.372889413,1,1,1,0.245452449,0.37277553,0.37277553,1,1,0,0,0
64,2.24275332,-1.99292423,-89.805475,0.0799602936,0.000595596031,FollowWall,following_right_wall,0,14,42,0.435466588,0.364955595,1,1,1,0.245671824,0.368773821,0.368773821,1,1,0,0,0
64.05,2.242767,-1.99692035,-89.8021582,0.0799602936,0.000595596031,FollowWall,following_right_wall,0,14,42,0.435466588,0.364955595,1,1,1,0.245671824,0.364772559,0.364772559,1,1,0,0,0
64.1,2.24278089,-2.00091725,-89.7995124,0.07999716,4.26005595e-05,FollowWall,following_right_wall,0,14,42,0.427338392,0.357017702,1,1,1,0.245784998,0.360771558,0.360771558,1,1,0,0,0
64.15,2.24279494,-2.00491537,-89.7979182,0.07999716,4.26005595e-05,FollowWall,following_right_wall,0,14,42,0.427338392,0.357017702,1,1,1,0.245784998,0.356770965,0.356770965,1,1,0,0,0
64.2,2.24280908,-2.0089142,-89.7969374,0.079939595,-0.000906075417,FollowWall,following_right_wall,0,14,42,0.419234246,0.349000207,1,1,1,0.246158257,0.35277061,0.35277061,1,1,0,0,0
64.25,2.24282323,-2.01291225,-89.7974468,0.079939595,-0.000906075417,FollowWall,following_right_wall,0,14,42,0.419234246,0.349000207,1,1,1,0.246158257,0.34877335,0.34877335,1,1,0,0,0
64.3,2.24283731,-2.01690985,-89.7988255,0.079877966,-0.00183051024,FollowWall,following_right_wall,0,14,42,0.41116026,0.340947536,1,1,1,0.246532992,0.344777894,0.344777894,1,1,0,0,0
64.35,2.24285124,-2.02090589,-89.8018148,0.079877966,-0.00183051024,FollowWall,following_right_wall,0,14,42,0.41116026,0.340947536,1,1,1,0.246532992,0.340786485,0.340786485,1,1,0,0,0
64.4,2.24286492,-2.02490103,-89.8057435,0.0798665919,-0.00200112183,FollowWall,following_right_wall,0,14,42,0.40312019,0.332934304,1,1,1,0.246442243,0.336797438,0.336797438,1,1,0,0,0
64.45,2.2428783,-2.02889541,-89.810424,0.0798665919,-0.00200112183,FollowWall,following_right_wall,0,14,42,0.40312019,0.332934304,1,1,1,0.246442243,0.332810321,0.332810321,1,1,0,0,0
64.5,2.24289134,-2.03288934,-89.8155429,0.0798567201,-0.00214919912,FollowWall,following_right_wall,0,14,42,0.395112813,0.324956452,1,1,1,0.246310264,0.328824328,0.328824328,1,1,0,0,0
64.55,2.242904,-2.03688281,-89.8210943,0.0798567201,-0.00214919912,FollowWall,following_right_wall,0,14,42,0.395112813,0.324956452,1,1,1,0.246310264,0.324839472,0.324839472,1,1,0,0,0
64.6,2.24291627,-2.04087601,-89.8268981,0.0798299489,-0.00255076691,FollowWall,following_right_wall,0,14,42,0.387137026,0.31701107,1,1,1,0.246371999,0.320855278,0.320855278,1,1,0,0,0
64.65,2.2429281,-2.04486849,-89.8333284,0.0798299489,-0.00255076691,FollowWall,following_right_wall,0,14,42,0.387137026,0.31701107,1,1,1,0.246371999,0.316872771,0.316872771,1,1,0,0,0
64.7,2.24293948,-2.04886056,-89.8401241,0.0798310031,-0.00253495308,FollowWall,following_right_wall,0,14,42,0.379193246,0.309098744,1,1,1,0.246226594,0.312891248,0.312891248,1,1,0,0,0
64.75,2.24295038,-2.0528524,-89.8471142,0.0798310031,-0.00253495308,FollowWall,following_right_wall,0,14,42,0.379193246,0.309098744,1,1,1,0.246226594,0.308910247,0.308910247,1,1,0,0,0
64.8,2.24296078,-2.05684412,-89.8542176,0.0798529618,-0.0022055724,FollowWall,following_right_wall,0,14,42,0.371269166,0.301087662,1,1,1,0.245930344,0.304929551,0.304929551,1,1,0,0,0
64.85,2.2429707,-2.06083622,-89.860994,0.0798529618,-0.0022055724,FollowWall,following_right_wall,0,14,42,0.371269166,0.301087662,1,1,1,0.245930344,0.300947965,0.300947965,1,1,0,0,0
64.9,2.24298016,-2.06482855,-89.8675796,0.0798701583,-0.00194762576,FollowWall,following_right_wall,0,14,42,0.363333195,0.293090725,1,1,1,0.245714128,0.29696586,0.29696586,1,1,0,0,0
64.95,2.24298917,-2.06882136,-89.873746,0.0798701583,-0.00194762576,FollowWall,following_right_wall,0,14,42,0.363333195,0.293090725,1,1,1,0.245714128,0.292982615,0.292982615,1,1,0,0,0
65,2.24299776,-2.07281446,-89.8796678,0.0798444692,-0.00233296275,FollowWall,following_right_wall,0,14,42,0.35542506,0.285118363,1,1,1,0.245944813,0.288998705,0.288998705,1,1,0,0,0
65.05,2.24300593,-2.07680719,-89.885907,0.0798444692,-0.00233296275,FollowWall,following_right_wall,0,14,42,0.35542506,0.285118363,1,1,1,0.245944813,0.285015656,0.285015656,1,1,0,0,0
65.1,2.24301366,-2.08079971,-89.8923313,0,0.6,TurnLeft,avoiding_front_obstacle,0,14,42,0.347546518,0.277168472,1,1,1,0.245815665,0.28103311,0.28103311,1,1,0,0,0
65.15,2.24303251,-2.08312861,-89.1798816,0,0.6,TurnLeft,avoiding_front_obstacle,0,14,42,0.347546518,0.277168472,1,1,1,0.245815665,0.277601403,0.277601403,1,1,0,0,0
65.2,2.24306538,-2.08448678,-88.0480887,0,0.6,TurnLeft,avoiding_front_obstacle,0,14,42,0.343805879,0.270855701,1,1,1,0.244794026,0.27450387,0.27450387,1,1,0,0,0
65.25,2.24310188,-2.08527843,-86.6716789,0,0.6,TurnLeft,avoiding_front_obstacle,0,14,42,0.343805879,0.270855701,1,1,1,0.244794026,0.271618546,0.271618546,1,1,0,0,0
65.3,2.24313483,-2.08573955,-85.1525759,0,0.6,TurnLeft,avoiding_front_obstacle,0,14,42,0.342287928,0.265768999,1,1,1,0.244248614,0.268875635,0.268875635,1,1,0,0,0
65.35,2.24316138,-2.08600791,-83.5502353,0,0.6,TurnLeft,avoiding_front_obstacle,0,14,42,0.342287928,0.265768999,1,1,1,0.244248614,0.266235053,0.266235053,1,1,0,0,0
65.4,2.2431813,-2.08616395,-81.8993394,0,0.6,TurnLeft,avoiding_front_obstacle,0,14,42,0.341672927,0.261514384,1,1,1,0.24261409,0.263673988,0.263673988,1,1,0,0,0
65.45,2.24319556,-2.0862546,-80.2201195,0,0.6,TurnLeft,avoiding_front_obstacle,0,14,42,0.341672927,0.261514384,1,1,1,0.24261409,0.261179786,0.261179786,1,1,0,0,0
65.5,2.24320543,-2.08630721,-78.5243773,0,0.6,TurnLeft,avoiding_front_obstacle,0,14,42,0.341497421,0.258484679,1,1,1,0.242294163,0.258745796,0.258745796,1,1,0,0,0
65.55,2.2432121,-2.08633771,-76.8189971,0,0.6,TurnLeft,avoiding_front_obstacle,0,14,42,0.341497421,0.258484679,1,1,1,0.242294163,0.256368919,0.256368919,1,1,0,0,0
65.6,2.24321652,-2.08635538,-75.1079948,0,0.6,TurnLeft,avoiding_front_obstacle,0,14,42,0.340601683,0.252606257,1,0,1,0.243485987,0.254048147,0.254048147,1,1,0,0,0
65.65,2.2432194,-2.08636561,-73.3937128,0,0.6,TurnLeft,avoiding_front_obstacle,0,14,42,0.340601683,0.252606257,1,0,1,0.243485987,0.251783702,0.251783702,1,1,0,0,0
65.7,2.24322126,-2.08637152,-71.6775178,0,0.6,TurnLeft,avoiding_front_obstacle,0,14,42,0.340346277,0.251171883,1,0,1,0.246702924,0.249576514,0.249576514,1,1,0,0,0
65.75,2.24322245,-2.08637493,-69.9602068,0,0.6,TurnLeft,avoiding_front_obstacle,0,14,42,0.340346277,0.251171883,1,0,1,0.246702924,0.24742791,0.24742791,1,1,0,0,0
65.8,2.2432232,-2.08637691,-68.2422448,0,0.6,TurnLeft,avoiding_front_obstacle,0,14,42,0.339469939,0.250813676,1,0,1,0.251035362,0.245339437,0.245339437,1,1,0,0,0
65.85,2.24322367,-2.08637804,-66.523903,0,0.6,TurnLeft,avoiding_front_obstacle,0,14,42,0.339469939,0.250813676,1,0,1,0.251035362,0.243312744,0.243312744,1,1,0,0,0
65.9,2.24322397,-2.08637869,-64.8053398,0,0.6,TurnLeft,avoiding_front_obstacle,0,14,42,0.338886231,0.251527783,1,0,1,0.255899966,0.241349518,0.241349518,1,1,0,0,0
65.95,2.24322415,-2.08637907,-63.0866473,0,0.6,TurnLeft,avoiding_front_obstacle,0,14,42,0.338886231,0.251527783,1,0,1,0.255899966,0.239451446,0.239451446,1,1,0,0,0
66,2.24322427,-2.08637929,-61.3678794,0,0.6,TurnLeft,avoiding_front_obstacle,0,14,42,0.337930411,0.253331726,1,0,1,0.261448503,0.237620188,0.237620188,1,1,0,0,0
66.05,2.24322434,-2.08637941,-59.6490676,0,0.6,TurnLeft,avoiding_front_obstacle,0,14,42,0.337930411,0.253331726,1,0,1,0.261448503,0.235857365,0.235857365,1,1,0,0,0
66.1,2.24322438,-2.08637948,-57.9302301,0,0.6,TurnLeft,avoiding_front_obstacle,0,14,42,0.337236762,0.263791602,1,0,1,0.268381447,0.234164547,0.234164547,1,1,0,0,0
66.15,2.24322441,-2.08637952,-56.2113777,0,0.6,TurnLeft,avoiding_front_obstacle,0,14,42,0.337236762,0.263791602,1,0,1,0.268381447,0.232543248,0.232543248,1,1,0,0,0
66.2,2.24322442,-2.08637955,-54.4925165,0,0.6,TurnLeft,avoiding_front_obstacle,0,14,42,0.337238401,0.268764621,1,0,1,0.2769005,0.230994921,0.230994921,1,1,0,0,0
66.25,2.24322443,-2.08637956,-52.7736502,0,0.6,TurnLeft,avoiding_front_obstacle,0,14,42,0.337238401,0.268764621,1,0,1,0.2769005,0.229520955,0.229520955,1,1,0,0,0
66.3,2.24322444,-2.08637957,-51.054781,0,0.6,TurnLeft,avoiding_front_obstacle,0,14,42,0.337912768,0.275103293,1,0,1,0.287267804,0.228122677,0.228122677,1,1,0,0,0
66.35,2.24322444,-2.08637957,-49.3359101,0,0.6,TurnLeft,avoiding_front_obstacle,0,14,42,0.337912768,0.275103293,1,0,1,0.287267804,0.226801342,0.226801342,1,1,0,0,0
66.4,2.24322444,-2.08637957,-47.6170381,0,0.6,TurnLeft,avoiding_front_obstacle,0,14,42,0.339655191,0.282948133,1,0,1,0.299826652,0.225558139,0.225558139,1,1,0,0,0
66.45,2.24322444,-2.08637957,-45.8981655,0,0.6,TurnLeft,avoiding_front_obstacle,0,14,42,0.339655191,0.282948133,1,0,1,0.299826652,0.224394187,0.224394187,1,1,0,0,0
66.5,2.24322445,-2.08637958,-44.1792926,0,0.6,TurnLeft,avoiding_front_obstacle,0,14,42,0.342308462,0.292481312,1,0,1,0.315706551,0.223310533,0.223310533,1,1,0,0,0
66.55,2.24322445,-2.08637958,-42.4604195,0,0.6,TurnLeft,avoiding_front_obstacle,0,14,42,0.342308462,0.292481312,1,0,1,0.315706551,0.222308152,0.222308152,1,1,0,0,0
66.6,2.24322445,-2.08637958,-40.7415463,0,0.6,TurnLeft,avoiding_front_obstacle,0,14,42,0.346214145,0.31015055,1,0,1,0.335802794,0.221387946,0.221387946,1,1,0,0,0
66.65,2.24322445,-2.08637958,-39.022673,0,0.6,TurnLeft,avoiding_front_obstacle,0,14,42,0.346214145,0.31015055,1,0,1,0.335802794,0.220550743,0.220550743,1,1,0,0,0
66.7,2.24322445,-2.08637958,-37.3037997,0,0.6,TurnLeft,avoiding_front_obstacle,0,14,42,0.351461917,0.3365268,1,0,1,0.360382706,0.219797297,0.219797297,1,1,0,0,0
66.75,2.24322445,-2.08637958,-35.5849263,0,0.6,TurnLeft,avoiding_front_obstacle,0,14,42,0.351461917,0.3365268,1,0,1,0.360382706,0.219128285,0.219128285,1,1,0,0,0
66.8,2.24322445,-2.08637958,-33.866053,0,0.6,TurnLeft,avoiding_front_obstacle,0,14,42,0.358172566,0.357100409,1,0,1,0.358603597,0.218544309,0.218544309,1,1,0,0,0
66.85,2.24322445,-2.08637958,-32.1471796,0,0.6,TurnLeft,avoiding_front_obstacle,0,14,42,0.358172566,0.357100409,1,0,1,0.358603597,0.218045896,0.218045896,1,1,0,0,0
66.9,2.24322445,-2.08637958,-30.4283062,0,0.6,TurnLeft,avoiding_front_obstacle,0,14,42,0.365992248,0.392407207,1,0,1,0.357258588,0.217633493,0.217633493,1,1,0,0,0
66.95,2.24322445,-2.08637958,-28.7094328,0,0.6,TurnLeft,avoiding_front_obstacle,0,14,42,0.365992248,0.392407207,1,0,1,0.357258588,0.217307472,0.217307472,1,1,0,0,0
67,2.24322445,-2.08637958,-26.9905594,0,0.6,TurnLeft,avoiding_front_obstacle,0,14,42,0.375427514,0.435674191,1,0,1,0.354310662,0.217068126,0.217068126,1,1,0,0,0
67.05,2.24322445,-2.08637958,-25.2716861,0,0.6,TurnLeft,avoiding_front_obstacle,0,14,42,0.375427514,0.435674191,1,0,1,0.354310662,0.216915671,0.216915671,1,1,0,0,0
67.1,2.24322445,-2.08637958,-23.5528127,0,0.6,TurnLeft,avoiding_front_obstacle,0,14,42,0.386830837,0.484988208,1,0,1,0.354756445,0.216850243,0.216850243,1,1,0,0,0
67.15,2.24322445,-2.08637958,-21.8339393,0,0.6,TurnLeft,avoiding_front_obstacle,0,14,42,0.386830837,0.484988208,1,0,1,0.354756445,0.216871903,0.216850243,1,1,0,0,0
67.2,2.24322445,-2.08637958,-20.1150659,0,0.6,TurnLeft,avoiding_front_obstacle,0,14,42,0.400508583,0.511143969,1,0,1,0.345930547,0.216980629,0.216850243,1,1,0,0,0
67.25,2.24322445,-2.08637958,-18.3961925,0,0.6,TurnLeft,avoiding_front_obstacle,0,14,42,0.400508583,0.511143969,1,0,1,0.345930547,0.217176324,0.216850243,1,1,0,0,0
67.3,2.24322445,-2.08637958,-16.6773191,0,0.6,TurnLeft,avoiding_front_obstacle,0,14,42,0.416858077,0.507082677,1,0,1,0.337411761,0.217458813,0.216850243,1,1,0,0,0
67.35,2.24322445,-2.08637958,-14.9584457,0,0.6,TurnLeft,avoiding_front_obstacle,0,14,42,0.416858077,0.507082677,1,0,1,0.337411761,0.217827841,0.216850243,1,1,0,0,0
67.4,2.24322445,-2.08637958,-13.2395724,0,0.6,TurnLeft,avoiding_front_obstacle,0,14,42,0.4363994,0.505043862,1,0,1,0.329426378,0.218283075,0.216850243,1,1,0,0,0
67.45,2.24322445,-2.08637958,-11.520699,0,0.6,TurnLeft,avoiding_front_obstacle,0,14,42,0.4363994,0.505043862,1,0,1,0.329426378,0.218824107,0.216850243,1,1,0,0,0
67.5,2.24322445,-2.08637958,-9.80182559,0,0.6,TurnLeft,avoiding_front_obstacle,0,14,42,0.459822118,0.504985827,1,0,1,0.324634999,0.219450449,0.216850243,1,1,0,0,0
67.55,2.24322445,-2.08637958,-8.0829522,0,0.6,TurnLeft,avoiding_front_obstacle,0,14,42,0.459822118,0.504985827,1,0,1,0.324634999,0.220161538,0.216850243,1,1,0,0,0
67.6,2.24322445,-2.08637958,-6.36407882,0,0.6,TurnLeft,avoiding_front_obstacle,0,14,42,0.488055944,0.506903011,1,0,1,0.321405351,0.220956733,0.216850243,1,1,0,0,0
67.65,2.24322445,-2.08637958,-4.64520543,0,0.6,TurnLeft,avoiding_front_obstacle,0,14,42,0.488055944,0.506903011,1,0,1,0.321405351,0.221835319,0.216850243,1,1,0,0,0
67.7,2.24322445,-2.08637958,-2.92633205,0,0.6,TurnLeft,avoiding_front_obstacle,0,14,42,0.522380531,0.510825453,1,0,1,0.318858206,0.222796506,0.216850243,1,1,0,0,0
67.75,2.24322445,-2.08637958,-1.20745866,0,0.6,TurnLeft,avoiding_front_obstacle,0,14,42,0.522380531,0.510825453,1,0,1,0.318858206,0.223839428,0.216850243,1,1,0,0,0
67.8,2.24322445,-2.08637958,0.511414723,0,0.6,TurnLeft,avoiding_front_obstacle,0,14,42,0.564602315,0.514041216,1,0,1,0.317303389,0.223713542,0.216850243,1,1,0,0,0
67.85,2.24322445,-2.08637958,2.23028811,0,0.6,TurnLeft,avoiding_front_obstacle,0,14,42,0.564602315,0.514041216,1,0,1,0.317303389,0.220718406,0.216850243,1,1,0,0,0
67.9,2.24322445,-2.08637958,3.94916149,0,0.6,TurnLeft,avoiding_front_obstacle,0,14,42,0.585273027,0.509594388,1,0,1,0.315104336,0.217806876,0.216850243,1,1,0,0,0
67.95,2.24322445,-2.08637958,5.66803488,0,0.6,TurnLeft,avoiding_front_obstacle,0,14,42,0.585273027,0.509594388,1,0,1,0.315104336,0.214981571,0.214981571,1,1,0,0,0
68,2.24322445,-2.08637958,7.38690826,0,0.6,TurnLeft,avoiding_front_obstacle,0,14,42,0.584871471,0.507176866,1,0,1,0.31408301,0.212245035,0.212245035,1,1,0,0,0
68.05,2.24322445,-2.08637958,9.10578165,0,0.6,TurnLeft,avoiding_front_obstacle,0,14,42,0.584871471,0.507176866,1,0,1,0.31408301,0.209599729,0.209599729,1,1,0,0,0
68.1,2.24322445,-2.08637958,10.824655,0,0,FollowWall,front_obstacle_cleared,0,14,42,0.584437191,0.5067483,1,1,1,0.313912123,0.207048036,0.207048036,1,1,0,0,0
68.15,2.24322445,-2.08637958,11.8273312,0.0566965691,-0.349551464,FollowWall,following_right_wall,0,14,42,0.584437191,0.5067483,1,1,1,0.313912123,0.205603695,0.205603695,1,1,0,0,0
68.2,2.24438019,-2.08613579,11.9949793,0.0561774788,-0.357337818,FollowWall,following_right_wall,0,14,42,0.583581328,0.505903696,1,1,1,0.314381033,0.205609205,0.205603695,1,1,0,0,0
68.25,2.24620008,-2.08575458,11.6662334,0.0561774788,-0.357337818,FollowWall,following_right_wall,0,14,42,0.583581328,0.505903696,1,1,1,0.314381033,0.206458533,0.205603695,1,1,0,0,0
68.3,2.24841093,-2.08531052,11.0479244,0.0570788189,-0.343817716,FollowWall,following_right_wall,0,14,42,0.579266548,0.501645682,1,1,1,0.315062582,0.207792639,0.205603695,1,1,0,0,0
68.35,2.25087225,-2.08484712,10.2768419,0.0570788189,-0.343817716,FollowWall,following_right_wall,0,14,42,0.579266548,0.501645682,1,1,1,0.315062582,0.209383426,0.205603695,1,1,0,0,0
68.4,2.25348335,-2.08439391,9.41664166,0.0580874423,-0.328688366,FollowWall,following_right_wall,0,14,42,0.574093699,0.496540887,1,1,1,0.31589058,0.211116918,0.205603695,1,1,0,0,0
68.45,2.25620571,-2.08396421,8.52251534,0.0580874423,-0.328688366,FollowWall,following_right_wall,0,14,42,0.574093699,0.496540887,1,1,1,0.31589058,0.212902352,0.205603695,1,1,0,0,0
68.5,2.2589957,-2.08356885,7.60859882,0.0599861297,-0.300208055,FollowWall,following_right_wall,0,14,42,0.569011033,0.491266523,1,1,1,0.317294359,0.214709411,0.205603695,1,1,0,0,0
68.55,2.26186658,-2.08320806,6.71713388,0.0599861297,-0.300208055,FollowWall,following_right_wall,0,14,42,0.569011033,0.491266523,1,1,1,0.317294359,0.216472151,0.205603695,1,1,0,0,0
68.6,2.26478653,-2.08288683,5.83876569,0.0606931286,-0.289603071,FollowWall,following_right_wall,0,14,42,0.563362777,0.486756041,1,1,1,0.317812562,0.21819849,0.205603695,1,1,0,0,0
68.65,2.26775128,-2.08260607,4.98069605,0.0606931286,-0.289603071,FollowWall,following_right_wall,0,14,42,0.563362777,0.486756041,1,1,1,0.317812562,0.219874339,0.205603695,1,1,0,0,0
68.7,2.27074341,-2.08236756,4.13446722,0.05,-0.103702962,FollowWall,following_with_distance_only,0,14,42,0.557224631,0.482272685,1,0,1,0.319135308,0.221510111,0.205603695,1,1,0,0,0
68.75,2.2735298,-2.08218123,3.51704745,0.05,-0.103702962,FollowWall,following_with_distance_only,0,14,42,0.557224631,0.482272685,1,0,1,0.319135308,0.222729148,0.205603695,1,1,0,0,0
68.8,2.27619613,-2.08202866,3.03309962,0.05,-0.105495036,FollowWall,following_with_distance_only,0,14,42,0.551908612,0.478058845,1,0,1,0.320330024,0.223698909,0.205603695,1,1,0,0,0
68.85,2.27879253,-2.08190036,2.62487129,0.05,-0.105495036,FollowWall,following_with_distance_only,0,14,42,0.551908612,0.478058845,1,0,1,0.320330024,0.22452177,0.205603695,1,1,0,0,0
68.9,2.28134829,-2.08179132,2.26081268,0.05,-0.107133821,FollowWall,following_with_distance_only,0,14,42,0.54697454,0.473925529,1,0,1,0.321422547,0.225254219,0.205603695,1,1,0,0,0
68.95,2.28388048,-2.08169888,1.92056358,0.05,-0.107133821,FollowWall,following_with_distance_only,0,14,42,0.54697454,0.473925529,1,0,1,0.321422547,0.225932696,0.205603695,1,1,0,0,0
69,2.28639906,-2.08162161,1.59420336,0.05,-0.10700132,FollowWall,following_with_distance_only,0,14,42,0.542198896,0.469847211,1,0,1,0.321334213,0.226575148,0.205603695,1,1,0,0,0
69.05,2.2889098,-2.08155871,1.27610315,0.05,-0.10700132,FollowWall,following_with_distance_only,0,14,42,0.542198896,0.469847211,1,0,1,0.321334213,0.22719179,0.205603695,1,1,0,0,0
69.1,2.29141605,-2.08150973,0.962821272,0.05,-0.107752874,FollowWall,following_with_distance_only,0,14,42,0.537349284,0.465822008,1,0,1,0.32183525,0.227788865,0.205603695,1,1,0,0,0
69.15,2.29391972,-2.08147446,0.651452992,0.05,-0.107752874,FollowWall,following_with_distance_only,0,14,42,0.537349284,0.465822008,1,0,1,0.32183525,0.228371577,0.205603695,1,1,0,0,0
69.2,2.29642192,-2.08145278,0.341200976,0.05,-0.107846618,FollowWall,following_with_distance_only,0,14,42,0.532428324,0.461417146,1,0,1,0.321897745,0.228941379,0.205603695,1,1,0,0,0
69.25,2.29892324,-2.08144465,0.0314882164,0.05,-0.107846618,FollowWall,following_with_distance_only,0,14,42,0.532428324,0.461417146,1,0,1,0.321897745,0.229499308,0.205603695,1,1,0,0,0
69.3,2.30142401,-2.08145003,-0.277909977,0.05,-0.108688205,FollowWall,following_with_distance_only,0,14,42,0.527125359,0.456249488,1,0,1,0.322458804,0.229366704,0.205603695,1,1,0,0,0
69.35,2.30392439,-2.08146892,-0.588129246,0.05,-0.108688205,FollowWall,following_with_distance_only,0,14,42,0.527125359,0.456249488,1,0,1,0.322458804,0.229145709,0.205603695,1,1,0,0,0
69.4,2.30642445,-2.08150137,-0.898827475,0.05,-0.108640954,FollowWall,following_with_distance_only,0,14,42,0.521882534,0.450270234,1,0,1,0.322427303,0.228913483,0.205603695,1,1,0,0,0
69.45,2.30892418,-2.08154737,-1.20974869,0.05,-0.108640954,FollowWall,following_with_distance_only,0,14,42,0.521882534,0.450270234,1,0,1,0.322427303,0.228670192,0.205603695,1,1,0,0,0
69.5,2.31142356,-2.08160694,-1.52079999,0.05,-0.109599575,FollowWall,following_with_distance_only,0,14,42,0.516716361,0.444384071,1,0,1,0.323066384,0.228415898,0.205603695,1,1,0,0,0
69.55,2.31392254,-2.0816801,-1.83307144,0.05,-0.109599575,FollowWall,following_with_distance_only,0,14,42,0.516716361,0.444384071,1,0,1,0.323066384,0.228149914,0.205603695,1,1,0,0,0
69.6,2.31642106,-2.08176689,-2.14605464,0.05,-0.110837772,FollowWall,following_with_distance_only,0,14,42,0.51162529,0.43858601,1,0,1,0.323891848,0.227872545,0.205603695,1,1,0,0,0
69.65,2.31891906,-2.08186738,-2.46093102,0.05,-0.110837772,FollowWall,following_with_distance_only,0,14,42,0.51162529,0.43858601,1,0,1,0.323891848,0.227583057,0.205603695,1,1,0,0,0
69.7,2.32141646,-2.08198161,-2.77691175,0.05,-0.111238763,FollowWall,following_with_distance_only,0,14,42,0.506608784,0.432872177,1,0,1,0.324159175,0.227281904,0.205603695,1,1,0,0,0
69.75,2.32391319,-2.08210964,-3.09401534,0.05,-0.111238763,FollowWall,following_with_distance_only,0,14,42,0.506608784,0.432872177,1,0,1,0.324159175,0.226969066,0.205603695,1,1,0,0,0
69.8,2.32640916,-2.08225149,-3.41177392,0.05,-0.111070901,FollowWall,following_with_distance_only,0,14,42,0.501666605,0.426803986,1,0,1,0.324047267,0.22664481,0.205603695,1,1,0,0,0
69.85,2.32890431,-2.0824072,-3.72971422,0.05,-0.111070901,FollowWall,following_with_distance_only,0,14,42,0.501666605,0.426803986,1,0,1,0.324047267,0.22630941,0.205603695,1,1,0,0,0
69.9,2.33139856,-2.08257675,-4.04776051,0.05,-0.110372946,FollowWall,following_with_distance_only,0,14,42,0.496797353,0.421126382,1,0,1,0.323581964,0.225962916,0.205603695,1,1,0,0,0
69.95,2.33389182,-2.08276012,-4.36503552,0.05,-0.110372946,FollowWall,following_with_distance_only,0,14,42,0.496797353,0.421126382,1,0,1,0.323581964,0.225605834,0.205603695,1,1,0,0,0
70,2.33638404,-2.08295729,-4.6818606,0.05,-0.110175177,FollowWall,following_with_distance_only,0,14,42,0.491998792,0.415538636,1,0,1,0.323450118,0.225238008,0.205603695,1,1,0,0,0
70.05,2.33887512,-2.08316822,-4.99818717,0.05,-0.110175177,FollowWall,following_with_distance_only,0,14,42,0.491998792,0.415538636,1,0,1,0.323450118,0.224859484,0.205603695,1,1,0,0,0
70.1,2.34136501,-2.0833929,-5.31422293,0.05,-0.110219702,FollowWall,following_with_distance_only,0,14,42,0.486989349,0.410037174,1,0,1,0.323479801,0.22447017,0.205603695,1,1,0,0,0
70.15,2.34385361,-2.08363131,-5.6301422,0.05,-0.110219702,FollowWall,following_with_distance_only,0,14,42,0.486989349,0.410037174,1,0,1,0.323479801,0.224069991,0.205603695,1,1,0,0,0
70.2,2.34634087,-2.08388343,-5.94599352,0.05,-0.109960556,FollowWall,following_with_distance_only,0,14,42,0.481764019,0.404507334,1,0,1,0.323307037,0.223658935,0.205603695,1,1,0,0,0
70.25,2.34882669,-2.08414925,-6.26149586,0.05,-0.109960556,FollowWall,following_with_distance_only,0,14,42,0.481764019,0.404507334,1,0,1,0.323307037,0.22323716,0.205603695,1,1,0,0,0
70.3,2.35131102,-2.08442875,-6.57679465,0.05,-0.110265613,FollowWall,following_with_distance_only,0,14,42,0.476614594,0.398904701,1,0,1,0.323510408,0.222804611,0.205603695,1,1,0,0,0
70.35,2.35379377,-2.08472193,-6.89233882,0.05,-0.110265613,FollowWall,following_with_distance_only,0,14,42,0.476614594,0.398904701,1,0,1,0.323510408,0.222361083,0.205603695,1,1,0,0,0
70.4,2.35627487,-2.08502878,-7.20802613,0.05,-0.110309198,FollowWall,following_with_distance_only,0,14,42,0.47153911,0.393383845,1,0,1,0.323539466,0.221906636,0.205603695,1,1,0,0,0
70.45,2.35875424,-2.08534929,-7.52384897,0.05,-0.110309198,FollowWall,following_with_distance_only,0,14,42,0.47153911,0.393383845,1,0,1,0.323539466,0.221441283,0.205603695,1,1,0,0,0
70.5,2.3612318,-2.08568347,-7.83975086,0.05,-0.110310897,FollowWall,following_with_distance_only,0,14,42,0.466536134,0.387943336,1,0,1,0.323540598,0.220965064,0.205603695,1,1,0,0,0
70.55,2.36370749,-2.0860313,-8.1557009,0.05,-0.110310897,FollowWall,following_with_distance_only,0,14,42,0.466536134,0.387943336,1,0,1,0.323540598,0.220478006,0.205603695,1,1,0,0,0
70.6,2.36618121,-2.08639278,-8.47167903,0.05,-0.109940797,FollowWall,following_with_distance_only,0,14,42,0.461604148,0.382581953,1,0,1,0.323293865,0.219980131,0.205603695,1,1,0,0,0
70.65,2.36865291,-2.08676789,-8.78723176,0.05,-0.109940797,FollowWall,following_with_distance_only,0,14,42,0.461604148,0.382581953,1,0,1,0.323293865,0.219471655,0.205603695,1,1,0,0,0
70.7,2.37112251,-2.0871566,-9.10253635,0.05,-0.109762475,FollowWall,following_with_distance_only,0,14,42,0.456741422,0.37729885,1,0,1,0.323174983,0.218952522,0.205603695,1,1,0,0,0
70.75,2.37358993,-2.08755889,-9.41748332,0.05,-0.109762475,FollowWall,following_with_distance_only,0,14,42,0.456741422,0.37729885,1,0,1,0.323174983,0.218422799,0.205603695,1,1,0,0,0
70.8,2.3760551,-2.08797473,-9.7322217,0.05,-0.109552056,FollowWall,following_with_distance_only,0,14,42,0.45194605,0.372092249,1,0,1,0.323034704,0.217882446,0.205603695,1,1,0,0,0
70.85,2.37851795,-2.0884041,-10.0465872,0.05,-0.109552056,FollowWall,following_with_distance_only,0,14,42,0.45194605,0.372092249,1,0,1,0.323034704,0.217331549,0.205603695,1,1,0,0,0
70.9,2.38097842,-2.08884697,-10.3607352,0.05,-0.109310389,FollowWall,following_with_distance_only,0,14,42,0.44700104,0.366960258,1,0,1,0.322873592,0.216770069,0.205603695,1,1,0,0,0
70.95,2.38343641,-2.08930331,-10.6744679,0.05,-0.109310389,FollowWall,following_with_distance_only,0,14,42,0.44700104,0.366960258,1,0,1,0.322873592,0.216198102,0.205603695,1,1,0,0,0
71,2.38589188,-2.0897731,-10.9879583,0.05,-0.109037831,FollowWall,following_with_distance_only,0,14,42,0.441825658,0.361819245,1,0,1,0.322691888,0.215615608,0.205603695,1,1,0,0,0
71.05,2.38834473,-2.09025631,-11.300982,0.05,-0.109037831,FollowWall,following_with_distance_only,0,14,42,0.441825658,0.361819245,1,0,1,0.322691888,0.21502269,0.205603695,1,1,0,0,0
71.1,2.39079491,-2.09075291,-11.6137335,0.05,-0.108734742,FollowWall,following_with_distance_only,0,14,42,0.436722904,0.352626295,1,0,1,0.322489828,0.214419303,0.205603695,1,1,0,0,0
71.15,2.39324235,-2.09126286,-11.9259644,0.05,-0.108734742,FollowWall,following_with_distance_only,0,14,42,0.436722904,0.352626295,1,0,1,0.322489828,0.213805556,0.205603695,1,1,0,0,0
71.2,2.39568698,-2.09178614,-12.2378917,0.05,-0.109002873,FollowWall,following_with_distance_only,0,14,42,0.431690931,0.347644105,1,0,1,0.322668582,0.213181403,0.205603695,1,1,0,0,0
71.25,2.39812871,-2.09232272,-12.5499618,0.05,-0.109002873,FollowWall,following_with_distance_only,0,14,42,0.431690931,0.347644105,1,0,1,0.322668582,0.212546717,0.205603695,1,1,0,0,0
71.3,2.40056749,-2.09287259,-12.8621153,0.05,-0.108789638,FollowWall,following_with_distance_only,0,14,42,0.426727742,0.342731425,1,0,1,0.322526425,0.211901536,0.205603695,1,1,0,0,0
71.35,2.40300324,-2.09343574,-13.1740629,0.05,-0.108789638,FollowWall,following_with_distance_only,0,14,42,0.426727742,0.342731425,1,0,1,0.322526425,0.211245967,0.205603695,1,1,0,0,0
71.4,2.40543588,-2.09401213,-13.4858905,0.05,-0.108413815,FollowWall,following_with_distance_only,0,14,42,0.421831816,0.337886616,1,0,1,0.322275877,0.210580007,0.205603695,1,1,0,0,0
71.45,2.40786536,-2.09460175,-13.7971993,0.05,-0.108413815,FollowWall,following_with_distance_only,0,14,42,0.421831816,0.337886616,1,0,1,0.322275877,0.209903795,0.205603695,1,1,0,0,0
71.5,2.4102916,-2.09520455,-14.1082056,0.05,-0.107996777,FollowWall,following_with_distance_only,0,14,42,0.417001456,0.333108035,1,0,1,0.321997851,0.209217297,0.205603695,1,1,0,0,0
71.55,2.41271453,-2.0958205,-14.4185376,0.05,-0.107996777,FollowWall,following_with_distance_only,0,14,42,0.417001456,0.333108035,1,0,1,0.321997851,0.208520641,0.205603695,1,1,0,0,0
71.6,2.4151341,-2.09644955,-14.7284762,0.05,-0.107537359,FollowWall,following_with_distance_only,0,14,42,0.412234724,0.32839364,1,0,1,0.321691573,0.207813782,0.205603695,1,1,0,0,0
71.65,2.41755023,-2.09709167,-15.037637,0.05,-0.107537359,FollowWall,following_with_distance_only,0,14,42,0.412234724,0.32839364,1,0,1,0.321691573,0.207096846,0.205603695,1,1,0,0,0
71.7,2.41996286,-2.09774681,-15.3463441,0.05,-0.107034892,FollowWall,following_with_distance_only,0,14,42,0.40750891,0.323741359,1,0,1,0.321356595,0.206369786,0.205603695,1,1,0,0,0
71.75,2.42237193,-2.09841492,-15.6541867,0.05,-0.107034892,FollowWall,following_with_distance_only,0,14,42,0.40750891,0.323741359,1,0,1,0.321356595,0.205632727,0.205603695,1,1,0,0,0
71.8,2.42477738,-2.09909595,-15.9615251,0.05,-0.106488749,FollowWall,following_with_distance_only,0,14,42,0.402411699,0.319148975,1,0,1,0.3209925,0.204885621,0.204885621,1,1,0,0,0
71.85,2.42717915,-2.09978985,-16.2679173,0.05,-0.106488749,FollowWall,following_with_distance_only,0,14,42,0.402411699,0.319148975,1,0,1,0.3209925,0.204128595,0.204128595,1,1,0,0,0
71.9,2.42957718,-2.10049658,-16.5737578,0.05,-0.106326342,FollowWall,following_with_distance_only,0,14,42,0.397383273,0.314614357,1,0,1,0.320884228,0.203361601,0.203361601,1,1,0,0,0
71.95,2.43197141,-2.10121608,-16.8790824,0.05,-0.106326342,FollowWall,following_with_distance_only,0,14,42,0.397383273,0.314614357,1,0,1,0.320884228,0.202584662,0.202584662,1,1,0,0,0
72,2.43436176,-2.10194833,-17.1841062,0.05,-0.106372878,FollowWall,following_with_distance_only,0,14,42,0.392421424,0.310135435,1,0,1,0.320915252,0.201797765,0.201797765,1,1,0,0,0
72.05,2.43674819,-2.10269329,-17.4890099,0.05,-0.106372878,FollowWall,following_with_distance_only,0,14,42,0.392421424,0.310135435,1,0,1,0.320915252,0.201000903,0.201000903,1,1,0,0,0
72.1,2.43913062,-2.10345094,-17.7938438,0.05,-0.106387764,FollowWall,following_with_distance_only,0,14,42,0.387524158,0.305710566,1,0,1,0.320925176,0.200194092,0.200194092,1,1,0,0,0
72.15,2.44150899,-2.10422125,-18.0986545,0.05,-0.106387764,FollowWall,following_with_distance_only,0,14,42,0.387524158,0.305710566,1,0,1,0.320925176,0.199377347,0.199377347,1,1,0,0,0
72.2,2.44388322,-2.1050042,-18.4034518,0.05,-0.106371671,FollowWall,following_with_distance_only,0,14,42,0.382689983,0.295620979,1,0,1,0.320914447,0.198550692,0.198550692,1,1,0,0,0
72.25,2.44625325,-2.10579977,-18.7082221,0.05,-0.106371671,FollowWall,following_with_distance_only,0,14,42,0.382689983,0.295620979,1,0,1,0.320914447,0.19771415,0.19771415,1,1,0,0,0
72.3,2.44861902,-2.10660794,-19.0129766,0.05,-0.106323928,FollowWall,following_with_distance_only,0,14,42,0.377917469,0.291061332,1,0,1,0.320882618,0.196867746,0.196867746,1,1,0,0,0
72.35,2.45098046,-2.10742868,-19.3176649,0.05,-0.106323928,FollowWall,following_with_distance_only,0,14,42,0.377917469,0.291061332,1,0,1,0.320882618,0.196011508,0.196011508,1,1,0,0,0
72.4,2.4533375,-2.10826196,-19.6223146,0.05,-0.106243193,FollowWall,following_with_distance_only,0,14,42,0.373205304,0.286559343,1,0,1,0.320828795,0.195145461,0.195145461,1,1,0,0,0
72.45,2.45569008,-2.10910776,-19.9268453,0.05,-0.106243193,FollowWall,following_with_distance_only,0,14,42,0.373205304,0.286559343,1,0,1,0.320828795,0.194269637,0.194269637,1,1,0,0,0
72.5,2.45803813,-2.10996605,-20.2313068,0.05,-0.106128037,FollowWall,following_with_distance_only,0,14,42,0.36849463,0.282113645,1,0,1,0.320752025,0.193384057,0.193384057,1,1,0,0,0
72.55,2.46038159,-2.11083681,-20.5355903,0.05,-0.106128037,FollowWall,following_with_distance_only,0,14,42,0.36849463,0.282113645,1,0,1,0.320752025,0.192488759,0.192488759,1,1,0,0,0
72.6,2.46272039,-2.11171999,-20.83977,0,0.6,TurnLeft,avoiding_front_obstacle,0,14,42,0.36379987,0.277722928,1,0,1,0.320651233,0.191583764,0.191583764,1,1,0,0,0
72.65,2.46408574,-2.11223239,-20.3010109,0,0.6,TurnLeft,avoiding_front_obstacle,0,14,42,0.36379987,0.277722928,1,0,1,0.320651233,0.19111186,0.19111186,1,1,0,0,0
72.7,2.46488621,-2.11252035,-19.2705376,0,0.6,TurnLeft,avoiding_front_obstacle,0,14,42,0.361574799,0.275447589,1,0,1,0.315808564,0.190925147,0.190925147,1,1,0,0,0
72.75,2.4653565,-2.11267873,-17.9532309,0,0.6,TurnLeft,avoiding_front_obstacle,0,14,42,0.361574799,0.275447589,1,0,1,0.315808564,0.19094168,0.190925147,1,1,0,0,0
72.8,2.46563301,-2.11276438,-16.4686047,0,0.6,TurnLeft,avoiding_front_obstacle,0,14,42,0.361087084,0.274981628,1,0,1,0.309083551,0.191114209,0.190925147,1,1,0,0,0
72.85,2.46579558,-2.11281001,-14.8863755,0,0.6,TurnLeft,avoiding_front_obstacle,0,14,42,0.361087084,0.274981628,1,0,1,0.309083551,0.191414767,0.190925147,1,1,0,0,0
72.9,2.46589113,-2.11283395,-13.2472113,0,0.6,TurnLeft,avoiding_front_obstacle,0,14,42,0.361666441,0.275968618,1,1,1,0.302660644,0.191826489,0.190925147,1,1,0,0,0
72.95,2.46594725,-2.1128463,-11.5748349,0,0.6,TurnLeft,avoiding_front_obstacle,0,14,42,0.361666441,0.275968618,1,1,1,0.302660644,0.192339041,0.190925147,1,1,0,0,0
73,2.46598018,-2.11285254,-9.88308474,0,0.6,TurnLeft,avoiding_front_obstacle,0,14,42,0.361647666,0.278268529,1,1,1,0.297338068,0.192945964,0.190925147,1,1,0,0,0
73.05,2.46599949,-2.11285561,-8.18003324,0,0.6,TurnLeft,avoiding_front_obstacle,0,14,42,0.361647666,0.278268529,1,1,1,0.297338068,0.193643097,0.190925147,1,1,0,0,0
73.1,2.4660108,-2.11285706,-6.4703893,0,0.6,TurnLeft,avoiding_front_obstacle,0,14,42,0.362185031,0.281840303,1,1,1,0.294465274,0.194427638,0.190925147,1,1,0,0,0
73.15,2.46601742,-2.11285771,-4.75689975,0,0.6,TurnLeft,avoiding_front_obstacle,0,14,42,0.362185031,0.281840303,1,1,1,0.294465274,0.195297573,0.190925147,1,1,0,0,0
73.2,2.4660213,-2.11285798,-3.04116694,0,0.6,TurnLeft,avoiding_front_obstacle,0,14,42,0.362175047,0.286708115,1,1,1,0.292387575,0.196251333,0.190925147,1,1,0,0,0
73.25,2.46602356,-2.11285806,-1.32412555,0,0.6,TurnLeft,avoiding_front_obstacle,0,14,42,0.362175047,0.286708115,1,1,1,0.292387575,0.197287588,0.190925147,1,1,0,0,0
73.3,2.46602488,-2.11285807,0.393679167,0,0.6,TurnLeft,avoiding_front_obstacle,0,14,42,0.362396508,0.291517399,1,1,1,0.290208817,0.197443191,0.190925147,1,1,0,0,0
73.35,2.46602565,-2.11285806,2.11192916,0,0.6,TurnLeft,avoiding_front_obstacle,0,14,42,0.362396508,0.291517399,1,1,1,0.290208817,0.194443516,0.190925147,1,1,0,0,0
73.4,2.4660261,-2.11285803,3.83043891,0,0.6,TurnLeft,avoiding_front_obstacle,0,14,42,0.362127364,0.286665266,1,1,1,0.289428413,0.191526775,0.190925147,1,1,0,0,0
73.45,2.46602636,-2.11285801,5.54910017,0,0.6,TurnLeft,avoiding_front_obstacle,0,14,42,0.362127364,0.286665266,1,1,1,0.289428413,0.188695798,0.188695798,1,1,0,0,0
73.5,2.46602651,-2.112858,7.26784981,0,0.6,TurnLeft,avoiding_front_obstacle,0,14,42,0.361981362,0.280848228,1,1,1,0.287090182,0.185953251,0.185953251,1,1,0,0,0
73.55,2.4660266,-2.11285798,8.98665101,0,0.6,TurnLeft,avoiding_front_obstacle,0,14,42,0.361981362,0.280848228,1,1,1,0.287090182,0.18330167,0.18330167,1,1,0,0,0
73.6,2.46602665,-2.11285797,10.7054823,0,0.6,TurnLeft,avoiding_front_obstacle,0,14,42,0.361706734,0.27728003,1,1,1,0.286377162,0.180743484,0.180743484,1,1,0,0,0
73.65,2.46602668,-2.11285797,12.4243311,0,0.6,TurnLeft,avoiding_front_obstacle,0,14,42,0.361706734,0.27728003,1,1,1,0.286377162,0.178281017,0.178281017,1,1,0,0,0
73.7,2.4660267,-2.11285796,14.1431902,0,0.6,TurnLeft,avoiding_front_obstacle,0,14,42,0.361126393,0.274913171,1,0,1,0.288263023,0.175916499,0.175916499,1,1,0,0,0
73.75,2.46602671,-2.11285796,15.8620552,0,0.6,TurnLeft,avoiding_front_obstacle,0,14,42,0.361126393,0.274913171,1,0,1,0.288263023,0.173652066,0.173652066,1,1,0,0,0
73.8,2.46602671,-2.11285796,17.5809237,0,0.6,TurnLeft,avoiding_front_obstacle,0,14,42,0.36104241,0.273709875,1,0,1,0.291360945,0.17148976,0.17148976,1,1,0,0,0
73.85,2.46602672,-2.11285796,19.2997943,0,0.6,TurnLeft,avoiding_front_obstacle,0,14,42,0.36104241,0.273709875,1,0,1,0.291360945,0.169431529,0.169431529,1,1,0,0,0
73.9,2.46602672,-2.11285796,21.018666,0,0.6,TurnLeft,avoiding_front_obstacle,0,14,42,0.359849274,0.273653806,1,0,1,0.29610002,0.167479228,0.167479228,1,1,0,0,0
73.95,2.46602672,-2.11285796,22.7375384,0,0.6,TurnLeft,avoiding_front_obstacle,0,14,42,0.359849274,0.273653806,1,0,1,0.29610002,0.165634614,0.165634614,1,1,0,0,0
74,2.46602672,-2.11285796,24.4564112,0,0.6,TurnLeft,avoiding_front_obstacle,0,14,42,0.359579265,0.274749387,1,0,1,0.302138418,0.163899348,0.163899348,1,1,0,0,0
74.05,2.46602672,-2.11285796,26.1752843,0,0.6,TurnLeft,avoiding_front_obstacle,0,14,42,0.359579265,0.274749387,1,0,1,0.302138418,0.162274992,0.162274992,1,1,0,0,0
74.1,2.46602672,-2.11285796,27.8941575,0,0.6,TurnLeft,avoiding_front_obstacle,0,14,42,0.358351856,0.27702206,1,0,1,0.309723854,0.160763008,0.160763008,1,1,0,0,0
74.15,2.46602672,-2.11285796,29.6130307,0,0.6,TurnLeft,avoiding_front_obstacle,0,14,42,0.358351856,0.27702206,1,0,1,0.309723854,0.159364755,0.159364755,1,1,0,0,0
74.2,2.46602672,-2.11285796,31.3319041,0,0.6,TurnLeft,avoiding_front_obstacle,0,14,42,0.357759088,0.280519441,1,0,1,0.319066286,0.158081494,0.158081494,1,1,0,0,0
74.25,2.46602672,-2.11285796,33.0507774,0,0.6,TurnLeft,avoiding_front_obstacle,0,14,42,0.357759088,0.280519441,1,0,1,0.319066286,0.156914379,0.156914379,1,1,0,0,0
74.3,2.46602672,-2.11285796,34.7696508,0,0.6,TurnLeft,avoiding_front_obstacle,0,14,42,0.35650906,0.293238671,1,0,1,0.330437809,0.155864459,0.155864459,1,1,0,0,0
74.35,2.46602672,-2.11285796,36.4885241,0,0.6,TurnLeft,avoiding_front_obstacle,0,14,42,0.35650906,0.293238671,1,0,1,0.330437809,0.154932681,0.154932681,1,1,0,0,0
74.4,2.46602672,-2.11285796,38.2073975,0,0.6,TurnLeft,avoiding_front_obstacle,0,14,42,0.356462866,0.300457122,1,0,1,0.344192594,0.154119882,0.154119882,1,1,0,0,0
74.45,2.46602672,-2.11285796,39.9262709,0,0.6,TurnLeft,avoiding_front_obstacle,0,14,42,0.356462866,0.300457122,1,0,1,0.344192594,0.153426794,0.153426794,1,1,0,0,0
74.5,2.46602672,-2.11285796,41.6451443,0,0.6,TurnLeft,avoiding_front_obstacle,0,14,42,0.357630908,0.30933156,1,0,1,0.360795766,0.152854041,0.152854041,1,1,0,0,0
74.55,2.46602672,-2.11285796,43.3640177,0,0.6,TurnLeft,avoiding_front_obstacle,0,14,42,0.357630908,0.30933156,1,0,1,0.360795766,0.152402137,0.152402137,1,1,0,0,0
74.6,2.46602672,-2.11285796,45.0828911,0,0.6,TurnLeft,avoiding_front_obstacle,0,14,42,0.36004591,0.320068797,1,0,1,0.38086623,0.152071491,0.152071491,1,1,0,0,0
74.65,2.46602672,-2.11285796,46.8017644,0,0.6,TurnLeft,avoiding_front_obstacle,0,14,42,0.36004591,0.320068797,1,0,1,0.38086623,0.151862399,0.151862399,1,1,0,0,0
74.7,2.46602672,-2.11285796,48.5206378,0,0.6,TurnLeft,avoiding_front_obstacle,0,14,42,0.363764554,0.332934962,1,0,1,0.39702782,0.15177505,0.15177505,1,1,0,0,0
74.75,2.46602672,-2.11285796,50.2395112,0,0.6,TurnLeft,avoiding_front_obstacle,0,14,42,0.363764554,0.332934962,1,0,1,0.39702782,0.151809521,0.15177505,1,1,0,0,0
74.8,2.46602672,-2.11285796,51.9583846,0,0.6,TurnLeft,avoiding_front_obstacle,0,14,42,0.368870288,0.366692863,1,0,1,0.397242665,0.151965783,0.15177505,1,1,0,0,0
74.85,2.46602672,-2.11285796,53.677258,0,0.6,TurnLeft,avoiding_front_obstacle,0,14,42,0.368870288,0.366692863,1,0,1,0.397242665,0.152243695,0.15177505,1,1,0,0,0
74.9,2.46602672,-2.11285796,55.3961314,0,0.6,TurnLeft,avoiding_front_obstacle,0,14,42,0.375477433,0.388439786,1,0,1,0.394061685,0.152643005,0.15177505,1,1,0,0,0
74.95,2.46602672,-2.11285796,57.1150048,0,0.6,TurnLeft,avoiding_front_obstacle,0,14,42,0.375477433,0.388439786,1,0,1,0.394061685,0.153163356,0.15177505,1,1,0,0,0
75,2.46602672,-2.11285796,58.8338781,0,0.6,TurnLeft,avoiding_front_obstacle,0,14,42,0.383737296,0.417819026,1,0,1,0.392750561,0.153804279,0.15177505,1,1,0,0,0
75.05,2.46602672,-2.11285796,60.5527515,0,0.6,TurnLeft,avoiding_front_obstacle,0,14,42,0.383737296,0.417819026,1,0,1,0.392750561,0.154565197,0.15177505,1,1,0,0,0
75.1,2.46602672,-2.11285796,62.2716249,0,0.6,TurnLeft,avoiding_front_obstacle,0,14,42,0.393719405,0.474242424,1,0,1,0.388404906,0.155445424,0.15177505,1,1,0,0,0
75.15,2.46602672,-2.11285796,63.9904983,0,0.6,TurnLeft,avoiding_front_obstacle,0,14,42,0.393719405,0.474242424,1,0,1,0.388404906,0.15644417,0.15177505,1,1,0,0,0
75.2,2.46602672,-2.11285796,65.7093717,0,0.6,TurnLeft,avoiding_front_obstacle,0,14,42,0.405349016,0.521236324,1,0,1,0.382730395,0.157560535,0.15177505,1,1,0,0,0
75.25,2.46602672,-2.11285796,67.4282451,0,0.6,TurnLeft,avoiding_front_obstacle,0,14,42,0.405349016,0.521236324,1,0,1,0.382730395,0.158793515,0.15177505,1,1,0,0,0
75.3,2.46602672,-2.11285796,69.1471184,0,0.6,TurnLeft,avoiding_front_obstacle,0,14,42,0.419331282,0.612108901,1,0,1,0.371500164,0.160142,0.15177505,1,1,0,0,0
75.35,2.46602672,-2.11285796,70.8659918,0,0.6,TurnLeft,avoiding_front_obstacle,0,14,42,0.419331282,0.612108901,1,0,1,0.371500164,0.161604776,0.15177505,1,1,0,0,0
75.4,2.46602672,-2.11285796,72.5848652,0,0.6,TurnLeft,avoiding_front_obstacle,0,14,42,0.43606779,0.722712879,1,0,1,0.361958832,0.163180528,0.15177505,1,1,0,0,0
75.45,2.46602672,-2.11285796,74.3037386,0,0.6,TurnLeft,avoiding_front_obstacle,0,14,42,0.43606779,0.722712879,1,0,1,0.361958832,0.164867836,0.15177505,1,1,0,0,0
75.5,2.46602672,-2.11285796,76.022612,0,0.6,TurnLeft,avoiding_front_obstacle,0,14,42,0.45608288,0.907034739,1,0,1,0.354015708,0.166665183,0.15177505,1,1,0,0,0
75.55,2.46602672,-2.11285796,77.7414854,0,0.6,TurnLeft,avoiding_front_obstacle,0,14,42,0.45608288,0.907034739,1,0,1,0.354015708,0.168570951,0.15177505,1,1,0,0,0
75.6,2.46602672,-2.11285796,79.4603588,0,0.6,TurnLeft,avoiding_front_obstacle,0,14,42,0.480069637,1.18964426,1,0,1,0.346957803,0.170583425,0.15177505,1,1,0,0,0
75.65,2.46602672,-2.11285796,81.1792321,0,0.6,TurnLeft,avoiding_front_obstacle,0,14,42,0.480069637,1.18964426,1,0,1,0.346957803,0.172700793,0.15177505,1,1,0,0,0
75.7,2.46602672,-2.11285796,82.8981055,0,0.6,TurnLeft,avoiding_front_obstacle,0,14,42,0.508958697,1.7520414,1,0,1,0.342411399,0.174921151,0.15177505,1,1,0,0,0
75.75,2.46602672,-2.11285796,84.6169789,0,0.6,TurnLeft,avoiding_front_obstacle,0,14,42,0.508958697,1.7520414,1,0,1,0.342411399,0.177242501,0.15177505,1,1,0,0,0
75.8,2.46602672,-2.11285796,86.3358523,0,0.6,TurnLeft,avoiding_front_obstacle,0,14,42,0.544024825,2.4719452,1,0,1,0.339693248,0.179662752,0.15177505,1,1,0,0,0
75.85,2.46602672,-2.11285796,88.0547257,0,0.6,TurnLeft,avoiding_front_obstacle,0,14,42,0.544024825,2.4719452,1,0,1,0.339693248,0.182179728,0.15177505,1,1,0,0,0
75.9,2.46602672,-2.11285796,89.7735991,0,0.6,TurnLeft,avoiding_front_obstacle,0,14,42,0.587057054,2.47064623,1,0,1,0.338013649,0.184791163,0.15177505,1,1,0,0,0
75.95,2.46602672,-2.11285796,91.4924725,0,0.6,TurnLeft,avoiding_front_obstacle,0,14,42,0.587057054,2.47064623,1,0,1,0.338013649,0.182858587,0.15177505,1,1,0,0,0
76,2.46602672,-2.11285796,93.2113458,0,0.6,TurnLeft,avoiding_front_obstacle,0,14,42,0.640641689,2.47260432,1,0,1,0.335681111,0.180316505,0.15177505,1,1,0,0,0
76.05,2.46602672,-2.11285796,94.9302192,0,0.6,TurnLeft,avoiding_front_obstacle,0,14,42,0.640641689,2.47260432,1,0,1,0.335681111,0.177870559,0.15177505,1,1,0,0,0
76.1,2.46602672,-2.11285796,96.6490926,0,0,FollowWall,front_obstacle_cleared,0,14,42,0.708656311,2.47993721,1,1,1,0.334854692,0.175522949,0.15177505,1,1,0,0,0
76.15,2.46602672,-2.11285796,97.6517688,0.06034799,-0.29478015,FollowWall,following_right_wall,0,14,42,0.708656311,2.47993721,1,1,1,0.334854692,0.174199767,0.15177505,1,1,0,0,0
76.2,2.46585678,-2.11161224,97.8847953,0.0593336802,-0.309994798,FollowWall,following_right_wall,0,14,42,0.700809777,2.48365679,1,1,1,0.333991915,0.175142903,0.15177505,1,1,0,0,0
76.25,2.46559059,-2.1096608,97.6506984,0.0593336802,-0.309994798,FollowWall,following_right_wall,0,14,42,0.700809777,2.48365679,1,1,1,0.333991915,0.177398314,0.15177505,1,1,0,0,0
76.3,2.46528352,-2.10729565,97.1441128,0.0599379101,-0.300931349,FollowWall,following_right_wall,0,14,42,0.709228575,2.47654952,1,1,1,0.335507691,0.180427702,0.15177505,1,1,0,0,0
76.35,2.46497017,-2.10467436,96.4893943,0.0599379101,-0.300931349,FollowWall,following_right_wall,0,14,42,0.709228575,2.47654952,1,1,1,0.335507691,0.183920461,0.15177505,1,1,0,0,0
76.4,2.46467292,-2.10190156,95.7482648,0.061392093,-0.279118605,FollowWall,following_right_wall,0,14,42,0.691338956,2.46690154,1,1,1,0.336621314,0.187697284,0.15177505,1,1,0,0,0
76.45,2.46440121,-2.09900856,94.9827659,0.061392093,-0.279118605,FollowWall,following_right_wall,0,14,42,0.691338956,2.46690154,1,1,1,0.336621314,0.191646719,0.15177505,1,1,0,0,0
76.5,2.46416306,-2.0960441,94.2030516,0.0622494718,-0.266257923,FollowWall,following_right_wall,0,14,42,0.661332905,2.45809458,1,1,1,0.337147206,0.195707296,0.15177505,1,1,0,0,0
76.55,2.46396126,-2.09301912,93.4303963,0.0622494718,-0.266257923,FollowWall,following_right_wall,0,14,42,0.661332905,2.45809458,1,1,1,0.337147206,0.199838244,0.15177505,1,1,0,0,0
76.6,2.46379836,-2.08995809,92.6618587,0.0638875511,-0.241686733,FollowWall,following_right_wall,0,14,42,0.634231031,2.45090726,1,1,1,0.338478237,0.204018674,0.15177505,1,1,0,0,0
76.65,2.46367354,-2.08684147,91.9250529,0.0638875511,-0.241686733,FollowWall,following_right_wall,0,14,42,0.634231031,2.45090726,1,1,1,0.338478237,0.208226389,0.15177505,1,1,0,0,0
76.7,2.46358745,-2.08369217,91.2067571,0.05,-0.135019764,FollowWall,following_with_distance_only,0,14,42,0.610870123,2.44338613,1,0,1,0.340013176,0.21245608,0.15177505,1,1,0,0,0
76.75,2.46354138,-2.0808131,90.6265833,0.05,-0.135019764,FollowWall,following_with_distance_only,0,14,42,0.610870123,2.44338613,1,0,1,0.340013176,0.216219722,0.15177505,1,1,0,0,0
76.8,2.46352349,-2.07809181,90.1269806,0.05,-0.136161581,FollowWall,following_with_distance_only,0,14,42,0.594730496,2.43712502,1,0,1,0.340774387,0.219711191,0.15177505,1,1,0,0,0
76.85,2.46352808,-2.0754627,89.6730148,0.05,-0.136161581,FollowWall,following_with_distance_only,0,14,42,0.594730496,2.43712502,1,0,1,0.340774387,0.222031041,0.15177505,1,1,0,0,0
76.9,2.46355238,-2.0728875,89.2456705,0.05,-0.135739803,FollowWall,following_with_distance_only,0,14,42,0.582207382,2.43139022,1,0,1,0.340493202,0.223949642,0.15177505,1,1,0,0,0
76.95,2.463595,-2.07034392,88.8343589,0.05,-0.135739803,FollowWall,following_with_distance_only,0,14,42,0.582207382,2.43139022,1,0,1,0.340493202,0.225866671,0.15177505,1,1,0,0,0
77,2.46365524,-2.06781901,88.4323996,0.05,-0.136377588,FollowWall,following_with_distance_only,0,14,42,0.571125507,2.42638786,1,0,1,0.340918392,0.227784447,0.15177505,1,1,0,0,0
77.05,2.46373275,-2.06530525,88.0351347,0.05,-0.136377588,FollowWall,following_with_distance_only,0,14,42,0.571125507,2.42638786,1,0,1,0.340918392,0.229703205,0.15177505,1,1,0,0,0
77.1,2.4638274,-2.06279832,87.640608,0.05,-0.136950508,FollowWall,following_with_distance_only,0,14,42,0.560750782,2.42193392,1,0,1,0.341300339,0.23162424,0.15177505,1,1,0,0,0
77.15,2.46393912,-2.06029573,87.2469948,0.05,-0.136950508,FollowWall,following_with_distance_only,0,14,42,0.560750782,2.42193392,1,0,1,0.341300339,0.23354728,0.15177505,1,1,0,0,0
77.2,2.46406792,-2.05779607,86.8539145,0.05,-0.137902826,FollowWall,following_with_distance_only,0,14,42,0.550828338,2.41797836,1,0,1,0.341935217,0.235473161,0.15177505,1,1,0,0,0
77.25,2.4642138,-2.0552986,86.4600083,0.05,-0.137902826,FollowWall,following_with_distance_only,0,14,42,0.550828338,2.41797836,1,0,1,0.341935217,0.237400698,0.15177505,1,1,0,0,0
77.3,2.46437682,-2.05280291,86.0656203,0.05,-0.137980297,FollowWall,following_with_distance_only,0,14,42,0.541252673,2.41451164,1,0,1,0.341986865,0.239330837,0.15177505,1,1,0,0,0
77.35,2.46455699,-2.05030882,85.6708588,0.05,-0.137980297,FollowWall,following_with_distance_only,0,14,42,0.541252673,2.41451164,1,0,1,0.341986865,0.241263956,0.15177505,1,1,0,0,0
77.4,2.46475432,-2.04781627,85.2758794,0.05,-0.138294652,FollowWall,following_with_distance_only,0,14,42,0.532007575,2.41153043,1,0,1,0.342196435,0.243200372,0.15177505,1,1,0,0,0
77.45,2.46496883,-2.04532529,84.8803976,0.05,-0.138294652,FollowWall,following_with_distance_only,0,14,42,0.532007575,2.41153043,1,0,1,0.342196435,0.245139706,0.15177505,1,1,0,0,0
77.5,2.46520053,-2.04283593,84.4846229,0.05,-0.137458473,FollowWall,following_with_distance_only,0,14,42,0.523075581,2.40903378,1,0,1,0.341638982,0.247082233,0.15177505,1,1,0,0,0
77.55,2.46544939,-2.04034828,84.0896753,0.05,-0.137458473,FollowWall,following_with_distance_only,0,14,42,0.523075581,2.40903378,1,0,1,0.341638982,0.249029431,0.15177505,1,1,0,0,0
77.6,2.46571538,-2.03786243,83.6952103,0.05,-0.137453109,FollowWall,following_with_distance_only,0,14,42,0.514474034,2.04498382,1,0,1,0.341635406,0.250980735,0.15177505,1,1,0,0,0
77.65,2.46599848,-2.03537849,83.3010331,0.05,-0.137453109,FollowWall,following_with_distance_only,0,14,42,0.514474034,2.04498382,1,0,1,0.341635406,0.252935786,0.15177505,1,1,0,0,0
77.7,2.46629865,-2.03289656,82.9070238,0.05,-0.13760756,FollowWall,following_with_distance_only,0,14,42,0.506178617,1.74699143,1,0,1,0.341738373,0.25489433,0.15177505,1,1,0,0,0
77.75,2.46661588,-2.03041676,82.5129282,0.05,-0.13760756,FollowWall,following_with_distance_only,0,14,42,0.506178617,1.74699143,1,0,1,0.341738373,0.256855938,0.15177505,1,1,0,0,0
77.8,2.46695016,-2.02793921,82.1187821,0.05,-0.138267204,FollowWall,following_with_distance_only,0,14,42,0.498161316,1.62200863,1,0,1,0.342178136,0.25882057,0.15177505,1,1,0,0,0
77.85,2.46730149,-2.02546402,81.7238193,0.05,-0.138267204,FollowWall,following_with_distance_only,0,14,42,0.498161316,1.62200863,1,0,1,0.342178136,0.260787152,0.15177505,1,1,0,0,0
77.9,2.46766989,-2.02299131,81.32838,0.05,-0.138970524,FollowWall,following_with_distance_only,0,14,42,0.490389943,1.43120339,1,0,1,0.342647016,0.262756052,0.15177505,1,1,0,0,0
77.95,2.46805537,-2.0205212,80.9318232,0.05,-0.138970524,FollowWall,following_with_distance_only,0,14,42,0.490389943,1.43120339,1,0,1,0.342647016,0.264726388,0.15177505,1,1,0,0,0
78,2.46845794,-2.01805383,80.5346146,0.05,-0.13962391,FollowWall,following_with_distance_only,0,14,42,0.482843429,1.34455377,1,0,1,0.343082607,0.266698683,0.15177505,1,1,0,0,0
78.05,2.46887764,-2.01558931,80.1362458,0.05,-0.13962391,FollowWall,following_with_distance_only,0,14,42,0.482843429,1.34455377,1,0,1,0.343082607,0.268672241,0.15177505,1,1,0,0,0
78.1,2.46931448,-2.01312777,79.7372002,0.05,-0.140240908,FollowWall,following_with_distance_only,0,14,42,0.475509733,1.20507882,1,0,1,0.343493938,0.270647593,0.15177505,1,1,0,0,0
78.15,2.46976848,-2.01066934,79.3370234,0.05,-0.140240908,FollowWall,following_with_distance_only,0,14,42,0.475509733,1.20507882,1,0,1,0.343493938,0.272624123,0.15177505,1,1,0,0,0
78.2,2.47023965,-2.00821414,78.9361866,0.05,-0.140819594,FollowWall,following_with_distance_only,0,14,42,0.468379945,1.14171461,1,0,1,0.34387973,0.274602331,0.15177505,1,1,0,0,0
78.25,2.47072801,-2.0057623,78.5342742,0.05,-0.140819594,FollowWall,following_with_distance_only,0,14,42,0.468379945,1.14171461,1,0,1,0.34387973,0.276581657,0.15177505,1,1,0,0,0
78.3,2.47123357,-2.00331396,78.1317342,0.05,-0.141358137,FollowWall,following_with_distance_only,0,14,42,0.461446136,1.03125988,1,0,1,0.344238758,0.278562559,0.15177505,1,1,0,0,0
78.35,2.47175633,-2.00086922,77.7281854,0.05,-0.141358137,FollowWall,following_with_distance_only,0,14,42,0.461446136,1.03125988,1,0,1,0.344238758,0.280544525,0.15177505,1,1,0,0,0
78.4,2.47229632,-1.99842824,77.3240481,0.05,-0.141854972,FollowWall,following_with_distance_only,0,14,42,0.454700619,0.982694814,1,0,1,0.344569981,0.282527966,0.15177505,1,1,0,0,0
78.45,2.47285353,-1.99599113,76.9189744,0.05,-0.141854972,FollowWall,following_with_distance_only,0,14,42,0.454700619,0.982694814,1,0,1,0.344569981,0.284512417,0.15177505,1,1,0,0,0
78.5,2.47342797,-1.99355802,76.5133546,0.05,-0.142308623,FollowWall,following_with_distance_only,0,14,42,0.448135823,0.900824111,1,0,1,0.344872415,0.286498239,0.15177505,1,1,0,0,0
78.55,2.47401964,-1.99112904,76.1068746,0.05,-0.142308623,FollowWall,following_with_distance_only,0,14,42,0.448135823,0.900824111,1,0,1,0.344872415,0.288485011,0.15177505,1,1,0,0,0
78.6,2.47462853,-1.98870432,75.6998928,0.05,-0.142717972,FollowWall,following_with_distance_only,0,14,42,0.441744119,0.836749725,1,0,1,0.345145315,0.290473046,0.15177505,1,1,0,0,0
78.65,2.47525465,-1.986284,75.2921298,0.05,-0.142717972,FollowWall,following_with_distance_only,0,14,42,0.441744119,0.836749725,1,0,1,0.345145315,0.292461966,0.15177505,1,1,0,0,0
78.7,2.47589799,-1.98386819,74.883911,0.05,-0.143082172,FollowWall,following_with_distance_only,0,14,42,0.435517877,0.802787563,1,0,1,0.345388114,0.294452036,0.15177505,1,1,0,0,0
78.75,2.47655853,-1.98145703,74.4749916,0.05,-0.143082172,FollowWall,following_with_distance_only,0,14,42,0.435517877,0.802787563,1,0,1,0.345388114,0.296442919,0.15177505,1,1,0,0,0
78.8,2.47723628,-1.97905066,74.0656635,0.05,-0.143400773,FollowWall,following_with_distance_only,0,14,42,0.429449409,0.746512403,1,0,1,0.345600516,0.298434833,0.15177505,1,1,0,0,0
78.85,2.47793121,-1.97664918,73.6557167,0.05,-0.143400773,FollowWall,following_with_distance_only,0,14,42,0.429449409,0.746512403,1,0,1,0.345600516,0.30042748,0.15177505,1,1,0,0,0
78.9,2.47864332,-1.97425275,73.2454091,0.05,-0.144326359,FollowWall,following_with_distance_only,0,14,42,0.423530966,0.718957517,1,0,1,0.346217573,0.302421032,0.15177505,1,1,0,0,0
78.95,2.4793726,-1.97186148,72.833786,0.05,-0.144326359,FollowWall,following_with_distance_only,0,14,42,0.423530966,0.718957517,1,0,1,0.346217573,0.304414478,0.15177505,1,1,0,0,0
79,2.48011905,-1.96947552,72.4213957,0.05,-0.144891903,FollowWall,following_with_distance_only,0,14,42,0.417744517,0.666275264,1,0,1,0.346594602,0.306408281,0.15177505,1,1,0,0,0
79.05,2.48088268,-1.967095,72.0078827,0.05,-0.144891903,FollowWall,following_with_distance_only,0,14,42,0.417744517,0.666275264,1,0,1,0.346594602,0.30840203,0.15177505,1,1,0,0,0
79.1,2.48166349,-1.96472006,71.5937148,0.05,-0.145056903,FollowWall,following_with_distance_only,0,14,42,0.412082583,0.624261624,1,0,1,0.346704602,0.310396089,0.15177505,1,1,0,0,0
79.15,2.48246145,-1.96235083,71.1789679,0.05,-0.145056903,FollowWall,following_with_distance_only,0,14,42,0.412082583,0.624261624,1,0,1,0.346704602,0.312390445,0.15177505,1,1,0,0,0
79.2,2.48327655,-1.95998744,70.7638833,0.05,-0.145229682,FollowWall,following_with_distance_only,0,14,42,0.406544387,0.602951669,1,0,1,0.346819788,0.314385227,0.15177505,1,1,0,0,0
79.25,2.48410876,-1.95763002,70.3483955,0.05,-0.145229682,FollowWall,following_with_distance_only,0,14,42,0.406544387,0.602951669,1,0,1,0.346819788,0.316380283,0.15177505,1,1,0,0,0
79.3,2.48495804,-1.9552787,69.9326724,0.05,-0.145413056,FollowWall,following_with_distance_only,0,14,42,0.401124775,0.573149602,1,0,1,0.346942037,0.318375667,0.15177505,1,1,0,0,0
79.35,2.48582437,-1.9529336,69.5165932,0.05,-0.145413056,FollowWall,following_with_distance_only,0,14,42,0.401124775,0.573149602,1,0,1,0.346942037,0.320371179,0.15177505,1,1,0,0,0
79.4,2.48670771,-1.95059486,69.1003063,0.05,-0.145611897,FollowWall,following_with_distance_only,0,14,42,0.395815879,0.554754132,1,0,1,0.347074598,0.322366848,0.15177505,1,1,0,0,0
79.45,2.48760803,-1.94826261,68.6836609,0.05,-0.145611897,FollowWall,following_with_distance_only,0,14,42,0.395815879,0.554754132,1,0,1,0.347074598,0.324362455,0.15177505,1,1,0,0,0
79.5,2.48852529,-1.94593696,68.2668063,0.05,-0.146321699,FollowWall,following_with_distance_only,0,14,42,0.390609145,0.524629196,1,0,1,0.347547799,0.326358022,0.15177505,1,1,0,0,0
79.55,2.48945946,-1.94361805,67.8489825,0.05,-0.146321699,FollowWall,following_with_distance_only,0,14,42,0.390609145,0.524629196,1,0,1,0.347547799,0.328352863,0.15177505,1,1,0,0,0
79.6,2.49041054,-1.94130603,67.4305933,0.05,-0.147310406,FollowWall,following_with_distance_only,0,14,42,0.385490209,0.491006854,1,0,1,0.348206937,0.330347208,0.15177505,1,1,0,0,0
79.65,2.49137849,-1.93900102,67.0106941,0.05,-0.147310406,FollowWall,following_with_distance_only,0,14,42,0.385490209,0.491006854,1,0,1,0.348206937,0.332340269,0.15177505,1,1,0,0,0
79.7,2.49236334,-1.93670318,66.589914,0.05,-0.148288116,FollowWall,following_with_distance_only,0,14,42,0.380445361,0.476731329,1,0,1,0.348858744,0.334332444,0.15177505,1,1,0,0,0
79.75,2.49336506,-1.93441264,66.1674531,0.05,-0.148288116,FollowWall,following_with_distance_only,0,14,42,0.380445361,0.476731329,1,0,1,0.348858744,0.336323086,0.15177505,1,1,0,0,0
79.8,2.49438367,-1.93212956,65.7440116,0.05,-0.149256304,FollowWall,following_with_distance_only,0,14,42,0.375465751,0.452027413,1,0,1,0.349504203,0.338312627,0.15177505,1,1,0,0,0
79.85,2.49541915,-1.92985409,65.3188425,0.05,-0.149256304,FollowWall,following_with_distance_only,0,14,42,0.375465751,0.452027413,1,0,1,0.349504203,0.340300484,0.15177505,1,1,0,0,0
79.9,2.49647151,-1.92758638,64.8926656,0.05,-0.150214702,FollowWall,following_with_distance_only,0,14,42,0.37054202,0.438803762,1,0,1,0.350143135,0.342287079,0.15177505,1,1,0,0,0
79.95,2.49754075,-1.92532657,64.4647568,0.05,-0.150214702,FollowWall,following_with_distance_only,0,14,42,0.37054202,0.438803762,1,0,1,0.350143135,0.344271869,0.15177505,1,1,0,0,0
80,2.49862685,-1.92307482,64.0358378,0.05,-0.151162684,FollowWall,following_with_distance_only,0,14,42,0.364908278,0.422808385,1,0,1,0.350775123,0.34625525,0.15177505,1,1,0,0,0
80.05,2.49972981,-1.92083128,63.6051978,0.05,-0.151162684,FollowWall,following_with_distance_only,0,14,42,0.364908278,0.422808385,1,0,1,0.350775123,0.348236711,0.15177505,1,1,0,0,0
80.1,2.50084962,-1.9185961,63.173554,0.05,-0.152099848,FollowWall,following_with_distance_only,0,14,42,0.35938561,0.410853947,1,0,1,0.351399899,0.350216621,0.15177505,1,1,0,0,0
80.15,2.50198628,-1.91636944,62.740206,0.05,-0.152099848,FollowWall,following_with_distance_only,0,14,42,0.35938561,0.410853947,1,0,1,0.351399899,0.352194497,0.15177505,1,1,0,0,0
80.2,2.50313976,-1.91415145,62.3058638,0.05,-0.153026327,FollowWall,following_with_distance_only,0,14,42,0.353973329,0.392074841,1,0,1,0.352017552,0.354170675,0.15177505,1,1,0,0,0
80.25,2.50431005,-1.91194228,61.8698359,0.05,-0.153026327,FollowWall,following_with_distance_only,0,14,42,0.353973329,0.392074841,1,0,1,0.352017552,0.356144701,0.15177505,1,1,0,0,0
80.3,2.50549714,-1.90974209,61.4328245,0.05,-0.153942749,FollowWall,following_with_distance_only,0,14,42,0.348670483,0.368404409,1,0,1,0.352628499,0.358116883,0.15177505,1,1,0,0,0
80.35,2.50670101,-1.90755104,60.9941455,0.05,-0.153942749,FollowWall,following_with_distance_only,0,14,42,0.348670483,0.368404409,1,0,1,0.352628499,0.36008679,0.15177505,1,1,0,0,0
80.4,2.50792163,-1.90536929,60.5544939,0.05,-0.154850274,FollowWall,following_with_distance_only,0,14,42,0.343475848,0.351763933,1,0,1,0.353233516,0.362054699,0.15177505,1,1,0,0,0
80.45,2.509159,-1.90319698,60.1131915,0.05,-0.154850274,FollowWall,following_with_distance_only,0,14,42,0.343475848,0.351763933,1,0,1,0.353233516,0.364020208,0.15177505,1,1,0,0,0
80.5,2.51041307,-1.90103427,59.6709262,0.05,-0.155750871,FollowWall,following_with_distance_only,0,14,42,0.338387966,0.342185358,1,0,1,0.353833914,0.365983563,0.15177505,1,1,0,0,0
80.55,2.51168384,-1.89888133,59.2270242,0.05,-0.155750871,FollowWall,following_with_distance_only,0,14,42,0.338387966,0.342185358,1,0,1,0.353833914,0.367944385,0.15177505,1,1,0,0,0
80.6,2.51297126,-1.89673831,58.7821675,0.05,-0.15664722,FollowWall,following_with_distance_only,0,14,42,0.333404958,0.332605957,1,0,1,0.35443148,0.369902893,0.15177505,1,1,0,0,0
80.65,2.51427532,-1.89460536,58.3356839,0.05,-0.15664722,FollowWall,following_with_distance_only,0,14,42,0.333404958,0.332605957,1,0,1,0.35443148,0.37185873,0.15177505,1,1,0,0,0
80.7,2.51559597,-1.89248266,57.8882513,0.05,-0.157542765,FollowWall,following_with_distance_only,0,14,42,0.328524649,0.323792013,1,0,1,0.35502851,0.373812089,0.15177505,1,1,0,0,0
80.75,2.51693319,-1.89037035,57.4391961,0.05,-0.157542765,FollowWall,following_with_distance_only,0,14,42,0.328524649,0.323792013,1,0,1,0.35502851,0.375762634,0.15177505,1,1,0,0,0
80.8,2.51828694,-1.8882686,56.9891944,0.05,-0.158441752,FollowWall,following_with_distance_only,0,14,42,0.323744476,0.310151008,1,0,1,0.355627835,0.377710531,0.15177505,1,1,0,0,0
80.85,2.51965718,-1.88617756,56.5375675,0.05,-0.158441752,FollowWall,following_with_distance_only,0,14,42,0.323744476,0.310151008,1,0,1,0.355627835,0.379655468,0.15177505,1,1,0,0,0
80.9,2.52104388,-1.88409741,56.0849926,0.05,-0.15963833,FollowWall,following_with_distance_only,0,14,42,0.319061548,0.291548534,1,0,1,0.356425554,0.381597584,0.15177505,1,1,0,0,0
80.95,2.52244701,-1.88202829,55.6304363,0.05,-0.15963833,FollowWall,following_with_distance_only,0,14,42,0.319061548,0.291548534,1,0,1,0.356425554,0.383536487,0.15177505,1,1,0,0,0
81,2.52386652,-1.87997038,55.1747243,0,0.6,TurnLeft,avoiding_front_obstacle,0,14,42,0.314471036,0.279791927,1,0,1,0.357689649,0.385472342,0.15177505,1,1,0,0,0
81.05,2.52469463,-1.87876998,55.6250895,0,0.6,TurnLeft,avoiding_front_obstacle,0,14,42,0.314471036,0.279791927,1,0,1,0.357689649,0.386793317,0.15177505,1,1,0,0,0
81.1,2.52516892,-1.87806377,56.6039998,0,0.6,TurnLeft,avoiding_front_obstacle,0,14,42,0.315803498,0.289255485,1,0,1,0.349699914,0.387790228,0.15177505,1,1,0,0,0
81.15,2.52543739,-1.87764643,57.891228,0,0.6,TurnLeft,avoiding_front_obstacle,0,14,42,0.315803498,0.289255485,1,0,1,0.349699914,0.388649421,0.15177505,1,1,0,0,0
81.2,2.5255881,-1.87739928,59.3583084,0,0.6,TurnLeft,avoiding_front_obstacle,0,14,42,0.321196109,0.313929729,1,0,1,0.337713689,0.389482419,0.15177505,1,1,0,0,0
81.25,2.52567216,-1.87725283,60.9303026,0,0.6,TurnLeft,avoiding_front_obstacle,0,14,42,0.321196109,0.313929729,1,0,1,0.337713689,0.390353462,0.15177505,1,1,0,0,0
81.3,2.52571879,-1.87716607,62.5634964,0,0.6,TurnLeft,avoiding_front_obstacle,0,14,42,0.328739762,0.339633531,1,0,1,0.325831294,0.391298574,0.15177505,1,1,0,0,0
81.35,2.52574452,-1.87711469,64.23239,0,0.6,TurnLeft,avoiding_front_obstacle,0,14,42,0.328739762,0.339633531,1,0,1,0.325831294,0.392337448,0.15177505,1,1,0,0,0
81.4,2.52575865,-1.8770843,65.9221086,0,0.6,TurnLeft,avoiding_front_obstacle,0,14,42,0.338281661,0.390708096,1,0,1,0.315182656,0.393480495,0.15177505,1,1,0,0,0
81.45,2.52576636,-1.87706633,67.623975,0,0.6,TurnLeft,avoiding_front_obstacle,0,14,42,0.338281661,0.390708096,1,0,1,0.315182656,0.394732891,0.15177505,1,1,0,0,0
81.5,2.52577054,-1.87705572,69.3329276,0,0.6,TurnLeft,avoiding_front_obstacle,0,14,42,0.349957526,0.441350501,1,0,1,0.305967033,0.396096877,0.15177505,1,1,0,0,0
81.55,2.5257728,-1.87704946,71.0460139,0,0.6,TurnLeft,avoiding_front_obstacle,0,14,42,0.349957526,0.441350501,1,0,1,0.305967033,0.397573034,0.15177505,1,1,0,0,0
81.6,2.525774,-1.87704577,72.7615115,0,0.6,TurnLeft,avoiding_front_obstacle,0,14,42,0.364028215,0.526849024,1,1,1,0.298132181,0.399160999,0.15177505,1,1,0,0,0
81.65,2.52577464,-1.8770436,74.4784156,0,0.6,TurnLeft,avoiding_front_obstacle,0,14,42,0.364028215,0.526849024,1,1,1,0.298132181,0.40085985,0.15177505,1,1,0,0,0
81.7,2.52577497,-1.87704232,76.1961403,0,0,FollowWall,front_obstacle_cleared,0,14,42,0.380916357,0.665451335,1,1,1,0.29065448,0.402668323,0.15177505,1,1,0,0,0
81.75,2.52577515,-1.87704157,77.1981464,0.0642734981,0.235897528,FollowWall,following_right_wall,0,14,42,0.380916357,0.665451335,1,1,1,0.29065448,0.403773303,0.15177505,1,1,0,0,0
81.8,2.52606207,-1.87573318,78.0642318,0.0665814103,0.201278846,FollowWall,following_right_wall,0,14,42,0.390982628,0.750212206,1,1,1,0.287422806,0.406065518,0.15177505,1,1,0,0,0
81.85,2.52649673,-1.87360871,78.8097073,0.0665814103,0.201278846,FollowWall,following_right_wall,0,14,42,0.390982628,0.750212206,1,1,1,0.287422806,0.40905844,0.15177505,1,1,0,0,0
81.9,2.52699608,-1.87100409,79.4848269,0.0684505679,0.173241482,FollowWall,following_right_wall,0,14,42,0.398135513,0.837512043,1,1,1,0.284844756,0.4124667,0.15177505,1,1,0,0,0
81.95,2.52752333,-1.86807813,80.0854384,0.0684505679,0.173241482,FollowWall,following_right_wall,0,14,42,0.398135513,0.837512043,1,1,1,0.284844756,0.41612121,0.15177505,1,1,0,0,0
82,2.52805233,-1.86496236,80.6425869,0.0699433516,0.150849726,FollowWall,following_right_wall,0,14,42,0.403905362,0.992939316,1,1,1,0.282406509,0.41992418,0.15177505,1,1,0,0,0
82.05,2.52857464,-1.86170326,81.1476538,0.0699433516,0.150849726,FollowWall,following_right_wall,0,14,42,0.403905362,0.992939316,1,1,1,0.282406509,0.423815659,0.15177505,1,1,0,0,0
82.1,2.52908133,-1.85835886,81.6223398,0.0711338712,0.132991932,FollowWall,following_right_wall,0,14,42,0.408881754,1.05821231,1,1,1,0.279903382,0.427762497,0.15177505,1,1,0,0,0
82.15,2.52957173,-1.85493873,82.0579874,0.0711338712,0.132991932,FollowWall,following_right_wall,0,14,42,0.408881754,1.05821231,1,1,1,0.279903382,0.43174241,0.15177505,1,1,0,0,0
82.2,2.53004249,-1.85147312,82.4708625,0.0722052658,0.116921013,FollowWall,following_right_wall,0,14,42,0.413331509,1.18451219,1,1,1,0.278538018,0.435744587,0.15177505,1,1,0,0,0
82.25,2.53049525,-1.84795771,82.8512706,0.0722052658,0.116921013,FollowWall,following_right_wall,0,14,42,0.413331509,1.18451219,1,1,1,0.278538018,0.439759555,0.15177505,1,1,0,0,0
82.3,2.53092857,-1.84441222,83.2127394,0.0732151309,0.101773037,FollowWall,following_right_wall,0,14,42,0.417328209,1.34456982,1,1,1,0.277278304,0.443784317,0.15177505,1,1,0,0,0
82.35,2.53134469,-1.84082738,83.5450789,0.0732151309,0.101773037,FollowWall,following_right_wall,0,14,42,0.417328209,1.34456982,1,1,1,0.277278304,0.447813729,0.15177505,1,1,0,0,0
82.4,2.53174291,-1.83721877,83.8604262,0.0741020714,0.0884689294,FollowWall,following_right_wall,0,14,42,0.420609415,1.4253758,1,1,1,0.275835782,0.451847643,0.15177505,1,1,0,0,0
82.45,2.53212532,-1.83357721,84.1499808,0.0741020714,0.0884689294,FollowWall,following_right_wall,0,14,42,0.420609415,1.4253758,1,1,1,0.275835782,0.455882693,0.15177505,1,1,0,0,0
82.5,2.5324916,-1.82991576,84.4244896,0.0748822173,0.0767667407,FollowWall,following_right_wall,0,14,42,0.423446417,1.63168144,1,1,1,0.274943739,0.459919782,0.15177505,1,1,0,0,0
82.55,2.53284362,-1.82622596,84.6762533,0.0748822173,0.0767667407,FollowWall,following_right_wall,0,14,42,0.423446417,1.63168144,1,1,1,0.274943739,0.463956321,0.15177505,1,1,0,0,0
82.6,2.53318126,-1.82251911,84.9147491,0.0754955853,0.0675662206,FollowWall,following_right_wall,0,14,42,0.425865054,1.72048755,1,1,1,0.273775935,0.4679936,0.15177505,1,1,0,0,0
82.65,2.53350598,-1.81878911,85.1345228,0.0754955853,0.0675662206,FollowWall,following_right_wall,0,14,42,0.425865054,1.72048755,1,1,1,0.273775935,0.472029766,0.15177505,1,1,0,0,0
82.7,2.5338178,-1.81504518,85.3433754,0.0760195954,0.0597060696,FollowWall,following_right_wall,0,14,42,0.427924126,1.97931766,1,1,1,0.272693485,0.476066131,0.15177505,1,1,0,0,0
82.75,2.53411795,-1.81128187,85.5364749,0.0760195954,0.0597060696,FollowWall,following_right_wall,0,14,42,0.427924126,1.97931766,1,1,1,0.272693485,0.48010111,0.15177505,1,1,0,0,0
82.8,2.53440653,-1.80750691,85.7203852,0.0764785837,0.0528212445,FollowWall,following_right_wall,0,14,42,0.429677337,2.08017644,1,1,1,0.27182889,0.48413596,0.15177505,1,1,0,0,0
82.85,2.5346846,-1.8037153,85.8907169,0.0764785837,0.0528212445,FollowWall,following_right_wall,0,14,42,0.429677337,2.08017644,1,1,1,0.27182889,0.488169263,0.15177505,1,1,0,0,0
82.9,2.53495231,-1.7999137,86.0531278,0.0768665646,0.0470015311,FollowWall,following_right_wall,0,14,42,0.431165159,2.15948289,1,1,1,0.270971626,0.49220221,0.15177505,1,1,0,0,0
82.95,2.53521053,-1.79609795,86.2039714,0.0768665646,0.0470015311,FollowWall,following_right_wall,0,14,42,0.431165159,2.15948289,1,1,1,0.270971626,0.496233608,0.15177505,1,1,0,0,0
83,2.53545944,-1.79227371,86.3480674,0.0771580479,0.0426292808,FollowWall,following_right_wall,0,14,42,0.432427168,2.15125668,1,1,1,0.2697047,0.500264545,0.15177505,1,1,0,0,0
83.05,2.5356997,-1.78843824,86.4830084,0.0771580479,0.0426292808,FollowWall,following_right_wall,0,14,42,0.432427168,2.15125668,1,1,1,0.2697047,0.504294194,0.15177505,1,1,0,0,0
83.1,2.53593148,-1.78459603,86.612609,0.0774644833,0.0380327506,FollowWall,following_right_wall,0,14,42,0.433517575,2.14315036,1,1,1,0.269257963,0.508323467,0.15177505,1,1,0,0,0
83.15,2.53615544,-1.78074332,86.7336075,0.0774644833,0.0380327506,FollowWall,following_right_wall,0,14,42,0.433517575,2.14315036,1,1,1,0.269257963,0.512351309,0.15177505,1,1,0,0,0
83.2,2.53637176,-1.77688433,86.8495883,0.077707613,0.0343858046,FollowWall,following_right_wall,0,14,42,0.434453934,2.13514819,1,1,1,0.268622577,0.51637862,0.15177505,1,1,0,0,0
83.25,2.53658097,-1.77301646,86.9582888,0.077707613,0.0343858046,FollowWall,following_right_wall,0,14,42,0.434453934,2.13514819,1,1,1,0.268622577,0.520404638,0.15177505,1,1,0,0,0
83.3,2.53678325,-1.76914328,87.0627424,0.0779171491,0.031242764,FollowWall,following_right_wall,0,14,42,0.435264349,2.12723779,1,1,1,0.268089086,0.524430156,0.15177505,1,1,0,0,0
83.35,2.53697903,-1.7652625,87.160967,0.0779171491,0.031242764,FollowWall,following_right_wall,0,14,42,0.435264349,2.12723779,1,1,1,0.268089086,0.528454503,0.15177505,1,1,0,0,0
83.4,2.53716849,-1.76137718,87.255558,0.0780911386,0.0286329205,FollowWall,following_right_wall,0,14,42,0.435977042,2.11940913,1,1,1,0.267570078,0.532478381,0.15177505,1,1,0,0,0
83.45,2.53735201,-1.75748547,87.3449141,0.0780911386,0.0286329205,FollowWall,following_right_wall,0,14,42,0.435977042,2.11940913,1,1,1,0.267570078,0.53650124,0.15177505,1,1,0,0,0
83.5,2.53752971,-1.75358994,87.4312165,0.0782193472,0.0267097917,FollowWall,following_right_wall,0,14,42,0.436619341,2.11165413,1,1,1,0.266889662,0.540523687,0.15177505,1,1,0,0,0
83.55,2.5377019,-1.74968942,87.513442,0.0782193472,0.0267097917,FollowWall,following_right_wall,0,14,42,0.436619341,2.11165413,1,1,1,0.266889662,0.544545359,0.15177505,1,1,0,0,0
83.6,2.53786869,-1.74578588,87.5932894,0.078326292,0.0251056194,FollowWall,following_right_wall,0,14,42,0.437223643,2.10396538,1,1,1,0.266079932,0.54856674,0.15177505,1,1,0,0,0
83.65,2.53803031,-1.74187829,87.6698347,0.078326292,0.0251056194,FollowWall,following_right_wall,0,14,42,0.437223643,2.10396538,1,1,1,0.266079932,0.552587503,0.15177505,1,1,0,0,0
83.7,2.53818687,-1.73796825,87.7444537,0.0785000822,0.022498767,FollowWall,following_right_wall,0,14,42,0.437815279,2.09633742,1,1,1,0.265991569,0.556608049,0.15177505,1,1,0,0,0
83.75,2.53833867,-1.73405308,87.8148374,0.0785000822,0.022498767,FollowWall,following_right_wall,0,14,42,0.437815279,2.09633742,1,1,1,0.265991569,0.560627605,0.15177505,1,1,0,0,0
83.8,2.53848585,-1.73013487,87.8827504,0.0786495634,0.0202565494,FollowWall,following_right_wall,0,14,42,0.438375175,2.08876117,1,1,1,0.26572755,0.564646701,0.15177505,1,1,0,0,0
83.85,2.5386287,-1.7262117,87.9465459,0.0786495634,0.0202565494,FollowWall,following_right_wall,0,14,42,0.438375175,2.08876117,1,1,1,0.26572755,0.56866477,0.15177505,1,1,0,0,0
83.9,2.53876736,-1.72228558,88.0079394,0.0788070009,0.0178949862,FollowWall,following_right_wall,0,14,42,0.438899577,2.08122854,1,1,1,0.265651762,0.572682335,0.15177505,1,1,0,0,0
83.95,2.53890213,-1.71835441,88.0651128,0.0788070009,0.0178949862,FollowWall,following_right_wall,0,14,42,0.438899577,2.08122854,1,1,1,0.265651762,0.576698772,0.15177505,1,1,0,0,0
84,2.53903316,-1.71442025,88.1198245,0.0789132866,0.0163007003,FollowWall,following_right_wall,0,14,42,0.43938446,2.07362991,1,1,1,0.265107423,0.580714628,0.15177505,1,1,0,0,0
84.05,2.53916067,-1.71048209,88.1711972,0.0789132866,0.0163007003,FollowWall,following_right_wall,0,14,42,0.43938446,2.07362991,1,1,1,0.265107423,0.584729587,0.15177505,1,1,0,0,0
84.1,2.53928479,-1.70654155,88.2206222,0.0790559783,0.0141603252,FollowWall,following_right_wall,0,14,42,0.439848781,2.06538723,1,1,1,0.265031695,0.58874409,0.15177505,1,1,0,0,0
84.15,2.53940577,-1.70259662,88.266356,0.0790559783,0.0141603252,FollowWall,following_right_wall,0,14,42,0.439848781,2.06538723,1,1,1,0.265031695,0.592757533,0.15177505,1,1,0,0,0
84.2,2.53952374,-1.69864909,88.3099368,0.079148792,0.0127681205,FollowWall,following_right_wall,0,14,42,0.440285951,2.0571939,1,1,1,0.264479458,0.59677041,0.15177505,1,1,0,0,0
84.25,2.53963892,-1.69469809,88.3505997,0.079148792,0.0127681205,FollowWall,following_right_wall,0,14,42,0.440285951,2.0571939,1,1,1,0.264479458,0.600782446,0.15177505,1,1,0,0,0
84.3,2.5397514,-1.69074502,88.3895605,0.0793039729,0.0104404058,FollowWall,following_right_wall,0,14,42,0.440710187,2.04905301,1,1,1,0.264655083,0.604794035,0.15177505,1,1,0,0,0
84.35,2.53986145,-1.68678749,88.42475,0.0793039729,0.0104404058,FollowWall,following_right_wall,0,14,42,0.440710187,2.04905301,1,1,1,0.264655083,0.608804459,0.15177505,1,1,0,0,0
84.4,2.53996922,-1.68282734,88.4577395,0.079449171,0.00826243466,FollowWall,following_right_wall,0,14,42,0.441100448,2.04096482,1,1,1,0.264794588,0.612814235,0.15177505,1,1,0,0,0
84.45,2.54007495,-1.67886262,88.486846,0.079449171,0.00826243466,FollowWall,following_right_wall,0,14,42,0.441100448,2.04096482,1,1,1,0.264794588,0.616822774,0.15177505,1,1,0,0,0
84.5,2.54017883,-1.67489521,88.5136873,0.0795218458,0.00717231361,FollowWall,following_right_wall,0,14,42,0.44144389,2.03292883,1,1,1,0.264360428,0.620830612,0.15177505,1,1,0,0,0
84.55,2.54028101,-1.67092471,88.537906,0.0795218458,0.00717231361,FollowWall,following_right_wall,0,14,42,0.44144389,2.03292883,1,1,1,0.264360428,0.624837616,0.15177505,1,1,0,0,0
84.6,2.54038161,-1.66695238,88.5605949,0.0795508135,0.00673779734,FollowWall,following_right_wall,0,14,42,0.441766471,2.02494768,1,1,1,0.26391837,0.628844152,0.15177505,1,1,0,0,0
84.65,2.54048073,-1.66297837,88.5818728,0.0795508135,0.00673779734,FollowWall,following_right_wall,0,14,42,0.441766471,2.02494768,1,1,1,0.26391837,0.632850255,0.15177505,1,1,0,0,0
84.7,2.54057843,-1.65900337,88.6023275,0.0796012816,0.00598077545,FollowWall,following_right_wall,0,14,42,0.442101121,2.01671361,1,1,1,0.263784766,0.636856123,0.15177505,1,1,0,0,0
84.75,2.54067479,-1.65502673,88.6213985,0.0796012816,0.00598077545,FollowWall,following_right_wall,0,14,42,0.442101121,2.01671361,1,1,1,0.263784766,0.640861559,0.15177505,1,1,0,0,0
84.8,2.54076988,-1.65104912,88.6396622,0.0796052654,0.00592101937,FollowWall,following_right_wall,0,14,42,0.442450345,2.00842652,1,1,1,0.263218671,0.644866756,0.15177505,1,1,0,0,0
84.85,2.54086373,-1.64707085,88.6573838,0.0796052654,0.00592101937,FollowWall,following_right_wall,0,14,42,0.442450345,2.00842652,1,1,1,0.263218671,0.648871805,0.15177505,1,1,0,0,0
84.9,2.54095638,-1.64309218,88.674789,0.0796191198,0.00571320257,FollowWall,following_right_wall,0,14,42,0.442830205,2.00017587,1,1,1,0.262791246,0.652876782,0.15177505,1,1,0,0,0
84.95,2.54104784,-1.63911298,88.6917618,0.0796191198,0.00571320257,FollowWall,following_right_wall,0,14,42,0.442830205,2.00017587,1,1,1,0.262791246,0.656881646,0.15177505,1,1,0,0,0
85,2.54113814,-1.63513346,88.7084821,0.0796764459,0.00485331102,FollowWall,following_right_wall,0,14,42,0.443242639,1.99196831,1,1,1,0.262460142,0.660886457,0.15177505,1,1,0,0,0
85.05,2.54122735,-1.63115254,88.7240289,0.0796764459,0.00485331102,FollowWall,following_right_wall,0,14,42,0.443242639,1.99196831,1,1,1,0.262460142,0.664890891,0.15177505,1,1,0,0,0
85.1,2.54131552,-1.62717081,88.7388911,0.0797457011,0.00381448299,FollowWall,following_right_wall,0,14,42,0.443662912,1.98380386,1,1,1,0.262351036,0.668895117,0.15177505,1,1,0,0,0
85.15,2.54140276,-1.62318715,88.7521139,0.0797457011,0.00381448299,FollowWall,following_right_wall,0,14,42,0.443662912,1.98380386,1,1,1,0.262351036,0.672898796,0.15177505,1,1,0,0,0
85.2,2.54148913,-1.61920236,88.7643804,0.0797879306,0.00318104035,FollowWall,following_right_wall,0,14,42,0.444067478,1.97568226,1,1,1,0.262124598,0.676902163,0.15177505,1,1,0,0,0
85.25,2.54157473,-1.61521603,88.7753329,0.0797879306,0.00318104035,FollowWall,following_right_wall,0,14,42,0.444067478,1.97568226,1,1,1,0.262124598,0.680905091,0.15177505,1,1,0,0,0
85.3,2.54165962,-1.61122878,88.785519,0.0798500877,0.00224868514,FollowWall,following_right_wall,0,14,42,0.444454104,1.96760758,1,1,1,0.262272656,0.684907768,0.15177505,1,1,0,0,0
85.35,2.54174388,-1.60723971,88.794145,0.0798500877,0.00224868514,FollowWall,following_right_wall,0,14,42,0.444454104,1.96760758,1,1,1,0.262272656,0.688909914,0.15177505,1,1,0,0,0
85.4,2.54182761,-1.60324956,88.8018611,0.0798567068,0.00214939811,FollowWall,following_right_wall,0,14,42,0.444810271,1.95958052,1,1,1,0.262006968,0.692911752,0.15177505,1,1,0,0,0
85.45,2.54191083,-1.59925865,88.8089277,0.0798567068,0.00214939811,FollowWall,following_right_wall,0,14,42,0.444810271,1.95958052,1,1,1,0.262006968,0.696913374,0.15177505,1,1,0,0,0
85.5,2.54199358,-1.59526729,88.8156156,0.079874844,0.00187733953,FollowWall,following_right_wall,0,14,42,0.44514963,1.95160704,1,1,1,0.262002915,0.700914875,0.15177505,1,1,0,0,0
85.55,2.5420759,-1.59127529,88.8217578,0.079874844,0.00187733953,FollowWall,following_right_wall,0,14,42,0.44514963,1.95160704,1,1,1,0.262002915,0.704916193,0.15177505,1,1,0,0,0
85.6,2.54215781,-1.5872829,88.8275816,0.0798573873,0.00213919087,FollowWall,following_right_wall,0,14,42,0.44547236,1.94368951,1,1,1,0.261751175,0.708917408,0.15177505,1,1,0,0,0
85.65,2.5422393,-1.58329066,88.8335323,0.0798573873,0.00213919087,FollowWall,following_right_wall,0,14,42,0.44547236,1.94368951,1,1,1,0.261751175,0.712918678,0.15177505,1,1,0,0,0
85.7,2.54232038,-1.57929849,88.8395571,0.0798293147,0.00256027998,FollowWall,following_right_wall,0,14,42,0.445788741,1.93583057,1,1,1,0.261485696,0.716919983,0.15177505,1,1,0,0,0
85.75,2.542401,-1.57530695,88.8461276,0.0798293147,0.00256027998,FollowWall,following_right_wall,0,14,42,0.445788741,1.93583057,1,1,1,0.261485696,0.720921492,0.15177505,1,1,0,0,0
85.8,2.54248115,-1.57131577,88.8530165,0.0798500437,0.00224934407,FollowWall,following_right_wall,0,14,42,0.446106434,1.9280321,1,1,1,0.261807233,0.724923124,0.15177505,1,1,0,0,0
85.85,2.54256083,-1.56732437,88.85972,0.0798500437,0.00224934407,FollowWall,following_right_wall,0,14,42,0.446106434,1.9280321,1,1,1,0.261807233,0.728924701,0.15177505,1,1,0,0,0
85.9,2.54264005,-1.56333283,88.8663153,0.0798375585,0.00243662314,FollowWall,following_right_wall,0,14,42,0.44640246,1.92028817,1,1,1,0.261789024,0.732926251,0.15177505,1,1,0,0,0
85.95,2.5427188,-1.55934147,88.8730711,0.0798375585,0.00243662314,FollowWall,following_right_wall,0,14,42,0.44640246,1.92028817,1,1,1,0.261789024,0.736927868,0.15177505,1,1,0,0,0
86,2.54279707,-1.5553502,88.8799205,0.0798221979,0.00266703203,FollowWall,following_right_wall,0,14,42,0.446674943,1.91259638,1,1,1,0.261391371,0.74092953,0.15177505,1,1,0,0,0
86.05,2.54287485,-1.55135931,88.8870995,0.0798221979,0.00266703203,FollowWall,following_right_wall,0,14,42,0.446674943,1.91259638,1,1,1,0.261391371,0.744931319,0.15177505,1,1,0,0,0
86.1,2.54295212,-1.54736864,88.8944708,0.0797516585,0.00372512214,FollowWall,following_right_wall,0,14,42,0.446924299,1.90495401,1,1,1,0.260944366,0.748933188,0.15177505,1,1,0,0,0
86.15,2.54302879,-1.54337955,88.9032172,0.0797516585,0.00372512214,FollowWall,following_right_wall,0,14,42,0.446924299,1.90495401,1,1,1,0.260944366,0.752935559,0.15177505,1,1,0,0,0
86.2,2.54310481,-1.53939139,88.9127659,0.0797136993,0.00429450997,FollowWall,following_right_wall,0,14,42,0.447173357,1.89736259,1,1,1,0.260705113,0.75693823,0.15177505,1,1,0,0,0
86.25,2.5431801,-1.53540454,88.9234621,0.0797136993,0.00429450997,FollowWall,following_right_wall,0,14,42,0.447173357,1.89736259,1,1,1,0.260705113,0.760941326,0.15177505,1,1,0,0,0
86.3,2.54325461,-1.53141847,88.9348278,0.0796808348,0.00478747859,FollowWall,following_right_wall,0,14,42,0.447418451,1.8893716,1,1,1,0.260374486,0.764944678,0.15177505,1,1,0,0,0
86.35,2.54332828,-1.52743351,88.9471724,0.0796808348,0.00478747859,FollowWall,following_right_wall,0,14,42,0.447418451,1.8893716,1,1,1,0.260374486,0.7689484,0.15177505,1,1,0,0,0
86.4,2.54340105,-1.5234492,88.960088,0.0796471894,0.00529215891,FollowWall,following_right_wall,0,14,42,0.447650701,1.88112608,1,1,1,0.259893656,0.772952347,0.15177505,1,1,0,0,0
86.45,2.54347287,-1.51946597,88.9739392,0.0796471894,0.00529215891,FollowWall,following_right_wall,0,14,42,0.447650701,1.88112608,1,1,1,0.259893656,0.77695665,0.15177505,1,1,0,0,0
86.5,2.5435437,-1.51548335,88.9883361,0.0796467698,0.00529845337,FollowWall,following_right_wall,0,14,42,0.447865516,1.8729356,1,1,1,0.259620607,0.780961173,0.15177505,1,1,0,0,0
86.55,2.54361351,-1.51150109,89.0030588,0.0796467698,0.00529845337,FollowWall,following_right_wall,0,14,42,0.447865516,1.8729356,1,1,1,0.259620607,0.784965837,0.15177505,1,1,0,0,0
86.6,2.54368228,-1.50751904,89.0179717,0.0797135609,0.00429658657,FollowWall,following_right_wall,0,14,42,0.448044956,1.86480075,1,1,1,0.25993371,0.788970594,0.15177505,1,1,0,0,0
86.65,2.54375008,-1.5035357,89.0317995,0.0797135609,0.00429658657,FollowWall,following_right_wall,0,14,42,0.448044956,1.86480075,1,1,1,0.25993371,0.792974985,0.15177505,1,1,0,0,0
86.7,2.54381695,-1.49955162,89.0449944,0.0797450221,0.00382466876,FollowWall,following_right_wall,0,14,42,0.448147148,1.85671677,1,1,1,0.259811759,0.79697917,0.15177505,1,1,0,0,0
86.75,2.54388296,-1.49556643,89.0572568,0.0797450221,0.00382466876,FollowWall,following_right_wall,0,14,42,0.448147148,1.85671677,1,1,1,0.259811759,0.800983039,0.15177505,1,1,0,0,0
86.8,2.54394814,-1.4915806,89.0689752,0.0798073547,0.00288967892,FollowWall,following_right_wall,0,14,42,0.448166072,1.84868496,1,1,1,0.25995791,0.80498673,0.15177505,1,1,0,0,0
86.85,2.54401258,-1.48759309,89.0792603,0.0798073547,0.00288967892,FollowWall,following_right_wall,0,14,42,0.448166072,1.84868496,1,1,1,0.25995791,0.808989921,0.15177505,1,1,0,0,0
86.9,2.54407635,-1.48360459,89.0887092,0.0798465536,0.00230169647,FollowWall,following_right_wall,0,14,42,0.448088557,1.84070426,1,1,1,0.259825736,0.812992823,0.15177505,1,1,0,0,0
86.95,2.54413953,-1.4796147,89.0969685,0.0798465536,0.00230169647,FollowWall,following_right_wall,0,14,42,0.448088557,1.84070426,1,1,1,0.259825736,0.816995308,0.15177505,1,1,0,0,0
87,2.54420217,-1.475624,89.1045339,0.079913499,0.00129751555,FollowWall,following_right_wall,0,14,42,0.44791761,1.83277538,1,1,1,0.259946376,0.820997552,0.15177505,1,1,0,0,0
87.05,2.54426437,-1.47163142,89.1104958,0.079913499,0.00129751555,FollowWall,following_right_wall,0,14,42,0.44791761,1.83277538,1,1,1,0.259946376,0.824999226,0.15177505,1,1,0,0,0
87.1,2.5443262,-1.46763774,89.1155224,0.0799104492,0.00134326209,FollowWall,following_right_wall,0,14,42,0.447644413,1.82489606,1,1,1,0.259319663,0.829000567,0.15177505,1,1,0,0,0
87.15,2.5443877,-1.46364349,89.120058,0.0799104492,0.00134326209,FollowWall,following_right_wall,0,14,42,0.447644413,1.82489606,1,1,1,0.259319663,0.833001736,0.15177505,1,1,0,0,0
87.2,2.54444891,-1.45964891,89.1243071,0.0799612433,0.000581349823,FollowWall,following_right_wall,0,14,42,0.447297007,1.81706998,1,1,1,0.259208709,0.837002807,0.15177505,1,1,0,0,0
87.25,2.54450987,-1.45565306,89.1274797,0.0799612433,0.000581349823,FollowWall,following_right_wall,0,14,42,0.447297007,1.81706998,1,1,1,0.259208709,0.841003492,0.15177505,1,1,0,0,0
87.3,2.54457065,-1.45165649,89.1300244,0.0799983473,-2.47899902e-05,FollowWall,following_right_wall,0,14,42,0.446869314,1.80929335,1,1,1,0.259572804,0.845003952,0.15177505,1,1,0,0,0
87.35,2.54463131,-1.44765871,89.1314791,0.0799983473,-2.47899902e-05,FollowWall,following_right_wall,0,14,42,0.446869314,1.80929335,1,1,1,0.259572804,0.849003951,0.15177505,1,1,0,0,0
87.4,2.54469189,-1.44366023,89.1322982,0.0799689037,0.000466444295,FollowWall,following_right_wall,0,14,42,0.446360856,1.80156245,1,1,1,0.259183913,0.85300368,0.15177505,1,1,0,0,0
87.45,2.54475241,-1.43966196,89.1333327,0.0799689037,0.000466444295,FollowWall,following_right_wall,0,14,42,0.446360856,1.80156245,1,1,1,0.259183913,0.857003533,0.15177505,1,1,0,0,0
87.5,2.54481285,-1.4356638,89.134493,0.079990184,-0.000147239661,FollowWall,following_right_wall,0,14,42,0.445809722,1.79387969,1,1,1,0.259049147,0.86100346,0.15177505,1,1,0,0,0
87.55,2.54487324,-1.43166527,89.134994,0.079990184,-0.000147239661,FollowWall,following_right_wall,0,14,42,0.445809722,1.79387969,1,1,1,0.259049147,0.865002755,0.15177505,1,1,0,0,0
87.6,2.54493361,-1.42766652,89.1351106,0.0799855406,-0.000216891229,FollowWall,following_right_wall,0,14,42,0.445206195,1.78623849,1,1,1,0.258650512,0.869001682,0.15177505,1,1,0,0,0
87.65,2.54499399,-1.42366774,89.1349196,0.0799855406,-0.000216891229,FollowWall,following_right_wall,0,14,42,0.445206195,1.78623849,1,1,1,0.258650512,0.873000169,0.15177505,1,1,0,0,0
87.7,2.54505438,-1.41966895,89.1345494,0.0799669451,-0.000495823882,FollowWall,following_right_wall,0,14,42,0.444559872,1.7782279,1,1,1,0.258508533,0.8769984,0.15177505,1,1,0,0,0
87.75,2.54511481,-1.41567053,89.1337415,0.0799669451,-0.000495823882,FollowWall,following_right_wall,0,14,42,0.444559872,1.7782279,1,1,1,0.258508533,0.880995586,0.15177505,1,1,0,0,0
87.8,2.5451753,-1.41167233,89.1326785,0.0799967968,4.80473396e-05,FollowWall,following_right_wall,0,14,42,0.44387573,1.76992614,1,1,1,0.257920176,0.884992161,0.15177505,1,1,0,0,0
87.85,2.54523585,-1.40767364,89.1321157,0.0799967968,4.80473396e-05,FollowWall,following_right_wall,0,14,42,0.44387573,1.76992614,1,1,1,0.257920176,0.888989992,0.15177505,1,1,0,0,0
87.9,2.54529644,-1.40367466,89.1318448,0.0799882786,-0.000175821544,FollowWall,following_right_wall,0,14,42,0.44318369,1.76167192,1,1,1,0.257949084,0.892988556,0.15177505,1,1,0,0,0
87.95,2.54535705,-1.39967569,89.1314768,0.0799882786,-0.000175821544,FollowWall,following_right_wall,0,14,42,0.44318369,1.76167192,1,1,1,0.257949084,0.896986963,0.15177505,1,1,0,0,0
88,2.54541769,-1.39567673,89.1310523,0.079974882,-0.000376769425,FollowWall,following_right_wall,0,14,42,0.44248113,1.7534699,1,1,1,0.258068353,0.900985277,0.15177505,1,1,0,0,0
88.05,2.54547836,-1.39167805,89.130355,0.079974882,-0.000376769425,FollowWall,following_right_wall,0,14,42,0.44248113,1.7534699,1,1,1,0.258068353,0.904982892,0.15177505,1,1,0,0,0
88.1,2.54553909,-1.38767954,89.1294985,0.0799872243,-0.000191635962,FollowWall,following_right_wall,0,14,42,0.441767275,1.74532365,1,1,1,0.258041531,0.908980098,0.15177505,1,1,0,0,0
88.15,2.54559987,-1.38368086,89.1287701,0.0799872243,-0.000191635962,FollowWall,following_right_wall,0,14,42,0.441767275,1.74532365,1,1,1,0.258041531,0.91297766,0.15177505,1,1,0,0,0
88.2,2.5456607,-1.3796821,89.1281164,0.0799914856,-0.000127715331,FollowWall,following_right_wall,0,14,42,0.441058457,1.73723485,1,1,1,0.258203447,0.91697543,0.15177505,1,1,0,0,0
88.25,2.54572158,-1.37568319,89.1275827,0.0799914856,-0.000127715331,FollowWall,following_right_wall,0,14,42,0.441058457,1.73723485,1,1,1,0.258203447,0.920973525,0.15177505,1,1,0,0,0
88.3,2.54578249,-1.37168419,89.1271189,0.0799820442,0.000269336259,FollowWall,following_right_wall,0,14,42,0.440364063,1.72920468,1,1,1,0.258236796,0.924971811,0.15177505,1,1,0,0,0
88.35,2.54584341,-1.36768535,89.1271698,0.0799820442,0.000269336259,FollowWall,following_right_wall,0,14,42,0.440364063,1.72920468,1,1,1,0.258236796,0.928970734,0.15177505,1,1,0,0,0
88.4,2.54590432,-1.36368659,89.1275211,0.0799548913,0.000676629777,FollowWall,following_right_wall,0,14,42,0.439701557,1.7212348,1,1,1,0.258345097,0.932970029,0.15177505,1,1,0,0,0
88.45,2.54596517,-1.35968845,89.1285336,0.0799548913,0.000676629777,FollowWall,following_right_wall,0,14,42,0.439701557,1.7212348,1,1,1,0.258345097,0.936969718,0.15177505,1,1,0,0,0
88.5,2.54602594,-1.35569066,89.1299319,0.0798999942,0.00150008627,FollowWall,following_right_wall,0,14,42,0.439084202,1.71332631,1,1,1,0.258234054,0.940969638,0.15177505,1,1,0,0,0
88.55,2.54608654,-1.35169423,89.1325382,0.0798999942,0.00150008627,FollowWall,following_right_wall,0,14,42,0.439084202,1.71332631,1,1,1,0.258234054,0.94497005,0.15177505,1,1,0,0,0
88.6,2.54614692,-1.34769858,89.1358491,0.0797663523,0.00350471585,FollowWall,following_right_wall,0,14,42,0.438534051,1.7052528,1,1,1,0.257622272,0.948970752,0.15177505,1,1,0,0,0
88.65,2.54620693,-1.34370617,89.141964,0.0797663523,0.00350471585,FollowWall,following_right_wall,0,14,42,0.438534051,1.7052528,1,1,1,0.257622272,0.952972495,0.15177505,1,1,0,0,0
88.7,2.54626642,-1.33971564,89.1497144,0.079673358,0.00489962996,FollowWall,following_right_wall,0,14,42,0.438102871,1.69699426,1,1,1,0.257294536,0.956974851,0.15177505,1,1,0,0,0
88.75,2.54632524,-1.33572815,89.160084,0.079673358,0.00489962996,FollowWall,following_right_wall,0,14,42,0.438102871,1.69699426,1,1,1,0.257294536,0.960978177,0.15177505,1,1,0,0,0
88.8,2.54638326,-1.33174242,89.1719814,0.0796603281,0.00509507891,FollowWall,following_right_wall,0,14,42,0.437802523,1.68880675,1,1,1,0.257240295,0.964982077,0.15177505,1,1,0,0,0
88.85,2.54644039,-1.32775799,89.1850034,0.0796603281,0.00509507891,FollowWall,following_right_wall,0,14,42,0.437802523,1.68880675,1,1,1,0.257240295,0.968986406,0.15177505,1,1,0,0,0
88.9,2.54649659,-1.3237743,89.1986813,0.0796483749,0.00527437656,FollowWall,following_right_wall,0,14,42,0.437599689,1.68068301,1,1,1,0.257030278,0.972990994,0.15177505,1,1,0,0,0
88.95,2.5465518,-1.31979129,89.2129559,0.0796483749,0.00527437656,FollowWall,following_right_wall,0,14,42,0.437599689,1.68068301,1,1,1,0.257030278,0.97699582,0.15177505,1,1,0,0,0
89,2.546606,-1.31580868,89.2275786,0.0796709413,0.00493588119,FollowWall,following_right_wall,0,14,42,0.437476754,1.67262019,1,1,1,0.257042408,0.981000794,0.15177505,1,1,0,0,0
89.05,2.5466592,-1.31182581,89.2420003,0.0796709413,0.00493588119,FollowWall,following_right_wall,0,14,42,0.437476754,1.67262019,1,1,1,0.257042408,0.985005715,0.15177505,1,1,0,0,0
89.1,2.5467114,-1.3078428,89.2563047,0.0796641639,0.00503754223,FollowWall,following_right_wall,0,14,42,0.437413484,1.66461412,1,1,1,0.256644726,0.989010613,0.15177505,1,1,0,0,0
89.15,2.5467626,-1.30385983,89.2706621,0.0796641639,0.00503754223,FollowWall,following_right_wall,0,14,42,0.437413484,1.66461412,1,1,1,0.256644726,0.99301555,0.15177505,1,1,0,0,0
89.2,2.5468128,-1.29987689,89.2850503,0.0797019076,0.00447138532,FollowWall,following_right_wall,0,14,42,0.43741414,1.65666646,1,1,1,0.256602257,0.997020517,0.15177505,1,1,0,0,0
89.25,2.54686204,-1.29589317,89.2987808,0.0797019076,0.00447138532,FollowWall,following_right_wall,0,14,42,0.43741414,1.65666646,1,1,1,0.256602257,1.00102526,0.15177505,1,1,0,0,0
89.3,2.54691034,-1.29190899,89.3121276,0.0797314386,0.00402842119,FollowWall,following_right_wall,0,14,42,0.437463224,1.64877306,1,1,1,0.25639233,1.00502988,0.15177505,1,1,0,0,0
89.35,2.54695774,-1.28792393,89.3247218,0.0797314386,0.00402842119,FollowWall,following_right_wall,0,14,42,0.437463224,1.64877306,1,1,1,0.25639233,1.00903424,0.15177505,1,1,0,0,0
89.4,2.5470043,-1.28393834,89.3368769,0.0797839582,0.00324062764,FollowWall,following_right_wall,0,14,42,0.43755433,1.64093189,1,1,1,0.256350368,1.01303845,0.15177505,1,1,0,0,0
89.45,2.54705006,-1.27995136,89.3478357,0.0797839582,0.00324062764,FollowWall,following_right_wall,0,14,42,0.43755433,1.64093189,1,1,1,0.256350368,1.01704224,0.15177505,1,1,0,0,0
89.5,2.5470951,-1.27596355,89.3580965,0.0798628618,0.00205707348,FollowWall,following_right_wall,0,14,42,0.437674463,1.6331382,1,1,1,0.256531239,1.02104577,0.15177505,1,1,0,0,0
89.55,2.54713951,-1.27197362,89.3665374,0.0798628618,0.00205707348,FollowWall,following_right_wall,0,14,42,0.437674463,1.6331382,1,1,1,0.256531239,1.02504865,0.15177505,1,1,0,0,0
89.6,2.54718338,-1.26798245,89.3739167,0.0799491394,0.000762909558,FollowWall,following_right_wall,0,14,42,0.437802821,1.62538507,1,1,1,0.256769478,1.02905114,0.15177505,1,1,0,0,0
89.65,2.54722684,-1.26398875,89.379132,0.0799491394,0.000762909558,FollowWall,following_right_wall,0,14,42,0.437802821,1.62538507,1,1,1,0.256769478,1.03305283,0.15177505,1,1,0,0,0
89.7,2.54726999,-1.25999358,89.3830849,0.0799974253,-3.86207517e-05,FollowWall,following_right_wall,0,14,42,0.437923521,1.61766621,1,1,1,0.256675899,1.03705407,0.15177505,1,1,0,0,0
89.75,2.54731295,-1.25599655,89.3853446,0.0799974253,-3.86207517e-05,FollowWall,following_right_wall,0,14,42,0.437923521,1.61766621,1,1,1,0.256675899,1.04105456,0.15177505,1,1,0,0,0
89.8,2.5473558,-1.25199843,89.3866167,0.0799907882,-0.000138176395,FollowWall,following_right_wall,0,14,42,0.438042641,1.60988271,1,1,1,0.256644219,1.04505464,0.15177505,1,1,0,0,0
89.85,2.54739859,-1.24799982,89.3871938,0.0799907882,-0.000138176395,FollowWall,following_right_wall,0,14,42,0.438042641,1.60988271,1,1,1,0.256644219,1.04905414,0.15177505,1,1,0,0,0
89.9,2.54744136,-1.24400091,89.3873656,0.0799829103,-0.000256344847,FollowWall,following_right_wall,0,14,42,0.43818441,1.60195674,1,1,1,0.256698906,1.05305331,0.15177505,1,1,0,0,0
89.95,2.54748412,-1.240002,89.3871597,0.0799829103,-0.000256344847,FollowWall,following_right_wall,0,14,42,0.43818441,1.60195674,1,1,1,0.256698906,1.0570519,0.15177505,1,1,0,0,0
90,2.54752691,-1.23600309,89.3867337,0.0799677847,0.000483230219,FollowWall,following_right_wall,0,14,42,0.438358277,1.59408835,1,1,1,0.256126642,1.06105016,0.15177505,1,1,0,0,0
90.05,2.5475697,-1.23200449,89.387062,0.0799677847,0.000483230219,FollowWall,following_right_wall,0,14,42,0.438358277,1.59408835,1,1,1,0.256126642,1.06504927,0.15177505,1,1,0,0,0
90.1,2.54761245,-1.22800607,89.3878303,0.0799843845,0.000234232962,FollowWall,following_right_wall,0,14,42,0.438590527,1.58600732,1,1,1,0.255786359,1.06904886,0.15177505,1,1,0,0,0
90.15,2.54765515,-1.22400741,89.3885581,0.0799843845,0.000234232962,FollowWall,following_right_wall,0,14,42,0.438590527,1.58600732,1,1,1,0.255786359,1.07304863,0.15177505,1,1,0,0,0
90.2,2.5476978,-1.22000862,89.3892622,0.0799900242,-0.0001496366,FollowWall,following_right_wall,0,14,42,0.438862056,1.5777494,1,1,1,0.255617648,1.07704851,0.15177505,1,1,0,0,0
90.25,2.54774042,-1.21600962,89.3894943,0.0799900242,-0.0001496366,FollowWall,following_right_wall,0,14,42,0.438862056,1.5777494,1,1,1,0.255617648,1.08104786,0.15177505,1,1,0,0,0
90.3,2.54778304,-1.21201051,89.3894511,0.0799832774,-0.0002508391,FollowWall,following_right_wall,0,14,42,0.4391509,1.5695409,1,1,1,0.255364507,1.08504691,0.15177505,1,1,0,0,0
90.35,2.54782566,-1.20801147,89.3891265,0.0799832774,-0.0002508391,FollowWall,following_right_wall,0,14,42,0.4391509,1.5695409,1,1,1,0.255364507,1.08904545,0.15177505,1,1,0,0,0
90.4,2.54786832,-1.20401247,89.3886377,0.0799650639,-0.000524041841,FollowWall,following_right_wall,0,14,42,0.439452708,1.56138573,1,1,1,0.25533703,1.09304369,0.15177505,1,1,0,0,0
90.45,2.54791102,-1.20001388,89.3877271,0.0799650639,-0.000524041841,FollowWall,following_right_wall,0,14,42,0.439452708,1.56138573,1,1,1,0.25533703,1.09704089,0.15177505,1,1,0,0,0
90.5,2.54795379,-1.19601553,89.3865703,0.0799686029,-0.000470956198,FollowWall,following_right_wall,0,14,42,0.439757913,1.55328723,1,1,1,0.255202562,1.10103747,0.15177505,1,1,0,0,0
90.55,2.54799664,-1.19201724,89.3853334,0.0799686029,-0.000470956198,FollowWall,following_right_wall,0,14,42,0.439757913,1.55328723,1,1,1,0.255202562,1.10503386,0.15177505,1,1,0,0,0
90.6,2.54803958,-1.18801899,89.3840497,0.0799794426,-0.000308361439,FollowWall,following_right_wall,0,14,42,0.440067321,1.54524719,1,1,1,0.255098164,1.10903014,0.15177505,1,1,0,0,0
90.65,2.5480826,-1.18402053,89.3829328,0.0799794426,-0.000308361439,FollowWall,following_right_wall,0,14,42,0.440067321,1.54524719,1,1,1,0.255098164,1.11302688,0.15177505,1,1,0,0,0
90.7,2.5481257,-1.18002196,89.3819132,0.0799717794,-0.000423308715,FollowWall,following_right_wall,0,14,42,0.440382183,1.53726609,1,1,1,0.255274832,1.11702389,0.15177505,1,1,0,0,0
90.75,2.54816888,-1.17602348,89.3808131,0.0799717794,-0.000423308715,FollowWall,following_right_wall,0,14,42,0.440382183,1.53726609,1,1,1,0.255274832,1.12102069,0.15177505,1,1,0,0,0
90.8,2.54821213,-1.17202505,89.3796661,0.0799995964,6.05390138e-06,FollowWall,following_right_wall,0,14,42,0.440690339,1.52934392,1,1,1,0.255179584,1.12501736,0.15177505,1,1,0,0,0
90.85,2.54825545,-1.16802607,89.3790043,0.0799995964,6.05390138e-06,FollowWall,following_right_wall,0,14,42,0.440690339,1.52934392,1,1,1,0.255179584,1.12901532,0.15177505,1,1,0,0,0
90.9,2.54829881,-1.16402677,89.3786254,0.079988754,-0.000168690103,FollowWall,following_right_wall,0,14,42,0.440997988,1.52147962,1,1,1,0.255572438,1.13301403,0.15177505,1,1,0,0,0
90.95,2.5483422,-1.16002752,89.3782031,0.079988754,-0.000168690103,FollowWall,following_right_wall,0,14,42,0.440997988,1.52147962,1,1,1,0.255572438,1.13701264,0.15177505,1,1,0,0,0
91,2.54838562,-1.15602828,89.3777553,0.0799972412,4.13823164e-05,FollowWall,following_right_wall,0,14,42,0.441287994,1.51367115,1,1,1,0.255791724,1.14101119,0.15177505,1,1,0,0,0
91.05,2.54842906,-1.15202889,89.3775436,0.0799972412,4.13823164e-05,FollowWall,following_right_wall,0,14,42,0.441287994,1.51367115,1,1,1,0.255791724,1.14501026,0.15177505,1,1,0,0,0
91.1,2.54847252,-1.14802939,89.3774694,0.0799284256,0.00107361536,FollowWall,following_right_wall,0,14,42,0.441557884,1.50591603,1,1,1,0.255505443,1.14900964,0.15177505,1,1,0,0,0
91.15,2.54851592,-1.14403128,89.3787077,0.0799284256,0.00107361536,FollowWall,following_right_wall,0,14,42,0.441557884,1.50591603,1,1,1,0.255505443,1.15300966,0.15177505,1,1,0,0,0
91.2,2.54855919,-1.14003397,89.3807116,0.0799039669,0.00144049709,FollowWall,following_right_wall,0,14,42,0.441831112,1.49813085,1,1,1,0.255389452,1.15701004,0.15177505,1,1,0,0,0
91.25,2.54860229,-1.13603763,89.3835999,0.0799039669,0.00144049709,FollowWall,following_right_wall,0,14,42,0.441831112,1.49813085,1,1,1,0.255389452,1.16101081,0.15177505,1,1,0,0,0
91.3,2.54864516,-1.13204186,89.3870043,0.0798353273,0.00247009102,FollowWall,following_right_wall,0,14,42,0.442098022,1.49019437,1,1,1,0.255054206,1.1650118,0.15177505,1,1,0,0,0
91.35,2.54868772,-1.12804786,89.3919386,0.0798353273,0.00247009102,FollowWall,following_right_wall,0,14,42,0.442098022,1.49019437,1,1,1,0.255054206,1.16901338,0.15177505,1,1,0,0,0
91.4,2.5487299,-1.12405487,89.3977655,0.0797693744,0.00345938436,FollowWall,following_right_wall,0,14,42,0.442368388,1.48232,1,1,1,0.25459677,1.1730153,0.15177505,1,1,0,0,0
91.45,2.54877158,-1.12006386,89.4052938,0.0797693744,0.00345938436,FollowWall,following_right_wall,0,14,42,0.442368388,1.48232,1,1,1,0.25459677,1.17701787,0.15177505,1,1,0,0,0
91.5,2.5488127,-1.11607399,89.4138146,0.0797640793,0.00353881118,FollowWall,following_right_wall,0,14,42,0.442647159,1.47441867,1,1,1,0.254595459,1.18102082,0.15177505,1,1,0,0,0
91.55,2.5488532,-1.1120849,89.4230093,0.0797640793,0.00353881118,FollowWall,following_right_wall,0,14,42,0.442647159,1.47441867,1,1,1,0.254595459,1.18502403,0.15177505,1,1,0,0,0
91.6,2.54889303,-1.10809625,89.4325969,0.0797279806,0.00408029039,FollowWall,following_right_wall,0,14,42,0.442906111,1.46618114,1,1,1,0.254142761,1.18902739,0.15177505,1,1,0,0,0
91.65,2.54893216,-1.10410862,89.4430602,0.0797279806,0.00408029039,FollowWall,following_right_wall,0,14,42,0.442906111,1.46618114,1,1,1,0.254142761,1.19303109,0.15177505,1,1,0,0,0
91.7,2.54897053,-1.10012157,89.4540343,0.0797676536,0.00348519547,FollowWall,following_right_wall,0,14,42,0.443142116,1.45799923,1,1,1,0.254332155,1.197035,0.15177505,1,1,0,0,0
91.75,2.54900816,-1.09613404,89.464596,0.0797676536,0.00348519547,FollowWall,following_right_wall,0,14,42,0.443142116,1.45799923,1,1,1,0.254332155,1.20103876,0.15177505,1,1,0,0,0
91.8,2.54904507,-1.09214622,89.4749172,0.0797887819,0.00316827099,FollowWall,following_right_wall,0,14,42,0.443321168,1.44986974,1,1,1,0.254239231,1.20504244,0.15177505,1,1,0,0,0
91.85,2.54908128,-1.08815779,89.4847197,0.0797887819,0.00316827099,FollowWall,following_right_wall,0,14,42,0.443321168,1.44986974,1,1,1,0.254239231,1.20904594,0.15177505,1,1,0,0,0
91.9,2.54911682,-1.084169,89.4942196,0.0798499734,0.00225039951,FollowWall,following_right_wall,0,14,42,0.443431139,1.44179351,1,1,1,0.254479975,1.21304933,0.15177505,1,1,0,0,0
91.95,2.54915176,-1.08017873,89.5024475,0.0798499734,0.00225039951,FollowWall,following_right_wall,0,14,42,0.443431139,1.44179351,1,1,1,0.254479975,1.21705226,0.15177505,1,1,0,0,0
92,2.54918616,-1.07618759,89.5099333,0.0798601117,0.00209832519,FollowWall,following_right_wall,0,14,42,0.44345063,1.43376801,1,1,1,0.254151791,1.22105491,0.15177505,1,1,0,0,0
92.05,2.54922007,-1.07219573,89.5168047,0.0798601117,0.00209832519,FollowWall,following_right_wall,0,14,42,0.44345063,1.43376801,1,1,1,0.254151791,1.22505734,0.15177505,1,1,0,0,0
92.1,2.54925351,-1.06820345,89.5233177,0.0799247703,0.00112844582,FollowWall,following_right_wall,0,14,42,0.443391651,1.42579684,1,1,1,0.25431928,1.22905964,0.15177505,1,1,0,0,0
92.15,2.54928656,-1.06420957,89.528464,0.0799247703,0.00112844582,FollowWall,following_right_wall,0,14,42,0.443391651,1.42579684,1,1,1,0.25431928,1.23306143,0.15177505,1,1,0,0,0
92.2,2.54931928,-1.06021476,89.5328129,0.0799458768,0.000811848099,FollowWall,following_right_wall,0,14,42,0.443238795,1.41787678,1,1,1,0.254007906,1.23706293,0.15177505,1,1,0,0,0
92.25,2.54935174,-1.05621898,89.5363189,0.0799458768,0.000811848099,FollowWall,following_right_wall,0,14,42,0.443238795,1.41787678,1,1,1,0.254007906,1.24106412,0.15177505,1,1,0,0,0
92.3,2.54938398,-1.05222261,89.5393331,0.0799998667,-2.00020546e-06,FollowWall,following_right_wall,0,14,42,0.443002284,1.41000889,1,1,1,0.253992289,1.24506512,0.15177505,1,1,0,0,0
92.35,2.54941606,-1.04822479,89.541089,0.0799998667,-2.00020546e-06,FollowWall,following_right_wall,0,14,42,0.443002284,1.41000889,1,1,1,0.253992289,1.24906564,0.15177505,1,1,0,0,0
92.4,2.54944805,-1.04422612,89.5421109,0.0799236496,-0.00114525637,FollowWall,following_right_wall,0,14,42,0.442676306,1.40219008,1,1,1,0.254408389,1.25306589,0.15177505,1,1,0,0,0
92.45,2.54948003,-1.04022853,89.54134,0.0799236496,-0.00114525637,FollowWall,following_right_wall,0,14,42,0.442676306,1.40219008,1,1,1,0.254408389,1.25706229,0.15177505,1,1,0,0,0
92.5,2.54951209,-1.03623159,89.5395232,0.0799188727,-0.00121690974,FollowWall,following_right_wall,0,14,42,0.442247242,1.39397685,1,1,1,0.254505545,1.26105644,0.15177505,1,1,0,0,0
92.55,2.5495443,-1.03223512,89.5370108,0.0799188727,-0.00121690974,FollowWall,following_right_wall,0,14,42,0.442247242,1.39397685,1,1,1,0.254505545,1.26504904,0.15177505,1,1,0,0,0
92.6,2.54957669,-1.02823892,89.5340927,0.0799364465,-0.000953302725,FollowWall,following_right_wall,0,14,42,0.441743702,1.38575489,1,1,1,0.254163444,1.26904075,0.15177505,1,1,0,0,0
92.65,2.54960929,-1.02424252,89.5312526,0.0799364465,-0.000953302725,FollowWall,following_right_wall,0,14,42,0.441743702,1.38575489,1,1,1,0.254163444,1.27303278,0.15177505,1,1,0,0,0
92.7,2.54964208,-1.020246,89.5284579,0.0799252517,-0.00112122477,FollowWall,following_right_wall,0,14,42,0.44119674,1.37758618,1,1,1,0.25385657,1.277025,0.15177505,1,1,0,0,0
92.75,2.54967508,-1.01624964,89.5254893,0.0799252517,-0.00112122477,FollowWall,following_right_wall,0,14,42,0.44119674,1.37758618,1,1,1,0.25385657,1.28101679,0.15177505,1,1,0,0,0
92.8,2.54970828,-1.01225338,89.5224192,0.0799095684,-0.00135647417,FollowWall,following_right_wall,0,14,42,0.440609843,1.36947346,1,1,1,0.25369066,1.28500832,0.15177505,1,1,0,0,0
92.85,2.54974171,-1.00825751,89.5190092,0.0799095684,-0.00135647417,FollowWall,following_right_wall,0,14,42,0.440609843,1.36947346,1,1,1,0.25369066,1.28899895,0.15177505,1,1,0,0,0
92.9,2.54977538,-1.00426186,89.5154008,0.0799092237,-0.00136164479,FollowWall,following_right_wall,0,14,42,0.439983159,1.36141816,1,1,1,0.25347957,1.29298905,0.15177505,1,1,0,0,0
92.95,2.5498093,-1.00026635,89.5116706,0.0799092237,-0.00136164479,FollowWall,following_right_wall,0,14,42,0.439983159,1.36141816,1,1,1,0.25347957,1.29697882,0.15177505,1,1,0,0,0
93,2.54984349,-0.996270926,89.5078693,0.0799500351,-0.000749473113,FollowWall,following_right_wall,0,14,42,0.439327687,1.35342134,1,1,1,0.252960891,1.3009684,0.15177505,1,1,0,0,0
93.05,2.54987792,-0.992274697,89.5047573,0.0799500351,-0.000749473113,FollowWall,following_right_wall,0,14,42,0.439327687,1.35342134,1,1,1,0.252960891,1.30495984,0.15177505,1,1,0,0,0
93.1,2.54991256,-0.988278002,89.5020473,0.0799344858,-0.000982713163,FollowWall,following_right_wall,0,14,42,0.438672364,1.34548432,1,1,1,0.253091067,1.30895237,0.15177505,1,1,0,0,0
93.15,2.54994739,-0.984281359,89.4992935,0.0799344858,-0.000982713163,FollowWall,following_right_wall,0,14,42,0.438672364,1.34548432,1,1,1,0.253091067,1.31294478,0.15177505,1,1,0,0,0
93.2,2.54998242,-0.980284747,89.496514,0.079926068,-0.00110897947,FollowWall,following_right_wall,0,14,42,0.438010424,1.33760543,1,1,1,0.253251344,1.31693712,0.15177505,1,1,0,0,0
93.25,2.55001764,-0.976288329,89.4935689,0.079926068,-0.00110897947,FollowWall,following_right_wall,0,14,42,0.438010424,1.33760543,1,1,1,0.253251344,1.320929,0.15177505,1,1,0,0,0
93.3,2.55005307,-0.972292025,89.4905272,0.0799375908,-0.000936137513,FollowWall,following_right_wall,0,14,42,0.437341571,1.32978253,1,1,1,0.253324002,1.32492063,0.15177505,1,1,0,0,0
93.35,2.55008871,-0.968295549,89.4876355,0.0799375908,-0.000936137513,FollowWall,following_right_wall,0,14,42,0.437341571,1.32978253,1,1,1,0.253324002,1.32891266,0.15177505,1,1,0,0,0
93.4,2.55012455,-0.964298973,89.4848312,0.0799425321,-0.000862019211,FollowWall,following_right_wall,0,14,42,0.436680347,1.32201336,1,1,1,0.253565729,1.33290493,0.15177505,1,1,0,0,0
93.45,2.55016058,-0.960302236,89.4821664,0.0799425321,-0.000862019211,FollowWall,following_right_wall,0,14,42,0.436680347,1.32201336,1,1,1,0.253565729,1.33689757,0.15177505,1,1,0,0,0
93.5,2.55019679,-0.956305406,89.4795829,0.0799828243,-0.000257635531,FollowWall,following_right_wall,0,14,42,0.436035454,1.31404951,1,1,1,0.253547817,1.34089043,0.15177505,1,1,0,0,0
93.55,2.55023317,-0.952307682,89.4777684,0.0799828243,-0.000257635531,FollowWall,following_right_wall,0,14,42,0.436035454,1.31404951,1,1,1,0.253547817,1.34488536,0.15177505,1,1,0,0,0
93.6,2.55026966,-0.948309438,89.4764024,0.0799940691,8.89630789e-05,FollowWall,following_right_wall,0,14,42,0.43543011,1.30609871,1,1,1,0.253774852,1.34888151,0.15177505,1,1,0,0,0
93.65,2.55030623,-0.944310656,89.4757118,0.0799940691,8.89630789e-05,FollowWall,following_right_wall,0,14,42,0.43543011,1.30609871,1,1,1,0.253774852,1.35287923,0.15177505,1,1,0,0,0
93.7,2.55034283,-0.94031156,89.4754151,0.0798769931,0.00184510302,FollowWall,following_right_wall,0,14,42,0.434872717,1.29820523,1,1,1,0.253217578,1.35687787,0.15177505,1,1,0,0,0
93.75,2.55037936,-0.936314719,89.4774444,0.0798769931,0.00184510302,FollowWall,following_right_wall,0,14,42,0.434872717,1.29820523,1,1,1,0.253217578,1.36087783,0.15177505,1,1,0,0,0
93.8,2.55041568,-0.932319193,89.4808307,0.0797291381,0.00406292806,FollowWall,following_right_wall,0,14,42,0.434412837,1.29037646,1,1,1,0.252754629,1.36487856,0.15177505,1,1,0,0,0
93.85,2.55045161,-0.92832751,89.4876557,0.0797291381,0.00406292806,FollowWall,following_right_wall,0,14,42,0.434412837,1.29037646,1,1,1,0.252754629,1.36888073,0.15177505,1,1,0,0,0
93.9,2.55048698,-0.924338068,89.4964868,0.079714054,0.0042891898,FollowWall,following_right_wall,0,14,42,0.434096783,1.28228819,1,1,1,0.25299257,1.37288375,0.15177505,1,1,0,0,0
93.95,2.55052167,-0.920350243,89.5067581,0.079714054,0.0042891898,FollowWall,following_right_wall,0,14,42,0.434096783,1.28228819,1,1,1,0.25299257,1.37688737,0.15177505,1,1,0,0,0
94,2.5505556,-0.916363359,89.5178695,0.079697574,0.00453638935,FollowWall,following_right_wall,0,14,42,0.433886468,1.27410781,1,1,1,0.252893746,1.38089135,0.15177505,1,1,0,0,0
94.05,2.55058873,-0.912377364,89.5297661,0.079697574,0.00453638935,FollowWall,following_right_wall,0,14,42,0.433886468,1.27410781,1,1,1,0.252893746,1.38489565,0.15177505,1,1,0,0,0
94.1,2.55062101,-0.908391884,89.5421207,0.0797084462,0.00437330634,FollowWall,following_right_wall,0,14,42,0.433758706,1.26598705,1,1,1,0.252931625,1.38890014,0.15177505,1,1,0,0,0
94.15,2.55065243,-0.904406476,89.5545478,0.0797084462,0.00437330634,FollowWall,following_right_wall,0,14,42,0.433758706,1.26598705,1,1,1,0.252931625,1.39290467,0.15177505,1,1,0,0,0
94.2,2.55068298,-0.900421107,89.5670171,0.07970141,0.00447884956,FollowWall,following_right_wall,0,14,42,0.433695406,1.25792315,1,1,1,0.252672225,1.39690924,0.15177505,1,1,0,0,0
94.25,2.55071266,-0.896435904,89.5796372,0.07970141,0.00447884956,FollowWall,following_right_wall,0,14,42,0.433695406,1.25792315,1,1,1,0.252672225,1.40091388,0.15177505,1,1,0,0,0
94.3,2.55074146,-0.892450796,89.5923451,0.0797052255,0.00442161756,FollowWall,following_right_wall,0,14,42,0.433697492,1.24991756,1,1,1,0.252411306,1.40491856,0.15177505,1,1,0,0,0
94.35,2.55076937,-0.888465661,89.605036,0.0797052255,0.00442161756,FollowWall,following_right_wall,0,14,42,0.433697492,1.24991756,1,1,1,0.252411306,1.40892325,0.15177505,1,1,0,0,0
94.4,2.5507964,-0.884480509,89.6177169,0.0797111628,0.00433255872,FollowWall,following_right_wall,0,14,42,0.433763266,1.24197002,1,1,1,0.252065361,1.41292795,0.15177505,1,1,0,0,0
94.45,2.55082255,-0.880495219,89.6302857,0.0797111628,0.00433255872,FollowWall,following_right_wall,0,14,42,0.433763266,1.24197002,1,1,1,0.252065361,1.41693262,0.15177505,1,1,0,0,0
94.5,2.55084783,-0.876509848,89.6427892,0.0797758262,0.00336260773,FollowWall,following_right_wall,0,14,42,0.433890551,1.23408007,1,1,1,0.252217442,1.42093727,0.15177505,1,1,0,0,0
94.55,2.5508723,-0.87252308,89.6540966,0.0797758262,0.00336260773,FollowWall,following_right_wall,0,14,42,0.433890551,1.23408007,1,1,1,0.252217442,1.42494148,0.15177505,1,1,0,0,0
94.6,2.550896,-0.868535496,89.6647065,0.0798318343,0.00252248578,FollowWall,following_right_wall,0,14,42,0.434050709,1.22624009,1,1,1,0.252223551,1.42894543,0.15177505,1,1,0,0,0
94.65,2.55091903,-0.864546267,89.6739066,0.0798318343,0.00252248578,FollowWall,following_right_wall,0,14,42,0.434050709,1.22624009,1,1,1,0.252223551,1.43294885,0.15177505,1,1,0,0,0
94.7,2.55094145,-0.860556078,89.6822843,0.079892445,0.00161332546,FollowWall,following_right_wall,0,14,42,0.434230417,1.21844556,1,1,1,0.252239585,1.43695197,0.15177505,1,1,0,0,0
94.75,2.55096334,-0.856564065,89.689097,0.079892445,0.00161332546,FollowWall,following_right_wall,0,14,42,0.434230417,1.21844556,1,1,1,0.252239585,1.4409545,0.15177505,1,1,0,0,0
94.8,2.55098481,-0.852570987,89.6949969,0.0799924979,0.000112531678,FollowWall,following_right_wall,0,14,42,0.434421986,1.21053366,1,1,1,0.252630055,1.44495669,0.15177505,1,1,0,0,0
94.85,2.55100595,-0.848575204,89.6985728,0.0799924979,0.000112531678,FollowWall,following_right_wall,0,14,42,0.434421986,1.21053366,1,1,1,0.252630055,1.44895799,0.15177505,1,1,0,0,0
94.9,2.55102691,-0.844577843,89.7007931,0.0799435351,-0.000846973167,FollowWall,following_right_wall,0,14,42,0.434601337,1.20251186,1,1,1,0.252665907,1.45295878,0.15177505,1,1,0,0,0
94.95,2.55104777,-0.84058058,89.7010772,0.0799435351,-0.000846973167,FollowWall,following_right_wall,0,14,42,0.434601337,1.20251186,1,1,1,0.252665907,1.45695648,0.15177505,1,1,0,0,0
95,2.55106865,-0.836583376,89.700232,0.0799215924,-0.0011761142,FollowWall,following_right_wall,0,14,42,0.434769541,1.19454644,1,1,1,0.252850294,1.46095238,0.15177505,1,1,0,0,0
95.05,2.55108963,-0.832586664,89.6983351,0.0799215924,-0.0011761142,FollowWall,following_right_wall,0,14,42,0.434769541,1.19454644,1,1,1,0.252850294,1.46494616,0.15177505,1,1,0,0,0
95.1,2.55111076,-0.828590239,89.6958246,0.0799280666,-0.00107900161,FollowWall,following_right_wall,0,14,42,0.434946984,1.18664002,1,1,1,0.252842307,1.46893871,0.15177505,1,1,0,0,0
95.15,2.55113207,-0.824593848,89.6930723,0.0799280666,-0.00107900161,FollowWall,following_right_wall,0,14,42,0.434946984,1.18664002,1,1,1,0.252842307,1.47293085,0.15177505,1,1,0,0,0
95.2,2.55115358,-0.820597476,89.6901787,0.0799500036,-0.000749946152,FollowWall,following_right_wall,0,14,42,0.435155004,1.17879094,1,1,1,0.252329201,1.47692276,0.15177505,1,1,0,0,0
95.25,2.55117528,-0.816600659,89.6875957,0.0799500036,-0.000749946152,FollowWall,following_right_wall,0,14,42,0.435155004,1.17879094,1,1,1,0.252329201,1.48091559,0.15177505,1,1,0,0,0
95.3,2.55119716,-0.812603583,89.6851937,0.0799579046,-0.000631430443,FollowWall,following_right_wall,0,14,42,0.435407788,1.17099586,1,1,1,0.251860261,1.48490896,0.15177505,1,1,0,0,0
95.35,2.5512192,-0.808606192,89.6830388,0.0799579046,-0.000631430443,FollowWall,following_right_wall,0,14,42,0.435407788,1.17099586,1,1,1,0.251860261,1.48890302,0.15177505,1,1,0,0,0
95.4,2.55124139,-0.804608616,89.6810281,0.0799208486,-0.00118727165,FollowWall,following_right_wall,0,14,42,0.435701489,1.16274886,1,1,1,0.251916975,1.49289749,0.15177505,1,1,0,0,0
95.45,2.55126373,-0.800611706,89.678438,0.0799208486,-0.00118727165,FollowWall,following_right_wall,0,14,42,0.435701489,1.16274886,1,1,1,0.251916975,1.49689041,0.15177505,1,1,0,0,0
95.5,2.55128626,-0.796615185,89.6755099,0.0799070923,-0.00139361599,FollowWall,following_right_wall,0,14,42,0.436008126,1.15455286,1,1,1,0.251849264,1.50088241,0.15177505,1,1,0,0,0
95.55,2.55130901,-0.792619177,89.6721383,0.0799070923,-0.00139361599,FollowWall,following_right_wall,0,14,42,0.436008126,1.15455286,1,1,1,0.251849264,1.50487321,0.15177505,1,1,0,0,0
95.6,2.551332,-0.78862347,89.6685081,0.0799105698,-0.0013414537,FollowWall,following_right_wall,0,14,42,0.4363195,1.14641209,1,1,1,0.251723796,1.50886332,0.15177505,1,1,0,0,0
95.65,2.55135525,-0.784627866,89.6647892,0.0799105698,-0.0013414537,FollowWall,following_right_wall,0,14,42,0.4363195,1.14641209,1,1,1,0.251723796,1.51285318,0.15177505,1,1,0,0,0
95.7,2.55137876,-0.780632324,89.6610186,0.0799329419,-0.00100587127,FollowWall,following_right_wall,0,14,42,0.436638623,1.1383286,1,1,1,0.251511693,1.51684291,0.15177505,1,1,0,0,0
95.75,2.55140252,-0.776636351,89.6576184,0.0799329419,-0.00100587127,FollowWall,following_right_wall,0,14,42,0.436638623,1.1383286,1,1,1,0.251511693,1.52083364,0.15177505,1,1,0,0,0
95.8,2.55142651,-0.772640129,89.6544343,0.079953782,-0.000693270719,FollowWall,following_right_wall,0,14,42,0.436972648,1.13030321,1,1,1,0.251398712,1.52482495,0.15177505,1,1,0,0,0
95.85,2.55145071,-0.768643326,89.6517494,0.079953782,-0.000693270719,FollowWall,following_right_wall,0,14,42,0.436972648,1.13030321,1,1,1,0.251398712,1.52881761,0.15177505,1,1,0,0,0
95.9,2.55147509,-0.764646186,89.6493556,0.0799442117,-0.000836824963,FollowWall,following_right_wall,0,14,42,0.437320739,1.12233639,1,1,1,0.25166589,1.53281106,0.15177505,1,1,0,0,0
95.95,2.55149963,-0.760649048,89.6469604,0.0799442117,-0.000836824963,FollowWall,following_right_wall,0,14,42,0.437320739,1.12233639,1,1,1,0.25166589,1.5368045,0.15177505,1,1,0,0,0
96,2.55152434,-0.756651913,89.6445643,0.0799778204,-0.000332694721,FollowWall,following_right_wall,0,14,42,0.437663734,1.1144278,1,1,1,0.251590222,1.54079794,0.15177505,1,1,0,0,0
96.05,2.55154921,-0.752654078,89.6427694,0.0799778204,-0.000332694721,FollowWall,following_right_wall,0,14,42,0.437663734,1.1144278,1,1,1,0.251590222,1.54479301,0.15177505,1,1,0,0,0
96.1,2.55157419,-0.748655837,89.6413253,0.079968843,-0.000467354755,FollowWall,following_right_wall,0,14,42,0.438007534,1.10657599,1,1,1,0.252012789,1.54878902,0.15177505,1,1,0,0,0
96.15,2.55159927,-0.744657545,89.639925,0.079968843,-0.000467354755,FollowWall,following_right_wall,0,14,42,0.438007534,1.10657599,1,1,1,0.252012789,1.55278515,0.15177505,1,1,0,0,0
96.2,2.55162444,-0.740659223,89.6385503,0.0799780049,-0.000329926909,FollowWall,following_right_wall,0,14,42,0.438334584,1.0987299,1,1,1,0.252334923,1.55678135,0.15177505,1,1,0,0,0
96.25,2.55164971,-0.736660695,89.6373546,0.0799780049,-0.000329926909,FollowWall,following_right_wall,0,14,42,0.438334584,1.0987299,1,1,1,0.252334923,1.56077804,0.15177505,1,1,0,0,0
96.3,2.55167506,-0.732662045,89.6362633,0.0799482741,0.000775888539,FollowWall,following_right_wall,0,14,42,0.438638717,1.09050818,1,1,1,0.252073824,1.56477501,0.15177505,1,1,0,0,0
96.35,2.55170043,-0.728663944,89.6365528,0.0799482741,0.000775888539,FollowWall,following_right_wall,0,14,42,0.438638717,1.09050818,1,1,1,0.252073824,1.56877355,0.15177505,1,1,0,0,0
96.4,2.55172575,-0.724666162,89.6376479,0.0799134976,0.00129753615,FollowWall,following_right_wall,0,14,42,0.438946038,1.0823207,1,1,1,0.252003163,1.57277302,0.15177505,1,1,0,0,0
96.45,2.55175095,-0.720669291,89.6398355,0.0799134976,0.00129753615,FollowWall,following_right_wall,0,14,42,0.438946038,1.0823207,1,1,1,0.252003163,1.57677327,0.15177505,1,1,0,0,0
96.5,2.55177597,-0.71667295,89.6426604,0.0798577387,0.00213391997,FollowWall,following_right_wall,0,14,42,0.439251393,1.07419675,1,1,1,0.251798362,1.58077397,0.15177505,1,1,0,0,0
96.55,2.55180074,-0.71267808,89.6468555,0.0798577387,0.00213391997,FollowWall,following_right_wall,0,14,42,0.439251393,1.07419675,1,1,1,0.251798362,1.58477531,0.15177505,1,1,0,0,0
96.6,2.55182519,-0.708684066,89.6518497,0.0798019933,0.0029701005,FollowWall,following_right_wall,0,14,42,0.439556181,1.06614072,1,1,1,0.251448035,1.58877702,0.15177505,1,1,0,0,0
96.65,2.55184922,-0.704691711,89.6583084,0.0798019933,0.0029701005,FollowWall,following_right_wall,0,14,42,0.439556181,1.06614072,1,1,1,0.251448035,1.59277934,0.15177505,1,1,0,0,0
96.7,2.55187277,-0.700700324,89.6656212,0.0797823642,0.00326453704,FollowWall,following_right_wall,0,14,42,0.439861238,1.05815512,1,1,1,0.251306862,1.59678201,0.15177505,1,1,0,0,0
96.75,2.55189577,-0.696709908,89.6737838,0.0797823642,0.00326453704,FollowWall,following_right_wall,0,14,42,0.439861238,1.05815512,1,1,1,0.251306862,1.60078502,0.15177505,1,1,0,0,0
96.8,2.55191819,-0.692720056,89.682442,0.0797597345,0.00360398233,FollowWall,following_right_wall,0,14,42,0.440148681,1.05023625,1,1,1,0.250996292,1.60478824,0.15177505,1,1,0,0,0
96.85,2.55193997,-0.688731005,89.6917946,0.0797597345,0.00360398233,FollowWall,following_right_wall,0,14,42,0.440148681,1.05023625,1,1,1,0.250996292,1.60879172,0.15177505,1,1,0,0,0
96.9,2.55196109,-0.684742418,89.7015522,0.0797739076,0.00339138621,FollowWall,following_right_wall,0,14,42,0.440408736,1.04238116,1,1,1,0.250928164,1.61279538,0.15177505,1,1,0,0,0
96.95,2.55198153,-0.680753806,89.7112923,0.0797739076,0.00339138621,FollowWall,following_right_wall,0,14,42,0.440408736,1.04238116,1,1,1,0.250928164,1.61679903,0.15177505,1,1,0,0,0
97,2.55200128,-0.676765178,89.7210222,0.0798256546,0.00261518046,FollowWall,following_right_wall,0,14,42,0.440620422,1.03458343,1,1,1,0.251136065,1.62080269,0.15177505,1,1,0,0,0
97.05,2.55202041,-0.67277546,89.7298197,0.0798256546,0.00261518046,FollowWall,following_right_wall,0,14,42,0.440620422,1.03458343,1,1,1,0.251136065,1.62480599,0.15177505,1,1,0,0,0
97.1,2.55203893,-0.668785107,89.7380731,0.0798680989,0.00197851627,FollowWall,following_right_wall,0,14,42,0.440754294,1.02665784,1,1,1,0.251185477,1.6288091,0.15177505,1,1,0,0,0
97.15,2.55205693,-0.664793498,89.7452493,0.0798680989,0.00197851627,FollowWall,following_right_wall,0,14,42,0.440754294,1.02665784,1,1,1,0.251185477,1.6328118,0.15177505,1,1,0,0,0
97.2,2.55207446,-0.660801155,89.7517971,0.0798878715,0.00168192746,FollowWall,following_right_wall,0,14,42,0.440799981,1.01863866,1,1,1,0.250957072,1.63681426,0.15177505,1,1,0,0,0
97.25,2.55209155,-0.656807972,89.7576243,0.0798878715,0.00168192746,FollowWall,following_right_wall,0,14,42,0.440799981,1.01863866,1,1,1,0.250957072,1.64081645,0.15177505,1,1,0,0,0
97.3,2.55210826,-0.652814298,89.7630312,0.0799670402,0.000494396623,FollowWall,following_right_wall,0,14,42,0.44076547,1.01067345,1,1,1,0.25126937,1.64481848,0.15177505,1,1,0,0,0
97.35,2.55212465,-0.648818689,89.7667753,0.0799670402,0.000494396623,FollowWall,following_right_wall,0,14,42,0.44076547,1.01067345,1,1,1,0.25126937,1.64881988,0.15177505,1,1,0,0,0
97.4,2.55214082,-0.644821949,89.7695495,0.0799844349,0.00023347676,FollowWall,following_right_wall,0,14,42,0.440628707,1.00275803,1,1,1,0.250938833,1.65282091,0.15177505,1,1,0,0,0
97.45,2.55215684,-0.640824189,89.7714465,0.0799844349,0.00023347676,FollowWall,following_right_wall,0,14,42,0.440628707,1.00275803,1,1,1,0.250938833,1.6568216,0.15177505,1,1,0,0,0
97.5,2.55217274,-0.636825832,89.7728318,0.0799242034,-0.00113694834,FollowWall,following_right_wall,0,14,42,0.440405577,0.994894312,1,1,1,0.251314491,1.6608221,0.15177505,1,1,0,0,0
97.55,2.55218861,-0.632828383,89.7722828,0.0799242034,-0.00113694834,FollowWall,following_right_wall,0,14,42,0.440405577,0.994894312,1,1,1,0.251314491,1.6648187,0.15177505,1,1,0,0,0
97.6,2.55220455,-0.628831463,89.7706053,0.0798618716,-0.00207192629,FollowWall,following_right_wall,0,14,42,0.440075278,0.987004624,1,1,1,0.251762629,1.66881303,0.15177505,1,1,0,0,0
97.65,2.55222067,-0.624836152,89.7671537,0.0798618716,-0.00207192629,FollowWall,following_right_wall,0,14,42,0.440075278,0.987004624,1,1,1,0.251762629,1.672803,0.15177505,1,1,0,0,0
97.7,2.55223706,-0.620841779,89.762667,0.079892168,-0.00161747989,FollowWall,following_right_wall,0,14,42,0.439638168,0.979030833,1,1,1,0.25157541,1.67679044,0.15177505,1,1,0,0,0
97.75,2.55225376,-0.616847324,89.7581191,0.079892168,-0.00161747989,FollowWall,following_right_wall,0,14,42,0.439638168,0.979030833,1,1,1,0.25157541,1.68077786,0.15177505,1,1,0,0,0
97.8,2.55227078,-0.61285282,89.7535354,0.0798967729,-0.00154840626,FollowWall,following_right_wall,0,14,42,0.439143181,0.970844983,1,1,1,0.251299471,1.68476528,0.15177505,1,1,0,0,0
97.85,2.55228813,-0.608858194,89.7490133,0.0798967729,-0.00154840626,FollowWall,following_right_wall,0,14,42,0.439143181,0.970844983,1,1,1,0.251299471,1.68875292,0.15177505,1,1,0,0,0
97.9,2.55230578,-0.604863496,89.7445271,0.0798935434,-0.00159684907,FollowWall,following_right_wall,0,14,42,0.438608527,0.962687568,1,1,1,0.250973701,1.69274068,0.15177505,1,1,0,0,0
97.95,2.55232375,-0.600868824,89.7400041,0.0798935434,-0.00159684907,FollowWall,following_right_wall,0,14,42,0.438608527,0.962687568,1,1,1,0.250973701,1.69672836,0.15177505,1,1,0,0,0
98,2.55234204,-0.596874169,89.7354596,0.0798933197,-0.00160020523,FollowWall,following_right_wall,0,14,42,0.438037932,0.9545865,1,1,1,0.250709176,1.700716,0.15177505,1,1,1,0,1
