time,x,y,yaw_deg,v,w,state,reason,fault,narrow_usable,wide_usable,front_sector,front_clearance,pivot_valid,heading_valid,right_valid,right_distance,cap_gap,min_cap_gap,entered,approached,returned,contact,completed
0,0,0,0,0.0743247157,-0.0851292645,FollowWall,following_right_wall,0,14,42,0.534847498,1.95800295,1,1,1,0.303924054,1.211,1.211,0,0,0,0,0
0.05,0.00154843097,-1.37309192e-06,-0.101615574,0.0743247157,-0.0851292645,FollowWall,following_right_wall,0,14,42,0.534847498,1.95800295,1,1,1,0.303924054,1.21093137,1.21093137,0,0,0,0,0
0.1,0.00400010192,-9.16346938e-06,-0.2625069,0.0746994003,-0.0795089958,FollowWall,following_right_wall,0,14,42,0.531425178,1.95423072,1,1,1,0.30391857,1.21081767,1.21081767,0,0,0,0,0
0.15,0.0069864301,-2.77651085e-05,-0.451267047,0.0746994003,-0.0795089958,FollowWall,following_right_wall,0,14,42,0.531425178,1.95423072,1,1,1,0.30391857,1.21067571,1.21067571,0,0,0,0,0
0.2,0.0102845721,-5.96433239e-05,-0.656284005,0.0752518809,-0.0712217862,FollowWall,following_right_wall,0,14,42,0.526330829,1.94769358,1,1,1,0.304029286,1.21051094,1.21051094,0,0,0,0,0
0.25,0.0137760196,-0.000105872295,-0.860891975,0.0752518809,-0.0712217862,FollowWall,following_right_wall,0,14,42,0.526330829,1.94769358,1,1,1,0.304029286,1.21033323,1.21033323,0,0,0,0,0
0.3,0.0173801142,-0.000166458718,-1.06526137,0.0758416822,-0.0623747677,FollowWall,following_right_wall,0,14,42,0.521045208,1.94046552,1,1,1,0.304012299,1.21014246,1.21014246,0,0,0,0,0
0.35,0.0210620773,-0.000241148033,-1.25893124,0.0758416822,-0.0623747677,FollowWall,following_right_wall,0,14,42,0.521045208,1.94046552,1,1,1,0.304012299,1.20994545,1.20994545,0,0,0,0,0
0.4,0.0247893271,-0.000329157735,-1.44635973,0.0764092101,-0.0538618487,FollowWall,following_right_wall,0,14,42,0.516086936,1.93306448,1,1,1,0.303839296,1.20974004,1.20974004,0,0,0,0,0
0.45,0.0285546723,-0.000429938335,-1.61998586,0.0764092101,-0.0538618487,FollowWall,following_right_wall,0,14,42,0.516086936,1.93306448,1,1,1,0.303839296,1.20953136,1.20953136,0,0,0,0,0
0.5,0.0323420956,-0.000542529916,-1.78556062,0.0768632442,-0.0470513376,FollowWall,following_right_wall,0,14,42,0.511602938,1.92563903,1,1,1,0.303895742,1.20931665,1.20931665,0,0,0,0,0
0.55,0.036151707,-0.000666374058,-1.93830929,0.0768632442,-0.0470513376,FollowWall,following_right_wall,0,14,42,0.511602938,1.92563903,1,1,1,0.303895742,1.20909926,1.20909926,0,0,0,0,0
0.6,0.0399741163,-0.000800586455,-2.08357608,0.0772802585,-0.0407961223,FollowWall,following_right_wall,0,14,42,0.507567406,1.91822405,1,1,1,0.303761274,1.20887668,1.20887668,0,0,0,0,0
0.65,0.0438125298,-0.000944708668,-2.21701182,0.0772802585,-0.0407961223,FollowWall,following_right_wall,0,14,42,0.507567406,1.91822405,1,1,1,0.303761274,1.2086519,1.2086519,0,0,0,0,0
0.7,0.0476601383,-0.00109791814,-2.34354612,0.0776570333,-0.0351445007,FollowWall,following_right_wall,0,14,42,0.503931284,1.91082016,1,1,1,0.303531587,1.20842266,1.20842266,0,0,0,0,0
0.75,0.0515208167,-0.00125982484,-2.45930846,0.0776570333,-0.0351445007,FollowWall,following_right_wall,0,14,42,0.503931284,1.91082016,1,1,1,0.303531587,1.20819157,1.20819157,0,0,0,0,0
0.8,0.0553889867,-0.00142966301,-2.56878714,0.077969149,-0.030462765,FollowWall,following_right_wall,0,14,42,0.500648439,1.90313086,1,1,1,0.303530276,1.20795666,1.20795666,0,0,0,0,0
0.85,0.0592678949,-0.00160708535,-2.66901196,0.077969149,-0.030462765,FollowWall,following_right_wall,0,14,42,0.500648439,1.90313086,1,1,1,0.303530276,1.20771995,1.20771995,0,0,0,0,0
0.9,0.0631529439,-0.00179141586,-2.76383868,0.0782288755,-0.0265668669,FollowWall,following_right_wall,0,14,42,0.497663915,1.89532354,1,1,1,0.303697944,1.20747978,1.20747978,0,0,0,0,0
0.95,0.0670468613,-0.00198236107,-2.85086613,0.0782288755,-0.0265668669,FollowWall,following_right_wall,0,14,42,0.497663915,1.89532354,1,1,1,0.303697944,1.2072378,1.2072378,0,0,0,0,0
1,0.0709458383,-0.0021793361,-2.933344,0.0784906298,-0.0226405533,FollowWall,following_right_wall,0,14,42,0.494925529,1.8875093,1,1,1,0.30349049,1.20699266,1.20699266,0,0,0,0,0
1.05,0.074853105,-0.00238211827,-3.00848126,0.0784906298,-0.0226405533,FollowWall,following_right_wall,0,14,42,0.494925529,1.8875093,1,1,1,0.30349049,1.20674616,1.20674616,0,0,0,0,0
1.1,0.0787651058,-0.00259014388,-3.0793365,0.0787517299,-0.018724051,FollowWall,following_right_wall,0,14,42,0.492410719,1.8796859,1,1,1,0.302960783,1.20649705,1.20649705,0,0,0,0,0
1.15,0.082685205,-0.00280321588,-3.14301892,0.0787517299,-0.018724051,FollowWall,following_right_wall,0,14,42,0.492410719,1.8796859,1,1,1,0.302960783,1.20624718,1.20624718,0,0,0,0,0
1.2,0.0866099409,-0.00302077152,-3.20251718,0.0789889174,-0.0151662391,FollowWall,following_right_wall,0,14,42,0.490112007,1.87184973,1,1,1,0.30238241,1.20599533,1.20599533,0,0,0,0,0
1.25,0.0905422346,-0.00324261213,-3.25532786,0.0789889174,-0.0151662391,FollowWall,following_right_wall,0,14,42,0.490112007,1.87184973,1,1,1,0.30238241,1.20574314,1.20574314,0,0,0,0,0
1.3,0.0944788639,-0.00346820308,-3.30423746,0.0791784706,-0.0123229406,FollowWall,following_right_wall,0,14,42,0.488016605,1.86399975,1,1,1,0.302053571,1.20548952,1.20548952,0,0,0,0,0
1.35,0.0984218977,-0.00369734242,-3.34747749,0.0791784706,-0.0123229406,FollowWall,following_right_wall,0,14,42,0.488016605,1.86399975,1,1,1,0.302053571,1.20523564,1.20523564,0,0,0,0,0
1.4,0.102368606,-0.00392956972,-3.38741026,0.0793321278,-0.0100180829,FollowWall,following_right_wall,0,14,42,0.486097127,1.85613952,1,1,1,0.301888138,1.20498062,1.20498062,0,0,0,0,0
1.45,0.106320599,-0.00416470994,-3.42266259,0.0793321278,-0.0100180829,FollowWall,following_right_wall,0,14,42,0.486097127,1.85613952,1,1,1,0.301888138,1.20472539,1.20472539,0,0,0,0,0
1.5,0.110275622,-0.00440237807,-3.45518465,0.0795077745,-0.00738338253,FollowWall,following_right_wall,0,14,42,0.484324604,1.84827404,1,1,1,0.301255882,1.20446923,1.20446923,0,0,0,0,0
1.55,0.114236023,-0.00464246116,-3.48296911,0.0795077745,-0.00738338253,FollowWall,following_right_wall,0,14,42,0.484324604,1.84827404,1,1,1,0.301255882,1.20421336,1.20421336,0,0,0,0,0
1.6,0.118199523,-0.00488456529,-3.50798998,0.0796763814,-0.00485427907,FollowWall,following_right_wall,0,14,42,0.482697576,1.84040272,1,1,1,0.300500154,1.20395706,1.20395706,0,0,0,0,0
1.65,0.122168304,-0.00512857074,-3.52837986,0.0796763814,-0.00485427907,FollowWall,following_right_wall,0,14,42,0.482697576,1.84040272,1,1,1,0.300500154,1.2037015,1.2037015,0,0,0,0,0
1.7,0.126140141,-0.00537408891,-3.54606832,0.0798142434,-0.00278634959,FollowWall,following_right_wall,0,14,42,0.481216848,1.83252509,1,1,1,0.299904108,1.20344597,1.20344597,0,0,0,0,0
1.75,0.130116608,-0.00562098471,-3.55971255,0.0798142434,-0.00278634959,FollowWall,following_right_wall,0,14,42,0.481216848,1.83252509,1,1,1,0.299904108,1.20319136,1.20319136,0,0,0,0,0
1.8,0.134095761,-0.00586891627,-3.57099764,0.0799197109,-0.00120433622,FollowWall,following_right_wall,0,14,42,0.479870379,1.82464388,1,1,1,0.299513966,1.20293705,1.20293705,0,0,0,0,0
1.85,0.138078663,-0.00611775508,-3.57901819,0.0799197109,-0.00120433622,FollowWall,following_right_wall,0,14,42,0.479870379,1.82464388,1,1,1,0.299513966,1.20268367,1.20268367,0,0,0,0,0
1.9,0.142063745,-0.00636722367,-3.58513441,0.0799617943,0.000573085784,FollowWall,following_right_wall,0,14,42,0.478638649,1.81676387,1,1,1,0.298825294,1.20243075,1.20243075,0,0,0,0,0
1.95,0.146050973,-0.00661714095,-3.58801813,0.0799617943,0.000573085784,FollowWall,following_right_wall,0,14,42,0.478638649,1.81676387,1,1,1,0.298825294,1.2021792,1.2021792,0,0,0,0,0
2,0.150039456,-0.00686727251,-3.58901623,0.0798820171,0.00176974401,FollowWall,following_right_wall,0,14,42,0.477520347,1.80888981,1,1,1,0.298462957,1.20192851,1.20192851,0,0,0,0,0
2.05,0.154027018,-0.00711732772,-3.58748598,0.0798820171,0.00176974401,FollowWall,following_right_wall,0,14,42,0.477520347,1.80888981,1,1,1,0.298462957,1.20167932,1.20167932,0,0,0,0,0
2.1,0.158014051,-0.0073671914,-3.58448086,0.0798217501,0.00267374881,FollowWall,following_right_wall,0,14,42,0.476501793,1.80103232,1,1,1,0.298137873,1.20143115,1.20143115,0,0,0,0,0
2.15,0.161999535,-0.00761668039,-3.57953632,0.0798217501,0.00267374881,FollowWall,following_right_wall,0,14,42,0.476501793,1.80103232,1,1,1,0.298137873,1.20118446,1.20118446,0,0,0,0,0
2.2,0.165984129,-0.00786572898,-3.57346045,0.0797814933,0.0032775998,FollowWall,following_right_wall,0,14,42,0.47556746,1.79319604,1,1,1,0.297576934,1.20093884,1.20093884,0,0,0,0,0
2.25,0.169967383,-0.00811422152,-3.56600385,0.0797814933,0.0032775998,FollowWall,following_right_wall,0,14,42,0.47556746,1.79319604,1,1,1,0.297576934,1.20069456,1.20069456,0,0,0,0,0
2.3,0.173949871,-0.00836211792,-3.55774182,0.0797413528,0.00387970748,FollowWall,following_right_wall,0,14,42,0.474702299,1.7853824,1,1,1,0.296926558,1.20045134,1.20045134,0,0,0,0,0
2.35,0.177931096,-0.00860931796,-3.54829124,0.0797413528,0.00387970748,FollowWall,following_right_wall,0,14,42,0.474702299,1.7853824,1,1,1,0.296926558,1.20020948,1.20020948,0,0,0,0,0
2.4,0.181911605,-0.00885579025,-3.53814734,0.0797439188,0.00384121736,FollowWall,following_right_wall,0,14,42,0.473900527,1.77759093,1,1,1,0.296711862,1.19996875,1.19996875,0,0,0,0,0
2.45,0.185891768,-0.00910152131,-3.52764495,0.0797439188,0.00384121736,FollowWall,following_right_wall,0,14,42,0.473900527,1.77759093,1,1,1,0.296711862,1.19972897,1.19972897,0,0,0,0,0
2.5,0.18987175,-0.00934650156,-3.51693344,0.0797487719,0.00376842081,FollowWall,following_right_wall,0,14,42,0.473141551,1.76982067,1,1,1,0.296487272,1.19949006,1.19949006,0,0,0,0,0
2.55,0.193851746,-0.00959073458,-3.50618684,0.0797487719,0.00376842081,FollowWall,following_right_wall,0,14,42,0.473141551,1.76982067,1,1,1,0.296487272,1.19925192,1.19925192,0,0,0,0,0
2.6,0.19783177,-0.00983421926,-3.49541977,0.0797300489,0.00404926602,FollowWall,following_right_wall,0,14,42,0.472413689,1.76207031,1,1,1,0.295966983,1.19901454,1.19901454,0,0,0,0,0
2.65,0.20181144,-0.0100769196,-3.48430552,0.0797300489,0.00404926602,FollowWall,following_right_wall,0,14,42,0.472413689,1.76207031,1,1,1,0.295966983,1.19877814,1.19877814,0,0,0,0,0
2.7,0.205790924,-0.0103188266,-3.47298876,0.079734022,0.00398967065,FollowWall,following_right_wall,0,14,42,0.471724153,1.7486539,1,1,1,0.295693904,1.19854266,1.19854266,0,0,0,0,0
2.75,0.209770402,-0.0105599428,-3.46162499,0.079734022,0.00398967065,FollowWall,following_right_wall,0,14,42,0.471724153,1.7486539,1,1,1,0.295693904,1.198308,1.198308,0,0,0,0,0
2.8,0.213749897,-0.0108002669,-3.45023381,0.0797082341,0.004376489,FollowWall,following_right_wall,0,14,42,0.471068025,1.74067245,1,1,1,0.295052141,1.19807415,1.19807415,0,0,0,0,0
2.85,0.217728886,-0.0110397499,-3.43836491,0.0797082341,0.004376489,FollowWall,following_right_wall,0,14,42,0.471068025,1.74067245,1,1,1,0.295052141,1.19784142,1.19784142,0,0,0,0,0
2.9,0.221707602,-0.0112783795,-3.42621733,0.0797052241,0.00442163917,FollowWall,following_right_wall,0,14,42,0.470455468,1.7327198,1,1,1,0.294652969,1.1976097,1.1976097,0,0,0,0,0
2.95,0.225686117,-0.011516143,-3.4138533,0.0797052241,0.00442163917,FollowWall,following_right_wall,0,14,42,0.470455468,1.7327198,1,1,1,0.294652969,1.19737898,1.19737898,0,0,0,0,0
3,0.229664537,-0.0117530349,-3.40136301,0.0796973106,0.00454034152,FollowWall,following_right_wall,0,14,42,0.469882995,1.72479535,1,1,1,0.294173747,1.1971492,1.1971492,0,0,0,0,0
3.05,0.23364276,-0.0119890371,-3.38865737,0.0796973106,0.00454034152,FollowWall,following_right_wall,0,14,42,0.469882995,1.72479535,1,1,1,0.294173747,1.19692044,1.19692044,0,0,0,0,0
3.1,0.237620888,-0.0122241442,-3.37582611,0.0796739736,0.00489039617,FollowWall,following_right_wall,0,14,42,0.469349563,1.71689897,1,1,1,0.293492854,1.19669265,1.19669265,0,0,0,0,0
3.15,0.2415985,-0.0124583098,-3.36250373,0.0796739736,0.00489039617,FollowWall,following_right_wall,0,14,42,0.469349563,1.71689897,1,1,1,0.293492854,1.19646609,1.19646609,0,0,0,0,0
3.2,0.245575834,-0.012691521,-3.34889486,0.0796775015,0.00483747738,FollowWall,following_right_wall,0,14,42,0.468862563,1.70903127,1,1,1,0.29310149,1.19624065,1.19624065,0,0,0,0,0
3.25,0.249553103,-0.0129237769,-3.33518204,0.0796775015,0.00483747738,FollowWall,following_right_wall,0,14,42,0.468862563,1.70903127,1,1,1,0.29310149,1.19601624,1.19601624,0,0,0,0,0
3.3,0.253530357,-0.0131550746,-3.32140859,0.0796804043,0.00479393526,FollowWall,following_right_wall,0,14,42,0.468413889,1.70119093,1,1,1,0.292687416,1.19579282,1.19579282,0,0,0,0,0
3.35,0.257507686,-0.013385418,-3.30765173,0.0796804043,0.00479393526,FollowWall,following_right_wall,0,14,42,0.468413889,1.70119093,1,1,1,0.292687416,1.19557035,1.19557035,0,0,0,0,0
3.4,0.261485081,-0.0136148073,-3.29390456,0.0796526589,0.00521011593,FollowWall,following_right_wall,0,14,42,0.467998058,1.69337653,1,1,1,0.291904926,1.19534883,1.19534883,0,0,0,0,0
3.45,0.265461961,-0.0138431926,-3.27966626,0.0796526589,0.00521011593,FollowWall,following_right_wall,0,14,42,0.467998058,1.69337653,1,1,1,0.291904926,1.1951286,1.1951286,0,0,0,0,0
3.5,0.269438566,-0.0140705605,-3.26514146,0.0796279133,0.00558130001,FollowWall,following_right_wall,0,14,42,0.467627019,1.68558902,1,1,1,0.291132748,1.19490957,1.19490957,0,0,0,0,0
3.55,0.273414521,-0.0142968589,-3.25000648,0.0796279133,0.00558130001,FollowWall,following_right_wall,0,14,42,0.467627019,1.68558902,1,1,1,0.291132748,1.19469195,1.19469195,0,0,0,0,0
3.6,0.277390123,-0.0145220712,-3.23451556,0.0796299578,0.0055506335,FollowWall,following_right_wall,0,14,42,0.467306554,1.67782816,1,1,1,0.29064244,1.19447564,1.19447564,0,0,0,0,0
3.65,0.281365587,-0.0147461915,-3.2188536,0.0796299578,0.0055506335,FollowWall,following_right_wall,0,14,42,0.467306554,1.67782816,1,1,1,0.29064244,1.19426052,1.19426052,0,0,0,0,0
3.7,0.285340996,-0.0149692151,-3.20309188,0.0796207,0.00568949953,FollowWall,following_right_wall,0,14,42,0.467025667,1.67009169,1,1,1,0.290002137,1.19404656,1.19404656,0,0,0,0,0
3.75,0.289316207,-0.0151911228,-3.18710621,0.0796207,0.00568949953,FollowWall,following_right_wall,0,14,42,0.467025667,1.67009169,1,1,1,0.290002137,1.19383385,1.19383385,0,0,0,0,0
3.8,0.293291328,-0.0154119084,-3.17098989,0.079626436,0.0056034594,FollowWall,following_right_wall,0,14,42,0.466782451,1.66237807,1,1,1,0.289525092,1.19362235,1.19362235,0,0,0,0,0
3.85,0.297266542,-0.0156315785,-3.15490006,0.079626436,0.0056034594,FollowWall,following_right_wall,0,14,42,0.466782451,1.66237807,1,1,1,0.289525092,1.19341196,1.19341196,0,0,0,0,0
3.9,0.301241835,-0.0158501338,-3.1388257,0.0796467708,0.00529843863,FollowWall,following_right_wall,0,14,42,0.466569781,1.65468502,1,1,1,0.289216846,1.19320268,1.19320268,0,0,0,0,0
3.95,0.305217622,-0.0160676105,-3.12312444,0.0796467708,0.00529843863,FollowWall,following_right_wall,0,14,42,0.466569781,1.65468502,1,1,1,0.289216846,1.19299427,1.19299427,0,0,0,0,0
4,0.309193721,-0.016284019,-3.10764083,0.0796448264,0.00532760409,FollowWall,following_right_wall,0,14,42,0.466376066,1.64700959,1,1,1,0.288661629,1.1927868,1.1927868,0,0,0,0,0
4.05,0.313169986,-0.016499362,-3.09224936,0.0796448264,0.00532760409,FollowWall,following_right_wall,0,14,42,0.466376066,1.64700959,1,1,1,0.288661629,1.19258036,1.19258036,0,0,0,0,0
4.1,0.31714637,-0.016713642,-3.07691164,0.0796577261,0.00513410898,FollowWall,following_right_wall,0,14,42,0.466204822,1.63935069,1,1,1,0.288287729,1.19237496,1.19237496,0,0,0,0,0
4.15,0.321123116,-0.016926883,-3.06183625,0.0796577261,0.00513410898,FollowWall,following_right_wall,0,14,42,0.466204822,1.63935069,1,1,1,0.288287729,1.19217045,1.19217045,0,0,0,0,0
4.2,0.325100095,-0.0171390925,-3.04691388,0.0796740613,0.00488908087,FollowWall,following_right_wall,0,14,42,0.466051698,1.6315638,1,1,1,0.287965745,1.19196689,1.19196689,0,0,0,0,0
4.25,0.329077573,-0.0173503029,-3.03237326,0.0796740613,0.00488908087,FollowWall,following_right_wall,0,14,42,0.466051698,1.6315638,1,1,1,0.287965745,1.19176411,1.19176411,0,0,0,0,0
4.3,0.333055362,-0.0175605254,-3.01805532,0.079679207,0.00481189449,FollowWall,following_right_wall,0,14,42,0.465910733,1.62342578,1,1,1,0.287531912,1.19156219,1.19156219,0,0,0,0,0
4.35,0.337033461,-0.0177697751,-3.00395941,0.079679207,0.00481189449,FollowWall,following_right_wall,0,14,42,0.465910733,1.62342578,1,1,1,0.287531912,1.19136113,1.19136113,0,0,0,0,0
4.4,0.341011762,-0.0179780585,-2.98999302,0.0796774192,0.00483871245,FollowWall,following_right_wall,0,14,42,0.465783268,1.61531014,1,1,1,0.287031204,1.19116096,1.19116096,0,0,0,0,0
4.45,0.344990164,-0.0181853762,-2.97607017,0.0796774192,0.00483871245,FollowWall,following_right_wall,0,14,42,0.465783268,1.61531014,1,1,1,0.287031204,1.19096174,1.19096174,0,0,0,0,0
4.5,0.348968645,-0.0183917297,-2.96217272,0.0797060807,0.00440879011,FollowWall,following_right_wall,0,14,42,0.465672642,1.60721879,1,1,1,0.286890656,1.19076347,1.19076347,0,0,0,0,0
4.55,0.35294779,-0.0185971681,-2.94880327,0.0797060807,0.00440879011,FollowWall,following_right_wall,0,14,42,0.465672642,1.60721879,1,1,1,0.286890656,1.19056582,1.19056582,0,0,0,0,0
4.6,0.356927339,-0.0188017071,-2.93574182,0.0797321876,0.00401718623,FollowWall,following_right_wall,0,14,42,0.465565413,1.59915136,1,1,1,0.286744207,1.19036889,1.19036889,0,0,0,0,0
4.65,0.360907686,-0.0190053999,-2.92332748,0.0797321876,0.00401718623,FollowWall,following_right_wall,0,14,42,0.465565413,1.59915136,1,1,1,0.286744207,1.19017243,1.19017243,0,0,0,0,0
4.7,0.364888514,-0.0192082657,-2.91129061,0.0797273339,0.00408999129,FollowWall,following_right_wall,0,14,42,0.465453207,1.59110811,1,1,1,0.286266983,1.18997659,1.18997659,0,0,0,0,0
4.75,0.36886954,-0.0194103076,-2.89938704,0.0797273339,0.00408999129,FollowWall,following_right_wall,0,14,42,0.465453207,1.59110811,1,1,1,0.286266983,1.1897815,1.1897815,0,0,0,0,0
4.8,0.372850698,-0.0196115298,-2.88756122,0.079752264,0.00371604069,FollowWall,following_right_wall,0,14,42,0.46534586,1.58309105,1,1,1,0.286087483,1.18958718,1.18958718,0,0,0,0,0
4.85,0.376832468,-0.0198119761,-2.87622713,0.079752264,0.00371604069,FollowWall,following_right_wall,0,14,42,0.46534586,1.58309105,1,1,1,0.286087483,1.18939336,1.18939336,0,0,0,0,0
4.9,0.380814611,-0.0200116614,-2.86517988,0.0797360157,0.00395976409,FollowWall,following_right_wall,0,14,42,0.465234786,1.57509983,1,1,1,0.285500586,1.18920013,1.18920013,0,0,0,0,0
4.95,0.384796648,-0.0202105674,-2.85400904,0.0797360157,0.00395976409,FollowWall,following_right_wall,0,14,42,0.465234786,1.57509983,1,1,1,0.285500586,1.18900776,1.18900776,0,0,0,0,0
5,0.388778641,-0.0204086904,-2.84276609,0.0797318773,0.00402184121,FollowWall,following_right_wall,0,14,42,0.465131074,1.56713659,1,1,1,0.285101563,1.18881621,1.18881621,0,0,0,0,0
5.05,0.392760537,-0.0206060213,-2.83140698,0.0797318773,0.00402184121,FollowWall,following_right_wall,0,14,42,0.465131074,1.56713659,1,1,1,0.285101563,1.18862553,1.18862553,0,0,0,0,0
5.1,0.396742394,-0.0208025565,-2.81998012,0.0797229744,0.00415538406,FollowWall,following_right_wall,0,14,42,0.465035796,1.5592018,1,1,1,0.284689397,1.18843569,1.18843569,0,0,0,0,0
5.15,0.400724059,-0.0209982793,-2.80835432,0.0797229744,0.00415538406,FollowWall,following_right_wall,0,14,42,0.465035796,1.5592018,1,1,1,0.284689397,1.18824678,1.18824678,0,0,0,0,0
5.2,0.40470563,-0.0211931836,-2.79661248,0.0797112684,0.00433097384,FollowWall,following_right_wall,0,14,42,0.464948773,1.55129547,1,1,1,0.284179449,1.18805877,1.18805877,0,0,0,0,0
5.25,0.408686918,-0.0213872466,-2.78459336,0.0797112684,0.00433097384,FollowWall,following_right_wall,0,14,42,0.464948773,1.55129547,1,1,1,0.284179449,1.18787176,1.18787176,0,0,0,0,0
5.3,0.412668059,-0.0215804596,-2.77241248,0.0797198033,0.00420294997,FollowWall,following_right_wall,0,14,42,0.464870393,1.54341783,1,1,1,0.283887416,1.18768569,1.18768569,0,0,0,0,0
5.35,0.416649309,-0.0217728316,-2.76029007,0.0797198033,0.00420294997,FollowWall,following_right_wall,0,14,42,0.464870393,1.54341783,1,1,1,0.283887416,1.18750044,1.18750044,0,0,0,0,0
5.4,0.420630639,-0.0219643643,-2.74820176,0.0796961618,0.00455757345,FollowWall,following_right_wall,0,14,42,0.464790344,1.53556734,1,1,1,0.283229083,1.18731602,1.18731602,0,0,0,0,0
5.45,0.424611541,-0.0221550205,-2.73571004,0.0796961618,0.00455757345,FollowWall,following_right_wall,0,14,42,0.464790344,1.53556734,1,1,1,0.283229083,1.18713271,1.18713271,0,0,0,0,0
5.5,0.428592212,-0.0223447877,-2.72298301,0.0796692435,0.00496134768,FollowWall,following_right_wall,0,14,42,0.464716315,1.52774446,1,1,1,0.282522172,1.18695043,1.18695043,0,0,0,0,0
5.55,0.432572206,-0.0225336149,-2.70963673,0.0796692435,0.00496134768,FollowWall,following_right_wall,0,14,42,0.464716315,1.52774446,1,1,1,0.282522172,1.18676946,1.18676946,0,0,0,0,0
5.6,0.436551825,-0.0227214827,-2.69592923,0.0796616328,0.00507550809,FollowWall,following_right_wall,0,14,42,0.464654565,1.51994969,1,1,1,0.282013029,1.18658967,1.18658967,0,0,0,0,0
5.65,0.440531086,-0.0229083674,-2.68187474,0.0796616328,0.00507550809,FollowWall,following_right_wall,0,14,42,0.464654565,1.51994969,1,1,1,0.282013029,1.18641107,1.18641107,0,0,0,0,0
5.7,0.444510157,-0.023094258,-2.66761785,0.079660675,0.00508987569,FollowWall,following_right_wall,0,14,42,0.464597762,1.51218099,1,1,1,0.281565249,1.1862336,1.1862336,0,0,0,0,0
5.75,0.448489118,-0.0232791464,-2.65322574,0.079660675,0.00508987569,FollowWall,following_right_wall,0,14,42,0.464597762,1.51218099,1,1,1,0.281565249,1.1860572,1.1860572,0,0,0,0,0
5.8,0.452468034,-0.0234630284,-2.63875475,0.0796464326,0.00530351049,FollowWall,following_right_wall,0,14,42,0.464537114,1.50443646,1,1,1,0.281148851,1.18588187,1.18588187,0,0,0,0,0
5.85,0.456446646,-0.0236458789,-2.62398274,0.0796464326,0.00530351049,FollowWall,following_right_wall,0,14,42,0.464537114,1.50443646,1,1,1,0.281148851,1.18570776,1.18570776,0,0,0,0,0
5.9,0.460425102,-0.0238276883,-2.60903514,0.0796191059,0.00571341221,FollowWall,following_right_wall,0,14,42,0.464473903,1.49671527,1,1,1,0.280778021,1.18553479,1.18553479,0,0,0,0,0
5.95,0.464402918,-0.0240084079,-2.59349582,0.0796191059,0.00571341221,FollowWall,following_right_wall,0,14,42,0.464473903,1.49671527,1,1,1,0.280778021,1.18536327,1.18536327,0,0,0,0,0
6,0.468380382,-0.0241880185,-2.57761133,0.0795977198,0.00603420329,FollowWall,following_right_wall,0,14,42,0.464414984,1.48901682,1,1,1,0.280409425,1.18519307,1.18519307,0,0,0,0,0
6.05,0.472357218,-0.0243664758,-2.56114258,0.0795977198,0.00603420329,FollowWall,following_right_wall,0,14,42,0.464414984,1.48901682,1,1,1,0.280409425,1.18502438,1.18502438,0,0,0,0,0
6.1,0.476333709,-0.0245437604,-2.54433301,0.0795860411,0.0062093836,FollowWall,following_right_wall,0,14,42,0.464360654,1.48133968,1,1,1,0.280080825,1.18485707,1.18485707,0,0,0,0,0
6.15,0.480309778,-0.0247198432,-2.52711552,0.0795860411,0.0062093836,FollowWall,following_right_wall,0,14,42,0.464360654,1.48133968,1,1,1,0.280080825,1.18469121,1.18469121,0,0,0,0,0
6.2,0.484285624,-0.0248947108,-2.50966008,0.0795828871,0.0062566939,FollowWall,following_right_wall,0,14,42,0.464305222,1.47360623,1,1,1,0.279783607,1.18452672,1.18452672,0,0,0,0,0
6.25,0.488261297,-0.0250683505,-2.49200936,0.0795828871,0.0062566939,FollowWall,following_right_wall,0,14,42,0.464305222,1.47360623,1,1,1,0.279783607,1.18436358,1.18436358,0,0,0,0,0
6.3,0.49223689,-0.0252407556,-2.47424473,0.0795874114,0.00618882841,FollowWall,following_right_wall,0,14,42,0.464241207,1.46544649,1,1,1,0.279516339,1.18420175,1.18420175,0,0,0,0,0
6.35,0.496212554,-0.0254119294,-2.45649466,0.0795874114,0.00618882841,FollowWall,following_right_wall,0,14,42,0.464241207,1.46544649,1,1,1,0.279516339,1.18404115,1.18404115,0,0,0,0,0
6.4,0.50018828,-0.0255818722,-2.43875308,0.0795832993,0.00625051067,FollowWall,following_right_wall,0,14,42,0.464160949,1.45730997,1,1,1,0.279102206,1.18388178,1.18388178,0,0,0,0,0
6.45,0.504163979,-0.0257505782,-2.42094283,0.0795832993,0.00625051067,FollowWall,following_right_wall,0,14,42,0.464160949,1.45730997,1,1,1,0.279102206,1.18372371,1.18372371,0,0,0,0,0
6.5,0.508139684,-0.0259180449,-2.40309252,0.0796007034,0.00598944862,FollowWall,following_right_wall,0,14,42,0.4640643,1.449198,1,1,1,0.278881401,1.1835669,1.1835669,0,0,0,0,0
6.55,0.512115775,-0.0260842971,-2.38553046,0.0796007034,0.00598944862,FollowWall,following_right_wall,0,14,42,0.4640643,1.449198,1,1,1,0.278881401,1.18341115,1.18341115,0,0,0,0,0
6.6,0.516092112,-0.0262493445,-2.36813655,0.0796352106,0.00547184118,FollowWall,following_right_wall,0,14,42,0.463941783,1.44111104,1,1,1,0.278815895,1.1832565,1.1832565,0,0,0,0,0
6.65,0.520069331,-0.0264132438,-2.35145857,0.0796352106,0.00547184118,FollowWall,following_right_wall,0,14,42,0.463941783,1.44111104,1,1,1,0.278815895,1.18310259,1.18310259,0,0,0,0,0
6.7,0.524047082,-0.0265760198,-2.33519822,0.0796623894,0.00506415943,FollowWall,following_right_wall,0,14,42,0.4637793,1.4330485,1,1,1,0.278648883,1.18294956,1.18294956,0,0,0,0,0
6.75,0.528025727,-0.0267377268,-2.31966812,0.0796623894,0.00506415943,FollowWall,following_right_wall,0,14,42,0.4637793,1.4330485,1,1,1,0.278648883,1.18279716,1.18279716,0,0,0,0,0
6.8,0.532004911,-0.0268983901,-2.304564,0.0796715657,0.00492651387,FollowWall,following_right_wall,0,14,42,0.463573009,1.42501085,1,1,1,0.278264701,1.18264556,1.18264556,0,0,0,0,0
6.85,0.535984616,-0.0270580381,-2.28987268,0.0796715657,0.00492651387,FollowWall,following_right_wall,0,14,42,0.463573009,1.42501085,1,1,1,0.278264701,1.18249473,1.18249473,0,0,0,0,0
6.9,0.539964641,-0.0272166851,-2.27542214,0.0797072722,0.00439091662,FollowWall,following_right_wall,0,14,42,0.463330179,1.41699966,1,1,1,0.2781533,1.18234477,1.18234477,0,0,0,0,0
6.95,0.543945612,-0.0273743913,-2.26175139,0.0797072722,0.00439091662,FollowWall,following_right_wall,0,14,42,0.463330179,1.41699966,1,1,1,0.2781533,1.18219528,1.18219528,0,0,0,0,0
7,0.547927148,-0.0275311843,-2.24853552,0.0796996798,0.0045048027,FollowWall,following_right_wall,0,14,42,0.463042706,1.40901443,1,1,1,0.277540445,1.18204644,1.18204644,0,0,0,0,0
7.05,0.551908871,-0.0276870692,-2.23544904,0.0796996798,0.0045048027,FollowWall,following_right_wall,0,14,42,0.463042706,1.40901443,1,1,1,0.277540445,1.18189843,1.18189843,0,0,0,0,0
7.1,0.555890717,-0.0278420508,-2.22243806,0.0797315302,0.00402704745,FollowWall,following_right_wall,0,14,42,0.462724894,1.40090118,1,1,1,0.27733478,1.18175129,1.18175129,0,0,0,0,0
7.15,0.559873312,-0.0279961771,-2.21004138,0.0797315302,0.00402704745,FollowWall,following_right_wall,0,14,42,0.462724894,1.40090118,1,1,1,0.27733478,1.18160463,1.18160463,0,0,0,0,0
7.2,0.563856356,-0.0281494703,-2.19800305,0.0797389282,0.00391607759,FollowWall,following_right_wall,0,14,42,0.462368101,1.39269134,1,1,1,0.276833504,1.1814586,1.1814586,0,0,0,0,0
7.25,0.567839829,-0.0283019536,-2.18630622,0.0797389282,0.00391607759,FollowWall,following_right_wall,0,14,42,0.462368101,1.39269134,1,1,1,0.276833504,1.18131317,1.18131317,0,0,0,0,0
7.3,0.571823564,-0.0284536395,-2.1748086,0.0797733775,0.00339933772,FollowWall,following_right_wall,0,14,42,0.461976737,1.38449494,1,1,1,0.276608616,1.18116843,1.18116843,0,0,0,0,0
7.35,0.575808181,-0.0286045837,-2.16404399,0.0797733775,0.00339933772,FollowWall,following_right_wall,0,14,42,0.461976737,1.38449494,1,1,1,0.276608616,1.18102398,1.18102398,0,0,0,0,0
7.4,0.579793322,-0.0287548129,-2.15370697,0.0797817299,0.00327405082,FollowWall,following_right_wall,0,14,42,0.461542636,1.3763122,1,1,1,0.276081592,1.18088,1.18088,0,0,0,0,0
7.45,0.583778955,-0.0289043544,-2.14376894,0.0797817299,0.00327405082,FollowWall,following_right_wall,0,14,42,0.461542636,1.3763122,1,1,1,0.276081592,1.18073647,1.18073647,0,0,0,0,0
7.5,0.587764883,-0.0290532228,-2.13406364,0.0797818282,0.00327257692,FollowWall,following_right_wall,0,14,42,0.461072624,1.36814623,1,1,1,0.275449455,1.18059347,1.18059347,0,0,0,0,0
7.55,0.591750996,-0.0292014267,-2.12449586,0.0797818282,0.00327257692,FollowWall,following_right_wall,0,14,42,0.461072624,1.36814623,1,1,1,0.275449455,1.18045105,1.18045105,0,0,0,0,0
7.6,0.595737227,-0.0293489712,-2.11500831,0.0797657994,0.00351300875,FollowWall,following_right_wall,0,14,42,0.460576296,1.3600007,1,1,1,0.275052905,1.18030925,1.18030925,0,0,0,0,0
7.65,0.599723204,-0.029495837,-2.10528056,0.0797657994,0.00351300875,FollowWall,following_right_wall,0,14,42,0.460576296,1.3600007,1,1,1,0.275052905,1.18016828,1.18016828,0,0,0,0,0
7.7,0.603709042,-0.0296420152,-2.09541269,0.0797531491,0.00370276384,FollowWall,following_right_wall,0,14,42,0.46006614,1.35187942,1,1,1,0.274686873,1.18002808,1.18002808,0,0,0,0,0
7.75,0.607694548,-0.0297874832,-2.08523659,0.0797531491,0.00370276384,FollowWall,following_right_wall,0,14,42,0.46006614,1.35187942,1,1,1,0.274686873,1.17988878,1.17988878,0,0,0,0,0
7.8,0.611679871,-0.0299322294,-2.07488068,0.0797583601,0.00362459803,FollowWall,following_right_wall,0,14,42,0.459547818,1.34378477,1,1,1,0.274351001,1.17975031,1.17975031,0,0,0,0,0
7.85,0.615665206,-0.0300762544,-2.06451319,0.0797583601,0.00362459803,FollowWall,following_right_wall,0,14,42,0.459547818,1.34378477,1,1,1,0.274351001,1.17961257,1.17961257,0,0,0,0,0
7.9,0.619650559,-0.0302195578,-2.05413894,0.0797902597,0.00314610486,FollowWall,following_right_wall,0,14,42,0.459015906,1.33571616,1,1,1,0.274046719,1.17947557,1.17947557,0,0,0,0,0
7.95,0.623636598,-0.0303621829,-2.0443319,0.0797902597,0.00314610486,FollowWall,following_right_wall,0,14,42,0.459015906,1.33571616,1,1,1,0.274046719,1.1793389,1.1793389,0,0,0,0,0
8,0.627623044,-0.0305041509,-2.03485575,0.0798193548,0.00270967842,FollowWall,following_right_wall,0,14,42,0.458455384,1.3276712,1,1,1,0.273776531,1.17920269,1.17920269,0,0,0,0,0
8.05,0.631610344,-0.0306455139,-2.02609355,0.0798193548,0.00270967842,FollowWall,following_right_wall,0,14,42,0.458455384,1.3276712,1,1,1,0.273776531,1.17906665,1.17906665,0,0,0,0,0
8.1,0.635598149,-0.0307862987,-2.01774783,0.0798414279,0.00237858185,FollowWall,following_right_wall,0,14,42,0.457860678,1.31964906,1,1,1,0.273507595,1.17893094,1.17893094,0,0,0,0,0
8.15,0.639586716,-0.0309265509,-2.01004027,0.0798414279,0.00237858185,FollowWall,following_right_wall,0,14,42,0.457860678,1.31964906,1,1,1,0.273507595,1.17879538,1.17879538,0,0,0,0,0
8.2,0.643575734,-0.0310662947,-2.00270497,0.0798457187,0.00231421894,FollowWall,following_right_wall,0,14,42,0.457234472,1.31165058,1,1,1,0.273122191,1.17866009,1.17866009,0,0,0,0,0
8.25,0.647565111,-0.0312055499,-1.99566365,0.0798457187,0.00231421894,FollowWall,following_right_wall,0,14,42,0.457234472,1.31165058,1,1,1,0.273122191,1.17852512,1.17852512,0,0,0,0,0
8.3,0.651554705,-0.0313443278,-1.98879382,0.0798420062,0.00236990682,FollowWall,following_right_wall,0,14,42,0.456587791,1.30367837,1,1,1,0.272715777,1.17839053,1.17839053,0,0,0,0,0
8.35,0.655544354,-0.0314826299,-1.98195755,0.0798420062,0.00236990682,FollowWall,following_right_wall,0,14,42,0.456587791,1.30367837,1,1,1,0.272715777,1.17825639,1.17825639,0,0,0,0,0
8.4,0.659534042,-0.0316204574,-1.97514086,0.0798607714,0.00208842939,FollowWall,following_right_wall,0,14,42,0.455931574,1.29573434,1,1,1,0.272610426,1.17812272,1.17812272,0,0,0,0,0
8.45,0.663524151,-0.0317578362,-1.96867157,0.0798607714,0.00208842939,FollowWall,following_right_wall,0,14,42,0.455931574,1.29573434,1,1,1,0.272610426,1.17798928,1.17798928,0,0,0,0,0
8.5,0.66751451,-0.0318947797,-1.96240495,0.0798609298,0.00208605374,FollowWall,following_right_wall,0,14,42,0.455261409,1.28781705,1,1,1,0.272366732,1.17785616,1.17785616,0,0,0,0,0
8.55,0.671505025,-0.0320312957,-1.95625937,0.0798609298,0.00208605374,FollowWall,following_right_wall,0,14,42,0.455261409,1.28781705,1,1,1,0.272366732,1.17772339,1.17772339,0,0,0,0,0
8.6,0.675495636,-0.032167389,-1.95018441,0.0798640628,0.00203905783,FollowWall,following_right_wall,0,14,42,0.454583555,1.27992734,1,1,1,0.272215903,1.177591,1.177591,0,0,0,0,0
8.65,0.679486375,-0.0323030664,-1.94420673,0.0798640628,0.00203905783,FollowWall,following_right_wall,0,14,42,0.454583555,1.27992734,1,1,1,0.272215903,1.17745897,1.17745897,0,0,0,0,0
8.7,0.683477194,-0.0324383317,-1.93828581,0.0798797571,0.00180364306,FollowWall,following_right_wall,0,14,42,0.453902334,1.27206497,1,1,1,0.272260129,1.17732732,1.17732732,0,0,0,0,0
8.75,0.687468392,-0.0325732078,-1.932679,0.0798797571,0.00180364306,FollowWall,following_right_wall,0,14,42,0.453902334,1.27206497,1,1,1,0.272260129,1.17719586,1.17719586,0,0,0,0,0
8.8,0.691459816,-0.0327077069,-1.92725542,0.0798854154,0.00171876941,FollowWall,following_right_wall,0,14,42,0.453214675,1.26422828,1,1,1,0.272260875,1.17706467,1.17706467,0,0,0,0,0
8.85,0.695451495,-0.0328418436,-1.92204003,0.0798854154,0.00171876941,FollowWall,following_right_wall,0,14,42,0.453214675,1.26422828,1,1,1,0.272260875,1.17693372,1.17693372,0,0,0,0,0
8.9,0.699443326,-0.0329756259,-1.9169461,0.0798492831,0.00226075374,FollowWall,following_right_wall,0,14,42,0.452524304,1.25641667,1,1,1,0.271869093,1.17680305,1.17680305,0,0,0,0,0
8.95,0.703434501,-0.0331090109,-1.91127606,0.0798492831,0.00226075374,FollowWall,following_right_wall,0,14,42,0.452524304,1.25641667,1,1,1,0.271869093,1.17667313,1.17667313,0,0,0,0,0
9,0.707425298,-0.0332419761,-1.90526996,0.0798079386,0.00288092107,FollowWall,following_right_wall,0,14,42,0.451854527,1.24863348,1,1,1,0.271451056,1.17654384,1.17654384,0,0,0,0,0
9.05,0.711415021,-0.0333744543,-1.89832755,0.0798079386,0.00288092107,FollowWall,following_right_wall,0,14,42,0.451854527,1.24863348,1,1,1,0.271451056,1.1764156,1.1764156,0,0,0,0,0
9.1,0.715404126,-0.0335064089,-1.89083897,0.0797903073,0.00314539044,FollowWall,following_right_wall,0,14,42,0.451222032,1.24088059,1,1,1,0.271299779,1.17628823,1.17628823,0,0,0,0,0
9.15,0.719392511,-0.0336377959,-1.8827161,0.0797903073,0.00314539044,FollowWall,following_right_wall,0,14,42,0.451222032,1.24088059,1,1,1,0.271299779,1.17616181,1.17616181,0,0,0,0,0
9.2,0.723380485,-0.0337685904,-1.87422322,0.0797738129,0.0033928063,FollowWall,following_right_wall,0,14,42,0.450624108,1.23315517,1,1,1,0.27117601,1.17603621,1.17603621,0,0,0,0,0
9.25,0.727367884,-0.0338987566,-1.86521918,0.0797738129,0.0033928063,FollowWall,following_right_wall,0,14,42,0.450624108,1.23315517,1,1,1,0.27117601,1.17591156,1.17591156,0,0,0,0,0
9.3,0.731354957,-0.0340282745,-1.85591696,0.0797308911,0.00403663423,FollowWall,following_right_wall,0,14,42,0.450058609,1.22545471,1,1,1,0.270784318,1.17578774,1.17578774,0,0,0,0,0
9.35,0.735340957,-0.0341570769,-1.84567229,0.0797308911,0.00403663423,FollowWall,following_right_wall,0,14,42,0.450058609,1.22545471,1,1,1,0.270784318,1.17566521,1.17566521,0,0,0,0,0
9.4,0.73932634,-0.0342851269,-1.83487785,0.0796852689,0.00472096581,FollowWall,following_right_wall,0,14,42,0.449538589,1.21777957,1,1,1,0.270365208,1.17554378,1.17554378,0,0,0,0,0
9.45,0.743310426,-0.0344123442,-1.82294586,0.0796852689,0.00472096581,FollowWall,following_right_wall,0,14,42,0.449538589,1.21777957,1,1,1,0.270365208,1.17542388,1.17542388,0,0,0,0,0
9.5,0.747293767,-0.0345386843,-1.81035029,0.0796338885,0.00549167218,FollowWall,following_right_wall,0,14,42,0.449074477,1.20982688,1,1,1,0.26987052,1.17530527,1.17530527,0,0,0,0,0
9.55,0.751275618,-0.0346640555,-1.79644767,0.0796338885,0.00549167218,FollowWall,following_right_wall,0,14,42,0.449074477,1.20982688,1,1,1,0.26987052,1.17518843,1.17518843,0,0,0,0,0
9.6,0.755256613,-0.0347884062,-1.78178262,0.0795881848,0.00617722869,FollowWall,following_right_wall,0,14,42,0.448674649,1.20167923,1,1,1,0.269402713,1.17507309,1.17507309,0,0,0,0,0
9.65,0.759236171,-0.0349116487,-1.76585447,0.0795881848,0.00617722869,FollowWall,following_right_wall,0,14,42,0.448674649,1.20167923,1,1,1,0.269402713,1.17495964,1.17495964,0,0,0,0,0
9.7,0.763214908,-0.0350337329,-1.74918953,0.0795642993,0.00653550987,FollowWall,following_right_wall,0,14,42,0.448341906,1.19356227,1,1,1,0.268963993,1.17484781,1.17484781,0,0,0,0,0
9.75,0.767192684,-0.0351545998,-1.73166713,0.0795642993,0.00653550987,FollowWall,following_right_wall,0,14,42,0.448341906,1.19356227,1,1,1,0.268963993,1.17473774,1.17473774,0,0,0,0,0
9.8,0.771169916,-0.0352742154,-1.71364454,0.0795727981,0.00640802882,FollowWall,following_right_wall,0,14,42,0.448068231,1.18547553,1,1,1,0.268784583,1.17462923,1.17462923,0,0,0,0,0
9.85,0.775147022,-0.0353925702,-1.69548234,0.0795727981,0.00640802882,FollowWall,following_right_wall,0,14,42,0.448068231,1.18547553,1,1,1,0.268784583,1.17452207,1.17452207,0,0,0,0,0
9.9,0.779124072,-0.0355096587,-1.6772387,0.0795656433,0.00651534991,FollowWall,following_right_wall,0,14,42,0.447834998,1.17741616,1,1,1,0.268370509,1.17441624,1.17441624,0,0,0,0,0
9.95,0.783100954,-0.0356254688,-1.65881945,0.0795656433,0.00651534991,FollowWall,following_right_wall,0,14,42,0.447834998,1.17741616,1,1,1,0.268370509,1.17431181,1.17431181,0,0,0,0,0
10,0.787077754,-0.0357399934,-1.64029776,0.0795892568,0.00616114806,FollowWall,following_right_wall,0,14,42,0.447640598,1.16938474,1,1,1,0.268232018,1.17420874,1.17420874,0,0,0,0,0
10.05,0.791055013,-0.0358532571,-1.62213912,0.0795892568,0.00616114806,FollowWall,following_right_wall,0,14,42,0.447640598,1.16938474,1,1,1,0.268232018,1.17410671,1.17410671,0,0,0,0,0
10.1,0.795032554,-0.0359652746,-1.60419224,0.079618683,0.00571975529,FollowWall,following_right_wall,0,14,42,0.447472662,1.1613795,1,1,1,0.268116564,1.17400581,1.17400581,0,0,0,0,0
10.15,0.799010886,-0.0360760898,-1.58689578,0.079618683,0.00571975529,FollowWall,following_right_wall,0,14,42,0.447472662,1.1613795,1,1,1,0.268116564,1.17390571,1.17390571,0,0,0,0,0
10.2,0.802989692,-0.0361857294,-1.56997872,0.0796416693,0.00537496103,FollowWall,following_right_wall,0,14,42,0.447321445,1.15339925,1,1,1,0.267906517,1.17380656,1.17380656,0,0,0,0,0
10.25,0.806969265,-0.0362942362,-1.55369455,0.0796416693,0.00537496103,FollowWall,following_right_wall,0,14,42,0.447321445,1.15339925,1,1,1,0.267906517,1.17370816,1.17370816,0,0,0,0,0
10.3,0.810949298,-0.0364016364,-1.53777956,0.0796386835,0.0054197481,FollowWall,following_right_wall,0,14,42,0.447186083,1.1454441,1,1,1,0.267392009,1.17361065,1.17361065,0,0,0,0,0
10.35,0.814929549,-0.0365079417,-1.52202647,0.0796386835,0.0054197481,FollowWall,following_right_wall,0,14,42,0.447186083,1.1454441,1,1,1,0.267392009,1.17351413,1.17351413,0,0,0,0,0
10.4,0.818909939,-0.0366131589,-1.50636782,0.0796857095,0.00471435706,FollowWall,following_right_wall,0,14,42,0.447079211,1.13751667,1,1,1,0.267377973,1.17341865,1.17341865,0,0,0,0,0
10.45,0.8228914,-0.0367173467,-1.49160626,0.0796857095,0.00471435706,FollowWall,following_right_wall,0,14,42,0.447079211,1.13751667,1,1,1,0.267377973,1.17332365,1.17332365,0,0,0,0,0
10.5,0.826873497,-0.0368205426,-1.477368,0.0797158203,0.00426269559,FollowWall,following_right_wall,0,14,42,0.446984738,1.12961399,1,1,1,0.267164111,1.17322932,1.17322932,0,0,0,0,0
10.55,0.8308566,-0.0369228036,-1.46397413,0.0797158203,0.00426269559,FollowWall,following_right_wall,0,14,42,0.446984738,1.12961399,1,1,1,0.267164111,1.17313541,1.17313541,0,0,0,0,0
10.6,0.834840299,-0.0370241651,-1.45107282,0.079761216,0.00358175947,FollowWall,following_right_wall,0,14,42,0.446899325,1.12173523,1,1,1,0.267103761,1.17304209,1.17304209,0,0,0,0,0
10.65,0.8388253,-0.0371247002,-1.43927165,0.079761216,0.00358175947,FollowWall,following_right_wall,0,14,42,0.446899325,1.12173523,1,1,1,0.267103761,1.17294892,1.17294892,0,0,0,0,0
10.7,0.842811067,-0.0372244554,-1.42811222,0.0798218286,0.00267257074,FollowWall,following_right_wall,0,14,42,0.446815968,1.11387883,1,1,1,0.267205954,1.17285613,1.17285613,0,0,0,0,0
10.75,0.84679855,-0.0373235273,-1.4184124,0.0798218286,0.00267257074,FollowWall,following_right_wall,0,14,42,0.446815968,1.11387883,1,1,1,0.267205954,1.17276311,1.17276311,0,0,0,0,0
10.8,0.85078704,-0.0374219783,-1.40956403,0.0798803194,0.00179520948,FollowWall,following_right_wall,0,14,42,0.446722806,1.10604218,1,1,1,0.267301291,1.17267019,1.17267019,0,0,0,0,0
10.85,0.854777339,-0.037519911,-1.40225961,0.0798803194,0.00179520948,FollowWall,following_right_wall,0,14,42,0.446722806,1.10604218,1,1,1,0.267301291,1.17257682,1.17257682,0,0,0,0,0
10.9,0.858768698,-0.0376173921,-1.39585582,0.079898033,0.00152950443,FollowWall,following_right_wall,0,14,42,0.446614027,1.0982235,1,1,1,0.266984105,1.17248334,1.17248334,0,0,0,0,0
10.95,0.862761047,-0.0377144802,-1.39029457,0.079898033,0.00152950443,FollowWall,following_right_wall,0,14,42,0.446614027,1.0982235,1,1,1,0.266984105,1.17238973,1.17238973,0,0,0,0,0
11,0.866753976,-0.0378112117,-1.38522479,0.0798970903,0.00154364596,FollowWall,following_right_wall,0,14,42,0.446505696,1.09042528,1,1,1,0.266642839,1.17229617,1.17229617,0,0,0,0,0
11.05,0.870747228,-0.037907607,-1.38042483,0.0798970903,0.00154364596,FollowWall,following_right_wall,0,14,42,0.446505696,1.09042528,1,1,1,0.266642839,1.17220278,1.17220278,0,0,0,0,0
11.1,0.87474067,-0.0380036775,-1.37578226,0.0798777883,0.00183317579,FollowWall,following_right_wall,0,14,42,0.446415365,1.08265002,1,1,1,0.266276985,1.17210961,1.17210961,0,0,0,0,0
11.15,0.878733826,-0.0380994086,-1.37088591,0.0798777883,0.00183317579,FollowWall,following_right_wall,0,14,42,0.446415365,1.08265002,1,1,1,0.266276985,1.17201695,1.17201695,0,0,0,0,0
11.2,0.882726817,-0.0381947892,-1.36584151,0.0798839173,0.00174124071,FollowWall,following_right_wall,0,14,42,0.44635874,1.07489951,1,1,1,0.266173005,1.17192472,1.17192472,0,0,0,0,0
11.25,0.886719845,-0.0382898197,-1.36082049,0.0798839173,0.00174124071,FollowWall,following_right_wall,0,14,42,0.44635874,1.07489951,1,1,1,0.266173005,1.17183284,1.17183284,0,0,0,0,0
11.3,0.890712896,-0.0383845011,-1.3558131,0.0798807225,0.00178916176,FollowWall,following_right_wall,0,14,42,0.446330577,1.06506515,1,1,1,0.26596567,1.17174129,1.17174129,0,0,0,0,0
11.35,0.894705898,-0.0384788304,-1.35075648,0.0798807225,0.00178916176,FollowWall,following_right_wall,0,14,42,0.446330577,1.06506515,1,1,1,0.26596567,1.17165013,1.17165013,0,0,0,0,0
11.4,0.898698875,-0.0385728056,-1.34567112,0.0798542274,0.00218658895,FollowWall,following_right_wall,0,14,42,0.446329653,1.0570321,1,1,1,0.265505672,1.17155934,1.17155934,0,0,0,0,0
11.45,0.90269129,-0.0386663959,-1.34009462,0.0798542274,0.00218658895,FollowWall,following_right_wall,0,14,42,0.446329653,1.0570321,1,1,1,0.265505672,1.17146924,1.17146924,0,0,0,0,0
11.5,0.906683381,-0.0387595798,-1.33423161,0.0798317377,0.00252393397,FollowWall,following_right_wall,0,14,42,0.44636634,1.04903155,1,1,1,0.26506719,1.17137973,1.17137973,0,0,0,0,0
11.55,0.910674819,-0.03885232,-1.3277988,0.0798317377,0.00252393397,FollowWall,following_right_wall,0,14,42,0.44636634,1.04903155,1,1,1,0.26506719,1.17129103,1.17129103,0,0,0,0,0
11.6,0.91466588,-0.0389445915,-1.3210336,0.0798437411,0.00234388359,FollowWall,following_right_wall,0,14,42,0.446443766,1.04106492,1,1,1,0.264911562,1.171203,1.171203,0,0,0,0,0
11.65,0.918656978,-0.0390363931,-1.31428943,0.0798437411,0.00234388359,FollowWall,following_right_wall,0,14,42,0.446443766,1.04106492,1,1,1,0.264911562,1.17111543,1.17111543,0,0,0,0,0
11.7,0.9226481,-0.0391277256,-1.30755752,0.0798513032,0.00223045208,FollowWall,following_right_wall,0,14,42,0.446545511,1.03312866,1,1,1,0.264469296,1.17102832,1.17102832,0,0,0,0,0
11.75,0.926639398,-0.0392185979,-1.30096817,0.0798513032,0.00223045208,FollowWall,following_right_wall,0,14,42,0.446545511,1.03312866,1,1,1,0.264469296,1.17094158,1.17094158,0,0,0,0,0
11.8,0.930630804,-0.0393090163,-1.29446198,0.0798748916,0.00187662563,FollowWall,following_right_wall,0,14,42,0.446662933,1.02522062,1,1,1,0.264247864,1.17085525,1.17085525,0,0,0,0,0
11.85,0.934622767,-0.0393990103,-1.28842664,0.0798748916,0.00187662563,FollowWall,following_right_wall,0,14,42,0.446662933,1.02522062,1,1,1,0.264247864,1.17076905,1.17076905,0,0,0,0,0
11.9,0.938615059,-0.0394886004,-1.28266597,0.0799284463,0.00107330596,FollowWall,following_right_wall,0,14,42,0.446784407,1.01733833,1,1,1,0.264410198,1.17068308,1.17068308,0,0,0,0,0
11.95,0.942608661,-0.0395778573,-1.27802442,0.0799284463,0.00107330596,FollowWall,following_right_wall,0,14,42,0.446784407,1.01733833,1,1,1,0.264410198,1.17059674,1.17059674,0,0,0,0,0
12,0.946603029,-0.0396668302,-1.27403568,0.0799244457,0.00113331489,FollowWall,following_right_wall,0,14,42,0.446888506,1.00947644,1,1,1,0.264057517,1.17051027,1.17051027,0,0,0,0,0
12.05,0.950597763,-0.0397555439,-1.27035612,0.0799244457,0.00113331489,FollowWall,following_right_wall,0,14,42,0.446888506,1.00947644,1,1,1,0.264057517,1.17042387,1.17042387,0,0,0,0,0
12.1,0.954592712,-0.039844012,-1.26685691,0.0799475094,0.000787358508,FollowWall,following_right_wall,0,14,42,0.446989298,1.00163875,1,1,1,0.264062643,1.1703376,1.1703376,0,0,0,0,0
12.15,0.958588269,-0.0399322674,-1.26387587,0.0799475094,0.000787358508,FollowWall,following_right_wall,0,14,42,0.446989298,1.00163875,1,1,1,0.264062643,1.17025122,1.17025122,0,0,0,0,0
12.2,0.962584182,-0.0400203333,-1.26119709,0.0799607981,0.000588028652,FollowWall,following_right_wall,0,14,42,0.447083294,0.993824181,1,1,1,0.264036894,1.17016484,1.17016484,0,0,0,0,0
12.25,0.96658058,-0.0401082374,-1.25893256,0.0799607981,0.000588028652,FollowWall,following_right_wall,0,14,42,0.447083294,0.993824181,1,1,1,0.264036894,1.17007836,1.17007836,0,0,0,0,0
12.3,0.970577263,-0.0401959981,-1.25690968,0.0799271197,0.00109320474,FollowWall,following_right_wall,0,14,42,0.447169095,0.986032154,1,1,1,0.26358518,1.16999187,1.16999187,0,0,0,0,0
12.35,0.974573412,-0.0402835899,-1.25442474,0.0799271197,0.00109320474,FollowWall,following_right_wall,0,14,42,0.447169095,0.986032154,1,1,1,0.26358518,1.16990584,1.16990584,0,0,0,0,0
12.4,0.978569251,-0.040370992,-1.25167028,0.0799426561,0.000860159123,FollowWall,following_right_wall,0,14,42,0.447267085,0.978267408,1,1,1,0.263690144,1.16982017,1.16982017,0,0,0,0,0
12.45,0.982565235,-0.0404582094,-1.24903678,0.0799426561,0.000860159123,FollowWall,following_right_wall,0,14,42,0.447267085,0.978267408,1,1,1,0.263690144,1.16973461,1.16973461,0,0,0,0,0
12.5,0.986561305,-0.0405452473,-1.24647382,0.0799261446,0.00110783025,FollowWall,following_right_wall,0,14,42,0.447364986,0.970525673,1,1,1,0.26350686,1.16964919,1.16964919,0,0,0,0,0
12.55,0.990557083,-0.0406320912,-1.24365639,0.0799261446,0.00110783025,FollowWall,following_right_wall,0,14,42,0.447364986,0.970525673,1,1,1,0.26350686,1.16956411,1.16956411,0,0,0,0,0
12.6,0.994552693,-0.0407187296,-1.24069052,0.0798845443,0.00173183527,FollowWall,following_right_wall,0,14,42,0.447466493,0.962652313,1,1,1,0.263098925,1.16947934,1.16947934,0,0,0,0,0
12.65,0.998547341,-0.0408051114,-1.2368932,0.0798845443,0.00173183527,FollowWall,following_right_wall,0,14,42,0.447466493,0.962652313,1,1,1,0.263098925,1.16939535,1.16939535,0,0,0,0,0
12.7,1.00254143,-0.0408911993,-1.23261087,0.079868545,0.00197182525,FollowWall,following_right_wall,0,14,42,0.447586358,0.954760863,1,1,1,0.262975723,1.16931196,1.16931196,0,0,0,0,0
12.75,1.00653486,-0.0409769546,-1.22775915,0.079868545,0.00197182525,FollowWall,following_right_wall,0,14,42,0.447586358,0.954760863,1,1,1,0.262975723,1.16922926,1.16922926,0,0,0,0,0
12.8,1.01052792,-0.0410623519,-1.22257529,0.0798785402,0.00182189658,FollowWall,following_right_wall,0,14,42,0.447719216,0.946762456,1,1,1,0.263145685,1.16914713,1.16914713,0,0,0,0,0
12.85,1.01452097,-0.0411473871,-1.21737664,0.0798785402,0.00182189658,FollowWall,following_right_wall,0,14,42,0.447719216,0.946762456,1,1,1,0.263145685,1.16906537,1.16906537,0,0,0,0,0
12.9,1.01851401,-0.0412320594,-1.21216936,0.0798852134,0.00172179826,FollowWall,following_right_wall,0,14,42,0.447847128,0.938588865,1,1,1,0.263321161,1.16898398,1.16898398,0,0,0,0,0
12.95,1.02250719,-0.0413163757,-1.20707654,0.0798852134,0.00172179826,FollowWall,following_right_wall,0,14,42,0.447847128,0.938588865,1,1,1,0.263321161,1.16890287,1.16890287,0,0,0,0,0
13,1.02650046,-0.0414003409,-1.20205048,0.079866536,0.00200196001,FollowWall,following_right_wall,0,14,42,0.447961181,0.930438669,1,1,1,0.263027012,1.16882207,1.16882207,0,0,0,0,0
13.05,1.0304934,-0.0414839384,-1.19672895,0.079866536,0.00200196001,FollowWall,following_right_wall,0,14,42,0.447961181,0.930438669,1,1,1,0.263027012,1.16874183,1.16874183,0,0,0,0,0
13.1,1.03448614,-0.0415671548,-1.19123506,0.0798506717,0.00223992399,FollowWall,following_right_wall,0,14,42,0.448068947,0.922315609,1,1,1,0.262677968,1.16866208,1.16866208,0,0,0,0,0
13.15,1.03847844,-0.0416499657,-1.18535658,0.0798506717,0.00223992399,FollowWall,following_right_wall,0,14,42,0.448068947,0.922315609,1,1,1,0.262677968,1.16858298,1.16858298,0,0,0,0,0
13.2,1.04247049,-0.0417323538,-1.17925375,0.0798018172,0.00297274212,FollowWall,following_right_wall,0,14,42,0.448173106,0.914221999,1,1,1,0.262328953,1.16850444,1.16850444,0,0,0,0,0
13.25,1.04646138,-0.0418142577,-1.17214532,0.0798018172,0.00297274212,FollowWall,following_right_wall,0,14,42,0.448173106,0.914221999,1,1,1,0.262328953,1.16842702,1.16842702,0,0,0,0,0
13.3,1.05045159,-0.0418956321,-1.16445029,0.0797551393,0.00367291049,FollowWall,following_right_wall,0,14,42,0.44828859,0.906162828,1,1,1,0.261955172,1.16835051,1.16835051,0,0,0,0,0
13.35,1.05444045,-0.0419764018,-1.1555773,0.0797551393,0.00367291049,FollowWall,following_right_wall,0,14,42,0.44828859,0.906162828,1,1,1,0.261955172,1.16827534,1.16827534,0,0,0,0,0
13.4,1.05842852,-0.0420565137,-1.14601718,0.0797371029,0.0039434562,FollowWall,following_right_wall,0,14,42,0.448422372,0.898140589,1,1,1,0.261787534,1.16820127,1.16820127,0,0,0,0,0
13.45,1.06241577,-0.0421359184,-1.13573329,0.0797371029,0.0039434562,FollowWall,following_right_wall,0,14,42,0.448422372,0.898140589,1,1,1,0.261787534,1.16812837,1.16812837,0,0,0,0,0
13.5,1.06640253,-0.0422145829,-1.1250272,0.0797051458,0.00442281319,FollowWall,following_right_wall,0,14,42,0.44856292,0.890153323,1,1,1,0.261388987,1.16805648,1.16805648,0,0,0,0,0
13.55,1.07038836,-0.0422924554,-1.11350264,0.0797051458,0.00442281319,FollowWall,following_right_wall,0,14,42,0.44856292,0.890153323,1,1,1,0.261388987,1.16798589,1.16798589,0,0,0,0,0
13.6,1.07437365,-0.0423694989,-1.10150063,0.0796972975,0.0045405368,FollowWall,following_right_wall,0,14,42,0.624336302,0.882201446,1,1,1,0.261160463,1.16791645,1.16791645,0,0,0,0,0
13.65,1.07835847,-0.0424456837,-1.08907959,0.0796972975,0.0045405368,FollowWall,following_right_wall,0,14,42,0.624336302,0.882201446,1,1,1,0.261160463,1.16784813,1.16784813,0,0,0,0,0
13.7,1.08234302,-0.0425209907,-1.07641412,0.0796725012,0.00491248242,FollowWall,following_right_wall,0,14,42,0.624552011,0.874282761,1,1,1,0.260680497,1.16778085,1.16778085,0,0,0,0,0
13.75,1.08632691,-0.0425953837,-1.06316208,0.0796725012,0.00491248242,FollowWall,following_right_wall,0,14,42,0.624552011,0.874282761,1,1,1,0.260680497,1.16771486,1.16771486,0,0,0,0,0
13.8,1.09031041,-0.0426688361,-1.04956789,0.0796838474,0.00474228871,FollowWall,following_right_wall,0,14,42,0.624723554,0.866397683,1,1,1,0.260506094,1.16765004,1.16765004,0,0,0,0,0
13.85,1.09429394,-0.0427413436,-1.03597725,0.0796838474,0.00474228871,FollowWall,following_right_wall,0,14,42,0.624723554,0.866397683,1,1,1,0.260506094,1.16758616,1.16758616,0,0,0,0,0
13.9,1.09827749,-0.0428129063,-1.02238868,0.0797311213,0.0040331811,FollowWall,following_right_wall,0,14,42,0.624870658,0.858542649,1,1,1,0.26065442,1.16752322,1.16752322,0,0,0,0,0
13.95,1.10226204,-0.0428835711,-1.00964777,0.0797311213,0.0040331811,FollowWall,following_right_wall,0,14,42,0.624870658,0.858542649,1,1,1,0.26065442,1.16746066,1.16746066,0,0,0,0,0
14,1.10624718,-0.0429533772,-0.997401311,0.0797796322,0.00330551636,FollowWall,following_right_wall,0,14,42,0.625030518,0.850711367,1,1,1,0.26079601,1.16739864,1.16739864,0,0,0,0,0
14.05,1.11023367,-0.0430223951,-0.986311875,0.0797796322,0.00330551636,FollowWall,following_right_wall,0,14,42,0.625030518,0.850711367,1,1,1,0.26079601,1.16733668,1.16733668,0,0,0,0,0
14.1,1.11422097,-0.0430906782,-0.975897367,0.0797932912,0.0031006327,FollowWall,following_right_wall,0,14,42,0.62522155,0.842900272,1,1,1,0.260570914,1.16727502,1.16727502,0,0,0,0,0
14.15,1.11820902,-0.0431582715,-0.966121131,0.0797932912,0.0031006327,FollowWall,following_right_wall,0,14,42,0.62522155,0.842900272,1,1,1,0.260570914,1.16721366,1.16721366,0,0,0,0,0
14.2,1.12219752,-0.0432252044,-0.956717218,0.0798383603,0.00242459623,FollowWall,following_right_wall,0,14,42,0.625424266,0.834708204,1,1,1,0.260659039,1.16715271,1.16715271,0,0,0,0,0
14.25,1.12618722,-0.0432915382,-0.948337454,0.0798383603,0.00242459623,FollowWall,following_right_wall,0,14,42,0.625424266,0.834708204,1,1,1,0.260659039,1.16709172,1.16709172,0,0,0,0,0
14.3,1.13017762,-0.0433573208,-0.94055511,0.0798570076,0.00214488573,FollowWall,following_right_wall,0,14,42,0.625647962,0.82659387,1,1,1,0.260463923,1.1670309,1.1670309,0,0,0,0,0
14.35,1.13416883,-0.0434225981,-0.93345514,0.0798570076,0.00214488573,FollowWall,following_right_wall,0,14,42,0.625647962,0.82659387,1,1,1,0.260463923,1.16697015,1.16697015,0,0,0,0,0
14.4,1.1381605,-0.0434874022,-0.926753222,0.0798870851,0.00169372401,FollowWall,following_right_wall,0,14,42,0.625881255,0.818498637,1,1,1,0.260374159,1.16690962,1.16690962,0,0,0,0,0
14.45,1.14215308,-0.0435517806,-0.920822036,0.0798870851,0.00169372401,FollowWall,following_right_wall,0,14,42,0.625881255,0.818498637,1,1,1,0.260374159,1.16684903,1.16684903,0,0,0,0,0
14.5,1.14614619,-0.0436157699,-0.915340444,0.079944059,0.00083911567,FollowWall,following_right_wall,0,14,42,0.626123428,0.810423808,1,1,1,0.260552645,1.16678854,1.16678854,0,0,0,0,0
14.55,1.1501408,-0.0436794455,-0.911141227,0.079944059,0.00083911567,FollowWall,following_right_wall,0,14,42,0.626123428,0.810423808,1,1,1,0.260552645,1.16672754,1.16672754,0,0,0,0,0
14.6,1.15413628,-0.0437428683,-0.907690064,0.0799408843,0.000886735958,FollowWall,following_right_wall,0,14,42,0.626395047,0.802366543,1,1,1,0.260112971,1.16666632,1.16666632,0,0,0,0,0
14.65,1.15813221,-0.0438060707,-0.904618422,0.0799408843,0.000886735958,FollowWall,following_right_wall,0,14,42,0.626395047,0.802366543,1,1,1,0.260112971,1.16660508,1.16660508,0,0,0,0,0
14.7,1.16212839,-0.0438690706,-0.901768168,0.05,0.000970344816,FollowWall,following_right_wall,0,14,42,0.626664102,0.794333467,1,1,1,0.259631038,1.1665439,1.1665439,0,0,0,0,0
14.75,1.16550104,-0.0439220734,-0.898947256,0.05,0.000970344816,FollowWall,following_right_wall,0,14,42,0.626664102,0.794333467,1,1,1,0.259631038,1.1664927,1.1664927,0,0,0,0,0
14.8,1.16850996,-0.0439692124,-0.89614346,0.05,0.000336653408,FollowWall,following_right_wall,0,14,42,0.626847029,0.787940941,1,1,1,0.259673536,1.16644735,1.16644735,0,0,0,0,0
14.85,1.1713067,-0.0440129091,-0.894106062,0.05,0.000336653408,FollowWall,following_right_wall,0,14,42,0.626847029,0.787940941,1,1,1,0.259673536,1.16640496,1.16640496,0,0,0,0,0
14.9,1.17397968,-0.0440545874,-0.89251573,0.05,0.0147562252,AdvanceRight,advancing_past_measured_edge,0,14,42,0.627007008,0.782476502,1,1,1,0.259846658,1.1663643,1.1663643,0,0,0,0,0
14.95,1.17658046,-0.044094683,-0.873974089,0.05,0.01436789,AdvanceRight,advancing_past_measured_edge,0,14,42,0.627007008,0.782476502,1,1,1,0.259846658,1.16633605,1.16633605,0,0,0,0,0
15,1.17913914,-0.0441330909,-0.846007727,0.05,0.0137821639,AdvanceRight,advancing_past_measured_edge,0,14,42,0.626475215,0.77740854,1,1,1,0.260026127,1.16631554,1.16631554,0,0,0,0,0
15.05,1.18167328,-0.0441697869,-0.81324277,0.05,0.0130959362,AdvanceRight,advancing_past_measured_edge,0,14,42,0.626475215,0.77740854,1,1,1,0.260026127,1.16629983,1.16629983,0,0,0,0,0
15.1,1.1841931,-0.0442047909,-0.778497755,0.05,0.0123682383,AdvanceRight,advancing_past_measured_edge,0,14,42,0.625594914,0.772495347,1,1,1,0.259758949,1.16628712,1.16628712,0,0,0,0,0
15.15,1.18670458,-0.0442381495,-0.743466333,0.05,0.0116345419,AdvanceRight,advancing_past_measured_edge,0,14,42,0.625594914,0.772495347,1,1,1,0.259758949,1.16627627,1.16627627,0,0,0,0,0
15.2,1.18921121,-0.0442699262,-0.709143626,0.05,0.0109156888,AdvanceRight,advancing_past_measured_edge,0,14,42,0.624663532,0.767635617,1,1,1,0.259518325,1.16626658,1.16626658,0,0,0,0,0
15.25,1.19171501,-0.0443001948,-0.676092403,0.05,0.0102234656,AdvanceRight,advancing_past_measured_edge,0,14,42,0.624663532,0.767635617,1,1,1,0.259518325,1.16625761,1.16625761,0,0,0,0,0
15.3,1.19421717,-0.0443290342,-0.644609159,0.05,0.00956408211,AdvanceRight,advancing_past_measured_edge,0,14,42,0.623783946,0.762794458,1,1,1,0.25944382,1.16624909,1.16624909,0,0,0,0,0
15.35,1.19671837,-0.0443565252,-0.614827652,0.05,0.00894033968,AdvanceRight,advancing_past_measured_edge,0,14,42,0.623783946,0.762794458,1,1,1,0.25944382,1.16624084,1.16624084,0,0,0,0,0
15.4,1.19921902,-0.0443827481,-0.586783362,0.05,0.00835298144,AdvanceRight,advancing_past_measured_edge,0,14,42,0.622984946,0.757960395,1,1,1,0.259308517,1.16623276,1.16623276,0,0,0,0,0
15.45,1.20171936,-0.0444077811,-0.560453555,0.05,0.00780153126,AdvanceRight,advancing_past_measured_edge,0,14,42,0.622984946,0.757960395,1,1,1,0.259308517,1.16622478,1.16622478,0,0,0,0,0
15.5,1.20421951,-0.0444316995,-0.535782109,0.05,0.00728481371,AdvanceRight,advancing_past_measured_edge,0,14,42,0.622268498,0.753130294,1,1,1,0.259067208,1.16621685,1.16621685,0,0,0,0,0
15.55,1.20671957,-0.0444545748,-0.512694827,0.05,0.00680127479,AdvanceRight,advancing_past_measured_edge,0,14,42,0.622268498,0.753130294,1,1,1,0.259067208,1.16620896,1.16620896,0,0,0,0,0
15.6,1.20921956,-0.0444764749,-0.491108822,0.05,0.00634917855,AdvanceRight,advancing_past_measured_edge,0,14,42,0.621627331,0.748303624,1,1,1,0.259047985,1.16620108,1.16620108,0,0,0,0,0
15.65,1.21171953,-0.0444974637,-0.470938212,0.05,0.00592672629,AdvanceRight,advancing_past_measured_edge,0,14,42,0.621627331,0.748303624,1,1,1,0.259047985,1.16619321,1.16619321,0,0,0,0,0
15.7,1.21421948,-0.0445176013,-0.452097514,0.05,0.00553212764,AdvanceRight,advancing_past_measured_edge,0,14,42,0.62105161,0.743381409,1,1,1,0.258814216,1.16618533,1.16618533,0,0,0,0,0
15.75,1.21671942,-0.0445369439,-0.434503616,0.05,0.0051636419,AdvanceRight,advancing_past_measured_edge,0,14,42,0.62105161,0.743381409,1,1,1,0.258814216,1.16617744,1.16617744,0,0,0,0,0
15.8,1.21921936,-0.0445555442,-0.418076866,0.05,0.00481960084,AdvanceRight,advancing_past_measured_edge,0,14,42,0.620531857,0.738386,1,1,1,0.258666545,1.16616955,1.16616955,0,0,0,0,0
15.85,1.2217193,-0.0445734516,-0.40274162,0.05,0.0044984202,AdvanceRight,advancing_past_measured_edge,0,14,42,0.620531857,0.738386,1,1,1,0.258666545,1.16616164,1.16616164,0,0,0,0,0
15.9,1.22421925,-0.0445907121,-0.388426466,0.05,0.00419860433,AdvanceRight,advancing_past_measured_edge,0,14,42,0.620059252,0.733401171,1,1,1,0.258600384,1.16615372,1.16615372,0,0,0,0,0
15.95,1.2267192,-0.0446073687,-0.375064245,0.05,0.00391874662,AdvanceRight,advancing_past_measured_edge,0,14,42,0.620059252,0.733401171,1,1,1,0.258600384,1.16614579,1.16614579,0,0,0,0,0
16,1.22921914,-0.0446234618,-0.362591957,0.05,0.00365752763,AdvanceRight,advancing_past_measured_edge,0,14,42,0.619626164,0.728427635,1,1,1,0.258336902,1.16613784,1.16613784,0,0,0,0,0
16.05,1.2317191,-0.0446390288,-0.350950603,0.05,0.00341371169,AdvanceRight,advancing_past_measured_edge,0,14,42,0.619626164,0.728427635,1,1,1,0.258336902,1.16612988,1.16612988,0,0,0,0,0
16.1,1.23421905,-0.0446541047,-0.340084996,0.05,0.00318614294,AdvanceRight,advancing_past_measured_edge,0,14,42,0.619225979,0.723465867,1,1,1,0.258070529,1.16612191,1.16612191,0,0,0,0,0
16.15,1.23671901,-0.0446687224,-0.329943546,0.05,0.00297374092,AdvanceRight,advancing_past_measured_edge,0,14,42,0.619225979,0.723465867,1,1,1,0.258070529,1.16611393,1.16611393,0,0,0,0,0
16.2,1.23921897,-0.0446829123,-0.320478059,0.05,0.00277549623,AdvanceRight,advancing_past_measured_edge,0,14,42,0.618853092,0.718516225,1,1,1,0.258033901,1.16610593,1.16610593,0,0,0,0,0
16.25,1.24171893,-0.044696703,-0.311643521,0.05,0.00259046608,AdvanceRight,advancing_past_measured_edge,0,14,42,0.618853092,0.718516225,1,1,1,0.258033901,1.16609792,1.16609792,0,0,0,0,0
16.3,1.2442189,-0.0447101211,-0.303397899,0.05,0.00241777018,AdvanceRight,advancing_past_measured_edge,0,14,42,0.618502617,0.713578945,1,1,1,0.258218974,1.16608991,1.16608991,0,0,0,0,0
16.35,1.24671886,-0.0447231914,-0.295701952,0.05,0.00225658664,AdvanceRight,advancing_past_measured_edge,0,14,42,0.618502617,0.713578945,1,1,1,0.258218974,1.16608188,1.16608188,0,0,0,0,0
16.4,1.24921883,-0.044735937,-0.288519048,0.05,0.00210614825,AdvanceRight,advancing_past_measured_edge,0,14,42,0.618170619,0.708654266,1,1,1,0.258408219,1.16607384,1.16607384,0,0,0,0,0
16.45,1.2517188,-0.0447483797,-0.281814991,0.05,0.00196573882,AdvanceRight,advancing_past_measured_edge,0,14,42,0.618170619,0.708654266,1,1,1,0.258408219,1.16606579,1.16606579,0,0,0,0,0
16.5,1.25421877,-0.0447605397,-0.275557863,0.05,0.00183468984,AdvanceRight,advancing_past_measured_edge,0,14,42,0.617853642,0.703742188,1,1,1,0.258559525,1.16605773,1.16605773,0,0,0,0,0
16.55,1.25671874,-0.0447724357,-0.269717873,0.05,0.00171237736,AdvanceRight,advancing_past_measured_edge,0,14,42,0.617853642,0.703742188,1,1,1,0.258559525,1.16604967,1.16604967,0,0,0,0,0
16.6,1.25921871,-0.0447840854,-0.264267211,0.05,0.00159821898,AdvanceRight,advancing_past_measured_edge,0,14,42,0.617548883,0.698819788,1,1,1,0.258412868,1.16604159,1.16604159,0,0,0,0,0
16.65,1.26171869,-0.0447955052,-0.259179926,0.05,0.00149167112,AdvanceRight,advancing_past_measured_edge,0,14,42,0.617548883,0.698819788,1,1,1,0.258412868,1.16603351,1.16603351,0,0,0,0,0
16.7,1.26421866,-0.0448067104,-0.254431791,0.05,0.00139222642,AdvanceRight,advancing_past_measured_edge,0,14,42,0.617254019,0.693770884,1,1,1,0.258556068,1.16602542,1.16602542,0,0,0,0,0
16.75,1.26671864,-0.0448177154,-0.250000198,0.05,0.00129941135,AdvanceRight,advancing_past_measured_edge,0,14,42,0.617254019,0.693770884,1,1,1,0.258556068,1.16601733,1.16601733,0,0,0,0,0
16.8,1.26921861,-0.0448285334,-0.245864044,0.05,0.00121278394,AdvanceRight,advancing_past_measured_edge,0,14,42,0.616967142,0.688736578,1,1,1,0.258689165,1.16600922,1.16600922,0,0,0,0,0
16.85,1.27171859,-0.044839177,-0.242003633,0.05,0.00113193169,AdvanceRight,advancing_past_measured_edge,0,14,42,0.616967142,0.688736578,1,1,1,0.258689165,1.16600111,1.16600111,0,0,0,0,0
16.9,1.27421857,-0.0448496578,-0.238400583,0.05,0.00105646958,AdvanceRight,advancing_past_measured_edge,0,14,42,0.616686761,0.683717109,1,1,1,0.258520842,1.165993,1.165993,0,0,0,0,0
16.95,1.27671855,-0.0448599866,-0.235037736,0.05,0.000986038283,AdvanceRight,advancing_past_measured_edge,0,14,42,0.616686761,0.683717109,1,1,1,0.258520842,1.16598488,1.16598488,0,0,0,0,0
17,1.27921853,-0.0448701735,-0.231899079,0.05,0.0009203024,AdvanceRight,advancing_past_measured_edge,0,14,42,0.616411746,0.678712537,1,1,1,0.258674681,1.16597675,1.16597675,0,0,0,0,0
17.05,1.28171851,-0.0448802281,-0.228969665,0.05,0.000858948908,AdvanceRight,advancing_past_measured_edge,0,14,42,0.616411746,0.678712537,1,1,1,0.258674681,1.16596862,1.16596862,0,0,0,0,0
17.1,1.28421849,-0.0448901591,-0.226235546,0.05,0.000801685648,AdvanceRight,advancing_past_measured_edge,0,14,42,0.61614114,0.673722921,1,1,1,0.258649081,1.16596049,1.16596049,0,0,0,0,0
17.15,1.28671847,-0.0448999748,-0.223683702,0.05,0.000748239939,AdvanceRight,advancing_past_measured_edge,0,14,42,0.61614114,0.673722921,1,1,1,0.258649081,1.16595235,1.16595235,0,0,0,0,0
17.2,1.28921845,-0.0449096829,-0.22130198,0.05,0.000698357277,AdvanceRight,advancing_past_measured_edge,0,14,42,0.61587429,0.668693842,1,1,1,0.258853883,1.16594421,1.16594421,0,0,0,0,0
17.25,1.29171843,-0.0449192905,-0.21907904,0.05,0.000651800125,AdvanceRight,advancing_past_measured_edge,0,14,42,0.61587429,0.668693842,1,1,1,0.258853883,1.16593606,1.16593606,0,0,0,0,0
17.3,1.29421841,-0.0449288043,-0.217004295,0.05,0.000608346784,AdvanceRight,advancing_past_measured_edge,0,14,42,0.615610778,0.663631415,1,1,1,0.258644342,1.16592791,1.16592791,0,0,0,0,0
17.35,1.29671839,-0.0449382306,-0.215067868,0.05,0.000567790332,AdvanceRight,advancing_past_measured_edge,0,14,42,0.615610778,0.663631415,1,1,1,0.258644342,1.16591976,1.16591976,0,0,0,0,0
17.4,1.29921838,-0.0449475753,-0.213260535,0.05,0.000529937643,AdvanceRight,advancing_past_measured_edge,0,14,42,0.615350425,0.658582729,1,1,1,0.258374363,1.1659116,1.1659116,0,0,0,0,0
17.45,1.30171836,-0.0449568437,-0.211573691,0.05,0.000494608467,AdvanceRight,advancing_past_measured_edge,0,14,42,0.615350425,0.658582729,1,1,1,0.258374363,1.16590344,1.16590344,0,0,0,0,0
17.5,1.30421834,-0.044966041,-0.209999303,0.05,0.000461634569,AdvanceRight,advancing_past_measured_edge,0,14,42,0.615093112,0.653548199,1,1,1,0.258107215,1.16589528,1.16589528,0,0,0,0,0
17.55,1.30671833,-0.0449751719,-0.208529875,0.05,0.000430858931,AdvanceRight,advancing_past_measured_edge,0,14,42,0.615093112,0.653548199,1,1,1,0.258107215,1.16588712,1.16588712,0,0,0,0,0
17.6,1.30921831,-0.0449842408,-0.207158408,0.05,0.000402135002,AdvanceRight,advancing_past_measured_edge,0,14,42,0.614838958,0.648528002,1,1,1,0.258225858,1.16587895,1.16587895,0,0,0,0,0
17.65,1.31171829,-0.0449932518,-0.205878373,0.05,0.000375326002,AdvanceRight,advancing_past_measured_edge,0,14,42,0.614838958,0.648528002,1,1,1,0.258225858,1.16587078,1.16587078,0,0,0,0,0
17.7,1.31421828,-0.0450022089,-0.204683673,0.05,0.000350304269,AdvanceRight,advancing_past_measured_edge,0,14,42,0.614588082,0.643522376,1,1,1,0.258453697,1.16586261,1.16586261,0,0,0,0,0
17.75,1.31671826,-0.0450111155,-0.20356862,0.05,0.000326950651,AdvanceRight,advancing_past_measured_edge,0,14,42,0.614588082,0.643522376,1,1,1,0.258453697,1.16585443,1.16585443,0,0,0,0,0
17.8,1.31921825,-0.0450199752,-0.202527904,0.05,0.000305153941,AdvanceRight,advancing_past_measured_edge,0,14,42,0.614340782,0.638531438,1,1,1,0.258682877,1.16584626,1.16584626,0,0,0,0,0
17.85,1.32171823,-0.0450287909,-0.201556568,0.05,0.000284810345,AdvanceRight,advancing_past_measured_edge,0,14,42,0.614340782,0.638531438,1,1,1,0.258682877,1.16583808,1.16583808,0,0,0,0,0
17.9,1.32421822,-0.0450375657,-0.200649989,0.05,0.000265822988,AdvanceRight,advancing_past_measured_edge,0,14,42,0.614097476,0.633555188,1,1,1,0.258478701,1.1658299,1.1658299,0,0,0,0,0
17.95,1.3267182,-0.0450463022,-0.199803848,0.05,0.000248101456,AdvanceRight,advancing_past_measured_edge,0,14,42,0.614097476,0.633555188,1,1,1,0.258478701,1.16582172,1.16582172,0,0,0,0,0
18,1.32921819,-0.045055003,-0.199014117,0.05,0.000231561359,AdvanceRight,advancing_past_measured_edge,0,14,42,0.61385864,0.628593687,1,1,1,0.258441776,1.16581354,1.16581354,0,0,0,0,0
18.05,1.33171817,-0.0450636706,-0.198277034,0.05,0.000216123935,AdvanceRight,advancing_past_measured_edge,0,14,42,0.61385864,0.628593687,1,1,1,0.258441776,1.16580536,1.16580536,0,0,0,0,0
18.1,1.33421816,-0.045072307,-0.19758909,0.05,0.000201715673,AdvanceRight,advancing_past_measured_edge,0,14,42,0.613624692,0.623646814,1,1,1,0.258280963,1.16579718,1.16579718,0,0,0,0,0
18.15,1.33671814,-0.0450809144,-0.196947009,0.05,0.000188267961,AdvanceRight,advancing_past_measured_edge,0,14,42,0.613624692,0.623646814,1,1,1,0.258280963,1.16578899,1.16578899,0,0,0,0,0
18.2,1.33921813,-0.0450894948,-0.196347734,0.05,0.000175716764,AdvanceRight,advancing_past_measured_edge,0,14,42,0.613396287,0.618714394,1,1,1,0.258374393,1.16578081,1.16578081,0,0,0,0,0
18.25,1.34171811,-0.0450980498,-0.19578841,0.05,0.000164002313,AdvanceRight,advancing_past_measured_edge,0,14,42,0.613396287,0.618714394,1,1,1,0.258374393,1.16577262,1.16577262,0,0,0,0,0
18.3,1.3442181,-0.0451065813,-0.195266374,0.05,0.000153068825,AdvanceRight,advancing_past_measured_edge,0,14,42,0.613173962,0.613796247,1,1,1,0.258279562,1.16576443,1.16576443,0,0,0,0,0
18.35,1.34671808,-0.0451150908,-0.194779141,0.05,0.000142864237,AdvanceRight,advancing_past_measured_edge,0,14,42,0.613173962,0.613796247,1,1,1,0.258279562,1.16575624,1.16575624,0,0,0,0,0
18.4,1.34921807,-0.0451235797,-0.19432439,0.05,0.000133339954,AdvanceRight,advancing_past_measured_edge,0,14,42,0.612958372,0.608747187,1,0,1,0.258094847,1.16574805,1.16574805,0,0,0,0,0
18.45,1.35171805,-0.0451320494,-0.193899956,0.05,0.000124450624,AdvanceRight,advancing_past_measured_edge,0,14,42,0.612958372,0.608747187,1,0,1,0.258094847,1.16573986,1.16573986,0,0,0,0,0
18.5,1.35421804,-0.0451405012,-0.193503817,0.05,0.000116153916,AdvanceRight,advancing_past_measured_edge,0,14,42,0.612750173,0.603701855,1,0,1,0.257972181,1.16573167,1.16573167,0,0,0,0,0
18.55,1.35671802,-0.0451489363,-0.193134088,0.05,0.000108410321,AdvanceRight,advancing_past_measured_edge,0,14,42,0.612750173,0.603701855,1,0,1,0.257972181,1.16572348,1.16572348,0,0,0,0,0
18.6,1.35921801,-0.0451573559,-0.192789007,0.05,0.000101182967,AdvanceRight,advancing_past_measured_edge,0,14,42,0.612549901,0.598671454,1,0,1,0.258043796,1.16571529,1.16571529,0,0,0,0,0
18.65,1.361718,-0.0451657608,-0.192466932,0.05,9.44374356e-05,AdvanceRight,advancing_past_measured_edge,0,14,42,0.612549901,0.598671454,1,0,1,0.258043796,1.16570709,1.16570709,0,0,0,0,0
18.7,1.36421798,-0.0451741522,-0.192166328,0.05,8.81416065e-05,AdvanceRight,advancing_past_measured_edge,0,14,42,0.612358332,0.593656104,1,0,1,0.257798702,1.1656989,1.1656989,0,0,0,0,0
18.75,1.36671797,-0.0451825309,-0.191885764,0.05,8.22654994e-05,AdvanceRight,advancing_past_measured_edge,0,14,42,0.612358332,0.593656104,1,0,1,0.257798702,1.1656907,1.1656907,0,0,0,0,0
18.8,1.36921795,-0.0451908978,-0.191623905,0.05,7.67811328e-05,AdvanceRight,advancing_past_measured_edge,0,14,42,0.61217612,0.588655982,1,0,1,0.257536232,1.16568251,1.16568251,0,0,0,0,0
18.85,1.37171794,-0.0451992536,-0.191379503,0.05,7.16623906e-05,AdvanceRight,advancing_past_measured_edge,0,14,42,0.61217612,0.588655982,1,0,1,0.257536232,1.16567432,1.16567432,0,0,0,0,0
18.9,1.37421793,-0.0452075991,-0.191151395,0.05,6.68848979e-05,AdvanceRight,advancing_past_measured_edge,0,14,42,0.612003803,0.583671031,1,0,1,0.257457823,1.16566612,1.16566612,0,0,0,0,0
18.95,1.37671791,-0.045215935,-0.190938494,0.05,6.24259047e-05,AdvanceRight,advancing_past_measured_edge,0,14,42,0.612003803,0.583671031,1,0,1,0.257457823,1.16565792,1.16565792,0,0,0,0,0
19,1.3792179,-0.0452242619,-0.190739786,0.05,5.82641777e-05,AdvanceRight,advancing_past_measured_edge,0,14,42,0.611842096,0.578680473,1,0,1,0.257675797,1.16564973,1.16564973,0,0,0,0,0
19.05,1.38171788,-0.0452325804,-0.190554325,0.05,5.43798992e-05,AdvanceRight,advancing_past_measured_edge,0,14,42,0.611842096,0.578680473,1,0,1,0.257675797,1.16564153,1.16564153,0,0,0,0,0
19.1,1.38421787,-0.0452408912,-0.190381228,0.05,5.07545726e-05,AdvanceRight,advancing_past_measured_edge,0,14,42,0.611691475,0.573618319,1,0,1,0.258016765,1.16563333,1.16563333,0,0,0,0,0
19.15,1.38671786,-0.0452491946,-0.190219672,0.05,4.73709344e-05,AdvanceRight,advancing_past_measured_edge,0,14,42,0.611691475,0.573618319,1,0,1,0.258016765,1.16562514,1.16562514,0,0,0,0,0
19.2,1.38921784,-0.0452574912,-0.190068885,0.05,4.42128721e-05,AdvanceRight,advancing_past_measured_edge,0,14,42,0.611552656,0.568570782,1,0,1,0.258095771,1.16561694,1.16561694,0,0,0,0,0
19.25,1.39171783,-0.0452657814,-0.189928151,0.05,4.12653473e-05,AdvanceRight,advancing_past_measured_edge,0,14,42,0.611552656,0.568570782,1,0,1,0.258095771,1.16560874,1.16560874,0,0,0,0,0
19.3,1.39421782,-0.0452740657,-0.1897968,0.05,3.85143242e-05,AdvanceRight,advancing_past_measured_edge,0,14,42,0.611426115,0.563537978,1,0,1,0.258612007,1.16560054,1.16560054,0,0,0,0,0
19.35,1.3967178,-0.0452823444,-0.189674205,0.05,3.59467026e-05,AdvanceRight,advancing_past_measured_edge,0,14,42,0.611426115,0.563537978,1,0,1,0.258612007,1.16559235,1.16559235,0,0,0,0,0
19.4,1.39921779,-0.045290618,-0.189559783,0.05,3.35502557e-05,AdvanceRight,advancing_past_measured_edge,0,14,42,0.611312389,0.558520145,1,0,1,0.258640975,1.16558415,1.16558415,0,0,0,0,0
19.45,1.40171777,-0.0452988868,-0.189452989,0.05,3.1313572e-05,AdvanceRight,advancing_past_measured_edge,0,14,42,0.611312389,0.558520145,1,0,1,0.258640975,1.16557595,1.16557595,0,0,0,0,0
19.5,1.40421776,-0.0453071511,-0.189353315,0.05,2.92260005e-05,AdvanceRight,advancing_past_measured_edge,0,14,42,0.611211956,0.553517281,1,0,1,0.258677751,1.16556775,1.16556775,0,0,0,0,0
19.55,1.40671775,-0.0453154111,-0.189260286,0.05,2.72776005e-05,AdvanceRight,advancing_past_measured_edge,0,14,42,0.611211956,0.553517281,1,0,1,0.258677751,1.16555955,1.16555955,0,0,0,0,0
19.6,1.40921773,-0.0453236672,-0.189173458,0.05,2.54590938e-05,AdvanceRight,advancing_past_measured_edge,0,14,42,0.611125171,0.548529446,1,0,1,0.259619147,1.16555135,1.16555135,0,0,0,0,0
19.65,1.41171772,-0.0453319197,-0.18909242,0.05,2.37618209e-05,AdvanceRight,advancing_past_measured_edge,0,14,42,0.611125171,0.548529446,1,0,1,0.259619147,1.16554315,1.16554315,0,0,0,0,0
19.7,1.41421771,-0.0453401687,-0.189016783,0.05,2.21776995e-05,AdvanceRight,advancing_past_measured_edge,0,14,42,0.611052513,0.543556698,1,0,1,0.259718567,1.16553496,1.16553496,0,0,0,0,0
19.75,1.41671769,-0.0453484146,-0.188946189,0.05,2.06991862e-05,AdvanceRight,advancing_past_measured_edge,0,14,42,0.611052513,0.543556698,1,0,1,0.259718567,1.16552676,1.16552676,0,0,0,0,0
19.8,1.41921768,-0.0453566575,-0.188880302,0.05,1.93192404e-05,AdvanceRight,advancing_past_measured_edge,0,14,42,0.608808041,0.538598803,1,0,1,0.261155128,1.16551856,1.16551856,0,0,0,0,0
19.85,1.42171767,-0.0453648976,-0.188818807,0.05,1.80312911e-05,AdvanceRight,advancing_past_measured_edge,0,14,42,0.608808041,0.538598803,1,0,1,0.261155128,1.16551036,1.16551036,0,0,0,0,0
19.9,1.42421765,-0.0453731351,-0.188761411,0.05,1.6829205e-05,AdvanceRight,advancing_past_measured_edge,0,14,42,0.603815913,0.533655759,1,0,1,0.264285982,1.16550216,1.16550216,0,0,0,0,0
19.95,1.42671764,-0.0453813702,-0.188707842,0.05,1.5707258e-05,AdvanceRight,advancing_past_measured_edge,0,14,42,0.603815913,0.533655759,1,0,1,0.264285982,1.16549396,1.16549396,0,0,0,0,0
20,1.42921763,-0.045389603,-0.188657845,0.05,1.46601075e-05,AdvanceRight,advancing_past_measured_edge,0,14,42,0.598838985,0.528727273,1,0,1,0.265256912,1.16548576,1.16548576,0,0,0,0,0
20.05,1.43171761,-0.0453978337,-0.18861118,0.05,1.3682767e-05,AdvanceRight,advancing_past_measured_edge,0,14,42,0.598838985,0.528727273,1,0,1,0.265256912,1.16547756,1.16547756,0,0,0,0,0
20.1,1.4342176,-0.0454060625,-0.188567627,0.05,1.27705825e-05,AdvanceRight,advancing_past_measured_edge,0,14,42,0.593877196,0.523744495,1,0,1,1.25160551,1.16546936,1.16546936,0,0,0,0,0
20.15,1.43671758,-0.0454142894,-0.188526977,0.05,1.19192103e-05,AdvanceRight,advancing_past_measured_edge,0,14,42,0.593877196,0.523744495,1,0,1,1.25160551,1.16546116,1.16546116,0,0,0,0,0
20.2,1.43921757,-0.0454225146,-0.188489036,0.05,1.11245963e-05,AdvanceRight,advancing_past_measured_edge,0,14,42,0.588930428,0.518689795,1,0,1,1.25144017,1.16545296,1.16545296,0,0,0,0,0
20.25,1.44171756,-0.0454307382,-0.188453626,0.05,1.03829566e-05,AdvanceRight,advancing_past_measured_edge,0,14,42,0.588930428,0.518689795,1,0,1,1.25144017,1.16544476,1.16544476,0,0,0,0,0
20.3,1.44421754,-0.0454389603,-0.188420576,0.05,9.69075946e-06,AdvanceRight,advancing_past_measured_edge,0,14,42,0.583998442,0.513649981,1,0,1,1.25265455,1.16543656,1.16543656,0,0,0,0,0
20.35,1.44671753,-0.045447181,-0.188389729,0.05,9.04470883e-06,AdvanceRight,advancing_past_measured_edge,0,14,42,0.583998442,0.513649981,1,0,1,1.25265455,1.16542836,1.16542836,0,0,0,0,0
20.4,1.44921752,-0.0454554004,-0.188360939,0.05,8.44172824e-06,AdvanceRight,advancing_past_measured_edge,0,14,42,0.579080999,0.508625172,1,0,1,1.25266719,1.16542016,1.16542016,0,0,0,0,0
20.45,1.4517175,-0.0454636186,-0.188334068,0.05,7.87894636e-06,AdvanceRight,advancing_past_measured_edge,0,14,42,0.579080999,0.508625172,1,0,1,1.25266719,1.16541195,1.16541195,0,0,0,0,0
20.5,1.45421749,-0.0454718357,-0.188308989,0.05,7.35368327e-06,AdvanceRight,advancing_past_measured_edge,0,14,42,0.574177742,0.503615545,1,0,1,1.25269496,1.16540375,1.16540375,0,0,0,0,0
20.55,1.45671748,-0.0454800517,-0.188285581,0.05,6.86343772e-06,AdvanceRight,advancing_past_measured_edge,0,14,42,0.574177742,0.503615545,1,0,1,1.25269496,1.16539555,1.16539555,0,0,0,0,0
20.6,1.45921746,-0.0454882667,-0.188263734,0.05,6.4058752e-06,AdvanceRight,advancing_past_measured_edge,0,14,42,0.569288373,0.498621042,1,0,1,1.25400651,1.16538735,1.16538735,0,0,0,0,0
20.65,1.46171745,-0.0454964808,-0.188243344,0.05,5.97881686e-06,AdvanceRight,advancing_past_measured_edge,0,14,42,0.569288373,0.498621042,1,0,1,1.25400651,1.16537915,1.16537915,0,0,0,0,0
20.7,1.46421744,-0.045504694,-0.188224312,0.05,5.58022907e-06,AdvanceRight,advancing_past_measured_edge,0,14,42,0.564412415,0.493641781,1,0,1,1.25423324,1.16537095,1.16537095,0,0,0,0,0
20.75,1.46671742,-0.0455129065,-0.18820655,0.05,5.2082138e-06,AdvanceRight,advancing_past_measured_edge,0,14,42,0.564412415,0.493641781,1,0,1,1.25423324,1.16536275,1.16536275,0,0,0,0,0
20.8,1.46921741,-0.0455211181,-0.188189972,0.05,4.86099954e-06,AdvanceRight,advancing_past_measured_edge,0,14,42,0.559549391,0.488657503,1,0,1,1.25446224,1.16535455,1.16535455,0,0,0,0,0
20.85,1.4717174,-0.0455293291,-0.188174499,0.05,4.53693291e-06,AdvanceRight,advancing_past_measured_edge,0,14,42,0.559549391,0.488657503,1,0,1,1.25446224,1.16534635,1.16534635,0,0,0,0,0
20.9,1.47421738,-0.0455375395,-0.188160057,0.05,4.23447071e-06,AdvanceRight,advancing_past_measured_edge,0,14,42,0.554698825,0.483601019,1,0,1,1.25458598,1.16533815,1.16533815,0,0,0,0,0
20.95,1.47671737,-0.0455457492,-0.188146578,0.05,3.95217267e-06,AdvanceRight,advancing_past_measured_edge,0,14,42,0.554698825,0.483601019,1,0,1,1.25458598,1.16532995,1.16532995,0,0,0,0,0
21,1.47921735,-0.0455539583,-0.188133998,0.05,3.68869449e-06,AdvanceRight,advancing_past_measured_edge,0,14,42,0.549624026,0.478559116,1,0,1,1.25433564,1.16532175,1.16532175,0,0,0,0,0
21.05,1.48171734,-0.045562167,-0.188122257,0.05,3.44278152e-06,AdvanceRight,advancing_past_measured_edge,0,14,42,0.549624026,0.478559116,1,0,1,1.25433564,1.16531355,1.16531355,0,0,0,0,0
21.1,1.48421733,-0.0455703751,-0.188111298,0.05,3.21326275e-06,AdvanceRight,advancing_past_measured_edge,0,14,42,0.544541717,0.47353203,1,0,1,1.25409067,1.16530534,1.16530534,0,0,0,0,0
21.15,1.48671731,-0.0455785827,-0.18810107,0.05,2.99904524e-06,AdvanceRight,advancing_past_measured_edge,0,14,42,0.544541717,0.47353203,1,0,1,1.25409067,1.16529714,1.16529714,0,0,0,0,0
21.2,1.4892173,-0.04558679,-0.188091524,0.05,2.79910889e-06,AdvanceRight,advancing_past_measured_edge,0,14,42,0.53947407,0.468519877,1,0,1,1.25385201,1.16528894,1.16528894,0,0,0,0,0
21.25,1.49171729,-0.0455949968,-0.188082614,0.05,2.61250163e-06,AdvanceRight,advancing_past_measured_edge,0,14,42,0.53947407,0.468519877,1,0,1,1.25385201,1.16528074,1.16528074,0,0,0,0,0
21.3,1.49421727,-0.0456032033,-0.188074298,0.05,2.43833485e-06,AdvanceRight,advancing_past_measured_edge,0,14,42,0.534421325,0.463522715,1,0,1,1.25362039,1.16527254,1.16527254,0,0,0,0,0
21.35,1.49671726,-0.0456114094,-0.188066537,0.05,2.2757792e-06,AdvanceRight,advancing_past_measured_edge,0,14,42,0.534421325,0.463522715,1,0,1,1.25362039,1.16526434,1.16526434,0,0,0,0,0
21.4,1.49921725,-0.0456196152,-0.188059293,0.05,2.12406058e-06,AdvanceRight,advancing_past_measured_edge,0,14,42,0.529383659,0.458540545,1,0,1,1.2537142,1.16525614,1.16525614,0,0,0,0,0
21.45,1.50171723,-0.0456278206,-0.188052531,0.05,1.98245654e-06,AdvanceRight,advancing_past_measured_edge,0,14,42,0.529383659,0.458540545,1,0,1,1.2537142,1.16524794,1.16524794,0,0,0,0,0
21.5,1.50421722,-0.0456360258,-0.188046221,0.05,1.85029277e-06,AdvanceRight,advancing_past_measured_edge,0,14,42,0.524361193,0.45357325,1,0,1,1.25438499,1.16523974,1.16523974,0,0,0,0,0
21.55,1.50671721,-0.0456442307,-0.188040331,0.05,1.72693992e-06,AdvanceRight,advancing_past_measured_edge,0,14,42,0.524361193,0.45357325,1,0,1,1.25438499,1.16523154,1.16523154,0,0,0,0,0
21.6,1.50921719,-0.0456524354,-0.188034834,0.05,1.61181059e-06,AdvanceRight,advancing_past_measured_edge,0,14,42,0.519353926,0.448620829,1,0,1,1.25415432,1.16522333,1.16522333,0,0,0,0,0
21.65,1.51171718,-0.0456606398,-0.188029704,0.05,1.50435656e-06,AdvanceRight,advancing_past_measured_edge,0,14,42,0.519353926,0.448620829,1,0,1,1.25415432,1.16521513,1.16521513,0,0,0,0,0
21.7,1.51421717,-0.0456688441,-0.188024915,0.05,1.40406612e-06,AdvanceRight,advancing_past_measured_edge,0,14,42,0.514311671,0.443683049,1,0,1,1.25437999,1.16520693,1.16520693,0,0,0,0,0
21.75,1.51671715,-0.0456770481,-0.188020446,0.05,1.31046171e-06,AdvanceRight,advancing_past_measured_edge,0,14,42,0.514311671,0.443683049,1,0,1,1.25437999,1.16519873,1.16519873,0,0,0,0,0
21.8,1.51921714,-0.0456852519,-0.188016275,0.05,1.2230976e-06,AdvanceRight,advancing_past_measured_edge,0,14,42,0.509219646,0.438749443,1,0,1,1.25593781,1.16519053,1.16519053,0,0,0,0,0
21.85,1.52171713,-0.0456934556,-0.188012381,0.05,1.14155776e-06,AdvanceRight,advancing_past_measured_edge,0,14,42,0.509219646,0.438749443,1,0,1,1.25593781,1.16518233,1.16518233,0,0,0,0,0
21.9,1.52421711,-0.0457016591,-0.188008748,0.05,1.06545391e-06,AdvanceRight,advancing_past_measured_edge,0,14,42,0.504141927,0.433706855,1,0,1,1.25591016,1.16517413,1.16517413,0,0,0,0,0
21.95,1.5267171,-0.0457098624,-0.188005356,0.05,9.94423646e-07,AdvanceRight,advancing_past_measured_edge,0,14,42,0.504141927,0.433706855,1,0,1,1.25591016,1.16516593,1.16516593,0,0,0,0,0
22,1.52921709,-0.0457180656,-0.188002191,0.05,9.28128736e-07,AdvanceRight,advancing_past_measured_edge,0,14,42,0.499056339,0.428658219,1,0,1,1.25589776,1.16515773,1.16515773,0,0,0,0,0
22.05,1.53171707,-0.0457262687,-0.187999237,0.05,8.66253487e-07,AdvanceRight,advancing_past_measured_edge,0,14,42,0.499056339,0.428658219,1,0,1,1.25589776,1.16514952,1.16514952,0,0,0,0,0
22.1,1.53421706,-0.0457344716,-0.187996479,0.05,8.08503254e-07,AdvanceRight,advancing_past_measured_edge,0,14,42,0.493974119,0.423624461,1,0,1,1.2559005,1.16514132,1.16514132,0,0,0,0,0
22.15,1.53671705,-0.0457426744,-0.187993906,0.05,7.54603037e-07,AdvanceRight,advancing_past_measured_edge,0,14,42,0.493974119,0.423624461,1,0,1,1.2559005,1.16513312,1.16513312,0,0,0,0,0
22.2,1.53921703,-0.0457508772,-0.187991504,0.05,7.04296168e-07,AdvanceRight,advancing_past_measured_edge,0,14,42,0.488906413,0.418605701,1,0,1,1.2565943,1.16512492,1.16512492,0,0,0,0,0
22.25,1.54171702,-0.0457590798,-0.187989262,0.05,6.5734309e-07,AdvanceRight,advancing_past_measured_edge,0,14,42,0.488906413,0.418605701,1,0,1,1.2565943,1.16511672,1.16511672,0,0,0,0,0
22.3,1.544217,-0.0457672823,-0.18798717,0.05,6.13520218e-07,AdvanceRight,advancing_past_measured_edge,0,14,42,0.483853549,0.413602026,1,0,1,1.25679803,1.16510852,1.16510852,0,0,0,0,0
22.35,1.54671699,-0.0457754847,-0.187985217,0.05,5.7261887e-07,AdvanceRight,advancing_past_measured_edge,0,14,42,0.483853549,0.413602026,1,0,1,1.25679803,1.16510032,1.16510032,0,0,0,0,0
22.4,1.54921698,-0.0457836871,-0.187983394,0.05,5.34444279e-07,AdvanceRight,advancing_past_measured_edge,0,14,42,0.478815675,0.408613495,1,0,1,1.25654578,1.16509212,1.16509212,0,0,0,0,0
22.45,1.55171696,-0.0457918893,-0.187981693,0.05,4.9881466e-07,AdvanceRight,advancing_past_measured_edge,0,14,42,0.478815675,0.408613495,1,0,1,1.25654578,1.16508392,1.16508392,0,0,0,0,0
22.5,1.55421695,-0.0458000915,-0.187980105,0.05,4.65560349e-07,AdvanceRight,advancing_past_measured_edge,0,14,42,0.47379294,0.40364005,1,0,1,1.25629318,1.16507571,1.16507571,0,0,0,0,0
22.55,1.55671694,-0.0458082937,-0.187978623,0.05,4.34522993e-07,AdvanceRight,advancing_past_measured_edge,0,14,42,0.47379294,0.40364005,1,0,1,1.25629318,1.16506751,1.16506751,0,0,0,0,0
22.6,1.55921692,-0.0458164957,-0.18797724,0.05,4.05554793e-07,AdvanceRight,advancing_past_measured_edge,0,14,42,0.468785435,0.39866006,1,0,1,1.25638926,1.16505931,1.16505931,0,0,0,0,0
22.65,1.56171691,-0.0458246978,-0.187975949,0.05,3.78517807e-07,AdvanceRight,advancing_past_measured_edge,0,14,42,0.468785435,0.39866006,1,0,1,1.25638926,1.16505111,1.16505111,0,0,0,0,0
22.7,1.5642169,-0.0458328997,-0.187974744,0.05,3.53283287e-07,AdvanceRight,advancing_past_measured_edge,0,14,42,0.463793218,0.393609721,1,0,1,1.25624156,1.16504291,1.16504291,0,0,0,0,0
22.75,1.56671688,-0.0458411016,-0.18797362,0.05,3.29731067e-07,AdvanceRight,advancing_past_measured_edge,0,14,42,0.463793218,0.393609721,1,0,1,1.25624156,1.16503471,1.16503471,0,0,0,0,0
22.8,1.56921687,-0.0458493035,-0.18797257,0.05,3.07748996e-07,AdvanceRight,advancing_past_measured_edge,0,14,42,0.45881623,0.388573995,1,0,1,1.25682735,1.16502651,1.16502651,0,0,0,0,0
22.85,1.57171686,-0.0458575053,-0.18797159,0.05,2.87232397e-07,AdvanceRight,advancing_past_measured_edge,0,14,42,0.45881623,0.388573995,1,0,1,1.25682735,1.16501831,1.16501831,0,0,0,0,0
22.9,1.57421684,-0.0458657071,-0.187970676,0.05,2.6808357e-07,AdvanceRight,advancing_past_measured_edge,0,14,42,0.453854382,0.383552998,1,0,1,1.25670183,1.16501011,1.16501011,0,0,0,0,0
22.95,1.57671683,-0.0458739088,-0.187969823,0.05,2.50211332e-07,AdvanceRight,advancing_past_measured_edge,0,14,42,0.453854382,0.383552998,1,0,1,1.25670183,1.1650019,1.1650019,0,0,0,0,0
23,1.57921682,-0.0458821105,-0.187969026,0.05,2.33530577e-07,AdvanceRight,advancing_past_measured_edge,0,14,42,0.448907554,0.378546847,1,0,1,1.25692952,1.1649937,1.1649937,0,0,0,0,0
23.05,1.5817168,-0.0458903122,-0.187968283,0.05,2.17961871e-07,AdvanceRight,advancing_past_measured_edge,0,14,42,0.448907554,0.378546847,1,0,1,1.25692952,1.1649855,1.1649855,0,0,0,0,0
23.1,1.58421679,-0.0458985138,-0.187967589,0.05,2.0343108e-07,AdvanceRight,advancing_past_measured_edge,0,14,42,0.443975508,0.3735556,1,0,1,1.25715446,1.1649773,1.1649773,0,0,0,0,0
23.15,1.58671678,-0.0459067154,-0.187966942,0.05,1.89869008e-07,AdvanceRight,advancing_past_measured_edge,0,14,42,0.443975508,0.3735556,1,0,1,1.25715446,1.1649691,1.1649691,0,0,0,0,0
23.2,1.58921676,-0.045914917,-0.187966337,0.05,1.77211074e-07,AdvanceRight,advancing_past_measured_edge,0,14,42,0.439058006,0.368579169,1,0,1,1.25737572,1.1649609,1.1649609,0,0,0,0,0
23.25,1.59171675,-0.0459231185,-0.187965773,0.05,1.65397003e-07,AdvanceRight,advancing_past_measured_edge,0,14,42,0.439058006,0.368579169,1,0,1,1.25737572,1.1649527,1.1649527,0,0,0,0,0
23.3,1.59421674,-0.0459313201,-0.187965247,0.05,1.54370536e-07,AdvanceRight,advancing_past_measured_edge,0,14,42,0.434154749,0.363617555,1,0,1,1.25759244,1.1649445,1.1649445,0,0,0,0,0
23.35,1.59671672,-0.0459395216,-0.187964755,0.05,1.44079167e-07,AdvanceRight,advancing_past_measured_edge,0,14,42,0.434154749,0.363617555,1,0,1,1.25759244,1.16493629,1.16493629,0,0,0,0,0
23.4,1.59921671,-0.045947723,-0.187964297,0.05,1.34473889e-07,AdvanceRight,advancing_past_measured_edge,0,14,42,0.42926532,0.358670612,1,0,1,1.25786066,1.16492809,1.16492809,0,0,0,0,0
23.45,1.6017167,-0.0459559245,-0.187963869,0.05,1.25508963e-07,AdvanceRight,advancing_past_measured_edge,0,14,42,0.42926532,0.358670612,1,0,1,1.25786066,1.16491989,1.16491989,0,0,0,0,0
23.5,1.60421668,-0.045964126,-0.187963469,0.05,1.17141699e-07,AdvanceRight,advancing_past_measured_edge,0,14,42,0.424389333,0.353700643,1,0,1,1.25800824,1.16491169,1.16491169,0,0,0,0,0
23.55,1.60671667,-0.0459723274,-0.187963096,0.05,1.09332252e-07,AdvanceRight,advancing_past_measured_edge,0,14,42,0.424389333,0.353700643,1,0,1,1.25800824,1.16490349,1.16490349,0,0,0,0,0
23.6,1.60921666,-0.0459805288,-0.187962748,0.05,1.02043435e-07,AdvanceRight,advancing_past_measured_edge,0,14,42,0.41946733,0.348735989,1,0,1,1.25820565,1.16489529,1.16489529,0,0,0,0,0
23.65,1.61171664,-0.0459887302,-0.187962424,0.05,9.52405397e-08,AdvanceRight,advancing_past_measured_edge,0,14,42,0.41946733,0.348735989,1,0,1,1.25820565,1.16488709,1.16488709,0,0,0,0,0
23.7,1.61421663,-0.0459969316,-0.18796212,0.05,8.88911704e-08,AdvanceRight,advancing_past_measured_edge,0,14,42,0.414359003,0.343698097,1,0,1,1.25839508,1.16487889,1.16487889,0,0,0,0,0
23.75,1.61671661,-0.046005133,-0.187961837,0.05,8.29650924e-08,AdvanceRight,advancing_past_measured_edge,0,14,42,0.414359003,0.343698097,1,0,1,1.25839508,1.16487069,1.16487069,0,0,0,0,0
23.8,1.6192166,-0.0460133343,-0.187961573,0.05,7.74340862e-08,AdvanceRight,advancing_past_measured_edge,0,14,42,0.409264654,0.338655623,1,0,1,1.25857568,1.16486248,1.16486248,0,0,0,0,0
23.85,1.62171659,-0.0460215357,-0.187961327,0.05,7.22718138e-08,AdvanceRight,advancing_past_measured_edge,0,14,42,0.409264654,0.338655623,1,0,1,1.25857568,1.16485428,1.16485428,0,0,0,0,0
23.9,1.62421657,-0.046029737,-0.187961097,0.05,6.74536929e-08,AdvanceRight,advancing_past_measured_edge,0,14,42,0.404184669,0.33362797,1,0,1,1.25874674,1.16484608,1.16484608,0,0,0,0,0
23.95,1.62671656,-0.0460379384,-0.187960882,0.05,6.295678e-08,AdvanceRight,advancing_past_measured_edge,0,14,42,0.404184669,0.33362797,1,0,1,1.25874674,1.16483788,1.16483788,0,0,0,0,0
24,1.62921655,-0.0460461397,-0.187960682,0.05,5.87596613e-08,AdvanceRight,advancing_past_measured_edge,0,14,42,0.399119318,0.328615285,1,0,1,1.25929642,1.16482968,1.16482968,0,0,0,0,0
24.05,1.63171653,-0.046054341,-0.187960495,0.05,5.48423506e-08,AdvanceRight,advancing_past_measured_edge,0,14,42,0.399119318,0.328615285,1,0,1,1.25929642,1.16482148,1.16482148,0,0,0,0,0
24.1,1.63421652,-0.0460625423,-0.18796032,0.05,5.11861939e-08,AdvanceRight,advancing_past_measured_edge,0,14,42,0.394068867,0.323617654,1,0,1,1.2590729,1.16481328,1.16481328,0,0,0,0,0
24.15,1.63671651,-0.0460707436,-0.187960157,0.05,4.7773781e-08,AdvanceRight,advancing_past_measured_edge,0,14,42,0.394068867,0.323617654,1,0,1,1.2590729,1.16480508,1.16480508,0,0,0,0,0
24.2,1.63921649,-0.0460789449,-0.187960005,0.05,4.45888622e-08,AdvanceRight,advancing_past_measured_edge,0,14,42,0.389033467,0.318635021,1,0,1,1.25919533,1.16479687,1.16479687,0,0,0,0,0
24.25,1.64171648,-0.0460871462,-0.187959863,0.05,4.16162714e-08,AdvanceRight,advancing_past_measured_edge,0,14,42,0.389033467,0.318635021,1,0,1,1.25919533,1.16478867,1.16478867,0,0,0,0,0
24.3,1.64421647,-0.0460953474,-0.187959731,0.05,3.88418533e-08,AdvanceRight,advancing_past_measured_edge,0,14,42,0.384013265,0.313667355,1,0,1,1.25930047,1.16478047,1.16478047,0,0,0,0,0
24.35,1.64671645,-0.0461035487,-0.187959607,0.05,3.62523964e-08,AdvanceRight,advancing_past_measured_edge,0,14,42,0.384013265,0.313667355,1,0,1,1.25930047,1.16477227,1.16477227,0,0,0,0,0
24.4,1.64921644,-0.04611175,-0.187959492,0.05,3.383557e-08,AdvanceRight,advancing_past_measured_edge,0,14,42,0.379008293,0.308691919,1,0,1,1.25933516,1.16476407,1.16476407,0,0,0,0,0
24.45,1.65171643,-0.0461199512,-0.187959384,0.05,3.15798653e-08,AdvanceRight,advancing_past_measured_edge,0,14,42,0.379008293,0.308691919,1,0,1,1.25933516,1.16475587,1.16475587,0,0,0,0,0
24.5,1.65421641,-0.0461281525,-0.187959283,0.05,2.9474541e-08,AdvanceRight,advancing_past_measured_edge,0,14,42,0.37401858,0.303647875,1,0,1,1.25953448,1.16474767,1.16474767,0,0,0,0,0
24.55,1.6567164,-0.0461363538,-0.18795919,0.05,2.75095716e-08,AdvanceRight,advancing_past_measured_edge,0,14,42,0.37401858,0.303647875,1,0,1,1.25953448,1.16473947,1.16473947,0,0,0,0,0
24.6,1.65921639,-0.046144555,-0.187959102,0,0,TurnRight,right_pivot_ready,0,14,42,0.369044095,0.298618337,1,0,1,1.25962079,1.16473126,1.16473126,0,0,0,0,0
24.65,1.66067471,-0.0461493391,-0.187959051,0,-0.6,TurnRight,turning_right_with_feedback,0,14,42,0.369044095,0.298618337,1,0,1,1.25962079,1.16472648,1.16472648,0,0,0,0,0
24.7,1.66152537,-0.0461574465,-0.904156265,0,-0.6,TurnRight,turning_right_with_feedback,0,14,42,0.36662516,0.295100789,1,0,1,1.25972211,1.164254,1.164254,0,0,0,0,0
24.75,1.66202144,-0.0461701867,-2.03813522,0,-0.6,TurnRight,turning_right_with_feedback,0,14,42,0.36662516,0.295100789,1,0,1,1.25972211,1.16353466,1.16353466,0,0,0,0,0
24.8,1.66231059,-0.0461839588,-3.41582018,0,-0.6,TurnRight,turning_right_with_feedback,0,14,42,0.365808964,0.290591271,1,0,1,1.25953472,1.16271004,1.16271004,0,0,0,0,0
24.85,1.662479,-0.0461962545,-4.93566699,0,-0.6,TurnRight,turning_right_with_feedback,0,14,42,0.365808964,0.290591271,1,0,1,1.25953472,1.16186435,1.16186435,0,0,0,0,0
24.9,1.66257701,-0.046206101,-6.53844154,0,-0.6,TurnRight,turning_right_with_feedback,0,14,42,0.365335256,0.286675282,1,0,1,1.25845039,1.16104573,1.16104573,0,0,0,0,0
24.95,1.66263399,-0.0462134656,-8.1895906,0,-0.6,TurnRight,turning_right_with_feedback,0,14,42,0.365335256,0.286675282,1,0,1,1.25845039,1.16028108,1.16028108,0,0,0,0,0
25,1.66266709,-0.0462187259,-9.86895813,0,-0.6,TurnRight,turning_right_with_feedback,0,14,42,0.365234286,0.281407108,1,0,1,1.25689852,1.15958524,1.15958524,0,0,0,0,0
25.05,1.6626863,-0.0462223617,-11.5647864,0,-0.6,TurnRight,turning_right_with_feedback,0,14,42,0.365234286,0.281407108,1,0,1,1.25689852,1.15896638,1.15896638,0,0,0,0,0
25.1,1.66269744,-0.0462248142,-13.2702169,0,-0.6,TurnRight,turning_right_with_feedback,0,14,42,0.364621937,0.27872845,1,0,1,1.05293751,1.15842897,1.15842897,0,0,0,0,0
25.15,1.66270389,-0.0462264379,-14.9812485,0,-0.6,TurnRight,turning_right_with_feedback,0,14,42,0.364621937,0.27872845,1,0,1,1.05293751,1.15797552,1.15797552,0,0,0,0,0
25.2,1.66270763,-0.0462274971,-16.6955476,0,-0.6,TurnRight,turning_right_with_feedback,0,14,42,0.364099801,0.277219877,1,0,1,0.836303115,1.15760744,1.15760744,0,0,0,0,0
25.25,1.66270979,-0.0462281799,-18.4117526,0,-0.6,TurnRight,turning_right_with_feedback,0,14,42,0.364099801,0.277219877,1,0,1,0.836303115,1.15732556,1.15732556,0,0,0,0,0
25.3,1.66271103,-0.0462286157,-20.1290694,0,-0.6,TurnRight,turning_right_with_feedback,0,14,42,0.363669276,0.276870556,1,0,1,0.696371615,1.15713035,1.15713035,0,0,0,0,0
25.35,1.66271175,-0.0462288917,-21.8470348,0,-0.6,TurnRight,turning_right_with_feedback,0,14,42,0.363669276,0.276870556,1,0,1,0.696371615,1.15702209,1.15702209,0,0,0,0,0
25.4,1.66271217,-0.0462290651,-23.5653785,0,-0.6,TurnRight,turning_right_with_feedback,0,14,42,0.36276415,0.277681507,1,1,1,0.599163771,1.15700092,1.15700092,0,0,0,0,0
25.45,1.66271241,-0.0462291735,-25.283943,0,-0.6,TurnRight,turning_right_with_feedback,0,14,42,0.36276415,0.277681507,1,1,1,0.599163771,1.15706685,1.15700092,0,0,0,0,0
25.5,1.66271254,-0.0462292409,-27.0026361,0,-0.6,TurnRight,turning_right_with_feedback,0,14,42,0.361914396,0.279672924,1,1,1,0.528134048,1.15721984,1.15700092,0,0,0,0,0
25.55,1.66271262,-0.0462292826,-28.7214044,0,-0.6,TurnRight,turning_right_with_feedback,0,14,42,0.361914396,0.279672924,1,1,1,0.528134048,1.15745974,1.15700092,0,0,0,0,0
25.6,1.66271267,-0.0462293083,-30.4402164,0,-0.6,TurnRight,turning_right_with_feedback,0,14,42,0.361288995,0.282886753,1,0,1,0.474299818,1.15778632,1.15700092,0,0,0,0,0
25.65,1.66271269,-0.046229324,-32.159054,0,-0.6,TurnRight,turning_right_with_feedback,0,14,42,0.361288995,0.282886753,1,0,1,0.474299818,1.1581993,1.15700092,0,0,0,0,0
25.7,1.66271271,-0.0462293337,-33.8779065,0,-0.6,TurnRight,turning_right_with_feedback,0,14,42,0.360607743,0.290821133,1,0,1,0.43237552,1.15869829,1.15700092,0,0,0,0,0
25.75,1.66271272,-0.0462293396,-35.5967678,0,-0.6,TurnRight,turning_right_with_feedback,0,14,42,0.360607743,0.290821133,1,0,1,0.43237552,1.15928284,1.15700092,0,0,0,0,0
25.8,1.66271272,-0.0462293431,-37.315634,0,-0.6,TurnRight,turning_right_with_feedback,0,14,42,0.360470593,0.296957875,1,0,1,0.425430357,1.15995243,1.15700092,0,0,0,0,0
25.85,1.66271272,-0.0462293453,-39.0345033,0,-0.6,TurnRight,turning_right_with_feedback,0,14,42,0.360470593,0.296957875,1,0,1,0.425430357,1.16070645,1.15700092,0,0,0,0,0
25.9,1.66271272,-0.0462293466,-40.7533743,0,-0.6,TurnRight,turning_right_with_feedback,0,14,42,0.361558825,0.31374362,1,0,1,0.424643964,1.16154423,1.15700092,0,0,0,0,0
25.95,1.66271273,-0.0462293474,-42.4722462,0,-0.6,TurnRight,turning_right_with_feedback,0,14,42,0.361558825,0.31374362,1,0,1,0.424643964,1.162465,1.15700092,0,0,0,0,0
26,1.66271273,-0.0462293479,-44.1911188,0,-0.6,TurnRight,turning_right_with_feedback,0,14,42,0.363904476,0.324590193,1,0,1,0.422204047,1.16346794,1.15700092,0,0,0,0,0
26.05,1.66271273,-0.0462293482,-45.9099917,0,-0.6,TurnRight,turning_right_with_feedback,0,14,42,0.363904476,0.324590193,1,0,1,0.422204047,1.16455215,1.15700092,0,0,0,0,0
26.1,1.66271273,-0.0462293484,-47.6288648,0,-0.6,TurnRight,turning_right_with_feedback,0,14,42,0.367563814,0.337581115,1,0,1,0.431043774,1.16571665,1.15700092,0,0,0,0,0
26.15,1.66271273,-0.0462293485,-49.347738,0,-0.6,TurnRight,turning_right_with_feedback,0,14,42,0.367563814,0.337581115,1,0,1,0.431043774,1.16696039,1.15700092,0,0,0,0,0
26.2,1.66271273,-0.0462293485,-51.0666113,0,-0.6,TurnRight,turning_right_with_feedback,0,14,42,0.372619897,0.353060081,1,0,1,0.442035019,1.16828226,1.15700092,0,0,0,0,0
26.25,1.66271273,-0.0462293486,-52.7854847,0,-0.6,TurnRight,turning_right_with_feedback,0,14,42,0.372619897,0.353060081,1,0,1,0.442035019,1.16968106,1.15700092,0,0,0,0,0
26.3,1.66271273,-0.0462293486,-54.504358,0,-0.6,TurnRight,turning_right_with_feedback,0,14,42,0.379186809,0.391522008,1,0,1,0.480962604,1.17115553,1.15700092,0,0,0,0,0
26.35,1.66271273,-0.0462293486,-56.2232314,0,-0.6,TurnRight,turning_right_with_feedback,0,14,42,0.379186809,0.391522008,1,0,1,0.480962604,1.17270435,1.15700092,0,0,0,0,0
26.4,1.66271273,-0.0462293486,-57.9421047,0,-0.6,TurnRight,turning_right_with_feedback,0,14,42,0.387415618,0.417924718,1,0,1,0.528825402,1.17432613,1.15700092,0,0,0,0,0
26.45,1.66271273,-0.0462293486,-59.6609781,0,-0.6,TurnRight,turning_right_with_feedback,0,14,42,0.387415618,0.417924718,1,0,1,0.528825402,1.1760194,1.15700092,0,0,0,0,0
26.5,1.66271273,-0.0462293486,-61.3798515,0,-0.6,TurnRight,turning_right_with_feedback,0,14,42,0.39720729,0.454057917,1,0,1,0.588831961,1.17778265,1.15700092,0,0,0,0,0
26.55,1.66271273,-0.0462293486,-63.0987249,0,-0.567355569,TurnRight,turning_right_with_feedback,0,14,42,0.39720729,0.454057917,1,0,1,0.588831961,1.17961427,1.15700092,0,0,0,0,0
26.6,1.66271273,-0.0462293486,-64.7786319,0,-0.53217168,TurnRight,turning_right_with_feedback,0,14,42,0.408865482,0.520182746,1,0,1,0.664964378,1.18146887,1.15700092,0,0,0,0,0
26.65,1.66271273,-0.0462293486,-66.3938107,0,-0.498343452,TurnRight,turning_right_with_feedback,0,14,42,0.408865482,0.520182746,1,0,1,0.664964378,1.18331064,1.15700092,0,0,0,0,0
26.7,1.66271273,-0.0462293486,-67.9308521,0,-0.466151733,TurnRight,turning_right_with_feedback,0,14,42,0.421734065,0.574564809,1,0,1,0.757301986,1.18511532,1.15700092,0,0,0,0,0
26.75,1.66271273,-0.0462293486,-69.3838872,0,-0.435719437,TurnRight,turning_right_with_feedback,0,14,42,0.421734065,0.574564809,1,0,1,0.757301986,1.18686682,1.15700092,0,0,0,0,0
26.8,1.66271273,-0.0462293486,-70.7515928,0,-0.407074279,TurnRight,turning_right_with_feedback,0,14,42,0.435182899,0.670158279,1,0,1,0.866350949,1.18855479,1.15700092,0,0,0,0,0
26.85,1.66271273,-0.0462293486,-72.0353302,0,-0.380187746,TurnRight,turning_right_with_feedback,0,14,42,0.435182899,0.670158279,1,0,1,0.866350949,1.19017296,1.15700092,0,0,0,0,0
26.9,1.66271273,-0.0462293486,-73.2379927,0,-0.354999241,TurnRight,turning_right_with_feedback,0,14,42,0.4487786,0.774053929,1,0,1,0.993710279,1.19171791,1.15700092,0,0,0,0,0
26.95,1.66271273,-0.0462293486,-74.3632949,0,-0.331430966,TurnRight,turning_right_with_feedback,0,14,42,0.4487786,0.774053929,1,0,1,0.993710279,1.19318825,1.15700092,0,0,0,0,0
27,1.66271273,-0.0462293486,-75.4153378,0,-0.309397031,TurnRight,turning_right_with_feedback,0,14,42,0.462006956,0.886546104,1,0,1,1.1417551,1.19458402,1.15700092,0,0,0,0,0
27.05,1.66271273,-0.0462293486,-76.398345,0,-0.288808977,TurnRight,turning_right_with_feedback,0,14,42,0.462006956,0.886546104,1,0,1,1.1417551,1.19590624,1.15700092,0,0,0,0,0
27.1,1.66271273,-0.0462293486,-77.3165062,0,-0.269579054,TurnRight,turning_right_with_feedback,0,14,42,0.474499285,1.01877226,1,0,1,1.31353688,1.19715663,1.15700092,0,0,0,0,0
27.15,1.66271273,-0.0462293486,-78.1738865,0,-0.251622123,TurnRight,turning_right_with_feedback,0,14,42,0.474499285,1.01877226,1,0,1,1.31353688,1.19833738,1.15700092,0,0,0,0,0
27.2,1.66271273,-0.0462293486,-78.9743768,0,-0.234856693,TurnRight,turning_right_with_feedback,0,14,42,0.486464739,1.16720453,1,0,1,1.51279247,1.199451,1.15700092,0,0,0,0,0
27.25,1.66271273,-0.0462293486,-79.721669,0,-0.219205442,TurnRight,turning_right_with_feedback,0,14,42,0.486464739,1.16720453,1,0,1,1.51279247,1.20050017,1.15700092,0,0,0,0,0
27.3,1.66271273,-0.0462293486,-80.4192467,0,-0.204595409,TurnRight,turning_right_with_feedback,0,14,42,0.497794718,1.21099205,1,0,1,1.74402046,1.20148774,1.15700092,0,0,0,0,0
27.35,1.66271273,-0.0462293486,-81.0703848,0,-0.190958005,TurnRight,turning_right_with_feedback,0,14,42,0.497794718,1.21099205,1,0,1,1.74402046,1.20241655,1.15700092,0,0,0,0,0
27.4,1.66271273,-0.0462293486,-81.6781546,0,-0.178228902,TurnRight,turning_right_with_feedback,0,14,42,0.508417726,1.20912642,1,0,1,2.01261234,1.20328949,1.15700092,0,0,0,0,0
27.45,1.66271273,-0.0462293486,-82.2454321,0,-0.16634787,TurnRight,turning_right_with_feedback,0,14,42,0.508417726,1.20912642,1,0,1,2.01261234,1.20410939,1.15700092,0,0,0,0,0
27.5,1.66271273,-0.0462293486,-82.7749072,0,-0.155258571,TurnRight,turning_right_with_feedback,0,14,42,0.518292427,1.20799375,1,0,1,2.32503462,1.20487906,1.15700092,0,0,0,0,0
27.55,1.66271273,-0.0462293486,-83.2690939,0,-0.144908349,TurnRight,turning_right_with_feedback,0,14,42,0.518292427,1.20799375,1,0,1,2.32503462,1.20560119,1.15700092,0,0,0,0,0
27.6,1.66271273,-0.0462293486,-83.730341,0,-0.135248011,TurnRight,turning_right_with_feedback,0,14,42,0.527401865,1.20737848,1,0,1,2.40303421,1.20627843,1.15700092,0,0,0,0,0
27.65,1.66271273,-0.0462293486,-84.1608423,0,-0.126231613,TurnRight,turning_right_with_feedback,0,14,42,0.527401865,1.20737848,1,0,1,2.40303421,1.2069133,1.15700092,0,0,0,0,0
27.7,1.66271273,-0.0462293486,-84.5626459,0,-0.117816258,TurnRight,turning_right_with_feedback,0,14,42,0.535748899,1.20712328,1,0,1,2.36797857,1.20750823,1.15700092,0,0,0,0,0
27.75,1.66271273,-0.0462293486,-84.9376642,0,-0.109961894,TurnRight,turning_right_with_feedback,0,14,42,0.535748899,1.20712328,1,0,1,2.36797857,1.20806556,1.15700092,0,0,0,0,0
27.8,1.66271273,-0.0462293486,-85.2876822,0,-0.102631134,TurnRight,turning_right_with_feedback,0,14,42,0.528437316,1.20711307,1,0,1,2.37024164,1.2085875,1.15700092,0,0,0,0,0
27.85,1.66271273,-0.0462293486,-85.6143662,0,-0.0957890793,TurnRight,turning_right_with_feedback,0,14,42,0.528437316,1.20711307,1,0,1,2.37024164,1.20907617,1.15700092,0,0,0,0,0
27.9,1.66271273,-0.0462293486,-85.9192717,0,-0.0894031537,TurnRight,turning_right_with_feedback,0,14,42,0.51911974,1.20726472,1,0,1,2.39244723,1.20953358,1.15700092,0,0,0,0,0
27.95,1.66271273,-0.0462293486,-86.2038504,0,-0.0834429516,TurnRight,turning_right_with_feedback,0,14,42,0.51911974,1.20726472,1,0,1,2.39244723,1.20996162,1.15700092,0,0,0,0,0
28,1.66271273,-0.0462293486,-86.4694573,0,-0.0778800932,TurnRight,turning_right_with_feedback,0,14,42,0.511327028,1.20751826,1,0,1,2.37182093,1.2103621,1.15700092,0,0,0,0,0
28.05,1.66271273,-0.0462293486,-86.7173572,0,-0.0726880902,TurnRight,turning_right_with_feedback,0,14,42,0.511327028,1.20751826,1,0,1,2.37182093,1.21073672,1.15700092,0,0,0,0,0
28.1,1.66271273,-0.0462293486,-86.9487305,0,-0.0678422195,TurnRight,turning_right_with_feedback,0,14,42,0.504769325,1.20783094,1,0,1,2.29323173,1.2110871,1.15700092,0,0,0,0,0
28.15,1.66271273,-0.0462293486,-87.1646789,0,-0.0633194061,TurnRight,turning_right_with_feedback,0,14,42,0.504769325,1.20783094,1,0,1,2.29323173,1.21141474,1.15700092,0,0,0,0,0
28.2,1.66271273,-0.0462293486,-87.3662308,0,0,FindWall,right_heading_reached,0,14,42,0.499221861,1.20817271,1,0,1,2.38842607,1.21172109,1.15700092,0,0,0,0,0
28.25,1.66271273,-0.0462293486,-87.4838028,0.05,-0.0566356922,FindWall,finding_near_right_wall,0,14,42,0.499221861,1.20817271,1,0,1,2.38842607,1.21190003,1.15700092,0,0,0,0,0
28.3,1.66275722,-0.0472700646,-87.6199903,0.05,-0.0537833878,FindWall,finding_near_right_wall,0,14,42,0.496030539,1.20738407,1,0,1,2.31903052,1.21106681,1.15700092,0,0,0,0,0
28.35,1.66282365,-0.048918032,-87.7636322,0.05,-0.0507749588,FindWall,finding_near_right_wall,0,14,42,0.496030539,1.20738407,1,0,1,2.31903052,1.20963795,1.15700092,0,0,0,0,0
28.4,1.66289931,-0.0509203643,-87.9080314,0.05,-0.0477506679,FindWall,finding_near_right_wall,0,14,42,0.492753595,1.20410159,1,0,1,2.32832456,1.20785614,1.15700092,0,0,0,0,0
28.45,1.66297728,-0.0531295164,-88.0492625,0.05,-0.0447927315,FindWall,finding_near_right_wall,0,14,42,0.492753595,1.20410159,1,0,1,2.32832456,1.20586293,1.15700092,0,0,0,0,0
28.5,1.66305387,-0.055459399,-88.1851147,0.05,-0.0419474503,FindWall,finding_near_right_wall,0,14,42,0.489733368,1.19996919,1,0,1,2.38582206,1.203741,1.15700092,0,0,0,0,0
28.55,1.66312722,-0.0578597776,-88.3144328,0.05,-0.0392390167,FindWall,finding_near_right_wall,0,14,42,0.489733368,1.19996919,1,0,1,2.38582206,1.20153878,1.15700092,0,0,0,0,0
28.6,1.66319646,-0.060301337,-88.4367066,0.05,-0.0366781217,FindWall,finding_near_right_wall,0,14,42,0.487065494,1.19553991,1,0,1,2.38645649,1.19928478,1.15700092,0,0,0,0,0
28.65,1.66326127,-0.0627669676,-88.5518142,0.05,-0.0342673132,FindWall,finding_near_right_wall,0,14,42,0.487065494,1.19553991,1,0,1,2.38645649,1.19699588,1.15700092,0,0,0,0,0
28.7,1.66332162,-0.0652466813,-88.6598639,0.05,-0.0320043255,FindWall,finding_near_right_wall,0,14,42,0.484750479,1.19099805,1,0,1,2.35653758,1.19468221,1.15700092,0,0,0,0,0
28.75,1.66337763,-0.0677346458,-88.7610952,0.05,-0.0298841411,FindWall,finding_near_right_wall,0,14,42,0.484750479,1.19099805,1,0,1,2.35653758,1.19234994,1.15700092,0,0,0,0,0
28.8,1.66342948,-0.0702274535,-88.8558184,0.05,-0.0279002634,FindWall,finding_near_right_wall,0,14,42,0.482755959,1.18640513,1,0,1,2.33601403,1.19000293,1.15700092,0,0,0,0,0
28.85,1.66347739,-0.0727231126,-88.9443771,0.05,-0.0260454948,FindWall,finding_near_right_wall,0,14,42,0.482755959,1.18640513,1,0,1,2.33601403,1.18764369,1.15700092,0,0,0,0,0
28.9,1.66352161,-0.0752204573,-89.0271259,0.05,-0.0243124091,FindWall,finding_near_right_wall,0,14,42,0.48104167,1.1817818,1,0,1,2.32318234,1.18527389,1.15700092,0,0,0,0,0
28.95,1.66356235,-0.0777188046,-89.1044168,0.05,-0.0226936322,FindWall,finding_near_right_wall,0,14,42,0.48104167,1.1817818,1,0,1,2.32318234,1.18289475,1.15700092,0,0,0,0,0
29,1.66359984,-0.080217753,-89.1765916,0.05,-0.0211820049,FindWall,finding_near_right_wall,0,14,42,0.479568481,1.1771358,1,0,1,2.3166728,1.18050718,1.15700092,0,0,0,0,0
29.05,1.66363429,-0.0827170662,-89.2439778,0.05,-0.0197706721,FindWall,finding_near_right_wall,0,14,42,0.479568481,1.1771358,1,0,1,2.3166728,1.17811191,1.15700092,0,0,0,0,0
29.1,1.6636659,-0.0852166042,-89.3068859,0.05,-0.0184531279,FindWall,finding_near_right_wall,0,14,42,0.478301436,1.17231402,1,0,1,2.31539416,1.17570956,1.15700092,0,0,0,0,0
29.15,1.66369486,-0.0877162836,-89.3656091,0.05,-0.0172232322,FindWall,finding_near_right_wall,0,14,42,0.478301436,1.17231402,1,0,1,2.31539416,1.17330064,1.15700092,0,0,0,0,0
29.2,1.66372134,-0.0902160541,-89.420423,0.05,-0.0160752123,FindWall,finding_near_right_wall,0,14,42,0.477210194,1.16739532,1,0,1,2.31847501,1.17088562,1.15700092,0,0,0,0,0
29.25,1.66374551,-0.0927158852,-89.4715862,0.05,-0.0150036537,FindWall,finding_near_right_wall,0,14,42,0.477210194,1.16739532,1,0,1,2.31847501,1.16846493,1.15700092,0,0,0,0,0
29.3,1.66376753,-0.0952157579,-89.5193406,0.05,-0.0140034865,FindWall,finding_near_right_wall,0,14,42,0.476268739,1.16248032,1,0,1,2.32521462,1.16603896,1.15700092,0,0,0,0,0
29.35,1.66378752,-0.0977156602,-89.5639128,0.05,-0.0130699685,FindWall,finding_near_right_wall,0,14,42,0.476268739,1.16248032,1,0,1,2.32521462,1.16360805,1.15700092,0,0,0,0,0
29.4,1.66380565,-0.100215584,-89.6055144,0.05,-0.0121986671,FindWall,finding_near_right_wall,0,14,42,0.475454777,1.15756889,1,0,1,2.33504534,1.16117255,1.15700092,0,0,0,0,0
29.45,1.66382201,-0.102715525,-89.6443431,0.05,-0.0113854413,FindWall,finding_near_right_wall,0,14,42,0.475454777,1.15756889,1,0,1,2.33504534,1.15873275,1.15700092,0,0,0,0,0
29.5,1.66383674,-0.105215478,-89.6805835,0.05,-0.0106264235,FindWall,finding_near_right_wall,0,14,42,0.474749386,1.15266091,1,0,1,2.34750247,1.15628895,1.15628895,0,0,0,0,0
29.55,1.66384994,-0.107715441,-89.7144081,0.05,-0.00991800254,FindWall,finding_near_right_wall,0,14,42,0.474749386,1.15266091,1,0,1,2.34750247,1.15384141,1.15384141,0,0,0,0,0
29.6,1.66386171,-0.110215412,-89.7459779,0.05,-0.00925680693,FindWall,finding_near_right_wall,0,14,42,0.474136263,1.14775663,1,0,1,2.36220241,1.15139038,1.15139038,0,0,0,0,0
29.65,1.66387215,-0.112715389,-89.7754431,0.05,-0.00863968931,FindWall,finding_near_right_wall,0,14,42,0.474136263,1.14775663,1,0,1,2.36220241,1.14893609,1.14893609,0,0,0,0,0
29.7,1.66388135,-0.115215372,-89.802944,0.05,-0.0080637118,FindWall,finding_near_right_wall,0,14,42,0.47360155,1.14285604,1,0,1,2.37882638,1.14647876,1.14647876,0,0,0,0,0
29.75,1.66388939,-0.117715359,-89.8286115,0.05,-0.00752613213,FindWall,finding_near_right_wall,0,14,42,0.47360155,1.14285604,1,0,1,2.37882638,1.14401859,1.14401859,0,0,0,0,0
29.8,1.66389634,-0.120215349,-89.8525679,0.05,-0.00702439068,FindWall,finding_near_right_wall,0,14,42,0.473133266,1.13793211,1,0,1,2.39710665,1.14155576,1.14155576,0,0,0,0,0
29.85,1.66390229,-0.122715342,-89.8749272,0.05,-0.0065560984,FindWall,finding_near_right_wall,0,14,42,0.473133266,1.13793211,1,0,1,2.39710665,1.13909047,1.13909047,0,0,0,0,0
29.9,1.66390729,-0.125215337,-89.8957959,0.05,-0.00611902545,FindWall,finding_near_right_wall,0,14,42,0.472721159,1.13287928,1,0,1,2.39970493,1.13662286,1.13662286,0,0,0,0,0
29.95,1.66391141,-0.127715333,-89.9152734,0.05,-0.00571109059,FindWall,finding_near_right_wall,0,14,42,0.472721159,1.13287928,1,0,1,2.39970493,1.1341531,1.1341531,0,0,0,0,0
30,1.66391471,-0.130215331,-89.9334523,0.05,-0.00533035132,FindWall,finding_near_right_wall,0,14,42,0.472356409,1.12784098,1,0,1,2.35961103,1.13168132,1.13168132,0,0,0,0,0
30.05,1.66391725,-0.13271533,-89.9504194,0.05,-0.00497499463,FindWall,finding_near_right_wall,0,14,42,0.472356409,1.12784098,1,0,1,2.35961103,1.12920767,1.12920767,0,0,0,0,0
30.1,1.66391906,-0.135215329,-89.9662553,0.05,-0.00464332836,FindWall,finding_near_right_wall,0,14,42,0.472031415,1.1228165,1,0,1,2.3165946,1.12673226,1.12673226,0,0,0,0,0
30.15,1.66392021,-0.137715329,-89.9810354,0.05,-0.00433377317,FindWall,finding_near_right_wall,0,14,42,0.472031415,1.1228165,1,0,1,2.3165946,1.12425521,1.12425521,0,0,0,0,0
30.2,1.66392074,-0.140215329,-89.9948303,0.05,-0.00404485497,FindWall,finding_near_right_wall,0,14,42,0.47173962,1.11780512,1,0,1,2.30460405,1.12177664,1.12177664,0,0,0,0,0
30.25,1.66392068,-0.142715329,-90.0077055,0.05,-0.00377519798,FindWall,finding_near_right_wall,0,14,42,0.47173962,1.11780512,1,0,1,2.30460405,1.1192727,1.1192727,0,0,0,0,0
30.3,1.66392009,-0.145215329,-90.0197223,0.05,-0.00352351812,FindWall,finding_near_right_wall,0,14,42,0.471475363,1.11280626,1,0,1,2.32706571,1.11675404,1.11675404,0,0,0,0,0
30.35,1.66391898,-0.147715329,-90.030938,0.05,-0.00328861692,FindWall,finding_near_right_wall,0,14,42,0.471475363,1.11280626,1,0,1,2.32706571,1.11423662,1.11423662,0,0,0,0,0
30.4,1.6639174,-0.150215328,-90.041406,0.05,-0.00306937579,FindWall,finding_near_right_wall,0,14,42,0.471233785,1.1078193,1,0,1,2.35015273,1.11172036,1.11172036,0,0,0,0,0
30.45,1.66391538,-0.152715327,-90.0511761,0.05,-0.00286475074,FindWall,finding_near_right_wall,0,14,42,0.471233785,1.1078193,1,0,1,2.35015273,1.10920519,1.10920519,0,0,0,0,0
30.5,1.66391295,-0.155215326,-90.0602949,0.05,-0.00267376736,FindWall,finding_near_right_wall,0,14,42,0.471010655,1.10284378,1,0,1,2.37378883,1.10669104,1.10669104,0,0,0,0,0
30.55,1.66391013,-0.157715325,-90.0688058,0.05,-0.0024955162,FindWall,finding_near_right_wall,0,14,42,0.471010655,1.10284378,1,0,1,2.37378883,1.10417782,1.10417782,0,0,0,0,0
30.6,1.66390696,-0.160215323,-90.0767492,0.05,-0.00232914846,FindWall,finding_near_right_wall,0,14,42,0.470802397,1.09787946,1,0,1,2.39790678,1.10166549,1.10166549,0,0,0,0,0
30.65,1.66390345,-0.16271532,-90.0841631,0.05,-0.00217387189,FindWall,finding_near_right_wall,0,14,42,0.470802397,1.09787946,1,0,1,2.39790678,1.09915399,1.09915399,0,0,0,0,0
30.7,1.66389962,-0.165215317,-90.0910828,0.05,-0.0020289471,FindWall,finding_near_right_wall,0,14,42,0.47060585,1.09283885,1,0,1,2.3791821,1.09664325,1.09664325,0,0,0,0,0
30.75,1.66389551,-0.167715314,-90.0975411,0.05,-0.00189368396,FindWall,finding_near_right_wall,0,14,42,0.47060585,1.09283885,1,0,1,2.3791821,1.09413323,1.09413323,0,0,0,0,0
30.8,1.66389112,-0.17021531,-90.1035689,0.05,-0.00176743836,FindWall,finding_near_right_wall,0,14,42,0.470418394,1.08776224,1,0,1,2.31524134,1.09162387,1.09162387,0,0,0,0,0
30.85,1.66388648,-0.172715306,-90.1091948,0.05,-0.00164960914,FindWall,finding_near_right_wall,0,14,42,0.470418394,1.08776224,1,0,1,2.31524134,1.08911515,1.08911515,0,0,0,0,0
30.9,1.6638816,-0.175215301,-90.1144457,0.05,-0.0015396352,FindWall,finding_near_right_wall,0,14,42,0.470237672,1.0826975,1,0,1,2.31472254,1.086607,1.086607,0,0,0,0,0
30.95,1.6638765,-0.177715296,-90.1193465,0.05,-0.00143699285,FindWall,finding_near_right_wall,0,14,42,0.470237672,1.0826975,1,0,1,2.31472254,1.0840994,1.0840994,0,0,0,0,0
31,1.66387119,-0.18021529,-90.1239206,0.05,-0.00134119333,FindWall,finding_near_right_wall,0,14,42,0.470061809,1.07764441,1,0,1,2.33903933,1.08159231,1.08159231,0,0,0,0,0
31.05,1.66386569,-0.182715284,-90.1281898,0.05,-0.00125178044,FindWall,finding_near_right_wall,0,14,42,0.470061809,1.07764441,1,0,1,2.33903933,1.07908569,1.07908569,0,0,0,0,0
31.1,1.66386001,-0.185215278,-90.1321743,0.05,-0.00116832841,FindWall,finding_near_right_wall,0,14,42,0.469889075,1.07260259,1,0,1,2.36357808,1.07657951,1.07657951,0,0,0,0,0
31.15,1.66385416,-0.187715271,-90.1358932,0.05,-0.00109043985,FindWall,finding_near_right_wall,0,14,42,0.469889075,1.07260259,1,0,1,2.36357808,1.07407375,1.07407375,0,0,0,0,0
31.2,1.66384816,-0.190215263,-90.1393642,0.05,-0.00101774386,FindWall,finding_near_right_wall,0,14,42,0.469718069,1.06757194,1,0,1,2.3883121,1.07156837,1.07156837,0,0,0,0,0
31.25,1.66384201,-0.192715256,-90.1426038,0.05,-0.000949894268,FindWall,finding_near_right_wall,0,14,42,0.469718069,1.06757194,1,0,1,2.3883121,1.06906335,1.06906335,0,0,0,0,0
31.3,1.66383572,-0.195215248,-90.1456274,0.05,-0.000886567984,FindWall,finding_near_right_wall,0,14,42,0.469547629,1.0625521,1,0,1,2.4114058,1.06655867,1.06655867,0,0,0,0,0
31.35,1.6638293,-0.19771524,-90.1484494,0.05,-0.000827463451,FindWall,finding_near_right_wall,0,14,42,0.469547629,1.0625521,1,0,1,2.4114058,1.0640543,1.0640543,0,0,0,0,0
31.4,1.66382277,-0.200215231,-90.1510833,0.05,-0.000772299221,FindWall,finding_near_right_wall,0,14,42,0.469376773,1.05754294,1,0,1,2.32703614,1.06155022,1.06155022,0,0,0,0,0
31.45,1.66381612,-0.202715222,-90.1535416,0.05,-0.000720812607,FindWall,finding_near_right_wall,0,14,42,0.469376773,1.05754294,1,0,1,2.32703614,1.05904641,1.05904641,0,0,0,0,0
31.5,1.66380937,-0.205215213,-90.155836,0.05,-0.000672758433,FindWall,finding_near_right_wall,0,14,42,0.469204634,1.05254435,1,0,1,2.32073665,1.05654286,1.05654286,0,0,0,0,0
31.55,1.66380253,-0.207715204,-90.1579775,0.05,-0.000627907871,FindWall,finding_near_right_wall,0,14,42,0.469204634,1.05254435,1,0,1,2.32073665,1.05403955,1.05403955,0,0,0,0,0
31.6,1.66379559,-0.210215194,-90.1599762,0.05,-0.000586047346,FindWall,finding_near_right_wall,0,14,42,0.469030589,1.04755598,1,0,1,2.34441876,1.05153646,1.05153646,0,0,0,0,0
31.65,1.66378857,-0.212715184,-90.1618416,0.05,-0.000546977523,FindWall,finding_near_right_wall,0,14,42,0.469030589,1.04755598,1,0,1,2.34441876,1.04903357,1.04903357,0,0,0,0,0
31.7,1.66378147,-0.215215174,-90.1635827,0.05,-0.000510512355,FindWall,finding_near_right_wall,0,14,42,0.4688541,1.04257782,1,0,1,2.36818099,1.04653088,1.04653088,0,0,0,0,0
31.75,1.6637743,-0.217715164,-90.1652077,0.05,-0.000476478198,FindWall,finding_near_right_wall,0,14,42,0.4688541,1.04257782,1,0,1,2.36818099,1.04402837,1.04402837,0,0,0,0,0
31.8,1.66376706,-0.220215154,-90.1667244,0.05,-0.000444712984,FindWall,finding_near_right_wall,0,14,42,0.468674749,1.03760951,1,0,1,2.39201236,1.04152603,1.04152603,0,0,0,0,0
31.85,1.66375975,-0.222715143,-90.16814,0.05,-0.000415065452,FindWall,finding_near_right_wall,0,14,42,0.468674749,1.03760951,1,0,1,2.39201236,1.03902384,1.03902384,0,0,0,0,0
31.9,1.66375238,-0.225215132,-90.1694612,0.05,-0.000387394422,FindWall,finding_near_right_wall,0,14,42,0.46849221,1.03265106,1,0,1,2.41590333,1.0365218,1.0365218,0,0,0,0,0
31.95,1.66374496,-0.227715121,-90.1706943,0.05,-0.000361568127,FindWall,finding_near_right_wall,0,14,42,0.46849221,1.03265106,1,0,1,2.41590333,1.0340199,1.0340199,0,0,0,0,0
32,1.66373749,-0.23021511,-90.1718452,0.05,-0.000337463585,FindWall,finding_near_right_wall,0,14,42,0.468306303,1.027702,1,0,1,2.31830049,1.03151813,1.03151813,0,0,0,0,0
32.05,1.66372997,-0.232715099,-90.1729194,0.05,-0.000314966013,FindWall,finding_near_right_wall,0,14,42,0.468306303,1.027702,1,0,1,2.31830049,1.02901647,1.02901647,0,0,0,0,0
32.1,1.6637224,-0.235215087,-90.1739219,0.05,-0.000293968279,FindWall,finding_near_right_wall,0,14,42,0.468116879,1.02276231,1,0,1,2.31996155,1.02651493,1.02651493,0,0,0,0,0
32.15,1.66371479,-0.237715076,-90.1748577,0.05,-0.000274370394,FindWall,finding_near_right_wall,0,14,42,0.468116879,1.02276231,1,0,1,2.31996155,1.02401349,1.02401349,0,0,0,0,0
32.2,1.66370714,-0.240215064,-90.175731,0.05,-0.000256079034,FindWall,finding_near_right_wall,0,14,42,0.46792385,1.01779407,1,0,1,2.34251428,1.02151214,1.02151214,0,0,0,0,0
32.25,1.66369946,-0.242715052,-90.1765461,0.05,-0.000239007098,FindWall,finding_near_right_wall,0,14,42,0.46792385,1.01779407,1,0,1,2.34251428,1.01901089,1.01901089,0,0,0,0,0
32.3,1.66369174,-0.24521504,-90.1773069,0.05,-0.000223073292,FindWall,finding_near_right_wall,0,14,42,0.467727274,1.01279002,1,0,1,2.3651073,1.01650972,1.01650972,0,0,0,0,0
32.35,1.66368399,-0.247715028,-90.178017,0.05,-0.000208201739,FindWall,finding_near_right_wall,0,14,42,0.467727274,1.01279002,1,0,1,2.3651073,1.01400863,1.01400863,0,0,0,0,0
32.4,1.66367621,-0.250215016,-90.1786797,0.05,-0.000194321623,FindWall,finding_near_right_wall,0,14,42,0.467527151,1.00779515,1,0,1,2.38773704,1.01150762,1.01150762,0,0,0,0,0
32.45,1.6636684,-0.252715004,-90.1792982,0.05,-0.000181366848,FindWall,finding_near_right_wall,0,14,42,0.467527151,1.00779515,1,0,1,2.38773704,1.00900667,1.00900667,0,0,0,0,0
32.5,1.66366056,-0.255214991,-90.1798756,0.05,-0.000169275725,FindWall,finding_near_right_wall,0,14,42,0.467323631,1.00280958,1,0,1,2.41039968,1.00650579,1.00650579,0,0,0,0,0
32.55,1.6636527,-0.257714979,-90.1804144,0.05,-0.000157990677,FindWall,finding_near_right_wall,0,14,42,0.467323631,1.00280958,1,0,1,2.41039968,1.00400496,1.00400496,0,0,0,0,0
32.6,1.66364482,-0.260214967,-90.1809173,0.05,-0.000147457965,FindWall,finding_near_right_wall,0,14,42,0.467116892,0.997833185,1,0,1,2.30365062,1.0015042,1.0015042,0,0,0,0,0
32.65,1.66363691,-0.262714954,-90.1813867,0.05,-0.000137627434,FindWall,finding_near_right_wall,0,14,42,0.467116892,0.997833185,1,0,1,2.30365062,0.999003481,0.999003481,0,0,0,0,0
32.7,1.66362899,-0.265214942,-90.1818247,0.05,-0.000128452272,FindWall,finding_near_right_wall,0,14,42,0.466907054,0.992865973,1,0,1,2.32476044,0.996502814,0.996502814,0,0,0,0,0
32.75,1.66362105,-0.267714929,-90.1822336,0.05,-0.000119888787,FindWall,finding_near_right_wall,0,14,42,0.466907054,0.992865973,1,0,1,2.32476044,0.994002192,0.994002192,0,0,0,0,0
32.8,1.66361309,-0.270214916,-90.1826152,0.05,-0.000111896201,FindWall,finding_near_right_wall,0,14,42,0.466694415,0.987892904,1,0,1,2.34658957,0.991501613,0.991501613,0,0,0,0,0
32.85,1.66360511,-0.272714904,-90.1829714,0.05,-0.000104436454,FindWall,finding_near_right_wall,0,14,42,0.466694415,0.987892904,1,0,1,2.34658957,0.989001073,0.989001073,0,0,0,0,0
32.9,1.66359712,-0.275214891,-90.1833038,0.05,-9.74740241e-05,FindWall,finding_near_right_wall,0,14,42,0.466479212,0.982867955,1,0,1,2.36844039,0.98650057,0.98650057,0,0,0,0,0
32.95,1.66358911,-0.277714878,-90.1836141,0.05,-9.09757558e-05,FindWall,finding_near_right_wall,0,14,42,0.466479212,0.982867955,1,0,1,2.36844039,0.984000102,0.984000102,0,0,0,0,0
33,1.6635811,-0.280214865,-90.1839037,0.05,-8.49107054e-05,FindWall,finding_near_right_wall,0,14,42,0.466261715,0.977806811,1,0,1,2.39031029,0.981499666,0.981499666,0,0,0,0,0
33.05,1.66357307,-0.282714852,-90.184174,0.05,-7.92499917e-05,FindWall,finding_near_right_wall,0,14,42,0.466261715,0.977806811,1,0,1,2.39031029,0.978999259,0.978999259,0,0,0,0,0
33.1,1.66356502,-0.285214839,-90.1844262,0.05,-7.39666589e-05,FindWall,finding_near_right_wall,0,14,42,0.46604228,0.972754478,1,0,1,2.41219759,0.976498881,0.976498881,0,0,0,0,0
33.15,1.66355697,-0.287714826,-90.1846617,0.05,-6.90355483e-05,FindWall,finding_near_right_wall,0,14,42,0.46604228,0.972754478,1,0,1,2.41219759,0.973998529,0.973998529,0,0,0,0,0
33.2,1.66354891,-0.290214813,-90.1848814,0.05,-6.44331784e-05,FindWall,finding_near_right_wall,0,14,42,0.465821207,0.967711194,1,0,1,2.31726885,0.971498201,0.971498201,0,0,0,0,0
33.25,1.66354084,-0.2927148,-90.1850865,0.05,-6.01376332e-05,FindWall,finding_near_right_wall,0,14,42,0.465821207,0.967711194,1,0,1,2.31726885,0.968997896,0.968997896,0,0,0,0,0
33.3,1.66353276,-0.295214787,-90.1852779,0.05,-5.61284577e-05,FindWall,finding_near_right_wall,0,14,42,0.465598881,0.962676958,1,0,1,2.33799148,0.966497612,0.966497612,0,0,0,0,0
33.35,1.66352467,-0.297714774,-90.1854566,0.05,-5.23865605e-05,FindWall,finding_near_right_wall,0,14,42,0.465598881,0.962676958,1,0,1,2.33799148,0.963997348,0.963997348,0,0,0,0,0
33.4,1.66351657,-0.300214761,-90.1856234,0.05,-4.88941231e-05,FindWall,finding_near_right_wall,0,14,42,0.465375602,0.957652009,1,0,1,2.35871267,0.961497102,0.961497102,0,0,0,0,0
33.45,1.66350847,-0.302714748,-90.185779,0.05,-4.56345149e-05,FindWall,finding_near_right_wall,0,14,42,0.465375602,0.957652009,1,0,1,2.35871267,0.958996874,0.958996874,0,0,0,0,0
33.5,1.66350036,-0.305214735,-90.1859242,0.05,-4.25922139e-05,FindWall,finding_near_right_wall,0,14,42,0.465151817,0.952636228,1,0,1,2.37943125,0.956496662,0.956496662,0,0,0,0,0
33.55,1.66349225,-0.307714722,-90.1860598,0.05,-3.9752733e-05,FindWall,finding_near_right_wall,0,14,42,0.465151817,0.952636228,1,0,1,2.37943125,0.953996464,0.953996464,0,0,0,0,0
33.6,1.66348413,-0.310214708,-90.1861864,0.05,-3.71025508e-05,FindWall,finding_near_right_wall,0,14,42,0.464927882,0.947629852,1,0,1,2.40014648,0.951496281,0.951496281,0,0,0,0,0
33.65,1.663476,-0.312714695,-90.1863045,0.05,-3.46290474e-05,FindWall,finding_near_right_wall,0,14,42,0.464927882,0.947629852,1,0,1,2.40014648,0.948996111,0.948996111,0,0,0,0,0
33.7,1.66346787,-0.315214682,-90.1864147,0.05,-3.23204442e-05,FindWall,finding_near_right_wall,0,14,42,0.464704216,0.942632645,1,0,1,2.42085743,0.946495954,0.946495954,0,0,0,0,0
33.75,1.66345973,-0.317714669,-90.1865176,0.05,-3.0165748e-05,FindWall,finding_near_right_wall,0,14,42,0.464704216,0.942632645,1,0,1,2.42085743,0.943995807,0.943995807,0,0,0,0,0
33.8,1.66345159,-0.320214656,-90.1866136,0.05,-2.81546981e-05,FindWall,finding_near_right_wall,0,14,42,0.464481175,0.937644723,1,0,1,2.32083583,0.941495672,0.941495672,0,0,0,0,0
33.85,1.66344345,-0.322714642,-90.1867032,0.05,-2.62777182e-05,FindWall,finding_near_right_wall,0,14,42,0.464481175,0.937644723,1,0,1,2.32083583,0.938995546,0.938995546,0,0,0,0,0
33.9,1.6634353,-0.325214629,-90.1867869,0.05,-2.45258703e-05,FindWall,finding_near_right_wall,0,14,42,0.464259237,0.932666089,1,0,1,2.34034777,0.936495429,0.936495429,0,0,0,0,0
33.95,1.66342715,-0.327714616,-90.1868649,0.05,-2.28908123e-05,FindWall,finding_near_right_wall,0,14,42,0.464259237,0.932666089,1,0,1,2.34034777,0.933995322,0.933995322,0,0,0,0,0
34,1.66341899,-0.330214602,-90.1869378,0.05,-2.13647582e-05,FindWall,finding_near_right_wall,0,14,42,0.464038759,0.927696622,1,0,1,2.35986376,0.931495222,0.931495222,0,0,0,0,0
34.05,1.66341083,-0.332714589,-90.1870058,0.05,-1.9940441e-05,FindWall,finding_near_right_wall,0,14,42,0.464038759,0.927696622,1,0,1,2.35986376,0.92899513,0.92899513,0,0,0,0,0
34.1,1.66340267,-0.335214576,-90.1870693,0.05,-1.86110782e-05,FindWall,finding_near_right_wall,0,14,42,0.463820159,0.922736323,1,0,1,0.276371866,0.926495045,0.926495045,0,0,0,0,0
34.15,1.66339451,-0.337714562,-90.1871285,0.05,-1.73703397e-05,FindWall,finding_near_right_wall,0,14,42,0.463820159,0.922736323,1,0,1,0.276371866,0.923994966,0.923994966,0,0,0,0,0
34.2,1.66338634,-0.340214549,-90.1871838,0.05,-1.6212317e-05,FindWall,finding_near_right_wall,0,14,42,0.463603884,0.917747296,1,0,1,0.272415429,0.921494894,0.921494894,0,0,0,0,0
34.25,1.66337817,-0.342714536,-90.1872354,0.05,-1.51314959e-05,FindWall,finding_near_right_wall,0,14,42,0.463603884,0.917747296,1,0,1,0.272415429,0.918994827,0.918994827,0,0,0,0,0
34.3,1.66337,-0.345214522,-90.1872836,0,0,FollowWall,right_wall_reacquired,0,14,42,0.463390321,0.912684826,1,0,1,0.270922273,0.916494765,0.916494765,0,0,0,0,0
34.35,1.66336524,-0.346672848,-90.1873117,0.05,-0.0313834101,FollowWall,following_with_distance_only,0,14,42,0.463390321,0.912684826,1,0,1,0.270922273,0.915036396,0.915036396,0,0,0,0,0
34.4,1.66335843,-0.348565197,-90.2247892,0.05,-0.0308407992,FollowWall,following_with_distance_only,0,14,42,0.462864995,0.909241268,1,0,1,0.270560533,0.913085922,0.913085922,0,0,0,0,0
34.45,1.66334891,-0.35071072,-90.2834646,0.05,-0.0308407992,FollowWall,following_with_distance_only,0,14,42,0.462864995,0.909241268,1,0,1,0.270560533,0.910849429,0.910849429,0,0,0,0,0
34.5,1.66333615,-0.353003918,-90.3545055,0.05,-0.0286982507,FollowWall,following_with_distance_only,0,14,42,0.461282283,0.904549766,1,0,1,0.269132167,0.908446144,0.908446144,0,0,0,0,0
34.55,1.66331985,-0.355383249,-90.430202,0.05,-0.0286982507,FollowWall,following_with_distance_only,0,14,42,0.461282283,0.904549766,1,0,1,0.269132167,0.905949577,0.905949577,0,0,0,0,0
34.6,1.66329995,-0.357812809,-90.5086143,0.05,-0.0264690667,FollowWall,following_with_distance_only,0,14,42,0.459413439,0.899459659,1,0,1,0.267646044,0.903398646,0.903398646,0,0,0,0,0
34.65,1.66327646,-0.360271655,-90.5859499,0.05,-0.0264690667,FollowWall,following_with_distance_only,0,14,42,0.459413439,0.899459659,1,0,1,0.267646044,0.900820167,0.900820167,0,0,0,0,0
34.7,1.66324948,-0.362747567,-90.6626575,0.05,-0.0264929384,FollowWall,following_with_distance_only,0,14,42,0.457534194,0.894260249,1,0,1,0.267661959,0.898225663,0.898225663,0,0,0,0,0
34.75,1.66321907,-0.365233415,-90.7390272,0.05,-0.0264929384,FollowWall,following_with_distance_only,0,14,42,0.457534194,0.894260249,1,0,1,0.267661959,0.895621815,0.895621815,0,0,0,0,0
34.8,1.66318528,-0.367725039,-90.8151998,0.05,-0.0261981636,FollowWall,following_with_distance_only,0,14,42,0.455664963,0.889038244,1,0,1,0.267465442,0.893012565,0.893012565,0,0,0,0,0
34.85,1.66314813,-0.370220011,-90.8909055,0.05,-0.0261981636,FollowWall,following_with_distance_only,0,14,42,0.455664963,0.889038244,1,0,1,0.267465442,0.890400757,0.890400757,0,0,0,0,0
34.9,1.66310766,-0.372716911,-90.966339,0.05,-0.0253572017,FollowWall,following_with_distance_only,0,14,42,0.453806728,0.883821931,1,0,1,0.266904801,0.887787509,0.887787509,0,0,0,0,0
34.95,1.6630639,-0.37521491,-91.0406098,0.05,-0.0253572017,FollowWall,following_with_distance_only,0,14,42,0.453806728,0.883821931,1,0,1,0.266904801,0.885175022,0.885175022,0,0,0,0,0
35,1.66301691,-0.377713525,-91.1142023,0.05,-0.0252722651,FollowWall,following_with_distance_only,0,14,42,0.451979548,0.878623411,1,0,1,0.266848177,0.88256303,0.88256303,0,0,0,0,0
35.05,1.66296671,-0.380212471,-91.1872979,0.05,-0.0252722651,FollowWall,following_with_distance_only,0,14,42,0.451979548,0.878623411,1,0,1,0.266848177,0.879951539,0.879951539,0,0,0,0,0
35.1,1.66291333,-0.38271158,-91.2601035,0.05,-0.02499412,FollowWall,following_with_distance_only,0,14,42,0.450170368,0.87344381,1,0,1,0.266662747,0.877340395,0.877340395,0,0,0,0,0
35.15,1.66285678,-0.385210753,-91.3324079,0.05,-0.02499412,FollowWall,following_with_distance_only,0,14,42,0.450170368,0.87344381,1,0,1,0.266662747,0.874730022,0.874730022,0,0,0,0,0
35.2,1.66279708,-0.387709931,-91.4044201,0.05,-0.0248826742,FollowWall,following_with_distance_only,0,14,42,0.448375672,0.868283424,1,0,1,0.266588449,0.872120157,0.872120157,0,0,0,0,0
35.25,1.66273425,-0.390209077,-91.4761287,0.05,-0.0248826742,FollowWall,following_with_distance_only,0,14,42,0.448375672,0.868283424,1,0,1,0.266588449,0.869510853,0.869510853,0,0,0,0,0
35.3,1.66266829,-0.39270817,-91.5476602,0.05,-0.024802655,FollowWall,following_with_distance_only,0,14,42,0.446590662,0.86314178,1,0,1,0.266535103,0.866901938,0.866901938,0,0,0,0,0
35.35,1.66259921,-0.395207193,-91.6189929,0.05,-0.024802655,FollowWall,following_with_distance_only,0,14,42,0.446590662,0.86314178,1,0,1,0.266535103,0.864293459,0.864293459,0,0,0,0,0
35.4,1.66252702,-0.397706138,-91.6902096,0.05,-0.0249154866,FollowWall,following_with_distance_only,0,14,42,0.444811821,0.858018343,1,0,1,0.266610324,0.8616853,0.8616853,0,0,0,0,0
35.45,1.66245173,-0.400204997,-91.7614934,0.05,-0.0249154866,FollowWall,following_with_distance_only,0,14,42,0.444811821,0.858018343,1,0,1,0.266610324,0.859077188,0.859077188,0,0,0,0,0
35.5,1.66237333,-0.402703763,-91.8328162,0.05,-0.0252037346,FollowWall,following_with_distance_only,0,14,42,0.443032205,0.852912164,1,0,1,0.26680249,0.856469171,0.856469171,0,0,0,0,0
35.55,1.66229181,-0.405202431,-91.904506,0.05,-0.0252037346,FollowWall,following_with_distance_only,0,14,42,0.443032205,0.852912164,1,0,1,0.26680249,0.853860754,0.853860754,0,0,0,0,0
35.6,1.66220715,-0.407700996,-91.9764097,0.05,-0.0247947425,FollowWall,following_with_distance_only,0,14,42,0.441243261,0.847822176,1,0,1,0.266529828,0.851252176,0.851252176,0,0,0,0,0
35.65,1.66211937,-0.410199453,-92.0479502,0.05,-0.0247947425,FollowWall,following_with_distance_only,0,14,42,0.441243261,0.847822176,1,0,1,0.266529828,0.848644326,0.848644326,0,0,0,0,0
35.7,1.66202848,-0.4126978,-92.1192786,0.05,-0.0248727947,FollowWall,following_with_distance_only,0,14,42,0.439461857,0.842750099,1,0,1,0.266581863,0.846036976,0.846036976,0,0,0,0,0
35.75,1.66193448,-0.415196032,-92.1905766,0.05,-0.0248727947,FollowWall,following_with_distance_only,0,14,42,0.439461857,0.842750099,1,0,1,0.266581863,0.84342985,0.84342985,0,0,0,0,0
35.8,1.66183736,-0.417694145,-92.2618568,0.05,-0.0245855302,FollowWall,following_with_distance_only,0,14,42,0.437684238,0.837695281,1,0,1,0.266390353,0.840822934,0.840822934,0,0,0,0,0
35.85,1.66173715,-0.420192135,-92.3327837,0.05,-0.0245855302,FollowWall,following_with_distance_only,0,14,42,0.437684238,0.837695281,1,0,1,0.266390353,0.838216744,0.838216744,0,0,0,0,0
35.9,1.66163385,-0.42269,-92.4035046,0.05,-0.024549365,FollowWall,following_with_distance_only,0,14,42,0.435916722,0.832658017,1,0,1,0.266366243,0.835611058,0.835611058,0,0,0,0,0
35.95,1.66152747,-0.425187736,-92.474062,0.05,-0.024549365,FollowWall,following_with_distance_only,0,14,42,0.435916722,0.832658017,1,0,1,0.266366243,0.833005812,0.833005812,0,0,0,0,0
36,1.66141802,-0.427685339,-92.5445242,0.05,-0.024300769,FollowWall,following_with_distance_only,0,14,42,0.434156716,0.827637893,1,0,1,0.266200513,0.830400909,0.830400909,0,0,0,0,0
36.05,1.6613055,-0.430182805,-92.6146341,0.05,-0.024300769,FollowWall,following_with_distance_only,0,14,42,0.434156716,0.827637893,1,0,1,0.266200513,0.82779674,0.82779674,0,0,0,0,0
36.1,1.66118993,-0.432680133,-92.6845384,0.05,-0.0239173025,FollowWall,following_with_distance_only,0,14,42,0.432407975,0.822634731,1,0,1,0.265944868,0.825193087,0.825193087,0,0,0,0,0
36.15,1.66107133,-0.435177318,-92.7538651,0.05,-0.0239173025,FollowWall,following_with_distance_only,0,14,42,0.432407975,0.822634731,1,0,1,0.265944868,0.822590516,0.822590516,0,0,0,0,0
36.2,1.66094971,-0.437674358,-92.8228548,0.05,-0.0237695575,FollowWall,following_with_distance_only,0,14,42,0.430677027,0.817648768,1,0,1,0.265846372,0.819988664,0.819988664,0,0,0,0,0
36.25,1.66082509,-0.44017125,-92.8914716,0.05,-0.0237695575,FollowWall,following_with_distance_only,0,14,42,0.430677027,0.817648768,1,0,1,0.265846372,0.817387588,0.817387588,0,0,0,0,0
36.3,1.66069749,-0.442667991,-92.959871,0.05,-0.0231195688,FollowWall,following_with_distance_only,0,14,42,0.428960353,0.812679293,1,0,1,0.265413046,0.814787052,0.814787052,0,0,0,0,0
36.35,1.66056693,-0.44516458,-93.0273675,0.05,-0.0231195688,FollowWall,following_with_distance_only,0,14,42,0.428960353,0.812679293,1,0,1,0.265413046,0.8121881,0.8121881,0,0,0,0,0
36.4,1.66043344,-0.447661013,-93.0943374,0.05,-0.0231923908,FollowWall,following_with_distance_only,0,14,42,0.42726925,0.807726661,1,0,1,0.265461594,0.809590159,0.809590159,0,0,0,0,0
36.45,1.66029704,-0.450157289,-93.1610871,0.05,-0.0231923908,FollowWall,following_with_distance_only,0,14,42,0.42726925,0.807726661,1,0,1,0.265461594,0.806992768,0.806992768,0,0,0,0,0
36.5,1.66015773,-0.452653405,-93.2277083,0.05,-0.0232665092,FollowWall,following_with_distance_only,0,14,42,0.425590843,0.802789211,1,0,1,0.265511006,0.80439579,0.80439579,0,0,0,0,0
36.55,1.66001551,-0.455149357,-93.294343,0.05,-0.0232665092,FollowWall,following_with_distance_only,0,14,42,0.425590843,0.802789211,1,0,1,0.265511006,0.801799013,0.801799013,0,0,0,0,0
36.6,1.6598704,-0.457645142,-93.3609856,0.05,-0.0230761617,FollowWall,following_with_distance_only,0,14,42,0.42391634,0.797710474,1,0,1,0.265384108,0.799202449,0.799202449,0,0,0,0,0
36.65,1.65972239,-0.460140756,-93.4274056,0.05,-0.0230761617,FollowWall,following_with_distance_only,0,14,42,0.42391634,0.797710474,1,0,1,0.265384108,0.796606451,0.796606451,0,0,0,0,0
36.7,1.65957148,-0.462636198,-93.4936957,0.05,-0.0228732079,FollowWall,following_with_distance_only,0,14,42,0.422250062,0.792473916,1,0,1,0.265248805,0.79401088,0.79401088,0,0,0,0,0
36.75,1.6594177,-0.465131463,-93.5596679,0.05,-0.0228732079,FollowWall,following_with_distance_only,0,14,42,0.422250062,0.792473916,1,0,1,0.265248805,0.791416022,0.791416022,0,0,0,0,0
36.8,1.65926105,-0.46762655,-93.6254545,0.05,-0.0226571113,FollowWall,following_with_distance_only,0,14,42,0.420595437,0.787250566,1,0,1,0.265104741,0.78882168,0.78882168,0,0,0,0,0
36.85,1.65910154,-0.470121457,-93.6908749,0.05,-0.0226571113,FollowWall,following_with_distance_only,0,14,42,0.420595437,0.787250566,1,0,1,0.265104741,0.786228129,0.786228129,0,0,0,0,0
36.9,1.65893918,-0.472616179,-93.7560818,0.05,-0.0221684575,FollowWall,following_with_distance_only,0,14,42,0.418954045,0.782040838,1,0,1,0.264778972,0.78363514,0.78363514,0,0,0,0,0
36.95,1.65877401,-0.475110717,-93.8205808,0.05,-0.0221684575,FollowWall,following_with_distance_only,0,14,42,0.418954045,0.782040838,1,0,1,0.264778972,0.781043459,0.781043459,0,0,0,0,0
37,1.65860603,-0.477605067,-93.8846669,0.05,-0.0218022913,FollowWall,following_with_distance_only,0,14,42,0.417333633,0.776845503,1,0,1,0.264534861,0.778452642,0.778452642,0,0,0,0,0
37.05,1.65843528,-0.480099229,-93.948075,0.05,-0.0218022913,FollowWall,following_with_distance_only,0,14,42,0.417333633,0.776845503,1,0,1,0.264534861,0.775863088,0.775863088,0,0,0,0,0
37.1,1.65826178,-0.482593201,-94.0110876,0.05,-0.0213081837,FollowWall,following_with_distance_only,0,14,42,0.415735155,0.771664856,1,0,1,0.264205456,0.773274372,0.773274372,0,0,0,0,0
37.15,1.65808555,-0.485086982,-94.0732797,0.05,-0.0213081837,FollowWall,following_with_distance_only,0,14,42,0.415735155,0.771664856,1,0,1,0.264205456,0.770687133,0.770687133,0,0,0,0,0
37.2,1.65790663,-0.487580571,-94.1349932,0.05,-0.0210811794,FollowWall,following_with_distance_only,0,14,42,0.414161354,0.766499254,1,0,1,0.26405412,0.768100857,0.768100857,0,0,0,0,0
37.25,1.65772503,-0.490073967,-94.1961566,0.05,-0.0210811794,FollowWall,following_with_distance_only,0,14,42,0.414161354,0.766499254,1,0,1,0.26405412,0.765515651,0.765515651,0,0,0,0,0
37.3,1.65754078,-0.492567168,-94.256999,0.05,-0.0209799707,FollowWall,following_with_distance_only,0,14,42,0.412606955,0.761348221,1,0,1,0.263986647,0.762931172,0.762931172,0,0,0,0,0
37.35,1.65735389,-0.495060173,-94.3175334,0.05,-0.0209799707,FollowWall,following_with_distance_only,0,14,42,0.412606955,0.761348221,1,0,1,0.263986647,0.760347401,0.760347401,0,0,0,0,0
37.4,1.65716436,-0.497552978,-94.3778882,0.05,-0.0208537728,FollowWall,following_with_distance_only,0,14,42,0.411065429,0.756211582,1,0,1,0.263902515,0.757764148,0.757764148,0,0,0,0,0
37.45,1.65697222,-0.500045584,-94.4379875,0.05,-0.0208537728,FollowWall,following_with_distance_only,0,14,42,0.411065429,0.756211582,1,0,1,0.263902515,0.755181527,0.755181527,0,0,0,0,0
37.5,1.65677747,-0.502537986,-94.4979377,0.05,-0.0202128589,FollowWall,following_with_distance_only,0,14,42,0.409534335,0.751089275,1,0,1,0.263475239,0.752599382,0.752599382,0,0,0,0,0
37.55,1.65658012,-0.505030185,-94.557036,0.05,-0.0202128589,FollowWall,following_with_distance_only,0,14,42,0.409534335,0.751089275,1,0,1,0.263475239,0.750018763,0.750018763,0,0,0,0,0
37.6,1.65638022,-0.50752218,-94.6156374,0.05,-0.0193083286,FollowWall,following_with_distance_only,0,14,42,0.408025742,0.745982249,1,0,1,0.262872219,0.74743914,0.74743914,0,0,0,0,0
37.65,1.6561778,-0.510013972,-94.6728691,0.05,-0.0193083286,FollowWall,following_with_distance_only,0,14,42,0.408025742,0.745982249,1,0,1,0.262872219,0.744861813,0.744861813,0,0,0,0,0
37.7,1.6559729,-0.512505561,-94.7293019,0.05,-0.0189144015,FollowWall,following_with_distance_only,0,14,42,0.406552881,0.740891334,1,0,1,0.262609601,0.742285926,0.742285926,0,0,0,0,0
37.75,1.65576558,-0.51499695,-94.7847985,0.05,-0.0189144015,FollowWall,following_with_distance_only,0,14,42,0.406552881,0.740891334,1,0,1,0.262609601,0.739711682,0.739711682,0,0,0,0,0
37.8,1.65555585,-0.517488137,-94.8397488,0.05,-0.0184886903,FollowWall,following_with_distance_only,0,14,42,0.405108839,0.735815877,1,0,1,0.262325794,0.737138496,0.737138496,0,0,0,0,0
37.85,1.65534375,-0.519979123,-94.8938725,0.05,-0.0184886903,FollowWall,following_with_distance_only,0,14,42,0.405108839,0.735815877,1,0,1,0.262325794,0.734566786,0.734566786,0,0,0,0,0
37.9,1.65512931,-0.522469909,-94.9475138,0.05,-0.0178907365,FollowWall,following_with_distance_only,0,14,42,0.403689116,0.73075576,1,0,1,0.261927158,0.731996035,0.731996035,0,0,0,0,0
37.95,1.65491256,-0.524960495,-95.0001601,0.05,-0.0178907365,FollowWall,following_with_distance_only,0,14,42,0.403689116,0.73075576,1,0,1,0.261927158,0.729427006,0.729427006,0,0,0,0,0
38,1.65469353,-0.527450882,-95.052226,0.05,-0.0171482563,FollowWall,following_with_distance_only,0,14,42,0.402296185,0.725710865,1,0,1,0.261432171,0.72685908,0.72685908,0,0,0,0,0
38.05,1.65447226,-0.529941071,-95.1030669,0.05,-0.0171482563,FollowWall,following_with_distance_only,0,14,42,0.402296185,0.725710865,1,0,1,0.261432171,0.724293211,0.724293211,0,0,0,0,0
38.1,1.65424881,-0.532431065,-95.1531934,0.05,-0.0163879842,FollowWall,following_with_distance_only,0,14,42,0.400935113,0.720681428,1,0,1,0.260925323,0.721728638,0.721728638,0,0,0,0,0
38.15,1.6540232,-0.534920864,-95.2019955,0.05,-0.0163879842,FollowWall,following_with_distance_only,0,14,42,0.400935113,0.720681428,1,0,1,0.260925323,0.719166262,0.719166262,0,0,0,0,0
38.2,1.65379549,-0.537410472,-95.2500252,0.05,-0.0156978518,FollowWall,following_with_distance_only,0,14,42,0.399608433,0.715667332,1,0,1,0.260465235,0.716605259,0.716605259,0,0,0,0,0
38.25,1.65356571,-0.539899891,-95.2967804,0.05,-0.0156978518,FollowWall,following_with_distance_only,0,14,42,0.399608433,0.715667332,1,0,1,0.260465235,0.714046371,0.714046371,0,0,0,0,0
38.3,1.65333393,-0.542389123,-95.3427922,0.05,-0.0151435733,FollowWall,following_with_distance_only,0,14,42,0.398315191,0.710668398,1,0,1,0.260095716,0.711488804,0.711488804,0,0,0,0,0
38.35,1.65310017,-0.54487817,-95.3877087,0.05,-0.0151435733,FollowWall,following_with_distance_only,0,14,42,0.398315191,0.710668398,1,0,1,0.260095716,0.708933078,0.708933078,0,0,0,0,0
38.4,1.65286447,-0.547367034,-95.4319863,0.05,-0.0143408328,FollowWall,following_with_distance_only,0,14,42,0.397051215,0.705684153,1,0,1,0.259560555,0.70637851,0.70637851,0,0,0,0,0
38.45,1.65262688,-0.549855718,-95.474933,0.05,-0.0143408328,FollowWall,following_with_distance_only,0,14,42,0.397051215,0.705684153,1,0,1,0.259560555,0.703826123,0.703826123,0,0,0,0,0
38.5,1.65238743,-0.552344226,-95.5171034,0.05,-0.0134944171,FollowWall,following_with_distance_only,0,14,42,0.395819873,0.700714537,1,0,1,0.258996278,0.701275091,0.701275091,0,0,0,0,0
38.55,1.65214619,-0.554832559,-95.5578106,0.05,-0.0134944171,FollowWall,following_with_distance_only,0,14,42,0.395819873,0.700714537,1,0,1,0.258996278,0.698726426,0.698726426,0,0,0,0,0
38.6,1.6519032,-0.557320722,-95.5976642,0.05,-0.0126997679,FollowWall,following_with_distance_only,0,14,42,0.394624263,0.695759372,1,0,1,0.258466512,0.696179219,0.696179219,0,0,0,0,0
38.65,1.65165851,-0.559808719,-95.6360713,0.05,-0.0126997679,FollowWall,following_with_distance_only,0,14,42,0.394624263,0.695759372,1,0,1,0.258466512,0.693634342,0.693634342,0,0,0,0,0
38.7,1.65141217,-0.562296552,-95.6736348,0.05,-0.012311697,FollowWall,following_with_distance_only,0,14,42,0.393464178,0.690818364,1,0,1,0.258207798,0.691090898,0.691090898,0,0,0,0,0
38.75,1.65116422,-0.564784226,-95.7102428,0.05,-0.012311697,FollowWall,following_with_distance_only,0,14,42,0.393464178,0.690818364,1,0,1,0.258207798,0.688549048,0.688549048,0,0,0,0,0
38.8,1.6509147,-0.567271742,-95.7462934,0.05,-0.0112930834,FollowWall,following_with_distance_only,0,14,42,0.392329752,0.685890919,1,0,1,0.257528722,0.686008199,0.686008199,0,0,0,0,0
38.85,1.65066364,-0.569759104,-95.7808031,0.05,-0.0112930834,FollowWall,following_with_distance_only,0,14,42,0.392329752,0.685890919,1,0,1,0.257528722,0.683469801,0.683469801,0,0,0,0,0
38.9,1.6504111,-0.572246317,-95.8144139,0.05,-0.0106365234,FollowWall,following_with_distance_only,0,14,42,0.391229481,0.680976977,1,0,1,0.257091016,0.680932898,0.680932898,0,0,0,0,0
38.95,1.65015714,-0.574733383,-95.8467166,0.05,-0.0106365234,FollowWall,following_with_distance_only,0,14,42,0.391229481,0.680976977,1,0,1,0.257091016,0.678398091,0.678398091,0,0,0,0,0
39,1.64990178,-0.577220308,-95.8782562,0.05,-0.0100092441,FollowWall,following_with_distance_only,0,14,42,0.390161008,0.676076185,1,0,1,0.256672829,0.675864567,0.675864567,0,0,0,0,0
39.05,1.64964509,-0.579707095,-95.908602,0.05,-0.0100092441,FollowWall,following_with_distance_only,0,14,42,0.390161008,0.676076185,1,0,1,0.256672829,0.673332959,0.673332959,0,0,0,0,0
39.1,1.64938709,-0.582193746,-95.9382514,0.05,-0.00905321538,FollowWall,following_with_distance_only,0,14,42,0.389120817,0.671187949,1,0,1,0.256035477,0.670802526,0.670802526,0,0,0,0,0
39.15,1.64912784,-0.584680268,-95.9663533,0.05,-0.00905321538,FollowWall,following_with_distance_only,0,14,42,0.389120817,0.671187949,1,0,1,0.256035477,0.668274521,0.668274521,0,0,0,0,0
39.2,1.64886739,-0.587166664,-95.9935526,0.05,-0.00807465613,FollowWall,following_with_distance_only,0,14,42,0.388114482,0.66631221,1,0,1,0.255383104,0.665747985,0.665747985,0,0,0,0,0
39.25,1.64860579,-0.58965294,-96.0190573,0.05,-0.00807465613,FollowWall,following_with_distance_only,0,14,42,0.388114482,0.66631221,1,0,1,0.255383104,0.663224079,0.663224079,0,0,0,0,0
39.3,1.64834311,-0.592139101,-96.0435734,0.05,-0.00732417405,FollowWall,following_with_distance_only,0,14,42,0.387145787,0.661448554,1,0,1,0.254882783,0.660701754,0.660701754,0,0,0,0,0
39.35,1.6480794,-0.594625154,-96.0666171,0.05,-0.00732417405,FollowWall,following_with_distance_only,0,14,42,0.387145787,0.661448554,1,0,1,0.254882783,0.658181719,0.658181719,0,0,0,0,0
39.4,1.64781471,-0.597111102,-96.0888018,0.05,-0.00676202774,FollowWall,following_with_distance_only,0,14,42,0.386210859,0.656596447,1,0,1,0.254508018,0.655663062,0.655663062,0,0,0,0,0
39.45,1.64754908,-0.59959695,-96.1098144,0.05,-0.00676202774,FollowWall,following_with_distance_only,0,14,42,0.386210859,0.656596447,1,0,1,0.254508018,0.65314624,0.65314624,0,0,0,0,0
39.5,1.64728255,-0.602082702,-96.1301434,0.05,-0.00617967546,FollowWall,following_with_distance_only,0,14,42,0.385302812,0.651755356,1,0,1,0.254119784,0.650630527,0.650630527,1,0,0,0,0
39.55,1.64701516,-0.604568362,-96.1493784,0.05,-0.00617967546,FollowWall,following_with_distance_only,0,14,42,0.385302812,0.651755356,1,0,1,0.254119784,0.648116524,0.648116524,1,0,0,0,0
39.6,1.64674696,-0.607053933,-96.1679753,0.05,-0.00556321442,FollowWall,following_with_distance_only,0,14,42,0.384418577,0.64692475,1,0,1,0.25370881,0.645603556,0.645603556,1,0,0,0,0
39.65,1.64647797,-0.60953942,-96.1854641,0.05,-0.00556321442,FollowWall,following_with_distance_only,0,14,42,0.384418577,0.64692475,1,0,1,0.25370881,0.643092308,0.643092308,1,0,0,0,0
39.7,1.64620824,-0.612024826,-96.2023064,0.05,-0.00458711386,FollowWall,following_with_distance_only,0,14,42,0.383557647,0.64210433,1,0,1,0.253058076,0.640582098,0.640582098,1,0,0,0,0
39.75,1.64593781,-0.614510157,-96.2176066,0.05,-0.00458711386,FollowWall,following_with_distance_only,0,14,42,0.383557647,0.64210433,1,0,1,0.253058076,0.638074238,0.638074238,1,0,0,0,0
39.8,1.64566673,-0.616995417,-96.2320072,0.05,-0.00358897448,FollowWall,following_with_distance_only,0,14,42,0.382727504,0.637264359,1,0,1,0.25239265,0.635567776,0.635567776,1,0,0,0,0
39.85,1.64539507,-0.619480613,-96.2446915,0.05,-0.00358897448,FollowWall,following_with_distance_only,0,14,42,0.382727504,0.637264359,1,0,1,0.25239265,0.633063908,0.633063908,1,0,0,0,0
39.9,1.64512288,-0.621965751,-96.2563748,0.05,-0.00292789936,FollowWall,following_with_distance_only,0,14,42,0.381932706,0.632151095,1,0,1,0.251951933,0.630561573,0.630561573,1,0,0,0,0
39.95,1.64485021,-0.624450837,-96.2666849,0.05,-0.00292789936,FollowWall,following_with_distance_only,0,14,42,0.381932706,0.632151095,1,0,1,0.251951933,0.628061313,0.628061313,1,0,0,0,0
40,1.64457711,-0.626935876,-96.2761941,0.05,-0.0024395138,FollowWall,following_with_distance_only,0,14,42,0.381167501,0.622683941,1,0,1,0.251626343,0.625562281,0.625562281,1,0,0,0,0
40.05,1.64430363,-0.629420872,-96.2846531,0.05,-0.0024395138,FollowWall,following_with_distance_only,0,14,42,0.381167501,0.622683941,1,0,1,0.251626343,0.623064838,0.623064838,1,0,0,0,0
40.1,1.64402979,-0.631905829,-96.2924994,0.05,-0.00164097548,FollowWall,following_with_distance_only,0,14,42,0.380424351,0.617802429,1,0,1,0.251093984,0.620568336,0.620568336,1,0,0,0,0
40.15,1.64375564,-0.634390752,-96.2990352,0.05,-0.00164097548,FollowWall,following_with_distance_only,0,14,42,0.380424351,0.617802429,1,0,1,0.251093984,0.618073797,0.618073797,1,0,0,0,0
40.2,1.64348122,-0.636875645,-96.3048066,0.05,-0.000594690442,FollowWall,following_with_distance_only,0,14,42,0.379706264,0.612934681,1,0,1,0.25039646,0.615580414,0.615580414,1,0,0,0,0
40.25,1.64320658,-0.639360515,-96.308883,0.05,-0.000594690442,FollowWall,following_with_distance_only,0,14,42,0.379706264,0.612934681,1,0,1,0.25039646,0.613089547,0.613089547,1,0,0,0,0
40.3,1.6429318,-0.641845367,-96.3119708,0.05,-9.83476639e-07,FollowWall,following_with_distance_only,0,14,42,0.37902078,0.608081109,1,0,1,0.250000656,0.610600153,0.610600153,1,0,0,0,0
40.35,1.6426569,-0.644330208,-96.3137732,0.05,-9.83476639e-07,FollowWall,following_with_distance_only,0,14,42,0.37902078,0.608081109,1,0,1,0.250000656,0.608112661,0.608112661,1,0,0,0,0
40.4,1.64238195,-0.646815042,-96.3148258,0.0713866136,0.129200796,FollowWall,following_right_wall,0,14,42,0.378362,0.603240889,1,1,1,0.249496117,0.605626279,0.605626279,1,0,0,0,0
40.45,1.64206188,-0.649743156,-96.1612177,0.0713866136,0.129200796,FollowWall,following_right_wall,0,14,42,0.378362,0.603240889,1,1,1,0.249496117,0.602924288,0.602924288,1,0,0,0,0
40.5,1.64172464,-0.652930826,-95.9173909,0.0718678086,0.121982871,FollowWall,following_right_wall,0,14,42,0.380345911,0.59758977,1,1,1,0.248685494,0.600096248,0.600096248,1,0,0,0,0
40.55,1.64138592,-0.656280845,-95.6295522,0.0718678086,0.121982871,FollowWall,following_right_wall,0,14,42,0.380345911,0.59758977,1,1,1,0.248685494,0.597171869,0.597171869,1,0,0,0,0
40.6,1.6410558,-0.659726453,-95.31604,0.0726296107,0.11055584,FollowWall,following_right_wall,0,14,42,0.383839458,0.591498027,1,1,1,0.24801898,0.594191201,0.594191201,1,0,0,0,0
40.65,1.6407382,-0.663244405,-95.0011916,0.0726296107,0.11055584,FollowWall,following_right_wall,0,14,42,0.383839458,0.591498027,1,1,1,0.24801898,0.59114156,0.59114156,1,0,0,0,0
40.7,1.64043647,-0.666805246,-94.6855637,0.0733978438,0.0990323431,FollowWall,following_right_wall,0,14,42,0.387753814,0.585242586,1,1,1,0.246837899,0.588051572,0.588051572,1,0,0,0,0
40.75,1.64015078,-0.670407658,-94.3832363,0.0733978438,0.0990323431,FollowWall,following_right_wall,0,14,42,0.387753814,0.585242586,1,1,1,0.246837899,0.584901456,0.584901456,1,0,0,0,0
40.8,1.63988213,-0.674034849,-94.0886675,0.0740791057,0.0888134139,FollowWall,following_right_wall,0,14,42,0.391654074,0.578890386,1,1,1,0.245178401,0.58171615,0.58171615,1,0,0,0,0
40.85,1.63962968,-0.677691116,-93.8108225,0.0740791057,0.0888134139,FollowWall,following_right_wall,0,14,42,0.391654074,0.578890386,1,1,1,0.245178401,0.578477753,0.578477753,1,0,0,0,0
40.9,1.63939361,-0.681364754,-93.542733,0.0747411438,0.0788828424,FollowWall,following_right_wall,0,14,42,0.395384669,0.572456072,1,1,1,0.24424991,0.575208291,0.575208291,1,0,0,0,0
40.95,1.63917278,-0.685062649,-93.292188,0.0747411438,0.0788828424,FollowWall,following_right_wall,0,14,42,0.395384669,0.572456072,1,1,1,0.24424991,0.57188898,0.57188898,1,0,0,0,0
41,1.63896705,-0.688775008,-93.0518773,0.075331559,0.0700266148,FollowWall,following_right_wall,0,14,42,0.398875624,0.565549295,1,1,1,0.243419945,0.568540515,0.568540515,1,0,0,0,0
41.05,1.63877531,-0.692508361,-92.828108,0.075331559,0.0700266148,FollowWall,following_right_wall,0,14,42,0.398875624,0.565549295,1,1,1,0.243419945,0.565146683,0.565146683,1,0,0,0,0
41.1,1.63859728,-0.696254199,-92.6139878,0.0758568238,0.0621476428,FollowWall,following_right_wall,0,14,42,0.402104318,0.558506537,1,1,1,0.242720261,0.56172633,0.56172633,1,0,0,0,0
41.15,1.63843198,-0.700018461,-92.414901,0.0758568238,0.0621476428,FollowWall,following_right_wall,0,14,42,0.402104318,0.558506537,1,1,1,0.242720261,0.558265228,0.558265228,1,0,0,0,0
41.2,1.63827905,-0.703793651,-92.2245838,0.0763265883,0.0551011754,FollowWall,following_right_wall,0,14,42,0.405071199,0.551370394,1,1,1,0.242175773,0.554780314,0.554780314,1,0,0,0,0
41.25,1.63813763,-0.707585151,-92.0477932,0.0763265883,0.0551011754,FollowWall,following_right_wall,0,14,42,0.405071199,0.551370394,1,1,1,0.242175773,0.551258869,0.551258869,1,0,0,0,0
41.3,1.63800732,-0.711386303,-91.8788932,0.0767711066,0.0484334014,FollowWall,following_right_wall,0,14,42,0.407784492,0.54414791,1,1,1,0.242034107,0.547716085,0.547716085,1,0,0,0,0
41.35,1.63788735,-0.715202456,-91.7225551,0.0767711066,0.0484334014,FollowWall,following_right_wall,0,14,42,0.407784492,0.54414791,1,1,1,0.242034107,0.5441394,0.5441394,1,0,0,0,0
41.4,1.63777729,-0.71902746,-91.5735447,0.0771454261,0.0428186088,FollowWall,following_right_wall,0,14,42,0.410245091,0.536843957,1,1,1,0.24172692,0.540542922,0.540542922,1,0,0,0,0
41.45,1.63767649,-0.722865509,-91.4355111,0.0771454261,0.0428186088,FollowWall,following_right_wall,0,14,42,0.410245091,0.536843957,1,1,1,0.24172692,0.536916809,0.536916809,1,0,0,0,0
41.5,1.63758454,-0.72671124,-91.3038805,0.0774790408,0.0378143887,FollowWall,following_right_wall,0,14,42,0.412469447,0.529468277,1,1,1,0.241505876,0.5332734,0.5332734,1,0,0,0,0
41.55,1.63750085,-0.730568463,-91.1819584,0.0774790408,0.0378143887,FollowWall,following_right_wall,0,14,42,0.412469447,0.529468277,1,1,1,0.241505876,0.529603765,0.529603765,1,0,0,0,0
41.6,1.63742505,-0.734432443,-91.0656995,0.0777785233,0.0333221504,FollowWall,following_right_wall,0,14,42,0.414474517,0.522030616,1,1,1,0.241370246,0.525918829,0.525918829,1,0,0,0,0
41.65,1.63735662,-0.738306646,-90.9581065,0.0777785233,0.0333221504,FollowWall,following_right_wall,0,14,42,0.414474517,0.522030616,1,1,1,0.241370246,0.522210468,0.522210468,1,0,0,0,0
41.7,1.6372952,-0.742186851,-90.8555685,0.0780182729,0.0297259069,FollowWall,following_right_wall,0,14,42,0.416274101,0.514539541,1,1,1,0.240994766,0.518488444,0.518488444,1,0,0,0,0
41.75,1.63724036,-0.746075581,-90.760272,0.0780182729,0.0297259069,FollowWall,following_right_wall,0,14,42,0.416274101,0.514539541,1,1,1,0.240994766,0.514746836,0.514746836,1,0,0,0,0
41.8,1.63719179,-0.74996931,-90.6691997,0.0782347417,0.0264788743,FollowWall,following_right_wall,0,14,42,0.417893201,0.507006499,1,1,1,0.240698099,0.510993809,0.510993809,1,0,0,0,0
41.85,1.63714911,-0.753870486,-90.5844673,0.0782347417,0.0264788743,FollowWall,following_right_wall,0,14,42,0.417893201,0.507006499,1,1,1,0.240698099,0.507223629,0.507223629,1,0,0,0,0
41.9,1.63711203,-0.757776022,-90.5034333,0.0784336844,0.0234947347,FollowWall,following_right_wall,0,14,42,0.419349581,0.499440294,1,1,1,0.240487605,0.50344345,0.50344345,1,0,0,0,0
41.95,1.63708022,-0.76168826,-90.4281187,0.0784336844,0.0234947347,FollowWall,following_right_wall,0,14,42,0.419349581,0.499440294,1,1,1,0.240487605,0.499647792,0.499647792,1,0,0,0,0
42,1.63705342,-0.765604418,-90.3561404,0.0785938666,0.0210920004,FollowWall,following_right_wall,0,14,42,0.420653552,0.491846913,1,1,1,0.24011153,0.495843112,0.495843112,1,0,0,0,0
42.05,1.63703134,-0.769526207,-90.2889763,0.0785938666,0.0210920004,FollowWall,following_right_wall,0,14,42,0.420653552,0.491846913,1,1,1,0.24011153,0.492025399,0.492025399,1,0,0,0,0
42.1,1.63701375,-0.773451286,-90.2246205,0.078767204,0.0184919399,FollowWall,following_right_wall,0,14,42,0.421822757,0.484233987,1,1,1,0.240057006,0.488200094,0.488200094,1,0,0,0,0
42.15,1.63700038,-0.777381899,-90.1650066,0.078767204,0.0184919399,FollowWall,following_right_wall,0,14,42,0.421822757,0.484233987,1,1,1,0.240057006,0.484361947,0.484361947,1,0,0,0,0
42.2,1.63699101,-0.781315743,-90.1081586,0.0788960665,0.0165590029,FollowWall,following_right_wall,0,14,42,0.422857344,0.476603628,1,1,1,0.239727318,0.480516318,0.480516318,1,0,0,0,0
42.25,1.63698539,-0.785254155,-90.0552314,0.0788960665,0.0165590029,FollowWall,following_right_wall,0,14,42,0.422857344,0.476603628,1,1,1,0.239727318,0.476660069,0.476660069,1,0,0,0,0
42.3,1.63698333,-0.789195232,-90.0045914,0.079011589,0.0148261649,FollowWall,following_right_wall,0,14,42,0.423772514,0.468883246,1,1,1,0.239406332,0.472797636,0.472797636,1,0,0,0,0
42.35,1.63698464,-0.793140269,-89.957354,0.079011589,0.0148261649,FollowWall,following_right_wall,0,14,42,0.423772514,0.468883246,1,1,1,0.239406332,0.468793498,0.468793498,1,0,0,0,0
42.4,1.63698914,-0.797087612,-89.9121014,0.0791611851,0.0125822229,FollowWall,following_right_wall,0,14,42,0.424581528,0.46088013,1,1,1,0.239537328,0.464775896,0.464775896,1,0,0,0,0
42.45,1.63699663,-0.801039415,-89.8706851,0.0791611851,0.0125822229,FollowWall,following_right_wall,0,14,42,0.424581528,0.46088013,1,1,1,0.239537328,0.460759811,0.460759811,1,0,0,0,0
42.5,1.63700691,-0.804993816,-89.8315067,0.0793006481,0.0104902788,FollowWall,following_right_wall,0,14,42,0.425272584,0.452829732,1,1,1,0.239688322,0.456744621,0.456744621,1,0,0,0,0
42.55,1.63701977,-0.808952633,-89.7961307,0.0793006481,0.0104902788,FollowWall,following_right_wall,0,14,42,0.425272584,0.452829732,1,1,1,0.239688322,0.452730929,0.452730929,1,0,0,0,0
42.6,1.63703501,-0.812914023,-89.7629729,0.0794272045,0.00859193182,FollowWall,following_right_wall,0,14,42,0.425840318,0.444857984,1,1,1,0.239834473,0.448718119,0.448718119,1,0,0,0,0
42.65,1.63705244,-0.816879546,-89.733375,0.0794272045,0.00859193182,FollowWall,following_right_wall,0,14,42,0.425840318,0.444857984,1,1,1,0.239834473,0.444706707,0.444706707,1,0,0,0,0
42.7,1.63707186,-0.820847476,-89.7058537,0.0795573926,0.00663911091,FollowWall,following_right_wall,0,14,42,0.42628786,0.436927022,1,1,1,0.240129232,0.440696117,0.440696117,1,0,0,0,0
42.75,1.63709308,-0.824819518,-89.6818747,0.0795573926,0.00663911091,FollowWall,following_right_wall,0,14,42,0.42628786,0.436927022,1,1,1,0.240129232,0.436686912,0.436686912,1,0,0,0,0
42.8,1.63711591,-0.828793956,-89.6599622,0.0796866252,0.00470062252,FollowWall,following_right_wall,0,14,42,0.426614344,0.428856923,1,1,1,0.24052459,0.432678521,0.432678521,1,0,0,0,0
42.85,1.63714016,-0.832772481,-89.6415689,0.0796866252,0.00470062252,FollowWall,following_right_wall,0,14,42,0.426614344,0.428856923,1,1,1,0.24052459,0.4286715,0.4286715,1,0,0,0,0
42.9,1.63716563,-0.836753386,-89.6252285,0.0797873007,0.00319049025,FollowWall,following_right_wall,0,14,42,0.426818132,0.420804664,1,1,1,0.240751952,0.424665282,0.424665282,1,0,0,0,0
42.95,1.63719216,-0.840737776,-89.6118882,0.0797873007,0.00319049025,FollowWall,following_right_wall,0,14,42,0.426818132,0.420804664,1,1,1,0.240751952,0.42066023,0.42066023,1,0,0,0,0
43,1.63721957,-0.844724196,-89.6002981,0.0798444031,0.00233395367,FollowWall,following_right_wall,0,14,42,0.426910996,0.412784755,1,1,1,0.24065046,0.416655859,0.416655859,1,0,0,0,0
43.05,1.63724773,-0.848712988,-89.5907512,0.0798444031,0.00233395367,FollowWall,following_right_wall,0,14,42,0.426910996,0.412784755,1,1,1,0.24065046,0.412652283,0.412652283,1,0,0,0,0
43.1,1.63727652,-0.852703163,-89.5823962,0.0799188989,0.00121651708,FollowWall,following_right_wall,0,14,42,0.426919967,0.404796375,1,1,1,0.240506575,0.40864917,0.40864917,1,0,0,0,0
43.15,1.63730584,-0.856695695,-89.5760704,0.0799188989,0.00121651708,FollowWall,following_right_wall,0,14,42,0.426919967,0.404796375,1,1,1,0.240506575,0.404646843,0.404646843,1,0,0,0,0
43.2,1.63733557,-0.860689601,-89.5709282,0.0799651907,0.000522139673,FollowWall,following_right_wall,0,14,42,0.426851004,0.396838934,1,1,1,0.240447462,0.400644975,0.400644975,1,0,0,0,0
43.25,1.63736562,-0.864685273,-89.5673053,0.0799651907,0.000522139673,FollowWall,following_right_wall,0,14,42,0.426851004,0.396838934,1,1,1,0.240447462,0.396643694,0.396643694,1,1,0,0,0
43.3,1.6373959,-0.868681974,-89.5645687,0.0799842001,0.000236998216,FollowWall,following_right_wall,0,14,42,0.426717907,0.388911698,1,1,1,0.240235135,0.392642756,0.392642756,1,1,0,0,0
43.35,1.63742634,-0.872679671,-89.5626895,0.0799842001,0.000236998216,FollowWall,following_right_wall,0,14,42,0.426717907,0.388911698,1,1,1,0.240235135,0.388642149,0.388642149,1,1,0,0,0
43.4,1.63745691,-0.87667795,-89.5613103,0.0799962855,5.5718003e-05,FollowWall,following_right_wall,0,14,42,0.426542014,0.381013666,1,1,1,0.240040824,0.384641735,0.384641735,1,1,0,0,0
43.45,1.63748756,-0.880676819,-89.5604393,0.0799962855,5.5718003e-05,FollowWall,following_right_wall,0,14,42,0.426542014,0.381013666,1,1,1,0.240040824,0.380641518,0.380641518,1,1,0,0,0
43.5,1.63751826,-0.884676032,-89.5598648,0.0799618336,-0.000572495333,FollowWall,following_right_wall,0,14,42,0.426337957,0.372589337,1,1,1,0.240201026,0.376641415,0.376641415,1,1,0,0,0
43.55,1.63754897,-0.888674729,-89.5602129,0.0799618336,-0.000572495333,FollowWall,following_right_wall,0,14,42,0.426337957,0.372589337,1,1,1,0.240201026,0.372643257,0.372643257,1,1,0,0,0
43.6,1.63757963,-0.892673125,-89.5610994,0.0799425969,-0.000861046623,FollowWall,following_right_wall,0,14,42,0.426099032,0.364609149,1,1,1,0.240226075,0.368646233,0.368646233,1,1,0,0,0
43.65,1.6376102,-0.896670945,-89.5626443,0.0799425969,-0.000861046623,FollowWall,following_right_wall,0,14,42,0.426099032,0.364609149,1,1,1,0.240226075,0.364650805,0.364650805,1,1,0,0,0
43.7,1.63764065,-0.90066843,-89.5645733,0.0799612524,-0.000581214051,FollowWall,following_right_wall,0,14,42,0.425831556,0.356663758,1,1,1,0.239965543,0.360656307,0.360656307,1,1,0,0,0
43.75,1.63767096,-0.904666108,-89.5663923,0.0799612524,-0.000581214051,FollowWall,following_right_wall,0,14,42,0.425831556,0.356663758,1,1,1,0.239965543,0.356661445,0.356661445,1,1,0,0,0
43.8,1.63770116,-0.9086639,-89.5681472,0.079953658,-0.000695129651,FollowWall,following_right_wall,0,14,42,0.419836015,0.348746782,1,1,1,0.24000591,0.35266637,0.35266637,1,1,0,0,0
43.85,1.63773123,-0.912661599,-89.5700006,0.079953658,-0.000695129651,FollowWall,following_right_wall,0,14,42,0.419836015,0.348746782,1,1,1,0.24000591,0.34867154,0.34867154,1,1,0,0,0
43.9,1.63776116,-0.916659246,-89.5719116,0.0799180196,-0.00122970626,FollowWall,following_right_wall,0,14,42,0.412010014,0.340858337,1,1,1,0.240366444,0.344676853,0.344676853,1,1,0,0,0
43.95,1.63779093,-0.92065612,-89.5744941,0.0799180196,-0.00122970626,FollowWall,following_right_wall,0,14,42,0.412010014,0.340858337,1,1,1,0.240366444,0.340683978,0.340683978,1,1,0,0,0
44,1.63782051,-0.924652543,-89.5774685,0.0799132975,-0.00130053754,FollowWall,following_right_wall,0,14,42,0.404065043,0.33295592,1,1,1,0.240504682,0.336692159,0.336692159,1,1,0,0,0
44.05,1.63784987,-0.928648607,-89.5807559,0.0799132975,-0.00130053754,FollowWall,following_right_wall,0,14,42,0.404065043,0.33295592,1,1,1,0.240504682,0.332701186,0.332701186,1,1,0,0,0
44.1,1.63787898,-0.932644461,-89.584226,0.0798979292,-0.00153106261,FollowWall,following_right_wall,0,14,42,0.396125227,0.324913903,1,1,1,0.240811139,0.328710705,0.328710705,1,1,0,0,0
44.15,1.63790784,-0.936639874,-89.5880777,0.0798979292,-0.00153106261,FollowWall,following_right_wall,0,14,42,0.396125227,0.324913903,1,1,1,0.240811139,0.324721257,0.324721257,1,1,0,0,0
44.2,1.63793642,-0.94063503,-89.5921522,0.0798989334,-0.00151599919,FollowWall,following_right_wall,0,14,42,0.388112545,0.316903257,1,1,1,0.241026148,0.32073241,0.32073241,1,1,0,0,0
44.25,1.63796472,-0.944630058,-89.5963385,0.0798989334,-0.00151599919,FollowWall,following_right_wall,0,14,42,0.388112545,0.316903257,1,1,1,0.241026148,0.316743865,0.316743865,1,1,0,0,0
44.3,1.63799271,-0.948625013,-89.6005902,0.0799505131,-0.000742303888,FollowWall,following_right_wall,0,14,42,0.380034745,0.308922579,1,1,1,0.240810946,0.312755495,0.312755495,1,1,0,0,0
44.35,1.63802045,-0.952621,-89.6039563,0.0799505131,-0.000742303888,FollowWall,following_right_wall,0,14,42,0.380034745,0.308922579,1,1,1,0.240810946,0.308764721,0.308764721,1,1,0,0,0
44.4,1.63804798,-0.956617589,-89.606806,0.0799461786,-0.000807320343,FollowWall,following_right_wall,0,14,42,0.371982664,0.30096521,1,1,1,0.241150424,0.304772545,0.304772545,1,1,0,0,0
44.45,1.63807532,-0.96061444,-89.609432,0.0799461786,-0.000807320343,FollowWall,following_right_wall,0,14,42,0.371982664,0.30096521,1,1,1,0.241150424,0.300779761,0.300779761,1,1,0,0,0
44.5,1.63810248,-0.964611444,-89.6119275,0.0799888937,-0.000166593837,FollowWall,following_right_wall,0,14,42,0.363952219,0.292967359,1,1,1,0.241068125,0.296786622,0.296786622,1,1,0,0,0
44.55,1.6381295,-0.968609428,-89.613582,0.0799888937,-0.000166593837,FollowWall,following_right_wall,0,14,42,0.363952219,0.292967359,1,1,1,0.241068125,0.292791201,0.292791201,1,1,0,0,0
44.6,1.63815643,-0.972607983,-89.614746,0.0799556538,0.000665193137,FollowWall,following_right_wall,0,14,42,0.355800301,0.284916527,1,1,1,0.240875065,0.288794449,0.288794449,1,1,0,0,0
44.65,1.63818331,-0.976606179,-89.614631,0.0799556538,0.000665193137,FollowWall,following_right_wall,0,14,42,0.355800301,0.284916527,1,1,1,0.240875065,0.284796075,0.284796075,1,1,0,0,0
44.7,1.63821023,-0.980604164,-89.6137699,0,0.6,TurnLeft,avoiding_front_obstacle,0,14,42,0.347676545,0.276887272,1,1,1,0.240714744,0.280796756,0.280796756,1,1,0,0,0
44.75,1.63824054,-0.982936178,-88.8970704,0,0.6,TurnLeft,avoiding_front_obstacle,0,14,42,0.347676545,0.276887272,1,1,1,0.240714744,0.27735774,0.27735774,1,1,0,0,0
44.8,1.63828019,-0.984296057,-87.7627984,0,0.6,TurnLeft,avoiding_front_obstacle,0,14,42,0.343846291,0.270147182,1,1,1,0.239834726,0.274258649,0.274258649,1,1,0,0,0
44.85,1.6383207,-0.985088622,-86.3849425,0,0.6,TurnLeft,avoiding_front_obstacle,0,14,42,0.343846291,0.270147182,1,1,1,0.239834726,0.271375291,0.271375291,1,1,0,0,0
44.9,1.63835602,-0.985550206,-84.864996,0,0.6,TurnLeft,avoiding_front_obstacle,0,14,42,0.342519611,0.264896265,1,1,1,0.238966271,0.268636555,0.268636555,1,1,0,0,0
44.95,1.63838395,-0.985818802,-83.2621632,0,0.6,TurnLeft,avoiding_front_obstacle,0,14,42,0.342519611,0.264896265,1,1,1,0.238966271,0.266001584,0.266001584,1,1,0,0,0
45,1.63840468,-0.985974958,-81.6109802,0,0.6,TurnLeft,avoiding_front_obstacle,0,14,42,0.341833293,0.261008079,1,1,1,0.238325328,0.263447114,0.263447114,1,1,0,0,0
45.05,1.63841942,-0.986065658,-79.9315929,0,0.6,TurnLeft,avoiding_front_obstacle,0,14,42,0.341833293,0.261008079,1,1,1,0.238325328,0.26096023,0.26096023,1,1,0,0,0
45.1,1.63842957,-0.986118291,-78.2357531,0,0.6,TurnLeft,avoiding_front_obstacle,0,14,42,0.341460049,0.258092929,1,1,1,0.238509491,0.258534124,0.258534124,1,1,0,0,0
45.15,1.6384364,-0.986148804,-76.5303159,0,0.6,TurnLeft,avoiding_front_obstacle,0,14,42,0.341460049,0.258092929,1,1,1,0.238509491,0.256165606,0.256165606,1,1,0,0,0
45.2,1.63844091,-0.986166477,-74.8192803,0,0.6,TurnLeft,avoiding_front_obstacle,0,14,42,0.340828836,0.252886252,1,1,1,0.239197895,0.253853612,0.253853612,1,1,0,0,0
45.25,1.63844385,-0.986176702,-73.104979,0,0.6,TurnLeft,avoiding_front_obstacle,0,14,42,0.340828836,0.252886252,1,1,1,0.239197895,0.251598326,0.251598326,1,1,0,0,0
45.3,1.63844574,-0.986182613,-71.3887726,0,0.6,TurnLeft,avoiding_front_obstacle,0,14,42,0.340420485,0.251486836,1,0,1,0.242214501,0.249400656,0.249400656,1,1,0,0,0
45.35,1.63844695,-0.986186027,-69.671455,0,0.6,TurnLeft,avoiding_front_obstacle,0,14,42,0.340420485,0.251486836,1,0,1,0.242214501,0.247261911,0.247261911,1,1,0,0,0
45.4,1.63844771,-0.986187996,-67.9534892,0,0.6,TurnLeft,avoiding_front_obstacle,0,14,42,0.339749932,0.251163193,1,0,1,0.245564446,0.245183622,0.245183622,1,1,0,0,0
45.45,1.63844819,-0.986189131,-66.2351452,0,0.6,TurnLeft,avoiding_front_obstacle,0,14,42,0.339749932,0.251163193,1,0,1,0.245564446,0.243167427,0.243167427,1,1,0,0,0
45.5,1.63844849,-0.986189784,-64.5165806,0,0.6,TurnLeft,avoiding_front_obstacle,0,14,42,0.33876735,0.251913214,1,0,1,0.250363737,0.241215003,0.241215003,1,1,0,0,0
45.55,1.63844868,-0.98619016,-62.7978874,0,0.6,TurnLeft,avoiding_front_obstacle,0,14,42,0.33876735,0.251913214,1,0,1,0.250363737,0.239328024,0.239328024,1,1,0,0,0
45.6,1.63844879,-0.986190376,-61.0791191,0,0.6,TurnLeft,avoiding_front_obstacle,0,14,42,0.338208228,0.253756247,1,0,1,0.256601781,0.237508142,0.237508142,1,1,0,0,0
45.65,1.63844886,-0.9861905,-59.360307,0,0.6,TurnLeft,avoiding_front_obstacle,0,14,42,0.338208228,0.253756247,1,0,1,0.256601781,0.235756966,0.235756966,1,1,0,0,0
45.7,1.63844891,-0.986190571,-57.6414693,0,0.6,TurnLeft,avoiding_front_obstacle,0,14,42,0.336909294,0.261497131,1,0,1,0.263731956,0.234076056,0.234076056,1,1,0,0,0
45.75,1.63844893,-0.986190611,-55.9226168,0,0.6,TurnLeft,avoiding_front_obstacle,0,14,42,0.336909294,0.261497131,1,0,1,0.263731956,0.232466914,0.232466914,1,1,0,0,0
45.8,1.63844895,-0.986190634,-54.2037556,0,0.6,TurnLeft,avoiding_front_obstacle,0,14,42,0.336488366,0.266061808,1,0,1,0.272481769,0.230930982,0.230930982,1,1,0,0,0
45.85,1.63844896,-0.986190648,-52.4848893,0,0.6,TurnLeft,avoiding_front_obstacle,0,14,42,0.336488366,0.266061808,1,0,1,0.272481769,0.22946964,0.22946964,1,1,0,0,0
45.9,1.63844897,-0.986190655,-50.7660201,0,0.6,TurnLeft,avoiding_front_obstacle,0,14,42,0.337203443,0.278436865,1,0,1,0.283128113,0.228084202,0.228084202,1,1,0,0,0
45.95,1.63844897,-0.986190659,-49.0471491,0,0.6,TurnLeft,avoiding_front_obstacle,0,14,42,0.337203443,0.278436865,1,0,1,0.283128113,0.226775911,0.226775911,1,1,0,0,0
46,1.63844897,-0.986190662,-47.3282771,0,0.6,TurnLeft,avoiding_front_obstacle,0,14,42,0.338619083,0.286719162,1,0,1,0.296034545,0.225545946,0.225545946,1,1,0,0,0
46.05,1.63844897,-0.986190663,-45.6094046,0,0.6,TurnLeft,avoiding_front_obstacle,0,14,42,0.338619083,0.286719162,1,0,1,0.296034545,0.224395412,0.224395412,1,1,0,0,0
46.1,1.63844897,-0.986190664,-43.8905316,0,0.6,TurnLeft,avoiding_front_obstacle,0,14,42,0.340944082,0.296381238,1,0,1,0.311684221,0.223325345,0.223325345,1,1,0,0,0
46.15,1.63844897,-0.986190664,-42.1716585,0,0.6,TurnLeft,avoiding_front_obstacle,0,14,42,0.340944082,0.296381238,1,0,1,0.311684221,0.222336708,0.222336708,1,1,0,0,0
46.2,1.63844898,-0.986190665,-40.4527853,0,0.6,TurnLeft,avoiding_front_obstacle,0,14,42,0.344497472,0.309270148,1,0,1,0.330729663,0.22143039,0.22143039,1,1,0,0,0
46.25,1.63844898,-0.986190665,-38.733912,0,0.6,TurnLeft,avoiding_front_obstacle,0,14,42,0.344497472,0.309270148,1,0,1,0.330729663,0.220607207,0.220607207,1,1,0,0,0
46.3,1.63844898,-0.986190665,-37.0150387,0,0.6,TurnLeft,avoiding_front_obstacle,0,14,42,0.349359274,0.327172771,1,0,1,0.354320318,0.2198679,0.2198679,1,1,0,0,0
46.35,1.63844898,-0.986190665,-35.2961653,0,0.6,TurnLeft,avoiding_front_obstacle,0,14,42,0.349359274,0.327172771,1,0,1,0.354320318,0.219213134,0.219213134,1,1,0,0,0
46.4,1.63844898,-0.986190665,-33.577292,0,0.6,TurnLeft,avoiding_front_obstacle,0,14,42,0.35563904,0.319815574,1,0,1,0.358650833,0.218643497,0.218643497,1,1,0,0,0
46.45,1.63844898,-0.986190665,-31.8584186,0,0.6,TurnLeft,avoiding_front_obstacle,0,14,42,0.35563904,0.319815574,1,0,1,0.358650833,0.218159504,0.218159504,1,1,0,0,0
46.5,1.63844898,-0.986190665,-30.1395452,0,0.6,TurnLeft,avoiding_front_obstacle,0,14,42,0.363481343,0.311931704,1,0,1,0.35562858,0.217761589,0.217761589,1,1,0,0,0
46.55,1.63844898,-0.986190665,-28.4206718,0,0.6,TurnLeft,avoiding_front_obstacle,0,14,42,0.363481343,0.311931704,1,0,1,0.35562858,0.217450111,0.217450111,1,1,0,0,0
46.6,1.63844898,-0.986190665,-26.7017985,0,0.6,TurnLeft,avoiding_front_obstacle,0,14,42,0.373074174,0.308022454,1,0,1,0.352310985,0.217225349,0.217225349,1,1,0,0,0
46.65,1.63844898,-0.986190665,-24.9829251,0,0.6,TurnLeft,avoiding_front_obstacle,0,14,42,0.373074174,0.308022454,1,0,1,0.352310985,0.217087507,0.217087507,1,1,0,0,0
46.7,1.63844898,-0.986190665,-23.2640517,0,0.6,TurnLeft,avoiding_front_obstacle,0,14,42,0.384660155,0.305455615,1,0,1,0.351699054,0.217036707,0.217036707,1,1,0,0,0
46.75,1.63844898,-0.986190665,-21.5451783,0,0.6,TurnLeft,avoiding_front_obstacle,0,14,42,0.384660155,0.305455615,1,0,1,0.351699054,0.217072996,0.217036707,1,1,0,0,0
46.8,1.63844898,-0.986190665,-19.8263049,0,0.6,TurnLeft,avoiding_front_obstacle,0,14,42,0.38775903,0.304176682,1,0,1,0.346130162,0.217196342,0.217036707,1,1,0,0,0
46.85,1.63844898,-0.986190665,-18.1074315,0,0.6,TurnLeft,avoiding_front_obstacle,0,14,42,0.38775903,0.304176682,1,0,1,0.346130162,0.217406633,0.217036707,1,1,0,0,0
46.9,1.63844898,-0.986190665,-16.3885582,0,0.6,TurnLeft,avoiding_front_obstacle,0,14,42,0.388556182,0.304155618,1,0,1,0.337323874,0.217703679,0.217036707,1,1,0,0,0
46.95,1.63844898,-0.986190665,-14.6696848,0,0.6,TurnLeft,avoiding_front_obstacle,0,14,42,0.388556182,0.304155618,1,0,1,0.337323874,0.218087215,0.217036707,1,1,0,0,0
47,1.63844898,-0.986190665,-12.9508114,0,0.6,TurnLeft,avoiding_front_obstacle,0,14,42,0.389067173,0.305385335,1,0,1,0.330111086,0.218556893,0.217036707,1,1,0,0,0
47.05,1.63844898,-0.986190665,-11.231938,0,0.6,TurnLeft,avoiding_front_obstacle,0,14,42,0.389067173,0.305385335,1,0,1,0.330111086,0.219112293,0.217036707,1,1,0,0,0
47.1,1.63844898,-0.986190665,-9.51306461,0,0.6,TurnLeft,avoiding_front_obstacle,0,14,42,0.389306486,0.307616284,1,0,1,0.324452102,0.219752913,0.217036707,1,1,0,0,0
47.15,1.63844898,-0.986190665,-7.79419122,0,0.6,TurnLeft,avoiding_front_obstacle,0,14,42,0.389306486,0.307616284,1,0,1,0.324452102,0.220478178,0.217036707,1,1,0,0,0
47.2,1.63844898,-0.986190665,-6.07531784,0,0.6,TurnLeft,avoiding_front_obstacle,0,14,42,0.389489144,0.311033843,1,0,1,0.321663201,0.221287435,0.217036707,1,1,0,0,0
47.25,1.63844898,-0.986190665,-4.35644445,0,0.6,TurnLeft,avoiding_front_obstacle,0,14,42,0.389489144,0.311033843,1,0,1,0.321663201,0.222179955,0.217036707,1,1,0,0,0
47.3,1.63844898,-0.986190665,-2.63757107,0,0.6,TurnLeft,avoiding_front_obstacle,0,14,42,0.389817804,0.315809648,1,0,1,0.318986118,0.223154935,0.217036707,1,1,0,0,0
47.35,1.63844898,-0.986190665,-0.918697683,0,0.6,TurnLeft,avoiding_front_obstacle,0,14,42,0.389817804,0.315809648,1,0,1,0.318986118,0.224211498,0.217036707,1,1,0,0,0
47.4,1.63844898,-0.986190665,0.800175702,0,0.6,TurnLeft,avoiding_front_obstacle,0,14,42,0.390116036,0.318558389,1,0,1,0.317292929,0.223393559,0.217036707,1,1,0,0,0
47.45,1.63844898,-0.986190665,2.51904909,0,0.6,TurnLeft,avoiding_front_obstacle,0,14,42,0.390116036,0.318558389,1,0,1,0.317292929,0.220412282,0.217036707,1,1,0,0,0
47.5,1.63844898,-0.986190665,4.23792247,0,0.6,TurnLeft,avoiding_front_obstacle,0,14,42,0.389610589,0.312730737,1,0,1,0.315198094,0.217515056,0.217036707,1,1,0,0,0
47.55,1.63844898,-0.986190665,5.95679586,0,0.6,TurnLeft,avoiding_front_obstacle,0,14,42,0.389610589,0.312730737,1,0,1,0.315198094,0.214704488,0.214704488,1,1,0,0,0
47.6,1.63844898,-0.986190665,7.67566924,0,0.6,TurnLeft,avoiding_front_obstacle,0,14,42,0.389636815,0.308296601,1,0,1,0.313682556,0.211983108,0.211983108,1,1,0,0,0
47.65,1.63844898,-0.986190665,9.39454263,0,0.6,TurnLeft,avoiding_front_obstacle,0,14,42,0.389636815,0.308296601,1,0,1,0.313682556,0.209353365,0.209353365,1,1,0,0,0
47.7,1.63844898,-0.986190665,11.113416,0,0.6,TurnLeft,avoiding_front_obstacle,0,14,42,0.388973653,0.305198902,1,0,1,0.314364135,0.206817625,0.206817625,1,1,0,0,0
47.75,1.63844898,-0.986190665,12.8322894,0,0.6,TurnLeft,avoiding_front_obstacle,0,14,42,0.388973653,0.305198902,1,0,1,0.314364135,0.204378171,0.204378171,1,1,0,0,0
47.8,1.63844898,-0.986190665,14.5511628,0,0.6,TurnLeft,avoiding_front_obstacle,0,14,42,0.389086157,0.303385738,1,0,1,0.318033963,0.202037197,0.202037197,1,1,0,0,0
47.85,1.63844898,-0.986190665,16.2700362,0,0.6,TurnLeft,avoiding_front_obstacle,0,14,42,0.389086157,0.303385738,1,0,1,0.318033963,0.19979681,0.19979681,1,1,0,0,0
47.9,1.63844898,-0.986190665,17.9889096,0,0.6,TurnLeft,avoiding_front_obstacle,0,14,42,0.388102531,0.302829213,1,0,1,0.321687639,0.197659027,0.197659027,1,1,0,0,0
47.95,1.63844898,-0.986190665,19.7077829,0,0.6,TurnLeft,avoiding_front_obstacle,0,14,42,0.388102531,0.302829213,1,0,1,0.321687639,0.195625772,0.195625772,1,1,0,0,0
48,1.63844898,-0.986190665,21.4266563,0,0.6,TurnLeft,avoiding_front_obstacle,0,14,42,0.38760829,0.303524269,1,0,1,0.326351345,0.193698874,0.193698874,1,1,0,0,0
48.05,1.63844898,-0.986190665,23.1455297,0,0.6,TurnLeft,avoiding_front_obstacle,0,14,42,0.38760829,0.303524269,1,0,1,0.326351345,0.191880067,0.191880067,1,1,0,0,0
48.1,1.63844898,-0.986190665,24.8644031,0,0.6,TurnLeft,avoiding_front_obstacle,0,14,42,0.386941195,0.30548854,1,0,1,0.332463473,0.190170988,0.190170988,1,1,0,0,0
48.15,1.63844898,-0.986190665,26.5832765,0,0.6,TurnLeft,avoiding_front_obstacle,0,14,42,0.386941195,0.30548854,1,0,1,0.332463473,0.188573175,0.188573175,1,1,0,0,0
48.2,1.63844898,-0.986190665,28.3021499,0,0.6,TurnLeft,avoiding_front_obstacle,0,14,42,0.38588509,0.308763268,1,0,1,0.340180814,0.187088067,0.187088067,1,1,0,0,0
48.25,1.63844898,-0.986190665,30.0210233,0,0.6,TurnLeft,avoiding_front_obstacle,0,14,42,0.38588509,0.308763268,1,0,1,0.340180814,0.185716999,0.185716999,1,1,0,0,0
48.3,1.63844898,-0.986190665,31.7398966,0,0.6,TurnLeft,avoiding_front_obstacle,0,14,42,0.384910196,0.313415046,1,0,1,0.349707276,0.184461205,0.184461205,1,1,0,0,0
48.35,1.63844898,-0.986190665,33.45877,0,0.6,TurnLeft,avoiding_front_obstacle,0,14,42,0.384910196,0.313415046,1,0,1,0.349707276,0.183321816,0.183321816,1,1,0,0,0
48.4,1.63844898,-0.986190665,35.1776434,0,0.6,TurnLeft,avoiding_front_obstacle,0,14,42,0.384378552,0.32850807,1,0,1,0.361306846,0.182299857,0.182299857,1,1,0,0,0
48.45,1.63844898,-0.986190665,36.8965168,0,0.6,TurnLeft,avoiding_front_obstacle,0,14,42,0.384378552,0.32850807,1,0,1,0.361306846,0.181396248,0.181396248,1,1,0,0,0
48.5,1.63844898,-0.986190665,38.6153902,0,0.6,TurnLeft,avoiding_front_obstacle,0,14,42,0.385153949,0.337422048,1,0,1,0.375602722,0.180611801,0.180611801,1,1,0,0,0
48.55,1.63844898,-0.986190665,40.3342636,0,0.6,TurnLeft,avoiding_front_obstacle,0,14,42,0.385153949,0.337422048,1,0,1,0.375602722,0.179947223,0.179947223,1,1,0,0,0
48.6,1.63844898,-0.986190665,42.053137,0,0.6,TurnLeft,avoiding_front_obstacle,0,14,42,0.387261361,0.348255583,1,0,1,0.393139035,0.179403113,0.179403113,1,1,0,0,0
48.65,1.63844898,-0.986190665,43.7720103,0,0.6,TurnLeft,avoiding_front_obstacle,0,14,42,0.387261361,0.348255583,1,0,1,0.393139035,0.178979958,0.178979958,1,1,0,0,0
48.7,1.63844898,-0.986190665,45.4908837,0,0.6,TurnLeft,avoiding_front_obstacle,0,14,42,0.390736282,0.361272284,1,0,1,0.415116012,0.178678141,0.178678141,1,1,0,0,0
48.75,1.63844898,-0.986190665,47.2097571,0,0.6,TurnLeft,avoiding_front_obstacle,0,14,42,0.390736282,0.361272284,1,0,1,0.415116012,0.178497933,0.178497933,1,1,0,0,0
48.8,1.63844898,-0.986190665,48.9286305,0,0.6,TurnLeft,avoiding_front_obstacle,0,14,42,0.39474538,0.385003183,1,0,1,0.430409133,0.178439496,0.178439496,1,1,0,0,0
48.85,1.63844898,-0.986190665,50.6475039,0,0.6,TurnLeft,avoiding_front_obstacle,0,14,42,0.39474538,0.385003183,1,0,1,0.430409133,0.178502883,0.178439496,1,1,0,0,0
48.9,1.63844898,-0.986190665,52.3663773,0,0.6,TurnLeft,avoiding_front_obstacle,0,14,42,0.400248021,0.415233908,1,0,1,0.426827252,0.178688037,0.178439496,1,1,0,0,0
48.95,1.63844898,-0.986190665,54.0852506,0,0.6,TurnLeft,avoiding_front_obstacle,0,14,42,0.400248021,0.415233908,1,0,1,0.426827252,0.17899479,0.178439496,1,1,0,0,0
49,1.63844898,-0.986190665,55.804124,0,0.6,TurnLeft,avoiding_front_obstacle,0,14,42,0.407365382,0.442056041,1,0,1,0.428690374,0.179422868,0.178439496,1,1,0,0,0
49.05,1.63844898,-0.986190665,57.5229974,0,0.6,TurnLeft,avoiding_front_obstacle,0,14,42,0.407365382,0.442056041,1,0,1,0.428690374,0.179971884,0.178439496,1,1,0,0,0
49.1,1.63844898,-0.986190665,59.2418708,0,0.6,TurnLeft,avoiding_front_obstacle,0,14,42,0.416258097,0.477597553,1,0,1,0.426051974,0.180641345,0.178439496,1,1,0,0,0
49.15,1.63844898,-0.986190665,60.9607442,0,0.6,TurnLeft,avoiding_front_obstacle,0,14,42,0.416258097,0.477597553,1,0,1,0.426051974,0.181430648,0.178439496,1,1,0,0,0
49.2,1.63844898,-0.986190665,62.6796176,0,0.6,TurnLeft,avoiding_front_obstacle,0,14,42,0.42713508,0.543934141,1,0,1,0.424159139,0.182339083,0.178439496,1,1,0,0,0
49.25,1.63844898,-0.986190665,64.398491,0,0.6,TurnLeft,avoiding_front_obstacle,0,14,42,0.42713508,0.543934141,1,0,1,0.424159139,0.183365832,0.178439496,1,1,0,0,0
49.3,1.63844898,-0.986190665,66.1173643,0,0.6,TurnLeft,avoiding_front_obstacle,0,14,42,0.440265983,0.602246882,1,0,1,0.410075009,0.184509972,0.178439496,1,1,0,0,0
49.35,1.63844898,-0.986190665,67.8362377,0,0.6,TurnLeft,avoiding_front_obstacle,0,14,42,0.440265983,0.602246882,1,0,1,0.410075009,0.185770473,0.178439496,1,1,0,0,0
49.4,1.63844898,-0.986190665,69.5551111,0,0.6,TurnLeft,avoiding_front_obstacle,0,14,42,0.4559986,0.712008233,1,0,1,0.398113459,0.187146199,0.178439496,1,1,0,0,0
49.45,1.63844898,-0.986190665,71.2739845,0,0.6,TurnLeft,avoiding_front_obstacle,0,14,42,0.4559986,0.712008233,1,0,1,0.398113459,0.188635914,0.178439496,1,1,0,0,0
49.5,1.63844898,-0.986190665,72.9928579,0,0.6,TurnLeft,avoiding_front_obstacle,0,14,42,0.47478357,0.829874674,1,0,1,0.388039857,0.190238277,0.178439496,1,1,0,0,0
49.55,1.63844898,-0.986190665,74.7117313,0,0.6,TurnLeft,avoiding_front_obstacle,0,14,42,0.47478357,0.829874674,1,0,1,0.388039857,0.191951845,0.178439496,1,1,0,0,0
49.6,1.63844898,-0.986190665,76.4306047,0,0.6,TurnLeft,avoiding_front_obstacle,0,14,42,0.497209907,1.04181207,1,0,1,0.380066544,0.193775077,0.178439496,1,1,0,0,0
49.65,1.63844898,-0.986190665,78.149478,0,0.6,TurnLeft,avoiding_front_obstacle,0,14,42,0.497209907,1.04181207,1,0,1,0.380066544,0.195706332,0.178439496,1,1,0,0,0
49.7,1.63844898,-0.986190665,79.8683514,0,0.6,TurnLeft,avoiding_front_obstacle,0,14,42,0.524057448,1.25271516,1,0,1,0.373213261,0.197743871,0.178439496,1,1,0,0,0
49.75,1.63844898,-0.986190665,81.5872248,0,0.6,TurnLeft,avoiding_front_obstacle,0,14,42,0.524057448,1.25271516,1,0,1,0.373213261,0.199885861,0.178439496,1,1,0,0,0
49.8,1.63844898,-0.986190665,83.3060982,0,0.6,TurnLeft,avoiding_front_obstacle,0,14,42,0.502836823,1.2452834,1,0,1,0.369302571,0.202130375,0.178439496,1,1,0,0,0
49.85,1.63844898,-0.986190665,85.0249716,0,0.6,TurnLeft,avoiding_front_obstacle,0,14,42,0.502836823,1.2452834,1,0,1,0.369302571,0.204475392,0.178439496,1,1,0,0,0
49.9,1.63844898,-0.986190665,86.743845,0,0.6,TurnLeft,avoiding_front_obstacle,0,14,42,0.455414534,1.24253572,1,0,1,0.36764437,0.206918803,0.178439496,1,1,0,0,0
49.95,1.63844898,-0.986190665,88.4627184,0,0.6,TurnLeft,avoiding_front_obstacle,0,14,42,0.455414534,1.24253572,1,0,1,0.36764437,0.209458407,0.178439496,1,1,0,0,0
50,1.63844898,-0.986190665,90.1815917,0,0.6,TurnLeft,avoiding_front_obstacle,0,14,42,0.4181059,1.24442104,1,0,1,0.365106076,0.211527773,0.178439496,1,1,0,0,0
50.05,1.63844898,-0.986190665,91.9004651,0,0.6,TurnLeft,avoiding_front_obstacle,0,14,42,0.4181059,1.24442104,1,0,1,0.365106076,0.208913907,0.178439496,1,1,0,0,0
50.1,1.63844898,-0.986190665,93.6193385,0,0.6,TurnLeft,avoiding_front_obstacle,0,14,42,0.388191223,1.2424746,1,0,1,0.364102125,0.20639444,0.178439496,1,1,0,0,0
50.15,1.63844898,-0.986190665,95.3382119,0,0.6,TurnLeft,avoiding_front_obstacle,0,14,42,0.388191223,1.2424746,1,0,1,0.364102125,0.203971639,0.178439496,1,1,0,0,0
50.2,1.63844898,-0.986190665,97.0570853,0,0,FollowWall,front_obstacle_cleared,0,14,42,0.363857538,1.24370862,1,1,1,0.361713499,0.201647684,0.178439496,1,1,0,0,0
50.25,1.63844898,-0.986190665,98.0597614,0.0572437178,-0.341344233,FollowWall,following_right_wall,0,14,42,0.363857538,1.24370862,1,1,1,0.361713499,0.200338528,0.178439496,1,1,0,0,0
50.3,1.63827994,-0.985010128,98.2372062,0.0559681396,-0.360477907,FollowWall,following_right_wall,0,14,42,0.356380969,1.24392557,1,1,1,0.362476736,0.20129099,0.178439496,1,1,0,0,0
50.35,1.63801847,-0.983166908,97.9104268,0.0559681396,-0.360477907,FollowWall,following_right_wall,0,14,42,0.356380969,1.24392557,1,1,1,0.362476736,0.203555073,0.178439496,1,1,0,0,0
50.4,1.63772063,-0.980934711,97.2895167,0.0571433343,-0.342849985,FollowWall,following_right_wall,0,14,42,0.361584812,1.23839588,1,1,1,0.362614721,0.206597088,0.178439496,1,1,0,0,0
50.45,1.63741963,-0.978448727,96.5180721,0.0571433343,-0.342849985,FollowWall,following_right_wall,0,14,42,0.361584812,1.23839588,1,1,1,0.362614721,0.210107613,0.178439496,1,1,0,0,0
50.5,1.63713843,-0.975812447,95.6588158,0.0579959093,-0.33006136,FollowWall,following_right_wall,0,14,42,0.371723443,1.23172665,1,1,1,0.364807487,0.213908831,0.178439496,1,1,0,0,0
50.55,1.63688822,-0.973069032,94.7636011,0.0579959093,-0.33006136,FollowWall,following_right_wall,0,14,42,0.371723443,1.23172665,1,1,1,0.364807487,0.21789231,0.178439496,1,1,0,0,0
50.6,1.63667687,-0.970261761,93.8474109,0.0599045211,-0.301432184,FollowWall,following_right_wall,0,14,42,0.384472758,1.22569959,1,1,1,0.365498662,0.221996259,0.178439496,1,1,0,0,0
50.65,1.63650544,-0.967376629,92.9531584,0.0599045211,-0.301432184,FollowWall,following_right_wall,0,14,42,0.384472758,1.22569959,1,1,1,0.365498662,0.226173591,0.178439496,1,1,0,0,0
50.7,1.63637683,-0.964445477,92.071703,0.0607202224,-0.289196664,FollowWall,following_right_wall,0,14,42,0.398661643,1.22064766,1,1,1,0.366055727,0.230403829,0.178439496,1,1,0,0,0
50.75,1.63629154,-0.96147021,91.2123175,0.0607202224,-0.289196664,FollowWall,following_right_wall,0,14,42,0.398661643,1.22064766,1,1,1,0.366055727,0.234669617,0.178439496,1,1,0,0,0
50.8,1.63625021,-0.958469205,90.3658063,0.05,-0.176780328,FollowWall,following_with_distance_only,0,14,42,0.414132386,1.21629694,1,0,1,0.367853552,0.238964655,0.178439496,1,1,0,0,0
50.85,1.63624956,-0.955676786,89.6609921,0.05,-0.176780328,FollowWall,following_with_distance_only,0,14,42,0.414132386,1.21629694,1,0,1,0.367853552,0.241798406,0.178439496,1,1,0,0,0
50.9,1.63627986,-0.953006381,89.0388345,0.05,-0.178189114,FollowWall,following_with_distance_only,0,14,42,0.427657932,1.20971509,1,0,1,0.368792742,0.243515022,0.178439496,1,1,0,0,0
50.95,1.63633652,-0.950407495,88.4632116,0.05,-0.178189114,FollowWall,following_with_distance_only,0,14,42,0.427657932,1.20971509,1,0,1,0.368792742,0.24524232,0.178439496,1,1,0,0,0
51,1.63641736,-0.947850728,87.9147341,0.05,-0.178224161,FollowWall,following_with_distance_only,0,14,42,0.44030416,1.20288674,1,0,1,0.368816108,0.246978399,0.178439496,1,1,0,0,0
51.05,1.63652133,-0.945319003,87.3820494,0.05,-0.178224161,FollowWall,following_with_distance_only,0,14,42,0.44030416,1.20288674,1,0,1,0.368816108,0.248722293,0.178439496,1,1,0,0,0
51.1,1.63664792,-0.942802434,86.8585772,0.05,-0.178530425,FollowWall,following_with_distance_only,0,14,42,0.453280061,1.19673529,1,0,1,0.369020283,0.250473577,0.178439496,1,1,0,0,0
51.15,1.6367969,-0.940295335,86.3401135,0.05,-0.178530425,FollowWall,following_with_distance_only,0,14,42,0.453280061,1.19673529,1,0,1,0.369020283,0.252231494,0.178439496,1,1,0,0,0
51.2,1.63696816,-0.937794472,85.8245713,0.05,-0.179412335,FollowWall,following_with_distance_only,0,14,42,0.467102796,1.19108724,1,0,1,0.369608223,0.253996123,0.178439496,1,1,0,0,0
51.25,1.63716169,-0.935298042,85.3096807,0.05,-0.179412335,FollowWall,following_with_distance_only,0,14,42,0.467102796,1.19108724,1,0,1,0.369608223,0.255765994,0.178439496,1,1,0,0,0
51.3,1.6373775,-0.932805078,84.7951701,0.05,-0.180465281,FollowWall,following_with_distance_only,0,14,42,0.482066333,1.18588997,1,0,1,0.370310187,0.257541721,0.178439496,1,1,0,0,0
51.35,1.63761562,-0.930315104,84.2796243,0.05,-0.180465281,FollowWall,following_with_distance_only,0,14,42,0.482066333,1.18588997,1,0,1,0.370310187,0.259321886,0.178439496,1,1,0,0,0
51.4,1.63787608,-0.927827927,83.7634748,0.05,-0.180725366,FollowWall,following_with_distance_only,0,14,42,0.498387605,1.18113056,1,0,1,0.370483577,0.261107373,0.178439496,1,1,0,0,0
51.45,1.63815892,-0.925343521,83.2466625,0.05,-0.180725366,FollowWall,following_with_distance_only,0,14,42,0.498387605,1.18113056,1,0,1,0.370483577,0.262898218,0.178439496,1,1,0,0,0
51.5,1.63846415,-0.922861957,82.7294637,0.05,-0.179592982,FollowWall,following_with_distance_only,0,14,42,0.516222537,1.1768072,1,0,1,0.369728655,0.264694806,0.178439496,1,1,0,0,0
51.55,1.63879172,-0.920383355,82.213391,0.05,-0.179592982,FollowWall,following_with_distance_only,0,14,42,0.516222537,1.1768072,1,0,1,0.369728655,0.266499056,0.178439496,1,1,0,0,0
51.6,1.63914158,-0.917907865,81.6979753,0.05,-0.180455089,FollowWall,following_with_distance_only,0,14,42,0.535665929,1.17291422,1,0,1,0.370303392,0.268310211,0.178439496,1,1,0,0,0
51.65,1.6395137,-0.915435662,81.1819138,0.05,-0.180455089,FollowWall,following_with_distance_only,0,14,42,0.535665929,1.17291422,1,0,1,0.370303392,0.270126472,0.178439496,1,1,0,0,0
51.7,1.63990808,-0.912966934,80.6654754,0.05,-0.180810794,FollowWall,following_with_distance_only,0,14,42,0.532705426,1.1694529,1,0,1,0.370540529,0.271948073,0.178439496,1,1,0,0,0
51.75,1.64032471,-0.910501876,80.1483928,0.05,-0.180810794,FollowWall,following_with_distance_only,0,14,42,0.532705426,1.1694529,1,0,1,0.370540529,0.273774564,0.178439496,1,1,0,0,0
51.8,1.64076357,-0.908040687,79.6309342,0.05,-0.182965413,FollowWall,following_with_distance_only,0,14,42,0.522644222,1.1664255,1,0,1,0.371976942,0.275606157,0.178439496,1,1,0,0,0
51.85,1.6412247,-0.905583577,79.1106845,0.05,-0.182965413,FollowWall,following_with_distance_only,0,14,42,0.522644222,1.1664255,1,0,1,0.371976942,0.277439843,0.178439496,1,1,0,0,0
51.9,1.64170816,-0.903130765,78.5888067,0.05,-0.1850072,FollowWall,following_with_distance_only,0,14,42,0.512894392,1.163847,1,0,1,0.373338133,0.279276969,0.178439496,1,1,0,0,0
51.95,1.64221401,-0.900682475,78.0635419,0.05,-0.1850072,FollowWall,following_with_distance_only,0,14,42,0.512894392,1.163847,1,0,1,0.373338133,0.281115429,0.178439496,1,1,0,0,0
52,1.64274232,-0.898238934,77.5363013,0.05,-0.186771959,FollowWall,following_with_distance_only,0,14,42,0.503416061,1.13698037,1,0,1,0.374514639,0.282956836,0.178439496,1,1,0,0,0
52.05,1.64329317,-0.895800375,77.0058017,0.05,-0.186771959,FollowWall,following_with_distance_only,0,14,42,0.503416061,1.13698037,1,0,1,0.374514639,0.284799693,0.178439496,1,1,0,0,0
52.1,1.64386661,-0.893367031,76.473401,0.05,-0.188064292,FollowWall,following_with_distance_only,0,14,42,0.494195074,1.0311542,1,0,1,0.375376195,0.286645491,0.178439496,1,1,0,0,0
52.15,1.6444627,-0.890939134,75.9383487,0.05,-0.188064292,FollowWall,following_with_distance_only,0,14,42,0.494195074,1.0311542,1,0,1,0.375376195,0.288493354,0.178439496,1,1,0,0,0
52.2,1.64508146,-0.888516917,75.4017497,0.05,-0.189353496,FollowWall,following_with_distance_only,0,14,42,0.485229313,0.935324046,1,0,1,0.376235664,0.290344419,0.178439496,1,1,0,0,0
52.25,1.64572294,-0.886100616,74.8627095,0.05,-0.189353496,FollowWall,following_with_distance_only,0,14,42,0.485229313,0.935324046,1,0,1,0.376235664,0.292197669,0.178439496,1,1,0,0,0
52.3,1.64638714,-0.883690464,74.3222453,0.05,-0.190746099,FollowWall,following_with_distance_only,0,14,42,0.475975603,0.887022241,1,0,1,0.377164066,0.294054096,0.178439496,1,1,0,0,0
52.35,1.64707411,-0.881286701,73.7792881,0.05,-0.190746099,FollowWall,following_with_distance_only,0,14,42,0.475975603,0.887022241,1,0,1,0.377164066,0.295912535,0.178439496,1,1,0,0,0
52.4,1.64778385,-0.878889563,73.2348767,0.05,-0.1922535,FollowWall,following_with_distance_only,0,14,42,0.467011422,0.810524938,1,0,1,0.378169,0.297773958,0.178439496,1,1,0,0,0
52.45,1.64851639,-0.876499295,72.6878177,0.05,-0.1922535,FollowWall,following_with_distance_only,0,14,42,0.467011422,0.810524938,1,0,1,0.378169,0.299637124,0.178439496,1,1,0,0,0
52.5,1.64927175,-0.87411614,72.1392142,0.05,-0.19388929,FollowWall,following_with_distance_only,0,14,42,0.458328485,0.752089827,1,0,1,0.379259527,0.301503028,0.178439496,1,1,0,0,0
52.55,1.65004996,-0.871740346,71.5877572,0.05,-0.19388929,FollowWall,following_with_distance_only,0,14,42,0.458328485,0.752089827,1,0,1,0.379259527,0.303370374,0.178439496,1,1,0,0,0
52.6,1.65085103,-0.869372164,71.0346357,0.05,-0.195668757,FollowWall,following_with_distance_only,0,14,42,0.449914038,0.718054044,1,0,1,0.380445838,0.305240194,0.178439496,1,1,0,0,0
52.65,1.65167499,-0.867011848,70.4784191,0.05,-0.195668757,FollowWall,following_with_distance_only,0,14,42,0.449914038,0.718054044,1,0,1,0.380445838,0.307111143,0.178439496,1,1,0,0,0
52.7,1.65252186,-0.864659655,69.920397,0.05,-0.197608709,FollowWall,following_with_distance_only,0,14,42,0.44175607,0.672749,1,0,1,0.38173914,0.308984302,0.178439496,1,1,0,0,0
52.75,1.65339166,-0.862315846,69.3590061,0.05,-0.197608709,FollowWall,following_with_distance_only,0,14,42,0.44175607,0.672749,1,0,1,0.38173914,0.310858278,0.178439496,1,1,0,0,0
52.8,1.65428443,-0.859980688,68.7956501,0.05,-0.19972761,FollowWall,following_with_distance_only,0,14,42,0.433843553,0.624838535,1,0,1,0.38315174,0.312734198,0.178439496,1,1,0,0,0
52.85,1.65520019,-0.85765445,68.2286184,0.05,-0.19972761,FollowWall,following_with_distance_only,0,14,42,0.433843553,0.624838535,1,0,1,0.38315174,0.314610629,0.178439496,1,1,0,0,0
52.9,1.65613897,-0.855337407,67.6594427,0.05,-0.202045664,FollowWall,following_with_distance_only,0,14,42,0.426166207,0.600343392,1,0,1,0.384697109,0.316488746,0.178439496,1,1,0,0,0
52.95,1.6571008,-0.853029837,67.0862493,0.05,-0.202045664,FollowWall,following_with_distance_only,0,14,42,0.426166207,0.600343392,1,0,1,0.384697109,0.318367074,0.178439496,1,1,0,0,0
53,1.65808572,-0.850732024,66.5107122,0.05,-0.204585269,FollowWall,following_with_distance_only,0,14,42,0.418714523,0.558718545,1,0,1,0.386390179,0.320246839,0.178439496,1,1,0,0,0
53.05,1.65909375,-0.84844426,65.9307766,0.05,-0.204585269,FollowWall,following_with_distance_only,0,14,42,0.418714523,0.558718545,1,0,1,0.386390179,0.322126529,0.178439496,1,1,0,0,0
53.1,1.66012494,-0.846166839,65.3482751,0.05,-0.207371235,FollowWall,following_with_distance_only,0,14,42,0.411479712,0.529112305,1,0,1,0.38824749,0.324007418,0.178439496,1,1,0,0,0
53.15,1.66117933,-0.843900064,64.7609514,0.05,-0.207371235,FollowWall,following_with_distance_only,0,14,42,0.411479712,0.529112305,1,0,1,0.38824749,0.325887966,0.178439496,1,1,0,0,0
53.2,1.66225695,-0.841644242,64.1708148,0.05,-0.210431278,FollowWall,following_with_distance_only,0,14,42,0.404453635,0.509476023,1,0,1,0.390287519,0.32776949,0.178439496,1,1,0,0,0
53.25,1.66335785,-0.839399689,63.5753845,0.05,-0.210431278,FollowWall,following_with_distance_only,0,14,42,0.404453635,0.509476023,1,0,1,0.390287519,0.329650428,0.178439496,1,1,0,0,0
53.3,1.66448208,-0.837166729,62.9768664,0.05,-0.213796377,FollowWall,following_with_distance_only,0,14,42,0.397628665,0.48535373,1,0,1,0.392530918,0.331532141,0.178439496,1,1,0,0,0
53.35,1.66562969,-0.834945693,62.3725302,0.05,-0.213796377,FollowWall,following_with_distance_only,0,14,42,0.397628665,0.48535373,1,0,1,0.392530918,0.333413052,0.178439496,1,1,0,0,0
53.4,1.66680072,-0.832736919,61.7648001,0.05,-0.218018219,FollowWall,following_with_distance_only,0,14,42,0.390997797,0.455388299,1,0,1,0.395345479,0.335294561,0.178439496,1,1,0,0,0
53.45,1.66799525,-0.830540763,61.1500508,0.05,-0.218018219,FollowWall,following_with_distance_only,0,14,42,0.390997797,0.455388299,1,0,1,0.395345479,0.337174776,0.178439496,1,1,0,0,0
53.5,1.66921335,-0.828357593,60.531207,0.05,-0.222606406,FollowWall,following_with_distance_only,0,14,42,0.384549856,0.427544003,1,0,1,0.39840427,0.339055282,0.178439496,1,1,0,0,0
53.55,1.67045511,-0.826187793,59.9044979,0.05,-0.222606406,FollowWall,following_with_distance_only,0,14,42,0.384549856,0.427544003,1,0,1,0.39840427,0.340934336,0.178439496,1,1,0,0,0
53.6,1.67172061,-0.824031755,59.2732008,0.05,-0.227576405,FollowWall,following_with_distance_only,0,14,42,0.378277421,0.413178264,1,0,1,0.401717603,0.342813572,0.178439496,1,1,0,0,0
53.65,1.67300996,-0.821889888,58.6332949,0.05,-0.227576405,FollowWall,following_with_distance_only,0,14,42,0.378277421,0.413178264,1,0,1,0.401717603,0.344691359,0.178439496,1,1,0,0,0
53.7,1.67432323,-0.819762612,57.9883671,0.05,-0.232976273,FollowWall,following_with_distance_only,0,14,42,0.372176111,0.39614999,1,0,1,0.405317515,0.346569321,0.178439496,1,1,0,0,0
53.75,1.67566054,-0.817650362,57.3340642,0.05,-0.232976273,FollowWall,following_with_distance_only,0,14,42,0.372176111,0.39614999,1,0,1,0.405317515,0.348445939,0.178439496,1,1,0,0,0
53.8,1.67702199,-0.815553586,56.6742926,0.05,-0.238256425,FollowWall,following_with_distance_only,0,14,42,0.366242677,0.382892337,1,0,1,0.408837616,0.350322796,0.178439496,1,1,0,0,0
53.85,1.67840766,-0.813472741,56.0050282,0.05,-0.238256425,FollowWall,following_with_distance_only,0,14,42,0.366242677,0.382892337,1,0,1,0.408837616,0.352198728,0.178439496,1,1,0,0,0
53.9,1.67981764,-0.811408292,55.3302263,0.05,-0.243580922,FollowWall,following_with_distance_only,0,14,42,0.360478491,0.368427511,1,0,1,0.412387282,0.354075125,0.178439496,1,1,0,0,0
53.95,1.68125201,-0.809360711,54.6458386,0.05,-0.243580922,FollowWall,following_with_distance_only,0,14,42,0.360478491,0.368427511,1,0,1,0.412387282,0.355951041,0.178439496,1,1,0,0,0
54,1.68271083,-0.807330481,53.9558591,0.05,-0.249960333,FollowWall,following_with_distance_only,0,14,42,0.354885638,0.34704453,1,0,1,0.416640222,0.357827656,0.178439496,1,1,0,0,0
54.05,1.68419419,-0.805318106,53.2550029,0.05,-0.249960333,FollowWall,following_with_distance_only,0,14,42,0.354885638,0.34704453,1,0,1,0.416640222,0.359704014,0.178439496,1,1,0,0,0
54.1,1.68570216,-0.803324109,52.5478019,0.05,-0.257678345,FollowWall,following_with_distance_only,0,14,42,0.349460512,0.327365958,1,0,1,0.421785563,0.361581234,0.178439496,1,1,0,0,0
54.15,1.68723485,-0.801349049,51.8276871,0.05,-0.257678345,FollowWall,following_with_distance_only,0,14,42,0.349460512,0.327365958,1,0,1,0.421785563,0.363458533,0.178439496,1,1,0,0,0
54.2,1.68879237,-0.799393511,51.1000393,0.05,-0.266332045,FollowWall,following_with_distance_only,0,14,42,0.343987852,0.317122201,1,0,1,0.427554697,0.365336979,0.178439496,1,1,0,0,0
54.25,1.69037485,-0.797458113,50.3576676,0.05,-0.266332045,FollowWall,following_with_distance_only,0,14,42,0.343987852,0.317122201,1,0,1,0.427554697,0.367216209,0.178439496,1,1,0,0,0
54.3,1.69198241,-0.795543502,49.606707,0.05,-0.276092112,FollowWall,following_with_distance_only,0,14,42,0.338448048,0.30690083,1,0,1,0.434061408,0.369097116,0.178439496,1,1,0,0,0
54.35,1.69361521,-0.793650361,48.839086,0.05,-0.276092112,FollowWall,following_with_distance_only,0,14,42,0.338448048,0.30690083,1,0,1,0.434061408,0.370979836,0.178439496,1,1,0,0,0
54.4,1.69527338,-0.791779406,48.0617464,0.05,-0.287165701,FollowWall,following_with_distance_only,0,14,42,0.333063334,0.296822371,1,0,1,0.441443801,0.372865001,0.178439496,1,1,0,0,0
54.45,1.69695708,-0.789931397,47.2655195,0.05,-0.287165701,FollowWall,following_with_distance_only,0,14,42,0.333063334,0.296822371,1,0,1,0.441443801,0.374753394,0.178439496,1,1,0,0,0
54.5,1.69866648,-0.788107128,46.4582749,0,0.6,TurnLeft,avoiding_front_obstacle,0,14,42,0.327843428,0.279555,1,0,1,0.449876159,0.376645282,0.178439496,1,1,0,0,0
54.55,1.69966884,-0.787047873,46.7035796,0,0.6,TurnLeft,avoiding_front_obstacle,0,14,42,0.327843428,0.279555,1,0,1,0.449876159,0.377681149,0.178439496,1,1,0,0,0
54.6,1.70024756,-0.786424367,47.5628712,0,0.6,TurnLeft,avoiding_front_obstacle,0,14,42,0.327048004,0.281310483,1,0,1,0.438905209,0.378242284,0.178439496,1,1,0,0,0
54.65,1.7005785,-0.786054598,48.7803218,0,0.6,TurnLeft,avoiding_front_obstacle,0,14,42,0.327048004,0.281310483,1,0,1,0.438905209,0.378575804,0.178439496,1,1,0,0,0
54.7,1.70076652,-0.785834502,50.2066986,0,0.6,TurnLeft,avoiding_front_obstacle,0,14,42,0.329249114,0.298043791,1,0,1,0.41884622,0.378831177,0.178439496,1,1,0,0,0
54.75,1.70087283,-0.78570331,51.754949,0,0.6,TurnLeft,avoiding_front_obstacle,0,14,42,0.329249114,0.298043791,1,0,1,0.41884622,0.379095585,0.178439496,1,1,0,0,0
54.8,1.70093271,-0.785625096,53.3742923,0,0.6,TurnLeft,avoiding_front_obstacle,0,14,42,0.333373427,0.31083949,1,0,1,0.398411036,0.379418749,0.178439496,1,1,0,0,0
54.85,1.70096632,-0.78557849,55.0351065,0,0.6,TurnLeft,avoiding_front_obstacle,0,14,42,0.333373427,0.31083949,1,0,1,0.398411036,0.379828546,0.178439496,1,1,0,0,0
54.9,1.70098512,-0.785550743,56.720112,0,0.6,TurnLeft,avoiding_front_obstacle,0,14,42,0.339124292,0.329996427,1,0,1,0.37997219,0.380340337,0.178439496,1,1,0,0,0
54.95,1.7009956,-0.78553424,58.4192291,0,0.6,TurnLeft,avoiding_front_obstacle,0,14,42,0.339124292,0.329996427,1,0,1,0.37997219,0.380962378,0.178439496,1,1,0,0,0
55,1.70100143,-0.785524436,60.126578,0,0.6,TurnLeft,avoiding_front_obstacle,0,14,42,0.346481442,0.370728958,1,0,1,0.363907039,0.381698904,0.178439496,1,1,0,0,0
55.05,1.70100466,-0.785518618,61.8387288,0,0.6,TurnLeft,avoiding_front_obstacle,0,14,42,0.346481442,0.370728958,1,0,1,0.363907039,0.382551879,0.178439496,1,1,0,0,0
55.1,1.70100644,-0.78551517,63.5536807,0,0.6,TurnLeft,avoiding_front_obstacle,0,14,42,0.355561674,0.400184208,1,0,1,0.350070059,0.383521961,0.178439496,1,1,0,0,0
55.15,1.70100742,-0.785513128,65.2702665,0,0.6,TurnLeft,avoiding_front_obstacle,0,14,42,0.355561674,0.400184208,1,0,1,0.350070059,0.384609044,0.178439496,1,1,0,0,0
55.2,1.70100795,-0.78551192,66.9878055,0,0.6,TurnLeft,avoiding_front_obstacle,0,14,42,0.366573364,0.470202283,1,0,1,0.33851555,0.385812563,0.178439496,1,1,0,0,0
55.25,1.70100824,-0.785511207,68.7059004,0,0.6,TurnLeft,avoiding_front_obstacle,0,14,42,0.366573364,0.470202283,1,0,1,0.33851555,0.387131653,0.178439496,1,1,0,0,0
55.3,1.7010084,-0.785510786,70.4243198,0,0.6,TurnLeft,avoiding_front_obstacle,0,14,42,0.379809141,0.528990556,1,0,1,0.328980327,0.388565241,0.178439496,1,1,0,0,0
55.35,1.70100848,-0.785510537,72.1429283,0,0.6,TurnLeft,avoiding_front_obstacle,0,14,42,0.379809141,0.528990556,1,0,1,0.328980327,0.390112095,0.178439496,1,1,0,0,0
55.4,1.70100853,-0.785510391,73.8616471,0,0,FollowWall,front_obstacle_cleared,0,14,42,0.395658404,0.65591026,1,1,1,0.3205266,0.391770854,0.178439496,1,1,0,0,0
55.45,1.70100855,-0.785510305,74.8642332,0.0680435964,0.179346054,FollowWall,following_right_wall,0,14,42,0.395658404,0.65591026,1,1,1,0.3205266,0.392789556,0.178439496,1,1,0,0,0
55.5,1.70136915,-0.784139309,75.6631536,0.068264888,0.176026679,FollowWall,following_right_wall,0,14,42,0.404635519,0.730317067,1,1,1,0.316801876,0.39499894,0.178439496,1,1,0,0,0
55.55,1.70191322,-0.781956972,76.3393069,0.068264888,0.176026679,FollowWall,following_right_wall,0,14,42,0.404635519,0.730317067,1,1,1,0.316801876,0.397909198,0.178439496,1,1,0,0,0
55.6,1.70254493,-0.779296768,76.943846,0.0685076325,0.172385513,FollowWall,following_right_wall,0,14,42,0.410212278,0.80817849,1,1,1,0.312888712,0.401234396,0.178439496,1,1,0,0,0
55.65,1.70321331,-0.776349421,77.5022638,0.0685076325,0.172385513,FollowWall,following_right_wall,0,14,42,0.410212278,0.80817849,1,1,1,0.312888712,0.404807821,0.178439496,1,1,0,0,0
55.7,1.70388921,-0.773231664,78.0337776,0.0685938423,0.171092365,FollowWall,following_right_wall,0,14,42,0.414816827,0.884069588,1,1,1,0.309227079,0.40853198,0.178439496,1,1,0,0,0
55.75,1.70455689,-0.770010149,78.5480538,0.0685938423,0.171092365,FollowWall,following_right_wall,0,14,42,0.414816827,0.884069588,1,1,1,0.309227079,0.412349916,0.178439496,1,1,0,0,0
55.8,1.70520721,-0.766725721,79.0522747,0.0697845363,0.153231955,FollowWall,following_right_wall,0,14,42,0.41935721,0.931325657,1,1,1,0.306245416,0.416228306,0.178439496,1,1,0,0,0
55.85,1.70584031,-0.763378104,79.5293108,0.0697845363,0.153231955,FollowWall,following_right_wall,0,14,42,0.41935721,0.931325657,1,1,1,0.306245416,0.420146207,0.178439496,1,1,0,0,0
55.9,1.70645207,-0.759991682,79.990489,0.0708895377,0.136656934,FollowWall,following_right_wall,0,14,42,0.423801154,1.01700514,1,1,1,0.303902715,0.424091632,0.178439496,1,1,0,0,0
55.95,1.70704473,-0.756558204,80.4226318,0.0708895377,0.136656934,FollowWall,following_right_wall,0,14,42,0.423801154,1.01700514,1,1,1,0.303902715,0.428055734,0.178439496,1,1,0,0,0
56,1.70761607,-0.753095679,80.8378373,0.0719875245,0.120187132,FollowWall,following_right_wall,0,14,42,0.428033888,1.00874245,1,1,1,0.30208528,0.43203427,0.178439496,1,1,0,0,0
56.05,1.70816904,-0.749592191,81.2235033,0.0719875245,0.120187132,FollowWall,following_right_wall,0,14,42,0.428033888,1.00874245,1,1,1,0.30208528,0.436022462,0.178439496,1,1,0,0,0
56.1,1.70870222,-0.746063504,81.591938,0.0729627186,0.105559221,FollowWall,following_right_wall,0,14,42,0.431972593,1.00069137,1,1,1,0.300445318,0.440019038,0.178439496,1,1,0,0,0
56.15,1.70921829,-0.742498844,81.9328603,0.0729627186,0.105559221,FollowWall,following_right_wall,0,14,42,0.431972593,1.00069137,1,1,1,0.300445318,0.444020844,0.178439496,1,1,0,0,0
56.2,1.70971628,-0.738912131,82.2577336,0.0738194774,0.0927078395,FollowWall,following_right_wall,0,14,42,0.435584724,0.992798877,1,1,1,0.298948854,0.448027862,0.178439496,1,1,0,0,0
56.25,1.71019855,-0.735293905,82.5579049,0.0738194774,0.0927078395,FollowWall,following_right_wall,0,14,42,0.435584724,0.992798877,1,1,1,0.298948854,0.452037667,0.178439496,1,1,0,0,0
56.3,1.71066448,-0.73165642,82.8436667,0.0745628182,0.081557727,FollowWall,following_right_wall,0,14,42,0.438871413,0.985021558,1,1,1,0.297491759,0.456050807,0.178439496,1,1,0,0,0
56.35,1.71111605,-0.727991541,83.1077134,0.0745628182,0.081557727,FollowWall,following_right_wall,0,14,42,0.438871413,0.985021558,1,1,1,0.297491759,0.460065278,0.178439496,1,1,0,0,0
56.4,1.71155287,-0.724309959,83.359093,0.0752208414,0.0716873789,FollowWall,following_right_wall,0,14,42,0.441851258,0.977328336,1,1,1,0.296303064,0.464081889,0.178439496,1,1,0,0,0
56.45,1.7119767,-0.720604364,83.5913016,0.0752208414,0.0716873789,FollowWall,following_right_wall,0,14,42,0.441851258,0.977328336,1,1,1,0.296303064,0.468098873,0.178439496,1,1,0,0,0
56.5,1.71238729,-0.716884163,83.8123272,0.075803786,0.06294321,FollowWall,following_right_wall,0,14,42,0.444544226,0.969697624,1,1,1,0.29534027,0.472117165,0.178439496,1,1,0,0,0
56.55,1.71278618,-0.713142827,84.0163916,0.075803786,0.06294321,FollowWall,following_right_wall,0,14,42,0.444544226,0.969697624,1,1,1,0.29534027,0.476135183,0.178439496,1,1,0,0,0
56.6,1.71317324,-0.709388667,84.2105622,0.0763063789,0.0554043168,FollowWall,following_right_wall,0,14,42,0.446969211,0.962114715,1,1,1,0.294372976,0.480153915,0.178439496,1,1,0,0,0
56.65,1.71354977,-0.705616159,84.3899624,0.0763063789,0.0554043168,FollowWall,following_right_wall,0,14,42,0.446969211,0.962114715,1,1,1,0.294372976,0.484171996,0.178439496,1,1,0,0,0
56.7,1.71391573,-0.701832537,84.5607465,0.0767310499,0.0490342511,FollowWall,following_right_wall,0,14,42,0.449149877,0.954570592,1,1,1,0.293303877,0.488190402,0.178439496,1,1,0,0,0
56.75,1.71427221,-0.698033247,84.7189009,0.0767310499,0.0490342511,FollowWall,following_right_wall,0,14,42,0.449149877,0.954570592,1,1,1,0.293303877,0.492207984,0.178439496,1,1,0,0,0
56.8,1.71461921,-0.694224472,84.869688,0.0771279095,0.0430813579,FollowWall,following_right_wall,0,14,42,0.451114833,0.947060748,1,1,1,0.292680115,0.496225661,0.178439496,1,1,0,0,0
56.85,1.71495775,-0.690401613,85.0090717,0.0771279095,0.0430813579,FollowWall,following_right_wall,0,14,42,0.451114833,0.947060748,1,1,1,0.292680115,0.500242298,0.178439496,1,1,0,0,0
56.9,1.71528786,-0.686570249,85.1418034,0.0774400664,0.0383990041,FollowWall,following_right_wall,0,14,42,0.452876478,0.93958044,1,1,1,0.291649461,0.504258794,0.178439496,1,1,0,0,0
56.95,1.71561034,-0.682727178,85.2650657,0.0774400664,0.0383990041,FollowWall,following_right_wall,0,14,42,0.452876478,0.93958044,1,1,1,0.291649461,0.508274315,0.178439496,1,1,0,0,0
57,1.71592526,-0.678877031,85.3828041,0.0777185883,0.0342211749,FollowWall,following_right_wall,0,14,42,0.454462349,0.932129311,1,1,1,0.290786058,0.512289654,0.178439496,1,1,0,0,0
57.05,1.71623331,-0.675016745,85.4923334,0.0777185883,0.0342211749,FollowWall,following_right_wall,0,14,42,0.454462349,0.932129311,1,1,1,0.290786058,0.516304027,0.178439496,1,1,0,0,0
57.1,1.71653457,-0.671150335,85.597074,0.0779595541,0.0306066891,FollowWall,following_right_wall,0,14,42,0.455891669,0.924706174,1,1,1,0.289952457,0.520318158,0.178439496,1,1,0,0,0
57.15,1.71682962,-0.667275153,85.6947067,0.0779595541,0.0306066891,FollowWall,following_right_wall,0,14,42,0.455891669,0.924706174,1,1,1,0.289952457,0.524331365,0.178439496,1,1,0,0,0
57.2,1.71711858,-0.663394673,85.7881932,0.0781949018,0.0270764728,FollowWall,following_right_wall,0,14,42,0.457178861,0.917309608,1,1,1,0.289484322,0.528344302,0.178439496,1,1,0,0,0
57.25,1.71740198,-0.659506045,85.8750471,0.0781949018,0.0270764728,FollowWall,following_right_wall,0,14,42,0.457178861,0.917309608,1,1,1,0.289484322,0.532356247,0.178439496,1,1,0,0,0
57.3,1.71767994,-0.655612512,85.9580321,0.0783548591,0.0246771128,FollowWall,following_right_wall,0,14,42,0.458324492,0.909935815,1,1,1,0.28846845,0.536367837,0.178439496,1,1,0,0,0
57.35,1.71795286,-0.651712649,86.0358961,0.0783548591,0.0246771128,FollowWall,following_right_wall,0,14,42,0.458324492,0.909935815,1,1,1,0.28846845,0.540378679,0.178439496,1,1,0,0,0
57.4,1.71822081,-0.647808957,86.1107729,0.0785057529,0.0224137063,FollowWall,following_right_wall,0,14,42,0.459352046,0.902584975,1,1,1,0.287664562,0.544389278,0.178439496,1,1,0,0,0
57.45,1.71848416,-0.64389977,86.1812054,0.0785057529,0.0224137063,FollowWall,following_right_wall,0,14,42,0.459352046,0.902584975,1,1,1,0.287664562,0.548399197,0.178439496,1,1,0,0,0
57.5,1.71874299,-0.639987257,86.2490455,0.0786491437,0.020262844,FollowWall,following_right_wall,0,14,42,0.46027267,0.895254595,1,1,1,0.287039548,0.552408886,0.178439496,1,1,0,0,0
57.55,1.71899763,-0.636069713,86.3128058,0.0786491437,0.020262844,FollowWall,following_right_wall,0,14,42,0.46027267,0.895254595,1,1,1,0.287039548,0.5564179,0.178439496,1,1,0,0,0
57.6,1.71924818,-0.63214913,86.3741863,0.0787459708,0.0188104384,FollowWall,following_right_wall,0,14,42,0.461086571,0.887585865,1,1,1,0.286091864,0.560426666,0.178439496,1,1,0,0,0
57.65,1.71949486,-0.628224662,86.4324449,0.0787459708,0.0188104384,FollowWall,following_right_wall,0,14,42,0.461086571,0.887585865,1,1,1,0.286091864,0.564434945,0.178439496,1,1,0,0,0
57.7,1.71973774,-0.624297834,86.4888824,0.0788659069,0.0170113965,FollowWall,following_right_wall,0,14,42,0.461807907,0.879528891,1,1,1,0.285621285,0.56844307,0.178439496,1,1,0,0,0
57.75,1.71997709,-0.620367048,86.5421102,0.0788659069,0.0170113965,FollowWall,following_right_wall,0,14,42,0.461807907,0.879528891,1,1,1,0.285621285,0.572450625,0.178439496,1,1,0,0,0
57.8,1.72021298,-0.61643387,86.5934655,0.0789523459,0.0157148113,FollowWall,following_right_wall,0,14,42,0.462429672,0.871508611,1,1,1,0.285154432,0.576457959,0.178439496,1,1,0,0,0
57.85,1.72044562,-0.612497421,86.642181,0.0789523459,0.0157148113,FollowWall,following_right_wall,0,14,42,0.462429672,0.871508611,1,1,1,0.285154432,0.580464831,0.178439496,1,1,0,0,0
57.9,1.72067507,-0.608558991,86.6893565,0.0789662933,0.0155055998,FollowWall,following_right_wall,0,14,42,0.462956071,0.863530252,1,1,1,0.284359932,0.584471533,0.178439496,1,1,0,0,0
57.95,1.72090139,-0.604619041,86.7353841,0.0789662933,0.0155055998,FollowWall,following_right_wall,0,14,42,0.462956071,0.863530252,1,1,1,0.284359932,0.588478162,0.178439496,1,1,0,0,0
58,1.72112462,-0.600678134,86.7807419,0.0790250448,0.014624328,FollowWall,following_right_wall,0,14,42,0.463419318,0.855603135,1,1,1,0.284088969,0.592484846,0.178439496,1,1,0,0,0
58.05,1.72134487,-0.596735379,86.8246571,0.0790250448,0.014624328,FollowWall,following_right_wall,0,14,42,0.463419318,0.855603135,1,1,1,0.284088969,0.59649135,0.178439496,1,1,0,0,0
58.1,1.72156217,-0.59279148,86.8677308,0.0790816918,0.0137746233,FollowWall,following_right_wall,0,14,42,0.463814229,0.847728923,1,1,1,0.283770084,0.600497837,0.178439496,1,1,0,0,0
58.15,1.72177666,-0.588845672,86.9092994,0.0790816918,0.0137746233,FollowWall,following_right_wall,0,14,42,0.463814229,0.847728923,1,1,1,0.283770084,0.604504103,0.178439496,1,1,0,0,0
58.2,1.72198838,-0.584898692,86.94999,0.0791148621,0.0132770692,FollowWall,following_right_wall,0,14,42,0.464131922,0.839907675,1,1,1,0.283151001,0.608510319,0.178439496,1,1,0,0,0
58.25,1.72219739,-0.580950279,86.9895745,0.0791148621,0.0132770692,FollowWall,following_right_wall,0,14,42,0.464131922,0.839907675,1,1,1,0.283151001,0.612516409,0.178439496,1,1,0,0,0
58.3,1.72240374,-0.577000974,87.0285138,0.0791742707,0.01238594,FollowWall,following_right_wall,0,14,42,0.464377344,0.831841323,1,1,1,0.282797158,0.616522501,0.178439496,1,1,0,0,0
58.35,1.72260754,-0.573049859,87.066013,0.0791742707,0.01238594,FollowWall,following_right_wall,0,14,42,0.464377344,0.831841323,1,1,1,0.282797158,0.620528349,0.178439496,1,1,0,0,0
58.4,1.72280884,-0.569097637,87.1026722,0.079264016,0.0110397606,FollowWall,following_right_wall,0,14,42,0.464540631,0.823700316,1,1,1,0.282760233,0.624534122,0.178439496,1,1,0,0,0
58.45,1.7230078,-0.565142853,87.1372345,0.079264016,0.0110397606,FollowWall,following_right_wall,0,14,42,0.464540631,0.823700316,1,1,1,0.282760233,0.628539433,0.178439496,1,1,0,0,0
58.5,1.72320448,-0.561186531,87.1705735,0.0793570263,0.00964460602,FollowWall,following_right_wall,0,14,42,0.464600056,0.815586691,1,1,1,0.282751232,0.632544531,0.178439496,1,1,0,0,0
58.55,1.72339909,-0.557227335,87.2015337,0.0793570263,0.00964460602,FollowWall,following_right_wall,0,14,42,0.464600056,0.815586691,1,1,1,0.282751232,0.636549056,0.178439496,1,1,0,0,0
58.6,1.72359168,-0.553266423,87.2311062,0.0794047449,0.00892882699,FollowWall,following_right_wall,0,14,42,0.464541912,0.807502695,1,1,1,0.282226503,0.640553293,0.178439496,1,1,0,0,0
58.65,1.72378237,-0.549303482,87.2590149,0.0794047449,0.00892882699,FollowWall,following_right_wall,0,14,42,0.464541912,0.807502695,1,1,1,0.282226503,0.644557148,0.178439496,1,1,0,0,0
58.7,1.72397123,-0.545339322,87.2859529,0.0794253631,0.00861955322,FollowWall,following_right_wall,0,14,42,0.46438086,0.799456371,1,1,1,0.281376004,0.648560822,0.178439496,1,1,0,0,0
58.75,1.7241583,-0.541373988,87.3119556,0.0794253631,0.00861955322,FollowWall,following_right_wall,0,14,42,0.46438086,0.799456371,1,1,1,0.281376004,0.652564321,0.178439496,1,1,0,0,0
58.8,1.72434362,-0.537407936,87.3374127,0.0794898386,0.00765242076,FollowWall,following_right_wall,0,14,42,0.464139104,0.79145665,1,1,1,0.280984223,0.656567758,0.178439496,1,1,0,0,0
58.85,1.72452731,-0.533440092,87.361397,0.0794898386,0.00765242076,FollowWall,following_right_wall,0,14,42,0.464139104,0.79145665,1,1,1,0.280984223,0.660570843,0.178439496,1,1,0,0,0
58.9,1.72470942,-0.529471175,87.3845223,0.079549532,0.0067570206,FollowWall,following_right_wall,0,14,42,0.463808149,0.783503768,1,1,1,0.280510157,0.664573757,0.178439496,1,1,0,0,0
58.95,1.72489006,-0.525500363,87.4060776,0.079549532,0.0067570206,FollowWall,following_right_wall,0,14,42,0.463808149,0.783503768,1,1,1,0.280510157,0.668576274,0.178439496,1,1,0,0,0
59,1.72506928,-0.52152842,87.4267172,0.0795839119,0.0062413222,FollowWall,following_right_wall,0,14,42,0.463383883,0.77559808,1,1,1,0.279816896,0.672578589,0.178439496,1,1,0,0,0
59.05,1.72524718,-0.517555077,87.446207,0.0795839119,0.0062413222,FollowWall,following_right_wall,0,14,42,0.463383883,0.77559808,1,1,1,0.279816896,0.676580623,0.178439496,1,1,0,0,0
59.1,1.72542378,-0.513580896,87.465026,0.0795695793,0.00645631036,FollowWall,following_right_wall,0,14,42,0.462878942,0.767742839,1,1,1,0.279173166,0.68058252,0.178439496,1,1,0,0,0
59.15,1.72559908,-0.509606501,87.4837105,0.0795695793,0.00645631036,FollowWall,following_right_wall,0,14,42,0.462878942,0.767742839,1,1,1,0.279173166,0.684584445,0.178439496,1,1,0,0,0
59.2,1.7257731,-0.505631958,87.5023164,0.0796123781,0.00581432907,FollowWall,following_right_wall,0,14,42,0.462325394,0.759944667,1,1,1,0.278933346,0.688586413,0.178439496,1,1,0,0,0
59.25,1.7259459,-0.501656415,87.5201102,0.0796123781,0.00581432907,FollowWall,following_right_wall,0,14,42,0.462325394,0.759944667,1,1,1,0.278933346,0.692588194,0.178439496,1,1,0,0,0
59.3,1.7261175,-0.497680269,87.5374302,0.0796439455,0.00534081802,FollowWall,following_right_wall,0,14,42,0.461716622,0.752199841,1,1,1,0.278276205,0.696589889,0.178439496,1,1,1,0,1
