time,x,y,yaw_deg,v,w,state,reason,fault,narrow_usable,wide_usable,front_sector,front_clearance,pivot_valid,heading_valid,right_valid,right_distance,cap_gap,min_cap_gap,entered,approached,returned,contact,completed
0,0,0,0,0.0742627723,-0.0860584148,FollowWall,following_right_wall,0,14,42,0.534847498,-1,-1,-1,1,0.303924054,2.211,2.211,0,0,0,0,0
0.05,0.00154714047,-1.38692179e-06,-0.102724666,0.0742627723,-0.0860584148,FollowWall,following_right_wall,0,14,42,0.534847498,-1,-1,-1,1,0.303924054,2.21093063,2.21093063,0,0,0,0,0
0.1,0.00399676789,-9.25576419e-06,-0.265372053,0.0746430385,-0.0803544228,FollowWall,following_right_wall,0,14,42,0.531389594,-1,-1,-1,1,0.303920627,2.2108157,2.2108157,0,0,0,0,0
0.15,0.00698072874,-2.80448351e-05,-0.456165723,0.0746430385,-0.0803544228,FollowWall,following_right_wall,0,14,42,0.531389594,-1,-1,-1,1,0.303920627,2.21067224,2.21067224,0,0,0,0,0
0.2,0.0102763131,-6.02432657e-05,-0.663378057,0.0752173356,-0.071739966,FollowWall,following_right_wall,0,14,42,0.526244402,-1,-1,-1,1,0.304034293,2.21050576,2.21050576,0,0,0,0,0
0.25,0.0137655445,-0.000106932827,-0.869885195,0.0752173356,-0.071739966,FollowWall,following_right_wall,0,14,42,0.526244402,-1,-1,-1,1,0.304034293,2.21032642,2.21032642,0,0,0,0,0
0.3,0.0173676201,-0.000168105141,-1.07598097,0.0758195653,-0.0627065199,FollowWall,following_right_wall,0,14,42,0.52091676,-1,-1,-1,1,0.304009169,2.21013401,2.21013401,0,0,0,0,0
0.35,0.0210479361,-0.000243494969,-1.2710539,0.0758195653,-0.0627065199,FollowWall,following_right_wall,0,14,42,0.52091676,-1,-1,-1,1,0.304009169,2.20993548,2.20993548,0,0,0,0,0
0.4,0.0247737536,-0.000332299112,-1.45969683,0.076387558,-0.0541866307,FollowWall,following_right_wall,0,14,42,0.515929163,-1,-1,-1,1,0.303838044,2.20972858,2.20972858,0,0,0,0,0
0.45,0.0285377993,-0.000433957777,-1.63441907,0.076387558,-0.0541866307,FollowWall,following_right_wall,0,14,42,0.515929163,-1,-1,-1,1,0.303838044,2.20951841,2.20951841,0,0,0,0,0
0.5,0.0323239986,-0.000547501557,-1.80102091,0.0768812061,-0.0467819089,FollowWall,following_right_wall,0,14,42,0.5114218,-1,-1,-1,1,0.303904861,2.20930218,2.20930218,0,0,0,0,0
0.55,0.0361332534,-0.000672372299,-1.9540471,0.0768812061,-0.0467819089,FollowWall,following_right_wall,0,14,42,0.5114218,-1,-1,-1,1,0.303904861,2.20908366,2.20908366,0,0,0,0,0
0.6,0.0399558116,-0.000807635862,-2.09915417,0.0772652132,-0.0410218025,FollowWall,following_right_wall,0,14,42,0.507384956,-1,-1,-1,1,0.303768456,2.20886019,2.20886019,0,0,0,0,0
0.65,0.0437939807,-0.000952799844,-2.23276613,0.0772652132,-0.0410218025,FollowWall,following_right_wall,0,14,42,0.507384956,-1,-1,-1,1,0.303768456,2.20863432,2.20863432,0,0,0,0,0
0.7,0.0476411137,-0.00110706241,-2.35967261,0.0775917182,-0.0361242269,FollowWall,following_right_wall,0,14,42,0.503742516,-1,-1,-1,1,0.303512365,2.20840385,2.20840385,0,0,0,0,0
0.75,0.0515001325,-0.00127003438,-2.47682151,0.0775917182,-0.0361242269,FollowWall,following_right_wall,0,14,42,0.503742516,-1,-1,-1,1,0.303512365,2.20817093,2.20817093,0,0,0,0,0
0.8,0.0553659479,-0.00144101995,-2.58827848,0.0778962299,-0.0315565514,FollowWall,following_right_wall,0,14,42,0.500423014,-1,-1,-1,1,0.303548008,2.20793375,2.20793375,0,0,0,0,0
0.85,0.0592419328,-0.0016197133,-2.69096291,0.0778962299,-0.0315565514,FollowWall,following_right_wall,0,14,42,0.500423014,-1,-1,-1,1,0.303548008,2.20769437,2.20769437,0,0,0,0,0
0.9,0.0631237215,-0.00180547271,-2.78853002,0.0781935013,-0.0270974804,FollowWall,following_right_wall,0,14,42,0.497382522,-1,-1,-1,1,0.303690612,2.20745122,2.20745122,0,0,0,0,0
0.95,0.0670149587,-0.00199804345,-2.8777894,0.0781935013,-0.0270974804,FollowWall,following_right_wall,0,14,42,0.497382522,-1,-1,-1,1,0.303690612,2.20720638,2.20720638,0,0,0,0,0
1,0.0709115904,-0.00219680172,-2.96220261,0.0785541256,-0.0216881167,FollowWall,following_right_wall,0,14,42,0.494598716,-1,-1,-1,1,0.303485572,2.20695838,2.20695838,0,0,0,0,0
1.05,0.0748187637,-0.00240155208,-3.03733193,0.0785541256,-0.0216881167,FollowWall,following_right_wall,0,14,42,0.494598716,-1,-1,-1,1,0.303485572,2.20670998,2.20670998,0,0,0,0,0
1.1,0.0787319877,-0.00261157972,-3.10704565,0.0788856816,-0.016714776,FollowWall,following_right_wall,0,14,42,0.49209252,-1,-1,-1,1,0.302982122,2.20645959,2.20645959,0,0,0,0,0
1.15,0.0826555493,-0.00282663783,-3.16766378,0.0788856816,-0.016714776,FollowWall,following_right_wall,0,14,42,0.49209252,-1,-1,-1,1,0.302982122,2.20620954,2.20620954,0,0,0,0,0
1.2,0.0865850621,-0.00304600974,-3.22297615,0.0791869542,-0.0121956871,FollowWall,following_right_wall,0,14,42,0.489864051,-1,-1,-1,1,0.302389294,2.20595833,2.20595833,0,0,0,0,0
1.25,0.0905242438,-0.00326944353,-3.26979923,0.0791869542,-0.0121956871,FollowWall,following_right_wall,0,14,42,0.489864051,-1,-1,-1,1,0.302389294,2.20570801,2.20570801,0,0,0,0,0
1.3,0.0944690062,-0.00349625708,-3.31167022,0.079458971,-0.00811543527,FollowWall,following_right_wall,0,14,42,0.487897217,-1,-1,-1,1,0.302021027,2.20545721,2.20545721,0,0,0,0,0
1.35,0.0984226316,-0.00372621055,-3.34578205,0.079458971,-0.00811543527,FollowWall,following_right_wall,0,14,42,0.487897217,-1,-1,-1,1,0.302021027,2.20520774,2.20520774,0,0,0,0,0
1.4,0.102381387,-0.00395867043,-3.37536771,0.0796844458,-0.00473331295,FollowWall,following_right_wall,0,14,42,0.486171842,-1,-1,-1,1,0.301861227,2.20495839,2.20495839,0,0,0,0,0
1.45,0.106347792,-0.0041934028,-3.39827598,0.0796844458,-0.00473331295,FollowWall,following_right_wall,0,14,42,0.486171842,-1,-1,-1,1,0.301861227,2.20471059,2.20471059,0,0,0,0,0
1.5,0.110318635,-0.00442985561,-3.41728912,0.0797835619,-0.00324657112,FollowWall,following_right_wall,0,14,42,0.484659284,-1,-1,-1,1,0.30124414,2.20446331,2.20446331,0,0,0,0,0
1.55,0.114294108,-0.00466776717,-3.43225542,0.0797835619,-0.00324657112,FollowWall,following_right_wall,0,14,42,0.484659284,-1,-1,-1,1,0.30124414,2.20421688,2.20421688,0,0,0,0,0
1.6,0.118272265,-0.00490680002,-3.44486108,0.0799017439,-0.00147384118,FollowWall,following_right_wall,0,14,42,0.483289778,-1,-1,-1,1,0.300485969,2.20397067,2.20397067,0,0,0,0,0
1.65,0.122254435,-0.00514683138,-3.45397364,0.0799017439,-0.00147384118,FollowWall,following_right_wall,0,14,42,0.483289778,-1,-1,-1,1,0.300485969,2.20372546,2.20372546,0,0,0,0,0
1.7,0.126238937,-0.00538756826,-3.46104858,0.0799448218,0.000827673638,FollowWall,following_right_wall,0,14,42,0.482037604,-1,-1,-1,1,0.299877614,2.2034807,2.2034807,0,0,0,0,0
1.75,0.130225694,-0.00562879802,-3.46418766,0.0799448218,0.000827673638,FollowWall,following_right_wall,0,14,42,0.482037604,-1,-1,-1,1,0.299877614,2.20323769,2.20323769,0,0,0,0,0
1.8,0.13421377,-0.00587024673,-3.46503083,0.079885848,0.0017122802,FollowWall,following_right_wall,0,14,42,0.480915368,-1,-1,-1,1,0.299422115,2.20299576,2.20299576,0,0,0,0,0
1.85,0.138201396,-0.00611164341,-3.46347879,0.079885848,0.0017122802,FollowWall,following_right_wall,0,14,42,0.480915368,-1,-1,-1,1,0.299422115,2.20275525,2.20275525,0,0,0,0,0
1.9,0.142188768,-0.00635286751,-3.46052955,0.0797507089,0.00373936632,FollowWall,following_right_wall,0,14,42,0.479890704,-1,-1,-1,1,0.298820704,2.2025157,2.2025157,0,0,0,0,0
1.95,0.146173196,-0.00659359474,-3.45434562,0.0797507089,0.00373936632,FollowWall,following_right_wall,0,14,42,0.479890704,-1,-1,-1,1,0.298820704,2.20227849,2.20227849,0,0,0,0,0
2,0.150155924,-0.00683372206,-3.44627479,0.0795882337,0.00617649438,FollowWall,following_right_wall,0,14,42,0.47898072,-1,-1,-1,1,0.29837364,2.20204295,2.20204295,0,0,0,0,0
2.05,0.154134307,-0.00707288525,-3.43419416,0.0795882337,0.00617649438,FollowWall,following_right_wall,0,14,42,0.47898072,-1,-1,-1,1,0.29837364,2.20181066,2.20181066,0,0,0,0,0
2.1,0.158110185,-0.00731097514,-3.41977448,0.0794654313,0.00801852988,FollowWall,following_right_wall,0,14,42,0.478214711,-1,-1,-1,1,0.297975779,2.20158077,2.20158077,0,0,0,0,0
2.15,0.162082084,-0.00754769958,-3.40179158,0.0794654313,0.00801852988,FollowWall,following_right_wall,0,14,42,0.478214711,-1,-1,-1,1,0.297975779,2.20135429,2.20135429,0,0,0,0,0
2.2,0.166051701,-0.00778296543,-3.38173014,0.0794161496,0.00875775663,FollowWall,following_right_wall,0,14,42,0.477589965,-1,-1,-1,1,0.297435343,2.20113046,2.20113046,0,0,0,0,0
2.25,0.170019002,-0.0080166273,-3.35957383,0.0794161496,0.00875775663,FollowWall,following_right_wall,0,14,42,0.477589965,-1,-1,-1,1,0.297435343,2.20090945,2.20090945,0,0,0,0,0
2.3,0.173984995,-0.00824863073,-3.33619552,0.079412827,0.00880759486,FollowWall,following_right_wall,0,14,42,0.477069557,-1,-1,-1,1,0.296901405,2.2006908,2.2006908,0,0,0,0,0
2.35,0.177950197,-0.00847893768,-3.31204488,0.079412827,0.00880759486,FollowWall,following_right_wall,0,14,42,0.477069557,-1,-1,-1,1,0.296901405,2.20047431,2.20047431,0,0,0,0,0
2.4,0.181914979,-0.00870752783,-3.28744371,0.0795117592,0.00732361129,FollowWall,following_right_wall,0,14,42,0.476613253,-1,-1,-1,1,0.296581507,2.20025981,2.20025981,0,0,0,0,0
2.45,0.185881612,-0.00893456831,-3.26435111,0.0795117592,0.00732361129,FollowWall,following_right_wall,0,14,42,0.476613253,-1,-1,-1,1,0.296581507,2.20004601,2.20004601,0,0,0,0,0
2.5,0.189849359,-0.00916009875,-3.24213852,0.0796141673,0.00578749067,FollowWall,following_right_wall,0,14,42,0.476155311,-1,-1,-1,1,0.296369493,2.19983323,2.19983323,0,0,0,0,0
2.55,0.193819916,-0.00938432624,-3.22227286,0.0796141673,0.00578749067,FollowWall,following_right_wall,0,14,42,0.476155311,-1,-1,-1,1,0.296369493,2.19962042,2.19962042,0,0,0,0,0
2.6,0.197792139,-0.0096073138,-3.20377625,0.0797146075,0.00428088698,FollowWall,following_right_wall,0,14,42,0.475660414,-1,-1,-1,1,0.296010911,2.19940807,2.19940807,0,0,0,0,0
2.65,0.201767447,-0.00982927752,-3.18787663,0.0797146075,0.00428088698,FollowWall,following_right_wall,0,14,42,0.475660414,-1,-1,-1,1,0.296010911,2.19919526,2.19919526,0,0,0,0,0
2.7,0.205744573,-0.0100502884,-3.17349192,0.0797582508,0.00362623781,FollowWall,following_right_wall,0,14,42,0.475116462,-1,-1,-1,1,0.295558155,2.19898253,2.19898253,0,0,0,0,0
2.75,0.209723686,-0.0102704657,-3.16077233,0.0797582508,0.00362623781,FollowWall,following_right_wall,0,14,42,0.475116462,-1,-1,-1,1,0.295558155,2.19876969,2.19876969,0,0,0,0,0
2.8,0.213703975,-0.0104898555,-3.14902407,0.0797983232,0.00302515166,FollowWall,following_right_wall,0,14,42,0.474545568,-1,-1,-1,1,0.295183539,2.19855707,2.19855707,0,0,0,0,0
2.85,0.217685797,-0.0107085558,-3.13855991,0.0797983232,0.00302515166,FollowWall,following_right_wall,0,14,42,0.474545568,-1,-1,-1,1,0.295183539,2.19834441,2.19834441,0,0,0,0,0
2.9,0.221668529,-0.0109266025,-3.12884481,0.0798872931,0.00169060385,FollowWall,following_right_wall,0,14,42,0.473962784,-1,-1,-1,1,0.294711441,2.19813197,2.19813197,0,0,0,0,0
2.95,0.225653652,-0.0111441732,-3.12115966,0.0798872931,0.00169060385,FollowWall,following_right_wall,0,14,42,0.473962784,-1,-1,-1,1,0.294711441,2.19791884,2.19791884,0,0,0,0,0
3,0.229640178,-0.0113613254,-3.11465864,0.0799697266,0.0004541003,FollowWall,following_right_wall,0,14,42,0.473350376,-1,-1,-1,1,0.294100106,2.19770544,2.19770544,0,0,0,0,0
3.05,0.233629241,-0.0115782376,-3.11032434,0.0799697266,0.0004541003,FollowWall,following_right_wall,0,14,42,0.473350376,-1,-1,-1,1,0.294100106,2.19749104,2.19749104,0,0,0,0,0
3.1,0.237619788,-0.0117949718,-3.10725396,0.0799744525,0.000383212008,FollowWall,following_right_wall,0,14,42,0.472699523,-1,-1,-1,1,0.293796986,2.19727608,2.19727608,0,0,0,0,0
3.15,0.241611299,-0.0120115726,-3.10500547,0.0799744525,0.000383212008,FollowWall,following_right_wall,0,14,42,0.472699523,-1,-1,-1,1,0.293796986,2.19706077,2.19706077,0,0,0,0,0
3.2,0.245603375,-0.0122280637,-3.10323643,0.0799304037,0.00104394434,FollowWall,following_right_wall,0,14,42,0.472043395,-1,-1,-1,1,0.293470085,2.19684531,2.19684531,0,0,0,0,0
3.25,0.249594867,-0.0124443817,-3.10095838,0.0799304037,0.00104394434,FollowWall,following_right_wall,0,14,42,0.472043395,-1,-1,-1,1,0.293470085,2.19663031,2.19663031,0,0,0,0,0
3.3,0.253586023,-0.012660512,-3.09838339,0.0798908433,0.00163734989,FollowWall,following_right_wall,0,14,42,0.471424073,-1,-1,-1,1,0.293086678,2.19641566,2.19641566,0,0,0,0,0
3.35,0.257576166,-0.0128763768,-3.09492688,0.0798908433,0.00163734989,FollowWall,following_right_wall,0,14,42,0.471424073,-1,-1,-1,1,0.293086678,2.1962018,2.1962018,0,0,0,0,0
3.4,0.261565726,-0.0130919508,-3.09095613,0.0798582408,0.00212638861,FollowWall,following_right_wall,0,14,42,0.470859021,-1,-1,-1,1,0.292314708,2.19598852,2.19598852,0,0,0,0,0
3.45,0.265554276,-0.013307162,-3.08610168,0.0798582408,0.00212638861,FollowWall,following_right_wall,0,14,42,0.470859021,-1,-1,-1,1,0.292314708,2.19577612,2.19577612,0,0,0,0,0
3.5,0.269542246,-0.0135219851,-3.08073172,0.0798551594,0.00217260974,FollowWall,following_right_wall,0,14,42,0.470350504,-1,-1,-1,1,0.291683465,2.1955644,2.1955644,0,0,0,0,0
3.55,0.273529823,-0.0137363999,-3.07500588,0.0798551594,0.00217260974,FollowWall,following_right_wall,0,14,42,0.470350504,-1,-1,-1,1,0.291683465,2.1953533,2.1953533,0,0,0,0,0
3.6,0.277517181,-0.0139503959,-3.06907245,0.0799627318,0.000559022601,FollowWall,following_right_wall,0,14,42,0.469884694,-1,-1,-1,1,0.291124225,2.19514274,2.19514274,0,0,0,0,0
3.65,0.281506654,-0.0141641542,-3.064944,0.0799627318,0.000559022601,FollowWall,following_right_wall,0,14,42,0.469884694,-1,-1,-1,1,0.291124225,2.19493138,2.19493138,0,0,0,0,0
3.7,0.285497365,-0.0143777272,-3.06186845,0.0799858248,-0.000212627306,FollowWall,following_right_wall,0,14,42,0.469401717,-1,-1,-1,1,0.290452749,2.19471958,2.19471958,0,0,0,0,0
3.75,0.289489278,-0.0145912033,-3.06032818,0.0799858248,-0.000212627306,FollowWall,following_right_wall,0,14,42,0.469401717,-1,-1,-1,1,0.290452749,2.194507,2.194507,0,0,0,0,0
3.8,0.293481892,-0.0148046405,-3.0596835,0.0799379469,-0.000930796462,FollowWall,following_right_wall,0,14,42,0.468894064,-1,-1,-1,1,0.290125042,2.19429394,2.19429394,0,0,0,0,0
3.85,0.297473916,-0.0150180493,-3.06041849,0.0799379469,-0.000930796462,FollowWall,following_right_wall,0,14,42,0.468894064,-1,-1,-1,1,0.290125042,2.1940801,2.1940801,0,0,0,0,0
3.9,0.301465592,-0.015231519,-3.06195829,0.0798481993,-0.00227701019,FollowWall,following_right_wall,0,14,42,0.46836561,-1,-1,-1,1,0.289793164,2.19386574,2.19386574,0,0,0,0,0
3.95,0.30545519,-0.0154450576,-3.06557449,0.0798481993,-0.00227701019,FollowWall,following_right_wall,0,14,42,0.46836561,-1,-1,-1,1,0.289793164,2.19365011,2.19365011,0,0,0,0,0
4,0.309443566,-0.0156588255,-3.07040192,0.0798606705,-0.00208994252,FollowWall,following_right_wall,0,14,42,0.467797458,-1,-1,-1,1,0.289226055,2.19343354,2.19343354,0,0,0,0,0
4.05,0.31343148,-0.0158729225,-3.07571261,0.0798606705,-0.00208994252,FollowWall,following_right_wall,0,14,42,0.467797458,-1,-1,-1,1,0.289226055,2.19321637,2.19321637,0,0,0,0,0
4.1,0.317419114,-0.0160873849,-3.08130519,0.0799086235,-0.00137064763,FollowWall,following_right_wall,0,14,42,0.467223525,-1,-1,-1,1,0.288953066,2.19299867,2.19299867,0,0,0,0,0
4.15,0.321407574,-0.016302258,-3.08620362,0.0799086235,-0.00137064763,FollowWall,following_right_wall,0,14,42,0.467223525,-1,-1,-1,1,0.288953066,2.19278096,2.19278096,0,0,0,0,0
4.2,0.325396511,-0.0165174847,-3.09069713,0.0799542029,-0.000686957049,FollowWall,following_right_wall,0,14,42,0.466680735,-1,-1,-1,1,0.288669974,2.19256314,2.19256314,0,0,0,0,0
4.25,0.329386669,-0.0167330543,-3.09413834,0.0799542029,-0.000686957049,FollowWall,following_right_wall,0,14,42,0.466680735,-1,-1,-1,1,0.288669974,2.19234558,2.19234558,0,0,0,0,0
4.3,0.333377536,-0.0169488813,-3.09696571,0.0799954101,-6.88489693e-05,FollowWall,following_right_wall,0,14,42,0.466183394,-1,-1,-1,1,0.28815046,2.19212811,2.19212811,0,0,0,0,0
4.35,0.337369673,-0.0171649361,-3.09869719,0.0799954101,-6.88489693e-05,FollowWall,following_right_wall,0,14,42,0.466183394,-1,-1,-1,1,0.28815046,2.19191106,2.19191106,0,0,0,0,0
4.4,0.34136255,-0.0173811297,-3.0997894,0.0799814774,0.000277838631,FollowWall,following_right_wall,0,14,42,0.465733349,-1,-1,-1,1,0.287800401,2.19169423,2.19169423,0,0,0,0,0
4.45,0.345355569,-0.0175973798,-3.10009488,0.0799814774,0.000277838631,FollowWall,following_right_wall,0,14,42,0.465733349,-1,-1,-1,1,0.287800401,2.19147781,2.19147781,0,0,0,0,0
4.5,0.349348672,-0.0178136399,-3.09994143,0.0799358448,-0.000962327435,FollowWall,following_right_wall,0,14,42,0.465321779,-1,-1,-1,1,0.287671596,2.19126164,2.19126164,0,0,0,0,0
4.55,0.353340874,-0.0180298827,-3.10100061,0.0799358448,-0.000962327435,FollowWall,following_right_wall,0,14,42,0.465321779,-1,-1,-1,1,0.287671596,2.19104478,2.19104478,0,0,0,0,0
4.6,0.357332546,-0.0182461955,-3.10276716,0.0798578063,-0.00213290602,FollowWall,following_right_wall,0,14,42,0.464894891,-1,-1,-1,1,0.287431002,2.19082745,2.19082745,0,0,0,0,0
4.65,0.361322277,-0.0184625898,-3.10634361,0.0798578063,-0.00213290602,FollowWall,following_right_wall,0,14,42,0.464894891,-1,-1,-1,1,0.287431002,2.19060898,2.19060898,0,0,0,0,0
4.7,0.365310868,-0.0186792088,-3.11097585,0.0797889374,-0.00316593881,FollowWall,following_right_wall,0,14,42,0.464423597,-1,-1,-1,1,0.287057966,2.19038969,2.19038969,0,0,0,0,0
4.75,0.369297348,-0.0188961009,-3.11745705,0.0797889374,-0.00316593881,FollowWall,following_right_wall,0,14,42,0.464423597,-1,-1,-1,1,0.287057966,2.19016905,2.19016905,0,0,0,0,0
4.8,0.373282583,-0.019113415,-3.12501681,0.0797941633,-0.00308755077,FollowWall,following_right_wall,0,14,42,0.463900417,-1,-1,-1,1,0.286912411,2.18994737,2.18994737,0,0,0,0,0
4.85,0.377267186,-0.0193312406,-3.13311216,0.0797941633,-0.00308755077,FollowWall,following_right_wall,0,14,42,0.463900417,-1,-1,-1,1,0.286912411,2.18972487,2.18972487,0,0,0,0,0
4.9,0.381251407,-0.0195496209,-3.14151994,0.079870832,-0.00193752059,FollowWall,following_right_wall,0,14,42,0.463354677,-1,-1,-1,1,0.286233127,2.18950164,2.18950164,0,0,0,0,0
4.95,0.385236987,-0.0197686208,-3.14873722,0.079870832,-0.00193752059,FollowWall,following_right_wall,0,14,42,0.463354677,-1,-1,-1,1,0.286233127,2.18927847,2.18927847,0,0,0,0,0
5,0.389223352,-0.0199881432,-3.15526005,0.0799066073,-0.00140089121,FollowWall,following_right_wall,0,14,42,0.462834179,-1,-1,-1,1,0.285565495,2.18905519,2.18905519,0,0,0,0,0
5.05,0.393210911,-0.0202081502,-3.16073722,0.0799066073,-0.00140089121,FollowWall,following_right_wall,0,14,42,0.462834179,-1,-1,-1,1,0.285565495,2.18883202,2.18883202,0,0,0,0,0
5.1,0.39719916,-0.0204285564,-3.16560443,0.0798589062,-0.00211640717,FollowWall,following_right_wall,0,14,42,0.462343276,-1,-1,-1,1,0.285389394,2.18860881,2.18860881,0,0,0,0,0
5.15,0.401186812,-0.0206492868,-3.17096991,0.0798589062,-0.00211640717,FollowWall,following_right_wall,0,14,42,0.462343276,-1,-1,-1,1,0.285389394,2.18838499,2.18838499,0,0,0,0,0
5.2,0.405174105,-0.020870382,-3.17662605,0.0798155024,-0.00276746438,FollowWall,following_right_wall,0,14,42,0.461841106,-1,-1,-1,1,0.284849644,2.18816063,2.18816063,0,0,0,0,0
5.25,0.409160275,-0.0210918426,-3.18322888,0.0798155024,-0.00276746438,FollowWall,following_right_wall,0,14,42,0.461841106,-1,-1,-1,1,0.284849644,2.18793537,2.18793537,0,0,0,0,0
5.3,0.413145776,-0.0213137462,-3.19038395,0.0798758821,-0.00186176814,FollowWall,following_right_wall,0,14,42,0.461305559,-1,-1,-1,1,0.284355372,2.18770934,2.18770934,0,0,0,0,0
5.35,0.417132133,-0.0215361702,-3.19678006,0.0798758821,-0.00186176814,FollowWall,following_right_wall,0,14,42,0.461305559,-1,-1,-1,1,0.284355372,2.18748324,2.18748324,0,0,0,0,0
5.4,0.421118981,-0.0217590526,-3.20273345,0.079975948,-0.000360780091,FollowWall,following_right_wall,0,14,42,0.460773498,-1,-1,-1,1,0.283763766,2.18725693,2.18725693,0,0,0,0,0
5.45,0.425108191,-0.0219824113,-3.20663691,0.079975948,-0.000360780091,FollowWall,following_right_wall,0,14,42,0.460773498,-1,-1,-1,1,0.283763766,2.18703132,2.18703132,0,0,0,0,0
5.5,0.429098777,-0.022206078,-3.20934458,0.079926155,0.00110767528,FollowWall,following_right_wall,0,14,42,0.460284323,-1,-1,-1,1,0.283013046,2.1868061,2.1868061,0,0,0,0,0
5.55,0.433089133,-0.0224298353,-3.20960186,0.079926155,0.00110767528,FollowWall,following_right_wall,0,14,42,0.460284323,-1,-1,-1,1,0.283013046,2.1865822,2.1865822,0,0,0,0,0
5.6,0.437079358,-0.0226535534,-3.20842975,0.0798626181,0.00206072863,FollowWall,following_right_wall,0,14,42,0.459854424,-1,-1,-1,1,0.282447755,2.18635915,2.18635915,0,0,0,0,0
5.65,0.441068194,-0.0228770429,-3.20528621,0.0798626181,0.00206072863,FollowWall,following_right_wall,0,14,42,0.459854424,-1,-1,-1,1,0.282447755,2.18613747,2.18613747,0,0,0,0,0
5.7,0.445056228,-0.0231002278,-3.20099266,0.079904195,0.00143707513,FollowWall,following_right_wall,0,14,42,0.459473878,-1,-1,-1,1,0.28218919,2.18591676,2.18591676,0,0,0,0,0
5.75,0.449044668,-0.0233231382,-3.19677271,0.079904195,0.00143707513,FollowWall,following_right_wall,0,14,42,0.459473878,-1,-1,-1,1,0.28218919,2.18569627,2.18569627,0,0,0,0,0
5.8,0.453033351,-0.023545769,-3.19259569,0.0798417992,0.00237301148,FollowWall,following_right_wall,0,14,42,0.459088624,-1,-1,-1,1,0.28168118,2.18547605,2.18547605,0,0,0,0,0
5.85,0.457020887,-0.0237680061,-3.18732652,0.0798417992,0.00237301148,FollowWall,following_right_wall,0,14,42,0.459088624,-1,-1,-1,1,0.28168118,2.18525684,2.18525684,0,0,0,0,0
5.9,0.461007765,-0.0239898164,-3.18142026,0.0798036386,0.00294542091,FollowWall,following_right_wall,0,14,42,0.458714455,-1,-1,-1,1,0.280989915,2.18503844,2.18503844,0,0,0,0,0
5.95,0.464993477,-0.0242111129,-3.17445911,0.0798036386,0.00294542091,FollowWall,following_right_wall,0,14,42,0.458714455,-1,-1,-1,1,0.280989915,2.18482115,2.18482115,0,0,0,0,0
6,0.468978523,-0.0244318654,-3.1668826,0.0797732502,0.00340124639,FollowWall,following_right_wall,0,14,42,0.458355904,-1,-1,-1,1,0.280578017,2.18460476,2.18460476,0,0,0,0,0
6.05,0.472962563,-0.0246520021,-3.15840303,0.0797732502,0.00340124639,FollowWall,following_right_wall,0,14,42,0.458355904,-1,-1,-1,1,0.280578017,2.18438951,2.18438951,0,0,0,0,0
6.1,0.476946031,-0.0248714976,-3.14939668,0.079649051,0.00526423426,FollowWall,following_right_wall,0,14,42,0.45800817,-1,-1,-1,1,0.280356586,2.18417521,2.18417521,0,0,0,0,0
6.15,0.480926602,-0.0250901176,-3.13785925,0.079649051,0.00526423426,FollowWall,following_right_wall,0,14,42,0.45800817,-1,-1,-1,1,0.280356586,2.18396325,2.18396325,0,0,0,0,0
6.2,0.484905507,-0.0253077911,-3.12484537,0.0795056528,0.00741520803,FollowWall,following_right_wall,0,14,42,0.457709938,-1,-1,-1,1,0.280037433,2.18375309,2.18375309,0,0,0,0,0
6.25,0.488880485,-0.025524225,-3.10840269,0.0795056528,0.00741520803,FollowWall,following_right_wall,0,14,42,0.457709938,-1,-1,-1,1,0.280037433,2.18354616,2.18354616,0,0,0,0,0
6.3,0.492853206,-0.0257393229,-3.08995987,0.0793805926,0.00929111055,FollowWall,following_right_wall,0,14,42,0.457493067,-1,-1,-1,1,0.279425949,2.18334173,2.18334173,0,0,0,0,0
6.35,0.496822045,-0.0259528111,-3.06811112,0.0793805926,0.00929111055,FollowWall,following_right_wall,0,14,42,0.457493067,-1,-1,-1,1,0.279425949,2.18314088,2.18314088,0,0,0,0,0
6.4,0.500788661,-0.0261645939,-3.04427556,0.0792756967,0.0108645489,FollowWall,following_right_wall,0,14,42,0.457363456,-1,-1,-1,1,0.279059231,2.18294291,2.18294291,0,0,0,0,0
6.45,0.504751842,-0.0263744344,-3.01740289,0.0792756967,0.0108645489,FollowWall,following_right_wall,0,14,42,0.457363456,-1,-1,-1,1,0.279059231,2.18274866,2.18274866,0,0,0,0,0
6.5,0.508713065,-0.0265822469,-2.98875856,0.0791907828,0.0121382583,FollowWall,following_right_wall,0,14,42,0.457313687,-1,-1,-1,1,0.278546691,2.18255749,2.18255749,0,0,0,0,0
6.55,0.512671429,-0.0267878366,-2.95756039,0.0791907828,0.0121382583,FollowWall,following_right_wall,0,14,42,0.457313687,-1,-1,-1,1,0.278546691,2.18237005,2.18237005,0,0,0,0,0
6.6,0.516628176,-0.0269911305,-2.92487248,0.0792400547,0.0113991796,FollowWall,following_right_wall,0,14,42,0.457331568,-1,-1,-1,1,0.278361291,2.1821858,2.1821858,0,0,0,0,0
6.65,0.520585053,-0.0271921682,-2.89219777,0.0792400547,0.0113991796,FollowWall,following_right_wall,0,14,42,0.457331568,-1,-1,-1,1,0.278361291,2.18200383,2.18200383,0,0,0,0,0
6.7,0.524542054,-0.0273909501,-2.85953075,0.0793086713,0.0103699305,FollowWall,following_right_wall,0,14,42,0.457351863,-1,-1,-1,1,0.278191417,2.18182414,2.18182414,0,0,0,0,0
6.75,0.528500597,-0.0275875896,-2.82809679,0.0793086713,0.0103699305,FollowWall,following_right_wall,0,14,42,0.457351863,-1,-1,-1,1,0.278191417,2.1816459,2.1816459,0,0,0,0,0
6.8,0.532460083,-0.0277821233,-2.79738213,0.0793801073,0.00929839092,FollowWall,following_right_wall,0,14,42,0.457329333,-1,-1,-1,1,0.2780343,2.18146937,2.18146937,0,0,0,0,0
6.85,0.536421644,-0.027974689,-2.7683661,0.0793801073,0.00929839092,FollowWall,following_right_wall,0,14,42,0.457329333,-1,-1,-1,1,0.2780343,2.18129384,2.18129384,0,0,0,0,0
6.9,0.540384452,-0.0281653381,-2.74034095,0.0793711118,0.00943332269,FollowWall,following_right_wall,0,14,42,0.457244009,-1,-1,-1,1,0.277731299,2.18111967,2.18111967,0,0,0,0,0
6.95,0.544347837,-0.0283540864,-2.71273275,0.0793711118,0.00943332269,FollowWall,following_right_wall,0,14,42,0.457244009,-1,-1,-1,1,0.277731299,2.18094717,2.18094717,0,0,0,0,0
7,0.548311594,-0.0285409466,-2.68536776,0.079310129,0.0103480645,FollowWall,following_right_wall,0,14,42,0.457123965,-1,-1,-1,1,0.277030021,2.18077644,2.18077644,0,0,0,0,0
7.05,0.552274338,-0.0287258293,-2.65705276,0.079310129,0.0103480645,FollowWall,following_right_wall,0,14,42,0.457123965,-1,-1,-1,1,0.277030021,2.18060826,2.18060826,0,0,0,0,0
7.1,0.556236529,-0.0289087047,-2.62818358,0.0793341593,0.00998761006,FollowWall,following_right_wall,0,14,42,0.457010537,-1,-1,-1,1,0.276317984,2.18044245,2.18044245,0,0,0,0,0
7.15,0.560198936,-0.029089593,-2.5994214,0.0793341593,0.00998761006,FollowWall,following_right_wall,0,14,42,0.457010537,-1,-1,-1,1,0.276317984,2.18027858,2.18027858,0,0,0,0,0
7.2,0.564161505,-0.0292684977,-2.57072163,0.0794182118,0.00872682304,FollowWall,following_right_wall,0,14,42,0.456885815,-1,-1,-1,1,0.276150614,2.18011667,2.18011667,0,0,0,0,0
7.25,0.568125953,-0.0294455508,-2.54356322,0.0794182118,0.00872682304,FollowWall,following_right_wall,0,14,42,0.456885815,-1,-1,-1,1,0.276150614,2.17995573,2.17995573,0,0,0,0,0
7.3,0.572091529,-0.029620802,-2.51730393,0.0795054652,0.00741802263,FollowWall,following_right_wall,0,14,42,0.456707865,-1,-1,-1,1,0.275585651,2.17979608,2.17979608,0,0,0,0,0
7.35,0.576059607,-0.0297944141,-2.49313141,0.0795054652,0.00741802263,FollowWall,following_right_wall,0,14,42,0.456707865,-1,-1,-1,1,0.275585651,2.17963684,2.17963684,0,0,0,0,0
7.4,0.580029171,-0.0299664555,-2.47017615,0.079472927,0.00790609536,FollowWall,following_right_wall,0,14,42,0.456454158,-1,-1,-1,1,0.275193334,2.17947847,2.17947847,0,0,0,0,0
7.45,0.583998951,-0.0301369173,-2.44734838,0.079472927,0.00790609536,FollowWall,following_right_wall,0,14,42,0.456454158,-1,-1,-1,1,0.275193334,2.17932161,2.17932161,0,0,0,0,0
7.5,0.587968886,-0.0303058037,-2.42459498,0.0794319375,0.00852093727,FollowWall,following_right_wall,0,14,42,0.45617041,-1,-1,-1,1,0.274628729,2.1791663,2.1791663,0,0,0,0,0
7.55,0.591938085,-0.0304730558,-2.40115104,0.0794319375,0.00852093727,FollowWall,following_right_wall,0,14,42,0.45617041,-1,-1,-1,1,0.274628729,2.17901305,2.17901305,0,0,0,0,0
7.6,0.595906885,-0.0306386504,-2.37730428,0.0793518371,0.00972244391,FollowWall,following_right_wall,0,14,42,0.455889463,-1,-1,-1,1,0.274055958,2.17886171,2.17886171,0,0,0,0,0
7.65,0.599873815,-0.0308024551,-2.35178837,0.0793518371,0.00972244391,FollowWall,following_right_wall,0,14,42,0.455889463,-1,-1,-1,1,0.274055958,2.17871318,2.17871318,0,0,0,0,0
7.7,0.603839688,-0.0309644132,-2.32529877,0.0793177683,0.0102334753,FollowWall,following_right_wall,0,14,42,0.45564276,-1,-1,-1,1,0.273587346,2.1785671,2.1785671,0,0,0,0,0
7.75,0.607804267,-0.0311244418,-2.29763119,0.0793177683,0.0102334753,FollowWall,following_right_wall,0,14,42,0.45564276,-1,-1,-1,1,0.273587346,2.17842367,2.17842367,0,0,0,0,0
7.8,0.611768124,-0.0312825002,-2.26927646,0.079386455,0.0092031746,FollowWall,following_right_wall,0,14,42,0.455426186,-1,-1,-1,1,0.273165137,2.17828265,2.17828265,0,0,0,0,0
7.85,0.615733023,-0.0314386636,-2.24175072,0.079386455,0.0092031746,FollowWall,following_right_wall,0,14,42,0.455426186,-1,-1,-1,1,0.273165137,2.17814304,2.17814304,0,0,0,0,0
7.9,0.619698557,-0.0315929608,-2.21470856,0.0795024177,0.00746373438,FollowWall,following_right_wall,0,14,42,0.455188185,-1,-1,-1,1,0.272676706,2.17800504,2.17800504,0,0,0,0,0
7.95,0.623666903,-0.0317455734,-2.19002479,0.0795024177,0.00746373438,FollowWall,following_right_wall,0,14,42,0.455188185,-1,-1,-1,1,0.272676706,2.17786731,2.17786731,0,0,0,0,0
8,0.627636911,-0.0318965849,-2.16671674,0.0796029283,0.0059560749,FollowWall,following_right_wall,0,14,42,0.454879075,-1,-1,-1,1,0.272444814,2.17773037,2.17773037,0,0,0,0,0
8.05,0.631610003,-0.0320461855,-2.14601085,0.0796029283,0.0059560749,FollowWall,following_right_wall,0,14,42,0.454879075,-1,-1,-1,1,0.272444814,2.17759328,2.17759328,0,0,0,0,0
8.1,0.635584912,-0.0321944686,-2.12682286,0.0796055052,0.0059174225,FollowWall,following_right_wall,0,14,42,0.454483747,-1,-1,-1,1,0.27213642,2.1774566,2.1774566,0,0,0,0,0
8.15,0.639560953,-0.032341493,-2.10856647,0.0796055052,0.0059174225,FollowWall,following_right_wall,0,14,42,0.454483747,-1,-1,-1,1,0.27213642,2.17732063,2.17732063,0,0,0,0,0
8.2,0.643537671,-0.0324872925,-2.09085351,0.079675364,0.00486953938,FollowWall,following_right_wall,0,14,42,0.454043537,-1,-1,-1,1,0.271831959,2.17718556,2.17718556,0,0,0,0,0
8.25,0.647516255,-0.0326319833,-2.07470836,0.079675364,0.00486953938,FollowWall,following_right_wall,0,14,42,0.454043537,-1,-1,-1,1,0.271831959,2.17705066,2.17705066,0,0,0,0,0
8.3,0.651495942,-0.0327756231,-2.05947777,0.0797341203,0.00398819514,FollowWall,following_right_wall,0,14,42,0.453553021,-1,-1,-1,1,0.271248251,2.17691626,2.17691626,0,0,0,0,0
8.35,0.655477509,-0.0329183261,-2.0458327,0.0797341203,0.00398819514,FollowWall,following_right_wall,0,14,42,0.453553021,-1,-1,-1,1,0.271248251,2.17678184,2.17678184,0,0,0,0,0
8.4,0.659460184,-0.0330601514,-2.03311253,0.0797808462,0.00328730634,FollowWall,following_right_wall,0,14,42,0.453009069,-1,-1,-1,1,0.271151304,2.17664775,2.17664775,0,0,0,0,0
8.45,0.663444489,-0.0332011969,-2.02176849,0.0797808462,0.00328730634,FollowWall,following_right_wall,0,14,42,0.453009069,-1,-1,-1,1,0.271151304,2.1765136,2.1765136,0,0,0,0,0
8.5,0.667429754,-0.0333415144,-2.0112272,0.0797284097,0.00407385486,FollowWall,following_right_wall,0,14,42,0.452418059,-1,-1,-1,1,0.270990521,2.17637969,2.17637969,0,0,0,0,0
8.55,0.671414498,-0.0334810631,-2.00021531,0.0797284097,0.00407385486,FollowWall,following_right_wall,0,14,42,0.452418059,-1,-1,-1,1,0.270990521,2.17624684,2.17624684,0,0,0,0,0
8.6,0.67539895,-0.0336198253,-1.9889289,0.0796178483,0.00573227556,FollowWall,following_right_wall,0,14,42,0.451830178,-1,-1,-1,1,0.270718485,2.17611495,2.17611495,0,0,0,0,0
8.65,0.679380944,-0.0337576421,-1.97550276,0.0796178483,0.00573227556,FollowWall,following_right_wall,0,14,42,0.451830178,-1,-1,-1,1,0.270718485,2.17598531,2.17598531,0,0,0,0,0
8.7,0.68336152,-0.0338944326,-1.96082845,0.0795093742,0.00735938752,FollowWall,following_right_wall,0,14,42,0.451301754,-1,-1,-1,1,0.270734102,2.17585746,2.17585746,0,0,0,0,0
8.75,0.687339029,-0.0340300049,-1.94348381,0.0795093742,0.00735938752,FollowWall,following_right_wall,0,14,42,0.451301754,-1,-1,-1,1,0.270734102,2.17573247,2.17573247,0,0,0,0,0
8.8,0.691314769,-0.034164258,-1.92458148,0.0794071079,0.00889338078,FollowWall,following_right_wall,0,14,42,0.450860173,-1,-1,-1,1,0.270747542,2.17560976,2.17560976,0,0,0,0,0
8.85,0.69528737,-0.0342969979,-1.90293943,0.0794071079,0.00889338078,FollowWall,following_right_wall,0,14,42,0.450860173,-1,-1,-1,1,0.270747542,2.17549024,2.17549024,0,0,0,0,0
8.9,0.699258165,-0.0344281204,-1.87969921,0.0793296618,0.0100550725,FollowWall,following_right_wall,0,14,42,0.450514942,-1,-1,-1,1,0.270421892,2.17537333,2.17537333,0,0,0,0,0
8.95,0.703226318,-0.0345574641,-1.85414006,0.0793296618,0.0100550725,FollowWall,following_right_wall,0,14,42,0.450514942,-1,-1,-1,1,0.270421892,2.17525964,2.17525964,0,0,0,0,0
9,0.707192956,-0.0346849402,-1.82722819,0.0793855332,0.0092170018,FollowWall,following_right_wall,0,14,42,0.450260431,-1,-1,-1,1,0.269993246,2.17514866,2.17514866,0,0,0,0,0
9.05,0.7111599,-0.0348105682,-1.80052762,0.0793855332,0.0092170018,FollowWall,following_right_wall,0,14,42,0.450260431,-1,-1,-1,1,0.269993246,2.17503942,2.17503942,0,0,0,0,0
9.1,0.715127045,-0.0349343563,-1.7739503,0.0794398084,0.00840287425,FollowWall,following_right_wall,0,14,42,0.450033098,-1,-1,-1,1,0.269836605,2.17493196,2.17493196,0,0,0,0,0
9.15,0.71909546,-0.0350563777,-1.74841667,0.0794398084,0.00840287425,FollowWall,following_right_wall,0,14,42,0.450033098,-1,-1,-1,1,0.269836605,2.17482564,2.17482564,0,0,0,0,0
9.2,0.723064636,-0.0351766731,-1.72349186,0.0793618016,0.0095729755,FollowWall,following_right_wall,0,14,42,0.44979912,-1,-1,-1,1,0.269682288,2.1747207,2.1747207,0,0,0,0,0
9.25,0.727032654,-0.0352951695,-1.69752549,0.0793618016,0.0095729755,FollowWall,following_right_wall,0,14,42,0.44979912,-1,-1,-1,1,0.269682288,2.17461821,2.17461821,0,0,0,0,0
9.3,0.731000019,-0.0354118258,-1.67095155,0.0792603041,0.0110954392,FollowWall,following_right_wall,0,14,42,0.449609399,-1,-1,-1,1,0.269280702,2.17451796,2.17451796,0,0,0,0,0
9.35,0.734964914,-0.0355264938,-1.64220587,0.0792603041,0.0110954392,FollowWall,following_right_wall,0,14,42,0.449609399,-1,-1,-1,1,0.269280702,2.17442106,2.17442106,0,0,0,0,0
9.4,0.738928394,-0.0356390869,-1.61219336,0.0792297806,0.0115532908,FollowWall,following_right_wall,0,14,42,0.449508786,-1,-1,-1,1,0.268839747,2.17432704,2.17432704,0,0,0,0,0
9.45,0.742890439,-0.0357495177,-1.58089533,0.0792297806,0.0115532908,FollowWall,following_right_wall,0,14,42,0.449508786,-1,-1,-1,1,0.268839747,2.174236,2.174236,0,0,0,0,0
9.5,0.746851671,-0.0358577344,-1.54884743,0.0791475821,0.0127862687,FollowWall,following_right_wall,0,14,42,0.449484915,-1,-1,-1,1,0.268319964,2.17414767,2.17414767,0,0,0,0,0
9.55,0.750810745,-0.03596361,-1.51489033,0.0791475821,0.0127862687,FollowWall,following_right_wall,0,14,42,0.449484915,-1,-1,-1,1,0.268319964,2.1740629,2.1740629,0,0,0,0,0
9.6,0.754768586,-0.0360670669,-1.47981954,0.0790789232,0.0138161523,FollowWall,following_right_wall,0,14,42,0.449552566,-1,-1,-1,1,0.26791206,2.17398127,2.17398127,0,0,0,0,0
9.65,0.758724306,-0.0361679805,-1.44286976,0.0790789232,0.0138161523,FollowWall,following_right_wall,0,14,42,0.449552566,-1,-1,-1,1,0.26791206,2.17390339,2.17390339,0,0,0,0,0
9.7,0.762678816,-0.0362662736,-1.40482391,0.0791326262,0.0130106064,FollowWall,following_right_wall,0,14,42,0.449718505,-1,-1,-1,1,0.267738134,2.17382886,2.17382886,0,0,0,0,0
9.75,0.766633766,-0.0363619609,-1.36710023,0.0791326262,0.0130106064,FollowWall,following_right_wall,0,14,42,0.449718505,-1,-1,-1,1,0.267738134,2.17375676,2.17375676,0,0,0,0,0
9.8,0.770588995,-0.0364550558,-1.32956448,0.0793116389,0.0103254162,FollowWall,following_right_wall,0,14,42,0.449928403,-1,-1,-1,1,0.267265886,2.17368718,2.17368718,0,0,0,0,0
9.85,0.774548139,-0.0365457624,-1.29534357,0.0793116389,0.0103254162,FollowWall,following_right_wall,0,14,42,0.449928403,-1,-1,-1,1,0.267265886,2.17361795,2.17361795,0,0,0,0,0
9.9,0.778509583,-0.0366342213,-1.26305631,0.0794850276,0.00772458665,FollowWall,following_right_wall,0,14,42,0.450091571,-1,-1,-1,1,0.266912043,2.17354978,2.17354978,0,0,0,0,0
9.95,0.782475997,-0.0367207015,-1.23500153,0.0794850276,0.00772458665,FollowWall,following_right_wall,0,14,42,0.450091571,-1,-1,-1,1,0.266912043,2.17348095,2.17348095,0,0,0,0,0
10,0.786445324,-0.0368053863,-1.2094157,0.0796459791,0.00531031383,FollowWall,following_right_wall,0,14,42,0.450164407,-1,-1,-1,1,0.266981274,2.17341239,2.17341239,0,0,0,0,0
10.05,0.790419712,-0.0368885534,-1.18815191,0.0796459791,0.00531031383,FollowWall,following_right_wall,0,14,42,0.450164407,-1,-1,-1,1,0.266981274,2.17334263,2.17334263,0,0,0,0,0
10.1,0.794397062,-0.0369703934,-1.16940931,0.0797021601,0.00446759884,FollowWall,following_right_wall,0,14,42,0.450136542,-1,-1,-1,1,0.266726077,2.17327262,2.17327262,0,0,0,0,0
10.15,0.798377318,-0.0370510767,-1.15314332,0.0797021601,0.00446759884,FollowWall,following_right_wall,0,14,42,0.450136542,-1,-1,-1,1,0.266726077,2.17320221,2.17320221,0,0,0,0,0
10.2,0.802359276,-0.0371307137,-1.13832203,0.0798228612,0.00265708186,FollowWall,following_right_wall,0,14,42,0.45005396,-1,-1,-1,1,0.266499817,2.17313194,2.17313194,0,0,0,0,0
10.25,0.806344748,-0.0372094942,-1.12650462,0.0798228612,0.00265708186,FollowWall,following_right_wall,0,14,42,0.45005396,-1,-1,-1,1,0.266499817,2.17306063,2.17306063,0,0,0,0,0
10.3,0.810332272,-0.0372875535,-1.11643947,0.0799552074,0.000671889576,FollowWall,following_right_wall,0,14,42,0.449912429,-1,-1,-1,1,0.266301811,2.17298894,2.17298894,0,0,0,0,0
10.35,0.814323754,-0.037365107,-1.10976612,0.0799552074,0.000671889576,FollowWall,following_right_wall,0,14,42,0.449912429,-1,-1,-1,1,0.266301811,2.17291561,2.17291561,0,0,0,0,0
10.4,0.818317545,-0.037442309,-1.10507133,0.0799213767,-0.0011793491,FollowWall,following_right_wall,0,14,42,0.449696869,-1,-1,-1,1,0.266130418,2.17284138,2.17284138,0,0,0,0,0
10.45,0.822311979,-0.0375193134,-1.10374044,0.0799213767,-0.0011793491,FollowWall,following_right_wall,0,14,42,0.449696869,-1,-1,-1,1,0.266130418,2.17276522,2.17276522,0,0,0,0,0
10.5,0.826306785,-0.0375963005,-1.10437184,0.0798636616,-0.00204507599,FollowWall,following_right_wall,0,14,42,0.44940412,-1,-1,-1,1,0.26619783,2.17268783,2.17268783,0,0,0,0,0
10.55,0.830300603,-0.0376733885,-1.10718128,0.0798636616,-0.00204507599,FollowWall,following_right_wall,0,14,42,0.44940412,-1,-1,-1,1,0.26619783,2.17260896,2.17260896,0,0,0,0,0
10.6,0.834293842,-0.0377507055,-1.11126125,0.0799016871,-0.00147469411,FollowWall,following_right_wall,0,14,42,0.449063838,-1,-1,-1,1,0.265916228,2.17252906,2.17252906,0,0,0,0,0
10.65,0.838287533,-0.0378283179,-1.11540152,0.0799016871,-0.00147469411,FollowWall,following_right_wall,0,14,42,0.449063838,-1,-1,-1,1,0.265916228,2.17244883,2.17244883,0,0,0,0,0
10.7,0.842281484,-0.0379062253,-1.11957696,0.0799381398,-0.000927903016,FollowWall,following_right_wall,0,14,42,0.448737442,-1,-1,-1,1,0.266029954,2.17236828,2.17236828,0,0,0,0,0
10.75,0.846276345,-0.0379844196,-1.12312024,0.0799381398,-0.000927903016,FollowWall,following_right_wall,0,14,42,0.448737442,-1,-1,-1,1,0.266029954,2.17228784,2.17228784,0,0,0,0,0
10.8,0.850271735,-0.0380628585,-1.12629476,0.0799687672,-0.000468491409,FollowWall,following_right_wall,0,14,42,0.448455423,-1,-1,-1,1,0.2662251,2.1722074,2.1722074,0,0,0,0,0
10.85,0.854268071,-0.0381415109,-1.12870578,0.0799687672,-0.000468491409,FollowWall,following_right_wall,0,14,42,0.448455423,-1,-1,-1,1,0.2662251,2.17212722,2.17212722,0,0,0,0,0
10.9,0.858264957,-0.0382203269,-1.13067143,0.079989047,-0.000164294939,FollowWall,following_right_wall,0,14,42,0.44822529,-1,-1,-1,1,0.266220063,2.17204716,2.17204716,0,0,0,0,0
10.95,0.862262586,-0.038299273,-1.13201417,0.079989047,-0.000164294939,FollowWall,following_right_wall,0,14,42,0.44822529,-1,-1,-1,1,0.266220063,2.17196737,2.17196737,0,0,0,0,0
11,0.866260648,-0.0383783087,-1.13299355,0.0798624451,-0.00206332424,FollowWall,following_right_wall,0,14,42,0.448044002,-1,-1,-1,1,0.265926421,2.17188771,2.17188771,0,0,0,0,0
11.05,0.870256324,-0.0384574372,-1.13602776,0.0798624451,-0.00206332424,FollowWall,following_right_wall,0,14,42,0.448044002,-1,-1,-1,1,0.265926421,2.17180666,2.17180666,0,0,0,0,0
11.1,0.874250605,-0.0385367915,-1.14026063,0.0797409807,-0.00388528955,FollowWall,following_right_wall,0,14,42,0.447839975,-1,-1,-1,1,0.265684098,2.17172463,2.17172463,0,0,0,0,0
11.15,0.878241537,-0.0386164743,-1.14736753,0.0797409807,-0.00388528955,FollowWall,following_right_wall,0,14,42,0.447839975,-1,-1,-1,1,0.265684098,2.17164046,2.17164046,0,0,0,0,0
11.2,0.882230509,-0.0386966714,-1.15615094,0.079732656,-0.00401015939,FollowWall,following_right_wall,0,14,42,0.447573513,-1,-1,-1,1,0.265719593,2.17155471,2.17155471,0,0,0,0,0
11.25,0.886218158,-0.0387774926,-1.16606138,0.079732656,-0.00401015939,FollowWall,following_right_wall,0,14,42,0.447573513,-1,-1,-1,1,0.265719593,2.17146763,2.17146763,0,0,0,0,0
11.3,0.890205027,-0.0388590109,-1.17662924,0.0797713381,-0.00342992803,FollowWall,following_right_wall,0,14,42,0.447282523,-1,-1,-1,1,0.265536606,2.17137944,2.17137944,0,0,0,0,0
11.35,0.894192242,-0.0389412612,-1.186888,0.0797713381,-0.00342992803,FollowWall,following_right_wall,0,14,42,0.447282523,-1,-1,-1,1,0.265536606,2.17129072,2.17129072,0,0,0,0,0
11.4,0.898179652,-0.0390242234,-1.19696645,0.0797840454,-0.00323931878,FollowWall,following_right_wall,0,14,42,0.447012514,-1,-1,-1,1,0.265140802,2.1712014,2.1712014,0,0,0,0,0
11.45,0.902167435,-0.0391078837,-1.2067122,0.0797840454,-0.00323931878,FollowWall,following_right_wall,0,14,42,0.447012514,-1,-1,-1,1,0.265140802,2.17111159,2.17111159,0,0,0,0,0
11.5,0.906155429,-0.0391922202,-1.21626387,0.0798243525,-0.00263471257,FollowWall,following_right_wall,0,14,42,0.446771055,-1,-1,-1,1,0.264705092,2.17102124,2.17102124,0,0,0,0,0
11.55,0.910144381,-0.0392772132,-1.22498064,0.0798243525,-0.00263471257,FollowWall,following_right_wall,0,14,42,0.446771055,-1,-1,-1,1,0.264705092,2.17093075,2.17093075,0,0,0,0,0
11.6,0.914133888,-0.0393628083,-1.23321037,0.0798619656,-0.00207051585,FollowWall,following_right_wall,0,14,42,0.446569741,-1,-1,-1,1,0.264400691,2.17083997,2.17083997,0,0,0,0,0
11.65,0.918124496,-0.0394489671,-1.24048255,0.0798619656,-0.00207051585,FollowWall,following_right_wall,0,14,42,0.446569741,-1,-1,-1,1,0.264400691,2.17074924,2.17074924,0,0,0,0,0
11.7,0.922115744,-0.0395356271,-1.24719615,0.0798960133,-0.00155980087,FollowWall,following_right_wall,0,14,42,0.446413189,-1,-1,-1,1,0.264094412,2.17065835,2.17065835,0,0,0,0,0
11.75,0.92610807,-0.0396227459,-1.25297429,0.0798960133,-0.00155980087,FollowWall,following_right_wall,0,14,42,0.446413189,-1,-1,-1,1,0.264094412,2.1705676,2.1705676,0,0,0,0,0
11.8,0.930101023,-0.0397102622,-1.25820675,0.079800731,-0.00298903513,FollowWall,following_right_wall,0,14,42,0.446300089,-1,-1,-1,1,0.263805628,2.17047679,2.17047679,0,0,0,0,0
11.85,0.934092352,-0.039798156,-1.26482691,0.079800731,-0.00298903513,FollowWall,following_right_wall,0,14,42,0.446300089,-1,-1,-1,1,0.263805628,2.17038473,2.17038473,0,0,0,0,0
11.9,0.938082729,-0.0398865183,-1.27225657,0.0797007554,-0.00448866927,FollowWall,following_right_wall,0,14,42,0.446168363,-1,-1,-1,1,0.263969988,2.1702917,2.1702917,0,0,0,0,0
11.95,0.942070461,-0.0399754182,-1.28194849,0.0797007554,-0.00448866927,FollowWall,following_right_wall,0,14,42,0.446168363,-1,-1,-1,1,0.263969988,2.17019671,2.17019671,0,0,0,0,0
12,0.946056642,-0.040065004,-1.29296007,0.0796111189,-0.00583321636,FollowWall,following_right_wall,0,14,42,0.445978701,-1,-1,-1,1,0.263641,2.17010021,2.17010021,0,0,0,0,0
12.05,0.950040042,-0.0401553758,-1.30634638,0.0796111189,-0.00583321636,FollowWall,following_right_wall,0,14,42,0.445978701,-1,-1,-1,1,0.263641,2.17000143,2.17000143,0,0,0,0,0
12.1,0.954021807,-0.0402466895,-1.32111795,0.0795339164,-0.00699125435,FollowWall,following_right_wall,0,14,42,0.445719361,-1,-1,-1,1,0.263648659,2.16990085,2.16990085,0,0,0,0,0
12.15,0.958000999,-0.0403390468,-1.33807989,0.0795339164,-0.00699125435,FollowWall,following_right_wall,0,14,42,0.445719361,-1,-1,-1,1,0.263648659,2.16979786,2.16979786,0,0,0,0,0
12.2,0.961978677,-0.0404325914,-1.35631955,0.0795779874,-0.00633018873,FollowWall,following_right_wall,0,14,42,0.445390761,-1,-1,-1,1,0.26370573,2.16969288,2.16969288,0,0,0,0,0
12.25,0.965956375,-0.040527402,-1.37451546,0.0795779874,-0.00633018873,FollowWall,following_right_wall,0,14,42,0.445390761,-1,-1,-1,1,0.26370573,2.16958668,2.16958668,0,0,0,0,0
12.3,0.969934073,-0.0406234757,-1.39268585,0.0796603905,-0.00509414216,FollowWall,following_right_wall,0,14,42,0.445047677,-1,-1,-1,1,0.263316333,2.16947924,2.16947924,0,0,0,0,0
12.35,0.973913475,-0.0407208015,-1.40936593,0.0796603905,-0.00509414216,FollowWall,following_right_wall,0,14,42,0.445047677,-1,-1,-1,1,0.263316333,2.16937149,2.16937149,0,0,0,0,0
12.4,0.97789386,-0.0408192806,-1.42517666,0.0797410837,-0.00388374473,FollowWall,following_right_wall,0,14,42,0.444737464,-1,-1,-1,1,0.26335597,2.16926314,2.16926314,0,0,0,0,0
12.45,0.98187649,-0.040918847,-1.43903546,0.0797410837,-0.00388374473,FollowWall,following_right_wall,0,14,42,0.444737464,-1,-1,-1,1,0.26335597,2.16915492,2.16915492,0,0,0,0,0
12.5,0.985860422,-0.0410193706,-1.45175564,0.0797392668,-0.00391099864,FollowWall,following_right_wall,0,14,42,0.444478452,-1,-1,-1,1,0.263275087,2.16904646,2.16904646,0,0,0,0,0
12.55,0.989845066,-0.0411207754,-1.46384416,0.0797392668,-0.00391099864,FollowWall,following_right_wall,0,14,42,0.444478452,-1,-1,-1,1,0.263275087,2.16893752,2.16893752,0,0,0,0,0
12.6,0.993830118,-0.0412230191,-1.4755642,0.0796802825,-0.00479576309,FollowWall,following_right_wall,0,14,42,0.444238126,-1,-1,-1,1,0.262951672,2.16882797,2.16882797,0,0,0,0,0
12.65,0.997814169,-0.0413260819,-1.48812542,0.0796802825,-0.00479576309,FollowWall,following_right_wall,0,14,42,0.444238126,-1,-1,-1,1,0.262951672,2.16871708,2.16871708,0,0,0,0,0
12.7,1.00179763,-0.0414300203,-1.50117731,0.0796284227,-0.00557365967,FollowWall,following_right_wall,0,14,42,0.443969339,-1,-1,-1,1,0.262434274,2.16860502,2.16860502,0,0,0,0,0
12.75,1.00577965,-0.0415348711,-1.51544398,0.0796284227,-0.00557365967,FollowWall,following_right_wall,0,14,42,0.443969339,-1,-1,-1,1,0.262434274,2.16849129,2.16849129,0,0,0,0,0
12.8,1.00976082,-0.0416407162,-1.53041927,0.0796599157,-0.0051012641,FollowWall,following_right_wall,0,14,42,0.443651408,-1,-1,-1,1,0.262429088,2.16837614,2.16837614,0,0,0,0,0
12.85,1.01374213,-0.0417476013,-1.54524405,0.0796599157,-0.0051012641,FollowWall,following_right_wall,0,14,42,0.443651408,-1,-1,-1,1,0.262429088,2.16826004,2.16826004,0,0,0,0,0
12.9,1.01772352,-0.0418555162,-1.55998102,0.0797724452,-0.00341332174,FollowWall,following_right_wall,0,14,42,0.443313718,-1,-1,-1,1,0.262546241,2.16814298,2.16814298,0,0,0,0,0
12.95,1.02170729,-0.0419644492,-1.57265193,0.0797724452,-0.00341332174,FollowWall,following_right_wall,0,14,42,0.443313718,-1,-1,-1,1,0.262546241,2.16802618,2.16802618,0,0,0,0,0
13,1.02569244,-0.0420742598,-1.58411765,0.0797693314,-0.00346002946,FollowWall,following_right_wall,0,14,42,0.443010032,-1,-1,-1,1,0.262400687,2.16790926,2.16790926,0,0,0,0,0
13.05,1.02967831,-0.0421848663,-1.5949361,0.0797693314,-0.00346002946,FollowWall,following_right_wall,0,14,42,0.443010032,-1,-1,-1,1,0.262400687,2.16779195,2.16779195,0,0,0,0,0
13.1,1.03366461,-0.0422962245,-1.60537696,0.0797414337,-0.00387849396,FollowWall,following_right_wall,0,14,42,0.442714304,-1,-1,-1,1,0.261995673,2.16767412,2.16767412,0,0,0,0,0
13.15,1.03765056,-0.0424083098,-1.61609708,0.0797414337,-0.00387849396,FollowWall,following_right_wall,0,14,42,0.442714304,-1,-1,-1,1,0.261995673,2.1675554,2.1675554,0,0,0,0,0
13.2,1.0416363,-0.0425211411,-1.62698009,0.0798872526,-0.00169121131,FollowWall,following_right_wall,0,14,42,0.442393661,-1,-1,-1,1,0.261649519,2.16743583,2.16743583,0,0,0,0,0
13.25,1.04562495,-0.0426347253,-1.63534725,0.0798872526,-0.00169121131,FollowWall,following_right_wall,0,14,42,0.442393661,-1,-1,-1,1,0.261649519,2.16731707,2.16731707,0,0,0,0,0
13.3,1.04961529,-0.0427488897,-1.64224683,0.0799584995,0.000622506902,FollowWall,following_right_wall,0,14,42,0.442110658,-1,-1,-1,1,0.261474252,2.16719864,2.16719864,0,0,0,0,0
13.35,1.0536081,-0.0428634798,-1.64552852,0.0799584995,0.000622506902,FollowWall,following_right_wall,0,14,42,0.442110658,-1,-1,-1,1,0.261474252,2.16708202,2.16708202,0,0,0,0,0
13.4,1.05760235,-0.0429782667,-1.64669977,0.0798716198,0.00192570334,FollowWall,following_right_wall,0,14,42,0.441908151,-1,-1,-1,1,0.261015028,2.16696651,2.16696651,0,0,0,0,0
13.45,1.06159563,-0.0430930103,-1.64508437,0.0798716198,0.00192570334,FollowWall,following_right_wall,0,14,42,0.441908151,-1,-1,-1,1,0.261015028,2.16685276,2.16685276,0,0,0,0,0
13.5,1.06558836,-0.0432075685,-1.64184341,0.0797115882,0.00432617726,FollowWall,following_right_wall,0,14,42,0.441772372,-1,-1,-1,1,0.260766327,2.16674021,2.16674021,0,0,0,0,0
13.55,1.06957743,-0.0433216633,-1.63478885,0.0797115882,0.00432617726,FollowWall,following_right_wall,0,14,42,0.441772372,-1,-1,-1,1,0.260766327,2.16663048,2.16663048,0,0,0,0,0
13.6,1.07356439,-0.0434351287,-1.6255097,0.0795710424,0.00643436376,FollowWall,following_right_wall,0,14,42,0.441725075,-1,-1,-1,1,0.260354549,2.16652275,2.16652275,0,0,0,0,0
13.65,1.0775472,-0.0435476977,-1.61241641,0.0795710424,0.00643436376,FollowWall,following_right_wall,0,14,42,0.441725075,-1,-1,-1,1,0.260354549,2.16641829,2.16641829,0,0,0,0,0
13.7,1.0815276,-0.0436592111,-1.5970982,0.0794521787,0.00821731918,FollowWall,following_right_wall,0,14,42,0.634810984,-1,-1,-1,1,0.259755015,2.16631626,2.16631626,0,0,0,0,0
13.75,1.08550413,-0.0437694333,-1.57835388,0.0794521787,0.00821731918,FollowWall,following_right_wall,0,14,42,0.634810984,-1,-1,-1,1,0.259755015,2.16621766,2.16621766,0,0,0,0,0
13.8,1.08947844,-0.0438782231,-1.55761098,0.0793964037,0.00905394435,FollowWall,following_right_wall,0,14,42,0.634896815,-1,-1,-1,1,0.259720325,2.16612174,2.16612174,0,0,0,0,0
13.85,1.09345029,-0.0439854318,-1.53470361,0.0793964037,0.00905394435,FollowWall,following_right_wall,0,14,42,0.634896815,-1,-1,-1,1,0.259720325,2.16602876,2.16602876,0,0,0,0,0
13.9,1.09742074,-0.0440909702,-1.51053363,0.0794521917,0.0082171243,FollowWall,following_right_wall,0,14,42,0.634837866,-1,-1,-1,1,0.259776771,2.16593825,2.16593825,0,0,0,0,0
13.95,1.10139155,-0.044194851,-1.48662601,0.0794521917,0.0082171243,FollowWall,following_right_wall,0,14,42,0.634837866,-1,-1,-1,1,0.259776771,2.16584925,2.16584925,0,0,0,0,0
14,1.10536259,-0.0442970849,-1.46287142,0.0795166208,0.00725068856,FollowWall,following_right_wall,0,14,42,0.634744644,-1,-1,-1,1,0.259423524,2.16576181,2.16576181,0,0,0,0,0
14.05,1.10933511,-0.0443977523,-1.44035971,0.0795166208,0.00725068856,FollowWall,following_right_wall,0,14,42,0.634744644,-1,-1,-1,1,0.259423524,2.16567519,2.16567519,0,0,0,0,0
14.1,1.11330852,-0.044496905,-1.418573,0.0795839659,0.00624051186,FollowWall,following_right_wall,0,14,42,0.634679019,-1,-1,-1,1,0.25951165,2.16558963,2.16558963,0,0,0,0,0
14.15,1.11728387,-0.04459465,-1.39841503,0.0795839659,0.00624051186,FollowWall,following_right_wall,0,14,42,0.634679019,-1,-1,-1,1,0.25951165,2.16550449,2.16550449,0,0,0,0,0
14.2,1.12126035,-0.0446910561,-1.37920715,0.0795790736,0.00631389659,FollowWall,following_right_wall,0,14,42,0.634664834,-1,-1,-1,1,0.259284228,2.16542009,2.16542009,0,0,0,0,0
14.25,1.1252374,-0.0447861583,-1.36046589,0.0795790736,0.00631389659,FollowWall,following_right_wall,0,14,42,0.634664834,-1,-1,-1,1,0.259284228,2.16533672,2.16533672,0,0,0,0,0
14.3,1.12921481,-0.0448799765,-1.34199684,0.0795031773,0.00745233994,FollowWall,following_right_wall,0,14,42,0.634656012,-1,-1,-1,1,0.259308159,2.16525447,2.16525447,0,0,0,0,0
14.35,1.13319085,-0.0449724386,-1.32232764,0.0795031773,0.00745233994,FollowWall,following_right_wall,0,14,42,0.634656012,-1,-1,-1,1,0.259308159,2.16517434,2.16517434,0,0,0,0,0
14.4,1.1371661,-0.0450634927,-1.30195837,0.0794397243,0.00840413522,FollowWall,following_right_wall,0,14,42,0.634570837,-1,-1,-1,1,0.259215504,2.16509607,2.16509607,0,0,0,0,0
14.45,1.14113959,-0.0451530395,-1.2800446,0.0794397243,0.00840413522,FollowWall,following_right_wall,0,14,42,0.634570837,-1,-1,-1,1,0.259215504,2.16502028,2.16502028,0,0,0,0,0
14.5,1.14511207,-0.0452410121,-1.25722987,0.0794858217,0.00771267518,FollowWall,following_right_wall,0,14,42,0.63437736,-1,-1,-1,1,0.259247214,2.16494665,2.16494665,0,0,0,0,0
14.55,1.14908494,-0.0453274209,-1.23471495,0.0794858217,0.00771267518,FollowWall,following_right_wall,0,14,42,0.63437736,-1,-1,-1,1,0.259247214,2.16487441,2.16487441,0,0,0,0,0
14.6,1.15305804,-0.0454122789,-1.21237491,0.0795837657,0.00624351516,FollowWall,following_right_wall,0,14,42,0.634146512,-1,-1,-1,1,0.258955985,2.16480363,2.16480363,0,0,0,0,0
14.65,1.15703333,-0.0454956974,-1.19189058,0.0795837657,0.00624351516,FollowWall,following_right_wall,0,14,42,0.634146512,-1,-1,-1,1,0.258955985,2.16473312,2.16473312,0,0,0,0,0
14.7,1.16100991,-0.0455777582,-1.17248874,0.0796837148,0.00474427746,FollowWall,following_right_wall,0,14,42,0.633958459,-1,-1,-1,1,0.25838989,2.16466331,2.16466331,0,0,0,0,0
14.75,1.16498933,-0.0456586136,-1.15550794,0.0796837148,0.00474427746,FollowWall,following_right_wall,0,14,42,0.633958459,-1,-1,-1,1,0.25838989,2.16459318,2.16459318,0,0,0,0,0
14.8,1.16897041,-0.0457383717,-1.1399394,0.0796907463,0.00463880591,FollowWall,following_right_wall,0,14,42,0.633850634,-1,-1,-1,1,0.2578426,2.16452326,2.16452326,0,0,0,0,0
14.85,1.17295263,-0.0458171028,-1.12532059,0.0796907463,0.00463880591,FollowWall,following_right_wall,0,14,42,0.633850634,-1,-1,-1,1,0.2578426,2.16445377,2.16445377,0,0,0,0,0
14.9,1.1769355,-0.0458948497,-1.11125578,0.079601241,0.00598138434,FollowWall,following_right_wall,0,14,42,0.633768082,-1,-1,-1,1,0.257948518,2.16438492,2.16438492,0,0,0,0,0
14.95,1.18091691,-0.0459715457,-1.09591156,0.079601241,0.00598138434,FollowWall,following_right_wall,0,14,42,0.633768082,-1,-1,-1,1,0.257948518,2.16431794,2.16431794,0,0,0,0,0
15,1.18489747,-0.0460471331,-1.07982101,0.0794352639,-0.00847104192,FollowWall,following_right_wall,0,14,42,0.633605659,-1,-1,-1,1,0.257915527,2.16425255,2.16425255,0,0,0,0,0
15.05,1.18887408,-0.046122112,-1.08054642,0.0794352639,-0.00847104192,FollowWall,following_right_wall,0,14,42,0.633605659,-1,-1,-1,1,0.257915527,2.16417711,2.16417711,0,0,0,0,0
15.1,1.19284836,-0.0461974378,-1.09108114,0.0794839221,-0.00774116814,FollowWall,following_right_wall,0,14,42,0.634081721,-1,-1,-1,1,0.257793844,2.16409511,2.16409511,0,0,0,0,0
15.15,1.1968223,-0.0462736562,-1.10646673,0.0794839221,-0.00774116814,FollowWall,following_right_wall,0,14,42,0.634081721,-1,-1,-1,1,0.257793844,2.16400915,2.16400915,0,0,0,0,0
15.2,1.20079601,-0.046351036,-1.124682,0.0795306581,-0.00704012811,FollowWall,following_right_wall,0,14,42,0.634886622,-1,-1,-1,1,0.257423729,2.16392024,2.16392024,0,0,0,0,0
15.25,1.20477056,-0.0464297244,-1.1437111,0.0795306581,-0.00704012811,FollowWall,following_right_wall,0,14,42,0.634886622,-1,-1,-1,1,0.257423729,2.16382952,2.16382952,0,0,0,0,0
15.3,1.20874559,-0.0465097593,-1.16321495,0.0795429993,-0.00685501099,FollowWall,following_right_wall,0,14,42,0.635750771,-1,-1,-1,1,0.257510573,2.16373716,2.16373716,0,0,0,0,0
15.35,1.21272114,-0.0465911605,-1.18277476,0.0795429993,-0.00685501099,FollowWall,following_right_wall,0,14,42,0.635750771,-1,-1,-1,1,0.257510573,2.16364341,2.16364341,0,0,0,0,0
15.4,1.21669698,-0.0466739268,-1.20236721,0.0795409638,-0.00688554347,FollowWall,following_right_wall,0,14,42,0.636607289,-1,-1,-1,1,0.257144034,2.16354829,2.16354829,0,0,0,0,0
15.45,1.22067293,-0.0467580575,-1.22201516,0.0795409638,-0.00688554347,FollowWall,following_right_wall,0,14,42,0.636607289,-1,-1,-1,1,0.257144034,2.16345177,2.16345177,0,0,0,0,0
15.5,1.22464894,-0.0468435547,-1.24169547,0.079590084,-0.00614874065,FollowWall,following_right_wall,0,14,42,0.63744992,-1,-1,-1,1,0.256786376,2.16335389,2.16335389,0,0,0,0,0
15.55,1.228626,-0.0469304111,-1.26051517,0.079590084,-0.00614874065,FollowWall,following_right_wall,0,14,42,0.63744992,-1,-1,-1,1,0.256786376,2.16325519,2.16325519,0,0,0,0,0
15.6,1.23260365,-0.0470185702,-1.27883285,0.0796400177,-0.00539973378,FollowWall,following_right_wall,0,14,42,0.638241351,-1,-1,-1,1,0.256718546,2.16315551,2.16315551,0,0,0,0,0
15.65,1.23658268,-0.0471079914,-1.29596362,0.0796400177,-0.00539973378,FollowWall,following_right_wall,0,14,42,0.638241351,-1,-1,-1,1,0.256718546,2.16305533,2.16305533,0,0,0,0,0
15.7,1.2405625,-0.0471985969,-1.31240203,0.0796905625,-0.0046415627,FollowWall,following_right_wall,0,14,42,0.638959527,-1,-1,-1,1,0.256308287,2.16295441,2.16295441,0,0,0,0,0
15.75,1.24454383,-0.047290334,-1.32753155,0.0796905625,-0.0046415627,FollowWall,following_right_wall,0,14,42,0.638959527,-1,-1,-1,1,0.256308287,2.16285318,2.16285318,0,0,0,0,0
15.8,1.24852602,-0.0473831168,-1.34189757,0.0797038722,-0.00444191694,FollowWall,following_right_wall,0,14,42,0.639596105,-1,-1,-1,1,0.256300181,2.16275139,2.16275139,0,0,0,0,0
15.85,1.252509,-0.047476893,-1.35557989,0.0797038722,-0.00444191694,FollowWall,following_right_wall,0,14,42,0.639596105,-1,-1,-1,1,0.256300181,2.16264904,2.16264904,0,0,0,0,0
15.9,1.25649241,-0.0475716175,-1.36886339,0.0796865302,-0.00470204651,FollowWall,following_right_wall,0,14,42,0.640175819,-1,-1,-1,1,0.256241977,2.162546,2.162546,0,0,0,0,0
15.95,1.26047572,-0.0476672662,-1.38222476,0.0796865302,-0.00470204651,FollowWall,following_right_wall,0,14,42,0.640175819,-1,-1,-1,1,0.256241977,2.16244199,2.16244199,0,0,0,0,0
16,1.26445895,-0.047763844,-1.39563154,0.0796694714,-0.00495792925,FollowWall,following_right_wall,0,14,42,0.640737116,-1,-1,-1,1,0.256146193,2.16233703,2.16233703,0,0,0,0,0
16.05,1.26844177,-0.047861356,-1.40937026,0.0796694714,-0.00495792925,FollowWall,following_right_wall,0,14,42,0.640737116,-1,-1,-1,1,0.256146193,2.16223093,2.16223093,0,0,0,0,0
16.1,1.27242434,-0.0479598242,-1.4233026,0.0796528924,-0.00520661473,FollowWall,following_right_wall,0,14,42,0.641299605,-1,-1,-1,1,0.256193459,2.16212376,2.16212376,0,0,0,0,0
16.15,1.27640641,-0.0480592631,-1.43764474,0.0796528924,-0.00520661473,FollowWall,following_right_wall,0,14,42,0.641299605,-1,-1,-1,1,0.256193459,2.16201537,2.16201537,0,0,0,0,0
16.2,1.28038818,-0.0481597001,-1.45222593,0.0796589482,-0.00511577725,FollowWall,following_right_wall,0,14,42,0.641871214,-1,-1,-1,1,0.256284654,2.16190584,2.16190584,0,0,0,0,0
16.25,1.28436988,-0.0482611506,-1.46683813,0.0796589482,-0.00511577725,FollowWall,following_right_wall,0,14,42,0.641871214,-1,-1,-1,1,0.256284654,2.16179528,2.16179528,0,0,0,0,0
16.3,1.28835154,-0.0483636166,-1.48146842,0.0797113824,-0.00432926416,FollowWall,following_right_wall,0,14,42,0.642439246,-1,-1,-1,1,0.25606972,2.1616837,2.1616837,0,0,0,0,0
16.35,1.29233425,-0.0484670951,-1.49517044,0.0797113824,-0.00432926416,FollowWall,following_right_wall,0,14,42,0.642439246,-1,-1,-1,1,0.25606972,2.16157168,2.16157168,0,0,0,0,0
16.4,1.29631757,-0.0485715238,-1.50833096,0.0797530639,-0.00370404124,FollowWall,following_right_wall,0,14,42,0.642961621,-1,-1,-1,1,0.255805016,2.16145907,2.16145907,0,0,0,0,0
16.45,1.3003021,-0.0486768631,-1.5204293,0.0797530639,-0.00370404124,FollowWall,following_right_wall,0,14,42,0.642961621,-1,-1,-1,1,0.255805016,2.1613462,2.1613462,0,0,0,0,0
16.5,1.30428733,-0.0487830415,-1.53190804,0.0797391552,-0.0039126724,FollowWall,following_right_wall,0,14,42,0.64342469,-1,-1,-1,1,0.255723059,2.16123289,2.16123289,0,0,0,0,0
16.55,1.30827267,-0.0488900178,-1.54327439,0.0797391552,-0.0039126724,FollowWall,following_right_wall,0,14,42,0.64342469,-1,-1,-1,1,0.255723059,2.16111885,2.16111885,0,0,0,0,0
16.6,1.31225806,-0.0489977846,-1.55457516,0.0797256935,-0.00411459804,FollowWall,following_right_wall,0,14,42,0.643868804,-1,-1,-1,1,0.255591512,2.16100407,2.16100407,0,0,0,0,0
16.65,1.3162432,-0.049106338,-1.56607872,0.0797256935,-0.00411459804,FollowWall,following_right_wall,0,14,42,0.643868804,-1,-1,-1,1,0.255591512,2.16088837,2.16088837,0,0,0,0,0
16.7,1.32022818,-0.0492156919,-1.57770057,0.0797475296,-0.00378705561,FollowWall,following_right_wall,0,14,42,0.64431864,-1,-1,-1,1,0.255022585,2.16077181,2.16077181,0,0,0,0,0
16.75,1.32421351,-0.0493258533,-1.58900044,0.0797475296,-0.00378705561,FollowWall,following_right_wall,0,14,42,0.64431864,-1,-1,-1,1,0.255022585,2.16065464,2.16065464,0,0,0,0,0
16.8,1.32819904,-0.0494368002,-1.6001125,0.0797333705,-0.00399944186,FollowWall,following_right_wall,0,14,42,0.64475739,-1,-1,-1,1,0.254452854,2.16053681,2.16053681,0,0,0,0,0
16.85,1.33218437,-0.0495485203,-1.61136852,0.0797333705,-0.00399944186,FollowWall,following_right_wall,0,14,42,0.64475739,-1,-1,-1,1,0.254452854,2.16041812,2.16041812,0,0,0,0,0
16.9,1.33616959,-0.0496610236,-1.62270851,0.0797198045,-0.00420293212,FollowWall,following_right_wall,0,14,42,0.645202279,-1,-1,-1,1,0.254262596,2.16029859,2.16029859,0,0,0,0,0
16.95,1.34015445,-0.0497743161,-1.63434039,0.0797198045,-0.00420293212,FollowWall,following_right_wall,0,14,42,0.645202279,-1,-1,-1,1,0.254262596,2.1601781,2.1601781,0,0,0,0,0
17,1.34413908,-0.0498884178,-1.64614253,0.0797318059,-0.00402291119,FollowWall,following_right_wall,0,14,42,0.645666659,-1,-1,-1,1,0.253938437,2.1600567,2.1600567,0,0,0,0,0
17.05,1.34812383,-0.0500033402,-1.65782911,0.0797318059,-0.00402291119,FollowWall,following_right_wall,0,14,42,0.645666659,-1,-1,-1,1,0.253938437,2.15993455,2.15993455,0,0,0,0,0
17.1,1.35210863,-0.0501190753,-1.66944827,0.0797868717,-0.00319692492,FollowWall,following_right_wall,0,14,42,0.646137357,-1,-1,-1,1,0.25372532,2.15981164,2.15981164,0,0,0,0,0
17.15,1.3560946,-0.0502356177,-1.68004217,0.0797868717,-0.00319692492,FollowWall,following_right_wall,0,14,42,0.646137357,-1,-1,-1,1,0.25372532,2.15968855,2.15968855,0,0,0,0,0
17.2,1.36008124,-0.0503528967,-1.69003799,0.0798424351,-0.00236347318,FollowWall,following_right_wall,0,14,42,0.646573663,-1,-1,-1,1,0.253324866,2.1595651,2.1595651,0,0,0,0,0
17.25,1.36406943,-0.0504708707,-1.69869007,0.0798424351,-0.00236347318,FollowWall,following_right_wall,0,14,42,0.646573663,-1,-1,-1,1,0.253324866,2.15944179,2.15944179,0,0,0,0,0
17.3,1.36805851,-0.0505894468,-1.70655831,0.04,-0.6,FollowWall,following_right_wall,0,14,42,0.646954417,-1,-1,-1,1,0.253361285,2.15931836,2.15931836,0,0,0,0,0
17.35,1.37121778,-0.0507034673,-2.42734536,0.04,-0.6,FollowWall,following_right_wall,0,14,42,0.646954417,-1,-1,-1,1,0.253361285,2.15876699,2.15876699,0,0,0,0,0
17.4,1.37389156,-0.0508433918,-3.56400172,0.0797790337,-0.00331449509,FollowWall,following_right_wall,0,14,42,0.654165924,-1,-1,-1,1,0.254527628,2.15796652,2.15796652,0,0,0,0,0
17.45,1.37710801,-0.0510625264,-4.23100764,0.0797790337,-0.00331449509,FollowWall,following_right_wall,0,14,42,0.654165924,-1,-1,-1,1,0.254527628,2.15737646,2.15737646,0,0,0,0,0
17.5,1.38064011,-0.051336014,-4.62405082,0.0797642219,-0.0035366714,FollowWall,following_right_wall,0,14,42,0.647424281,-1,-1,-1,1,0.25511843,2.15689021,2.15689021,0,0,0,0,0
17.55,1.38435567,-0.0516441523,-4.8575476,0.0797642219,-0.0035366714,FollowWall,following_right_wall,0,14,42,0.647424281,-1,-1,-1,1,0.25511843,2.15645772,2.15645772,0,0,0,0,0
17.6,1.38817809,-0.0519737154,-4.99797564,0.0797694343,-0.00345848501,FollowWall,following_right_wall,0,14,42,0.639916599,-1,-1,-1,1,0.254688859,2.1560541,2.1560541,0,0,0,0,0
17.65,1.39206289,-0.0523163924,-5.08402027,0.0797694343,-0.00345848501,FollowWall,following_right_wall,0,14,42,0.639916599,-1,-1,-1,1,0.254688859,2.15566632,2.15566632,0,0,0,0,0
17.7,1.39598403,-0.0526671162,-5.13834122,0.0798143792,-0.00278431177,FollowWall,following_right_wall,0,14,42,0.632123768,-1,-1,-1,1,0.254435688,2.15528723,2.15528723,0,0,0,0,0
17.75,1.39992728,-0.0530229158,-5.17335198,0.0798143792,-0.00278431177,FollowWall,following_right_wall,0,14,42,0.632123768,-1,-1,-1,1,0.254435688,2.15491319,2.15491319,0,0,0,0,0
17.8,1.40388339,-0.0533819218,-5.19709844,0.0799062508,-0.00140623748,FollowWall,following_right_wall,0,14,42,0.624242902,-1,-1,-1,1,0.253704607,2.15454184,2.15454184,0,0,0,0,0
17.85,1.4078489,-0.0537431509,-5.21262912,0.0799062508,-0.00140623748,FollowWall,following_right_wall,0,14,42,0.624242902,-1,-1,-1,1,0.253704607,2.15417254,2.15417254,0,0,0,0,0
17.9,1.41181988,-0.0541057963,-5.22336726,0.04,-0.6,FollowWall,following_right_wall,0,14,42,0.616341412,-1,-1,-1,1,0.254728585,2.15380432,2.15380432,0,0,0,0,0
17.95,1.41496426,-0.0544132523,-5.94582841,0.04,-0.6,FollowWall,following_right_wall,0,14,42,0.616341412,-1,-1,-1,1,0.254728585,2.15312919,2.15312919,0,0,0,0,0
18,1.41762329,-0.0547168982,-7.08346133,0.0798237461,-0.00264380872,FollowWall,following_right_wall,0,14,42,0.610467792,-1,-1,-1,1,0.256348133,2.15227642,2.15227642,0,0,0,0,0
18.05,1.42082048,-0.0551330975,-7.75023635,0.0798237461,-0.00264380872,FollowWall,following_right_wall,0,14,42,0.610467792,-1,-1,-1,1,0.256348133,2.1515554,2.1515554,0,0,0,0,0
18.1,1.42433022,-0.055623004,-8.14234425,0.0797748822,-0.00337676704,FollowWall,following_right_wall,0,14,42,0.603432715,-1,-1,-1,1,0.257399052,2.15089213,2.15089213,0,0,0,0,0
18.15,1.42802072,-0.0561586745,-8.37510458,0.0797748822,-0.00337676704,FollowWall,following_right_wall,0,14,42,0.603432715,-1,-1,-1,1,0.257399052,2.15025563,2.15025563,0,0,0,0,0
18.2,1.43181643,-0.0567222246,-8.51491216,0.0798276591,-0.00258511305,FollowWall,following_right_wall,0,14,42,0.595857024,-1,-1,-1,1,0.256984353,2.14963225,2.14963225,0,0,0,0,0
18.25,1.43567452,-0.0573027596,-8.59955234,0.0798276591,-0.00258511305,FollowWall,following_right_wall,0,14,42,0.595857024,-1,-1,-1,1,0.256984353,2.14901577,2.14901577,0,0,0,0,0
18.3,1.43956893,-0.057893526,-8.65201152,0.0799048084,-0.00142787397,FollowWall,following_right_wall,0,14,42,0.58807081,-1,-1,-1,1,0.258634359,2.14840283,2.14840283,0,0,0,0,0
18.35,1.44348608,-0.058490707,-8.68431711,0.0799048084,-0.00142787397,FollowWall,following_right_wall,0,14,42,0.58807081,-1,-1,-1,1,0.258634359,2.14779203,2.14779203,0,0,0,0,0
18.4,1.44741647,-0.0590917626,-8.70486644,0.0799934703,-9.79453325e-05,FollowWall,following_right_wall,0,14,42,0.580217957,-1,-1,-1,1,0.260446489,2.14718232,2.14718232,0,0,0,0,0
18.45,1.45135641,-0.0596954264,-8.71697046,0.0799934703,-9.79453325e-05,FollowWall,following_right_wall,0,14,42,0.580217957,-1,-1,-1,1,0.260446489,2.14657357,2.14657357,0,0,0,0,0
18.5,1.45530192,-0.0603006223,-8.72414805,0.04,-0.6,FollowWall,following_right_wall,0,14,42,0.572350442,-1,-1,-1,1,0.259377062,2.14596536,2.14596536,0,0,0,0,0
18.55,1.45842405,-0.0607998323,-9.44453222,0.04,-0.6,FollowWall,following_right_wall,0,14,42,0.572350442,-1,-1,-1,1,0.259377062,2.14517105,2.14517105,0,0,0,0,0
18.6,1.46106098,-0.0612653989,-10.5809536,0.0799181032,-0.00122845173,FollowWall,following_right_wall,0,14,42,0.566790283,-1,-1,-1,1,0.262380838,2.14427018,2.14427018,0,0,0,0,0
18.65,1.46422958,-0.0618763292,-11.2453324,0.0799181032,-0.00122845173,FollowWall,following_right_wall,0,14,42,0.566790283,-1,-1,-1,1,0.262380838,2.14342197,2.14342197,0,0,0,0,0
18.7,1.46770646,-0.0625799077,-11.634353,0.0799074578,-0.00138813257,FollowWall,following_right_wall,0,14,42,0.560073495,-1,-1,-1,1,0.263829827,2.14258536,2.14258536,0,0,0,0,0
18.75,1.47136227,-0.0633402254,-11.8629387,0.0799074578,-0.00138813257,FollowWall,following_right_wall,0,14,42,0.560073495,-1,-1,-1,1,0.263829827,2.14174892,2.14174892,0,0,0,0,0
18.8,1.47512218,-0.0641346495,-11.9979373,0.0798668939,-0.00199659169,FollowWall,following_right_wall,0,14,42,0.55245173,-1,-1,-1,1,0.267609745,2.14091024,2.14091024,0,0,0,0,0
18.85,1.47894188,-0.0649492361,-12.0790698,0.0798668939,-0.00199659169,FollowWall,following_right_wall,0,14,42,0.55245173,-1,-1,-1,1,0.267609745,2.14006931,2.14006931,0,0,0,0,0
18.9,1.4827964,-0.0657758499,-12.1287803,0.0796359825,-0.0054602623,FollowWall,following_right_wall,0,14,42,0.544690788,-1,-1,-1,1,0.27073276,2.13922666,2.13922666,0,0,0,0,0
18.95,1.48666646,-0.0666088056,-12.1642958,0.0796359825,-0.0054602623,FollowWall,following_right_wall,0,14,42,0.544690788,-1,-1,-1,1,0.27073276,2.13838228,2.13838228,0,0,0,0,0
19,1.49054547,-0.0674459127,-12.1915309,0.075981741,-0.0602738857,FollowWall,following_right_wall,0,14,42,0.536898732,-1,-1,-1,1,0.29018259,2.13753644,2.13753644,0,0,0,0,0
19.05,1.49435473,-0.0682719716,-12.2793647,0.075981741,-0.0602738857,FollowWall,following_right_wall,0,14,42,0.536898732,-1,-1,-1,1,0.29018259,2.13668237,2.13668237,0,0,0,0,0
19.1,1.49812228,-0.0690962528,-12.4025477,0.072813766,-0.10779351,FollowWall,following_right_wall,0,14,42,0.529248416,-1,-1,-1,1,0.32186234,2.13581917,2.13581917,0,0,0,0,0
19.15,1.50179964,-0.0699116915,-12.6030735,0.072813766,-0.10779351,FollowWall,following_right_wall,0,14,42,0.529248416,-1,-1,-1,1,0.32186234,2.13494133,2.13494133,0,0,0,0,0
19.2,1.50542258,-0.0707298777,-12.8487159,0.0705387372,-0.141918942,FollowWall,following_right_wall,0,14,42,0.521836519,-1,-1,-1,1,0.344612628,2.13404828,2.13404828,0,0,0,0,0
19.25,1.50896548,-0.0715481496,-13.1614105,0.0705387372,-0.141918942,FollowWall,following_right_wall,0,14,42,0.521836519,-1,-1,-1,1,0.344612628,2.13313725,2.13313725,0,0,0,0,0
19.3,1.51245928,-0.0723764538,-13.513219,0.0691326547,-0.16301018,FollowWall,following_right_wall,0,14,42,0.514698267,-1,-1,-1,1,0.358673453,2.13220797,2.13220797,0,0,0,0,0
19.35,1.51589334,-0.0732144181,-13.9130197,0.0691326547,-0.16301018,FollowWall,following_right_wall,0,14,42,0.514698267,-1,-1,-1,1,0.358673453,2.13125963,2.13125963,0,0,0,0,0
19.4,1.51928966,-0.0740692112,-14.3408158,0.0683661866,-0.174507201,FollowWall,following_right_wall,0,14,42,0.507838309,-1,-1,-1,1,0.366338134,2.13029188,2.13029188,0,0,0,0,0
19.45,1.52264542,-0.0749414309,-14.7986662,0.0683661866,-0.174507201,FollowWall,following_right_wall,0,14,42,0.507838309,-1,-1,-1,1,0.366338134,2.12930467,2.12930467,0,0,0,0,0
19.5,1.52597427,-0.0758356584,-15.2740482,0.0679900783,-0.180148825,FollowWall,following_right_wall,0,14,42,0.501242995,-1,-1,-1,1,0.370099217,2.12829753,2.12829753,0,0,0,0,0
19.55,1.52927644,-0.0767526853,-15.7663912,0.0679900783,-0.180148825,FollowWall,following_right_wall,0,14,42,0.501242995,-1,-1,-1,1,0.370099217,2.12727051,2.12727051,0,0,0,0,0
19.6,1.53255946,-0.0776951613,-16.2686281,0.0678216475,-0.182675287,FollowWall,following_right_wall,0,14,42,0.494614035,-1,-1,-1,1,0.371783525,2.12622314,2.12622314,0,0,0,0,0
19.65,1.53582421,-0.0786637218,-16.7796522,0.0678216475,-0.182675287,FollowWall,following_right_wall,0,14,42,0.494614035,-1,-1,-1,1,0.371783525,2.12515542,2.12515542,0,0,0,0,0
19.7,1.53907445,-0.07965976,-17.2958021,0.0677521753,-0.18371737,FollowWall,following_right_wall,0,14,42,0.487623751,-1,-1,-1,1,0.372478247,2.124067,2.124067,0,0,0,0,0
19.75,1.54231085,-0.0806836709,-17.8161861,0.0677521753,-0.18371737,FollowWall,following_right_wall,0,14,42,0.487623751,-1,-1,-1,1,0.372478247,2.12295786,2.12295786,0,0,0,0,0
19.8,1.54553506,-0.0817361113,-18.3390398,0.0677251565,-0.184122652,FollowWall,following_right_wall,0,14,42,0.480848551,-1,-1,-1,1,0.372748435,2.12182779,2.12182779,0,0,0,0,0
19.85,1.54874739,-0.0828172698,-18.8638181,0.0677251565,-0.184122652,FollowWall,following_right_wall,0,14,42,0.480848551,-1,-1,-1,1,0.372748435,2.12067679,2.12067679,0,0,0,0,0
19.9,1.55194844,-0.083927408,-19.3897189,0.0677140641,-0.184289038,FollowWall,following_right_wall,0,14,42,0.474281102,-1,-1,-1,1,0.372859359,2.11950478,2.11950478,0,0,0,0,0
19.95,1.55513823,-0.0850665703,-19.9164733,0.0677140641,-0.184289038,FollowWall,following_right_wall,0,14,42,0.474281102,-1,-1,-1,1,0.372859359,2.1183118,2.1183118,0,0,0,0,0
20,1.55831685,-0.0862348236,-20.4437255,0.0677075613,-0.184386581,FollowWall,following_right_wall,0,14,42,0.467914492,-1,-1,-1,1,0.372924387,2.11709786,2.11709786,0,0,0,0,0
20.05,1.56148414,-0.0874321215,-20.9713845,0.0677075613,-0.184386581,FollowWall,following_right_wall,0,14,42,0.467914492,-1,-1,-1,1,0.372924387,2.11586304,2.11586304,0,0,0,0,0
20.1,1.56464002,-0.0886584436,-21.4992809,0.0677013236,-0.184480146,FollowWall,following_right_wall,0,14,42,0.461705685,-1,-1,-1,1,0.372986764,2.11460738,2.11460738,0,0,0,0,0
20.15,1.56778419,-0.0899136889,-22.0274274,0.0677013236,-0.184480146,FollowWall,following_right_wall,0,14,42,0.461705685,-1,-1,-1,1,0.372986764,2.113331,2.113331,0,0,0,0,0
20.2,1.57091649,-0.0911978026,-22.5557198,0.0676939923,-0.184590116,FollowWall,following_right_wall,0,14,42,0.454914838,-1,-1,-1,1,0.373060077,2.11203397,2.11203397,0,0,0,0,0
20.25,1.57403659,-0.0925106509,-23.0842286,0.0676939923,-0.184590116,FollowWall,following_right_wall,0,14,42,0.454914838,-1,-1,-1,1,0.373060077,2.11071644,2.11071644,0,0,0,0,0
20.3,1.57714431,-0.0938521685,-23.6128637,0.0676853615,-0.184719577,FollowWall,following_right_wall,0,14,42,0.448331326,-1,-1,-1,1,0.373146385,2.10937847,2.10937847,0,0,0,0,0
20.35,1.58023927,-0.0952222005,-24.1417268,0.0676853615,-0.184719577,FollowWall,following_right_wall,0,14,42,0.448331326,-1,-1,-1,1,0.373146385,2.10802023,2.10802023,0,0,0,0,0
20.4,1.58332131,-0.0966206811,-24.6707231,0.0676755863,-0.184866205,FollowWall,following_right_wall,0,14,42,0.441950113,-1,-1,-1,1,0.373244137,2.10664179,2.10664179,0,0,0,0,0
20.45,1.58639004,-0.0980474401,-25.199972,0.0676755863,-0.184866205,FollowWall,following_right_wall,0,14,42,0.441950113,-1,-1,-1,1,0.373244137,2.10524334,2.10524334,0,0,0,0,0
20.5,1.58944531,-0.0995024143,-25.7293684,0.0676649112,-0.185026333,FollowWall,following_right_wall,0,14,42,0.435766637,-1,-1,-1,1,0.373350888,2.10382493,2.10382493,0,0,0,0,0
20.55,1.5924867,-0.100985422,-26.2590418,0.0676649112,-0.185026333,FollowWall,following_right_wall,0,14,42,0.435766637,-1,-1,-1,1,0.373350888,2.10238677,2.10238677,0,0,0,0,0
20.6,1.59551409,-0.102496402,-26.7888769,0.0676535505,-0.185196742,FollowWall,following_right_wall,0,14,42,0.429483414,-1,-1,-1,1,0.373464495,2.10092891,2.10092891,0,0,0,0,0
20.65,1.59852706,-0.104035163,-27.3190097,0.0676535505,-0.185196742,FollowWall,following_right_wall,0,14,42,0.429483414,-1,-1,-1,1,0.373464495,2.09945157,2.09945157,0,0,0,0,0
20.7,1.60152549,-0.105601647,-27.8493162,0.0676416802,-0.185374796,FollowWall,following_right_wall,0,14,42,0.423372537,-1,-1,-1,1,0.373583198,2.09795478,2.09795478,0,0,0,0,0
20.75,1.60450896,-0.107195651,-28.3799365,0.0676416802,-0.185374796,FollowWall,following_right_wall,0,14,42,0.423372537,-1,-1,-1,1,0.373583198,2.09643879,2.09643879,0,0,0,0,0
20.8,1.60747735,-0.108817119,-28.9107398,0.0676294285,-0.185558572,FollowWall,following_right_wall,0,14,42,0.416972876,-1,-1,-1,1,0.373705715,2.09490364,2.09490364,0,0,0,0,0
20.85,1.61043026,-0.110465841,-29.4418694,0.0676294285,-0.185558572,FollowWall,following_right_wall,0,14,42,0.416972876,-1,-1,-1,1,0.373705715,2.09334955,2.09334955,0,0,0,0,0
20.9,1.61336756,-0.11214176,-29.9731891,0.0676168996,-0.185746506,FollowWall,following_right_wall,0,14,42,0.410519153,-1,-1,-1,1,0.373831004,2.09177657,2.09177657,0,0,0,0,0
20.95,1.61628885,-0.113844657,-30.5048442,0.0676168996,-0.185746506,FollowWall,following_right_wall,0,14,42,0.410519153,-1,-1,-1,1,0.373831004,2.09018494,2.09018494,0,0,0,0,0
21,1.61919402,-0.115574475,-31.0366949,0.0676041651,-0.185937524,FollowWall,following_right_wall,0,14,42,0.404269964,-1,-1,-1,1,0.373958349,2.0885747,2.0885747,0,0,0,0,0
21.05,1.62208266,-0.117330988,-31.5688878,0.0676041651,-0.185937524,FollowWall,following_right_wall,0,14,42,0.404269964,-1,-1,-1,1,0.373958349,2.08694612,2.08694612,0,0,0,0,0
21.1,1.62495466,-0.119114139,-32.1012801,0.0675912845,-0.186130732,FollowWall,following_right_wall,0,14,42,0.398220658,-1,-1,-1,1,0.374087155,2.0852992,2.0852992,0,0,0,0,0
21.15,1.62780962,-0.120923691,-32.6340196,0.0675912845,-0.186130732,FollowWall,following_right_wall,0,14,42,0.398220658,-1,-1,-1,1,0.374087155,2.08363424,2.08363424,0,0,0,0,0
21.2,1.63064743,-0.122759588,-33.1669614,0.0675782937,-0.186325595,FollowWall,following_right_wall,0,14,42,0.392366976,-1,-1,-1,1,0.374217063,2.08195124,2.08195124,0,0,0,0,0
21.25,1.63346769,-0.124621584,-33.700254,0.0675782937,-0.186325595,FollowWall,following_right_wall,0,14,42,0.392366976,-1,-1,-1,1,0.374217063,2.08025049,2.08025049,0,0,0,0,0
21.3,1.6362703,-0.126509622,-34.2337511,0.0675652283,-0.186521575,FollowWall,following_right_wall,0,14,42,0.386705011,-1,-1,-1,1,0.374347717,2.07853201,2.07853201,0,0,0,0,0
21.35,1.63905487,-0.128423449,-34.7676014,0.0675652283,-0.186521575,FollowWall,following_right_wall,0,14,42,0.386705011,-1,-1,-1,1,0.374347717,2.07679609,2.07679609,0,0,0,0,0
21.4,1.64182128,-0.130363005,-35.3016579,0.0675521094,-0.18671836,FollowWall,following_right_wall,0,14,42,0.381231219,-1,-1,-1,1,0.374478906,2.07504275,2.07504275,0,0,0,0,0
21.45,1.64456915,-0.13232803,-35.8360695,0.0675521094,-0.18671836,FollowWall,following_right_wall,0,14,42,0.381231219,-1,-1,-1,1,0.374478906,2.07327229,2.07327229,0,0,0,0,0
21.5,1.64729838,-0.134318463,-36.3706882,0.0675389516,-0.186915725,FollowWall,following_right_wall,0,14,42,0.375942409,-1,-1,-1,1,0.374610484,2.07148471,2.07148471,0,0,0,0,0
21.55,1.65000858,-0.136334036,-36.9056633,0.0675389516,-0.186915725,FollowWall,following_right_wall,0,14,42,0.375942409,-1,-1,-1,1,0.374610484,2.06968034,2.06968034,0,0,0,0,0
21.6,1.65269964,-0.138374684,-37.4408463,0.0675257641,-0.187113538,FollowWall,following_right_wall,0,14,42,0.370686173,-1,-1,-1,1,0.374742359,2.06785917,2.06785917,0,0,0,0,0
21.65,1.65537119,-0.140440133,-37.9763867,0.0675257641,-0.187113538,FollowWall,following_right_wall,0,14,42,0.370686173,-1,-1,-1,1,0.374742359,2.06602154,2.06602154,0,0,0,0,0
21.7,1.65802312,-0.142530318,-38.5121357,0.0675125527,-0.187311709,FollowWall,following_right_wall,0,14,42,0.36545521,-1,-1,-1,1,0.374874473,2.06416744,2.06416744,0,0,0,0,0
21.75,1.66065506,-0.144644954,-39.0482427,0.0675125527,-0.187311709,FollowWall,following_right_wall,0,14,42,0.36545521,-1,-1,-1,1,0.374874473,2.06229721,2.06229721,0,0,0,0,0
21.8,1.66326691,-0.146783976,-39.5845588,0.0674993175,-0.187510237,FollowWall,following_right_wall,0,14,42,0.360404313,-1,-1,-1,1,0.375006825,2.06041084,2.06041084,0,0,0,0,0
21.85,1.66585829,-0.148947092,-40.1212336,0.0674993175,-0.187510237,FollowWall,following_right_wall,0,14,42,0.360404313,-1,-1,-1,1,0.375006825,2.05850869,2.05850869,0,0,0,0,0
21.9,1.66842911,-0.151134232,-40.6581178,0.0674860495,-0.187709257,FollowWall,following_right_wall,0,14,42,0.355531067,-1,-1,-1,1,0.375139505,2.05659073,2.05659073,0,0,0,0,0
21.95,1.670979,-0.153345099,-41.1953617,0.0674860495,-0.187709257,FollowWall,following_right_wall,0,14,42,0.355531067,-1,-1,-1,1,0.375139505,2.05465734,2.05465734,0,0,0,0,0
22,1.67350786,-0.155579622,-41.7328154,0.0674727458,-0.187908813,FollowWall,following_right_wall,0,14,42,0.350833356,-1,-1,-1,1,0.375272542,2.0527085,2.0527085,0,0,0,0,0
22.05,1.67601533,-0.157837494,-42.2706296,0.0674727458,-0.187908813,FollowWall,following_right_wall,0,14,42,0.350833356,-1,-1,-1,1,0.375272542,2.05074458,2.05074458,0,0,0,0,0
22.1,1.67850131,-0.160118642,-42.8086543,0.0674593914,-0.18810913,FollowWall,following_right_wall,0,14,42,0.346309453,-1,-1,-1,1,0.375406086,2.04876555,2.04876555,0,0,0,0,0
22.15,1.68096545,-0.162422754,-43.3470407,0.0674593914,-0.18810913,FollowWall,following_right_wall,0,14,42,0.346309453,-1,-1,-1,1,0.375406086,2.04677181,2.04677181,0,0,0,0,0
22.2,1.68340765,-0.164749754,-43.8856382,0.0674459714,-0.188310429,FollowWall,following_right_wall,0,14,42,0.341957897,-1,-1,-1,1,0.375540286,2.04476333,2.04476333,0,0,0,0,0
22.25,1.68582755,-0.16709932,-44.4245991,0.0674459714,-0.188310429,FollowWall,following_right_wall,0,14,42,0.341957897,-1,-1,-1,1,0.375540286,2.04274049,2.04274049,0,0,0,0,0
22.3,1.68822506,-0.169471377,-44.9637719,0.067432465,-0.188513026,FollowWall,following_right_wall,0,14,42,0.337777585,-1,-1,-1,1,0.37567535,2.04070328,2.04070328,0,0,0,0,0
22.35,1.69059984,-0.171865595,-45.5033103,0.067432465,-0.188513026,FollowWall,following_right_wall,0,14,42,0.337777585,-1,-1,-1,1,0.37567535,2.03865209,2.03865209,0,0,0,0,0
22.4,1.69295179,-0.174281896,-46.0430618,0.0674188513,-0.188717231,FollowWall,following_right_wall,0,14,42,0.333767802,-1,-1,-1,1,0.375811487,2.0365869,2.0365869,0,0,0,0,0
22.45,1.69528057,-0.176719944,-46.5831815,0.0674188513,-0.188717231,FollowWall,following_right_wall,0,14,42,0.333767802,-1,-1,-1,1,0.375811487,2.03450812,2.03450812,0,0,0,0,0
22.5,1.69758609,-0.179179658,-47.1235159,0.0674051005,-0.188923493,FollowWall,following_right_wall,0,14,42,0.32992807,-1,-1,-1,1,0.375948995,2.0324157,2.0324157,0,0,0,0,0
22.55,1.69986801,-0.181660694,-47.6642218,0.0674051005,-0.188923493,FollowWall,following_right_wall,0,14,42,0.32992807,-1,-1,-1,1,0.375948995,2.03031009,2.03031009,0,0,0,0,0
22.6,1.70212624,-0.184162971,-48.2051444,0.0673911887,-0.189132169,FollowWall,following_right_wall,0,14,42,0.326258332,-1,-1,-1,1,0.376088113,2.02819123,2.02819123,0,0,0,0,0
22.65,1.70436045,-0.186686137,-48.7464424,0.0673911887,-0.189132169,FollowWall,following_right_wall,0,14,42,0.326258332,-1,-1,-1,1,0.376088113,2.02605957,2.02605957,0,0,0,0,0
22.7,1.70657055,-0.189230108,-49.2879595,0.0673770744,-0.189343885,FollowWall,following_right_wall,0,14,42,0.322758853,-1,-1,-1,1,0.376229256,2.02391506,2.02391506,0,0,0,0,0
22.75,1.70875622,-0.191794525,-49.8298571,0.0673770744,-0.189343885,FollowWall,following_right_wall,0,14,42,0.322758853,-1,-1,-1,1,0.376229256,2.02175815,2.02175815,0,0,0,0,0
22.8,1.71091736,-0.194379304,-50.3719767,0.0673586088,-0.189620867,FollowWall,following_right_wall,0,14,42,0.319430321,-1,-1,-1,1,0.376413912,2.01958878,2.01958878,0,0,0,0,0
22.85,1.71305359,-0.19698401,-50.9145563,0.0673586088,-0.189620867,FollowWall,following_right_wall,0,14,42,0.319430321,-1,-1,-1,1,0.376413912,2.01740754,2.01740754,0,0,0,0,0
22.9,1.71516487,-0.19960859,-51.4574043,0.0673135954,-0.190296069,FollowWall,following_right_wall,0,14,42,0.316274107,-1,-1,-1,1,0.376864046,2.01521433,2.01521433,0,0,0,0,0
22.95,1.71725046,-0.202252194,-52.0012149,0.0673135954,-0.190296069,FollowWall,following_right_wall,0,14,42,0.316274107,-1,-1,-1,1,0.376864046,2.01301052,2.01301052,0,0,0,0,0
23,1.71931046,-0.204914966,-52.5455869,0.0672697353,-0.19095397,FollowWall,following_right_wall,0,14,42,0.31329456,-1,-1,-1,1,0.377302647,2.01079564,2.01079564,0,0,0,0,0
23.05,1.72134426,-0.207596179,-53.0910718,0.0672697353,-0.19095397,FollowWall,following_right_wall,0,14,42,0.31329456,-1,-1,-1,1,0.377302647,2.00857087,2.00857087,0,0,0,0,0
23.1,1.72335198,-0.210296038,-53.6372058,0.0672272491,-0.191591263,FollowWall,following_right_wall,0,14,42,0.310495555,-1,-1,-1,1,0.377727509,2.00633561,2.00633561,0,0,0,0,0
23.15,1.72533306,-0.213013859,-54.1844792,0.0672272491,-0.191591263,FollowWall,following_right_wall,0,14,42,0.310495555,-1,-1,-1,1,0.377727509,2.00409095,2.00409095,0,0,0,0,0
23.2,1.72728763,-0.215749861,-54.7324172,0.0671860594,-0.19220911,FollowWall,following_right_wall,0,14,42,0.307880402,-1,-1,-1,1,0.378139406,2.00183627,2.00183627,0,0,0,0,0
23.25,1.72921516,-0.218503376,-55.2814804,0.0671860594,-0.19220911,FollowWall,following_right_wall,0,14,42,0.307880402,-1,-1,-1,1,0.378139406,1.99957262,1.99957262,0,0,0,0,0
23.3,1.73111577,-0.221274617,-55.8312001,0.0671460199,-0.192809701,FollowWall,following_right_wall,0,14,42,0.305452526,-1,-1,-1,1,0.378539801,1.99729937,1.99729937,0,0,0,0,0
23.35,1.73298897,-0.224062921,-56.3820195,0.0671460199,-0.192809701,FollowWall,following_right_wall,0,14,42,0.305452526,-1,-1,-1,1,0.378539801,1.99501756,1.99501756,0,0,0,0,0
23.4,1.73483485,-0.226868491,-56.9334804,0.067106967,-0.193395495,FollowWall,following_right_wall,0,14,42,0.303215772,-1,-1,-1,1,0.37893033,1.99272658,1.99272658,0,0,0,0,0
23.45,1.73665293,-0.229690664,-57.4860148,0.067106967,-0.193395495,FollowWall,following_right_wall,0,14,42,0.303215772,-1,-1,-1,1,0.37893033,1.99042746,1.99042746,0,0,0,0,0
23.5,1.73844332,-0.232529632,-58.0391754,0.0670687485,-0.193968773,FollowWall,following_right_wall,0,14,42,0.301174402,-1,-1,-1,1,0.379312515,1.98811958,1.98811958,0,0,0,0,0
23.55,1.74020554,-0.235384729,-58.5933856,0.0670687485,-0.193968773,FollowWall,following_right_wall,0,14,42,0.301174402,-1,-1,-1,1,0.379312515,1.985804,1.985804,0,0,0,0,0
23.6,1.74193968,-0.238256138,-59.1482081,0.0670312333,-0.1945315,FollowWall,following_right_wall,0,14,42,0.299333274,-1,-1,-1,1,0.379687667,1.98348009,1.98348009,0,0,0,0,0
23.65,1.7436453,-0.241143189,-59.7040594,0.0670312333,-0.1945315,FollowWall,following_right_wall,0,14,42,0.299333274,-1,-1,-1,1,0.379687667,1.98114891,1.98114891,0,0,0,0,0
23.7,1.74532247,-0.244046055,-60.2605109,0.0669943112,-0.195085332,FollowWall,following_right_wall,0,14,42,0.297697783,-1,-1,-1,1,0.380056888,1.97880984,1.97880984,0,0,0,0,0
23.75,1.74697076,-0.246964062,-60.8179735,0.0669943112,-0.195085332,FollowWall,following_right_wall,0,14,42,0.297697783,-1,-1,-1,1,0.380056888,1.97646395,1.97646395,0,0,0,0,0
23.8,1.74859024,-0.249897375,-61.376026,0.0669578779,-0.195631832,FollowWall,following_right_wall,0,14,42,0.296274036,-1,-1,-1,1,0.380421221,1.97411062,1.97411062,0,0,0,0,0
23.85,1.75018049,-0.252845316,-61.9350749,0.0669578779,-0.195631832,FollowWall,following_right_wall,0,14,42,0.296274036,-1,-1,-1,1,0.380421221,1.97175092,1.97175092,0,0,0,0,0
23.9,1.75174158,-0.255808043,-62.4947051,0.0669218439,-0.196172342,FollowWall,following_right_wall,0,14,42,0.29506883,-1,-1,-1,1,0.380781561,1.96938425,1.96938425,0,0,0,0,0
23.95,1.7532731,-0.258784871,-63.0553195,0.0669218439,-0.196172342,FollowWall,following_right_wall,0,14,42,0.29506883,-1,-1,-1,1,0.380781561,1.96701167,1.96701167,0,0,0,0,0
24,1.75477511,-0.261775951,-63.6165081,0.0668861407,-0.196707889,FollowWall,following_right_wall,0,14,42,0.294089735,-1,-1,-1,1,0.381138593,1.96463257,1.96463257,0,0,0,0,0
24.05,1.75624722,-0.264780594,-64.1786708,0.0668861407,-0.196707889,FollowWall,following_right_wall,0,14,42,0.294089735,-1,-1,-1,1,0.381138593,1.96224806,1.96224806,0,0,0,0,0
24.1,1.75768949,-0.267798947,-64.7414018,0.0668506968,-0.197239548,FollowWall,following_right_wall,0,14,42,0.293345094,-1,-1,-1,1,0.381493032,1.95985749,1.95985749,0,0,0,0,0
24.15,1.75910154,-0.270830312,-65.305099,0.0668506968,-0.197239548,FollowWall,following_right_wall,0,14,42,0.293345094,-1,-1,-1,1,0.381493032,1.95746199,1.95746199,0,0,0,0,0
24.2,1.76048341,-0.273874832,-65.8693597,0.0668154496,-0.197768256,FollowWall,following_right_wall,0,14,42,0.292844236,-1,-1,-1,1,0.381845504,1.95506092,1.95506092,0,0,0,0,0
24.25,1.76183476,-0.276931803,-66.4345802,0.0668154496,-0.197768256,FollowWall,following_right_wall,0,14,42,0.292844236,-1,-1,-1,1,0.381845504,1.9526554,1.9526554,0,0,0,0,0
24.3,1.76315561,-0.280001364,-67.0003606,0.04,-0.6,FollowWall,following_right_wall,0,14,42,0.292597443,-1,-1,-1,1,0.382196546,1.9502448,1.9502448,0,0,0,0,0
24.35,1.76421943,-0.282572633,-68.0465965,0.04,-0.6,FollowWall,following_right_wall,0,14,42,0.292597443,-1,-1,-1,1,0.382196546,1.94890995,1.94890995,0,0,0,0,0
24.4,1.76511138,-0.284861528,-69.373098,0.04,-0.6,FollowWall,following_right_wall,0,14,42,0.296991825,-1,-1,-1,1,0.382006556,1.94822147,1.94822147,0,0,0,0,0
24.45,1.76588212,-0.286992763,-70.8630877,0.04,-0.6,FollowWall,following_right_wall,0,14,42,0.296991825,-1,-1,-1,1,0.382006556,1.94793063,1.94793063,0,0,0,0,0
24.5,1.76656046,-0.289038587,-72.4484457,0.0438244996,-0.542632505,FollowWall,following_right_wall,0,14,42,0.305255294,-1,-1,-1,1,0.384616524,1.94789129,1.94789129,0,0,0,0,0
24.55,1.76718649,-0.291116636,-74.0209577,0.0438244996,-0.542632505,FollowWall,following_right_wall,0,14,42,0.305255294,-1,-1,-1,1,0.384616524,1.94785116,1.94785116,0,0,0,0,0
24.6,1.76775768,-0.293219459,-75.5859762,0.0479196421,-0.481205369,FollowWall,following_right_wall,0,14,42,0.315734088,-1,-1,-1,1,0.386362463,1.9478222,1.9478222,0,0,0,0,0
24.65,1.76829402,-0.29542459,-77.0733002,0.0479196421,-0.481205369,FollowWall,following_right_wall,0,14,42,0.315734088,-1,-1,-1,1,0.386362463,1.94762876,1.94762876,0,0,0,0,0
24.7,1.76878498,-0.297694251,-78.5153025,0.051729542,-0.42405687,FollowWall,following_right_wall,0,14,42,0.327465624,-1,-1,-1,1,0.387940854,1.94734614,1.94734614,0,0,0,0,0
24.75,1.7692412,-0.30008337,-79.8626511,0.051729542,-0.42405687,FollowWall,following_right_wall,0,14,42,0.327465624,-1,-1,-1,1,0.387940854,1.94684511,1.94684511,0,0,0,0,0
24.8,1.76965287,-0.302545728,-81.1547851,0.0551682603,-0.372476096,FollowWall,following_right_wall,0,14,42,0.339915216,-1,-1,-1,1,0.385198951,1.94622105,1.94622105,0,0,0,0,0
24.85,1.77002659,-0.305124439,-82.3531405,0.0551682603,-0.372476096,FollowWall,following_right_wall,0,14,42,0.339915216,-1,-1,-1,1,0.385198951,1.94537053,1.94537053,0,0,0,0,0
24.9,1.77035536,-0.307773415,-83.4967917,0.0583685416,-0.324471876,FollowWall,following_right_wall,0,14,42,0.352755606,-1,-1,-1,1,0.389409006,1.94439106,1.94439106,0,0,0,0,0
24.95,1.77064408,-0.310531449,-84.5512314,0.0583685416,-0.324471876,FollowWall,following_right_wall,0,14,42,0.352755606,-1,-1,-1,1,0.389409006,1.9431892,1.9431892,0,0,0,0,0
25,1.77088846,-0.313354546,-85.5536309,0.0613089573,-0.28036564,FollowWall,following_right_wall,0,14,42,0.365714163,-1,-1,-1,1,0.387127936,1.94186001,1.94186001,0,0,0,0,0
25.05,1.77109218,-0.316277691,-86.4730259,0.0613089573,-0.28036564,FollowWall,following_right_wall,0,14,42,0.365714163,-1,-1,-1,1,0.387127936,1.94031914,1.94031914,0,0,0,0,0
25.1,1.77125325,-0.319259919,-87.3440014,0.0638509297,-0.242236054,FollowWall,following_right_wall,0,14,42,0.378540069,-1,-1,-1,1,0.391560823,1.9386567,1.9386567,0,0,0,0,0
25.15,1.77137427,-0.32232993,-88.1412184,0.0638509297,-0.242236054,FollowWall,following_right_wall,0,14,42,0.378540069,-1,-1,-1,1,0.391560823,1.93680325,1.93680325,0,0,0,0,0
25.2,1.77145501,-0.325451345,-88.8954097,0.0693432934,-0.159850599,FollowWall,following_right_wall,0,14,42,0.39106068,-1,-1,-1,1,0.407170117,1.93484002,1.93484002,0,0,0,0,0
25.25,1.7715,-0.328717121,-89.5261622,0.0693432934,-0.159850599,FollowWall,following_right_wall,0,14,42,0.39106068,-1,-1,-1,1,0.407170117,1.93254815,1.93254815,0,0,0,0,0
25.3,1.77151137,-0.332066971,-90.0849088,0.05,-0.28,FindWall,unbounded_right_search,0,14,42,0.401706606,-1,-1,-1,1,2.38148737,1.92980118,1.92980118,0,0,0,0,0
25.35,1.77148967,-0.335062649,-90.7450696,0.05,-0.28,FindWall,unbounded_right_search,0,14,42,0.401706606,-1,-1,-1,1,2.38148737,1.92578325,1.92578325,0,0,0,0,0
25.4,1.77143589,-0.337851322,-91.4643889,0.05,-0.28,FindWall,unbounded_right_search,0,14,42,0.415406615,-1,-1,-1,1,2.30789304,1.92188664,1.92188664,0,0,0,0,0
25.45,1.77135014,-0.340518639,-92.2182171,0.05,-0.28,FindWall,unbounded_right_search,0,14,42,0.415406615,-1,-1,-1,1,2.30789304,1.91806504,1.91806504,0,0,0,0,0
25.5,1.77123204,-0.343114359,-92.9921757,0.05,-0.28,FindWall,unbounded_right_search,0,14,42,0.432364136,-1,-1,-1,1,2.21193027,1.91429168,1.91429168,0,0,0,0,0
25.55,1.77108103,-0.3456673,-93.7778769,0.05,-0.28,FindWall,unbounded_right_search,0,14,42,0.432364136,-1,-1,-1,1,2.21193027,1.91055119,1.91055119,0,0,0,0,0
25.6,1.77089663,-0.348194065,-94.5704279,0.05,-0.28,FindWall,unbounded_right_search,0,14,42,0.452119529,-1,-1,-1,1,2.11433625,1.90683485,1.90683485,0,0,0,0,0
25.65,1.7706784,-0.35070413,-95.3669748,0.05,-0.28,FindWall,unbounded_right_search,0,14,42,0.452119529,-1,-1,-1,1,2.11433625,1.90313789,1.90313789,0,0,0,0,0
25.7,1.77042608,-0.353202816,-96.1658525,0.05,-0.28,FindWall,unbounded_right_search,0,14,42,0.47478354,-1,-1,-1,1,2.032022,1.8994578,1.8994578,0,0,0,0,0
25.75,1.77013945,-0.355693021,-96.9660899,0.05,-0.28,FindWall,unbounded_right_search,0,14,42,0.47478354,-1,-1,-1,1,2.032022,1.8957934,1.8957934,0,0,0,0,0
25.8,1.76981841,-0.358176232,-97.7671204,0.05,-0.28,FindWall,unbounded_right_search,0,14,42,0.500740349,-1,-1,-1,1,1.95976603,1.89214431,1.89214431,0,0,0,0,0
25.85,1.7694629,-0.360653111,-98.5686135,0.05,-0.28,FindWall,unbounded_right_search,0,14,42,0.500740349,-1,-1,-1,1,1.95976603,1.8885106,1.8885106,0,0,0,0,0
25.9,1.76907292,-0.363123843,-99.3703766,0.05,-0.28,FindWall,unbounded_right_search,0,14,42,0.530564845,-1,-1,-1,1,1.88581443,1.8848926,1.8848926,0,0,0,0,0
25.95,1.7686485,-0.365588333,-100.172297,0.05,-0.28,FindWall,unbounded_right_search,0,14,42,0.530564845,-1,-1,-1,1,1.88581443,1.8812908,1.8812908,0,0,0,0,0
26,1.76818969,-0.368046327,-100.974309,0.05,-0.28,FindWall,unbounded_right_search,0,14,42,0.522754788,-1,-1,-1,1,1.81749451,1.87770577,1.87770577,0,0,0,0,0
26.05,1.76769655,-0.370497474,-101.776375,0.05,-0.28,FindWall,unbounded_right_search,0,14,42,0.522754788,-1,-1,-1,1,1.81749451,1.87413814,1.87413814,0,0,0,0,0
26.1,1.76716917,-0.372941371,-102.578473,0.05,-0.28,FindWall,unbounded_right_search,0,14,42,0.508483291,-1,-1,-1,1,1.76351154,1.87058857,1.87058857,0,0,0,0,0
26.15,1.76660764,-0.375377584,-103.380588,0.05,-0.28,FindWall,unbounded_right_search,0,14,42,0.508483291,-1,-1,-1,1,1.76351154,1.86705772,1.86705772,0,0,0,0,0
26.2,1.76601207,-0.377805661,-104.182714,0.05,-0.28,FindWall,unbounded_right_search,0,14,42,0.495146394,-1,-1,-1,1,1.7617116,1.86354628,1.86354628,0,0,0,0,0
26.25,1.76538257,-0.380225142,-104.984846,0.05,-0.28,FindWall,unbounded_right_search,0,14,42,0.495146394,-1,-1,-1,1,1.7617116,1.86005492,1.86005492,0,0,0,0,0
26.3,1.76471927,-0.38263556,-105.786982,0.05,-0.28,FindWall,unbounded_right_search,0,14,42,0.482657343,-1,-1,-1,1,1.70653391,1.85658432,1.85658432,0,0,0,0,0
26.35,1.76402229,-0.38503645,-106.58912,0.05,-0.28,FindWall,unbounded_right_search,0,14,42,0.482657343,-1,-1,-1,1,1.70653391,1.85313516,1.85313516,0,0,0,0,0
26.4,1.76329177,-0.387427343,-107.391259,0.05,-0.28,FindWall,unbounded_right_search,0,14,42,0.470939934,-1,-1,-1,1,1.66328776,1.84970812,1.84970812,0,0,0,0,0
26.45,1.76252785,-0.389807772,-108.193399,0.05,-0.28,FindWall,unbounded_right_search,0,14,42,0.470939934,-1,-1,-1,1,1.66328776,1.84630386,1.84630386,0,0,0,0,0
26.5,1.76173068,-0.392177272,-108.995539,0.05,-0.28,FindWall,unbounded_right_search,0,14,42,0.459927142,-1,-1,-1,1,1.61875331,1.84292305,1.84292305,0,0,0,0,0
26.55,1.76090042,-0.394535379,-109.79768,0.05,-0.28,FindWall,unbounded_right_search,0,14,42,0.459927142,-1,-1,-1,1,1.61875331,1.83956635,1.83956635,0,0,0,0,0
26.6,1.76003722,-0.396881631,-110.599821,0.05,-0.28,FindWall,unbounded_right_search,0,14,42,0.449559808,-1,-1,-1,1,1.57088768,1.83623442,1.83623442,0,0,0,0,0
26.65,1.75914126,-0.399215568,-111.401961,0.05,-0.28,FindWall,unbounded_right_search,0,14,42,0.449559808,-1,-1,-1,1,1.57088768,1.83292792,1.83292792,0,0,0,0,0
26.7,1.75821272,-0.401536734,-112.204102,0.05,-0.28,FindWall,unbounded_right_search,0,14,42,0.43978557,-1,-1,-1,1,1.53240252,1.82964748,1.82964748,0,0,0,0,0
26.75,1.75725178,-0.403844673,-113.006243,0.05,-0.28,FindWall,unbounded_right_search,0,14,42,0.43978557,-1,-1,-1,1,1.53240252,1.82639376,1.82639376,0,0,0,0,0
26.8,1.75625861,-0.406138933,-113.808384,0.05,-0.28,FindWall,unbounded_right_search,0,14,42,0.430557728,-1,-1,-1,1,1.53820717,1.8231674,1.8231674,0,0,0,0,0
26.85,1.75523343,-0.408419064,-114.610525,0.05,-0.28,FindWall,unbounded_right_search,0,14,42,0.430557728,-1,-1,-1,1,1.53820717,1.81996902,1.81996902,0,0,0,0,0
26.9,1.75417642,-0.410684619,-115.412666,0.05,-0.28,FindWall,unbounded_right_search,0,14,42,0.421834737,-1,-1,-1,1,1.49674809,1.81679924,1.81679924,0,0,0,0,0
26.95,1.75308781,-0.412935155,-116.214807,0.05,-0.28,FindWall,unbounded_right_search,0,14,42,0.421834737,-1,-1,-1,1,1.49674809,1.81365871,1.81365871,0,0,0,0,0
27,1.75196779,-0.415170231,-117.016948,0.05,-0.28,FindWall,unbounded_right_search,0,14,42,0.413579315,-1,-1,-1,1,1.46608818,1.81054802,1.81054802,0,0,0,0,0
27.05,1.75081659,-0.417389407,-117.819089,0.05,-0.28,FindWall,unbounded_right_search,0,14,42,0.413579315,-1,-1,-1,1,1.46608818,1.80746778,1.80746778,0,0,0,0,0
27.1,1.74963444,-0.41959225,-118.62123,0.05,-0.28,FindWall,unbounded_right_search,0,14,42,0.405757934,-1,-1,-1,1,1.43935788,1.80441861,1.80441861,0,0,0,0,0
27.15,1.74842157,-0.421778327,-119.42337,0.05,-0.28,FindWall,unbounded_right_search,0,14,42,0.405757934,-1,-1,-1,1,1.43935788,1.8014011,1.8014011,0,0,0,0,0
27.2,1.74717821,-0.423947211,-120.225511,0.05,-0.28,FindWall,unbounded_right_search,0,14,42,0.398340374,-1,-1,-1,1,1.40586007,1.79841584,1.79841584,0,0,0,0,0
27.25,1.7459046,-0.426098475,-121.027652,0.05,-0.28,FindWall,unbounded_right_search,0,14,42,0.398340374,-1,-1,-1,1,1.40586007,1.79546342,1.79546342,0,0,0,0,0
27.3,1.74460101,-0.428231699,-121.829793,0.05,-0.28,FindWall,unbounded_right_search,0,14,42,0.391299307,-1,-1,-1,1,1.34994316,1.7925444,1.7925444,0,0,0,0,0
27.35,1.74326768,-0.430346464,-122.631934,0.05,-0.28,FindWall,unbounded_right_search,0,14,42,0.391299307,-1,-1,-1,1,1.34994316,1.78965938,1.78965938,0,0,0,0,0
27.4,1.74190487,-0.432442356,-123.434075,0.05,-0.28,FindWall,unbounded_right_search,0,14,42,0.384609938,-1,-1,-1,1,1.29988849,1.78680891,1.78680891,0,0,0,0,0
27.45,1.74051286,-0.434518964,-124.236216,0.05,-0.28,FindWall,unbounded_right_search,0,14,42,0.384609938,-1,-1,-1,1,1.29988849,1.78399354,1.78399354,0,0,0,0,0
27.5,1.73909191,-0.43657588,-125.038357,0.05,-0.28,FindWall,unbounded_right_search,0,14,42,0.378249645,-1,-1,-1,1,1.25488472,1.78121384,1.78121384,0,0,0,0,0
27.55,1.73764231,-0.438612703,-125.840498,0.05,-0.28,FindWall,unbounded_right_search,0,14,42,0.378249645,-1,-1,-1,1,1.25488472,1.77847035,1.77847035,0,0,0,0,0
27.6,1.73616433,-0.440629032,-126.642639,0.05,-0.28,FindWall,unbounded_right_search,0,14,42,0.372197866,-1,-1,-1,1,1.21426463,1.7757636,1.7757636,0,0,0,0,0
27.65,1.73465827,-0.442624472,-127.44478,0.05,-0.28,FindWall,unbounded_right_search,0,14,42,0.372197866,-1,-1,-1,1,1.21426463,1.77309413,1.77309413,0,0,0,0,0
27.7,1.73312442,-0.444598633,-128.246921,0.05,-0.28,FindWall,unbounded_right_search,0,14,42,0.366435707,-1,-1,-1,1,1.17747533,1.77046245,1.77046245,0,0,0,0,0
27.75,1.73156309,-0.446551127,-129.049061,0.05,-0.28,FindWall,unbounded_right_search,0,14,42,0.366435707,-1,-1,-1,1,1.17747533,1.76786909,1.76786909,0,0,0,0,0
27.8,1.72997457,-0.448481572,-129.851202,0.05,-0.28,FindWall,unbounded_right_search,0,14,42,0.36094591,-1,-1,-1,1,1.14405406,1.76531456,1.76531456,0,0,0,0,0
27.85,1.72835919,-0.450389589,-130.653343,0.05,-0.28,FindWall,unbounded_right_search,0,14,42,0.36094591,-1,-1,-1,1,1.14405406,1.76279934,1.76279934,0,0,0,0,0
27.9,1.72671725,-0.452274804,-131.455484,0.05,-0.28,FindWall,unbounded_right_search,0,14,42,0.355712563,-1,-1,-1,1,1.1136111,1.76032395,1.76032395,0,0,0,0,0
27.95,1.72504908,-0.454136849,-132.257625,0.05,-0.28,FindWall,unbounded_right_search,0,14,42,0.355712563,-1,-1,-1,1,1.1136111,1.75788885,1.75788885,0,0,0,0,0
28,1.723355,-0.455975357,-133.059766,0.05,-0.28,FindWall,unbounded_right_search,0,14,42,0.350721031,-1,-1,-1,1,1.08581626,1.75549453,1.75549453,0,0,0,0,0
28.05,1.72163536,-0.457789969,-133.861907,0.05,-0.28,FindWall,unbounded_right_search,0,14,42,0.350721031,-1,-1,-1,1,1.08581626,1.75314146,1.75314146,0,0,0,0,0
28.1,1.71989048,-0.459580328,-134.664048,0.05,-0.28,FindWall,unbounded_right_search,0,14,42,0.345957845,-1,-1,-1,1,1.06038737,1.7508301,1.7508301,0,0,0,0,0
28.15,1.7181207,-0.461346085,-135.466189,0.05,-0.28,FindWall,unbounded_right_search,0,14,42,0.345957845,-1,-1,-1,1,1.06038737,1.74856091,1.74856091,0,0,0,0,0
28.2,1.71632638,-0.463086893,-136.26833,0.05,-0.28,FindWall,unbounded_right_search,0,14,42,0.341410577,-1,-1,-1,1,1.03708243,1.74633432,1.74633432,0,0,0,0,0
28.25,1.71450786,-0.46480241,-137.070471,0.05,-0.28,FindWall,unbounded_right_search,0,14,42,0.341410577,-1,-1,-1,1,1.03708243,1.74415077,1.74415077,0,0,0,0,0
28.3,1.71266551,-0.466492301,-137.872611,0.05,-0.28,FindWall,unbounded_right_search,0,14,42,0.337067723,-1,-1,-1,1,1.01569307,1.74201069,1.74201069,0,0,0,0,0
28.35,1.71079968,-0.468156234,-138.674752,0.05,-0.28,FindWall,unbounded_right_search,0,14,42,0.337067723,-1,-1,-1,1,1.01569307,1.73991451,1.73991451,0,0,0,0,0
28.4,1.70891073,-0.469793883,-139.476893,0.05,-0.28,FindWall,unbounded_right_search,0,14,42,0.332756311,-1,-1,-1,1,0.996038318,1.73786262,1.73786262,0,0,0,0,0
28.45,1.70699905,-0.471404928,-140.279034,0.05,-0.28,FindWall,unbounded_right_search,0,14,42,0.332756311,-1,-1,-1,1,0.996038318,1.73585545,1.73585545,0,0,0,0,0
28.5,1.705065,-0.472989051,-141.081175,0.05,-0.28,FindWall,unbounded_right_search,0,14,42,0.328311265,-1,-1,-1,1,0.977961004,1.73389336,1.73389336,0,0,0,0,0
28.55,1.70310896,-0.474545944,-141.883316,0.05,-0.28,FindWall,unbounded_right_search,0,14,42,0.328311265,-1,-1,-1,1,0.977961004,1.73197676,1.73197676,0,0,0,0,0
28.6,1.70113132,-0.476075301,-142.685457,0.05,-0.28,FindWall,unbounded_right_search,0,14,42,0.324052066,-1,-1,-1,1,0.961323798,1.73010602,1.73010602,0,0,0,0,0
28.65,1.69913246,-0.477576821,-143.487598,0.05,-0.28,FindWall,unbounded_right_search,0,14,42,0.324052066,-1,-1,-1,1,0.961323798,1.7282815,1.7282815,0,0,0,0,0
28.7,1.69711278,-0.479050212,-144.289739,0.05,-0.28,FindWall,unbounded_right_search,0,14,42,0.319971412,-1,-1,-1,1,0.946006417,1.72650356,1.72650356,0,0,0,0,0
28.75,1.69507267,-0.480495183,-145.09188,0.05,-0.28,FindWall,unbounded_right_search,0,14,42,0.319971412,-1,-1,-1,1,0.946006417,1.72477256,1.72477256,0,0,0,0,0
28.8,1.69301252,-0.481911452,-145.894021,0.05,-0.28,FindWall,unbounded_right_search,0,14,42,0.316062629,-1,-1,-1,1,0.931903243,1.72308882,1.72308882,0,0,0,0,0
28.85,1.69093276,-0.483298741,-146.696162,0.05,-0.28,FindWall,unbounded_right_search,0,14,42,0.316062629,-1,-1,-1,1,0.931903243,1.72145268,1.72145268,0,0,0,0,0
28.9,1.68883377,-0.484656779,-147.498302,0.05,-0.28,FindWall,unbounded_right_search,0,14,42,0.312319547,-1,-1,-1,1,0.918921113,1.71986446,1.71986446,0,0,0,0,0
28.95,1.68671598,-0.485985299,-148.300443,0.05,-0.28,FindWall,unbounded_right_search,0,14,42,0.312319547,-1,-1,-1,1,0.918921113,1.71832448,1.71832448,0,0,0,0,0
29,1.6845798,-0.48728404,-149.102584,0.05,-0.28,FindWall,unbounded_right_search,0,14,42,0.308285773,-1,-1,-1,1,0.906977952,1.71683303,1.71683303,0,0,0,0,0
29.05,1.68242565,-0.488552748,-149.904725,0.05,-0.28,FindWall,unbounded_right_search,0,14,42,0.308285773,-1,-1,-1,1,0.906977952,1.7153904,1.7153904,0,0,0,0,0
29.1,1.68025394,-0.489791175,-150.706866,0.05,-0.28,FindWall,unbounded_right_search,0,14,42,0.304198384,-1,-1,-1,1,0.896001041,1.71399688,1.71399688,0,0,0,0,0
29.15,1.67806512,-0.490999078,-151.509007,0.05,-0.28,FindWall,unbounded_right_search,0,14,42,0.304198384,-1,-1,-1,1,0.896001041,1.71265274,1.71265274,0,0,0,0,0
29.2,1.67585959,-0.49217622,-152.311148,0.05,-0.28,FindWall,unbounded_right_search,0,14,42,0.30027613,-1,-1,-1,1,0.885926068,1.71135825,1.71135825,0,0,0,0,0
29.25,1.6736378,-0.49332237,-153.113289,0.05,-0.28,FindWall,unbounded_right_search,0,14,42,0.30027613,-1,-1,-1,1,0.885926068,1.71011365,1.71011365,0,0,0,0,0
29.3,1.67140019,-0.494437304,-153.91543,0.05,-0.28,FindWall,unbounded_right_search,0,14,42,0.296512216,-1,-1,-1,1,0.876607418,1.7089192,1.7089192,0,0,0,0,0
29.35,1.66914718,-0.495520803,-154.717571,0.05,-0.28,FindWall,unbounded_right_search,0,14,42,0.296512216,-1,-1,-1,1,0.876607418,1.70777513,1.70777513,0,0,0,0,0
29.4,1.66687923,-0.496572655,-155.519712,0.05,-0.28,FindWall,unbounded_right_search,0,14,42,0.292385012,-1,-1,-1,1,0.867863595,1.70668165,1.70668165,0,0,0,0,0
29.45,1.66459678,-0.497592653,-156.321852,0.05,-0.28,FindWall,unbounded_right_search,0,14,42,0.292385012,-1,-1,-1,1,0.867863595,1.70563899,1.70563899,0,0,0,0,0
29.5,1.66230026,-0.498580598,-157.123993,0.05,-0.28,FindWall,unbounded_right_search,0,14,42,0.288005263,-1,-1,-1,1,0.859902442,1.70464736,1.70464736,0,0,0,0,0
29.55,1.65999015,-0.499536296,-157.926134,0.05,-0.28,FindWall,unbounded_right_search,0,14,42,0.288005263,-1,-1,-1,1,0.859902442,1.70370693,1.70370693,0,0,0,0,0
29.6,1.65766688,-0.50045956,-158.728275,0.05,-0.28,FindWall,unbounded_right_search,0,14,42,0.283545643,-1,-1,-1,1,0.852680624,1.7028179,1.7028179,0,0,0,0,0
29.65,1.65533091,-0.501350209,-159.530416,0.05,-0.28,FindWall,unbounded_right_search,0,14,42,0.283545643,-1,-1,-1,1,0.852680624,1.70198045,1.70198045,0,0,0,0,0
29.7,1.6529827,-0.502208068,-160.332557,0,0.6,TurnLeft,front_sector_priority,0,14,42,0.279248029,-1,-1,-1,1,0.846159339,1.70119473,1.70119473,0,0,0,0,0
29.75,1.65161051,-0.502701859,-160.084275,0,0.6,TurnLeft,front_sector_priority,0,14,42,0.279248029,-1,-1,-1,1,0.846159339,1.70067659,1.70067659,0,0,0,0,0
29.8,1.65081289,-0.502997639,-159.223247,0,0.6,TurnLeft,front_sector_priority,0,14,42,0.27682361,-1,-1,-1,1,0.852911532,1.70031041,1.70031041,0,0,0,0,0
29.85,1.65035082,-0.503178592,-158.004783,0,0.6,TurnLeft,front_sector_priority,0,14,42,0.27682361,-1,-1,-1,1,0.852911532,1.70006715,1.70006715,0,0,0,0,0
29.9,1.65008379,-0.503290341,-156.577816,0,0.6,TurnLeft,front_sector_priority,0,14,42,0.27579695,-1,-1,-1,1,0.868899941,1.69993807,1.69993807,0,0,0,0,0
29.95,1.64992977,-0.503359551,-155.029221,0,0.6,TurnLeft,front_sector_priority,0,14,42,0.27579695,-1,-1,-1,1,0.868899941,1.69991796,1.69991796,0,0,0,0,0
30,1.64984107,-0.503402392,-153.409676,0,0.6,TurnLeft,front_sector_priority,0,14,42,0.274614483,-1,-1,-1,1,0.890572488,1.70000205,1.69991796,0,0,0,0,0
30.05,1.64979007,-0.503428853,-151.748745,0,0.6,TurnLeft,front_sector_priority,0,14,42,0.274614483,-1,-1,-1,1,0.890572488,1.70018591,1.69991796,0,0,0,0,0
30.1,1.64976078,-0.50344515,-150.063671,0,0.6,TurnLeft,front_sector_priority,0,14,42,0.273834705,-1,-1,-1,1,0.917641163,1.70046577,1.69991796,0,0,0,0,0
30.15,1.64974398,-0.503455158,-148.364514,0,0.6,TurnLeft,front_sector_priority,0,14,42,0.273834705,-1,-1,-1,1,0.917641163,1.70083854,1.69991796,0,0,0,0,0
30.2,1.64973436,-0.503461284,-146.657142,0,0.6,TurnLeft,front_sector_priority,0,14,42,0.272489011,-1,-1,-1,1,0.950539291,1.70130181,1.69991796,0,0,0,0,0
30.25,1.64972886,-0.503465024,-144.944977,0,0.6,TurnLeft,front_sector_priority,0,14,42,0.272489011,-1,-1,-1,1,0.950539291,1.70185371,1.69991796,0,0,0,0,0
30.3,1.64972572,-0.5034673,-143.230017,0,0.6,TurnLeft,front_sector_priority,0,14,42,0.271796316,-1,-1,-1,1,0.989990592,1.70249273,1.69991796,0,0,0,0,0
30.35,1.64972392,-0.503468682,-141.513427,0,0.6,TurnLeft,front_sector_priority,0,14,42,0.271796316,-1,-1,-1,1,0.989990592,1.70321762,1.69991796,0,0,0,0,0
30.4,1.6497229,-0.503469519,-139.795885,0,0.6,TurnLeft,front_sector_priority,0,14,42,0.272006512,-1,-1,-1,1,1.03710687,1.70402728,1.69991796,0,0,0,0,0
30.45,1.64972232,-0.503470025,-138.077789,0,0.6,TurnLeft,front_sector_priority,0,14,42,0.272006512,-1,-1,-1,1,1.03710687,1.70492069,1.69991796,0,0,0,0,0
30.5,1.64972199,-0.503470331,-136.359368,0,0.6,TurnLeft,front_sector_priority,0,14,42,0.273134381,-1,-1,-1,1,1.05300212,1.70589686,1.69991796,0,0,0,0,0
30.55,1.6497218,-0.503470514,-134.640759,0,0.6,TurnLeft,front_sector_priority,0,14,42,0.273134381,-1,-1,-1,1,1.05300212,1.7069548,1.69991796,0,0,0,0,0
30.6,1.6497217,-0.503470625,-132.92204,0,0.6,TurnLeft,front_sector_priority,0,14,42,0.27521193,-1,-1,-1,1,1.04981816,1.70809347,1.69991796,0,0,0,0,0
30.65,1.64972164,-0.503470691,-131.203257,0,0.6,TurnLeft,front_sector_priority,0,14,42,0.27521193,-1,-1,-1,1,1.04981816,1.7093118,1.69991796,0,0,0,0,0
30.7,1.6497216,-0.503470731,-129.484436,0,0.6,TurnLeft,front_sector_priority,0,14,42,0.278290302,-1,-1,-1,1,1.03995728,1.71060867,1.69991796,0,0,0,0,0
30.75,1.64972159,-0.503470754,-127.765593,0,0.6,TurnLeft,front_sector_priority,0,14,42,0.278290302,-1,-1,-1,1,1.03995728,1.71198289,1.69991796,0,0,0,0,0
30.8,1.64972157,-0.503470768,-126.046738,0,0.6,TurnLeft,front_sector_priority,0,14,42,0.282442123,-1,-1,-1,1,1.04342747,1.71343321,1.69991796,0,0,0,0,0
30.85,1.64972157,-0.503470777,-124.327875,0,0.6,TurnLeft,front_sector_priority,0,14,42,0.282442123,-1,-1,-1,1,1.04342747,1.71495833,1.69991796,0,0,0,0,0
30.9,1.64972157,-0.503470782,-122.609007,0,0.6,TurnLeft,front_sector_priority,0,14,42,0.287765294,-1,-1,-1,1,0.318888247,1.71655686,1.69991796,0,0,0,0,0
30.95,1.64972156,-0.503470785,-120.890137,0,0.6,TurnLeft,front_sector_priority,0,14,42,0.287765294,-1,-1,-1,1,0.318888247,1.71822736,1.69991796,0,0,0,0,0
31,1.64972156,-0.503470787,-119.171266,0,0.6,TurnLeft,front_sector_priority,0,14,42,0.294388324,-1,-1,-1,1,0.304955602,1.71996834,1.69991796,0,0,0,0,0
31.05,1.64972156,-0.503470788,-117.452394,0,0.6,TurnLeft,front_sector_priority,0,14,42,0.294388324,-1,-1,-1,1,0.304955602,1.72177821,1.69991796,0,0,0,0,0
31.1,1.64972156,-0.503470788,-115.733521,0,0.6,TurnLeft,front_sector_priority,0,14,42,0.302477807,-1,-1,-1,1,0.293713301,1.72365536,1.69991796,0,0,0,0,0
31.15,1.64972156,-0.503470789,-114.014648,0,0.6,TurnLeft,front_sector_priority,0,14,42,0.302477807,-1,-1,-1,1,0.293713301,1.72559809,1.69991796,0,0,0,0,0
31.2,1.64972156,-0.503470789,-112.295775,0,0.6,TurnLeft,front_sector_priority,0,14,42,0.312248737,-1,-1,-1,1,0.284084857,1.72760465,1.69991796,0,0,0,0,0
31.25,1.64972156,-0.503470789,-110.576902,0,0.6,TurnLeft,front_sector_priority,0,14,42,0.312248737,-1,-1,-1,1,0.284084857,1.72967324,1.69991796,0,0,0,0,0
31.3,1.64972156,-0.503470789,-108.858029,0,0.6,TurnLeft,front_sector_priority,0,14,42,0.323979616,-1,-1,-1,1,0.275877148,1.731802,1.69991796,0,0,0,0,0
31.35,1.64972156,-0.503470789,-107.139155,0,0.6,TurnLeft,front_sector_priority,0,14,42,0.323979616,-1,-1,-1,1,0.275877148,1.733989,1.69991796,0,0,0,0,0
31.4,1.64972156,-0.503470789,-105.420282,0,0.6,TurnLeft,front_sector_priority,0,14,42,0.337661773,-1,-1,-1,1,0.268938392,1.73623229,1.69991796,0,0,0,0,0
31.45,1.64972156,-0.503470789,-103.701409,0,0.6,TurnLeft,front_sector_priority,0,14,42,0.337661773,-1,-1,-1,1,0.268938392,1.73852984,1.69991796,0,0,0,0,0
31.5,1.64972156,-0.503470789,-101.982535,0,0.6,TurnLeft,front_sector_priority,0,14,42,0.353763849,-1,-1,-1,1,0.262994409,1.74087959,1.69991796,0,0,0,0,0
31.55,1.64972156,-0.503470789,-100.263662,0,0.6,TurnLeft,front_sector_priority,0,14,42,0.353763849,-1,-1,-1,1,0.262994409,1.74327942,1.69991796,0,0,0,0,0
31.6,1.64972156,-0.503470789,-98.5447884,0,0.6,TurnLeft,front_sector_priority,0,14,42,0.373153239,-1,-1,-1,1,0.258820862,1.74572717,1.69991796,0,0,0,0,0
31.65,1.64972156,-0.503470789,-96.825915,0,0.6,TurnLeft,front_sector_priority,0,14,42,0.373153239,-1,-1,-1,1,0.258820862,1.74822064,1.69991796,0,0,0,0,0
31.7,1.64972156,-0.503470789,-95.1070416,0.0734107873,0.0988381905,FollowWall,following_right_wall,0,14,42,0.39664647,-1,-1,-1,1,0.255933285,1.75075758,1.69991796,0,0,0,0,0
31.75,1.64960032,-0.504995368,-93.9863861,0.0734107873,0.0988381905,FollowWall,following_right_wall,0,14,42,0.39664647,-1,-1,-1,1,0.255933285,1.75090934,1.69991796,0,0,0,0,0
31.8,1.64944825,-0.507412124,-93.214691,0.0759413467,0.0608797994,FollowWall,following_right_wall,0,14,42,0.411457151,-1,-1,-1,1,0.254592627,1.74965677,1.69991796,0,0,0,0,0
31.85,1.64929396,-0.510402821,-92.6918656,0.0759413467,0.0608797994,FollowWall,following_right_wall,0,14,42,0.411457151,-1,-1,-1,1,0.254592627,1.74745926,1.69991796,0,0,0,0,0
31.9,1.64914858,-0.51372865,-92.3142142,0.0772060294,0.0419095591,FollowWall,following_right_wall,0,14,42,0.419030756,-1,-1,-1,1,0.254209191,1.74470855,1.69991796,0,0,0,0,0
31.95,1.64901358,-0.517276461,-92.0438917,0.0772060294,0.0419095591,FollowWall,following_right_wall,0,14,42,0.419030756,-1,-1,-1,1,0.254209191,1.74157352,1.69991796,0,0,0,0,0
32,1.64888902,-0.520953865,-91.8361777,0.0779392381,0.0309114291,FollowWall,following_right_wall,0,14,42,0.423223764,-1,-1,-1,1,0.253225684,1.73821392,1.69991796,0,0,0,0,0
32.05,1.64877341,-0.524722209,-91.6781134,0.0779392381,0.0309114291,FollowWall,following_right_wall,0,14,42,0.423223764,-1,-1,-1,1,0.253225684,1.73468778,1.69991796,0,0,0,0,0
32.1,1.64866576,-0.528543662,-91.5490115,0.0784239542,0.0236406869,FollowWall,following_right_wall,0,14,42,0.425828934,-1,-1,-1,1,0.252502859,1.73106437,1.69991796,0,0,0,0,0
32.15,1.64856481,-0.53240624,-91.445483,0.0784239542,0.0236406869,FollowWall,following_right_wall,0,14,42,0.425828934,-1,-1,-1,1,0.252502859,1.72736076,1.69991796,0,0,0,0,0
32.2,1.64846974,-0.53629285,-91.3568724,0.0787818092,0.0182728616,FollowWall,following_right_wall,0,14,42,0.427631408,-1,-1,-1,1,0.252261251,1.72361031,1.69991796,0,0,0,0,0
32.25,1.64837968,-0.540200968,-91.2833712,0.0787818092,0.0182728616,FollowWall,following_right_wall,0,14,42,0.427631408,-1,-1,-1,1,0.252261251,1.71981522,1.69991796,0,0,0,0,0
32.3,1.64829406,-0.544121661,-91.218684,0.0790483194,0.0142752096,FollowWall,following_right_wall,0,14,42,0.428973436,-1,-1,-1,1,0.251609683,1.71599404,1.69991796,0,0,0,0,0
32.35,1.64821226,-0.548055267,-91.1639099,0.0790483194,0.0142752096,FollowWall,following_right_wall,0,14,42,0.428973436,-1,-1,-1,1,0.251609683,1.71214475,1.69991796,0,0,0,0,0
32.4,1.64813387,-0.551996427,-91.1149186,0.0791229155,0.013156267,FollowWall,following_right_wall,0,14,42,0.430017143,-1,-1,-1,1,0.251584828,1.70827903,1.69991796,0,0,0,0,0
32.45,1.64805858,-0.555943568,-91.0706362,0.0791229155,0.013156267,FollowWall,following_right_wall,0,14,42,0.430017143,-1,-1,-1,1,0.251584828,1.7044001,1.69991796,0,0,0,0,0
32.5,1.64798618,-0.559894216,-91.0291007,0.0791688848,0.0124667287,FollowWall,following_right_wall,0,14,42,0.430906087,-1,-1,-1,1,0.251519173,1.70051345,1.69991796,0,0,0,0,0
32.55,1.64791651,-0.563847886,-90.9899906,0.0791688848,0.0124667287,FollowWall,following_right_wall,0,14,42,0.430906087,-1,-1,-1,1,0.251519173,1.69662007,1.69662007,0,0,0,0,0
32.6,1.64784946,-0.567803335,-90.9522953,0.0791979713,0.01203043,FollowWall,following_right_wall,0,14,42,0.431718379,-1,-1,-1,1,0.251385182,1.69272274,1.69272274,0,0,0,0,0
32.65,1.64778494,-0.571760444,-90.9159461,0.0791979713,0.01203043,FollowWall,following_right_wall,0,14,42,0.431718379,-1,-1,-1,1,0.251385182,1.68882169,1.68882169,0,0,0,0,0
32.7,1.64772289,-0.575718535,-90.8803821,0.079270792,0.0109381207,FollowWall,following_right_wall,0,14,42,0.432488799,-1,-1,-1,1,0.251446158,1.68491847,1.68491847,0,0,0,0,0
32.75,1.6476632,-0.57967873,-90.8465801,0.079270792,0.0109381207,FollowWall,following_right_wall,0,14,42,0.432488799,-1,-1,-1,1,0.251446158,1.68101044,1.68101044,0,0,0,0,0
32.8,1.6476058,-0.583640166,-90.8138058,0.0794292813,0.00856078031,FollowWall,following_right_wall,0,14,42,0.43320927,-1,-1,-1,1,0.251387089,1.67709959,1.67709959,0,0,0,0,0
32.85,1.64755049,-0.587605637,-90.7844688,0.0794292813,0.00856078031,FollowWall,following_right_wall,0,14,42,0.43320927,-1,-1,-1,1,0.251387089,1.67317941,1.67317941,0,0,0,0,0
32.9,1.6474971,-0.591573471,-90.7571368,0.0794360334,0.00845949862,FollowWall,following_right_wall,0,14,42,0.433831036,-1,-1,-1,1,0.251338452,1.66925379,1.66925379,0,0,0,0,0
32.95,1.64744555,-0.595542832,-90.7310954,0.0794360334,0.00845949862,FollowWall,following_right_wall,0,14,42,0.433831036,-1,-1,-1,1,0.251338452,1.66532465,1.66532465,0,0,0,0,0
33,1.64739576,-0.599513094,-90.7058068,0.0794460664,0.00830900332,FollowWall,following_right_wall,0,14,42,0.434393853,-1,-1,-1,1,0.25124529,1.66139346,1.66139346,0,0,0,0,0
33.05,1.6473477,-0.603484098,-90.681137,0.0794460664,0.00830900332,FollowWall,following_right_wall,0,14,42,0.434393853,-1,-1,-1,1,0.25124529,1.65746057,1.65746057,1,0,0,0,0
33.1,1.64730133,-0.607455542,-90.6568281,0.0795085402,0.00737189649,FollowWall,following_right_wall,0,14,42,0.434923857,-1,-1,-1,1,0.251241386,1.6535267,1.6535267,1,0,0,0,0
33.15,1.64725657,-0.611428551,-90.6338484,0.0795085402,0.00737189649,FollowWall,following_right_wall,0,14,42,0.434923857,-1,-1,-1,1,0.251241386,1.64958921,1.64958921,1,0,0,0,0
33.2,1.64721338,-0.61540248,-90.611644,0.0796946254,0.00458061965,FollowWall,following_right_wall,0,14,42,0.43540448,-1,-1,-1,1,0.25081417,1.64564961,1.64564961,1,0,0,0,0
33.25,1.64717155,-0.619380827,-90.5932237,0.0796946254,0.00458061965,FollowWall,following_right_wall,0,14,42,0.43540448,-1,-1,-1,1,0.25081417,1.64169975,1.64169975,1,0,0,0,0
33.3,1.64713089,-0.623361755,-90.5770108,0.0797385908,0.00392113852,FollowWall,following_right_wall,0,14,42,0.435766011,-1,-1,-1,1,0.250393957,1.63774389,1.63774389,1,0,0,0,0
33.35,1.64709127,-0.627345108,-90.5628728,0.0797385908,0.00392113852,FollowWall,following_right_wall,0,14,42,0.435766011,-1,-1,-1,1,0.250393957,1.63378241,1.63378241,1,0,0,0,0
33.4,1.64705257,-0.631329878,-90.5499451,0.0796978005,0.00453299213,FollowWall,following_right_wall,0,14,42,0.436033577,-1,-1,-1,1,0.250336438,1.62981763,1.62981763,1,0,0,0,0
33.45,1.64701477,-0.635314628,-90.5369931,0.0796978005,0.00453299213,FollowWall,following_right_wall,0,14,42,0.436033577,-1,-1,-1,1,0.250336438,1.62585292,1.62585292,1,0,0,0,0
33.5,1.64697788,-0.63929937,-90.5240269,0.0796639721,0.00504041922,FollowWall,following_right_wall,0,14,42,0.436268002,-1,-1,-1,1,0.250432104,1.62188824,1.62188824,1,0,0,0,0
33.55,1.64694191,-0.643283407,-90.5104467,0.0796639721,0.00504041922,FollowWall,following_right_wall,0,14,42,0.436268002,-1,-1,-1,1,0.250432104,1.61792521,1.61792521,1,0,0,0,0
33.6,1.6469069,-0.647267035,-90.4965084,0.0796931707,0.00460243897,FollowWall,following_right_wall,0,14,42,0.436495632,-1,-1,-1,1,0.250418454,1.61396315,1.61396315,1,0,0,0,0
33.65,1.64687285,-0.651251037,-90.4828839,0.0796931707,0.00460243897,FollowWall,following_right_wall,0,14,42,0.436495632,-1,-1,-1,1,0.250418454,1.61000024,1.61000024,1,0,0,0,0
33.7,1.64683974,-0.655235259,-90.4694426,0.0798244669,0.00263299714,FollowWall,following_right_wall,0,14,42,0.436695904,-1,-1,-1,1,0.250127167,1.60603682,1.60603682,1,0,0,0,0
33.75,1.64680745,-0.659222348,-90.4584589,0.0798244669,0.00263299714,FollowWall,following_right_wall,0,14,42,0.436695904,-1,-1,-1,1,0.250127167,1.60206673,1.60206673,1,0,0,0,0
33.8,1.64677587,-0.663211111,-90.4489088,0.0799553643,0.000669534782,FollowWall,following_right_wall,0,14,42,0.436807394,-1,-1,-1,1,0.250290543,1.59809275,1.59809275,1,0,0,0,0
33.85,1.64674481,-0.667203579,-90.4425388,0.0799553643,0.000669534782,FollowWall,following_right_wall,0,14,42,0.436807394,-1,-1,-1,1,0.250290543,1.59411015,1.59411015,1,0,0,0,0
33.9,1.64671411,-0.671198207,-90.4380237,0.0799375127,-0.000937309155,FollowWall,following_right_wall,0,14,42,0.436796784,-1,-1,-1,1,0.250106037,1.59012251,1.59012251,1,0,0,0,0
33.95,1.64668362,-0.675193724,-90.4365087,0.0799375127,-0.000937309155,FollowWall,following_right_wall,0,14,42,0.436796784,-1,-1,-1,1,0.250106037,1.58612934,1.58612934,1,0,0,0,0
34,1.64665317,-0.67918976,-90.4367438,0.0799712916,-0.000430625979,FollowWall,following_right_wall,0,14,42,0.436662108,-1,-1,-1,1,0.249839708,1.58213294,1.58213294,1,0,0,0,0
34.05,1.64662267,-0.6831868,-90.437395,0.0799712916,-0.000430625979,FollowWall,following_right_wall,0,14,42,0.436662108,-1,-1,-1,1,0.249839708,1.57813489,1.57813489,1,0,0,0,0
34.1,1.64659213,-0.687184427,-90.4382889,0.0799980367,2.94501797e-05,FollowWall,following_right_wall,0,14,42,0.436469078,-1,-1,-1,1,0.249632746,1.57413588,1.57413588,1,0,0,0,0
34.15,1.64656152,-0.691182952,-90.4387751,0.0799980367,2.94501797e-05,FollowWall,following_right_wall,0,14,42,0.436469078,-1,-1,-1,1,0.249632746,1.5701366,1.5701366,1,0,0,0,0
34.2,1.64653089,-0.695182002,-90.4390236,0.0799757936,0.000363096376,FollowWall,following_right_wall,0,14,42,0.436254054,-1,-1,-1,1,0.249531716,1.56613717,1.56613717,1,0,0,0,0
34.25,1.64650025,-0.699180895,-90.4387352,0.0799757936,0.000363096376,FollowWall,following_right_wall,0,14,42,0.436254054,-1,-1,-1,1,0.249531716,1.56213872,1.56213872,1,0,0,0,0
34.3,1.64646965,-0.703179696,-90.4381335,0.0799851072,0.000223392695,FollowWall,following_right_wall,0,14,42,0.436026156,-1,-1,-1,1,0.249591321,1.55814085,1.55814085,1,0,0,0,0
34.35,1.6464391,-0.707178638,-90.4375159,0.0799851072,0.000223392695,FollowWall,following_right_wall,0,14,42,0.436026156,-1,-1,-1,1,0.249591321,1.55414286,1.55414286,1,0,0,0,0
34.4,1.64640858,-0.711177662,-90.4368889,0.0798781407,-0.00182789019,FollowWall,following_right_wall,0,14,42,0.435774088,-1,-1,-1,1,0.24970977,1.55014481,1.55014481,1,0,0,0,0
34.45,1.64637804,-0.715174505,-90.4387051,0.0798781407,-0.00182789019,FollowWall,following_right_wall,0,14,42,0.435774088,-1,-1,-1,1,0.24970977,1.54614516,1.54614516,1,0,0,0,0
34.5,1.64634733,-0.719170075,-90.4419464,0.0797463354,-0.00380496941,FollowWall,following_right_wall,0,14,42,0.435432911,-1,-1,-1,1,0.249521017,1.54214457,1.54214457,1,0,0,0,0
34.55,1.64631632,-0.723162155,-90.448379,0.0797463354,-0.00380496941,FollowWall,following_right_wall,0,14,42,0.435432911,-1,-1,-1,1,0.249521017,1.53814253,1.53814253,1,0,0,0,0
34.6,1.6462848,-0.727152196,-90.4566732,0.0796256331,-0.00561550293,FollowWall,following_right_wall,0,14,42,0.434969187,-1,-1,-1,1,0.249708697,1.53413965,1.53413965,1,0,0,0,0
34.65,1.64625263,-0.731138529,-90.4682145,0.0796256331,-0.00561550293,FollowWall,following_right_wall,0,14,42,0.434969187,-1,-1,-1,1,0.249708697,1.53013545,1.53013545,1,0,0,0,0
34.7,1.6462196,-0.735122697,-90.48165,0.079553217,-0.00670174467,FollowWall,following_right_wall,0,14,42,0.434376776,-1,-1,-1,1,0.249925718,1.52613049,1.52613049,1,0,0,0,0
34.75,1.64618558,-0.739104088,-90.4974869,0.079553217,-0.00670174467,FollowWall,following_right_wall,0,14,42,0.434376776,-1,-1,-1,1,0.249925718,1.52212459,1.52212459,1,0,0,0,0
34.8,1.64615043,-0.743083854,-90.5147248,0.0794517851,-0.00822322318,FollowWall,following_right_wall,0,14,42,0.433676898,-1,-1,-1,1,0.250027895,1.51811815,1.51811815,1,0,0,0,0
34.85,1.64611401,-0.747060554,-90.5345959,0.0794517851,-0.00822322318,FollowWall,following_right_wall,0,14,42,0.433676898,-1,-1,-1,1,0.250027895,1.5141107,1.5141107,1,0,0,0,0
34.9,1.64607618,-0.751035458,-90.5560032,0.0794195173,-0.00870724025,FollowWall,following_right_wall,0,14,42,0.432869136,-1,-1,-1,1,0.249906823,1.51010268,1.51010268,1,0,0,0,0
34.95,1.64603683,-0.755008636,-90.5788842,0.0794195173,-0.00870724025,FollowWall,following_right_wall,0,14,42,0.432869136,-1,-1,-1,1,0.249906823,1.50609411,1.50609411,1,0,0,0,0
35,1.64599587,-0.758980799,-90.602625,0.0795746653,-0.00638002006,FollowWall,following_right_wall,0,14,42,0.431982338,-1,-1,-1,1,0.250021905,1.50208524,1.50208524,1,0,0,0,0
35.05,1.64595332,-0.762955594,-90.6240894,0.0795746653,-0.00638002006,FollowWall,following_right_wall,0,14,42,0.431982338,-1,-1,-1,1,0.250021905,1.49807725,1.49807725,1,0,0,0,0
35.1,1.64590931,-0.76693192,-90.6442259,0.0797304609,-0.00404308599,FollowWall,following_right_wall,0,14,42,0.431119174,-1,-1,-1,1,0.250100404,1.4940698,1.4940698,1,0,0,0,0
35.15,1.64586397,-0.770912379,-90.6607983,0.0797304609,-0.00404308599,FollowWall,following_right_wall,0,14,42,0.431119174,-1,-1,-1,1,0.250100404,1.49006372,1.49006372,1,0,0,0,0
35.2,1.64581753,-0.774895244,-90.6752915,0.0797398427,-0.00390235953,FollowWall,following_right_wall,0,14,42,0.430336565,-1,-1,-1,1,0.249803096,1.48605846,1.48605846,1,0,0,0,0
35.25,1.64577011,-0.778879705,-90.6884041,0.0797398427,-0.00390235953,FollowWall,following_right_wall,0,14,42,0.430336565,-1,-1,-1,1,0.249803096,1.48205374,1.48205374,1,0,0,0,0
35.3,1.6457218,-0.782865092,-90.7007111,0.0798852969,-0.00172054702,FollowWall,following_right_wall,0,14,42,0.429591268,-1,-1,-1,1,0.249392986,1.47804933,1.47804933,1,0,0,0,0
35.35,1.64567269,-0.786854046,-90.709944,0.0798852969,-0.00172054702,FollowWall,following_right_wall,0,14,42,0.429591268,-1,-1,-1,1,0.249392986,1.47404611,1.47404611,1,0,0,0,0
35.4,1.64562298,-0.79084508,-90.7173836,0.0799735177,0.000397234153,FollowWall,following_right_wall,0,14,42,0.428916842,-1,-1,-1,1,0.249000728,1.47004358,1.47004358,1,0,0,0,0
35.45,1.64557283,-0.794839164,-90.7212492,0.0799735177,0.000397234153,FollowWall,following_right_wall,0,14,42,0.428916842,-1,-1,-1,1,0.249000728,1.46604353,1.46604353,1,0,0,0,0
35.5,1.64552247,-0.798835028,-90.72303,0.0798404452,0.00239332155,FollowWall,following_right_wall,0,14,42,0.428339988,-1,-1,-1,1,0.24892132,1.46204491,1.46204491,1,0,0,0,0
35.55,1.64547212,-0.802829159,-90.7212119,0.0798404452,0.00239332155,FollowWall,following_right_wall,0,14,42,0.428339988,-1,-1,-1,1,0.24892132,1.45805359,1.45805359,1,0,0,0,0
35.6,1.64542199,-0.806822281,-90.7172946,0.0798257804,0.0026132941,FollowWall,following_right_wall,0,14,42,0.427870274,-1,-1,-1,1,0.248694032,1.45406652,1.45406652,1,0,0,0,0
35.65,1.6453722,-0.810814513,-90.7118901,0.0798257804,0.0026132941,FollowWall,following_right_wall,0,14,42,0.427870274,-1,-1,-1,1,0.248694032,1.45008264,1.45008264,1,0,0,0,0
35.7,1.64532282,-0.814806228,-90.7056181,0.0798527654,0.00220851856,FollowWall,following_right_wall,0,14,42,0.427460074,-1,-1,-1,1,0.248569876,1.44610061,1.44610061,1,0,0,0,0
35.75,1.64527387,-0.818798205,-90.6993232,0.0798527654,0.00220851856,FollowWall,following_right_wall,0,14,42,0.427460074,-1,-1,-1,1,0.248569876,1.44211836,1.44211836,1,0,0,0,0
35.8,1.64522536,-0.822790339,-90.6930149,0.0798782192,0.00182671159,FollowWall,following_right_wall,0,14,42,0.427064151,-1,-1,-1,1,0.248323098,1.43813598,1.43813598,1,0,0,0,0
35.85,1.64517727,-0.826783095,-90.6871546,0.0798782192,0.00182671159,FollowWall,following_right_wall,0,14,42,0.427064151,-1,-1,-1,1,0.248323098,1.43415228,1.43415228,1,0,0,0,0
35.9,1.64512958,-0.830776216,-90.6815557,0.0798609215,0.00208617725,FollowWall,following_right_wall,0,14,42,0.426665008,-1,-1,-1,1,0.248473689,1.43016781,1.43016781,1,0,0,0,0
35.95,1.64508228,-0.834769192,-90.6757994,0.0798609215,0.00208617725,FollowWall,following_right_wall,0,14,42,0.426665008,-1,-1,-1,1,0.248473689,1.42618373,1.42618373,1,0,0,0,0
36,1.64503538,-0.838762086,-90.6699514,0.0797246909,0.00412963658,FollowWall,following_right_wall,0,14,42,0.426277697,-1,-1,-1,1,0.248069257,1.42219987,1.42219987,1,0,0,0,0
36.05,1.64498902,-0.842752096,-90.6616107,0.0797246909,0.00412963658,FollowWall,following_right_wall,0,14,42,0.426277697,-1,-1,-1,1,0.248069257,1.41822275,1.41822275,1,0,0,0,0
36.1,1.6449433,-0.846740428,-90.6518158,0.0795953031,0.00607045324,FollowWall,following_right_wall,0,14,42,0.425967902,-1,-1,-1,1,0.247929811,1.41424956,1.41424956,1,0,0,0,0
36.15,1.64489842,-0.85072509,-90.6388561,0.0795953031,0.00607045324,FollowWall,following_right_wall,0,14,42,0.425967902,-1,-1,-1,1,0.247929811,1.41028493,1.41028493,1,0,0,0,0
36.2,1.64485452,-0.854707618,-90.6240502,0.0794783505,0.00782474208,FollowWall,following_right_wall,0,14,42,0.425770521,-1,-1,-1,1,0.248016983,1.40632529,1.40632529,1,0,0,0,0
36.25,1.64481181,-0.85868647,-90.6060734,0.0794783505,0.00782474208,FollowWall,following_right_wall,0,14,42,0.425770521,-1,-1,-1,1,0.248016983,1.40237423,1.40237423,1,0,0,0,0
36.3,1.64477043,-0.862663184,-90.5862467,0.0794628405,0.00805739197,FollowWall,following_right_wall,0,14,42,0.425694704,-1,-1,-1,1,0.248062342,1.39842818,1.39842818,1,0,0,0,0
36.35,1.64473049,-0.866638335,-90.5650634,0.0794628405,0.00805739197,FollowWall,following_right_wall,0,14,42,0.425694704,-1,-1,-1,1,0.248062342,1.39448579,1.39448579,1,0,0,0,0
36.4,1.64469206,-0.87061258,-90.5430887,0.0795153767,0.00726934984,FollowWall,following_right_wall,0,14,42,0.425699174,-1,-1,-1,1,0.247929975,1.39054554,1.39054554,1,0,0,0,0
36.45,1.64465513,-0.874587397,-90.5215929,0.0795153767,0.00726934984,FollowWall,following_right_wall,0,14,42,0.425699174,-1,-1,-1,1,0.247929975,1.38660398,1.38660398,1,0,0,0,0
36.5,1.64461967,-0.878562552,-90.5003766,0.0795675883,0.00648617482,FollowWall,following_right_wall,0,14,42,0.42572999,-1,-1,-1,1,0.248207822,1.38266165,1.38266165,1,0,0,0,0
36.55,1.64458564,-0.882538998,-90.4802581,0.0795675883,0.00648617482,FollowWall,following_right_wall,0,14,42,0.42572999,-1,-1,-1,1,0.248207822,1.37871634,1.37871634,1,0,0,0,0
36.6,1.64455298,-0.8865162,-90.46078,0.0795703085,0.00644537227,FollowWall,following_right_wall,0,14,42,0.425762326,-1,-1,-1,1,0.248494789,1.37476929,1.37476929,1,0,0,0,0
36.65,1.64452165,-0.890493904,-90.4417242,0.0795703085,0.00644537227,FollowWall,following_right_wall,0,14,42,0.425762326,-1,-1,-1,1,0.248494789,1.37082108,1.37082108,1,0,0,0,0
36.7,1.64449164,-0.894471905,-90.4229147,0.0795213879,0.00717918148,FollowWall,following_right_wall,0,14,42,0.425810784,-1,-1,-1,1,0.248505533,1.3668722,1.3668722,1,0,0,0,0
36.75,1.64446296,-0.898449064,-90.403373,0.0795213879,0.00717918148,FollowWall,following_right_wall,0,14,42,0.425810784,-1,-1,-1,1,0.248505533,1.36292531,1.36292531,1,0,0,0,0
36.8,1.64443565,-0.902425735,-90.3834041,0.079565414,0.00651879058,FollowWall,following_right_wall,0,14,42,0.425910234,-1,-1,-1,1,0.248283863,1.35897956,1.35897956,1,0,0,0,0
36.85,1.64440971,-0.906403043,-90.3639744,0.079565414,0.00651879058,FollowWall,following_right_wall,0,14,42,0.425910234,-1,-1,-1,1,0.248283863,1.35503235,1.35503235,1,0,0,0,0
36.9,1.64438511,-0.910380725,-90.3448592,0.0796098036,0.00585294664,FollowWall,following_right_wall,0,14,42,0.426036537,-1,-1,-1,1,0.248060673,1.35108428,1.35108428,1,0,0,0,0
36.95,1.64436179,-0.914359553,-90.3267222,0.0796098036,0.00585294664,FollowWall,following_right_wall,0,14,42,0.426036537,-1,-1,-1,1,0.248060673,1.34713356,1.34713356,1,0,0,0,0
37,1.64433971,-0.918339053,-90.3091558,0.0795126081,0.00731087782,FollowWall,following_right_wall,0,14,42,0.42617178,-1,-1,-1,1,0.247935504,1.34318128,1.34318128,1,0,0,0,0
37.05,1.6443189,-0.922316921,-90.2901821,0.0795126081,0.00731087782,FollowWall,following_right_wall,0,14,42,0.42617178,-1,-1,-1,1,0.247935504,1.33923282,1.33923282,1,0,0,0,0
37.1,1.64429945,-0.926293842,-90.2703873,0.079409846,0.00885231044,FollowWall,following_right_wall,0,14,42,0.426375329,-1,-1,-1,1,0.247607306,1.33528658,1.33528658,1,0,0,0,0
37.15,1.64428146,-0.930268071,-90.2482737,0.079409846,0.00885231044,FollowWall,following_right_wall,0,14,42,0.426375329,-1,-1,-1,1,0.247607306,1.33134663,1.33134663,1,0,0,0,0
37.2,1.64426506,-0.934240732,-90.2248074,0.0794747684,0.00787847375,FollowWall,following_right_wall,0,14,42,0.426686674,-1,-1,-1,1,0.247242868,1.32741036,1.32741036,1,0,0,0,0
37.25,1.64425027,-0.938213835,-90.2017145,0.0794747684,0.00787847375,FollowWall,following_right_wall,0,14,42,0.426686674,-1,-1,-1,1,0.247242868,1.32347307,1.32347307,1,0,0,0,0
37.3,1.64423707,-0.942187197,-90.1788395,0.0795448859,0.0068267116,FollowWall,following_right_wall,0,14,42,0.427043855,-1,-1,-1,1,0.247319207,1.31953519,1.31953519,1,0,0,0,0
37.35,1.64422541,-0.946162172,-90.1573469,0.0795448859,0.0068267116,FollowWall,following_right_wall,0,14,42,0.427043855,-1,-1,-1,1,0.247319207,1.31559356,1.31559356,1,0,0,0,0
37.4,1.64421521,-0.950138089,-90.1366607,0.0796142839,0.00578574136,FollowWall,following_right_wall,0,14,42,0.427405089,-1,-1,-1,1,0.247121096,1.31164974,1.31164974,1,0,0,0,0
37.45,1.64420638,-0.954116003,-90.1176876,0.0796142839,0.00578574136,FollowWall,following_right_wall,0,14,42,0.427405089,-1,-1,-1,1,0.247121096,1.30770127,1.30770127,1,0,0,0,0
37.5,1.64419883,-0.958095083,-90.0997137,0.0796807873,0.00478819017,FollowWall,following_right_wall,0,14,42,0.4277547,-1,-1,-1,1,0.246739805,1.30375009,1.30375009,1,0,0,0,0
37.55,1.64419247,-0.962076228,-90.0835135,0.0796807873,0.00478819017,FollowWall,following_right_wall,0,14,42,0.4277547,-1,-1,-1,1,0.246739805,1.29979409,1.29979409,1,0,0,0,0
37.6,1.64418719,-0.966058578,-90.0683479,0.0795934859,0.00609771223,FollowWall,following_right_wall,0,14,42,0.428087503,-1,-1,-1,1,0.246816695,1.29583528,1.29583528,1,0,0,0,0
37.65,1.644183,-0.970039814,-90.0522226,0.0795934859,0.00609771223,FollowWall,following_right_wall,0,14,42,0.428087503,-1,-1,-1,1,0.246816695,1.29187908,1.29187908,1,0,0,0,0
37.7,1.64417995,-0.974020399,-90.0355377,0.0795077684,0.00738347339,FollowWall,following_right_wall,0,14,42,0.428472787,-1,-1,-1,1,0.247120634,1.28792441,1.28792441,1,0,0,0,0
37.75,1.64417813,-0.977998819,-90.0169914,0.0795077684,0.00738347339,FollowWall,following_right_wall,0,14,42,0.428472787,-1,-1,-1,1,0.247120634,1.28397479,1.28397479,1,0,0,0,0
37.8,1.64417763,-0.981975976,-89.9973593,0.0794356767,0.00846484919,FollowWall,following_right_wall,0,14,42,0.428950369,-1,-1,-1,1,0.247112185,1.28001992,1.28001992,1,0,0,0,0
37.85,1.64417856,-0.985950894,-89.9758032,0.0794356767,0.00846484919,FollowWall,following_right_wall,0,14,42,0.428950369,-1,-1,-1,1,0.247112185,1.27601152,1.27601152,1,0,0,0,0
37.9,1.64418103,-0.989924505,-89.9531245,0.079394901,0.00907648497,FollowWall,following_right_wall,0,14,42,0.429528117,-1,-1,-1,1,0.247292444,1.27200269,1.27200269,1,0,0,0,0
37.95,1.64418511,-0.993896504,-89.9290611,0.079394901,0.00907648497,FollowWall,following_right_wall,0,14,42,0.429528117,-1,-1,-1,1,0.247292444,1.26799333,1.26799333,1,0,0,0,0
38,1.64419089,-0.997867561,-89.9041898,0.0795062324,0.0074065139,FollowWall,following_right_wall,0,14,42,0.430193186,-1,-1,-1,1,0.247488856,1.26398367,1.26398367,1,0,0,0,0
38.05,1.64419834,-1.00184039,-89.8808407,0.0795062324,0.0074065139,FollowWall,following_right_wall,0,14,42,0.430193186,-1,-1,-1,1,0.247488856,1.2599746,1.2599746,1,0,0,0,0
38.1,1.64420738,-1.00581424,-89.8583795,0.0795468836,0.00679674648,FollowWall,following_right_wall,0,14,42,0.430865914,-1,-1,-1,1,0.247538835,1.25596589,1.25596589,1,0,0,0,0
38.15,1.64421795,-1.00978954,-89.8371641,0.0795468836,0.00679674648,FollowWall,following_right_wall,0,14,42,0.430865914,-1,-1,-1,1,0.247538835,1.25195767,1.25195767,1,0,0,0,0
38.2,1.64422996,-1.01376568,-89.8166755,0.0795113817,0.00732927489,FollowWall,following_right_wall,0,14,42,0.431533754,-1,-1,-1,1,0.247578934,1.24794975,1.24794975,1,0,0,0,0
38.25,1.6442434,-1.01774158,-89.7959751,0.0795113817,0.00732927489,FollowWall,following_right_wall,0,14,42,0.431533754,-1,-1,-1,1,0.247578934,1.24394175,1.24394175,1,0,0,0,0
38.3,1.64425828,-1.02171732,-89.7751512,0.0794830705,0.00775394217,FollowWall,following_right_wall,0,14,42,0.432234257,-1,-1,-1,1,0.247872427,1.23993371,1.23993371,1,0,0,0,0
38.35,1.64427462,-1.02569238,-89.7537483,0.0794830705,0.00775394217,FollowWall,following_right_wall,0,14,42,0.432234257,-1,-1,-1,1,0.247872427,1.23592546,1.23592546,1,0,0,0,0
38.4,1.64429246,-1.02966704,-89.7320077,0.0795630716,0.00655392595,FollowWall,following_right_wall,0,14,42,0.432984263,-1,-1,-1,1,0.247572497,1.23191709,1.23191709,1,0,0,0,0
38.45,1.64431176,-1.03364314,-89.7115025,0.0795630716,0.00655392595,FollowWall,following_right_wall,0,14,42,0.432984263,-1,-1,-1,1,0.247572497,1.22790921,1.22790921,1,0,0,0,0
38.5,1.64433248,-1.03762006,-89.691718,0.0797282933,0.00407559985,FollowWall,following_right_wall,0,14,42,0.433736324,-1,-1,-1,1,0.247281209,1.22390162,1.22390162,1,0,0,0,0
38.55,1.64435447,-1.04160091,-89.6753121,0.0797282933,0.00407559985,FollowWall,following_right_wall,0,14,42,0.433736324,-1,-1,-1,1,0.247281209,1.21989535,1.21989535,1,0,0,0,0
38.6,1.64437754,-1.04558405,-89.6608772,0.0797718828,0.00342175874,FollowWall,following_right_wall,0,14,42,0.434419274,-1,-1,-1,1,0.247055963,1.21588984,1.21588984,1,0,0,0,0
38.65,1.64440156,-1.04956943,-89.6483723,0.0797718828,0.00342175874,FollowWall,following_right_wall,0,14,42,0.434419274,-1,-1,-1,1,0.247055963,1.21188509,1.21188509,1,0,0,0,0
38.7,1.64442643,-1.05355611,-89.6369934,0.0798302841,0.00254573826,FollowWall,following_right_wall,0,14,42,0.435053885,-1,-1,-1,1,0.247257441,1.20788078,1.20788078,1,0,0,0,0
38.75,1.64445203,-1.05754477,-89.627317,0.0798302841,0.00254573826,FollowWall,following_right_wall,0,14,42,0.435053885,-1,-1,-1,1,0.247257441,1.20387713,1.20387713,1,0,0,0,0
38.8,1.64447829,-1.06153458,-89.6186336,0.0799923152,-0.000115272045,FollowWall,following_right_wall,0,14,42,0.435650796,-1,-1,-1,1,0.24748908,1.19987387,1.19987387,1,0,0,0,0
38.85,1.64450504,-1.06552844,-89.613706,0.0799923152,-0.000115272045,FollowWall,following_right_wall,0,14,42,0.435650796,-1,-1,-1,1,0.24748908,1.19587238,1.19587238,1,0,0,0,0
38.9,1.64453208,-1.06952465,-89.6109691,0.079831496,-0.00252755934,FollowWall,following_right_wall,0,14,42,0.436152428,-1,-1,-1,1,0.247197062,1.19187193,1.19187193,1,0,0,0,0
38.95,1.64455915,-1.0735189,-89.6123896,0.079831496,-0.00252755934,FollowWall,following_right_wall,0,14,42,0.436152428,-1,-1,-1,1,0.247197062,1.18787988,1.18787988,1,0,0,0,0
39,1.64458603,-1.07751199,-89.6162353,0.0796913899,-0.00462915111,FollowWall,following_right_wall,0,14,42,0.436529249,-1,-1,-1,1,0.247480318,1.18389275,1.18389275,1,0,0,0,0
39.05,1.64461249,-1.0815015,-89.6240043,0.0796913899,-0.00462915111,FollowWall,following_right_wall,0,14,42,0.436529249,-1,-1,-1,1,0.247480318,1.17991527,1.17991527,1,0,0,0,0
39.1,1.6446383,-1.08548892,-89.6340618,0.0797048972,-0.00442654155,FollowWall,following_right_wall,0,14,42,0.436778963,-1,-1,-1,1,0.247450918,1.17594343,1.17594343,1,0,0,0,0
39.15,1.64466338,-1.0894754,-89.6452125,0.0797048972,-0.00442654155,FollowWall,following_right_wall,0,14,42,0.436778963,-1,-1,-1,1,0.247450918,1.17197422,1.17197422,1,0,0,0,0
39.2,1.64468765,-1.09346134,-89.6570009,0.0796377191,-0.00543421324,FollowWall,following_right_wall,0,14,42,0.436974317,-1,-1,-1,1,0.247474477,1.16800655,1.16800655,1,0,0,0,0
39.25,1.64471104,-1.09744556,-89.670364,0.0796377191,-0.00543421324,FollowWall,following_right_wall,0,14,42,0.436974317,-1,-1,-1,1,0.247474477,1.16404303,1.16404303,1,0,0,0,0
39.3,1.64473346,-1.10142879,-89.6846458,0.0795417876,-0.00687318656,FollowWall,following_right_wall,0,14,42,0.437115997,-1,-1,-1,1,0.247340143,1.16008193,1.16008193,1,0,0,0,0
39.35,1.64475479,-1.10540944,-89.7011811,0.0795417876,-0.00687318656,FollowWall,following_right_wall,0,14,42,0.437115997,-1,-1,-1,1,0.247340143,1.15612691,1.15612691,1,0,0,0,0
39.4,1.64477492,-1.10938859,-89.719031,0.0794603718,-0.00809442253,FollowWall,following_right_wall,0,14,42,0.437179267,-1,-1,-1,1,0.247497156,1.15217543,1.15217543,1,0,0,0,0
39.45,1.64479373,-1.11336517,-89.7391054,0.0794603718,-0.00809442253,FollowWall,following_right_wall,0,14,42,0.437179267,-1,-1,-1,1,0.247497156,1.14822997,1.14822997,1,0,0,0,0
39.5,1.64481109,-1.11734025,-89.7604775,0.07940326,-0.00895109973,FollowWall,following_right_wall,0,14,42,0.437157035,-1,-1,-1,1,0.247380301,1.14428802,1.14428802,1,0,0,0,0
39.55,1.64482689,-1.12131328,-89.7836291,0.07940326,-0.00895109973,FollowWall,following_right_wall,0,14,42,0.437157035,-1,-1,-1,1,0.247380301,1.1403509,1.1403509,1,0,0,0,0
39.6,1.64484105,-1.1252851,-89.8078188,0.0795018503,-0.00747224601,FollowWall,following_right_wall,0,14,42,0.437057823,-1,-1,-1,1,0.247739732,1.13641659,1.13641659,1,0,0,0,0
39.65,1.64485358,-1.12925828,-89.8308488,0.0795018503,-0.00747224601,FollowWall,following_right_wall,0,14,42,0.437057823,-1,-1,-1,1,0.247739732,1.13247913,1.13247913,1,0,0,0,0
39.7,1.64486454,-1.13323226,-89.8532023,0.079605206,-0.00592191009,FollowWall,following_right_wall,0,14,42,0.436959654,-1,-1,-1,1,0.247725502,1.12853984,1.12853984,1,0,0,0,0
39.75,1.64487403,-1.13720885,-89.8733106,0.079605206,-0.00592191009,FollowWall,following_right_wall,0,14,42,0.436959654,-1,-1,-1,1,0.247725502,1.12459445,1.12459445,1,0,0,0,0
39.8,1.64488217,-1.14118697,-89.8921092,0.0797071991,-0.00439201337,FollowWall,following_right_wall,0,14,42,0.436907202,-1,-1,-1,1,0.247684553,1.12064551,1.12064551,1,0,0,0,0
39.85,1.64488911,-1.1451681,-89.9083177,0.0797071991,-0.00439201337,FollowWall,following_right_wall,0,14,42,0.436907202,-1,-1,-1,1,0.247684553,1.11668953,1.11668953,1,0,0,0,0
39.9,1.64489497,-1.149151,-89.9230152,0.0798054385,-0.00291842309,FollowWall,following_right_wall,0,14,42,0.436914921,-1,-1,-1,1,0.247994348,1.11272945,1.11272945,1,0,0,0,0
39.95,1.64489991,-1.15313696,-89.9350723,0.0798054385,-0.00291842309,FollowWall,following_right_wall,0,14,42,0.436914921,-1,-1,-1,1,0.247994348,1.10876221,1.10876221,1,0,0,0,0
40,1.64490406,-1.15712472,-89.9455893,0.0797623968,-0.00356404761,FollowWall,following_right_wall,0,14,42,0.436985433,-1,-1,-1,1,0.248255342,1.10479077,1.10479077,1,0,0,0,0
40.05,1.64490748,-1.16111263,-89.9559784,0.0797623968,-0.00356404761,FollowWall,following_right_wall,0,14,42,0.436985433,-1,-1,-1,1,0.248255342,1.100819,1.100819,1,0,0,0,0
40.1,1.64491019,-1.16510063,-89.966293,0.0797079061,-0.00438140836,FollowWall,following_right_wall,0,14,42,0.437051773,-1,-1,-1,1,0.24838984,1.09684702,1.09684702,1,0,0,0,0
40.15,1.64491214,-1.16908755,-89.9775398,0.0797079061,-0.00438140836,FollowWall,following_right_wall,0,14,42,0.437051773,-1,-1,-1,1,0.24838984,1.09287757,1.09287757,1,0,0,0,0
40.2,1.6449133,-1.17307383,-89.9893303,0.0797859943,-0.00321008571,FollowWall,following_right_wall,0,14,42,0.437069148,-1,-1,-1,1,0.248529911,1.0889096,1.0889096,1,0,0,0,0
40.25,1.64491367,-1.17706136,-90.0000399,0.0797859943,-0.00321008571,FollowWall,following_right_wall,0,14,42,0.437069148,-1,-1,-1,1,0.248529911,1.08493857,1.08493857,1,0,0,0,0
40.3,1.64491331,-1.18104964,-90.0101189,0.0798141738,-0.00278739249,FollowWall,following_right_wall,0,14,42,0.437082082,-1,-1,-1,1,0.248694137,1.08093464,1.08093464,1,0,0,0,0
40.35,1.64491229,-1.18503892,-90.0193256,0.0798141738,-0.00278739249,FollowWall,following_right_wall,0,14,42,0.437082082,-1,-1,-1,1,0.248694137,1.07693106,1.07693106,1,0,0,0,0
40.4,1.64491064,-1.1890288,-90.0280233,0.0797604189,-0.00359371637,FollowWall,following_right_wall,0,14,42,0.43709591,-1,-1,-1,1,0.248719722,1.07292767,1.07292767,1,0,0,0,0
40.45,1.64490836,-1.19301791,-90.0373867,0.0797604189,-0.00359371637,FollowWall,following_right_wall,0,14,42,0.43709591,-1,-1,-1,1,0.248719722,1.06892402,1.06892402,1,0,0,0,0
40.5,1.64490542,-1.19700656,-90.0471383,0.0797608893,-0.00358666074,FollowWall,following_right_wall,0,14,42,0.437067896,-1,-1,-1,1,0.248366505,1.06492023,1.06492023,1,0,0,0,0
40.55,1.64490179,-1.20099496,-90.057108,0.0797608893,-0.00358666074,FollowWall,following_right_wall,0,14,42,0.437067896,-1,-1,-1,1,0.248366505,1.06091635,1.06091635,1,0,0,0,0
40.6,1.64489747,-1.20498321,-90.067205,0.0798593808,-0.00210928855,FollowWall,following_right_wall,0,14,42,0.436999083,-1,-1,-1,1,0.248015851,1.05691243,1.05691243,1,0,0,0,0
40.65,1.64489249,-1.20897342,-90.0756126,0.0798593808,-0.00210928855,FollowWall,following_right_wall,0,14,42,0.436999083,-1,-1,-1,1,0.248015851,1.05290916,1.05290916,1,0,0,0,0
40.7,1.64488697,-1.21296478,-90.0830348,0.0799448947,-0.000826579739,FollowWall,following_right_wall,0,14,42,0.436940849,-1,-1,-1,1,0.247780308,1.04890628,1.04890628,1,0,0,0,0
40.75,1.64488099,-1.21695859,-90.0883511,0.0799448947,-0.000826579739,FollowWall,following_right_wall,0,14,42,0.436940849,-1,-1,-1,1,0.247780308,1.04490421,1.04490421,1,0,0,0,0
40.8,1.64487469,-1.22095383,-90.092439,0.0799899148,-0.000151278596,FollowWall,following_right_wall,0,14,42,0.436915457,-1,-1,-1,1,0.248026013,1.04090263,1.04090263,1,0,0,0,0
40.85,1.64486815,-1.22495084,-90.0950041,0.0799899148,-0.000151278596,FollowWall,following_right_wall,0,14,42,0.436915457,-1,-1,-1,1,0.248026013,1.03690164,1.03690164,1,0,0,0,0
40.9,1.64486146,-1.22894888,-90.096681,0.079900205,-0.00149692501,FollowWall,following_right_wall,0,14,42,0.436910778,-1,-1,-1,1,0.247720137,1.03290099,1.03290099,1,0,0,0,0
40.95,1.64485462,-1.23294566,-90.099446,0.079900205,-0.00149692501,FollowWall,following_right_wall,0,14,42,0.436910778,-1,-1,-1,1,0.247720137,1.02889992,1.02889992,1,0,0,0,0
41,1.64484757,-1.2369417,-90.1028458,0.079804631,-0.00293053537,FollowWall,following_right_wall,0,14,42,0.436855584,-1,-1,-1,1,0.247792199,1.02489861,1.02489861,1,0,0,0,0
41.05,1.64484021,-1.24093531,-90.1083271,0.079804631,-0.00293053537,FollowWall,following_right_wall,0,14,42,0.436855584,-1,-1,-1,1,0.247792199,1.02089648,1.02089648,1,0,0,0,0
41.1,1.64483243,-1.24492752,-90.1150225,0.0797098327,-0.004352509,FollowWall,following_right_wall,0,14,42,0.436707795,-1,-1,-1,1,0.247686192,1.01689389,1.01689389,1,0,0,0,0
41.15,1.6448241,-1.24891692,-90.1241236,0.0797098327,-0.004352509,FollowWall,following_right_wall,0,14,42,0.436707795,-1,-1,-1,1,0.247686192,1.01289036,1.01289036,1,0,0,0,0
41.2,1.6448151,-1.25290469,-90.134628,0.079726042,-0.00410936998,FollowWall,following_right_wall,0,14,42,0.436451793,-1,-1,-1,1,0.247783571,1.0088863,1.0088863,1,0,0,0,0
41.25,1.64480535,-1.25689184,-90.1456608,0.079726042,-0.00410936998,FollowWall,following_right_wall,0,14,42,0.436451793,-1,-1,-1,1,0.247783571,1.00488203,1.00488203,1,0,0,0,0
41.3,1.64479482,-1.26087863,-90.1570018,0.0797847114,-0.00322932827,FollowWall,following_right_wall,0,14,42,0.436133295,-1,-1,-1,1,0.247573316,1.00087764,1.00087764,1,0,0,0,0
41.35,1.64478352,-1.26486643,-90.1674721,0.0797847114,-0.00322932827,FollowWall,following_right_wall,0,14,42,0.436133295,-1,-1,-1,1,0.247573316,0.996873593,0.996873593,1,0,0,0,0
41.4,1.64477152,-1.26885482,-90.1774345,0.0798338403,-0.00249239552,FollowWall,following_right_wall,0,14,42,0.435799688,-1,-1,-1,1,0.2475577,0.992869748,0.992869748,1,0,0,0,0
41.45,1.64475886,-1.27284457,-90.186221,0.0798338403,-0.00249239552,FollowWall,following_right_wall,0,14,42,0.435799688,-1,-1,-1,1,0.2475577,0.988866362,0.988866362,1,0,0,0,0
41.5,1.64474561,-1.27683513,-90.1943215,0.0798709352,-0.00193597246,FollowWall,following_right_wall,0,14,42,0.435468107,-1,-1,-1,1,0.247563928,0.984863244,0.984863244,1,0,0,0,0
41.55,1.64473182,-1.28082692,-90.2013577,0.0798709352,-0.00193597246,FollowWall,following_right_wall,0,14,42,0.435468107,-1,-1,-1,1,0.247563928,0.980860541,0.980860541,1,0,0,0,0
41.6,1.64471757,-1.28481943,-90.2077731,0.0797730983,-0.00340352499,FollowWall,following_right_wall,0,14,42,0.43513909,-1,-1,-1,1,0.247621045,0.976858081,0.976858081,1,0,0,0,0
41.65,1.64470282,-1.28881032,-90.215578,0.0797730983,-0.00340352499,FollowWall,following_right_wall,0,14,42,0.43513909,-1,-1,-1,1,0.247621045,0.972855085,0.972855085,1,0,0,0,0
41.7,1.64468751,-1.29280026,-90.2241935,0.0796569879,-0.00514518201,FollowWall,following_right_wall,0,14,42,0.434750289,-1,-1,-1,1,0.247689635,0.968851779,0.968851779,1,0,0,0,0
41.75,1.64467152,-1.29678724,-90.2353609,0.0796569879,-0.00514518201,FollowWall,following_right_wall,0,14,42,0.434750289,-1,-1,-1,1,0.247689635,0.964847488,0.964847488,1,0,0,0,0
41.8,1.64465471,-1.30077248,-90.2480168,0.0795482863,-0.00677570546,FollowWall,following_right_wall,0,14,42,0.434257984,-1,-1,-1,1,0.24789238,0.960842626,0.960842626,1,0,0,0,0
41.85,1.64463694,-1.30475444,-90.2634873,0.0795482863,-0.00677570546,FollowWall,following_right_wall,0,14,42,0.434257984,-1,-1,-1,1,0.24789238,0.956836681,0.956836681,1,0,0,0,0
41.9,1.64461804,-1.30873448,-90.2805996,0.0794989752,-0.00751537158,FollowWall,following_right_wall,0,14,42,0.433648765,-1,-1,-1,1,0.248196632,0.95283011,0.95283011,1,0,0,0,0
41.95,1.6445979,-1.31271238,-90.2995527,0.0794989752,-0.00751537158,FollowWall,following_right_wall,0,14,42,0.433648765,-1,-1,-1,1,0.248196632,0.948822837,0.948822837,1,0,0,0,0
42,1.64457641,-1.31668902,-90.3195794,0.0794172141,-0.00874178833,FollowWall,following_right_wall,0,14,42,0.432946235,-1,-1,-1,1,0.248288974,0.944815161,0.944815161,1,0,0,0,0
42.05,1.64455348,-1.32066322,-90.3416964,0.0794172141,-0.00874178833,FollowWall,following_right_wall,0,14,42,0.432946235,-1,-1,-1,1,0.248288974,0.940806692,0.940806692,1,0,0,0,0
42.1,1.64452898,-1.32463599,-90.3650328,0.0793293183,-0.010060225,FollowWall,following_right_wall,0,14,42,0.432150573,-1,-1,-1,1,0.248266742,0.936797767,0.936797767,1,0,0,0,0
42.15,1.6445028,-1.32860609,-90.3906541,0.0793293183,-0.010060225,FollowWall,following_right_wall,0,14,42,0.432150573,-1,-1,-1,1,0.248266742,0.932787979,0.932787979,1,0,0,0,0
42.2,1.6444748,-1.33257463,-90.4176084,0.0794318662,-0.00852200757,FollowWall,following_right_wall,0,14,42,0.431256384,-1,-1,-1,1,0.24831143,0.928777699,0.928777699,1,0,0,0,0
42.25,1.64444497,-1.33654438,-90.4435042,0.0794318662,-0.00852200757,FollowWall,following_right_wall,0,14,42,0.431256384,-1,-1,-1,1,0.24831143,0.924767847,0.924767847,1,0,0,0,0
42.3,1.64441336,-1.34051485,-90.4687824,0.0795955307,-0.00606703876,FollowWall,following_right_wall,0,14,42,0.430348516,-1,-1,-1,1,0.248431876,0.920758254,0.920758254,1,0,0,0,0
42.35,1.64438008,-1.34448912,-90.4907701,0.0795955307,-0.00606703876,FollowWall,following_right_wall,0,14,42,0.430348516,-1,-1,-1,1,0.248431876,0.916749946,0.916749946,1,0,0,0,0
42.4,1.64434532,-1.34846562,-90.5108382,0.0796703148,-0.00494527873,FollowWall,following_right_wall,0,14,42,0.42950502,-1,-1,-1,1,0.248237222,0.912742393,0.912742393,1,0,0,0,0
42.45,1.64430923,-1.35244497,-90.5284476,0.0796703148,-0.00494527873,FollowWall,following_right_wall,0,14,42,0.42950502,-1,-1,-1,1,0.248237222,0.9087358,0.9087358,1,0,0,0,0
42.5,1.64427195,-1.35642597,-90.5446227,0.0797858969,-0.00321154631,FollowWall,following_right_wall,0,14,42,0.428721458,-1,-1,-1,1,0.247860491,0.904729771,0.904729771,1,0,0,0,0
42.55,1.64423361,-1.36041035,-90.5578917,0.0797858969,-0.00321154631,FollowWall,following_right_wall,0,14,42,0.428721458,-1,-1,-1,1,0.247860491,0.900724869,0.900724869,1,0,0,0,0
42.6,1.6441944,-1.36439669,-90.5694655,0.0799326188,-0.00101071785,FollowWall,following_right_wall,0,14,42,0.428008199,-1,-1,-1,1,0.247470841,0.896720627,0.896720627,1,0,0,0,0
42.65,1.64415446,-1.36838723,-90.5774233,0.0799326188,-0.00101071785,FollowWall,following_right_wall,0,14,42,0.428008199,-1,-1,-1,1,0.247470841,0.892717779,0.892717779,1,0,0,0,0
42.7,1.64411401,-1.37238022,-90.5832718,0.0799282601,0.00107609848,FollowWall,following_right_wall,0,14,42,0.42738983,-1,-1,-1,1,0.247312993,0.888715744,0.888715744,1,0,0,0,0
42.75,1.64407327,-1.37637455,-90.5853989,0.0799282601,0.00107609848,FollowWall,following_right_wall,0,14,42,0.42738983,-1,-1,-1,1,0.247312993,0.884718126,0.884718126,1,0,0,0,0
42.8,1.64403245,-1.38036966,-90.5853552,0.0798508249,0.002237627,FollowWall,following_right_wall,0,14,42,0.426878542,-1,-1,-1,1,0.247286439,0.880723084,0.880723084,1,0,0,0,0
42.85,1.64399174,-1.38436361,-90.5826588,0.0798508249,0.002237627,FollowWall,following_right_wall,0,14,42,0.426878542,-1,-1,-1,1,0.247286439,0.876733301,0.876733301,1,0,0,0,0
42.9,1.64395128,-1.38835689,-90.5784149,0.079874851,0.00187723507,FollowWall,following_right_wall,0,14,42,0.426453888,-1,-1,-1,1,0.247025579,0.872746583,0.872746583,1,0,0,0,0
42.95,1.64391113,-1.39235028,-90.5736985,0.079874851,0.00187723507,FollowWall,following_right_wall,0,14,42,0.426453888,-1,-1,-1,1,0.247025579,0.868760486,0.868760486,1,0,0,0,0
43,1.64387131,-1.39634374,-90.5687065,0.0798997977,0.00150303473,FollowWall,following_right_wall,0,14,42,0.426059276,-1,-1,-1,1,0.246793911,0.86477475,0.86477475,1,0,0,0,0
43.05,1.64383183,-1.40033776,-90.5640004,0.0798997977,0.00150303473,FollowWall,following_right_wall,0,14,42,0.426059276,-1,-1,-1,1,0.246793911,0.860788013,0.860788013,1,0,0,0,0
43.1,1.64379267,-1.4043321,-90.559461,0.0799212864,0.00118070412,FollowWall,following_right_wall,0,14,42,0.425666273,-1,-1,-1,1,0.247011915,0.85680069,0.85680069,1,0,0,0,0
43.15,1.6437538,-1.40832708,-90.5554037,0.0799212864,0.00118070412,FollowWall,following_right_wall,0,14,42,0.425666273,-1,-1,-1,1,0.247011915,0.852811983,0.852811983,1,0,0,0,0
43.2,1.6437152,-1.41232244,-90.5516276,0.0798162291,0.00275656377,FollowWall,following_right_wall,0,14,42,0.425267994,-1,-1,-1,1,0.246775553,0.848822466,0.848822466,1,0,0,0,0
43.25,1.64367695,-1.41631583,-90.5461344,0.0798162291,0.00275656377,FollowWall,following_right_wall,0,14,42,0.425267994,-1,-1,-1,1,0.246775553,0.844837575,0.844837575,1,0,0,0,0
43.3,1.64363912,-1.42030807,-90.5396397,0.079680761,0.00478858497,FollowWall,following_right_wall,0,14,42,0.424921691,-1,-1,-1,1,0.246574208,0.840855379,0.840855379,1,0,0,0,0
43.35,1.64360188,-1.42429683,-90.5301351,0.079680761,0.00478858497,FollowWall,following_right_wall,0,14,42,0.424921691,-1,-1,-1,1,0.246574208,0.836881329,0.836881329,1,0,0,0,0
43.4,1.64356538,-1.42828355,-90.5188749,0.0795559139,0.00666129139,FollowWall,following_right_wall,0,14,42,0.424676746,-1,-1,-1,1,0.246621519,0.832912027,0.832912027,1,0,0,0,0
43.45,1.64352982,-1.43226649,-90.504355,0.0795559139,0.00666129139,FollowWall,following_right_wall,0,14,42,0.424676746,-1,-1,-1,1,0.246621519,0.828951552,0.828951552,1,0,0,0,0
43.5,1.64349535,-1.43624724,-90.4879338,0.0794740394,0.00788940887,FollowWall,following_right_wall,0,14,42,0.424551845,-1,-1,-1,1,0.246649116,0.824996223,0.824996223,1,0,0,0,0
43.55,1.64346213,-1.44022499,-90.4689375,0.0794740394,0.00788940887,FollowWall,following_right_wall,0,14,42,0.424551845,-1,-1,-1,1,0.246649116,0.821047868,0.821047868,1,0,0,0,0
43.6,1.6434303,-1.44420101,-90.448439,0.0795231019,0.00715347148,FollowWall,following_right_wall,0,14,42,0.424536079,-1,-1,-1,1,0.24668704,0.817103579,0.817103579,1,0,0,0,0
43.65,1.64339989,-1.44817705,-90.4279427,0.0795231019,0.00715347148,FollowWall,following_right_wall,0,14,42,0.424536079,-1,-1,-1,1,0.24668704,0.813159277,0.813159277,1,0,0,0,0
43.7,1.6433709,-1.45215309,-90.4074477,0.0795745516,0.00638172591,FollowWall,following_right_wall,0,14,42,0.424564093,-1,-1,-1,1,0.246803015,0.809214966,0.809214966,1,0,0,0,0
43.75,1.6433433,-1.45613022,-90.3878747,0.0795745516,0.00638172591,FollowWall,following_right_wall,0,14,42,0.424564093,-1,-1,-1,1,0.246803015,0.805268149,0.805268149,1,0,0,0,0
43.8,1.64331703,-1.46010799,-90.3688395,0.0796229036,0.005656446,FollowWall,following_right_wall,0,14,42,0.424599558,-1,-1,-1,1,0.247101083,0.801319868,0.801319868,1,0,0,0,0
43.85,1.64329204,-1.46408713,-90.3509837,0.0796229036,0.005656446,FollowWall,following_right_wall,0,14,42,0.424599558,-1,-1,-1,1,0.247101083,0.797368384,0.797368384,1,0,0,0,0
43.9,1.64326825,-1.46806709,-90.3338159,0.0795208924,0.00718661462,FollowWall,following_right_wall,0,14,42,0.424631685,-1,-1,-1,1,0.247300565,0.79341503,0.79341503,1,0,0,0,0
43.95,1.64324572,-1.47204539,-90.315223,0.0795208924,0.00718661462,FollowWall,following_right_wall,0,14,42,0.424631685,-1,-1,-1,1,0.247300565,0.789465538,0.789465538,1,0,0,0,0
44,1.64322451,-1.47602273,-90.2957988,0.0795567986,0.00664802119,FollowWall,following_right_wall,0,14,42,0.424726695,-1,-1,-1,1,0.247104689,0.785518299,0.785518299,1,0,0,0,0
44.05,1.64320464,-1.48000027,-90.2765325,0.0795567986,0.00664802119,FollowWall,following_right_wall,0,14,42,0.424726695,-1,-1,-1,1,0.247104689,0.781570629,0.781570629,1,0,0,0,0
44.1,1.64318611,-1.48397791,-90.2573583,0.0796020388,0.00596941825,FollowWall,following_right_wall,0,14,42,0.424861431,-1,-1,-1,1,0.246886984,0.777622707,0.777622707,1,0,0,0,0
44.15,1.64316888,-1.48795657,-90.2390479,0.0796020388,0.00596941825,FollowWall,following_right_wall,0,14,42,0.424861431,-1,-1,-1,1,0.246886984,0.773672439,0.773672439,1,0,0,0,0
44.2,1.64315289,-1.49193582,-90.2212414,0.0795868798,0.00619680248,FollowWall,following_right_wall,0,14,42,0.425009727,-1,-1,-1,1,0.246782005,0.769720802,0.769720802,1,0,0,0,0
44.25,1.64313814,-1.4959151,-90.2034573,0.0795868798,0.00619680248,FollowWall,following_right_wall,0,14,42,0.425009727,-1,-1,-1,1,0.246782005,0.765769103,0.765769103,1,0,0,0,0
44.3,1.64312463,-1.4998944,-90.1856864,0.0794789879,0.00781518109,FollowWall,following_right_wall,0,14,42,0.425189674,-1,-1,-1,1,0.246393159,0.761817367,0.761817367,1,0,0,0,0
44.35,1.64311243,-1.50387146,-90.1659914,0.0794789879,0.00781518109,FollowWall,following_right_wall,0,14,42,0.425189674,-1,-1,-1,1,0.246393159,0.757870855,0.757870855,1,0,0,0,0
44.4,1.64310163,-1.50784723,-90.1451739,0.0794630314,0.00805452878,FollowWall,following_right_wall,0,14,42,0.425457448,-1,-1,-1,1,0.246218786,0.753927391,0.753927391,1,0,0,0,0
44.45,1.64309231,-1.5118219,-90.123416,0.0794630314,0.00805452878,FollowWall,following_right_wall,0,14,42,0.425457448,-1,-1,-1,1,0.246218786,0.749986482,0.749986482,1,0,0,0,0
44.5,1.64308453,-1.51579594,-90.1011095,0.0795300204,0.00704969395,FollowWall,following_right_wall,0,14,42,0.425801218,-1,-1,-1,1,0.246018663,0.746047065,0.746047065,1,0,0,0,0
44.55,1.64307825,-1.519771,-90.0796824,0.0795300204,0.00704969395,FollowWall,following_right_wall,0,14,42,0.425801218,-1,-1,-1,1,0.246018663,0.742105263,0.742105263,1,0,0,0,0
44.6,1.64307345,-1.52374666,-90.0587684,0.0795991813,0.00601228025,FollowWall,following_right_wall,0,14,42,0.426169217,-1,-1,-1,1,0.246041939,0.73816207,0.73816207,1,0,0,0,0
44.65,1.64307004,-1.52772412,-90.0393918,0.0795991813,0.00601228025,FollowWall,following_right_wall,0,14,42,0.426169217,-1,-1,-1,1,0.246041939,0.734214705,0.734214705,1,0,0,0,0
44.7,1.64306795,-1.53170261,-90.0209122,0.0796665368,0.00500194835,FollowWall,following_right_wall,0,14,42,0.426533192,-1,-1,-1,1,0.24567616,0.730264906,0.730264906,1,0,0,0,0
44.75,1.64306708,-1.53568312,-90.0041618,0.0796665368,0.00500194835,FollowWall,following_right_wall,0,14,42,0.426533192,-1,-1,-1,1,0.24567616,0.726310413,0.726310413,1,0,0,0,0
44.8,1.64306734,-1.53966481,-89.9884201,0.0796500853,0.00524872094,FollowWall,following_right_wall,0,14,42,0.426882923,-1,-1,-1,1,0.245528981,0.722317207,0.722317207,1,0,0,0,0
44.85,1.64306868,-1.54364683,-89.9729723,0.0796500853,0.00524872094,FollowWall,following_right_wall,0,14,42,0.426882923,-1,-1,-1,1,0.245528981,0.718311189,0.718311189,1,0,0,0,0
44.9,1.64307109,-1.54762906,-89.9576958,0.0795601542,0.00659768635,FollowWall,following_right_wall,0,14,42,0.427253008,-1,-1,-1,1,0.24584958,0.714305241,0.714305241,1,0,0,0,0
44.95,1.64307461,-1.55160952,-89.9409092,0.0795601542,0.00659768635,FollowWall,following_right_wall,0,14,42,0.427253008,-1,-1,-1,1,0.24584958,0.710298709,0.710298709,1,0,0,0,0
45,1.64307933,-1.55558896,-89.9232415,0.0794810339,0.00778449153,FollowWall,following_right_wall,0,14,42,0.427698374,-1,-1,-1,1,0.245994687,0.706291839,0.706291839,1,0,0,0,0
45.05,1.64308534,-1.55956615,-89.9036434,0.0794810339,0.00778449153,FollowWall,following_right_wall,0,14,42,0.427698374,-1,-1,-1,1,0.245994687,0.702284225,0.702284225,1,0,0,0,0
45.1,1.64309274,-1.56354203,-89.882919,0.0794168153,0.00874777017,FollowWall,following_right_wall,0,14,42,0.428241313,-1,-1,-1,1,0.246040732,0.698276179,0.698276179,1,0,0,0,0
45.15,1.64310164,-1.56751581,-89.860388,0.0794168153,0.00874777017,FollowWall,following_right_wall,0,14,42,0.428241313,-1,-1,-1,1,0.246040732,0.69426744,0.69426744,1,0,0,0,0
45.2,1.64311214,-1.57148835,-89.836803,0.0794637689,0.00804346644,FollowWall,following_right_wall,0,14,42,0.428882003,-1,-1,-1,1,0.246259332,0.690258302,0.690258302,1,0,0,0,0
45.25,1.64312427,-1.57546115,-89.8134439,0.0794637689,0.00804346644,FollowWall,following_right_wall,0,14,42,0.428882003,-1,-1,-1,1,0.246259332,0.686249263,0.686249263,1,0,0,0,0
45.3,1.64313801,-1.5794341,-89.7902165,0.079577326,0.00634010944,FollowWall,following_right_wall,0,14,42,0.42956686,-1,-1,-1,1,0.246362656,0.682240286,0.682240286,1,0,0,0,0
45.35,1.6431533,-1.5834095,-89.7690993,0.079577326,0.00634010944,FollowWall,following_right_wall,0,14,42,0.42956686,-1,-1,-1,1,0.246362656,0.678232139,0.678232139,1,0,0,0,0
45.4,1.64317001,-1.58738633,-89.749213,0.079546073,0.00680890441,FollowWall,following_right_wall,0,14,42,0.430232704,-1,-1,-1,1,0.246409431,0.674224478,0.674224478,1,0,0,0,0
45.45,1.64318811,-1.59136333,-89.7294851,0.079546073,0.00680890441,FollowWall,following_right_wall,0,14,42,0.430232704,-1,-1,-1,1,0.246409431,0.670216889,0.670216889,1,0,0,0,0
45.5,1.64320756,-1.59534044,-89.7098496,0.0795120087,0.00731986996,FollowWall,following_right_wall,0,14,42,0.430916727,-1,-1,-1,1,0.24673903,0.666209347,0.666209347,1,0,0,0,0
45.55,1.6432284,-1.59931689,-89.6896582,0.0795120087,0.00731986996,FollowWall,following_right_wall,0,14,42,0.430916727,-1,-1,-1,1,0.24673903,0.662201602,0.662201602,1,0,0,0,0
45.6,1.64325065,-1.60329296,-89.6691424,0.079511036,0.00733446075,FollowWall,following_right_wall,0,14,42,0.431647569,-1,-1,-1,1,0.246689156,0.658193744,0.658193744,1,0,0,0,0
45.65,1.64327433,-1.60726877,-89.6484199,0.079511036,0.00733446075,FollowWall,following_right_wall,0,14,42,0.431647569,-1,-1,-1,1,0.246689156,0.65418582,0.65418582,1,0,0,0,0
45.7,1.64329945,-1.61124444,-89.627577,0.0796893718,0.0046594232,FollowWall,following_right_wall,0,14,42,0.432418942,-1,-1,-1,1,0.246405721,0.650177863,0.650177863,1,0,0,0,0
45.75,1.64332593,-1.61522374,-89.6098568,0.0796893718,0.0046594232,FollowWall,following_right_wall,0,14,42,0.432418942,-1,-1,-1,1,0.246405721,0.646171122,0.646171122,1,0,0,0,0
45.8,1.64335359,-1.61920514,-89.5939583,0.0797555595,0.00366660735,FollowWall,following_right_wall,0,14,42,0.433138222,-1,-1,-1,1,0.246130347,0.642165095,0.642165095,1,0,0,0,0
45.85,1.6433823,-1.62318916,-89.5803075,0.0797555595,0.00366660735,FollowWall,following_right_wall,0,14,42,0.433138222,-1,-1,-1,1,0.246130347,0.638159943,0.638159943,1,0,0,0,0
45.9,1.64341193,-1.62717469,-89.5679678,0.0797936333,0.00309549985,FollowWall,following_right_wall,0,14,42,0.433804005,-1,-1,-1,1,0.246169046,0.634155305,0.634155305,1,0,0,0,0
45.95,1.64344237,-1.6311619,-89.5570747,0.0797936333,0.00309549985,FollowWall,following_right_wall,0,14,42,0.433804005,-1,-1,-1,1,0.246169046,0.630151231,0.630151231,1,0,0,0,0
46,1.64347355,-1.63515008,-89.5470253,0.0799269522,0.00109571717,FollowWall,following_right_wall,0,14,42,0.434438705,-1,-1,-1,1,0.246360123,0.626147488,0.626147488,1,0,0,0,0
46.05,1.64350536,-1.63914161,-89.5398553,0.0799269522,0.00109571717,FollowWall,following_right_wall,0,14,42,0.434438705,-1,-1,-1,1,0.246360123,0.622144858,0.622144858,1,0,0,0,0
46.1,1.64353762,-1.64313509,-89.5343649,0.0799030423,-0.00145436517,FollowWall,following_right_wall,0,14,42,0.435005039,-1,-1,-1,1,0.246268705,0.618142878,0.618142878,1,0,0,0,0
46.15,1.64357013,-1.64712921,-89.5328982,0.0799030423,-0.00145436517,FollowWall,following_right_wall,0,14,42,0.435005039,-1,-1,-1,1,0.246268705,0.614146487,0.614146487,1,0,0,0,0
46.2,1.64360267,-1.65112371,-89.5337786,0.079752078,-0.00371883014,FollowWall,following_right_wall,0,14,42,0.435458302,-1,-1,-1,1,0.246339142,0.610153354,0.610153354,1,0,0,0,0
46.25,1.64363498,-1.65511528,-89.5387312,0.079752078,-0.00371883014,FollowWall,following_right_wall,0,14,42,0.435458302,-1,-1,-1,1,0.246339142,0.60616945,0.60616945,1,0,0,0,0
46.3,1.64366684,-1.65910515,-89.5460593,0.0796739336,-0.00489099553,FollowWall,following_right_wall,0,14,42,0.435783923,-1,-1,-1,1,0.246360675,0.602190927,0.602190927,1,0,0,0,0
46.35,1.64369808,-1.6630924,-89.5561722,0.0796739336,-0.00489099553,FollowWall,following_right_wall,0,14,42,0.435783923,-1,-1,-1,1,0.246360675,0.598219335,0.598219335,1,0,0,0,0
46.4,1.64372855,-1.66707812,-89.5679096,0.0796774331,-0.00483850405,FollowWall,following_right_wall,0,14,42,0.436010718,-1,-1,-1,1,0.246371523,0.594251784,0.594251784,1,0,0,0,0
46.45,1.64375816,-1.67106303,-89.5805319,0.0796774331,-0.00483850405,FollowWall,following_right_wall,0,14,42,0.436010718,-1,-1,-1,1,0.246371523,0.590286419,0.590286419,1,0,0,0,0
46.5,1.64378688,-1.67504747,-89.5936705,0.0795754556,-0.00636816618,FollowWall,following_right_wall,0,14,42,0.436193526,-1,-1,-1,1,0.246395215,0.586322326,0.586322326,1,0,0,0,0
46.55,1.64381459,-1.67902951,-89.6089361,0.0795754556,-0.00636816618,FollowWall,following_right_wall,0,14,42,0.436193526,-1,-1,-1,1,0.246395215,0.582363927,0.582363927,1,0,0,0,0
46.6,1.64384118,-1.68301015,-89.6254425,0.0794866008,-0.00770098787,FollowWall,following_right_wall,0,14,42,0.436307013,-1,-1,-1,1,0.246314049,0.578408846,0.578408846,1,0,0,0,0
46.65,1.64386653,-1.68698814,-89.6442635,0.0794866008,-0.00770098787,FollowWall,following_right_wall,0,14,42,0.436307013,-1,-1,-1,1,0.246314049,0.574460016,0.574460016,1,0,0,0,0
46.7,1.64389052,-1.69096458,-89.6644349,0.0794133604,-0.00879959457,FollowWall,following_right_wall,0,14,42,0.436334878,-1,-1,-1,1,0.246430174,0.57051483,0.57051483,1,0,0,0,0
46.75,1.64391303,-1.69493859,-89.6867053,0.0794133604,-0.00879959457,FollowWall,following_right_wall,0,14,42,0.436334878,-1,-1,-1,1,0.246430174,0.566575327,0.566575327,1,0,0,0,0
46.8,1.64393393,-1.69891119,-89.7102,0.0794429917,-0.00835512431,FollowWall,following_right_wall,0,14,42,0.436278075,-1,-1,-1,1,0.24666217,0.56263914,0.56263914,1,0,0,0,0
46.85,1.64395321,-1.70288359,-89.7338785,0.0794429917,-0.00835512431,FollowWall,following_right_wall,0,14,42,0.436278075,-1,-1,-1,1,0.24666217,0.558703446,0.558703446,1,0,0,0,0
46.9,1.64397083,-1.70685587,-89.7576642,0.0795446572,-0.00683014245,FollowWall,following_right_wall,0,14,42,0.436185807,-1,-1,-1,1,0.246870637,0.55476804,0.55476804,1,0,0,0,0
46.95,1.64398688,-1.71083021,-89.779692,0.0795446572,-0.00683014245,FollowWall,following_right_wall,0,14,42,0.436185807,-1,-1,-1,1,0.246870637,0.550827862,0.550827862,1,0,0,0,0
47,1.64400143,-1.71480574,-89.8006945,0.0796477555,-0.0052836669,FollowWall,following_right_wall,0,14,42,0.436118931,-1,-1,-1,1,0.246694937,0.546884899,0.546884899,1,0,0,0,0
47.05,1.64401463,-1.71878413,-89.8192528,0.0796477555,-0.0052836669,FollowWall,following_right_wall,0,14,42,0.436118931,-1,-1,-1,1,0.246694937,0.542935302,0.542935302,1,0,0,0,0
47.1,1.64402659,-1.72276417,-89.8363854,0.0797481763,-0.00377735488,FollowWall,following_right_wall,0,14,42,0.436105937,-1,-1,-1,1,0.246962473,0.538981833,0.538981833,1,0,0,0,0
47.15,1.64403746,-1.72674728,-89.8508884,0.0797481763,-0.00377735488,FollowWall,following_right_wall,0,14,42,0.436105937,-1,-1,-1,1,0.246962473,0.535021225,0.535021225,1,0,0,0,0
47.2,1.64404738,-1.73073218,-89.8638573,0.0797838237,-0.00324264493,FollowWall,following_right_wall,0,14,42,0.436154813,-1,-1,-1,1,0.247319698,0.531056451,0.531056451,1,0,0,0,0
47.25,1.64405645,-1.73471886,-89.8752931,0.0797838237,-0.00324264493,FollowWall,following_right_wall,0,14,42,0.436154813,-1,-1,-1,1,0.247319698,0.527087514,0.527087514,1,0,0,0,0
47.3,1.64406477,-1.73870659,-89.8858346,0.0797265398,-0.00410190271,FollowWall,following_right_wall,0,14,42,0.436236888,-1,-1,-1,1,0.247549981,0.523116148,0.523116148,1,0,0,0,0
47.35,1.64407233,-1.74269373,-89.8968801,0.0797265398,-0.00410190271,FollowWall,following_right_wall,0,14,42,0.436236888,-1,-1,-1,1,0.247549981,0.519146151,0.519146151,1,0,0,0,0
47.4,1.64407911,-1.74668053,-89.9082196,0.0797441046,-0.00383843031,FollowWall,following_right_wall,0,14,42,0.436290503,-1,-1,-1,1,0.247556731,0.515176952,0.515176952,1,0,0,0,0
47.45,1.64408511,-1.7506675,-89.9194161,0.0797441046,-0.00383843031,FollowWall,following_right_wall,0,14,42,0.436290503,-1,-1,-1,1,0.247556731,0.511207365,0.511207365,1,0,0,0,0
47.5,1.64409033,-1.75465456,-89.9305292,0.0797846518,-0.00323022245,FollowWall,following_right_wall,0,14,42,0.436318487,-1,-1,-1,1,0.247746065,0.507237552,0.507237552,1,0,0,0,0
47.55,1.6440948,-1.75864253,-89.9408676,0.0797846518,-0.00323022245,FollowWall,following_right_wall,0,14,42,0.436318487,-1,-1,-1,1,0.247746065,0.503265635,0.503265635,1,0,0,0,0
47.6,1.64409857,-1.76263103,-89.9507542,0.0798110497,-0.00283425457,FollowWall,following_right_wall,0,14,42,0.436339706,-1,-1,-1,1,0.247904152,0.499292492,0.499292492,1,0,0,0,0
47.65,1.64410168,-1.76662038,-89.9599044,0.0798110497,-0.00283425457,FollowWall,following_right_wall,0,14,42,0.436339706,-1,-1,-1,1,0.247904152,0.495317348,0.495317348,1,0,0,0,0
47.7,1.64410417,-1.77061023,-89.9686253,0.0797015699,-0.00447645115,FollowWall,following_right_wall,0,14,42,0.43635574,-1,-1,-1,1,0.247671127,0.491341039,0.491341039,1,0,0,0,0
47.75,1.64410599,-1.77459809,-89.9790558,0.0797015699,-0.00447645115,FollowWall,following_right_wall,0,14,42,0.43635574,-1,-1,-1,1,0.247671127,0.487369375,0.487369375,1,0,0,0,0
47.8,1.64410705,-1.7785848,-89.9904836,0.0798050099,-0.00292485142,FollowWall,following_right_wall,0,14,42,0.436300993,-1,-1,-1,1,0.247359499,0.483400421,0.483400421,1,0,0,0,0
47.85,1.64410736,-1.78257298,-90.0006411,0.0798050099,-0.00292485142,FollowWall,following_right_wall,0,14,42,0.436300993,-1,-1,-1,1,0.247359499,0.479426026,0.479426026,1,0,0,0,0
47.9,1.64410699,-1.78656202,-90.0100576,0.079898415,-0.00152377478,FollowWall,following_right_wall,0,14,42,0.436237156,-1,-1,-1,1,0.247059196,0.475422356,0.475422356,1,0,0,0,0
47.95,1.64410603,-1.79055351,-90.0173695,0.079898415,-0.00152377478,FollowWall,following_right_wall,0,14,42,0.436237156,-1,-1,-1,1,0.247059196,0.471419507,0.471419507,1,0,0,0,0
48,1.64410461,-1.79454643,-90.0234536,0.0799759512,-0.000360732149,FollowWall,following_right_wall,0,14,42,0.43620339,-1,-1,-1,1,0.247088641,0.467417138,0.467417138,1,0,0,0,0
48.05,1.64410284,-1.7985418,-90.0274332,0.0799759512,-0.000360732149,FollowWall,following_right_wall,0,14,42,0.43620339,-1,-1,-1,1,0.247088641,0.463415588,0.463415588,1,0,0,0,0
48.1,1.64410083,-1.8025386,-90.0301853,0.0799373725,-0.00093941301,FollowWall,following_right_wall,0,14,42,0.436205119,-1,-1,-1,1,0.247007191,0.459414517,0.459414517,1,0,0,0,0
48.15,1.64409863,-1.80653543,-90.032912,0.0799373725,-0.00093941301,FollowWall,following_right_wall,0,14,42,0.436205119,-1,-1,-1,1,0.247007191,0.455413455,0.455413455,1,0,0,0,0
48.2,1.64409624,-1.81053227,-90.0356239,0.0798439231,-0.00234115275,FollowWall,following_right_wall,0,14,42,0.436188668,-1,-1,-1,1,0.24698101,0.4514124,0.4514124,1,0,0,0,0
48.25,1.6440936,-1.81452718,-90.0400004,0.0798439231,-0.00234115275,FollowWall,following_right_wall,0,14,42,0.436188668,-1,-1,-1,1,0.24698101,0.447410697,0.447410697,1,0,0,0,0
48.3,1.64409063,-1.81852095,-90.0453479,0.0797483957,-0.00377406411,FollowWall,following_right_wall,0,14,42,0.436097383,-1,-1,-1,1,0.246863455,0.443408616,0.443408616,1,0,0,0,0
48.35,1.6440872,-1.82251208,-90.0529722,0.0797483957,-0.00377406411,FollowWall,following_right_wall,0,14,42,0.436097383,-1,-1,-1,1,0.246863455,0.43940565,0.43940565,1,0,0,0,0
48.4,1.6440832,-1.82650166,-90.0619247,0.0796842676,-0.0047359863,FollowWall,following_right_wall,0,14,42,0.435904145,-1,-1,-1,1,0.247063264,0.435402169,0.435402169,1,0,0,0,0
48.45,1.64407851,-1.83048901,-90.0728002,0.0796842676,-0.0047359863,FollowWall,following_right_wall,0,14,42,0.435904145,-1,-1,-1,1,0.247063264,0.431397941,0.431397941,1,0,0,0,0
48.5,1.64407303,-1.83447504,-90.0847974,0.0797462448,-0.00380632771,FollowWall,following_right_wall,0,14,42,0.435613304,-1,-1,-1,1,0.246846125,0.427393279,0.427393279,1,0,0,0,0
48.55,1.64406673,-1.83846161,-90.0963392,0.0797462448,-0.00380632771,FollowWall,following_right_wall,0,14,42,0.435613304,-1,-1,-1,1,0.246846125,0.423388797,0.423388797,1,0,0,0,0
48.6,1.64405963,-1.84244848,-90.1076154,0.0798014549,-0.00297817719,FollowWall,following_right_wall,0,14,42,0.435287952,-1,-1,-1,1,0.246723279,0.419384422,0.419384422,1,0,0,0,0
48.65,1.64405179,-1.84643668,-90.1177481,0.0798014549,-0.00297817719,FollowWall,following_right_wall,0,14,42,0.435287952,-1,-1,-1,1,0.246723279,0.415380493,0.415380493,1,0,0,0,0
48.7,1.64404326,-1.85042566,-90.1272138,0.0798452319,-0.00232152184,FollowWall,following_right_wall,0,14,42,0.434960634,-1,-1,-1,1,0.246829897,0.411376826,0.411376826,1,0,0,0,0
48.75,1.64403411,-1.854416,-90.1355066,0.0798452319,-0.00232152184,FollowWall,following_right_wall,0,14,42,0.434960634,-1,-1,-1,1,0.246829897,0.407373616,0.407373616,1,0,0,0,0
48.8,1.64402441,-1.85840714,-90.1431151,0.079821153,-0.00268270448,FollowWall,following_right_wall,0,14,42,0.434637487,-1,-1,-1,1,0.246830866,0.403370675,0.403370675,1,0,0,0,0
48.85,1.64401418,-1.86239823,-90.1507557,0.079821153,-0.00268270448,FollowWall,following_right_wall,0,14,42,0.434637487,-1,-1,-1,1,0.246830866,0.399367723,0.399367723,1,1,0,0,0
48.9,1.64400341,-1.86638931,-90.1584149,0.0797047166,-0.00442925122,FollowWall,following_right_wall,0,14,42,0.434289247,-1,-1,-1,1,0.247016966,0.395364766,0.395364766,1,1,0,0,0
48.95,1.64399204,-1.87037794,-90.1681699,0.0797047166,-0.00442925122,FollowWall,following_right_wall,0,14,42,0.434289247,-1,-1,-1,1,0.247016966,0.391360998,0.391360998,1,1,0,0,0
49,1.64397995,-1.87436515,-90.1791472,0.0795922106,-0.00611684029,FollowWall,following_right_wall,0,14,42,0.433856726,-1,-1,-1,1,0.247043088,0.387356759,0.387356759,1,1,0,0,0
49.05,1.64396702,-1.87834918,-90.1928522,0.0795922106,-0.00611684029,FollowWall,following_right_wall,0,14,42,0.433856726,-1,-1,-1,1,0.247043088,0.383351468,0.383351468,1,1,0,0,0
49.1,1.64395309,-1.88233136,-90.2081482,0.0794889666,-0.00766550038,FollowWall,following_right_wall,0,14,42,0.433311909,-1,-1,-1,1,0.247356519,0.379345566,0.379345566,1,1,0,0,0
49.15,1.643938,-1.8863103,-90.2262208,0.0794889666,-0.00766550038,FollowWall,following_right_wall,0,14,42,0.433311909,-1,-1,-1,1,0.247356519,0.375338596,0.375338596,1,1,0,0,0
49.2,1.64392162,-1.89028736,-90.2459132,0.0794641591,-0.00803761285,FollowWall,following_right_wall,0,14,42,0.43264994,-1,-1,-1,1,0.247665092,0.371331007,0.371331007,1,1,0,0,0
49.25,1.64390382,-1.89426279,-90.2669947,0.0794641591,-0.00803761285,FollowWall,following_right_wall,0,14,42,0.43264994,-1,-1,-1,1,0.247665092,0.367322893,0.367322893,1,1,0,0,0
49.3,1.64388454,-1.89823727,-90.2888864,0.0793726571,-0.00941014368,FollowWall,following_right_wall,0,14,42,0.429777533,-1,-1,-1,1,0.247483701,0.363314477,0.363314477,1,1,0,0,0
49.35,1.64386368,-1.90220928,-90.312889,0.0793726571,-0.00941014368,FollowWall,following_right_wall,0,14,42,0.429777533,-1,-1,-1,1,0.247483701,0.35930526,0.35930526,1,1,0,0,0
49.4,1.64384113,-1.90617986,-90.3381231,0.0793417632,-0.00987355133,FollowWall,following_right_wall,0,14,42,0.421827585,-1,-1,-1,1,0.247539014,0.355295584,0.355295584,1,1,0,0,0
49.45,1.64381678,-1.91014894,-90.3646287,0.0793417632,-0.00987355133,FollowWall,following_right_wall,0,14,42,0.421827585,-1,-1,-1,1,0.247539014,0.351285436,0.351285436,1,1,0,0,0
49.5,1.64379059,-1.91411715,-90.391876,0.079504333,-0.00743500466,FollowWall,following_right_wall,0,14,42,0.41391331,-1,-1,-1,1,0.247685358,0.347275022,0.347275022,1,1,0,0,0
49.55,1.64376257,-1.91808824,-90.4166451,0.079504333,-0.00743500466,FollowWall,following_right_wall,0,14,42,0.41391331,-1,-1,-1,1,0.247685358,0.343265582,0.343265582,1,1,0,0,0
49.6,1.64373287,-1.92206099,-90.4399687,0.0796636387,-0.00504542018,FollowWall,following_right_wall,0,14,42,0.406022429,-1,-1,-1,1,0.247701034,0.339256719,0.339256719,1,1,0,0,0
49.65,1.64370165,-1.92603803,-90.4595966,0.0796636387,-0.00504542018,FollowWall,following_right_wall,0,14,42,0.406022429,-1,-1,-1,1,0.247701034,0.335249294,0.335249294,1,1,0,0,0
49.7,1.64366912,-1.93001756,-90.4770687,0.0797068827,-0.00439675949,FollowWall,following_right_wall,0,14,42,0.398148179,-1,-1,-1,1,0.247337788,0.331242712,0.331242712,1,1,0,0,0
49.75,1.64363543,-1.93399945,-90.4925091,0.0797068827,-0.00439675949,FollowWall,following_right_wall,0,14,42,0.398148179,-1,-1,-1,1,0.247337788,0.327236923,0.327236923,1,1,0,0,0
49.8,1.64360069,-1.93798272,-90.5067642,0.0798555282,-0.0021670769,FollowWall,following_right_wall,0,14,42,0.390294343,-1,-1,-1,1,0.246961966,0.323231602,0.323231602,1,1,0,0,0
49.85,1.64356505,-1.94196987,-90.5176664,0.0798555282,-0.0021670769,FollowWall,following_right_wall,0,14,42,0.390294343,-1,-1,-1,1,0.246961966,0.319227577,0.319227577,1,1,0,0,0
49.9,1.64352869,-1.9459593,-90.5266128,0.0799985343,-2.19852167e-05,FollowWall,following_right_wall,0,14,42,0.382431626,-1,-1,-1,1,0.246866733,0.31522431,0.31522431,1,1,0,0,0
49.95,1.6434918,-1.94995302,-90.5318578,0.0799985343,-2.19852167e-05,FollowWall,following_right_wall,0,14,42,0.382431626,-1,-1,-1,1,0.246866733,0.311222468,0.311222468,1,1,0,0,0
50,1.64345459,-1.95394926,-90.5349436,0.0798671658,0.00199251226,FollowWall,following_right_wall,0,14,42,0.374382108,-1,-1,-1,1,0.246613979,0.307221458,0.307221458,1,1,0,0,0
50.05,1.64341731,-1.95794422,-90.5343652,0.0798671658,0.00199251226,FollowWall,following_right_wall,0,14,42,0.374382108,-1,-1,-1,1,0.246613979,0.303227388,0.303227388,1,1,0,0,0
50.1,1.64338016,-1.96193845,-90.5316495,0.0798680626,0.00197906042,FollowWall,following_right_wall,0,14,42,0.366367072,-1,-1,-1,1,0.246415868,0.299237366,0.299237366,1,1,0,0,0
50.15,1.64334323,-1.96593226,-90.527703,0.0798680626,0.00197906042,FollowWall,following_right_wall,0,14,42,0.366367072,-1,-1,-1,1,0.246415868,0.29524966,0.29524966,1,1,0,0,0
50.2,1.64330661,-1.96992583,-90.5230385,0.0798938067,0.00159289902,FollowWall,following_right_wall,0,14,42,0.358385801,-1,-1,-1,1,0.246206895,0.291263304,0.291263304,1,1,0,0,0
50.25,1.64327031,-1.9739198,-90.5184162,0.0798938067,0.00159289902,FollowWall,following_right_wall,0,14,42,0.358385801,-1,-1,-1,1,0.246206895,0.287276484,0.287276484,1,1,0,0,0
50.3,1.64323433,-1.97791401,-90.5138185,0.0799175724,0.00123641473,FollowWall,following_right_wall,0,14,42,0.350434333,-1,-1,-1,1,0.246287301,0.283289393,0.283289393,1,1,0,0,0
50.35,1.64319865,-1.98190885,-90.5096606,0.0799175724,0.00123641473,FollowWall,following_right_wall,0,14,42,0.350434333,-1,-1,-1,1,0.246287301,0.279300989,0.279300989,1,1,0,0,0
50.4,1.64316325,-1.98590405,-90.5057593,0.0798971898,0.00154215332,FollowWall,following_right_wall,0,14,42,0.342510819,-1,-1,-1,1,0.246336028,0.275311818,0.275311818,1,1,0,0,0
50.45,1.64312813,-1.98989905,-90.5016427,0.0798971898,0.00154215332,FollowWall,following_right_wall,0,14,42,0.342510819,-1,-1,-1,1,0.246336028,0.271323189,0.271323189,1,1,0,0,0
50.5,1.6430933,-1.99389393,-90.4974006,0.0797586166,0.0036207507,FollowWall,following_right_wall,0,14,42,0.334617108,-1,-1,-1,1,0.245962664,0.267334874,0.267334874,1,1,0,0,0
50.55,1.64305888,-1.99788586,-90.4906041,0.0797586166,0.0036207507,FollowWall,following_right_wall,0,14,42,0.334617108,-1,-1,-1,1,0.245962664,0.263353467,0.263353467,1,1,0,0,0
50.6,1.643025,-2.00187606,-90.4823175,0.0796271537,0.00559269467,FollowWall,following_right_wall,0,14,42,0.326761395,-1,-1,-1,1,0.246038914,0.259376089,0.259376089,1,1,0,0,0
50.65,1.64299184,-2.00586253,-90.4708078,0.0796271537,0.00559269467,FollowWall,following_right_wall,0,14,42,0.326761395,-1,-1,-1,1,0.246038914,0.25540744,0.25540744,1,1,0,0,0
50.7,1.64295957,-2.00984681,-90.4574181,0.0795083738,0.0073743932,FollowWall,following_right_wall,0,14,42,0.318808317,-1,-1,-1,1,0.246149376,0.25144388,0.25144388,1,1,0,0,0
50.75,1.64292836,-2.01382736,-90.4408049,0.0795083738,0.0073743932,FollowWall,following_right_wall,0,14,42,0.318808317,-1,-1,-1,1,0.246149376,0.247489054,0.247489054,1,1,0,0,0
50.8,1.6428984,-2.01780572,-90.4223113,0.0795068561,0.00739715868,FollowWall,following_right_wall,0,14,42,0.31067273,-1,-1,-1,1,0.245938331,0.24353932,0.24353932,1,1,0,0,0
50.85,1.64286976,-2.02178279,-90.4026937,0.0795068561,0.00739715868,FollowWall,following_right_wall,0,14,42,0.31067273,-1,-1,-1,1,0.245938331,0.239592629,0.239592629,1,1,0,0,0
50.9,1.64284252,-2.02575911,-90.3824204,0.0795573646,0.00663953086,FollowWall,following_right_wall,0,14,42,0.302569747,-1,-1,-1,1,0.246092469,0.23564771,0.23564771,1,1,0,0,0
50.95,1.64281666,-2.02973604,-90.3626689,0.0795573646,0.00663953086,FollowWall,following_right_wall,0,14,42,0.302569747,-1,-1,-1,1,0.246092469,0.231701371,0.231701371,1,1,0,0,0
51,1.64279216,-2.03371334,-90.3432219,0.0796071536,0.00589269526,FollowWall,following_right_wall,0,14,42,0.294493765,-1,-1,-1,1,0.246388704,0.227754202,0.227754202,1,1,0,0,0
51.05,1.64276897,-2.03769189,-90.3248439,0.0796071536,0.00589269526,FollowWall,following_right_wall,0,14,42,0.294493765,-1,-1,-1,1,0.246388704,0.22380413,0.22380413,1,1,0,0,0
51.1,1.64274702,-2.04167117,-90.3070895,0.0795862403,0.0062063949,FollowWall,following_right_wall,0,14,42,0.286442727,-1,-1,-1,1,0.246636763,0.219852362,0.219852362,1,1,0,0,0
51.15,1.64272631,-2.04565045,-90.2893244,0.0795862403,0.0062063949,FollowWall,following_right_wall,0,14,42,0.286442727,-1,-1,-1,1,0.246636763,0.21590062,0.21590062,1,1,0,0,0
51.2,1.64270683,-2.04962972,-90.2715531,0,0.6,TurnLeft,front_sector_priority,0,14,42,0.278420359,-1,-1,-1,1,0.246650979,0.211948892,0.211948892,1,1,0,0,0
51.25,1.64271055,-2.05195099,-89.5449893,0,0.6,TurnLeft,front_sector_priority,0,14,42,0.278420359,-1,-1,-1,1,0.246650979,0.209343429,0.209343429,1,1,0,0,0
51.3,1.64273477,-2.05330485,-88.4049631,0,0.6,TurnLeft,front_sector_priority,0,14,42,0.27485612,-1,-1,-1,1,0.244641766,0.206232557,0.206232557,1,1,0,0,0
51.35,1.64276627,-2.0540941,-87.0237507,0,0.6,TurnLeft,front_sector_priority,0,14,42,0.27485612,-1,-1,-1,1,0.244641766,0.203336103,0.203336103,1,1,0,0,0
51.4,1.64279631,-2.05455388,-85.5018461,0,0.6,TurnLeft,front_sector_priority,0,14,42,0.273659229,-1,-1,-1,1,0.243245676,0.200583167,0.200583167,1,1,0,0,0
51.45,1.64282113,-2.05482151,-83.8978712,0,0.6,TurnLeft,front_sector_priority,0,14,42,0.273659229,-1,-1,-1,1,0.243245676,0.197933011,0.197933011,1,1,0,0,0
51.5,1.64284005,-2.05497715,-82.246022,0,0.6,TurnLeft,front_sector_priority,0,14,42,0.272774965,-1,-1,-1,1,0.242636174,0.195362448,0.195362448,1,1,0,0,0
51.55,1.64285371,-2.05506758,-80.566246,0,0.6,TurnLeft,front_sector_priority,0,14,42,0.272774965,-1,-1,-1,1,0.242636174,0.192858604,0.192858604,1,1,0,0,0
51.6,1.64286324,-2.05512008,-78.8701794,0,0.6,TurnLeft,front_sector_priority,0,14,42,0.272571266,-1,-1,-1,1,0.24253267,0.190414709,0.190414709,1,1,0,0,0
51.65,1.6428697,-2.05515052,-77.16461,0,0.6,TurnLeft,front_sector_priority,0,14,42,0.272571266,-1,-1,-1,1,0.24253267,0.188027594,0.188027594,1,1,0,0,0
51.7,1.64287399,-2.05516816,-75.4534973,0,0.6,TurnLeft,front_sector_priority,0,14,42,0.271970481,-1,-1,-1,1,0.243643299,0.18569622,0.18569622,1,1,0,0,0
51.75,1.64287681,-2.05517837,-73.7391509,0,0.6,TurnLeft,front_sector_priority,0,14,42,0.271970481,-1,-1,-1,1,0.243643299,0.183420792,0.183420792,1,1,0,0,0
51.8,1.64287862,-2.05518427,-72.0229183,0,0.6,TurnLeft,front_sector_priority,0,14,42,0.271355927,-1,-1,-1,1,0.245888993,0.181202235,0.181202235,1,1,0,0,0
51.85,1.64287979,-2.05518768,-70.3055854,0,0.6,TurnLeft,front_sector_priority,0,14,42,0.271355927,-1,-1,-1,1,0.245888993,0.17904188,0.17904188,1,1,0,0,0
51.9,1.64288053,-2.05518965,-68.5876106,0,0.6,TurnLeft,front_sector_priority,0,14,42,0.270935148,-1,-1,-1,1,0.249047786,0.176941278,0.176941278,1,1,0,0,0
51.95,1.64288099,-2.05519078,-66.8692614,0,0.6,TurnLeft,front_sector_priority,0,14,42,0.270935148,-1,-1,-1,1,0.249047786,0.174902085,0.174902085,1,1,0,0,0
52,1.64288128,-2.05519144,-65.1506938,0,0.6,TurnLeft,front_sector_priority,0,14,42,0.269947082,-1,-1,-1,1,0.253594309,0.172926,0.172926,1,1,0,0,0
52.05,1.64288146,-2.05519181,-63.4319988,0,0.6,TurnLeft,front_sector_priority,0,14,42,0.269947082,-1,-1,-1,1,0.253594309,0.17101472,0.17101472,1,1,0,0,0
52.1,1.64288158,-2.05519203,-61.7132294,0,0.6,TurnLeft,front_sector_priority,0,14,42,0.269161254,-1,-1,-1,1,0.259902656,0.169169917,0.169169917,1,1,0,0,0
52.15,1.64288164,-2.05519215,-59.9944168,0,0.6,TurnLeft,front_sector_priority,0,14,42,0.269161254,-1,-1,-1,1,0.259902656,0.167393222,0.167393222,1,1,0,0,0
52.2,1.64288169,-2.05519222,-58.2755788,0,0.6,TurnLeft,front_sector_priority,0,14,42,0.26830706,-1,-1,-1,1,0.267693967,0.16568622,0.16568622,1,1,0,0,0
52.25,1.64288171,-2.05519227,-56.556726,0,0.6,TurnLeft,front_sector_priority,0,14,42,0.26830706,-1,-1,-1,1,0.267693967,0.164050434,0.164050434,1,1,0,0,0
52.3,1.64288173,-2.05519229,-54.8378647,0,0.6,TurnLeft,front_sector_priority,0,14,42,0.267576218,-1,-1,-1,1,0.276715606,0.162487333,0.162487333,1,1,0,0,0
52.35,1.64288174,-2.0551923,-53.1189984,0,0.6,TurnLeft,front_sector_priority,0,14,42,0.267576218,-1,-1,-1,1,0.276715606,0.16099832,0.16099832,1,1,0,0,0
52.4,1.64288174,-2.05519231,-51.4001291,0,0.6,TurnLeft,front_sector_priority,0,14,42,0.267643332,-1,-1,-1,1,0.287242949,0.159584732,0.159584732,1,1,0,0,0
52.45,1.64288175,-2.05519231,-49.6812581,0,0.6,TurnLeft,front_sector_priority,0,14,42,0.267643332,-1,-1,-1,1,0.287242949,0.158247841,0.158247841,1,1,0,0,0
52.5,1.64288175,-2.05519232,-47.9623861,0,0.6,TurnLeft,front_sector_priority,0,14,42,0.268138915,-1,-1,-1,1,0.300001532,0.156988848,0.156988848,1,1,0,0,0
52.55,1.64288175,-2.05519232,-46.2435135,0,0.6,TurnLeft,front_sector_priority,0,14,42,0.268138915,-1,-1,-1,1,0.300001532,0.155808887,0.155808887,1,1,0,0,0
52.6,1.64288175,-2.05519232,-44.5246406,0,0.6,TurnLeft,front_sector_priority,0,14,42,0.269540578,-1,-1,-1,1,0.311113745,0.15470902,0.15470902,1,1,0,0,0
52.65,1.64288175,-2.05519232,-42.8057675,0,0.6,TurnLeft,front_sector_priority,0,14,42,0.269540578,-1,-1,-1,1,0.311113745,0.153690235,0.153690235,1,1,0,0,0
52.7,1.64288175,-2.05519232,-41.0868943,0,0.6,TurnLeft,front_sector_priority,0,14,42,0.271885663,-1,-1,-1,1,0.308079302,0.15275345,0.15275345,1,1,0,0,0
52.75,1.64288175,-2.05519232,-39.368021,0,0.6,TurnLeft,front_sector_priority,0,14,42,0.271885663,-1,-1,-1,1,0.308079302,0.151899507,0.151899507,1,1,0,0,0
52.8,1.64288175,-2.05519232,-37.6491476,0,0.6,TurnLeft,front_sector_priority,0,14,42,0.275230706,-1,-1,-1,1,0.30698368,0.151129176,0.151129176,1,1,0,0,0
52.85,1.64288175,-2.05519232,-35.9302743,0,0.6,TurnLeft,front_sector_priority,0,14,42,0.275230706,-1,-1,-1,1,0.30698368,0.150443149,0.150443149,1,1,0,0,0
52.9,1.64288175,-2.05519232,-34.2114009,0,0.6,TurnLeft,front_sector_priority,0,14,42,0.279654264,-1,-1,-1,1,0.305173397,0.149842044,0.149842044,1,1,0,0,0
52.95,1.64288175,-2.05519232,-32.4925275,0,0.6,TurnLeft,front_sector_priority,0,14,42,0.279654264,-1,-1,-1,1,0.305173397,0.149326401,0.149326401,1,1,0,0,0
53,1.64288175,-2.05519232,-30.7736542,0,0.6,TurnLeft,front_sector_priority,0,14,42,0.285260975,-1,-1,-1,1,0.302009016,0.148896685,0.148896685,1,1,0,0,0
53.05,1.64288175,-2.05519232,-29.0547808,0,0.6,TurnLeft,front_sector_priority,0,14,42,0.285260975,-1,-1,-1,1,0.302009016,0.148553283,0.148553283,1,1,0,0,0
53.1,1.64288175,-2.05519232,-27.3359074,0,0.6,TurnLeft,front_sector_priority,0,14,42,0.292187482,-1,-1,-1,1,0.293300718,0.148296503,0.148296503,1,1,0,0,0
53.15,1.64288175,-2.05519232,-25.617034,0,0.6,TurnLeft,front_sector_priority,0,14,42,0.292187482,-1,-1,-1,1,0.293300718,0.148126576,0.148126576,1,1,0,0,0
53.2,1.64288175,-2.05519232,-23.8981606,0,0.6,TurnLeft,front_sector_priority,0,14,42,0.300610602,-1,-1,-1,1,0.282404333,0.148043656,0.148043656,1,1,0,0,0
53.25,1.64288175,-2.05519232,-22.1792873,0,0.6,TurnLeft,front_sector_priority,0,14,42,0.300610602,-1,-1,-1,1,0.282404333,0.148047817,0.148043656,1,1,0,0,0
53.3,1.64288175,-2.05519232,-20.4604139,0,0.6,TurnLeft,front_sector_priority,0,14,42,0.31075877,-1,-1,-1,1,0.273905694,0.148139056,0.148043656,1,1,0,0,0
53.35,1.64288175,-2.05519232,-18.7415405,0,0.6,TurnLeft,front_sector_priority,0,14,42,0.31075877,-1,-1,-1,1,0.273905694,0.14831729,0.148043656,1,1,0,0,0
53.4,1.64288175,-2.05519232,-17.0226671,0,0.6,TurnLeft,front_sector_priority,0,14,42,0.322928309,-1,-1,-1,1,0.267190933,0.148582358,0.148043656,1,1,0,0,0
53.45,1.64288175,-2.05519232,-15.3037937,0,0.6,TurnLeft,front_sector_priority,0,14,42,0.322928309,-1,-1,-1,1,0.267190933,0.148934023,0.148043656,1,1,0,0,0
53.5,1.64288175,-2.05519232,-13.5849203,0,0.6,TurnLeft,front_sector_priority,0,14,42,0.33750686,-1,-1,-1,1,0.260350585,0.149371968,0.148043656,1,1,0,0,0
53.55,1.64288175,-2.05519232,-11.8660469,0,0.6,TurnLeft,front_sector_priority,0,14,42,0.33750686,-1,-1,-1,1,0.260350585,0.149895798,0.148043656,1,1,0,0,0
53.6,1.64288175,-2.05519232,-10.1471736,0,0.6,TurnLeft,front_sector_priority,0,14,42,0.355007857,-1,-1,-1,1,0.254874915,0.150505043,0.148043656,1,1,0,0,0
53.65,1.64288175,-2.05519232,-8.42830017,0,0.6,TurnLeft,front_sector_priority,0,14,42,0.355007857,-1,-1,-1,1,0.254874915,0.151199153,0.148043656,1,1,0,0,0
53.7,1.64288175,-2.05519232,-6.70942678,0,0.6,TurnLeft,front_sector_priority,0,14,42,0.376122475,-1,-1,-1,1,0.252734959,0.151977505,0.148043656,1,1,0,0,0
53.75,1.64288175,-2.05519232,-4.9905534,0,0.6,TurnLeft,front_sector_priority,0,14,42,0.376122475,-1,-1,-1,1,0.252734959,0.152839398,0.148043656,1,1,0,0,0
53.8,1.64288175,-2.05519232,-3.27168001,0.0759214805,0.0611777932,FollowWall,following_right_wall,0,14,42,0.385432154,-1,-1,-1,1,0.249535918,0.153784056,0.148043656,1,1,0,0,0
53.85,1.64446165,-2.05526776,-2.19597826,0.0759214805,0.0611777932,FollowWall,following_right_wall,0,14,42,0.385432154,-1,-1,-1,1,0.249535918,0.154341529,0.148043656,1,1,0,0,0
53.9,1.64696471,-2.05534842,-1.49545996,0.0782551772,0.0261723421,FollowWall,following_right_wall,0,14,42,0.381667227,-1,-1,-1,1,0.24797821,0.154690179,0.148043656,1,1,0,0,0
53.95,1.65005513,-2.05541723,-1.05558335,0.0782551772,0.0261723421,FollowWall,following_right_wall,0,14,42,0.381667227,-1,-1,-1,1,0.24797821,0.154897822,0.148043656,1,1,0,0,0
54,1.6534882,-2.05547186,-0.767747732,0.0793519509,0.00972073586,FollowWall,following_right_wall,0,14,42,0.375157088,-1,-1,-1,1,0.247538701,0.155026954,0.148043656,1,1,0,0,0
54.05,1.657144,-2.05551512,-0.588240347,0.0793519509,0.00972073586,FollowWall,following_right_wall,0,14,42,0.375157088,-1,-1,-1,1,0.247538701,0.155099438,0.148043656,1,1,0,0,0
54.1,1.66092969,-2.05555015,-0.471924432,0.0798801794,0.00179730853,FollowWall,following_right_wall,0,14,42,0.367656291,-1,-1,-1,1,0.247408822,0.155139882,0.148043656,1,1,0,0,0
54.15,1.66480217,-2.05557968,-0.401928102,0.0798801794,0.00179730853,FollowWall,following_right_wall,0,14,42,0.367656291,-1,-1,-1,1,0.247408822,0.155155943,0.148043656,1,1,0,0,0
54.2,1.66872526,-2.05560573,-0.358951531,0.0798330857,-0.00250371424,FollowWall,following_right_wall,0,14,42,0.359775662,-1,-1,-1,1,0.247341096,0.155157953,0.148043656,1,1,0,0,0
54.25,1.6726769,-2.05562972,-0.336870453,0.0798330857,-0.00250371424,FollowWall,following_right_wall,0,14,42,0.359775662,-1,-1,-1,1,0.247341096,0.155148394,0.148043656,1,1,0,0,0
54.3,1.67664519,-2.05565271,-0.326978413,0.0797216379,-0.00417543175,FollowWall,following_right_wall,0,14,42,0.351775408,-1,-1,-1,1,0.247461826,0.155131876,0.148043656,1,1,0,0,0
54.35,1.68062086,-2.05567538,-0.326192111,0.0797216379,-0.00417543175,FollowWall,following_right_wall,0,14,42,0.351775408,-1,-1,-1,1,0.247461826,0.155109729,0.148043656,1,1,0,0,0
54.4,1.68460085,-2.05569819,-0.330717489,0.0797486762,-0.00376985736,FollowWall,following_right_wall,0,14,42,0.343759358,-1,-1,-1,1,0.247113526,0.155083952,0.148043656,1,1,0,0,0
54.45,1.68858391,-2.05572143,-0.337857229,0.0797486762,-0.00376985736,FollowWall,following_right_wall,0,14,42,0.343759358,-1,-1,-1,1,0.247113526,0.155056042,0.148043656,1,1,0,0,0
54.5,1.69256876,-2.05574523,-0.346522013,0.0797947488,-0.00307876804,FollowWall,following_right_wall,0,14,42,0.335758716,-1,-1,-1,1,0.247003093,0.155026577,0.148043656,1,1,0,0,0
54.55,1.69655561,-2.05576965,-0.355251479,0.0797947488,-0.00307876804,FollowWall,following_right_wall,0,14,42,0.335758716,-1,-1,-1,1,0.247003093,0.154996454,0.148043656,1,1,0,0,0
54.6,1.70054363,-2.05579468,-0.364018676,0.0798461655,-0.00230751686,FollowWall,following_right_wall,0,14,42,0.327781886,-1,-1,-1,1,0.247204304,0.154965693,0.148043656,1,1,0,0,0
54.65,1.7045334,-2.0558203,-0.37188727,0.0798461655,-0.00230751686,FollowWall,following_right_wall,0,14,42,0.327781886,-1,-1,-1,1,0.247204304,0.15493493,0.148043656,1,1,0,0,0
54.7,1.70852419,-2.05584646,-0.379231678,0.0797889648,-0.00316552873,FollowWall,following_right_wall,0,14,42,0.319831192,-1,-1,-1,1,0.247322589,0.154903975,0.148043656,1,1,0,0,0
54.75,1.71251438,-2.05587315,-0.387294488,0.0797889648,-0.00316552873,FollowWall,following_right_wall,0,14,42,0.319831192,-1,-1,-1,1,0.247322589,0.15487202,0.148043656,1,1,0,0,0
54.8,1.71650422,-2.05590042,-0.395776365,0.0797018713,-0.00447193053,FollowWall,following_right_wall,0,14,42,0.311770111,-1,-1,-1,1,0.247216046,0.154839219,0.148043656,1,1,0,0,0
54.85,1.72049204,-2.05592832,-0.406062101,0.0797018713,-0.00447193053,FollowWall,following_right_wall,0,14,42,0.311770111,-1,-1,-1,1,0.247216046,0.154804605,0.148043656,1,1,0,0,0
54.9,1.72447868,-2.05595697,-0.417400087,0.0796269265,-0.00559610182,FollowWall,following_right_wall,0,14,42,0.303711236,-1,-1,-1,1,0.247535154,0.154768563,0.148043656,1,1,0,0,0
54.95,1.72846306,-2.05598646,-0.430693767,0.0796269265,-0.00559610182,FollowWall,following_right_wall,0,14,42,0.303711236,-1,-1,-1,1,0.247535154,0.154730411,0.148043656,1,1,0,0,0
55,1.73244613,-2.0560169,-0.445128268,0.0796297246,-0.0055541306,FollowWall,following_right_wall,0,14,42,0.295654386,-1,-1,-1,1,0.247861862,0.154690566,0.148043656,1,1,0,0,0
55.05,1.73642848,-2.05604837,-0.460178149,0.0796297246,-0.0055541306,FollowWall,following_right_wall,0,14,42,0.295654386,-1,-1,-1,1,0.247861862,0.154649307,0.148043656,1,1,0,0,0
55.1,1.74041041,-2.05608088,-0.475587001,0.0796311517,-0.00553272491,FollowWall,following_right_wall,0,14,42,0.287631035,-1,-1,-1,1,0.24790895,0.154606766,0.148043656,1,1,0,0,0
55.15,1.74439212,-2.05611448,-0.491179702,0.0796311517,-0.00553272491,FollowWall,following_right_wall,0,14,42,0.287631035,-1,-1,-1,1,0.24790895,0.154563036,0.148043656,1,1,0,0,0
55.2,1.7483737,-2.05614915,-0.506879648,0,0.6,TurnLeft,front_sector_priority,0,14,42,0.279639304,-1,-1,-1,1,0.2477047,0.154518157,0.148043656,1,1,0,0,0
55.25,1.75069637,-2.05615537,0.200159294,0,0.6,TurnLeft,front_sector_priority,0,14,42,0.279639304,-1,-1,-1,1,0.2477047,0.154488841,0.148043656,1,1,0,0,0
55.3,1.75205114,-2.05613729,1.32879592,0,0.6,TurnLeft,front_sector_priority,0,14,42,0.275993019,-1,-1,-1,1,0.24641861,0.152521281,0.148043656,1,1,0,0,0
55.35,1.75284101,-2.05610949,2.70336453,0,0.6,TurnLeft,front_sector_priority,0,14,42,0.275993019,-1,-1,-1,1,0.24641861,0.150178717,0.148043656,1,1,0,0,0
55.4,1.75330121,-2.05608165,4.22139346,0,0.6,TurnLeft,front_sector_priority,0,14,42,0.275010318,-1,-1,-1,1,0.244844705,0.147651527,0.147651527,1,1,0,0,0
55.45,1.75356911,-2.0560581,5.82310758,0,0.6,TurnLeft,front_sector_priority,0,14,42,0.275010318,-1,-1,-1,1,0.244844705,0.145052481,0.145052481,1,1,0,0,0
55.5,1.75372494,-2.05603994,7.47363807,0,0.6,TurnLeft,front_sector_priority,0,14,42,0.27414602,-1,-1,-1,1,0.244185403,0.142448991,0.142448991,1,1,0,0,0
55.55,1.75381549,-2.05602671,9.15264476,0,0.6,TurnLeft,front_sector_priority,0,14,42,0.27414602,-1,-1,-1,1,0.244185403,0.139881777,0.139881777,1,1,0,0,0
55.6,1.75386807,-2.05601744,10.8482626,0,0.6,TurnLeft,front_sector_priority,0,14,42,0.273663998,-1,-1,-1,1,0.243793428,0.137375792,0.137375792,1,1,0,0,0
55.65,1.75389856,-2.05601112,12.5535702,0,0.6,TurnLeft,front_sector_priority,0,14,42,0.273663998,-1,-1,-1,1,0.243793428,0.134946644,0.134946644,1,1,0,0,0
55.7,1.75391623,-2.05600691,14.2645302,0,0.6,TurnLeft,front_sector_priority,0,14,42,0.273491651,-1,-1,-1,1,0.244134799,0.132604391,0.132604391,1,1,0,0,0
55.75,1.75392646,-2.05600415,15.9787875,0,0.6,TurnLeft,front_sector_priority,0,14,42,0.273491651,-1,-1,-1,1,0.244134799,0.130355779,0.130355779,1,1,0,0,0
55.8,1.75393237,-2.05600236,17.6949681,0,0.6,TurnLeft,front_sector_priority,0,14,42,0.272592425,-1,-1,-1,1,0.245937079,0.128205559,0.128205559,1,1,0,0,0
55.85,1.75393579,-2.05600121,19.4122708,0,0.6,TurnLeft,front_sector_priority,0,14,42,0.272592425,-1,-1,-1,1,0.245937079,0.12615727,0.12615727,1,1,0,0,0
55.9,1.75393777,-2.05600048,21.1302279,0,0.6,TurnLeft,front_sector_priority,0,14,42,0.272198915,-1,-1,-1,1,0.250114709,0.124213697,0.124213697,1,1,0,0,0
55.95,1.7539389,-2.05600002,22.8485668,0,0.6,TurnLeft,front_sector_priority,0,14,42,0.272198915,-1,-1,-1,1,0.250114709,0.122377144,0.122377144,1,1,0,0,0
56,1.75393956,-2.05599973,24.5671284,0,0.6,TurnLeft,front_sector_priority,0,14,42,0.271323323,-1,-1,-1,1,0.25496456,0.120649586,0.120649586,1,1,0,0,0
56.05,1.75393994,-2.05599955,26.2858199,0,0.6,TurnLeft,front_sector_priority,0,14,42,0.271323323,-1,-1,-1,1,0.25496456,0.119032769,0.119032769,1,1,0,0,0
56.1,1.75394015,-2.05599944,28.0045872,0,0.6,TurnLeft,front_sector_priority,0,14,42,0.270562798,-1,-1,-1,1,0.260266185,0.117528259,0.117528259,1,1,0,0,0
56.15,1.75394028,-2.05599937,29.7233987,0,0.6,TurnLeft,front_sector_priority,0,14,42,0.270562798,-1,-1,-1,1,0.260266185,0.116137474,0.116137474,1,1,0,0,0
56.2,1.75394035,-2.05599933,31.4422359,0,0.6,TurnLeft,front_sector_priority,0,14,42,0.269527406,-1,-1,-1,1,0.266925871,0.114861704,0.114861704,1,1,0,0,0
56.25,1.75394039,-2.0559993,33.1610883,0,0.6,TurnLeft,front_sector_priority,0,14,42,0.269527406,-1,-1,-1,1,0.266925871,0.11370212,0.11370212,1,1,0,0,0
56.3,1.75394041,-2.05599929,34.8799494,0,0.6,TurnLeft,front_sector_priority,0,14,42,0.268809527,-1,-1,-1,1,0.27513659,0.112659778,0.112659778,1,1,0,0,0
56.35,1.75394043,-2.05599928,36.5988156,0,0.6,TurnLeft,front_sector_priority,0,14,42,0.268809527,-1,-1,-1,1,0.27513659,0.111735624,0.111735624,1,1,0,0,0
56.4,1.75394043,-2.05599927,38.3176848,0,0.6,TurnLeft,front_sector_priority,0,14,42,0.268685728,-1,-1,-1,1,0.285974205,0.110930493,0.110930493,1,1,0,0,0
56.45,1.75394044,-2.05599927,40.0365557,0,0.6,TurnLeft,front_sector_priority,0,14,42,0.268685728,-1,-1,-1,1,0.285974205,0.110245113,0.110245113,1,1,0,0,0
56.5,1.75394044,-2.05599927,41.7554277,0,0.6,TurnLeft,front_sector_priority,0,14,42,0.269458085,-1,-1,-1,1,0.299231231,0.109680101,0.109680101,1,1,0,0,0
56.55,1.75394044,-2.05599927,43.4743003,0,0.6,TurnLeft,front_sector_priority,0,14,42,0.269458085,-1,-1,-1,1,0.299231231,0.109235969,0.109235969,1,1,0,0,0
56.6,1.75394044,-2.05599927,45.1931732,0,0.6,TurnLeft,front_sector_priority,0,14,42,0.271152794,-1,-1,-1,1,0.311995834,0.108913114,0.108913114,1,1,0,0,0
56.65,1.75394044,-2.05599927,46.9120463,0,0.6,TurnLeft,front_sector_priority,0,14,42,0.271152794,-1,-1,-1,1,0.311995834,0.108711829,0.108711829,1,1,0,0,0
56.7,1.75394044,-2.05599927,48.6309195,0,0.6,TurnLeft,front_sector_priority,0,14,42,0.273814052,-1,-1,-1,1,0.310388267,0.108632295,0.108632295,1,1,0,0,0
56.75,1.75394044,-2.05599927,50.3497928,0,0.6,TurnLeft,front_sector_priority,0,14,42,0.273814052,-1,-1,-1,1,0.310388267,0.108674583,0.108632295,1,1,0,0,0
56.8,1.75394044,-2.05599926,52.0686661,0,0.6,TurnLeft,front_sector_priority,0,14,42,0.277506053,-1,-1,-1,1,0.307247579,0.108838655,0.108632295,1,1,0,0,0
56.85,1.75394044,-2.05599926,53.7875395,0,0.6,TurnLeft,front_sector_priority,0,14,42,0.277506053,-1,-1,-1,1,0.307247579,0.109124364,0.108632295,1,1,0,0,0
56.9,1.75394044,-2.05599926,55.5064128,0,0.6,TurnLeft,front_sector_priority,0,14,42,0.282316506,-1,-1,-1,1,0.305906922,0.109531453,0.108632295,1,1,0,0,0
56.95,1.75394044,-2.05599926,57.2252862,0,0.6,TurnLeft,front_sector_priority,0,14,42,0.282316506,-1,-1,-1,1,0.305906922,0.110059555,0.108632295,1,1,0,0,0
57,1.75394044,-2.05599926,58.9441596,0,0.6,TurnLeft,front_sector_priority,0,14,42,0.288361132,-1,-1,-1,1,0.306487679,0.110708194,0.108632295,1,1,0,0,0
57.05,1.75394044,-2.05599926,60.663033,0,0.6,TurnLeft,front_sector_priority,0,14,42,0.288361132,-1,-1,-1,1,0.306487679,0.111476789,0.108632295,1,1,0,0,0
57.1,1.75394044,-2.05599926,62.3819063,0,0.6,TurnLeft,front_sector_priority,0,14,42,0.295790434,-1,-1,-1,1,0.295096606,0.112364645,0.108632295,1,1,0,0,0
57.15,1.75394044,-2.05599926,64.1007797,0,0.6,TurnLeft,front_sector_priority,0,14,42,0.295790434,-1,-1,-1,1,0.295096606,0.113370966,0.108632295,1,1,0,0,0
57.2,1.75394044,-2.05599926,65.8196531,0,0.6,TurnLeft,front_sector_priority,0,14,42,0.304798722,-1,-1,-1,1,0.285325497,0.114494844,0.108632295,1,1,0,0,0
57.25,1.75394044,-2.05599926,67.5385265,0,0.6,TurnLeft,front_sector_priority,0,14,42,0.304798722,-1,-1,-1,1,0.285325497,0.115735269,0.108632295,1,1,0,0,0
57.3,1.75394044,-2.05599926,69.2573999,0,0.6,TurnLeft,front_sector_priority,0,14,42,0.315637261,-1,-1,-1,1,0.276451856,0.117091124,0.108632295,1,1,0,0,0
57.35,1.75394044,-2.05599926,70.9762733,0,0.6,TurnLeft,front_sector_priority,0,14,42,0.315637261,-1,-1,-1,1,0.276451856,0.118561189,0.108632295,1,1,0,0,0
57.4,1.75394044,-2.05599926,72.6951466,0,0.6,TurnLeft,front_sector_priority,0,14,42,0.328632742,-1,-1,-1,1,0.26807639,0.120144142,0.108632295,1,1,0,0,0
57.45,1.75394044,-2.05599926,74.41402,0,0.6,TurnLeft,front_sector_priority,0,14,42,0.328632742,-1,-1,-1,1,0.26807639,0.121838557,0.108632295,1,1,0,0,0
57.5,1.75394044,-2.05599926,76.1328934,0,0.6,TurnLeft,front_sector_priority,0,14,42,0.343695223,-1,-1,-1,1,0.26097703,0.123642909,0.108632295,1,1,0,0,0
57.55,1.75394044,-2.05599926,77.8517668,0,0.6,TurnLeft,front_sector_priority,0,14,42,0.343695223,-1,-1,-1,1,0.26097703,0.125555576,0.108632295,1,1,0,0,0
57.6,1.75394044,-2.05599926,79.5706402,0,0.6,TurnLeft,front_sector_priority,0,14,42,0.361010283,-1,-1,-1,1,0.256866127,0.127574835,0.108632295,1,1,0,0,0
57.65,1.75394044,-2.05599926,81.2895136,0,0.6,TurnLeft,front_sector_priority,0,14,42,0.361010283,-1,-1,-1,1,0.256866127,0.12969887,0.108632295,1,1,0,0,0
57.7,1.75394044,-2.05599926,83.008387,0.0713203357,0.130194965,FollowWall,following_right_wall,0,14,42,0.381891638,-1,-1,-1,1,0.253900379,0.131925768,0.108632295,1,1,0,0,0
57.75,1.75410639,-2.05452272,84.1664719,0.0713203357,0.130194965,FollowWall,following_right_wall,0,14,42,0.381891638,-1,-1,-1,1,0.253900379,0.134959673,0.108632295,1,1,0,0,0
57.8,1.75432853,-2.05218065,84.9974302,0.0737852846,0.093220731,FollowWall,following_right_wall,0,14,42,0.395447642,-1,-1,-1,1,0.252331585,0.138447051,0.108632295,1,1,0,0,0
57.85,1.75456716,-2.04928092,85.59343,0.0737852846,0.093220731,FollowWall,following_right_wall,0,14,42,0.395447642,-1,-1,-1,1,0.252331585,0.142182427,0.108632295,1,1,0,0,0
57.9,1.75480276,-2.04605509,86.0523705,0.0749707476,0.0754387867,FollowWall,following_right_wall,0,14,42,0.402950436,-1,-1,-1,1,0.251143515,0.146059741,0.108632295,1,1,0,0,0
57.95,1.75502943,-2.04261391,86.4101343,0.0749707476,0.0754387867,FollowWall,following_right_wall,0,14,42,0.402950436,-1,-1,-1,1,0.251143515,0.150013583,0.108632295,1,1,0,0,0
58,1.75524389,-2.03904676,86.7088782,0.0757745671,0.0633814936,FollowWall,following_right_wall,0,14,42,0.407651812,-1,-1,-1,1,0.250199586,0.154012035,0.108632295,1,1,0,0,0
58.05,1.75544622,-2.03538912,86.9588016,0.0757745671,0.0633814936,FollowWall,following_right_wall,0,14,42,0.407651812,-1,-1,-1,1,0.250199586,0.158032727,0.108632295,1,1,0,0,0
58.1,1.75563617,-2.03167845,87.1802463,0.0764382786,0.0534258208,FollowWall,following_right_wall,0,14,42,0.411006331,-1,-1,-1,1,0.249707669,0.162066767,0.108632295,1,1,0,0,0
58.15,1.75581481,-2.02792285,87.3731948,0.0764382786,0.0534258208,FollowWall,following_right_wall,0,14,42,0.411006331,-1,-1,-1,1,0.249707669,0.16610543,0.108632295,1,1,0,0,0
58.2,1.75598249,-2.02414085,87.5495205,0.0768728695,0.0469069581,FollowWall,following_right_wall,0,14,42,0.413600355,-1,-1,-1,1,0.249246299,0.170147148,0.108632295,1,1,0,0,0
58.25,1.75614011,-2.02033426,87.7083681,0.0768728695,0.0469069581,FollowWall,following_right_wall,0,14,42,0.413600355,-1,-1,-1,1,0.249246299,0.17418857,0.108632295,1,1,0,0,0
58.3,1.75628806,-2.0165132,87.8570203,0.0771126553,0.0433101698,FollowWall,following_right_wall,0,14,42,0.415725589,-1,-1,-1,1,0.248443633,0.178230134,0.108632295,1,1,0,0,0
58.35,1.75642691,-2.01267857,87.9954318,0.0771126553,0.0433101698,FollowWall,following_right_wall,0,14,42,0.415725589,-1,-1,-1,1,0.248443633,0.182270704,0.108632295,1,1,0,0,0
58.4,1.75655696,-2.00883592,88.1278696,0.0774778262,0.0378326067,FollowWall,following_right_wall,0,14,42,0.417573154,-1,-1,-1,1,0.248192474,0.186310978,0.108632295,1,1,0,0,0
58.45,1.75667884,-2.0049809,88.2502843,0.0774778262,0.0378326067,FollowWall,following_right_wall,0,14,42,0.417573154,-1,-1,-1,1,0.248192474,0.190349169,0.108632295,1,1,0,0,0
58.5,1.75679289,-2.00111858,88.3668522,0.0778593034,0.0321104492,FollowWall,following_right_wall,0,14,42,0.419167906,-1,-1,-1,1,0.24781175,0.194386359,0.108632295,1,1,0,0,0
58.55,1.75689977,-1.99724398,88.4731792,0.0778593034,0.0321104492,FollowWall,following_right_wall,0,14,42,0.419167906,-1,-1,-1,1,0.24781175,0.198420839,0.108632295,1,1,0,0,0
58.6,1.75699983,-1.99336216,88.5735323,0.0781139202,0.028291197,FollowWall,following_right_wall,0,14,42,0.420490593,-1,-1,-1,1,0.246848986,0.202453888,0.108632295,1,1,0,0,0
58.65,1.7570936,-1.98947076,88.6658417,0.0781139202,0.028291197,FollowWall,following_right_wall,0,14,42,0.420490593,-1,-1,-1,1,0.246848986,0.206484668,0.108632295,1,1,0,0,0
58.7,1.75718138,-1.98557374,88.753459,0.0782386394,0.0264204095,FollowWall,following_right_wall,0,14,42,0.421579599,-1,-1,-1,1,0.246562093,0.210514244,0.108632295,1,1,0,0,0
58.75,1.75726349,-1.98167079,88.8361062,0.0782386394,0.0264204095,FollowWall,following_right_wall,0,14,42,0.421579599,-1,-1,-1,1,0.246562093,0.214542448,0.108632295,1,1,0,0,0
58.8,1.75734013,-1.97776435,88.915854,0.0784600986,0.0230985217,FollowWall,following_right_wall,0,14,42,0.422513276,-1,-1,-1,1,0.246571109,0.218569958,0.108632295,1,1,0,0,0
58.85,1.75741165,-1.97385122,88.9899454,0.0784600986,0.0230985217,FollowWall,following_right_wall,0,14,42,0.422513276,-1,-1,-1,1,0.246571109,0.222595746,0.108632295,1,1,0,0,0
58.9,1.75747829,-1.96993416,89.0607373,0.0787609827,0.0185852602,FollowWall,following_right_wall,0,14,42,0.423288256,-1,-1,-1,1,0.246218264,0.226620609,0.108632295,1,1,0,0,0
58.95,1.75754048,-1.96600852,89.124217,0.0787609827,0.0185852602,FollowWall,following_right_wall,0,14,42,0.423288256,-1,-1,-1,1,0.246218264,0.230643055,0.108632295,1,1,0,0,0
59,1.75759853,-1.96207785,89.1834314,0.0788319807,0.0175202902,FollowWall,following_right_wall,0,14,42,0.423856437,-1,-1,-1,1,0.246062919,0.234664139,0.108632295,1,1,0,0,0
59.05,1.75765271,-1.95814275,89.2388864,0.0788319807,0.0175202902,FollowWall,following_right_wall,0,14,42,0.423856437,-1,-1,-1,1,0.246062919,0.238684014,0.108632295,1,1,0,0,0
59.1,1.7577032,-1.95420505,89.2921485,0.0789996612,0.0150050826,FollowWall,following_right_wall,0,14,42,0.424293607,-1,-1,-1,1,0.245656118,0.242703229,0.108632295,1,1,0,0,0
59.15,1.75775022,-1.95026232,89.341129,0.0789996612,0.0150050826,FollowWall,following_right_wall,0,14,42,0.424293607,-1,-1,-1,1,0.245656118,0.246720995,0.108632295,1,1,0,0,0
59.2,1.757794,-1.94631665,89.387612,0.0791884333,0.0121735009,FollowWall,following_right_wall,0,14,42,0.424607366,-1,-1,-1,1,0.245330974,0.250737948,0.108632295,1,1,0,0,0
59.25,1.75783479,-1.94236532,89.4292581,0.0791884333,0.0121735009,FollowWall,following_right_wall,0,14,42,0.424607366,-1,-1,-1,1,0.245330974,0.254753201,0.108632295,1,1,0,0,0
59.3,1.75787285,-1.93841067,89.4680827,0.0793459858,0.00981021316,FollowWall,following_right_wall,0,14,42,0.424781799,-1,-1,-1,1,0.244788378,0.258767484,0.108632295,1,1,0,0,0
59.35,1.75790842,-1.93445081,89.5024405,0.0793459858,0.00981021316,FollowWall,following_right_wall,0,14,42,0.424781799,-1,-1,-1,1,0.244788378,0.262780165,0.108632295,1,1,0,0,0
59.4,1.75794174,-1.9304879,89.5341926,0.079258228,0.0111265798,FollowWall,following_right_wall,0,14,42,0.424824297,-1,-1,-1,1,0.245091289,0.266791924,0.108632295,1,1,0,0,0
59.45,1.75797286,-1.92652502,89.5659961,0.079258228,0.0111265798,FollowWall,following_right_wall,0,14,42,0.424824297,-1,-1,-1,1,0.245091289,0.270803753,0.108632295,1,1,0,0,0
59.5,1.75800178,-1.92256217,89.5978294,0.0791537174,0.0126942383,FollowWall,following_right_wall,0,14,42,0.424854308,-1,-1,-1,1,0.24521862,0.274815641,0.108632295,1,1,0,0,0
59.55,1.75802841,-1.9186015,89.6315515,0.0791537174,0.0126942383,FollowWall,following_right_wall,0,14,42,0.424854308,-1,-1,-1,1,0.24521862,0.278828291,0.108632295,1,1,0,0,0
59.6,1.75805267,-1.91464209,89.6663754,0.0790902174,0.0136467393,FollowWall,following_right_wall,0,14,42,0.424951524,-1,-1,-1,1,0.245317876,0.28284141,0.108632295,1,1,0,0,0
59.65,1.75807445,-1.91068474,89.7029789,0.0790902174,0.0136467393,FollowWall,following_right_wall,0,14,42,0.424951524,-1,-1,-1,1,0.245317876,0.286855258,0.108632295,1,1,0,0,0
59.7,1.75809366,-1.90672858,89.7406206,0.079177622,0.0123356697,FollowWall,following_right_wall,0,14,42,0.425132722,-1,-1,-1,1,0.245271638,0.290869557,0.108632295,1,1,0,0,0
59.75,1.75811031,-1.9027713,89.7773028,0.079177622,0.0123356697,FollowWall,following_right_wall,0,14,42,0.425132722,-1,-1,-1,1,0.245271638,0.294883546,0.108632295,1,1,0,0,0
59.8,1.75812444,-1.89881336,89.8134254,0.0790570812,0.0141437825,FollowWall,following_right_wall,0,14,42,0.425335467,-1,-1,-1,1,0.245284542,0.298897371,0.108632295,1,1,0,0,0
59.85,1.75813602,-1.89485754,89.8513798,0.0790570812,0.0141437825,FollowWall,following_right_wall,0,14,42,0.425335467,-1,-1,-1,1,0.245284542,0.30291195,0.108632295,1,1,0,0,0
59.9,1.75814493,-1.89090295,89.8904028,0.0789451038,0.0158234432,FollowWall,following_right_wall,0,14,42,0.425622165,-1,-1,-1,1,0.245153204,0.306926994,0.108632295,1,1,0,0,0
59.95,1.75815105,-1.88695142,89.932054,0.0789451038,0.0158234432,FollowWall,following_right_wall,0,14,42,0.425622165,-1,-1,-1,1,0.245153204,0.31094311,0.108632295,1,1,0,0,0
60,1.75815424,-1.88300167,89.9752384,0.0790539369,0.0141909459,FollowWall,following_right_wall,0,14,42,0.426038116,-1,-1,-1,1,0.24458544,0.314959879,0.108632295,1,1,0,0,0
60.05,1.7581545,-1.87905069,90.0173685,0.0790539369,0.0141909459,FollowWall,following_right_wall,0,14,42,0.426038116,-1,-1,-1,1,0.24458544,0.318922337,0.108632295,1,1,0,0,0
60.1,1.75815187,-1.87509899,90.0588836,0.0790131427,0.0148028599,FollowWall,following_right_wall,0,14,42,0.426500559,-1,-1,-1,1,0.245075256,0.322809594,0.108632295,1,1,0,0,0
60.15,1.75814637,-1.87114774,90.1007704,0.0790131427,0.0148028599,FollowWall,following_right_wall,0,14,42,0.426500559,-1,-1,-1,1,0.245075256,0.326695892,0.108632295,1,1,0,0,0
60.2,1.75813796,-1.86719673,90.1428739,0.0791546436,0.0126803467,FollowWall,following_right_wall,0,14,42,0.427029908,-1,-1,-1,1,0.245323539,0.330581651,0.108632295,1,1,0,0,0
60.25,1.75812674,-1.86324294,90.1825704,0.0791546436,0.0126803467,FollowWall,following_right_wall,0,14,42,0.427029908,-1,-1,-1,1,0.245323539,0.334473985,0.108632295,1,1,0,0,0
60.3,1.75811281,-1.85928752,90.2208627,0.0794076131,0.00888580302,FollowWall,following_right_wall,0,14,42,0.42756626,-1,-1,-1,1,0.245211497,0.338370165,0.108632295,1,1,0,0,0
60.35,1.7580964,-1.85532588,90.2538065,0.0794076131,0.00888580302,FollowWall,following_right_wall,0,14,42,0.42756626,-1,-1,-1,1,0.245211497,0.342280869,0.108632295,1,1,0,0,0
60.4,1.7580778,-1.85136063,90.2836304,0.0795134403,0.00729839517,FollowWall,following_right_wall,0,14,42,0.428016782,-1,-1,-1,1,0.245032459,0.346200047,0.108632295,1,1,0,0,0
60.45,1.75805725,-1.84739106,90.3097395,0.0795134403,0.00729839517,FollowWall,following_right_wall,0,14,42,0.428016782,-1,-1,-1,1,0.245032459,0.350129299,0.108632295,1,1,0,0,0
60.5,1.75803494,-1.84341898,90.3336816,0.0796169596,0.00574560634,FollowWall,following_right_wall,0,14,42,0.428405225,-1,-1,-1,1,0.244866937,0.354064428,0.108632295,1,1,0,0,0
60.55,1.75801107,-1.83944328,90.3545061,0.0796169596,0.00574560634,FollowWall,following_right_wall,0,14,42,0.428405225,-1,-1,-1,1,0.244866937,0.358008002,0.108632295,1,1,0,0,0
60.6,1.7579858,-1.83546548,90.3735121,0.0798475705,0.00228644303,FollowWall,following_right_wall,0,14,42,0.428756028,-1,-1,-1,1,0.244817153,0.3619565,0.108632295,1,1,0,0,0
60.65,1.75795934,-1.83148164,90.3873281,0.0798475705,0.00228644303,FollowWall,following_right_wall,0,14,42,0.428756028,-1,-1,-1,1,0.244817153,0.365919039,0.108632295,1,1,0,0,0
60.7,1.75793201,-1.82749429,90.3981167,0.0799323687,-0.0010144701,FollowWall,following_right_wall,0,14,42,0.429016352,-1,-1,-1,1,0.244492039,0.369889766,0.108632295,1,1,0,0,0
60.75,1.7579041,-1.82350312,90.4031992,0.0799323687,-0.0010144701,FollowWall,following_right_wall,0,14,42,0.429016352,-1,-1,-1,1,0.244492039,0.373873105,0.108632295,1,1,0,0,0
60.8,1.75787594,-1.81950972,90.404953,0.0798451278,-0.00232308232,FollowWall,following_right_wall,0,14,42,0.429156631,-1,-1,-1,1,0.24441573,0.377863801,0.108632295,1,1,0,0,0
60.85,1.75784778,-1.81551684,90.403203,0.0798451278,-0.00232308232,FollowWall,following_right_wall,0,14,42,0.429156631,-1,-1,-1,1,0.24441573,0.381859379,0.108632295,1,1,0,0,0
60.9,1.75781981,-1.81152426,90.3994093,0.0798661282,-0.0020080776,FollowWall,following_right_wall,0,14,42,0.429228246,-1,-1,-1,1,0.24491711,0.385857805,0.108632295,1,1,0,0,0
60.95,1.75779214,-1.80753141,90.3947993,0.0798661282,-0.0020080776,FollowWall,following_right_wall,0,14,42,0.429228246,-1,-1,-1,1,0.24491711,0.389857753,0.108632295,1,1,0,0,0
61,1.7577648,-1.80353842,90.3897132,0.0798855423,-0.00171686582,FollowWall,following_right_wall,0,14,42,0.429312795,-1,-1,-1,1,0.245062426,0.393858591,0.108632295,1,1,0,0,0
61.05,1.75773781,-1.79954492,90.3846969,0.0798855423,-0.00171686582,FollowWall,following_right_wall,0,14,42,0.429312795,-1,-1,-1,1,0.245062426,0.397859817,0.108632295,1,1,0,0,0
61.1,1.75771117,-1.79555113,90.3797214,0.0797345297,-0.00398205435,FollowWall,following_right_wall,0,14,42,0.429448128,-1,-1,-1,1,0.245437622,0.401861272,0.108632295,1,1,0,0,0
61.15,1.75768499,-1.79156032,90.3720658,0.0797345297,-0.00398205435,FollowWall,following_right_wall,0,14,42,0.429448128,-1,-1,-1,1,0.245437622,0.405863884,0.108632295,1,1,0,0,0
61.2,1.75765941,-1.78757125,90.3628468,0.0796819444,-0.00477083463,FollowWall,following_right_wall,0,14,42,0.42956388,-1,-1,-1,1,0.245550454,0.409867176,0.108632295,1,1,0,0,0
61.25,1.75763454,-1.78358428,90.3517743,0.0796819444,-0.00477083463,FollowWall,following_right_wall,0,14,42,0.42956388,-1,-1,-1,1,0.245550454,0.413871224,0.108632295,1,1,0,0,0
61.3,1.75761049,-1.77959853,90.3396205,0.0797069197,-0.00439620492,FollowWall,following_right_wall,0,14,42,0.429661006,-1,-1,-1,1,0.245710716,0.417875719,0.108632295,1,1,0,0,0
61.35,1.7575873,-1.77561297,90.3272833,0.0797069197,-0.00439620492,FollowWall,following_right_wall,0,14,42,0.429661006,-1,-1,-1,1,0.245710716,0.421880309,0.108632295,1,1,0,0,0
61.4,1.75756497,-1.77162753,90.314839,0.0796089829,-0.00586525659,FollowWall,following_right_wall,0,14,42,0.429784149,-1,-1,-1,1,0.245439008,0.42588496,0.108632295,1,1,0,0,0
61.45,1.75754357,-1.76764419,90.3005786,0.0796089829,-0.00586525659,FollowWall,following_right_wall,0,14,42,0.429784149,-1,-1,-1,1,0.245439008,0.429890317,0.108632295,1,1,0,0,0
61.5,1.75752321,-1.76366207,90.285259,0.0795351475,-0.00697278715,FollowWall,following_right_wall,0,14,42,0.429895401,-1,-1,-1,1,0.245057225,0.433896092,0.108632295,1,1,0,0,0
61.55,1.757504,-1.7596822,90.2679994,0.0795351475,-0.00697278715,FollowWall,following_right_wall,0,14,42,0.429895401,-1,-1,-1,1,0.245057225,0.437902622,0.108632295,1,1,0,0,0
61.6,1.75748603,-1.75570364,90.2496081,0.0795819011,-0.00627148362,FollowWall,following_right_wall,0,14,42,0.429975718,-1,-1,-1,1,0.24554047,0.4419096,0.108632295,1,1,0,0,0
61.65,1.75746933,-1.75172487,90.2313938,0.0795819011,-0.00627148362,FollowWall,following_right_wall,0,14,42,0.429975718,-1,-1,-1,1,0.24554047,0.445916528,0.108632295,1,1,0,0,0
61.7,1.75745389,-1.74774597,90.2132828,0.0795860614,-0.00620907852,FollowWall,following_right_wall,0,14,42,0.430074126,-1,-1,-1,1,0.245662168,0.449923431,0.108632295,1,1,0,0,0
61.75,1.7574397,-1.74376692,90.1953065,0.0795860614,-0.00620907852,FollowWall,following_right_wall,0,14,42,0.430074126,-1,-1,-1,1,0.245662168,0.453930298,0.108632295,1,1,0,0,0
61.8,1.75742676,-1.73978776,90.1774088,0.0794354579,-0.00846813166,FollowWall,following_right_wall,0,14,42,0.430196315,-1,-1,-1,1,0.245611787,0.45793715,0.108632295,1,1,0,0,0
61.85,1.75741516,-1.73581169,90.1568604,0.0794354579,-0.00846813166,FollowWall,following_right_wall,0,14,42,0.430196315,-1,-1,-1,1,0.245611787,0.461945035,0.108632295,1,1,0,0,0
61.9,1.75740504,-1.73183741,90.1347657,0.0792976354,-0.0105354685,FollowWall,following_right_wall,0,14,42,0.430262148,-1,-1,-1,1,0.245621145,0.465953535,0.108632295,1,1,0,0,0
61.95,1.75739659,-1.72786705,90.1093014,0.0792976354,-0.0105354685,FollowWall,following_right_wall,0,14,42,0.430262148,-1,-1,-1,1,0.245621145,0.469963355,0.108632295,1,1,0,0,0
62,1.75738997,-1.72389897,90.0818714,0.0793692265,-0.00946160251,FollowWall,following_right_wall,0,14,42,0.430228233,-1,-1,-1,1,0.245467827,0.473973959,0.108632295,1,1,0,0,0
62.05,1.75738524,-1.71993073,90.0545766,0.0793692265,-0.00946160251,FollowWall,following_right_wall,0,14,42,0.430228233,-1,-1,-1,1,0.245467827,0.477984538,0.108632295,1,1,0,0,0
62.1,1.7573824,-1.7159624,90.0273607,0.0794683213,-0.00797517996,FollowWall,following_right_wall,0,14,42,0.430174232,-1,-1,-1,1,0.245416477,0.481995111,0.108632295,1,1,0,0,0
62.15,1.75738139,-1.71199195,90.001965,0.0794683213,-0.00797517996,FollowWall,following_right_wall,0,14,42,0.430174232,-1,-1,-1,1,0.245416477,0.486004998,0.108632295,1,1,0,0,0
62.2,1.7573821,-1.70802026,89.9776313,0.07955473,-0.00667904939,FollowWall,following_right_wall,0,14,42,0.430158079,-1,-1,-1,1,0.245431304,0.489944998,0.108632295,1,1,0,0,0
62.25,1.75738442,-1.70404606,89.955464,0.07955473,-0.00667904939,FollowWall,following_right_wall,0,14,42,0.430158079,-1,-1,-1,1,0.245431304,0.493884794,0.108632295,1,1,0,0,0
62.3,1.75738823,-1.70007038,89.9345606,0.0794528882,-0.00820667709,FollowWall,following_right_wall,0,14,42,0.43019259,-1,-1,-1,1,0.245473623,0.497828036,0.108632295,1,1,0,0,0
62.35,1.75739353,-1.69609597,89.912571,0.0794528882,-0.00820667709,FollowWall,following_right_wall,0,14,42,0.43019259,-1,-1,-1,1,0.245473623,0.501768341,0.108632295,1,1,0,0,0
62.4,1.75740038,-1.6921223,89.8899477,0.0793633048,-0.00955042853,FollowWall,following_right_wall,0,14,42,0.430189312,-1,-1,-1,1,0.24574028,0.505706939,0.108632295,1,1,0,0,0
62.45,1.75740886,-1.68815093,89.8653507,0.0793633048,-0.00955042853,FollowWall,following_right_wall,0,14,42,0.430189312,-1,-1,-1,1,0.24574028,0.509640197,0.108632295,1,1,0,0,0
62.5,1.75741908,-1.6841809,89.8396026,0.0793676688,-0.00948496795,FollowWall,following_right_wall,0,14,42,0.4300991,-1,-1,-1,1,0.246267587,0.513570347,0.108632295,1,1,0,0,0
62.55,1.75743111,-1.68021157,89.8132609,0.0793676688,-0.00948496795,FollowWall,following_right_wall,0,14,42,0.4300991,-1,-1,-1,1,0.246267587,0.517498903,0.108632295,1,1,0,0,0
62.6,1.75744497,-1.67624265,89.7865732,0.0793210622,-0.0101840674,FollowWall,following_right_wall,0,14,42,0.42994526,-1,-1,-1,1,0.246154577,0.521426537,0.108632295,1,1,0,0,0
62.65,1.75746071,-1.67227494,89.7588489,0.0793210622,-0.0101840674,FollowWall,following_right_wall,0,14,42,0.42994526,-1,-1,-1,1,0.246154577,0.525351378,0.108632295,1,1,0,0,0
62.7,1.75747839,-1.66830794,89.7305202,0.0794956715,-0.00756492711,FollowWall,following_right_wall,0,14,42,0.429718107,-1,-1,-1,1,0.246108472,0.529274598,0.108632295,1,1,0,0,0
62.75,1.75749794,-1.66433772,89.7049651,0.0794956715,-0.00756492711,FollowWall,following_right_wall,0,14,42,0.429718107,-1,-1,-1,1,0.246108472,0.533205344,0.108632295,1,1,0,0,0
62.8,1.75751923,-1.66036563,89.681028,0.0797690901,-0.00346364813,FollowWall,following_right_wall,0,14,42,0.429506809,-1,-1,-1,1,0.246031672,0.537140481,0.108632295,1,1,0,0,0
62.85,1.75754201,-1.65638675,89.6629302,0.0797690901,-0.00346364813,FollowWall,following_right_wall,0,14,42,0.429506809,-1,-1,-1,1,0.246031672,0.541091431,0.108632295,1,1,0,0,0
62.9,1.75756595,-1.65240392,89.6482388,0.0799812638,-0.00028104234,FollowWall,following_right_wall,0,14,42,0.429407507,-1,-1,-1,1,0.245600432,0.545051601,0.108632295,1,1,0,0,0
62.95,1.75759075,-1.64841436,89.6393333,0.0799812638,-0.00028104234,FollowWall,following_right_wall,0,14,42,0.429407507,-1,-1,-1,1,0.245600432,0.549027428,0.108632295,1,1,0,0,0
63,1.75761608,-1.64442087,89.633803,0.0797870811,0.00319378315,FollowWall,following_right_wall,0,14,42,0.429434747,-1,-1,-1,1,0.245462492,0.553012385,0.108632295,1,1,0,0,0
63.05,1.75764158,-1.64042914,89.6343892,0.0797870811,0.00319378315,FollowWall,following_right_wall,0,14,42,0.429434747,-1,-1,-1,1,0.245462492,0.557005018,0.108632295,1,1,0,0,0
63.1,1.7576669,-1.63643844,89.6385435,0.0796413482,0.00537977765,FollowWall,following_right_wall,0,14,42,0.429596156,-1,-1,-1,1,0.245240211,0.561002131,0.108632295,1,1,0,0,0
63.15,1.75769174,-1.63245136,89.6473885,0.0796413482,0.00537977765,FollowWall,following_right_wall,0,14,42,0.429596156,-1,-1,-1,1,0.245240211,0.565002848,0.108632295,1,1,0,0,0
63.2,1.75771587,-1.6284664,89.6589697,0.0796839463,0.00474080562,FollowWall,following_right_wall,0,14,42,0.429858983,-1,-1,-1,1,0.245137259,0.569005674,0.108632295,1,1,0,0,0
63.25,1.75773915,-1.62448178,89.6713843,0.0796839463,0.00474080562,FollowWall,following_right_wall,0,14,42,0.429858983,-1,-1,-1,1,0.245137259,0.573009446,0.108632295,1,1,0,0,0
63.3,1.75776155,-1.62049736,89.6842851,0.0797480853,0.00377872034,FollowWall,following_right_wall,0,14,42,0.430118829,-1,-1,-1,1,0.245345533,0.577013775,0.108632295,1,1,0,0,0
63.35,1.7577831,-1.61651172,89.6963211,0.0797480853,0.00377872034,FollowWall,following_right_wall,0,14,42,0.430118829,-1,-1,-1,1,0.245345533,0.581017997,0.108632295,1,1,0,0,0
63.4,1.75780383,-1.61252536,89.7078526,0.0797301019,0.00404847101,FollowWall,following_right_wall,0,14,42,0.430309862,-1,-1,-1,1,0.245293111,0.585022158,0.108632295,1,1,0,0,0
63.45,1.75782375,-1.60853896,89.7194118,0.0797301019,0.00404847101,FollowWall,following_right_wall,0,14,42,0.430309862,-1,-1,-1,1,0.245293111,0.58902641,0.108632295,1,1,0,0,0
63.5,1.75784287,-1.60455254,89.7309872,0.0796030076,0.00595488573,FollowWall,following_right_wall,0,14,42,0.430444092,-1,-1,-1,1,0.245235234,0.593030719,0.108632295,1,1,0,0,0
63.55,1.75786109,-1.60056874,89.7448476,0.0796030076,0.00595488573,FollowWall,following_right_wall,0,14,42,0.430444092,-1,-1,-1,1,0.245235234,0.597035932,0.108632295,1,1,0,0,0
63.6,1.7578783,-1.59658648,89.760041,0.0795037617,0.0074435738,FollowWall,following_right_wall,0,14,42,0.430584997,-1,-1,-1,1,0.245453522,0.60104168,0.108632295,1,1,0,0,0
63.65,1.75789435,-1.59260717,89.7777889,0.0795037617,0.0074435738,FollowWall,following_right_wall,0,14,42,0.430584997,-1,-1,-1,1,0.245453522,0.605048427,0.108632295,1,1,0,0,0
63.7,1.75790911,-1.58862959,89.7970269,0.0796318554,0.00552216879,FollowWall,following_right_wall,0,14,42,0.430755883,-1,-1,-1,1,0.245194063,0.609055764,0.108632295,1,1,0,0,0
63.75,1.75792258,-1.58465034,89.8148408,0.0796318554,0.00552216879,FollowWall,following_right_wall,0,14,42,0.430755883,-1,-1,-1,1,0.245194063,0.613062573,0.108632295,1,1,0,0,0
63.8,1.75793486,-1.58067013,89.8318237,0.0797730937,0.00340359391,FollowWall,following_right_wall,0,14,42,0.430860192,-1,-1,-1,1,0.245413825,0.617069078,0.108632295,1,1,0,0,0
63.85,1.75794607,-1.5766864,89.8457932,0.0797730937,0.00340359391,FollowWall,following_right_wall,0,14,42,0.430860192,-1,-1,-1,1,0.245413825,0.621074436,0.108632295,1,1,0,0,0
63.9,1.75795637,-1.57270062,89.8580048,0.0797481223,0.00377816606,FollowWall,following_right_wall,0,14,42,0.430835575,-1,-1,-1,1,0.245876163,0.625079126,0.108632295,1,1,0,0,0
63.95,1.75796584,-1.56871417,89.8696381,0.0797481223,0.00377816606,FollowWall,following_right_wall,0,14,42,0.430835575,-1,-1,-1,1,0.245876163,0.6290836,0.108632295,1,1,0,0,0
64,1.75797452,-1.56472732,89.8809341,0.079740091,0.00389863549,FollowWall,following_right_wall,0,14,42,0.430736661,-1,-1,-1,1,0.245780721,0.633087949,0.108632295,1,1,0,0,0
64.05,1.75798241,-1.56074041,89.892177,0.079740091,0.00389863549,FollowWall,following_right_wall,0,14,42,0.430736661,-1,-1,-1,1,0.245780721,0.637092284,0.108632295,1,1,0,0,0
64.1,1.75798953,-1.55675346,89.9033891,0.0798432519,0.00235122122,FollowWall,following_right_wall,0,14,42,0.430594891,-1,-1,-1,1,0.24550885,0.641096612,0.108632295,1,1,0,0,0
64.15,1.75799593,-1.55276434,89.912736,0.0798432519,0.00235122122,FollowWall,following_right_wall,0,14,42,0.430594891,-1,-1,-1,1,0.24550885,0.645100224,0.108632295,1,1,0,0,0
64.2,1.75800172,-1.54877396,89.9209949,0.0797478072,0.00378289169,FollowWall,following_right_wall,0,14,42,0.430371016,-1,-1,-1,1,0.245225489,0.649103417,0.108632295,1,1,0,0,0
64.25,1.75800689,-1.54478482,89.9303281,0.0797478072,0.00378289169,FollowWall,following_right_wall,0,14,42,0.430371016,-1,-1,-1,1,0.245225489,0.65310703,0.108632295,1,1,0,0,0
64.3,1.7580114,-1.54079641,89.940288,0.0797887124,0.00316931438,FollowWall,following_right_wall,0,14,42,0.430134952,-1,-1,-1,1,0.244841993,0.65711089,0.108632295,1,1,0,0,0
64.35,1.75801522,-1.53680758,89.949881,0.0797887124,0.00316931438,FollowWall,following_right_wall,0,14,42,0.430134952,-1,-1,-1,1,0.244841993,0.661114611,0.108632295,1,1,0,0,0
64.4,1.75801838,-1.53281849,89.95926,0.07988877,0.00166845034,FollowWall,following_right_wall,0,14,42,0.429873049,-1,-1,-1,1,0.245041832,0.665118252,0.108632295,1,1,0,0,0
64.45,1.75802096,-1.52882717,89.9667227,0.07988877,0.00166845034,FollowWall,following_right_wall,0,14,42,0.429873049,-1,-1,-1,1,0.245041832,0.669121152,0.108632295,1,1,0,0,0
64.5,1.75802306,-1.52483456,89.9730674,0.0799697589,0.000453617189,FollowWall,following_right_wall,0,14,42,0.429542571,-1,-1,-1,1,0.244660243,0.673123618,0.108632295,1,1,0,0,0
64.55,1.75802479,-1.52083949,89.97731,0.0799697589,0.000453617189,FollowWall,following_right_wall,0,14,42,0.429542571,-1,-1,-1,1,0.244660243,0.677125269,0.108632295,1,1,0,0,0
64.6,1.75802627,-1.516843,89.9803263,0.0798658719,0.00201192121,FollowWall,following_right_wall,0,14,42,0.429134667,-1,-1,-1,1,0.244687259,0.681126442,0.108632295,1,1,0,0,0
64.65,1.75802749,-1.51284785,89.9844874,0.0798658719,0.00201192121,FollowWall,following_right_wall,0,14,42,0.429134667,-1,-1,-1,1,0.244687259,0.685128062,0.108632295,1,1,0,0,0
64.7,1.75802841,-1.50885346,89.9893163,0.0796989213,0.00451618037,FollowWall,following_right_wall,0,14,42,0.428738356,-1,-1,-1,1,0.244923368,0.689129942,0.108632295,1,1,0,0,0
64.75,1.75802887,-1.50486301,89.9975239,0.0796989213,0.00451618037,FollowWall,following_right_wall,0,14,42,0.428738356,-1,-1,-1,1,0.244923368,0.693133139,0.108632295,1,1,0,0,0
64.8,1.75802868,-1.50087486,90.0077024,0.0795483085,0.00677537248,FollowWall,following_right_wall,0,14,42,0.428438902,-1,-1,-1,1,0.245159507,0.697113178,0.108632295,1,1,0,0,0
64.85,1.75802766,-1.49689118,90.0217275,0.0795483085,0.00677537248,FollowWall,following_right_wall,0,14,42,0.428438902,-1,-1,-1,1,0.245159507,0.70107508,0.108632295,1,1,0,0,0
64.9,1.75802559,-1.49291011,90.0379962,0.0795866707,0.00619993929,FollowWall,following_right_wall,0,14,42,0.428271681,-1,-1,-1,1,0.24513641,0.705030894,0.108632295,1,1,0,0,0
64.95,1.75802236,-1.48892976,90.054887,0.0795866707,0.00619993929,FollowWall,following_right_wall,0,14,42,0.428271681,-1,-1,-1,1,0.24513641,0.708985027,0.108632295,1,1,0,0,0
65,1.75801795,-1.48494984,90.0721405,0.0794248249,0.00862762703,FollowWall,following_right_wall,0,14,42,0.428165168,-1,-1,-1,1,0.245214894,0.712938182,0.108632295,1,1,0,0,0
65.05,1.75801223,-1.48097354,90.0925036,0.0794248249,0.00862762703,FollowWall,following_right_wall,0,14,42,0.428165168,-1,-1,-1,1,0.245214894,0.716882906,0.108632295,1,1,0,0,0
65.1,1.75800505,-1.47699935,90.1146805,0.0792673018,0.0109904737,FollowWall,following_right_wall,0,14,42,0.428173482,-1,-1,-1,1,0.245086432,0.720822719,0.108632295,1,1,0,0,0
65.15,1.7579962,-1.47302967,90.1407359,0.0792673018,0.0109904737,FollowWall,following_right_wall,0,14,42,0.428173482,-1,-1,-1,1,0.245086432,0.724752022,0.108632295,1,1,0,0,0
65.2,1.75798548,-1.46906264,90.1690539,0.0793185278,0.0102220832,FollowWall,following_right_wall,0,14,42,0.428341001,-1,-1,-1,1,0.244716093,0.728675208,0.108632295,1,1,0,0,0
65.25,1.75797278,-1.46509608,90.1977744,0.0793185278,0.0102220832,FollowWall,following_right_wall,0,14,42,0.428341001,-1,-1,-1,1,0.244716093,0.732597321,0.108632295,1,1,0,0,0
65.3,1.75795808,-1.46112979,90.2267297,0.0793019706,0.0104704411,FollowWall,following_right_wall,0,14,42,0.428590178,-1,-1,-1,1,0.245226622,0.736518816,0.108632295,1,1,0,0,0
65.35,1.75794137,-1.45716403,90.2561185,0.0793019706,0.0104704411,FollowWall,following_right_wall,0,14,42,0.428590178,-1,-1,-1,1,0.245226622,0.740439155,0.108632295,1,1,0,0,0
65.4,1.75792262,-1.45319856,90.2857601,0.0793664483,0.00950327602,FollowWall,following_right_wall,0,14,42,0.428907543,-1,-1,-1,1,0.245659336,0.744358828,0.108632295,1,1,0,0,0
65.45,1.75790185,-1.44923193,90.3143947,0.0793664483,0.00950327602,FollowWall,following_right_wall,0,14,42,0.428907543,-1,-1,-1,1,0.245659336,0.748281244,0.108632295,1,1,0,0,0
65.5,1.75787911,-1.44526463,90.342442,0.0795874732,0.00618790254,FollowWall,following_right_wall,0,14,42,0.429260224,-1,-1,-1,1,0.245339081,0.752205264,0.108632295,1,1,0,0,0
65.55,1.75785454,-1.44129234,90.3661891,0.0795874732,0.00618790254,FollowWall,following_right_wall,0,14,42,0.429260224,-1,-1,-1,1,0.245339081,0.756140932,0.108632295,1,1,0,0,0
65.6,1.7578284,-1.43731714,90.3874279,0.0796901547,0.00464768025,FollowWall,following_right_wall,0,14,42,0.429554909,-1,-1,-1,1,0.24525556,0.760083391,0.108632295,1,1,0,0,0
65.65,1.75780087,-1.4333381,90.405365,0.0796901547,0.00464768025,FollowWall,following_right_wall,0,14,42,0.429554909,-1,-1,-1,1,0.24525556,0.764034785,0.108632295,1,1,0,0,0
65.7,1.75777215,-1.42935684,90.421376,0.0797394683,0.00390797551,FollowWall,following_right_wall,0,14,42,0.429798126,-1,-1,-1,1,0.245107681,0.767991387,0.108632295,1,1,0,0,0
65.75,1.75774236,-1.42537324,90.4353806,0.0797394683,0.00390797551,FollowWall,following_right_wall,0,14,42,0.429798126,-1,-1,-1,1,0.245107681,0.771953414,0.108632295,1,1,0,0,0
65.8,1.75771163,-1.42138829,90.4482147,0.0799510616,0.000734075354,FollowWall,following_right_wall,0,14,42,0.430030227,-1,-1,-1,1,0.244980663,0.775918603,0.108632295,1,1,0,0,0
65.85,1.75768013,-1.41739815,90.4565775,0.0799510616,0.000734075354,FollowWall,following_right_wall,0,14,42,0.430030227,-1,-1,-1,1,0.244980663,0.779895876,0.108632295,1,1,0,0,0
65.9,1.75764811,-1.41340497,90.4623321,0.0798441696,-0.00233745544,FollowWall,following_right_wall,0,14,42,0.430193067,-1,-1,-1,1,0.244839787,0.783880195,0.108632295,1,1,0,0,0
65.95,1.75761587,-1.40941226,90.4628988,0.0798441696,-0.00233745544,FollowWall,following_right_wall,0,14,42,0.430193067,-1,-1,-1,1,0.244839787,0.787872041,0.108632295,1,1,0,0,0
66,1.7575837,-1.4054198,90.4604392,0.0797349126,-0.00397631046,FollowWall,following_right_wall,0,14,42,0.430250198,-1,-1,-1,1,0.244585514,0.791868278,0.108632295,1,1,0,0,0
66.05,1.75755185,-1.40142978,90.4542581,0.0797349126,-0.00397631046,FollowWall,following_right_wall,0,14,42,0.430250198,-1,-1,-1,1,0.244585514,0.795867814,0.108632295,1,1,0,0,0
66.1,1.75752051,-1.39744117,90.4459061,0.0797686861,-0.00346970838,FollowWall,following_right_wall,0,14,42,0.430232912,-1,-1,-1,1,0.245105669,0.799869278,0.108632295,1,1,0,0,0
66.15,1.75748979,-1.39345268,90.4368924,0.0797686861,-0.00346970838,FollowWall,following_right_wall,0,14,42,0.430232912,-1,-1,-1,1,0.245105669,0.803871645,0.108632295,1,1,0,0,0
66.2,1.7574597,-1.38946426,90.4274928,0.0798006827,-0.00298975891,FollowWall,following_right_wall,0,14,42,0.430229008,-1,-1,-1,1,0.245299369,0.807874541,0.108632295,1,1,0,0,0
66.25,1.75743025,-1.38547521,90.4184409,0.0798006827,-0.00298975891,FollowWall,following_right_wall,0,14,42,0.430229008,-1,-1,-1,1,0.245299369,0.811877533,0.108632295,1,1,0,0,0
66.3,1.75740142,-1.38148579,90.4095918,0.0796946954,-0.00457956957,FollowWall,following_right_wall,0,14,42,0.430282295,-1,-1,-1,1,0.245688617,0.815880585,0.108632295,1,1,0,0,0
66.35,1.75737329,-1.37749836,90.3989635,0.0796946954,-0.00457956957,FollowWall,following_right_wall,0,14,42,0.430282295,-1,-1,-1,1,0.245688617,0.81988439,0.108632295,1,1,0,0,0
66.4,1.75734594,-1.37351209,90.3872971,0.0796186145,-0.00572078233,FollowWall,following_right_wall,0,14,42,0.430340022,-1,-1,-1,1,0.245764628,0.823888639,0.108632295,1,1,0,0,0
66.45,1.75731948,-1.36952808,90.373663,0.0796186145,-0.00572078233,FollowWall,following_right_wall,0,14,42,0.430340022,-1,-1,-1,1,0.245764628,0.827893669,0.108632295,1,1,0,0,0
66.5,1.75729402,-1.36554538,90.3588812,0.0796502561,-0.00524615918,FollowWall,following_right_wall,0,14,42,0.430380553,-1,-1,-1,1,0.245932758,0.83189916,0.108632295,1,1,0,0,0
66.55,1.75726959,-1.36156279,90.3439963,0.0796502561,-0.00524615918,FollowWall,following_right_wall,0,14,42,0.430380553,-1,-1,-1,1,0.245932758,0.835904712,0.108632295,1,1,0,0,0
66.6,1.7572462,-1.35758025,90.3290513,0.0795928749,-0.00610687697,FollowWall,following_right_wall,0,14,42,0.430447966,-1,-1,-1,1,0.245821178,0.839910305,0.108632295,1,1,0,0,0
66.65,1.75722389,-1.35359894,90.3130438,0.0795928749,-0.00610687697,FollowWall,following_right_wall,0,14,42,0.430447966,-1,-1,-1,1,0.245821178,0.843916317,0.108632295,1,1,0,0,0
66.7,1.75720272,-1.34961835,90.2964166,0.0794873352,-0.00768997225,FollowWall,following_right_wall,0,14,42,0.430523604,-1,-1,-1,1,0.24543412,0.847922582,0.108632295,1,1,0,0,0
66.75,1.75718279,-1.34564037,90.2775381,0.0794873352,-0.00768997225,FollowWall,following_right_wall,0,14,42,0.430523604,-1,-1,-1,1,0.24543412,0.851929721,0.108632295,1,1,0,0,0
66.8,1.75716423,-1.3416639,90.2573465,0.0795386378,-0.00692043372,FollowWall,following_right_wall,0,14,42,0.430564612,-1,-1,-1,1,0.245789528,0.855937379,0.108632295,1,1,0,0,0
66.85,1.75714707,-1.33768726,90.2373073,0.0795386378,-0.00692043372,FollowWall,following_right_wall,0,14,42,0.430564612,-1,-1,-1,1,0.245789528,0.859944998,0.108632295,1,1,0,0,0
66.9,1.75713129,-1.3337105,90.2173572,0.0795801845,-0.00629723255,FollowWall,following_right_wall,0,14,42,0.430621386,-1,-1,-1,1,0.246064261,0.863952602,0.108632295,1,1,0,0,0
66.95,1.75711686,-1.32973282,90.1982028,0.0795801845,-0.00629723255,FollowWall,following_right_wall,0,14,42,0.430621386,-1,-1,-1,1,0.246064261,0.867959918,0.108632295,1,1,0,0,0
67,1.75710375,-1.32575458,90.1795127,0.0794323195,-0.00851520725,FollowWall,following_right_wall,0,14,42,0.430719614,-1,-1,-1,1,0.245872647,0.871967072,0.108632295,1,1,0,0,0
67.05,1.75709203,-1.32177911,90.1584458,0.0794323195,-0.00851520725,FollowWall,following_right_wall,0,14,42,0.430719614,-1,-1,-1,1,0.245872647,0.875975155,0.108632295,1,1,0,0,0
67.1,1.75708182,-1.31780525,90.1359925,0.0792952776,-0.0105708359,FollowWall,following_right_wall,0,14,42,0.430773258,-1,-1,-1,1,0.245976537,0.879983791,0.108632295,1,1,0,0,0
67.15,1.75707328,-1.31383518,90.1102768,0.0792952776,-0.0105708359,FollowWall,following_right_wall,0,14,42,0.430773258,-1,-1,-1,1,0.245976537,0.883993707,0.108632295,1,1,0,0,0
67.2,1.7570666,-1.30986733,90.0826579,0.0793321453,-0.010017821,FollowWall,following_right_wall,0,14,42,0.430732429,-1,-1,-1,1,0.245850682,0.888004384,0.108632295,1,1,0,0,0
67.25,1.75706185,-1.30589999,90.054589,0.0793321453,-0.010017821,FollowWall,following_right_wall,0,14,42,0.430732429,-1,-1,-1,1,0.245850682,0.892015263,0.108632295,1,1,0,0,0
67.3,1.75705905,-1.30193295,90.0262576,0.0794327355,-0.00850896723,FollowWall,following_right_wall,0,14,42,0.430657744,-1,-1,-1,1,0.245677784,0.896026269,0.108632295,1,1,0,0,0
67.35,1.75705816,-1.297964,89.9995741,0.0794327355,-0.00850896723,FollowWall,following_right_wall,0,14,42,0.430657744,-1,-1,-1,1,0.245677784,0.900035336,0.108632295,1,1,0,0,0
67.4,1.75705908,-1.29399393,89.9738519,0.0795341409,-0.00698788724,FollowWall,following_right_wall,0,14,42,0.430613816,-1,-1,-1,1,0.245741382,0.903965462,0.108632295,1,1,0,0,0
67.45,1.7570617,-1.2900211,89.9505061,0.0795341409,-0.00698788724,FollowWall,following_right_wall,0,14,42,0.430613816,-1,-1,-1,1,0.245741382,0.907902061,0.108632295,1,1,0,0,0
67.5,1.7570659,-1.28604665,89.9285466,0.0794539032,-0.00819145204,FollowWall,following_right_wall,0,14,42,0.430625767,-1,-1,-1,1,0.24578698,0.911842438,0.108632295,1,1,0,0,0
67.55,1.75707163,-1.28207294,89.905959,0.0794539032,-0.00819145204,FollowWall,following_right_wall,0,14,42,0.430625767,-1,-1,-1,1,0.24578698,0.915781124,0.108632295,1,1,0,0,0
67.6,1.75707895,-1.27809965,89.8830051,0.0793640139,-0.00953979083,FollowWall,following_right_wall,0,14,42,0.430613786,-1,-1,-1,1,0.24599652,0.919718829,0.108632295,1,1,0,0,0
67.65,1.75708792,-1.27412849,89.858228,0.0793640139,-0.00953979083,FollowWall,following_right_wall,0,14,42,0.430613786,-1,-1,-1,1,0.24599652,0.923651602,0.108632295,1,1,0,0,0
67.7,1.75709864,-1.27015857,89.8323875,0.0793675769,-0.00948634594,FollowWall,following_right_wall,0,14,42,0.430522382,-1,-1,-1,1,0.246522889,0.927581506,0.108632295,1,1,0,0,0
67.75,1.75711116,-1.26618931,89.8059903,0.0793675769,-0.00948634594,FollowWall,following_right_wall,0,14,42,0.430522382,-1,-1,-1,1,0.246522889,0.931509916,0.108632295,1,1,0,0,0
67.8,1.75712553,-1.26222042,89.7792685,0.0793193807,-0.010209289,FollowWall,following_right_wall,0,14,42,0.430370152,-1,-1,-1,1,0.246543035,0.935437462,0.108632295,1,1,0,0,0
67.85,1.75714178,-1.25825277,89.7514943,0.0793193807,-0.010209289,FollowWall,following_right_wall,0,14,42,0.430370152,-1,-1,-1,1,0.246543035,0.939362172,0.108632295,1,1,0,0,0
67.9,1.75715996,-1.25428585,89.7231062,0.0794383042,-0.00842543731,FollowWall,following_right_wall,0,14,42,0.430145353,-1,-1,-1,1,0.246399641,0.943285235,0.108632295,1,1,0,0,0
67.95,1.75718007,-1.25031687,89.6964894,0.0794383042,-0.00842543731,FollowWall,following_right_wall,0,14,42,0.430145353,-1,-1,-1,1,0.246399641,0.94721311,0.108632295,1,1,0,0,0
68,1.75720198,-1.2463467,89.6709058,0.0797240169,-0.00413974668,FollowWall,following_right_wall,0,14,42,0.429911494,-1,-1,-1,1,0.246419802,0.951143793,0.108632295,1,1,0,0,0
68.05,1.75722552,-1.24236988,89.6510406,0.0797240169,-0.00413974668,FollowWall,following_right_wall,0,14,42,0.429911494,-1,-1,-1,1,0.246419802,0.955089962,0.108632295,1,1,0,0,0
68.1,1.75725033,-1.23838919,89.6345111,0.0799348597,-0.000977105141,FollowWall,following_right_wall,0,14,42,0.429781169,-1,-1,-1,1,0.245970413,0.959045159,0.108632295,1,1,0,0,0
68.15,1.75727615,-1.23440185,89.6237025,0.0799348597,-0.000977105141,FollowWall,following_right_wall,0,14,42,0.429781169,-1,-1,-1,1,0.245970413,0.963015835,0.108632295,1,1,0,0,0
68.2,1.75730262,-1.23041063,89.6162312,0.0798268085,0.00259787225,FollowWall,following_right_wall,0,14,42,0.429775149,-1,-1,-1,1,0.245827198,0.966995537,0.108632295,1,1,0,0,0
68.25,1.7573294,-1.2264194,89.6149739,0.0798268085,0.00259787225,FollowWall,following_right_wall,0,14,42,0.429775149,-1,-1,-1,1,0.245827198,0.97098483,0.108632295,1,1,0,0,0
68.3,1.75735614,-1.22242816,89.6173415,0.0796422676,0.00536598616,FollowWall,following_right_wall,0,14,42,0.429905206,-1,-1,-1,1,0.245630726,0.974979719,0.108632295,1,1,0,0,0
68.35,1.7573825,-1.21844076,89.6251278,0.0796422676,0.00536598616,FollowWall,following_right_wall,0,14,42,0.429905206,-1,-1,-1,1,0.245630726,0.978979124,0.108632295,1,1,0,0,0
68.4,1.75740819,-1.21445559,89.6360749,0.0796796996,0.00480450579,FollowWall,following_right_wall,0,14,42,0.430155307,-1,-1,-1,1,0.245535284,0.982981169,0.108632295,1,1,0,0,0
68.45,1.75743308,-1.21047095,89.6481957,0.0796796996,0.00480450579,FollowWall,following_right_wall,0,14,42,0.430155307,-1,-1,-1,1,0.245535284,0.986984506,0.108632295,1,1,0,0,0
68.5,1.7574571,-1.2064866,89.6610011,0.0797405704,0.00389144465,FollowWall,following_right_wall,0,14,42,0.430415124,-1,-1,-1,1,0.245604426,0.990988602,0.108632295,1,1,0,0,0
68.55,1.75748026,-1.20250117,89.673116,0.0797405704,0.00389144465,FollowWall,following_right_wall,0,14,42,0.430415124,-1,-1,-1,1,0.245604426,0.994992732,0.108632295,1,1,0,0,0
68.6,1.75750259,-1.19851509,89.6848281,0.0797562901,0.00365564837,FollowWall,following_right_wall,0,14,42,0.430612594,-1,-1,-1,1,0.24561587,0.998996884,0.108632295,1,1,0,0,0
68.65,1.75752413,-1.19452831,89.6960238,0.0797562901,0.00365564837,FollowWall,following_right_wall,0,14,42,0.430612594,-1,-1,-1,1,0.24561587,1.00300095,0.108632295,1,1,0,0,0
68.7,1.75754491,-1.19054112,89.7069182,0.0796249946,0.00562508069,FollowWall,following_right_wall,0,14,42,0.430740386,-1,-1,-1,1,0.245618299,1.00700496,0.108632295,1,1,0,0,0
68.75,1.75756484,-1.18655642,89.7199877,0.0796249946,0.00562508069,FollowWall,following_right_wall,0,14,42,0.430740386,-1,-1,-1,1,0.245618299,1.01100984,0.108632295,1,1,0,0,0
68.8,1.7575838,-1.18257318,89.734326,0.079517882,0.00723176999,FollowWall,following_right_wall,0,14,42,0.430868387,-1,-1,-1,1,0.245703727,1.01501523,0.108632295,1,1,0,0,0
68.85,1.75760167,-1.17859301,89.7513224,0.079517882,0.00723176999,FollowWall,following_right_wall,0,14,42,0.430868387,-1,-1,-1,1,0.245703727,1.01902167,0.108632295,1,1,0,0,0
68.9,1.75761829,-1.17461464,89.7698692,0.0796116762,0.0058248566,FollowWall,following_right_wall,0,14,42,0.431027561,-1,-1,-1,1,0.24551557,1.02302872,0.108632295,1,1,0,0,0
68.95,1.75763366,-1.17063535,89.7876411,0.0796116762,0.0058248566,FollowWall,following_right_wall,0,14,42,0.431027561,-1,-1,-1,1,0.24551557,1.02703548,0.108632295,1,1,0,0,0
69,1.75764781,-1.16665553,89.8049609,0.079750397,0.00374404526,FollowWall,following_right_wall,0,14,42,0.431136698,-1,-1,-1,1,0.245623097,1.0310421,0.108632295,1,1,0,0,0
69.05,1.75766086,-1.16267251,89.8195333,0.079750397,0.00374404526,FollowWall,following_right_wall,0,14,42,0.431136698,-1,-1,-1,1,0.245623097,1.03504767,0.108632295,1,1,0,0,0
69.1,1.75767296,-1.15868762,89.8325029,0.0797764968,0.00335254748,FollowWall,following_right_wall,0,14,42,0.431127161,-1,-1,-1,1,0.246080682,1.03905264,0.108632295,1,1,0,0,0
69.15,1.75768421,-1.1547011,89.8440704,0.0797764968,0.00335254748,FollowWall,following_right_wall,0,14,42,0.431127161,-1,-1,-1,1,0.246080682,1.04305707,0.108632295,1,1,0,0,0
69.2,1.75769469,-1.15071362,89.8548199,0.0797313583,0.00402962482,FollowWall,following_right_wall,0,14,42,0.4310233,-1,-1,-1,1,0.246112853,1.0470612,0.108632295,1,1,0,0,0
69.25,1.75770441,-1.14672652,89.8659004,0.0797313583,0.00402962482,FollowWall,following_right_wall,0,14,42,0.4310233,-1,-1,-1,1,0.246112853,1.05106545,0.108632295,1,1,0,0,0
69.3,1.75771335,-1.14273965,89.8771741,0.079818204,0.00272693939,FollowWall,following_right_wall,0,14,42,0.430880725,-1,-1,-1,1,0.245845497,1.05506979,0.108632295,1,1,0,0,0
69.35,1.75772155,-1.1387511,89.8870054,0.079818204,0.00272693939,FollowWall,following_right_wall,0,14,42,0.430880725,-1,-1,-1,1,0.245845497,1.05907358,0.108632295,1,1,0,0,0
69.4,1.75772911,-1.13476157,89.8959954,0.0797622462,0.00356630698,FollowWall,following_right_wall,0,14,42,0.430668414,-1,-1,-1,1,0.245576486,1.06307705,0.108632295,1,1,0,0,0
69.45,1.75773602,-1.13077263,89.9054966,0.0797622462,0.00356630698,FollowWall,following_right_wall,0,14,42,0.430668414,-1,-1,-1,1,0.245576486,1.06708072,0.108632295,1,1,0,0,0
69.5,1.75774226,-1.12678403,89.9152958,0.0797692315,0.00346152804,FollowWall,following_right_wall,0,14,42,0.430431157,-1,-1,-1,1,0.245213702,1.0710845,0.108632295,1,1,0,0,0
69.55,1.75774781,-1.1227955,89.925144,0.0797692315,0.00346152804,FollowWall,following_right_wall,0,14,42,0.430431157,-1,-1,-1,1,0.245213702,1.07508831,0.108632295,1,1,0,0,0
69.6,1.75775268,-1.11880699,89.9350206,0.0798717959,0.00192306158,FollowWall,following_right_wall,0,14,42,0.430174559,-1,-1,-1,1,0.245270148,1.07909214,0.108632295,1,1,0,0,0
69.65,1.75775692,-1.11481637,89.9430775,0.0798717959,0.00192306158,FollowWall,following_right_wall,0,14,42,0.430174559,-1,-1,-1,1,0.245270148,1.08309526,0.108632295,1,1,0,0,0
69.7,1.75776064,-1.11082451,89.9500728,0.0799560852,0.000658722028,FollowWall,following_right_wall,0,14,42,0.429853529,-1,-1,-1,1,0.245000154,1.08709798,0.108632295,1,1,0,0,0
69.75,1.75776396,-1.10683017,89.9549397,0.0799560852,0.000658722028,FollowWall,following_right_wall,0,14,42,0.429853529,-1,-1,-1,1,0.245000154,1.09109986,0.108632295,1,1,0,0,0
69.8,1.75776697,-1.10283439,89.958565,0.0798899344,0.00165098465,FollowWall,following_right_wall,0,14,42,0.429454207,-1,-1,-1,1,0.244871601,1.09510127,0.108632295,1,1,0,0,0
69.85,1.75776972,-1.09883915,89.9626505,0.0798899344,0.00165098465,FollowWall,following_right_wall,0,14,42,0.429454207,-1,-1,-1,1,0.244871601,1.09910286,0.108632295,1,1,0,0,0
69.9,1.75777217,-1.09484421,89.9670044,0.0797238277,0.00414258513,FollowWall,following_right_wall,0,14,42,0.429047614,-1,-1,-1,1,0.245133758,1.10310455,0.108632295,1,1,0,0,0
69.95,1.75777421,-1.09085292,89.9744891,0.0797238277,0.00414258513,FollowWall,following_right_wall,0,14,42,0.429047614,-1,-1,-1,1,0.245133758,1.10710746,0.108632295,1,1,0,0,0
70,1.75777566,-1.08686376,89.9837999,0.0795589391,0.00661591363,FollowWall,following_right_wall,0,14,42,0.428726017,-1,-1,-1,1,0.245368183,1.11111108,0.108632295,1,1,0,0,0
70.05,1.75777632,-1.08287927,89.9971285,0.0795589391,0.00661591363,FollowWall,following_right_wall,0,14,42,0.428726017,-1,-1,-1,1,0.245368183,1.11511627,0.108632295,1,1,0,0,0
70.1,1.75777598,-1.0788975,90.0128006,0.0795987804,0.00601829402,FollowWall,following_right_wall,0,14,42,0.428538024,-1,-1,-1,1,0.245469555,1.11908262,0.108632295,1,1,0,0,0
70.15,1.75777452,-1.0749165,90.0291265,0.0795987804,0.00601829402,FollowWall,following_right_wall,0,14,42,0.428538024,-1,-1,-1,1,0.245469555,1.12303827,0.108632295,1,1,0,0,0
70.2,1.75777192,-1.07093594,90.0458337,0.0794495275,0.00825708789,FollowWall,following_right_wall,0,14,42,0.428411126,-1,-1,-1,1,0.245418906,1.1269929,0.108632295,1,1,0,0,0
70.25,1.75776806,-1.06695875,90.0654358,0.0794495275,0.00825708789,FollowWall,following_right_wall,0,14,42,0.428411126,-1,-1,-1,1,0.245418906,1.13093967,0.108632295,1,1,0,0,0
70.3,1.75776278,-1.06298352,90.0867265,0.0792905017,0.0106424742,FollowWall,following_right_wall,0,14,42,0.428392202,-1,-1,-1,1,0.245355442,1.13488188,0.108632295,1,1,0,0,0
70.35,1.7577559,-1.05901276,90.1118496,0.0792905017,0.0106424742,FollowWall,following_right_wall,0,14,42,0.428392202,-1,-1,-1,1,0.245355442,1.13881369,0.108632295,1,1,0,0,0
70.4,1.7577472,-1.05504461,90.1392083,0.079303985,0.010440225,FollowWall,following_right_wall,0,14,42,0.428528339,-1,-1,-1,1,0.244973838,1.14273946,0.108632295,1,1,0,0,0
70.45,1.75773658,-1.05107769,90.1676296,0.079303985,0.010440225,FollowWall,following_right_wall,0,14,42,0.428528339,-1,-1,-1,1,0.244973838,1.14666236,0.108632295,1,1,0,0,0
70.5,1.75772397,-1.0471115,90.1966708,0.0793185454,0.0102218186,FollowWall,following_right_wall,0,14,42,0.42876187,-1,-1,-1,1,0.24538298,1.1505836,0.108632295,1,1,0,0,0
70.55,1.75770935,-1.04314544,90.2258129,0.0793185454,0.0102218186,FollowWall,following_right_wall,0,14,42,0.42876187,-1,-1,-1,1,0.24538298,1.15450459,0.108632295,1,1,0,0,0
70.6,1.75769271,-1.03917945,90.2550138,0.0793253209,0.0101201859,FollowWall,following_right_wall,0,14,42,0.429057747,-1,-1,-1,1,0.245903715,1.15842544,0.108632295,1,1,0,0,0
70.65,1.75767405,-1.03521337,90.2841278,0.0793253209,0.0101201859,FollowWall,following_right_wall,0,14,42,0.429057747,-1,-1,-1,1,0.245903715,1.16234654,0.108632295,1,1,0,0,0
70.7,1.75765337,-1.03124724,90.313191,0.07954608,0.00680880006,FollowWall,following_right_wall,0,14,42,0.429410547,-1,-1,-1,1,0.245567501,1.1662678,0.108632295,1,1,0,0,0
70.75,1.7576308,-1.02727648,90.338272,0.07954608,0.00680880006,FollowWall,following_right_wall,0,14,42,0.429410547,-1,-1,-1,1,0.245567501,1.17019984,0.108632295,1,1,0,0,0
70.8,1.75760655,-1.02330304,90.36103,0.0796881218,0.00467817293,FollowWall,following_right_wall,0,14,42,0.429719299,-1,-1,-1,1,0.245542064,1.17413819,0.108632295,1,1,0,0,0
70.85,1.75758083,-1.01932507,90.3798896,0.0796881218,0.00467817293,FollowWall,following_right_wall,0,14,42,0.429719299,-1,-1,-1,1,0.245542064,1.17808708,0.108632295,1,1,0,0,0
70.9,1.75755386,-1.01534446,90.3964752,0.0797023855,0.00446421726,FollowWall,following_right_wall,0,14,42,0.429962933,-1,-1,-1,1,0.245274648,1.18204213,0.108632295,1,1,0,0,0
70.95,1.75752578,-1.01136201,90.4114789,0.0797023855,0.00446421726,FollowWall,following_right_wall,0,14,42,0.429962933,-1,-1,-1,1,0.245274648,1.18600146,0.108632295,1,1,0,0,0
71,1.75749668,-1.0073785,90.4255598,0.0799147951,0.00127807289,FollowWall,following_right_wall,0,14,42,0.430203229,-1,-1,-1,1,0.245156229,1.18996328,0.108632295,1,1,0,0,0
71.05,1.75746672,-1.00338995,90.4352993,0.0799147951,0.00127807289,FollowWall,following_right_wall,0,14,42,0.430203229,-1,-1,-1,1,0.245156229,1.19393683,0.108632295,1,1,0,0,0
71.1,1.75743614,-0.99939845,90.4425062,0.0798784114,-0.00182382956,FollowWall,following_right_wall,0,14,42,0.430380762,-1,-1,-1,1,0.245126098,1.19791723,0.108632295,1,1,0,0,0
71.15,1.75740524,-0.995405994,90.4445333,0.0798784114,-0.00182382956,FollowWall,following_right_wall,0,14,42,0.430380762,-1,-1,-1,1,0.245126098,1.20190657,0.108632295,1,1,0,0,0
71.2,1.75737429,-0.991412979,90.4435386,0.0797331903,-0.00400214579,FollowWall,following_right_wall,0,14,42,0.430454224,-1,-1,-1,1,0.244740352,1.20590112,0.108632295,1,1,0,0,0
71.25,1.75734359,-0.987422659,90.4381812,0.0797331903,-0.00400214579,FollowWall,following_right_wall,0,14,42,0.430454224,-1,-1,-1,1,0.244740352,1.20989968,0.108632295,1,1,0,0,0
71.3,1.75731336,-0.983433911,90.4302789,0.0797665066,-0.00350240167,FollowWall,following_right_wall,0,14,42,0.43043685,-1,-1,-1,1,0.245260596,1.2139006,0.108632295,1,1,0,0,0
71.35,1.75728371,-0.979445382,90.4214885,0.0797665066,-0.00350240167,FollowWall,following_right_wall,0,14,42,0.43043685,-1,-1,-1,1,0.245260596,1.21790267,0.108632295,1,1,0,0,0
71.4,1.75725469,-0.975456979,90.4121801,0.0797994096,-0.00300885661,FollowWall,following_right_wall,0,14,42,0.43042329,-1,-1,-1,1,0.245455563,1.22190541,0.108632295,1,1,0,0,0
71.45,1.75722631,-0.971467962,90.4031586,0.0797994096,-0.00300885661,FollowWall,following_right_wall,0,14,42,0.43042329,-1,-1,-1,1,0.245455563,1.22590832,0.108632295,1,1,0,0,0
71.5,1.75719855,-0.967478586,90.3943045,0.0797285356,-0.00407196584,FollowWall,following_right_wall,0,14,42,0.430464238,-1,-1,-1,1,0.245849386,1.22991134,0.108632295,1,1,0,0,0
71.55,1.75717145,-0.963490474,90.3842791,0.0797285356,-0.00407196584,FollowWall,following_right_wall,0,14,42,0.430464238,-1,-1,-1,1,0.245849386,1.23391491,0.108632295,1,1,0,0,0
71.6,1.75714508,-0.959503098,90.3735704,0.0796159671,-0.00576049369,FollowWall,following_right_wall,0,14,42,0.430526018,-1,-1,-1,1,0.245909646,1.23791879,0.108632295,1,1,0,0,0
71.65,1.75711955,-0.955518494,90.3604475,0.0796159671,-0.00576049369,FollowWall,following_right_wall,0,14,42,0.430526018,-1,-1,-1,1,0.245909646,1.24192363,0.108632295,1,1,0,0,0
71.7,1.757095,-0.951535503,90.3459165,0.0796470505,-0.00529424319,FollowWall,following_right_wall,0,14,42,0.430563152,-1,-1,-1,1,0.246083453,1.24592903,0.108632295,1,1,0,0,0
71.75,1.75707147,-0.947552804,90.3311205,0.0796470505,-0.00529424319,FollowWall,following_right_wall,0,14,42,0.430563152,-1,-1,-1,1,0.246083453,1.24993456,0.108632295,1,1,0,0,0
71.8,1.75704897,-0.943570272,90.3161699,0.0796233768,-0.00564934842,FollowWall,following_right_wall,0,14,42,0.430620909,-1,-1,-1,1,0.246113345,1.25394016,0.108632295,1,1,0,0,0
71.85,1.75702754,-0.939588328,90.3007054,0.0796233768,-0.00564934842,FollowWall,following_right_wall,0,14,42,0.430620909,-1,-1,-1,1,0.246113345,1.25794598,0.108632295,1,1,0,0,0
71.9,1.75700719,-0.935606726,90.284941,0.07948404,-0.00773940049,FollowWall,following_right_wall,0,14,42,0.430701286,-1,-1,-1,1,0.245721266,1.26195193,0.108632295,1,1,0,0,0
71.95,1.75698804,-0.931628223,90.2665069,0.07948404,-0.00773940049,FollowWall,following_right_wall,0,14,42,0.430701286,-1,-1,-1,1,0.245721266,1.26595891,0.108632295,1,1,0,0,0
72,1.75697024,-0.927651525,90.2465154,0.079534449,-0.00698326439,FollowWall,following_right_wall,0,14,42,0.430740297,-1,-1,-1,1,0.245909646,1.2699665,0.108632295,1,1,0,0,0
72.05,1.75695382,-0.923674828,90.226518,0.079534449,-0.00698326439,FollowWall,following_right_wall,0,14,42,0.430740297,-1,-1,-1,1,0.245909646,1.27397411,0.108632295,1,1,0,0,0
72.1,1.7569388,-0.919698128,90.2065173,0.0795881908,-0.00617713863,FollowWall,following_right_wall,0,14,42,0.430789322,-1,-1,-1,1,0.246221066,1.27798174,0.108632295,1,1,0,0,0
72.15,1.75692512,-0.915720307,90.1874767,0.0795881908,-0.00617713863,FollowWall,following_right_wall,0,14,42,0.430789322,-1,-1,-1,1,0.246221066,1.28198902,0.108632295,1,1,0,0,0
72.2,1.75691274,-0.911741829,90.1689963,0.0794578376,-0.00813243594,FollowWall,following_right_wall,0,14,42,0.430884153,-1,-1,-1,1,0.24600625,1.28599611,0.108632295,1,1,0,0,0
72.25,1.75690173,-0.907765683,90.1485087,0.0794578376,-0.00813243594,FollowWall,following_right_wall,0,14,42,0.430884153,-1,-1,-1,1,0.24600625,1.29000398,0.108632295,1,1,0,0,0
72.3,1.75689217,-0.903790895,90.1268502,0.0793185347,-0.0102219797,FollowWall,following_right_wall,0,14,42,0.430946261,-1,-1,-1,1,0.246189848,1.29401231,0.108632295,1,1,0,0,0
72.35,1.75688424,-0.899819801,90.1020145,0.0793185347,-0.0102219797,FollowWall,following_right_wall,0,14,42,0.430946261,-1,-1,-1,1,0.246189848,1.2980219,0.108632295,1,1,0,0,0
72.4,1.7568781,-0.89585086,90.0753254,0.079319423,-0.0102086555,FollowWall,following_right_wall,0,14,42,0.430919677,-1,-1,-1,1,0.246058226,1.30203222,0.108632295,1,1,0,0,0
72.45,1.75687385,-0.891883155,90.0475711,0.079319423,-0.0102086555,FollowWall,following_right_wall,0,14,42,0.430919677,-1,-1,-1,1,0.246058226,1.30604299,0.108632295,1,1,0,0,0
72.5,1.75687153,-0.887916173,90.0191954,0.0794188495,-0.00871725706,FollowWall,following_right_wall,0,14,42,0.430844903,-1,-1,-1,1,0.245803207,1.31005402,0.108632295,1,1,0,0,0
72.55,1.75687114,-0.88394754,89.9922375,0.0794188495,-0.00871725706,FollowWall,following_right_wall,0,14,42,0.430844903,-1,-1,-1,1,0.245803207,1.3140404,0.108632295,1,1,0,0,0
72.6,1.75687258,-0.879977945,89.9661065,0.0795204055,-0.00719391767,FollowWall,following_right_wall,0,14,42,0.430792302,-1,-1,-1,1,0.245865643,1.31796942,0.108632295,1,1,0,0,0
72.65,1.75687576,-0.876005674,89.9422764,0.0795204055,-0.00719391767,FollowWall,following_right_wall,0,14,42,0.430792302,-1,-1,-1,1,0.245865643,1.32190471,0.108632295,1,1,0,0,0
72.7,1.75688054,-0.872031843,89.9197883,0.0794705359,-0.00794196154,FollowWall,following_right_wall,0,14,42,0.430793256,-1,-1,-1,1,0.245960534,1.32584366,0.108632295,1,1,0,0,0
72.75,1.75688689,-0.868058142,89.8971903,0.0794705359,-0.00794196154,FollowWall,following_right_wall,0,14,42,0.430793256,-1,-1,-1,1,0.245960534,1.32978232,0.108632295,1,1,0,0,0
72.8,1.7568948,-0.864084518,89.8745281,0.0793788754,-0.00931686828,FollowWall,following_right_wall,0,14,42,0.430784196,-1,-1,-1,1,0.246120214,1.33372083,0.108632295,1,1,0,0,0
72.85,1.75690434,-0.860112852,89.8501873,0.0793788754,-0.00931686828,FollowWall,following_right_wall,0,14,42,0.430784196,-1,-1,-1,1,0.246120214,1.33765479,0.108632295,1,1,0,0,0
72.9,1.7569156,-0.856142329,89.8248673,0.0793608607,-0.00958708889,FollowWall,following_right_wall,0,14,42,0.43070358,-1,-1,-1,1,0.246643841,1.34158611,0.108632295,1,1,0,0,0
72.95,1.75692865,-0.852172851,89.7986536,0.0793608607,-0.00958708889,FollowWall,following_right_wall,0,14,42,0.43070358,-1,-1,-1,1,0.246643841,1.34551502,0.108632295,1,1,0,0,0
73,1.75694352,-0.848203987,89.7719185,0.0793301682,-0.010047477,FollowWall,following_right_wall,0,14,42,0.430555403,-1,-1,-1,1,0.246788636,1.34944253,0.108632295,1,1,0,0,0
73.05,1.75696027,-0.844236123,89.7443297,0.0793301682,-0.010047477,FollowWall,following_right_wall,0,14,42,0.430555403,-1,-1,-1,1,0.246788636,1.35336775,0.108632295,1,1,0,0,0
73.1,1.75697894,-0.840268847,89.716243,0.0793961667,-0.00905749975,FollowWall,following_right_wall,0,14,42,0.430338711,-1,-1,-1,1,0.246652991,1.35729163,0.108632295,1,1,0,0,0
73.15,1.75699954,-0.836300544,89.6890474,0.0793961667,-0.00905749975,FollowWall,following_right_wall,0,14,42,0.430338711,-1,-1,-1,1,0.246652991,1.36121794,0.108632295,1,1,0,0,0
73.2,1.757022,-0.832331646,89.6623718,0.079684361,-0.00473458428,FollowWall,following_right_wall,0,14,42,0.430092514,-1,-1,-1,1,0.246661559,1.36514568,0.108632295,1,1,0,0,0
73.25,1.75704616,-0.828356401,89.6411595,0.079684361,-0.00473458428,FollowWall,following_right_wall,0,14,42,0.430092514,-1,-1,-1,1,0.246661559,1.3690882,0.108632295,1,1,0,0,0
73.3,1.75707171,-0.824377457,89.6231342,0.0799010007,-0.00148498907,FollowWall,following_right_wall,0,14,42,0.429938763,-1,-1,-1,1,0.246195748,1.37303935,0.108632295,1,1,0,0,0
73.35,1.75709835,-0.820391843,89.6108468,0.0799010007,-0.00148498907,FollowWall,following_right_wall,0,14,42,0.429938763,-1,-1,-1,1,0.246195748,1.37700603,0.108632295,1,1,0,0,0
73.4,1.75712576,-0.816402339,89.6019066,0.0798553478,0.00216978374,FollowWall,following_right_wall,0,14,42,0.429908365,-1,-1,-1,1,0.246046826,1.38098175,0.108632295,1,1,0,0,0
73.45,1.75715358,-0.812411518,89.5992815,0.0798553478,0.00216978374,FollowWall,following_right_wall,0,14,42,0.429908365,-1,-1,-1,1,0.246046826,1.38496853,0.108632295,1,1,0,0,0
73.5,1.75718146,-0.808419927,89.6003402,0.0796476613,0.00528508002,FollowWall,following_right_wall,0,14,42,0.430016667,-1,-1,-1,1,0.245878965,1.38896175,0.108632295,1,1,0,0,0
73.55,1.75720904,-0.804432211,89.6072663,0.0796476613,0.00528508002,FollowWall,following_right_wall,0,14,42,0.430016667,-1,-1,-1,1,0.245878965,1.39296014,0.108632295,1,1,0,0,0
73.6,1.757236,-0.800446752,89.6176152,0.0796681644,0.00497753421,FollowWall,following_right_wall,0,14,42,0.430256695,-1,-1,-1,1,0.245801717,1.39696155,0.108632295,1,1,0,0,0
73.65,1.75726217,-0.796462181,89.6295935,0.0796681644,0.00497753421,FollowWall,following_right_wall,0,14,42,0.430256695,-1,-1,-1,1,0.245801717,1.40096459,0.108632295,1,1,0,0,0
73.7,1.75728748,-0.792478124,89.6425223,0.0797265126,0.00410231125,FollowWall,following_right_wall,0,14,42,0.430520535,-1,-1,-1,1,0.245779529,1.40496858,0.108632295,1,1,0,0,0
73.75,1.75731191,-0.78849315,89.6549609,0.0797265126,0.00410231125,FollowWall,following_right_wall,0,14,42,0.430520535,-1,-1,-1,1,0.245779529,1.40897274,0.108632295,1,1,0,0,0
73.8,1.75733549,-0.784507639,89.6671136,0.079774582,0.00338126937,FollowWall,following_right_wall,0,14,42,0.430729955,-1,-1,-1,1,0.245795071,1.412977,0.108632295,1,1,0,0,0
73.85,1.75735827,-0.780520812,89.6782387,0.079774582,0.00338126937,FollowWall,following_right_wall,0,14,42,0.430729955,-1,-1,-1,1,0.245795071,1.41698099,0.108632295,1,1,0,0,0
73.9,1.75738029,-0.776533215,89.6887644,0.0796401482,0.00539777745,FollowWall,following_right_wall,0,14,42,0.430858046,-1,-1,-1,1,0.245858058,1.42098484,0.108632295,1,1,0,0,0
73.95,1.7574015,-0.772547968,89.7013476,0.0796401482,0.00539777745,FollowWall,following_right_wall,0,14,42,0.430858046,-1,-1,-1,1,0.245858058,1.42498951,0.108632295,1,1,0,0,0
74,1.75742179,-0.768564089,89.7151309,0.0795286747,0.0070698795,FollowWall,following_right_wall,0,14,42,0.430980027,-1,-1,-1,1,0.245816976,1.42899467,0.108632295,1,1,0,0,0
74.05,1.75744101,-0.764583329,89.7316102,0.0795286747,0.0070698795,FollowWall,following_right_wall,0,14,42,0.430980027,-1,-1,-1,1,0.245816976,1.43300089,0.108632295,1,1,0,0,0
74.1,1.75745902,-0.760604385,89.7496621,0.0795882085,0.00617687225,FollowWall,following_right_wall,0,14,42,0.431132883,-1,-1,-1,1,0.24563396,1.43700773,0.108632295,1,1,0,0,0
74.15,1.75747579,-0.756625258,89.7675656,0.0795882085,0.00617687225,FollowWall,following_right_wall,0,14,42,0.431132883,-1,-1,-1,1,0.24563396,1.44101453,0.108632295,1,1,0,0,0
74.2,1.75749131,-0.752646023,89.7853823,0.0797251152,0.00412327272,FollowWall,following_right_wall,0,14,42,0.431251407,-1,-1,-1,1,0.245705903,1.44502132,0.108632295,1,1,0,0,0
74.25,1.7575057,-0.748663871,89.8006972,0.0797251152,0.00412327272,FollowWall,following_right_wall,0,14,42,0.431251407,-1,-1,-1,1,0.245705903,1.44902716,0.108632295,1,1,0,0,0
74.3,1.75751907,-0.744680016,89.8145527,0.0798003558,0.00299466252,FollowWall,following_right_wall,0,14,42,0.431261003,-1,-1,-1,1,0.246159688,1.45303246,0.108632295,1,1,0,0,0
74.35,1.75753157,-0.7406936,89.8262097,0.0798003558,0.00299466252,FollowWall,following_right_wall,0,14,42,0.431261003,-1,-1,-1,1,0.246159688,1.45703691,0.108632295,1,1,0,0,0
74.4,1.7575433,-0.736705689,89.8365842,0.0797209347,0.00418597882,FollowWall,following_right_wall,0,14,42,0.431156993,-1,-1,-1,1,0.246307939,1.46104089,0.108632295,1,1,0,0,0
74.45,1.75755429,-0.73271856,89.8476327,0.0797209347,0.00418597882,FollowWall,following_right_wall,0,14,42,0.431156993,-1,-1,-1,1,0.246307939,1.46504512,0.108632295,1,1,0,0,0
74.5,1.7575645,-0.728731886,89.8590742,0.0797905975,0.00314103687,FollowWall,following_right_wall,0,14,42,0.431017697,-1,-1,-1,1,0.246045709,1.46904952,0.108632295,1,1,0,0,0
74.55,1.75757394,-0.724744026,89.8694978,0.0797905975,0.00314103687,FollowWall,following_right_wall,0,14,42,0.431017697,-1,-1,-1,1,0.246045709,1.47305352,0.108632295,1,1,0,0,0
74.6,1.75758268,-0.720755473,89.8793276,0.0797736173,0.0033957405,FollowWall,following_right_wall,0,14,42,0.430820972,-1,-1,-1,1,0.245796397,1.47705731,0.108632295,1,1,0,0,0
74.65,1.75759074,-0.716766869,89.889115,0.0797736173,0.0033957405,FollowWall,following_right_wall,0,14,42,0.430820972,-1,-1,-1,1,0.245796397,1.48106108,0.108632295,1,1,0,0,0
74.7,1.75759812,-0.712778235,89.8988777,0.0797491331,0.00376300366,FollowWall,following_right_wall,0,14,42,0.430586934,-1,-1,-1,1,0.245446086,1.48506485,0.108632295,1,1,0,0,0
74.75,1.75760481,-0.708790094,89.9090643,0.0797491331,0.00376300366,FollowWall,following_right_wall,0,14,42,0.430586934,-1,-1,-1,1,0.245446086,1.48906878,0.108632295,1,1,0,0,0
74.8,1.75761077,-0.704802239,89.9194983,0.0798544118,0.00218382366,FollowWall,following_right_wall,0,14,42,0.430339158,-1,-1,-1,1,0.245370135,1.49307282,0.108632295,1,1,0,0,0
74.85,1.75761608,-0.700812357,89.9281915,0.0798544118,0.00218382366,FollowWall,following_right_wall,0,14,42,0.430339158,-1,-1,-1,1,0.245370135,1.49707618,0.108632295,1,1,0,0,0
74.9,1.75762081,-0.696821294,89.9358693,0.0799421147,0.000868279502,FollowWall,following_right_wall,0,14,42,0.430030495,-1,-1,-1,1,0.245211601,1.50107915,0.108632295,1,1,0,0,0
74.95,1.75762509,-0.692827713,89.9413844,0.0799421147,0.000868279502,FollowWall,following_right_wall,0,14,42,0.430030495,-1,-1,-1,1,0.245211601,1.50508129,0.108632295,1,1,0,0,0
75,1.75762903,-0.688832664,89.945638,0.0799121173,0.00131824107,FollowWall,following_right_wall,0,14,42,0.429642498,-1,-1,-1,1,0.244937405,1.50908294,0.108632295,1,1,0,0,0
75.05,1.75763268,-0.684837384,89.9496929,0.0799121173,0.00131824107,FollowWall,following_right_wall,0,14,42,0.429642498,-1,-1,-1,1,0.244937405,1.51308451,0.108632295,1,1,0,0,0
75.1,1.75763605,-0.680841968,89.9536317,0.0797470487,0.00379426945,FollowWall,following_right_wall,0,14,42,0.429229021,-1,-1,-1,1,0.245255753,1.51708604,0.108632295,1,1,0,0,0
75.15,1.75763904,-0.676849913,89.9604584,0.0797470487,0.00379426945,FollowWall,following_right_wall,0,14,42,0.429229021,-1,-1,-1,1,0.245255753,1.52108869,0.108632295,1,1,0,0,0
75.2,1.7576415,-0.672859817,89.9689698,0.0795814156,0.00627876584,FollowWall,following_right_wall,0,14,42,0.428889066,-1,-1,-1,1,0.245456323,1.525092,0.108632295,1,1,0,0,0
75.25,1.75764322,-0.668874315,89.9814294,0.0795814156,0.00627876584,FollowWall,following_right_wall,0,14,42,0.428889066,-1,-1,-1,1,0.245456323,1.52909684,0.108632295,1,1,0,0,0
75.3,1.757644,-0.664891492,89.9961923,0.0795863302,0.0062050465,FollowWall,following_right_wall,0,14,42,0.428677917,-1,-1,-1,1,0.245673209,1.53310259,0.108632295,1,1,0,0,0
75.35,1.75764371,-0.66091013,90.0122107,0.0795863302,0.0062050465,FollowWall,following_right_wall,0,14,42,0.428677917,-1,-1,-1,1,0.245673209,1.5370709,0.108632295,1,1,0,0,0
75.4,1.75764228,-0.656929621,90.0289615,0.079472695,0.00790957566,FollowWall,following_right_wall,0,14,42,0.42854175,-1,-1,-1,1,0.245497867,1.5410254,0.108632295,1,1,0,0,0
75.45,1.7576396,-0.652951977,90.0481741,0.079472695,0.00790957566,FollowWall,following_right_wall,0,14,42,0.42854175,-1,-1,-1,1,0.245497867,1.54497323,0.108632295,1,1,0,0,0
75.5,1.75763554,-0.648976005,90.0688229,0.0793130675,0.0103039869,FollowWall,following_right_wall,0,14,42,0.428504586,-1,-1,-1,1,0.245491147,1.54891716,0.108632295,1,1,0,0,0
75.55,1.75762993,-0.645004335,90.0931675,0.0793130675,0.0103039869,FollowWall,following_right_wall,0,14,42,0.428504586,-1,-1,-1,1,0.245491147,1.55285108,0.108632295,1,1,0,0,0
75.6,1.75762256,-0.641035177,90.1196679,0.0792912606,0.0106310915,FollowWall,following_right_wall,0,14,42,0.428614974,-1,-1,-1,1,0.245160237,1.55677916,0.108632295,1,1,0,0,0
75.65,1.75761329,-0.63706794,90.1478165,0.0792912606,0.0106310915,FollowWall,following_right_wall,0,14,42,0.428614974,-1,-1,-1,1,0.245160237,1.56070279,0.108632295,1,1,0,0,0
75.7,1.75760206,-0.633101827,90.1769264,0.0793365463,0.00995180578,FollowWall,following_right_wall,0,14,42,0.428835988,-1,-1,-1,1,0.24543114,1.56462383,0.108632295,1,1,0,0,0
75.75,1.75758881,-0.629135429,90.2057863,0.0793365463,0.00995180578,FollowWall,following_right_wall,0,14,42,0.428835988,-1,-1,-1,1,0.24543114,1.56854557,0.108632295,1,1,0,0,0
75.8,1.75757357,-0.625168868,90.2345003,0.0792889142,0.0106662876,FollowWall,following_right_wall,0,14,42,0.429112703,-1,-1,-1,1,0.24594824,1.57246773,0.108632295,1,1,0,0,0
75.85,1.75755632,-0.621203209,90.2639821,0.0792889142,0.0106662876,FollowWall,following_right_wall,0,14,42,0.429112703,-1,-1,-1,1,0.24594824,1.57638782,0.108632295,1,1,0,0,0
75.9,1.75753701,-0.617238081,90.2939117,0.0795092491,0.00736126342,FollowWall,following_right_wall,0,14,42,0.429465979,-1,-1,-1,1,0.245746568,1.58030672,0.108632295,1,1,0,0,0
75.95,1.75751574,-0.613268677,90.3201576,0.0795092491,0.00736126342,FollowWall,following_right_wall,0,14,42,0.429465979,-1,-1,-1,1,0.245746568,1.5842356,0.108632295,1,1,0,0,0
76,1.75749271,-0.609296781,90.3442545,0.0796876974,0.00468453838,FollowWall,following_right_wall,0,14,42,0.429788232,-1,-1,-1,1,0.245710582,1.58817032,0.108632295,1,1,0,0,0
76.05,1.75746813,-0.605319719,90.3639028,0.0796876974,0.00468453838,FollowWall,following_right_wall,0,14,42,0.429788232,-1,-1,-1,1,0.245710582,1.59211708,0.108632295,1,1,0,0,0
76.1,1.75744226,-0.601339646,90.3809561,0.0796789404,0.00481589414,FollowWall,following_right_wall,0,14,42,0.4300327,-1,-1,-1,1,0.245432824,1.59607086,0.108632295,1,1,0,0,0
76.15,1.75741524,-0.597358001,90.3966523,0.0796789404,0.00481589414,FollowWall,following_right_wall,0,14,42,0.4300327,-1,-1,-1,1,0.245432824,1.60002831,0.108632295,1,1,0,0,0
76.2,1.75738715,-0.593375442,90.4115571,0.0798810123,0.00178481568,FollowWall,following_right_wall,0,14,42,0.430276483,-1,-1,-1,1,0.245221466,1.60398791,0.108632295,1,1,0,0,0
76.25,1.75735813,-0.589388143,90.4223819,0.0798810123,0.00178481568,FollowWall,following_right_wall,0,14,42,0.430276483,-1,-1,-1,1,0.245221466,1.60795853,0.108632295,1,1,0,0,0
76.3,1.75732843,-0.58539808,90.4308269,0.0799106982,-0.00133952735,FollowWall,following_right_wall,0,14,42,0.430466026,-1,-1,-1,1,0.24530296,1.61193559,0.108632295,1,1,0,0,0
76.35,1.75729829,-0.581405786,90.4341542,0.0799106982,-0.00133952735,FollowWall,following_right_wall,0,14,42,0.430466026,-1,-1,-1,1,0.24530296,1.61592276,0.108632295,1,1,0,0,0
76.4,1.75726802,-0.57741219,90.4344962,0.0797310986,-0.00403352149,FollowWall,following_right_wall,0,14,42,0.430555284,-1,-1,-1,1,0.24490951,1.61991583,0.108632295,1,1,0,0,0
76.45,1.75723791,-0.573421575,90.429881,0.0797310986,-0.00403352149,FollowWall,following_right_wall,0,14,42,0.430555284,-1,-1,-1,1,0.24490951,1.62391355,0.108632295,1,1,0,0,0
76.5,1.75720825,-0.569432695,90.4223742,0.0797640074,-0.00353988851,FollowWall,following_right_wall,0,14,42,0.430538803,-1,-1,-1,1,0.245308012,1.62791399,0.108632295,1,1,0,0,0
76.55,1.75717914,-0.56544414,90.4137698,0.0797640074,-0.00353988851,FollowWall,following_right_wall,0,14,42,0.430538803,-1,-1,-1,1,0.245308012,1.6319158,0.108632295,1,1,0,0,0
76.6,1.75715066,-0.561455773,90.4045251,0.0797977676,-0.00303348608,FollowWall,following_right_wall,0,14,42,0.430517256,-1,-1,-1,1,0.245509252,1.63591841,0.108632295,1,1,0,0,0
76.65,1.75712281,-0.55746681,90.3955114,0.0797977676,-0.00303348608,FollowWall,following_right_wall,0,14,42,0.430517256,-1,-1,-1,1,0.245509252,1.63992126,0.108632295,1,1,0,0,0
76.7,1.75709558,-0.553477497,90.3866325,0.079760292,-0.0035956202,FollowWall,following_right_wall,0,14,42,0.430547684,-1,-1,-1,1,0.245908305,1.64392426,0.108632295,1,1,0,0,0
76.75,1.757069,-0.54948876,90.3771611,0.079760292,-0.0035956202,FollowWall,following_right_wall,0,14,42,0.430547684,-1,-1,-1,1,0.245908305,1.64792759,0.108632295,1,1,0,0,0
76.8,1.75704308,-0.545500356,90.3673442,0.0796135316,-0.00579702633,FollowWall,following_right_wall,0,14,42,0.430614471,-1,-1,-1,1,0.245964468,1.65193113,0.108632295,1,1,0,0,0
76.85,1.75701797,-0.541515202,90.354698,0.0796135316,-0.00579702633,FollowWall,following_right_wall,0,14,42,0.430614471,-1,-1,-1,1,0.245964468,1.65593579,0.108632295,1,1,0,0,0
76.9,1.75699381,-0.537531941,90.3404014,0.0796440425,-0.00533936192,FollowWall,following_right_wall,0,14,42,0.430649817,-1,-1,-1,1,0.246127233,1.6599411,0.108632295,1,1,0,0,0
76.95,1.75697066,-0.533549146,90.3256882,0.0796440425,-0.00533936192,FollowWall,following_right_wall,0,14,42,0.430649817,-1,-1,-1,1,0.246127233,1.6639466,0.108632295,1,1,0,0,0
77,1.75694854,-0.52956662,90.3107322,0.079652431,-0.00521353455,FollowWall,following_right_wall,0,14,42,0.430699885,-1,-1,-1,1,0.246294439,1.66795221,0.108632295,1,1,0,0,0
77.05,1.75692746,-0.525584074,90.2957847,0.079652431,-0.00521353455,FollowWall,following_right_wall,0,14,42,0.430699885,-1,-1,-1,1,0.246294439,1.67195783,0.108632295,1,1,0,0,0
77.1,1.75690742,-0.521601514,90.280842,0.0794799329,-0.00780100668,FollowWall,following_right_wall,0,14,42,0.430786312,-1,-1,-1,1,0.245898709,1.67596347,0.108632295,1,1,0,0,0
77.15,1.75688854,-0.517622538,90.2628138,0.0794799329,-0.00780100668,FollowWall,following_right_wall,0,14,42,0.430786312,-1,-1,-1,1,0.245898709,1.6799703,0.108632295,1,1,0,0,0
77.2,1.75687099,-0.513645649,90.2429855,0.0795294735,-0.00705789716,FollowWall,following_right_wall,0,14,42,0.430824429,-1,-1,-1,1,0.245937943,1.68397783,0.108632295,1,1,0,0,0
77.25,1.75685482,-0.509668943,90.2229943,0.0795294735,-0.00705789716,FollowWall,following_right_wall,0,14,42,0.430824429,-1,-1,-1,1,0.245937943,1.68798544,0.108632295,1,1,0,0,0
77.3,1.75684004,-0.505692343,90.202908,0.0795832683,-0.00625097514,FollowWall,following_right_wall,0,14,42,0.430866808,-1,-1,-1,1,0.246279731,1.69199311,0.108632295,1,1,0,0,0
77.35,1.75682662,-0.501714681,90.1837294,0.0795832683,-0.00625097514,FollowWall,following_right_wall,0,14,42,0.430866808,-1,-1,-1,1,0.246279731,1.69600045,0.108632295,1,1,0,0,0
77.4,1.75681451,-0.497736399,90.1650804,0.0794825806,-0.00776129081,FollowWall,following_right_wall,0,14,42,0.430953562,-1,-1,-1,1,0.246056005,1.7000076,0.108632295,1,1,1,0,1
