time,x,y,yaw_deg,v,w,state,reason,fault,narrow_usable,wide_usable,front_sector,front_clearance,pivot_valid,heading_valid,right_valid,right_distance,cap_gap,min_cap_gap,entered,approached,returned,contact,completed
0,0,0,0,0.0742627723,-0.0860584148,FollowWall,following_right_wall,0,14,42,0.534847498,-1,-1,-1,1,0.303924054,2.211,2.211,0,0,0,0,0
0.05,0.00154714047,-1.38692179e-06,-0.102724666,0.0742627723,-0.0860584148,FollowWall,following_right_wall,0,14,42,0.534847498,-1,-1,-1,1,0.303924054,2.21093063,2.21093063,0,0,0,0,0
0.1,0.00399676789,-9.25576419e-06,-0.265372053,0.0746454144,-0.0803187835,FollowWall,following_right_wall,0,14,42,0.531319439,-1,-1,-1,1,0.30389905,2.2108157,2.2108157,0,0,0,0,0
0.15,0.00698077825,-2.8044039e-05,-0.456123182,0.0746454144,-0.0803187835,FollowWall,following_right_wall,0,14,42,0.531319439,-1,-1,-1,1,0.30389905,2.21067227,2.21067227,0,0,0,0,0
0.2,0.010276441,-6.02388511e-05,-0.663268159,0.0752231818,-0.0716522723,FollowWall,following_right_wall,0,14,42,0.526044607,-1,-1,-1,1,0.303887963,2.21050584,2.21050584,0,0,0,0,0
0.25,0.0137658401,-0.000106919577,-0.869631329,0.0752231818,-0.0716522723,FollowWall,following_right_wall,0,14,42,0.526044607,-1,-1,-1,1,0.303887963,2.21032659,2.21032659,0,0,0,0,0
0.3,0.0173681356,-0.000168073727,-1.07553844,0.0758875034,-0.0616874484,FollowWall,following_right_wall,0,14,42,0.520546615,-1,-1,-1,1,0.303865999,2.21013432,2.21013432,0,0,0,0,0
0.35,0.0210499961,-0.000243424108,-1.2692849,0.0758875034,-0.0616874484,FollowWall,following_right_wall,0,14,42,0.520546615,-1,-1,-1,1,0.303865999,2.20993666,2.20993666,0,0,0,0,0
0.4,0.0247781329,-0.000332103574,-1.45593763,0.0763841613,-0.05423758,FollowWall,following_right_wall,0,14,42,0.515390277,-1,-1,-1,1,0.303843021,2.20973112,2.20973112,0,0,0,0,0
0.45,0.0285434658,-0.000433513603,-1.62955973,0.0763841613,-0.05423758,FollowWall,following_right_wall,0,14,42,0.515390277,-1,-1,-1,1,0.303843021,2.20952186,2.20952186,0,0,0,0,0
0.5,0.032330351,-0.000546737276,-1.79558063,0.0767838965,-0.0482415529,FollowWall,following_right_wall,0,14,42,0.510671556,-1,-1,-1,1,0.304021031,2.20930628,2.20930628,0,0,0,0,0
0.55,0.036137984,-0.000671239613,-1.95001027,0.0767838965,-0.0482415529,FollowWall,following_right_wall,0,14,42,0.510671556,-1,-1,-1,1,0.304021031,2.20908725,2.20908725,0,0,0,0,0
0.6,0.0399575707,-0.000806214049,-2.09767834,0.077228224,-0.0415766405,FollowWall,following_right_wall,0,14,42,0.506346226,-1,-1,-1,1,0.303979129,2.2088625,2.2088625,0,0,0,0,0
0.65,0.0437932337,-0.000951256585,-2.2334465,0.077228224,-0.0415766405,FollowWall,following_right_wall,0,14,42,0.506346226,-1,-1,-1,1,0.303979129,2.20863545,2.20863545,0,0,0,0,0
0.7,0.04763813,-0.00110553972,-2.36227306,0.0777677149,-0.0334842758,FollowWall,following_right_wall,0,14,42,0.502408504,-1,-1,-1,1,0.304177076,2.20840382,2.20840382,0,0,0,0,0
0.75,0.0514995055,-0.00126871822,-2.47739079,0.0777677149,-0.0334842758,FollowWall,following_right_wall,0,14,42,0.502408504,-1,-1,-1,1,0.304177076,2.20817191,2.20817191,0,0,0,0,0
0.8,0.055370366,-0.00143981872,-2.58451171,0.0782717219,-0.0259241708,FollowWall,following_right_wall,0,14,42,0.498907626,-1,-1,-1,1,0.304008633,2.20793718,2.20793718,0,0,0,0,0
0.85,0.0592571315,-0.00161843851,-2.67794362,0.0782717219,-0.0259241708,FollowWall,following_right_wall,0,14,42,0.498907626,-1,-1,-1,1,0.304008633,2.20770332,2.20770332,0,0,0,0,0
0.9,0.0631530688,-0.00180357469,-2.76339026,0.0786411763,-0.0203823562,FollowWall,following_right_wall,0,14,42,0.495854259,-1,-1,-1,1,0.303573608,2.20746788,2.20746788,0,0,0,0,0
0.95,0.0670619474,-0.00199478337,-2.83756378,0.0786411763,-0.0203823562,FollowWall,following_right_wall,0,14,42,0.495854259,-1,-1,-1,1,0.303573608,2.20723317,2.20723317,0,0,0,0,0
1,0.0709782878,-0.00219121418,-2.90516131,0.0789177511,-0.0162337337,FollowWall,following_right_wall,0,14,42,0.493187428,-1,-1,-1,1,0.303016454,2.20699722,2.20699722,0,0,0,0,0
1.05,0.0749046557,-0.0023924903,-2.9639708,0.0789177511,-0.0162337337,FollowWall,following_right_wall,0,14,42,0.493187428,-1,-1,-1,1,0.303016454,2.20676167,2.20676167,0,0,0,0,0
1.1,0.078836801,-0.00259793304,-3.01765393,0.0792183722,-0.011724417,FollowWall,following_right_wall,0,14,42,0.490834177,-1,-1,-1,1,0.302768469,2.20652502,2.20652502,0,0,0,0,0
1.15,0.0827785078,-0.00280728994,-3.06296407,0.0792183722,-0.011724417,FollowWall,following_right_wall,0,14,42,0.490834177,-1,-1,-1,1,0.302768469,2.20628939,2.20628939,0,0,0,0,0
1.2,0.0867257386,-0.00301990197,-3.10338999,0.0795544883,-0.00668267553,FollowWall,following_right_wall,0,14,42,0.488778353,-1,-1,-1,1,0.301946789,2.20605338,2.20605338,0,0,0,0,0
1.25,0.0906831413,-0.00323555517,-3.13494862,0.0795544883,-0.00668267553,FollowWall,following_right_wall,0,14,42,0.488778353,-1,-1,-1,1,0.301946789,2.20581949,2.20581949,0,0,0,0,0
1.3,0.0946464463,-0.0034535401,-3.16133469,0.0798150065,-0.00277490178,FollowWall,following_right_wall,0,14,42,0.487040907,-1,-1,-1,1,0.301412523,2.20558629,2.20558629,0,0,0,0,0
1.35,0.0986185912,-0.00367357899,-3.18003885,0.0798150065,-0.00277490178,FollowWall,following_right_wall,0,14,42,0.487040907,-1,-1,-1,1,0.301412523,2.20535547,2.20535547,0,0,0,0,0
1.4,0.102595879,-0.00389504917,-3.19426191,0.0799274724,-0.00108791347,FollowWall,following_right_wall,0,14,42,0.485605031,-1,-1,-1,1,0.30118227,2.20512581,2.20512581,0,0,0,0,0
1.45,0.106578498,-0.00411764655,-3.20385729,0.0799274724,-0.00108791347,FollowWall,following_right_wall,0,14,42,0.485605031,-1,-1,-1,1,0.30118227,2.20489769,2.20489769,0,0,0,0,0
1.5,0.110564221,-0.00434099283,-3.2107532,0.0798554914,-0.00216762886,FollowWall,following_right_wall,0,14,42,0.484394968,-1,-1,-1,1,0.301141351,2.20467038,2.20467038,0,0,0,0,0
1.55,0.11455025,-0.00456482754,-3.21736323,0.0798554914,-0.00216762886,FollowWall,following_right_wall,0,14,42,0.484394968,-1,-1,-1,1,0.301141351,2.20444274,2.20444274,0,0,0,0,0
1.6,0.118536447,-0.0047891272,-3.2238065,0.0797580998,-0.00362850338,FollowWall,following_right_wall,0,14,42,0.483288467,-1,-1,-1,1,0.300821155,2.20421474,2.20421474,0,0,0,0,0
1.65,0.122520703,-0.00501382455,-3.23189628,0.0797580998,-0.00362850338,FollowWall,following_right_wall,0,14,42,0.483288467,-1,-1,-1,1,0.300821155,2.20398539,2.20398539,0,0,0,0,0
1.7,0.12650381,-0.00523905474,-3.24094652,0.0797712554,-0.00343116872,FollowWall,following_right_wall,0,14,42,0.482214987,-1,-1,-1,1,0.300557822,2.20375496,2.20375496,0,0,0,0,0
1.75,0.130486503,-0.00546490398,-3.25032149,0.0797712554,-0.00343116872,FollowWall,following_right_wall,0,14,42,0.482214987,-1,-1,-1,1,0.300557822,2.20352373,2.20352373,0,0,0,0,0
1.8,0.134468939,-0.00569139896,-3.25988587,0.079667019,-0.00499471465,FollowWall,following_right_wall,0,14,42,0.481200099,-1,-1,-1,1,0.300124258,2.20329174,2.20329174,0,0,0,0,0
1.85,0.138449036,-0.00591849639,-3.2714271,0.079667019,-0.00499471465,FollowWall,following_right_wall,0,14,42,0.481200099,-1,-1,-1,1,0.300124258,2.20305802,2.20305802,0,0,0,0,0
1.9,0.142427746,-0.00614635887,-3.28412148,0.0797006784,-0.00448982373,FollowWall,following_right_wall,0,14,42,0.480210066,-1,-1,-1,1,0.299605101,2.20282288,2.20282288,0,0,0,0,0
1.95,0.146406324,-0.00637510062,-3.29688587,0.0797006784,-0.00448982373,FollowWall,following_right_wall,0,14,42,0.480210066,-1,-1,-1,1,0.299605101,2.20258683,2.20258683,0,0,0,0,0
2,0.150384803,-0.00660472739,-3.3096911,0.079784604,-0.00323093989,FollowWall,following_right_wall,0,14,42,0.47928372,-1,-1,-1,1,0.299161166,2.20234987,2.20234987,0,0,0,0,0
2.05,0.154364952,-0.00683529149,-3.32101747,0.079784604,-0.00323093989,FollowWall,following_right_wall,0,14,42,0.47928372,-1,-1,-1,1,0.299161166,2.20211282,2.20211282,0,0,0,0,0
2.1,0.158346059,-0.00706667067,-3.33148116,0.0798167641,-0.00274853819,FollowWall,following_right_wall,0,14,42,0.478470415,-1,-1,-1,1,0.298337519,2.20187546,2.20187546,0,0,0,0,0
2.15,0.162328379,-0.00729881248,-3.34086581,0.0798167641,-0.00274853819,FollowWall,following_right_wall,0,14,42,0.478470415,-1,-1,-1,1,0.298337519,2.20163795,2.20163795,0,0,0,0,0
2.2,0.166311393,-0.00753162742,-3.34962102,0.0797113608,-0.00432958744,FollowWall,following_right_wall,0,14,42,0.477766275,-1,-1,-1,1,0.297884852,2.20140013,2.20140013,0,0,0,0,0
2.25,0.170292603,-0.00776500033,-3.35989628,0.0797113608,-0.00432958744,FollowWall,following_right_wall,0,14,42,0.477766275,-1,-1,-1,1,0.297884852,2.20116089,2.20116089,0,0,0,0,0
2.3,0.17427274,-0.00799905745,-3.37105825,0.0795735832,-0.00639625222,FollowWall,following_right_wall,0,14,42,0.477097839,-1,-1,-1,1,0.297194988,2.20092046,2.20092046,0,0,0,0,0
2.35,0.178249358,-0.00823378899,-3.38520437,0.0795735832,-0.00639625222,FollowWall,following_right_wall,0,14,42,0.477097839,-1,-1,-1,1,0.297194988,2.20067766,2.20067766,0,0,0,0,0
2.4,0.182223893,-0.00846944287,-3.40109123,0.0795584607,-0.00662308972,FollowWall,following_right_wall,0,14,42,0.476405591,-1,-1,-1,1,0.296817869,2.20043295,2.20043295,0,0,0,0,0
2.45,0.186196866,-0.00870615439,-3.4182643,0.0795584607,-0.00662308972,FollowWall,following_right_wall,0,14,42,0.476405591,-1,-1,-1,1,0.296817869,2.20018645,2.20018645,0,0,0,0,0
2.5,0.190168894,-0.00894403053,-3.43618765,0.0796333905,-0.00549914286,FollowWall,following_right_wall,0,14,42,0.475715548,-1,-1,-1,1,0.296473235,2.19993838,2.19993838,0,0,0,0,0
2.55,0.1941419,-0.00918318106,-3.45320706,0.0796333905,-0.00549914286,FollowWall,following_right_wall,0,14,42,0.475715548,-1,-1,-1,1,0.296473235,2.19968955,2.19968955,0,0,0,0,0
2.6,0.198115448,-0.0094235305,-3.46969916,0.0797052801,-0.00442079829,FollowWall,following_right_wall,0,14,42,0.475083947,-1,-1,-1,1,0.296189934,2.19943983,2.19943983,0,0,0,0,0
2.65,0.202090783,-0.00966508093,-3.4845965,0.0797052801,-0.00442079829,FollowWall,following_right_wall,0,14,42,0.475083947,-1,-1,-1,1,0.296189934,2.19918982,2.19918982,0,0,0,0,0
2.7,0.206067136,-0.00990769861,-3.49856355,0.0796218199,-0.00567270116,FollowWall,following_right_wall,0,14,42,0.474531412,-1,-1,-1,1,0.296074361,2.19893927,2.19893927,0,0,0,0,0
2.75,0.210042324,-0.0101512509,-3.51348228,0.0796218199,-0.00567270116,FollowWall,following_right_wall,0,14,42,0.474531412,-1,-1,-1,1,0.296074361,2.19868726,2.19868726,0,0,0,0,0
2.8,0.214016802,-0.0103958179,-3.52895617,0.0795042949,-0.00743557696,FollowWall,following_right_wall,0,14,42,0.47398749,-1,-1,-1,1,0.296077669,2.19843393,2.19843393,0,0,0,0,0
2.85,0.217988388,-0.0106413681,-3.54685817,0.0795042949,-0.00743557696,FollowWall,following_right_wall,0,14,42,0.47398749,-1,-1,-1,1,0.296077669,2.19817824,2.19817824,0,0,0,0,0
2.9,0.22195825,-0.010888106,-3.56617656,0.0795699997,-0.00645000439,FollowWall,following_right_wall,0,14,42,0.47338897,-1,-1,-1,1,0.295443952,2.19792058,2.19792058,0,0,0,0,0
2.95,0.225928435,-0.0111361958,-3.58514476,0.0795699997,-0.00645000439,FollowWall,following_right_wall,0,14,42,0.47338897,-1,-1,-1,1,0.295443952,2.19766177,2.19766177,0,0,0,0,0
3,0.229898777,-0.0113856077,-3.60390866,0.0795496312,-0.00675553177,FollowWall,following_right_wall,0,14,42,0.472784966,-1,-1,-1,1,0.29450646,2.19740177,2.19740177,0,0,0,0,0
3.05,0.23386875,-0.0116363103,-3.62291809,0.0795496312,-0.00675553177,FollowWall,following_right_wall,0,14,42,0.472784966,-1,-1,-1,1,0.29450646,2.19714034,2.19714034,0,0,0,0,0
3.1,0.237838474,-0.0118883245,-3.64207075,0.0795475313,-0.00678703007,FollowWall,following_right_wall,0,14,42,0.47216472,-1,-1,-1,1,0.293944776,2.19687754,2.19687754,0,0,0,0,0
3.15,0.241807972,-0.0121416609,-3.66134455,0.0795475313,-0.00678703007,FollowWall,following_right_wall,0,14,42,0.47216472,-1,-1,-1,1,0.293944776,2.19661335,2.19661335,0,0,0,0,0
3.2,0.245777302,-0.0123963298,-3.68068903,0.0797124657,-0.00431301463,FollowWall,following_right_wall,0,14,42,0.47151643,-1,-1,-1,1,0.29315722,2.1963478,2.1963478,0,0,0,0,0
3.25,0.249749934,-0.0126524559,-3.69712159,0.0797124657,-0.00431301463,FollowWall,following_right_wall,0,14,42,0.47151643,-1,-1,-1,1,0.29315722,2.19608244,2.19608244,0,0,0,0,0
3.3,0.253724468,-0.0129097901,-3.71185553,0.0798605658,-0.00209151303,FollowWall,following_right_wall,0,14,42,0.470904768,-1,-1,-1,1,0.292538047,2.19581684,2.19581684,0,0,0,0,0
3.35,0.257703174,-0.0131682949,-3.72294688,0.0798605658,-0.00209151303,FollowWall,following_right_wall,0,14,42,0.470904768,-1,-1,-1,1,0.292538047,2.19555211,2.19555211,0,0,0,0,0
3.4,0.261684301,-0.0134276569,-3.7319134,0.0798715139,-0.00192729115,FollowWall,following_right_wall,0,14,42,0.470354944,-1,-1,-1,1,0.292060882,2.19528772,2.19528772,0,0,0,0,0
3.45,0.265667058,-0.0136877008,-3.73944441,0.0798715139,-0.00192729115,FollowWall,following_right_wall,0,14,42,0.470354944,-1,-1,-1,1,0.292060882,2.19502345,2.19502345,0,0,0,0,0
3.5,0.269650755,-0.0139483027,-3.74613803,0.0799565152,-0.000652272443,FollowWall,following_right_wall,0,14,42,0.469808251,-1,-1,-1,1,0.291744471,2.1947591,2.1947591,0,0,0,0,0
3.55,0.27363676,-0.0142094531,-3.75082123,0.0799565152,-0.000652272443,FollowWall,following_right_wall,0,14,42,0.469808251,-1,-1,-1,1,0.291744471,2.19449532,2.19449532,0,0,0,0,0
3.6,0.277624108,-0.0144709778,-3.75433169,0.0799124757,0.00131286473,FollowWall,following_right_wall,0,14,42,0.469258338,-1,-1,-1,1,0.291244924,2.19423183,2.19423183,0,0,0,0,0
3.65,0.281611326,-0.0147326334,-3.75481235,0.0799124757,0.00131286473,FollowWall,following_right_wall,0,14,42,0.469258338,-1,-1,-1,1,0.291244924,2.19396991,2.19396991,0,0,0,0,0
3.7,0.285598475,-0.0149942563,-3.75352561,0.0796415825,0.00537626321,FollowWall,following_right_wall,0,14,42,0.468727142,-1,-1,-1,1,0.290791392,2.19370901,2.19370901,0,0,0,0,0
3.75,0.28957997,-0.0152552132,-3.74635757,0.0796415825,0.00537626321,FollowWall,following_right_wall,0,14,42,0.468727142,-1,-1,-1,1,0.290791392,2.19345206,2.19345206,0,0,0,0,0
3.8,0.293558197,-0.0155153364,-3.73575878,0.0794075389,0.00888691665,FollowWall,following_right_wall,0,14,42,0.46828711,-1,-1,-1,1,0.29065612,2.19319788,2.19319788,0,0,0,0,0
3.85,0.297529689,-0.015774066,-3.71896817,0.0794075389,0.00888691665,FollowWall,following_right_wall,0,14,42,0.46828711,-1,-1,-1,1,0.29065612,2.19294857,2.19294857,0,0,0,0,0
3.9,0.301497301,-0.0160312496,-3.69856567,0.0792867284,0.0106990736,FollowWall,following_right_wall,0,14,42,0.467961311,-1,-1,-1,1,0.290173829,2.19270284,2.19270284,0,0,0,0,0
3.95,0.30546019,-0.0162865617,-3.67389314,0.0792867284,0.0106990736,FollowWall,following_right_wall,0,14,42,0.467961311,-1,-1,-1,1,0.290173829,2.19246139,2.19246139,0,0,0,0,0
4,0.30942038,-0.0165399011,-3.64672975,0.0793403716,0.00989442555,FollowWall,following_right_wall,0,14,42,0.467705458,-1,-1,-1,1,0.28954044,2.19222334,2.19222334,0,0,0,0,0
4.05,0.313380163,-0.0167913126,-3.61907384,0.0793403716,0.00989442555,FollowWall,following_right_wall,0,14,42,0.467705458,-1,-1,-1,1,0.28954044,2.19198751,2.19198751,0,0,0,0,0
4.1,0.317339762,-0.0170407834,-3.59113062,0.0792874099,0.010688852,FollowWall,following_right_wall,0,14,42,0.467416525,-1,-1,-1,1,0.289125323,2.1917538,2.1917538,0,0,0,0,0
4.15,0.321298203,-0.0172882045,-3.56207154,0.0792874099,0.010688852,FollowWall,following_right_wall,0,14,42,0.467416525,-1,-1,-1,1,0.289125323,2.1915228,2.1915228,0,0,0,0,0
4.2,0.325256024,-0.0175335491,-3.53236152,0.0793312243,0.010031636,FollowWall,following_right_wall,0,14,42,0.467089862,-1,-1,-1,1,0.288092792,2.19129427,2.19129427,0,0,0,0,0
4.25,0.329214446,-0.0177768847,-3.5030563,0.0793312243,0.010031636,FollowWall,following_right_wall,0,14,42,0.467089862,-1,-1,-1,1,0.288092792,2.19106754,2.19106754,0,0,0,0,0
4.3,0.333173269,-0.0180182206,-3.4739872,0.0793381385,0.00992792258,FollowWall,following_right_wall,0,14,42,0.466693372,-1,-1,-1,1,0.287655354,2.1908427,2.1908427,0,0,0,0,0
4.35,0.337132519,-0.0182575755,-3.44517965,0.0793381385,0.00992792258,FollowWall,following_right_wall,0,14,42,0.466693372,-1,-1,-1,1,0.287655354,2.19061972,2.19061972,0,0,0,0,0
4.4,0.341092067,-0.0184949557,-3.41652465,0.0792473617,0.0112895749,FollowWall,following_right_wall,0,14,42,0.466225147,-1,-1,-1,1,0.28656289,2.19039864,2.19039864,0,0,0,0,0
4.45,0.345049952,-0.0187301965,-3.3863333,0.0792473617,0.0112895749,FollowWall,following_right_wall,0,14,42,0.466225147,-1,-1,-1,1,0.28656289,2.19018061,2.19018061,0,0,0,0,0
4.5,0.349006922,-0.0189632594,-3.35524575,0.0791224982,0.0131625273,FollowWall,following_right_wall,0,14,42,0.465736032,-1,-1,-1,1,0.285707921,2.18996529,2.18996529,0,0,0,0,0
4.55,0.352960819,-0.0191938931,-3.32139973,0.0791224982,0.0131625273,FollowWall,following_right_wall,0,14,42,0.465736032,-1,-1,-1,1,0.285707921,2.189754,2.189754,0,0,0,0,0
4.6,0.356912986,-0.0194220278,-3.28594461,0.0791820941,0.0122685879,FollowWall,following_right_wall,0,14,42,0.465274811,-1,-1,-1,1,0.285234481,2.18954617,2.18954617,0,0,0,0,0
4.65,0.360865443,-0.0196477297,-3.2506179,0.0791820941,0.0122685879,FollowWall,following_right_wall,0,14,42,0.465274811,-1,-1,-1,1,0.285234481,2.18934073,2.18934073,0,0,0,0,0
4.7,0.364818124,-0.0198710022,-3.21536611,0.0793345434,0.0099818495,FollowWall,following_right_wall,0,14,42,0.464785218,-1,-1,-1,1,0.285222471,2.18913771,2.18913771,0,0,0,0,0
4.75,0.368774159,-0.0200921184,-3.18288761,0.0793345434,0.0099818495,FollowWall,following_right_wall,0,14,42,0.464785218,-1,-1,-1,1,0.285222471,2.18893529,2.18893529,0,0,0,0,0
4.8,0.372732195,-0.0203111519,-3.15202687,0.0794380031,0.00842995368,FollowWall,following_right_wall,0,14,42,0.464192241,-1,-1,-1,1,0.284815729,2.18873404,2.18873404,0,0,0,0,0
4.85,0.376693592,-0.0205283282,-3.12396225,0.0794380031,0.00842995368,FollowWall,following_right_wall,0,14,42,0.464192241,-1,-1,-1,1,0.284815729,2.18853306,2.18853306,0,0,0,0,0
4.9,0.380656986,-0.0207437235,-3.09752871,0.0795382136,0.0069267964,FollowWall,following_right_wall,0,14,42,0.463487446,-1,-1,-1,1,0.284541488,2.18833295,2.18833295,0,0,0,0,0
4.95,0.384623665,-0.0209575572,-3.07384088,0.0795382136,0.0069267964,FollowWall,following_right_wall,0,14,42,0.463487446,-1,-1,-1,1,0.284541488,2.18813282,2.18813282,0,0,0,0,0
5,0.388592289,-0.0211699059,-3.05175474,0.0795617854,0.00657321845,FollowWall,following_right_wall,0,14,42,0.462680042,-1,-1,-1,1,0.284426272,2.18793327,2.18793327,0,0,0,0,0
5.05,0.392562569,-0.0213808555,-3.03102495,0.0795617854,0.00657321845,FollowWall,following_right_wall,0,14,42,0.462680042,-1,-1,-1,1,0.284426272,2.18773434,2.18773434,0,0,0,0,0
5.1,0.396533843,-0.0215904446,-3.01108637,0.0793884892,0.0091726613,FollowWall,following_right_wall,0,14,42,0.461814642,-1,-1,-1,1,0.283595592,2.18753632,2.18753632,0,0,0,0,0
5.15,0.400502125,-0.0217983993,-2.98850647,0.0793884892,0.0091726613,FollowWall,following_right_wall,0,14,42,0.461814642,-1,-1,-1,1,0.283595592,2.18734149,2.18734149,0,0,0,0,0
5.2,0.404468701,-0.0220046436,-2.96438581,0.0792086755,0.0118698671,FollowWall,following_right_wall,0,14,42,0.461011946,-1,-1,-1,1,0.28326419,2.18714927,2.18714927,0,0,0,0,0
5.25,0.408430585,-0.0222088289,-2.93614681,0.0792086755,0.0118698671,FollowWall,following_right_wall,0,14,42,0.461011946,-1,-1,-1,1,0.28326419,2.18696153,2.18696153,0,0,0,0,0
5.3,0.412389782,-0.022410836,-2.90550545,0.0791343953,0.0129840702,FollowWall,following_right_wall,0,14,42,0.460346341,-1,-1,-1,1,0.28306672,2.1867774,2.1867774,0,0,0,0,0
5.35,0.416345917,-0.0226104712,-2.87213274,0.0791343953,0.0129840702,FollowWall,following_right_wall,0,14,42,0.460346341,-1,-1,-1,1,0.28306672,2.18659725,2.18659725,0,0,0,0,0
5.4,0.420300319,-0.0228076547,-2.83716672,0.0791580419,0.0126293721,FollowWall,following_right_wall,0,14,42,0.459805608,-1,-1,-1,1,0.282339275,2.18642053,2.18642053,0,0,0,0,0
5.45,0.424254254,-0.0230023785,-2.80169468,0.0791580419,0.0126293721,FollowWall,following_right_wall,0,14,42,0.459805608,-1,-1,-1,1,0.282339275,2.18624659,2.18624659,0,0,0,0,0
5.5,0.428207965,-0.0231946275,-2.76592746,0.079048656,0.0142701604,FollowWall,following_right_wall,0,14,42,0.459338099,-1,-1,-1,1,0.281837285,2.18607534,2.18607534,0,0,0,0,0
5.55,0.432159324,-0.023384216,-2.72802949,0.079048656,0.0142701604,FollowWall,following_right_wall,0,14,42,0.459338099,-1,-1,-1,1,0.281837285,2.18590803,2.18590803,0,0,0,0,0
5.6,0.436109364,-0.0235710796,-2.68888859,0.0789070515,0.0163942275,FollowWall,following_right_wall,0,14,42,0.458984107,-1,-1,-1,1,0.281120121,2.18574423,2.18574423,0,0,0,0,0
5.65,0.440055746,-0.0237549558,-2.64648724,0.0789070515,0.0163942275,FollowWall,following_right_wall,0,14,42,0.458984107,-1,-1,-1,1,0.281120121,2.18558538,2.18558538,0,0,0,0,0
5.7,0.444000056,-0.0239357446,-2.60218395,0.0787762542,0.0183561877,FollowWall,following_right_wall,0,14,42,0.458793908,-1,-1,-1,1,0.280394912,2.18543079,2.18543079,0,0,0,0,0
5.75,0.447940497,-0.0241131841,-2.55442927,0.0787762542,0.0183561877,FollowWall,following_right_wall,0,14,42,0.458793908,-1,-1,-1,1,0.280394912,2.18528165,2.18528165,0,0,0,0,0
5.8,0.451878749,-0.0242871665,-2.5046613,0.0788880324,0.0166795145,FollowWall,following_right_wall,0,14,42,0.458790988,-1,-1,-1,1,0.279786378,2.18513723,2.18513723,0,0,0,0,0
5.85,0.455818109,-0.0244577982,-2.45572027,0.0788880324,0.0166795145,FollowWall,following_right_wall,0,14,42,0.458790988,-1,-1,-1,1,0.279786378,2.18499574,2.18499574,0,0,0,0,0
5.9,0.459758175,-0.0246251053,-2.40726164,0.0791365393,0.0129519112,FollowWall,following_right_wall,0,14,42,0.458876103,-1,-1,-1,1,0.279863328,2.18485735,2.18485735,0,0,0,0,0
5.95,0.463703873,-0.0247894717,-2.3635339,0.0791365393,0.0129519112,FollowWall,following_right_wall,0,14,42,0.458876103,-1,-1,-1,1,0.279863328,2.18471913,2.18471913,0,0,0,0,0
6,0.4676529,-0.024951053,-2.32256584,0.0793801925,0.00929711293,FollowWall,following_right_wall,0,14,42,0.458928138,-1,-1,-1,1,0.279554904,2.1845821,2.1845821,0,0,0,0,0
6.05,0.471608977,-0.025110296,-2.2875702,0.0793801925,0.00929711293,FollowWall,following_right_wall,0,14,42,0.458928138,-1,-1,-1,1,0.279554904,2.18444386,2.18444386,0,0,0,0,0
6.1,0.475569197,-0.0252674036,-2.25605846,0.0796246227,0.00563065955,FollowWall,following_right_wall,0,14,42,0.458892316,-1,-1,-1,1,0.279353112,2.18430569,2.18430569,0,0,0,0,0
6.15,0.479536944,-0.0254228465,-2.23095551,0.0796246227,0.00563065955,FollowWall,following_right_wall,0,14,42,0.458892316,-1,-1,-1,1,0.279353112,2.18416536,2.18416536,0,0,0,0,0
6.2,0.483509101,-0.0255768489,-2.20959102,0.0798296731,0.00255490351,FollowWall,following_right_wall,0,14,42,0.458748072,-1,-1,-1,1,0.279372185,2.18402423,2.18402423,0,0,0,0,0
6.25,0.487488112,-0.0257298347,-2.19407871,0.0798296731,0.00255490351,FollowWall,following_right_wall,0,14,42,0.458748072,-1,-1,-1,1,0.279372185,2.1838806,2.1838806,0,0,0,0,0
6.3,0.491471129,-0.0258820134,-2.18198017,0.0798195934,0.00270609974,FollowWall,following_right_wall,0,14,42,0.458504289,-1,-1,-1,1,0.278781176,2.18373572,2.18373572,0,0,0,0,0
6.35,0.495456281,-0.026033494,-2.17169252,0.0798195934,0.00270609974,FollowWall,following_right_wall,0,14,42,0.458504289,-1,-1,-1,1,0.278781176,2.18359045,2.18359045,0,0,0,0,0
6.4,0.499442686,-0.0261843423,-2.16246122,0.0798084499,0.00287325209,FollowWall,following_right_wall,0,14,42,0.458265901,-1,-1,-1,1,0.278542817,2.18344518,2.18344518,0,0,0,0,0
6.45,0.5034296,-0.026334581,-2.1536466,0.0798084499,0.00287325209,FollowWall,following_right_wall,0,14,42,0.458265901,-1,-1,-1,1,0.278542817,2.18330027,2.18330027,0,0,0,0,0
6.5,0.50741682,-0.0264842255,-2.14507505,0.0798677472,0.00198379184,FollowWall,following_right_wall,0,14,42,0.458090216,-1,-1,-1,1,0.278596789,2.18315581,2.18315581,0,0,0,0,0
6.55,0.511405459,-0.0266333676,-2.137707,0.0798677472,0.00198379184,FollowWall,following_right_wall,0,14,42,0.458090216,-1,-1,-1,1,0.278596789,2.18301112,2.18301112,0,0,0,0,0
6.6,0.515394933,-0.0267820517,-2.131041,0.0799044004,-0.00143399333,FollowWall,following_right_wall,0,14,42,0.45796138,-1,-1,-1,1,0.278019696,2.18286647,2.18286647,0,0,0,0,0
6.65,0.519385658,-0.026930474,-2.1288642,0.0799044004,-0.00143399333,FollowWall,following_right_wall,0,14,42,0.45796138,-1,-1,-1,1,0.278019696,2.18271936,2.18271936,0,0,0,0,0
6.7,0.523377108,-0.0270788628,-2.1293061,0.0798873062,-0.00169040686,FollowWall,following_right_wall,0,14,42,0.457783997,-1,-1,-1,1,0.277383417,2.18257071,2.18257071,0,0,0,0,0
6.75,0.52736862,-0.0272273487,-2.13158165,0.0798873062,-0.00169040686,FollowWall,following_right_wall,0,14,42,0.457783997,-1,-1,-1,1,0.277383417,2.18242084,2.18242084,0,0,0,0,0
6.8,0.531360164,-0.0273760318,-2.13492683,0.0798375276,-0.00243708586,FollowWall,following_right_wall,0,14,42,0.457599014,-1,-1,-1,1,0.27714175,2.18227014,2.18227014,0,0,0,0,0
6.85,0.535350682,-0.0275249628,-2.13978724,0.0798375276,-0.00243708586,FollowWall,following_right_wall,0,14,42,0.457599014,-1,-1,-1,1,0.27714175,2.18211827,2.18211827,0,0,0,0,0
6.9,0.539340596,-0.0276742411,-2.14553154,0.0798675293,-0.00198706025,FollowWall,following_right_wall,0,14,42,0.457421333,-1,-1,-1,1,0.276330829,2.18196551,2.18196551,0,0,0,0,0
6.95,0.543330774,-0.0278239291,-2.15125426,0.0798675293,-0.00198706025,FollowWall,following_right_wall,0,14,42,0.457421333,-1,-1,-1,1,0.276330829,2.18181237,2.18181237,0,0,0,0,0
7,0.5473211,-0.0279740213,-2.15696439,0.0798495049,-0.00225742615,FollowWall,following_right_wall,0,14,42,0.457282752,-1,-1,-1,1,0.275995553,2.18165882,2.18165882,0,0,0,0,0
7.05,0.551311131,-0.0281245116,-2.1629899,0.0798495049,-0.00225742615,FollowWall,following_right_wall,0,14,42,0.457282752,-1,-1,-1,1,0.275995553,2.18150469,2.18150469,0,0,0,0,0
7.1,0.555300982,-0.0282754218,-2.16919939,0.0796759714,-0.00486042872,FollowWall,following_right_wall,0,14,42,0.457173705,-1,-1,-1,1,0.27594015,2.18135003,2.18135003,0,0,0,0,0
7.15,0.559287104,-0.0284267355,-2.1786233,0.0796759714,-0.00486042872,FollowWall,following_right_wall,0,14,42,0.457173705,-1,-1,-1,1,0.27594015,2.18119303,2.18119303,0,0,0,0,0
7.2,0.563271037,-0.0285786876,-2.18992229,0.0795187347,-0.00721897895,FollowWall,following_right_wall,0,14,42,0.457006961,-1,-1,-1,1,0.276062816,2.18103426,2.18103426,0,0,0,0,0
7.25,0.567250398,-0.0287313872,-2.20513039,0.0795187347,-0.00721897895,FollowWall,following_right_wall,0,14,42,0.457006961,-1,-1,-1,1,0.276062816,2.18087238,2.18087238,0,0,0,0,0
7.3,0.571227071,-0.02888512,-2.2226188,0.0795860688,-0.00620896773,FollowWall,following_right_wall,0,14,42,0.456735224,-1,-1,-1,1,0.275930017,2.18070811,2.18070811,0,0,0,0,0
7.35,0.575203555,-0.0290400653,-2.24023179,0.0795860688,-0.00620896773,FollowWall,following_right_wall,0,14,42,0.456735224,-1,-1,-1,1,0.275930017,2.18054256,2.18054256,0,0,0,0,0
7.4,0.579179909,-0.0291962324,-2.25791743,0.0796351037,-0.00547344508,FollowWall,following_right_wall,0,14,42,0.456437945,-1,-1,-1,1,0.275762975,2.18037575,2.18037575,0,0,0,0,0
7.45,0.583157188,-0.0293536363,-2.27476751,0.0796351037,-0.00547344508,FollowWall,following_right_wall,0,14,42,0.456437945,-1,-1,-1,1,0.275762975,2.18020821,2.18020821,0,0,0,0,0
7.5,0.587134988,-0.0295122156,-2.29113016,0.0795319377,-0.00702093391,FollowWall,following_right_wall,0,14,42,0.456149459,-1,-1,-1,1,0.275684893,2.1800398,2.1800398,0,0,0,0,0
7.55,0.591110924,-0.0296719121,-2.30905566,0.0795319377,-0.00702093391,FollowWall,following_right_wall,0,14,42,0.456149459,-1,-1,-1,1,0.275684893,2.17986934,2.17986934,0,0,0,0,0
7.6,0.59508575,-0.0298328413,-2.32789283,0.0795792041,-0.00631193915,FollowWall,following_right_wall,0,14,42,0.455803305,-1,-1,-1,1,0.275080353,2.17969711,2.17969711,0,0,0,0,0
7.65,0.599060888,-0.0299950813,-2.3464155,0.0795792041,-0.00631193915,FollowWall,following_right_wall,0,14,42,0.455803305,-1,-1,-1,1,0.275080353,2.17952377,2.17952377,0,0,0,0,0
7.7,0.603036187,-0.0301586088,-2.36475471,0.0797269816,-0.00409527554,FollowWall,following_right_wall,0,14,42,0.455421567,-1,-1,-1,1,0.274406046,2.17934926,2.17934926,0,0,0,0,0
7.75,0.607014638,-0.0303234458,-2.38034096,0.0797269816,-0.00409527554,FollowWall,following_right_wall,0,14,42,0.455421567,-1,-1,-1,1,0.274406046,2.1791751,2.1791751,0,0,0,0,0
7.8,0.610994914,-0.0304893871,-2.39432132,0.0796786321,-0.00482051842,FollowWall,following_right_wall,0,14,42,0.455065608,-1,-1,-1,1,0.273922652,2.1790008,2.1790008,0,0,0,0,0
7.85,0.614975231,-0.0306563007,-2.40823059,0.0796786321,-0.00482051842,FollowWall,following_right_wall,0,14,42,0.455065608,-1,-1,-1,1,0.273922652,2.17882557,2.17882557,0,0,0,0,0
7.9,0.618955557,-0.0308241811,-2.42209841,0.079873299,-0.00190051492,FollowWall,following_right_wall,0,14,42,0.45467329,-1,-1,-1,1,0.273770273,2.17864941,2.17864941,0,0,0,0,0
7.95,0.622939926,-0.0309930759,-2.43245654,0.079873299,-0.00190051492,FollowWall,following_right_wall,0,14,42,0.45467329,-1,-1,-1,1,0.273770273,2.17847434,2.17847434,0,0,0,0,0
8,0.626926648,-0.0311627211,-2.44076735,0.0799591482,0.000612777161,FollowWall,following_right_wall,0,14,42,0.454306513,-1,-1,-1,1,0.273356855,2.17829973,2.17829973,0,0,0,0,0
8.05,0.630916527,-0.0313329341,-2.44488388,0.0799591482,0.000612777161,FollowWall,following_right_wall,0,14,42,0.454306513,-1,-1,-1,1,0.273356855,2.17812706,2.17812706,0,0,0,0,0
8.1,0.63490825,-0.0315034278,-2.44655374,0.079690443,0.00464335505,FollowWall,following_right_wall,0,14,42,0.453995466,-1,-1,-1,1,0.272990078,2.17795558,2.17795558,0,0,0,0,0
8.15,0.638895464,-0.0316736278,-2.44198523,0.079690443,0.00464335505,FollowWall,following_right_wall,0,14,42,0.453995466,-1,-1,-1,1,0.272990078,2.1777881,2.1777881,0,0,0,0,0
8.2,0.642880065,-0.0318432712,-2.43377766,0.0794607444,0.00808883356,FollowWall,following_right_wall,0,14,42,0.453791827,-1,-1,-1,1,0.272773683,2.17762335,2.17762335,0,0,0,0,0
8.25,0.646858383,-0.0320118593,-2.41933458,0.0794607444,0.00808883356,FollowWall,following_right_wall,0,14,42,0.453791827,-1,-1,-1,1,0.272773683,2.17746338,2.17746338,0,0,0,0,0
8.3,0.650833064,-0.0321791632,-2.40125412,0.0794416528,0.0083752079,FollowWall,following_right_wall,0,14,42,0.45370695,-1,-1,-1,1,0.272870541,2.17730688,2.17730688,0,0,0,0,0
8.35,0.654805254,-0.032345021,-2.38071002,0.0794416528,0.0083752079,FollowWall,following_right_wall,0,14,42,0.45370695,-1,-1,-1,1,0.272870541,2.17715331,2.17715331,0,0,0,0,0
8.4,0.65877602,-0.0325093432,-2.35872879,0.0795039738,0.00744039298,FollowWall,following_right_wall,0,14,42,0.453647852,-1,-1,-1,1,0.272664845,2.17700214,2.17700214,0,0,0,0,0
8.45,0.662747279,-0.0326721693,-2.33702509,0.0795039738,0.00744039298,FollowWall,following_right_wall,0,14,42,0.453647852,-1,-1,-1,1,0.272664845,2.17685231,2.17685231,0,0,0,0,0
8.5,0.66671885,-0.0328335069,-2.31548328,0.0794269298,0.00859605253,FollowWall,following_right_wall,0,14,42,0.453524768,-1,-1,-1,1,0.272448957,2.17670389,2.17670389,0,0,0,0,0
8.55,0.670689026,-0.0329932481,-2.29265645,0.0794269298,0.00859605253,FollowWall,following_right_wall,0,14,42,0.453524768,-1,-1,-1,1,0.272448957,2.17655785,2.17655785,0,0,0,0,0
8.6,0.674658416,-0.0331513478,-2.26908001,0.0793766915,0.00934962703,FollowWall,following_right_wall,0,14,42,0.45336166,-1,-1,-1,1,0.271975189,2.17641392,2.17641392,0,0,0,0,0
8.65,0.678626331,-0.033307707,-2.2441668,0.0793766915,0.00934962703,FollowWall,following_right_wall,0,14,42,0.45336166,-1,-1,-1,1,0.271975189,2.17627255,2.17627255,0,0,0,0,0
8.7,0.682593416,-0.0334622788,-2.21847379,0.0794969151,0.00754627357,FollowWall,following_right_wall,0,14,42,0.453171492,-1,-1,-1,1,0.271589756,2.17613345,2.17613345,0,0,0,0,0
8.75,0.686562545,-0.0336152067,-2.19447851,0.0794969151,0.00754627357,FollowWall,following_right_wall,0,14,42,0.453171492,-1,-1,-1,1,0.271589756,2.17599499,2.17599499,0,0,0,0,0
8.8,0.690532891,-0.0337665506,-2.17147355,0.0794662143,0.00800678511,FollowWall,following_right_wall,0,14,42,0.452881664,-1,-1,-1,1,0.270848393,2.17585753,2.17585753,0,0,0,0,0
8.85,0.694503331,-0.0339163025,-2.1484966,0.0794662143,0.00800678511,FollowWall,following_right_wall,0,14,42,0.452881664,-1,-1,-1,1,0.270848393,2.17572166,2.17572166,0,0,0,0,0
8.9,0.69847385,-0.0340644636,-2.12553599,0.0793170476,0.0102442867,FollowWall,following_right_wall,0,14,42,0.452520907,-1,-1,-1,1,0.270267487,2.17558739,2.17558739,0,0,0,0,0
8.95,0.702441338,-0.0342108271,-2.09991408,0.0793170476,0.0102442867,FollowWall,following_right_wall,0,14,42,0.452520907,-1,-1,-1,1,0.270267487,2.17545654,2.17545654,0,0,0,0,0
9,0.706407088,-0.0343552969,-2.07273975,0.0793576971,0.0096345431,FollowWall,following_right_wall,0,14,42,0.45217362,-1,-1,-1,1,0.269806415,2.17532854,2.17532854,0,0,0,0,0
9.05,0.7103727,-0.0344978722,-2.04538767,0.0793576971,0.0096345431,FollowWall,following_right_wall,0,14,42,0.45217362,-1,-1,-1,1,0.269806415,2.17520257,2.17520257,0,0,0,0,0
9.1,0.71433826,-0.0346385466,-2.0179319,0.0795227513,0.0071587311,FollowWall,following_right_wall,0,14,42,0.451801449,-1,-1,-1,1,0.269570112,2.17507858,2.17507858,0,0,0,0,0
9.15,0.718307249,-0.0347775387,-1.99337092,0.0795227513,0.0071587311,FollowWall,following_right_wall,0,14,42,0.451801449,-1,-1,-1,1,0.269570112,2.17495453,2.17495453,0,0,0,0,0
9.2,0.722278258,-0.0349149558,-1.97049859,0.0795607884,0.00658817458,FollowWall,following_right_wall,0,14,42,0.451320052,-1,-1,-1,1,0.269238621,2.17483105,2.17483105,0,0,0,0,0
9.25,0.726251258,-0.0350509118,-1.94929233,0.0795607884,0.00658817458,FollowWall,following_right_wall,0,14,42,0.451320052,-1,-1,-1,1,0.269238621,2.17470802,2.17470802,0,0,0,0,0
9.3,0.730225437,-0.0351854692,-1.92905797,0.0796697822,0.00495326626,FollowWall,following_right_wall,0,14,42,0.450750589,-1,-1,-1,1,0.268811136,2.17458581,2.17458581,0,0,0,0,0
9.35,0.734202589,-0.0353188087,-1.91134206,0.0796697822,0.00495326626,FollowWall,following_right_wall,0,14,42,0.450750589,-1,-1,-1,1,0.268811136,2.17446329,2.17446329,0,0,0,0,0
9.4,0.738181489,-0.0354510261,-1.89509525,0.0797094464,0.00435830435,FollowWall,following_right_wall,0,14,42,0.450087011,-1,-1,-1,1,0.268802047,2.17434101,2.17434101,0,0,0,0,0
9.45,0.742162247,-0.0355822298,-1.88041561,0.0797094464,0.00435830435,FollowWall,following_right_wall,0,14,42,0.450087011,-1,-1,-1,1,0.268802047,2.17421878,2.17421878,0,0,0,0,0
9.5,0.7461441,-0.0357124801,-1.86665014,0.0795304883,0.0070426755,FollowWall,following_right_wall,0,14,42,0.449358016,-1,-1,-1,1,0.268549621,2.17409696,2.17409696,0,0,0,0,0
9.55,0.750122882,-0.0358415802,-1.85021371,0.0795304883,0.0070426755,FollowWall,following_right_wall,0,14,42,0.449358016,-1,-1,-1,1,0.268549621,2.17397793,2.17397793,0,0,0,0,0
9.6,0.75409989,-0.0359694265,-1.83221921,0.0793444322,0.00983351669,FollowWall,following_right_wall,0,14,42,0.448688745,-1,-1,-1,1,0.268806458,2.17386111,2.17386111,0,0,0,0,0
9.65,0.758072011,-0.0360957199,-1.80998453,0.0793444322,0.00983351669,FollowWall,following_right_wall,0,14,42,0.448688745,-1,-1,-1,1,0.268806458,2.17374846,2.17374846,0,0,0,0,0
9.7,0.762041308,-0.0362202957,-1.7852764,0.0792888012,0.0106679826,FollowWall,following_right_wall,0,14,42,0.448158026,-1,-1,-1,1,0.268468767,2.17363906,2.17363906,0,0,0,0,0
9.75,0.766007824,-0.0363429876,-1.75812936,0.0792888012,0.0106679826,FollowWall,following_right_wall,0,14,42,0.448158026,-1,-1,-1,1,0.268468767,2.17353306,2.17353306,0,0,0,0,0
9.8,0.769972744,-0.0364637005,-1.72955962,0.0793118067,0.0103228995,FollowWall,following_right_wall,0,14,42,0.447743356,-1,-1,-1,1,0.268224895,2.17342993,2.17342993,0,0,0,0,0
9.85,0.773937239,-0.0365824073,-1.70057189,0.0793118067,0.0103228995,FollowWall,following_right_wall,0,14,42,0.447743356,-1,-1,-1,1,0.268224895,2.1733291,2.1733291,0,0,0,0,0
9.9,0.777901509,-0.0366990916,-1.67134032,0.079121434,0.01317849,FollowWall,following_right_wall,0,14,42,0.447395265,-1,-1,-1,1,0.268002331,2.17323045,2.17323045,0,0,0,0,0
9.95,0.781861713,-0.0368135112,-1.63855791,0.079121434,0.01317849,FollowWall,following_right_wall,0,14,42,0.447395265,-1,-1,-1,1,0.268002331,2.1731363,2.1731363,0,0,0,0,0
10,0.785819574,-0.0369255251,-1.60370417,0.0790041954,0.0149370691,FollowWall,following_right_wall,0,14,42,0.447194725,-1,-1,-1,1,0.267340839,2.17304586,2.17304586,0,0,0,0,0
10.05,0.789773658,-0.0370349107,-1.56554301,0.0790041954,0.0149370691,FollowWall,following_right_wall,0,14,42,0.447194725,-1,-1,-1,1,0.267340839,2.17296013,2.17296013,0,0,0,0,0
10.1,0.793725573,-0.0371415356,-1.52545252,0.0788747933,0.0168781007,FollowWall,following_right_wall,0,14,42,0.447166651,-1,-1,-1,1,0.266862929,2.17287841,2.17287841,0,0,0,0,0
10.15,0.79767356,-0.0372451715,-1.48191966,0.0788747933,0.0168781007,FollowWall,following_right_wall,0,14,42,0.447166651,-1,-1,-1,1,0.266862929,2.17280186,2.17280186,0,0,0,0,0
10.2,0.801619291,-0.0373456789,-1.43637874,0.0790664601,0.0140030992,FollowWall,following_right_wall,0,14,42,0.447325438,-1,-1,-1,1,0.266495705,2.17272974,2.17272974,0,0,0,0,0
10.25,0.805567728,-0.037443193,-1.39309823,0.0790664601,0.0140030992,FollowWall,following_right_wall,0,14,42,0.447325438,-1,-1,-1,1,0.266495705,2.17265927,2.17265927,0,0,0,0,0
10.3,0.80951777,-0.0375378065,-1.3511363,0.0793318603,0.0100220959,FollowWall,following_right_wall,0,14,42,0.44753322,-1,-1,-1,1,0.266196877,2.17259091,2.17259091,0,0,0,0,0
10.35,0.813474298,-0.0376298669,-1.31469551,0.0793318603,0.0100220959,FollowWall,following_right_wall,0,14,42,0.44753322,-1,-1,-1,1,0.266196877,2.1725217,2.1725217,0,0,0,0,0
10.4,0.817434628,-0.0377196069,-1.28147539,0.079489707,0.00765439534,FollowWall,following_right_wall,0,14,42,0.4476749,-1,-1,-1,1,0.265968651,2.17245282,2.17245282,0,0,0,0,0
10.45,0.821400479,-0.0378073345,-1.25296022,0.079489707,0.00765439534,FollowWall,following_right_wall,0,14,42,0.4476749,-1,-1,-1,1,0.265968651,2.17238302,2.17238302,0,0,0,0,0
10.5,0.825369564,-0.0378932523,-1.22718961,0.0797387631,0.00391855361,FollowWall,following_right_wall,0,14,42,0.447752565,-1,-1,-1,1,0.265692025,2.17231332,2.17231332,0,0,0,0,0
10.55,0.829345732,-0.0379777447,-1.20747933,0.0797387631,0.00391855361,FollowWall,following_right_wall,0,14,42,0.447752565,-1,-1,-1,1,0.265692025,2.17224125,2.17224125,0,0,0,0,0
10.6,0.833326039,-0.038061078,-1.19130424,0.0799744902,0.00038264644,FollowWall,following_right_wall,0,14,42,0.447734356,-1,-1,-1,1,0.265701145,2.17216811,2.17216811,0,0,0,0,0
10.65,0.837313674,-0.0381436572,-1.18141201,0.0799744902,0.00038264644,FollowWall,following_right_wall,0,14,42,0.447734356,-1,-1,-1,1,0.265701145,2.17209178,2.17209178,0,0,0,0,0
10.7,0.841305584,-0.0382257631,-1.1751848,0.0799585902,0.000621147618,FollowWall,following_right_wall,0,14,42,0.447603494,-1,-1,-1,1,0.265531629,2.1720136,2.1720136,0,0,0,0,0
10.75,0.845299658,-0.0383075439,-1.17081082,0.0799585902,0.000621147618,FollowWall,following_right_wall,0,14,42,0.447603494,-1,-1,-1,1,0.265531629,2.17193458,2.17193458,0,0,0,0,0
10.8,0.849294994,-0.0383890831,-1.16751789,0.0799411402,0.000882897703,FollowWall,following_right_wall,0,14,42,0.44747138,-1,-1,-1,1,0.265920281,2.17185512,2.17185512,0,0,0,0,0
10.85,0.853290706,-0.0384704113,-1.16454313,0.0799411402,0.000882897703,FollowWall,following_right_wall,0,14,42,0.44747138,-1,-1,-1,1,0.265920281,2.17177567,2.17177567,0,0,0,0,0
10.9,0.857286637,-0.038551543,-1.16175398,0.0799851172,-0.000223241274,FollowWall,following_right_wall,0,14,42,0.447401732,-1,-1,-1,1,0.265836149,2.1716963,2.1716963,0,0,0,0,0
10.95,0.861283613,-0.038632551,-1.16039344,0.0799851172,-0.000223241274,FollowWall,following_right_wall,0,14,42,0.447401732,-1,-1,-1,1,0.265836149,2.17161615,2.17161615,0,0,0,0,0
11,0.865281198,-0.0387135055,-1.15986627,0.0797553634,-0.00366954842,FollowWall,following_right_wall,0,14,42,0.447371095,-1,-1,-1,1,0.265533924,2.17153553,2.17153553,0,0,0,0,0
11.05,0.869274349,-0.0387944939,-1.16393896,0.0797553634,-0.00366954842,FollowWall,following_right_wall,0,14,42,0.447371095,-1,-1,-1,1,0.265533924,2.17145197,2.17145197,0,0,0,0,0
11.1,0.873264909,-0.0388758069,-1.17069489,0.0797660115,-0.00350982814,FollowWall,following_right_wall,0,14,42,0.447284043,-1,-1,-1,1,0.265498221,2.17136639,2.17136639,0,0,0,0,0
11.15,0.877254171,-0.0389576119,-1.1788254,0.0797660115,-0.00350982814,FollowWall,following_right_wall,0,14,42,0.447284043,-1,-1,-1,1,0.265498221,2.17127945,2.17127945,0,0,0,0,0
11.2,0.881242672,-0.0390399955,-1.18775775,0.0797705421,-0.00344186865,FollowWall,following_right_wall,0,14,42,0.447197288,-1,-1,-1,1,0.264996588,2.17119143,2.17119143,0,0,0,0,0
11.25,0.885230815,-0.0391230071,-1.19707671,0.0797705421,-0.00344186865,FollowWall,following_right_wall,0,14,42,0.447197288,-1,-1,-1,1,0.264996588,2.17110254,2.17110254,0,0,0,0,0
11.3,0.889218745,-0.0392066711,-1.2066212,0.0798080789,-0.00287881667,FollowWall,following_right_wall,0,14,42,0.447147161,-1,-1,-1,1,0.264575064,2.17101286,2.17101286,0,0,0,0,0
11.35,0.893207327,-0.0392909946,-1.21562515,0.0798080789,-0.00287881667,FollowWall,following_right_wall,0,14,42,0.447147161,-1,-1,-1,1,0.264575064,2.17092286,2.17092286,0,0,0,0,0
11.4,0.897196283,-0.0393759423,-1.2243138,0.0797474291,-0.00378856384,FollowWall,following_right_wall,0,14,42,0.44715476,-1,-1,-1,1,0.264079481,2.17083244,2.17083244,0,0,0,0,0
11.45,0.901184189,-0.039461504,-1.23390443,0.0797474291,-0.00378856384,FollowWall,following_right_wall,0,14,42,0.44715476,-1,-1,-1,1,0.264079481,2.17074084,2.17074084,0,0,0,0,0
11.5,0.905171475,-0.0395477384,-1.24402124,0.0795665701,-0.0065014481,FollowWall,following_right_wall,0,14,42,0.447178453,-1,-1,-1,1,0.264195442,2.17064824,2.17064824,0,0,0,0,0
11.55,0.909154623,-0.0396347103,-1.25768324,0.0795665701,-0.0065014481,FollowWall,following_right_wall,0,14,42,0.447178453,-1,-1,-1,1,0.264195442,2.17055267,2.17055267,0,0,0,0,0
11.6,0.913135346,-0.0397226507,-1.27341327,0.0794035842,-0.00894623753,FollowWall,following_right_wall,0,14,42,0.447129875,-1,-1,-1,1,0.264184535,2.17045484,2.17045484,0,0,0,0,0
11.65,0.917111244,-0.0398117198,-1.29326791,0.0794035842,-0.00894623753,FollowWall,following_right_wall,0,14,42,0.447129875,-1,-1,-1,1,0.264184535,2.1703533,2.1703533,0,0,0,0,0
11.7,0.921084312,-0.0399021865,-1.31552856,0.0794837444,-0.00774383446,FollowWall,following_right_wall,0,14,42,0.446965724,-1,-1,-1,1,0.264033616,2.17024886,2.17024886,0,0,0,0,0
11.75,0.925057381,-0.0399941965,-1.33775747,0.0794837444,-0.00774383446,FollowWall,following_right_wall,0,14,42,0.446965724,-1,-1,-1,1,0.264033616,2.17014291,2.17014291,0,0,0,0,0
11.8,0.929030437,-0.0400877479,-1.35996785,0.0795914634,-0.0061280484,FollowWall,following_right_wall,0,14,42,0.446776897,-1,-1,-1,1,0.263973624,2.17003544,2.17003544,0,0,0,0,0
11.85,0.933005714,-0.040182826,-1.38023873,0.0795914634,-0.0061280484,FollowWall,following_right_wall,0,14,42,0.446776897,-1,-1,-1,1,0.263973624,2.16992768,2.16992768,0,0,0,0,0
11.9,0.936982273,-0.0402793033,-1.39937822,0.0794844637,-0.00773304475,FollowWall,following_right_wall,0,14,42,0.446625173,-1,-1,-1,1,0.263780236,2.16981923,2.16981923,0,0,0,0,0
11.95,0.940957339,-0.0403771166,-1.41977357,0.0794844637,-0.00773304475,FollowWall,following_right_wall,0,14,42,0.446625173,-1,-1,-1,1,0.263780236,2.16970867,2.16970867,0,0,0,0,0
12,0.944931517,-0.040476349,-1.4409015,0.0794128494,-0.00880725832,FollowWall,following_right_wall,0,14,42,0.446428865,-1,-1,-1,1,0.263540983,2.16959625,2.16959625,0,0,0,0,0
12.05,0.948903668,-0.0405770557,-1.46373901,0.0794128494,-0.00880725832,FollowWall,following_right_wall,0,14,42,0.446428865,-1,-1,-1,1,0.263540983,2.1694813,2.1694813,0,0,0,0,0
12.1,0.952874617,-0.0406793504,-1.48757379,0.0795521497,-0.00671775456,FollowWall,following_right_wall,0,14,42,0.446146309,-1,-1,-1,1,0.263890833,2.16936416,2.16936416,0,0,0,0,0
12.15,0.95684775,-0.0407832889,-1.50949614,0.0795521497,-0.00671775456,FollowWall,following_right_wall,0,14,42,0.446146309,-1,-1,-1,1,0.263890833,2.16924658,2.16924658,0,0,0,0,0
12.2,0.960822142,-0.0408887433,-1.5303029,0.0794969648,-0.00754552816,FollowWall,following_right_wall,0,14,42,0.445856065,-1,-1,-1,1,0.263369024,2.16912818,2.16912818,0,0,0,0,0
12.25,0.964796102,-0.0409956421,-1.55144699,0.0794969648,-0.00754552816,FollowWall,following_right_wall,0,14,42,0.445856065,-1,-1,-1,1,0.263369024,2.16900815,2.16900815,0,0,0,0,0
12.3,0.968769793,-0.0411040081,-1.57278785,0.0797705245,-0.00344213303,FollowWall,following_right_wall,0,14,42,0.445512593,-1,-1,-1,1,0.263130784,2.16888654,2.16888654,0,0,0,0,0
12.35,0.972749012,-0.0412138418,-1.58934543,0.0797705245,-0.00344213303,FollowWall,following_right_wall,0,14,42,0.445512593,-1,-1,-1,1,0.263130784,2.16876644,2.16876644,0,0,0,0,0
12.4,0.976731447,-0.041324819,-1.60311277,0.0799553808,-0.000669287928,FollowWall,following_right_wall,0,14,42,0.44522348,-1,-1,-1,1,0.262651294,2.16864693,2.16864693,0,0,0,0,0
12.45,0.980719603,-0.0414367426,-1.61194261,0.0799553808,-0.000669287928,FollowWall,following_right_wall,0,14,42,0.44522348,-1,-1,-1,1,0.262651294,2.16852954,2.16852954,0,0,0,0,0
12.5,0.984711094,-0.0415492751,-1.61789226,0.079770757,0.00343864461,FollowWall,following_right_wall,0,14,42,0.445015788,-1,-1,-1,1,0.262233824,2.16841332,2.16841332,0,0,0,0,0
12.55,0.98870069,-0.0416619394,-1.61725831,0.079770757,0.00343864461,FollowWall,following_right_wall,0,14,42,0.445015788,-1,-1,-1,1,0.262233824,2.16830105,2.16830105,0,0,0,0,0
12.6,0.992689187,-0.0417743947,-1.61278393,0.0795373062,0.00694040695,FollowWall,following_right_wall,0,14,42,0.444928318,-1,-1,-1,1,0.261798918,2.16819136,2.16819136,0,0,0,0,0
12.65,0.996672195,-0.0418861605,-1.60188937,0.0795373062,0.00694040695,FollowWall,following_right_wall,0,14,42,0.444928318,-1,-1,-1,1,0.261798918,2.16808635,2.16808635,0,0,0,0,0
12.7,1.00065202,-0.0419969495,-1.58724971,0.0795681324,0.00647801401,FollowWall,following_right_wall,0,14,42,0.444966286,-1,-1,-1,1,0.261928022,2.16798463,2.16798463,0,0,0,0,0
12.75,1.00463064,-0.0421066309,-1.57097735,0.0795681324,0.00647801401,FollowWall,following_right_wall,0,14,42,0.444966286,-1,-1,-1,1,0.261928022,2.16788504,2.16788504,0,0,0,0,0
12.8,1.00860857,-0.0422151298,-1.55375258,0.0796310281,0.00553457881,FollowWall,following_right_wall,0,14,42,0.445009381,-1,-1,-1,1,0.261823714,2.16778723,2.16778723,0,0,0,0,0
12.85,1.01258742,-0.0423224765,-1.53709838,0.0796310281,0.00553457881,FollowWall,following_right_wall,0,14,42,0.445009381,-1,-1,-1,1,0.261823714,2.16769023,2.16769023,0,0,0,0,0
12.9,1.01656683,-0.0424286922,-1.52077701,0.0795427901,0.00685814776,FollowWall,following_right_wall,0,14,42,0.444974452,-1,-1,-1,1,0.261910677,2.16759416,2.16759416,0,0,0,0,0
12.95,1.02054473,-0.0425336856,-1.5030699,0.0795427901,0.00685814776,FollowWall,following_right_wall,0,14,42,0.444974452,-1,-1,-1,1,0.261910677,2.16750018,2.16750018,0,0,0,0,0
13,1.02452177,-0.0426373983,-1.48455445,0.079423731,0.00864403509,FollowWall,following_right_wall,0,14,42,0.444898248,-1,-1,-1,1,0.261840731,2.16740799,2.16740799,0,0,0,0,0
13.05,1.02849585,-0.0427396582,-1.46343571,0.079423731,0.00864403509,FollowWall,following_right_wall,0,14,42,0.444898248,-1,-1,-1,1,0.261840731,2.16731889,2.16731889,0,0,0,0,0
13.1,1.03246821,-0.0428403562,-1.44079838,0.0795479491,0.00678076376,FollowWall,following_right_wall,0,14,42,0.444825768,-1,-1,-1,1,0.261858106,2.16723231,2.16723231,0,0,0,0,0
13.15,1.03644218,-0.0429395702,-1.41949934,0.0795479491,0.00678076376,FollowWall,following_right_wall,0,14,42,0.444825768,-1,-1,-1,1,0.261858106,2.16714639,2.16714639,0,0,0,0,0
13.2,1.04041709,-0.0430373565,-1.39898096,0.0796249683,0.00562547505,FollowWall,following_right_wall,0,14,42,0.444668502,-1,-1,-1,1,0.261059523,2.16706143,2.16706143,0,0,0,0,0
13.25,1.04439418,-0.0431338348,-1.38029698,0.0796249683,0.00562547505,FollowWall,following_right_wall,0,14,42,0.444668502,-1,-1,-1,1,0.261059523,2.16697663,2.16697663,0,0,0,0,0
13.3,1.04837254,-0.0432290831,-1.36268308,0.0794741746,0.00788738148,FollowWall,following_right_wall,0,14,42,0.444394708,-1,-1,-1,1,0.260707438,2.16689241,2.16689241,0,0,0,0,0
13.35,1.05234852,-0.0433229793,-1.34299344,0.0794741746,0.00788738148,FollowWall,following_right_wall,0,14,42,0.444394708,-1,-1,-1,1,0.260707438,2.16681084,2.16681084,0,0,0,0,0
13.4,1.05632313,-0.0434154344,-1.32209294,0.0795058653,0.0074120211,FollowWall,following_right_wall,0,14,42,0.444106579,-1,-1,-1,1,0.260608196,2.16673149,2.16673149,0,0,0,0,0
13.45,1.06029761,-0.0435064312,-1.30105354,0.0795058653,0.0074120211,FollowWall,following_right_wall,0,14,42,0.444106579,-1,-1,-1,1,0.260608196,2.1666537,2.1666537,0,0,0,0,0
13.5,1.06427202,-0.0435959635,-1.27993311,0.079668185,0.00497722555,FollowWall,following_right_wall,0,14,42,0.443785876,-1,-1,-1,1,0.260380745,2.16657743,2.16657743,0,0,0,0,0
13.55,1.0682498,-0.0436842038,-1.26167173,0.079668185,0.00497722555,FollowWall,following_right_wall,0,14,42,0.443785876,-1,-1,-1,1,0.260380745,2.16650067,2.16650067,0,0,0,0,0
13.6,1.07222954,-0.0437712765,-1.24507813,0.0796283116,0.00557532531,FollowWall,following_right_wall,0,14,42,0.443352699,-1,-1,-1,1,0.260025203,2.16642403,2.16642403,0,0,0,0,0
13.65,1.0762096,-0.0438572122,-1.22874348,0.0796283116,0.00557532531,FollowWall,following_right_wall,0,14,42,0.443352699,-1,-1,-1,1,0.260025203,2.16634838,2.16634838,0,0,0,0,0
13.7,1.08018987,-0.0439420222,-1.21255988,0.0797397696,0.00390345527,FollowWall,following_right_wall,0,14,42,0.631571829,-1,-1,-1,1,0.259848684,2.16627377,2.16627377,0,0,0,0,0
13.75,1.08417258,-0.0440258313,-1.19846004,0.0797397696,0.00390345527,FollowWall,following_right_wall,0,14,42,0.631571829,-1,-1,-1,1,0.259848684,2.16619885,2.16619885,0,0,0,0,0
13.8,1.08815673,-0.044108732,-1.18557573,0.079816656,0.00275016071,FollowWall,following_right_wall,0,14,42,0.631195486,-1,-1,-1,1,0.259278446,2.16612407,2.16612407,0,0,0,0,0
13.85,1.09214332,-0.0441908592,-1.17477711,0.079816656,0.00275016071,FollowWall,following_right_wall,0,14,42,0.631195486,-1,-1,-1,1,0.259278446,2.16604876,2.16604876,0,0,0,0,0
13.9,1.09613134,-0.0442723063,-1.16519516,0.0796337889,0.00549316674,FollowWall,following_right_wall,0,14,42,0.630847335,-1,-1,-1,1,0.259415209,2.16597336,2.16597336,0,0,0,0,0
13.95,1.10011639,-0.0443529369,-1.1530487,0.0796337889,0.00549316674,FollowWall,following_right_wall,0,14,42,0.630847335,-1,-1,-1,1,0.259415209,2.16590041,2.16590041,0,0,0,0,0
14,1.10409972,-0.0444326358,-1.13940629,0.0794426012,0.0083609819,FollowWall,following_right_wall,0,14,42,0.630345285,-1,-1,-1,1,0.259373188,2.16582933,2.16582933,0,0,0,0,0
14.05,1.10807807,-0.0445111383,-1.12146802,0.0794426012,0.0083609819,FollowWall,following_right_wall,0,14,42,0.630345285,-1,-1,-1,1,0.259373188,2.16576217,2.16576217,0,0,0,0,0
14.1,1.11205353,-0.0445882517,-1.10102385,0.0793889169,0.00916624656,FollowWall,following_right_wall,0,14,42,0.629582763,-1,-1,-1,1,0.259612203,2.165698,2.165698,0,0,0,0,0
14.15,1.11602621,-0.0446638089,-1.07815668,0.0793889169,0.00916624656,FollowWall,following_right_wall,0,14,42,0.629582763,-1,-1,-1,1,0.259612203,2.16563693,2.16563693,0,0,0,0,0
14.2,1.11999727,-0.044737701,-1.05387609,0.079351994,0.00972008994,FollowWall,following_right_wall,0,14,42,0.628627241,-1,-1,-1,1,0.259420484,2.16557844,2.16557844,0,0,0,0,0
14.25,1.12396663,-0.0448098273,-1.02810992,0.079351994,0.00972008994,FollowWall,following_right_wall,0,14,42,0.628627241,-1,-1,-1,1,0.259420484,2.16552267,2.16552267,0,0,0,0,0
14.3,1.12793502,-0.0448801207,-1.00147715,0.0791598197,0.0126027045,FollowWall,following_right_wall,0,14,42,0.627542853,-1,-1,-1,1,0.259503573,2.1654693,2.1654693,0,0,0,0,0
14.35,1.13189885,-0.0449483538,-0.970897992,0.0791598197,0.0126027045,FollowWall,following_right_wall,0,14,42,0.627542853,-1,-1,-1,1,0.259503573,2.16542053,2.16542053,0,0,0,0,0
14.4,1.13586005,-0.0450143471,-0.938016782,0.0791377856,0.0129332159,FollowWall,following_right_wall,0,14,42,0.626249135,-1,-1,-1,1,0.259079397,2.16537549,2.16537549,0,0,0,0,0
14.45,1.13981925,-0.0450779746,-0.903398186,0.0791377856,0.0129332159,FollowWall,following_right_wall,0,14,42,0.626249135,-1,-1,-1,1,0.259079397,2.16533396,2.16533396,0,0,0,0,0
14.5,1.14377732,-0.0451391567,-0.867766116,0.0789956825,0.0150647622,FollowWall,following_right_wall,0,14,42,0.624822676,-1,-1,-1,1,0.258349538,2.16529555,2.16529555,0,0,0,0,0
14.55,1.14773178,-0.0451977149,-0.828998507,0.0789956825,0.0150647622,FollowWall,following_right_wall,0,14,42,0.624822676,-1,-1,-1,1,0.258349538,2.16526181,2.16526181,0,0,0,0,0
14.6,1.15168415,-0.0452535042,-0.788401833,0.079188624,0.0121706395,FollowWall,following_right_wall,0,14,42,0.623238802,-1,-1,-1,1,0.258426577,2.16523205,2.16523205,0,0,0,0,0
14.65,1.15563933,-0.0453066128,-0.750192809,0.079188624,0.0121706395,FollowWall,following_right_wall,0,14,42,0.623238802,-1,-1,-1,1,0.258426577,2.16520348,2.16520348,0,0,0,0,0
14.7,1.15959617,-0.0453571525,-0.713376581,0.0794505115,0.00824232696,FollowWall,following_right_wall,0,14,42,0.621715665,-1,-1,-1,1,0.258178353,2.16517663,2.16517663,0,0,0,0,0
14.75,1.16355944,-0.0454054176,-0.682061895,0.0794505115,0.00824232696,FollowWall,following_right_wall,0,14,42,0.621715665,-1,-1,-1,1,0.258178353,2.16514854,2.16514854,0,0,0,0,0
14.8,1.16752647,-0.0454516711,-0.653956441,0.0795396594,0.00690510961,FollowWall,following_right_wall,0,14,42,0.620437682,-1,-1,-1,1,0.258106172,2.16512042,2.16512042,0,0,0,0,0
14.85,1.17149756,-0.0454961439,-0.629319226,0.0795396594,0.00690510961,FollowWall,following_right_wall,0,14,42,0.620437682,-1,-1,-1,1,0.258106172,2.16509185,2.16509185,0,0,0,0,0
14.9,1.17547101,-0.0455390047,-0.60670515,0.0797906653,0.00314001988,FollowWall,following_right_wall,0,14,42,0.619364738,-1,-1,-1,1,0.257694244,2.16506361,2.16506361,0,0,0,0,0
14.95,1.17945109,-0.0455805628,-0.589765482,0.0797906653,0.00314001988,FollowWall,following_right_wall,0,14,42,0.619364738,-1,-1,-1,1,0.257694244,2.16503301,2.16503301,0,0,0,0,0
15,1.18343502,-0.0456210984,-0.576135887,0.0795832026,-0.00625196099,FollowWall,following_right_wall,0,14,42,0.618577659,-1,-1,-1,1,0.257379949,2.1650013,2.1650013,0,0,0,0,0
15.05,1.18741689,-0.0456611223,-0.575648019,0.0795832026,-0.00625196099,FollowWall,following_right_wall,0,14,42,0.618577659,-1,-1,-1,1,0.257379949,2.16496159,2.16496159,0,0,0,0,0
15.1,1.19139754,-0.0457013665,-0.582826158,0.079546811,-0.00679783523,FollowWall,following_right_wall,0,14,42,0.618404806,-1,-1,-1,1,0.257703662,2.1649167,2.1649167,0,0,0,0,0
15.15,1.19537672,-0.0457422722,-0.595127723,0.079546811,-0.00679783523,FollowWall,following_right_wall,0,14,42,0.618404806,-1,-1,-1,1,0.257703662,2.16486783,2.16486783,0,0,0,0,0
15.2,1.19935503,-0.0457841271,-0.610417955,0.079496296,-0.00755555928,FollowWall,following_right_wall,0,14,42,0.618614197,-1,-1,-1,1,0.257799178,2.16481609,2.16481609,0,0,0,0,0
15.25,1.20333179,-0.0458271189,-0.628356041,0.079496296,-0.00755555928,FollowWall,following_right_wall,0,14,42,0.618614197,-1,-1,-1,1,0.257799178,2.1647615,2.1647615,0,0,0,0,0
15.3,1.20730762,-0.0458713992,-0.647838709,0.0794847864,-0.00772820413,FollowWall,following_right_wall,0,14,42,0.61904937,-1,-1,-1,1,0.258162469,2.16470464,2.16470464,0,0,0,0,0
15.35,1.21128267,-0.045917061,-0.668428463,0.0794847864,-0.00772820413,FollowWall,following_right_wall,0,14,42,0.61904937,-1,-1,-1,1,0.258162469,2.16464569,2.16464569,0,0,0,0,0
15.4,1.21525726,-0.0459641684,-0.689664017,0.0795388538,-0.00691719353,FollowWall,following_right_wall,0,14,42,0.61963594,-1,-1,-1,1,0.257951856,2.16458489,2.16458489,0,0,0,0,0
15.45,1.21923269,-0.0460127389,-0.710308215,0.0795388538,-0.00691719353,FollowWall,following_right_wall,0,14,42,0.61963594,-1,-1,-1,1,0.257951856,2.16452302,2.16452302,0,0,0,0,0
15.5,1.22320862,-0.0460627363,-0.730607456,0.0794905978,-0.00764103234,FollowWall,following_right_wall,0,14,42,0.620298207,-1,-1,-1,1,0.258081883,2.16445996,2.16445996,0,0,0,0,0
15.55,1.22718381,-0.046114156,-0.75156949,0.0794905978,-0.00764103234,FollowWall,following_right_wall,0,14,42,0.620298207,-1,-1,-1,1,0.258081883,2.16439506,2.16439506,0,0,0,0,0
15.6,1.23115857,-0.046167038,-0.772918153,0.0794830012,-0.00775498152,FollowWall,following_right_wall,0,14,42,0.621073544,-1,-1,-1,1,0.257659286,2.16432846,2.16432846,0,0,0,0,0
15.65,1.23513291,-0.046221408,-0.794628368,0.0794830012,-0.00775498152,FollowWall,following_right_wall,0,14,42,0.621073544,-1,-1,-1,1,0.257659286,2.16426015,2.16426015,0,0,0,0,0
15.7,1.23910699,-0.046277288,-0.816549487,0.079433437,-0.00849844515,FollowWall,following_right_wall,0,14,42,0.621963263,-1,-1,-1,1,0.257190198,2.16419021,2.16419021,0,0,0,0,0
15.75,1.24307988,-0.0463347067,-0.839481078,0.079433437,-0.00849844515,FollowWall,following_right_wall,0,14,42,0.621963263,-1,-1,-1,1,0.257190198,2.1641181,2.1641181,0,0,0,0,0
15.8,1.24705207,-0.0463937257,-0.863002111,0.0794101405,-0.00884789228,FollowWall,following_right_wall,0,14,42,0.622990847,-1,-1,-1,1,0.256968796,2.16404403,2.16404403,0,0,0,0,0
15.85,1.25102335,-0.0464543882,-0.887284107,0.0794101405,-0.00884789228,FollowWall,following_right_wall,0,14,42,0.622990847,-1,-1,-1,1,0.256968796,2.16396784,2.16396784,0,0,0,0,0
15.9,1.25499409,-0.0465167411,-0.912009999,0.0794719774,-0.0079203397,FollowWall,following_right_wall,0,14,42,0.624151349,-1,-1,-1,1,0.256796837,2.16388969,2.16388969,0,0,0,0,0
15.95,1.25896579,-0.0465807941,-0.935887644,0.0794719774,-0.0079203397,FollowWall,following_right_wall,0,14,42,0.624151349,-1,-1,-1,1,0.256796837,2.1638104,2.1638104,0,0,0,0,0
16,1.26293804,-0.0466464946,-0.95927048,0.0795371103,-0.00694334507,FollowWall,following_right_wall,0,14,42,0.625374854,-1,-1,-1,1,0.256999046,2.1637298,2.1637298,0,0,0,0,0
16.05,1.26691195,-0.0467137945,-0.981198475,0.0795371103,-0.00694334507,FollowWall,following_right_wall,0,14,42,0.625374854,-1,-1,-1,1,0.256999046,2.16364853,2.16364853,0,0,0,0,0
16.1,1.27088683,-0.0467826029,-1.00227781,0.0795078206,-0.00738269091,FollowWall,following_right_wall,0,14,42,0.62661624,-1,-1,-1,1,0.256899655,2.16356631,2.16356631,0,0,0,0,0
16.15,1.27486165,-0.0468528741,-1.02338653,0.0795078206,-0.00738269091,FollowWall,following_right_wall,0,14,42,0.62661624,-1,-1,-1,1,0.256899655,2.16348262,2.16348262,0,0,0,0,0
16.2,1.27883642,-0.0469246099,-1.04451239,0.0794664699,-0.00800295174,FollowWall,following_right_wall,0,14,42,0.627922237,-1,-1,-1,1,0.256898642,2.16339747,2.16339747,0,0,0,0,0
16.25,1.28281029,-0.0469978212,-1.06638863,0.0794664699,-0.00800295174,FollowWall,following_right_wall,0,14,42,0.627922237,-1,-1,-1,1,0.256898642,2.16331038,2.16331038,0,0,0,0,0
16.3,1.28678363,-0.0470725554,-1.08870258,0.0795146513,-0.00728023052,FollowWall,following_right_wall,0,14,42,0.629328072,-1,-1,-1,1,0.256545931,2.1632215,2.1632215,0,0,0,0,0
16.35,1.29075764,-0.0471488295,-1.11040919,0.0795146513,-0.00728023052,FollowWall,following_right_wall,0,14,42,0.629328072,-1,-1,-1,1,0.256545931,2.16313148,2.16313148,0,0,0,0,0
16.4,1.29473203,-0.0472266049,-1.13176152,0.0795854139,-0.00621879101,FollowWall,following_right_wall,0,14,42,0.630776644,-1,-1,-1,1,0.256703526,2.16304019,2.16304019,0,0,0,0,0
16.45,1.29870811,-0.0473058445,-1.15164018,0.0795854139,-0.00621879101,FollowWall,following_right_wall,0,14,42,0.630776644,-1,-1,-1,1,0.256703526,2.16294839,2.16294839,0,0,0,0,0
16.5,1.30268517,-0.0473864541,-1.1706592,0.0795640308,-0.0065395385,FollowWall,following_right_wall,0,14,42,0.632209659,-1,-1,-1,1,0.257098228,2.16285577,2.16285577,0,0,0,0,0
16.55,1.30666233,-0.0474683825,-1.18955962,0.0795640308,-0.0065395385,FollowWall,following_right_wall,0,14,42,0.632209659,-1,-1,-1,1,0.257098228,2.16276191,2.16276191,0,0,0,0,0
16.6,1.31063955,-0.0475516222,-1.20839087,0.0796341914,-0.00548712909,FollowWall,following_right_wall,0,14,42,0.633662462,-1,-1,-1,1,0.256660134,2.1626668,2.1626668,0,0,0,0,0
16.65,1.31461825,-0.0476361561,-1.22592554,0.0796341914,-0.00548712909,FollowWall,following_right_wall,0,14,42,0.633662462,-1,-1,-1,1,0.256660134,2.16257121,2.16257121,0,0,0,0,0
16.7,1.3185978,-0.0477219003,-1.24270388,0.0796310055,-0.00553491712,FollowWall,following_right_wall,0,14,42,0.635087669,-1,-1,-1,1,0.256298244,2.1624749,2.1624749,0,0,0,0,0
16.75,1.32257778,-0.0478088063,-1.25909806,0.0796310055,-0.00553491712,FollowWall,following_right_wall,0,14,42,0.635087669,-1,-1,-1,1,0.256298244,2.16237768,2.16237768,0,0,0,0,0
16.8,1.32655799,-0.0478968491,-1.27526816,0.0796227384,-0.00565892458,FollowWall,following_right_wall,0,14,42,0.636499107,-1,-1,-1,1,0.256020755,2.16227948,2.16227948,0,0,0,0,0
16.85,1.33053815,-0.0479860153,-1.29145556,0.0796227384,-0.00565892458,FollowWall,following_right_wall,0,14,42,0.636499107,-1,-1,-1,1,0.256020755,2.16218014,2.16218014,0,0,0,0,0
16.9,1.33451828,-0.0480763061,-1.30765305,0.0795844334,-0.00623349845,FollowWall,following_right_wall,0,14,42,0.63790983,-1,-1,-1,1,0.255563766,2.16207968,2.16207968,0,0,0,0,0
16.95,1.33849758,-0.0481677276,-1.32454228,0.0795844334,-0.00623349845,FollowWall,following_right_wall,0,14,42,0.63790983,-1,-1,-1,1,0.255563766,2.16197766,2.16197766,0,0,0,0,0
17,1.34247638,-0.0482603252,-1.34183502,0.079549225,-0.00676162541,FollowWall,following_right_wall,0,14,42,0.639340222,-1,-1,-1,1,0.254942656,2.16187422,2.16187422,0,0,0,0,0
17.05,1.34645415,-0.0483541299,-1.35999355,0.079549225,-0.00676162541,FollowWall,following_right_wall,0,14,42,0.639340222,-1,-1,-1,1,0.254942656,2.16176904,2.16176904,0,0,0,0,0
17.1,1.3504313,-0.0484491988,-1.37865712,0.0796161044,-0.00575843453,FollowWall,following_right_wall,0,14,42,0.640793681,-1,-1,-1,1,0.255323052,2.16166229,2.16166229,0,0,0,0,0
17.15,1.35440947,-0.0485455573,-1.39641782,0.0796161044,-0.00575843453,FollowWall,following_right_wall,0,14,42,0.640793681,-1,-1,-1,1,0.255323052,2.16155483,2.16155483,0,0,0,0,0
17.2,1.35838822,-0.0486431458,-1.41365186,0.0796879607,-0.00468058884,FollowWall,following_right_wall,0,14,42,0.64218843,-1,-1,-1,1,0.255289525,2.16144647,2.16144647,0,0,0,0,0
17.25,1.36236879,-0.0487419216,-1.42929209,0.0796879607,-0.00468058884,FollowWall,following_right_wall,0,14,42,0.64218843,-1,-1,-1,1,0.255289525,2.16133793,2.16133793,0,0,0,0,0
17.3,1.36635042,-0.0488417789,-1.4440026,0.04,-0.6,FollowWall,following_right_wall,0,14,42,0.64346832,-1,-1,-1,1,0.255270481,2.16122889,2.16122889,0,0,0,0,0
17.35,1.36950554,-0.0489412846,-2.16878097,0.04,-0.6,FollowWall,following_right_wall,0,14,42,0.64346832,-1,-1,-1,1,0.255270481,2.16068442,2.16068442,0,0,0,0,0
17.4,1.37217721,-0.0490690664,-3.3077656,0.0795672882,-0.0064906776,FollowWall,following_right_wall,0,14,42,0.655904949,-1,-1,-1,1,0.256373078,2.15988663,2.15988663,0,0,0,0,0
17.45,1.37538862,-0.0492735782,-3.97992098,0.0795672882,-0.0064906776,FollowWall,following_right_wall,0,14,42,0.655904949,-1,-1,-1,1,0.256373078,2.15930359,2.15930359,0,0,0,0,0
17.5,1.37891399,-0.0495312178,-4.37975929,0.0795896935,-0.00615459681,FollowWall,following_right_wall,0,14,42,0.649515688,-1,-1,-1,1,0.256410003,2.15882674,2.15882674,0,0,0,0,0
17.55,1.38262258,-0.0498230942,-4.62034481,0.0795896935,-0.00615459681,FollowWall,following_right_wall,0,14,42,0.649515688,-1,-1,-1,1,0.256410003,2.15840512,2.15840512,0,0,0,0,0
17.6,1.3864379,-0.0501363807,-4.76803288,0.0795536417,-0.00669537485,FollowWall,following_right_wall,0,14,42,0.642089963,-1,-1,-1,1,0.25578925,2.15801298,2.15801298,0,0,0,0,0
17.65,1.39031463,-0.0504629479,-4.86217627,0.0795536417,-0.00669537485,FollowWall,following_right_wall,0,14,42,0.642089963,-1,-1,-1,1,0.25578925,2.15763647,2.15763647,0,0,0,0,0
17.7,1.39422712,-0.0507979283,-4.92508526,0.0795466739,-0.00679989159,FollowWall,following_right_wall,0,14,42,0.634145141,-1,-1,-1,1,0.255546868,2.15726826,2.15726826,0,0,0,0,0
17.75,1.39816027,-0.0511384024,-4.96989894,0.0795466739,-0.00679989159,FollowWall,following_right_wall,0,14,42,0.634145141,-1,-1,-1,1,0.255546868,2.15690418,2.15690418,0,0,0,0,0
17.8,1.40210541,-0.0514826581,-5.00415703,0.0796272206,-0.00559169054,FollowWall,following_right_wall,0,14,42,0.626232207,-1,-1,-1,1,0.255341113,2.15654191,2.15654191,0,0,0,0,0
17.85,1.40605919,-0.0518297843,-5.0308155,0.0796272206,-0.00559169054,FollowWall,following_right_wall,0,14,42,0.626232207,-1,-1,-1,1,0.255341113,2.15618079,2.15618079,0,0,0,0,0
17.9,1.41001795,-0.0521790504,-5.05304087,0.04,-0.6,FollowWall,following_right_wall,0,14,42,0.61824733,-1,-1,-1,1,0.254917413,2.15581988,2.15581988,0,0,0,0,0
17.95,1.41315545,-0.0524766054,-5.78220291,0.04,-0.6,FollowWall,following_right_wall,0,14,42,0.61824733,-1,-1,-1,1,0.254917413,2.15514783,2.15514783,0,0,0,0,0
18,1.4158108,-0.0527722439,-6.92374467,0.0796738583,-0.00489212573,FollowWall,following_right_wall,0,14,42,0.61218673,-1,-1,-1,1,0.256423205,2.15429596,2.15429596,0,0,0,0,0
18.05,1.4190034,-0.0531789379,-7.59548358,0.0796738583,-0.00489212573,FollowWall,following_right_wall,0,14,42,0.61218673,-1,-1,-1,1,0.256423205,2.15357918,2.15357918,0,0,0,0,0
18.1,1.42250799,-0.0536586535,-7.99317082,0.0797008979,-0.00448653102,FollowWall,following_right_wall,0,14,42,0.605664074,-1,-1,-1,1,0.257638782,2.15292192,2.15292192,0,0,0,0,0
18.15,1.42619457,-0.0541841094,-8.23051045,0.0797008979,-0.00448653102,FollowWall,following_right_wall,0,14,42,0.605664074,-1,-1,-1,1,0.257638782,2.15229265,2.15229265,0,0,0,0,0
18.2,1.42998708,-0.0547375398,-8.37431397,0.0797494698,-0.00375795364,FollowWall,following_right_wall,0,14,42,0.598226607,-1,-1,-1,1,0.258676976,2.1516771,2.1516771,0,0,0,0,0
18.25,1.43384226,-0.0553080958,-8.46268508,0.0797494698,-0.00375795364,FollowWall,following_right_wall,0,14,42,0.598226607,-1,-1,-1,1,0.258676976,2.15106866,2.15106866,0,0,0,0,0
18.3,1.43773394,-0.0558890647,-8.51872062,0.0797993588,-0.00300961733,FollowWall,following_right_wall,0,14,42,0.590214193,-1,-1,-1,1,0.258986622,2.15046379,2.15046379,0,0,0,0,0
18.35,1.44164787,-0.0564765809,-8.55500049,0.0797993588,-0.00300961733,FollowWall,following_right_wall,0,14,42,0.590214193,-1,-1,-1,1,0.258986622,2.14986084,2.14986084,0,0,0,0,0
18.4,1.44557476,-0.0570681793,-8.57975621,0.079917835,-0.00123247504,FollowWall,following_right_wall,0,14,42,0.582201838,-1,-1,-1,1,0.261821836,2.14925874,2.14925874,0,0,0,0,0
18.45,1.4495116,-0.0576627078,-8.5956682,0.079917835,-0.00123247504,FollowWall,following_right_wall,0,14,42,0.582201838,-1,-1,-1,1,0.261821836,2.14865747,2.14865747,0,0,0,0,0
18.5,1.45345425,-0.0582590501,-8.60642136,0.0799368012,-0.000947982073,FollowWall,following_right_wall,0,14,42,0.574237347,-1,-1,-1,1,0.262719184,2.14805657,2.14805657,0,0,0,0,0
18.55,1.45740065,-0.0588566005,-8.61382561,0.0799368012,-0.000947982073,FollowWall,following_right_wall,0,14,42,0.574237347,-1,-1,-1,1,0.262719184,2.14745589,2.14745589,0,0,0,0,0
18.6,1.46134923,-0.0594549341,-8.61927632,0.04,-0.6,FollowWall,following_right_wall,0,14,42,0.566341579,-1,-1,-1,1,0.265823245,2.14685525,2.14685525,0,0,0,0,0
18.65,1.46447344,-0.0599485842,-9.33865315,0.04,-0.6,FollowWall,following_right_wall,0,14,42,0.566341579,-1,-1,-1,1,0.265823245,2.14606474,2.14606474,0,0,0,0,0
18.7,1.4671119,-0.0604093812,-10.4744869,0.079742201,-0.00386698544,FollowWall,following_right_wall,0,14,42,0.560540676,-1,-1,-1,1,0.266370118,2.14516541,2.14516541,0,0,0,0,0
18.75,1.47027841,-0.0610138879,-11.1416724,0.079742201,-0.00386698544,FollowWall,following_right_wall,0,14,42,0.560540676,-1,-1,-1,1,0.266370118,2.1443206,2.1443206,0,0,0,0,0
18.8,1.47375106,-0.0617102251,-11.5354799,0.0797127086,-0.00430937111,FollowWall,following_right_wall,0,14,42,0.554213941,-1,-1,-1,1,0.270019978,2.14348844,2.14348844,0,0,0,0,0
18.85,1.47740098,-0.0624629576,-11.7703448,0.0797127086,-0.00430937111,FollowWall,following_right_wall,0,14,42,0.554213941,-1,-1,-1,1,0.270019978,2.14265684,2.14265684,0,0,0,0,0
18.9,1.48115398,-0.063249832,-11.9124933,0.0794508445,-0.00823733211,FollowWall,following_right_wall,0,14,42,0.546640575,-1,-1,-1,1,0.269524306,2.14182301,2.14182301,0,0,0,0,0
18.95,1.48496158,-0.0640563073,-12.0052458,0.0794508445,-0.00823733211,FollowWall,following_right_wall,0,14,42,0.546640575,-1,-1,-1,1,0.269524306,2.1409862,2.1409862,0,0,0,0,0
19,1.48880087,-0.0648749802,-12.0691841,0.0759981889,-0.0600271672,FollowWall,following_right_wall,0,14,42,0.538944304,-1,-1,-1,1,0.290018111,2.14014677,2.14014677,0,0,0,0,0
19.05,1.49258772,-0.0656884452,-12.1781335,0.0759981889,-0.0600271672,FollowWall,following_right_wall,0,14,42,0.538944304,-1,-1,-1,1,0.290018111,2.1392982,2.1392982,0,0,0,0,0
19.1,1.49634296,-0.0665034968,-12.3133395,0.072923528,-0.106147081,FollowWall,following_right_wall,0,14,42,0.531250596,-1,-1,-1,1,0.32076472,2.13844007,2.13844007,0,0,0,0,0
19.15,1.50001581,-0.067312108,-12.5189134,0.072923528,-0.106147081,FollowWall,following_right_wall,0,14,42,0.531250596,-1,-1,-1,1,0.32076472,2.13756696,2.13756696,0,0,0,0,0
19.2,1.50363883,-0.0681247534,-12.7655353,0.0706640798,-0.140038803,FollowWall,following_right_wall,0,14,42,0.523818851,-1,-1,-1,1,0.343359202,2.13667856,2.13667856,0,0,0,0,0
19.25,1.50718482,-0.0689382644,-13.0765571,0.0706640798,-0.140038803,FollowWall,following_right_wall,0,14,42,0.523818851,-1,-1,-1,1,0.343359202,2.13577202,2.13577202,0,0,0,0,0
19.3,1.51068352,-0.069762154,-13.4251454,0.0692407626,-0.161388561,FollowWall,following_right_wall,0,14,42,0.516772926,-1,-1,-1,1,0.357592374,2.13484721,2.13484721,0,0,0,0,0
19.35,1.5141232,-0.0705957696,-13.821132,0.0692407626,-0.161388561,FollowWall,following_right_wall,0,14,42,0.516772926,-1,-1,-1,1,0.357592374,2.13390323,2.13390323,0,0,0,0,0
19.4,1.51752561,-0.0714461653,-14.2447676,0.0684527206,-0.17320919,FollowWall,following_right_wall,0,14,42,0.510102391,-1,-1,-1,1,0.365472794,2.13293982,2.13293982,0,0,0,0,0
19.45,1.52088735,-0.0723137979,-14.6986417,0.0684527206,-0.17320919,FollowWall,following_right_wall,0,14,42,0.510102391,-1,-1,-1,1,0.365472794,2.13195691,2.13195691,0,0,0,0,0
19.5,1.52422213,-0.0732032605,-15.1701547,0.0680627513,-0.179058731,FollowWall,following_right_wall,0,14,42,0.502972782,-1,-1,-1,1,0.369372487,2.13095404,2.13095404,0,0,0,0,0
19.55,1.52752998,-0.0741152959,-15.6589396,0.0680627513,-0.179058731,FollowWall,following_right_wall,0,14,42,0.502972782,-1,-1,-1,1,0.369372487,2.1299313,2.1299313,0,0,0,0,0
19.6,1.53081856,-0.0750525935,-16.1577998,0.0678899843,-0.181650236,FollowWall,following_right_wall,0,14,42,0.495988309,-1,-1,-1,1,0.371100157,2.12888822,2.12888822,0,0,0,0,0
19.65,1.53408878,-0.0760157958,-16.6656305,0.0678899843,-0.181650236,FollowWall,following_right_wall,0,14,42,0.495988309,-1,-1,-1,1,0.371100157,2.12782481,2.12782481,0,0,0,0,0
19.7,1.53734445,-0.0770063216,-17.1786941,0.0678234297,-0.182648554,FollowWall,following_right_wall,0,14,42,0.489273041,-1,-1,-1,1,0.371765703,2.12674072,2.12674072,0,0,0,0,0
19.75,1.54058638,-0.0780246011,-17.6960019,0.0678234297,-0.182648554,FollowWall,following_right_wall,0,14,42,0.489273041,-1,-1,-1,1,0.371765703,2.12563591,2.12563591,0,0,0,0,0
19.8,1.54381622,-0.0790712909,-18.2157854,0.0678036022,-0.182945967,FollowWall,following_right_wall,0,14,42,0.482816845,-1,-1,-1,1,0.371963978,2.12451019,2.12451019,0,0,0,0,0
19.85,1.54703442,-0.0801466253,-18.7373681,0.0678036022,-0.182945967,FollowWall,following_right_wall,0,14,42,0.482816845,-1,-1,-1,1,0.371963978,2.12336352,2.12336352,0,0,0,0,0
19.9,1.55024154,-0.0812508429,-19.2600004,0.0678015101,-0.182977349,FollowWall,following_right_wall,0,14,42,0.476462901,-1,-1,-1,1,0.371984899,2.12219585,2.12219585,0,0,0,0,0
19.95,1.55343774,-0.082384034,-19.7832823,0.0678015101,-0.182977349,FollowWall,following_right_wall,0,14,42,0.476462901,-1,-1,-1,1,0.371984899,2.12100718,2.12100718,0,0,0,0,0
20,1.55662303,-0.0835462276,-20.3069432,0.0678040582,-0.182939127,FollowWall,following_right_wall,0,14,42,0.46952647,-1,-1,-1,1,0.371959418,2.11979753,2.11979753,0,0,0,0,0
20.05,1.55979738,-0.0847374178,-20.8307796,0.0678040582,-0.182939127,FollowWall,following_right_wall,0,14,42,0.46952647,-1,-1,-1,1,0.371959418,2.11856694,2.11856694,0,0,0,0,0
20.1,1.56296059,-0.0859575397,-21.3547183,0.067805739,-0.182913914,FollowWall,following_right_wall,0,14,42,0.462844402,-1,-1,-1,1,0.37194261,2.1173155,2.1173155,0,0,0,0,0
20.15,1.56611248,-0.0872065242,-21.8786866,0.067805739,-0.182913914,FollowWall,following_right_wall,0,14,42,0.462844402,-1,-1,-1,1,0.37194261,2.11604329,2.11604329,0,0,0,0,0
20.2,1.5692528,-0.0884842729,-22.4026722,0.0678044158,-0.182933763,FollowWall,following_right_wall,0,14,42,0.45641163,-1,-1,-1,1,0.371955842,2.1147504,2.1147504,0,0,0,0,0
20.25,1.57238127,-0.0897906726,-22.9266915,0.0678044158,-0.182933763,FollowWall,following_right_wall,0,14,42,0.45641163,-1,-1,-1,1,0.371955842,2.11343695,2.11343695,0,0,0,0,0
20.3,1.57549763,-0.0911256213,-23.4507306,0.0677993762,-0.183009356,FollowWall,following_right_wall,0,14,42,0.45022282,-1,-1,-1,1,0.372006238,2.11210305,2.11210305,0,0,0,0,0
20.35,1.57860154,-0.0924889719,-23.9748714,0.0677993762,-0.183009356,FollowWall,following_right_wall,0,14,42,0.45022282,-1,-1,-1,1,0.372006238,2.11074885,2.11074885,0,0,0,0,0
20.4,1.58169279,-0.0938806328,-24.4990715,0.0677904594,-0.183143109,FollowWall,following_right_wall,0,14,42,0.443720758,-1,-1,-1,1,0.372095406,2.10937443,2.10937443,0,0,0,0,0
20.45,1.58477097,-0.0953004275,-25.0234658,0.0677904594,-0.183143109,FollowWall,following_right_wall,0,14,42,0.443720758,-1,-1,-1,1,0.372095406,2.10797999,2.10797999,0,0,0,0,0
20.5,1.58783591,-0.0967482818,-25.5479736,0.0677777159,-0.183334261,FollowWall,following_right_wall,0,14,42,0.437093765,-1,-1,-1,1,0.372222841,2.1065656,2.1065656,0,0,0,0,0
20.55,1.59088715,-0.0982239915,-26.0727755,0.0677777159,-0.183334261,FollowWall,following_right_wall,0,14,42,0.437093765,-1,-1,-1,1,0.372222841,2.10513149,2.10513149,0,0,0,0,0
20.6,1.59392457,-0.0997275027,-26.5977492,0.067761265,-0.183581024,FollowWall,following_right_wall,0,14,42,0.430717975,-1,-1,-1,1,0.37238735,2.10367769,2.10367769,0,0,0,0,0
20.65,1.59694767,-0.101258584,-27.1231175,0.067761265,-0.183581024,FollowWall,following_right_wall,0,14,42,0.430717975,-1,-1,-1,1,0.37238735,2.10220449,2.10220449,0,0,0,0,0
20.7,1.59995636,-0.102817203,-27.6487161,0.0677412796,-0.183880806,FollowWall,following_right_wall,0,14,42,0.424588203,-1,-1,-1,1,0.372587204,2.10071189,2.10071189,0,0,0,0,0
20.75,1.60295011,-0.104403101,-28.1748068,0.0677412796,-0.183880806,FollowWall,following_right_wall,0,14,42,0.424588203,-1,-1,-1,1,0.372587204,2.09920021,2.09920021,0,0,0,0,0
20.8,1.60592888,-0.106016268,-28.7011846,0.0677179384,-0.184230924,FollowWall,following_right_wall,0,14,42,0.418660164,-1,-1,-1,1,0.372820616,2.09766942,2.09766942,0,0,0,0,0
20.85,1.6088921,-0.107656419,-29.2281478,0.0677179384,-0.184230924,FollowWall,following_right_wall,0,14,42,0.418660164,-1,-1,-1,1,0.372820616,2.0961199,2.0961199,0,0,0,0,0
20.9,1.61183975,-0.109323567,-29.7554524,0.0676914591,-0.184628114,FollowWall,following_right_wall,0,14,42,0.412132442,-1,-1,-1,1,0.373085409,2.09455158,2.09455158,0,0,0,0,0
20.95,1.61477126,-0.111017396,-30.2834304,0.0676914591,-0.184628114,FollowWall,following_right_wall,0,14,42,0.412132442,-1,-1,-1,1,0.373085409,2.09296486,2.09296486,0,0,0,0,0
21,1.61768663,-0.112737945,-30.8118011,0.067662077,-0.185068846,FollowWall,following_right_wall,0,14,42,0.405858546,-1,-1,-1,1,0.37337923,2.09135966,2.09135966,0,0,0,0,0
21.05,1.62058524,-0.114484871,-31.340927,0.067662077,-0.185068846,FollowWall,following_right_wall,0,14,42,0.405858546,-1,-1,-1,1,0.37337923,2.08973643,2.08973643,0,0,0,0,0
21.1,1.62346716,-0.116258233,-31.8704934,0.0676300544,-0.185549185,FollowWall,following_right_wall,0,14,42,0.399833322,-1,-1,-1,1,0.373699456,2.08809504,2.08809504,0,0,0,0,0
21.15,1.62633173,-0.118057662,-32.4008902,0.0676300544,-0.185549185,FollowWall,following_right_wall,0,14,42,0.399833322,-1,-1,-1,1,0.373699456,2.08643598,2.08643598,0,0,0,0,0
21.2,1.62917903,-0.11988324,-32.9317714,0.0675956714,-0.186064929,FollowWall,following_right_wall,0,14,42,0.394051492,-1,-1,-1,1,0.374043286,2.08475909,2.08475909,0,0,0,0,0
21.25,1.63200842,-0.12173457,-33.4635507,0.0675956714,-0.186064929,FollowWall,following_right_wall,0,14,42,0.394051492,-1,-1,-1,1,0.374043286,2.08306491,2.08306491,0,0,0,0,0
21.3,1.63481998,-0.123611756,-33.9958539,0.0675592291,-0.186611563,FollowWall,following_right_wall,0,14,42,0.388477862,-1,-1,-1,1,0.374407709,2.08135325,2.08135325,0,0,0,0,0
21.35,1.63761304,-0.125514376,-34.5291153,0.0675592291,-0.186611563,FollowWall,following_right_wall,0,14,42,0.388477862,-1,-1,-1,1,0.374407709,2.07962467,2.07962467,0,0,0,0,0
21.4,1.64038773,-0.127442552,-35.0629356,0.0675210494,-0.187184259,FollowWall,following_right_wall,0,14,42,0.382446706,-1,-1,-1,1,0.374789506,2.07787895,2.07787895,0,0,0,0,0
21.45,1.64314337,-0.12939584,-35.5977655,0.0675210494,-0.187184259,FollowWall,following_right_wall,0,14,42,0.382446706,-1,-1,-1,1,0.374789506,2.0761167,2.0761167,0,0,0,0,0
21.5,1.64588008,-0.131374377,-36.1331844,0.067481451,-0.187778234,FollowWall,following_right_wall,0,14,42,0.37665385,-1,-1,-1,1,0.37518549,2.07433767,2.07433767,0,0,0,0,0
21.55,1.64859718,-0.133377701,-36.6696558,0.067481451,-0.187778234,FollowWall,following_right_wall,0,14,42,0.37665385,-1,-1,-1,1,0.37518549,2.07254249,2.07254249,0,0,0,0,0
21.6,1.65129482,-0.135405961,-37.2067412,0.0674407679,-0.188388482,FollowWall,following_right_wall,0,14,42,0.37109822,-1,-1,-1,1,0.375592321,2.07073088,2.07073088,0,0,0,0,0
21.65,1.65397231,-0.137458677,-37.7449133,0.0674407679,-0.188388482,FollowWall,following_right_wall,0,14,42,0.37109822,-1,-1,-1,1,0.375592321,2.06890353,2.06890353,0,0,0,0,0
21.7,1.65662981,-0.13953601,-38.2837191,0.0673993278,-0.189010084,FollowWall,following_right_wall,0,14,42,0.365778416,-1,-1,-1,1,0.376006722,2.06706009,2.06706009,0,0,0,0,0
21.75,1.65926662,-0.141637462,-38.8236367,0.0673993278,-0.189010084,FollowWall,following_right_wall,0,14,42,0.365778416,-1,-1,-1,1,0.376006722,2.06520131,2.06520131,0,0,0,0,0
21.8,1.66188292,-0.143763207,-39.3642028,0.0673574555,-0.189638168,FollowWall,following_right_wall,0,14,42,0.36069268,-1,-1,-1,1,0.376425445,2.06332681,2.06332681,0,0,0,0,0
21.85,1.66447801,-0.145912729,-39.9058969,0.0673574555,-0.189638168,FollowWall,following_right_wall,0,14,42,0.36069268,-1,-1,-1,1,0.376425445,2.06143736,2.06143736,0,0,0,0,0
21.9,1.66705206,-0.148086211,-40.448249,0.0673154581,-0.190268129,FollowWall,following_right_wall,0,14,42,0.355838925,-1,-1,-1,1,0.376845419,2.05953256,2.05953256,0,0,0,0,0
21.95,1.66960441,-0.150283123,-40.9917369,0.0673154581,-0.190268129,FollowWall,following_right_wall,0,14,42,0.355838925,-1,-1,-1,1,0.376845419,2.0576132,2.0576132,0,0,0,0,0
22,1.67213521,-0.152503653,-41.5358874,0.0672736335,-0.190895498,FollowWall,following_right_wall,0,14,42,0.351214826,-1,-1,-1,1,0.377263665,2.05567886,2.05567886,0,0,0,0,0
22.05,1.67464379,-0.154747262,-42.0811732,0.0672736335,-0.190895498,FollowWall,following_right_wall,0,14,42,0.351214826,-1,-1,-1,1,0.377263665,2.05373034,2.05373034,0,0,0,0,0
22.1,1.67713034,-0.157014139,-42.6271214,0.0672322589,-0.191516116,FollowWall,following_right_wall,0,14,42,0.346817851,-1,-1,-1,1,0.377677411,2.05176722,2.05176722,0,0,0,0,0
22.15,1.67959418,-0.159303738,-43.1741966,0.0672322589,-0.191516116,FollowWall,following_right_wall,0,14,42,0.346817851,-1,-1,-1,1,0.377677411,2.04979031,2.04979031,0,0,0,0,0
22.2,1.68203548,-0.161616245,-43.7219294,0.0671915877,-0.192126185,FollowWall,following_right_wall,0,14,42,0.342645228,-1,-1,-1,1,0.378084123,2.04779917,2.04779917,0,0,0,0,0
22.25,1.68445361,-0.163951109,-44.2707739,0.0671915877,-0.192126185,FollowWall,following_right_wall,0,14,42,0.342645228,-1,-1,-1,1,0.378084123,2.04579463,2.04579463,0,0,0,0,0
22.3,1.68684872,-0.166308513,-44.8202669,0.0671518463,-0.192722306,FollowWall,following_right_wall,0,14,42,0.338694185,-1,-1,-1,1,0.378481537,2.04377624,2.04377624,0,0,0,0,0
22.35,1.68922018,-0.168687903,-45.3708498,0.0671518463,-0.192722306,FollowWall,following_right_wall,0,14,42,0.338694185,-1,-1,-1,1,0.378481537,2.04174483,2.04174483,0,0,0,0,0
22.4,1.69156814,-0.171089456,-45.9220685,0.0671132374,-0.193301439,FollowWall,following_right_wall,0,14,42,0.334961832,-1,-1,-1,1,0.378867626,2.03969994,2.03969994,0,0,0,0,0
22.45,1.69389202,-0.173512615,-46.4743493,0.0671132374,-0.193301439,FollowWall,following_right_wall,0,14,42,0.334961832,-1,-1,-1,1,0.378867626,2.03764242,2.03764242,0,0,0,0,0
22.5,1.69619192,-0.175957549,-47.0272497,0.0670759308,-0.193861037,FollowWall,following_right_wall,0,14,42,0.331445336,-1,-1,-1,1,0.379240692,2.0355718,2.0355718,0,0,0,0,0
22.55,1.69846728,-0.178423703,-47.5811795,0.0670759308,-0.193861037,FollowWall,following_right_wall,0,14,42,0.331445336,-1,-1,-1,1,0.379240692,2.03348891,2.03348891,0,0,0,0,0
22.6,1.70071822,-0.180911233,-48.1357098,0.0670400697,-0.194398955,FollowWall,following_right_wall,0,14,42,0.328141928,-1,-1,-1,1,0.379599303,2.03139332,2.03139332,0,0,0,0,0
22.65,1.70294418,-0.183419587,-48.6912325,0.0670400697,-0.194398955,FollowWall,following_right_wall,0,14,42,0.328141928,-1,-1,-1,1,0.379599303,2.02928584,2.02928584,0,0,0,0,0
22.7,1.70514527,-0.185948908,-49.247334,0.0670057583,-0.194913626,FollowWall,following_right_wall,0,14,42,0.325049073,-1,-1,-1,1,0.379942417,2.02716602,2.02716602,0,0,0,0,0
22.75,1.70732096,-0.188498648,-49.8043876,0.0670057583,-0.194913626,FollowWall,following_right_wall,0,14,42,0.325049073,-1,-1,-1,1,0.379942417,2.0250347,2.0250347,0,0,0,0,0
22.8,1.70947134,-0.191068936,-50.3619965,0.0669730771,-0.195403844,FollowWall,following_right_wall,0,14,42,0.322164476,-1,-1,-1,1,0.380269229,2.02289143,2.02289143,0,0,0,0,0
22.85,1.71159591,-0.193659228,-50.9205146,0.0669730771,-0.195403844,FollowWall,following_right_wall,0,14,42,0.322164476,-1,-1,-1,1,0.380269229,2.02073702,2.02073702,0,0,0,0,0
22.9,1.71369473,-0.196269636,-51.4795629,0.0669420767,-0.19586885,FollowWall,following_right_wall,0,14,42,0.319486111,-1,-1,-1,1,0.380579233,2.01857105,2.01857105,0,0,0,0,0
22.95,1.71576733,-0.198899623,-52.0394756,0.0669420767,-0.19586885,FollowWall,following_right_wall,0,14,42,0.319486111,-1,-1,-1,1,0.380579233,2.01639432,2.01639432,0,0,0,0,0
23,1.71781377,-0.201549284,-52.5998926,0.066912778,-0.19630833,FollowWall,following_right_wall,0,14,42,0.31701237,-1,-1,-1,1,0.38087222,2.01420642,2.01420642,0,0,0,0,0
23.05,1.7198336,-0.204218088,-53.1611284,0.066912778,-0.19630833,FollowWall,following_right_wall,0,14,42,0.31701237,-1,-1,-1,1,0.38087222,2.01200813,2.01200813,0,0,0,0,0
23.1,1.72182685,-0.206906111,-53.7228417,0.0668851662,-0.196722507,FollowWall,following_right_wall,0,14,42,0.31445995,-1,-1,-1,1,0.381148338,2.00979907,2.00979907,0,0,0,0,0
23.15,1.7237931,-0.209612832,-54.285328,0.0668851662,-0.196722507,FollowWall,following_right_wall,0,14,42,0.31445995,-1,-1,-1,1,0.381148338,2.00758,2.00758,0,0,0,0,0
23.2,1.72573237,-0.212338305,-54.8482652,0.0668592083,-0.197111875,FollowWall,following_right_wall,0,14,42,0.311978221,-1,-1,-1,1,0.381407917,2.00535055,2.00535055,0,0,0,0,0
23.25,1.72764427,-0.215082018,-55.4119302,0.0668592083,-0.197111875,FollowWall,following_right_wall,0,14,42,0.311978221,-1,-1,-1,1,0.381407917,2.00311147,2.00311147,0,0,0,0,0
23.3,1.72952879,-0.217844005,-55.9760197,0.0668669152,-0.196996272,FollowWall,following_right_wall,0,14,42,0.309725881,-1,-1,-1,1,0.381330848,2.00086242,2.00086242,0,0,0,0,0
23.35,1.73138596,-0.220624307,-56.5402189,0.0668669152,-0.196996272,FollowWall,following_right_wall,0,14,42,0.309725881,-1,-1,-1,1,0.381330848,1.99860303,1.99860303,0,0,0,0,0
23.4,1.73321562,-0.2234227,-57.1044821,0.0668979037,-0.196531445,FollowWall,following_right_wall,0,14,42,0.307702273,-1,-1,-1,1,0.381020963,1.99633345,1.99633345,0,0,0,0,0
23.45,1.73501797,-0.226239476,-57.6682278,0.0668979037,-0.196531445,FollowWall,following_right_wall,0,14,42,0.307702273,-1,-1,-1,1,0.381020963,1.99405277,1.99405277,0,0,0,0,0
23.5,1.73679271,-0.229074142,-58.2316715,0.0669227022,-0.196159467,FollowWall,following_right_wall,0,14,42,0.305905163,-1,-1,-1,1,0.380772978,1.99176163,1.99176163,0,0,0,0,0
23.55,1.73853988,-0.231926729,-58.7944952,0.0669227022,-0.196159467,FollowWall,following_right_wall,0,14,42,0.305905163,-1,-1,-1,1,0.380772978,1.9894596,1.9894596,0,0,0,0,0
23.6,1.74025917,-0.234796696,-59.3569571,0.0669413435,-0.195879847,FollowWall,following_right_wall,0,14,42,0.304335564,-1,-1,-1,1,0.380586565,1.98714743,1.98714743,0,0,0,0,0
23.65,1.74195054,-0.237683942,-59.9188742,0.0669413435,-0.195879847,FollowWall,following_right_wall,0,14,42,0.304335564,-1,-1,-1,1,0.380586565,1.98482494,1.98482494,0,0,0,0,0
23.7,1.74361371,-0.240587952,-60.4804736,0.0669542271,-0.195686594,FollowWall,following_right_wall,0,14,42,0.302996725,-1,-1,-1,1,0.380457729,1.98249282,1.98249282,0,0,0,0,0
23.75,1.74524858,-0.243508542,-61.0416568,0.0669542271,-0.195686594,FollowWall,following_right_wall,0,14,42,0.302996725,-1,-1,-1,1,0.380457729,1.98015107,1.98015107,0,0,0,0,0
23.8,1.7468549,-0.246445248,-61.6025974,0.0669618446,-0.195572332,FollowWall,following_right_wall,0,14,42,0.301893145,-1,-1,-1,1,0.380381554,1.97780028,1.97780028,0,0,0,0,0
23.85,1.74843256,-0.24939782,-62.16326,0.0669618446,-0.195572332,FollowWall,following_right_wall,0,14,42,0.301893145,-1,-1,-1,1,0.380381554,1.97544059,1.97544059,0,0,0,0,0
23.9,1.74998134,-0.252365854,-62.7237605,0.0669646907,-0.19552964,FollowWall,following_right_wall,0,14,42,0.301030129,-1,-1,-1,1,0.380353093,1.97307246,1.97307246,0,0,0,0,0
23.95,1.7515011,-0.255349047,-63.2841154,0.0669646907,-0.19552964,FollowWall,following_right_wall,0,14,42,0.301030129,-1,-1,-1,1,0.380353093,1.97069614,1.97069614,0,0,0,0,0
24,1.75299165,-0.258347046,-63.8443854,0.0669632125,-0.195551813,FollowWall,following_right_wall,0,14,42,0.300413758,-1,-1,-1,1,0.380367875,1.968312,1.968312,0,0,0,0,0
24.05,1.75445283,-0.261359502,-64.4046324,0.0669632125,-0.195551813,FollowWall,following_right_wall,0,14,42,0.300413758,-1,-1,-1,1,0.380367875,1.96592039,1.96592039,0,0,0,0,0
24.1,1.75588448,-0.264386115,-64.9648659,0.0669578272,-0.195632592,FollowWall,following_right_wall,0,14,42,0.300050884,-1,-1,-1,1,0.380421728,1.96352156,1.96352156,0,0,0,0,0
24.15,1.75728644,-0.267426489,-65.525188,0.0669578272,-0.195632592,FollowWall,following_right_wall,0,14,42,0.300050884,-1,-1,-1,1,0.380421728,1.96111597,1.96111597,0,0,0,0,0
24.2,1.75865856,-0.270480373,-66.0855617,0.0669489074,-0.195766389,FollowWall,following_right_wall,0,14,42,0.299949259,-1,-1,-1,1,0.380510926,1.95870375,1.95870375,0,0,0,0,0
24.25,1.76000066,-0.273547331,-66.6461253,0.0669489074,-0.195766389,FollowWall,following_right_wall,0,14,42,0.299949259,-1,-1,-1,1,0.380510926,1.95628546,1.95628546,0,0,0,0,0
24.3,1.76131264,-0.276627156,-67.2067997,0.04,-0.6,FollowWall,following_right_wall,0,14,42,0.300117493,-1,-1,-1,1,0.380632132,1.95386115,1.95386115,0,0,0,0,0
24.35,1.76236857,-0.279205421,-68.250057,0.04,-0.6,FollowWall,following_right_wall,0,14,42,0.300117493,-1,-1,-1,1,0.380632132,1.95252027,1.95252027,0,0,0,0,0
24.4,1.76325314,-0.281499341,-69.574821,0.0405216514,-0.592175229,FollowWall,following_right_wall,0,14,42,0.305327386,-1,-1,-1,1,0.380975395,1.9518302,1.9518302,0,0,0,0,0
24.45,1.76402062,-0.283644551,-71.0544571,0.0405216514,-0.592175229,FollowWall,following_right_wall,0,14,42,0.305327386,-1,-1,-1,1,0.380975395,1.95151843,1.95151843,0,0,0,0,0
24.5,1.76469798,-0.285709543,-72.6244352,0.0445097845,-0.532353233,FollowWall,following_right_wall,0,14,42,0.314641029,-1,-1,-1,1,0.382435769,1.95144607,1.95144607,0,0,0,0,0
24.55,1.76532507,-0.287813076,-74.1757057,0.0445097845,-0.532353233,FollowWall,following_right_wall,0,14,42,0.314641029,-1,-1,-1,1,0.382435769,1.95135778,1.95135778,0,0,0,0,0
24.6,1.76589848,-0.289945021,-75.7160633,0.0485716822,-0.471424767,FollowWall,following_right_wall,0,14,42,0.325200289,-1,-1,-1,1,0.384503424,1.95127102,1.95127102,0,0,0,0,0
24.65,1.76643743,-0.292180721,-77.1773272,0.0485716822,-0.471424767,FollowWall,following_right_wall,0,14,42,0.325200289,-1,-1,-1,1,0.384503424,1.95101478,1.95101478,0,0,0,0,0
24.7,1.76693135,-0.294481732,-78.5924529,0.0523855939,-0.414216091,FollowWall,following_right_wall,0,14,42,0.336806923,-1,-1,-1,1,0.384164065,1.95066596,1.95066596,0,0,0,0,0
24.75,1.76739088,-0.296902704,-79.912377,0.0523855939,-0.414216091,FollowWall,following_right_wall,0,14,42,0.336806923,-1,-1,-1,1,0.384164065,1.95009603,1.95009603,0,0,0,0,0
24.8,1.76780632,-0.299397163,-81.1767667,0.0558983116,-0.361525326,FollowWall,following_right_wall,0,14,42,0.349056244,-1,-1,-1,1,0.387971103,1.94940112,1.94940112,0,0,0,0,0
24.85,1.76818458,-0.302009611,-82.3458665,0.0558983116,-0.361525326,FollowWall,following_right_wall,0,14,42,0.349056244,-1,-1,-1,1,0.387971103,1.9484748,1.9484748,0,0,0,0,0
24.9,1.76851872,-0.304693257,-83.4593804,0.0591755186,-0.312367222,FollowWall,following_right_wall,0,14,42,0.361589044,-1,-1,-1,1,0.386301607,1.9474163,1.9474163,0,0,0,0,0
24.95,1.76881392,-0.307488081,-84.4817911,0.0591755186,-0.312367222,FollowWall,following_right_wall,0,14,42,0.361589044,-1,-1,-1,1,0.386301607,1.9461296,1.9461296,0,0,0,0,0
25,1.76906592,-0.310349211,-85.4510582,0.061917312,-0.27124032,FollowWall,following_right_wall,0,14,42,0.374099731,-1,-1,-1,1,0.385693163,1.94471184,1.94471184,0,0,0,0,0
25.05,1.76927817,-0.313307004,-86.3402334,0.061917312,-0.27124032,FollowWall,following_right_wall,0,14,42,0.374099731,-1,-1,-1,1,0.385693163,1.94308948,1.94308948,0,0,0,0,0
25.1,1.76944876,-0.31632194,-87.1826881,0.0643018926,-0.235471611,FollowWall,following_right_wall,0,14,42,0.386413842,-1,-1,-1,1,0.387092352,1.9413495,1.9413495,0,0,0,0,0
25.15,1.76958031,-0.319420298,-87.9551936,0.0643018926,-0.235471611,FollowWall,following_right_wall,0,14,42,0.386413842,-1,-1,-1,1,0.387092352,1.93942829,1.93942829,0,0,0,0,0
25.2,1.76967256,-0.322567573,-88.6868953,0.078954204,-0.01568694,FollowWall,following_right_wall,0,14,42,0.398413688,-1,-1,-1,1,0.477322638,1.93740288,1.93740288,0,0,0,0,0
25.25,1.76973881,-0.326048521,-89.1324462,0.078954204,-0.01568694,FollowWall,following_right_wall,0,14,42,0.398413688,-1,-1,-1,1,0.477322638,1.93460828,1.93460828,0,0,0,0,0
25.3,1.76978553,-0.329724023,-89.4110758,0.0673269216,-0.190096176,FollowWall,following_right_wall,0,14,42,0.404551238,-1,-1,-1,1,0.384667546,1.9313632,1.9313632,0,0,0,0,0
25.35,1.76980993,-0.3332708,-89.8005204,0.0673269216,-0.190096176,FollowWall,following_right_wall,0,14,42,0.404551238,-1,-1,-1,1,0.384667546,1.92841957,1.92841957,0,0,0,0,0
25.4,1.76980826,-0.336742446,-90.254607,0.0684824338,-0.172763493,FollowWall,following_right_wall,0,14,42,0.412287563,-1,-1,-1,1,0.383795887,1.92486244,1.92486244,0,0,0,0,0
25.45,1.76977873,-0.340194164,-90.725712,0.0684824338,-0.172763493,FollowWall,following_right_wall,0,14,42,0.412287563,-1,-1,-1,1,0.383795887,1.92068163,1.92068163,0,0,0,0,0
25.5,1.76972071,-0.343633968,-91.2067445,0.0697938139,-0.153092791,FollowWall,following_right_wall,0,14,42,0.421773344,-1,-1,-1,1,0.382804543,1.91650011,1.91650011,0,0,0,0,0
25.55,1.76963384,-0.347093753,-91.6700879,0.0697938139,-0.153092791,FollowWall,following_right_wall,0,14,42,0.421773344,-1,-1,-1,1,0.382804543,1.91232854,1.91232854,0,0,0,0,0
25.6,1.7695189,-0.350564732,-92.1231126,0.0710680871,-0.133978694,FollowWall,following_right_wall,0,14,42,0.43170926,-1,-1,-1,1,0.381834239,1.90816419,1.90816419,0,0,0,0,0
25.65,1.76937603,-0.354068253,-92.5473023,0.0710680871,-0.133978694,FollowWall,following_right_wall,0,14,42,0.43170926,-1,-1,-1,1,0.381834239,1.90401376,1.90401376,0,0,0,0,0
25.7,1.7692068,-0.357590194,-92.9546715,0.0722314365,-0.116528452,FollowWall,following_right_wall,0,14,42,0.441518605,-1,-1,-1,1,0.377957404,1.89987274,1.89987274,0,0,0,0,0
25.75,1.76901151,-0.361146494,-93.3313992,0.0722314365,-0.116528452,FollowWall,following_right_wall,0,14,42,0.441518605,-1,-1,-1,1,0.377957404,1.89574583,1.89574583,0,0,0,0,0
25.8,1.76879214,-0.364722226,-93.6902526,0.0732612228,-0.101081658,FollowWall,following_right_wall,0,14,42,0.450942934,-1,-1,-1,1,0.377366692,1.8916283,1.8916283,0,0,0,0,0
25.85,1.76854901,-0.368330084,-94.0202411,0.0732612228,-0.101081658,FollowWall,following_right_wall,0,14,42,0.450942934,-1,-1,-1,1,0.377366692,1.88752373,1.88752373,0,0,0,0,0
25.9,1.76828421,-0.371956061,-94.3333917,0.0740572235,-0.0891416475,FollowWall,following_right_wall,0,14,42,0.459874511,-1,-1,-1,1,0.375533074,1.88342774,1.88342774,0,0,0,0,0
25.95,1.76799817,-0.375608522,-94.6224679,0.0740572235,-0.0891416475,FollowWall,following_right_wall,0,14,42,0.459874511,-1,-1,-1,1,0.375533074,1.87934259,1.87934259,0,0,0,0,0
26,1.7676928,-0.379275815,-94.8975007,0.074892571,-0.0766114344,FollowWall,following_right_wall,0,14,42,0.468342543,-1,-1,-1,1,0.374796182,1.87526468,1.87526468,0,0,0,0,0
26.05,1.76736821,-0.382968496,-95.1493847,0.074892571,-0.0766114344,FollowWall,following_right_wall,0,14,42,0.468342543,-1,-1,-1,1,0.374796182,1.87119687,1.87119687,0,0,0,0,0
26.1,1.76702638,-0.3866754,-95.3877651,0.0756359455,-0.065460817,FollowWall,following_right_wall,0,14,42,0.476295143,-1,-1,-1,1,0.374514252,1.86713576,1.86713576,0,0,0,0,0
26.15,1.76666745,-0.390405455,-95.6049585,0.0756359455,-0.065460817,FollowWall,following_right_wall,0,14,42,0.476295143,-1,-1,-1,1,0.374514252,1.86308368,1.86308368,0,0,0,0,0
26.2,1.76629336,-0.394148472,-95.8097927,0.0760498397,-0.059252404,FollowWall,following_right_wall,0,14,42,0.483698815,-1,-1,-1,1,0.373540133,1.85903757,1.85903757,0,0,0,0,0
26.25,1.76590462,-0.397907099,-96.0000067,0.0760498397,-0.059252404,FollowWall,following_right_wall,0,14,42,0.483698815,-1,-1,-1,1,0.373540133,1.85499803,1.85499803,0,0,0,0,0
26.3,1.76550263,-0.401674311,-96.1816922,0.0766356834,-0.0504647496,FollowWall,following_right_wall,0,14,42,0.490717649,-1,-1,-1,1,0.373324454,1.85096297,1.85096297,0,0,0,0,0
26.35,1.76508724,-0.405458172,-96.3479133,0.0766356834,-0.0504647496,FollowWall,following_right_wall,0,14,42,0.490717649,-1,-1,-1,1,0.373324454,1.84693449,1.84693449,0,0,0,0,0
26.4,1.76466,-0.409251276,-96.5051134,0.0771610168,-0.0425847474,FollowWall,following_right_wall,0,14,42,0.497306883,-1,-1,-1,1,0.372881263,1.8429104,1.8429104,0,0,0,0,0
26.45,1.76422088,-0.413060204,-96.6476453,0.0771610168,-0.0425847474,FollowWall,following_right_wall,0,14,42,0.497306883,-1,-1,-1,1,0.372881263,1.83889235,1.83889235,0,0,0,0,0
26.5,1.76377141,-0.416877949,-96.7816207,0.0776272768,-0.0355908486,FollowWall,following_right_wall,0,14,42,0.503424942,-1,-1,-1,1,0.372284681,1.83487832,1.83487832,0,0,0,0,0
26.55,1.76331161,-0.420710097,-96.9022565,0.0776272768,-0.0355908486,FollowWall,following_right_wall,0,14,42,0.503424942,-1,-1,-1,1,0.372284681,1.83086965,1.83086965,0,0,0,0,0
26.6,1.76284291,-0.424550287,-97.0151108,0.0780390682,-0.0294139772,FollowWall,following_right_wall,0,14,42,0.509072244,-1,-1,-1,1,0.371546119,1.82686451,1.82686451,0,0,0,0,0
26.65,1.76236533,-0.428403352,-97.1160528,0.0780390682,-0.0294139772,FollowWall,following_right_wall,0,14,42,0.509072244,-1,-1,-1,1,0.371546119,1.82286408,1.82286408,0,0,0,0,0
26.7,1.7618802,-0.43226362,-97.210046,0.0784018591,-0.0239721142,FollowWall,following_right_wall,0,14,42,0.514267862,-1,-1,-1,1,0.370802045,1.81886672,1.81886672,0,0,0,0,0
26.75,1.76138753,-0.43613531,-97.29349,0.0784018591,-0.0239721142,FollowWall,following_right_wall,0,14,42,0.514267862,-1,-1,-1,1,0.370802045,1.81487343,1.81487343,0,0,0,0,0
26.8,1.76088853,-0.440013406,-97.3707802,0.0787209802,-0.0191852971,FollowWall,following_right_wall,0,14,42,0.519038618,-1,-1,-1,1,0.36999467,1.8108828,1.8108828,0,0,0,0,0
26.85,1.76038321,-0.443901601,-97.438767,0.0787209802,-0.0191852971,FollowWall,following_right_wall,0,14,42,0.519038618,-1,-1,-1,1,0.36999467,1.80689569,1.80689569,0,0,0,0,0
26.9,1.75987264,-0.447795479,-97.5013267,0.079001415,-0.0149787746,FollowWall,following_right_wall,0,14,42,0.523414552,-1,-1,-1,1,0.369131476,1.80291086,1.80291086,0,0,0,0,0
26.95,1.75935685,-0.451698278,-97.5556994,0.079001415,-0.0149787746,FollowWall,following_right_wall,0,14,42,0.523414552,-1,-1,-1,1,0.369131476,1.79892905,1.79892905,0,0,0,0,0
27,1.75883679,-0.455606116,-97.6052965,0.079247628,-0.0112855807,FollowWall,following_right_wall,0,14,42,0.527426302,-1,-1,-1,1,0.368219584,1.79494918,1.79494918,0,0,0,0,0
27.05,1.75831248,-0.459521831,-97.6476992,0.079247628,-0.0112855807,FollowWall,following_right_wall,0,14,42,0.527426302,-1,-1,-1,1,0.368219584,1.79097192,1.79097192,0,0,0,0,0
27.1,1.75778476,-0.463442017,-97.6859053,0.0794636242,-0.0080456367,FollowWall,following_right_wall,0,14,42,0.531104028,-1,-1,-1,1,0.367265701,1.7869963,1.7869963,0,0,0,0,0
27.15,1.75725366,-0.46736916,-97.717796,0.0794636242,-0.0080456367,FollowWall,following_right_wall,0,14,42,0.531104028,-1,-1,-1,1,0.367265701,1.7830229,1.7830229,0,0,0,0,0
27.2,1.75671992,-0.471300273,-97.7460027,0.0796529323,-0.00520601623,FollowWall,following_right_wall,0,14,42,0.534476638,-1,-1,-1,1,0.366243035,1.77905089,1.77905089,0,0,0,0,0
27.25,1.75618357,-0.475237533,-97.7686708,0.0796529323,-0.00520601623,FollowWall,following_right_wall,0,14,42,0.534476638,-1,-1,-1,1,0.366243035,1.77508077,1.77508077,0,0,0,0,0
27.3,1.75564527,-0.479178321,-97.7881081,0.0798186861,-0.00271970887,FollowWall,following_right_wall,0,14,42,0.53432864,-1,-1,-1,1,0.365138948,1.77111181,1.77111181,0,0,0,0,0
27.35,1.75510502,-0.483124542,-97.8026929,0.0798186861,-0.00271970887,FollowWall,following_right_wall,0,14,42,0.53432864,-1,-1,-1,1,0.365138948,1.76714445,1.76714445,0,0,0,0,0
27.4,1.75456343,-0.487073902,-97.8144471,0.0799636569,-0.000545147195,FollowWall,following_right_wall,0,14,42,0.532432497,-1,-1,-1,1,0.364028782,1.76317806,1.76317806,0,0,0,0,0
27.45,1.75402049,-0.491028067,-97.8219545,0.0799636569,-0.000545147195,FollowWall,following_right_wall,0,14,42,0.532432497,-1,-1,-1,1,0.364028782,1.75921302,1.75921302,0,0,0,0,0
27.5,1.75347674,-0.494985028,-97.8269845,0.079909702,0.00135447005,FollowWall,following_right_wall,0,14,42,0.530661762,-1,-1,-1,1,0.362914473,1.75524877,1.75524877,0,0,0,0,0
27.55,1.75293268,-0.498942511,-97.8283019,0.079909702,0.00135447005,FollowWall,following_right_wall,0,14,42,0.530661762,-1,-1,-1,1,0.362914473,1.75128938,1.75128938,0,0,0,0,0
27.6,1.75238857,-0.502900314,-97.8274536,0.0797993613,0.00300957989,FollowWall,following_right_wall,0,14,42,0.529003501,-1,-1,-1,1,0.361799121,1.74733281,1.74733281,0,0,0,0,0
27.65,1.75184491,-0.506856051,-97.8233664,0.0797993613,0.00300957989,FollowWall,following_right_wall,0,14,42,0.529003501,-1,-1,-1,1,0.361799121,1.74338299,1.74338299,0,0,0,0,0
27.7,1.75130177,-0.510810617,-97.8173897,0.0797035083,0.00444737573,FollowWall,following_right_wall,0,14,42,0.52744627,-1,-1,-1,1,0.360685378,1.73943708,1.73943708,0,0,0,0,0
27.75,1.75075951,-0.514762563,-97.8085946,0.0797035083,0.00444737573,FollowWall,following_right_wall,0,14,42,0.52744627,-1,-1,-1,1,0.360685378,1.73549788,1.73549788,0,0,0,0,0
27.8,1.75021813,-0.518713032,-97.7981555,0.0796204418,0.0056933732,FollowWall,following_right_wall,0,14,42,0.525979102,-1,-1,-1,1,0.359574825,1.73156254,1.73156254,0,0,0,0,0
27.85,1.74967791,-0.52266098,-97.7852701,0.0796204418,0.0056933732,FollowWall,following_right_wall,0,14,42,0.525979102,-1,-1,-1,1,0.359574825,1.72763326,1.72763326,0,0,0,0,0
27.9,1.74913883,-0.526607523,-97.7709576,0.079546184,0.00680723971,FollowWall,following_right_wall,0,14,42,0.524591863,-1,-1,-1,1,0.358468592,1.72370746,1.72370746,0,0,0,0,0
27.95,1.74860115,-0.530551783,-97.7544831,0.079546184,0.00680723971,FollowWall,following_right_wall,0,14,42,0.524591863,-1,-1,-1,1,0.358468592,1.71978708,1.71978708,0,0,0,0,0
28,1.74806484,-0.534494787,-97.7367475,0.079481416,0.0077787607,FollowWall,following_right_wall,0,14,42,0.523276687,-1,-1,-1,1,0.357367575,1.71586979,1.71586979,0,0,0,0,0
28.05,1.74753011,-0.538435802,-97.7171165,0.079481416,0.0077787607,FollowWall,following_right_wall,0,14,42,0.523276687,-1,-1,-1,1,0.357367575,1.71195724,1.71195724,0,0,0,0,0
28.1,1.74699693,-0.542375744,-97.6963798,0.0794257425,0.00861386209,FollowWall,following_right_wall,0,14,42,0.522026479,-1,-1,-1,1,0.356272489,1.70804738,1.70804738,0,0,0,0,0
28.15,1.7464655,-0.546314,-97.6740014,0.0794257425,0.00861386209,FollowWall,following_right_wall,0,14,42,0.522026479,-1,-1,-1,1,0.356272489,1.70414158,1.70414158,0,0,0,0,0
28.2,1.74593578,-0.550251367,-97.6506653,0.0793780846,0.00932873167,FollowWall,following_right_wall,0,14,42,0.520834446,-1,-1,-1,1,0.355183959,1.70023808,1.70023808,0,0,0,0,0
28.25,1.74540793,-0.554187331,-97.6259172,0.0793780846,0.00932873167,FollowWall,following_right_wall,0,14,42,0.520834446,-1,-1,-1,1,0.355183959,1.69633803,1.69633803,0,0,0,0,0
28.3,1.74488194,-0.558122578,-97.6003455,0.0793374412,0.00993838127,FollowWall,following_right_wall,0,14,42,0.519694448,-1,-1,-1,1,0.354102552,1.69243991,1.69243991,0,0,0,0,0
28.35,1.74435793,-0.562056673,-97.5735656,0.0793374412,0.00993838127,FollowWall,following_right_wall,0,14,42,0.519694448,-1,-1,-1,1,0.354102552,1.68854471,1.68854471,0,0,0,0,0
28.4,1.74383589,-0.565990202,-97.5460809,0.0793029106,0.0104563412,FollowWall,following_right_wall,0,14,42,0.518600941,-1,-1,-1,1,0.353028655,1.6846511,1.6846511,0,0,0,0,0
28.45,1.74331593,-0.569922799,-97.5175668,0.0793029106,0.0104563412,FollowWall,following_right_wall,0,14,42,0.518600941,-1,-1,-1,1,0.353028655,1.68075993,1.68075993,0,0,0,0,0
28.5,1.74279805,-0.573854965,-97.4884523,0.0792737146,0.0108942813,FollowWall,following_right_wall,0,14,42,0.517549157,-1,-1,-1,1,0.351925284,1.67687009,1.67687009,0,0,0,0,0
28.55,1.74228232,-0.57778639,-97.4584647,0.0792737146,0.0108942813,FollowWall,following_right_wall,0,14,42,0.517549157,-1,-1,-1,1,0.351925284,1.67298226,1.67298226,0,0,0,0,0
28.6,1.74176874,-0.581717499,-97.4279678,0.079249162,0.0112625698,FollowWall,following_right_wall,0,14,42,0.516534925,-1,-1,-1,1,0.350774646,1.6690955,1.6690955,0,0,0,0,0
28.65,1.74125739,-0.585648034,-97.3967343,0.079249162,0.0112625698,FollowWall,following_right_wall,0,14,42,0.516534925,-1,-1,-1,1,0.350774646,1.66521041,1.66521041,0,0,0,0,0
28.7,1.74074826,-0.589578354,-97.3650711,0.0792286449,0.0115703265,FollowWall,following_right_wall,0,14,42,0.515554607,-1,-1,-1,1,0.34962976,1.66132616,1.66132616,0,0,0,0,0
28.75,1.74024142,-0.593508243,-97.3327898,0.0792286449,0.0115703265,FollowWall,following_right_wall,0,14,42,0.515554607,-1,-1,-1,1,0.34962976,1.65744327,1.65744327,0,0,0,0,0
28.8,1.73973686,-0.597438004,-97.3001479,0.0792116409,0.011825387,FollowWall,following_right_wall,0,14,42,0.514604986,-1,-1,-1,1,0.348491371,1.65356104,1.65356104,0,0,0,0,0
28.85,1.73923463,-0.601367459,-97.2669914,0.0792116409,0.011825387,FollowWall,following_right_wall,0,14,42,0.514604986,-1,-1,-1,1,0.348491371,1.64967989,1.64967989,1,0,0,0,0
28.9,1.73873473,-0.605296859,-97.2335345,0.0791976915,0.0120346268,FollowWall,following_right_wall,0,14,42,0.513683319,-1,-1,-1,1,0.347360134,1.64579924,1.64579924,1,0,0,0,0
28.95,1.7382372,-0.609226061,-97.1996527,0.0791976915,0.0120346268,FollowWall,following_right_wall,0,14,42,0.513683319,-1,-1,-1,1,0.347360134,1.64191943,1.64191943,1,0,0,0,0
29,1.73774204,-0.613155272,-97.1655231,0.0791863929,0.0122041062,FollowWall,following_right_wall,0,14,42,0.512787223,-1,-1,-1,1,0.346317291,1.63803999,1.63803999,1,0,0,0,0
29.05,1.73724928,-0.617084379,-97.1310466,0.0791863929,0.0122041062,FollowWall,following_right_wall,0,14,42,0.512787223,-1,-1,-1,1,0.346317291,1.63416117,1.63416117,1,0,0,0,0
29.1,1.73675892,-0.621013548,-97.0963677,0.0791816509,0.0122752361,FollowWall,following_right_wall,0,14,42,0.511914551,-1,-1,-1,1,0.345314294,1.63028261,1.63028261,1,0,0,0,0
29.15,1.73627097,-0.62494278,-97.0614858,0.0791816509,0.0122752361,FollowWall,following_right_wall,0,14,42,0.511914551,-1,-1,-1,1,0.345314294,1.6264043,1.6264043,1,0,0,0,0
29.2,1.73578544,-0.628872172,-97.0264856,0.0791860787,0.0122088189,FollowWall,following_right_wall,0,14,42,0.511061668,-1,-1,-1,1,0.344320565,1.62252601,1.62252601,1,0,0,0,0
29.25,1.73530231,-0.632801871,-96.9914956,0.0791860787,0.0122088189,FollowWall,following_right_wall,0,14,42,0.511061668,-1,-1,-1,1,0.344320565,1.61864743,1.61864743,1,0,0,0,0
29.3,1.73482158,-0.636731872,-96.9565116,0.0791916304,0.012125544,FollowWall,following_right_wall,0,14,42,0.510222673,-1,-1,-1,1,0.343336165,1.61476855,1.61476855,1,0,0,0,0
29.35,1.73434323,-0.640662284,-96.9216304,0.0791916304,0.012125544,FollowWall,following_right_wall,0,14,42,0.510222673,-1,-1,-1,1,0.343336165,1.61088913,1.61088913,1,0,0,0,0
29.4,1.73386726,-0.644593055,-96.8868093,0.0791977746,0.0120333813,FollowWall,following_right_wall,0,14,42,0.509394109,-1,-1,-1,1,0.342361093,1.60700928,1.60700928,1,0,0,0,0
29.45,1.73339365,-0.648524282,-96.8521331,0.0791977746,0.0120333813,FollowWall,following_right_wall,0,14,42,0.509394109,-1,-1,-1,1,0.342361093,1.60312878,1.60312878,1,0,0,0,0
29.5,1.73292241,-0.652455893,-96.8175416,0.079192826,0.0121076107,FollowWall,following_right_wall,0,14,42,0.508574426,-1,-1,-1,1,0.341395259,1.59924779,1.59924779,1,0,0,0,0
29.55,1.73245355,-0.656387742,-96.7829108,0.079192826,0.0121076107,FollowWall,following_right_wall,0,14,42,0.508574426,-1,-1,-1,1,0.341395259,1.59536663,1.59536663,1,0,0,0,0
29.6,1.73198707,-0.660319847,-96.7482571,0.0791794006,0.0123089917,FollowWall,following_right_wall,0,14,42,0.507767975,-1,-1,-1,1,0.340438575,1.59148528,1.59148528,1,0,0,0,0
29.65,1.73152301,-0.664251941,-96.7133497,0.0791794006,0.0123089917,FollowWall,following_right_wall,0,14,42,0.507767975,-1,-1,-1,1,0.340438575,1.58760432,1.58760432,1,0,0,0,0
29.7,1.73106137,-0.668184147,-96.6782943,0.0791679237,0.012481144,FollowWall,following_right_wall,0,14,42,0.506981194,-1,-1,-1,1,0.339491069,1.58372348,1.58372348,1,0,0,0,0
29.75,1.73060219,-0.672116299,-96.642947,0.0791679237,0.012481144,FollowWall,following_right_wall,0,14,42,0.506981194,-1,-1,-1,1,0.339491069,1.57984315,1.57984315,1,0,0,0,0
29.8,1.73014546,-0.676048537,-96.6074295,0.0791586901,0.012619648,FollowWall,following_right_wall,0,14,42,0.506216526,-1,-1,-1,1,0.338552833,1.57596299,1.57596299,1,0,0,0,0
29.85,1.72969122,-0.679980752,-96.5716473,0.0791586901,0.012619648,FollowWall,following_right_wall,0,14,42,0.506216526,-1,-1,-1,1,0.338552833,1.57208327,1.57208327,1,0,0,0,0
29.9,1.72923946,-0.683913073,-96.5357108,0.0791516817,0.0127247741,FollowWall,following_right_wall,0,14,42,0.505473793,-1,-1,-1,1,0.337623984,1.56820369,1.56820369,1,0,0,0,0
29.95,1.72879019,-0.687845428,-96.4995588,0.0791516817,0.0127247741,FollowWall,following_right_wall,0,14,42,0.505473793,-1,-1,-1,1,0.337623984,1.5643244,1.5643244,1,0,0,0,0
30,1.72834344,-0.691777921,-96.463281,0.0791467089,0.0127993661,FollowWall,following_right_wall,0,14,42,0.504751861,-1,-1,-1,1,0.336668164,1.56044519,1.56044519,1,0,0,0,0
30.05,1.72789919,-0.695710508,-96.4268408,0.0791467089,0.0127993661,FollowWall,following_right_wall,0,14,42,0.504751861,-1,-1,-1,1,0.336668164,1.55656613,1.55656613,1,0,0,0,0
30.1,1.72745747,-0.699643269,-96.390306,0.0791435929,0.012846106,FollowWall,following_right_wall,0,14,42,0.504049361,-1,-1,-1,1,0.335710585,1.55268706,1.55268706,1,0,0,0,0
30.15,1.72701827,-0.703576182,-96.35366,0.0791435929,0.012846106,FollowWall,following_right_wall,0,14,42,0.504049361,-1,-1,-1,1,0.335710585,1.54880803,1.54880803,1,0,0,0,0
30.2,1.72658159,-0.7075093,-96.3169494,0.0791421258,0.0128681127,FollowWall,following_right_wall,0,14,42,0.50336498,-1,-1,-1,1,0.334800392,1.5449289,1.5449289,1,0,0,0,0
30.25,1.72614745,-0.711442624,-96.2801746,0.0791421258,0.0128681127,FollowWall,following_right_wall,0,14,42,0.50336498,-1,-1,-1,1,0.334800392,1.54104968,1.54104968,1,0,0,0,0
30.3,1.72571584,-0.715376183,-96.2433625,0.0791421272,0.0128680913,FollowWall,following_right_wall,0,14,42,0.502697349,-1,-1,-1,1,0.333976507,1.53717029,1.53717029,1,0,0,0,0
30.35,1.72528676,-0.719309993,-96.2065286,0.0791421272,0.0128680913,FollowWall,following_right_wall,0,14,42,0.502697349,-1,-1,-1,1,0.333976507,1.53329071,1.53329071,1,0,0,0,0
30.4,1.72486021,-0.723244063,-96.169682,0.0791434286,0.0128485716,FollowWall,following_right_wall,0,14,42,0.502045274,-1,-1,-1,1,0.333028346,1.52941091,1.52941091,1,0,0,0,0
30.45,1.72443618,-0.727178425,-96.1328513,0.0791434286,0.0128485716,FollowWall,following_right_wall,0,14,42,0.502045274,-1,-1,-1,1,0.333028346,1.52553081,1.52553081,1,0,0,0,0
30.5,1.72401469,-0.73111307,-96.0960299,0.0791458849,0.0128117268,FollowWall,following_right_wall,0,14,42,0.501407743,-1,-1,-1,1,0.331998587,1.52165044,1.52165044,1,0,0,0,0
30.55,1.72359571,-0.735048041,-96.0592579,0.0791458849,0.0128117268,FollowWall,following_right_wall,0,14,42,0.501407743,-1,-1,-1,1,0.331998587,1.51776968,1.51776968,1,0,0,0,0
30.6,1.72317926,-0.738983314,-96.0225146,0.0791493645,0.0127595321,FollowWall,following_right_wall,0,14,42,0.500783801,-1,-1,-1,1,0.331070751,1.5138886,1.5138886,1,0,0,0,0
30.65,1.72276532,-0.742918945,-95.9858505,0.0791493645,0.0127595321,FollowWall,following_right_wall,0,14,42,0.500783801,-1,-1,-1,1,0.331070751,1.51000707,1.51000707,1,0,0,0,0
30.7,1.72235389,-0.746854892,-95.9492325,0.0791537498,0.0126937535,FollowWall,following_right_wall,0,14,42,0.500172436,-1,-1,-1,1,0.330172926,1.50612517,1.50612517,1,0,0,0,0
30.75,1.72194496,-0.750791224,-95.91272,0.0791537498,0.0126937535,FollowWall,following_right_wall,0,14,42,0.500172436,-1,-1,-1,1,0.330172926,1.50224275,1.50224275,1,0,0,0,0
30.8,1.72153853,-0.754727886,-95.876269,0.0791589292,0.0126160621,FollowWall,following_right_wall,0,14,42,0.499572963,-1,-1,-1,1,0.329285175,1.49835992,1.49835992,1,0,0,0,0
30.85,1.72113458,-0.758664955,-95.8399466,0.0791589292,0.0126160621,FollowWall,following_right_wall,0,14,42,0.499572963,-1,-1,-1,1,0.329285175,1.49447652,1.49447652,1,0,0,0,0
30.9,1.72073311,-0.762602365,-95.8036992,0.0791648149,0.0125277762,FollowWall,following_right_wall,0,14,42,0.498984575,-1,-1,-1,1,0.328407466,1.49059269,1.49059269,1,0,0,0,0
30.95,1.72033412,-0.766540201,-95.7676009,0.0791648149,0.0125277762,FollowWall,following_right_wall,0,14,42,0.498984575,-1,-1,-1,1,0.328407466,1.48670823,1.48670823,1,0,0,0,0
31,1.71993759,-0.770478388,-95.7315897,0.0791713244,0.0124301339,FollowWall,following_right_wall,0,14,42,0.498406678,-1,-1,-1,1,0.327539742,1.4828233,1.4828233,1,0,0,0,0
31.05,1.71954352,-0.774417016,-95.6957457,0.0791713244,0.0124301339,FollowWall,following_right_wall,0,14,42,0.498406678,-1,-1,-1,1,0.327539742,1.47893771,1.47893771,1,0,0,0,0
31.1,1.71915189,-0.778356003,-95.6599994,0.0791783839,0.0123242415,FollowWall,following_right_wall,0,14,42,0.497838676,-1,-1,-1,1,0.326681972,1.47505163,1.47505163,1,0,0,0,0
31.15,1.71876269,-0.782295444,-95.6244364,0.0791783839,0.0123242415,FollowWall,following_right_wall,0,14,42,0.497838676,-1,-1,-1,1,0.326681972,1.47116485,1.47116485,1,0,0,0,0
31.2,1.71837593,-0.786235251,-95.5889803,0.0792066666,0.0119000006,FollowWall,following_right_wall,0,14,42,0.497279972,-1,-1,-1,1,0.325834066,1.46727755,1.46727755,1,0,0,0,0
31.25,1.71799151,-0.790175952,-95.554093,0.0792066666,0.0119000006,FollowWall,following_right_wall,0,14,42,0.497279972,-1,-1,-1,1,0.325834066,1.46338854,1.46338854,1,0,0,0,0
31.3,1.71760945,-0.79411727,-95.5195375,0.0792382942,0.0114255873,FollowWall,following_right_wall,0,14,42,0.496720612,-1,-1,-1,1,0.324934661,1.45949844,1.45949844,1,0,0,0,0
31.35,1.71722966,-0.798059696,-95.4857419,0.0792382942,0.0114255873,FollowWall,following_right_wall,0,14,42,0.496720612,-1,-1,-1,1,0.324934661,1.45560612,1.45560612,1,0,0,0,0
31.4,1.71685212,-0.802002856,-95.4523894,0.0792681381,0.0109779279,FollowWall,following_right_wall,0,14,42,0.496153265,-1,-1,-1,1,0.32403338,1.45171242,1.45171242,1,0,0,0,0
31.45,1.71647677,-0.805947152,-95.4198299,0.0792681381,0.0109779279,FollowWall,following_right_wall,0,14,42,0.496153265,-1,-1,-1,1,0.32403338,1.44781643,1.44781643,1,0,0,0,0
31.5,1.71610359,-0.809892194,-95.3877329,0.079295874,0.0105618905,FollowWall,following_right_wall,0,14,42,0.495575458,-1,-1,-1,1,0.323276132,1.44391902,1.44391902,1,0,0,0,0
31.55,1.71573251,-0.81383833,-95.3564024,0.079295874,0.0105618905,FollowWall,following_right_wall,0,14,42,0.495575458,-1,-1,-1,1,0.323276132,1.44001939,1.44001939,1,0,0,0,0
31.6,1.71536353,-0.817785185,-95.3255189,0.0793215538,0.010176693,FollowWall,following_right_wall,0,14,42,0.49498713,-1,-1,-1,1,0.322527647,1.43611839,1.43611839,1,0,0,0,0
31.65,1.71499657,-0.821733071,-95.295356,0.0793215538,0.010176693,FollowWall,following_right_wall,0,14,42,0.49498713,-1,-1,-1,1,0.322527647,1.43221531,1.43221531,1,0,0,0,0
31.7,1.71463163,-0.825681636,-95.2656134,0.0793453101,0.00982034809,FollowWall,following_right_wall,0,14,42,0.494389147,-1,-1,-1,1,0.321749121,1.42831093,1.42831093,1,0,0,0,0
31.75,1.71426864,-0.829631164,-95.2365414,0.0793453101,0.00982034809,FollowWall,following_right_wall,0,14,42,0.494389147,-1,-1,-1,1,0.321749121,1.42440461,1.42440461,1,0,0,0,0
31.8,1.7139076,-0.833581327,-95.2078606,0.0793673385,0.00948992236,FollowWall,following_right_wall,0,14,42,0.49378258,-1,-1,-1,1,0.32096076,1.42049708,1.42049708,1,0,0,0,0
31.85,1.71354846,-0.837532391,-95.1798023,0.0793673385,0.00948992236,FollowWall,following_right_wall,0,14,42,0.49378258,-1,-1,-1,1,0.32096076,1.41658774,1.41658774,1,0,0,0,0
31.9,1.7131912,-0.841484049,-95.1521072,0.0793878154,0.00918276854,FollowWall,following_right_wall,0,14,42,0.493168473,-1,-1,-1,1,0.320180923,1.41267727,1.41267727,1,0,0,0,0
31.95,1.71283576,-0.845436549,-95.1249906,0.0793878154,0.00918276854,FollowWall,following_right_wall,0,14,42,0.493168473,-1,-1,-1,1,0.320180923,1.40876511,1.40876511,1,0,0,0,0
32,1.71248216,-0.849389606,-95.0982115,0.079406909,0.00889636498,FollowWall,following_right_wall,0,14,42,0.492547899,-1,-1,-1,1,0.319537789,1.4048519,1.4048519,1,0,0,0,0
32.05,1.71213032,-0.85334345,-95.0719711,0.079406909,0.00889636498,FollowWall,following_right_wall,0,14,42,0.492547899,-1,-1,-1,1,0.319537789,1.40093712,1.40093712,1,0,0,0,0
32.1,1.71178026,-0.857297819,-95.0460449,0.0794247737,0.00862839485,FollowWall,following_right_wall,0,14,42,0.491921693,-1,-1,-1,1,0.318903178,1.39702135,1.39702135,1,0,0,0,0
32.15,1.71143191,-0.861252927,-95.020622,0.0794247737,0.00862839485,FollowWall,following_right_wall,0,14,42,0.491921693,-1,-1,-1,1,0.318903178,1.3931041,1.3931041,1,0,0,0,0
32.2,1.71108528,-0.865208529,-94.9954925,0.0794415329,0.00837700632,FollowWall,following_right_wall,0,14,42,0.491290718,-1,-1,-1,1,0.318199396,1.38918593,1.38918593,1,0,0,0,0
32.25,1.71074032,-0.869164828,-94.9708343,0.0794415329,0.00837700632,FollowWall,following_right_wall,0,14,42,0.491290718,-1,-1,-1,1,0.318199396,1.38526636,1.38526636,1,0,0,0,0
32.3,1.71039702,-0.873121592,-94.9464511,0.0794573136,0.00814029604,FollowWall,following_right_wall,0,14,42,0.490655661,-1,-1,-1,1,0.317501962,1.38134594,1.38134594,1,0,0,0,0
32.35,1.71005535,-0.877079014,-94.9225108,0.0794573136,0.00814029604,FollowWall,following_right_wall,0,14,42,0.490655661,-1,-1,-1,1,0.317501962,1.3774242,1.3774242,1,0,0,0,0
32.4,1.7097153,-0.881036878,-94.8988288,0.0794722215,0.00791667785,FollowWall,following_right_wall,0,14,42,0.490017146,-1,-1,-1,1,0.316810608,1.37350164,1.37350164,1,0,0,0,0
32.45,1.70937683,-0.884995364,-94.8755645,0.0794722215,0.00791667785,FollowWall,following_right_wall,0,14,42,0.490017146,-1,-1,-1,1,0.316810608,1.36957785,1.36957785,1,0,0,0,0
32.5,1.70903994,-0.88895427,-94.8525438,0.0794655223,0.00801716604,FollowWall,following_right_wall,0,14,42,0.48937574,-1,-1,-1,1,0.316125095,1.36565328,1.36565328,1,0,0,0,0
32.55,1.70870463,-0.892913336,-94.8295453,0.0794655223,0.00801716604,FollowWall,following_right_wall,0,14,42,0.48937574,-1,-1,-1,1,0.316125095,1.36172852,1.36172852,1,0,0,0,0
32.6,1.70837091,-0.896872551,-94.8065597,0.0794545634,0.0081815494,FollowWall,following_right_wall,0,14,42,0.488741487,-1,-1,-1,1,0.315445065,1.3578036,1.3578036,1,0,0,0,0
32.65,1.7080388,-0.900831682,-94.7833854,0.0794545634,0.0081815494,FollowWall,following_right_wall,0,14,42,0.488741487,-1,-1,-1,1,0.315445065,1.35387906,1.35387906,1,0,0,0,0
32.7,1.70770831,-0.904790819,-94.7601011,0.0794450947,0.00832357944,FollowWall,following_right_wall,0,14,42,0.488122076,-1,-1,-1,1,0.314770371,1.34995468,1.34995468,1,0,0,0,0
32.75,1.70737946,-0.90874982,-94.7365831,0.0794450947,0.00832357944,FollowWall,following_right_wall,0,14,42,0.488122076,-1,-1,-1,1,0.314770371,1.34603079,1.34603079,1,0,0,0,0
32.8,1.70705225,-0.912708798,-94.7129286,0.0794374689,0.00843796687,FollowWall,following_right_wall,0,14,42,0.487520069,-1,-1,-1,1,0.31410107,1.34210714,1.34210714,1,0,0,0,0
32.85,1.7067267,-0.916667661,-94.6890582,0.0794374689,0.00843796687,FollowWall,following_right_wall,0,14,42,0.487520069,-1,-1,-1,1,0.31410107,1.33818394,1.33818394,1,0,0,0,0
32.9,1.70640282,-0.920626513,-94.6650616,0.0794316509,0.00852523668,FollowWall,following_right_wall,0,14,42,0.486935437,-1,-1,-1,1,0.313437194,1.33426094,1.33426094,1,0,0,0,0
32.95,1.70608062,-0.924585295,-94.6408874,0.0794316509,0.00852523668,FollowWall,following_right_wall,0,14,42,0.486935437,-1,-1,-1,1,0.313437194,1.33033828,1.33033828,1,0,0,0,0
33,1.7057601,-0.928544093,-94.6166095,0.0794275271,0.00858709285,FollowWall,following_right_wall,0,14,42,0.486367375,-1,-1,-1,1,0.31277889,1.32641577,1.32641577,1,0,0,0,0
33.05,1.70544128,-0.93250287,-94.5921973,0.0794275271,0.00858709285,FollowWall,following_right_wall,0,14,42,0.486367375,-1,-1,-1,1,0.31277889,1.32249349,1.32249349,1,0,0,0,0
33.1,1.70512415,-0.936461693,-94.5677068,0.0794249239,0.00862614185,FollowWall,following_right_wall,0,14,42,0.485814691,-1,-1,-1,1,0.312126189,1.3185713,1.3185713,1,0,0,0,0
33.15,1.70480873,-0.940420544,-94.5431239,0.0794249239,0.00862614185,FollowWall,following_right_wall,0,14,42,0.485814691,-1,-1,-1,1,0.312126189,1.31464921,1.31464921,1,0,0,0,0
33.2,1.70449502,-0.944379467,-94.5184873,0.0794236798,0.00864480357,FollowWall,following_right_wall,0,14,42,0.485276222,-1,-1,-1,1,0.311479211,1.31072715,1.31072715,1,0,0,0,0
33.25,1.70418301,-0.948338463,-94.4937969,0.0794236798,0.00864480357,FollowWall,following_right_wall,0,14,42,0.485276222,-1,-1,-1,1,0.311479211,1.3068051,1.3068051,1,0,0,0,0
33.3,1.70387271,-0.952297557,-94.4690752,0.0794236209,0.00864568703,FollowWall,following_right_wall,0,14,42,0.484750867,-1,-1,-1,1,0.310752004,1.30288301,1.30288301,1,0,0,0,0
33.35,1.70356413,-0.956256762,-94.4443342,0.0794236209,0.00864568703,FollowWall,following_right_wall,0,14,42,0.484750867,-1,-1,-1,1,0.310752004,1.29896085,1.29896085,1,0,0,0,0
33.4,1.70325725,-0.960216087,-94.4195819,0.0794379407,0.00843088983,FollowWall,following_right_wall,0,14,42,0.484237611,-1,-1,-1,1,0.310014099,1.29503859,1.29503859,1,0,0,0,0
33.45,1.70295206,-0.964175833,-94.3950794,0.0794379407,0.00843088983,FollowWall,following_right_wall,0,14,42,0.484237611,-1,-1,-1,1,0.310014099,1.29111554,1.29111554,1,0,0,0,0
33.5,1.70264854,-0.968135878,-94.3707227,0.079469687,0.00795469487,FollowWall,following_right_wall,0,14,42,0.483729422,-1,-1,-1,1,0.309283108,1.28719198,1.28719198,1,0,0,0,0
33.55,1.70234662,-0.972096808,-94.3470194,0.079469687,0.00795469487,FollowWall,following_right_wall,0,14,42,0.483729422,-1,-1,-1,1,0.309283108,1.28326657,1.28326657,1,0,0,0,0
33.6,1.70204629,-0.976058303,-94.3236972,0.0794996378,0.00750543347,FollowWall,following_right_wall,0,14,42,0.483214229,-1,-1,-1,1,0.308560103,1.27934003,1.27934003,1,0,0,0,0
33.65,1.70174749,-0.980020799,-94.3011337,0.0794996378,0.00750543347,FollowWall,following_right_wall,0,14,42,0.483214229,-1,-1,-1,1,0.308560103,1.27541136,1.27541136,1,0,0,0,0
33.7,1.70145019,-0.983983925,-94.2790127,0.0795270287,0.00709456985,FollowWall,following_right_wall,0,14,42,0.482686549,-1,-1,-1,1,0.307845414,1.2714814,1.2714814,1,0,0,0,0
33.75,1.70115433,-0.987948032,-94.2576402,0.0795270287,0.00709456985,FollowWall,following_right_wall,0,14,42,0.482686549,-1,-1,-1,1,0.307845414,1.26754935,1.26754935,1,0,0,0,0
33.8,1.7008599,-0.991912754,-94.2367044,0.079551754,0.00672368971,FollowWall,following_right_wall,0,14,42,0.482145578,-1,-1,-1,1,0.307138652,1.26361603,1.26361603,1,0,0,0,0
33.85,1.70056683,-0.995878391,-94.2164661,0.079551754,0.00672368971,FollowWall,following_right_wall,0,14,42,0.482145578,-1,-1,-1,1,0.307138652,1.25968075,1.25968075,1,0,0,0,0
33.9,1.70027511,-0.999844603,-94.1966346,0.0795739875,0.00639018694,FollowWall,following_right_wall,0,14,42,0.481592149,-1,-1,-1,1,0.306580126,1.2557443,1.2557443,1,0,0,0,0
33.95,1.6999847,-1.00381165,-94.1774385,0.0795739875,0.00639018694,FollowWall,following_right_wall,0,14,42,0.481592149,-1,-1,-1,1,0.306580126,1.25180606,1.25180606,1,0,0,0,0
34,1.69969556,-1.00777923,-94.158613,0.0795939608,0.00609058737,FollowWall,following_right_wall,0,14,42,0.481027752,-1,-1,-1,1,0.306052804,1.24786674,1.24786674,1,0,0,0,0
34.05,1.69940766,-1.01174756,-94.1403614,0.0795939608,0.00609058737,FollowWall,following_right_wall,0,14,42,0.481027752,-1,-1,-1,1,0.306052804,1.24392581,1.24392581,1,0,0,0,0
34.1,1.69912099,-1.01571637,-94.1224445,0.0796119327,0.00582100932,FollowWall,following_right_wall,0,14,42,0.480453849,-1,-1,-1,1,0.305530041,1.2399839,1.2399839,1,0,0,0,0
34.15,1.69883549,-1.01968587,-94.1050447,0.0796119327,0.00582100932,FollowWall,following_right_wall,0,14,42,0.480453849,-1,-1,-1,1,0.305530041,1.23604053,1.23604053,1,0,0,0,0
34.2,1.69855117,-1.02365581,-94.0879464,0.0796281249,0.00557812663,FollowWall,following_right_wall,0,14,42,0.479871929,-1,-1,-1,1,0.305011481,1.23209627,1.23209627,1,0,0,0,0
34.25,1.69826797,-1.02762637,-94.0713141,0.0796281249,0.00557812663,FollowWall,following_right_wall,0,14,42,0.479871929,-1,-1,-1,1,0.305011481,1.2281507,1.2281507,1,0,0,0,0
34.3,1.6979859,-1.03159733,-94.0549535,0.0796427529,0.00535870588,FollowWall,following_right_wall,0,14,42,0.479283333,-1,-1,-1,1,0.304404825,1.22420432,1.22420432,1,0,0,0,0
34.35,1.69770491,-1.03556885,-94.0390133,0.0796427529,0.00535870588,FollowWall,following_right_wall,0,14,42,0.479283333,-1,-1,-1,1,0.304404825,1.22025675,1.22025675,1,0,0,0,0
34.4,1.697425,-1.03954074,-94.0233184,0.0796400642,0.00539903667,FollowWall,following_right_wall,0,14,42,0.478689164,-1,-1,-1,1,0.303772449,1.21630845,1.21630845,1,0,0,0,0
34.45,1.69714616,-1.04351281,-94.0077184,0.0796400642,0.00539903667,FollowWall,following_right_wall,0,14,42,0.478689164,-1,-1,-1,1,0.303772449,1.21235982,1.21235982,1,0,0,0,0
34.5,1.6968684,-1.04748503,-93.9921738,0.0796255987,0.00561602006,FollowWall,following_right_wall,0,14,42,0.478097856,-1,-1,-1,1,0.303143978,1.20841098,1.20841098,1,0,0,0,0
34.55,1.69659175,-1.05145705,-93.9764024,0.0796255987,0.00561602006,FollowWall,following_right_wall,0,14,42,0.478097856,-1,-1,-1,1,0.303143978,1.20446266,1.20446266,1,0,0,0,0
34.6,1.6963162,-1.055429,-93.9604989,0.0796124357,0.00581346407,FollowWall,following_right_wall,0,14,42,0.477519542,-1,-1,-1,1,0.302519828,1.20051463,1.20051463,1,0,0,0,0
34.65,1.69604179,-1.05940067,-93.9442825,0.0796124357,0.00581346407,FollowWall,following_right_wall,0,14,42,0.477519542,-1,-1,-1,1,0.302519828,1.19656736,1.19656736,1,0,0,0,0
34.7,1.69576852,-1.06337219,-93.9278836,0.0796011681,0.00598247777,FollowWall,following_right_wall,0,14,42,0.476958394,-1,-1,-1,1,0.301900357,1.19262049,1.19262049,1,0,0,0,0
34.75,1.69549643,-1.06734344,-93.9111765,0.0796011681,0.00598247777,FollowWall,following_right_wall,0,14,42,0.476958394,-1,-1,-1,1,0.301900357,1.18867438,1.18867438,1,0,0,0,0
34.8,1.69522552,-1.07131457,-93.8942897,0.0795918652,0.00612202207,FollowWall,following_right_wall,0,14,42,0.476415068,-1,-1,-1,1,0.301285684,1.18472866,1.18472866,1,0,0,0,0
34.85,1.6949558,-1.07528545,-93.8771314,0.0795918652,0.00612202207,FollowWall,following_right_wall,0,14,42,0.476415068,-1,-1,-1,1,0.301285684,1.1807836,1.1807836,1,0,0,0,0
34.9,1.6946873,-1.07925623,-93.8598148,0.0795843966,0.00623405118,FollowWall,following_right_wall,0,14,42,0.475888819,-1,-1,-1,1,0.300744295,1.17683888,1.17683888,1,0,0,0,0
34.95,1.69442002,-1.08322684,-93.8422721,0.0795843966,0.00623405118,FollowWall,following_right_wall,0,14,42,0.475888819,-1,-1,-1,1,0.300744295,1.17289468,1.17289468,1,0,0,0,0
35,1.69415397,-1.08719737,-93.8245975,0.0795786052,0.00632092251,FollowWall,following_right_wall,0,14,42,0.475378543,-1,-1,-1,1,0.300213486,1.16895076,1.16895076,1,0,0,0,0
35.05,1.69388916,-1.09116777,-93.8067422,0.0795786052,0.00632092251,FollowWall,following_right_wall,0,14,42,0.475378543,-1,-1,-1,1,0.300213486,1.16500724,1.16500724,1,0,0,0,0
35.1,1.69362561,-1.09513814,-93.7887816,0.0795742815,0.006385777,FollowWall,following_right_wall,0,14,42,0.47488296,-1,-1,-1,1,0.299686164,1.16106393,1.16106393,1,0,0,0,0
35.15,1.69336331,-1.09910842,-93.7706822,0.0795742815,0.006385777,FollowWall,following_right_wall,0,14,42,0.47488296,-1,-1,-1,1,0.299686164,1.1571209,1.1571209,1,0,0,0,0
35.2,1.69310228,-1.1030787,-93.7525017,0.0795712532,0.00643120195,FollowWall,following_right_wall,0,14,42,0.474400878,-1,-1,-1,1,0.299162447,1.15317802,1.15317802,1,0,0,0,0
35.25,1.69284252,-1.10704894,-93.7342197,0.0795712532,0.00643120195,FollowWall,following_right_wall,0,14,42,0.474400878,-1,-1,-1,1,0.299162447,1.14923532,1.14923532,1,0,0,0,0
35.3,1.69258403,-1.11101919,-93.7158786,0.0795693586,0.00645962079,FollowWall,following_right_wall,0,14,42,0.473931283,-1,-1,-1,1,0.29861179,1.14529271,1.14529271,1,0,0,0,0
35.35,1.69232682,-1.11498945,-93.6974689,0.0795693586,0.00645962079,FollowWall,following_right_wall,0,14,42,0.473931283,-1,-1,-1,1,0.29861179,1.1413502,1.1413502,1,0,0,0,0
35.4,1.69207089,-1.11895974,-93.6790194,0.079568462,0.00647307061,FollowWall,following_right_wall,0,14,42,0.473473191,-1,-1,-1,1,0.298028737,1.13740772,1.13740772,1,0,0,0,0
35.45,1.69181625,-1.12293007,-93.6605305,0.079568462,0.00647307061,FollowWall,following_right_wall,0,14,42,0.473473191,-1,-1,-1,1,0.298028737,1.13346527,1.13346527,1,0,0,0,0
35.5,1.69156288,-1.12690045,-93.6420187,0.0795684328,0.00647350751,FollowWall,following_right_wall,0,14,42,0.473025739,-1,-1,-1,1,0.297449917,1.1295228,1.1295228,1,0,0,0,0
35.55,1.69131081,-1.1308709,-93.6234929,0.0795684328,0.00647350751,FollowWall,following_right_wall,0,14,42,0.473025739,-1,-1,-1,1,0.297449917,1.12558029,1.12558029,1,0,0,0,0
35.6,1.69106001,-1.13484142,-93.604959,0.0795691594,0.00646260894,FollowWall,following_right_wall,0,14,42,0.472588152,-1,-1,-1,1,0.296875417,1.12163772,1.12163772,1,0,0,0,0
35.65,1.6908105,-1.13881204,-93.5864334,0.0795691594,0.00646260894,FollowWall,following_right_wall,0,14,42,0.472588152,-1,-1,-1,1,0.296875417,1.11769506,1.11769506,1,0,0,0,0
35.7,1.69056227,-1.14278274,-93.5679127,0.079570542,0.00644187068,FollowWall,following_right_wall,0,14,42,0.472159803,-1,-1,-1,1,0.296305239,1.11375231,1.11375231,1,0,0,0,0
35.75,1.69031533,-1.14675355,-93.5494195,0.079570542,0.00644187068,FollowWall,following_right_wall,0,14,42,0.472159803,-1,-1,-1,1,0.296305239,1.10980941,1.10980941,1,0,0,0,0
35.8,1.69006966,-1.15072446,-93.5309423,0.0795724937,0.00641259421,FollowWall,following_right_wall,0,14,42,0.471740037,-1,-1,-1,1,0.295739353,1.10586639,1.10586639,1,0,0,0,0
35.85,1.68982527,-1.15469549,-93.5125096,0.0795724937,0.00641259421,FollowWall,following_right_wall,0,14,42,0.471740037,-1,-1,-1,1,0.295739353,1.10192317,1.10192317,1,0,0,0,0
35.9,1.68958215,-1.15866664,-93.4941026,0.0795749459,0.00637581091,FollowWall,following_right_wall,0,14,42,0.471328348,-1,-1,-1,1,0.295177758,1.09797982,1.09797982,1,0,0,0,0
35.95,1.68934031,-1.16263794,-93.4757547,0.0795749459,0.00637581091,FollowWall,following_right_wall,0,14,42,0.471328348,-1,-1,-1,1,0.295177758,1.09403623,1.09403623,1,0,0,0,0
36,1.68909973,-1.16660935,-93.4574412,0.0795778364,0.00633245455,FollowWall,following_right_wall,0,14,42,0.470924228,-1,-1,-1,1,0.294620484,1.09009248,1.09009248,1,0,0,0,0
36.05,1.68886041,-1.17058092,-93.4391995,0.0795778364,0.00633245455,FollowWall,following_right_wall,0,14,42,0.470924228,-1,-1,-1,1,0.294620484,1.08614847,1.08614847,1,0,0,0,0
36.1,1.68862236,-1.17455261,-93.4209996,0.0796029563,0.00595565564,FollowWall,following_right_wall,0,14,42,0.470527291,-1,-1,-1,1,0.294067502,1.08220427,1.08220427,1,0,0,0,0
36.15,1.68838551,-1.17852494,-93.4032741,0.0796029563,0.00595565564,FollowWall,following_right_wall,0,14,42,0.470527291,-1,-1,-1,1,0.294067502,1.07825874,1.07825874,1,0,0,0,0
36.2,1.68814987,-1.18249765,-93.3858251,0.0796365902,0.00545114689,FollowWall,following_right_wall,0,14,42,0.470127046,-1,-1,-1,1,0.293518573,1.07431239,1.07431239,1,0,0,0,0
36.25,1.68791536,-1.18647132,-93.3691397,0.0796365902,0.00545114689,FollowWall,following_right_wall,0,14,42,0.470127046,-1,-1,-1,1,0.293518573,1.07036394,1.07036394,1,0,0,0,0
36.3,1.68768196,-1.19044558,-93.3528997,0.0796678022,0.00498296684,FollowWall,following_right_wall,0,14,42,0.46971333,-1,-1,-1,1,0.292981207,1.06641424,1.06641424,1,0,0,0,0
36.35,1.6874496,-1.19442085,-93.3374784,0.0796678022,0.00498296684,FollowWall,following_right_wall,0,14,42,0.46971333,-1,-1,-1,1,0.292981207,1.06246228,1.06246228,1,0,0,0,0
36.4,1.68721826,-1.19839674,-93.3225347,0.079696093,0.00455860565,FollowWall,following_right_wall,0,14,42,0.469282597,-1,-1,-1,1,0.292431504,1.05850899,1.05850899,1,0,0,0,0
36.45,1.68698788,-1.2023736,-93.3083761,0.079696093,0.00455860565,FollowWall,following_right_wall,0,14,42,0.469282597,-1,-1,-1,1,0.292431504,1.05455355,1.05455355,1,0,0,0,0
36.5,1.68675844,-1.20635104,-93.2946754,0.079721491,0.00417763507,FollowWall,following_right_wall,0,14,42,0.468834758,-1,-1,-1,1,0.291926593,1.05059683,1.05059683,1,0,0,0,0
36.55,1.68652987,-1.21032938,-93.2816967,0.079721491,0.00417763507,FollowWall,following_right_wall,0,14,42,0.468834758,-1,-1,-1,1,0.291926593,1.04663812,1.04663812,1,0,0,0,0
36.6,1.68630216,-1.21430826,-93.2691391,0.0797442227,0.00383665981,FollowWall,following_right_wall,0,14,42,0.468371093,-1,-1,-1,1,0.291413814,1.04267824,1.04267824,1,0,0,0,0
36.65,1.68607526,-1.21828794,-93.2572342,0.0797442227,0.00383665981,FollowWall,following_right_wall,0,14,42,0.468371093,-1,-1,-1,1,0.291413814,1.03871657,1.03871657,1,0,0,0,0
36.7,1.68584915,-1.22226812,-93.24571,0.0797645244,0.00353213444,FollowWall,following_right_wall,0,14,42,0.467893273,-1,-1,-1,1,0.290909797,1.03475383,1.03475383,1,0,0,0,0
36.75,1.68562378,-1.22624901,-93.2347713,0.0797645244,0.00353213444,FollowWall,following_right_wall,0,14,42,0.467893273,-1,-1,-1,1,0.290909797,1.03078949,1.03078949,1,0,0,0,0
36.8,1.68539913,-1.23023035,-93.2241743,0.0797579893,0.00363015991,FollowWall,following_right_wall,0,14,42,0.467402935,-1,-1,-1,1,0.290413946,1.02682419,1.02682419,1,0,0,0,0
36.85,1.68517521,-1.23421182,-93.2136595,0.0797579893,0.00363015991,FollowWall,following_right_wall,0,14,42,0.467402935,-1,-1,-1,1,0.290413946,1.02285863,1.02285863,1,0,0,0,0
36.9,1.68495202,-1.2381934,-93.2031927,0.079745242,0.00382137043,FollowWall,following_right_wall,0,14,42,0.466913044,-1,-1,-1,1,0.289923787,1.01889291,1.01889291,1,0,0,0,0
36.95,1.68472958,-1.24217477,-93.1925256,0.079745242,0.00382137043,FollowWall,following_right_wall,0,14,42,0.466913044,-1,-1,-1,1,0.289923787,1.01492768,1.01492768,1,0,0,0,0
37,1.68450788,-1.24615606,-93.1817417,0.0797334279,0.00399858108,FollowWall,following_right_wall,0,14,42,0.466433734,-1,-1,-1,1,0.289437622,1.01096272,1.01096272,1,0,0,0,0
37.05,1.68428697,-1.25013706,-93.1706782,0.0797334279,0.00399858108,FollowWall,following_right_wall,0,14,42,0.466433734,-1,-1,-1,1,0.289437622,1.00699847,1.00699847,1,0,0,0,0
37.1,1.68406684,-1.25411792,-93.1594515,0.0797474703,0.00378794485,FollowWall,following_right_wall,0,14,42,0.465968728,-1,-1,-1,1,0.288955003,1.00303462,1.00303462,1,0,0,0,0
37.15,1.68384748,-1.258099,-93.148381,0.0797474703,0.00378794485,FollowWall,following_right_wall,0,14,42,0.465968728,-1,-1,-1,1,0.288955003,0.999070304,0.999070304,1,0,0,0,0
37.2,1.68362887,-1.26208022,-93.1374018,0.0797651878,0.00352218366,FollowWall,following_right_wall,0,14,42,0.465507537,-1,-1,-1,1,0.288502961,0.995105705,0.995105705,1,0,0,0,0
37.25,1.68341099,-1.26606192,-93.1267929,0.0797651878,0.00352218366,FollowWall,following_right_wall,0,14,42,0.465507537,-1,-1,-1,1,0.288502961,0.991140076,0.991140076,1,0,0,0,0
37.3,1.68319383,-1.27004391,-93.1164001,0.0797820973,0.00326854021,FollowWall,following_right_wall,0,14,42,0.465042025,-1,-1,-1,1,0.288125902,0.98717383,0.98717383,1,0,0,0,0
37.35,1.68297735,-1.27402644,-93.1064361,0.0797820973,0.00326854021,FollowWall,following_right_wall,0,14,42,0.465042025,-1,-1,-1,1,0.288125902,0.983206399,0.983206399,1,0,0,0,0
37.4,1.68276153,-1.2780093,-93.0967222,0.0797977986,0.00303302087,FollowWall,following_right_wall,0,14,42,0.464569181,-1,-1,-1,1,0.287750959,0.979238263,0.979238263,1,0,0,0,0
37.45,1.68254635,-1.28199268,-93.0874354,0.0797977986,0.00303302087,FollowWall,following_right_wall,0,14,42,0.464569181,-1,-1,-1,1,0.287750959,0.975268949,0.975268949,1,0,0,0,0
37.5,1.6823318,-1.28597639,-93.0783977,0.0798122217,0.00281667463,FollowWall,following_right_wall,0,14,42,0.46408841,-1,-1,-1,1,0.287377954,0.971298934,0.971298934,1,0,0,0,0
37.55,1.68211783,-1.28996061,-93.0697635,0.0798122217,0.00281667463,FollowWall,following_right_wall,0,14,42,0.46408841,-1,-1,-1,1,0.287377954,0.967327808,0.967327808,1,0,0,0,0
37.6,1.68190443,-1.29394512,-93.0613648,0.0798254062,0.00261890723,FollowWall,following_right_wall,0,14,42,0.463600099,-1,-1,-1,1,0.286994398,0.96335602,0.96335602,1,0,0,0,0
37.65,1.68169159,-1.2979301,-93.0533394,0.0798254062,0.00261890723,FollowWall,following_right_wall,0,14,42,0.463600099,-1,-1,-1,1,0.286994398,0.959383202,0.959383202,1,0,0,0,0
37.7,1.68147928,-1.30191537,-93.0455318,0.0798374515,0.00243822756,FollowWall,following_right_wall,0,14,42,0.463104784,-1,-1,-1,1,0.286499679,0.955409773,0.955409773,1,0,0,0,0
37.75,1.68126749,-1.30590106,-93.038067,0.0798374515,0.00243822756,FollowWall,following_right_wall,0,14,42,0.463104784,-1,-1,-1,1,0.286499679,0.951435398,0.951435398,1,0,0,0,0
37.8,1.68105619,-1.30988701,-93.0308021,0.079848444,0.00227334005,FollowWall,following_right_wall,0,14,42,0.462603211,-1,-1,-1,1,0.286006093,0.947460462,0.947460462,1,0,0,0,0
37.85,1.68084537,-1.31387335,-93.0238507,0.079848444,0.00227334005,FollowWall,following_right_wall,0,14,42,0.462603211,-1,-1,-1,1,0.286006093,0.943484661,0.943484661,1,0,0,0,0
37.9,1.68063501,-1.31785993,-93.017082,0.0798305274,0.00254208856,FollowWall,following_right_wall,0,14,42,0.462096035,-1,-1,-1,1,0.28551349,0.939508345,0.939508345,1,0,0,0,0
37.95,1.68042515,-1.32184628,-93.0100993,0.0798305274,0.00254208856,FollowWall,following_right_wall,0,14,42,0.462096035,-1,-1,-1,1,0.28551349,0.935532579,0.935532579,1,0,0,0,0
38,1.68021578,-1.32583252,-93.0029916,0.0798084725,0.00287291188,FollowWall,following_right_wall,0,14,42,0.461596727,-1,-1,-1,1,0.285021693,0.931557121,0.931557121,1,0,0,0,0
38.05,1.68000695,-1.32981824,-92.9954162,0.0798084725,0.00287291188,FollowWall,following_right_wall,0,14,42,0.461596727,-1,-1,-1,1,0.285021693,0.927582891,0.927582891,1,0,0,0,0
38.1,1.67979868,-1.33380367,-92.9875679,0.0797883724,0.00317441423,FollowWall,following_right_wall,0,14,42,0.461114883,-1,-1,-1,1,0.284575373,0.923609364,0.923609364,1,0,0,0,0
38.15,1.679591,-1.33778852,-92.9792006,0.0797883724,0.00317441423,FollowWall,following_right_wall,0,14,42,0.461114883,-1,-1,-1,1,0.284575373,0.919637199,0.919637199,1,0,0,0,0
38.2,1.67938393,-1.34177306,-92.9705304,0.0797705893,0.00344116072,FollowWall,following_right_wall,0,14,42,0.460653573,-1,-1,-1,1,0.284125715,0.915665815,0.915665815,1,0,0,0,0
38.25,1.67917751,-1.34575705,-92.9613653,0.0797705893,0.00344116072,FollowWall,following_right_wall,0,14,42,0.460653573,-1,-1,-1,1,0.284125715,0.911695726,0.911695726,1,0,0,0,0
38.3,1.67897176,-1.34974074,-92.9519114,0.0797551251,0.00367312326,FollowWall,following_right_wall,0,14,42,0.460212797,-1,-1,-1,1,0.283650815,0.907726378,0.907726378,1,0,0,0,0
38.35,1.67876671,-1.35372395,-92.9420121,0.0797551251,0.00367312326,FollowWall,following_right_wall,0,14,42,0.460212797,-1,-1,-1,1,0.283650815,0.90375819,0.90375819,1,0,0,0,0
38.4,1.67856237,-1.35770689,-92.9318531,0.0797418111,0.00387283388,FollowWall,following_right_wall,0,14,42,0.459791511,-1,-1,-1,1,0.283309162,0.899790664,0.899790664,1,0,0,0,0
38.45,1.67835877,-1.36168941,-92.9213041,0.0797418111,0.00387283388,FollowWall,following_right_wall,0,14,42,0.459791511,-1,-1,-1,1,0.283309162,0.895824146,0.895824146,1,0,0,0,0
38.5,1.67815592,-1.36567171,-92.9105277,0.0797304259,0.00404361188,FollowWall,following_right_wall,0,14,42,0.459388286,-1,-1,-1,1,0.282972157,0.891858202,0.891858202,1,0,0,0,0
38.55,1.67795386,-1.36965366,-92.8994147,0.0797304259,0.00404361188,FollowWall,following_right_wall,0,14,42,0.459388286,-1,-1,-1,1,0.282972157,0.887893123,0.887893123,1,0,0,0,0
38.6,1.67775259,-1.37363542,-92.8881055,0.0797207963,0.00418805517,FollowWall,following_right_wall,0,14,42,0.45900175,-1,-1,-1,1,0.282639921,0.883928531,0.883928531,1,0,0,0,0
38.65,1.67755213,-1.37761688,-92.8765093,0.0797207963,0.00418805517,FollowWall,following_right_wall,0,14,42,0.45900175,-1,-1,-1,1,0.282639921,0.879964671,0.879964671,1,0,0,0,0
38.7,1.67735249,-1.38159819,-92.8647457,0.0797127114,0.00430932975,FollowWall,following_right_wall,0,14,42,0.458630532,-1,-1,-1,1,0.282312483,0.87600122,0.87600122,1,0,0,0,0
38.75,1.67715369,-1.38557926,-92.8527398,0.0797127114,0.00430932975,FollowWall,following_right_wall,0,14,42,0.458630532,-1,-1,-1,1,0.282312483,0.872038379,0.872038379,1,0,0,0,0
38.8,1.67695574,-1.38956021,-92.8405924,0.0797059969,0.0044100459,FollowWall,following_right_wall,0,14,42,0.458273441,-1,-1,-1,1,0.281904936,0.868075877,0.868075877,1,0,0,0,0
38.85,1.67675865,-1.39354096,-92.8282423,0.0797059969,0.0044100459,FollowWall,following_right_wall,0,14,42,0.458273441,-1,-1,-1,1,0.281904936,0.864113878,0.864113878,1,0,0,0,0
38.9,1.67656243,-1.39752162,-92.815774,0.0797005037,0.00449244406,FollowWall,following_right_wall,0,14,42,0.457929373,-1,-1,-1,1,0.281393051,0.860152156,0.860152156,1,0,0,0,0
38.95,1.6763671,-1.40150213,-92.8031384,0.0797005037,0.00449244406,FollowWall,following_right_wall,0,14,42,0.457929373,-1,-1,-1,1,0.281393051,0.856190841,0.856190841,1,0,0,0,0
39,1.67617264,-1.40548257,-92.7904051,0.0796960897,0.00455865394,FollowWall,following_right_wall,0,14,42,0.457597315,-1,-1,-1,1,0.28088367,0.852229748,0.852229748,1,0,0,0,0
39.05,1.67597909,-1.40946289,-92.7775359,0.0796960897,0.00455865394,FollowWall,following_right_wall,0,14,42,0.457597315,-1,-1,-1,1,0.28088367,0.848268977,0.848268977,1,0,0,0,0
39.1,1.67578644,-1.41344316,-92.7645874,0.079692636,0.00461045937,FollowWall,following_right_wall,0,14,42,0.457276404,-1,-1,-1,1,0.28037703,0.844308378,0.844308378,1,0,0,0,0
39.15,1.67559469,-1.41742335,-92.7515307,0.079692636,0.00461045937,FollowWall,following_right_wall,0,14,42,0.457276404,-1,-1,-1,1,0.28037703,0.840348027,0.840348027,1,0,0,0,0
39.2,1.67540386,-1.42140352,-92.738411,0.0796900192,0.00464971162,FollowWall,following_right_wall,0,14,42,0.456965834,-1,-1,-1,1,0.279928505,0.836387804,0.836387804,1,0,0,0,0
39.25,1.67521395,-1.42538363,-92.7252077,0.0796900192,0.00464971162,FollowWall,following_right_wall,0,14,42,0.456965834,-1,-1,-1,1,0.279928505,0.832427764,0.832427764,1,0,0,0,0
39.3,1.67502496,-1.42936372,-92.7119555,0.0796881535,0.00467769729,FollowWall,following_right_wall,0,14,42,0.45666489,-1,-1,-1,1,0.279542267,0.828467813,0.828467813,1,0,0,0,0
39.35,1.6748369,-1.43334379,-92.6986415,0.0796881535,0.00467769729,FollowWall,following_right_wall,0,14,42,0.45666489,-1,-1,-1,1,0.279542267,0.824507986,0.824507986,1,0,0,0,0
39.4,1.67464976,-1.43732386,-92.6852914,0.0796869458,0.00469581366,FollowWall,following_right_wall,0,14,42,0.456372917,-1,-1,-1,1,0.279161274,0.820548215,0.820548215,1,0,0,0,0
39.45,1.67446356,-1.44130392,-92.6718987,0.0796869458,0.00469581366,FollowWall,following_right_wall,0,14,42,0.456372917,-1,-1,-1,1,0.279161274,0.816588518,0.816588518,1,0,0,0,0
39.5,1.67427828,-1.445284,-92.658481,0.0796863225,0.00470516224,FollowWall,following_right_wall,0,14,42,0.456089348,-1,-1,-1,1,0.278785676,0.812628846,0.812628846,1,0,0,0,0
39.55,1.67409395,-1.44926409,-92.6450377,0.0796863225,0.00470516224,FollowWall,following_right_wall,0,14,42,0.456089348,-1,-1,-1,1,0.278785676,0.808669201,0.808669201,1,0,0,0,0
39.6,1.67391054,-1.45324421,-92.6315793,0.0797091386,0.00436292115,FollowWall,following_right_wall,0,14,42,0.455813646,-1,-1,-1,1,0.278430402,0.804709557,0.804709557,1,0,0,0,0
39.65,1.67372804,-1.45722483,-92.6185208,0.0797091386,0.00436292115,FollowWall,following_right_wall,0,14,42,0.455813646,-1,-1,-1,1,0.278430402,0.800748799,0.800748799,1,0,0,0,0
39.7,1.67354642,-1.46120577,-92.6056955,0.0797410764,0.00388385358,FollowWall,following_right_wall,0,14,42,0.455534875,-1,-1,-1,1,0.278116554,0.796787376,0.796787376,1,0,0,0,0
39.75,1.67336564,-1.46518757,-92.593578,0.0797410764,0.00388385358,FollowWall,following_right_wall,0,14,42,0.455534875,-1,-1,-1,1,0.278116554,0.792824016,0.792824016,1,0,0,0,0
39.8,1.67318566,-1.46916988,-92.5818735,0.0797706704,0.00343994369,FollowWall,following_right_wall,0,14,42,0.455242455,-1,-1,-1,1,0.277807981,0.788859512,0.788859512,1,0,0,0,0
39.85,1.67300642,-1.47315313,-92.5709397,0.0797706704,0.00343994369,FollowWall,following_right_wall,0,14,42,0.455242455,-1,-1,-1,1,0.277807981,0.784892906,0.784892906,1,0,0,0,0
39.9,1.67282791,-1.47713694,-92.5604556,0.0797973992,0.00303901258,FollowWall,following_right_wall,0,14,42,0.454932481,-1,-1,-1,1,0.277385056,0.78092506,0.78092506,1,0,0,0,0
39.95,1.67265006,-1.48112163,-92.5507122,0.0797973992,0.00303901258,FollowWall,following_right_wall,0,14,42,0.454932481,-1,-1,-1,1,0.277385056,0.776955195,0.776955195,1,0,0,0,0
40,1.67247285,-1.48510686,-92.5414011,0.0798212691,0.00268096287,FollowWall,following_right_wall,0,14,42,0.454604745,-1,-1,-1,1,0.277014732,0.772984142,0.772984142,1,0,0,0,0
40.05,1.67229623,-1.48909291,-92.5327694,0.0798212691,0.00268096287,FollowWall,following_right_wall,0,14,42,0.454604745,-1,-1,-1,1,0.277014732,0.769011238,0.769011238,1,0,0,0,0
40.1,1.67212018,-1.49307944,-92.5245341,0.0798424722,0.00236291741,FollowWall,following_right_wall,0,14,42,0.454260439,-1,-1,-1,1,0.276684761,0.765037245,0.765037245,1,0,0,0,0
40.15,1.67194465,-1.4970667,-92.5169097,0.0798424722,0.00236291741,FollowWall,following_right_wall,0,14,42,0.454260439,-1,-1,-1,1,0.276684761,0.761061587,0.761061587,1,0,0,0,0
40.2,1.67176961,-1.50105441,-92.5096415,0.0798612449,0.00208132721,FollowWall,following_right_wall,0,14,42,0.453901082,-1,-1,-1,1,0.276361674,0.757084951,0.757084951,1,0,0,0,0
40.25,1.67159504,-1.50504277,-92.5029174,0.0798612449,0.00208132721,FollowWall,following_right_wall,0,14,42,0.453901082,-1,-1,-1,1,0.276361674,0.753106834,0.753106834,1,0,0,0,0
40.3,1.67142091,-1.50903151,-92.4965106,0.0798778373,0.00183244076,FollowWall,following_right_wall,0,14,42,0.453528374,-1,-1,-1,1,0.276044875,0.749127845,0.749127845,1,0,0,0,0
40.35,1.67124718,-1.51302084,-92.490586,0.0798778373,0.00183244076,FollowWall,following_right_wall,0,14,42,0.453528374,-1,-1,-1,1,0.276044875,0.745147543,0.745147543,1,0,0,0,0
40.4,1.67107384,-1.51701051,-92.4849426,0.0798924746,0.00161288158,FollowWall,following_right_wall,0,14,42,0.453143805,-1,-1,-1,1,0.275733709,0.741166468,0.741166468,1,0,0,0,0
40.45,1.67090086,-1.52100069,-92.4797254,0.0798924746,0.00161288158,FollowWall,following_right_wall,0,14,42,0.453143805,-1,-1,-1,1,0.275733709,0.737184233,0.737184233,1,0,0,0,0
40.5,1.67072822,-1.52499117,-92.4747568,0.0799053685,0.00141947272,FollowWall,following_right_wall,0,14,42,0.452748775,-1,-1,-1,1,0.275427669,0.733201315,0.733201315,1,0,0,0,0
40.55,1.67055589,-1.52898211,-92.4701641,0.0799053685,0.00141947272,FollowWall,following_right_wall,0,14,42,0.452748775,-1,-1,-1,1,0.275427669,0.729217374,0.729217374,1,0,0,0,0
40.6,1.67038387,-1.53297332,-92.4657907,0.0799167044,0.00124943356,FollowWall,following_right_wall,0,14,42,0.452344567,-1,-1,-1,1,0.275126308,0.725232831,0.725232831,1,0,0,0,0
40.65,1.67021212,-1.53696492,-92.4617481,0.0799167044,0.00124943356,FollowWall,following_right_wall,0,14,42,0.452344567,-1,-1,-1,1,0.275126308,0.721247386,0.721247386,1,0,0,0,0
40.7,1.67004063,-1.54095676,-92.4578985,0.0799266307,0.00110053917,FollowWall,following_right_wall,0,14,42,0.451932281,-1,-1,-1,1,0.274829149,0.717261411,0.717261411,1,0,0,0,0
40.75,1.6698694,-1.54494895,-92.4543392,0.0799266307,0.00110053917,FollowWall,following_right_wall,0,14,42,0.451932281,-1,-1,-1,1,0.274829149,0.713274646,0.713274646,1,0,0,0,0
40.8,1.66969839,-1.54894134,-92.4509493,0.0799353074,0.000970388517,FollowWall,following_right_wall,0,14,42,0.451512963,-1,-1,-1,1,0.274535835,0.709287416,0.709287416,1,0,0,0,0
40.85,1.6695276,-1.55293404,-92.4478136,0.0799353074,0.000970388517,FollowWall,following_right_wall,0,14,42,0.451512963,-1,-1,-1,1,0.274535835,0.705299493,0.705299493,1,0,0,0,0
40.9,1.66935701,-1.55692692,-92.4448261,0.0799428632,0.000857052064,FollowWall,following_right_wall,0,14,42,0.451087534,-1,-1,-1,1,0.274245977,0.701311163,0.701311163,1,0,0,0,0
40.95,1.66918662,-1.56092007,-92.4420603,0.0799428632,0.000857052064,FollowWall,following_right_wall,0,14,42,0.451087534,-1,-1,-1,1,0.274245977,0.697322229,0.697322229,1,0,0,0,0
41,1.6690164,-1.56491338,-92.4394239,0.0799392801,0.000910797908,FollowWall,following_right_wall,0,14,42,0.450656772,-1,-1,-1,1,0.273959309,0.69333294,0.69333294,1,0,0,0,0
41.05,1.66884637,-1.56890671,-92.4367989,0.0799392801,0.000910797908,FollowWall,following_right_wall,0,14,42,0.450656772,-1,-1,-1,1,0.273959309,0.689343613,0.689343613,1,0,0,0,0
41.1,1.66867652,-1.57290005,-92.4341804,0.0799096491,0.00135526317,FollowWall,following_right_wall,0,14,42,0.450226009,-1,-1,-1,1,0.273674846,0.68535426,0.68535426,1,0,0,0,0
41.15,1.6685069,-1.57689279,-92.4310352,0.0799096491,0.00135526317,FollowWall,following_right_wall,0,14,42,0.450226009,-1,-1,-1,1,0.273674846,0.681366313,0.681366313,1,0,0,0,0
41.2,1.66833753,-1.58088518,-92.4275828,0.0798816609,0.00177508626,FollowWall,following_right_wall,0,14,42,0.449809939,-1,-1,-1,1,0.273387313,0.677379182,0.677379182,1,0,0,0,0
41.25,1.66816845,-1.58487679,-92.42345,0.0798816609,0.00177508626,FollowWall,following_right_wall,0,14,42,0.449809939,-1,-1,-1,1,0.273387313,0.673393868,0.673393868,1,0,0,0,0
41.3,1.66799969,-1.58886796,-92.4189204,0.0798562725,0.00215591299,FollowWall,following_right_wall,0,14,42,0.449415803,-1,-1,-1,1,0.273014843,0.669409608,0.669409608,1,0,0,0,0
41.35,1.6678313,-1.59285834,-92.4137047,0.0798562725,0.00215591299,FollowWall,following_right_wall,0,14,42,0.449415803,-1,-1,-1,1,0.273014843,0.665427176,0.665427176,1,0,0,0,0
41.4,1.66766332,-1.59684827,-92.4080888,0.0798336482,0.00249527638,FollowWall,following_right_wall,0,14,42,0.449045002,-1,-1,-1,1,0.27269417,0.661445805,0.661445805,1,0,0,0,0
41.45,1.66749577,-1.60083747,-92.4018343,0.0798336482,0.00249527638,FollowWall,following_right_wall,0,14,42,0.449045002,-1,-1,-1,1,0.27269417,0.657466132,0.657466132,1,0,0,0,0
41.5,1.6673287,-1.60482626,-92.3952073,0.0798136669,0.0027949972,FollowWall,following_right_wall,0,14,42,0.448696822,-1,-1,-1,1,0.272320896,0.653487441,0.653487441,1,0,0,0,0
41.55,1.66716213,-1.60881441,-92.3880053,0.0798136669,0.0027949972,FollowWall,following_right_wall,0,14,42,0.448696822,-1,-1,-1,1,0.272320896,0.649510276,0.649510276,1,0,0,0,0
41.6,1.66699609,-1.61280218,-92.3804679,0.0797960956,0.00305856552,FollowWall,following_right_wall,0,14,42,0.448369831,-1,-1,-1,1,0.271901369,0.645533992,0.645533992,1,0,0,0,0
41.65,1.66683062,-1.61678939,-92.3724201,0.0797960956,0.00305856552,FollowWall,following_right_wall,0,14,42,0.448369831,-1,-1,-1,1,0.271901369,0.641559057,0.641559057,1,0,0,0,0
41.7,1.66666573,-1.62077627,-92.3640747,0.0797806977,0.00328953414,FollowWall,following_right_wall,0,14,42,0.44806239,-1,-1,-1,1,0.271484375,0.637584899,0.637584899,1,0,0,0,0
41.75,1.66650146,-1.62476265,-92.35528,0.0797806977,0.00328953414,FollowWall,following_right_wall,0,14,42,0.44806239,-1,-1,-1,1,0.271484375,0.633611924,0.633611924,1,0,0,0,0
41.8,1.66633783,-1.62874875,-92.3462231,0.0797672237,0.00349164502,FollowWall,following_right_wall,0,14,42,0.44777292,-1,-1,-1,1,0.271167278,0.62963963,0.62963963,1,0,0,0,0
41.85,1.66617486,-1.63273443,-92.3367721,0.0797672237,0.00349164502,FollowWall,following_right_wall,0,14,42,0.44777292,-1,-1,-1,1,0.271167278,0.62566837,0.62566837,1,0,0,0,0
41.9,1.66601256,-1.63671986,-92.3270911,0.0797554801,0.00366779922,FollowWall,following_right_wall,0,14,42,0.44750005,-1,-1,-1,1,0.270880163,0.621697701,0.621697701,1,0,0,0,0
41.95,1.66585097,-1.64070492,-92.3170658,0.0797554801,0.00366779922,FollowWall,following_right_wall,0,14,42,0.44750005,-1,-1,-1,1,0.270880163,0.617727932,0.617727932,1,0,0,0,0
42,1.66569009,-1.64468978,-92.3068396,0.0797482621,0.00377606789,FollowWall,following_right_wall,0,14,42,0.447242439,-1,-1,-1,1,0.270593792,0.613758675,0.613758675,1,0,0,0,0
42.05,1.66552994,-1.64867437,-92.296367,0.0797482621,0.00377606789,FollowWall,following_right_wall,0,14,42,0.447242439,-1,-1,-1,1,0.270593792,0.609790053,0.609790053,1,0,0,0,0
42.1,1.66537053,-1.65265883,-92.2857506,0.0797723663,0.00341450491,FollowWall,following_right_wall,0,14,42,0.446997553,-1,-1,-1,1,0.270308375,0.60582179,0.60582179,1,0,0,0,0
42.15,1.66521183,-1.65664373,-92.2754819,0.0797723663,0.00341450491,FollowWall,following_right_wall,0,14,42,0.446997553,-1,-1,-1,1,0.270308375,0.601852564,0.601852564,1,0,0,0,0
42.2,1.66505382,-1.66062888,-92.2654161,0.0797956801,0.0030647978,FollowWall,following_right_wall,0,14,42,0.446750075,-1,-1,-1,1,0.270024508,0.597882766,0.597882766,1,0,0,0,0
42.25,1.66489648,-1.66461469,-92.255886,0.0797956801,0.0030647978,FollowWall,following_right_wall,0,14,42,0.446750075,-1,-1,-1,1,0.270024508,0.593911502,0.593911502,1,0,0,0,0
42.3,1.66473977,-1.66860088,-92.2466685,0.0798171326,0.00274301167,FollowWall,following_right_wall,0,14,42,0.446491659,-1,-1,-1,1,0.26974225,0.589939373,0.589939373,1,0,0,0,0
42.35,1.66458366,-1.67258776,-92.2380174,0.0798171326,0.00274301167,FollowWall,following_right_wall,0,14,42,0.446491659,-1,-1,-1,1,0.26974225,0.585965697,0.585965697,1,0,0,0,0
42.4,1.66442813,-1.67657505,-92.2296967,0.0798364287,0.00245356897,FollowWall,following_right_wall,0,14,42,0.44622004,-1,-1,-1,1,0.269461393,0.581991111,0.581991111,1,0,0,0,0
42.45,1.66427313,-1.68056298,-92.2219142,0.0798364287,0.00245356897,FollowWall,following_right_wall,0,14,42,0.44622004,-1,-1,-1,1,0.269461393,0.578015057,0.578015057,1,0,0,0,0
42.5,1.66411864,-1.6845513,-92.2144457,0.0798536183,0.00219572557,FollowWall,following_right_wall,0,14,42,0.445935309,-1,-1,-1,1,0.269181639,0.574038138,0.574038138,1,0,0,0,0
42.55,1.66396464,-1.68854021,-92.2074681,0.0798536183,0.00219572557,FollowWall,following_right_wall,0,14,42,0.445935309,-1,-1,-1,1,0.269181639,0.570059881,0.570059881,1,0,0,0,0
42.6,1.6638111,-1.69252947,-92.2007769,0.0798688181,0.00196772881,FollowWall,following_right_wall,0,14,42,0.445638388,-1,-1,-1,1,0.268902689,0.566080836,0.566080836,1,0,0,0,0
42.65,1.66365799,-1.69651926,-92.1945248,0.0798688181,0.00196772881,FollowWall,following_right_wall,0,14,42,0.445638388,-1,-1,-1,1,0.268902689,0.562100592,0.562100592,1,0,0,0,0
42.7,1.6635053,-1.70050936,-92.188529,0.0798821976,0.00176703644,FollowWall,following_right_wall,0,14,42,0.445330381,-1,-1,-1,1,0.268624246,0.558119644,0.558119644,1,0,0,0,0
42.75,1.66335299,-1.70449994,-92.1829222,0.0798821976,0.00176703644,FollowWall,following_right_wall,0,14,42,0.445330381,-1,-1,-1,1,0.268624246,0.554137634,0.554137634,1,0,0,0,0
42.8,1.66320106,-1.70849078,-92.1775424,0.0798939261,0.00159110798,FollowWall,following_right_wall,0,14,42,0.44501251,-1,-1,-1,1,0.268345982,0.550155,0.550155,1,0,0,0,0
42.85,1.66304947,-1.71248205,-92.1725049,0.0798939261,0.00159110798,FollowWall,following_right_wall,0,14,42,0.44501251,-1,-1,-1,1,0.268345982,0.546171432,0.546171432,1,0,0,0,0
42.9,1.66289822,-1.71647355,-92.1676671,0.0799041606,0.00143759113,FollowWall,following_right_wall,0,14,42,0.444685936,-1,-1,-1,1,0.26794371,0.542187313,0.542187313,1,0,0,0,0
42.95,1.66274728,-1.72046542,-92.163129,0.0799041606,0.00143759113,FollowWall,following_right_wall,0,14,42,0.444685936,-1,-1,-1,1,0.26794371,0.538202376,0.538202376,1,0,0,0,0
43,1.66259665,-1.7244575,-92.1587658,0.0799130444,0.00130433371,FollowWall,following_right_wall,0,14,42,0.444351643,-1,-1,-1,1,0.267535031,0.534216958,0.534216958,1,0,0,0,0
43.05,1.6624463,-1.7284499,-92.1546637,0.0799130444,0.00130433371,FollowWall,following_right_wall,0,14,42,0.444351643,-1,-1,-1,1,0.267535031,0.530230826,0.530230826,1,0,0,0,0
43.1,1.66229622,-1.73244248,-92.1507139,0.079920689,0.00118966495,FollowWall,following_right_wall,0,14,42,0.444010586,-1,-1,-1,1,0.267128915,0.526244274,0.526244274,1,0,0,0,0
43.15,1.6621464,-1.73643534,-92.1469897,0.079920689,0.00118966495,FollowWall,following_right_wall,0,14,42,0.444010586,-1,-1,-1,1,0.267128915,0.522257105,0.522257105,1,0,0,0,0
43.2,1.66199683,-1.74042836,-92.1433973,0.0799025313,0.00146203045,FollowWall,following_right_wall,0,14,42,0.443663657,-1,-1,-1,1,0.266725123,0.518269573,0.518269573,1,0,0,0,0
43.25,1.66184752,-1.7444211,-92.1395565,0.0799025313,0.00146203045,FollowWall,following_right_wall,0,14,42,0.443663657,-1,-1,-1,1,0.266725123,0.514282699,0.514282699,1,0,0,0,0
43.3,1.6616985,-1.74841368,-92.1355709,0.0798722985,0.00191552222,FollowWall,following_right_wall,0,14,42,0.443322718,-1,-1,-1,1,0.266322017,0.510296205,0.510296205,1,0,0,0,0
43.35,1.66154981,-1.75240555,-92.1309594,0.0798722985,0.00191552222,FollowWall,following_right_wall,0,14,42,0.443322718,-1,-1,-1,1,0.266322017,0.506311383,0.506311383,1,0,0,0,0
43.4,1.66140146,-1.756397,-92.1259829,0.0798441228,0.00233815746,FollowWall,following_right_wall,0,14,42,0.442999899,-1,-1,-1,1,0.265918106,0.502327532,0.502327532,1,0,0,0,0
43.45,1.66125352,-1.76038764,-92.120289,0.0798441228,0.00233815746,FollowWall,following_right_wall,0,14,42,0.442999899,-1,-1,-1,1,0.265918106,0.498345597,0.498345597,1,0,0,0,0
43.5,1.661106,-1.7643778,-92.1141766,0.0798186641,0.00272003832,FollowWall,following_right_wall,0,14,42,0.442699999,-1,-1,-1,1,0.265513092,0.494364773,0.494364773,1,0,0,0,0
43.55,1.66095897,-1.76836716,-92.1073642,0.0798186641,0.00272003832,FollowWall,following_right_wall,0,14,42,0.442699999,-1,-1,-1,1,0.265513092,0.490385817,0.490385817,1,0,0,0,0
43.6,1.66081244,-1.77235607,-92.1001435,0.0797959543,0.00306068598,FollowWall,following_right_wall,0,14,42,0.442423582,-1,-1,-1,1,0.265107304,0.486407942,0.486407942,1,0,0,0,0
43.65,1.66066646,-1.77634425,-92.092278,0.0797959543,0.00306068598,FollowWall,following_right_wall,0,14,42,0.442423582,-1,-1,-1,1,0.265107304,0.482431783,0.482431783,1,0,0,0,0
43.7,1.66052106,-1.78033201,-92.0840364,0.0797758308,0.00336253811,FollowWall,following_right_wall,0,14,42,0.442169607,-1,-1,-1,1,0.264701277,0.478456617,0.478456617,1,0,0,0,0
43.75,1.66037628,-1.78431912,-92.075215,0.0797758308,0.00336253811,FollowWall,following_right_wall,0,14,42,0.442169607,-1,-1,-1,1,0.264701277,0.47448299,0.47448299,1,0,0,0,0
43.8,1.66023214,-1.78830585,-92.0660555,0.0797580373,0.00362944066,FollowWall,following_right_wall,0,14,42,0.441936612,-1,-1,-1,1,0.264488399,0.470510252,0.470510252,1,0,0,0,0
43.85,1.66008868,-1.79229201,-92.0563801,0.0797580373,0.00362944066,FollowWall,following_right_wall,0,14,42,0.441936612,-1,-1,-1,1,0.264488399,0.466538879,0.466538879,1,0,0,0,0
43.9,1.65994591,-1.79627785,-92.0464038,0.0797423353,0.00386496984,FollowWall,following_right_wall,0,14,42,0.441723049,-1,-1,-1,1,0.264293075,0.462568293,0.462568293,1,0,0,0,0
43.95,1.65980387,-1.80026318,-92.0359708,0.0797423353,0.00386496984,FollowWall,following_right_wall,0,14,42,0.441723049,-1,-1,-1,1,0.264293075,0.458598912,0.458598912,1,0,0,0,0
44,1.65966258,-1.80424823,-92.0252715,0.0797338828,0.00399175761,FollowWall,following_right_wall,0,14,42,0.441527396,-1,-1,-1,1,0.264101237,0.454630223,0.454630223,1,0,0,0,0
44.05,1.65952205,-1.80823294,-92.0142654,0.0797338828,0.00399175761,FollowWall,following_right_wall,0,14,42,0.441527396,-1,-1,-1,1,0.264101237,0.450662335,0.450662335,1,0,0,0,0
44.1,1.65938231,-1.81221748,-92.0030803,0.079760371,0.00359443572,FollowWall,following_right_wall,0,14,42,0.44134593,-1,-1,-1,1,0.263883859,0.446694903,0.446694903,1,0,0,0,0
44.15,1.65924331,-1.81620247,-91.9922652,0.079760371,0.00359443572,FollowWall,following_right_wall,0,14,42,0.44134593,-1,-1,-1,1,0.263883859,0.442726449,0.442726449,1,0,0,0,0
44.2,1.65910505,-1.82018774,-91.9816658,0.0797857298,0.00321405266,FollowWall,following_right_wall,0,14,42,0.441161156,-1,-1,-1,1,0.263521224,0.438757391,0.438757391,1,0,0,0,0
44.25,1.65896748,-1.82417371,-91.9716463,0.0797857298,0.00321405266,FollowWall,following_right_wall,0,14,42,0.441161156,-1,-1,-1,1,0.263521224,0.434786747,0.434786747,1,0,0,0,0
44.3,1.65883058,-1.8281601,-91.9619652,0.079808627,0.00287059571,FollowWall,following_right_wall,0,14,42,0.440963775,-1,-1,-1,1,0.263167024,0.430815171,0.430815171,1,0,0,0,0
44.35,1.65869432,-1.83214721,-91.9528913,0.079808627,0.00287059571,FollowWall,following_right_wall,0,14,42,0.440963775,-1,-1,-1,1,0.263167024,0.426841938,0.426841938,1,0,0,0,0
44.4,1.65855866,-1.83613476,-91.9441717,0.0798287595,0.00256860681,FollowWall,following_right_wall,0,14,42,0.440751404,-1,-1,-1,1,0.262937933,0.422867731,0.422867731,1,0,0,0,0
44.45,1.65842356,-1.84012298,-91.9360192,0.0798287595,0.00256860681,FollowWall,following_right_wall,0,14,42,0.440751404,-1,-1,-1,1,0.262937933,0.418891977,0.418891977,1,0,0,0,0
44.5,1.658289,-1.84411161,-91.9281975,0.0798462044,0.00230693377,FollowWall,following_right_wall,0,14,42,0.440524429,-1,-1,-1,1,0.262710601,0.414915315,0.414915315,1,0,0,0,0
44.55,1.65815496,-1.84810085,-91.9208812,0.0798462044,0.00230693377,FollowWall,following_right_wall,0,14,42,0.440524429,-1,-1,-1,1,0.262710601,0.410937275,0.410937275,1,0,0,0,0
44.6,1.6580214,-1.85209045,-91.9138596,0.0798517554,0.00222366844,FollowWall,following_right_wall,0,14,42,0.440284133,-1,-1,-1,1,0.262438685,0.406958425,0.406958425,1,0,0,0,0
44.65,1.65788831,-1.85608037,-91.9071094,0.0798517554,0.00222366844,FollowWall,following_right_wall,0,14,42,0.440284133,-1,-1,-1,1,0.262438685,0.402978828,0.402978828,1,0,0,0,0
44.7,1.65775568,-1.8600705,-91.9005174,0.0798431157,0.00235326449,FollowWall,following_right_wall,0,14,42,0.440036297,-1,-1,-1,1,0.262080669,0.398998791,0.398998791,1,1,0,0,0
44.75,1.65762351,-1.86406057,-91.8938631,0.0798431157,0.00235326449,FollowWall,following_right_wall,0,14,42,0.440036297,-1,-1,-1,1,0.262080669,0.395018907,0.395018907,1,1,0,0,0
44.8,1.6574918,-1.86805061,-91.8871725,0.0798153104,0.0027703439,FollowWall,following_right_wall,0,14,42,0.439790249,-1,-1,-1,1,0.261724025,0.391039105,0.391039105,1,1,0,0,0
44.85,1.65736061,-1.87204006,-91.8799627,0.0798153104,0.0027703439,FollowWall,following_right_wall,0,14,42,0.439790249,-1,-1,-1,1,0.261724025,0.387060687,0.387060687,1,1,0,0,0
44.9,1.65722993,-1.87602918,-91.8724502,0.0797703792,0.0034443122,FollowWall,following_right_wall,0,14,42,0.439559191,-1,-1,-1,1,0.261377275,0.383083068,0.383083068,1,1,0,0,0
44.95,1.65709985,-1.88001718,-91.8639565,0.0797703792,0.0034443122,FollowWall,following_right_wall,0,14,42,0.439559191,-1,-1,-1,1,0.261377275,0.379108075,0.379108075,1,1,0,0,0
45,1.6569704,-1.88400453,-91.8548905,0.0797296386,0.00405542099,FollowWall,following_right_wall,0,14,42,0.439357519,-1,-1,-1,1,0.261187971,0.375134604,0.375134604,1,1,0,0,0
45.05,1.65684167,-1.88799067,-91.8447612,0.0797296386,0.00405542099,FollowWall,following_right_wall,0,14,42,0.439357519,-1,-1,-1,1,0.261187971,0.371163978,0.371163978,1,1,0,0,0
45.1,1.65671368,-1.8919761,-91.8340117,0.0796938659,0.00459201123,FollowWall,following_right_wall,0,14,42,0.436250806,-1,-1,-1,1,0.26099959,0.367195,0.367195,1,1,0,0,0
45.15,1.65658651,-1.8959604,-91.8222598,0.0796938659,0.00459201123,FollowWall,following_right_wall,0,14,42,0.436250806,-1,-1,-1,1,0.26099959,0.3632287,0.3632287,1,1,0,0,0
45.2,1.65646019,-1.89994404,-91.8099232,0.0796629712,0.00505543128,FollowWall,following_right_wall,0,14,42,0.428283304,-1,-1,-1,1,0.260812581,0.35926395,0.35926395,1,1,0,0,0
45.25,1.65633481,-1.90392668,-91.7966924,0.0796629712,0.00505543128,FollowWall,following_right_wall,0,14,42,0.428283304,-1,-1,-1,1,0.260812581,0.355301584,0.355301584,1,1,0,0,0
45.3,1.65621037,-1.90790873,-91.78294,0.0796635462,0.00504680772,FollowWall,following_right_wall,0,14,42,0.420320928,-1,-1,-1,1,0.260578752,0.351340597,0.351340597,1,1,0,0,0
45.35,1.65608692,-1.91189047,-91.7688935,0.0796635462,0.00504680772,FollowWall,following_right_wall,0,14,42,0.420320928,-1,-1,-1,1,0.260578752,0.347380374,0.347380374,1,1,0,0,0
45.4,1.65596445,-1.91587205,-91.7546756,0.079675726,0.00486410994,FollowWall,following_right_wall,0,14,42,0.412362158,-1,-1,-1,1,0.260250539,0.343420585,0.343420585,1,1,0,0,0
45.45,1.65584296,-1.91985379,-91.7405757,0.079675726,0.00486410994,FollowWall,following_right_wall,0,14,42,0.412362158,-1,-1,-1,1,0.260250539,0.33946045,0.33946045,1,1,0,0,0
45.5,1.65572245,-1.92383564,-91.7265446,0.0796884107,0.00467383882,FollowWall,following_right_wall,0,14,42,0.404405683,-1,-1,-1,1,0.259924591,0.335500103,0.335500103,1,1,0,0,0
45.55,1.65560289,-1.92781783,-91.7127809,0.0796884107,0.00467383882,FollowWall,following_right_wall,0,14,42,0.404405683,-1,-1,-1,1,0.259924591,0.331539009,0.331539009,1,1,0,0,0
45.6,1.65548428,-1.93180023,-91.699173,0.07969727,0.00454094992,FollowWall,following_right_wall,0,14,42,0.396450907,-1,-1,-1,1,0.259601355,0.327577468,0.327577468,1,1,0,0,0
45.65,1.6553666,-1.93578295,-91.6858147,0.07969727,0.00454094992,FollowWall,following_right_wall,0,14,42,0.396450907,-1,-1,-1,1,0.259601355,0.323615228,0.323615228,1,1,0,0,0
45.7,1.65524983,-1.93976586,-91.6726021,0.0796681652,0.00497752275,FollowWall,following_right_wall,0,14,42,0.38849777,-1,-1,-1,1,0.259280741,0.319652571,0.319652571,1,1,0,0,0
45.75,1.65513402,-1.9437483,-91.6589532,0.0796681652,0.00497752275,FollowWall,following_right_wall,0,14,42,0.38849777,-1,-1,-1,1,0.259280741,0.315691065,0.315691065,1,1,0,0,0
45.8,1.65501917,-1.94773047,-91.6450499,0.0796408633,0.0053870512,FollowWall,following_right_wall,0,14,42,0.38054803,-1,-1,-1,1,0.258961469,0.31173022,0.31173022,1,1,0,0,0
45.85,1.65490533,-1.95171192,-91.6305093,0.0796408633,0.0053870512,FollowWall,following_right_wall,0,14,42,0.38054803,-1,-1,-1,1,0.258961469,0.307771068,0.307771068,1,1,0,0,0
45.9,1.65479253,-1.95569297,-91.6155969,0.0796166267,0.00575059964,FollowWall,following_right_wall,0,14,42,0.372602582,-1,-1,-1,1,0.258705199,0.303812891,0.303812891,1,1,0,0,0
45.95,1.6546808,-1.95967329,-91.6000338,0.0796166267,0.00575059964,FollowWall,following_right_wall,0,14,42,0.372602582,-1,-1,-1,1,0.258705199,0.299856443,0.299856443,1,1,0,0,0
46,1.65457019,-1.96365321,-91.584091,0.0795957152,0.00606427239,FollowWall,following_right_wall,0,14,42,0.364661634,-1,-1,-1,1,0.25856486,0.295900992,0.295900992,1,1,0,0,0
46.05,1.65446072,-1.96763246,-91.5675524,0.0795957152,0.00606427239,FollowWall,following_right_wall,0,14,42,0.364661634,-1,-1,-1,1,0.25856486,0.29194712,0.29194712,1,1,0,0,0
46.1,1.65435242,-1.97161134,-91.5506662,0.0795780095,0.00632985701,FollowWall,following_right_wall,0,14,42,0.356725097,-1,-1,-1,1,0.258295238,0.287994157,0.287994157,1,1,0,0,0
46.15,1.65424533,-1.97558964,-91.5332602,0.0795780095,0.00632985701,FollowWall,following_right_wall,0,14,42,0.356725097,-1,-1,-1,1,0.258295238,0.284042568,0.284042568,1,1,0,0,0
46.2,1.65413946,-1.97956763,-91.5155509,0.0795632613,0.0065510802,FollowWall,following_right_wall,0,14,42,0.348792762,-1,-1,-1,1,0.258015692,0.280091768,0.280091768,1,1,0,0,0
46.25,1.65403486,-1.98354513,-91.4974008,0.0795632613,0.0065510802,FollowWall,following_right_wall,0,14,42,0.348792762,-1,-1,-1,1,0.258015692,0.276142129,0.276142129,1,1,0,0,0
46.3,1.65393153,-1.98752237,-91.4789934,0.0795511855,0.00673221729,FollowWall,following_right_wall,0,14,42,0.34086442,-1,-1,-1,1,0.257692635,0.272193156,0.272193156,1,1,0,0,0
46.35,1.6538295,-1.99149922,-91.4602198,0.0795511855,0.00673221729,FollowWall,following_right_wall,0,14,42,0.34086442,-1,-1,-1,1,0.257692635,0.268245141,0.268245141,1,1,0,0,0
46.4,1.6537288,-1.99547585,-91.4412325,0.0795415229,0.00687715579,FollowWall,following_right_wall,0,14,42,0.332939833,-1,-1,-1,1,0.257396966,0.264297674,0.264297674,1,1,0,0,0
46.45,1.65362942,-1.99945217,-91.4219476,0.0795415229,0.00687715579,FollowWall,following_right_wall,0,14,42,0.332939833,-1,-1,-1,1,0.257396966,0.260350982,0.260350982,1,1,0,0,0
46.5,1.6535314,-2.00342832,-91.4024891,0.0795340066,0.0069899007,FollowWall,following_right_wall,0,14,42,0.325018823,-1,-1,-1,1,0.25710535,0.25640473,0.25640473,1,1,0,0,0
46.55,1.65343474,-2.00740423,-91.3827947,0.0795340066,0.0069899007,FollowWall,following_right_wall,0,14,42,0.325018823,-1,-1,-1,1,0.25710535,0.252459086,0.252459086,1,1,0,0,0
46.6,1.65333946,-2.01138002,-91.3629627,0.0795284419,0.00707337128,FollowWall,following_right_wall,0,14,42,0.317101151,-1,-1,-1,1,0.256817967,0.248513785,0.248513785,1,1,0,0,0
46.65,1.65324556,-2.01535562,-91.3429509,0.0795284419,0.00707337128,FollowWall,following_right_wall,0,14,42,0.317101151,-1,-1,-1,1,0.256817967,0.244568941,0.244568941,1,1,0,0,0
46.7,1.65315306,-2.01933114,-91.3228341,0.0795246067,0.00713089921,FollowWall,following_right_wall,0,14,42,0.309186667,-1,-1,-1,1,0.256534994,0.240624354,0.240624354,1,1,0,0,0
46.75,1.65306196,-2.02330654,-91.3025874,0.0795246067,0.00713089921,FollowWall,following_right_wall,0,14,42,0.309186667,-1,-1,-1,1,0.256534994,0.23668009,0.23668009,1,1,0,0,0
46.8,1.65297228,-2.02728188,-91.2822649,0.0795223328,0.0071650087,FollowWall,following_right_wall,0,14,42,0.301275194,-1,-1,-1,1,0.256256521,0.232736003,0.232736003,1,1,0,0,0
46.85,1.65288401,-2.03125716,-91.2618576,0.0795223328,0.0071650087,FollowWall,following_right_wall,0,14,42,0.301275194,-1,-1,-1,1,0.256256521,0.22879212,0.22879212,1,1,0,0,0
46.9,1.65279715,-2.03523241,-91.2414007,0.0795214573,0.00717814062,FollowWall,following_right_wall,0,14,42,0.293366581,-1,-1,-1,1,0.255982667,0.224848344,0.224848344,1,1,0,0,0
46.95,1.65271172,-2.03920763,-91.2208992,0.0795214573,0.00717814062,FollowWall,following_right_wall,0,14,42,0.293366581,-1,-1,-1,1,0.255982667,0.220904662,0.220904662,1,1,0,0,0
47,1.65262771,-2.04318286,-91.2003717,0.0795330892,0.00700366229,FollowWall,following_right_wall,0,14,42,0.285421818,-1,-1,-1,1,0.255713552,0.216961026,0.216961026,1,1,0,0,0
47.05,1.65254512,-2.04715834,-91.1800374,0.0795330892,0.00700366229,FollowWall,following_right_wall,0,14,42,0.285421818,-1,-1,-1,1,0.255713552,0.213016843,0.213016843,1,1,0,0,0
47.1,1.65246393,-2.05113398,-91.1598157,0,0.6,TurnLeft,front_sector_priority,0,14,42,0.277423531,-1,-1,-1,1,0.255593151,0.209072332,0.209072332,1,1,0,0,0
47.15,1.65243171,-2.05345337,-90.4318224,0,0.6,TurnLeft,front_sector_priority,0,14,42,0.277423531,-1,-1,-1,1,0.255593151,0.207876949,0.207876949,1,1,0,0,0
47.2,1.65243498,-2.05480647,-89.2909625,0,0.6,TurnLeft,front_sector_priority,0,14,42,0.273756772,-1,-1,-1,1,0.255268931,0.20609509,0.20609509,1,1,0,0,0
47.25,1.65245427,-2.05559554,-87.9092636,0,0.6,TurnLeft,front_sector_priority,0,14,42,0.273756772,-1,-1,-1,1,0.255268931,0.203182841,0.203182841,1,1,0,0,0
47.3,1.65247718,-2.05605541,-86.3870753,0,0.6,TurnLeft,front_sector_priority,0,14,42,0.271931499,-1,-1,-1,1,0.254066586,0.200411724,0.200411724,1,1,0,0,0
47.35,1.65249785,-2.05632319,-84.7829349,0,0.6,TurnLeft,front_sector_priority,0,14,42,0.271931499,-1,-1,-1,1,0.254066586,0.197741528,0.197741528,1,1,0,0,0
47.4,1.65251434,-2.056479,-83.1309891,0,0.6,TurnLeft,front_sector_priority,0,14,42,0.271610171,-1,-1,-1,1,0.252650261,0.19514937,0.19514937,1,1,0,0,0
47.45,1.6525266,-2.05656957,-81.4511568,0,0.6,TurnLeft,front_sector_priority,0,14,42,0.271610171,-1,-1,-1,1,0.252650261,0.192622564,0.192622564,1,1,0,0,0
47.5,1.65253531,-2.05662216,-79.7550574,0,0.6,TurnLeft,front_sector_priority,0,14,42,0.271024317,-1,-1,-1,1,0.251632303,0.190154449,0.190154449,1,1,0,0,0
47.55,1.6525413,-2.05665268,-78.0494688,0,0.6,TurnLeft,front_sector_priority,0,14,42,0.271024317,-1,-1,-1,1,0.251632303,0.187741932,0.187741932,1,1,0,0,0
47.6,1.65254532,-2.05667037,-76.3383449,0,0.6,TurnLeft,front_sector_priority,0,14,42,0.270518064,-1,-1,-1,1,0.252597988,0.185384026,0.185384026,1,1,0,0,0
47.65,1.65254797,-2.05668062,-74.623992,0,0.6,TurnLeft,front_sector_priority,0,14,42,0.270518064,-1,-1,-1,1,0.252597988,0.183080975,0.183080975,1,1,0,0,0
47.7,1.65254969,-2.05668654,-72.9077556,0,0.6,TurnLeft,front_sector_priority,0,14,42,0.270302922,-1,-1,-1,1,0.255045384,0.180833737,0.180833737,1,1,0,0,0
47.75,1.6525508,-2.05668997,-71.1904205,0,0.6,TurnLeft,front_sector_priority,0,14,42,0.270302922,-1,-1,-1,1,0.255045384,0.178643675,0.178643675,1,1,0,0,0
47.8,1.65255151,-2.05669195,-69.4724444,0,0.6,TurnLeft,front_sector_priority,0,14,42,0.269344628,-1,-1,-1,1,0.258650541,0.176512369,0.176512369,1,1,0,0,0
47.85,1.65255196,-2.05669309,-67.7540944,0,0.6,TurnLeft,front_sector_priority,0,14,42,0.269344628,-1,-1,-1,1,0.258650541,0.174441506,0.174441506,1,1,0,0,0
47.9,1.65255224,-2.05669374,-66.0355264,0,0.6,TurnLeft,front_sector_priority,0,14,42,0.268769562,-1,-1,-1,1,0.263316512,0.172432811,0.172432811,1,1,0,0,0
47.95,1.65255241,-2.05669412,-64.3168311,0,0.6,TurnLeft,front_sector_priority,0,14,42,0.268769562,-1,-1,-1,1,0.263316512,0.170488013,0.170488013,1,1,0,0,0
48,1.65255252,-2.05669434,-62.5980616,0,0.6,TurnLeft,front_sector_priority,0,14,42,0.267940223,-1,-1,-1,1,0.269324362,0.168608813,0.168608813,1,1,0,0,0
48.05,1.65255259,-2.05669447,-60.8792488,0,0.6,TurnLeft,front_sector_priority,0,14,42,0.267940223,-1,-1,-1,1,0.269324362,0.166796875,0.166796875,1,1,0,0,0
48.1,1.65255263,-2.05669454,-59.1604108,0,0.6,TurnLeft,front_sector_priority,0,14,42,0.266997695,-1,-1,-1,1,0.276787728,0.165053813,0.165053813,1,1,0,0,0
48.15,1.65255266,-2.05669458,-57.441558,0,0.6,TurnLeft,front_sector_priority,0,14,42,0.266997695,-1,-1,-1,1,0.276787728,0.163381186,0.163381186,1,1,0,0,0
48.2,1.65255267,-2.0566946,-55.7226967,0,0.6,TurnLeft,front_sector_priority,0,14,42,0.265870839,-1,-1,-1,1,0.28592059,0.161780493,0.161780493,1,1,0,0,0
48.25,1.65255268,-2.05669461,-54.0038303,0,0.6,TurnLeft,front_sector_priority,0,14,42,0.265870839,-1,-1,-1,1,0.28592059,0.160253172,0.160253172,1,1,0,0,0
48.3,1.65255269,-2.05669462,-52.284961,0,0.6,TurnLeft,front_sector_priority,0,14,42,0.265620649,-1,-1,-1,1,0.297001183,0.158800596,0.158800596,1,1,0,0,0
48.35,1.65255269,-2.05669463,-50.56609,0,0.6,TurnLeft,front_sector_priority,0,14,42,0.265620649,-1,-1,-1,1,0.297001183,0.157424069,0.157424069,1,1,0,0,0
48.4,1.65255269,-2.05669463,-48.847218,0,0.6,TurnLeft,front_sector_priority,0,14,42,0.26625368,-1,-1,-1,1,0.31039381,0.156124831,0.156124831,1,1,0,0,0
48.45,1.65255269,-2.05669463,-47.1283455,0,0.6,TurnLeft,front_sector_priority,0,14,42,0.26625368,-1,-1,-1,1,0.31039381,0.154904049,0.154904049,1,1,0,0,0
48.5,1.65255269,-2.05669463,-45.4094726,0,0.6,TurnLeft,front_sector_priority,0,14,42,0.267792851,-1,-1,-1,1,0.315332472,0.153762824,0.153762824,1,1,0,0,0
48.55,1.6525527,-2.05669463,-43.6905994,0,0.6,TurnLeft,front_sector_priority,0,14,42,0.267792851,-1,-1,-1,1,0.315332472,0.152702181,0.152702181,1,1,0,0,0
48.6,1.6525527,-2.05669463,-41.9717262,0,0.6,TurnLeft,front_sector_priority,0,14,42,0.270278484,-1,-1,-1,1,0.311136901,0.151723074,0.151723074,1,1,0,0,0
48.65,1.6525527,-2.05669463,-40.2528529,0,0.6,TurnLeft,front_sector_priority,0,14,42,0.270278484,-1,-1,-1,1,0.311136901,0.150826386,0.150826386,1,1,0,0,0
48.7,1.6525527,-2.05669463,-38.5339796,0,0.6,TurnLeft,front_sector_priority,0,14,42,0.273770273,-1,-1,-1,1,0.310997903,0.150012922,0.150012922,1,1,0,0,0
48.75,1.6525527,-2.05669463,-36.8151062,0,0.6,TurnLeft,front_sector_priority,0,14,42,0.273770273,-1,-1,-1,1,0.310997903,0.149283416,0.149283416,1,1,0,0,0
48.8,1.6525527,-2.05669463,-35.0962329,0,0.6,TurnLeft,front_sector_priority,0,14,42,0.278350472,-1,-1,-1,1,0.310473055,0.148638523,0.148638523,1,1,0,0,0
48.85,1.6525527,-2.05669463,-33.3773595,0,0.6,TurnLeft,front_sector_priority,0,14,42,0.278350472,-1,-1,-1,1,0.310473055,0.148078823,0.148078823,1,1,0,0,0
48.9,1.6525527,-2.05669463,-31.6584861,0,0.6,TurnLeft,front_sector_priority,0,14,42,0.28412807,-1,-1,-1,1,0.305345297,0.147604821,0.147604821,1,1,0,0,0
48.95,1.6525527,-2.05669463,-29.9396127,0,0.6,TurnLeft,front_sector_priority,0,14,42,0.28412807,-1,-1,-1,1,0.305345297,0.147216943,0.147216943,1,1,0,0,0
49,1.6525527,-2.05669463,-28.2207394,0,0.6,TurnLeft,front_sector_priority,0,14,42,0.291245103,-1,-1,-1,1,0.293711036,0.146915539,0.146915539,1,1,0,0,0
49.05,1.6525527,-2.05669463,-26.501866,0,0.6,TurnLeft,front_sector_priority,0,14,42,0.291245103,-1,-1,-1,1,0.293711036,0.146700878,0.146700878,1,1,0,0,0
49.1,1.6525527,-2.05669463,-24.7829926,0,0.6,TurnLeft,front_sector_priority,0,14,42,0.299885124,-1,-1,-1,1,0.28371948,0.146573155,0.146573155,1,1,0,0,0
49.15,1.6525527,-2.05669463,-23.0641192,0,0.6,TurnLeft,front_sector_priority,0,14,42,0.299885124,-1,-1,-1,1,0.28371948,0.146532485,0.146532485,1,1,0,0,0
49.2,1.6525527,-2.05669463,-21.3452458,0,0.6,TurnLeft,front_sector_priority,0,14,42,0.31028533,-1,-1,-1,1,0.275167376,0.146578903,0.146532485,1,1,0,0,0
49.25,1.6525527,-2.05669463,-19.6263724,0,0.6,TurnLeft,front_sector_priority,0,14,42,0.31028533,-1,-1,-1,1,0.275167376,0.146712369,0.146532485,1,1,0,0,0
49.3,1.6525527,-2.05669463,-17.9074991,0,0.6,TurnLeft,front_sector_priority,0,14,42,0.322536349,-1,-1,-1,1,0.267650694,0.146932762,0.146532485,1,1,0,0,0
49.35,1.6525527,-2.05669463,-16.1886257,0,0.6,TurnLeft,front_sector_priority,0,14,42,0.322536349,-1,-1,-1,1,0.267650694,0.147239884,0.146532485,1,1,0,0,0
49.4,1.6525527,-2.05669463,-14.4697523,0,0.6,TurnLeft,front_sector_priority,0,14,42,0.336798579,-1,-1,-1,1,0.260066301,0.147633459,0.146532485,1,1,0,0,0
49.45,1.6525527,-2.05669463,-12.7508789,0,0.6,TurnLeft,front_sector_priority,0,14,42,0.336798579,-1,-1,-1,1,0.260066301,0.148113131,0.146532485,1,1,0,0,0
49.5,1.6525527,-2.05669463,-11.0320055,0,0.6,TurnLeft,front_sector_priority,0,14,42,0.353938729,-1,-1,-1,1,0.254857004,0.14867847,0.146532485,1,1,0,0,0
49.55,1.6525527,-2.05669463,-9.31313212,0,0.6,TurnLeft,front_sector_priority,0,14,42,0.353938729,-1,-1,-1,1,0.254857004,0.149328967,0.146532485,1,1,0,0,0
49.6,1.6525527,-2.05669463,-7.59425874,0,0.6,TurnLeft,front_sector_priority,0,14,42,0.374296337,-1,-1,-1,1,0.25143826,0.150064037,0.146532485,1,1,0,0,0
49.65,1.6525527,-2.05669463,-5.87538535,0,0.6,TurnLeft,front_sector_priority,0,14,42,0.374296337,-1,-1,-1,1,0.25143826,0.150883017,0.146532485,1,1,0,0,0
49.7,1.6525527,-2.05669463,-4.15651197,0,0.6,TurnLeft,front_sector_priority,0,14,42,0.375605315,-1,-1,-1,1,0.248959482,0.151785171,0.146532485,1,1,0,0,0
49.75,1.6525527,-2.05669463,-2.43763858,0,0.6,TurnLeft,front_sector_priority,0,14,42,0.375605315,-1,-1,-1,1,0.248959482,0.152769688,0.146532485,1,1,0,0,0
49.8,1.6525527,-2.05669463,-0.718765197,0,0.6,TurnLeft,front_sector_priority,0,14,42,0.375567555,-1,-1,-1,1,0.246790543,0.15383568,0.146532485,1,1,0,0,0
49.85,1.6525527,-2.05669463,1.00010819,0,0.6,TurnLeft,front_sector_priority,0,14,42,0.375567555,-1,-1,-1,1,0.246790543,0.152538587,0.146532485,1,1,0,0,0
49.9,1.6525527,-2.05669463,2.71898157,0,0.6,TurnLeft,front_sector_priority,0,14,42,0.375962049,-1,-1,-1,1,0.244779319,0.149566951,0.146532485,1,1,0,0,0
49.95,1.6525527,-2.05669463,4.43785496,0,0.6,TurnLeft,front_sector_priority,0,14,42,0.375962049,-1,-1,-1,1,0.244779319,0.146679672,0.146532485,1,1,0,0,0
50,1.6525527,-2.05669463,6.15672834,0,0.6,TurnLeft,front_sector_priority,0,14,42,0.375326633,-1,-1,-1,1,0.243652716,0.14387935,0.14387935,1,1,0,0,0
50.05,1.6525527,-2.05669463,7.87560173,0,0.6,TurnLeft,front_sector_priority,0,14,42,0.375326633,-1,-1,-1,1,0.243652716,0.141168504,0.141168504,1,1,0,0,0
50.1,1.6525527,-2.05669463,9.59447512,0,0.6,TurnLeft,front_sector_priority,0,14,42,0.375345826,-1,-1,-1,1,0.242041036,0.138549575,0.138549575,1,1,0,0,0
50.15,1.6525527,-2.05669463,11.3133485,0,0.6,TurnLeft,front_sector_priority,0,14,42,0.375345826,-1,-1,-1,1,0.242041036,0.136024919,0.136024919,1,1,0,0,0
50.2,1.6525527,-2.05669463,13.0322219,0,0.6,TurnLeft,front_sector_priority,0,14,42,0.374943435,-1,-1,-1,1,0.242726728,0.133596808,0.133596808,1,1,0,0,0
50.25,1.6525527,-2.05669463,14.7510953,0,0.6,TurnLeft,front_sector_priority,0,14,42,0.374943435,-1,-1,-1,1,0.242726728,0.131267428,0.131267428,1,1,0,0,0
50.3,1.6525527,-2.05669463,16.4699687,0,0.6,TurnLeft,front_sector_priority,0,14,42,0.374330103,-1,-1,-1,1,0.245481297,0.129038874,0.129038874,1,1,0,0,0
50.35,1.6525527,-2.05669463,18.188842,0,0.6,TurnLeft,front_sector_priority,0,14,42,0.374330103,-1,-1,-1,1,0.245481297,0.126913152,0.126913152,1,1,0,0,0
50.4,1.6525527,-2.05669463,19.9077154,0,0.6,TurnLeft,front_sector_priority,0,14,42,0.373681724,-1,-1,-1,1,0.248782083,0.124892175,0.124892175,1,1,0,0,0
50.45,1.6525527,-2.05669463,21.6265888,0,0.6,TurnLeft,front_sector_priority,0,14,42,0.373681724,-1,-1,-1,1,0.248782083,0.122977763,0.122977763,1,1,0,0,0
50.5,1.6525527,-2.05669463,23.3454622,0,0.6,TurnLeft,front_sector_priority,0,14,42,0.373085588,-1,-1,-1,1,0.252318501,0.121171636,0.121171636,1,1,0,0,0
50.55,1.6525527,-2.05669463,25.0643356,0,0.6,TurnLeft,front_sector_priority,0,14,42,0.373085588,-1,-1,-1,1,0.252318501,0.119475422,0.119475422,1,1,0,0,0
50.6,1.6525527,-2.05669463,26.783209,0,0.6,TurnLeft,front_sector_priority,0,14,42,0.37211296,-1,-1,-1,1,0.258221149,0.117890647,0.117890647,1,1,0,0,0
50.65,1.6525527,-2.05669463,28.5020824,0,0.6,TurnLeft,front_sector_priority,0,14,42,0.37211296,-1,-1,-1,1,0.258221149,0.116418737,0.116418737,1,1,0,0,0
50.7,1.6525527,-2.05669463,30.2209557,0,0.6,TurnLeft,front_sector_priority,0,14,42,0.371436745,-1,-1,-1,1,0.265564919,0.115061015,0.115061015,1,1,0,0,0
50.75,1.6525527,-2.05669463,31.9398291,0,0.6,TurnLeft,front_sector_priority,0,14,42,0.371436745,-1,-1,-1,1,0.265564919,0.113818705,0.113818705,1,1,0,0,0
50.8,1.6525527,-2.05669463,33.6587025,0,0.6,TurnLeft,front_sector_priority,0,14,42,0.370804608,-1,-1,-1,1,0.274567723,0.112692925,0.112692925,1,1,0,0,0
50.85,1.6525527,-2.05669463,35.3775759,0,0.6,TurnLeft,front_sector_priority,0,14,42,0.370804608,-1,-1,-1,1,0.274567723,0.111684686,0.111684686,1,1,0,0,0
50.9,1.6525527,-2.05669463,37.0964493,0,0.6,TurnLeft,front_sector_priority,0,14,42,0.370692849,-1,-1,-1,1,0.28485781,0.110794898,0.110794898,1,1,0,0,0
50.95,1.6525527,-2.05669463,38.8153227,0,0.6,TurnLeft,front_sector_priority,0,14,42,0.370692849,-1,-1,-1,1,0.28485781,0.11002436,0.11002436,1,1,0,0,0
51,1.6525527,-2.05669463,40.5341961,0,0.6,TurnLeft,front_sector_priority,0,14,42,0.371842265,-1,-1,-1,1,0.297204405,0.109373766,0.109373766,1,1,0,0,0
51.05,1.6525527,-2.05669463,42.2530694,0,0.6,TurnLeft,front_sector_priority,0,14,42,0.371842265,-1,-1,-1,1,0.297204405,0.108843701,0.108843701,1,1,0,0,0
51.1,1.6525527,-2.05669463,43.9719428,0,0.6,TurnLeft,front_sector_priority,0,14,42,0.374284625,-1,-1,-1,1,0.312135935,0.108434643,0.108434643,1,1,0,0,0
51.15,1.6525527,-2.05669463,45.6908162,0,0.6,TurnLeft,front_sector_priority,0,14,42,0.374284625,-1,-1,-1,1,0.312135935,0.108146959,0.108146959,1,1,0,0,0
51.2,1.6525527,-2.05669463,47.4096896,0,0.6,TurnLeft,front_sector_priority,0,14,42,0.378076434,-1,-1,-1,1,0.330240935,0.107980908,0.107980908,1,1,0,0,0
51.25,1.6525527,-2.05669463,49.128563,0,0.6,TurnLeft,front_sector_priority,0,14,42,0.378076434,-1,-1,-1,1,0.330240935,0.107936641,0.107936641,1,1,0,0,0
51.3,1.6525527,-2.05669463,50.8474364,0.0619550435,0.270674348,FollowWall,following_right_wall,0,14,42,0.382890195,-1,-1,-1,1,0.352323472,0.108014196,0.107936641,1,1,0,0,0
51.35,1.65335601,-2.05568435,52.1732062,0.0619550435,0.270674348,FollowWall,following_right_wall,0,14,42,0.382890195,-1,-1,-1,1,0.352323472,0.109167473,0.107936641,1,1,0,0,0
51.4,1.65459384,-2.05405821,53.2696657,0.0565778148,0.351332778,FollowWall,following_right_wall,0,14,42,0.384892285,-1,-1,-1,1,0.37543726,0.110966544,0.107936641,1,1,0,0,0
51.45,1.65599409,-2.05214506,54.3286396,0.0565778148,0.351332778,FollowWall,following_right_wall,0,14,42,0.384892285,-1,-1,-1,1,0.37543726,0.113093641,0.107936641,1,1,0,0,0
51.5,1.65746901,-2.05005057,55.365747,0.0505923584,0.441114624,FollowWall,following_right_wall,0,14,42,0.385966897,-1,-1,-1,1,0.385008365,0.115442277,0.107936641,1,1,0,0,0
51.55,1.65889654,-2.04793962,56.4972682,0.0505923584,0.441114624,FollowWall,following_right_wall,0,14,42,0.385966897,-1,-1,-1,1,0.385008365,0.117880781,0.107936641,1,1,0,0,0
51.6,1.66027685,-2.04580677,57.6838639,0.0485232466,0.4721513,FollowWall,following_right_wall,0,14,42,0.388222605,-1,-1,-1,1,0.383614749,0.120413338,0.107936641,1,1,0,0,0
51.65,1.66158635,-2.04368553,58.9396339,0.0485232466,0.4721513,FollowWall,following_right_wall,0,14,42,0.388222605,-1,-1,-1,1,0.383614749,0.123020066,0.107936641,1,1,0,0,0
51.7,1.66283422,-2.04155963,60.2357555,0.0490882935,0.463675598,FollowWall,following_right_wall,0,14,42,0.39216283,-1,-1,-1,1,0.382429987,0.125714198,0.107936641,1,1,0,0,0
51.75,1.66403127,-2.03940979,61.5452984,0.0490882935,0.463675598,FollowWall,following_right_wall,0,14,42,0.39216283,-1,-1,-1,1,0.382429987,0.128507131,0.107936641,1,1,0,0,0
51.8,1.66517752,-2.03723537,62.8626704,0.0522979912,0.415530131,FollowWall,following_right_wall,0,14,42,0.397568017,-1,-1,-1,1,0.379333079,0.131398104,0.107936641,1,1,0,0,0
51.85,1.66630365,-2.0349772,64.12714,0.0522979912,0.415530131,FollowWall,following_right_wall,0,14,42,0.397568017,-1,-1,-1,1,0.379333079,0.134409384,0.107936641,1,1,0,0,0
51.9,1.66739656,-2.03266053,65.3607498,0.0555453914,0.366819129,FollowWall,following_right_wall,0,14,42,0.403762788,-1,-1,-1,1,0.380465835,0.137522081,0.107936641,1,1,0,0,0
51.95,1.66847755,-2.03023948,66.5182136,0.0555453914,0.366819129,FollowWall,following_right_wall,0,14,42,0.403762788,-1,-1,-1,1,0.380465835,0.140744751,0.107936641,1,1,0,0,0
52,1.66953078,-2.02774919,67.6312589,0.0584858713,0.322711931,FollowWall,following_right_wall,0,14,42,0.41021508,-1,-1,-1,1,0.370644063,0.144055558,0.107936641,1,1,0,0,0
52.05,1.67057135,-2.02515435,68.6657443,0.0584858713,0.322711931,FollowWall,following_right_wall,0,14,42,0.41021508,-1,-1,-1,1,0.370644063,0.147456384,0.107936641,1,1,0,0,0
52.1,1.67158501,-2.02249147,69.6544031,0.0610835241,0.283747139,FollowWall,following_right_wall,0,14,42,0.41661638,-1,-1,-1,1,0.361824483,0.150928357,0.107936641,1,1,0,0,0
52.15,1.67258332,-2.01973184,70.5698189,0.0610835241,0.283747139,FollowWall,following_right_wall,0,14,42,0.41661638,-1,-1,-1,1,0.361824483,0.154470754,0.107936641,1,1,0,0,0
52.2,1.67355466,-2.01690988,71.4425097,0.0633578507,0.249632239,FollowWall,following_right_wall,0,14,42,0.422792047,-1,-1,-1,1,0.354418457,0.158068847,0.107936641,1,1,0,0,0
52.25,1.67450835,-2.01400135,72.2495559,0.0633578507,0.249632239,FollowWall,following_right_wall,0,14,42,0.422792047,-1,-1,-1,1,0.354418457,0.161720939,0.107936641,1,1,0,0,0
52.3,1.67543526,-2.01103743,73.0183093,0.065317468,0.22023798,FollowWall,following_right_wall,0,14,42,0.428642899,-1,-1,-1,1,0.348261982,0.165416074,0.107936641,1,1,0,0,0
52.35,1.67634293,-2.00799775,73.7296386,0.065317468,0.22023798,FollowWall,following_right_wall,0,14,42,0.428642899,-1,-1,-1,1,0.348261982,0.169152166,0.107936641,1,1,0,0,0
52.4,1.67722439,-2.0049098,74.4074704,0.0669737454,0.19539382,FollowWall,following_right_wall,0,14,42,0.434121311,-1,-1,-1,1,0.343253702,0.172921352,0.107936641,1,1,0,0,0
52.45,1.67808567,-2.00175678,75.0361064,0.0669737454,0.19539382,FollowWall,following_right_wall,0,14,42,0.434121311,-1,-1,-1,1,0.343253702,0.176721452,0.107936641,1,1,0,0,0
52.5,1.67892155,-1.9985624,75.636045,0.0684542021,0.173186969,FollowWall,following_right_wall,0,14,42,0.439220726,-1,-1,-1,1,0.339049906,0.180547016,0.107936641,1,1,0,0,0
52.55,1.67973739,-1.99531093,76.1927359,0.0684542021,0.173186969,FollowWall,following_right_wall,0,14,42,0.439220726,-1,-1,-1,1,0.339049906,0.184396021,0.107936641,1,1,0,0,0
52.6,1.6805292,-1.99202333,76.7241989,0.0697428838,0.153856743,FollowWall,following_right_wall,0,14,42,0.443931878,-1,-1,-1,1,0.335620582,0.188264683,0.107936641,1,1,0,0,0
52.65,1.68130147,-1.98868593,77.217872,0.0697428838,0.153856743,FollowWall,following_right_wall,0,14,42,0.443931878,-1,-1,-1,1,0.335620582,0.192151048,0.107936641,1,1,0,0,0
52.7,1.68205118,-1.98531711,77.6895009,0.0708815366,0.136776952,FollowWall,following_right_wall,0,14,42,0.448255777,-1,-1,-1,1,0.332591772,0.196052588,0.107936641,1,1,0,0,0
52.75,1.68278221,-1.98190461,78.1278832,0.0708815366,0.136776952,FollowWall,following_right_wall,0,14,42,0.448255777,-1,-1,-1,1,0.332591772,0.199967457,0.107936641,1,1,0,0,0
52.8,1.68349226,-1.97846464,78.5468717,0.0718986545,0.121520183,FollowWall,following_right_wall,0,14,42,0.452198207,-1,-1,-1,1,0.329844236,0.203894039,0.107936641,1,1,0,0,0
52.85,1.68418472,-1.97498606,78.9363357,0.0718986545,0.121520183,FollowWall,following_right_wall,0,14,42,0.452198207,-1,-1,-1,1,0.329844236,0.20783059,0.107936641,1,1,0,0,0
52.9,1.68485783,-1.97148327,79.3085771,0.0728849129,0.106726307,FollowWall,following_right_wall,0,14,42,0.45576483,-1,-1,-1,1,0.326946795,0.211776155,0.107936641,1,1,0,0,0
52.95,1.6855149,-1.96794464,79.653113,0.0728849129,0.106726307,FollowWall,following_right_wall,0,14,42,0.45576483,-1,-1,-1,1,0.326946795,0.215728993,0.107936641,1,1,0,0,0
53,1.6861545,-1.96438371,79.9814874,0.0737450427,0.0938243593,FollowWall,following_right_wall,0,14,42,0.458702385,-1,-1,-1,1,0.324364632,0.219688622,0.107936641,1,1,0,0,0
53.05,1.68677941,-1.96079084,80.2850338,0.0737450427,0.0938243593,FollowWall,following_right_wall,0,14,42,0.458702385,-1,-1,-1,1,0.324364632,0.223653428,0.107936641,1,1,0,0,0
53.1,1.68738853,-1.95717817,80.5740971,0.0744916929,0.0826246067,FollowWall,following_right_wall,0,14,42,0.461257219,-1,-1,-1,1,0.32211557,0.227623304,0.107936641,1,1,0,0,0
53.15,1.6879842,-1.95353754,80.8413432,0.0744916929,0.0826246067,FollowWall,following_right_wall,0,14,42,0.461257219,-1,-1,-1,1,0.32211557,0.231596795,0.107936641,1,1,0,0,0
53.2,1.68856562,-1.9498796,81.0958626,0.0750865781,0.0737013292,FollowWall,following_right_wall,0,14,42,0.463453531,-1,-1,-1,1,0.320911974,0.235574057,0.107936641,1,1,0,0,0
53.25,1.68913457,-1.94619843,81.3323067,0.0750865781,0.0737013292,FollowWall,following_right_wall,0,14,42,0.463453531,-1,-1,-1,1,0.320911974,0.23955391,0.107936641,1,1,0,0,0
53.3,1.68969048,-1.94250285,81.558207,0.0755980281,0.0660295786,FollowWall,following_right_wall,0,14,42,0.465339959,-1,-1,-1,1,0.319785118,0.243536658,0.107936641,1,1,0,0,0
53.35,1.6902349,-1.93878756,81.7687991,0.0755980281,0.0660295786,FollowWall,following_right_wall,0,14,42,0.465339959,-1,-1,-1,1,0.319785118,0.247521256,0.107936641,1,1,0,0,0
53.4,1.69076742,-1.93506005,81.9704615,0.0760442677,0.0593359842,FollowWall,following_right_wall,0,14,42,0.466959029,-1,-1,-1,1,0.318307042,0.251508094,0.107936641,1,1,0,0,0
53.45,1.69128937,-1.93131554,82.158925,0.0760442677,0.0593359842,FollowWall,following_right_wall,0,14,42,0.466959029,-1,-1,-1,1,0.318307042,0.255496231,0.107936641,1,1,0,0,0
53.5,1.69180045,-1.92756049,82.3396892,0.0763956549,0.0540651761,FollowWall,following_right_wall,0,14,42,0.468342781,-1,-1,-1,1,0.316865504,0.259486105,0.107936641,1,1,0,0,0
53.55,1.6923017,-1.92379146,82.5096705,0.0763956549,0.0540651761,FollowWall,following_right_wall,0,14,42,0.468342781,-1,-1,-1,1,0.316865504,0.263476981,0.107936641,1,1,0,0,0
53.6,1.69279291,-1.92001372,82.6733618,0.0766942667,0.0495859993,FollowWall,following_right_wall,0,14,42,0.469532847,-1,-1,-1,1,0.315361738,0.267469287,0.107936641,1,1,0,0,0
53.65,1.69327495,-1.91622423,82.8280374,0.0766942667,0.0495859993,FollowWall,following_right_wall,0,14,42,0.469532847,-1,-1,-1,1,0.315361738,0.271462375,0.107936641,1,1,0,0,0
53.7,1.69374768,-1.9124274,82.9774537,0.0769600261,0.0455996089,FollowWall,following_right_wall,0,14,42,0.470563829,-1,-1,-1,1,0.314230889,0.275456657,0.107936641,1,1,0,0,0
53.75,1.69421187,-1.90862035,83.1190437,0.0769600261,0.0455996089,FollowWall,following_right_wall,0,14,42,0.470563829,-1,-1,-1,1,0.314230889,0.279451527,0.107936641,1,1,0,0,0
53.8,1.69466744,-1.9048069,83.2560684,0.0771977798,0.0420333036,FollowWall,following_right_wall,0,14,42,0.471457988,-1,-1,-1,1,0.312997401,0.283447384,0.107936641,1,1,0,0,0
53.85,1.69511505,-1.9009844,83.3861731,0.0771977798,0.0420333036,FollowWall,following_right_wall,0,14,42,0.471457988,-1,-1,-1,1,0.312997401,0.28744367,0.107936641,1,1,0,0,0
53.9,1.69555465,-1.89715624,83.512241,0.0774110011,0.0388349832,FollowWall,following_right_wall,0,14,42,0.472230941,-1,-1,-1,1,0.311865628,0.291440769,0.107936641,1,1,0,0,0
53.95,1.69598684,-1.89332002,83.6321365,0.0774110011,0.0388349832,FollowWall,following_right_wall,0,14,42,0.472230941,-1,-1,-1,1,0.311865628,0.295438169,0.107936641,1,1,0,0,0
54,1.69641158,-1.88947874,83.7484314,0.0776025207,0.0359621891,FollowWall,following_right_wall,0,14,42,0.472895116,-1,-1,-1,1,0.310764939,0.299436241,0.107936641,1,1,0,0,0
54.05,1.6968294,-1.88563024,83.8591968,0.0776025207,0.0359621891,FollowWall,following_right_wall,0,14,42,0.472895116,-1,-1,-1,1,0.310764939,0.303434514,0.107936641,1,1,0,0,0
54.1,1.69724029,-1.88177721,83.9667366,0.0777747128,0.0333793074,FollowWall,following_right_wall,0,14,42,0.47346127,-1,-1,-1,1,0.309712112,0.307433342,0.107936641,1,1,0,0,0
54.15,1.69764472,-1.8779177,84.0693118,0.0777747128,0.0333793074,FollowWall,following_right_wall,0,14,42,0.47346127,-1,-1,-1,1,0.309712112,0.311432296,0.107936641,1,1,0,0,0
54.2,1.69804267,-1.87405412,84.1689909,0.0779759076,0.0303613863,FollowWall,following_right_wall,0,14,42,0.473939031,-1,-1,-1,1,0.308854103,0.315431712,0.107936641,1,1,0,0,0
54.25,1.69843471,-1.87018375,84.2633783,0.0779759076,0.0303613863,FollowWall,following_right_wall,0,14,42,0.473939031,-1,-1,-1,1,0.308854103,0.319431019,0.107936641,1,1,0,0,0
54.3,1.69882082,-1.86630917,84.3546789,0.0781622928,0.0275656087,FollowWall,following_right_wall,0,14,42,0.474317342,-1,-1,-1,1,0.308033973,0.323430599,0.107936641,1,1,0,0,0
54.35,1.69920152,-1.86242805,84.4408415,0.0781622928,0.0275656087,FollowWall,following_right_wall,0,14,42,0.474317342,-1,-1,-1,1,0.308033973,0.327429944,0.107936641,1,1,0,0,0
54.4,1.69957682,-1.85854291,84.5240071,0.0783275211,0.0250871839,FollowWall,following_right_wall,0,14,42,0.474591792,-1,-1,-1,1,0.307265311,0.331429442,0.107936641,1,1,0,0,0
54.45,1.69994716,-1.85465178,84.602466,0.0783275211,0.0250871839,FollowWall,following_right_wall,0,14,42,0.474591792,-1,-1,-1,1,0.307265311,0.335428659,0.107936641,1,1,0,0,0
54.5,1.70031256,-1.85075698,84.6781793,0.0784731333,0.0229030003,FollowWall,following_right_wall,0,14,42,0.474767625,-1,-1,-1,1,0.306549519,0.339427964,0.107936641,1,1,0,0,0
54.55,1.70067341,-1.84685684,84.7496838,0.0784731333,0.0229030003,FollowWall,following_right_wall,0,14,42,0.474767625,-1,-1,-1,1,0.306549519,0.343426978,0.107936641,1,1,0,0,0
54.6,1.70102974,-1.84295341,84.8187333,0.0786011654,0.0209825197,FollowWall,following_right_wall,0,14,42,0.474853963,-1,-1,-1,1,0.305697203,0.347426044,0.107936641,1,1,0,0,0
54.65,1.70138187,-1.83904525,84.8840581,0.0786011654,0.0209825197,FollowWall,following_right_wall,0,14,42,0.474853963,-1,-1,-1,1,0.305697203,0.35142483,0.107936641,1,1,0,0,0
54.7,1.70172985,-1.83513418,84.9472103,0.0787136494,0.0192952593,FollowWall,following_right_wall,0,14,42,0.474860758,-1,-1,-1,1,0.304952979,0.355423647,0.107936641,1,1,0,0,0
54.75,1.70207396,-1.83121894,85.0070811,0.0787136494,0.0192952593,FollowWall,following_right_wall,0,14,42,0.474860758,-1,-1,-1,1,0.304952979,0.359422202,0.107936641,1,1,0,0,0
54.8,1.70241424,-1.82730112,85.0650378,0.0787910769,0.0181338467,FollowWall,following_right_wall,0,14,42,0.474797606,-1,-1,-1,1,0.304223567,0.363420778,0.107936641,1,1,0,0,0
54.85,1.7027509,-1.82338007,85.1204915,0.0787910769,0.0181338467,FollowWall,following_right_wall,0,14,42,0.474797606,-1,-1,-1,1,0.304223567,0.367419207,0.107936641,1,1,0,0,0
54.9,1.70308395,-1.81945701,85.1744852,0.0788475324,0.0172870139,FollowWall,following_right_wall,0,14,42,0.474682838,-1,-1,-1,1,0.303508341,0.37141771,0.107936641,1,1,0,0,0
54.95,1.70341354,-1.81553148,85.2266164,0.0788475324,0.0172870139,FollowWall,following_right_wall,0,14,42,0.474682838,-1,-1,-1,1,0.303508341,0.375416168,0.107936641,1,1,0,0,0
55,1.70373971,-1.81160439,85.2776611,0.0788971502,0.0165427465,FollowWall,following_right_wall,0,14,42,0.474534065,-1,-1,-1,1,0.302806914,0.37941475,0.107936641,1,1,0,0,0
55.05,1.70406258,-1.80767526,85.3271836,0.0788971502,0.0165427465,FollowWall,following_right_wall,0,14,42,0.474534065,-1,-1,-1,1,0.302806914,0.383413331,0.107936641,1,1,0,0,0
55.1,1.70438216,-1.80374482,85.3758182,0.0789415151,0.0158772728,FollowWall,following_right_wall,0,14,42,0.474361509,-1,-1,-1,1,0.302118897,0.387412052,0.107936641,1,1,0,0,0
55.15,1.70469858,-1.79981259,85.4231405,0.0789415151,0.0158772728,FollowWall,following_right_wall,0,14,42,0.474361509,-1,-1,-1,1,0.302118897,0.391410794,0.107936641,1,1,0,0,0
55.2,1.70501184,-1.79587922,85.4696973,0.0789815604,0.0152765945,FollowWall,following_right_wall,0,14,42,0.474170893,-1,-1,-1,1,0.301443875,0.395409678,0.107936641,1,1,0,0,0
55.25,1.70532206,-1.79194424,85.5150905,0.0789815604,0.0152765945,FollowWall,following_right_wall,0,14,42,0.474170893,-1,-1,-1,1,0.301443875,0.399408594,0.107936641,1,1,0,0,0
55.3,1.70562924,-1.78800824,85.5598049,0.0790178923,0.0147316155,FollowWall,following_right_wall,0,14,42,0.473965943,-1,-1,-1,1,0.300781399,0.40340765,0.107936641,1,1,0,0,0
55.35,1.70593348,-1.78407079,85.6034729,0.0790178923,0.0147316155,FollowWall,following_right_wall,0,14,42,0.473965943,-1,-1,-1,1,0.300781399,0.407406744,0.107936641,1,1,0,0,0
55.4,1.70623479,-1.7801324,85.6465305,0.0790509866,0.0142352003,FollowWall,following_right_wall,0,14,42,0.473749399,-1,-1,-1,1,0.300140798,0.411405976,0.107936641,1,1,0,0,0
55.45,1.70653326,-1.77619268,85.6886394,0.0790509866,0.0142352003,FollowWall,following_right_wall,0,14,42,0.473749399,-1,-1,-1,1,0.300140798,0.41540525,0.107936641,1,1,0,0,0
55.5,1.70682891,-1.77225211,85.730195,0.079081237,0.0137814455,FollowWall,following_right_wall,0,14,42,0.473523468,-1,-1,-1,1,0.299524337,0.419404658,0.107936641,1,1,0,0,0
55.55,1.70712179,-1.76831032,85.7708861,0.079081237,0.0137814455,FollowWall,following_right_wall,0,14,42,0.473523468,-1,-1,-1,1,0.299524337,0.423404111,0.107936641,1,1,0,0,0
55.6,1.70741194,-1.76436774,85.811073,0.0791089548,0.0133656774,FollowWall,following_right_wall,0,14,42,0.473290026,-1,-1,-1,1,0.298865467,0.427403694,0.107936641,1,1,0,0,0
55.65,1.70769942,-1.76042405,85.8504695,0.0791089548,0.0133656774,FollowWall,following_right_wall,0,14,42,0.473290026,-1,-1,-1,1,0.298865467,0.431403325,0.107936641,1,1,0,0,0
55.7,1.70798424,-1.75647962,85.8894048,0.0791344503,0.0129832449,FollowWall,following_right_wall,0,14,42,0.473050714,-1,-1,-1,1,0.298249513,0.435403083,0.107936641,1,1,0,0,0
55.75,1.70826647,-1.75253416,85.9276147,0.0791344503,0.0129832449,FollowWall,following_right_wall,0,14,42,0.473050714,-1,-1,-1,1,0.298249513,0.439402891,0.107936641,1,1,0,0,0
55.8,1.70854611,-1.74858802,85.9654015,0.0791579476,0.012630786,FollowWall,following_right_wall,0,14,42,0.472806931,-1,-1,-1,1,0.297644436,0.443402822,0.107936641,1,1,0,0,0
55.85,1.70882323,-1.74464093,86.0025206,0.0791579476,0.012630786,FollowWall,following_right_wall,0,14,42,0.472806931,-1,-1,-1,1,0.297644436,0.447402805,0.107936641,1,1,0,0,0
55.9,1.70909783,-1.7406932,86.0392503,0.0791796876,0.0123046854,FollowWall,following_right_wall,0,14,42,0.472559899,-1,-1,-1,1,0.29704994,0.451402908,0.107936641,1,1,0,0,0
55.95,1.70936998,-1.73674459,86.0753636,0.0791796876,0.0123046854,FollowWall,following_right_wall,0,14,42,0.472559899,-1,-1,-1,1,0.29704994,0.455403064,0.107936641,1,1,0,0,0
56,1.70963968,-1.73279539,86.1111174,0.0791998571,0.0120021442,FollowWall,following_right_wall,0,14,42,0.472310752,-1,-1,-1,1,0.296457171,0.459403336,0.107936641,1,1,0,0,0
56.05,1.70990697,-1.72884536,86.1463002,0.0791998571,0.0120021442,FollowWall,following_right_wall,0,14,42,0.472310752,-1,-1,-1,1,0.296457171,0.463403663,0.107936641,1,1,0,0,0
56.1,1.71017188,-1.72489478,86.1811501,0.0792186295,0.0117205579,FollowWall,following_right_wall,0,14,42,0.472060442,-1,-1,-1,1,0.295750767,0.467404103,0.107936641,1,1,0,0,0
56.15,1.71043445,-1.72094343,86.2154695,0.0792186295,0.0117205579,FollowWall,following_right_wall,0,14,42,0.472060442,-1,-1,-1,1,0.295750767,0.471404598,0.107936641,1,1,0,0,0
56.2,1.71069468,-1.71699156,86.2494796,0.0792361657,0.011457515,FollowWall,following_right_wall,0,14,42,0.471809804,-1,-1,-1,1,0.295058072,0.475405203,0.107936641,1,1,0,0,0
56.25,1.71095262,-1.71303897,86.2829952,0.0792361657,0.011457515,FollowWall,following_right_wall,0,14,42,0.471809804,-1,-1,-1,1,0.295058072,0.479405864,0.107936641,1,1,0,0,0
56.3,1.71120828,-1.70908589,86.3162224,0.079252596,0.0112110604,FollowWall,following_right_wall,0,14,42,0.471559584,-1,-1,-1,1,0.294378638,0.483406632,0.107936641,1,1,0,0,0
56.35,1.7114617,-1.70513212,86.3489871,0.079252596,0.0112110604,FollowWall,following_right_wall,0,14,42,0.471559584,-1,-1,-1,1,0.294378638,0.487407455,0.107936641,1,1,0,0,0
56.4,1.71171289,-1.7011779,86.3814821,0.0792680503,0.0109792457,FollowWall,following_right_wall,0,14,42,0.471310437,-1,-1,-1,1,0.293763757,0.491408382,0.107936641,1,1,0,0,0
56.45,1.71196188,-1.69722304,86.413543,0.0792680503,0.0109792457,FollowWall,following_right_wall,0,14,42,0.471310437,-1,-1,-1,1,0.293763757,0.495409364,0.107936641,1,1,0,0,0
56.5,1.71220869,-1.69326774,86.4453507,0.0792826156,0.0107607667,FollowWall,following_right_wall,0,14,42,0.471062899,-1,-1,-1,1,0.293336332,0.499410447,0.107936641,1,1,0,0,0
56.55,1.71245334,-1.68931183,86.4767499,0.0792826156,0.0107607667,FollowWall,following_right_wall,0,14,42,0.471062899,-1,-1,-1,1,0.293336332,0.503411585,0.107936641,1,1,0,0,0
56.6,1.71269585,-1.68535552,86.5079108,0.0792964098,0.0105538525,FollowWall,following_right_wall,0,14,42,0.470817477,-1,-1,-1,1,0.292916983,0.507412821,0.107936641,1,1,0,0,0
56.65,1.71293625,-1.68139862,86.5386858,0.0792964098,0.0105538525,FollowWall,following_right_wall,0,14,42,0.470817477,-1,-1,-1,1,0.292916983,0.51141411,0.107936641,1,1,0,0,0
56.7,1.71317455,-1.67744134,86.5692356,0.0793309552,0.0100356721,FollowWall,following_right_wall,0,14,42,0.470574558,-1,-1,-1,1,0.292505533,0.515415495,0.107936641,1,1,0,0,0
56.75,1.71341081,-1.67348305,86.5990355,0.0793309552,0.0100356721,FollowWall,following_right_wall,0,14,42,0.470574558,-1,-1,-1,1,0.292505533,0.519416822,0.107936641,1,1,0,0,0
56.8,1.71364506,-1.66952414,86.6283979,0.0793657639,0.00951354193,FollowWall,following_right_wall,0,14,42,0.470324725,-1,-1,-1,1,0.292101413,0.523418176,0.107936641,1,1,0,0,0
56.85,1.71387738,-1.66556409,86.656882,0.0793657639,0.00951354193,FollowWall,following_right_wall,0,14,42,0.470324725,-1,-1,-1,1,0.292101413,0.527419425,0.107936641,1,1,0,0,0
56.9,1.71410777,-1.66160334,86.6848537,0.0793975959,0.00903606115,FollowWall,following_right_wall,0,14,42,0.470061928,-1,-1,-1,1,0.291639358,0.531420668,0.107936641,1,1,0,0,0
56.95,1.71433632,-1.65764146,86.7119565,0.0793975959,0.00903606115,FollowWall,following_right_wall,0,14,42,0.470061928,-1,-1,-1,1,0.291639358,0.535421797,0.107936641,1,1,0,0,0
57,1.71456305,-1.65367889,86.7385525,0.079426351,0.00860473542,FollowWall,following_right_wall,0,14,42,0.469784975,-1,-1,-1,1,0.291145414,0.53942291,0.107936641,1,1,0,0,0
57.05,1.71478802,-1.64971527,86.7643379,0.079426351,0.00860473542,FollowWall,following_right_wall,0,14,42,0.469784975,-1,-1,-1,1,0.291145414,0.543423916,0.107936641,1,1,0,0,0
57.1,1.71501126,-1.645751,86.7896506,0.0794522145,0.00821678277,FollowWall,following_right_wall,0,14,42,0.46949476,-1,-1,-1,1,0.290658385,0.547424907,0.107936641,1,1,0,0,0
57.15,1.71523281,-1.64178578,86.8142244,0.0794522145,0.00821678277,FollowWall,following_right_wall,0,14,42,0.46949476,-1,-1,-1,1,0.290658385,0.5514258,0.107936641,1,1,0,0,0
57.2,1.71545271,-1.63781996,86.8383671,0.0794754328,0.00786850857,FollowWall,following_right_wall,0,14,42,0.469192773,-1,-1,-1,1,0.290173352,0.555426682,0.107936641,1,1,0,0,0
57.25,1.715671,-1.63385328,86.8618428,0.0794754328,0.00786850857,FollowWall,following_right_wall,0,14,42,0.469192773,-1,-1,-1,1,0.290173352,0.559427479,0.107936641,1,1,0,0,0
57.3,1.71588771,-1.62988606,86.8849292,0.0794963028,0.00755545752,FollowWall,following_right_wall,0,14,42,0.468880683,-1,-1,-1,1,0.289676249,0.563428269,0.107936641,1,1,0,0,0
57.35,1.71610287,-1.62591805,86.907415,0.0794963028,0.00755545752,FollowWall,following_right_wall,0,14,42,0.468880683,-1,-1,-1,1,0.289676249,0.567428986,0.107936641,1,1,0,0,0
57.4,1.71631652,-1.62194955,86.9295503,0.0795150798,0.00727380339,FollowWall,following_right_wall,0,14,42,0.4685601,-1,-1,-1,1,0.289186597,0.571429699,0.107936641,1,1,0,0,0
57.45,1.71652868,-1.61798034,86.9511451,0.0795150798,0.00727380339,FollowWall,following_right_wall,0,14,42,0.4685601,-1,-1,-1,1,0.289186597,0.575430351,0.107936641,1,1,0,0,0
57.5,1.71673937,-1.61401069,86.9724245,0.0795320167,0.00701974921,FollowWall,following_right_wall,0,14,42,0.468232512,-1,-1,-1,1,0.288704038,0.579431003,0.107936641,1,1,0,0,0
57.55,1.71694864,-1.61004039,86.9932167,0.0795320167,0.00701974921,FollowWall,following_right_wall,0,14,42,0.468232512,-1,-1,-1,1,0.288704038,0.583431603,0.107936641,1,1,0,0,0
57.6,1.7171565,-1.60606969,87.0137247,0.0795473176,0.00679023543,FollowWall,following_right_wall,0,14,42,0.467899203,-1,-1,-1,1,0.288228154,0.587432209,0.107936641,1,1,0,0,0
57.65,1.71736297,-1.60209841,87.0337929,0.0795473176,0.00679023543,FollowWall,following_right_wall,0,14,42,0.467899203,-1,-1,-1,1,0.288228154,0.59143277,0.107936641,1,1,0,0,0
57.7,1.71756808,-1.59812675,87.0536046,0.0795611683,0.00658247619,FollowWall,following_right_wall,0,14,42,0.467561364,-1,-1,-1,1,0.287758678,0.59543334,0.107936641,1,1,0,0,0
57.75,1.71777185,-1.59415456,87.0730187,0.0795611683,0.00658247619,FollowWall,following_right_wall,0,14,42,0.467561364,-1,-1,-1,1,0.287758678,0.599433874,0.107936641,1,1,0,0,0
57.8,1.7179743,-1.59018204,87.0922009,0.0795737532,0.00639370218,FollowWall,following_right_wall,0,14,42,0.467219979,-1,-1,-1,1,0.287295282,0.603434419,0.107936641,1,1,0,0,0
57.85,1.71817545,-1.58620903,87.1110224,0.0795737532,0.00639370218,FollowWall,following_right_wall,0,14,42,0.467219979,-1,-1,-1,1,0.287295282,0.607434935,0.107936641,1,1,0,0,0
57.9,1.71837532,-1.58223571,87.1296335,0.0795735381,0.00639692903,FollowWall,following_right_wall,0,14,42,0.466876,-1,-1,-1,1,0.286837727,0.611435464,0.107936641,1,1,0,0,0
57.95,1.7185739,-1.57826218,87.1481257,0.0795735381,0.00639692903,FollowWall,following_right_wall,0,14,42,0.466876,-1,-1,-1,1,0.286837727,0.615436034,0.107936641,1,1,0,0,0
58,1.71877122,-1.57428851,87.1665487,0.0795654422,0.00651836773,FollowWall,following_right_wall,0,14,42,0.466535628,-1,-1,-1,1,0.286385447,0.619436658,0.107936641,1,1,0,0,0
58.05,1.71896724,-1.5703149,87.1850761,0.0795654422,0.00651836773,FollowWall,following_right_wall,0,14,42,0.466535628,-1,-1,-1,1,0.286385447,0.623437387,0.107936641,1,1,0,0,0
58.1,1.71916197,-1.5663413,87.2036645,0.0795581211,0.00662818381,FollowWall,following_right_wall,0,14,42,0.466205955,-1,-1,-1,1,0.285937905,0.62743821,0.107936641,1,1,0,0,0
58.15,1.7193554,-1.56236783,87.2224195,0.0795581211,0.00662818381,FollowWall,following_right_wall,0,14,42,0.466205955,-1,-1,-1,1,0.285937905,0.631439157,0.107936641,1,1,0,0,0
58.2,1.71954752,-1.55839441,87.2412718,0.0795519975,0.00672003764,FollowWall,following_right_wall,0,14,42,0.46589002,-1,-1,-1,1,0.285531133,0.635440209,0.107936641,1,1,0,0,0
58.25,1.71973832,-1.55442111,87.2602904,0.0795519975,0.00672003764,FollowWall,following_right_wall,0,14,42,0.46589002,-1,-1,-1,1,0.285531133,0.639441386,0.107936641,1,1,0,0,0
58.3,1.71992779,-1.55044787,87.279406,0.0795471325,0.00679301282,FollowWall,following_right_wall,0,14,42,0.465588331,-1,-1,-1,1,0.285152823,0.643442667,0.107936641,1,1,0,0,0
58.35,1.72011592,-1.54647473,87.2986654,0.0795471325,0.00679301282,FollowWall,following_right_wall,0,14,42,0.465588331,-1,-1,-1,1,0.285152823,0.647444068,0.107936641,1,1,0,0,0
58.4,1.7203027,-1.54250163,87.3180086,0.0795434606,0.0068480915,FollowWall,following_right_wall,0,14,42,0.465300441,-1,-1,-1,1,0.284779012,0.651445569,0.107936641,1,1,0,0,0
58.45,1.72048814,-1.53852859,87.3374664,0.0795434606,0.0068480915,FollowWall,following_right_wall,0,14,42,0.465300441,-1,-1,-1,1,0.284779012,0.65544718,0.107936641,1,1,0,0,0
58.5,1.72067222,-1.53455557,87.3569911,0.0795408848,0.00688672817,FollowWall,following_right_wall,0,14,42,0.465025634,-1,-1,-1,1,0.28440091,0.659448887,0.107936641,1,1,0,0,0
58.55,1.72085494,-1.53058259,87.376601,0.0795408848,0.00688672817,FollowWall,following_right_wall,0,14,42,0.465025634,-1,-1,-1,1,0.28440091,0.663450696,0.107936641,1,1,0,0,0
58.6,1.72103629,-1.5266096,87.3962605,0.0795392681,0.00691097886,FollowWall,following_right_wall,0,14,42,0.464763075,-1,-1,-1,1,0.284045279,0.667452594,0.107936641,1,1,0,0,0
58.65,1.72121628,-1.52263662,87.4159779,0.0795392681,0.00691097886,FollowWall,following_right_wall,0,14,42,0.464763075,-1,-1,-1,1,0.284045279,0.671454585,0.107936641,1,1,0,0,0
58.7,1.7213949,-1.51866361,87.4357291,0.0795385182,0.00692222742,FollowWall,following_right_wall,0,14,42,0.464511991,-1,-1,-1,1,0.283685565,0.675456661,0.107936641,1,1,0,0,0
58.75,1.72157214,-1.51469058,87.4555134,0.0795385182,0.00692222742,FollowWall,following_right_wall,0,14,42,0.464511991,-1,-1,-1,1,0.283685565,0.67945882,0.107936641,1,1,0,0,0
58.8,1.72174801,-1.51071752,87.4753171,0.0795385227,0.00692215954,FollowWall,following_right_wall,0,14,42,0.464271665,-1,-1,-1,1,0.283313036,0.68346106,0.107936641,1,1,0,0,0
58.85,1.72192251,-1.5067444,87.4951319,0.0795385227,0.00692215954,FollowWall,following_right_wall,0,14,42,0.464271665,-1,-1,-1,1,0.283313036,0.687463376,0.107936641,1,1,0,0,0
58.9,1.72209563,-1.50277124,87.5149533,0.0795391956,0.00691206616,FollowWall,following_right_wall,0,14,42,0.464041382,-1,-1,-1,1,0.28298074,0.691465767,0.107936641,1,1,0,0,0
58.95,1.72226738,-1.498798,87.5347664,0.0795391956,0.00691206616,FollowWall,following_right_wall,0,14,42,0.464041382,-1,-1,-1,1,0.28298074,0.695468228,0.107936641,1,1,0,0,0
59,1.72243775,-1.4948247,87.5545748,0.07954045,0.00689324994,FollowWall,following_right_wall,0,14,42,0.463820606,-1,-1,-1,1,0.282594442,0.699470759,0.107936641,1,1,0,0,0
59.05,1.72260676,-1.49085131,87.5743579,0.07954045,0.00689324994,FollowWall,following_right_wall,0,14,42,0.463820606,-1,-1,-1,1,0.282594442,0.703473353,0.107936641,1,1,0,0,0
59.1,1.72277439,-1.48687785,87.5941262,0.079549235,0.00676147476,FollowWall,following_right_wall,0,14,42,0.463608772,-1,-1,-1,1,0.282190502,0.707476014,0.107936641,1,1,0,0,0
59.15,1.72294066,-1.48290413,87.6137286,0.079549235,0.00676147476,FollowWall,following_right_wall,0,14,42,0.463608772,-1,-1,-1,1,0.282190502,0.711478692,0.107936641,1,1,0,0,0
59.2,1.72310559,-1.47893025,87.6332343,0.0795654301,0.00651854914,FollowWall,following_right_wall,0,14,42,0.463402063,-1,-1,-1,1,0.281831563,0.715481408,0.107936641,1,1,0,0,0
59.25,1.72326919,-1.47495591,87.6523936,0.0795654301,0.00651854914,FollowWall,following_right_wall,0,14,42,0.463402063,-1,-1,-1,1,0.281831563,0.719484082,0.107936641,1,1,0,0,0
59.3,1.72343147,-1.47098128,87.6713508,0.0795808916,0.00628662598,FollowWall,following_right_wall,0,14,42,0.463194877,-1,-1,-1,1,0.281478256,0.723486758,0.107936641,1,1,0,0,0
59.35,1.72359248,-1.46700614,87.6899132,0.0795808916,0.00628662598,FollowWall,following_right_wall,0,14,42,0.463194877,-1,-1,-1,1,0.281478256,0.727489374,0.107936641,1,1,0,0,0
59.4,1.72375221,-1.46303067,87.7082454,0.0795793607,0.00630958996,FollowWall,following_right_wall,0,14,42,0.462984622,-1,-1,-1,1,0.281130254,0.731491978,0.107936641,1,1,0,0,0
59.45,1.72391069,-1.45905504,87.7264707,0.0795793607,0.00630958996,FollowWall,following_right_wall,0,14,42,0.462984622,-1,-1,-1,1,0.281130254,0.735494611,0.107936641,1,1,0,0,0
59.5,1.7240679,-1.45507928,87.7446337,0.0795740689,0.006388966,FollowWall,following_right_wall,0,14,42,0.462778211,-1,-1,-1,1,0.280787826,0.739497284,0.107936641,1,1,0,0,0
59.55,1.72422384,-1.45110354,87.762855,0.0795740689,0.006388966,FollowWall,following_right_wall,0,14,42,0.462778211,-1,-1,-1,1,0.280787826,0.743500036,0.107936641,1,1,0,0,0
59.6,1.72437852,-1.44712778,87.7811104,0.0795694934,0.00645759907,FollowWall,following_right_wall,0,14,42,0.462581635,-1,-1,-1,1,0.280451208,0.747502859,0.107936641,1,1,0,0,0
59.65,1.72453193,-1.4431521,87.7994675,0.0795694934,0.00645759907,FollowWall,following_right_wall,0,14,42,0.462581635,-1,-1,-1,1,0.280451208,0.751505774,0.107936641,1,1,0,0,0
59.7,1.72468406,-1.43917644,87.8178841,0.0795658978,0.00651153296,FollowWall,following_right_wall,0,14,42,0.462397039,-1,-1,-1,1,0.280120581,0.755508769,0.107936641,1,1,0,0,0
59.75,1.7248349,-1.43520085,87.8363996,0.0795658978,0.00651153296,FollowWall,following_right_wall,0,14,42,0.462397039,-1,-1,-1,1,0.280120581,0.759511855,0.107936641,1,1,0,0,0
59.8,1.72498445,-1.43122527,87.8549729,0.0795633159,0.00655026133,FollowWall,following_right_wall,0,14,42,0.462224752,-1,-1,-1,1,0.279795945,0.76351502,0.107936641,1,1,0,0,0
59.85,1.72513271,-1.42724974,87.8736261,0.0795633159,0.00655026133,FollowWall,following_right_wall,0,14,42,0.462224752,-1,-1,-1,1,0.279795945,0.767518269,0.107936641,1,1,0,0,0
59.9,1.72527966,-1.42327421,87.892326,0.0795617071,0.00657439314,FollowWall,following_right_wall,0,14,42,0.462064326,-1,-1,-1,1,0.279477358,0.771521594,0.107936641,1,1,0,0,0
59.95,1.72542532,-1.4192987,87.9110818,0.0795617071,0.00657439314,FollowWall,following_right_wall,0,14,42,0.462064326,-1,-1,-1,1,0.279477358,0.775524995,0.107936641,1,1,0,0,0
60,1.72556967,-1.41532318,87.9298703,0.0795609732,0.00658540241,FollowWall,following_right_wall,0,14,42,0.461915135,-1,-1,-1,1,0.279164821,0.779528466,0.107936641,1,1,0,0,0
60.05,1.72571272,-1.41134765,87.9486911,0.0795609732,0.00658540241,FollowWall,following_right_wall,0,14,42,0.461915135,-1,-1,-1,1,0.279164821,0.783532005,0.107936641,1,1,0,0,0
60.1,1.72585446,-1.4073721,87.9675306,0.0795618658,0.00657201316,FollowWall,following_right_wall,0,14,42,0.461776465,-1,-1,-1,1,0.278858304,0.787535609,0.107936641,1,1,0,0,0
60.15,1.72599489,-1.40339649,87.986365,0.0795618658,0.00657201316,FollowWall,following_right_wall,0,14,42,0.461776465,-1,-1,-1,1,0.278858304,0.791539269,0.107936641,1,1,0,0,0
60.2,1.72613402,-1.39942084,88.0051966,0.0795676257,0.00648561472,FollowWall,following_right_wall,0,14,42,0.461647242,-1,-1,-1,1,0.278557777,0.795542986,0.107936641,1,1,0,0,0
60.25,1.72627185,-1.39544502,88.0239233,0.0795676257,0.00648561472,FollowWall,following_right_wall,0,14,42,0.461647242,-1,-1,-1,1,0.278557777,0.799546725,0.107936641,1,1,0,0,0
60.3,1.72640838,-1.39146908,88.0425888,0.0795736339,0.00639549159,FollowWall,following_right_wall,0,14,42,0.461524636,-1,-1,-1,1,0.278263032,0.803550499,0.107936641,1,1,0,0,0
60.35,1.72654363,-1.38749293,88.0611111,0.0795736339,0.00639549159,FollowWall,following_right_wall,0,14,42,0.461524636,-1,-1,-1,1,0.278263032,0.807554282,0.107936641,1,1,0,0,0
60.4,1.72667759,-1.38351664,88.0795498,0.0795796574,0.00630513951,FollowWall,following_right_wall,0,14,42,0.461406946,-1,-1,-1,1,0.27797395,0.811558091,0.107936641,1,1,0,0,0
60.45,1.7268103,-1.37954013,88.0978319,0.0795796574,0.00630513951,FollowWall,following_right_wall,0,14,42,0.461406946,-1,-1,-1,1,0.27797395,0.815561903,0.107936641,1,1,0,0,0
60.5,1.72694173,-1.37556346,88.1160227,0.0795856271,0.00621559374,FollowWall,following_right_wall,0,14,42,0.461293519,-1,-1,-1,1,0.27769044,0.819565736,0.107936641,1,1,0,0,0
60.55,1.72707192,-1.37158657,88.1340533,0.0795856271,0.00621559374,FollowWall,following_right_wall,0,14,42,0.461293519,-1,-1,-1,1,0.27769044,0.823569569,0.107936641,1,1,0,0,0
60.6,1.72720086,-1.36760953,88.1519905,0.0795915134,0.00612729851,FollowWall,following_right_wall,0,14,42,0.461184084,-1,-1,-1,1,0.277412415,0.827573422,0.107936641,1,1,0,0,0
60.65,1.72732857,-1.36363227,88.1697678,0.0795915134,0.00612729851,FollowWall,following_right_wall,0,14,42,0.461184084,-1,-1,-1,1,0.277412415,0.831577271,0.107936641,1,1,0,0,0
60.7,1.72745505,-1.35965486,88.1874518,0.0795973002,0.00604049761,FollowWall,following_right_wall,0,14,42,0.461078435,-1,-1,-1,1,0.277139783,0.835581139,0.107936641,1,1,0,0,0
60.75,1.72758032,-1.35567722,88.2049777,0.0795973002,0.00604049761,FollowWall,following_right_wall,0,14,42,0.461078435,-1,-1,-1,1,0.277139783,0.839585003,0.107936641,1,1,0,0,0
60.8,1.72770437,-1.35169944,88.2224115,0.0796029966,0.00595505104,FollowWall,following_right_wall,0,14,42,0.460976571,-1,-1,-1,1,0.276872456,0.843588884,0.107936641,1,1,0,0,0
60.85,1.72782723,-1.34772144,88.2396896,0.0796029966,0.00595505104,FollowWall,following_right_wall,0,14,42,0.460976571,-1,-1,-1,1,0.276872456,0.84759276,0.107936641,1,1,0,0,0
60.9,1.72794889,-1.3437433,88.2568768,0.0796085938,0.00587109255,FollowWall,following_right_wall,0,14,42,0.460878402,-1,-1,-1,1,0.276610404,0.851596652,0.107936641,1,1,0,0,0
60.95,1.72806937,-1.33976494,88.2739107,0.0796085938,0.00587109255,FollowWall,following_right_wall,0,14,42,0.460878402,-1,-1,-1,1,0.276610404,0.855600537,0.107936641,1,1,0,0,0
61,1.72818868,-1.33578645,88.2908553,0.079614108,0.00578838018,FollowWall,following_right_wall,0,14,42,0.460783899,-1,-1,-1,1,0.276353508,0.859604438,0.107936641,1,1,0,0,0
61.05,1.72830681,-1.33180774,88.307649,0.079614108,0.00578838018,FollowWall,following_right_wall,0,14,42,0.460783899,-1,-1,-1,1,0.276353508,0.863608332,0.107936641,1,1,0,0,0
61.1,1.72842379,-1.3278289,88.3243547,0.0796195431,0.00570685423,FollowWall,following_right_wall,0,14,42,0.460693032,-1,-1,-1,1,0.276101708,0.867612239,0.107936641,1,1,0,0,0
61.15,1.72853962,-1.32384985,88.3409117,0.0796195431,0.00570685423,FollowWall,following_right_wall,0,14,42,0.460693032,-1,-1,-1,1,0.276101708,0.871616139,0.107936641,1,1,0,0,0
61.2,1.7286543,-1.31987066,88.3573821,0.0796318439,0.00552234076,FollowWall,following_right_wall,0,14,42,0.46060577,-1,-1,-1,1,0.275817394,0.875620051,0.107936641,1,1,0,0,0
61.25,1.72876786,-1.31589113,88.3735816,0.0796318439,0.00552234076,FollowWall,following_right_wall,0,14,42,0.46060577,-1,-1,-1,1,0.275817394,0.879623913,0.107936641,1,1,0,0,0
61.3,1.7288803,-1.31191139,88.3896231,0.0796470255,0.00529461795,FollowWall,following_right_wall,0,14,42,0.460518748,-1,-1,-1,1,0.275521576,0.883627761,0.107936641,1,1,0,0,0
61.35,1.72899165,-1.30793119,88.4053006,0.0796470255,0.00529461795,FollowWall,following_right_wall,0,14,42,0.460518748,-1,-1,-1,1,0.275521576,0.887631525,0.107936641,1,1,0,0,0
61.4,1.72910193,-1.30395071,88.4207658,0.0796612344,0.00508148373,FollowWall,following_right_wall,0,14,42,0.460428506,-1,-1,-1,1,0.275232792,0.891635254,0.107936641,1,1,0,0,0
61.45,1.72921116,-1.29996976,88.4358528,0.0796612344,0.00508148373,FollowWall,following_right_wall,0,14,42,0.460428506,-1,-1,-1,1,0.275232792,0.895638891,0.107936641,1,1,0,0,0
61.5,1.72931936,-1.29598853,88.4507191,0.0796743157,0.00488526413,FollowWall,following_right_wall,0,14,42,0.460333794,-1,-1,-1,1,0.274950951,0.899642488,0.107936641,1,1,0,0,0
61.55,1.72942655,-1.29200685,88.4652224,0.0796743157,0.00488526413,FollowWall,following_right_wall,0,14,42,0.460333794,-1,-1,-1,1,0.274950951,0.903645996,0.107936641,1,1,0,0,0
61.6,1.72953274,-1.28802489,88.4795141,0.0796862791,0.00470581345,FollowWall,following_right_wall,0,14,42,0.460234672,-1,-1,-1,1,0.274675816,0.907649465,0.107936641,1,1,0,0,0
61.65,1.72963796,-1.28404252,88.493468,0.0796862791,0.00470581345,FollowWall,following_right_wall,0,14,42,0.460234672,-1,-1,-1,1,0.274675816,0.91165285,0.107936641,1,1,0,0,0
61.7,1.72974223,-1.28005989,88.507225,0.0796972381,0.00454142882,FollowWall,following_right_wall,0,14,42,0.460131586,-1,-1,-1,1,0.274407119,0.9156562,0.107936641,1,1,0,0,0
61.75,1.72984555,-1.27607687,88.5206708,0.0796972381,0.00454142882,FollowWall,following_right_wall,0,14,42,0.460131586,-1,-1,-1,1,0.274407119,0.919659473,0.107936641,1,1,0,0,0
61.8,1.72994796,-1.27209362,88.5339351,0.0797072755,0.00439086706,FollowWall,following_right_wall,0,14,42,0.460025132,-1,-1,-1,1,0.27414453,0.923662713,0.107936641,1,1,0,0,0
61.85,1.73004946,-1.26811002,88.5469139,0.0797072755,0.00439086706,FollowWall,following_right_wall,0,14,42,0.460025132,-1,-1,-1,1,0.27414453,0.927665884,0.107936641,1,1,0,0,0
61.9,1.73015007,-1.26412619,88.559726,0.0797164989,0.00425251684,FollowWall,following_right_wall,0,14,42,0.459915876,-1,-1,-1,1,0.273887753,0.931669026,0.107936641,1,1,0,0,0
61.95,1.73024981,-1.26014205,88.5722758,0.0797164989,0.00425251684,FollowWall,following_right_wall,0,14,42,0.459915876,-1,-1,-1,1,0.273887753,0.935672104,0.107936641,1,1,0,0,0
62,1.73034868,-1.2561577,88.5846726,0.0797250038,0.00412494268,FollowWall,following_right_wall,0,14,42,0.459804386,-1,-1,-1,1,0.27363655,0.939675157,0.107936641,1,1,0,0,0
62.05,1.73044671,-1.25217305,88.5968279,0.0797250038,0.00412494268,FollowWall,following_right_wall,0,14,42,0.459804386,-1,-1,-1,1,0.27363655,0.943678151,0.107936641,1,1,0,0,0
62.1,1.7305439,-1.24818821,88.6088422,0.0797346543,0.00398018564,FollowWall,following_right_wall,0,14,42,0.459691137,-1,-1,-1,1,0.273416281,0.947681122,0.107936641,1,1,0,0,0
62.15,1.73064027,-1.24420306,88.6206016,0.0797346543,0.00398018564,FollowWall,following_right_wall,0,14,42,0.459691137,-1,-1,-1,1,0.273416281,0.951684029,0.107936641,1,1,0,0,0
62.2,1.73073583,-1.24021771,88.6322122,0.079758267,0.00362599454,FollowWall,following_right_wall,0,14,42,0.459575713,-1,-1,-1,1,0.273232818,0.955686909,0.107936641,1,1,0,0,0
62.25,1.73083062,-1.23623176,88.6433133,0.079758267,0.00362599454,FollowWall,following_right_wall,0,14,42,0.459575713,-1,-1,-1,1,0.273232818,0.959689634,0.107936641,1,1,0,0,0
62.3,1.73092465,-1.23224544,88.6541171,0.0797800938,0.00329859264,FollowWall,following_right_wall,0,14,42,0.45945096,-1,-1,-1,1,0.273053139,0.963692278,0.107936641,1,1,0,0,0
62.35,1.73101796,-1.22825844,88.6643568,0.0797800938,0.00329859264,FollowWall,following_right_wall,0,14,42,0.45945096,-1,-1,-1,1,0.273053139,0.967694747,0.107936641,1,1,0,0,0
62.4,1.73111059,-1.22427105,88.6742673,0.0797996776,0.0030048354,FollowWall,following_right_wall,0,14,42,0.459313482,-1,-1,-1,1,0.272877157,0.97169712,0.107936641,1,1,0,0,0
62.45,1.73120255,-1.22028301,88.6836352,0.0797996776,0.0030048354,FollowWall,following_right_wall,0,14,42,0.459313482,-1,-1,-1,1,0.272877157,0.975699323,0.107936641,1,1,0,0,0
62.5,1.73129389,-1.21629459,88.6926866,0.0798170404,0.00274439412,FollowWall,following_right_wall,0,14,42,0.45916307,-1,-1,-1,1,0.272704601,0.979701433,0.107936641,1,1,0,0,0
62.55,1.73138462,-1.21230557,88.7012424,0.0798170404,0.00274439412,FollowWall,following_right_wall,0,14,42,0.45916307,-1,-1,-1,1,0.272704601,0.983703387,0.107936641,1,1,0,0,0
62.6,1.73147478,-1.20831621,88.7095092,0.0798323488,0.00251476775,FollowWall,following_right_wall,0,14,42,0.459000677,-1,-1,-1,1,0.272461414,0.987705255,0.107936641,1,1,0,0,0
62.65,1.73156439,-1.20432632,88.7173333,0.0798323488,0.00251476775,FollowWall,following_right_wall,0,14,42,0.459000677,-1,-1,-1,1,0.272461414,0.991706982,0.107936641,1,1,0,0,0
62.7,1.73165347,-1.20033612,88.7248991,0.0798458343,0.00231248547,FollowWall,following_right_wall,0,14,42,0.458827615,-1,-1,-1,1,0.272247106,0.995708634,0.107936641,1,1,0,0,0
62.75,1.73174204,-1.19634545,88.7320728,0.0798458343,0.00231248547,FollowWall,following_right_wall,0,14,42,0.458827615,-1,-1,-1,1,0.272247106,0.999710161,0.107936641,1,1,0,0,0
62.8,1.73183013,-1.1923545,88.7390178,0.0798577167,0.0021342495,FollowWall,following_right_wall,0,14,42,0.458645225,-1,-1,-1,1,0.272057414,1.00371162,0.107936641,1,1,0,0,0
62.85,1.73191776,-1.18836314,88.7456167,0.0798577167,0.0021342495,FollowWall,following_right_wall,0,14,42,0.458645225,-1,-1,-1,1,0.272057414,1.00771297,0.107936641,1,1,0,0,0
62.9,1.73200494,-1.18437154,88.7520135,0.0798681958,0.00197706265,FollowWall,following_right_wall,0,14,42,0.458454758,-1,-1,-1,1,0.271845281,1.01171426,0.107936641,1,1,0,0,0
62.95,1.73209169,-1.18037957,88.758105,0.0798681958,0.00197706265,FollowWall,following_right_wall,0,14,42,0.458454758,-1,-1,-1,1,0.271845281,1.01571546,0.107936641,1,1,0,0,0
63,1.73217803,-1.17638738,88.7640183,0.0798774515,0.00183822712,FollowWall,following_right_wall,0,14,42,0.458257288,-1,-1,-1,1,0.271634877,1.0197166,0.107936641,1,1,0,0,0
63.05,1.73226397,-1.17239487,88.7696619,0.0798774515,0.00183822712,FollowWall,following_right_wall,0,14,42,0.458257288,-1,-1,-1,1,0.271634877,1.02371765,0.107936641,1,1,0,0,0
63.1,1.73234953,-1.16840217,88.7751483,0.0798856518,0.00171522307,FollowWall,following_right_wall,0,14,42,0.458053797,-1,-1,-1,1,0.271426052,1.02771866,0.107936641,1,1,0,0,0
63.15,1.73243472,-1.16440919,88.7803961,0.0798856518,0.00171522307,FollowWall,following_right_wall,0,14,42,0.458053797,-1,-1,-1,1,0.271426052,1.0317196,0.107936641,1,1,0,0,0
63.2,1.73251956,-1.16041603,88.7855047,0.0798929187,0.00160622004,FollowWall,following_right_wall,0,14,42,0.457845151,-1,-1,-1,1,0.271218717,1.0357205,0.107936641,1,1,0,0,0
63.25,1.73260405,-1.15642262,88.7904019,0.0798929187,0.00160622004,FollowWall,following_right_wall,0,14,42,0.457845151,-1,-1,-1,1,0.271218717,1.03972132,0.107936641,1,1,0,0,0
63.3,1.7326882,-1.15242907,88.795176,0.0798993808,0.00150928767,FollowWall,following_right_wall,0,14,42,0.457632095,-1,-1,-1,1,0.271012753,1.04372212,0.107936641,1,1,0,0,0
63.35,1.73277204,-1.14843528,88.7997624,0.0798993808,0.00150928767,FollowWall,following_right_wall,0,14,42,0.457632095,-1,-1,-1,1,0.271012753,1.04772285,0.107936641,1,1,0,0,0
63.4,1.73285556,-1.14444136,88.8042394,0.0799051542,0.00142268692,FollowWall,following_right_wall,0,14,42,0.457415223,-1,-1,-1,1,0.270808071,1.05172356,0.107936641,1,1,0,0,0
63.45,1.73293878,-1.14044725,88.8085492,0.0799051542,0.00142268692,FollowWall,following_right_wall,0,14,42,0.457415223,-1,-1,-1,1,0.270808071,1.05572421,0.107936641,1,1,0,0,0
63.5,1.7330217,-1.13645301,88.8127615,0.0799103088,0.00134536759,FollowWall,following_right_wall,0,14,42,0.457195133,-1,-1,-1,1,0.27060461,1.05972483,0.107936641,1,1,0,0,0
63.55,1.73310434,-1.13245859,88.8168245,0.0799103088,0.00134536759,FollowWall,following_right_wall,0,14,42,0.457195133,-1,-1,-1,1,0.27060461,1.06372541,0.107936641,1,1,0,0,0
63.6,1.7331867,-1.12846407,88.8208006,0.0799149413,0.00127588066,FollowWall,following_right_wall,0,14,42,0.456972301,-1,-1,-1,1,0.270402282,1.06772596,0.107936641,1,1,0,0,0
63.65,1.73326879,-1.12446938,88.8246429,0.0799149413,0.00127588066,FollowWall,following_right_wall,0,14,42,0.456972301,-1,-1,-1,1,0.270402282,1.07172648,0.107936641,1,1,0,0,0
63.7,1.73335062,-1.1204746,88.8284072,0.0799191032,0.00121345251,FollowWall,following_right_wall,0,14,42,0.456747115,-1,-1,-1,1,0.270200998,1.07572697,0.107936641,1,1,0,0,0
63.75,1.7334322,-1.11647967,88.8320515,0.0799191032,0.00121345251,FollowWall,following_right_wall,0,14,42,0.456747115,-1,-1,-1,1,0.270200998,1.07972742,0.107936641,1,1,0,0,0
63.8,1.73351352,-1.11248466,88.8356258,0.0799228708,0.00115693782,FollowWall,following_right_wall,0,14,42,0.456519961,-1,-1,-1,1,0.270000786,1.08372786,0.107936641,1,1,0,0,0
63.85,1.7335946,-1.10848951,88.8390918,0.0799228708,0.00115693782,FollowWall,following_right_wall,0,14,42,0.456519961,-1,-1,-1,1,0.270000786,1.08772826,0.107936641,1,1,0,0,0
63.9,1.73367544,-1.10449429,88.8424946,0.0799262831,0.00110575387,FollowWall,following_right_wall,0,14,42,0.456291109,-1,-1,-1,1,0.269801497,1.09172864,0.107936641,1,1,0,0,0
63.95,1.73375605,-1.10049895,88.8457995,0.0799262831,0.00110575387,FollowWall,following_right_wall,0,14,42,0.456291109,-1,-1,-1,1,0.269801497,1.095729,0.107936641,1,1,0,0,0
64,1.73383644,-1.09650354,88.8490473,0.0799293841,0.00105923795,FollowWall,following_right_wall,0,14,42,0.456060886,-1,-1,-1,1,0.269644946,1.09972934,0.107936641,1,1,0,0,0
64.05,1.7339166,-1.09250802,88.8522062,0.0799293841,0.00105923795,FollowWall,following_right_wall,0,14,42,0.456060886,-1,-1,-1,1,0.269644946,1.10372965,0.107936641,1,1,0,0,0
64.1,1.73399654,-1.08851243,88.8553132,0.0799322191,0.00101671333,FollowWall,following_right_wall,0,14,42,0.455829501,-1,-1,-1,1,0.269512922,1.10772995,0.107936641,1,1,0,0,0
64.15,1.73407628,-1.08451675,88.8583393,0.0799322191,0.00101671333,FollowWall,following_right_wall,0,14,42,0.455829501,-1,-1,-1,1,0.269512922,1.11173023,0.107936641,1,1,0,0,0
64.2,1.7341558,-1.080521,88.8613181,0.0799348132,0.000977801359,FollowWall,following_right_wall,0,14,42,0.455597132,-1,-1,-1,1,0.269381553,1.11573049,0.107936641,1,1,0,0,0
64.25,1.73423512,-1.07652517,88.8642229,0.0799348132,0.000977801359,FollowWall,following_right_wall,0,14,42,0.455597132,-1,-1,-1,1,0.269381553,1.11973073,0.107936641,1,1,0,0,0
64.3,1.73431424,-1.07252928,88.8670845,0.0799372051,0.000941923778,FollowWall,following_right_wall,0,14,42,0.455363989,-1,-1,-1,1,0.26925084,1.12373096,0.107936641,1,1,0,0,0
64.35,1.73439317,-1.06853331,88.8698782,0.0799372051,0.000941923778,FollowWall,following_right_wall,0,14,42,0.455363989,-1,-1,-1,1,0.26925084,1.12773117,0.107936641,1,1,0,0,0
64.4,1.7344719,-1.06453729,88.8726321,0.0799394133,0.000908800498,FollowWall,following_right_wall,0,14,42,0.455130219,-1,-1,-1,1,0.269120753,1.13173137,0.107936641,1,1,0,0,0
64.45,1.73455045,-1.0605412,88.8753234,0.0799394133,0.000908800498,FollowWall,following_right_wall,0,14,42,0.455130219,-1,-1,-1,1,0.269120753,1.13573156,0.107936641,1,1,0,0,0
64.5,1.73462881,-1.05654505,88.8779781,0.0799414637,0.000878044957,FollowWall,following_right_wall,0,14,42,0.454895914,-1,-1,-1,1,0.268991202,1.13973173,0.107936641,1,1,0,0,0
64.55,1.73470698,-1.05254884,88.8805748,0.0799414637,0.000878044957,FollowWall,following_right_wall,0,14,42,0.454895914,-1,-1,-1,1,0.268991202,1.14373189,0.107936641,1,1,0,0,0
64.6,1.73478498,-1.04855258,88.8831376,0.0799433749,0.000849376216,FollowWall,following_right_wall,0,14,42,0.454661191,-1,-1,-1,1,0.268862188,1.14773203,0.107936641,1,1,0,0,0
64.65,1.7348628,-1.04455626,88.8856464,0.0799433749,0.000849376216,FollowWall,following_right_wall,0,14,42,0.454661191,-1,-1,-1,1,0.268862188,1.15173217,0.107936641,1,1,0,0,0
64.7,1.73494045,-1.0405599,88.8881238,0.0799451596,0.00082260617,FollowWall,following_right_wall,0,14,42,0.454426199,-1,-1,-1,1,0.26873371,1.15573229,0.107936641,1,1,0,0,0
64.75,1.73501793,-1.03656347,88.8905508,0.0799451596,0.00082260617,FollowWall,following_right_wall,0,14,42,0.454426199,-1,-1,-1,1,0.26873371,1.1597324,0.107936641,1,1,0,0,0
64.8,1.73509524,-1.03256701,88.8929485,0.0799468365,0.000797453078,FollowWall,following_right_wall,0,14,42,0.454190969,-1,-1,-1,1,0.268605679,1.16373251,0.107936641,1,1,0,0,0
64.85,1.73517239,-1.02857049,88.8952991,0.0799468365,0.000797453078,FollowWall,following_right_wall,0,14,42,0.454190969,-1,-1,-1,1,0.268605679,1.1677326,0.107936641,1,1,0,0,0
64.9,1.73524938,-1.02457393,88.8976221,0.0799484123,0.000773815316,FollowWall,following_right_wall,0,14,42,0.453955591,-1,-1,-1,1,0.268478125,1.17173268,0.107936641,1,1,0,0,0
64.95,1.7353262,-1.02057732,88.8999009,0.0799484123,0.000773815316,FollowWall,following_right_wall,0,14,42,0.453955591,-1,-1,-1,1,0.268478125,1.17573275,0.107936641,1,1,0,0,0
65,1.73540287,-1.01658068,88.9021538,0.0799499055,0.000751416807,FollowWall,following_right_wall,0,14,42,0.453720123,-1,-1,-1,1,0.268351018,1.17973282,0.107936641,1,1,0,0,0
65.05,1.73547938,-1.01258399,88.904365,0.0799499055,0.000751416807,FollowWall,following_right_wall,0,14,42,0.453720123,-1,-1,-1,1,0.268351018,1.18373287,0.107936641,1,1,0,0,0
65.1,1.73555574,-1.00858726,88.9065518,0.0799513097,0.000730354951,FollowWall,following_right_wall,0,14,42,0.453484595,-1,-1,-1,1,0.268224329,1.18773292,0.107936641,1,1,0,0,0
65.15,1.73563195,-1.00459048,88.9086992,0.0799513097,0.000730354951,FollowWall,following_right_wall,0,14,42,0.453484595,-1,-1,-1,1,0.268224329,1.19173296,0.107936641,1,1,0,0,0
65.2,1.73570801,-1.00059368,88.9108237,0.0799526564,0.000710153598,FollowWall,following_right_wall,0,14,42,0.453249097,-1,-1,-1,1,0.268097997,1.19573299,0.107936641,1,1,0,0,0
65.25,1.73578393,-0.996596829,88.9129106,0.0799526564,0.000710153598,FollowWall,following_right_wall,0,14,42,0.453249097,-1,-1,-1,1,0.268097997,1.19973301,0.107936641,1,1,0,0,0
65.3,1.7358597,-0.99259995,88.9149757,0.0799539393,0.000690909837,FollowWall,following_right_wall,0,14,42,0.453013659,-1,-1,-1,1,0.267972052,1.20373302,0.107936641,1,1,0,0,0
65.35,1.73593533,-0.988603027,88.917005,0.0799539393,0.000690909837,FollowWall,following_right_wall,0,14,42,0.453013659,-1,-1,-1,1,0.267972052,1.20773303,0.107936641,1,1,0,0,0
65.4,1.73601082,-0.984606076,88.9190135,0.0799437637,0.000843544879,FollowWall,following_right_wall,0,14,42,0.45277828,-1,-1,-1,1,0.267818749,1.21173303,0.107936641,1,1,0,0,0
65.45,1.73608616,-0.980609321,88.921192,0.0799437637,0.000843544879,FollowWall,following_right_wall,0,14,42,0.45277828,-1,-1,-1,1,0.267818749,1.2157331,0.107936641,1,1,0,0,0
65.5,1.73616134,-0.976612678,88.9234698,0.079930156,0.0010476606,FollowWall,following_right_wall,0,14,42,0.452548504,-1,-1,-1,1,0.267655283,1.2197332,0.107936641,1,1,0,0,0
65.55,1.73623634,-0.972616383,88.926049,0.079930156,0.0010476606,FollowWall,following_right_wall,0,14,42,0.452548504,-1,-1,-1,1,0.267655283,1.22373342,0.107936641,1,1,0,0,0
65.6,1.73631116,-0.968620289,88.9288041,0.0799178737,0.00123189517,FollowWall,following_right_wall,0,14,42,0.452329159,-1,-1,-1,1,0.267493308,1.2277337,0.107936641,1,1,0,0,0
65.65,1.73638576,-0.964624567,88.9318817,0.0799178737,0.00123189517,FollowWall,following_right_wall,0,14,42,0.452329159,-1,-1,-1,1,0.267493308,1.2317341,0.107936641,1,1,0,0,0
65.7,1.73646014,-0.960629059,88.9351474,0.0799071195,0.00139320681,FollowWall,following_right_wall,0,14,42,0.452121824,-1,-1,-1,1,0.267333061,1.23573457,0.107936641,1,1,0,0,0
65.75,1.73653428,-0.956633898,88.9387155,0.0799071195,0.00139320681,FollowWall,following_right_wall,0,14,42,0.452121824,-1,-1,-1,1,0.267333061,1.23973515,0.107936641,1,1,0,0,0
65.8,1.73660815,-0.952638938,88.9424598,0.0798978375,0.00153243717,FollowWall,following_right_wall,0,14,42,0.451926351,-1,-1,-1,1,0.267174602,1.24373581,0.107936641,1,1,0,0,0
65.85,1.73668175,-0.948644286,88.9464733,0.0798978375,0.00153243717,FollowWall,following_right_wall,0,14,42,0.451926351,-1,-1,-1,1,0.267174602,1.24773656,0.107936641,1,1,0,0,0
65.9,1.73675506,-0.944649811,88.9506436,0.0798899245,0.00165113218,FollowWall,following_right_wall,0,14,42,0.451741934,-1,-1,-1,1,0.267000467,1.25173738,0.107936641,1,1,0,0,0
65.95,1.73682807,-0.940655602,88.9550472,0.0798899245,0.00165113218,FollowWall,following_right_wall,0,14,42,0.451741934,-1,-1,-1,1,0.267000467,1.25573828,0.107936641,1,1,0,0,0
66,1.73690077,-0.936661546,88.9595869,0.0798832375,0.00175143681,FollowWall,following_right_wall,0,14,42,0.45156765,-1,-1,-1,1,0.2668235,1.25973924,0.107936641,1,1,0,0,0
66.05,1.73697313,-0.932667715,88.9643257,0.0798832375,0.00175143681,FollowWall,following_right_wall,0,14,42,0.45156765,-1,-1,-1,1,0.2668235,1.26374028,0.107936641,1,1,0,0,0
66.1,1.73704516,-0.928674013,88.9691806,0.0798798033,0.00180295072,FollowWall,following_right_wall,0,14,42,0.451402515,-1,-1,-1,1,0.266647577,1.26774136,0.107936641,1,1,0,0,0
66.15,1.73711684,-0.924680456,88.9741647,0.0798798033,0.00180295072,FollowWall,following_right_wall,0,14,42,0.451402515,-1,-1,-1,1,0.266647577,1.2717425,0.107936641,1,1,0,0,0
66.2,1.73718817,-0.92068698,88.9792242,0.0798900981,0.00164852843,FollowWall,following_right_wall,0,14,42,0.451244652,-1,-1,-1,1,0.266472876,1.27574368,0.107936641,1,1,0,0,0
66.25,1.73725916,-0.916693335,88.9841434,0.0798900981,0.00164852843,FollowWall,following_right_wall,0,14,42,0.451244652,-1,-1,-1,1,0.266472876,1.27974481,0.107936641,1,1,0,0,0
66.3,1.73732981,-0.912699588,88.9889807,0.0799001903,0.00149714548,FollowWall,following_right_wall,0,14,42,0.451086491,-1,-1,-1,1,0.266299486,1.28374591,0.107936641,1,1,0,0,0
66.35,1.73740013,-0.90870557,88.9935896,0.0799001903,0.00149714548,FollowWall,following_right_wall,0,14,42,0.451086491,-1,-1,-1,1,0.266299486,1.28774695,0.107936641,1,1,0,0,0
66.4,1.73747014,-0.904711391,88.9980652,0.0799095485,0.00135677178,FollowWall,following_right_wall,0,14,42,0.450923979,-1,-1,-1,1,0.266127437,1.29174794,0.107936641,1,1,0,0,0
66.45,1.73753985,-0.900716921,89.0022954,0.0799095485,0.00135677178,FollowWall,following_right_wall,0,14,42,0.450923979,-1,-1,-1,1,0.266127437,1.29574884,0.107936641,1,1,0,0,0
66.5,1.73760928,-0.89672228,89.0063826,0.0799180251,0.00122962279,FollowWall,following_right_wall,0,14,42,0.450755984,-1,-1,-1,1,0.265998155,1.29974971,0.107936641,1,1,0,0,0
66.55,1.73767843,-0.89272736,89.0102346,0.0799180251,0.00122962279,FollowWall,following_right_wall,0,14,42,0.450755984,-1,-1,-1,1,0.265998155,1.30375049,0.107936641,1,1,0,0,0
66.6,1.73774732,-0.888732277,89.0139493,0.0799256316,0.00111552572,FollowWall,following_right_wall,0,14,42,0.450582445,-1,-1,-1,1,0.26588124,1.30775123,0.107936641,1,1,0,0,0
66.65,1.73781596,-0.884736937,89.0174478,0.0799256316,0.00111552572,FollowWall,following_right_wall,0,14,42,0.450582445,-1,-1,-1,1,0.26588124,1.3117519,0.107936641,1,1,0,0,0
66.7,1.73788437,-0.880741446,89.0208201,0.0799324395,0.00101340814,FollowWall,following_right_wall,0,14,42,0.45040381,-1,-1,-1,1,0.265765727,1.31575252,0.107936641,1,1,0,0,0
66.75,1.73795255,-0.876745724,89.023997,0.0799324395,0.00101340814,FollowWall,following_right_wall,0,14,42,0.45040381,-1,-1,-1,1,0.265765727,1.31975308,0.107936641,1,1,0,0,0
66.8,1.73802052,-0.872749866,89.0270598,0.0799385261,0.000922109095,FollowWall,following_right_wall,0,14,42,0.450220525,-1,-1,-1,1,0.265651435,1.3237536,0.107936641,1,1,0,0,0
66.85,1.73808828,-0.8687538,89.0299472,0.0799385261,0.000922109095,FollowWall,following_right_wall,0,14,42,0.450220525,-1,-1,-1,1,0.265651435,1.32775407,0.107936641,1,1,0,0,0
66.9,1.73815585,-0.864757612,89.0327322,0.0799439766,0.000840350513,FollowWall,following_right_wall,0,14,42,0.450033128,-1,-1,-1,1,0.26549232,1.3317545,0.107936641,1,1,0,0,0
66.95,1.73822323,-0.860761237,89.0353598,0.0799439766,0.000840350513,FollowWall,following_right_wall,0,14,42,0.450033128,-1,-1,-1,1,0.26549232,1.33575487,0.107936641,1,1,0,0,0
67,1.73829043,-0.856764753,89.0378957,0.0799488627,0.000767059759,FollowWall,following_right_wall,0,14,42,0.449842095,-1,-1,-1,1,0.265327036,1.33975522,0.107936641,1,1,0,0,0
67.05,1.73835747,-0.852768102,89.0402906,0.0799488627,0.000767059759,FollowWall,following_right_wall,0,14,42,0.449842095,-1,-1,-1,1,0.265327036,1.34375552,0.107936641,1,1,0,0,0
67.1,1.73842434,-0.848771352,89.0426032,0.0799532491,0.000701263805,FollowWall,following_right_wall,0,14,42,0.449647844,-1,-1,-1,1,0.265162647,1.34775579,0.107936641,1,1,0,0,0
67.15,1.73849106,-0.844774452,89.0447893,0.0799532491,0.000701263805,FollowWall,following_right_wall,0,14,42,0.449647844,-1,-1,-1,1,0.265162647,1.35175602,0.107936641,1,1,0,0,0
67.2,1.73855763,-0.840777464,89.0469016,0.0799571948,0.000642078162,FollowWall,following_right_wall,0,14,42,0.449450761,-1,-1,-1,1,0.264999062,1.35575623,0.107936641,1,1,0,0,0
67.25,1.73862405,-0.836780342,89.0489002,0.0799571948,0.000642078162,FollowWall,following_right_wall,0,14,42,0.449450761,-1,-1,-1,1,0.264999062,1.35975639,0.107936641,1,1,0,0,0
67.3,1.73869034,-0.83278314,89.0508325,0.0799607518,0.000588723506,FollowWall,following_right_wall,0,14,42,0.449251175,-1,-1,-1,1,0.264836192,1.36375654,0.107936641,1,1,0,0,0
67.35,1.73875651,-0.828785816,89.0526624,0.0799607518,0.000588723506,FollowWall,following_right_wall,0,14,42,0.449251175,-1,-1,-1,1,0.264836192,1.36775665,0.107936641,1,1,0,0,0
67.4,1.73882254,-0.824788422,89.0544326,0.0799639657,0.000540514631,FollowWall,following_right_wall,0,14,42,0.449049354,-1,-1,-1,1,0.264673918,1.37175674,0.107936641,1,1,0,0,0
67.45,1.73888846,-0.820790917,89.0561104,0.0799639657,0.000540514631,FollowWall,following_right_wall,0,14,42,0.449049354,-1,-1,-1,1,0.264673918,1.37575681,0.107936641,1,1,0,0,0
67.5,1.73895427,-0.816793348,89.0577343,0.0799668752,0.000496871345,FollowWall,following_right_wall,0,14,42,0.448845625,-1,-1,-1,1,0.264512211,1.37975685,0.107936641,1,1,0,0,0
67.55,1.73901997,-0.81279568,89.0592746,0.0799668752,0.000496871345,FollowWall,following_right_wall,0,14,42,0.448845625,-1,-1,-1,1,0.264512211,1.38375686,0.107936641,1,1,0,0,0
67.6,1.73908556,-0.808797954,89.0607663,0.0799695262,0.000457107567,FollowWall,following_right_wall,0,14,42,0.448640168,-1,-1,-1,1,0.26435101,1.38775686,0.107936641,1,1,0,0,0
67.65,1.73915105,-0.804800138,89.0621821,0.0799695262,0.000457107567,FollowWall,following_right_wall,0,14,42,0.448640168,-1,-1,-1,1,0.26435101,1.39175684,0.107936641,1,1,0,0,0
67.7,1.73921644,-0.800802268,89.0635535,0.0799719382,0.000420926295,FollowWall,following_right_wall,0,14,42,0.448433161,-1,-1,-1,1,0.264190227,1.3957568,0.107936641,1,1,0,0,0
67.75,1.73928175,-0.796804317,89.064856,0.0799719382,0.000420926295,FollowWall,following_right_wall,0,14,42,0.448433161,-1,-1,-1,1,0.264190227,1.39975673,0.107936641,1,1,0,0,0
67.8,1.73934696,-0.792806318,89.0661182,0.0799741369,0.00038794621,FollowWall,following_right_wall,0,14,42,0.448224813,-1,-1,-1,1,0.264029831,1.40375666,0.107936641,1,1,0,0,0
67.85,1.73941209,-0.788808244,89.0673176,0.0799741369,0.00038794621,FollowWall,following_right_wall,0,14,42,0.448224813,-1,-1,-1,1,0.264029831,1.40775656,0.107936641,1,1,0,0,0
67.9,1.73947714,-0.784810126,89.0684803,0.079976155,0.000357674947,FollowWall,following_right_wall,0,14,42,0.448015273,-1,-1,-1,1,0.263869762,1.41175645,0.107936641,1,1,0,0,0
67.95,1.73954211,-0.78081194,89.0695855,0.079976155,0.000357674947,FollowWall,following_right_wall,0,14,42,0.448015273,-1,-1,-1,1,0.263869762,1.41575632,0.107936641,1,1,0,0,0
68,1.739607,-0.776813713,89.0706572,0.0799780053,0.000329920021,FollowWall,following_right_wall,0,14,42,0.44780466,-1,-1,-1,1,0.263710022,1.41975618,0.107936641,1,1,0,0,0
68.05,1.73967183,-0.772815424,89.0716761,0.0799780053,0.000329920021,FollowWall,following_right_wall,0,14,42,0.44780466,-1,-1,-1,1,0.263710022,1.42375602,0.107936641,1,1,0,0,0
68.1,1.73973658,-0.768817098,89.0726643,0.0799797074,0.00030438867,FollowWall,following_right_wall,0,14,42,0.447593093,-1,-1,-1,1,0.263575733,1.42775585,0.107936641,1,1,0,0,0
68.15,1.73980127,-0.764818715,89.0736041,0.0799797074,0.00030438867,FollowWall,following_right_wall,0,14,42,0.447593093,-1,-1,-1,1,0.263575733,1.43175567,0.107936641,1,1,0,0,0
68.2,1.73986589,-0.760820298,89.0745156,0.0799812871,0.000280692901,FollowWall,following_right_wall,0,14,42,0.447380692,-1,-1,-1,1,0.263474017,1.43575548,0.107936641,1,1,0,0,0
68.25,1.73993045,-0.756821828,89.0753824,0.0799812871,0.000280692901,FollowWall,following_right_wall,0,14,42,0.447380692,-1,-1,-1,1,0.263474017,1.43975527,0.107936641,1,1,0,0,0
68.3,1.73999495,-0.752823326,89.0762231,0.0799827447,0.000258829432,FollowWall,following_right_wall,0,14,42,0.447167546,-1,-1,-1,1,0.26337266,1.44375505,0.107936641,1,1,0,0,0
68.35,1.7400594,-0.748824775,89.0770224,0.0799827447,0.000258829432,FollowWall,following_right_wall,0,14,42,0.447167546,-1,-1,-1,1,0.26337266,1.44775482,0.107936641,1,1,0,0,0
68.4,1.74012379,-0.744826196,89.0777977,0.0799841057,0.000238414864,FollowWall,following_right_wall,0,14,42,0.446953714,-1,-1,-1,1,0.26327163,1.45175458,0.107936641,1,1,0,0,0
68.45,1.74018813,-0.740827571,89.0785345,0.0799841057,0.000238414864,FollowWall,following_right_wall,0,14,42,0.446953714,-1,-1,-1,1,0.26327163,1.45575433,0.107936641,1,1,0,0,0
68.5,1.74025242,-0.736828919,89.0792489,0.0799853703,0.000219445652,FollowWall,following_right_wall,0,14,42,0.446739256,-1,-1,-1,1,0.263170928,1.45975407,0.107936641,1,1,0,0,0
68.55,1.74031666,-0.732830224,89.0799276,0.0799853703,0.000219445652,FollowWall,following_right_wall,0,14,42,0.446739256,-1,-1,-1,1,0.263170928,1.4637538,0.107936641,1,1,0,0,0
68.6,1.74038086,-0.728831505,89.0805854,0.0799865578,0.000201632909,FollowWall,following_right_wall,0,14,42,0.446524262,-1,-1,-1,1,0.263070524,1.46775352,0.107936641,1,1,0,0,0
68.65,1.74044501,-0.724832746,89.0812098,0.0799865578,0.000201632909,FollowWall,following_right_wall,0,14,42,0.446524262,-1,-1,-1,1,0.263070524,1.47175323,0.107936641,1,1,0,0,0
68.7,1.74050912,-0.720833964,89.0818147,0.0799876618,0.000185073113,FollowWall,following_right_wall,0,14,42,0.446308792,-1,-1,-1,1,0.262970388,1.47575294,0.107936641,1,1,0,0,0
68.75,1.74057318,-0.716835145,89.0823885,0.0799876618,0.000185073113,FollowWall,following_right_wall,0,14,42,0.446308792,-1,-1,-1,1,0.262970388,1.47975263,0.107936641,1,1,0,0,0
68.8,1.74063721,-0.712836304,89.0829441,0.0799887079,0.000169381726,FollowWall,following_right_wall,0,14,42,0.446092844,-1,-1,-1,1,0.26287052,1.48375232,0.107936641,1,1,0,0,0
68.85,1.74070121,-0.708837428,89.0834704,0.0799887079,0.000169381726,FollowWall,following_right_wall,0,14,42,0.446092844,-1,-1,-1,1,0.26287052,1.487752,0.107936641,1,1,0,0,0
68.9,1.74076516,-0.704838532,89.0839796,0.07998969,0.000154650139,FollowWall,following_right_wall,0,14,42,0.445876509,-1,-1,-1,1,0.262770921,1.49175167,0.107936641,1,1,0,0,0
68.95,1.74082908,-0.700839603,89.0844613,0.07998969,0.000154650139,FollowWall,following_right_wall,0,14,42,0.445876509,-1,-1,-1,1,0.262770921,1.49575133,0.107936641,1,1,0,0,0
69,1.74089297,-0.696840655,89.0849268,0.0799906207,0.000140688832,FollowWall,following_right_wall,0,14,42,0.445659816,-1,-1,-1,1,0.26267153,1.49975099,0.107936641,1,1,0,0,0
69.05,1.74095683,-0.692841677,89.0853663,0.0799906207,0.000140688832,FollowWall,following_right_wall,0,14,42,0.445659816,-1,-1,-1,1,0.26267153,1.50375064,0.107936641,1,1,0,0,0
69.1,1.74102066,-0.68884268,89.0857906,0.0799914937,0.00012759413,FollowWall,following_right_wall,0,14,42,0.445442766,-1,-1,-1,1,0.262554914,1.50775028,0.107936641,1,1,0,0,0
69.15,1.74108446,-0.684843654,89.0861905,0.0799914937,0.00012759413,FollowWall,following_right_wall,0,14,42,0.445442766,-1,-1,-1,1,0.262554914,1.51174992,0.107936641,1,1,0,0,0
69.2,1.74114823,-0.680844611,89.086576,0.079992335,0.000114975739,FollowWall,following_right_wall,0,14,42,0.445225388,-1,-1,-1,1,0.262403876,1.51574955,0.107936641,1,1,0,0,0
69.25,1.74121198,-0.67684554,89.0869381,0.079992335,0.000114975739,FollowWall,following_right_wall,0,14,42,0.445225388,-1,-1,-1,1,0.262403876,1.51974917,0.107936641,1,1,0,0,0
69.3,1.7412757,-0.672846453,89.0872866,0.079993131,0.000103034822,FollowWall,following_right_wall,0,14,42,0.445007741,-1,-1,-1,1,0.262239695,1.52374879,0.107936641,1,1,0,0,0
69.35,1.7413394,-0.66884734,89.0876129,0.079993131,0.000103034822,FollowWall,following_right_wall,0,14,42,0.445007741,-1,-1,-1,1,0.262239695,1.5277484,0.107936641,1,1,0,0,0
69.4,1.74140308,-0.664848212,89.0879262,0.0799938885,9.16719047e-05,FollowWall,following_right_wall,0,14,42,0.444789857,-1,-1,-1,1,0.262075663,1.53174801,0.107936641,1,1,0,0,0
69.45,1.74146673,-0.660849058,89.0882184,0.0799938885,9.16719047e-05,FollowWall,following_right_wall,0,14,42,0.444789857,-1,-1,-1,1,0.262075663,1.53574761,0.107936641,1,1,0,0,0
69.5,1.74153037,-0.65684989,89.0884983,0.0799946075,8.08877273e-05,FollowWall,following_right_wall,0,14,42,0.444571704,-1,-1,-1,1,0.26191178,1.5397472,0.107936641,1,1,0,0,0
69.55,1.74159399,-0.652850698,89.0887581,0.0799946075,8.08877273e-05,FollowWall,following_right_wall,0,14,42,0.444571704,-1,-1,-1,1,0.26191178,1.54374679,0.107936641,1,1,0,0,0
69.6,1.74165759,-0.648851493,89.0890062,0.0799952942,7.05873746e-05,FollowWall,following_right_wall,0,14,42,0.444353312,-1,-1,-1,1,0.26179257,1.54774637,0.107936641,1,1,0,0,0
69.65,1.74172117,-0.644852265,89.0892352,0.0799952942,7.05873746e-05,FollowWall,following_right_wall,0,14,42,0.444353312,-1,-1,-1,1,0.26179257,1.55174595,0.107936641,1,1,0,0,0
69.7,1.74178474,-0.640853023,89.089453,0.0799834175,0.000248736804,FollowWall,following_right_wall,0,14,42,0.444134712,-1,-1,-1,1,0.261680126,1.55574552,0.107936641,1,1,0,0,0
69.75,1.74184828,-0.636854022,89.089877,0.0799834175,0.000248736804,FollowWall,following_right_wall,0,14,42,0.444134712,-1,-1,-1,1,0.261680126,1.55974517,0.107936641,1,1,0,0,0
69.8,1.74191179,-0.632855159,89.0904212,0.0799702443,0.000446335482,FollowWall,following_right_wall,0,14,42,0.443921864,-1,-1,-1,1,0.261578381,1.56374487,0.107936641,1,1,0,0,0
69.85,1.74197524,-0.628856652,89.0912715,0.0799702443,0.000446335482,FollowWall,following_right_wall,0,14,42,0.443921864,-1,-1,-1,1,0.261578381,1.56774467,0.107936641,1,1,0,0,0
69.9,1.74203863,-0.624858351,89.0923002,0.0799583763,0.000624355135,FollowWall,following_right_wall,0,14,42,0.443718851,-1,-1,-1,1,0.261481673,1.57174454,0.107936641,1,1,0,0,0
69.95,1.74210192,-0.620860418,89.0936456,0.0799583763,0.000624355135,FollowWall,following_right_wall,0,14,42,0.443718851,-1,-1,-1,1,0.261481673,1.57574452,0.107936641,1,1,0,0,0
70,1.74216511,-0.616862697,89.0951756,0.079947963,0.000780555205,FollowWall,following_right_wall,0,14,42,0.443526775,-1,-1,-1,1,0.26138413,1.57974458,0.107936641,1,1,0,0,0
70.05,1.74222818,-0.612865317,89.0969999,0.079947963,0.000780555205,FollowWall,following_right_wall,0,14,42,0.443526775,-1,-1,-1,1,0.26138413,1.58374474,0.107936641,1,1,0,0,0
70.1,1.74229112,-0.608868135,89.0989958,0.0799389473,0.000915791101,FollowWall,following_right_wall,0,14,42,0.443345308,-1,-1,-1,1,0.26127243,1.58774497,0.107936641,1,1,0,0,0
70.15,1.74235389,-0.604871255,89.1012532,0.0799389473,0.000915791101,FollowWall,following_right_wall,0,14,42,0.443345308,-1,-1,-1,1,0.26127243,1.59174529,0.107936641,1,1,0,0,0
70.2,1.74241651,-0.600874549,89.1036631,0.0799311856,0.00103221546,FollowWall,following_right_wall,0,14,42,0.443173736,-1,-1,-1,1,0.261149228,1.59574567,0.107936641,1,1,0,0,0
70.25,1.74247894,-0.596878106,89.1063011,0.0799311856,0.00103221546,FollowWall,following_right_wall,0,14,42,0.443173736,-1,-1,-1,1,0.261149228,1.59974614,0.107936641,1,1,0,0,0
70.3,1.74254118,-0.592881815,89.109072,0.0799245666,0.00113150172,FollowWall,following_right_wall,0,14,42,0.443011105,-1,-1,-1,1,0.261027455,1.60374665,0.107936641,1,1,0,0,0
70.35,1.74260322,-0.588885749,89.112039,0.0799245666,0.00113150172,FollowWall,following_right_wall,0,14,42,0.443011105,-1,-1,-1,1,0.261027455,1.60774725,0.107936641,1,1,0,0,0
70.4,1.74266505,-0.584889812,89.1151203,0.079918952,0.00121572057,FollowWall,following_right_wall,0,14,42,0.44285661,-1,-1,-1,1,0.260907114,1.61174788,0.107936641,1,1,0,0,0
70.45,1.74272665,-0.580894067,89.118369,0.079918952,0.00121572057,FollowWall,following_right_wall,0,14,42,0.44285661,-1,-1,-1,1,0.260907114,1.61574859,0.107936641,1,1,0,0,0
70.5,1.74278802,-0.576898432,89.1217152,0.07991421,0.00128685061,FollowWall,following_right_wall,0,14,42,0.442709386,-1,-1,-1,1,0.260788262,1.61974933,0.107936641,1,1,0,0,0
70.55,1.74284915,-0.572902958,89.1252032,0.07991421,0.00128685061,FollowWall,following_right_wall,0,14,42,0.442709386,-1,-1,-1,1,0.260788262,1.62375012,0.107936641,1,1,0,0,0
70.6,1.74291003,-0.568907577,89.1287739,0.0799102481,0.00134627895,FollowWall,following_right_wall,0,14,42,0.442568779,-1,-1,-1,1,0.2606709,1.62775095,0.107936641,1,1,0,0,0
70.65,1.74297066,-0.56491233,89.1324638,0.0799102481,0.00134627895,FollowWall,following_right_wall,0,14,42,0.442568779,-1,-1,-1,1,0.2606709,1.63175183,0.107936641,1,1,0,0,0
70.7,1.74303103,-0.56091716,89.1362233,0.0799069673,0.00139549112,FollowWall,following_right_wall,0,14,42,0.442434132,-1,-1,-1,1,0.260555089,1.63575274,0.107936641,1,1,0,0,0
70.75,1.74309112,-0.556922102,89.1400821,0.0799069673,0.00139549112,FollowWall,following_right_wall,0,14,42,0.442434132,-1,-1,-1,1,0.260555089,1.63975369,0.107936641,1,1,0,0,0
70.8,1.74315095,-0.552927107,89.1439988,0.0799042683,0.00143597479,FollowWall,following_right_wall,0,14,42,0.44230485,-1,-1,-1,1,0.260440797,1.64375466,0.107936641,1,1,0,0,0
70.85,1.7432105,-0.548932204,89.1479976,0.0799042683,0.00143597479,FollowWall,following_right_wall,0,14,42,0.44230485,-1,-1,-1,1,0.260440797,1.64775567,0.107936641,1,1,0,0,0
70.9,1.74326977,-0.544937352,89.1520443,0.0799020981,0.00146852799,FollowWall,following_right_wall,0,14,42,0.442180455,-1,-1,-1,1,0.260300726,1.6517567,0.107936641,1,1,0,0,0
70.95,1.74332875,-0.540942574,89.1561578,0.0799020981,0.00146852799,FollowWall,following_right_wall,0,14,42,0.442180455,-1,-1,-1,1,0.260300726,1.65575776,0.107936641,1,1,0,0,0
71,1.74338744,-0.536947837,89.1603103,0.0799003902,0.00149414671,FollowWall,following_right_wall,0,14,42,0.44206053,-1,-1,-1,1,0.260187358,1.65975884,0.107936641,1,1,0,0,0
71.05,1.74344584,-0.532953157,89.164516,0.0799003902,0.00149414671,FollowWall,following_right_wall,0,14,42,0.44206053,-1,-1,-1,1,0.260187358,1.66375994,0.107936641,1,1,0,0,0
71.1,1.74350395,-0.52895851,89.1687529,0.0798990784,0.00151382358,FollowWall,following_right_wall,0,14,42,0.441944659,-1,-1,-1,1,0.260076165,1.66776106,0.107936641,1,1,0,0,0
71.15,1.74356176,-0.524963906,89.1730314,0.0798990784,0.00151382358,FollowWall,following_right_wall,0,14,42,0.441944659,-1,-1,-1,1,0.260076165,1.6717622,0.107936641,1,1,0,0,0
71.2,1.74361927,-0.520969327,89.1773342,0.0798981094,0.00152835953,FollowWall,following_right_wall,0,14,42,0.441832483,-1,-1,-1,1,0.259966165,1.67576335,0.107936641,1,1,0,0,0
71.25,1.74367648,-0.51697478,89.1816685,0.0798981094,0.00152835953,FollowWall,following_right_wall,0,14,42,0.441832483,-1,-1,-1,1,0.259966165,1.67976452,0.107936641,1,1,0,0,0
71.3,1.74373338,-0.512980249,89.1860212,0.079897443,0.00153835467,FollowWall,following_right_wall,0,14,42,0.441723704,-1,-1,-1,1,0.259857416,1.6837657,0.107936641,1,1,0,0,0
71.35,1.74378998,-0.508985741,89.1903965,0.079897443,0.00153835467,FollowWall,following_right_wall,0,14,42,0.441723704,-1,-1,-1,1,0.259857416,1.68776689,0.107936641,1,1,0,0,0
71.4,1.74384627,-0.504991244,89.1947851,0.0798970394,0.00154440959,FollowWall,following_right_wall,0,14,42,0.441618055,-1,-1,-1,1,0.259749979,1.69176809,0.107936641,1,1,0,0,0
71.45,1.74390226,-0.50099676,89.1991886,0.0798970394,0.00154440959,FollowWall,following_right_wall,0,14,42,0.441618055,-1,-1,-1,1,0.259749979,1.69576931,0.107936641,1,1,0,0,0
71.5,1.74395794,-0.497002282,89.2036008,0.0798968717,0.0015469238,FollowWall,following_right_wall,0,14,42,0.441515326,-1,-1,-1,1,0.259643883,1.69977053,0.107936641,1,1,1,0,1
