time,x,y,yaw_deg,v,w,state,reason,fault,narrow_usable,wide_usable,front_sector,front_clearance,pivot_valid,heading_valid,right_valid,right_distance,cap_gap,min_cap_gap,entered,approached,returned,contact,completed
0,0,0,0,0.0642548198,-0.236177702,FollowWall,following_right_wall,0,14,42,0.712057352,2.15800291,1,1,1,0.40469715,3.311,3.311,0,0,0,0,0
0.05,0.00133863803,-3.29330304e-06,-0.281916366,0.0642548198,-0.236177702,FollowWall,following_right_wall,0,14,42,0.712057352,2.15800291,1,1,1,0.40469715,3.31081081,3.31081081,0,0,0,0,0
0.1,0.0034580723,-2.19780006e-05,-0.728283945,0.0652809827,-0.220785259,FollowWall,following_right_wall,0,14,42,0.699724138,2.1542059,1,1,1,0.404819846,3.31050221,3.31050221,0,0,0,0,0
0.15,0.0060540897,-6.68495744e-05,-1.25220802,0.0652809827,-0.220785259,FollowWall,following_right_wall,0,14,42,0.699724138,2.1542059,1,1,1,0.404819846,3.31012398,3.31012398,0,0,0,0,0
0.2,0.0089276459,-0.000143942753,-1.82137339,0.066823811,-0.197642835,FollowWall,following_right_wall,0,14,42,0.682080925,2.14821674,1,1,1,0.405106276,3.30969325,3.30969325,0,0,0,0,0
0.25,0.0119945812,-0.000256688356,-2.38930528,0.066823811,-0.197642835,FollowWall,following_right_wall,0,14,42,0.682080925,2.14821674,1,1,1,0.405106276,3.3092365,3.3092365,0,0,0,0,0
0.3,0.0151735357,-0.000405097774,-2.95651764,0.0684580032,-0.173129952,FollowWall,following_right_wall,0,14,42,0.664709926,2.14229787,1,1,1,0.405229092,3.3087534,3.3087534,0,0,0,0,0
0.35,0.0184509543,-0.000589784764,-3.49405017,0.0684580032,-0.173129952,FollowWall,following_right_wall,0,14,42,0.664709926,2.14229787,1,1,1,0.405229092,3.30825975,3.30825975,0,0,0,0,0
0.4,0.021784854,-0.000808543183,-4.01426947,0.0699603132,-0.150595302,FollowWall,following_right_wall,0,14,42,0.649246573,2.13679069,1,1,1,0.405747294,3.30774962,3.30774962,0,0,0,0,0
0.45,0.0251819244,-0.00106133968,-4.49749063,0.0699603132,-0.150595302,FollowWall,following_right_wall,0,14,42,0.649246573,2.13679069,1,1,1,0.405747294,3.30723293,3.30723293,0,0,0,0,0
0.5,0.0286148118,-0.00134528214,-4.95912954,0.0713288733,-0.1300669,FollowWall,following_right_wall,0,14,42,0.635889828,2.1316042,1,1,1,0.406079799,3.30670296,3.30670296,0,0,0,0,0
0.55,0.0320959581,-0.00166033942,-5.38367483,0.0713288733,-0.1300669,FollowWall,following_right_wall,0,14,42,0.635889828,2.1316042,1,1,1,0.406079799,3.30616693,3.30616693,0,0,0,0,0
0.6,0.0356042103,-0.00200340724,-5.78658218,0.0725872288,-0.111191568,FollowWall,following_right_wall,0,14,42,0.624426603,2.12656996,1,1,1,0.405786723,3.30561882,3.30561882,0,0,0,0,0
0.65,0.0391533297,-0.00237458475,-6.15433662,0.0725872288,-0.111191568,FollowWall,following_right_wall,0,14,42,0.624426603,2.12656996,1,1,1,0.405786723,3.30506448,3.30506448,0,0,0,0,0
0.7,0.0427252784,-0.00277069605,-6.5015852,0.0736346063,-0.0954809054,FollowWall,following_right_wall,0,14,42,0.614582896,2.12153356,1,1,1,0.405749261,3.30449892,3.30449892,0,0,0,0,0
0.75,0.0463312444,-0.00319173829,-6.81811881,0.0736346063,-0.0954809054,FollowWall,following_right_wall,0,14,42,0.614582896,2.12153356,1,1,1,0.405749261,3.30392639,3.30392639,0,0,0,0,0
0.8,0.0499561016,-0.00363472311,-7.11673535,0.0746170223,-0.0807446662,FollowWall,following_right_wall,0,14,42,0.606056869,2.11639711,1,1,1,0.404730737,3.30334308,3.30334308,0,0,0,0,0
0.85,0.0536113779,-0.00409986412,-7.38731018,0.0746170223,-0.0807446662,FollowWall,following_right_wall,0,14,42,0.606056869,2.11639711,1,1,1,0.404730737,3.30275298,3.30275298,0,0,0,0,0
0.9,0.0572835284,-0.00458425208,-7.64152734,0.0754384752,-0.0684228723,FollowWall,following_right_wall,0,14,42,0.598632336,2.11108482,1,1,1,0.404187858,3.30215308,3.30215308,0,0,0,0,0
0.95,0.0609816586,-0.00508797354,-7.87149447,0.0754384752,-0.0684228723,FollowWall,following_right_wall,0,14,42,0.598632336,2.11108482,1,1,1,0.404187858,3.30154644,3.30154644,0,0,0,0,0
1,0.0646941601,-0.00560837086,-8.08731575,0.0761547207,-0.05767919,FollowWall,following_right_wall,0,14,42,0.592109978,2.10556001,1,1,1,0.403598249,3.30093083,3.30093083,0,0,0,0,0
1.05,0.068429081,-0.00614556238,-8.28206096,0.0761547207,-0.05767919,FollowWall,following_right_wall,0,14,42,0.592109978,2.10556001,1,1,1,0.403598249,3.30030886,3.30030886,0,0,0,0,0
1.1,0.0721763861,-0.00669713113,-8.46451179,0.0767493554,-0.0487596687,FollowWall,following_right_wall,0,14,42,0.586328566,2.09980744,1,1,1,0.403416216,3.29967885,3.29967885,0,0,0,0,0
1.15,0.0759425177,-0.00726313046,-8.62914401,0.0767493554,-0.0487596687,FollowWall,following_right_wall,0,14,42,0.586328566,2.09980744,1,1,1,0.403416216,3.29904288,3.29904288,0,0,0,0,0
1.2,0.0797190213,-0.00784143921,-8.78338204,0.0773278485,-0.0400822729,FollowWall,following_right_wall,0,14,42,0.581148505,2.09383138,1,1,1,0.402307749,3.29839972,3.29839972,0,0,0,0,0
1.25,0.0835129221,-0.00843231203,-8.92119891,0.0773278485,-0.0400822729,FollowWall,following_right_wall,0,14,42,0.581148505,2.09383138,1,1,1,0.402307749,3.29775148,3.29775148,0,0,0,0,0
1.3,0.087316452,-0.00903373291,-9.04943678,0.0778274005,-0.032588992,FollowWall,following_right_wall,0,14,42,0.576491058,2.08762589,1,1,1,0.401292622,3.29709716,3.29709716,0,0,0,0,0
1.35,0.0911354008,-0.00964585939,-9.16314244,0.0778274005,-0.032588992,FollowWall,following_right_wall,0,14,42,0.576491058,2.08762589,1,1,1,0.401292622,3.29643852,3.29643852,0,0,0,0,0
1.4,0.0949629101,-0.0102668609,-9.26837099,0.0782354927,-0.0264676089,FollowWall,following_right_wall,0,14,42,0.572284698,2.08119549,1,1,1,0.400695652,3.29577481,3.29577481,0,0,0,0,0
1.45,0.0988034078,-0.0108967893,-9.36134769,0.0782354927,-0.0264676089,FollowWall,following_right_wall,0,14,42,0.572284698,2.08119549,1,1,1,0.400695652,3.29510741,3.29510741,0,0,0,0,0
1.5,0.102651122,-0.0115340684,-9.44717748,0.0785963221,-0.0210551682,FollowWall,following_right_wall,0,14,42,0.568452477,2.07435104,1,1,1,0.399996698,3.29443575,3.29443575,0,0,0,0,0
1.55,0.106510136,-0.0121787919,-9.52237762,0.0785963221,-0.0210551682,FollowWall,following_right_wall,0,14,42,0.568452477,2.07435104,1,1,1,0.399996698,3.29376109,3.29376109,0,0,0,0,0
1.6,0.110375451,-0.012829569,-9.59137712,0.0789165661,-0.016251509,FollowWall,following_right_wall,0,14,42,0.564936697,2.06716122,1,1,1,0.399207652,3.29308298,3.29308298,0,0,0,0,0
1.65,0.11425076,-0.0134865035,-9.65102563,0.0789165661,-0.016251509,FollowWall,following_right_wall,0,14,42,0.564936697,2.06716122,1,1,1,0.399207652,3.29240252,3.29240252,0,0,0,0,0
1.7,0.118131671,-0.0141483547,-9.70521941,0.0792012849,-0.0119807267,FollowWall,following_right_wall,0,14,42,0.56169486,2.05979637,1,1,1,0.398338288,3.29171939,3.29171939,0,0,0,0,0
1.75,0.122021498,-0.014815224,-9.75113339,0.0792012849,-0.0119807267,FollowWall,following_right_wall,0,14,42,0.56169486,2.05979637,1,1,1,0.398338288,3.29103456,3.29103456,0,0,0,0,0
1.8,0.125916356,-0.015486,-9.79221748,0.0794546274,-0.00818058862,FollowWall,following_right_wall,0,14,42,0.558693588,2.05227079,1,1,1,0.397397101,3.29034777,3.29034777,0,0,0,0,0
1.85,0.129819206,-0.0161607764,-9.82594806,0.0794546274,-0.00818058862,FollowWall,following_right_wall,0,14,42,0.558693588,2.05227079,1,1,1,0.397397101,3.28965987,3.28965987,0,0,0,0,0
1.9,0.133726601,-0.0168385573,-9.85538909,0.0797005528,-0.00449170849,FollowWall,following_right_wall,0,14,42,0.555905759,2.04459734,1,1,1,0.396061718,3.28897067,3.28897067,0,0,0,0,0
1.95,0.137641604,-0.0175194873,-9.87792461,0.0797005528,-0.00449170849,FollowWall,following_right_wall,0,14,42,0.555905759,2.04459734,1,1,1,0.396061718,3.28828101,3.28828101,0,0,0,0,0
2,0.141560981,-0.0182026243,-9.89643191,0.0799320942,-0.00101858713,FollowWall,following_right_wall,0,14,42,0.55331713,2.03678388,1,1,1,0.394474864,3.28759072,3.28759072,0,0,0,0,0
2.05,0.145487621,-0.0188881048,-9.90844368,0.0799320942,-0.00101858713,FollowWall,following_right_wall,0,14,42,0.55331713,2.03678388,1,1,1,0.394474864,3.2869006,3.2869006,0,0,0,0,0
2.1,0.149418483,-0.0195750377,-9.9166664,0.0798617901,0.00207314804,FollowWall,following_right_wall,0,14,42,0.550917745,2.02883659,1,1,1,0.392841756,3.28621049,3.28621049,0,0,0,0,0
2.15,0.153350372,-0.0202625229,-9.91898834,0.0798617901,0.00207314804,FollowWall,following_right_wall,0,14,42,0.550917745,2.02883659,1,1,1,0.392841756,3.28552211,3.28552211,0,0,0,0,0
2.2,0.15728289,-0.0209501606,-9.91786817,0.0796990664,0.0045140046,FollowWall,following_right_wall,0,14,42,0.548698187,2.02078096,1,1,1,0.391494453,3.28483491,3.28483491,0,0,0,0,0
2.25,0.161212483,-0.0216370337,-9.91182655,0.0796990664,0.0045140046,FollowWall,following_right_wall,0,14,42,0.548698187,2.02078096,1,1,1,0.391494453,3.28415036,3.28415036,0,0,0,0,0
2.3,0.165140433,-0.0223230915,-9.90291407,0.0795588882,0.00661667707,FollowWall,following_right_wall,0,14,42,0.546638787,2.01264507,1,1,1,0.390156418,3.28346775,3.28346775,0,0,0,0,0
2.35,0.169064629,-0.0230077167,-9.88981704,0.0795588882,0.00661667707,FollowWall,following_right_wall,0,14,42,0.546638787,2.01264507,1,1,1,0.390156418,3.28278818,3.28278818,0,0,0,0,0
2.4,0.172986727,-0.0236909663,-9.87427904,0.0794353089,0.00847036689,FollowWall,following_right_wall,0,14,42,0.544721067,2.00444609,1,1,1,0.388785303,3.28211094,3.28211094,0,0,0,0,0
2.45,0.176905174,-0.0243723566,-9.85510444,0.0794353089,0.00847036689,FollowWall,following_right_wall,0,14,42,0.544721067,2.00444609,1,1,1,0.388785303,3.28143698,3.28143698,0,0,0,0,0
2.5,0.180821609,-0.0250519724,-9.83380851,0.0793277043,0.0100844362,FollowWall,following_right_wall,0,14,42,0.542931139,1.99619472,1,1,1,0.38738057,3.28076562,3.28076562,0,0,0,0,0
2.55,0.184734793,-0.0257294145,-9.80934847,0.0793277043,0.0100844362,FollowWall,following_right_wall,0,14,42,0.542931139,1.99619472,1,1,1,0.38738057,3.28009768,3.28009768,0,0,0,0,0
2.6,0.188646222,-0.0264047681,-9.78304271,0.0792593086,0.0111103706,FollowWall,following_right_wall,0,14,42,0.541257441,1.98789859,1,1,1,0.385863394,3.27943257,3.27943257,0,0,0,0,0
2.65,0.192555371,-0.0270777991,-9.75443565,0.0792593086,0.0111103706,FollowWall,following_right_wall,0,14,42,0.541257441,1.98789859,1,1,1,0.385863394,3.2787707,3.2787707,0,0,0,0,0
2.7,0.196463345,-0.0277485718,-9.72448617,0.079192015,0.0121197745,FollowWall,following_right_wall,0,14,42,0.53967911,1.97956768,1,1,1,0.384153336,3.27811163,3.27811163,0,0,0,0,0
2.75,0.200369413,-0.0284168458,-9.69254873,0.079192015,0.0121197745,FollowWall,following_right_wall,0,14,42,0.53967911,1.97956768,1,1,1,0.384153336,3.27745587,3.27745587,0,0,0,0,0
2.8,0.204274536,-0.0290826774,-9.65945164,0.0791350976,0.0129735367,FollowWall,following_right_wall,0,14,42,0.538186073,1.97120821,1,1,1,0.382435411,3.27680304,3.27680304,0,0,0,0,0
2.85,0.208178113,-0.0297458655,-9.62465898,0.0791350976,0.0129735367,FollowWall,following_right_wall,0,14,42,0.538186073,1.97120821,1,1,1,0.382435411,3.27615355,3.27615355,0,0,0,0,0
2.9,0.212080965,-0.0304064577,-9.58887725,0.0790873421,0.0136898682,FollowWall,following_right_wall,0,14,42,0.536771536,1.96282492,1,1,1,0.380713165,3.27550708,3.27550708,0,0,0,0,0
2.95,0.215982595,-0.0310642869,-9.55166349,0.0790873421,0.0136898682,FollowWall,following_right_wall,0,14,42,0.536771536,1.96282492,1,1,1,0.380713165,3.27486397,3.27486397,0,0,0,0,0
3,0.219883699,-0.0317193925,-9.51361439,0.0790476473,0.0142852907,FollowWall,following_right_wall,0,14,42,0.535429418,1.9544221,1,1,1,0.378989905,3.27422397,3.27422397,0,0,0,0,0
3.05,0.223783869,-0.0323716367,-9.47436728,0.0790476473,0.0142852907,FollowWall,following_right_wall,0,14,42,0.535429418,1.9544221,1,1,1,0.378989905,3.27358734,3.27358734,0,0,0,0,0
3.1,0.227683687,-0.0330210518,-9.43442131,0.0790150211,0.0147746829,FollowWall,following_right_wall,0,14,42,0.534154296,1.94600381,1,1,1,0.377268702,3.27295387,3.27295387,0,0,0,0,0
3.15,0.231582825,-0.0336675254,-9.39348352,0.0790150211,0.0147746829,FollowWall,following_right_wall,0,14,42,0.534154296,1.94600381,1,1,1,0.377268702,3.27232378,3.27232378,0,0,0,0,0
3.2,0.235481762,-0.0343110836,-9.35196717,0.0789885997,0.0151710048,FollowWall,following_right_wall,0,14,42,0.532941341,1.93757385,1,1,1,0.375552416,3.27169688,3.27169688,0,0,0,0,0
3.25,0.239380239,-0.0349516359,-9.30964024,0.0789885997,0.0151710048,FollowWall,following_right_wall,0,14,42,0.532941341,1.93757385,1,1,1,0.375552416,3.27107337,3.27107337,0,0,0,0,0
3.3,0.243278647,-0.0355892032,-9.26684048,0.078992334,0.01511499,FollowWall,following_right_wall,0,14,42,0.531786323,1.92913555,1,1,1,0.374242604,3.27045309,3.27045309,0,0,0,0,0
3.35,0.247177292,-0.0362238121,-9.22383176,0.078992334,0.01511499,FollowWall,following_right_wall,0,14,42,0.531786323,1.92913555,1,1,1,0.374242604,3.2698359,3.2698359,0,0,0,0,0
3.4,0.251076273,-0.0368554675,-9.18070115,0.07900788,0.0148817997,FollowWall,following_right_wall,0,14,42,0.530674756,1.920695,1,1,1,0.373079956,3.26922177,3.26922177,0,0,0,0,0
3.45,0.254975966,-0.0374842331,-9.13777779,0.07900788,0.0148817997,FollowWall,following_right_wall,0,14,42,0.530674756,1.920695,1,1,1,0.373079956,3.26861049,3.26861049,0,0,0,0,0
3.5,0.258876266,-0.0381101035,-9.09497532,0.0790252093,0.0146218599,FollowWall,following_right_wall,0,14,42,0.529593945,1.91225718,1,1,1,0.371936798,3.26800212,3.26800212,0,0,0,0,0
3.55,0.262777468,-0.0387331428,-9.05255366,0.0790252093,0.0146218599,FollowWall,following_right_wall,0,14,42,0.529593945,1.91225718,1,1,1,0.371936798,3.26739647,3.26739647,0,0,0,0,0
3.6,0.266679385,-0.0393533417,-9.01035413,0.079043225,0.0143516243,FollowWall,following_right_wall,0,14,42,0.528537571,1.90382508,1,1,1,0.370812684,3.26679362,3.26679362,0,0,0,0,0
3.65,0.270582274,-0.0399707641,-8.96860674,0.079043225,0.0143516243,FollowWall,following_right_wall,0,14,42,0.528537571,1.90382508,1,1,1,0.370812684,3.26619341,3.26619341,0,0,0,0,0
3.7,0.274485914,-0.0405853994,-8.92712311,0.0790423264,0.0143651038,FollowWall,following_right_wall,0,14,42,0.527503133,1.89540059,1,1,1,0.369404912,3.26559593,3.26559593,0,0,0,0,0
3.75,0.278390156,-0.0411972376,-8.88577725,0.0790423264,0.0143651038,FollowWall,following_right_wall,0,14,42,0.527503133,1.89540059,1,1,1,0.369404912,3.26500124,3.26500124,0,0,0,0,0
3.8,0.28229493,-0.0418062755,-8.84451175,0.0790597056,0.0141044154,FollowWall,following_right_wall,0,14,42,0.526497602,1.88698313,1,1,1,0.368286848,3.26440937,3.26440937,0,0,0,0,0
3.85,0.286200552,-0.042412577,-8.8036043,0.0790597056,0.0141044154,FollowWall,following_right_wall,0,14,42,0.526497602,1.88698313,1,1,1,0.368286848,3.26382013,3.26382013,0,0,0,0,0
3.9,0.290106845,-0.0430161341,-8.76290572,0.0790769039,0.0138464421,FollowWall,following_right_wall,0,14,42,0.525517344,1.87857496,1,1,1,0.367175013,3.2632336,3.2632336,0,0,0,0,0
3.95,0.294014057,-0.043617007,-8.72263691,0.0790769039,0.0138464421,FollowWall,following_right_wall,0,14,42,0.525517344,1.87857496,1,1,1,0.367175013,3.26264961,3.26264961,0,0,0,0,0
4,0.297921978,-0.0442151863,-8.68261879,0.0790929879,0.0136051808,FollowWall,following_right_wall,0,14,42,0.524559081,1.87017798,1,1,1,0.366063267,3.26206826,3.26206826,0,0,0,0,0
4.05,0.301830812,-0.0448107269,-8.64303491,0.0790929879,0.0136051808,FollowWall,following_right_wall,0,14,42,0.524559081,1.87017798,1,1,1,0.366063267,3.26148941,3.26148941,0,0,0,0,0
4.1,0.305740348,-0.0454036197,-8.60370432,0.0791077204,0.0133841944,FollowWall,following_right_wall,0,14,42,0.523621917,1.8617935,1,1,1,0.364950299,3.26091315,3.26091315,0,0,0,0,0
4.15,0.309650761,-0.0459939142,-8.56478527,0.0791077204,0.0133841944,FollowWall,following_right_wall,0,14,42,0.523621917,1.8617935,1,1,1,0.364950299,3.26033936,3.26033936,0,0,0,0,0
4.2,0.313561848,-0.0465816021,-8.52610628,0.0791210019,0.0131849717,FollowWall,following_right_wall,0,14,42,0.522705793,1.85342259,1,1,1,0.363834769,3.25976811,3.25976811,0,0,0,0,0
4.25,0.317473765,-0.0471667274,-8.48780514,0.0791210019,0.0131849717,FollowWall,following_right_wall,0,14,42,0.522705793,1.85342259,1,1,1,0.363834769,3.2591993,3.2591993,0,0,0,0,0
4.3,0.321386324,-0.0477492829,-8.44972441,0.0791211018,0.0131834725,FollowWall,following_right_wall,0,14,42,0.521810949,1.84506645,1,1,1,0.362534493,3.25863302,3.25863302,0,0,0,0,0
4.35,0.325299419,-0.0483292646,-8.41177404,0.0791211018,0.0131834725,FollowWall,following_right_wall,0,14,42,0.521810949,1.84506645,1,1,1,0.362534493,3.25806929,3.25806929,0,0,0,0,0
4.4,0.329212985,-0.0489066697,-8.37389971,0.0791115514,0.0133267288,FollowWall,following_right_wall,0,14,42,0.520942807,1.83672471,1,1,1,0.361092299,3.25750815,3.25750815,0,0,0,0,0
4.45,0.333126786,-0.049481462,-8.33589874,0.0791115514,0.0133267288,FollowWall,following_right_wall,0,14,42,0.520942807,1.83672471,1,1,1,0.361092299,3.25694972,3.25694972,0,0,0,0,0
4.5,0.337040883,-0.0500536434,-8.2978239,0.0791142597,0.013286105,FollowWall,following_right_wall,0,14,42,0.520108342,1.82839726,1,1,1,0.359828621,3.25639397,3.25639397,0,0,0,0,0
4.55,0.340955365,-0.0506232247,-8.25975445,0.0791142597,0.013286105,FollowWall,following_right_wall,0,14,42,0.520108342,1.82839726,1,1,1,0.359828621,3.25584086,3.25584086,0,0,0,0,0
4.6,0.344870229,-0.0511902056,-8.22168816,0.0791001523,0.0134977151,FollowWall,following_right_wall,0,14,42,0.51930511,1.82008565,1,1,1,0.358302891,3.25529038,3.25529038,0,0,0,0,0
4.65,0.348785181,-0.0517545353,-8.18337111,0.0791001523,0.0134977151,FollowWall,following_right_wall,0,14,42,0.51930511,1.82008565,1,1,1,0.358302891,3.25474272,3.25474272,0,0,0,0,0
4.7,0.352700342,-0.0523162175,-8.14490778,0.0790987678,0.0135184836,FollowWall,following_right_wall,0,14,42,0.51853776,1.81179023,1,1,1,0.356956005,3.2541978,3.2541978,0,0,0,0,0
4.75,0.356615752,-0.0528752493,-8.10633435,0.0790987678,0.0135184836,FollowWall,following_right_wall,0,14,42,0.51853776,1.81179023,1,1,1,0.356956005,3.25365563,3.25365563,0,0,0,0,0
4.8,0.360531465,-0.0534316324,-8.06769667,0.0791001998,0.0134970036,FollowWall,following_right_wall,0,14,42,0.51780355,1.80351266,1,1,1,0.355641663,3.25311617,3.25311617,0,0,0,0,0
4.85,0.364447538,-0.0539853724,-8.02904717,0.0791001998,0.0134970036,FollowWall,following_right_wall,0,14,42,0.51780355,1.80351266,1,1,1,0.355641663,3.25257941,3.25257941,0,0,0,0,0
4.9,0.368363975,-0.0545364693,-7.99039076,0.0791039548,0.0134406774,FollowWall,following_right_wall,0,14,42,0.517098427,1.79525451,1,1,1,0.35436067,3.25204533,3.25204533,0,0,0,0,0
4.95,0.372280857,-0.0550849361,-7.95179756,0.0791039548,0.0134406774,FollowWall,following_right_wall,0,14,42,0.517098427,1.79525451,1,1,1,0.35436067,3.2515139,3.2515139,0,0,0,0,0
5,0.376198149,-0.0556307717,-7.91324124,0.0791096538,0.0133551923,FollowWall,following_right_wall,0,14,42,0.516418934,1.78701731,1,1,1,0.353113621,3.25098512,3.25098512,0,0,0,0,0
5.05,0.380115949,-0.056173995,-7.87480846,0.0791096538,0.0133551923,FollowWall,following_right_wall,0,14,42,0.516418934,1.78701731,1,1,1,0.353113621,3.25045895,3.25045895,0,0,0,0,0
5.1,0.384034196,-0.0567146041,-7.83644776,0.0791169818,0.013245273,FollowWall,following_right_wall,0,14,42,0.515761971,1.77880237,1,1,1,0.351900816,3.2499354,3.2499354,0,0,0,0,0
5.15,0.387953002,-0.0572526231,-7.7982603,0.0791169818,0.013245273,FollowWall,following_right_wall,0,14,42,0.515761971,1.77880237,1,1,1,0.351900816,3.2494144,3.2494144,0,0,0,0,0
5.2,0.391872283,-0.0577880494,-7.7601739,0.0791256594,0.0131151092,FollowWall,following_right_wall,0,14,42,0.515124679,1.77061077,1,1,1,0.350722313,3.248896,3.248896,0,0,0,0,0
5.25,0.395792164,-0.0583209114,-7.72230183,0.0791256594,0.0131151092,FollowWall,following_right_wall,0,14,42,0.515124679,1.77061077,1,1,1,0.350722313,3.2483801,3.2483801,0,0,0,0,0
5.3,0.399712541,-0.0588512059,-7.68455478,0.0791354401,0.0129683979,FollowWall,following_right_wall,0,14,42,0.514504313,1.76244334,1,1,1,0.349578023,3.24786675,3.24786675,0,0,0,0,0
5.35,0.40363355,-0.0593789645,-7.64705578,0.0791354401,0.0129683979,FollowWall,following_right_wall,0,14,42,0.514504313,1.76244334,1,1,1,0.349578023,3.24735587,3.24735587,0,0,0,0,0
5.4,0.407555071,-0.0599041842,-7.60970148,0.0791461115,0.0128083268,FollowWall,following_right_wall,0,14,42,0.513898373,1.75430079,1,1,1,0.348467648,3.24684751,3.24684751,0,0,0,0,0
5.45,0.41147725,-0.0604268988,-7.57262266,0.0791461115,0.0128083268,FollowWall,following_right_wall,0,14,42,0.513898373,1.75430079,1,1,1,0.348467648,3.24634156,3.24634156,0,0,0,0,0
5.5,0.41539995,-0.0609471051,-7.53570453,0.0791574721,0.0126379178,FollowWall,following_right_wall,0,14,42,0.513304293,1.74618384,1,1,1,0.347390741,3.24583809,3.24583809,0,0,0,0,0
5.55,0.419323327,-0.0614648392,-7.49908355,0.0791574721,0.0126379178,FollowWall,following_right_wall,0,14,42,0.513304293,1.74618384,1,1,1,0.347390741,3.24533699,3.24533699,0,0,0,0,0
5.6,0.423247233,-0.0619800977,-7.46263591,0.0791693486,0.0124597706,FollowWall,following_right_wall,0,14,42,0.51271975,1.73809296,1,1,1,0.346346647,3.24483833,3.24483833,0,0,0,0,0
5.65,0.427171826,-0.0624929181,-7.42650203,0.0791693486,0.0124597706,FollowWall,following_right_wall,0,14,42,0.51271975,1.73809296,1,1,1,0.346346647,3.244342,3.244342,0,0,0,0,0
5.7,0.431096953,-0.063003297,-7.39055118,0.0791815726,0.0122764105,FollowWall,following_right_wall,0,14,42,0.51214242,1.73002828,1,1,1,0.345334589,3.24384806,3.24384806,0,0,0,0,0
5.75,0.435022773,-0.0635112727,-7.35492597,0.0791815726,0.0122764105,FollowWall,following_right_wall,0,14,42,0.51214242,1.73002828,1,1,1,0.345334589,3.24335642,3.24335642,0,0,0,0,0
5.8,0.438949127,-0.0640168421,-7.3194907,0.0791939998,0.0120900023,FollowWall,following_right_wall,0,14,42,0.511570156,1.72199014,1,1,1,0.344353646,3.24286713,3.24286713,0,0,0,0,0
5.85,0.442876175,-0.0645200437,-7.28438876,0.0791939998,0.0120900023,FollowWall,following_right_wall,0,14,42,0.511570156,1.72199014,1,1,1,0.344353646,3.24238009,3.24238009,0,0,0,0,0
5.9,0.446803755,-0.0650208747,-7.24948124,0.079206501,0.0119024851,FollowWall,following_right_wall,0,14,42,0.511000872,1.71397844,1,1,1,0.343402714,3.24189536,3.24189536,0,0,0,0,0
5.95,0.450732027,-0.0655193737,-7.21491098,0.079206501,0.0119024851,FollowWall,following_right_wall,0,14,42,0.511000872,1.71397844,1,1,1,0.343402714,3.24141285,3.24141285,0,0,0,0,0
6,0.454660826,-0.0660155378,-7.18053745,0.079211486,0.0118277105,FollowWall,following_right_wall,0,14,42,0.510432541,1.70599305,1,1,1,0.342372477,3.24093261,3.24093261,0,0,0,0,0
6.05,0.458590156,-0.0665093815,-7.14636794,0.079211486,0.0118277105,FollowWall,following_right_wall,0,14,42,0.510432541,1.70599305,1,1,1,0.342372477,3.24045464,3.24045464,0,0,0,0,0
6.1,0.462519917,-0.0670009029,-7.11231743,0.0792091033,0.0118634504,FollowWall,following_right_wall,0,14,42,0.509866536,1.69803338,1,1,1,0.341259331,3.23997896,3.23997896,0,0,0,0,0
6.15,0.46645,-0.0674900937,-7.07829368,0.0792091033,0.0118634504,FollowWall,following_right_wall,0,14,42,0.509866536,1.69803338,1,1,1,0.341259331,3.23950563,3.23950563,0,0,0,0,0
6.2,0.470380391,-0.0679769533,-7.04428555,0.0792174215,0.0117386775,FollowWall,following_right_wall,0,14,42,0.509306192,1.69009836,1,1,1,0.340313703,3.23903466,3.23903466,0,0,0,0,0
6.25,0.474311251,-0.0684615078,-7.01043545,0.0792174215,0.0117386775,FollowWall,following_right_wall,0,14,42,0.509306192,1.69009836,1,1,1,0.340313703,3.23856596,3.23856596,0,0,0,0,0
6.3,0.478242504,-0.0689437562,-6.97667755,0.0792318244,0.0115226345,FollowWall,following_right_wall,0,14,42,0.508747637,1.68218798,1,1,1,0.3394728,3.23809955,3.23809955,0,0,0,0,0
6.35,0.482174399,-0.0694237428,-6.94323131,0.0792318244,0.0115226345,FollowWall,following_right_wall,0,14,42,0.508747637,1.68218798,1,1,1,0.3394728,3.23763528,3.23763528,0,0,0,0,0
6.4,0.486106782,-0.0699014659,-6.90996687,0.0792447463,0.011328806,FollowWall,following_right_wall,0,14,42,0.508184671,1.67430212,1,1,1,0.338637233,3.23717323,3.23717323,0,0,0,0,0
6.45,0.49003983,-0.0703769646,-6.87703985,0.0792447463,0.011328806,FollowWall,following_right_wall,0,14,42,0.508184671,1.67430212,1,1,1,0.338637233,3.23671327,3.23671327,0,0,0,0,0
6.5,0.493973378,-0.070850237,-6.84430965,0.07925662,0.0111507007,FollowWall,following_right_wall,0,14,42,0.507614017,1.66644008,1,1,1,0.337816685,3.23625548,3.23625548,0,0,0,0,0
6.55,0.497907572,-0.0713213189,-6.81190687,0.07925662,0.0111507007,FollowWall,following_right_wall,0,14,42,0.507614017,1.66644008,1,1,1,0.337816685,3.23579975,3.23579975,0,0,0,0,0
6.6,0.501842252,-0.0717902086,-6.77969508,0.0792524348,0.0112134782,FollowWall,following_right_wall,0,14,42,0.507034004,1.6586009,1,1,1,0.336946338,3.23534615,3.23534615,0,0,0,0,0
6.65,0.505777237,-0.0722568924,-6.74751976,0.0792524348,0.0112134782,FollowWall,following_right_wall,0,14,42,0.507034004,1.6586009,1,1,1,0.336946338,3.23489477,3.23489477,0,0,0,0,0
6.7,0.509712508,-0.0727213701,-6.71536573,0.0792264561,0.0116031588,FollowWall,following_right_wall,0,14,42,0.506450236,1.65078303,1,1,1,0.336087704,3.23444562,3.23444562,0,0,0,0,0
6.75,0.513647518,-0.0731835622,-6.68275895,0.0792264561,0.0116031588,FollowWall,following_right_wall,0,14,42,0.506450236,1.65078303,1,1,1,0.336087704,3.233999,3.233999,0,0,0,0,0
6.8,0.517582485,-0.07364347,-6.64988809,0.0791973613,0.0120395809,FollowWall,following_right_wall,0,14,42,0.505874932,1.64298433,1,1,1,0.33513099,3.23355482,3.23355482,0,0,0,0,0
6.85,0.521516939,-0.0741010064,-6.61634222,0.0791973613,0.0120395809,FollowWall,following_right_wall,0,14,42,0.505874932,1.64298433,1,1,1,0.33513099,3.23311336,3.23311336,0,0,0,0,0
6.9,0.525451206,-0.074556173,-6.58240261,0.0791665272,0.0125020919,FollowWall,following_right_wall,0,14,42,0.505315185,1.63520313,1,1,1,0.334075511,3.2326745,3.2326745,0,0,0,0,0
6.95,0.529384842,-0.0750088782,-6.54768123,0.0791665272,0.0125020919,FollowWall,following_right_wall,0,14,42,0.505315185,1.63520313,1,1,1,0.334075511,3.2322385,3.2322385,0,0,0,0,0
7,0.533318226,-0.0754591235,-6.51250382,0.0791409792,0.0128853125,FollowWall,following_right_wall,0,14,42,0.504774094,1.627438,1,1,1,0.33300969,3.23180522,3.23180522,0,0,0,0,0
7.05,0.537251052,-0.0759068337,-6.47660295,0.0791409792,0.0128853125,FollowWall,following_right_wall,0,14,42,0.504774094,1.627438,1,1,1,0.33300969,3.23137486,3.23137486,0,0,0,0,0
7.1,0.541183671,-0.0763520098,-6.44028007,0.0791153636,0.0132695462,FollowWall,following_right_wall,0,14,42,0.504250407,1.61968823,1,1,1,0.331857651,3.23094728,3.23094728,0,0,0,0,0
7.15,0.54511576,-0.0767945769,-6.40325237,0.0791153636,0.0132695462,FollowWall,following_right_wall,0,14,42,0.504250407,1.61968823,1,1,1,0.331857651,3.23052268,3.23052268,0,0,0,0,0
7.2,0.54904766,-0.0772345354,-6.36581353,0.079094756,0.0135786593,FollowWall,following_right_wall,0,14,42,0.503742754,1.61195263,1,1,1,0.330690384,3.23010093,3.23010093,0,0,0,0,0
7.25,0.552979145,-0.0776718253,-6.32776587,0.079094756,0.0135786593,FollowWall,following_right_wall,0,14,42,0.503742754,1.61195263,1,1,1,0.330690384,3.22968219,3.22968219,0,0,0,0,0
7.3,0.55691051,-0.0781064469,-6.28936307,0.0790954732,0.013567902,FollowWall,following_right_wall,0,14,42,0.503248334,1.60423001,1,1,1,0.329738438,3.22926632,3.22926632,0,0,0,0,0
7.35,0.560841941,-0.078538402,-6.25076595,0.0790954732,0.013567902,FollowWall,following_right_wall,0,14,42,0.503248334,1.60423001,1,1,1,0.329738438,3.22885327,3.22885327,0,0,0,0,0
7.4,0.564773532,-0.0789676904,-6.21205547,0.0790906347,0.0136404801,FollowWall,following_right_wall,0,14,42,0.50275594,1.59651977,1,1,1,0.328647316,3.22844297,3.22844297,0,0,0,0,0
7.45,0.568705236,-0.079394298,-6.17319224,0.0790906347,0.0136404801,FollowWall,following_right_wall,0,14,42,0.50275594,1.59651977,1,1,1,0.328647316,3.22803548,3.22803548,0,0,0,0,0
7.5,0.572637125,-0.0798182245,-6.13423989,0.0790906832,0.0136397514,FollowWall,following_right_wall,0,14,42,0.502261817,1.58837386,1,1,1,0.327568322,3.22763075,3.22763075,0,0,0,0,0
7.55,0.576569243,-0.0802394697,-6.09523644,0.0790906832,0.0136397514,FollowWall,following_right_wall,0,14,42,0.502261817,1.58837386,1,1,1,0.327568322,3.22722877,3.22722877,0,0,0,0,0
7.6,0.580501613,-0.0806580334,-6.05620317,0.079103027,0.0134545956,FollowWall,following_right_wall,0,14,42,0.501762688,1.58023305,1,1,1,0.326607734,3.22682954,3.22682954,0,0,0,0,0
7.65,0.584434501,-0.0810739499,-6.01737352,0.079103027,0.0134545956,FollowWall,following_right_wall,0,14,42,0.501762688,1.58023305,1,1,1,0.326607734,3.22643289,3.22643289,0,0,0,0,0
7.7,0.588367808,-0.0814872195,-5.97866265,0.0791291928,0.0130621084,FollowWall,following_right_wall,0,14,42,0.501251221,1.5721181,1,1,1,0.325798273,3.22603887,3.22603887,0,0,0,0,0
7.75,0.592302013,-0.081897915,-5.94048957,0.0791291928,0.0130621084,FollowWall,following_right_wall,0,14,42,0.501251221,1.5721181,1,1,1,0.325798273,3.22564719,3.22564719,0,0,0,0,0
7.8,0.596236853,-0.0823060377,-5.90263019,0.0791494356,0.0127584667,FollowWall,following_right_wall,0,14,42,0.500717223,1.56403019,1,1,1,0.324887842,3.22525798,3.22525798,0,0,0,0,0
7.85,0.600172591,-0.082711644,-5.86531626,0.0791494356,0.0127584667,FollowWall,following_right_wall,0,14,42,0.500717223,1.56403019,1,1,1,0.324887842,3.22487105,3.22487105,0,0,0,0,0
7.9,0.60410896,-0.0831147358,-5.8283205,0.0791641228,0.0125381587,FollowWall,following_right_wall,0,14,42,0.500158072,1.55596991,1,1,1,0.323886573,3.22448651,3.22448651,0,0,0,0,0
7.95,0.608046105,-0.083515354,-5.79177332,0.0791641228,0.0125381587,FollowWall,following_right_wall,0,14,42,0.500158072,1.55596991,1,1,1,0.323886573,3.22410426,3.22410426,0,0,0,0,0
8,0.611983808,-0.0839135003,-5.7554878,0.07918388,0.0122417997,FollowWall,following_right_wall,0,14,42,0.499575555,1.54793715,1,1,1,0.322934449,3.22372439,3.22372439,0,0,0,0,0
8.05,0.615922346,-0.0843092292,-5.71970868,0.07918388,0.0122417997,FollowWall,following_right_wall,0,14,42,0.499575555,1.54793715,1,1,1,0.322934449,3.22334671,3.22334671,0,0,0,0,0
8.1,0.619861472,-0.0847025427,-5.68422495,0.079224533,0.0116320056,FollowWall,following_right_wall,0,14,42,0.498968571,1.53993215,1,1,1,0.322246164,3.22297134,3.22297134,0,0,0,0,0
8.15,0.62380188,-0.0850935511,-5.64964143,0.079224533,0.0116320056,FollowWall,following_right_wall,0,14,42,0.498968571,1.53993215,1,1,1,0.322246164,3.22259785,3.22259785,0,0,0,0,0
8.2,0.627743129,-0.085482259,-5.61558302,0.0792657748,0.0110133787,FollowWall,following_right_wall,0,14,42,0.498326719,1.53195514,1,1,1,0.32156688,3.22222643,3.22222643,0,0,0,0,0
8.25,0.631685815,-0.0858687786,-5.58256936,0.0792657748,0.0110133787,FollowWall,following_right_wall,0,14,42,0.498326719,1.53195514,1,1,1,0.32156688,3.2218567,3.2218567,0,0,0,0,0
8.3,0.635629427,-0.086253116,-5.55016515,0.0792882474,0.0106762897,FollowWall,following_right_wall,0,14,42,0.497643888,1.52400637,1,1,1,0.320650756,3.22148887,3.22148887,0,0,0,0,0
8.35,0.639574131,-0.0866353342,-5.5185188,0.0792882474,0.0106762897,FollowWall,following_right_wall,0,14,42,0.497643888,1.52400637,1,1,1,0.320650756,3.2211228,3.2211228,0,0,0,0,0
8.4,0.643519556,-0.0870154382,-5.48731455,0.0793091715,0.0103624281,FollowWall,following_right_wall,0,14,42,0.496926218,1.51608475,1,1,1,0.319718242,3.22075865,3.22075865,0,0,0,0,0
8.45,0.647465917,-0.0873934852,-5.45674284,0.0793091715,0.0103624281,FollowWall,following_right_wall,0,14,42,0.496926218,1.51608475,1,1,1,0.319718242,3.22039626,3.22039626,0,0,0,0,0
8.5,0.651412907,-0.08776948,-5.4265401,0.0793404192,0.0098937118,FollowWall,following_right_wall,0,14,42,0.496178538,1.50818947,1,1,1,0.318918735,3.22003575,3.22003575,0,0,0,0,0
8.55,0.655360988,-0.0881435058,-5.39711209,0.0793404192,0.0098937118,FollowWall,following_right_wall,0,14,42,0.496178538,1.50818947,1,1,1,0.318918735,3.21967685,3.21967685,0,0,0,0,0
8.6,0.659309784,-0.0885155686,-5.368136,0.0793704155,0.00944376687,FollowWall,following_right_wall,0,14,42,0.495398313,1.50032015,1,1,1,0.318330348,3.2193197,3.2193197,0,0,0,0,0
8.65,0.663259691,-0.0888857489,-5.33996061,0.0793704155,0.00944376687,FollowWall,following_right_wall,0,14,42,0.495398313,1.50032015,1,1,1,0.318330348,3.21896404,3.21896404,0,0,0,0,0
8.7,0.667210321,-0.0892540534,-5.31225231,0.0793774563,0.00933815514,FollowWall,following_right_wall,0,14,42,0.494584501,1.49247573,1,1,1,0.317729801,3.21861003,3.21861003,0,0,0,0,0
8.75,0.671161588,-0.0896205038,-5.28494252,0.0793774563,0.00933815514,FollowWall,following_right_wall,0,14,42,0.494584501,1.49247573,1,1,1,0.317729801,3.2182577,3.2182577,0,0,0,0,0
8.8,0.675113298,-0.0899851037,-5.25786522,0.0793812602,0.00928109754,FollowWall,following_right_wall,0,14,42,0.493747622,1.4846549,1,1,1,0.317061514,3.21790712,3.21790712,0,0,0,0,0
8.85,0.679065415,-0.0903478647,-5.23099163,0.0793812602,0.00928109754,FollowWall,following_right_wall,0,14,42,0.493747622,1.4846549,1,1,1,0.317061514,3.21755829,3.21755829,0,0,0,0,0
8.9,0.68301784,-0.0907087887,-5.20423687,0.0794229093,0.00865636116,FollowWall,following_right_wall,0,14,42,0.492895752,1.47685646,1,1,1,0.316486329,3.21721126,3.21721126,0,0,0,0,0
8.95,0.686971374,-0.0910679809,-5.17829716,0.0794229093,0.00865636116,FollowWall,following_right_wall,0,14,42,0.492895752,1.47685646,1,1,1,0.316486329,3.21686556,3.21686556,0,0,0,0,0
9,0.69092562,-0.0914254494,-5.15283289,0.0794533756,0.00819936673,FollowWall,following_right_wall,0,14,42,0.492015809,1.46907958,1,1,1,0.315841466,3.21652135,3.21652135,0,0,0,0,0
9.05,0.694880976,-0.0917812747,-5.12819146,0.0794533756,0.00819936673,FollowWall,following_right_wall,0,14,42,0.492015809,1.46907958,1,1,1,0.315841466,3.21617837,3.21617837,0,0,0,0,0
9.1,0.698837039,-0.0921354652,-5.10403002,0.0794759667,0.00786049953,FollowWall,following_right_wall,0,14,42,0.49110502,1.46132284,1,1,1,0.315179974,3.21583679,3.21583679,0,0,0,0,0
9.15,0.702794042,-0.0924880817,-5.08055307,0.0794759667,0.00786049953,FollowWall,following_right_wall,0,14,42,0.49110502,1.46132284,1,1,1,0.315179974,3.21549645,3.21549645,0,0,0,0,0
9.2,0.706751651,-0.0928391316,-5.0574754,0.0794909301,0.00763604824,FollowWall,following_right_wall,0,14,42,0.490167856,1.44704926,1,1,1,0.314500928,3.21515748,3.21515748,0,0,0,0,0
9.25,0.71070998,-0.0931886561,-5.03489857,0.0794909301,0.00763604824,FollowWall,following_right_wall,0,14,42,0.490167856,1.44704926,1,1,1,0.314500928,3.21481978,3.21481978,0,0,0,0,0
9.3,0.714668784,-0.0935366606,-5.01261388,0.0794988405,0.00751739248,FollowWall,following_right_wall,0,14,42,0.489210933,1.43909798,1,1,1,0.313803673,3.21448347,3.21448347,0,0,0,0,0
9.35,0.718628084,-0.0938831678,-4.99064126,0.0794988405,0.00751739248,FollowWall,following_right_wall,0,14,42,0.489210933,1.43909798,1,1,1,0.313803673,3.2141485,3.2141485,0,0,0,0,0
9.4,0.722587727,-0.0942281812,-4.96885067,0.079479475,0.00780787471,FollowWall,following_right_wall,0,14,42,0.488241464,1.43117106,1,1,1,0.312819421,3.21381495,3.21381495,0,0,0,0,0
9.45,0.726547223,-0.0945716563,-4.94681953,0.079479475,0.00780787471,FollowWall,following_right_wall,0,14,42,0.488241464,1.43117106,1,1,1,0.312819421,3.21348307,3.21348307,0,0,0,0,0
9.5,0.730506688,-0.0949135899,-4.92464806,0.0794549923,0.00817511624,FollowWall,following_right_wall,0,14,42,0.487276107,1.42327006,1,1,1,0.311807007,3.21315283,3.21315283,0,0,0,0,0
9.55,0.734465684,-0.0952539215,-4.90195639,0.0794549923,0.00817511624,FollowWall,following_right_wall,0,14,42,0.487276107,1.42327006,1,1,1,0.311807007,3.21282447,3.21282447,0,0,0,0,0
9.6,0.738424463,-0.0955926445,-4.87896125,0.0794670402,0.00799439677,FollowWall,following_right_wall,0,14,42,0.486327142,1.41539604,1,1,1,0.311280429,3.2124979,3.2124979,0,0,0,0,0
9.65,0.742383423,-0.0959297839,-4.85600481,0.0794670402,0.00799439677,FollowWall,following_right_wall,0,14,42,0.486327142,1.41539604,1,1,1,0.311280429,3.2121729,3.2121729,0,0,0,0,0
9.7,0.746342543,-0.09626534,-4.83307094,0.0794477744,0.00828338389,FollowWall,following_right_wall,0,14,42,0.485384285,1.40754782,1,1,1,0.310395479,3.21184949,3.21184949,0,0,0,0,0
9.75,0.750301414,-0.0965992674,-4.80980529,0.0794477744,0.00828338389,FollowWall,following_right_wall,0,14,42,0.485384285,1.40754782,1,1,1,0.310395479,3.21152791,3.21152791,0,0,0,0,0
9.8,0.754260197,-0.0969315618,-4.7863461,0.07943691,0.00844634954,FollowWall,following_right_wall,0,14,42,0.484455764,1.39972551,1,1,1,0.309648514,3.21120807,3.21120807,0,0,0,0,0
9.85,0.758218759,-0.0972621948,-4.76257949,0.07943691,0.00844634954,FollowWall,following_right_wall,0,14,42,0.484455764,1.39972551,1,1,1,0.309648514,3.21089007,3.21089007,0,0,0,0,0
9.9,0.762177251,-0.0975911623,-4.73863354,0.0794153405,0.00876989288,FollowWall,following_right_wall,0,14,42,0.483545303,1.391929,1,1,1,0.308793277,3.21057385,3.21057385,0,0,0,0,0
9.95,0.766135312,-0.0979184114,-4.71419679,0.0794153405,0.00876989288,FollowWall,following_right_wall,0,14,42,0.483545303,1.391929,1,1,1,0.308793277,3.21025962,3.21025962,0,0,0,0,0
10,0.770093181,-0.0982439351,-4.68947372,0.0793850227,0.0092246596,FollowWall,following_right_wall,0,14,42,0.482659698,1.38415804,1,1,1,0.307846636,3.20994729,3.20994729,0,0,0,0,0
10.05,0.77405037,-0.0985676591,-4.66404081,0.0793850227,0.0092246596,FollowWall,following_right_wall,0,14,42,0.482659698,1.38415804,1,1,1,0.307846636,3.20963716,3.20963716,0,0,0,0,0
10.1,0.778007222,-0.0988895731,-4.63819382,0.0793679142,0.0094812871,FollowWall,following_right_wall,0,14,42,0.481807917,1.37641289,1,1,1,0.307073742,3.20932908,3.20932908,0,0,0,0,0
10.15,0.781963585,-0.0992096319,-4.61179895,0.0793679142,0.0094812871,FollowWall,following_right_wall,0,14,42,0.481807917,1.37641289,1,1,1,0.307073742,3.20902316,3.20902316,0,0,0,0,0
10.2,0.785919726,-0.0995278271,-4.5850845,0.0793719181,0.00942122865,FollowWall,following_right_wall,0,14,42,0.480989605,1.36869222,1,1,1,0.306577593,3.2087193,3.2087193,0,0,0,0,0
10.25,0.789875882,-0.0998441631,-4.5582553,0.0793719181,0.00942122865,FollowWall,following_right_wall,0,14,42,0.480989605,1.36869222,1,1,1,0.306577593,3.20841738,3.20841738,0,0,0,0,0
10.3,0.793832108,-0.100158638,-4.53135917,0.0793681231,0.00947815396,FollowWall,following_right_wall,0,14,42,0.480195373,1.36099402,1,1,1,0.306013376,3.20811738,3.20811738,0,0,0,0,0
10.35,0.797788357,-0.100471242,-4.50435605,0.0793681231,0.00947815396,FollowWall,following_right_wall,0,14,42,0.480195373,1.36099402,1,1,1,0.306013376,3.20781932,3.20781932,0,0,0,0,0
10.4,0.801744681,-0.100781974,-4.47729052,0.0793281435,0.0100778473,FollowWall,following_right_wall,0,14,42,0.479424655,1.3533165,1,1,1,0.305028647,3.20752319,3.20752319,0,0,0,0,0
10.45,0.805700281,-0.101090743,-4.44947274,0.0793281435,0.0100778473,FollowWall,following_right_wall,0,14,42,0.479424655,1.3533165,1,1,1,0.305028647,3.20722945,3.20722945,0,0,0,0,0
10.5,0.809655522,-0.101397537,-4.42121617,0.0793181985,0.0102270224,FollowWall,following_right_wall,0,14,42,0.47869578,1.3456605,1,1,1,0.304424137,3.20693795,3.20693795,0,0,0,0,0
10.55,0.813610412,-0.101702326,-4.39252555,0.0793181985,0.0102270224,FollowWall,following_right_wall,0,14,42,0.47869578,1.3456605,1,1,1,0.304424137,3.20664871,3.20664871,0,0,0,0,0
10.6,0.817565161,-0.102005104,-4.36358175,0.079314963,0.0102755546,FollowWall,following_right_wall,0,14,42,0.47800684,1.33802411,1,1,1,0.303911835,3.20636164,3.20636164,0,0,0,0,0
10.65,0.821519824,-0.102305858,-4.33443233,0.079314963,0.0102755546,FollowWall,following_right_wall,0,14,42,0.47800684,1.33802411,1,1,1,0.303911835,3.20607673,3.20607673,0,0,0,0,0
10.7,0.825474501,-0.102604586,-4.30516296,0.0793118005,0.0103229931,FollowWall,following_right_wall,0,14,42,0.477352321,1.33040496,1,1,1,0.303420067,3.20579393,3.20579393,0,0,0,0,0
10.75,0.829429184,-0.102901278,-4.275767,0.0793118005,0.0103229931,FollowWall,following_right_wall,0,14,42,0.477352321,1.33040496,1,1,1,0.303420067,3.20551327,3.20551327,0,0,0,0,0
10.8,0.833383933,-0.103195933,-4.24629719,0.0792962933,0.0105556004,FollowWall,following_right_wall,0,14,42,0.476730913,1.32266762,1,1,1,0.30264321,3.2052347,3.2052347,0,0,0,0,0
10.85,0.837338461,-0.103488514,-4.21650664,0.0792962933,0.0105556004,FollowWall,following_right_wall,0,14,42,0.476730913,1.32266762,1,1,1,0.30264321,3.20495841,3.20495841,0,0,0,0,0
10.9,0.841292924,-0.103779017,-4.18652901,0.0793306268,0.0100405983,FollowWall,following_right_wall,0,14,42,0.476148814,1.31458124,1,1,1,0.302132547,3.20468432,3.20468432,0,0,0,0,0
10.95,0.845248125,-0.104067511,-4.15705697,0.0793306268,0.0100405983,FollowWall,following_right_wall,0,14,42,0.476148814,1.31458124,1,1,1,0.302132547,3.20441199,3.20441199,0,0,0,0,0
11,0.849203814,-0.104354006,-4.12787987,0.0793734466,0.00939830061,FollowWall,following_right_wall,0,14,42,0.475587875,1.30651675,1,1,1,0.301736325,3.20414153,3.20414153,0,0,0,0,0
11.05,0.853160736,-0.104638597,-4.0996415,0.0793734466,0.00939830061,FollowWall,following_right_wall,0,14,42,0.475587875,1.30651675,1,1,1,0.301736325,3.20387247,3.20387247,0,0,0,0,0
11.1,0.857118432,-0.104921302,-4.07195072,0.0794170171,0.00874474407,FollowWall,following_right_wall,0,14,42,0.475033462,1.29847356,1,1,1,0.301387399,3.20360502,3.20360502,0,0,0,0,0
11.15,0.861077538,-0.105202223,-4.0453595,0.0794170171,0.00874474407,FollowWall,following_right_wall,0,14,42,0.475033462,1.29847356,1,1,1,0.301387399,3.20333876,3.20333876,0,0,0,0,0
11.2,0.865037517,-0.105481381,-4.01940968,0.0794392624,0.00841106326,FollowWall,following_right_wall,0,14,42,0.474479526,1.2904519,1,1,1,0.300826341,3.20307394,3.20307394,0,0,0,0,0
11.25,0.868998516,-0.105758835,-3.99423232,0.0794392624,0.00841106326,FollowWall,following_right_wall,0,14,42,0.474479526,1.2904519,1,1,1,0.300826341,3.20281041,3.20281041,0,0,0,0,0
11.3,0.872960159,-0.1060346,-3.96950556,0.0794786901,0.00781964875,FollowWall,following_right_wall,0,14,42,0.473933876,1.28245297,1,1,1,0.30051434,3.20254834,3.20254834,0,0,0,0,0
11.35,0.876923043,-0.106308767,-3.9457476,0.0794786901,0.00781964875,FollowWall,following_right_wall,0,14,42,0.473933876,1.28245297,1,1,1,0.30051434,3.20228734,3.20228734,0,0,0,0,0
11.4,0.880886695,-0.106581355,-3.92255477,0.0794986581,0.00752012809,FollowWall,following_right_wall,0,14,42,0.473393828,1.27447712,1,1,1,0.300007254,3.20202763,3.20202763,0,0,0,0,0
11.45,0.884851252,-0.106852417,-3.90004913,0.0794986581,0.00752012809,FollowWall,following_right_wall,0,14,42,0.473393828,1.27447712,1,1,1,0.300007254,3.20176907,3.20176907,0,0,0,0,0
11.5,0.888816381,-0.107121967,-3.87794434,0.0794880176,0.00767973613,FollowWall,following_right_wall,0,14,42,0.472865522,1.2665253,1,1,1,0.299159825,3.20151182,3.20151182,0,0,0,0,0
11.55,0.892781663,-0.107389993,-3.85588288,0.0794880176,0.00767973613,FollowWall,following_right_wall,0,14,42,0.472865522,1.2665253,1,1,1,0.299159825,3.20125608,3.20125608,0,0,0,0,0
11.6,0.896747078,-0.107656494,-3.83384668,0.0794808801,0.00778679919,FollowWall,following_right_wall,0,14,42,0.472367227,1.25859977,1,1,1,0.298357725,3.20100187,3.20100187,0,0,0,0,0
11.65,0.900712463,-0.107921458,-3.81169742,0.0794808801,0.00778679919,FollowWall,following_right_wall,0,14,42,0.472367227,1.25859977,1,1,1,0.298357725,3.20074927,3.20074927,0,0,0,0,0
11.7,0.904677875,-0.108184881,-3.78948222,0.0795183851,0.00722422337,FollowWall,following_right_wall,0,14,42,0.471907109,1.25070138,1,1,1,0.298087597,3.20049826,3.20049826,0,0,0,0,0
11.75,0.908644122,-0.108446838,-3.76790006,0.0795183851,0.00722422337,FollowWall,following_right_wall,0,14,42,0.471907109,1.25070138,1,1,1,0.298087597,3.20024838,3.20024838,0,0,0,0,0
11.8,0.912610895,-0.108707341,-3.74668719,0.0795407358,0.00688896229,FollowWall,following_right_wall,0,14,42,0.471467346,1.24282808,1,1,1,0.297653496,3.19999975,3.19999975,0,0,0,0,0
11.85,0.916578477,-0.108966443,-3.72608993,0.0795407358,0.00688896229,FollowWall,following_right_wall,0,14,42,0.471467346,1.24282808,1,1,1,0.297653496,3.1997522,3.1997522,0,0,0,0,0
11.9,0.920546569,-0.109224159,-3.70585176,0.0795274264,0.00708860338,FollowWall,following_right_wall,0,14,42,0.471043855,1.23497918,1,1,1,0.296815753,3.19950584,3.19950584,0,0,0,0,0
11.95,0.924514718,-0.10948047,-3.68558477,0.0795274264,0.00708860338,FollowWall,following_right_wall,0,14,42,0.471043855,1.23497918,1,1,1,0.296815753,3.19926091,3.19926091,0,0,0,0,0
12,0.928482938,-0.109735375,-3.66530096,0.0795401125,0.00689831321,FollowWall,following_right_wall,0,14,42,0.470652759,1.2271561,1,1,1,0.296292812,3.19901741,3.19901741,0,0,0,0,0
12.05,0.9324515,-0.1099889,-3.64523448,0.0795401125,0.00689831321,FollowWall,following_right_wall,0,14,42,0.470652759,1.2271561,1,1,1,0.296292812,3.19877518,3.19877518,0,0,0,0,0
12.1,0.936420297,-0.110241048,-3.62529478,0.0795306341,0.00704048886,FollowWall,following_right_wall,0,14,42,0.470291197,1.21935776,1,1,1,0.295507163,3.19853427,3.19853427,0,0,0,0,0
12.15,0.940389071,-0.110491804,-3.60525932,0.0795306341,0.00704048886,FollowWall,following_right_wall,0,14,42,0.470291197,1.21935776,1,1,1,0.295507163,3.19829481,3.19829481,0,0,0,0,0
12.2,0.944357868,-0.110741167,-3.58516801,0.079519797,0.00720304536,FollowWall,following_right_wall,0,14,42,0.469965279,1.21158452,1,1,1,0.294699728,3.19805679,3.19805679,0,0,0,0,0
12.25,0.948326489,-0.110989113,-3.56485008,0.079519797,0.00720304536,FollowWall,following_right_wall,0,14,42,0.469965279,1.21158452,1,1,1,0.294699728,3.19782032,3.19782032,0,0,0,0,0
12.3,0.952295044,-0.111235639,-3.54439994,0.0795394605,0.00690809324,FollowWall,following_right_wall,0,14,42,0.469679594,1.20383568,1,1,1,0.294245154,3.19758537,3.19758537,0,0,0,0,0
12.35,0.956264006,-0.111480777,-3.52422477,0.0795394605,0.00690809324,FollowWall,following_right_wall,0,14,42,0.469679594,1.20383568,1,1,1,0.294245154,3.19735165,3.19735165,0,0,0,0,0
12.4,0.96023324,-0.111724534,-3.50420999,0.07956144,0.0065784007,FollowWall,following_right_wall,0,14,42,0.469421536,1.19610897,1,1,1,0.293825179,3.19711924,3.19711924,0,0,0,0,0
12.45,0.964203124,-0.111966956,-3.48468232,0.07956144,0.0065784007,FollowWall,following_right_wall,0,14,42,0.469421536,1.19610897,1,1,1,0.293825179,3.19688789,3.19688789,0,0,0,0,0
12.5,0.96817342,-0.112208055,-3.46543879,0.0795600906,0.00659864038,FollowWall,following_right_wall,0,14,42,0.469181657,1.188402,1,1,1,0.293147773,3.19665772,3.19665772,0,0,0,0,0
12.55,0.97214396,-0.112447836,-3.44633685,0.0795600906,0.00659864038,FollowWall,following_right_wall,0,14,42,0.469181657,1.188402,1,1,1,0.293147773,3.1964288,3.1964288,0,0,0,0,0
12.6,0.976114676,-0.112686301,-3.4273175,0.0795672592,0.00649111187,FollowWall,following_right_wall,0,14,42,0.468966186,1.18071431,1,1,1,0.292582184,3.19620115,3.19620115,0,0,0,0,0
12.65,0.980085675,-0.112923467,-3.40847469,0.0795672592,0.00649111187,FollowWall,following_right_wall,0,14,42,0.468966186,1.18071431,1,1,1,0.292582184,3.19597472,3.19597472,0,0,0,0,0
12.7,0.984056872,-0.113159337,-3.38973485,0.079573437,0.00639844491,FollowWall,following_right_wall,0,14,42,0.468774855,1.17304435,1,1,1,0.292013168,3.19574953,3.19574953,0,0,0,0,0
12.75,0.988028343,-0.113393926,-3.3711657,0.079573437,0.00639844491,FollowWall,following_right_wall,0,14,42,0.468774855,1.17304435,1,1,1,0.292013168,3.19552553,3.19552553,0,0,0,0,0
12.8,0.992000006,-0.113627238,-3.35269612,0.0796053933,0.00591910121,FollowWall,following_right_wall,0,14,42,0.468606085,1.16539057,1,1,1,0.291759819,3.19530277,3.19530277,0,0,0,0,0
12.85,0.995972474,-0.113859335,-3.33485679,0.0796053933,0.00591910121,FollowWall,following_right_wall,0,14,42,0.468606085,1.16539057,1,1,1,0.291759819,3.19508086,3.19508086,0,0,0,0,0
12.9,0.999945441,-0.114090232,-3.3173851,0.0796166569,0.00575014683,FollowWall,following_right_wall,0,14,42,0.468446463,1.15731066,1,1,1,0.29128927,3.19485996,3.19485996,0,0,0,0,0
12.95,1.00391896,-0.11431996,-3.30032956,0.0796166569,0.00575014683,FollowWall,following_right_wall,0,14,42,0.468446463,1.15731066,1,1,1,0.29128927,3.19464,3.19464,0,0,0,0,0
13,1.00789283,-0.11454853,-3.28351675,0.0796111596,0.00583260669,FollowWall,following_right_wall,0,14,42,0.468296736,1.1491812,1,1,1,0.290645093,3.19442106,3.19442106,0,0,0,0,0
13.05,1.01186682,-0.114775938,-3.26674712,0.0796111596,0.00583260669,FollowWall,following_right_wall,0,14,42,0.468296736,1.1491812,1,1,1,0.290645093,3.19420327,3.19420327,0,0,0,0,0
13.1,1.0158409,-0.115002185,-3.25000268,0.0796355299,0.00546705214,FollowWall,following_right_wall,0,14,42,0.468165576,1.14107449,1,1,1,0.290361881,3.19398663,3.19398663,0,0,0,0,0
13.15,1.01981557,-0.115227316,-3.23370927,0.0796355299,0.00546705214,FollowWall,following_right_wall,0,14,42,0.468165576,1.14107449,1,1,1,0.290361881,3.19377085,3.19377085,0,0,0,0,0
13.2,1.02379061,-0.115451344,-3.21767897,0.0796663949,0.00500407682,FollowWall,following_right_wall,0,14,42,0.468042731,1.13299076,1,1,1,0.290176272,3.19355604,3.19355604,0,0,0,0,0
13.25,1.02776653,-0.11567433,-3.20235479,0.0796663949,0.00500407682,FollowWall,following_right_wall,0,14,42,0.468042731,1.13299076,1,1,1,0.290176272,3.19334187,3.19334187,0,0,0,0,0
13.3,1.03174299,-0.115896293,-3.18744251,0.0796814913,0.00477763033,FollowWall,following_right_wall,0,14,42,0.467916995,1.12493013,1,1,1,0.289840937,3.19312849,3.19312849,0,0,0,0,0
13.35,1.0357201,-0.116117272,-3.1730408,0.0796814913,0.00477763033,FollowWall,following_right_wall,0,14,42,0.467916995,1.12493013,1,1,1,0.289840937,3.19291581,3.19291581,0,0,0,0,0
13.4,1.03969761,-0.116337281,-3.15893692,0.0796922669,0.00461599683,FollowWall,following_right_wall,0,14,42,0.467789292,1.11689366,1,1,1,0.289485872,3.19270393,3.19270393,0,0,0,0,0
13.45,1.0436756,-0.116556347,-3.14519972,0.0796922669,0.00461599683,FollowWall,following_right_wall,0,14,42,0.467789292,1.11689366,1,1,1,0.289485872,3.19249279,3.19249279,0,0,0,0,0
13.5,1.04765389,-0.11677448,-3.13167642,0.0797142334,0.00428649918,FollowWall,following_right_wall,0,14,42,0.467661947,1.10888255,1,1,1,0.2892856,3.19228246,3.19228246,0,0,0,0,0
13.55,1.05163283,-0.116991726,-3.11867119,0.0797142334,0.00428649918,FollowWall,following_right_wall,0,14,42,0.467661947,1.10888255,1,1,1,0.2892856,3.19207272,3.19207272,0,0,0,0,0
13.6,1.05561217,-0.117208097,-3.10596818,0.0796892944,0.0046605844,FollowWall,following_right_wall,0,14,42,0.467529356,1.10088869,1,1,1,0.288563669,3.19186369,3.19186369,0,0,0,0,0
13.65,1.05959124,-0.11742356,-3.09299492,0.0796892944,0.0046605844,FollowWall,following_right_wall,0,14,42,0.467529356,1.10088869,1,1,1,0.288563669,3.19165573,3.19165573,0,0,0,0,0
13.7,1.06357019,-0.117638107,-3.07986403,0.0796704277,0.00494358427,FollowWall,following_right_wall,0,14,42,0.990975797,1.09267829,1,1,1,0.2879107,3.19144878,3.19144878,0,0,0,0,0
13.75,1.06754868,-0.1178517,-3.06630337,0.0796704277,0.00494358427,FollowWall,following_right_wall,0,14,42,0.990975797,1.09267829,1,1,1,0.2879107,3.19124304,3.19124304,0,0,0,0,0
13.8,1.07152693,-0.118064327,-3.05249202,0.0796949001,0.00457649867,FollowWall,following_right_wall,0,14,42,0.991288483,1.08448309,1,1,1,0.287748396,3.19103842,3.19103842,0,0,0,0,0
13.85,1.07550557,-0.118276023,-3.0389726,0.0796949001,0.00457649867,FollowWall,following_right_wall,0,14,42,0.991288483,1.08448309,1,1,1,0.287748396,3.19083456,3.19083456,0,0,0,0,0
13.9,1.07948446,-0.118486797,-3.02562348,0.0796912554,0.00463116943,FollowWall,following_right_wall,0,14,42,0.991625965,1.07630154,1,1,1,0.287269622,3.19063153,3.19063153,0,0,0,0,0
13.95,1.08346344,-0.118696647,-3.01230845,0.0796912554,0.00463116943,FollowWall,following_right_wall,0,14,42,0.991625965,1.07630154,1,1,1,0.287269622,3.19042941,3.19042941,0,0,0,0,0
14,1.08744249,-0.118905574,-2.99901329,0.079676359,0.00485461478,FollowWall,following_right_wall,0,14,42,0.991979778,1.06813614,1,1,1,0.286668688,3.1902282,3.1902282,0,0,0,0,0
14.05,1.09142129,-0.119113554,-2.98546301,0.079676359,0.00485461478,FollowWall,following_right_wall,0,14,42,0.991979778,1.06813614,1,1,1,0.286668688,3.1900281,3.1900281,0,0,0,0,0
14.1,1.09539996,-0.119320579,-2.97176392,0.0796643868,0.00503419798,FollowWall,following_right_wall,0,14,42,0.992323279,1.05999034,1,1,1,0.286096692,3.18982904,3.18982904,0,0,0,0,0
14.15,1.09937834,-0.119526623,-2.95776364,0.0796643868,0.00503419798,FollowWall,following_right_wall,0,14,42,0.992323279,1.05999034,1,1,1,0.286096692,3.18963115,3.18963115,0,0,0,0,0
14.2,1.10335657,-0.119731679,-2.94358769,0.079653247,0.00520129517,FollowWall,following_right_wall,0,14,42,0.992646456,1.05186639,1,1,1,0.285524726,3.18943435,3.18943435,0,0,0,0,0
14.25,1.10733449,-0.119935722,-2.92910979,0.079653247,0.00520129517,FollowWall,following_right_wall,0,14,42,0.992646456,1.05186639,1,1,1,0.285524726,3.18923874,3.18923874,0,0,0,0,0
14.3,1.11131226,-0.120138744,-2.91445576,0.0796301432,0.00554785202,FollowWall,following_right_wall,0,14,42,0.992946208,1.04376583,1,1,1,0.284803838,3.18904427,3.18904427,0,0,0,0,0
14.35,1.11528949,-0.120340699,-2.89928532,0.0796301432,0.00554785202,FollowWall,following_right_wall,0,14,42,0.992946208,1.04376583,1,1,1,0.284803838,3.18885116,3.18885116,0,0,0,0,0
14.4,1.11926642,-0.120541574,-2.88381363,0.0796407328,0.00538900858,FollowWall,following_right_wall,0,14,42,0.99320507,1.03569093,1,1,1,0.284455359,3.18865932,3.18865932,0,0,0,0,0
14.45,1.12324341,-0.120741376,-2.86835583,0.0796407328,0.00538900858,FollowWall,following_right_wall,0,14,42,0.99320507,1.03569093,1,1,1,0.284455359,3.18846856,3.18846856,0,0,0,0,0
14.5,1.12722048,-0.120940105,-2.85290612,0.0796335433,0.00549685117,FollowWall,following_right_wall,0,14,42,0.993454695,1.02764072,1,1,1,0.284106821,3.18827886,3.18827886,0,0,0,0,0
14.55,1.13119745,-0.121137751,-2.83733241,0.0796335433,0.00549685117,FollowWall,following_right_wall,0,14,42,0.993454695,1.02764072,1,1,1,0.284106821,3.18809033,3.18809033,0,0,0,0,0
14.6,1.13517439,-0.121334309,-2.82168636,0.0795946359,0.00608046193,FollowWall,following_right_wall,0,14,42,0.993691623,1.01961617,1,1,1,0.283579379,3.18790294,3.18790294,0,0,0,0,0
14.65,1.13915052,-0.121529713,-2.80530148,0.0795946359,0.00608046193,FollowWall,following_right_wall,0,14,42,0.993691623,1.01961617,1,1,1,0.283579379,3.18771714,3.18771714,0,0,0,0,0
14.7,1.14312622,-0.121723941,-2.78848562,0.0795728744,0.00640688362,FollowWall,following_right_wall,0,14,42,0.993867695,1.01162154,1,1,1,0.283180118,3.18753278,3.18753278,0,0,0,0,0
14.75,1.14710122,-0.121916943,-2.77102871,0.0795728744,0.00640688362,FollowWall,following_right_wall,0,14,42,0.993867695,1.01162154,1,1,1,0.283180118,3.18735002,3.18735002,0,0,0,0,0
14.8,1.15107585,-0.122108701,-2.75319786,0.0795551064,0.00667340374,FollowWall,following_right_wall,0,14,42,0.993977427,1.00365767,1,1,1,0.282752186,3.18716874,3.18716874,0,0,0,0,0
14.85,1.15504992,-0.122299173,-2.73483074,0.0795551064,0.00667340374,FollowWall,following_right_wall,0,14,42,0.993977427,1.00365767,1,1,1,0.282752186,3.18698907,3.18698907,0,0,0,0,0
14.9,1.15902368,-0.122488343,-2.7161508,0.05,0.00650354427,FollowWall,following_right_wall,0,14,42,0.994027197,0.995724315,1,1,1,0.282588124,3.1868109,3.1868109,0,0,0,0,0
14.95,1.16238225,-0.12264713,-2.69749113,0.05,0.00650354427,FollowWall,following_right_wall,0,14,42,0.994027197,0.995724315,1,1,1,0.282588124,3.18666311,3.18666311,0,0,0,0,0
15,1.16538197,-0.122787972,-2.67884329,0.05,0.00647955848,FollowWall,following_right_wall,0,14,42,0.993861794,0.989403522,1,1,1,0.282218724,3.18653326,3.18653326,0,0,0,0,0
15.05,1.16817237,-0.122918077,-2.66023098,0.05,0.00647955848,FollowWall,following_right_wall,0,14,42,0.993861794,0.989403522,1,1,1,0.282218724,3.18641414,3.18641414,0,0,0,0,0
15.1,1.17084067,-0.123041621,-2.6416394,0.05,0.0514330122,AdvanceRight,advancing_past_measured_edge,0,14,42,0.993579447,0.983997491,1,1,1,0.281812161,3.18630158,3.18630158,0,0,0,0,0
15.15,1.17343783,-0.123159808,-2.56940067,0.05,0.0499200478,AdvanceRight,advancing_past_measured_edge,0,14,42,0.993579447,0.983997491,1,1,1,0.281812161,3.18622615,3.18622615,0,0,0,0,0
15.2,1.17599361,-0.123272224,-2.46767375,0.05,0.0477894841,AdvanceRight,advancing_past_measured_edge,0,14,42,0.989577174,0.97902301,1,1,1,0.281398475,3.18617419,3.18617419,0,0,0,0,0
15.25,1.17852534,-0.123378755,-2.35128855,0.05,0.0453519181,AdvanceRight,advancing_past_measured_edge,0,14,42,0.989577174,0.97902301,1,1,1,0.281398475,3.18613718,3.18613718,0,0,0,0,0
15.3,1.18104315,-0.123479452,-2.22926232,0.05,0.0427962067,AdvanceRight,advancing_past_measured_edge,0,14,42,0.983877718,0.97423153,1,1,1,0.281141341,3.18610977,3.18610977,0,0,0,0,0
15.35,1.18355291,-0.12357447,-2.10699614,0.05,0.0402354699,AdvanceRight,advancing_past_measured_edge,0,14,42,0.983877718,0.97423153,1,1,1,0.281141341,3.1860886,3.1860886,0,0,0,0,0
15.4,1.18605806,-0.123664023,-1.98764665,0.05,0.03773582,AdvanceRight,advancing_past_measured_edge,0,14,42,0.978141546,0.969507501,1,1,1,0.280844778,3.18607153,3.18607153,0,0,0,0,0
15.45,1.18856057,-0.123748365,-1.8729823,0.05,0.0353342954,AdvanceRight,advancing_past_measured_edge,0,14,42,0.978141546,0.969507501,1,1,1,0.280844778,3.1860572,3.1860572,0,0,0,0,0
15.5,1.1910616,-0.123827769,-1.76391755,0.05,0.0330500486,AdvanceRight,advancing_past_measured_edge,0,14,42,0.972911239,0.964805917,1,1,1,0.280476719,3.18604471,3.18604471,0,0,0,0,0
15.55,1.19356182,-0.123902515,-1.66084585,0.05,0.0308913202,AdvanceRight,advancing_past_measured_edge,0,14,42,0.972911239,0.964805917,1,1,1,0.280476719,3.18603351,3.18603351,0,0,0,0,0
15.6,1.19606162,-0.12397288,-1.5638469,0.05,0.0288597789,AdvanceRight,advancing_past_measured_edge,0,14,42,0.96831423,0.960108846,1,1,1,0.280181438,3.18602322,3.18602322,0,0,0,0,0
15.65,1.19856119,-0.124039134,-1.47281536,0.05,0.0269532186,AdvanceRight,advancing_past_measured_edge,0,14,42,0.96831423,0.960108846,1,1,1,0.280181438,3.18601357,3.18601357,0,0,0,0,0
15.7,1.20106068,-0.124101537,-1.38754059,0.05,0.0251672281,AdvanceRight,advancing_past_measured_edge,0,14,42,0.964332581,0.955409281,1,1,1,0.280162245,3.1860044,3.1860044,0,0,0,0,0
15.75,1.20356014,-0.124160338,-1.30775581,0.05,0.0234962195,AdvanceRight,advancing_past_measured_edge,0,14,42,0.964332581,0.955409281,1,1,1,0.280162245,3.18599558,3.18599558,0,0,0,0,0
15.8,1.20605962,-0.124215769,-1.23316814,0.05,0.021934059,AdvanceRight,advancing_past_measured_edge,0,14,42,0.960903525,0.950704847,1,1,1,0.279923648,3.18598704,3.18598704,0,0,0,0,0
15.85,1.20855913,-0.124268053,-1.16347681,0.05,0.0204744473,AdvanceRight,advancing_past_measured_edge,0,14,42,0.960903525,0.950704847,1,1,1,0.279923648,3.1859787,3.1859787,0,0,0,0,0
15.9,1.21105867,-0.124317397,-1.09838397,0.05,0.0191111459,AdvanceRight,advancing_past_measured_edge,0,14,42,0.957956076,0.94599495,1,1,1,0.279719681,3.18597053,3.18597053,0,0,0,0,0
15.95,1.21355825,-0.124363995,-1.03760089,0.05,0.0178381081,AdvanceRight,advancing_past_measured_edge,0,14,42,0.957956076,0.94599495,1,1,1,0.279719681,3.18596247,3.18596247,0,0,0,0,0
16,1.21605788,-0.124408028,-0.980851422,0.05,0.0166495501,AdvanceRight,advancing_past_measured_edge,0,14,42,0.955423236,0.941279947,1,1,1,0.279638171,3.18595452,3.18595452,0,0,0,0,0
16.05,1.21855753,-0.124449668,-0.927873629,0.05,0.0155399858,AdvanceRight,advancing_past_measured_edge,0,14,42,0.955423236,0.941279947,1,1,1,0.279638171,3.18594664,3.18594664,0,0,0,0,0
16.1,1.22105723,-0.124489074,-0.878420425,0.05,0.0145042403,AdvanceRight,advancing_past_measured_edge,0,14,42,0.953245819,0.936480719,1,1,1,0.279596567,3.18593882,3.18593882,0,0,0,0,0
16.15,1.22355695,-0.124526394,-0.832259561,0.05,0.0135374494,AdvanceRight,advancing_past_measured_edge,0,14,42,0.953245819,0.936480719,1,1,1,0.279596567,3.18593104,3.18593104,0,0,0,0,0
16.2,1.2260567,-0.124561767,-0.789173251,0.05,0.0126350518,AdvanceRight,advancing_past_measured_edge,0,14,42,0.951372325,0.931533075,1,1,1,0.279611886,3.18592329,3.18592329,0,0,0,0,0
16.25,1.22855648,-0.124595323,-0.748957587,0.05,0.0117927769,AdvanceRight,advancing_past_measured_edge,0,14,42,0.951372325,0.931533075,1,1,1,0.279611886,3.18591557,3.18591557,0,0,0,0,0
16.3,1.23105627,-0.124627182,-0.71142186,0.05,0.0110066305,AdvanceRight,advancing_past_measured_edge,0,14,42,0.94975853,0.926597166,1,1,1,0.279512048,3.18590786,3.18590786,0,0,0,0,0
16.35,1.23355609,-0.124657459,-0.676387821,0.05,0.0102728793,AdvanceRight,advancing_past_measured_edge,0,14,42,0.94975853,0.926597166,1,1,1,0.279512048,3.18590016,3.18590016,0,0,0,0,0
16.4,1.23605593,-0.124686258,-0.643688953,0.05,0.00958803581,AdvanceRight,advancing_past_measured_edge,0,14,42,0.948366642,0.921672752,1,1,1,0.279114276,3.18589246,3.18589246,0,0,0,0,0
16.45,1.23855578,-0.124713678,-0.613169738,0.05,0.00894884287,AdvanceRight,advancing_past_measured_edge,0,14,42,0.948366642,0.921672752,1,1,1,0.279114276,3.18588476,3.18588476,0,0,0,0,0
16.5,1.24105564,-0.12473981,-0.584684968,0.05,0.00835225925,AdvanceRight,advancing_past_measured_edge,0,14,42,0.947164118,0.916759834,1,1,1,0.278841823,3.18587705,3.18587705,0,0,0,0,0
16.55,1.24355552,-0.124764742,-0.558099077,0.05,0.00779544566,AdvanceRight,advancing_past_measured_edge,0,14,42,0.947164118,0.916759834,1,1,1,0.278841823,3.18586934,3.18586934,0,0,0,0,0
16.6,1.2460554,-0.124788552,-0.533285513,0.05,0.00727575159,AdvanceRight,advancing_past_measured_edge,0,14,42,0.946123064,0.911858471,1,1,1,0.279047221,3.18586162,3.18586162,0,0,0,0,0
16.65,1.2485553,-0.124811315,-0.510126145,0.05,0.00679070292,AdvanceRight,advancing_past_measured_edge,0,14,42,0.946123064,0.911858471,1,1,1,0.279047221,3.18585389,3.18585389,0,0,0,0,0
16.7,1.2510552,-0.124833102,-0.48851071,0.05,0.00633799029,AdvanceRight,advancing_past_measured_edge,0,14,42,0.945219517,0.906968603,1,1,1,0.279258072,3.18584614,3.18584614,0,0,0,0,0
16.75,1.25355512,-0.124853977,-0.468336287,0.05,0.00591545817,AdvanceRight,advancing_past_measured_edge,0,14,42,0.945219517,0.906968603,1,1,1,0.279258072,3.18583839,3.18583839,0,0,0,0,0
16.8,1.25605504,-0.124874001,-0.449506816,0.05,0.00552109465,AdvanceRight,advancing_past_measured_edge,0,14,42,0.944432795,0.902090172,1,1,1,0.279303074,3.18583062,3.18583062,0,0,0,0,0
16.85,1.25855496,-0.12489323,-0.431932636,0.05,0.00515302189,AdvanceRight,advancing_past_measured_edge,0,14,42,0.944432795,0.902090172,1,1,1,0.279303074,3.18582283,3.18582283,0,0,0,0,0
16.9,1.26105489,-0.124911719,-0.415530064,0.05,0.00480948723,AdvanceRight,advancing_past_measured_edge,0,14,42,0.943745255,0.897098966,1,1,1,0.279147536,3.18581503,3.18581503,0,0,0,0,0
16.95,1.26355483,-0.124929516,-0.400220995,0.05,0.00448885484,AdvanceRight,advancing_past_measured_edge,0,14,42,0.943745255,0.897098966,1,1,1,0.279147536,3.18580722,3.18580722,0,0,0,0,0
17,1.26605477,-0.124946667,-0.385932529,0.05,0.0041895979,AdvanceRight,advancing_past_measured_edge,0,14,42,0.94314152,0.89200816,1,1,1,0.278984129,3.18579939,3.18579939,0,0,0,0,0
17.05,1.26855472,-0.124963215,-0.372596626,0.05,0.00391029141,AdvanceRight,advancing_past_measured_edge,0,14,42,0.94314152,0.89200816,1,1,1,0.278984129,3.18579155,3.18579155,0,0,0,0,0
17.1,1.27105467,-0.124979201,-0.360149783,0.05,0.00364960534,AdvanceRight,advancing_past_measured_edge,0,14,42,0.942608416,0.886925913,1,1,1,0.278812528,3.1857837,3.1857837,0,0,0,0,0
17.15,1.27355462,-0.124994662,-0.348532729,0.05,0.00340629833,AdvanceRight,advancing_past_measured_edge,0,14,42,0.942608416,0.886925913,1,1,1,0.278812528,3.18577583,3.18577583,0,0,0,0,0
17.2,1.27605457,-0.125009633,-0.337690145,0.05,0.00317921178,AdvanceRight,advancing_past_measured_edge,0,14,42,0.942134619,0.881853235,1,1,1,0.278715461,3.18576795,3.18576795,0,0,0,0,0
17.25,1.27855453,-0.125024147,-0.3275704,0.05,0.00296726433,AdvanceRight,advancing_past_measured_edge,0,14,42,0.942134619,0.881853235,1,1,1,0.278715461,3.18576006,3.18576006,0,0,0,0,0
17.3,1.28105449,-0.125038234,-0.318125305,0.05,0.00276944671,AdvanceRight,advancing_past_measured_edge,0,14,42,0.941710293,0.876791019,1,1,1,0.278784871,3.18575215,3.18575215,0,0,0,0,0
17.35,1.28355445,-0.125051922,-0.309309882,0.05,0.00258481693,AdvanceRight,advancing_past_measured_edge,0,14,42,0.941710293,0.876791019,1,1,1,0.278784871,3.18574423,3.18574423,0,0,0,0,0
17.4,1.28605442,-0.125065239,-0.301082154,0.05,0.00241249581,AdvanceRight,advancing_past_measured_edge,0,14,42,0.941327095,0.871740095,1,1,1,0.278661817,3.18573631,3.18573631,0,0,0,0,0
17.45,1.28855438,-0.125078208,-0.293402942,0.05,0.00225166275,AdvanceRight,advancing_past_measured_edge,0,14,42,0.941327095,0.871740095,1,1,1,0.278661817,3.18572837,3.18572837,0,0,0,0,0
17.5,1.29105435,-0.125090854,-0.286235676,0.05,0.0021015519,AdvanceRight,advancing_past_measured_edge,0,14,42,0.938099682,0.866701059,1,1,1,0.2783885,3.18572042,3.18572042,0,0,0,0,0
17.55,1.29355432,-0.125103197,-0.279546229,0.05,0.00196144844,AdvanceRight,advancing_past_measured_edge,0,14,42,0.938099682,0.866701059,1,1,1,0.2783885,3.18571246,3.18571246,0,0,0,0,0
17.6,1.29605429,-0.125115259,-0.273302745,0.05,0.00183068521,AdvanceRight,advancing_past_measured_edge,0,14,42,0.933187783,0.861674505,1,1,1,0.278155684,3.18570449,3.18570449,0,0,0,0,0
17.65,1.29855426,-0.125127057,-0.267475493,0.05,0.00170863953,AdvanceRight,advancing_past_measured_edge,0,14,42,0.933187783,0.861674505,1,1,1,0.278155684,3.18569652,3.18569652,0,0,0,0,0
17.7,1.30105424,-0.125138609,-0.262036724,0.05,0.00159473023,AdvanceRight,advancing_past_measured_edge,0,14,42,0.928145528,0.856660967,1,1,1,0.278018683,3.18568853,3.18568853,0,0,0,0,0
17.75,1.30355421,-0.125149931,-0.25696054,0.05,0.00148841488,AdvanceRight,advancing_past_measured_edge,0,14,42,0.928145528,0.856660967,1,1,1,0.278018683,3.18568054,3.18568054,0,0,0,0,0
17.8,1.30605419,-0.12516104,-0.252222768,0.05,0.00138918722,AdvanceRight,advancing_past_measured_edge,0,14,42,0.922989964,0.851660744,1,1,1,0.278080195,3.18567254,3.18567254,0,0,0,0,0
17.85,1.30855416,-0.125171949,-0.247800848,0.05,0.00129657474,AdvanceRight,advancing_past_measured_edge,0,14,42,0.922989964,0.851660744,1,1,1,0.278080195,3.18566454,3.18566454,0,0,0,0,0
17.9,1.31105414,-0.125182671,-0.243673723,0.05,0.00121013643,AdvanceRight,advancing_past_measured_edge,0,14,42,0.917845845,0.846674191,1,1,1,0.277828336,3.18565652,3.18565652,0,0,0,0,0
17.95,1.31355412,-0.125193219,-0.239821739,0.05,0.00112946066,AdvanceRight,advancing_past_measured_edge,0,14,42,0.917845845,0.846674191,1,1,1,0.277828336,3.18564851,3.18564851,0,0,0,0,0
18,1.3160541,-0.125203605,-0.236226554,0.05,0.00105416329,AdvanceRight,advancing_past_measured_edge,0,14,42,0.912713945,0.841701427,1,1,1,0.277572066,3.18564048,3.18564048,0,0,0,0,0
18.05,1.31855408,-0.125213839,-0.232871048,0.05,0.000983885735,AdvanceRight,advancing_past_measured_edge,0,14,42,0.912713945,0.841701427,1,1,1,0.277572066,3.18563245,3.18563245,0,0,0,0,0
18.1,1.32105406,-0.125223932,-0.229739242,0.05,0.000918293352,AdvanceRight,advancing_past_measured_edge,0,14,42,0.90759474,0.836742691,1,1,1,0.277650565,3.18562442,3.18562442,0,0,0,0,0
18.15,1.32355404,-0.125233892,-0.226816224,0.05,0.000857073795,AdvanceRight,advancing_past_measured_edge,0,14,42,0.90759474,0.836742691,1,1,1,0.277650565,3.18561638,3.18561638,0,0,0,0,0
18.2,1.32605402,-0.125243729,-0.224088073,0.05,0.000799935542,AdvanceRight,advancing_past_measured_edge,0,14,42,0.902488768,0.831797922,1,1,1,0.277875841,3.18560833,3.18560833,0,0,0,0,0
18.25,1.328554,-0.125253451,-0.221541799,0.05,0.000746606506,AdvanceRight,advancing_past_measured_edge,0,14,42,0.902488768,0.831797922,1,1,1,0.277875841,3.18560028,3.18560028,0,0,0,0,0
18.3,1.33105398,-0.125263066,-0.219165277,0.05,0.000696832739,AdvanceRight,advancing_past_measured_edge,0,14,42,0.897396445,0.826867062,1,1,1,0.277975619,3.18559223,3.18559223,0,0,0,0,0
18.35,1.33355396,-0.125272581,-0.216947189,0.05,0.000650377223,AdvanceRight,advancing_past_measured_edge,0,14,42,0.897396445,0.826867062,1,1,1,0.277975619,3.18558417,3.18558417,0,0,0,0,0
18.4,1.33605394,-0.125282002,-0.214876974,0.05,0.000607018742,AdvanceRight,advancing_past_measured_edge,0,14,42,0.892318249,0.821950051,1,1,1,0.278130174,3.18557611,3.18557611,0,0,0,0,0
18.45,1.33855393,-0.125291335,-0.212944774,0.05,0.000566550826,AdvanceRight,advancing_past_measured_edge,0,14,42,0.892318249,0.821950051,1,1,1,0.278130174,3.18556805,3.18556805,0,0,0,0,0
18.5,1.34105391,-0.125300587,-0.211141386,0.05,0.000528780771,AdvanceRight,advancing_past_measured_edge,0,14,42,0.887254417,0.816977545,1,1,1,0.278115541,3.18555998,3.18555998,0,0,0,0,0
18.55,1.34355389,-0.125309763,-0.209458225,0.05,0.000493528719,AdvanceRight,advancing_past_measured_edge,0,14,42,0.887254417,0.816977545,1,1,1,0.278115541,3.18555191,3.18555191,0,0,0,0,0
18.6,1.34605388,-0.125318868,-0.207887274,0.05,0.000460626805,AdvanceRight,advancing_past_measured_edge,0,14,42,0.882205248,0.811929951,1,1,1,0.278078884,3.18554384,3.18554384,0,0,0,0,0
18.65,1.34855386,-0.125327907,-0.206421053,0.05,0.000429918351,AdvanceRight,advancing_past_measured_edge,0,14,42,0.882205248,0.811929951,1,1,1,0.278078884,3.18553577,3.18553577,0,0,0,0,0
18.7,1.35105384,-0.125336884,-0.205052581,0.05,0.000401257128,AdvanceRight,advancing_past_measured_edge,0,14,42,0.87717092,0.806897195,1,1,1,0.278215647,3.18552769,3.18552769,0,0,0,0,0
18.75,1.35355383,-0.125345803,-0.20377534,0.05,0.000374506652,AdvanceRight,advancing_past_measured_edge,0,14,42,0.87717092,0.806897195,1,1,1,0.278215647,3.18551961,3.18551961,0,0,0,0,0
18.8,1.35605381,-0.125354669,-0.202583248,0.05,0.000349539542,AdvanceRight,advancing_past_measured_edge,0,14,42,0.872151673,0.801879514,1,1,1,0.278227538,3.18551153,3.18551153,0,0,0,0,0
18.85,1.3585538,-0.125363484,-0.201470629,0.05,0.000326236906,AdvanceRight,advancing_past_measured_edge,0,14,42,0.872151673,0.801879514,1,1,1,0.278227538,3.18550345,3.18550345,0,0,0,0,0
18.9,1.36105378,-0.125372252,-0.200432185,0.05,0.000304487779,AdvanceRight,advancing_past_measured_edge,0,14,42,0.867147565,0.796876967,1,1,1,0.278323233,3.18549536,3.18549536,0,0,0,0,0
18.95,1.36355377,-0.125380976,-0.19946297,0.05,0.000284188594,AdvanceRight,advancing_past_measured_edge,0,14,42,0.867147565,0.796876967,1,1,1,0.278323233,3.18548727,3.18548727,0,0,0,0,0
19,1.36605375,-0.12538966,-0.19855837,0.05,0.000265242687,AdvanceRight,advancing_past_measured_edge,0,14,42,0.862158597,0.791889556,1,1,1,0.27853024,3.18547919,3.18547919,0,0,0,0,0
19.05,1.36855374,-0.125398305,-0.197714076,0.05,0.000247559842,AdvanceRight,advancing_past_measured_edge,0,14,42,0.862158597,0.791889556,1,1,1,0.27853024,3.1854711,3.1854711,0,0,0,0,0
19.1,1.37105372,-0.125406915,-0.196926069,0.05,0.000231055852,AdvanceRight,advancing_past_measured_edge,0,14,42,0.857184768,0.78683188,1,1,1,0.278615952,3.185463,3.185463,0,0,0,0,0
19.15,1.37355371,-0.125415491,-0.196190595,0.05,0.000215652129,AdvanceRight,advancing_past_measured_edge,0,14,42,0.857184768,0.78683188,1,1,1,0.278615952,3.18545491,3.18545491,0,0,0,0,0
19.2,1.37605369,-0.125424037,-0.195504153,0.05,0.00020127532,AdvanceRight,advancing_past_measured_edge,0,14,42,0.852226019,0.781768506,1,1,1,0.278711885,3.18544682,3.18544682,0,0,0,0,0
19.25,1.37855368,-0.125432553,-0.194863474,0.05,0.000187856965,AdvanceRight,advancing_past_measured_edge,0,14,42,0.852226019,0.781768506,1,1,1,0.278711885,3.18543872,3.18543872,0,0,0,0,0
19.3,1.38105366,-0.125441042,-0.194265506,0.05,0.000175333168,AdvanceRight,advancing_past_measured_edge,0,14,42,0.847282112,0.776719524,1,1,1,0.278770208,3.18543063,3.18543063,0,0,0,0,0
19.35,1.38355365,-0.125449507,-0.193707404,0.05,0.00016364429,AdvanceRight,advancing_past_measured_edge,0,14,42,0.847282112,0.776719524,1,1,1,0.278770208,3.18542253,3.18542253,0,0,0,0,0
19.4,1.38605363,-0.125457947,-0.193186508,0.05,0.000152734671,AdvanceRight,advancing_past_measured_edge,0,14,42,0.842352867,0.771685172,1,1,1,0.278814048,3.18541443,3.18541443,0,0,0,0,0
19.45,1.38855362,-0.125466366,-0.192700338,0.05,0.000142552359,AdvanceRight,advancing_past_measured_edge,0,14,42,0.842352867,0.771685172,1,1,1,0.278814048,3.18540633,3.18540633,0,0,0,0,0
19.5,1.39105361,-0.125474764,-0.19224658,0.05,0.000133048869,AdvanceRight,advancing_past_measured_edge,0,14,42,0.837438047,0.766665567,1,1,1,0.27920866,3.18539823,3.18539823,0,0,0,0,0
19.55,1.39355359,-0.125483143,-0.191823072,0.05,0.000124178944,AdvanceRight,advancing_past_measured_edge,0,14,42,0.837438047,0.766665567,1,1,1,0.27920866,3.18539013,3.18539013,0,0,0,0,0
19.6,1.39605358,-0.125491505,-0.191427798,0.05,0.000115900348,AdvanceRight,advancing_past_measured_edge,0,14,42,0.832537353,0.761660947,1,1,1,0.279239267,3.18538203,3.18538203,0,0,0,0,0
19.65,1.39855356,-0.125499849,-0.191058876,0.05,0.000108173658,AdvanceRight,advancing_past_measured_edge,0,14,42,0.832537353,0.761660947,1,1,1,0.279239267,3.18537393,3.18537393,0,0,0,0,0
19.7,1.40105355,-0.125508178,-0.190714549,0.05,0.000100962081,AdvanceRight,advancing_past_measured_edge,0,14,42,0.827650368,0.756671312,1,1,1,0.279579431,3.18536583,3.18536583,0,0,0,0,0
19.75,1.40355354,-0.125516493,-0.190393176,0.05,9.42312753e-05,AdvanceRight,advancing_past_measured_edge,0,14,42,0.827650368,0.756671312,1,1,1,0.279579431,3.18535773,3.18535773,0,0,0,0,0
19.8,1.40605352,-0.125524794,-0.190093229,0.05,8.79491903e-05,AdvanceRight,advancing_past_measured_edge,0,14,42,0.822776675,0.751696662,1,1,1,0.279742569,3.18534962,3.18534962,0,0,0,0,0
19.85,1.40855351,-0.125533082,-0.189813278,0.05,8.2085911e-05,AdvanceRight,advancing_past_measured_edge,0,14,42,0.822776675,0.751696662,1,1,1,0.279742569,3.18534152,3.18534152,0,0,0,0,0
19.9,1.41105349,-0.125541358,-0.18955199,0.05,7.66135169e-05,AdvanceRight,advancing_past_measured_edge,0,14,42,0.817915797,0.746736878,1,1,1,0.280548483,3.18533341,3.18533341,0,0,0,0,0
19.95,1.41355348,-0.125549624,-0.189308122,0.05,7.15059491e-05,AdvanceRight,advancing_past_measured_edge,0,14,42,0.817915797,0.746736878,1,1,1,0.280548483,3.18532531,3.18532531,0,0,0,0,0
20,1.41605347,-0.125557879,-0.189080511,0.05,6.67388858e-05,AdvanceRight,advancing_past_measured_edge,0,14,42,0.813067198,0.741791901,1,1,1,0.28077215,3.1853172,3.1853172,0,0,0,0,0
20.05,1.41855345,-0.125566124,-0.188868075,0.05,6.22896268e-05,AdvanceRight,advancing_past_measured_edge,0,14,42,0.813067198,0.741791901,1,1,1,0.28077215,3.1853091,3.1853091,0,0,0,0,0
20.1,1.42105344,-0.125574361,-0.188669801,0.05,5.8136985e-05,AdvanceRight,advancing_past_measured_edge,0,14,42,0.808230281,0.736861554,1,1,1,0.281598568,3.18530099,3.18530099,0,0,0,0,0
20.15,1.42355343,-0.125582589,-0.188484745,0.05,5.4261186e-05,AdvanceRight,advancing_past_measured_edge,0,14,42,0.808230281,0.736861554,1,1,1,0.281598568,3.18529288,3.18529288,0,0,0,0,0
20.2,1.42605341,-0.12559081,-0.188312026,0.05,5.06437736e-05,AdvanceRight,advancing_past_measured_edge,0,14,42,0.803148866,0.731938796,1,1,1,0.28253299,3.18528478,3.18528478,0,0,0,0,0
20.25,1.4285534,-0.125599023,-0.188150822,0.05,4.7267522e-05,AdvanceRight,advancing_past_measured_edge,0,14,42,0.803148866,0.731938796,1,1,1,0.28253299,3.18527667,3.18527667,0,0,0,0,0
20.3,1.43105339,-0.125607229,-0.188000365,0.05,4.41163539e-05,AdvanceRight,advancing_past_measured_edge,0,14,42,0.797983468,0.726881388,1,0,1,3.16382766,3.18526856,3.18526856,0,0,0,0,0
20.35,1.43355337,-0.125615429,-0.187859938,0.05,4.11752636e-05,AdvanceRight,advancing_past_measured_edge,0,14,42,0.797983468,0.726881388,1,0,1,3.16382766,3.18526046,3.18526046,0,0,0,0,0
20.4,1.43605336,-0.125623623,-0.187728873,0.05,3.8430246e-05,AdvanceRight,advancing_past_measured_edge,0,14,42,0.792829812,0.721838851,1,0,1,3.14426494,3.18525235,3.18525235,0,0,0,0,0
20.45,1.43855335,-0.125631812,-0.187606546,0.05,3.58682296e-05,AdvanceRight,advancing_past_measured_edge,0,14,42,0.792829812,0.721838851,1,0,1,3.14426494,3.18524424,3.18524424,0,0,0,0,0
20.5,1.44105333,-0.125639995,-0.187492374,0.05,3.34770143e-05,AdvanceRight,advancing_past_measured_edge,0,14,42,0.787688375,0.716811365,1,0,1,3.1247108,3.18523613,3.18523613,0,0,0,0,0
20.55,1.44355332,-0.125648174,-0.187385813,0.05,3.12452134e-05,AdvanceRight,advancing_past_measured_edge,0,14,42,0.787688375,0.716811365,1,0,1,3.1247108,3.18522802,3.18522802,0,0,0,0,0
20.6,1.44605331,-0.125656348,-0.187286357,0.05,2.91621992e-05,AdvanceRight,advancing_past_measured_edge,0,14,42,0.782559812,0.711799049,1,0,1,3.10516262,3.18521991,3.18521991,0,0,0,0,0
20.65,1.44855329,-0.125664518,-0.187193531,0.05,2.72180525e-05,AdvanceRight,advancing_past_measured_edge,0,14,42,0.782559812,0.711799049,1,0,1,3.10516262,3.18521181,3.18521181,0,0,0,0,0
20.7,1.45105328,-0.125672684,-0.187106893,0.05,2.54035157e-05,AdvanceRight,advancing_past_measured_edge,0,14,42,0.777444482,0.706801902,1,0,1,3.08561897,3.1852037,3.1852037,0,0,0,0,0
20.75,1.45355327,-0.125680846,-0.187026031,0.05,2.3709948e-05,AdvanceRight,advancing_past_measured_edge,0,14,42,0.777444482,0.706801902,1,0,1,3.08561897,3.18519559,3.18519559,0,0,0,0,0
20.8,1.45605325,-0.125689005,-0.18695056,0.05,2.21292848e-05,AdvanceRight,advancing_past_measured_edge,0,14,42,0.77234298,0.701819984,1,0,1,3.21510053,3.18518748,3.18518748,0,0,0,0,0
20.85,1.45855324,-0.12569716,-0.18688012,0.05,2.06539991e-05,AdvanceRight,advancing_past_measured_edge,0,14,42,0.77234298,0.701819984,1,0,1,3.21510053,3.18517937,3.18517937,0,0,0,0,0
20.9,1.46105323,-0.125705313,-0.186814376,0.05,1.92770659e-05,AdvanceRight,advancing_past_measured_edge,0,14,42,0.767255545,0.696853176,1,0,1,3.1943512,3.18517126,3.18517126,0,0,0,0,0
20.95,1.46355321,-0.125713463,-0.186753016,0.05,1.79919281e-05,AdvanceRight,advancing_past_measured_edge,0,14,42,0.767255545,0.696853176,1,0,1,3.1943512,3.18516315,3.18516315,0,0,0,0,0
21,1.4660532,-0.12572161,-0.186695746,0.05,1.67924663e-05,AdvanceRight,advancing_past_measured_edge,0,14,42,0.762182593,0.691901419,1,0,1,3.17362142,3.18515504,3.18515504,0,0,0,0,0
21.05,1.46855319,-0.125729755,-0.186642293,0.05,1.56729685e-05,AdvanceRight,advancing_past_measured_edge,0,14,42,0.762182593,0.691901419,1,0,1,3.17362142,3.18514693,3.18514693,0,0,0,0,0
21.1,1.47105317,-0.125737898,-0.186592405,0.05,1.46281039e-05,AdvanceRight,advancing_past_measured_edge,0,14,42,0.757124305,0.686964534,1,0,1,3.15291047,3.18513882,3.18513882,0,0,0,0,0
21.15,1.47355316,-0.125746039,-0.186545842,0.05,1.3652897e-05,AdvanceRight,advancing_past_measured_edge,0,14,42,0.757124305,0.686964534,1,0,1,3.15291047,3.18513071,3.18513071,0,0,0,0,0
21.2,1.47605315,-0.125754177,-0.186502384,0.05,1.27427039e-05,AdvanceRight,advancing_past_measured_edge,0,14,42,0.752081037,0.681644899,1,0,1,3.13221741,3.1851226,3.1851226,0,0,0,0,0
21.25,1.47855313,-0.125762314,-0.186461822,0.05,1.18931903e-05,AdvanceRight,advancing_past_measured_edge,0,14,42,0.752081037,0.681644899,1,0,1,3.13221741,3.18511449,3.18511449,0,0,0,0,0
21.3,1.48105312,-0.125770449,-0.186423965,0.05,1.11003109e-05,AdvanceRight,advancing_past_measured_edge,0,14,42,0.747052848,0.676630012,1,0,1,3.11154175,3.18510638,3.18510638,0,0,0,0,0
21.35,1.48355311,-0.125778583,-0.186388632,0.05,1.03602902e-05,AdvanceRight,advancing_past_measured_edge,0,14,42,0.747052848,0.676630012,1,0,1,3.11154175,3.18509827,3.18509827,0,0,0,0,0
21.4,1.48605309,-0.125786715,-0.186355654,0.05,9.66960419e-06,AdvanceRight,advancing_past_measured_edge,0,14,42,0.742036581,0.671630154,1,0,1,3.09088278,3.18509016,3.18509016,0,0,0,0,0
21.45,1.48855308,-0.125794845,-0.186324875,0.05,9.02496391e-06,AdvanceRight,advancing_past_measured_edge,0,14,42,0.742036581,0.671630154,1,0,1,3.09088278,3.18508205,3.18508205,0,0,0,0,0
21.5,1.49105307,-0.125802975,-0.186296147,0.05,8.42329965e-06,AdvanceRight,advancing_past_measured_edge,0,14,42,0.737002015,0.666645383,1,0,1,3.13146186,3.18507394,3.18507394,0,0,0,0,0
21.55,1.49355305,-0.125811103,-0.186269335,0.05,7.86174634e-06,AdvanceRight,advancing_past_measured_edge,0,14,42,0.737002015,0.666645383,1,0,1,3.13146186,3.18506583,3.18506583,0,0,0,0,0
21.6,1.49605304,-0.12581923,-0.18624431,0.05,7.33762992e-06,AdvanceRight,advancing_past_measured_edge,0,14,42,0.731982648,0.661675642,1,0,1,3.21336222,3.18505772,3.18505772,0,0,0,0,0
21.65,1.49855303,-0.125827356,-0.186220954,0.05,6.84845459e-06,AdvanceRight,advancing_past_measured_edge,0,14,42,0.731982648,0.661675642,1,0,1,3.21336222,3.18504961,3.18504961,0,0,0,0,0
21.7,1.50105301,-0.125835481,-0.186199155,0.05,6.39189095e-06,AdvanceRight,advancing_past_measured_edge,0,14,42,0.726978481,0.656720811,1,0,1,3.19128513,3.1850415,3.1850415,0,0,0,0,0
21.75,1.503553,-0.125843605,-0.186178809,0.05,5.96576489e-06,AdvanceRight,advancing_past_measured_edge,0,14,42,0.726978481,0.656720811,1,0,1,3.19128513,3.18503339,3.18503339,0,0,0,0,0
21.8,1.50605299,-0.125851728,-0.186159819,0.05,5.56804723e-06,AdvanceRight,advancing_past_measured_edge,0,14,42,0.721989572,0.651780773,1,0,1,3.16921639,3.18502528,3.18502528,0,0,0,0,0
21.85,1.50855297,-0.12585985,-0.186142095,0.05,5.19684408e-06,AdvanceRight,advancing_past_measured_edge,0,14,42,0.721989572,0.651780773,1,0,1,3.16921639,3.18501717,3.18501717,0,0,0,0,0
21.9,1.51105296,-0.125867972,-0.186125553,0.05,4.85038781e-06,AdvanceRight,advancing_past_measured_edge,0,14,42,0.717015922,0.646855234,1,0,1,3.14715672,3.18500905,3.18500905,0,0,0,0,0
21.95,1.51355295,-0.125876093,-0.186110114,0.05,4.52702862e-06,AdvanceRight,advancing_past_measured_edge,0,14,42,0.717015922,0.646855234,1,0,1,3.14715672,3.18500094,3.18500094,0,0,0,0,0
22,1.51605293,-0.125884213,-0.186095704,0.05,4.22522671e-06,AdvanceRight,advancing_past_measured_edge,0,14,42,0.712057412,0.641860454,1,0,1,3.12510657,3.18499283,3.18499283,0,0,0,0,0
22.05,1.51855292,-0.125892333,-0.186082255,0.05,3.94354493e-06,AdvanceRight,advancing_past_measured_edge,0,14,42,0.712057412,0.641860454,1,0,1,3.12510657,3.18498472,3.18498472,0,0,0,0,0
22.1,1.52105291,-0.125900452,-0.186069702,0.05,3.68064194e-06,AdvanceRight,advancing_past_measured_edge,0,14,42,0.707113802,0.636808838,1,0,1,3.10306644,3.18497661,3.18497661,0,0,0,0,0
22.15,1.5235529,-0.12590857,-0.186057986,0.05,3.43526581e-06,AdvanceRight,advancing_past_measured_edge,0,14,42,0.707113802,0.636808838,1,0,1,3.10306644,3.1849685,3.1849685,0,0,0,0,0
22.2,1.52605288,-0.125916688,-0.186047051,0.05,3.20624809e-06,AdvanceRight,advancing_past_measured_edge,0,14,42,0.702184975,0.631772227,1,0,1,3.08103728,3.18496039,3.18496039,0,0,0,0,0
22.25,1.52855287,-0.125924806,-0.186036846,0.05,2.99249822e-06,AdvanceRight,advancing_past_measured_edge,0,14,42,0.702184975,0.631772227,1,0,1,3.08103728,3.18495228,3.18495228,0,0,0,0,0
22.3,1.53105286,-0.125932923,-0.18602732,0.05,2.79299833e-06,AdvanceRight,advancing_past_measured_edge,0,14,42,0.697270632,0.62675062,1,0,1,3.15657783,3.18494417,3.18494417,0,0,0,0,0
22.35,1.53355284,-0.12594104,-0.18601843,0.05,2.60679845e-06,AdvanceRight,advancing_past_measured_edge,0,14,42,0.697270632,0.62675062,1,0,1,3.15657783,3.18493606,3.18493606,0,0,0,0,0
22.4,1.53605283,-0.125949156,-0.186010132,0.05,2.43301188e-06,AdvanceRight,advancing_past_measured_edge,0,14,42,0.692370415,0.621744197,1,0,1,3.21390676,3.18492795,3.18492795,0,0,0,0,0
22.45,1.53855282,-0.125957272,-0.186002388,0.05,2.27081109e-06,AdvanceRight,advancing_past_measured_edge,0,14,42,0.692370415,0.621744197,1,0,1,3.21390676,3.18491984,3.18491984,0,0,0,0,0
22.5,1.5410528,-0.125965388,-0.185995159,0.05,2.11942368e-06,AdvanceRight,advancing_past_measured_edge,0,14,42,0.687483966,0.616752896,1,0,1,3.19066286,3.18491172,3.18491172,0,0,0,0,0
22.55,1.54355279,-0.125973503,-0.185988413,0.05,1.97812877e-06,AdvanceRight,advancing_past_measured_edge,0,14,42,0.687483966,0.616752896,1,0,1,3.19066286,3.18490361,3.18490361,0,0,0,0,0
22.6,1.54605278,-0.125981618,-0.185982116,0.05,1.84625352e-06,AdvanceRight,advancing_past_measured_edge,0,14,42,0.68261081,0.611776837,1,0,1,3.1674087,3.1848955,3.1848955,0,0,0,0,0
22.65,1.54855276,-0.125989733,-0.18597624,0.05,1.72316995e-06,AdvanceRight,advancing_past_measured_edge,0,14,42,0.68261081,0.611776837,1,0,1,3.1674087,3.18488739,3.18488739,0,0,0,0,0
22.7,1.55105275,-0.125997848,-0.185970755,0.05,1.60829196e-06,AdvanceRight,advancing_past_measured_edge,0,14,42,0.677750528,0.606815843,1,0,1,3.14414525,3.18487928,3.18487928,0,0,0,0,0
22.75,1.55355274,-0.126005962,-0.185965635,0.05,1.50107249e-06,AdvanceRight,advancing_past_measured_edge,0,14,42,0.677750528,0.606815843,1,0,1,3.14414525,3.18487117,3.18487117,0,0,0,0,0
22.8,1.55605272,-0.126014076,-0.185960857,0.05,1.40100099e-06,AdvanceRight,advancing_past_measured_edge,0,14,42,0.672902584,0.601869735,1,0,1,3.12087274,3.18486306,3.18486306,0,0,0,0,0
22.85,1.55855271,-0.12602219,-0.185956398,0.05,1.30760093e-06,AdvanceRight,advancing_past_measured_edge,0,14,42,0.672902584,0.601869735,1,0,1,3.12087274,3.18485495,3.18485495,0,0,0,0,0
22.9,1.5610527,-0.126030304,-0.185952235,0.05,1.22042753e-06,AdvanceRight,advancing_past_measured_edge,0,14,42,0.66790092,0.596938394,1,0,1,3.09759235,3.18484684,3.18484684,0,0,0,0,0
22.95,1.56355268,-0.126038418,-0.185948351,0.05,1.1390657e-06,AdvanceRight,advancing_past_measured_edge,0,14,42,0.66790092,0.596938394,1,0,1,3.09759235,3.18483873,3.18483873,0,0,0,0,0
23,1.56605267,-0.126046531,-0.185944725,0.05,1.06312798e-06,AdvanceRight,advancing_past_measured_edge,0,14,42,0.66282177,0.591994551,1,0,1,3.07430434,3.18483061,3.18483061,0,0,0,0,0
23.05,1.56855266,-0.126054645,-0.185941341,0.05,9.92252784e-07,AdvanceRight,advancing_past_measured_edge,0,14,42,0.66282177,0.591994551,1,0,1,3.07430434,3.1848225,3.1848225,0,0,0,0,0
23.1,1.57105264,-0.126062758,-0.185938182,0.05,9.26102598e-07,AdvanceRight,advancing_past_measured_edge,0,14,42,0.657757342,0.586936444,1,0,1,3.16942763,3.18481439,3.18481439,0,0,0,0,0
23.15,1.57355263,-0.126070871,-0.185935235,0.05,8.64362425e-07,AdvanceRight,advancing_past_measured_edge,0,14,42,0.657757342,0.586936444,1,0,1,3.16942763,3.18480628,3.18480628,0,0,0,0,0
23.2,1.57605262,-0.126078984,-0.185932483,0.05,8.06738263e-07,AdvanceRight,advancing_past_measured_edge,0,14,42,0.652707815,0.581893219,1,0,1,3.21056318,3.18479817,3.18479817,0,0,0,0,0
23.25,1.57855261,-0.126087096,-0.185929915,0.05,7.52955712e-07,AdvanceRight,advancing_past_measured_edge,0,14,42,0.652707815,0.581893219,1,0,1,3.21056318,3.18479006,3.18479006,0,0,0,0,0
23.3,1.58105259,-0.126095209,-0.185927519,0.05,7.02758665e-07,AdvanceRight,advancing_past_measured_edge,0,14,42,0.647673368,0.576865056,1,0,1,3.18622804,3.18478195,3.18478195,0,0,0,0,0
23.35,1.58355258,-0.126103322,-0.185925282,0.05,6.55908087e-07,AdvanceRight,advancing_past_measured_edge,0,14,42,0.647673368,0.576865056,1,0,1,3.18622804,3.18477384,3.18477384,0,0,0,0,0
23.4,1.58605257,-0.126111434,-0.185923194,0.05,6.12180881e-07,AdvanceRight,advancing_past_measured_edge,0,14,42,0.642654121,0.571852072,1,0,1,3.16187906,3.18476573,3.18476573,0,0,0,0,0
23.45,1.58855255,-0.126119546,-0.185921245,0.05,5.71368823e-07,AdvanceRight,advancing_past_measured_edge,0,14,42,0.642654121,0.571852072,1,0,1,3.16187906,3.18475761,3.18475761,0,0,0,0,0
23.5,1.59105254,-0.126127659,-0.185919426,0.05,5.33277568e-07,AdvanceRight,advancing_past_measured_edge,0,14,42,0.637605309,0.566854388,1,0,1,3.13751626,3.1847495,3.1847495,0,0,0,0,0
23.55,1.59355253,-0.126135771,-0.185917729,0.05,4.9772573e-07,AdvanceRight,advancing_past_measured_edge,0,14,42,0.637605309,0.566854388,1,0,1,3.13751626,3.18474139,3.18474139,0,0,0,0,0
23.6,1.59605251,-0.126143883,-0.185916145,0.05,4.64544015e-07,AdvanceRight,advancing_past_measured_edge,0,14,42,0.632502258,0.561871884,1,0,1,3.11313891,3.18473328,3.18473328,0,0,0,0,0
23.65,1.5985525,-0.126151995,-0.185914666,0.05,4.33574414e-07,AdvanceRight,advancing_past_measured_edge,0,14,42,0.632502258,0.561871884,1,0,1,3.11313891,3.18472517,3.18472517,0,0,0,0,0
23.7,1.60105249,-0.126160107,-0.185913286,0.05,4.04669453e-07,AdvanceRight,advancing_past_measured_edge,0,14,42,0.627403378,0.556869654,1,0,1,3.08874702,3.18471706,3.18471706,0,0,0,0,0
23.75,1.60355247,-0.126168219,-0.185911998,0.05,3.77691489e-07,AdvanceRight,advancing_past_measured_edge,0,14,42,0.627403378,0.556869654,1,0,1,3.08874702,3.18470895,3.18470895,0,0,0,0,0
23.8,1.60605246,-0.126176331,-0.185910796,0.05,3.52512057e-07,AdvanceRight,advancing_past_measured_edge,0,14,42,0.622295976,0.551809387,1,0,1,3.09271073,3.18470084,3.18470084,0,0,0,0,0
23.85,1.60855245,-0.126184443,-0.185909673,0.05,3.29011253e-07,AdvanceRight,advancing_past_measured_edge,0,14,42,0.622295976,0.551809387,1,0,1,3.09271073,3.18469273,3.18469273,0,0,0,0,0
23.9,1.61105243,-0.126192555,-0.185908626,0.05,3.07077169e-07,AdvanceRight,advancing_past_measured_edge,0,14,42,0.61720258,0.546763939,1,0,1,3.18128228,3.18468461,3.18468461,0,0,0,0,0
23.95,1.61355242,-0.126200666,-0.185907649,0.05,2.86605358e-07,AdvanceRight,advancing_past_measured_edge,0,14,42,0.61720258,0.546763939,1,0,1,3.18128228,3.1846765,3.1846765,0,0,0,0,0
24,1.61605241,-0.126208778,-0.185906736,0.05,2.67498334e-07,AdvanceRight,advancing_past_measured_edge,0,14,42,0.612123489,0.54173337,1,0,1,3.20255637,3.18466839,3.18466839,0,0,0,0,0
24.05,1.61855239,-0.12621689,-0.185905885,0.05,2.49665112e-07,AdvanceRight,advancing_past_measured_edge,0,14,42,0.612123489,0.54173337,1,0,1,3.20255637,3.18466028,3.18466028,0,0,0,0,0
24.1,1.62105238,-0.126225001,-0.18590509,0.05,2.33020771e-07,AdvanceRight,advancing_past_measured_edge,0,14,42,0.607058942,0.536717857,1,0,1,3.17679834,3.18465217,3.18465217,0,0,0,0,0
24.15,1.62355237,-0.126233113,-0.185904348,0.05,2.17486053e-07,AdvanceRight,advancing_past_measured_edge,0,14,42,0.607058942,0.536717857,1,0,1,3.17679834,3.18464406,3.18464406,0,0,0,0,0
24.2,1.62605236,-0.126241225,-0.185903656,0.05,2.02986983e-07,AdvanceRight,advancing_past_measured_edge,0,14,42,0.602009296,0.531717399,1,0,1,3.15104222,3.18463595,3.18463595,0,0,0,0,0
24.25,1.62855234,-0.126249336,-0.18590301,0.05,1.89454517e-07,AdvanceRight,advancing_past_measured_edge,0,14,42,0.602009296,0.531717399,1,0,1,3.15104222,3.18462784,3.18462784,0,0,0,0,0
24.3,1.63105233,-0.126257448,-0.185902407,0.05,1.76824216e-07,AdvanceRight,advancing_past_measured_edge,0,14,42,0.596974671,0.526732116,1,0,1,3.12528682,3.18461973,3.18461973,0,0,0,0,0
24.35,1.63355232,-0.126265559,-0.185901844,0.05,1.65035935e-07,AdvanceRight,advancing_past_measured_edge,0,14,42,0.596974671,0.526732116,1,0,1,3.12528682,3.18461161,3.18461161,0,0,0,0,0
24.4,1.6360523,-0.126273671,-0.185901319,0.05,1.54033539e-07,AdvanceRight,advancing_past_measured_edge,0,14,42,0.591955245,0.521761889,1,0,1,3.09953094,3.1846035,3.1846035,0,0,0,0,0
24.45,1.63855229,-0.126281782,-0.185900829,0.05,1.43764637e-07,AdvanceRight,advancing_past_measured_edge,0,14,42,0.591955245,0.521761889,1,0,1,3.09953094,3.18459539,3.18459539,0,0,0,0,0
24.5,1.64105228,-0.126289894,-0.185900371,0.05,1.34180328e-07,AdvanceRight,advancing_past_measured_edge,0,14,42,0.586951077,0.516806658,1,0,1,3.0737741,3.18458728,3.18458728,0,0,0,0,0
24.55,1.64355226,-0.126298005,-0.185899944,0.05,1.25234972e-07,AdvanceRight,advancing_past_measured_edge,0,14,42,0.586951077,0.516806658,1,0,1,3.0737741,3.18457917,3.18457917,0,0,0,0,0
24.6,1.64605225,-0.126306116,-0.185899545,0.05,1.16885974e-07,AdvanceRight,advancing_past_measured_edge,0,14,42,0.581962109,0.511866189,1,0,1,3.11657429,3.18457106,3.18457106,0,0,0,0,0
24.65,1.64855224,-0.126314228,-0.185899173,0.05,1.09093576e-07,AdvanceRight,advancing_past_measured_edge,0,14,42,0.581962109,0.511866189,1,0,1,3.11657429,3.18456295,3.18456295,0,0,0,0,0
24.7,1.65105222,-0.126322339,-0.185898826,0.05,1.01820671e-07,AdvanceRight,advancing_past_measured_edge,0,14,42,0.576988459,0.506940303,1,0,1,3.18927741,3.18455484,3.18455484,0,0,0,0,0
24.75,1.65355221,-0.12633045,-0.185898502,0.05,9.50326262e-08,AdvanceRight,advancing_past_measured_edge,0,14,42,0.576988459,0.506940303,1,0,1,3.18927741,3.18454673,3.18454673,0,0,0,0,0
24.8,1.6560522,-0.126338562,-0.185898199,0.05,8.86971178e-08,AdvanceRight,advancing_past_measured_edge,0,14,42,0.572029829,0.50192612,1,0,1,3.19545913,3.18453861,3.18453861,0,0,0,0,0
24.85,1.65855218,-0.126346673,-0.185897917,0.05,8.27839766e-08,AdvanceRight,advancing_past_measured_edge,0,14,42,0.572029829,0.50192612,1,0,1,3.19545913,3.1845305,3.1845305,0,0,0,0,0
24.9,1.66105217,-0.126354784,-0.185897653,0,0,TurnRight,right_pivot_ready,0,14,42,0.56708622,0.496874034,1,0,1,3.16773272,3.18452239,3.18452239,0,0,0,0,0
24.95,1.6625105,-0.126359516,-0.1858975,0,-0.6,TurnRight,turning_right_with_feedback,0,14,42,0.56708622,0.496874034,1,0,1,3.16773272,3.18451766,3.18451766,0,0,0,0,0
25,1.66336115,-0.126367593,-0.902094654,0,-0.6,TurnRight,turning_right_with_feedback,0,14,42,0.564882517,0.493876663,1,0,1,3.16058493,3.18404517,3.18404517,0,0,0,0,0
25.05,1.66385723,-0.126380315,-2.03607357,0,-0.6,TurnRight,turning_right_with_feedback,0,14,42,0.564882517,0.493876663,1,0,1,3.16058493,3.18332578,3.18332578,0,0,0,0,0
25.1,1.66414637,-0.126394077,-3.41375852,0,-0.6,TurnRight,turning_right_with_feedback,0,14,42,0.564049423,0.489570936,1,0,1,3.09348369,3.1825011,3.1825011,0,0,0,0,0
25.15,1.66431478,-0.126406366,-4.93360531,0,-0.6,TurnRight,turning_right_with_feedback,0,14,42,0.564049423,0.489570936,1,0,1,3.09348369,3.18165533,3.18165533,0,0,0,0,0
25.2,1.66441279,-0.126416209,-6.53637985,0,-0.6,TurnRight,turning_right_with_feedback,0,14,42,0.563603818,0.486416286,1,0,1,2.22415924,3.18083662,3.18083662,0,0,0,0,0
25.25,1.66446978,-0.126423572,-8.18752891,0,-0.6,TurnRight,turning_right_with_feedback,0,14,42,0.563603818,0.486416286,1,0,1,2.22415924,3.18007187,3.18007187,0,0,0,0,0
25.3,1.66450288,-0.126428831,-9.86689644,0,-0.6,TurnRight,turning_right_with_feedback,0,14,42,0.563594043,0.484997792,1,0,1,1.43568552,3.17937594,3.17937594,0,0,0,0,0
25.35,1.66452209,-0.126432466,-11.5627247,0,-0.6,TurnRight,turning_right_with_feedback,0,14,42,0.563594043,0.484997792,1,0,1,1.43568552,3.17875697,3.17875697,0,0,0,0,0
25.4,1.66453323,-0.126434918,-13.2681552,0,-0.6,TurnRight,turning_right_with_feedback,0,14,42,0.562653422,0.485454443,1,0,1,1.05773342,3.17821946,3.17821946,0,0,0,0,0
25.45,1.66453968,-0.126436542,-14.9791868,0,-0.6,TurnRight,turning_right_with_feedback,0,14,42,0.562653422,0.485454443,1,0,1,1.05773342,3.17776591,3.17776591,0,0,0,0,0
25.5,1.66454342,-0.126437601,-16.6934859,0,-0.6,TurnRight,turning_right_with_feedback,0,14,42,0.562427342,0.487829674,1,0,1,0.839313209,3.17739773,3.17739773,0,0,0,0,0
25.55,1.66454557,-0.126438284,-18.4096909,0,-0.6,TurnRight,turning_right_with_feedback,0,14,42,0.562427342,0.487829674,1,0,1,0.839313209,3.17711574,3.17711574,0,0,0,0,0
25.6,1.66454682,-0.126438719,-20.1270077,0,-0.6,TurnRight,turning_right_with_feedback,0,14,42,0.56176734,0.491883007,1,0,1,0.698238015,3.17692043,3.17692043,0,0,0,0,0
25.65,1.66454754,-0.126438995,-21.8449731,0,-0.6,TurnRight,turning_right_with_feedback,0,14,42,0.56176734,0.491883007,1,0,1,0.698238015,3.17681207,3.17681207,0,0,0,0,0
25.7,1.66454795,-0.126439169,-23.5633168,0,-0.6,TurnRight,turning_right_with_feedback,0,14,42,0.561216831,0.497899371,1,1,1,0.600241363,3.17679079,3.17679079,0,0,0,0,0
25.75,1.66454819,-0.126439277,-25.2818813,0,-0.6,TurnRight,turning_right_with_feedback,0,14,42,0.561216831,0.497899371,1,1,1,0.600241363,3.17685662,3.17679079,0,0,0,0,0
25.8,1.66454833,-0.126439344,-27.0005744,0,-0.6,TurnRight,turning_right_with_feedback,0,14,42,0.560104966,0.506054983,1,1,1,0.528639257,3.1770095,3.17679079,0,0,0,0,0
25.85,1.66454841,-0.126439386,-28.7193427,0,-0.6,TurnRight,turning_right_with_feedback,0,14,42,0.560104966,0.506054983,1,1,1,0.528639257,3.17724929,3.17679079,0,0,0,0,0
25.9,1.66454845,-0.126439412,-30.4381547,0,-0.6,TurnRight,turning_right_with_feedback,0,14,42,0.559547842,0.516511414,1,0,1,0.474374563,3.17757578,3.17679079,0,0,0,0,0
25.95,1.66454848,-0.126439428,-32.1569923,0,-0.6,TurnRight,turning_right_with_feedback,0,14,42,0.559547842,0.516511414,1,0,1,0.474374563,3.17798865,3.17679079,0,0,0,0,0
26,1.6645485,-0.126439437,-33.8758449,0,-0.6,TurnRight,turning_right_with_feedback,0,14,42,0.558071613,0.529484404,1,0,1,0.442236543,3.17848753,3.17679079,0,0,0,0,0
26.05,1.6645485,-0.126439443,-35.5947061,0,-0.6,TurnRight,turning_right_with_feedback,0,14,42,0.558071613,0.529484404,1,0,1,0.442236543,3.17907198,3.17679079,0,0,0,0,0
26.1,1.66454851,-0.126439447,-37.3135724,0,-0.6,TurnRight,turning_right_with_feedback,0,14,42,0.558116436,0.547921856,1,0,1,0.439996749,3.17974147,3.17679079,0,0,0,0,0
26.15,1.66454851,-0.126439449,-39.0324416,0,-0.6,TurnRight,turning_right_with_feedback,0,14,42,0.558116436,0.547921856,1,0,1,0.439996749,3.18049539,3.17679079,0,0,0,0,0
26.2,1.66454851,-0.12643945,-40.7513126,0,-0.6,TurnRight,turning_right_with_feedback,0,14,42,0.560104668,0.567549756,1,0,1,0.439299136,3.18133307,3.17679079,0,0,0,0,0
26.25,1.66454851,-0.126439451,-42.4701845,0,-0.6,TurnRight,turning_right_with_feedback,0,14,42,0.560104668,0.567549756,1,0,1,0.439299136,3.18225374,3.17679079,0,0,0,0,0
26.3,1.66454851,-0.126439451,-44.1890571,0,-0.6,TurnRight,turning_right_with_feedback,0,14,42,0.564084053,0.603758568,1,0,1,0.44704324,3.18325658,3.17679079,0,0,0,0,0
26.35,1.66454851,-0.126439452,-45.90793,0,-0.6,TurnRight,turning_right_with_feedback,0,14,42,0.564084053,0.603758568,1,0,1,0.44704324,3.1843407,3.17679079,0,0,0,0,0
26.4,1.66454852,-0.126439452,-47.6268031,0,-0.6,TurnRight,turning_right_with_feedback,0,14,42,0.570140302,0.642188955,1,0,1,0.449220359,3.1855051,3.17679079,0,0,0,0,0
26.45,1.66454852,-0.126439452,-49.3456763,0,-0.6,TurnRight,turning_right_with_feedback,0,14,42,0.570140302,0.642188955,1,0,1,0.449220359,3.18674875,3.17679079,0,0,0,0,0
26.5,1.66454852,-0.126439452,-51.0645496,0,-0.6,TurnRight,turning_right_with_feedback,0,14,42,0.57840097,0.677931855,1,0,1,0.472930461,3.18807052,3.17679079,0,0,0,0,0
26.55,1.66454852,-0.126439452,-52.783423,0,-0.6,TurnRight,turning_right_with_feedback,0,14,42,0.57840097,0.677931855,1,0,1,0.472930461,3.18946923,3.17679079,0,0,0,0,0
26.6,1.66454852,-0.126439452,-54.5022963,0,-0.6,TurnRight,turning_right_with_feedback,0,14,42,0.589041948,0.726346199,1,0,1,0.514409482,3.19094361,3.17679079,0,0,0,0,0
26.65,1.66454852,-0.126439452,-56.2211697,0,-0.6,TurnRight,turning_right_with_feedback,0,14,42,0.589041948,0.726346199,1,0,1,0.514409482,3.19249235,3.17679079,0,0,0,0,0
26.7,1.66454852,-0.126439452,-57.940043,0,-0.6,TurnRight,turning_right_with_feedback,0,14,42,0.602296352,0.794609002,1,0,1,0.565442324,3.19411404,3.17679079,0,0,0,0,0
26.75,1.66454852,-0.126439452,-59.6589164,0,-0.6,TurnRight,turning_right_with_feedback,0,14,42,0.602296352,0.794609002,1,0,1,0.565442324,3.19580723,3.17679079,0,0,0,0,0
26.8,1.66454852,-0.126439452,-61.3777898,0,-0.6,TurnRight,turning_right_with_feedback,0,14,42,0.618467331,0.886201277,1,0,1,0.629458785,3.19757039,3.17679079,0,0,0,0,0
26.85,1.66454852,-0.126439452,-63.0966632,0,-0.567355523,TurnRight,turning_right_with_feedback,0,14,42,0.618467331,0.886201277,1,0,1,0.629458785,3.19940193,3.17679079,0,0,0,0,0
26.9,1.66454852,-0.126439452,-64.7765701,0,-0.532171635,TurnRight,turning_right_with_feedback,0,14,42,0.63770473,0.99370094,1,0,1,0.710716128,3.20125645,3.17679079,0,0,0,0,0
26.95,1.66454852,-0.126439452,-66.3917489,0,-0.498343409,TurnRight,turning_right_with_feedback,0,14,42,0.63770473,0.99370094,1,0,1,0.710716128,3.20309815,3.17679079,0,0,0,0,0
27,1.66454852,-0.126439452,-67.9287902,0,-0.466151692,TurnRight,turning_right_with_feedback,0,14,42,0.658858895,1.12407693,1,0,1,0.809302092,3.20490276,3.17679079,0,0,0,0,0
27.05,1.66454852,-0.126439452,-69.3818251,0,-0.435719398,TurnRight,turning_right_with_feedback,0,14,42,0.658858895,1.12407693,1,0,1,0.809302092,3.2066542,3.17679079,0,0,0,0,0
27.1,1.66454852,-0.126439452,-70.7495306,0,-0.407074242,TurnRight,turning_right_with_feedback,0,14,42,0.680236816,1.2927746,1,0,1,0.925758004,3.20834211,3.17679079,0,0,0,0,0
27.15,1.66454852,-0.126439452,-72.0332679,0,-0.380187711,TurnRight,turning_right_with_feedback,0,14,42,0.680236816,1.2927746,1,0,1,0.925758004,3.20996023,3.17679079,0,0,0,0,0
27.2,1.66454852,-0.126439452,-73.2359303,0,-0.354999209,TurnRight,turning_right_with_feedback,0,14,42,0.701690435,1.4413302,1,0,1,1.06179154,3.21150513,3.17679079,0,0,0,0,0
27.25,1.66454852,-0.126439452,-74.3612324,0,-0.331430936,TurnRight,turning_right_with_feedback,0,14,42,0.701690435,1.4413302,1,0,1,1.06179154,3.21297543,3.17679079,0,0,0,0,0
27.3,1.66454852,-0.126439452,-75.4132752,0,-0.309397003,TurnRight,turning_right_with_feedback,0,14,42,0.722848713,1.67395202,1,0,1,1.21993899,3.21437116,3.17679079,0,0,0,0,0
27.35,1.66454852,-0.126439452,-76.3962823,0,-0.288808951,TurnRight,turning_right_with_feedback,0,14,42,0.722848713,1.67395202,1,0,1,1.21993899,3.21569335,3.17679079,0,0,0,0,0
27.4,1.66454852,-0.126439452,-77.3144434,0,-0.26957903,TurnRight,turning_right_with_feedback,0,14,42,0.701354444,1.95040953,1,0,1,1.40345895,3.21694371,3.17679079,0,0,0,0,0
27.45,1.66454852,-0.126439452,-78.1718237,0,-0.2516221,TurnRight,turning_right_with_feedback,0,14,42,0.701354444,1.95040953,1,0,1,1.40345895,3.21812442,3.17679079,0,0,0,0,0
27.5,1.66454852,-0.126439452,-78.9723139,0,-0.234856672,TurnRight,turning_right_with_feedback,0,14,42,0.656571031,2.18232464,1,0,1,1.61634135,3.21923801,3.17679079,0,0,0,0,0
27.55,1.66454852,-0.126439452,-79.719606,0,-0.219205422,TurnRight,turning_right_with_feedback,0,14,42,0.656571031,2.18232464,1,0,1,1.61634135,3.22028716,3.17679079,0,0,0,0,0
27.6,1.66454852,-0.126439452,-80.4171836,0,-0.204595391,TurnRight,turning_right_with_feedback,0,14,42,0.622608602,2.58438177,1,0,1,1.86338937,3.2212747,3.17679079,0,0,0,0,0
27.65,1.66454852,-0.126439452,-81.0683217,0,-0.190957987,TurnRight,turning_right_with_feedback,0,14,42,0.622608602,2.58438177,1,0,1,1.86338937,3.22220349,3.17679079,0,0,0,0,0
27.7,1.66454852,-0.126439452,-81.6760915,0,-0.178228886,TurnRight,turning_right_with_feedback,0,14,42,0.596221983,2.89589139,1,0,1,2.1503582,3.22307641,3.17679079,0,0,0,0,0
27.75,1.66454852,-0.126439452,-82.243369,0,-0.166347855,TurnRight,turning_right_with_feedback,0,14,42,0.596221983,2.89589139,1,0,1,2.1503582,3.2238963,3.17679079,0,0,0,0,0
27.8,1.66454852,-0.126439452,-82.7728439,0,-0.155258557,TurnRight,turning_right_with_feedback,0,14,42,0.57532692,3.24888073,1,0,1,2.48414969,3.22466594,3.17679079,0,0,0,0,0
27.85,1.66454852,-0.126439452,-83.2670306,0,-0.144908336,TurnRight,turning_right_with_feedback,0,14,42,0.57532692,3.24888073,1,0,1,2.48414969,3.22538806,3.17679079,0,0,0,0,0
27.9,1.66454852,-0.126439452,-83.7282777,0,-0.135247998,TurnRight,turning_right_with_feedback,0,14,42,0.558526099,3.24384738,1,0,1,2.87307382,3.22606529,3.17679079,0,0,0,0,0
27.95,1.66454852,-0.126439452,-84.158779,0,-0.126231602,TurnRight,turning_right_with_feedback,0,14,42,0.558526099,3.24384738,1,0,1,2.87307382,3.22670014,3.17679079,0,0,0,0,0
28,1.66454852,-0.126439452,-84.5605826,0,-0.117816247,TurnRight,turning_right_with_feedback,0,14,42,0.544848561,3.2402255,1,0,1,3.14700747,3.22729507,3.17679079,0,0,0,0,0
28.05,1.66454852,-0.126439452,-84.9356008,0,-0.109961884,TurnRight,turning_right_with_feedback,0,14,42,0.544848561,3.2402255,1,0,1,3.14700747,3.22785239,3.17679079,0,0,0,0,0
28.1,1.66454852,-0.126439452,-85.2856187,0,-0.102631125,TurnRight,turning_right_with_feedback,0,14,42,0.533599496,3.23764828,1,0,1,3.13931918,3.22837432,3.17679079,0,0,0,0,0
28.15,1.66454852,-0.126439452,-85.6123027,0,-0.0957890705,TurnRight,turning_right_with_feedback,0,14,42,0.533599496,3.23764828,1,0,1,3.13931918,3.22886298,3.17679079,0,0,0,0,0
28.2,1.66454852,-0.126439452,-85.9172082,0,-0.0894031455,TurnRight,turning_right_with_feedback,0,14,42,0.524268985,3.23584163,1,0,1,3.16470981,3.22932037,3.17679079,0,0,0,0,0
28.25,1.66454852,-0.126439452,-86.2017869,0,-0.0834429439,TurnRight,turning_right_with_feedback,0,14,42,0.524268985,3.23584163,1,0,1,3.16470981,3.22974841,3.17679079,0,0,0,0,0
28.3,1.66454852,-0.126439452,-86.4673938,0,-0.0778800861,TurnRight,turning_right_with_feedback,0,14,42,0.516474724,3.23460177,1,0,1,3.1850822,3.23014888,3.17679079,0,0,0,0,0
28.35,1.66454852,-0.126439452,-86.7152936,0,-0.0726880835,TurnRight,turning_right_with_feedback,0,14,42,0.516474724,3.23460177,1,0,1,3.1850822,3.23052349,3.17679079,0,0,0,0,0
28.4,1.66454852,-0.126439452,-86.9466669,0,-0.0678422133,TurnRight,turning_right_with_feedback,0,14,42,0.509924591,3.23377662,1,0,1,3.06398177,3.23087386,3.17679079,0,0,0,0,0
28.45,1.66454852,-0.126439452,-87.1626153,0,-0.0633194003,TurnRight,turning_right_with_feedback,0,14,42,0.509924591,3.23377662,1,0,1,3.06398177,3.2312015,3.17679079,0,0,0,0,0
28.5,1.66454852,-0.126439452,-87.3641672,0,0,FindWall,right_heading_reached,0,14,42,0.504392028,3.23325274,1,0,1,3.16611552,3.23150784,3.17679079,0,0,0,0,0
28.55,1.66454852,-0.126439452,-87.4817391,0.05,-0.0566356871,FindWall,finding_near_right_wall,0,14,42,0.504392028,3.23325274,1,0,1,3.16611552,3.23168678,3.17679079,0,0,0,0,0
28.6,1.66459305,-0.127480167,-87.6179266,0.05,-0.0537833828,FindWall,finding_near_right_wall,0,14,42,0.501188517,3.23195662,1,0,1,3.08648252,3.23085356,3.17679079,0,0,0,0,0
28.65,1.66465953,-0.129128132,-87.7615685,0.05,-0.0507749541,FindWall,finding_near_right_wall,0,14,42,0.501188517,3.23195662,1,0,1,3.08648252,3.2294247,3.17679079,0,0,0,0,0
28.7,1.66473527,-0.131130461,-87.9059677,0.05,-0.0477506635,FindWall,finding_near_right_wall,0,14,42,0.497784972,3.22797866,1,0,1,3.14541483,3.22764289,3.17679079,0,0,0,0,0
28.75,1.66481332,-0.13333961,-88.0471988,0.05,-0.0447927274,FindWall,finding_near_right_wall,0,14,42,0.497784972,3.22797866,1,0,1,3.14541483,3.22564968,3.17679079,0,0,0,0,0
28.8,1.66488999,-0.13566949,-88.1830509,0.05,-0.0419474465,FindWall,finding_near_right_wall,0,14,42,0.494598925,3.22316291,1,0,1,3.18293023,3.22352774,3.17679079,0,0,0,0,0
28.85,1.66496343,-0.138069866,-88.3123691,0.05,-0.0392390131,FindWall,finding_near_right_wall,0,14,42,0.494598925,3.22316291,1,0,1,3.18293023,3.22132553,3.17679079,0,0,0,0,0
28.9,1.66503276,-0.140511423,-88.4346428,0.05,-0.0366781184,FindWall,finding_near_right_wall,0,14,42,0.491751522,3.21811407,1,0,1,3.12785482,3.21907152,3.17679079,0,0,0,0,0
28.95,1.66509766,-0.142977051,-88.5497504,0.05,-0.0342673101,FindWall,finding_near_right_wall,0,14,42,0.491751522,3.21811407,1,0,1,3.12785482,3.21678263,3.17679079,0,0,0,0,0
29,1.6651581,-0.145456763,-88.6578001,0.05,-0.0320043225,FindWall,finding_near_right_wall,0,14,42,0.489252031,3.21302137,1,0,1,3.08540225,3.21446896,3.17679079,0,0,0,0,0
29.05,1.66521419,-0.147944725,-88.7590315,0.05,-0.0298841384,FindWall,finding_near_right_wall,0,14,42,0.489252031,3.21302137,1,0,1,3.08540225,3.21213669,3.17679079,0,0,0,0,0
29.1,1.66526613,-0.150437531,-88.8537546,0.05,-0.0279002608,FindWall,finding_near_right_wall,0,14,42,0.487071216,3.20793773,1,0,1,3.07311893,3.20978968,3.17679079,0,0,0,0,0
29.15,1.66531414,-0.152933189,-88.9423133,0.05,-0.0260454924,FindWall,finding_near_right_wall,0,14,42,0.487071216,3.20793773,1,0,1,3.07311893,3.20743043,3.17679079,0,0,0,0,0
29.2,1.66535844,-0.155430532,-89.025062,0.05,-0.0243124069,FindWall,finding_near_right_wall,0,14,42,0.485169917,3.20287267,1,0,1,3.12003827,3.20506063,3.17679079,0,0,0,0,0
29.25,1.66539927,-0.157928877,-89.1023529,0.05,-0.0226936301,FindWall,finding_near_right_wall,0,14,42,0.485169917,3.20287267,1,0,1,3.12003827,3.20268149,3.17679079,0,0,0,0,0
29.3,1.66543685,-0.160427825,-89.1745278,0.05,-0.0211820029,FindWall,finding_near_right_wall,0,14,42,0.483509511,3.19782431,1,0,1,3.15620852,3.20029392,3.17679079,0,0,0,0,0
29.35,1.66547139,-0.162927137,-89.241914,0.05,-0.0197706703,FindWall,finding_near_right_wall,0,14,42,0.483509511,3.19782431,1,0,1,3.15620852,3.19789866,3.17679079,0,0,0,0,0
29.4,1.66550309,-0.165426673,-89.3048221,0.05,-0.0184531262,FindWall,finding_near_right_wall,0,14,42,0.482055247,3.19278786,1,0,1,3.18192554,3.1954963,3.17679079,0,0,0,0,0
29.45,1.66553214,-0.167926352,-89.3635453,0.05,-0.0172232307,FindWall,finding_near_right_wall,0,14,42,0.482055247,3.19278786,1,0,1,3.18192554,3.19308738,3.17679079,0,0,0,0,0
29.5,1.66555871,-0.170426121,-89.4183592,0.05,-0.0160752108,FindWall,finding_near_right_wall,0,14,42,0.480777025,3.18775951,1,0,1,3.1976521,3.19067236,3.17679079,0,0,0,0,0
29.55,1.66558297,-0.172925951,-89.4695223,0.05,-0.0150036523,FindWall,finding_near_right_wall,0,14,42,0.480777025,3.18775951,1,0,1,3.1976521,3.18825168,3.17679079,0,0,0,0,0
29.6,1.66560508,-0.175425823,-89.5172768,0.05,-0.0140034852,FindWall,finding_near_right_wall,0,14,42,0.479649037,3.18273617,1,0,1,3.20396352,3.1858257,3.17679079,0,0,0,0,0
29.65,1.66562517,-0.177925725,-89.561849,0.05,-0.0130699673,FindWall,finding_near_right_wall,0,14,42,0.479649037,3.18273617,1,0,1,3.20396352,3.18339479,3.17679079,0,0,0,0,0
29.7,1.66564338,-0.180425648,-89.6034506,0.05,-0.012198666,FindWall,finding_near_right_wall,0,14,42,0.478649348,3.17771592,1,0,1,3.20150661,3.18095929,3.17679079,0,0,0,0,0
29.75,1.66565983,-0.182925588,-89.6422792,0.05,-0.0113854402,FindWall,finding_near_right_wall,0,14,42,0.478649348,3.17771592,1,0,1,3.20150661,3.17851949,3.17679079,0,0,0,0,0
29.8,1.66567465,-0.185425541,-89.6785197,0.05,-0.0106264225,FindWall,finding_near_right_wall,0,14,42,0.477759212,3.17269806,1,0,1,3.19096589,3.17607569,3.17607569,0,0,0,0,0
29.85,1.66568794,-0.187925503,-89.7123443,0.05,-0.00991800164,FindWall,finding_near_right_wall,0,14,42,0.477759212,3.17269806,1,0,1,3.19096589,3.17362815,3.17362815,0,0,0,0,0
29.9,1.6656998,-0.190425474,-89.743914,0.05,-0.00925680608,FindWall,finding_near_right_wall,0,14,42,0.476962686,3.16768211,1,0,1,3.17303967,3.17117712,3.17117712,0,0,0,0,0
29.95,1.66571033,-0.192925451,-89.7733792,0.05,-0.00863968852,FindWall,finding_near_right_wall,0,14,42,0.476962686,3.16768211,1,0,1,3.17303967,3.16872283,3.16872283,0,0,0,0,0
30,1.66571962,-0.195425433,-89.8008801,0.05,-0.00806371106,FindWall,finding_near_right_wall,0,14,42,0.476246238,3.16266759,1,0,1,3.1484189,3.1662655,3.1662655,0,0,0,0,0
30.05,1.66572775,-0.19792542,-89.8265477,0.05,-0.00752613144,FindWall,finding_near_right_wall,0,14,42,0.476246238,3.16266759,1,0,1,3.1484189,3.16380532,3.16380532,0,0,0,0,0
30.1,1.6657348,-0.20042541,-89.850504,0.05,-0.00702439004,FindWall,finding_near_right_wall,0,14,42,0.475598186,3.15765497,1,0,1,3.1177721,3.1613425,3.1613425,0,0,0,0,0
30.15,1.66574083,-0.202925403,-89.8728634,0.05,-0.0065560978,FindWall,finding_near_right_wall,0,14,42,0.475598186,3.15765497,1,0,1,3.1177721,3.1588772,3.1588772,0,0,0,0,0
30.2,1.66574592,-0.205425397,-89.893732,0.05,-0.00611902489,FindWall,finding_near_right_wall,0,14,42,0.475008637,3.15264218,1,0,1,3.0817349,3.1564096,3.1564096,0,0,0,0,0
30.25,1.66575014,-0.207925394,-89.9132095,0.05,-0.00571109006,FindWall,finding_near_right_wall,0,14,42,0.475008637,3.15264218,1,0,1,3.0817349,3.15393983,3.15393983,0,0,0,0,0
30.3,1.66575353,-0.210425391,-89.9313885,0.05,-0.00533035083,FindWall,finding_near_right_wall,0,14,42,0.474469125,3.14760988,1,0,1,3.07396984,3.15146806,3.15146806,0,0,0,0,0
30.35,1.66575615,-0.21292539,-89.9483555,0.05,-0.00497499418,FindWall,finding_near_right_wall,0,14,42,0.474469125,3.14760988,1,0,1,3.07396984,3.1489944,3.1489944,0,0,0,0,0
30.4,1.66575806,-0.215425389,-89.9641914,0.05,-0.00464332794,FindWall,finding_near_right_wall,0,14,42,0.47397238,3.14258831,1,0,1,3.09149623,3.146519,3.146519,0,0,0,0,0
30.45,1.6657593,-0.217925389,-89.9789716,0.05,-0.00433377277,FindWall,finding_near_right_wall,0,14,42,0.47397238,3.14258831,1,0,1,3.09149623,3.14404195,3.14404195,0,0,0,0,0
30.5,1.66575991,-0.220425389,-89.9927664,0.05,-0.0040448546,FindWall,finding_near_right_wall,0,14,42,0.473512203,3.13757675,1,0,1,3.110111,3.14156338,3.14156338,0,0,0,0,0
30.55,1.66575995,-0.222925389,-90.0056416,0.05,-0.00377519764,FindWall,finding_near_right_wall,0,14,42,0.473512203,3.13757675,1,0,1,3.110111,3.13906585,3.13906585,0,0,0,0,0
30.6,1.66575944,-0.225425389,-90.0176584,0.05,-0.0035235178,FindWall,finding_near_right_wall,0,14,42,0.473083287,3.13257521,1,0,1,3.12967157,3.13654718,3.13654718,0,0,0,0,0
30.65,1.66575842,-0.227925389,-90.0288741,0.05,-0.00328861662,FindWall,finding_near_right_wall,0,14,42,0.473083287,3.13257521,1,0,1,3.12967157,3.13402976,3.13402976,0,0,0,0,0
30.7,1.66575694,-0.230425388,-90.0393421,0.05,-0.00306937551,FindWall,finding_near_right_wall,0,14,42,0.472681105,3.12758344,1,0,1,3.15005565,3.13151351,3.13151351,0,0,0,0,0
30.75,1.66575501,-0.232925388,-90.0491122,0.05,-0.00286475048,FindWall,finding_near_right_wall,0,14,42,0.472681105,3.12758344,1,0,1,3.15005565,3.12899834,3.12899834,0,0,0,0,0
30.8,1.66575266,-0.235425386,-90.058231,0.05,-0.00267376712,FindWall,finding_near_right_wall,0,14,42,0.472301811,3.1226012,1,0,1,3.17115688,3.12648418,3.12648418,0,0,0,0,0
30.85,1.66574994,-0.237925385,-90.0667419,0.05,-0.00249551598,FindWall,finding_near_right_wall,0,14,42,0.472301811,3.1226012,1,0,1,3.17115688,3.12397097,3.12397097,0,0,0,0,0
30.9,1.66574685,-0.240425383,-90.0746853,0.05,-0.00232914824,FindWall,finding_near_right_wall,0,14,42,0.471942097,3.11762803,1,0,1,3.19288349,3.12145864,3.12145864,0,0,0,0,0
30.95,1.66574343,-0.242925381,-90.0820992,0.05,-0.00217387169,FindWall,finding_near_right_wall,0,14,42,0.471942097,3.11762803,1,0,1,3.19288349,3.11894713,3.11894713,0,0,0,0,0
31,1.6657397,-0.245425378,-90.0890189,0.05,-0.00202894692,FindWall,finding_near_right_wall,0,14,42,0.471599221,3.11266439,1,0,1,3.21515608,3.11643639,3.11643639,0,0,0,0,0
31.05,1.66573567,-0.247925375,-90.0954772,0.05,-0.00189368379,FindWall,finding_near_right_wall,0,14,42,0.471599221,3.11266439,1,0,1,3.21515608,3.11392637,3.11392637,0,0,0,0,0
31.1,1.66573138,-0.250425371,-90.101505,0.05,-0.0017674382,FindWall,finding_near_right_wall,0,14,42,0.4712708,3.10770958,1,0,1,3.15486979,3.11141702,3.11141702,0,0,0,0,0
31.15,1.66572682,-0.252925367,-90.1071309,0.05,-0.00164960899,FindWall,finding_near_right_wall,0,14,42,0.4712708,3.10770958,1,0,1,3.15486979,3.10890829,3.10890829,0,0,0,0,0
31.2,1.66572204,-0.255425362,-90.1123818,0.05,-0.00153963506,FindWall,finding_near_right_wall,0,14,42,0.470954835,3.10276382,1,0,1,3.07792306,3.10640014,3.10640014,0,0,0,0,0
31.25,1.66571703,-0.257925357,-90.1172826,0.05,-0.00143699272,FindWall,finding_near_right_wall,0,14,42,0.470954835,3.10276382,1,0,1,3.07792306,3.10389254,3.10389254,0,0,0,0,0
31.3,1.66571181,-0.260425352,-90.1218567,0.05,-0.0013411932,FindWall,finding_near_right_wall,0,14,42,0.470649719,3.09782689,1,0,1,3.08861232,3.10138545,3.10138545,0,0,0,0,0
31.35,1.6657064,-0.262925346,-90.1261259,0.05,-0.00125178032,FindWall,finding_near_right_wall,0,14,42,0.470649719,3.09782689,1,0,1,3.08861232,3.09887883,3.09887883,0,0,0,0,0
31.4,1.66570081,-0.26542534,-90.1301104,0.05,-0.0011683283,FindWall,finding_near_right_wall,0,14,42,0.47035405,3.09288661,1,0,1,3.11089087,3.09637265,3.09637265,0,0,0,0,0
31.45,1.66569505,-0.267925333,-90.1338293,0.05,-0.00109043975,FindWall,finding_near_right_wall,0,14,42,0.47035405,3.09288661,1,0,1,3.11089087,3.09386689,3.09386689,0,0,0,0,0
31.5,1.66568913,-0.270425326,-90.1373003,0.05,-0.00101774377,FindWall,finding_near_right_wall,0,14,42,0.470066696,3.08794883,1,0,1,3.13341022,3.09136151,3.09136151,0,0,0,0,0
31.55,1.66568307,-0.272925319,-90.1405399,0.05,-0.000949894181,FindWall,finding_near_right_wall,0,14,42,0.470066696,3.08794883,1,0,1,3.13341022,3.08885649,3.08885649,0,0,0,0,0
31.6,1.66567687,-0.275425311,-90.1435635,0.05,-0.000886567902,FindWall,finding_near_right_wall,0,14,42,0.469786733,3.08301868,1,0,1,3.15614009,3.08635181,3.08635181,0,0,0,0,0
31.65,1.66567055,-0.277925303,-90.1463855,0.05,-0.000827463376,FindWall,finding_near_right_wall,0,14,42,0.469786733,3.08301868,1,0,1,3.15614009,3.08384743,3.08384743,0,0,0,0,0
31.7,1.6656641,-0.280425295,-90.1490194,0.05,-0.000772299151,FindWall,finding_near_right_wall,0,14,42,0.469513416,3.07809592,1,0,1,3.17905402,3.08134336,3.08134336,0,0,0,0,0
31.75,1.66565755,-0.282925286,-90.1514777,0.05,-0.000720812541,FindWall,finding_near_right_wall,0,14,42,0.469513416,3.07809592,1,0,1,3.17905402,3.07883955,3.07883955,0,0,0,0,0
31.8,1.66565089,-0.285425277,-90.1537721,0.05,-0.000672758371,FindWall,finding_near_right_wall,0,14,42,0.469246149,3.07318079,1,0,1,3.20212889,3.076336,3.076336,0,0,0,0,0
31.85,1.66564413,-0.287925268,-90.1559136,0.05,-0.000627907813,FindWall,finding_near_right_wall,0,14,42,0.469246149,3.07318079,1,0,1,3.20212889,3.07383269,3.07383269,0,0,0,0,0
31.9,1.66563729,-0.290425259,-90.1579123,0.05,-0.000586047292,FindWall,finding_near_right_wall,0,14,42,0.468984485,3.06827304,1,0,1,3.20971704,3.07132959,3.07132959,0,0,0,0,0
31.95,1.66563036,-0.292925249,-90.1597777,0.05,-0.000546977473,FindWall,finding_near_right_wall,0,14,42,0.468984485,3.06827304,1,0,1,3.20971704,3.06882671,3.06882671,0,0,0,0,0
32,1.66562335,-0.295425239,-90.1615188,0.05,-0.000510512308,FindWall,finding_near_right_wall,0,14,42,0.468728095,3.06337269,1,0,1,3.1008451,3.06632402,3.06632402,0,0,0,0,0
32.05,1.66561626,-0.297925229,-90.1631438,0.05,-0.000476478154,FindWall,finding_near_right_wall,0,14,42,0.468728095,3.06337269,1,0,1,3.1008451,3.06382151,3.06382151,0,0,0,0,0
32.1,1.66560911,-0.300425219,-90.1646605,0.05,-0.000444712944,FindWall,finding_near_right_wall,0,14,42,0.468476772,3.05847948,1,0,1,3.08200216,3.06131916,3.06131916,0,0,0,0,0
32.15,1.6656019,-0.302925209,-90.1660761,0.05,-0.000415065414,FindWall,finding_near_right_wall,0,14,42,0.468476772,3.05847948,1,0,1,3.08200216,3.05881698,3.05881698,0,0,0,0,0
32.2,1.66559462,-0.305425198,-90.1673972,0.05,-0.000387394387,FindWall,finding_near_right_wall,0,14,42,0.468230337,3.05359343,1,0,1,3.10434651,3.05631494,3.05631494,0,0,0,0,0
32.25,1.66558729,-0.307925187,-90.1686304,0.05,-0.000361568094,FindWall,finding_near_right_wall,0,14,42,0.468230337,3.05359343,1,0,1,3.10434651,3.05381304,3.05381304,0,0,0,0,0
32.3,1.66557991,-0.310425176,-90.1697813,0.05,-0.000337463555,FindWall,finding_near_right_wall,0,14,42,0.4679887,3.04871428,1,0,1,3.1267767,3.05131126,3.05131126,0,0,0,0,0
32.35,1.66557247,-0.312925165,-90.1708554,0.05,-0.000314965984,FindWall,finding_near_right_wall,0,14,42,0.4679887,3.04871428,1,0,1,3.1267767,3.04880961,3.04880961,0,0,0,0,0
32.4,1.665565,-0.315425154,-90.171858,0.05,-0.000293968252,FindWall,finding_near_right_wall,0,14,42,0.46775192,3.04383152,1,0,1,3.14928341,3.04630806,3.04630806,0,0,0,0,0
32.45,1.66555748,-0.317925143,-90.1727937,0.05,-0.000274370368,FindWall,finding_near_right_wall,0,14,42,0.46775192,3.04383152,1,0,1,3.14928341,3.04380662,3.04380662,0,0,0,0,0
32.5,1.66554992,-0.320425131,-90.1736671,0.05,-0.000256079011,FindWall,finding_near_right_wall,0,14,42,0.467519999,3.03868947,1,0,1,3.17185855,3.04130528,3.04130528,0,0,0,0,0
32.55,1.66554232,-0.32292512,-90.1744822,0.05,-0.000239007077,FindWall,finding_near_right_wall,0,14,42,0.467519999,3.03868947,1,0,1,3.17185855,3.03880403,3.03880403,0,0,0,0,0
32.6,1.66553469,-0.325425108,-90.175243,0.05,-0.000223073271,FindWall,finding_near_right_wall,0,14,42,0.467293054,3.03355362,1,0,1,3.19449496,3.03630286,3.03630286,0,0,0,0,0
32.65,1.66552703,-0.327925097,-90.1759531,0.05,-0.00020820172,FindWall,finding_near_right_wall,0,14,42,0.467293054,3.03355362,1,0,1,3.19449496,3.03380177,3.03380177,0,0,0,0,0
32.7,1.66551934,-0.330425085,-90.1766158,0.05,-0.000194321605,FindWall,finding_near_right_wall,0,14,42,0.467071176,3.02842492,1,0,1,3.21718645,3.03130075,3.03130075,0,0,0,0,0
32.75,1.66551162,-0.332925073,-90.1772343,0.05,-0.000181366832,FindWall,finding_near_right_wall,0,14,42,0.467071176,3.02842492,1,0,1,3.21718645,3.0287998,3.0287998,0,0,0,0,0
32.8,1.66550388,-0.335425061,-90.1778116,0.05,-0.00016927571,FindWall,finding_near_right_wall,0,14,42,0.466854572,3.02330313,1,0,1,3.09506702,3.02629892,3.02629892,0,0,0,0,0
32.85,1.66549611,-0.337925049,-90.1783505,0.05,-0.000157990662,FindWall,finding_near_right_wall,0,14,42,0.466854572,3.02330313,1,0,1,3.09506702,3.0237981,3.0237981,0,0,0,0,0
32.9,1.66548831,-0.340425037,-90.1788534,0.05,-0.000147457951,FindWall,finding_near_right_wall,0,14,42,0.466643393,3.01818898,1,0,1,3.09366393,3.02129733,3.02129733,0,0,0,0,0
32.95,1.6654805,-0.342925024,-90.1793227,0.05,-0.000137627421,FindWall,finding_near_right_wall,0,14,42,0.466643393,3.01818898,1,0,1,3.09366393,3.01879661,3.01879661,0,0,0,0,0
33,1.66547266,-0.345425012,-90.1797608,0.05,-0.00012845226,FindWall,finding_near_right_wall,0,14,42,0.466437846,3.01308245,1,0,1,3.11547399,3.01629595,3.01629595,0,0,0,0,0
33.05,1.66546481,-0.347925,-90.1801697,0.05,-0.000119888776,FindWall,finding_near_right_wall,0,14,42,0.466437846,3.01308245,1,0,1,3.11547399,3.01379532,3.01379532,0,0,0,0,0
33.1,1.66545694,-0.350424987,-90.1805513,0.05,-0.000111896191,FindWall,finding_near_right_wall,0,14,42,0.466238171,3.00798379,1,0,1,3.13730645,3.01129474,3.01129474,0,0,0,0,0
33.15,1.66544906,-0.352924975,-90.1809075,0.05,-0.000104436445,FindWall,finding_near_right_wall,0,14,42,0.466238171,3.00798379,1,0,1,3.13730645,3.0087942,3.0087942,0,0,0,0,0
33.2,1.66544116,-0.355424962,-90.1812399,0.05,-9.74740151e-05,FindWall,finding_near_right_wall,0,14,42,0.466044575,3.00289324,1,0,1,3.15915775,3.0062937,3.0062937,0,0,0,0,0
33.25,1.66543324,-0.35792495,-90.1815502,0.05,-9.09757475e-05,FindWall,finding_near_right_wall,0,14,42,0.466044575,3.00289324,1,0,1,3.15915775,3.00379323,3.00379323,0,0,0,0,0
33.3,1.66542531,-0.360424937,-90.1818398,0.05,-8.49106976e-05,FindWall,finding_near_right_wall,0,14,42,0.465857327,2.99781103,1,0,1,3.18102527,3.00129279,3.00129279,0,0,0,0,0
33.35,1.66541737,-0.362924925,-90.1821101,0.05,-7.92499845e-05,FindWall,finding_near_right_wall,0,14,42,0.465857327,2.99781103,1,0,1,3.18102527,2.99879239,2.99879239,0,0,0,0,0
33.4,1.66540942,-0.365424912,-90.1823623,0.05,-7.39666522e-05,FindWall,finding_near_right_wall,0,14,42,0.465676636,2.99273716,1,0,1,3.20290589,2.99629201,2.99629201,0,0,0,0,0
33.45,1.66540146,-0.367924899,-90.1825978,0.05,-6.9035542e-05,FindWall,finding_near_right_wall,0,14,42,0.465676636,2.99273716,1,0,1,3.20290589,2.99379166,2.99379166,0,0,0,0,0
33.5,1.66539349,-0.370424887,-90.1828175,0.05,-6.44331726e-05,FindWall,finding_near_right_wall,0,14,42,0.465502769,2.98767211,1,0,1,3.22479725,2.99129133,2.99129133,0,0,0,0,0
33.55,1.66538551,-0.372924874,-90.1830226,0.05,-6.01376277e-05,FindWall,finding_near_right_wall,0,14,42,0.465502769,2.98767211,1,0,1,3.22479725,2.98879102,2.98879102,0,0,0,0,0
33.6,1.66537752,-0.375424861,-90.183214,0.05,-5.61284525e-05,FindWall,finding_near_right_wall,0,14,42,0.465335935,2.98261589,1,0,1,3.0846796,2.98629074,2.98629074,0,0,0,0,0
33.65,1.66536952,-0.377924848,-90.1833927,0.05,-5.23865557e-05,FindWall,finding_near_right_wall,0,14,42,0.465335935,2.98261589,1,0,1,3.0846796,2.98379048,2.98379048,0,0,0,0,0
33.7,1.66536151,-0.380424836,-90.1835594,0.05,-4.88941187e-05,FindWall,finding_near_right_wall,0,14,42,0.465176433,2.97756872,1,0,1,3.1052084,2.98129023,2.98129023,0,0,0,0,0
33.75,1.6653535,-0.382924823,-90.1837151,0.05,-4.56345107e-05,FindWall,finding_near_right_wall,0,14,42,0.465176433,2.97756872,1,0,1,3.1052084,2.97879,2.97879,0,0,0,0,0
33.8,1.66534548,-0.38542481,-90.1838603,0.05,-4.259221e-05,FindWall,finding_near_right_wall,0,14,42,0.465024441,2.97253061,1,0,1,3.12573886,2.97628979,2.97628979,0,0,0,0,0
33.85,1.66533745,-0.387924797,-90.1839959,0.05,-3.97527294e-05,FindWall,finding_near_right_wall,0,14,42,0.465024441,2.97253061,1,0,1,3.12573886,2.97378959,2.97378959,0,0,0,0,0
33.9,1.66532942,-0.390424784,-90.1841224,0.05,-3.71025474e-05,FindWall,finding_near_right_wall,0,14,42,0.464880198,2.96750157,1,0,1,3.14627051,2.97128941,2.97128941,0,0,0,0,0
33.95,1.66532139,-0.392924771,-90.1842405,0.05,-3.46290442e-05,FindWall,finding_near_right_wall,0,14,42,0.464880198,2.96750157,1,0,1,3.14627051,2.96878924,2.96878924,0,0,0,0,0
34,1.66531335,-0.395424758,-90.1843508,0.05,-3.23204413e-05,FindWall,finding_near_right_wall,0,14,42,0.464743912,2.96248182,1,0,1,3.16680217,2.96628908,2.96628908,0,0,0,0,0
34.05,1.6653053,-0.397924745,-90.1844537,0.05,-3.01657452e-05,FindWall,finding_near_right_wall,0,14,42,0.464743912,2.96248182,1,0,1,3.16680217,2.96378893,2.96378893,0,0,0,0,0
34.1,1.66529725,-0.400424732,-90.1845497,0.05,-2.81546955e-05,FindWall,finding_near_right_wall,0,14,42,0.464615792,2.95747113,1,0,1,3.18733358,2.9612888,2.9612888,0,0,0,0,0
34.15,1.66528919,-0.402924719,-90.1846393,0.05,-2.62777158e-05,FindWall,finding_near_right_wall,0,14,42,0.464615792,2.95747113,1,0,1,3.18733358,2.95878867,2.95878867,0,0,0,0,0
34.2,1.66528114,-0.405424706,-90.1847229,0.05,-2.45258681e-05,FindWall,finding_near_right_wall,0,14,42,0.464496017,2.95246973,1,0,1,3.20786452,2.95628855,2.95628855,0,0,0,0,0
34.25,1.66527307,-0.407924693,-90.184801,0.05,-2.28908102e-05,FindWall,finding_near_right_wall,0,14,42,0.464496017,2.95246973,1,0,1,3.20786452,2.95378845,2.95378845,0,0,0,0,0
34.3,1.66526501,-0.41042468,-90.1848739,0.05,-2.13647562e-05,FindWall,finding_near_right_wall,0,14,42,0.464384794,2.94747788,1,0,1,3.22839451,2.95128835,2.95128835,0,0,0,0,0
34.35,1.66525694,-0.412924667,-90.1849419,0.05,-1.99404391e-05,FindWall,finding_near_right_wall,0,14,42,0.464384794,2.94747788,1,0,1,3.22839451,2.94878825,2.94878825,0,0,0,0,0
34.4,1.66524887,-0.415424654,-90.1850054,0.05,-1.86110765e-05,FindWall,finding_near_right_wall,0,14,42,0.464282244,2.94249508,1,0,1,3.08807945,2.94628817,2.94628817,0,0,0,0,0
34.45,1.6652408,-0.417924641,-90.1850646,0.05,-1.73703381e-05,FindWall,finding_near_right_wall,0,14,42,0.464282244,2.94249508,1,0,1,3.08807945,2.94378809,2.94378809,0,0,0,0,0
34.5,1.66523272,-0.420424628,-90.1851199,0.05,-1.62123155e-05,FindWall,finding_near_right_wall,0,14,42,0.464188516,2.93752158,1,0,1,3.10772276,2.94128802,2.94128802,0,0,0,0,0
34.55,1.66522464,-0.422924615,-90.1851715,0.05,-1.51314945e-05,FindWall,finding_near_right_wall,0,14,42,0.464188516,2.93752158,1,0,1,3.10772276,2.93878795,2.93878795,0,0,0,0,0
34.6,1.66521656,-0.425424602,-90.1852197,0.05,-1.41227282e-05,FindWall,finding_near_right_wall,0,14,42,0.464103758,2.93255714,1,0,1,3.12737775,2.93628789,2.93628789,0,0,0,0,0
34.65,1.66520848,-0.427924589,-90.1852646,0.05,-1.3181213e-05,FindWall,finding_near_right_wall,0,14,42,0.464103758,2.93255714,1,0,1,3.12737775,2.93378783,2.93378783,0,0,0,0,0
34.7,1.66520039,-0.430424576,-90.1853066,0.05,-1.23024655e-05,FindWall,finding_near_right_wall,0,14,42,0.46402809,2.92760175,1,0,1,3.14704394,2.93128778,2.93128778,0,0,0,0,0
34.75,1.66519231,-0.432924563,-90.1853457,0.05,-1.14823011e-05,FindWall,finding_near_right_wall,0,14,42,0.46402809,2.92760175,1,0,1,3.14704394,2.92878773,2.92878773,0,0,0,0,0
34.8,1.66518422,-0.43542455,-90.1853823,0.05,-1.07168144e-05,FindWall,finding_near_right_wall,0,14,42,0.463961542,2.92265543,1,0,1,0.276009738,2.92628769,2.92628769,0,0,0,0,0
34.85,1.66517613,-0.437924537,-90.1854164,0.05,-1.00023601e-05,FindWall,finding_near_right_wall,0,14,42,0.463961542,2.92265543,1,0,1,0.276009738,2.92378765,2.92378765,0,0,0,0,0
34.9,1.66516804,-0.440424524,-90.1854482,0.05,-9.33553606e-06,FindWall,finding_near_right_wall,0,14,42,0.463904262,2.91771793,1,0,1,0.272129834,2.92128761,2.92128761,0,0,0,0,0
34.95,1.66515995,-0.442924511,-90.1854779,0.05,-8.71316699e-06,FindWall,finding_near_right_wall,0,14,42,0.463904262,2.91771793,1,0,1,0.272129834,2.91878758,2.91878758,0,0,0,0,0
35,1.66515185,-0.445424497,-90.1855057,0,0,FollowWall,right_wall_reacquired,0,14,42,0.46385625,2.91278925,1,0,1,0.271981925,2.91628755,2.91628755,0,0,0,0,0
35.05,1.66514713,-0.446882823,-90.1855219,0.05,-0.0329728872,FollowWall,following_with_distance_only,0,14,42,0.46385625,2.91278925,1,0,1,0.271981925,2.9148292,2.9148292,0,0,0,0,0
35.1,1.66514035,-0.448775172,-90.2248898,0.05,-0.0328306854,FollowWall,following_with_distance_only,0,14,42,0.463401616,2.90946333,1,0,1,0.271887124,2.91287579,2.91287579,0,0,0,0,0
35.15,1.66513077,-0.450920695,-90.2870431,0.05,-0.0328306854,FollowWall,following_with_distance_only,0,14,42,0.463401616,2.90946333,1,0,1,0.271887124,2.91063391,2.91063391,0,0,0,0,0
35.2,1.66511777,-0.453213892,-90.362488,0.05,-0.0320460945,FollowWall,following_with_distance_only,0,14,42,0.461871117,2.90504268,1,0,1,0.271364063,2.9082238,2.9082238,0,0,0,0,0
35.25,1.66510101,-0.455593219,-90.4447497,0.05,-0.0320460945,FollowWall,following_with_distance_only,0,14,42,0.461871117,2.90504268,1,0,1,0.271364063,2.90571708,2.90571708,0,0,0,0,0
35.3,1.66508032,-0.458022773,-90.5309879,0.05,-0.0296714902,FollowWall,following_with_distance_only,0,14,42,0.460006148,2.90027897,1,0,1,0.269780993,2.90315406,2.90315406,0,0,0,0,0
35.35,1.66505569,-0.460481608,-90.6167113,0.05,-0.0296714902,FollowWall,following_with_distance_only,0,14,42,0.460006148,2.90027897,1,0,1,0.269780993,2.90056265,2.90056265,0,0,0,0,0
35.4,1.6650272,-0.462957503,-90.7021343,0.05,-0.0291752368,FollowWall,following_with_distance_only,0,14,42,0.458114743,2.8954261,1,0,1,0.269450158,2.89795472,2.89795472,0,0,0,0,0
35.45,1.6649949,-0.465443327,-90.7867898,0.05,-0.0291752368,FollowWall,following_with_distance_only,0,14,42,0.458114743,2.8954261,1,0,1,0.269450158,2.89533814,2.89533814,0,0,0,0,0
35.5,1.66495885,-0.46793492,-90.8709975,0.05,-0.0286648124,FollowWall,following_with_distance_only,0,14,42,0.45625034,2.8905656,1,0,1,0.269109875,2.89271657,2.89271657,0,0,0,0,0
35.55,1.6649191,-0.470429851,-90.9543348,0.05,-0.0286648124,FollowWall,following_with_distance_only,0,14,42,0.45625034,2.8905656,1,0,1,0.269109875,2.89009308,2.89009308,0,0,0,0,0
35.6,1.66487571,-0.472926702,-91.0371643,0.05,-0.0285322219,FollowWall,following_with_distance_only,0,14,42,0.454417288,2.88572394,1,0,1,0.269021481,2.88746854,2.88746854,0,0,0,0,0
35.65,1.66482869,-0.475424642,-91.1195394,0.05,-0.0285322219,FollowWall,following_with_distance_only,0,14,42,0.454417288,2.88572394,1,0,1,0.269021481,2.88484369,2.88484369,0,0,0,0,0
35.7,1.66477807,-0.477923186,-91.2016493,0.05,-0.0286334753,FollowWall,following_with_distance_only,0,14,42,0.45260492,2.88090921,1,0,1,0.269088984,2.88221873,2.88221873,0,0,0,0,0
35.75,1.66472386,-0.480422048,-91.2837255,0.05,-0.0286334753,FollowWall,following_with_distance_only,0,14,42,0.45260492,2.88090921,1,0,1,0.269088984,2.87959359,2.87959359,0,0,0,0,0
35.8,1.66466607,-0.482921059,-91.3657819,0.05,-0.0277997553,FollowWall,following_with_distance_only,0,14,42,0.450799525,2.87590188,1,0,1,0.26853317,2.87696841,2.87696841,0,0,0,0,0
35.85,1.66460472,-0.485420119,-91.4468317,0.05,-0.0277997553,FollowWall,following_with_distance_only,0,14,42,0.450799525,2.87590188,1,0,1,0.26853317,2.87434481,2.87434481,0,0,0,0,0
35.9,1.66453985,-0.487919168,-91.5272942,0.05,-0.0280418694,FollowWall,following_with_distance_only,0,14,42,0.449023783,2.87074554,1,0,1,0.26869458,2.8717222,2.8717222,0,0,0,0,0
35.95,1.66447146,-0.490418168,-91.6077032,0.05,-0.0280418694,FollowWall,following_with_distance_only,0,14,42,0.449023783,2.87074554,1,0,1,0.26869458,2.8690998,2.8690998,0,0,0,0,0
36,1.66439957,-0.492917097,-91.688081,0.05,-0.0278606415,FollowWall,following_with_distance_only,0,14,42,0.447258472,2.86561781,1,0,1,0.268573761,2.8664776,2.8664776,0,0,0,0,0
36.05,1.66432418,-0.495415938,-91.7682242,0.05,-0.0278606415,FollowWall,following_with_distance_only,0,14,42,0.447258472,2.86561781,1,0,1,0.268573761,2.86385593,2.86385593,0,0,0,0,0
36.1,1.66424529,-0.497914681,-91.8482306,0.05,-0.0275993943,FollowWall,following_with_distance_only,0,14,42,0.44550246,2.86051891,1,0,1,0.268399596,2.86123465,2.86123465,0,0,0,0,0
36.15,1.66416292,-0.500413316,-91.9278454,0.05,-0.0275993943,FollowWall,following_with_distance_only,0,14,42,0.44550246,2.86051891,1,0,1,0.268399596,2.85861415,2.85861415,0,0,0,0,0
36.2,1.66407709,-0.502911838,-92.0072317,0.05,-0.0273348838,FollowWall,following_with_distance_only,0,14,42,0.443760604,2.85544861,1,0,1,0.268223256,2.8559942,2.8559942,0,0,0,0,0
36.25,1.66398781,-0.505410241,-92.086169,0.05,-0.0273348838,FollowWall,following_with_distance_only,0,14,42,0.443760604,2.85544861,1,0,1,0.268223256,2.85337513,2.85337513,0,0,0,0,0
36.3,1.66389508,-0.507908519,-92.1648443,0.05,-0.0274277329,FollowWall,following_with_distance_only,0,14,42,0.44203487,2.85040668,1,0,1,0.268285155,2.85075666,2.85075666,0,0,0,0,0
36.35,1.66379893,-0.510406669,-92.2434777,0.05,-0.0274277329,FollowWall,following_with_distance_only,0,14,42,0.44203487,2.85040668,1,0,1,0.268285155,2.84813846,2.84813846,0,0,0,0,0
36.4,1.66369936,-0.512904684,-92.3220867,0.05,-0.0269216895,FollowWall,following_with_distance_only,0,14,42,0.440315276,2.84539335,1,0,1,0.267947793,2.84552051,2.84552051,0,0,0,0,0
36.45,1.66359636,-0.515402562,-92.4000773,0.05,-0.0269216895,FollowWall,following_with_distance_only,0,14,42,0.440315276,2.84539335,1,0,1,0.267947793,2.84290372,2.84290372,0,0,0,0,0
36.5,1.66348998,-0.517900297,-92.4777072,0.05,-0.0263429582,FollowWall,following_with_distance_only,0,14,42,0.438613355,2.8404079,1,0,1,0.267561972,2.8402877,2.8402877,0,0,0,0,0
36.55,1.66338023,-0.520397887,-92.5544359,0.05,-0.0263429582,FollowWall,following_with_distance_only,0,14,42,0.438613355,2.8404079,1,0,1,0.267561972,2.83767327,2.83767327,0,0,0,0,0
36.6,1.66326715,-0.522895328,-92.6306389,0.05,-0.0259583741,FollowWall,following_with_distance_only,0,14,42,0.436938643,2.83544891,1,0,1,0.267305583,2.83505987,2.83505987,0,0,0,0,0
36.65,1.66315076,-0.525392617,-92.7060762,0.05,-0.0259583741,FollowWall,following_with_distance_only,0,14,42,0.436938643,2.83544891,1,0,1,0.267305583,2.83244786,2.83244786,0,0,0,0,0
36.7,1.66303109,-0.527889751,-92.7810668,0.05,-0.0256062001,FollowWall,following_with_distance_only,0,14,42,0.435288876,2.83051567,1,0,1,0.2670708,2.82983675,2.82983675,0,0,0,0,0
36.75,1.66290818,-0.530386728,-92.8553765,0.05,-0.0256062001,FollowWall,following_with_distance_only,0,14,42,0.435288876,2.83051567,1,0,1,0.2670708,2.82722691,2.82722691,0,0,0,0,0
36.8,1.66278203,-0.532883543,-92.9292889,0.05,-0.0255483538,FollowWall,following_with_distance_only,0,14,42,0.433660746,2.82560792,1,0,1,0.267032236,2.8246179,2.8246179,0,0,0,0,0
36.85,1.66265267,-0.535380194,-93.0029006,0.05,-0.0255483538,FollowWall,following_with_distance_only,0,14,42,0.433660746,2.82560792,1,0,1,0.267032236,2.82200958,2.82200958,0,0,0,0,0
36.9,1.6625201,-0.537876677,-93.0763369,0.05,-0.025710091,FollowWall,following_with_distance_only,0,14,42,0.432044327,2.82072639,1,0,1,0.267140061,2.81940177,2.81940177,0,0,0,0,0
36.95,1.66238433,-0.540372987,-93.1498639,0.05,-0.025710091,FollowWall,following_with_distance_only,0,14,42,0.432044327,2.82072639,1,0,1,0.267140061,2.81679407,2.81679407,0,0,0,0,0
37,1.66224536,-0.542869122,-93.2234438,0.05,-0.0258534998,FollowWall,following_with_distance_only,0,14,42,0.430428147,2.74929496,1,0,1,0.267235667,2.81418653,2.81418653,0,0,0,0,0
37.05,1.66210318,-0.545365075,-93.2972257,0.05,-0.0258534998,FollowWall,following_with_distance_only,0,14,42,0.430428147,2.74929496,1,0,1,0.267235667,2.81157893,2.81157893,0,0,0,0,0
37.1,1.66195778,-0.547860844,-93.3711255,0.05,-0.0252725333,FollowWall,following_with_distance_only,0,14,42,0.428807318,2.67173824,1,0,1,0.266848356,2.80897142,2.80897142,0,0,0,0,0
37.15,1.66180917,-0.550356423,-93.4444006,0.05,-0.0252725333,FollowWall,following_with_distance_only,0,14,42,0.428807318,2.67173824,1,0,1,0.266848356,2.80636511,2.80636511,0,0,0,0,0
37.2,1.66165739,-0.552851811,-93.5173113,0.05,-0.0250534415,FollowWall,following_with_distance_only,0,14,42,0.427199781,2.59878358,1,0,1,0.266702294,2.80375961,2.80375961,0,0,0,0,0
37.25,1.66150243,-0.555347004,-93.5897478,0.05,-0.0250534415,FollowWall,following_with_distance_only,0,14,42,0.427199781,2.59878358,1,0,1,0.266702294,2.80115509,2.80115509,0,0,0,0,0
37.3,1.66134433,-0.557842,-93.6619078,0.05,-0.0248729289,FollowWall,following_with_distance_only,0,14,42,0.425605834,2.53007003,1,0,1,0.266581953,2.79855126,2.79855126,0,0,0,0,0
37.35,1.6611831,-0.560336795,-93.7336911,0.05,-0.0248729289,FollowWall,following_with_distance_only,0,14,42,0.425605834,2.53007003,1,0,1,0.266581953,2.79594826,2.79594826,0,0,0,0,0
37.4,1.66101874,-0.562831387,-93.8052545,0.05,-0.0246675611,FollowWall,following_with_distance_only,0,14,42,0.424021989,2.18955066,1,0,1,0.266445041,2.79334587,2.79334587,0,0,0,0,0
37.45,1.66085128,-0.565325772,-93.8764445,0.05,-0.0246675611,FollowWall,following_with_distance_only,0,14,42,0.424021989,2.18955066,1,0,1,0.266445041,2.79074431,2.79074431,0,0,0,0,0
37.5,1.66068072,-0.567819947,-93.9474168,0.05,-0.024036482,FollowWall,following_with_distance_only,0,14,42,0.422447145,2.14040772,1,0,1,0.266024321,2.78814336,2.78814336,0,0,0,0,0
37.55,1.66050709,-0.57031391,-94.0175087,0.05,-0.024036482,FollowWall,following_with_distance_only,0,14,42,0.422447145,2.14040772,1,0,1,0.266024321,2.78554401,2.78554401,0,0,0,0,0
37.6,1.66033043,-0.57280766,-94.0870871,0.05,-0.0233261436,FollowWall,following_with_distance_only,0,14,42,0.420891821,2.0939515,1,0,1,0.265550762,2.78294571,2.78294571,0,0,0,0,0
37.65,1.66015076,-0.575301196,-94.155518,0.05,-0.0233261436,FollowWall,following_with_distance_only,0,14,42,0.420891821,2.0939515,1,0,1,0.265550762,2.78034942,2.78034942,0,0,0,0,0
37.7,1.65996812,-0.577794516,-94.2232796,0.05,-0.0228313208,FollowWall,following_with_distance_only,0,14,42,0.419363618,2.05026605,1,0,1,0.265220881,2.77775441,2.77775441,0,0,0,0,0
37.75,1.65978256,-0.580287619,-94.2900601,0.05,-0.0228313208,FollowWall,following_with_distance_only,0,14,42,0.419363618,2.05026605,1,0,1,0.265220881,2.77516114,2.77516114,0,0,0,0,0
37.8,1.65959411,-0.582780506,-94.3562682,0.05,-0.0225777179,FollowWall,following_with_distance_only,0,14,42,0.417859405,2.00905588,1,0,1,0.265051812,2.77256901,2.77256901,0,0,0,0,0
37.85,1.65940278,-0.585273175,-94.4218398,0.05,-0.0225777179,FollowWall,following_with_distance_only,0,14,42,0.417859405,2.00905588,1,0,1,0.265051812,2.76997812,2.76997812,0,0,0,0,0
37.9,1.65920862,-0.587765623,-94.4870401,0.05,-0.0223184824,FollowWall,following_with_distance_only,0,14,42,0.416370332,1.96986592,1,0,1,0.264878988,2.76738805,2.76738805,0,0,0,0,0
37.95,1.65901163,-0.59025785,-94.5517143,0.05,-0.0223184824,FollowWall,following_with_distance_only,0,14,42,0.416370332,1.96986592,1,0,1,0.264878988,2.76479906,2.76479906,0,0,0,0,0
38,1.65881183,-0.592749854,-94.6160816,0.05,-0.0219802558,FollowWall,following_with_distance_only,0,14,42,0.414891779,1.93242924,1,0,1,0.264653504,2.7622108,2.7622108,0,0,0,0,0
38.05,1.65860925,-0.595241632,-94.6798663,0.05,-0.0219802558,FollowWall,following_with_distance_only,0,14,42,0.414891779,1.93242924,1,0,1,0.264653504,2.7596237,2.7596237,0,0,0,0,0
38.1,1.6584039,-0.597733184,-94.7433109,0.05,-0.021339342,FollowWall,following_with_distance_only,0,14,42,0.413423717,1.73310219,1,0,1,0.264226228,2.75703738,2.75703738,0,0,0,0,0
38.15,1.65819581,-0.600224509,-94.8057923,0.05,-0.021339342,FollowWall,following_with_distance_only,0,14,42,0.413423717,1.73310219,1,0,1,0.264226228,2.75445279,2.75445279,0,0,0,0,0
38.2,1.65798502,-0.602715606,-94.8677117,0.05,-0.0209991038,FollowWall,following_with_distance_only,0,14,42,0.411973625,1.70453526,1,0,1,0.263999403,2.75186932,2.75186932,0,0,0,0,0
38.25,1.65777155,-0.605206476,-94.9288972,0.05,-0.0209991038,FollowWall,following_with_distance_only,0,14,42,0.411973625,1.70453526,1,0,1,0.263999403,2.74928722,2.74928722,0,0,0,0,0
38.3,1.65755543,-0.607697117,-94.9896546,0.05,-0.0206384361,FollowWall,following_with_distance_only,0,14,42,0.410537899,1.67721115,1,0,1,0.263758957,2.74670604,2.74670604,0,0,0,0,0
38.35,1.65733668,-0.610187529,-95.0497317,0.05,-0.0206384361,FollowWall,following_with_distance_only,0,14,42,0.410537899,1.67721115,1,0,1,0.263758957,2.74412615,2.74412615,0,0,0,0,0
38.4,1.65711533,-0.61267771,-95.109412,0.05,-0.0202568024,FollowWall,following_with_distance_only,0,14,42,0.409113616,1.65100233,1,0,1,0.263504535,2.74154713,2.74154713,0,0,0,0,0
38.45,1.65689141,-0.615167661,-95.1684053,0.05,-0.0202568024,FollowWall,following_with_distance_only,0,14,42,0.409113616,1.65100233,1,0,1,0.263504535,2.73896941,2.73896941,0,0,0,0,0
38.5,1.65666493,-0.617657382,-95.2269979,0.05,-0.0198536217,FollowWall,following_with_distance_only,0,14,42,0.407700032,1.62584147,1,0,1,0.263235748,2.73639258,2.73639258,0,0,0,0,0
38.55,1.65643591,-0.62014687,-95.2848753,0.05,-0.0198536217,FollowWall,following_with_distance_only,0,14,42,0.407700032,1.62584147,1,0,1,0.263235748,2.73381708,2.73381708,0,0,0,0,0
38.6,1.6562044,-0.622636127,-95.3423357,0.05,-0.019422099,FollowWall,following_with_distance_only,0,14,42,0.406297028,1.60168298,1,0,1,0.262948066,2.73124248,2.73124248,0,0,0,0,0
38.65,1.6559704,-0.625125152,-95.3990377,0.05,-0.019422099,FollowWall,following_with_distance_only,0,14,42,0.406297028,1.60168298,1,0,1,0.262948066,2.72866928,2.72866928,0,0,0,0,0
38.7,1.65573395,-0.627613945,-95.4552973,0.05,-0.0186788142,FollowWall,following_with_distance_only,0,14,42,0.404904932,1.57849344,1,0,1,0.262452543,2.72609702,2.72609702,0,0,0,0,0
38.75,1.65549508,-0.630102507,-95.5104116,0.05,-0.0186788142,FollowWall,following_with_distance_only,0,14,42,0.404904932,1.57849344,1,0,1,0.262452543,2.72352673,2.72352673,0,0,0,0,0
38.8,1.65525383,-0.63259084,-95.5648578,0.05,-0.0179375857,FollowWall,following_with_distance_only,0,14,42,0.403530866,1.43547824,1,0,1,0.26195839,2.7209577,2.7209577,0,0,0,0,0
38.85,1.65501024,-0.635078945,-95.6180294,0.05,-0.0179375857,FollowWall,following_with_distance_only,0,14,42,0.403530866,1.43547824,1,0,1,0.26195839,2.71839083,2.71839083,0,0,0,0,0
38.9,1.65476437,-0.637566824,-95.6704577,0.05,-0.0171860307,FollowWall,following_with_distance_only,0,14,42,0.402178258,1.41700513,1,0,1,0.261457354,2.71582533,2.71582533,0,0,0,0,0
38.95,1.65451624,-0.64005448,-95.7215551,0.05,-0.0171860307,FollowWall,following_with_distance_only,0,14,42,0.402178258,1.41700513,1,0,1,0.261457354,2.71326206,2.71326206,0,0,0,0,0
39,1.65426591,-0.642541916,-95.7718763,0.05,-0.016716823,FollowWall,following_with_distance_only,0,14,42,0.400848061,1.39945329,1,0,1,0.261144549,2.71070019,2.71070019,0,0,0,0,0
39.05,1.65401342,-0.645029133,-95.8211845,0.05,-0.016716823,FollowWall,following_with_distance_only,0,14,42,0.400848061,1.39945329,1,0,1,0.261144549,2.70814007,2.70814007,0,0,0,0,0
39.1,1.6537588,-0.647516133,-95.8699019,0.05,-0.0162180215,FollowWall,following_with_distance_only,0,14,42,0.399533749,1.38266712,1,0,1,0.260812014,2.70558108,2.70558108,0,0,0,0,0
39.15,1.65350209,-0.650002918,-95.9176792,0.05,-0.0162180215,FollowWall,following_with_distance_only,0,14,42,0.399533749,1.38266712,1,0,1,0.260812014,2.70302373,2.70302373,0,0,0,0,0
39.2,1.65324332,-0.652489489,-95.9649082,0.05,-0.0156899393,FollowWall,following_with_distance_only,0,14,42,0.398231834,1.36655949,1,0,1,0.26045996,2.70046743,2.70046743,0,0,0,0,0
39.25,1.65298252,-0.654975848,-96.0111869,0.05,-0.0156899393,FollowWall,following_with_distance_only,0,14,42,0.398231834,1.36655949,1,0,1,0.26045996,2.69791278,2.69791278,0,0,0,0,0
39.3,1.65271972,-0.657461997,-96.0569113,0.05,-0.0151324421,FollowWall,following_with_distance_only,0,14,42,0.396941602,1.35109758,1,0,1,0.260088295,2.69535919,2.69535919,0,0,0,0,0
39.35,1.65245496,-0.659947938,-96.1016468,0.05,-0.0151324421,FollowWall,following_with_distance_only,0,14,42,0.396941602,1.35109758,1,0,1,0.260088295,2.69280729,2.69280729,0,0,0,0,0
39.4,1.65218827,-0.662433673,-96.1458056,0.05,-0.0145824999,FollowWall,following_with_distance_only,0,14,42,0.395663232,1.33626678,1,0,1,0.259721667,2.69025648,2.69025648,0,0,0,0,0
39.45,1.65191968,-0.664919203,-96.1889715,0.05,-0.0145824999,FollowWall,following_with_distance_only,0,14,42,0.395663232,1.33626678,1,0,1,0.259721667,2.68770736,2.68770736,0,0,0,0,0
39.5,1.65164924,-0.667404532,-96.2315582,0.05,-0.0139282644,FollowWall,following_with_distance_only,0,14,42,0.3943564,1.22990063,1,0,1,0.25928551,2.68515932,2.68515932,0,0,0,0,0
39.55,1.65137697,-0.669889662,-96.273026,0.05,-0.0139282644,FollowWall,following_with_distance_only,0,14,42,0.3943564,1.22990063,1,0,1,0.25928551,2.68261316,2.68261316,0,0,0,0,0
39.6,1.65110292,-0.672374596,-96.3138412,0.05,-0.0132812262,FollowWall,following_with_distance_only,0,14,42,0.392988026,1.2180794,1,0,1,0.258854151,2.68006817,2.68006817,0,0,0,0,0
39.65,1.65082713,-0.674859337,-96.3535034,0.05,-0.0132812262,FollowWall,following_with_distance_only,0,14,42,0.392988026,1.2180794,1,0,1,0.258854151,2.6775251,2.6775251,0,0,0,0,0
39.7,1.65054962,-0.677343888,-96.392493,0.05,-0.0126039684,FollowWall,following_with_distance_only,0,14,42,0.391651094,1.20679742,1,0,1,0.258402646,2.67498323,2.67498323,0,0,0,0,0
39.75,1.65027046,-0.679828252,-96.4302818,0.05,-0.0126039684,FollowWall,following_with_distance_only,0,14,42,0.391651094,1.20679742,1,0,1,0.258402646,2.67244333,2.67244333,0,0,0,0,0
39.8,1.64998967,-0.682312434,-96.4673701,0.05,-0.0118965358,FollowWall,following_with_distance_only,0,14,42,0.390346408,1.19604949,1,0,1,0.257931024,2.66990467,2.66990467,0,0,0,0,0
39.85,1.6497073,-0.684796436,-96.5032054,0.05,-0.0118965358,FollowWall,following_with_distance_only,0,14,42,0.390346408,1.19604949,1,0,1,0.257931024,2.66736804,2.66736804,0,0,0,0,0
39.9,1.64942339,-0.687280263,-96.5383098,0.05,-0.0109884292,FollowWall,following_with_distance_only,0,14,42,0.389074773,1.18583345,1,0,1,0.257325619,2.66483268,2.66483268,0,0,0,0,0
39.95,1.64913799,-0.689763919,-96.5719038,0.05,-0.0109884292,FollowWall,following_with_distance_only,0,14,42,0.389074773,1.18583345,1,0,1,0.257325619,2.66229973,2.66229973,0,0,0,0,0
40,1.64885116,-0.69224741,-96.6046168,0.05,-0.0102003962,FollowWall,following_with_distance_only,0,14,42,0.387840956,1.17620239,1,0,1,0.256800264,2.65976825,2.65976825,0,0,0,0,0
40.05,1.64856294,-0.69473074,-96.6358752,0.05,-0.0102003962,FollowWall,following_with_distance_only,0,14,42,0.387840956,1.17620239,1,0,1,0.256800264,2.65723908,2.65723908,0,0,0,0,0
40.1,1.64827338,-0.697213915,-96.6662851,0.05,-0.00915397704,FollowWall,following_with_distance_only,0,14,42,0.386644602,1.1671372,1,0,1,0.256102651,2.65471132,2.65471132,0,0,0,0,0
40.15,1.64798255,-0.69969694,-96.694951,0.05,-0.00915397704,FollowWall,following_with_distance_only,0,14,42,0.386644602,1.1671372,1,0,1,0.256102651,2.65218628,2.65218628,0,0,0,0,0
40.2,1.64769049,-0.702179822,-96.7225995,0.05,-0.0080203414,FollowWall,following_with_distance_only,0,14,42,0.385490507,1.15869202,1,0,1,0.255346894,2.64966289,2.64966289,1,0,0,0,0
40.25,1.64739728,-0.704662568,-96.7483013,0.05,-0.0080203414,FollowWall,following_with_distance_only,0,14,42,0.385490507,1.15869202,1,0,1,0.255346894,2.64714249,2.64714249,1,0,0,0,0
40.3,1.64710297,-0.707145184,-96.7728677,0.05,-0.00686618686,FollowWall,following_with_distance_only,0,14,42,0.384383291,1.15091744,1,0,1,0.254577458,2.6446239,2.6446239,1,0,0,0,0
40.35,1.64680765,-0.70962768,-96.7953939,0.05,-0.00686618686,FollowWall,following_with_distance_only,0,14,42,0.384383291,1.15091744,1,0,1,0.254577458,2.64210842,2.64210842,1,0,0,0,0
40.4,1.64651138,-0.712110062,-96.8167302,0.05,-0.00590953231,FollowWall,following_with_distance_only,0,14,42,0.38332516,1.14383056,1,0,1,0.253939688,2.63959481,2.63959481,1,0,0,0,0
40.45,1.64621422,-0.714592339,-96.8362303,0.05,-0.00590953231,FollowWall,following_with_distance_only,0,14,42,0.38332516,1.14383056,1,0,1,0.253939688,2.63708399,2.63708399,1,0,0,0,0
40.5,1.64591624,-0.717074517,-96.8546594,0.05,-0.00517845154,FollowWall,following_with_distance_only,0,14,42,0.382312477,1.1373681,1,0,1,0.253452301,2.63457485,2.63457485,1,0,0,0,0
40.55,1.6456175,-0.719556603,-96.871591,0.05,-0.00517845154,FollowWall,following_with_distance_only,0,14,42,0.382312477,1.1373681,1,0,1,0.253452301,2.63206799,2.63206799,1,0,0,0,0
40.6,1.64531804,-0.722038603,-96.887649,0.05,-0.00442296267,FollowWall,following_with_distance_only,0,14,42,0.381338,1.1314196,1,0,1,0.252948642,2.6295625,2.6295625,1,0,0,0,0
40.65,1.64501791,-0.724520523,-96.9022958,0.05,-0.00442296267,FollowWall,following_with_distance_only,0,14,42,0.381338,1.1314196,1,0,1,0.252948642,2.62705916,2.62705916,1,0,0,0,0
40.7,1.64471717,-0.727002368,-96.9161192,0.05,-0.00352482498,FollowWall,following_with_distance_only,0,14,42,0.380398422,1.06367024,1,0,1,0.252349883,2.6245571,2.6245571,1,0,0,0,0
40.75,1.64441587,-0.729484145,-96.9283904,0.05,-0.00352482498,FollowWall,following_with_distance_only,0,14,42,0.380398422,1.06367024,1,0,1,0.252349883,2.62205739,2.62205739,1,0,0,0,0
40.8,1.64411405,-0.731965859,-96.939756,0.05,-0.00284050405,FollowWall,following_with_distance_only,0,14,42,0.379495621,1.05900751,1,0,1,0.251893669,2.61955906,2.61955906,1,0,0,0,0
40.85,1.64381177,-0.734447517,-96.9497765,0.05,-0.00284050405,FollowWall,following_with_distance_only,0,14,42,0.379495621,1.05900751,1,0,1,0.251893669,2.61706275,2.61706275,1,0,0,0,0
40.9,1.64350907,-0.736929124,-96.9590124,0.05,-0.00201429427,FollowWall,following_with_distance_only,0,14,42,0.378621459,1.0547133,1,0,1,0.251342863,2.61456764,2.61456764,1,0,0,0,0
40.95,1.643206,-0.739410686,-96.9668044,0.05,-0.00201429427,FollowWall,following_with_distance_only,0,14,42,0.378621459,1.0547133,1,0,1,0.251342863,2.61207469,2.61207469,1,0,0,0,0
41,1.64290262,-0.741892209,-96.9737542,0.05,-0.00111584365,FollowWall,following_with_distance_only,0,14,42,0.377649516,1.05079428,1,0,1,0.250743896,2.60958301,2.60958301,1,0,0,0,0
41.05,1.64259896,-0.7443737,-96.9791401,0.05,-0.00111584365,FollowWall,following_with_distance_only,0,14,42,0.377649516,1.05079428,1,0,1,0.250743896,2.60709365,2.60709365,1,0,0,0,0
41.1,1.6422951,-0.746855164,-96.9836139,0.05,-5.0291419e-05,FollowWall,following_with_distance_only,0,14,42,0.37669754,1.04727736,1,0,1,0.250033528,2.60460565,2.60460565,1,0,0,0,0
41.15,1.64199108,-0.749336609,-96.9862836,0.05,-5.0291419e-05,FollowWall,following_with_distance_only,0,14,42,0.37669754,1.04727736,1,0,1,0.250033528,2.60212031,2.60212031,1,0,0,0,0
41.2,1.64168696,-0.751818043,-96.9879009,0.0698892841,0.151660739,FollowWall,following_right_wall,0,14,42,0.375770301,1.04421663,1,1,1,0.249308482,2.59963651,2.59963651,1,0,0,0,0
41.25,1.64133695,-0.754711309,-96.8078127,0.0698892841,0.151660739,FollowWall,following_right_wall,0,14,42,0.375770301,1.04421663,1,1,1,0.249308482,2.59700661,2.59700661,1,0,0,0,0
41.3,1.64097065,-0.757846051,-96.5217296,0.0704241634,0.143637549,FollowWall,following_right_wall,0,14,42,0.377774537,1.1477555,1,1,1,0.248182297,2.59429123,2.59429123,1,0,0,0,0
41.35,1.64060461,-0.761133949,-96.1833931,0.0704241634,0.143637549,FollowWall,following_right_wall,0,14,42,0.377774537,1.1477555,1,1,1,0.248182297,2.59150083,2.59150083,1,0,0,0,0
41.4,1.64024959,-0.764512306,-95.8145754,0.0713326335,0.130010498,FollowWall,following_right_wall,0,14,42,0.381475061,1.22072677,1,1,1,0.246872142,2.58866667,2.58866667,1,0,0,0,0
41.45,1.63990944,-0.767963239,-95.4442432,0.0713326335,0.130010498,FollowWall,following_right_wall,0,14,42,0.381475061,1.22072677,1,1,1,0.246872142,2.58576412,2.58576412,1,0,0,0,0
41.5,1.63958784,-0.771457366,-95.0730274,0.0723299303,0.115051046,FollowWall,following_right_wall,0,14,42,0.385659963,1.41140138,1,1,1,0.246095613,2.58282163,2.58282163,1,0,0,0,0
41.55,1.63928454,-0.774998129,-94.7191529,0.0723299303,0.115051046,FollowWall,following_right_wall,0,14,42,0.385659963,1.41140138,1,1,1,0.246095613,2.57980852,2.57980852,1,0,0,0,0
41.6,1.63900072,-0.778566743,-94.3753939,0.073266683,0.100999755,FollowWall,following_right_wall,0,14,42,0.389807135,1.67288444,1,1,1,0.245276675,2.57675412,2.57675412,1,0,0,0,0
41.65,1.63873505,-0.782171621,-94.0543083,0.073266683,0.100999755,FollowWall,following_right_wall,0,14,42,0.389807135,1.67288444,1,1,1,0.245276675,2.573631,2.573631,1,0,0,0,0
41.7,1.6384878,-0.785798139,-93.7464488,0.0740790598,0.088814103,FollowWall,following_right_wall,0,14,42,0.393700331,2.02118862,1,1,1,0.244079307,2.57046769,2.57046769,1,0,0,0,0
41.75,1.63825752,-0.789454589,-93.4608501,0.0740790598,0.088814103,FollowWall,following_right_wall,0,14,42,0.393700331,2.02118862,1,1,1,0.244079307,2.56724209,2.56724209,1,0,0,0,0
41.8,1.63804408,-0.793128863,-93.1882368,0.074804846,0.0779273093,FollowWall,following_right_wall,0,14,42,0.397272438,2.20593172,1,1,1,0.243065745,2.56398008,2.56398008,1,0,0,0,0
41.85,1.63784614,-0.796828947,-92.9361935,0.074804846,0.0779273093,FollowWall,following_right_wall,0,14,42,0.397272438,2.20593172,1,1,1,0.243065745,2.56066202,2.56066202,1,0,0,0,0
41.9,1.63766337,-0.800544357,-92.6961494,0.0754210371,0.0686844434,FollowWall,following_right_wall,0,14,42,0.400508791,2.55646564,1,1,1,0.241866052,2.55731121,2.55731121,1,0,0,0,0
41.95,1.63749463,-0.804281764,-92.4741376,0.0754210371,0.0686844434,FollowWall,following_right_wall,0,14,42,0.400508791,2.55646564,1,1,1,0.241866052,2.55391167,2.55391167,1,0,0,0,0
42,1.63733951,-0.808032205,-92.2626447,0.0760150606,0.0597740912,FollowWall,following_right_wall,0,14,42,0.403425902,2.54908533,1,1,1,0.241381302,2.55048367,2.55048367,1,0,0,0,0
42.05,1.63719695,-0.811802785,-92.0679238,0.0760150606,0.0597740912,FollowWall,following_right_wall,0,14,42,0.403425902,2.54908533,1,1,1,0.241381302,2.54701046,2.54701046,1,0,0,0,0
42.1,1.63706649,-0.81558526,-91.8829866,0.0765509672,0.0517354919,FollowWall,following_right_wall,0,14,42,0.406024635,2.54179699,1,1,1,0.241071835,2.54351086,2.54351086,1,0,0,0,0
42.15,1.63694717,-0.819385954,-91.7133518,0.0765509672,0.0517354919,FollowWall,following_right_wall,0,14,42,0.406024635,2.54179699,1,1,1,0.241071835,2.53997001,2.53997001,1,0,0,0,0
42.2,1.63683851,-0.823197382,-91.5526435,0.0770268786,0.0445968203,FollowWall,following_right_wall,0,14,42,0.408309996,2.5345582,1,1,1,0.240836397,2.53640508,2.53640508,1,0,0,0,0
42.25,1.63673967,-0.827025069,-91.4056634,0.0770268786,0.0445968203,FollowWall,following_right_wall,0,14,42,0.408309996,2.5345582,1,1,1,0.240836397,2.53280311,2.53280311,1,0,0,0,0
42.3,1.63665016,-0.830862313,-91.2666916,0.0774486729,0.0382699068,FollowWall,following_right_wall,0,14,42,0.410296381,2.52733824,1,1,1,0.240660861,2.52917953,2.52917953,1,0,0,0,0
42.35,1.63656926,-0.834713979,-91.1399433,0.0774486729,0.0382699068,FollowWall,following_right_wall,0,14,42,0.410296381,2.52733824,1,1,1,0.240660861,2.52552294,2.52552294,1,0,0,0,0
42.4,1.63649648,-0.838574108,-91.0203254,0.0778201691,0.0326974637,FollowWall,following_right_wall,0,14,42,0.412002772,2.51983517,1,1,1,0.240512356,2.52184709,2.52184709,1,0,0,0,0
42.45,1.63643118,-0.842446953,-90.9115187,0.0778201691,0.0326974637,FollowWall,following_right_wall,0,14,42,0.412002772,2.51983517,1,1,1,0.240512356,2.51814201,2.51814201,1,0,0,0,0
42.5,1.63637292,-0.84632725,-90.8090183,0.0781696652,0.0274550225,FollowWall,following_right_wall,0,14,42,0.413450658,2.51193159,1,1,1,0.240438178,2.5144199,2.5144199,1,0,0,0,0
42.55,1.63632111,-0.850219201,-90.7164544,0.0781696652,0.0274550225,FollowWall,following_right_wall,0,14,42,0.413450658,2.51193159,1,1,1,0.240438178,2.5106709,2.5106709,1,0,0,0,0
42.6,1.6362753,-0.854117973,-90.6296868,0.0784617558,0.0230736633,FollowWall,following_right_wall,0,14,42,0.414652318,2.50406998,1,1,1,0.240370095,2.50690622,2.50690622,1,0,0,0,0
42.65,1.63623501,-0.858026826,-90.5515302,0.0784617558,0.0230736633,FollowWall,following_right_wall,0,14,42,0.414652318,2.50406998,1,1,1,0.240370095,2.50311823,2.50311823,1,0,0,0,0
42.7,1.63619982,-0.861941573,-90.4783967,0.0786712014,0.0199319788,FollowWall,following_right_wall,0,14,42,0.415631384,2.49623983,1,1,1,0.240001127,2.49931665,2.49931665,1,0,0,0,0
42.75,1.63616935,-0.865864132,-90.4119434,0.0786712014,0.0199319788,FollowWall,following_right_wall,0,14,42,0.415631384,2.49623983,1,1,1,0.240001127,2.49549697,2.49549697,1,0,0,0,0
42.8,1.63614325,-0.869791258,-90.349387,0.0788247283,0.0176290752,FollowWall,following_right_wall,0,14,42,0.41643241,2.48843639,1,1,1,0.239434883,2.49166673,2.49166673,1,0,0,0,0
42.85,1.63612125,-0.873724252,-90.2918526,0.0788247283,0.0176290752,FollowWall,following_right_wall,0,14,42,0.41643241,2.48843639,1,1,1,0.239434883,2.4878229,2.4878229,1,0,0,0,0
42.9,1.63610307,-0.877660674,-90.2372477,0.0789712115,0.0154318281,FollowWall,following_right_wall,0,14,42,0.417100579,2.48065703,1,1,1,0.23908858,2.48397113,2.48397113,1,0,0,0,0
42.95,1.63608848,-0.881602152,-90.1869744,0.0789712115,0.0154318281,FollowWall,following_right_wall,0,14,42,0.417100579,2.48065703,1,1,1,0.23908858,2.48010762,2.48010762,1,0,0,0,0
43,1.63607725,-0.88554658,-90.139228,0.0790878769,0.0136818471,FollowWall,following_right_wall,0,14,42,0.41765812,2.47282159,1,1,1,0.238694564,2.47623726,2.47623726,1,0,0,0,0
43.05,1.63606918,-0.889495162,-90.0950444,0.0790878769,0.0136818471,FollowWall,following_right_wall,0,14,42,0.41765812,2.47282159,1,1,1,0.238694564,2.47235725,2.47235725,1,0,0,0,0
43.1,1.63606407,-0.893446167,-90.0529391,0.0792204875,0.011692688,FollowWall,following_right_wall,0,14,42,0.418125331,2.46494193,1,1,1,0.238672242,2.46847162,2.46847162,1,0,0,0,0
43.15,1.63606175,-0.897401348,-90.0144206,0.0792204875,0.011692688,FollowWall,following_right_wall,0,14,42,0.418125331,2.46494193,1,1,1,0.238672242,2.46457625,2.46457625,1,0,0,0,0
43.2,1.63606201,-0.901358964,-89.9779943,0.0793372743,0.00994088549,FollowWall,following_right_wall,0,14,42,0.418504089,2.45709493,1,1,1,0.238700315,2.46060686,2.46060686,1,0,0,0,0
43.25,1.63606468,-0.905320432,-89.9448796,0.0793372743,0.00994088549,FollowWall,following_right_wall,0,14,42,0.418504089,2.45709493,1,1,1,0.238700315,2.45659396,2.45659396,1,0,0,0,0
43.3,1.63606957,-0.909284146,-89.9136966,0.0794375846,0.00843623067,FollowWall,following_right_wall,0,14,42,0.418799549,2.44927724,1,1,1,0.238763496,2.45258184,2.45258184,1,0,0,0,0
43.35,1.63607652,-0.913251258,-89.8854366,0.0794375846,0.00843623067,FollowWall,following_right_wall,0,14,42,0.418799549,2.44927724,1,1,1,0.238763496,2.44857086,2.44857086,1,0,0,0,0
43.4,1.63608538,-0.91722035,-89.8588815,0.0795298829,0.00705175722,FollowWall,following_right_wall,0,14,42,0.419022083,2.44148625,1,1,1,0.23892875,2.44456056,2.44456056,1,0,0,0,0
43.45,1.63609599,-0.921192518,-89.8349736,0.0795298829,0.00705175722,FollowWall,following_right_wall,0,14,42,0.419022083,2.44148625,1,1,1,0.23892875,2.4405513,2.4405513,1,0,0,0,0
43.5,1.63610821,-0.925166478,-89.81261,0.0795943433,0.00608484978,FollowWall,following_right_wall,0,14,42,0.419180334,2.4337198,1,1,1,0.238990396,2.43654264,2.43654264,1,0,0,0,0
43.55,1.63612192,-0.929142824,-89.7923012,0.0795943433,0.00608484978,FollowWall,following_right_wall,0,14,42,0.419180334,2.4337198,1,1,1,0.238990396,2.4325348,2.4325348,1,0,0,0,0
43.6,1.63613701,-0.93312056,-89.7731912,0.0796542733,0.00518590027,FollowWall,following_right_wall,0,14,42,0.419290811,2.42597504,1,1,1,0.239151776,2.42852743,2.42852743,1,0,0,0,0
43.65,1.63615336,-0.937100353,-89.7558535,0.0796542733,0.00518590027,FollowWall,following_right_wall,0,14,42,0.419290811,2.42597504,1,1,1,0.239151776,2.42452075,2.42452075,1,0,0,0,0
43.7,1.63617089,-0.941081344,-89.7395496,0.0796710561,0.00493415915,FollowWall,following_right_wall,0,14,42,0.419364631,2.41791571,1,1,1,0.239023149,2.42051448,2.42051448,1,0,0,0,0
43.75,1.63618953,-0.945063381,-89.7241493,0.0796710561,0.00493415915,FollowWall,following_right_wall,0,14,42,0.419364631,2.41791571,1,1,1,0.239023149,2.41650857,2.41650857,1,0,0,0,0
43.8,1.63620922,-0.949046027,-89.7092761,0.0797228056,0.00415791666,FollowWall,following_right_wall,0,14,42,0.419426471,2.40977507,1,1,1,0.239327133,2.41250287,2.41250287,1,0,0,0,0
43.85,1.63622991,-0.953030103,-89.6956369,0.0797228056,0.00415791666,FollowWall,following_right_wall,0,14,42,0.419426471,2.40977507,1,1,1,0.239327133,2.40849766,2.40849766,1,0,0,0,0
43.9,1.63625153,-0.957015012,-89.6827175,0.0797200309,0.00419953623,FollowWall,following_right_wall,0,14,42,0.419474185,2.40163109,1,1,1,0.239200413,2.40449272,2.40449272,1,0,0,0,0
43.95,1.63627403,-0.961000347,-89.6701684,0.0797200309,0.00419953623,FollowWall,following_right_wall,0,14,42,0.419474185,2.40163109,1,1,1,0.239200413,2.40048794,2.40048794,1,0,0,0,0
44,1.63629741,-0.964985928,-89.6578353,0.0796965216,0.00455217554,FollowWall,following_right_wall,0,14,42,0.419529289,2.39346088,1,1,1,0.23894006,2.39648325,2.39648325,1,0,0,0,0
44.05,1.63632165,-0.968971161,-89.6452072,0.0796965216,0.00455217554,FollowWall,following_right_wall,0,14,42,0.419529289,2.39346088,1,1,1,0.23894006,2.39247846,2.39247846,1,0,0,0,0
44.1,1.63634677,-0.972956188,-89.632407,0.0796947469,0.00457879642,FollowWall,following_right_wall,0,14,42,0.419615716,2.38531738,1,1,1,0.238923594,2.3884736,2.3884736,1,0,0,0,0
44.15,1.63637278,-0.976941056,-89.6194747,0.0796947469,0.00457879642,FollowWall,following_right_wall,0,14,42,0.419615716,2.38531738,1,1,1,0.238923594,2.3844687,2.3844687,1,0,0,0,0
44.2,1.6363997,-0.980925828,-89.6064654,0.0797287512,0.00406873167,FollowWall,following_right_wall,0,14,42,0.419735283,2.37720129,1,1,1,0.239284754,2.38046378,2.38046378,1,0,0,0,0
44.25,1.63642751,-0.98491125,-89.5940199,0.0797287512,0.00406873167,FollowWall,following_right_wall,0,14,42,0.419735283,2.37720129,1,1,1,0.239284754,2.37645908,2.37645908,1,0,0,0,0
44.3,1.63645617,-0.988897048,-89.5819033,0.0797764943,0.00335258603,FollowWall,following_right_wall,0,14,42,0.419870645,2.36911214,1,1,1,0.239609092,2.37245452,2.37245452,1,0,0,0,0
44.35,1.63648565,-0.992884059,-89.5708335,0.0797764943,0.00335258603,FollowWall,following_right_wall,0,14,42,0.419870645,2.36911214,1,1,1,0.239609092,2.36845037,2.36845037,1,0,0,0,0
44.4,1.63651589,-0.996871775,-89.5603742,0.0797812777,0.00328083476,FollowWall,following_right_wall,0,14,42,0.420006245,2.36104897,1,1,1,0.23957628,2.36444646,2.36444646,1,0,0,0,0
44.45,1.63654684,-1.00086,-89.5503568,0.0797812777,0.00328083476,FollowWall,following_right_wall,0,14,42,0.420006245,2.36104897,1,1,1,0.23957628,2.36044273,2.36044273,1,0,0,0,0
44.5,1.63657848,-1.00484852,-89.540597,0.0797563843,0.00365423588,FollowWall,following_right_wall,0,14,42,0.420155495,2.35301346,1,1,1,0.239470556,2.3564391,2.3564391,1,0,0,0,0
44.55,1.63661081,-1.00883669,-89.530542,0.0797563843,0.00365423588,FollowWall,following_right_wall,0,14,42,0.420155495,2.35301346,1,1,1,0.239470556,2.35243537,2.35243537,1,0,0,0,0
44.6,1.63664384,-1.01282465,-89.5203146,0.0797750513,0.00337423084,FollowWall,following_right_wall,0,14,42,0.420341969,2.34500847,1,1,1,0.239736915,2.34843157,2.34843157,1,0,0,0,0
44.65,1.63667758,-1.01681288,-89.5103209,0.0797750513,0.00337423084,FollowWall,following_right_wall,0,14,42,0.420341969,2.34500847,1,1,1,0.239736915,2.34442788,2.34442788,1,0,0,0,0
44.7,1.63671201,-1.02080126,-89.5004636,0.0797541538,0.00368769228,FollowWall,following_right_wall,0,14,42,0.42055738,2.3370328,1,1,1,0.23958075,2.34042424,2.34042424,1,0,0,0,0
44.75,1.63674713,-1.02478929,-89.4903116,0.0797541538,0.00368769228,FollowWall,following_right_wall,0,14,42,0.42055738,2.3370328,1,1,1,0.23958075,2.3364205,2.3364205,1,0,0,0,0
44.8,1.63678297,-1.02877712,-89.4799877,0.0797364337,0.00395349509,FollowWall,following_right_wall,0,14,42,0.420812994,2.32908764,1,1,1,0.239398971,2.3324167,2.3324167,1,0,0,0,0
44.85,1.63681953,-1.03276445,-89.4692464,0.0797364337,0.00395349509,FollowWall,following_right_wall,0,14,42,0.420812994,2.32908764,1,1,1,0.239398971,2.32841275,2.32841275,1,0,0,0,0
44.9,1.63685685,-1.0367515,-89.4582614,0.0797445751,0.00383137367,FollowWall,following_right_wall,0,14,42,0.421116024,2.32117348,1,1,1,0.239400819,2.32440871,2.32440871,1,0,0,0,0
44.95,1.63689493,-1.04073854,-89.4472802,0.0797445751,0.00383137367,FollowWall,following_right_wall,0,14,42,0.421116024,2.32117348,1,1,1,0.239400819,2.32040468,2.32040468,1,0,0,0,0
45,1.63693377,-1.04472558,-89.4363011,0.079731068,0.00403398074,FollowWall,following_right_wall,0,14,42,0.421456754,2.31328864,1,1,1,0.239138573,2.31640066,2.31640066,1,0,0,0,0
45.05,1.63697339,-1.04871232,-89.4250814,0.079731068,0.00403398074,FollowWall,following_right_wall,0,14,42,0.421456754,2.31328864,1,1,1,0.239138573,2.31239656,2.31239656,1,0,0,0,0
45.1,1.63701379,-1.0526989,-89.4137214,0.0797575027,0.00363745876,FollowWall,following_right_wall,0,14,42,0.421839327,2.30543288,1,1,1,0.239201739,2.30839241,2.30839241,1,0,0,0,0
45.15,1.63705497,-1.05668593,-89.4027528,0.0797575027,0.00363745876,FollowWall,following_right_wall,0,14,42,0.421839327,2.30543288,1,1,1,0.239201739,2.30438843,2.30438843,1,0,0,0,0
45.2,1.63709691,-1.06067321,-89.3920126,0.0798237049,0.00264442722,FollowWall,following_right_wall,0,14,42,0.422248572,2.29760383,1,1,1,0.239607289,2.30038454,2.30038454,1,0,0,0,0
45.25,1.63713956,-1.06466202,-89.3825909,0.0798237049,0.00264442722,FollowWall,following_right_wall,0,14,42,0.422248572,2.29760383,1,1,1,0.239607289,2.29638116,2.29638116,1,0,0,0,0
45.3,1.63718286,-1.06865172,-89.3739383,0.0798668122,0.00199781748,FollowWall,following_right_wall,0,14,42,0.422655702,2.28979742,1,1,1,0.239784732,2.29237808,2.29237808,1,0,0,0,0
45.35,1.63722673,-1.07264283,-89.3665063,0.0798668122,0.00199781748,FollowWall,following_right_wall,0,14,42,0.422655702,2.28979742,1,1,1,0.239784732,2.28837548,2.28837548,1,0,0,0,0
45.4,1.6372711,-1.07663476,-89.3597862,0.0798847273,0.00172909076,FollowWall,following_right_wall,0,14,42,0.423056185,2.28201199,1,1,1,0.239718229,2.28437316,2.28437316,1,0,0,0,0
45.45,1.63731593,-1.08062755,-89.3538023,0.0798847273,0.00172909076,FollowWall,following_right_wall,0,14,42,0.423056185,2.28201199,1,1,1,0.239718229,2.28037112,2.28037112,1,0,0,0,0
45.5,1.63736116,-1.08462083,-89.3482476,0.079950688,0.000739680267,FollowWall,following_right_wall,0,14,42,0.423461556,2.27424706,1,1,1,0.240096539,2.27636926,2.27636926,1,0,0,0,0
45.55,1.63740675,-1.08861577,-89.3441245,0.079950688,0.000739680267,FollowWall,following_right_wall,0,14,42,0.423461556,2.27424706,1,1,1,0.240096539,2.27236794,2.27236794,1,0,0,0,0
45.6,1.63745261,-1.09261168,-89.3408364,0.0799902307,-0.000146539353,FollowWall,following_right_wall,0,14,42,0.423854768,2.26649978,1,1,1,0.240411103,2.26836695,2.26836695,1,0,0,0,0
45.65,1.63749866,-1.09660898,-89.3390933,0.0799902307,-0.000146539353,FollowWall,following_right_wall,0,14,42,0.423854768,2.26649978,1,1,1,0.240411103,2.26436696,2.26436696,1,0,0,0,0
45.7,1.63754481,-1.10060709,-89.3382514,0.0799413451,-0.000879823572,FollowWall,following_right_wall,0,14,42,0.424226284,2.25876823,1,1,1,0.240640879,2.26036755,2.26036755,1,0,0,0,0
45.75,1.63759096,-1.10460465,-89.3388105,0.0799413451,-0.000879823572,FollowWall,following_right_wall,0,14,42,0.424226284,2.25876823,1,1,1,0.240640879,2.25637085,2.25637085,1,0,0,0,0
45.8,1.63763704,-1.1086019,-89.3401869,0.0798897293,-0.00165405987,FollowWall,following_right_wall,0,14,42,0.424576461,2.25087263,1,1,1,0.240907907,2.25237573,2.25237573,1,0,0,0,0
45.85,1.63768296,-1.11259789,-89.3429641,0.0798897293,-0.00165405987,FollowWall,following_right_wall,0,14,42,0.424576461,2.25087263,1,1,1,0.240907907,2.24838403,2.24838403,1,0,0,0,0
45.9,1.63772866,-1.11659314,-89.3465586,0.079841853,-0.00237220524,FollowWall,following_right_wall,0,14,42,0.424903274,2.24269338,1,1,1,0.241151035,2.24439433,2.24439433,1,0,0,0,0
45.95,1.63777404,-1.12058698,-89.351487,0.079841853,-0.00237220524,FollowWall,following_right_wall,0,14,42,0.424903274,2.24269338,1,1,1,0.241151035,2.24040812,2.24040812,1,0,0,0,0
46,1.63781903,-1.12457998,-89.3571935,0.0798254134,-0.00261879956,FollowWall,following_right_wall,0,14,42,0.425205708,2.23453867,1,1,1,0.241070673,2.23642393,2.23642393,1,0,0,0,0
46.05,1.6378636,-1.12857216,-89.3636482,0.0798254134,-0.00261879956,FollowWall,following_right_wall,0,14,42,0.425205708,2.23453867,1,1,1,0.241070673,2.23244173,2.23244173,1,0,0,0,0
46.1,1.63790769,-1.13256386,-89.3705394,0.0797894781,-0.00315782807,FollowWall,following_right_wall,0,14,42,0.425496936,2.22641042,1,1,1,0.240817934,2.22846068,2.22846068,1,0,0,0,0
46.15,1.63795127,-1.13655454,-89.3783287,0.0797894781,-0.00315782807,FollowWall,following_right_wall,0,14,42,0.425496936,2.22641042,1,1,1,0.240817934,2.22448204,2.22448204,1,0,0,0,0
46.2,1.63799427,-1.14054463,-89.3866418,0.0797572865,-0.00364070175,FollowWall,following_right_wall,0,14,42,0.425773859,2.21830957,1,1,1,0.240568191,2.22050481,2.22050481,1,0,0,0,0
46.25,1.63803666,-1.14453369,-89.3958369,0.0797572865,-0.00364070175,FollowWall,following_right_wall,0,14,42,0.425773859,2.21830957,1,1,1,0.240568191,2.21652996,2.21652996,1,0,0,0,0
46.3,1.63807838,-1.14852217,-89.4055465,0.0797063345,-0.00440498284,FollowWall,following_right_wall,0,14,42,0.426033258,2.20864845,1,1,1,0.240541875,2.2125565,2.2125565,1,0,0,0,0
46.35,1.63811937,-1.15250925,-89.4164685,0.0797063345,-0.00440498284,FollowWall,following_right_wall,0,14,42,0.426033258,2.20864845,1,1,1,0.240541875,2.20858631,2.20858631,1,0,0,0,0
46.4,1.63815956,-1.15649552,-89.4280977,0.0796710213,-0.00493467998,FollowWall,following_right_wall,0,14,42,0.42626363,2.20084284,1,1,1,0.240884304,2.20461803,2.20461803,1,0,0,0,0
46.45,1.6381989,-1.16048058,-89.4407717,0.0796710213,-0.00493467998,FollowWall,following_right_wall,0,14,42,0.42626363,2.20084284,1,1,1,0.240884304,2.20065257,2.20065257,1,0,0,0,0
46.5,1.63823733,-1.16446493,-89.4540553,0.0796991567,-0.0045126493,FollowWall,following_right_wall,0,14,42,0.426464289,2.19307366,1,1,1,0.240743026,2.19668876,2.19668876,1,0,0,0,0
46.55,1.63827484,-1.16844947,-89.4671906,0.0796991567,-0.0045126493,FollowWall,following_right_wall,0,14,42,0.426464289,2.19307366,1,1,1,0.240743026,2.19272454,2.19272454,1,0,0,0,0
46.6,1.63831144,-1.17243412,-89.4802394,0.0797102017,-0.00434697503,FollowWall,following_right_wall,0,14,42,0.426665008,2.18533068,1,1,1,0.240816951,2.18876009,2.18876009,1,0,0,0,0
46.65,1.63834715,-1.17641907,-89.49304,0.0797102017,-0.00434697503,FollowWall,following_right_wall,0,14,42,0.426665008,2.18533068,1,1,1,0.240816951,2.18479495,2.18479495,1,0,0,0,0
46.7,1.63838197,-1.18040419,-89.5056959,0.0797306017,-0.00404097524,FollowWall,following_right_wall,0,14,42,0.426873147,2.17761056,1,1,1,0.240842417,2.18082941,2.18082941,1,0,0,0,0
46.75,1.63841593,-1.18438984,-89.517902,0.0797306017,-0.00404097524,FollowWall,following_right_wall,0,14,42,0.426873147,2.17761056,1,1,1,0.240842417,2.17686265,2.17686265,1,0,0,0,0
46.8,1.63844905,-1.18837581,-89.5298459,0.0797297558,-0.0040536632,FollowWall,following_right_wall,0,14,42,0.427092373,2.16990973,1,1,1,0.241104543,2.17289517,2.17289517,1,0,0,0,0
46.85,1.63848135,-1.19236194,-89.5416518,0.0797297558,-0.0040536632,FollowWall,following_right_wall,0,14,42,0.427092373,2.16990973,1,1,1,0.241104543,2.16892731,2.16892731,1,0,0,0,0
46.9,1.63851283,-1.19634817,-89.5533773,0.0797833845,-0.00324923203,FollowWall,following_right_wall,0,14,42,0.427313328,2.16222866,1,1,1,0.240889832,2.16495923,2.16495923,1,0,0,0,0
46.95,1.63854354,-1.20033558,-89.5640956,0.0797833845,-0.00324923203,FollowWall,following_right_wall,0,14,42,0.427313328,2.16222866,1,1,1,0.240889832,2.16098841,2.16098841,1,0,0,0,0
47,1.63857353,-1.20432368,-89.5742265,0.0798090061,-0.00286490851,FollowWall,following_right_wall,0,14,42,0.427554786,2.15430025,1,1,1,0.240958512,2.157016,2.157016,1,0,0,0,0
47.05,1.63860285,-1.20831272,-89.5835559,0.0798090061,-0.00286490851,FollowWall,following_right_wall,0,14,42,0.427554786,2.15430025,1,1,1,0.240958512,2.15304141,2.15304141,1,0,0,0,0
47.1,1.63863154,-1.21230231,-89.5924178,0.0798338058,-0.00249291322,FollowWall,following_right_wall,0,14,42,0.427814543,2.14611108,1,1,1,0.241051137,2.14906555,2.14906555,1,0,0,0,0
47.15,1.63865964,-1.21629273,-89.6005629,0.0798338058,-0.00249291322,FollowWall,following_right_wall,0,14,42,0.427814543,2.14611108,1,1,1,0.241051137,2.14508774,2.14508774,1,0,0,0,0
47.2,1.6386872,-1.22028364,-89.6082899,0.0798582525,-0.00212621202,FollowWall,following_right_wall,0,14,42,0.428087205,2.1379393,1,1,1,0.241167396,2.14110879,2.14110879,1,0,0,0,0
47.25,1.63871424,-1.22427535,-89.6153353,0.0798582525,-0.00212621202,FollowWall,following_right_wall,0,14,42,0.428087205,2.1379393,1,1,1,0.241167396,2.13712799,2.13712799,1,0,0,0,0
47.3,1.63874081,-1.22826753,-89.6219831,0.0798824211,-0.00176368343,FollowWall,following_right_wall,0,14,42,0.428369313,2.12978635,1,1,1,0.241307601,2.13314611,2.13314611,1,0,0,0,0
47.35,1.63876695,-1.23226048,-89.6279663,0.0798824211,-0.00176368343,FollowWall,following_right_wall,0,14,42,0.428369313,2.12978635,1,1,1,0.241307601,2.12916243,2.12916243,1,0,0,0,0
47.4,1.63879269,-1.23625389,-89.6335617,0.0799033975,-0.00144903732,FollowWall,following_right_wall,0,14,42,0.428658307,2.12165412,1,1,1,0.241499513,2.12517769,2.12517769,1,0,0,0,0
47.45,1.63881806,-1.240248,-89.6385553,0.0799033975,-0.00144903732,FollowWall,following_right_wall,0,14,42,0.428658307,2.12165412,1,1,1,0.241499513,2.12119131,2.12119131,1,0,0,0,0
47.5,1.63884309,-1.24424252,-89.6431979,0.0799094955,-0.00135756787,FollowWall,following_right_wall,0,14,42,0.428950548,2.11354405,1,1,1,0.241856724,2.11720399,2.11720399,1,0,0,0,0
47.55,1.63886782,-1.24823741,-89.6475266,0.0799094955,-0.00135756787,FollowWall,following_right_wall,0,14,42,0.428950548,2.11354405,1,1,1,0.241856724,2.1132158,2.1132158,1,0,0,0,0
47.6,1.63889225,-1.25223251,-89.6516721,0.079936479,-0.000952815151,FollowWall,following_right_wall,0,14,42,0.429236263,2.10545923,1,1,1,0.242043078,2.10922713,2.10922713,1,0,0,0,0
47.65,1.63891642,-1.2562283,-89.6552277,0.079936479,-0.000952815151,FollowWall,following_right_wall,0,14,42,0.429236263,2.10545923,1,1,1,0.242043078,2.10523684,2.10523684,1,0,0,0,0
47.7,1.63894036,-1.26022449,-89.6584391,0.0799631107,-0.000553339014,FollowWall,following_right_wall,0,14,42,0.429519176,2.09739896,1,1,1,0.242253572,2.10124563,2.10124563,1,0,0,0,0
47.75,1.6389641,-1.26422147,-89.6609729,0.0799631107,-0.000553339014,FollowWall,following_right_wall,0,14,42,0.429519176,2.09739896,1,1,1,0.242253572,2.09725257,2.09725257,1,0,0,0,0
47.8,1.63898768,-1.26821891,-89.6631115,0.0799912509,-0.000131236583,FollowWall,following_right_wall,0,14,42,0.429801613,2.08936298,1,1,1,0.2423632,2.09325844,2.09325844,1,0,0,0,0
47.85,1.63901114,-1.27221721,-89.6645157,0.0799912509,-0.000131236583,FollowWall,following_right_wall,0,14,42,0.429801613,2.08936298,1,1,1,0.2423632,2.08926232,2.08926232,1,0,0,0,0
47.9,1.63903452,-1.27621601,-89.6654914,0.0799736928,-0.000394607563,FollowWall,following_right_wall,0,14,42,0.430084288,2.08135155,1,1,1,0.242581069,2.08526504,2.08526504,1,0,0,0,0
47.95,1.63905783,-1.28021473,-89.6665316,0.0799736928,-0.000394607563,FollowWall,following_right_wall,0,14,42,0.430084288,2.08135155,1,1,1,0.242581069,2.08126793,2.08126793,1,0,0,0,0
48,1.63908106,-1.28421341,-89.6676094,0.0799981928,2.71077628e-05,FollowWall,following_right_wall,0,14,42,0.430345356,2.07336918,1,1,1,0.242354721,2.07727092,2.07727092,1,0,0,0,0
48.05,1.63910424,-1.28821257,-89.6682058,0.0799981928,2.71077628e-05,FollowWall,following_right_wall,0,14,42,0.430345356,2.07336918,1,1,1,0.242354721,2.07327268,2.07327268,1,0,0,0,0
48.1,1.63912739,-1.29221202,-89.6685213,0.079938457,0.000923145399,FollowWall,following_right_wall,0,14,42,0.430592954,2.06541397,1,1,1,0.242057756,2.06927372,2.06927372,1,0,0,0,0
48.15,1.63915056,-1.29621038,-89.6676035,0.079938457,0.000923145399,FollowWall,following_right_wall,0,14,42,0.430592954,2.06541397,1,1,1,0.242057756,2.06527393,2.06527393,1,0,0,0,0
48.2,1.63917381,-1.30020812,-89.6659661,0.0798880638,0.00167904276,FollowWall,following_right_wall,0,14,42,0.430848956,2.05748688,1,1,1,0.24190107,2.06127366,2.06127366,1,0,0,0,0
48.25,1.63919721,-1.30420444,-89.6630068,0.0798880638,0.00167904276,FollowWall,following_right_wall,0,14,42,0.430848956,2.05748688,1,1,1,0.24190107,2.05727276,2.05727276,1,0,0,0,0
48.3,1.63922084,-1.30819993,-89.6592763,0.0798570995,0.0021435078,FollowWall,following_right_wall,0,14,42,0.431119949,2.04958814,1,1,1,0.241833761,2.05327148,2.05327148,1,0,0,0,0
48.35,1.63924476,-1.31219429,-89.6545416,0.0798570995,0.0021435078,FollowWall,following_right_wall,0,14,42,0.431119949,2.04958814,1,1,1,0.241833761,2.04926979,2.04926979,1,0,0,0,0
48.4,1.63926902,-1.31618799,-89.649221,0.0798340236,0.0024896455,FollowWall,following_right_wall,0,14,42,0.431398392,2.04171727,1,1,1,0.24175261,2.04526784,2.04526784,1,0,0,0,0
48.45,1.63929368,-1.32018083,-89.6431455,0.0798340236,0.0024896455,FollowWall,following_right_wall,0,14,42,0.431398392,2.04171727,1,1,1,0.24175261,2.0412656,2.0412656,1,0,0,0,0
48.5,1.63931877,-1.32417316,-89.6366297,0.0798119568,0.0028206486,FollowWall,following_right_wall,0,14,42,0.431676179,2.0338738,1,1,1,0.241600633,2.03726317,2.03726317,1,0,0,0,0
48.55,1.63934434,-1.32816473,-89.6294619,0.0798119568,0.0028206486,FollowWall,following_right_wall,0,14,42,0.431676179,2.0338738,1,1,1,0.241600633,2.0332605,2.0332605,1,0,0,0,0
48.6,1.63937041,-1.33215586,-89.6219138,0.0798308962,0.00253655666,FollowWall,following_right_wall,0,14,42,0.431949377,2.02605654,1,1,1,0.241771787,2.02925768,2.02925768,1,0,0,0,0
48.65,1.63939701,-1.33614712,-89.614483,0.0798308962,0.00253655666,FollowWall,following_right_wall,0,14,42,0.431949377,2.02605654,1,1,1,0.241771787,2.02525491,2.02525491,1,0,0,0,0
48.7,1.63942412,-1.34013846,-89.6071205,0.0798729982,0.00190502761,FollowWall,following_right_wall,0,14,42,0.432197541,2.01826406,1,1,1,0.242119774,2.02125216,2.02125216,1,0,0,0,0
48.75,1.63945172,-1.34413072,-89.6005518,0.0798729982,0.00190502761,FollowWall,following_right_wall,0,14,42,0.432197541,2.01826406,1,1,1,0.242119774,2.01724973,2.01724973,1,0,0,0,0
48.8,1.63947977,-1.34812352,-89.5944461,0.0798666722,0.00199991765,FollowWall,following_right_wall,0,14,42,0.43239823,2.01049493,1,1,1,0.241977543,2.01324748,2.01324748,1,0,0,0,0
48.85,1.63950825,-1.35211649,-89.5884972,0.0798666722,0.00199991765,FollowWall,following_right_wall,0,14,42,0.43239823,2.01049493,1,1,1,0.241977543,2.00924529,2.00924529,1,0,0,0,0
48.9,1.63953713,-1.35610957,-89.5826398,0.0798838764,0.0017418537,FollowWall,following_right_wall,0,14,42,0.432563812,2.00274748,1,1,1,0.242027491,2.00524314,2.00524314,1,0,0,0,0
48.95,1.63956641,-1.36010307,-89.5771438,0.0798838764,0.0017418537,FollowWall,following_right_wall,0,14,42,0.432563812,2.00274748,1,1,1,0.242027491,2.00124113,2.00124113,1,0,0,0,0
49,1.63959607,-1.36409681,-89.5718586,0.079910598,0.00134102988,FollowWall,following_right_wall,0,14,42,0.432692856,1.99475329,1,1,1,0.242135227,1.99723921,1.99723921,1,0,0,0,0
49.05,1.63962608,-1.36809125,-89.5671748,0.079910598,0.00134102988,FollowWall,following_right_wall,0,14,42,0.432692856,1.99475329,1,1,1,0.242135227,1.99323752,1.99323752,1,0,0,0,0
49.1,1.63965641,-1.37208609,-89.5628419,0.0799623683,0.000564474918,FollowWall,following_right_wall,0,14,42,0.43277815,1.98653702,1,1,1,0.242461801,1.98923596,1.98923596,1,0,0,0,0
49.15,1.63968701,-1.37608225,-89.5596405,0.0799623683,0.000564474918,FollowWall,following_right_wall,0,14,42,0.43277815,1.98653702,1,1,1,0.242461801,1.98523485,1.98523485,1,0,0,0,0
49.2,1.63971782,-1.38007917,-89.5570993,0.0799632223,0.0005516653,FollowWall,following_right_wall,0,14,42,0.432804495,1.97832916,1,1,1,0.242290914,1.98123399,1.98123399,1,0,0,0,0
49.25,1.6397488,-1.38407656,-89.5549584,0.0799632223,0.0005516653,FollowWall,following_right_wall,0,14,42,0.432804495,1.97832916,1,1,1,0.242290914,1.97723329,1.97723329,1,0,0,0,0
49.3,1.63977992,-1.38807422,-89.5530511,0.0799869239,-0.000196141206,FollowWall,following_right_wall,0,14,42,0.432788312,1.97014466,1,1,1,0.242571458,1.97323268,1.97323268,1,0,0,0,0
49.35,1.63981114,-1.39207253,-89.5521726,0.0799869239,-0.000196141206,FollowWall,following_right_wall,0,14,42,0.432788312,1.97014466,1,1,1,0.242571458,1.969233,1.969233,1,0,0,0,0
49.4,1.6398424,-1.39607122,-89.5518942,0.07992408,-0.00113880036,FollowWall,following_right_wall,0,14,42,0.432718039,1.9619859,1,1,1,0.242971137,1.96523388,1.96523388,1,0,0,0,0
49.45,1.63987363,-1.40006883,-89.5530912,0.07992408,-0.00113880036,FollowWall,following_right_wall,0,14,42,0.432718039,1.9619859,1,1,1,0.242971137,1.96123813,1.96123813,1,0,0,0,0
49.5,1.63990473,-1.4040658,-89.5551488,0.0798617407,-0.00207388969,FollowWall,following_right_wall,0,14,42,0.432578832,1.95385908,1,1,1,0.24338153,1.95724435,1.95724435,1,0,0,0,0
49.55,1.63993562,-1.4080611,-89.5588246,0.0798617407,-0.00207388969,FollowWall,following_right_wall,0,14,42,0.432578832,1.95385908,1,1,1,0.24338153,1.95325473,1.95325473,1,0,0,0,0
49.6,1.63996622,-1.41205544,-89.5634443,0.0798346723,-0.00247991522,FollowWall,following_right_wall,0,14,42,0.432364821,1.94576825,1,1,1,0.243476868,1.94926755,1.94926755,1,0,0,0,0
49.65,1.63999645,-1.41604864,-89.5690993,0.0798346723,-0.00247991522,FollowWall,following_right_wall,0,14,42,0.432364821,1.94576825,1,1,1,0.243476868,1.9452831,1.9452831,1,0,0,0,0
49.7,1.64002626,-1.42004119,-89.5753583,0.0798219204,-0.00267119473,FollowWall,following_right_wall,0,14,42,0.432091117,1.93771222,1,1,1,0.24338761,1.94130025,1.94130025,1,0,0,0,0
49.75,1.64005561,-1.42403309,-89.5821978,0.0798219204,-0.00267119473,FollowWall,following_right_wall,0,14,42,0.432091117,1.93771222,1,1,1,0.24338761,1.93731894,1.93731894,1,0,0,0,0
49.8,1.64008446,-1.42802461,-89.5893761,0.0798040052,-0.00293992175,FollowWall,following_right_wall,0,14,42,0.431774318,1.92968907,1,1,1,0.243302599,1.93333853,1.93333853,1,0,0,0,0
49.85,1.6401128,-1.43201554,-89.5970726,0.0798040052,-0.00293992175,FollowWall,following_right_wall,0,14,42,0.431774318,1.92968907,1,1,1,0.243302599,1.92935952,1.92935952,1,0,0,0,0
49.9,1.64014058,-1.43600613,-89.6050716,0.0798023174,-0.00296523855,FollowWall,following_right_wall,0,14,42,0.431420445,1.92169847,1,1,1,0.243203908,1.92538132,1.92538132,1,0,0,0,0
49.95,1.6401678,-1.43999649,-89.6132771,0.0798023174,-0.00296523855,FollowWall,following_right_wall,0,14,42,0.431420445,1.92169847,1,1,1,0.243203908,1.92140367,1.92140367,1,0,0,0,0
50,1.64019444,-1.44398671,-89.6216032,0.079817436,-0.00273846058,FollowWall,following_right_wall,0,14,42,0.43103984,1.9137392,1,1,1,0.242994845,1.91742635,1.91742635,1,0,0,0,0
50.05,1.64022052,-1.44797717,-89.6297289,0.079817436,-0.00273846058,FollowWall,following_right_wall,0,14,42,0.43103984,1.9137392,1,1,1,0.242994845,1.91344847,1.91344847,1,0,0,0,0
50.1,1.64024603,-1.45196776,-89.6377376,0.0798353235,-0.0024701476,FollowWall,following_right_wall,0,14,42,0.430647194,1.90580901,1,1,1,0.242796004,1.90947028,1.90947028,1,0,0,0,0
50.15,1.640271,-1.45595882,-89.6453579,0.0798353235,-0.0024701476,FollowWall,following_right_wall,0,14,42,0.430647194,1.90580901,1,1,1,0.242796004,1.90549103,1.90549103,1,0,0,0,0
50.2,1.64029544,-1.45995014,-89.6527516,0.0798033346,-0.00294998073,FollowWall,following_right_wall,0,14,42,0.430252433,1.89790624,1,1,1,0.243107229,1.90151116,1.90151116,1,0,0,0,0
50.25,1.64031936,-1.46394095,-89.6605859,0.0798033346,-0.00294998073,FollowWall,following_right_wall,0,14,42,0.430252433,1.89790624,1,1,1,0.243107229,1.89753249,1.89753249,1,0,0,0,0
50.3,1.64034272,-1.46793147,-89.6686772,0.0798209462,-0.00268580643,FollowWall,following_right_wall,0,14,42,0.429837555,1.89003408,1,1,1,0.242998555,1.89355451,1.89355451,1,0,0,0,0
50.35,1.64036552,-1.47192218,-89.676603,0.0798209462,-0.00268580643,FollowWall,following_right_wall,0,14,42,0.429837555,1.89003408,1,1,1,0.242998555,1.88957608,1.88957608,1,0,0,0,0
50.4,1.64038777,-1.47591301,-89.6844324,0.0798596425,-0.0021053624,FollowWall,following_right_wall,0,14,42,0.429415852,1.88218982,1,1,1,0.242731318,1.88559738,1.88559738,1,0,0,0,0
50.45,1.64040951,-1.47990471,-89.6915126,0.0798596425,-0.0021053624,FollowWall,following_right_wall,0,14,42,0.429415852,1.88218982,1,1,1,0.242731318,1.88161665,1.88161665,1,0,0,0,0
50.5,1.64043077,-1.48389693,-89.6981558,0.0798416735,-0.00237489787,FollowWall,following_right_wall,0,14,42,0.429008812,1.87436927,1,1,1,0.243031487,1.87763473,1.87763473,1,0,0,0,0
50.55,1.64045157,-1.48788907,-89.7048659,0.0798416735,-0.00237489787,FollowWall,following_right_wall,0,14,42,0.429008812,1.87436927,1,1,1,0.243031487,1.873653,1.873653,1,0,0,0,0
50.6,1.6404719,-1.49188116,-89.7116149,0.0798490481,-0.00226427835,FollowWall,following_right_wall,0,14,42,0.428601652,1.86657446,1,1,1,0.243132621,1.86967136,1.86967136,1,0,0,0,0
50.65,1.64049176,-1.49587339,-89.7182546,0.0798490481,-0.00226427835,FollowWall,following_right_wall,0,14,42,0.428601652,1.86657446,1,1,1,0.243132621,1.86568943,1.86568943,1,0,0,0,0
50.7,1.64051116,-1.49986569,-89.7248305,0.0798442822,-0.00233576671,FollowWall,following_right_wall,0,14,42,0.428196698,1.85869447,1,1,1,0.243397504,1.86170732,1.86170732,1,0,0,0,0
50.75,1.64053011,-1.50385794,-89.7314546,0.0798442822,-0.00233576671,FollowWall,following_right_wall,0,14,42,0.428196698,1.85869447,1,1,1,0.243397504,1.85772534,1.85772534,1,0,0,0,0
50.8,1.64054859,-1.50785015,-89.7381068,0.0798505019,-0.00224247109,FollowWall,following_right_wall,0,14,42,0.427793533,1.85076219,1,1,1,0.243606925,1.85374344,1.85374344,1,0,0,0,0
50.85,1.64056661,-1.51184248,-89.744664,0.0798505019,-0.00224247109,FollowWall,following_right_wall,0,14,42,0.427793533,1.85076219,1,1,1,0.243606925,1.84976127,1.84976127,1,0,0,0,0
50.9,1.64058417,-1.51583488,-89.7511657,0.079881648,-0.00177528018,FollowWall,following_right_wall,0,14,42,0.42739746,1.84285907,1,1,1,0.243621305,1.84577896,1.84577896,1,0,0,0,0
50.95,1.64060131,-1.51982796,-89.7570775,0.079881648,-0.00177528018,FollowWall,following_right_wall,0,14,42,0.42739746,1.84285907,1,1,1,0.243621305,1.84179504,1.84179504,1,0,0,0,0
51,1.64061805,-1.52382145,-89.7626451,0.0799235382,-0.0011469269,FollowWall,following_right_wall,0,14,42,0.427024782,1.83498524,1,1,1,0.243557751,1.83781018,1.83781018,1,0,0,0,0
51.05,1.64063443,-1.52781604,-89.767262,0.0799235382,-0.0011469269,FollowWall,following_right_wall,0,14,42,0.427024782,1.83498524,1,1,1,0.243557751,1.83382275,1.83382275,1,0,0,0,0
51.1,1.64065052,-1.53181129,-89.7713242,0.0799370008,-0.000944988395,FollowWall,following_right_wall,0,14,42,0.426690608,1.82690512,1,1,1,0.24377878,1.82983381,1.82983381,1,0,0,0,0
51.15,1.64066635,-1.53580718,-89.7748218,0.0799370008,-0.000944988395,FollowWall,following_right_wall,0,14,42,0.426690608,1.82690512,1,1,1,0.24377878,1.82584333,1.82584333,1,0,0,0,0
51.2,1.64068194,-1.53980347,-89.77799,0.0799902986,-0.000145520882,FollowWall,following_right_wall,0,14,42,0.426390022,1.81873849,1,1,1,0.243629798,1.82185196,1.82185196,1,0,0,0,0
51.25,1.64069736,-1.54380108,-89.7800119,0.0799902986,-0.000145520882,FollowWall,following_right_wall,0,14,42,0.426390022,1.81873849,1,1,1,0.243629798,1.81785748,1.81785748,1,0,0,0,0
51.3,1.64071267,-1.54779948,-89.781365,0.0799477935,0.000783097286,FollowWall,following_right_wall,0,14,42,0.42613858,1.81059642,1,1,1,0.243393987,1.81386118,1.81386118,1,0,0,0,0
51.35,1.64072793,-1.55179745,-89.7812196,0.0799477935,0.000783097286,FollowWall,following_right_wall,0,14,42,0.42613858,1.81059642,1,1,1,0.243393987,1.80986299,1.80986299,1,0,0,0,0
51.4,1.64074323,-1.55579516,-89.7802,0.0799366805,0.000949792176,FollowWall,following_right_wall,0,14,42,0.425952017,1.80248486,1,1,1,0.243631139,1.8058637,1.8058637,1,0,0,0,0
51.45,1.64075862,-1.55979249,-89.7784715,0.0799366805,0.000949792176,FollowWall,following_right_wall,0,14,42,0.425952017,1.80248486,1,1,1,0.243631139,1.80186368,1.80186368,1,0,0,0,0
51.5,1.64077415,-1.56378961,-89.7763295,0.0799390275,0.000914586945,FollowWall,following_right_wall,0,14,42,0.425814837,1.79439392,1,1,1,0.244001061,1.79786325,1.79786325,1,0,0,0,0
51.55,1.64078984,-1.56778664,-89.7739883,0.0799390275,0.000914586945,FollowWall,following_right_wall,0,14,42,0.425814837,1.79439392,1,1,1,0.244001061,1.79386258,1.79386258,1,0,0,0,0
51.6,1.64080569,-1.57178362,-89.7715309,0.079972619,0.000410714606,FollowWall,following_right_wall,0,14,42,0.425711334,1.78629011,1,1,1,0.244259626,1.78986179,1.78986179,1,0,0,0,0
51.65,1.6408217,-1.57578128,-89.7696071,0.079972619,0.000410714606,FollowWall,following_right_wall,0,14,42,0.425711334,1.78629011,1,1,1,0.244259626,1.78586115,1.78586115,1,0,0,0,0
51.7,1.64083783,-1.57977933,-89.7679947,0.0799401907,0.000897139104,FollowWall,following_right_wall,0,14,42,0.425620943,1.77821383,1,1,1,0.244044662,1.7818606,1.7818606,1,0,0,0,0
51.75,1.64085409,-1.58377693,-89.7659832,0.0799401907,0.000897139104,FollowWall,following_right_wall,0,14,42,0.425620943,1.77821383,1,1,1,0.244044662,1.77785988,1.77785988,1,0,0,0,0
51.8,1.64087049,-1.58777427,-89.763739,0.0799023616,0.0014645753,FollowWall,following_right_wall,0,14,42,0.425564915,1.77016759,1,1,1,0.244014159,1.77385906,1.77385906,1,0,0,0,0
51.85,1.64088708,-1.59177067,-89.7606816,0.0799023616,0.0014645753,FollowWall,following_right_wall,0,14,42,0.425564915,1.77016759,1,1,1,0.244014159,1.76985792,1.76985792,1,0,0,0,0
51.9,1.64090389,-1.59576652,-89.7571499,0.0798799936,0.00180009604,FollowWall,following_right_wall,0,14,42,0.42556107,1.7621533,1,1,1,0.244060233,1.76585659,1.76585659,1,0,0,0,0
51.95,1.64092097,-1.59976159,-89.7529411,0.0798799936,0.00180009604,FollowWall,following_right_wall,0,14,42,0.42556107,1.7621533,1,1,1,0.244060233,1.761855,1.761855,1,0,0,0,0
52,1.64093836,-1.60375619,-89.7483372,0.0798405633,0.00239154975,FollowWall,following_right_wall,0,14,42,0.425609887,1.75417108,1,1,1,0.243862405,1.75785326,1.75785326,1,0,0,0,0
52.05,1.64095609,-1.6077497,-89.742797,0.0798405633,0.00239154975,FollowWall,following_right_wall,0,14,42,0.425609887,1.75417108,1,1,1,0.243862405,1.75385116,1.75385116,1,0,0,0,0
52.1,1.64097423,-1.61174258,-89.7367104,0.0798266138,0.00260079348,FollowWall,following_right_wall,0,14,42,0.425718665,1.74622127,1,1,1,0.243827671,1.74984884,1.74984884,1,0,0,0,0
52.15,1.64099281,-1.61573479,-89.7300555,0.0798266138,0.00260079348,FollowWall,following_right_wall,0,14,42,0.425718665,1.74622127,1,1,1,0.243827671,1.74584631,1.74584631,1,0,0,0,0
52.2,1.64101186,-1.61972662,-89.7230689,0.0798142259,0.00278661092,FollowWall,following_right_wall,0,14,42,0.425880581,1.73830281,1,1,1,0.243730202,1.74184366,1.74184366,1,0,0,0,0
52.25,1.64103141,-1.62371796,-89.7156672,0.0798142259,0.00278661092,FollowWall,following_right_wall,0,14,42,0.425880581,1.73830281,1,1,1,0.243730202,1.73784085,1.73784085,1,0,0,0,0
52.3,1.64105148,-1.62770901,-89.7080232,0.0797891411,0.00316288309,FollowWall,following_right_wall,0,14,42,0.426090151,1.73041487,1,1,1,0.243436709,1.73383794,1.73383794,1,0,0,0,0
52.35,1.6410721,-1.63169938,-89.6997889,0.0797891411,0.00316288309,FollowWall,following_right_wall,0,14,42,0.426090151,1.73041487,1,1,1,0.243436709,1.72983482,1.72983482,1,0,0,0,0
52.4,1.6410933,-1.63568934,-89.6912101,0.0797987053,0.00301942103,FollowWall,following_right_wall,0,14,42,0.426351607,1.72255697,1,1,1,0.243406072,1.72583156,1.72583156,1,0,0,0,0
52.45,1.64111511,-1.63967926,-89.6826016,0.0797987053,0.00301942103,FollowWall,following_right_wall,0,14,42,0.426351607,1.72255697,1,1,1,0.243406072,1.72182829,1.72182829,1,0,0,0,0
52.5,1.64113751,-1.64366916,-89.6739758,0.0798548023,0.00217796597,FollowWall,following_right_wall,0,14,42,0.426651508,1.714526,1,1,1,0.243772224,1.71782503,1.71782503,1,0,0,0,0
52.55,1.64116049,-1.64766022,-89.6663443,0.0798548023,0.00217796597,FollowWall,following_right_wall,0,14,42,0.426651508,1.714526,1,1,1,0.243772224,1.71382215,1.71382215,1,0,0,0,0
52.6,1.64118398,-1.65165194,-89.6592929,0.0798934333,0.00159849989,FollowWall,following_right_wall,0,14,42,0.426959187,1.70634643,1,1,1,0.243947327,1.7098195,1.7098195,1,0,0,0,0
52.65,1.64120793,-1.65564487,-89.6532715,0.0798934333,0.00159849989,FollowWall,following_right_wall,0,14,42,0.426959187,1.70634643,1,1,1,0.243947327,1.70581724,1.70581724,1,0,0,0,0
52.7,1.64123229,-1.65963849,-89.6478509,0.0799270536,0.00109419592,FollowWall,following_right_wall,0,14,42,0.42726627,1.69819388,1,1,1,0.244063362,1.70181523,1.70181523,1,0,0,0,0
52.75,1.641257,-1.66363321,-89.6433828,0.0799270536,0.00109419592,FollowWall,following_right_wall,0,14,42,0.42726627,1.69819388,1,1,1,0.244063362,1.69781358,1.69781358,1,0,0,0,0
52.8,1.641282,-1.66762858,-89.6394704,0.0799661197,0.000508204117,FollowWall,following_right_wall,0,14,42,0.427572966,1.69006943,1,1,1,0.244220585,1.69381215,1.69381215,1,0,0,0,0
52.85,1.64130725,-1.67162514,-89.6365815,0.0799661197,0.000508204117,FollowWall,following_right_wall,0,14,42,0.427572966,1.69006943,1,1,1,0.244220585,1.68981112,1.68981112,1,0,0,0,0
52.9,1.64133269,-1.67562239,-89.6342896,0.0799828789,-0.000256815837,FollowWall,following_right_wall,0,14,42,0.427876055,1.68197379,1,1,1,0.244485125,1.68581031,1.68581031,1,0,0,0,0
52.95,1.64135824,-1.6796204,-89.6332593,0.0799828789,-0.000256815837,FollowWall,following_right_wall,0,14,42,0.427876055,1.68197379,1,1,1,0.244485125,1.68181071,1.68181071,1,0,0,0,0
53,1.64138384,-1.68361884,-89.6329648,0.0799460616,-0.000809076721,FollowWall,following_right_wall,0,14,42,0.428166777,1.6739097,1,1,1,0.244611695,1.67781181,1.67781181,1,0,0,0,0
53.05,1.64140943,-1.68761678,-89.6337588,0.0799460616,-0.000809076721,FollowWall,following_right_wall,0,14,42,0.428166777,1.6739097,1,1,1,0.244611695,1.6738151,1.6738151,1,0,0,0,0
53.1,1.64143493,-1.69161442,-89.6351877,0.0798964949,-0.00155257604,FollowWall,following_right_wall,0,14,42,0.428445786,1.66588073,1,1,1,0.244861126,1.66981968,1.66981968,1,0,0,0,0
53.15,1.64146028,-1.69561085,-89.6378745,0.0798964949,-0.00155257604,FollowWall,following_right_wall,0,14,42,0.428445786,1.66588073,1,1,1,0.244861126,1.66582741,1.66582741,1,0,0,0,0
53.2,1.64148542,-1.69960658,-89.641295,0.0798590519,-0.00211422169,FollowWall,following_right_wall,0,14,42,0.428707004,1.65789011,1,1,1,0.244997337,1.66183698,1.66183698,1,0,0,0,0
53.25,1.64151027,-1.70360112,-89.645814,0.0798590519,-0.00211422169,FollowWall,following_right_wall,0,14,42,0.428707004,1.65789011,1,1,1,0.244997337,1.65784943,1.65784943,1,0,0,0,0
53.3,1.64153478,-1.70759497,-89.6509738,0.0798527033,-0.00220945048,FollowWall,following_right_wall,0,14,42,0.428950965,1.6499377,1,1,1,0.244701236,1.65386358,1.65386358,1,0,0,0,0
53.35,1.64155891,-1.71158829,-89.6566209,0.0798527033,-0.00220945048,FollowWall,following_right_wall,0,14,42,0.428950965,1.6499377,1,1,1,0.244701236,1.64987901,1.64987901,1,0,0,0,0
53.4,1.64158263,-1.71558129,-89.6625525,0.0798187283,-0.00271907518,FollowWall,following_right_wall,0,14,42,0.429192156,1.64201946,1,1,1,0.244407058,1.6458952,1.6458952,1,0,0,0,0
53.45,1.64160591,-1.71957341,-89.6692582,0.0798187283,-0.00271907518,FollowWall,following_right_wall,0,14,42,0.429192156,1.64201946,1,1,1,0.244407058,1.64191347,1.64191347,1,0,0,0,0
53.5,1.6416287,-1.723565,-89.6764155,0.0797610787,-0.00358381922,FollowWall,following_right_wall,0,14,42,0.429424137,1.63413611,1,1,1,0.24437663,1.63793297,1.63793297,1,0,0,0,0
53.55,1.64165094,-1.7275551,-89.6848685,0.0797610787,-0.00358381922,FollowWall,following_right_wall,0,14,42,0.429424137,1.63413611,1,1,1,0.24437663,1.63395597,1.63395597,1,0,0,0,0
53.6,1.64167257,-1.73154433,-89.6940773,0.0797054676,-0.00441798594,FollowWall,following_right_wall,0,14,42,0.429628611,1.62629061,1,1,1,0.244629622,1.62998101,1.62998101,1,0,0,0,0
53.65,1.64169349,-1.73553188,-89.7047226,0.0797054676,-0.00441798594,FollowWall,following_right_wall,0,14,42,0.429628611,1.62629061,1,1,1,0.244629622,1.62600996,1.62600996,1,0,0,0,0
53.7,1.64171363,-1.73951847,-89.716206,0.0796993749,-0.00450937677,FollowWall,following_right_wall,0,14,42,0.429795593,1.61848393,1,1,1,0.244723484,1.62204117,1.62204117,1,0,0,0,0
53.75,1.64173295,-1.74350437,-89.7282873,0.0796993749,-0.00450937677,FollowWall,following_right_wall,0,14,42,0.429795593,1.61848393,1,1,1,0.244723484,1.618074,1.618074,1,0,0,0,0
53.8,1.64175142,-1.74748986,-89.7407174,0.0797252834,-0.00412074878,FollowWall,following_right_wall,0,14,42,0.429943174,1.61070988,1,1,1,0.244589239,1.61410778,1.61410778,1,0,0,0,0
53.85,1.64176904,-1.75147566,-89.7528871,0.0797252834,-0.00412074878,FollowWall,following_right_wall,0,14,42,0.429943174,1.61070988,1,1,1,0.244589239,1.61014084,1.61014084,1,0,0,0,0
53.9,1.64178581,-1.75546164,-89.7649049,0.0797192976,-0.00421053543,FollowWall,following_right_wall,0,14,42,0.430096358,1.60276035,1,1,1,0.244809836,1.6061735,1.6061735,1,0,0,0,0
53.95,1.64180175,-1.7594476,-89.7769412,0.0797192976,-0.00421053543,FollowWall,following_right_wall,0,14,42,0.430096358,1.60276035,1,1,1,0.244809836,1.6022062,1.6022062,1,0,0,0,0
54,1.64181685,-1.76343356,-89.7889883,0.0797447339,-0.00382899134,FollowWall,following_right_wall,0,14,42,0.430250466,1.59482754,1,1,1,0.244775981,1.59823893,1.59823893,1,0,0,0,0
54.05,1.64183112,-1.76742004,-89.8005863,0.0797447339,-0.00382899134,FollowWall,following_right_wall,0,14,42,0.430250466,1.59482754,1,1,1,0.244775981,1.59427044,1.59427044,1,0,0,0,0
54.1,1.6418446,-1.77140682,-89.8119224,0.0797796094,-0.0033058595,FollowWall,following_right_wall,0,14,42,0.430413693,1.58692405,1,1,1,0.244686812,1.59030123,1.59030123,1,0,0,0,0
54.15,1.64185733,-1.77539452,-89.8224811,0.0797796094,-0.0033058595,FollowWall,following_right_wall,0,14,42,0.430413693,1.58692405,1,1,1,0.244686812,1.58632992,1.58632992,1,0,0,0,0
54.2,1.64186933,-1.77938274,-89.8325865,0.079823832,-0.00264251945,FollowWall,following_right_wall,0,14,42,0.430595219,1.57904868,1,1,1,0.244528145,1.58235737,1.58235737,1,0,0,0,0
54.25,1.64188067,-1.7833722,-89.8416356,0.079823832,-0.00264251945,FollowWall,following_right_wall,0,14,42,0.430595219,1.57904868,1,1,1,0.244528145,1.57838195,1.57838195,1,0,0,0,0
54.3,1.64189141,-1.78736237,-89.8500685,0.0798567007,-0.00214948885,FollowWall,following_right_wall,0,14,42,0.430802286,1.57120024,1,1,1,0.244488701,1.57440486,1.57440486,1,0,0,0,0
54.35,1.64190159,-1.79135365,-89.8575534,0.0798567007,-0.00214948885,FollowWall,following_right_wall,0,14,42,0.430802286,1.57120024,1,1,1,0.244488701,1.5704252,1.5704252,1,0,0,0,0
54.4,1.64191128,-1.79534557,-89.8644854,0.0798790688,-0.00181396765,FollowWall,following_right_wall,0,14,42,0.431031764,1.56337767,1,1,1,0.244562,1.56644403,1.56644403,1,0,0,0,0
54.45,1.6419205,-1.79933834,-89.8706943,0.0798790688,-0.00181396765,FollowWall,following_right_wall,0,14,42,0.431031764,1.56337767,1,1,1,0.244562,1.5624609,1.5624609,1,0,0,0,0
54.5,1.64192931,-1.80333159,-89.8764815,0.0798755657,-0.0018665139,FollowWall,following_right_wall,0,14,42,0.431275189,1.55521966,1,1,1,0.244906589,1.55847663,1.55847663,1,0,0,0,0
54.55,1.64193773,-1.80732506,-89.8820853,0.0798755657,-0.0018665139,FollowWall,following_right_wall,0,14,42,0.431275189,1.55521966,1,1,1,0.244906589,1.55449186,1.55449186,1,0,0,0,0
54.6,1.64194575,-1.81131866,-89.8875822,0.0799268571,-0.00109714357,FollowWall,following_right_wall,0,14,42,0.431515068,1.5470642,1,1,1,0.244755685,1.55050679,1.55050679,1,0,0,0,0
54.65,1.64195344,-1.8153134,-89.8920983,0.0799268571,-0.00109714357,FollowWall,following_right_wall,0,14,42,0.431515068,1.5470642,1,1,1,0.244755685,1.54651906,1.54651906,1,0,0,0,0
54.7,1.64196082,-1.8193088,-89.8960423,0.079961273,-0.000580905166,FollowWall,following_right_wall,0,14,42,0.431766897,1.53892923,1,1,1,0.244782761,1.54252978,1.54252978,1,0,0,0,0
54.75,1.64196797,-1.82330531,-89.8990364,0.079961273,-0.000580905166,FollowWall,following_right_wall,0,14,42,0.431766897,1.53892923,1,1,1,0.244782761,1.53853792,1.53853792,1,0,0,0,0
54.8,1.64197493,-1.82730247,-89.9014764,0.0799623025,-0.000565462482,FollowWall,following_right_wall,0,14,42,0.432032883,1.53081499,1,1,1,0.24514325,1.53454455,1.53454455,1,0,0,0,0
54.85,1.64198173,-1.83130002,-89.9035746,0.0799623025,-0.000565462482,FollowWall,following_right_wall,0,14,42,0.432032883,1.53081499,1,1,1,0.24514325,1.53055025,1.53055025,1,0,0,0,0
54.9,1.64198839,-1.8352978,-89.9054736,0.0799795185,-0.000307222069,FollowWall,following_right_wall,0,14,42,0.432295352,1.52272601,1,1,1,0.245372117,1.52655542,1.52655542,1,0,0,0,0
54.95,1.64199493,-1.83929608,-89.9069481,0.0799795185,-0.000307222069,FollowWall,following_right_wall,0,14,42,0.432295352,1.52272601,1,1,1,0.245372117,1.52255943,1.52255943,1,0,0,0,0
55,1.64200139,-1.84329465,-89.9081749,0.0799844627,0.000233060108,FollowWall,following_right_wall,0,14,42,0.432551026,1.51466347,1,1,1,0.24544248,1.51856276,1.51856276,1,0,0,0,0
55.05,1.64200778,-1.84729349,-89.9086123,0.0799844627,0.000233060108,FollowWall,following_right_wall,0,14,42,0.432551026,1.51466347,1,1,1,0.24544248,1.5145646,1.5145646,1,0,0,0,0
55.1,1.64201416,-1.85129249,-89.9085893,0.0799836843,0.00024473532,FollowWall,following_right_wall,0,14,42,0.43280828,1.50662737,1,1,1,0.245624438,1.51056557,1.51056557,1,0,0,0,0
55.15,1.64202055,-1.85529156,-89.9082837,0.0799836843,0.00024473532,FollowWall,following_right_wall,0,14,42,0.43280828,1.50662737,1,1,1,0.245624438,1.50656602,1.50656602,1,0,0,0,0
55.2,1.64202697,-1.85929068,-89.9078134,0.0799997233,4.14983695e-06,FollowWall,following_right_wall,0,14,42,0.433054745,1.49861987,1,1,1,0.24577868,1.50256618,1.50256618,1,0,0,0,0
55.25,1.64203341,-1.86329015,-89.907534,0.0799997233,4.14983695e-06,FollowWall,following_right_wall,0,14,42,0.433054745,1.49861987,1,1,1,0.24577868,1.49856627,1.49856627,1,0,0,0,0
55.3,1.64203987,-1.86728984,-89.9073661,0.0799769343,0.000345985589,FollowWall,following_right_wall,0,14,42,0.433273703,1.49064179,1,1,1,0.245558321,1.49456632,1.49456632,1,0,0,0,0
55.35,1.64204636,-1.87128917,-89.9068552,0.0799769343,0.000345985589,FollowWall,following_right_wall,0,14,42,0.433273703,1.49064179,1,1,1,0.245558321,1.49056619,1.49056619,1,0,0,0,0
55.4,1.64205288,-1.8752883,-89.9061442,0.0799050793,0.0014238101,FollowWall,following_right_wall,0,14,42,0.433474749,1.48269373,1,1,1,0.245224461,1.48656596,1.48656596,1,0,0,0,0
55.45,1.64205951,-1.87928581,-89.9040298,0.0799050793,0.0014238101,FollowWall,following_right_wall,0,14,42,0.433474749,1.48269373,1,1,1,0.245224461,1.48256516,1.48256516,1,0,0,0,0
55.5,1.6420663,-1.88328238,-89.9010969,0.079852084,0.00221874028,FollowWall,following_right_wall,0,14,42,0.433687657,1.47477581,1,1,1,0.244983643,1.47856404,1.47856404,1,0,0,0,0
55.55,1.64207335,-1.8872773,-89.8967377,0.079852084,0.00221874028,FollowWall,following_right_wall,0,14,42,0.433687657,1.47477581,1,1,1,0.244983643,1.47456236,1.47456236,1,0,0,0,0
55.6,1.64208073,-1.89127125,-89.8915463,0.0798171728,0.00274240854,FollowWall,following_right_wall,0,14,42,0.43391937,1.46687469,1,1,1,0.244814187,1.47056036,1.47056036,1,0,0,0,0
55.65,1.64208851,-1.8952639,-89.8852445,0.0798171728,0.00274240854,FollowWall,following_right_wall,0,14,42,0.43391937,1.46687469,1,1,1,0.244814187,1.46655792,1.46655792,1,0,0,0,0
55.7,1.64209674,-1.89925581,-89.878295,0.0798147242,0.00277913696,FollowWall,following_right_wall,0,14,42,0.43416217,1.4588754,1,1,1,0.244867846,1.46255523,1.46255523,1,0,0,0,0
55.75,1.64210548,-1.90324722,-89.8709237,0.0798147242,0.00277913696,FollowWall,following_right_wall,0,14,42,0.43416217,1.4588754,1,1,1,0.244867846,1.45855238,1.45855238,1,0,0,0,0
55.8,1.64211473,-1.90723835,-89.8633065,0.0797973206,0.00304019026,FollowWall,following_right_wall,0,14,42,0.434396625,1.45090983,1,1,1,0.244703263,1.45454943,1.45454943,1,0,0,0,0
55.85,1.64212454,-1.91122894,-89.8552341,0.0797973206,0.00304019026,FollowWall,following_right_wall,0,14,42,0.434396625,1.45090983,1,1,1,0.244703263,1.45054631,1.45054631,1,0,0,0,0
55.9,1.64213491,-1.91521923,-89.8468963,0.0798036707,0.00294494015,FollowWall,following_right_wall,0,14,42,0.434619606,1.44291789,1,1,1,0.244705588,1.44654309,1.44654309,1,0,0,0,0
55.95,1.64214586,-1.91920946,-89.8385173,0.0798036707,0.00294494015,FollowWall,following_right_wall,0,14,42,0.434619606,1.44291789,1,1,1,0.244705588,1.44253985,1.44253985,1,0,0,0,0
56,1.6421574,-1.92319967,-89.8301143,0.0798467815,0.00229827682,FollowWall,following_right_wall,0,14,42,0.434820741,1.43476559,1,1,1,0.245016918,1.43853661,1.43853661,1,0,0,0,0
56.05,1.6421695,-1.92719075,-89.8224691,0.0798467815,0.00229827682,FollowWall,following_right_wall,0,14,42,0.434820741,1.43476559,1,1,1,0.245016918,1.43453366,1.43453366,1,0,0,0,0
56.1,1.64218212,-1.93118235,-89.8152661,0.0798356428,0.00246535869,FollowWall,following_right_wall,0,14,42,0.434976667,1.42664289,1,1,1,0.244771644,1.43053089,1.43053089,1,0,0,0,0
56.15,1.64219524,-1.93517402,-89.8081215,0.0798356428,0.00246535869,FollowWall,following_right_wall,0,14,42,0.434976667,1.42664289,1,1,1,0.244771644,1.42652814,1.42652814,1,0,0,0,0
56.2,1.64220886,-1.93916572,-89.8010111,0.0798490533,0.00226419982,FollowWall,following_right_wall,0,14,42,0.435100764,1.41854954,1,1,1,0.244727552,1.42252541,1.42252541,1,0,0,0,0
56.25,1.64222296,-1.94315772,-89.7941606,0.0798490533,0.00226419982,FollowWall,following_right_wall,0,14,42,0.435100764,1.41854954,1,1,1,0.244727552,1.41852278,1.41852278,1,0,0,0,0
56.3,1.64223753,-1.9471499,-89.7874618,0.0798904199,0.00164370181,FollowWall,following_right_wall,0,14,42,0.435192287,1.41048628,1,1,1,0.244919375,1.41452021,1.41452021,1,0,0,0,0
56.35,1.64225255,-1.95114305,-89.7815922,0.0798904199,0.00164370181,FollowWall,following_right_wall,0,14,42,0.435192287,1.41048628,1,1,1,0.244919375,1.41051797,1.41051797,1,0,0,0,0
56.4,1.64226796,-1.95513675,-89.7762062,0.0799178598,0.00123210231,FollowWall,following_right_wall,0,14,42,0.435235471,1.40245463,1,1,1,0.244957313,1.40651591,1.40651591,1,0,0,0,0
56.45,1.64228373,-1.95913135,-89.7715936,0.0799178598,0.00123210231,FollowWall,following_right_wall,0,14,42,0.435235471,1.40245463,1,1,1,0.244957313,1.40251416,1.40251416,1,0,0,0,0
56.5,1.6422998,-1.96312648,-89.7674323,0.0799644553,0.000533169772,FollowWall,following_right_wall,0,14,42,0.435228676,1.39445473,1,1,1,0.245169893,1.39851258,1.39851258,1,0,0,0,0
56.55,1.64231613,-1.96712288,-89.7643684,0.0799644553,0.000533169772,FollowWall,following_right_wall,0,14,42,0.435228676,1.39445473,1,1,1,0.245169893,1.39451143,1.39451143,1,0,0,0,0
56.6,1.64233265,-1.97112002,-89.7619447,0.0799899919,-0.000150121449,FollowWall,following_right_wall,0,14,42,0.435164094,1.38648704,1,1,1,0.245370582,1.39051052,1.39051052,1,0,0,0,0
56.65,1.6423493,-1.97511814,-89.7607101,0.0799899919,-0.000150121449,FollowWall,following_right_wall,0,14,42,0.435164094,1.38648704,1,1,1,0.245370582,1.3865105,1.3865105,1,0,0,0,0
56.7,1.64236602,-1.97911681,-89.7601691,0.0799268523,-0.00109721478,FollowWall,following_right_wall,0,14,42,0.435037762,1.37855251,1,1,1,0.245749116,1.38251098,1.38251098,1,0,0,0,0
56.75,1.64238272,-1.9831145,-89.7611632,0.0799268523,-0.00109721478,FollowWall,following_right_wall,0,14,42,0.435037762,1.37855251,1,1,1,0.245749116,1.37851484,1.37851484,1,0,0,0,0
56.8,1.64239932,-1.98711161,-89.7630528,0.0798705211,-0.00194218362,FollowWall,following_right_wall,0,14,42,0.434840649,1.37065745,1,1,1,0.246081159,1.37452065,1.37452065,1,0,0,0,0
56.85,1.64241572,-1.99110722,-89.7664734,0.0798705211,-0.00194218362,FollowWall,following_right_wall,0,14,42,0.434840649,1.37065745,1,1,1,0.246081159,1.37053035,1.37053035,1,0,0,0,0
56.9,1.64243185,-1.99510195,-89.770787,0.0798611375,-0.00208293793,FollowWall,following_right_wall,0,14,42,0.434571445,1.36280388,1,1,1,0.245978788,1.36654231,1.36654231,1,0,0,0,0
56.95,1.64244766,-1.99909596,-89.7757896,0.0798611375,-0.00208293793,FollowWall,following_right_wall,0,14,42,0.434571445,1.36280388,1,1,1,0.245978788,1.36255605,1.36255605,1,0,0,0,0
57,1.6424631,-2.00308957,-89.7811942,0.0798494785,-0.00225782217,FollowWall,following_right_wall,0,14,42,0.434253067,1.35483294,1,1,1,0.24584946,1.35857083,1.35857083,1,0,0,0,0
57.05,1.64247814,-2.00708269,-89.7870419,0.0798494785,-0.00225782217,FollowWall,following_right_wall,0,14,42,0.434253067,1.35483294,1,1,1,0.24584946,1.35458677,1.35458677,1,0,0,0,0
57.1,1.64249277,-2.01107554,-89.7931481,0.0798250984,-0.00262352365,FollowWall,following_right_wall,0,14,42,0.433898449,1.34681576,1,1,1,0.245898977,1.3506034,1.3506034,1,0,0,0,0
57.15,1.64250695,-2.01506771,-89.7998417,0.0798250984,-0.00262352365,FollowWall,following_right_wall,0,14,42,0.433898449,1.34681576,1,1,1,0.245898977,1.34662161,1.34662161,1,0,0,0,0
57.2,1.64252065,-2.01905949,-89.8068779,0.0798294302,-0.00255854732,FollowWall,following_right_wall,0,14,42,0.433507085,1.33883135,1,1,1,0.245732054,1.34264074,1.34264074,1,0,0,0,0
57.25,1.64253386,-2.02305113,-89.8140364,0.0798294302,-0.00255854732,FollowWall,following_right_wall,0,14,42,0.433507085,1.33883135,1,1,1,0.245732054,1.3386602,1.3386602,1,0,0,0,0
57.3,1.64254656,-2.0270427,-89.8212662,0.0798526038,-0.00221094358,FollowWall,following_right_wall,0,14,42,0.433092177,1.33087792,1,1,1,0.245432049,1.33467985,1.33467985,1,0,0,0,0
57.35,1.64255877,-2.0310347,-89.8281227,0.0798526038,-0.00221094358,FollowWall,following_right_wall,0,14,42,0.433092177,1.33087792,1,1,1,0.245432049,1.33069849,1.33069849,1,0,0,0,0
57.4,1.64257052,-2.03502695,-89.8347615,0.0798612419,-0.00208137163,FollowWall,following_right_wall,0,14,42,0.432671696,1.32295274,1,1,1,0.245305195,1.32671653,1.32671653,1,0,0,0,0
57.45,1.64258181,-2.03901954,-89.8411185,0.0798612419,-0.00208137163,FollowWall,following_right_wall,0,14,42,0.432671696,1.32295274,1,1,1,0.245305195,1.32273381,1.32273381,1,0,0,0,0
57.5,1.64259267,-2.04301232,-89.8473113,0.0798363672,-0.00245449132,FollowWall,following_right_wall,0,14,42,0.432248861,1.31505545,1,1,1,0.245537668,1.31875064,1.31875064,1,0,0,0,0
57.55,1.64260308,-2.04700469,-89.8538535,0.0798363672,-0.00245449132,FollowWall,following_right_wall,0,14,42,0.432248861,1.31505545,1,1,1,0.245537668,1.31476841,1.31476841,1,0,0,0,0
57.6,1.64261303,-2.05099683,-89.8605997,0.0798605381,-0.00209192825,FollowWall,following_right_wall,0,14,42,0.431809336,1.30718818,1,1,1,0.245348915,1.31078674,1.31078674,1,0,0,0,0
57.65,1.64262252,-2.05498934,-89.867032,0.0798605381,-0.00209192825,FollowWall,following_right_wall,0,14,42,0.431809336,1.30718818,1,1,1,0.245348915,1.30680422,1.30680422,1,0,0,0,0
57.7,1.64263157,-2.05898206,-89.8732812,0.0798793625,-0.0018095621,FollowWall,following_right_wall,0,14,42,0.431369066,1.2991809,1,1,1,0.245252088,1.3028212,1.3028212,1,0,0,0,0
57.75,1.64264019,-2.06297529,-89.8790866,0.0798793625,-0.0018095621,FollowWall,following_right_wall,0,14,42,0.431369066,1.2991809,1,1,1,0.245252088,1.29883697,1.29883697,1,0,0,0,0
57.8,1.64264843,-2.06696883,-89.8846331,0.0798839525,-0.00174071238,FollowWall,following_right_wall,0,14,42,0.430938184,1.29118111,1,1,1,0.24532479,1.29485204,1.29485204,1,0,0,0,0
57.85,1.64265629,-2.07096264,-89.8899464,0.0798839525,-0.00174071238,FollowWall,following_right_wall,0,14,42,0.430938184,1.29118111,1,1,1,0.24532479,1.29086648,1.29086648,1,0,0,0,0
57.9,1.64266378,-2.07495661,-89.8951236,0.0798783896,-0.00182415602,FollowWall,following_right_wall,0,14,42,0.430514872,1.28321167,1,1,1,0.245534495,1.28688055,1.28688055,1,0,0,0,0
57.95,1.64267091,-2.07895055,-89.9003211,0.0798783896,-0.00182415602,FollowWall,following_right_wall,0,14,42,0.430514872,1.28321167,1,1,1,0.245534495,1.28289467,1.28289467,1,0,0,0,0
58,1.64267767,-2.08294449,-89.9055304,0.0798861821,-0.00170726787,FollowWall,following_right_wall,0,14,42,0.430094004,1.27520823,1,1,1,0.245662659,1.27890882,1.27890882,1,0,0,0,0
58.05,1.64268408,-2.08693857,-89.910607,0.0798861821,-0.00170726787,FollowWall,following_right_wall,0,14,42,0.430094004,1.27520823,1,1,1,0.245662659,1.27492261,1.27492261,1,0,0,0,0
58.1,1.64269014,-2.09093275,-89.9156063,0.0799004756,-0.00149286532,FollowWall,following_right_wall,0,14,42,0.429680675,1.26712137,1,1,1,0.245772541,1.2709362,1.2709362,1,0,0,0,0
58.15,1.64269586,-2.09492728,-89.9203045,0.0799004756,-0.00149286532,FollowWall,following_right_wall,0,14,42,0.429680675,1.26712137,1,1,1,0.245772541,1.26694896,1.26694896,1,0,0,0,0
58.2,1.64270126,-2.09892202,-89.9248271,0.0799403461,-0.000894808148,FollowWall,following_right_wall,0,14,42,0.429282814,1.25906093,1,1,1,0.245669112,1.26296125,1.26296125,1,0,0,0,0
58.25,1.64270637,-2.1029177,-89.9285334,0.0799403461,-0.000894808148,FollowWall,following_right_wall,0,14,42,0.429282814,1.25906093,1,1,1,0.245669112,1.25897132,1.25897132,1,0,0,0,0
58.3,1.64271124,-2.10691394,-89.9317635,0.0799566943,-0.000649585012,FollowWall,following_right_wall,0,14,42,0.428917497,1.2510238,1,1,1,0.245812416,1.25498009,1.25498009,1,0,0,0,0
58.35,1.64271591,-2.11091084,-89.9344231,0.0799566943,-0.000649585012,FollowWall,following_right_wall,0,14,42,0.428917497,1.2510238,1,1,1,0.245812416,1.25098732,1.25098732,1,0,0,0,0
58.4,1.6427204,-2.11490813,-89.93675,0.079984761,-0.000228584498,FollowWall,following_right_wall,0,14,42,0.428584278,1.24301143,1,1,1,0.245860264,1.24699364,1.24699364,1,0,0,0,0
58.45,1.64272476,-2.11890623,-89.9383801,0.079984761,-0.000228584498,FollowWall,following_right_wall,0,14,42,0.428584278,1.24301143,1,1,1,0.245860264,1.24299807,1.24299807,1,0,0,0,0
58.5,1.64272902,-2.12290481,-89.9396039,0.0799588855,0.000616717938,FollowWall,following_right_wall,0,14,42,0.428287774,1.23502368,1,1,1,0.245644808,1.2390014,1.2390014,1,0,0,0,0
58.55,1.64273323,-2.12690312,-89.9395816,0.0799588855,0.000616717938,FollowWall,following_right_wall,0,14,42,0.428287774,1.23502368,1,1,1,0.245644808,1.23500305,1.23500305,1,0,0,0,0
58.6,1.64273748,-2.13090127,-89.9388325,0.0799284759,0.00107286119,FollowWall,following_right_wall,0,14,42,0.428045899,1.22706091,1,1,1,0.245675802,1.23100373,1.23100373,1,0,0,0,0
58.65,1.6427418,-2.13489871,-89.9371148,0.0799284759,0.00107286119,FollowWall,following_right_wall,0,14,42,0.428045899,1.22706091,1,1,1,0.245675802,1.22700363,1.22700363,1,0,0,0,0
58.7,1.64274627,-2.13889572,-89.9348322,0.0799305014,0.00104247852,FollowWall,following_right_wall,0,14,42,0.427857637,1.21912563,1,1,1,0.246021211,1.22300308,1.22300308,1,0,0,0,0
58.75,1.64275091,-2.14289253,-89.9322564,0.0799305014,0.00104247852,FollowWall,following_right_wall,0,14,42,0.427857637,1.21912563,1,1,1,0.246021211,1.21900227,1.21900227,1,0,0,0,0
58.8,1.64275573,-2.14688922,-89.9295094,0.0799581904,0.000627144309,FollowWall,following_right_wall,0,14,42,0.427706212,1.21119152,1,1,1,0.246369481,1.21500132,1.21500132,1,0,0,0,0
58.85,1.64276073,-2.15088641,-89.9271584,0.0799581904,0.000627144309,FollowWall,following_right_wall,0,14,42,0.427706212,1.21119152,1,1,1,0.246369481,1.21100047,1.21100047,1,0,0,0,0
58.9,1.64276588,-2.1548839,-89.9250384,0.0799619465,0.00057080272,FollowWall,following_right_wall,0,14,42,0.427571505,1.20315315,1,1,1,0.246336445,1.20699969,1.20699969,1,0,0,0,0
58.95,1.64277118,-2.15888165,-89.9231204,0.0799619465,0.00057080272,FollowWall,following_right_wall,0,14,42,0.427571505,1.20315315,1,1,1,0.246336445,1.20299897,1.20299897,1,0,0,0,0
59,1.64277661,-2.16287954,-89.9213202,0.0799220149,0.00116977591,FollowWall,following_right_wall,0,14,42,0.427455753,1.19514375,1,1,1,0.246152148,1.19899828,1.19899828,1,0,0,0,0
59.05,1.64278218,-2.16687668,-89.9188738,0.0799220149,0.00116977591,FollowWall,following_right_wall,0,14,42,0.427455753,1.19514375,1,1,1,0.246152148,1.19499734,1.19499734,1,0,0,0,0
59.1,1.64278794,-2.17087338,-89.9160504,0.0798879582,0.00168062645,FollowWall,following_right_wall,0,14,42,0.427383572,1.18711336,1,1,1,0.246125802,1.19099625,1.19099625,1,0,0,0,0
59.15,1.64279392,-2.17486913,-89.9123973,0.0798879582,0.00168062645,FollowWall,following_right_wall,0,14,42,0.427383572,1.18711336,1,1,1,0.246125802,1.18699484,1.18699484,1,0,0,0,0
59.2,1.64280017,-2.17886431,-89.9082602,0.0798436119,0.00234582091,FollowWall,following_right_wall,0,14,42,0.427366257,1.17911349,1,1,1,0.245918125,1.18299324,1.18299324,1,0,0,0,0
59.25,1.64280675,-2.18285823,-89.9030468,0.0798436119,0.00234582091,FollowWall,following_right_wall,0,14,42,0.427366257,1.17911349,1,1,1,0.245918125,1.17899122,1.17899122,1,0,0,0,0
59.3,1.64281371,-2.18685143,-89.8972055,0.0798195164,0.00270725415,FollowWall,following_right_wall,0,14,42,0.427412957,1.17114688,1,1,1,0.245818347,1.17498896,1.17498896,1,0,0,0,0
59.35,1.64282111,-2.1908437,-89.8905666,0.0798195164,0.00270725415,FollowWall,following_right_wall,0,14,42,0.427412957,1.17114688,1,1,1,0.245818347,1.17098638,1.17098638,1,0,0,0,0
59.4,1.64282898,-2.19483542,-89.8834623,0.0798048733,0.00292690123,FollowWall,following_right_wall,0,14,42,0.427519321,1.16321269,1,1,1,0.245725393,1.16698363,1.16698363,1,0,0,0,0
59.45,1.64283736,-2.19882653,-89.8758244,0.0798048733,0.00292690123,FollowWall,following_right_wall,0,14,42,0.427519321,1.16321269,1,1,1,0.245725393,1.16298067,1.16298067,1,0,0,0,0
59.5,1.64284629,-2.20281727,-89.8678753,0.0797919199,0.00312120212,FollowWall,following_right_wall,0,14,42,0.42767781,1.15530973,1,1,1,0.245572194,1.1589776,1.1589776,1,0,0,0,0
59.55,1.64285578,-2.20680753,-89.8595126,0.0797919199,0.00312120212,FollowWall,following_right_wall,0,14,42,0.42767781,1.15530973,1,1,1,0.245572194,1.15497436,1.15497436,1,0,0,0,0
59.6,1.64286586,-2.2107975,-89.8509087,0.079769253,0.00346120468,FollowWall,following_right_wall,0,14,42,0.42788437,1.14743681,1,1,1,0.245250836,1.15097104,1.15097104,1,0,0,0,0
59.65,1.64287656,-2.21478684,-89.8417583,0.079769253,0.00346120468,FollowWall,following_right_wall,0,14,42,0.42788437,1.14743681,1,1,1,0.245250836,1.1469675,1.1469675,1,0,0,0,0
59.7,1.64288791,-2.21877581,-89.832289,0.0797997383,0.00300392532,FollowWall,following_right_wall,0,14,42,0.42814219,1.13946147,1,1,1,0.245378956,1.14296384,1.14296384,1,0,0,0,0
59.75,1.6428999,-2.22276519,-89.8231796,0.0797997383,0.00300392532,FollowWall,following_right_wall,0,14,42,0.42814219,1.13946147,1,1,1,0.245378956,1.13896033,1.13896033,1,0,0,0,0
59.8,1.64291252,-2.22675482,-89.8142801,0.0798565219,0.00215217167,FollowWall,following_right_wall,0,14,42,0.428428292,1.13150918,1,1,1,0.245720774,1.1349569,1.1349569,1,0,0,0,0
59.85,1.64292573,-2.23074576,-89.8065197,0.0798565219,0.00215217167,FollowWall,following_right_wall,0,14,42,0.428428292,1.13150918,1,1,1,0.245720774,1.13095391,1.13095391,1,0,0,0,0
59.9,1.64293946,-2.23473748,-89.7994239,0.0798849972,0.0017250416,FollowWall,following_right_wall,0,14,42,0.428716093,1.12348259,1,1,1,0.245771348,1.12695119,1.12695119,1,0,0,0,0
59.95,1.64295365,-2.23873025,-89.7932256,0.0798849972,0.0017250416,FollowWall,following_right_wall,0,14,42,0.428716093,1.12348259,1,1,1,0.245771348,1.12294881,1.12294881,1,0,0,0,0
60,1.64296826,-2.24272362,-89.7875507,0.0799214863,0.00117770492,FollowWall,following_right_wall,0,14,42,0.429005742,1.11534611,1,1,1,0.245887667,1.11894664,1.11894664,1,0,0,0,0
60.05,1.64298324,-2.2467181,-89.7828347,0.0799214863,0.00117770492,FollowWall,following_right_wall,0,14,42,0.429005742,1.11534611,1,1,1,0.245887667,1.11494484,1.11494484,1,0,0,0,0
60.1,1.64299852,-2.25071324,-89.7786778,0.079973214,0.000401789486,FollowWall,following_right_wall,0,14,42,0.429295391,1.1072369,1,1,1,0.246141568,1.11094326,1.11094326,1,0,0,0,0
60.15,1.64301406,-2.25470983,-89.7757734,0.079973214,0.000401789486,FollowWall,following_right_wall,0,14,42,0.429295391,1.1072369,1,1,1,0.246141568,1.10694216,1.10694216,1,0,0,0,0
60.2,1.64302978,-2.25870727,-89.7735995,0.0799891588,-0.000162617274,FollowWall,following_right_wall,0,14,42,0.429575115,1.09915567,1,1,1,0.246255592,1.10294135,1.10294135,1,0,0,0,0
60.25,1.64304562,-2.26270553,-89.7725256,0.0799891588,-0.000162617274,FollowWall,following_right_wall,0,14,42,0.429575115,1.09915567,1,1,1,0.246255592,1.09894142,1.09894142,1,0,0,0,0
60.3,1.64306151,-2.26670428,-89.7720932,0.0799573881,-0.000639178852,FollowWall,following_right_wall,0,14,42,0.429844826,1.0911042,1,1,1,0.246309668,1.094942,1.094942,1,0,0,0,0
60.35,1.6430774,-2.27070265,-89.772604,0.0799573881,-0.000639178852,FollowWall,following_right_wall,0,14,42,0.429844826,1.0911042,1,1,1,0.246309668,1.09094442,1.09094442,1,0,0,0,0
60.4,1.64309323,-2.2747008,-89.7736649,0.0798942506,-0.00158624121,FollowWall,following_right_wall,0,14,42,0.430107147,1.08308595,1,1,1,0.246664837,1.08694792,1.08694792,1,0,0,0,0
60.45,1.64310893,-2.27869751,-89.7761772,0.0798942506,-0.00158624121,FollowWall,following_right_wall,0,14,42,0.430107147,1.08308595,1,1,1,0.246664837,1.08295511,1.08295511,1,0,0,0,0
60.5,1.64312442,-2.28269337,-89.7795361,0.0798882772,-0.00167584251,FollowWall,following_right_wall,0,14,42,0.430346966,1.07510556,1,1,1,0.246470243,1.07896446,1.07896446,1,0,0,0,0
60.55,1.64313966,-2.28668862,-89.7834959,0.0798882772,-0.00167584251,FollowWall,following_right_wall,0,14,42,0.430346966,1.07510556,1,1,1,0.246470243,1.07497535,1.07497535,1,0,0,0,0
60.6,1.6431546,-2.2906835,-89.7878061,0.0798604286,-0.00209357045,FollowWall,following_right_wall,0,14,42,0.430580914,1.0671597,1,1,1,0.246155679,1.07098715,1.07098715,1,0,0,0,0
60.65,1.64316922,-2.29467761,-89.7928195,0.0798604286,-0.00209357045,FollowWall,following_right_wall,0,14,42,0.430580914,1.0671597,1,1,1,0.246155679,1.06700082,1.06700082,1,0,0,0,0
60.7,1.64318347,-2.29867125,-89.7982429,0.0798245169,-0.00263224681,FollowWall,following_right_wall,0,14,42,0.430808902,1.05924777,1,1,1,0.245866194,1.06301559,1.06301559,1,0,0,0,0
60.75,1.64319731,-2.30266387,-89.8045486,0.0798245169,-0.00263224681,FollowWall,following_right_wall,0,14,42,0.430808902,1.05924777,1,1,1,0.245866194,1.05903275,1.05903275,1,0,0,0,0
60.8,1.64321069,-2.30665591,-89.8113689,0.0797405466,-0.00389180167,FollowWall,following_right_wall,0,14,42,0.431022882,1.05137037,1,1,1,0.246157795,1.05505129,1.05505129,1,0,0,0,0
60.85,1.64322353,-2.31064585,-89.819993,0.0797405466,-0.00389180167,FollowWall,following_right_wall,0,14,42,0.431022882,1.05137037,1,1,1,0.246157795,1.05107473,1.05107473,1,0,0,0,0
60.9,1.64323572,-2.31463457,-89.8296691,0.0797122589,-0.00431611614,FollowWall,following_right_wall,0,14,42,0.431194425,1.04346881,1,1,1,0.246388882,1.04710102,1.04710102,1,0,0,0,0
60.95,1.6432472,-2.31862199,-89.8404656,0.0797122589,-0.00431611614,FollowWall,following_right_wall,0,14,42,0.431194425,1.04346881,1,1,1,0.246388882,1.04313035,1.04313035,1,0,0,0,0
61,1.6432579,-2.32260865,-89.8519155,0.0797300334,-0.00404949933,FollowWall,following_right_wall,0,14,42,0.431332707,1.03546783,1,1,1,0.246274054,1.03916145,1.03916145,1,0,0,0,0
61.05,1.64326781,-2.32659524,-89.8634283,0.0797300334,-0.00404949933,FollowWall,following_right_wall,0,14,42,0.431332707,1.03546783,1,1,1,0.246274054,1.03519273,1.03519273,1,0,0,0,0
61.1,1.64327691,-2.33058179,-89.8749779,0.0797322438,-0.00401634332,FollowWall,following_right_wall,0,14,42,0.431466669,1.0274976,1,1,1,0.246372238,1.0312241,1.0312241,1,0,0,0,0
61.15,1.6432852,-2.33456836,-89.8865093,0.0797322438,-0.00401634332,FollowWall,following_right_wall,0,14,42,0.431466669,1.0274976,1,1,1,0.246372238,1.02725542,1.02725542,1,0,0,0,0
61.2,1.6432927,-2.33855495,-89.8980301,0.0797344148,-0.00398377793,FollowWall,following_right_wall,0,14,42,0.43160218,1.01955752,1,1,1,0.24652198,1.02328671,1.02328671,1,0,0,0,0
61.25,1.6432994,-2.34254159,-89.9095058,0.0797344148,-0.00398377793,FollowWall,following_right_wall,0,14,42,0.43160218,1.01955752,1,1,1,0.24652198,1.01931789,1.01931789,1,0,0,0,0
61.3,1.64330529,-2.34652827,-89.9209553,0.07977816,-0.00332760024,FollowWall,following_right_wall,0,14,42,0.4317379,1.01158413,1,1,1,0.246316165,1.01534899,1.01534899,1,0,0,0,0
61.35,1.64331042,-2.35051587,-89.9316062,0.07977816,-0.00332760024,FollowWall,following_right_wall,0,14,42,0.4317379,1.01158413,1,1,1,0.246316165,1.01137792,1.01137792,1,0,0,0,0
61.4,1.64331483,-2.35450402,-89.9417912,0.0798218006,-0.00267299171,FollowWall,following_right_wall,0,14,42,0.431891412,1.00354259,1,1,1,0.246134892,1.00740558,1.00740558,1,0,0,0,0
61.45,1.64331857,-2.35849339,-89.9509232,0.0798218006,-0.00267299171,FollowWall,following_right_wall,0,14,42,0.431891412,1.00354259,1,1,1,0.246134892,1.00343039,1.00343039,1,0,0,0,0
61.5,1.64332169,-2.36248348,-89.9594408,0.0798511009,-0.00223348637,FollowWall,following_right_wall,0,14,42,0.432071745,0.995520652,1,1,1,0.246102676,0.999453529,0.999453529,1,0,0,0,0
61.55,1.64332425,-2.36647459,-89.9670754,0.0798511009,-0.00223348637,FollowWall,following_right_wall,0,14,42,0.432071745,0.995520652,1,1,1,0.246102676,0.995474269,0.995474269,1,0,0,0,0
61.6,1.64332629,-2.37046631,-89.974195,0.0799063673,-0.0014044901,FollowWall,following_right_wall,0,14,42,0.432274044,0.98751973,1,1,1,0.24582909,0.99149361,0.99149361,1,0,0,0,0
61.65,1.64332789,-2.37445953,-89.9800245,0.0799063673,-0.0014044901,FollowWall,following_right_wall,0,14,42,0.432274044,0.98751973,1,1,1,0.24582909,0.987509447,0.987509447,1,0,0,0,0
61.7,1.6433291,-2.37845362,-89.9851016,0.0798995324,-0.00150701464,FollowWall,following_right_wall,0,14,42,0.432505995,0.979537808,1,1,1,0.246163756,0.98352324,0.98352324,1,0,0,0,0
61.75,1.64332998,-2.38244808,-89.9898621,0.0798995324,-0.00150701464,FollowWall,following_right_wall,0,14,42,0.432505995,0.979537808,1,1,1,0.246163756,0.979536174,0.979536174,1,0,0,0,0
61.8,1.64333052,-2.38644276,-89.9944379,0.0799115859,-0.00132621125,FollowWall,following_right_wall,0,14,42,0.432742774,0.9715813,1,1,1,0.24634397,0.975548605,0.975548605,1,0,0,0,0
61.85,1.64333076,-2.39043781,-89.9986902,0.0799115859,-0.00132621125,FollowWall,following_right_wall,0,14,42,0.432742774,0.9715813,1,1,1,0.24634397,0.971560158,0.971560158,1,0,0,0,0
61.9,1.64333071,-2.39443308,-90.0027537,0.0799712361,-0.000431459019,FollowWall,following_right_wall,0,14,42,0.432976544,0.963613958,1,1,1,0.246093228,0.967562643,0.967562643,1,0,0,0,0
61.95,1.64333042,-2.39842972,-90.0056391,0.0799712361,-0.000431459019,FollowWall,following_right_wall,0,14,42,0.432976544,0.963613958,1,1,1,0.246093228,0.963561519,0.963561519,1,0,0,0,0
62,1.64332995,-2.40242716,-90.0078373,0.0799790167,-0.000314748937,FollowWall,following_right_wall,0,14,42,0.433227718,0.955676699,1,1,1,0.246357173,0.959560662,0.959560662,1,0,0,0,0
62.05,1.64332934,-2.40642524,-90.0094953,0.0799790167,-0.000314748937,FollowWall,following_right_wall,0,14,42,0.433227718,0.955676699,1,1,1,0.246357173,0.955560016,0.955560016,1,0,0,0,0
62.1,1.64332864,-2.41042367,-90.0108381,0.0799830537,-0.000254194093,FollowWall,following_right_wall,0,14,42,0.433483005,0.947748571,1,1,1,0.246677339,0.951559493,0.951559493,1,0,0,0,0
62.15,1.64332784,-2.41442241,-90.0119249,0.0799830537,-0.000254194093,FollowWall,following_right_wall,0,14,42,0.433483005,0.947748571,1,1,1,0.246677339,0.947559069,0.947559069,1,0,0,0,0
62.2,1.64332698,-2.41842132,-90.0128623,0.0799940559,8.91621359e-05,FollowWall,following_right_wall,0,14,42,0.43372947,0.939668877,1,1,1,0.246843725,0.943558704,0.943558704,1,0,0,0,0
62.25,1.64332606,-2.42242056,-90.0133026,0.0799940559,8.91621359e-05,FollowWall,following_right_wall,0,14,42,0.43372947,0.939668877,1,1,1,0.246843725,0.939558781,0.939558781,1,0,0,0,0
62.3,1.64332513,-2.42641999,-90.0134531,0.0799639767,0.000540349112,FollowWall,following_right_wall,0,14,42,0.433969885,0.931616702,1,1,1,0.246927664,0.935559114,0.935559114,1,0,0,0,0
62.35,1.64332421,-2.43041891,-90.0128958,0.0799639767,0.000540349112,FollowWall,following_right_wall,0,14,42,0.433969885,0.931616702,1,1,1,0.246927664,0.931561061,0.931561061,1,0,0,0,0
62.4,1.64332334,-2.43441753,-90.0119258,0.0799812841,0.000280738006,FollowWall,following_right_wall,0,14,42,0.434209585,0.923594307,1,1,1,0.247080281,0.927563949,0.927563949,1,0,0,0,0
62.45,1.64332254,-2.43841633,-90.0110248,0.0799812841,0.000280738006,FollowWall,following_right_wall,0,14,42,0.434209585,0.923594307,1,1,1,0.247080281,0.923566544,0.923566544,1,0,0,0,0
62.5,1.6433218,-2.44241524,-90.0101642,0.0799919427,0.000120860118,FollowWall,following_right_wall,0,14,42,0.434428334,0.915601873,1,1,1,0.247166455,0.919568969,0.919568969,1,0,0,0,0
62.55,1.64332112,-2.44641444,-90.0095178,0.0799919427,0.000120860118,FollowWall,following_right_wall,0,14,42,0.434428334,0.915601873,1,1,1,0.247166455,0.915570775,0.915570775,1,0,0,0,0
62.6,1.64332047,-2.45041381,-90.0089965,0.0799371889,0.000942165987,FollowWall,following_right_wall,0,14,42,0.434616297,0.907639161,1,1,1,0.246816352,0.91157222,0.91157222,1,0,0,0,0
62.65,1.64331989,-2.45441213,-90.0075678,0.0799371889,0.000942165987,FollowWall,following_right_wall,0,14,42,0.434616297,0.907639161,1,1,1,0.246816352,0.907576119,0.907576119,1,0,0,0,0
62.7,1.64331943,-2.45840984,-90.0056098,0.0798692116,0.00196182532,FollowWall,following_right_wall,0,14,42,0.434800327,0.899707362,1,1,1,0.24646689,0.903581448,0.903581448,1,0,0,0,0
62.75,1.64331916,-2.46240578,-90.0021258,0.0798692116,0.00196182532,FollowWall,following_right_wall,0,14,42,0.434800327,0.899707362,1,1,1,0.24646689,0.89959092,0.89959092,1,0,0,0,0
62.8,1.64331917,-2.46640069,-89.9977518,0.079815427,0.00276859522,FollowWall,following_right_wall,0,14,42,0.435002714,0.89165882,1,1,1,0.246151805,0.895595822,0.895595822,1,0,0,0,0
62.85,1.64331953,-2.47039387,-89.9918955,0.079815427,0.00276859522,FollowWall,following_right_wall,0,14,42,0.435002714,0.89165882,1,1,1,0.246151805,0.891593542,0.891593542,1,0,0,0,0
62.9,1.64332033,-2.47438605,-89.9851745,0.0798259398,0.00261090316,FollowWall,following_right_wall,0,14,42,0.435226262,0.883638749,1,1,1,0.246363103,0.887590924,0.887590924,1,0,0,0,0
62.95,1.6433216,-2.47837786,-89.9781374,0.0798259398,0.00261090316,FollowWall,following_right_wall,0,14,42,0.435226262,0.883638749,1,1,1,0.246363103,0.883588184,0.883588184,1,0,0,0,0
63,1.64332338,-2.48236946,-89.9709159,0.0797901126,0.00314831111,FollowWall,following_right_wall,0,14,42,0.435440868,0.875651616,1,1,1,0.246045098,0.879585372,0.879585372,1,0,0,0,0
63.05,1.64332568,-2.48636018,-89.9629454,0.0797901126,0.00314831111,FollowWall,following_right_wall,0,14,42,0.435440868,0.875651616,1,1,1,0.246045098,0.875582269,0.875582269,1,0,0,0,0
63.1,1.64332856,-2.4903504,-89.9545379,0.0797915572,0.00312664208,FollowWall,following_right_wall,0,14,42,0.435650885,0.867698255,1,1,1,0.246019736,0.871578997,0.871578997,1,0,0,0,0
63.15,1.64333202,-2.49434035,-89.9459013,0.0797915572,0.00312664208,FollowWall,following_right_wall,0,14,42,0.435650885,0.867698255,1,1,1,0.246019736,0.867575637,0.867575637,1,0,0,0,0
63.2,1.64333609,-2.49833014,-89.9371312,0.0798087711,0.00286843278,FollowWall,following_right_wall,0,14,42,0.435845643,0.859776522,1,1,1,0.246088058,0.863572227,0.863572227,1,0,0,0,0
63.25,1.64334077,-2.5023202,-89.9285913,0.0798087711,0.00286843278,FollowWall,following_right_wall,0,14,42,0.435845643,0.859776522,1,1,1,0.246088058,0.859568907,0.859568907,1,0,0,0,0
63.3,1.64334604,-2.50631042,-89.9201858,0.07983178,0.00252329975,FollowWall,following_right_wall,0,14,42,0.436010212,0.85182485,1,1,1,0.246171489,0.855565642,0.855565642,1,0,0,0,0
63.35,1.64335187,-2.5103012,-89.9122706,0.07983178,0.00252329975,FollowWall,following_right_wall,0,14,42,0.436010212,0.85182485,1,1,1,0.246171489,0.851562568,0.851562568,1,0,0,0,0
63.4,1.64335825,-2.51429232,-89.9046415,0.0798189282,0.00271607678,FollowWall,following_right_wall,0,14,42,0.436135054,0.843726516,1,1,1,0.245870113,0.847559608,0.847559608,1,0,0,0,0
63.45,1.64336516,-2.51828336,-89.8969491,0.0798189282,0.00271607678,FollowWall,following_right_wall,0,14,42,0.436135054,0.843726516,1,1,1,0.245870113,0.843556624,0.843556624,1,0,0,0,0
63.5,1.64337261,-2.52227436,-89.8892197,0.0798507563,0.00223865531,FollowWall,following_right_wall,0,14,42,0.436233252,0.835657663,1,1,1,0.245963797,0.839553628,0.839553628,1,0,0,0,0
63.55,1.64338057,-2.526266,-89.8820388,0.0798507563,0.00223865531,FollowWall,following_right_wall,0,14,42,0.436233252,0.835657663,1,1,1,0.245963797,0.835550846,0.835550846,1,0,0,0,0
63.6,1.64338903,-2.53025801,-89.8751777,0.0798957077,0.00156438375,FollowWall,following_right_wall,0,14,42,0.436292529,0.827618647,1,1,1,0.246157393,0.831548191,0.831548191,1,0,0,0,0
63.65,1.64339793,-2.53425117,-89.869308,0.0798957077,0.00156438375,FollowWall,following_right_wall,0,14,42,0.436292529,0.827618647,1,1,1,0.246157393,0.827545921,0.827545921,1,0,0,0,0
63.7,1.64340723,-2.538245,-89.8640167,0.0799390904,0.000913643404,FollowWall,following_right_wall,0,14,42,0.436297983,0.819609766,1,1,1,0.246327057,0.823543878,0.823543878,1,0,0,0,0
63.75,1.64341686,-2.54224013,-89.8598395,0.0799390904,0.000913643404,FollowWall,following_right_wall,0,14,42,0.436297983,0.819609766,1,1,1,0.246327057,0.819542268,0.819542268,1,0,0,0,0
63.8,1.64342675,-2.54623601,-89.8563123,0.0799628704,0.000556943503,FollowWall,following_right_wall,0,14,42,0.436243922,0.811630901,1,1,1,0.246303827,0.815540911,0.815540911,1,0,0,0,0
63.85,1.64343687,-2.55023283,-89.8535899,0.0799628704,0.000556943503,FollowWall,following_right_wall,0,14,42,0.436243922,0.811630901,1,1,1,0.246303827,0.811539867,0.811539867,1,0,0,0,0
63.9,1.64344717,-2.5542302,-89.851337,0.079973174,-0.000402390143,FollowWall,following_right_wall,0,14,42,0.436138064,0.803681992,1,1,1,0.246668249,0.807539006,0.807539006,1,0,0,0,0
63.95,1.64345757,-2.5582281,-89.8505032,0.079973174,-0.000402390143,FollowWall,following_right_wall,0,14,42,0.436138064,0.803681992,1,1,1,0.246668249,0.803539814,0.803539814,1,0,0,0,0
64,1.643468,-2.56222631,-89.8504971,0.0799101372,-0.00134794128,FollowWall,following_right_wall,0,14,42,0.43596679,0.795765239,1,1,1,0.247035712,0.799541595,0.799541595,1,0,0,0,0
64.05,1.64347837,-2.56622338,-89.8521025,0.0799101372,-0.00134794128,FollowWall,following_right_wall,0,14,42,0.43596679,0.795765239,1,1,1,0.247035712,0.795547008,0.795547008,1,0,0,0,0
64.1,1.6434886,-2.5702198,-89.854648,0.0798763617,-0.00185457484,FollowWall,following_right_wall,0,14,42,0.435722023,0.787816398,1,1,1,0.247141406,0.79155454,0.79155454,1,0,0,0,0
64.15,1.64349861,-2.57421513,-89.8583466,0.0798763617,-0.00185457484,FollowWall,following_right_wall,0,14,42,0.435722023,0.787816398,1,1,1,0.247141406,0.787564949,0.787564949,1,0,0,0,0
64.2,1.64350833,-2.57820983,-89.8627179,0.0798679306,-0.00198104096,FollowWall,following_right_wall,0,14,42,0.435415357,0.779796176,1,1,1,0.247011632,0.783577036,0.783577036,1,0,0,0,0
64.25,1.64351773,-2.58220398,-89.8676325,0.0798679306,-0.00198104096,FollowWall,following_right_wall,0,14,42,0.435415357,0.779796176,1,1,1,0.247011632,0.779590513,0.779590513,1,0,0,0,0
64.3,1.64352678,-2.58619781,-89.872864,0.0798455563,-0.00231665532,FollowWall,following_right_wall,0,14,42,0.435066581,0.771781649,1,1,1,0.247012451,0.775604799,0.775604799,1,0,0,0,0
64.35,1.64353543,-2.59019099,-89.878681,0.0798455563,-0.00231665532,FollowWall,following_right_wall,0,14,42,0.435066581,0.771781649,1,1,1,0.247012451,0.771620645,0.771620645,1,0,0,0,0
64.4,1.64354367,-2.59418379,-89.8848396,0.0798417526,-0.00237371168,FollowWall,following_right_wall,0,14,42,0.434679925,0.763777873,1,1,1,0.246883124,0.767637401,0.767637401,1,0,0,0,0
64.45,1.64355147,-2.59817629,-89.8912655,0.0798417526,-0.00237371168,FollowWall,following_right_wall,0,14,42,0.434679925,0.763777873,1,1,1,0.246883124,0.763654873,0.763654873,1,0,0,0,0
64.5,1.64355882,-2.60216862,-89.8978474,0.0798478053,-0.00228292077,FollowWall,following_right_wall,0,14,42,0.434265256,0.755805558,1,1,1,0.246712372,0.759672762,0.759672762,1,0,0,0,0
64.55,1.64356571,-2.60616097,-89.9044118,0.0798478053,-0.00228292077,FollowWall,following_right_wall,0,14,42,0.434265256,0.755805558,1,1,1,0.246712372,0.7556906,0.7556906,1,0,0,0,0
64.6,1.64357214,-2.61015334,-89.9109661,0.0798650615,-0.00202407716,FollowWall,following_right_wall,0,14,42,0.433834046,0.747863334,1,1,1,0.246476278,0.751708409,0.751708409,1,0,0,0,0
64.65,1.64357813,-2.61414607,-89.9172055,0.0798650615,-0.00202407716,FollowWall,following_right_wall,0,14,42,0.433834046,0.747863334,1,1,1,0.246476278,0.74772536,0.74772536,1,0,0,0,0
64.7,1.64358369,-2.61813902,-89.9232612,0.0798599734,-0.002100399,FollowWall,following_right_wall,0,14,42,0.433398157,0.739851402,1,1,1,0.246492699,0.743741812,0.743741812,1,0,0,0,0
64.75,1.64358883,-2.62213199,-89.9293009,0.0798599734,-0.002100399,FollowWall,following_right_wall,0,14,42,0.433398157,0.739851402,1,1,1,0.246492699,0.73975822,0.73975822,1,0,0,0,0
64.8,1.64359354,-2.62612497,-89.9353312,0.0798606438,-0.00209034311,FollowWall,following_right_wall,0,14,42,0.432954282,0.731828386,1,1,1,0.246496066,0.735774602,0.735774602,1,0,0,0,0
64.85,1.64359784,-2.63011797,-89.9413441,0.0798606438,-0.00209034311,FollowWall,following_right_wall,0,14,42,0.432954282,0.731828386,1,1,1,0.246496066,0.731790937,0.731790937,1,0,0,0,0
64.9,1.64360172,-2.63411098,-89.9473467,0.0798911747,-0.00163237898,FollowWall,following_right_wall,0,14,42,0.432503223,0.72383451,1,1,1,0.246253788,0.727807243,0.727807243,1,0,0,0,0
64.95,1.6436052,-2.63810464,-89.9527968,0.0798911747,-0.00163237898,FollowWall,following_right_wall,0,14,42,0.432503223,0.72383451,1,1,1,0.246253788,0.723822049,0.723822049,1,0,0,0,0
65,1.64360831,-2.64209867,-89.9579245,0.0798833997,-0.00174900513,FollowWall,following_right_wall,0,14,42,0.432061583,0.71586628,1,1,1,0.246415988,0.719835979,0.719835979,1,0,0,0,0
65.05,1.64361107,-2.64609276,-89.9630034,0.0798833997,-0.00174900513,FollowWall,following_right_wall,0,14,42,0.432061583,0.71586628,1,1,1,0.246415988,0.715849777,0.715849777,1,0,0,0,0
65.1,1.64361347,-2.65008689,-89.9680538,0.0798959621,-0.0015605684,FollowWall,following_right_wall,0,14,42,0.431622356,0.70792642,1,1,1,0.246422067,0.711863497,0.711863497,1,0,0,0,0
65.15,1.64361553,-2.65408129,-89.9728626,0.0798959621,-0.0015605684,FollowWall,following_right_wall,0,14,42,0.431622356,0.70792642,1,1,1,0.246422067,0.707876561,0.707876561,1,0,0,0,0
65.2,1.64361726,-2.65807586,-89.9775306,0.0798994041,-0.0015089381,FollowWall,following_right_wall,0,14,42,0.431190282,0.700011547,1,1,1,0.246558636,0.703889242,0.703889242,1,0,0,0,0
65.25,1.64361867,-2.66207059,-89.9820547,0.0798994041,-0.0015089381,FollowWall,following_right_wall,0,14,42,0.431190282,0.700011547,1,1,1,0.246558636,0.699901533,0.699901533,1,0,0,0,0
65.3,1.64361976,-2.66606543,-89.986495,0.0799122326,-0.00131651065,FollowWall,following_right_wall,0,14,42,0.430766732,0.692093845,1,1,1,0.246645957,0.695913596,0.695913596,1,0,0,0,0
65.35,1.64362056,-2.67006058,-89.9906566,0.0799122326,-0.00131651065,FollowWall,following_right_wall,0,14,42,0.430766732,0.692093845,1,1,1,0.246645957,0.691924902,0.691924902,1,0,0,0,0
65.4,1.64362107,-2.67405593,-89.9946557,0.0799290859,-0.00106371088,FollowWall,following_right_wall,0,14,42,0.430357248,0.684065187,1,1,1,0.246732146,0.687935767,0.687935767,1,0,0,0,0
65.45,1.64362132,-2.67805174,-89.9982582,0.0799290859,-0.00106371088,FollowWall,following_right_wall,0,14,42,0.430357248,0.684065187,1,1,1,0.246732146,0.683945554,0.683945554,1,0,0,0,0
65.5,1.64362132,-2.68204782,-90.0016293,0.079973573,-0.000396404316,FollowWall,following_right_wall,0,14,42,0.429968446,0.676010157,1,1,1,0.246578351,0.679949652,0.679949652,1,0,0,0,0
65.55,1.64362113,-2.68604498,-90.004069,0.079973573,-0.000396404316,FollowWall,following_right_wall,0,14,42,0.429968446,0.676010157,1,1,1,0.246578351,0.675948701,0.675948701,1,0,0,0,0
65.6,1.64362078,-2.69004277,-90.0059654,0.0799712259,-0.00043161166,FollowWall,following_right_wall,0,14,42,0.429617643,0.667979516,1,1,1,0.24689649,0.671947962,0.671947962,1,0,0,0,0
65.65,1.6436203,-2.69404089,-90.0075867,0.0799712259,-0.00043161166,FollowWall,following_right_wall,0,14,42,0.429617643,0.667979516,1,1,1,0.24689649,0.66794733,0.66794733,1,0,0,0,0
65.7,1.64361972,-2.69803919,-90.0090478,0.0799742238,0.000386642802,FollowWall,following_right_wall,0,14,42,0.429293871,0.659970169,1,1,1,0.24668166,0.663946761,0.663946761,1,0,0,0,0
65.75,1.64361908,-2.70203766,-90.0094385,0.0799742238,0.000386642802,FollowWall,following_right_wall,0,14,42,0.429293871,0.659970169,1,1,1,0.24668166,0.659947682,0.659947682,1,0,0,0,0
65.8,1.64361843,-2.70603623,-90.0092049,0.079924481,0.00113278494,FollowWall,following_right_wall,0,14,42,0.42901662,0.651980292,1,1,1,0.246516168,0.655949474,0.655949474,1,0,0,0,0
65.85,1.64361784,-2.71003382,-90.0077165,0.079924481,0.00113278494,FollowWall,following_right_wall,0,14,42,0.42901662,0.651980292,1,1,1,0.246516168,0.651954193,0.651954193,1,0,0,0,0
65.9,1.64361738,-2.71403084,-90.0054961,0.0799265665,0.00110150238,FollowWall,following_right_wall,0,14,42,0.428798378,0.644027661,1,1,1,0.246849686,0.647960619,0.647960619,1,0,0,0,0
65.95,1.64361708,-2.71802758,-90.002886,0.0799265665,0.00110150238,FollowWall,following_right_wall,0,14,42,0.428798378,0.644027661,1,1,1,0.246849686,0.64396794,0.64396794,1,0,0,0,0
66,1.64361698,-2.72202414,-90.0000486,0.079939189,0.000912164335,FollowWall,following_right_wall,0,14,42,0.428620428,0.636065044,1,1,1,0.247186631,0.639975782,0.639975782,1,0,0,0,0
66.05,1.64361707,-2.72602087,-89.9973047,0.079939189,0.000912164335,FollowWall,following_right_wall,0,14,42,0.428620428,0.636065044,1,1,1,0.247186631,0.635974942,0.635974942,1,0,0,0,0
66.1,1.64361735,-2.7300177,-89.9946153,0.0799701066,0.000448401159,FollowWall,following_right_wall,0,14,42,0.428467065,0.628014277,1,1,1,0.247412026,0.631973939,0.631973939,1,0,0,0,0
66.15,1.6436178,-2.73401522,-89.9925112,0.0799701066,0.000448401159,FollowWall,following_right_wall,0,14,42,0.428467065,0.628014277,1,1,1,0.247412026,0.627973146,0.627973146,1,0,0,0,0
66.2,1.64361839,-2.73801316,-89.9907485,0.0799418871,0.000871693222,FollowWall,following_right_wall,0,14,42,0.428324044,0.619991343,1,1,1,0.247121498,0.623972475,0.623972475,1,0,0,0,0
66.25,1.64361911,-2.74201074,-89.9886798,0.0799418871,0.000871693222,FollowWall,following_right_wall,0,14,42,0.428324044,0.619991343,1,1,1,0.247121498,0.619971678,0.619971678,1,0,0,0,0
66.3,1.64361997,-2.74600812,-89.9864326,0.0799012862,0.0014807064,FollowWall,following_right_wall,0,14,42,0.428212851,0.611999162,1,1,1,0.247062072,0.615970808,0.615970808,1,0,0,0,0
66.35,1.64362103,-2.75000453,-89.9833542,0.0799012862,0.0014807064,FollowWall,following_right_wall,0,14,42,0.428212851,0.611999162,1,1,1,0.247062072,0.611969611,0.611969611,1,0,0,0,0
66.4,1.64362231,-2.75400039,-89.9797911,0.0798546799,0.00217980113,FollowWall,following_right_wall,0,14,42,0.428153932,0.603997446,1,1,1,0.246867374,0.607968225,0.607968225,1,0,0,0,0
66.45,1.64362388,-2.75799494,-89.9751106,0.0798546799,0.00217980113,FollowWall,following_right_wall,0,14,42,0.428153932,0.603997446,1,1,1,0.246867374,0.603966403,0.603966403,1,0,0,0,0
66.5,1.64362581,-2.76198873,-89.9697784,0.0798148195,0.00277770713,FollowWall,following_right_wall,0,14,42,0.428159475,0.596017543,1,1,1,0.246646389,0.599964328,0.599964328,1,0,0,0,0
66.55,1.64362814,-2.76598125,-89.9633523,0.0798148195,0.00277770713,FollowWall,following_right_wall,0,14,42,0.428159475,0.596017543,1,1,1,0.246646389,0.595961826,0.595961826,1,0,0,0,0
66.6,1.64363093,-2.76997303,-89.9562881,0.0797927463,0.00310880603,FollowWall,following_right_wall,0,14,42,0.428232223,0.588071314,1,1,1,0.246505037,0.591959077,0.591959077,1,0,0,0,0
66.65,1.64363425,-2.77396392,-89.9484564,0.0797927463,0.00310880603,FollowWall,following_right_wall,0,14,42,0.428232223,0.588071314,1,1,1,0.246505037,0.58795603,0.58795603,1,0,0,0,0
66.7,1.64363813,-2.77795428,-89.9401771,0.0798009171,0.00298624317,FollowWall,following_right_wall,0,14,42,0.428364843,0.580080181,1,1,1,0.246577159,0.583952811,0.583952811,1,0,0,0,0
66.75,1.64364259,-2.78194452,-89.9317829,0.0798009171,0.00298624317,FollowWall,following_right_wall,0,14,42,0.428364843,0.580080181,1,1,1,0.246577159,0.579949547,0.579949547,1,0,0,0,0
66.8,1.64364763,-2.78593467,-89.9233218,0.0797752417,0.00337137439,FollowWall,following_right_wall,0,14,42,0.428539187,0.572026609,1,1,1,0.246250108,0.57594626,0.57594626,1,0,0,0,0
66.85,1.64365328,-2.78992424,-89.9143618,0.0797752417,0.00337137439,FollowWall,following_right_wall,0,14,42,0.428539187,0.572026609,1,1,1,0.246250108,0.57194278,0.57194278,1,0,0,0,0
66.9,1.64365957,-2.79391347,-89.9051109,0.0797669182,0.00349622727,FollowWall,following_right_wall,0,14,42,0.428761721,0.564003283,1,1,1,0.246023193,0.567939188,0.567939188,1,0,0,0,0
66.95,1.64366651,-2.79790233,-89.8955412,0.0797669182,0.00349622727,FollowWall,following_right_wall,0,14,42,0.428761721,0.564003283,1,1,1,0.246023193,0.563935475,0.563935475,1,0,0,0,0
67,1.64367412,-2.80189097,-89.8857856,0.0798223711,0.00266443396,FollowWall,following_right_wall,0,14,42,0.42903024,0.556010441,1,1,1,0.246359617,0.559931692,0.559931692,1,0,0,0,0
67.05,1.64368238,-2.80588064,-89.8769143,0.0798223711,0.00266443396,FollowWall,following_right_wall,0,14,42,0.42903024,0.556010441,1,1,1,0.246359617,0.555928255,0.555928255,1,0,0,0,0
67.1,1.64369125,-2.80987091,-89.868559,0.0798717397,0.00192390515,FollowWall,following_right_wall,0,14,42,0.429311872,0.548047787,1,1,1,0.246609405,0.55192502,0.55192502,1,0,0,0,0
67.15,1.64370065,-2.81386255,-89.8613886,0.0798717397,0.00192390515,FollowWall,following_right_wall,0,14,42,0.429311872,0.548047787,1,1,1,0.246609405,0.547922248,0.547922248,1,0,0,0,0
67.2,1.64371054,-2.817855,-89.8549094,0.0798969649,0.0015455258,FollowWall,following_right_wall,0,14,42,0.429590255,0.540114786,1,1,1,0.246614501,0.543919745,0.543919745,1,0,0,0,0
67.25,1.64372085,-2.82184844,-89.849285,0.0798969649,0.0015455258,FollowWall,following_right_wall,0,14,42,0.429590255,0.540114786,1,1,1,0.246614501,0.539917576,0.539917576,1,0,0,0,0
67.3,1.64373153,-2.82584247,-89.8441592,0.0799445002,0.000832496697,FollowWall,following_right_wall,0,14,42,0.429870605,0.532210905,1,1,1,0.246826276,0.535915601,0.535915601,1,0,0,0,0
67.35,1.64374254,-2.82983782,-89.8401755,0.0799445002,0.000832496697,FollowWall,following_right_wall,0,14,42,0.429870605,0.532210905,1,1,1,0.246826276,0.531914071,0.531914071,1,0,0,0,0
67.4,1.6437538,-2.83383394,-89.8368579,0.0799947292,7.90615546e-05,FollowWall,following_right_wall,0,14,42,0.430145562,0.523919959,1,1,1,0.247058451,0.5279128,0.5279128,1,0,0,0,0
67.45,1.64376525,-2.83783156,-89.8348283,0.0799947292,7.90615546e-05,FollowWall,following_right_wall,0,14,42,0.430145562,0.523919959,1,1,1,0.247058451,0.523912029,0.523912029,1,0,0,0,0
67.5,1.64377682,-2.84183006,-89.83355,0.0799738518,-0.000392223373,FollowWall,following_right_wall,0,14,42,0.430407465,0.51592053,1,1,1,0.247107491,0.51991155,0.51991155,1,0,0,0,0
67.55,1.64378845,-2.84582863,-89.8332725,0.0799738518,-0.000392223373,FollowWall,following_right_wall,0,14,42,0.430407465,0.51592053,1,1,1,0.247107491,0.515912549,0.515912549,1,0,0,0,0
67.6,1.64380007,-2.84982724,-89.8335788,0.0799346688,-0.000979968062,FollowWall,following_right_wall,0,14,42,0.430660516,0.507956003,1,1,1,0.247228578,0.511914409,0.511914409,1,0,0,0,0
67.65,1.64381164,-2.85382507,-89.8349272,0.0799346688,-0.000979968062,FollowWall,following_right_wall,0,14,42,0.430660516,0.507956003,1,1,1,0.247228578,0.507918678,0.507918678,1,0,0,0,0
67.7,1.64382309,-2.85782243,-89.8368836,0.0798986181,-0.00152072914,FollowWall,following_right_wall,0,14,42,0.430902839,0.500028956,1,1,1,0.247315407,0.50392435,0.50392435,1,0,0,0,0
67.75,1.64383436,-2.86181877,-89.83984,0.0798986181,-0.00152072914,FollowWall,following_right_wall,0,14,42,0.430902839,0.500028956,1,1,1,0.247315407,0.499932593,0.499932593,1,0,0,0,0
67.8,1.64384541,-2.86581452,-89.8433798,0.0798881958,-0.00167706356,FollowWall,following_right_wall,0,14,42,0.431132644,0.492138499,1,1,1,0.24699147,0.495942337,0.495942337,1,0,0,0,0
67.85,1.64385619,-2.86980971,-89.8474466,0.0798881958,-0.00167706356,FollowWall,following_right_wall,0,14,42,0.431132644,0.492138499,1,1,1,0.24699147,0.491953461,0.491953461,1,0,0,0,0
67.9,1.64386667,-2.87380456,-89.8518207,0.0798526747,-0.0022098802,FollowWall,following_right_wall,0,14,42,0.431360096,0.48416281,1,1,1,0.246670112,0.487965391,0.487965391,1,0,0,0,0
67.95,1.64387682,-2.87779849,-89.8570101,0.0798526747,-0.0022098802,FollowWall,following_right_wall,0,14,42,0.431360096,0.48416281,1,1,1,0.246670112,0.483979518,0.483979518,1,0,0,0,0
68,1.64388659,-2.88179187,-89.8626751,0.0797786723,-0.00331991497,FollowWall,following_right_wall,0,14,42,0.431577832,0.476120583,1,1,1,0.24676232,0.479994925,0.479994925,1,0,0,0,0
68.05,1.6438959,-2.8857834,-89.8699426,0.0797786723,-0.00331991497,FollowWall,following_right_wall,0,14,42,0.431577832,0.476120583,1,1,1,0.24676232,0.476014678,0.476014678,1,0,0,0,0
68.1,1.64390467,-2.88977384,-89.8781448,0.0797351698,-0.0039724531,FollowWall,following_right_wall,0,14,42,0.43176043,0.468118623,1,1,1,0.246994495,0.472036965,0.472036965,1,0,0,0,0
68.15,1.64391283,-2.89376274,-89.8876711,0.0797351698,-0.0039724531,FollowWall,following_right_wall,0,14,42,0.43176043,0.468118623,1,1,1,0.246994495,0.468062845,0.468062845,1,0,0,0,0
68.2,1.64392029,-2.89775075,-89.89797,0.0797208272,-0.00418759164,FollowWall,following_right_wall,0,14,42,0.431907266,0.460156281,1,1,1,0.247138277,0.464090821,0.464090821,1,0,0,0,0
68.25,1.643927,-2.90173794,-89.9089762,0.0797208272,-0.00418759164,FollowWall,following_right_wall,0,14,42,0.431907266,0.460156281,1,1,1,0.247138277,0.460120718,0.460120718,1,0,0,0,0
68.3,1.64393294,-2.90572465,-89.920395,0.0797487103,-0.00376934504,FollowWall,following_right_wall,0,14,42,0.432033002,0.452229247,1,1,1,0.246954635,0.456151736,0.456151736,1,0,0,0,0
68.35,1.64393809,-2.90971166,-89.9315554,0.0797487103,-0.00376934504,FollowWall,following_right_wall,0,14,42,0.432033002,0.452229247,1,1,1,0.246954635,0.452182051,0.452182051,1,0,0,0,0
68.4,1.64394247,-2.91369885,-89.9425649,0.0797319475,-0.00402078724,FollowWall,following_right_wall,0,14,42,0.432164013,0.444330317,1,1,1,0.247255176,0.448211958,0.448211958,1,0,0,0,0
68.45,1.64394608,-2.91768579,-89.9537866,0.0797319475,-0.00402078724,FollowWall,following_right_wall,0,14,42,0.432164013,0.444330317,1,1,1,0.247255176,0.444242441,0.444242441,1,0,0,0,0
68.5,1.6439489,-2.92167258,-89.965132,0.0797698045,-0.00345293222,FollowWall,following_right_wall,0,14,42,0.43229118,0.436433236,1,1,1,0.247078493,0.440273261,0.440273261,1,0,0,0,0
68.55,1.64395095,-2.92566009,-89.9758718,0.0797698045,-0.00345293222,FollowWall,following_right_wall,0,14,42,0.43229118,0.436433236,1,1,1,0.247078493,0.436302437,0.436302437,1,0,0,0,0
68.6,1.64395227,-2.929648,-89.9862583,0.0798069435,-0.0028958469,FollowWall,following_right_wall,0,14,42,0.432430655,0.428452944,1,1,1,0.246941298,0.432330654,0.432330654,1,0,0,0,0
68.65,1.64395289,-2.93363693,-89.9957738,0.0798069435,-0.0028958469,FollowWall,following_right_wall,0,14,42,0.432430655,0.428452944,1,1,1,0.246941298,0.428356505,0.428356505,1,0,0,0,0
68.7,1.64395288,-2.93762645,-90.0047812,0.0798379586,-0.0024306216,FollowWall,following_right_wall,0,14,42,0.432592005,0.420473651,1,1,1,0.246880993,0.424366124,0.424366124,1,0,0,0,0
68.75,1.64395226,-2.94161696,-90.0129368,0.0798379586,-0.0024306216,FollowWall,following_right_wall,0,14,42,0.432592005,0.420473651,1,1,1,0.246880993,0.420362946,0.420362946,1,0,0,0,0
68.8,1.64395109,-2.94560805,-90.0205956,0.0798996336,-0.00150549546,FollowWall,following_right_wall,0,14,42,0.432774305,0.412438184,1,1,1,0.246535122,0.416359962,0.416359962,1,0,0,0,0
68.85,1.64394944,-2.94960076,-90.0268603,0.0798996336,-0.00150549546,FollowWall,following_right_wall,0,14,42,0.432774305,0.412438184,1,1,1,0.246535122,0.412357522,0.412357522,1,0,0,0,0
68.9,1.64394738,-2.95359442,-90.0323117,0.0799135744,-0.00129638443,FollowWall,following_right_wall,0,14,42,0.432989627,0.404406003,1,1,1,0.246654347,0.4083554,0.4083554,1,0,0,0,0
68.95,1.64394496,-2.95758891,-90.0370392,0.0799135744,-0.00129638443,FollowWall,following_right_wall,0,14,42,0.432989627,0.404406003,1,1,1,0.246654347,0.40435356,0.40435356,1,0,0,0,0
69,1.64394222,-2.9615839,-90.0413443,0.0799085952,-0.00137107254,FollowWall,following_right_wall,0,14,42,0.433221966,0.39640262,1,1,1,0.246975452,0.400351885,0.400351885,1,0,0,0,0
69.05,1.6439392,-2.96557908,-90.0454922,0.0799085952,-0.00137107254,FollowWall,following_right_wall,0,14,42,0.433221966,0.39640262,1,1,1,0.246975452,0.396350271,0.396350271,1,1,0,0,0
69.1,1.64393588,-2.96957436,-90.0495484,0.0799539141,-0.000691288596,FollowWall,following_right_wall,0,14,42,0.43345046,0.388429075,1,1,1,0.246841595,0.392348693,0.392348693,1,1,0,0,0
69.15,1.64393232,-2.97357064,-90.0527397,0.0799539141,-0.000691288596,FollowWall,following_right_wall,0,14,42,0.43345046,0.388429075,1,1,1,0.246841595,0.388347453,0.388347453,1,1,0,0,0
69.2,1.64392854,-2.97756751,-90.0554265,0.0799840225,-0.00023966266,FollowWall,following_right_wall,0,14,42,0.433688074,0.38042778,1,1,1,0.246875346,0.384346409,0.384346409,1,1,0,0,0
69.25,1.64392461,-2.98156535,-90.0572798,0.0799840225,-0.00023966266,FollowWall,following_right_wall,0,14,42,0.433688074,0.38042778,1,1,1,0.246875346,0.38034569,0.38034569,1,1,0,0,0
69.3,1.64392057,-2.98556376,-90.058647,0.0799888149,-0.000167776774,FollowWall,following_right_wall,0,14,42,0.433936387,0.372442864,1,1,1,0.24717091,0.37634516,0.37634516,1,1,0,0,0
69.35,1.64391644,-2.9895626,-90.0596448,0.0799888149,-0.000167776774,FollowWall,following_right_wall,0,14,42,0.433936387,0.372442864,1,1,1,0.24717091,0.372344774,0.372344774,1,1,0,0,0
69.4,1.64391225,-2.99356169,-90.0604271,0.0799962928,-5.5608018e-05,FollowWall,following_right_wall,0,14,42,0.434181392,0.364488333,1,1,1,0.247466937,0.368344472,0.368344472,1,1,0,0,0
69.45,1.64390801,-2.99756107,-90.0609499,0.0799962928,-5.5608018e-05,FollowWall,following_right_wall,0,14,42,0.434181392,0.364488333,1,1,1,0.247466937,0.364344271,0.364344271,1,1,0,0,0
69.5,1.64390374,-3.00156064,-90.0613212,0.079963203,0.000551954948,FollowWall,following_right_wall,0,14,42,0.426802695,0.356482441,1,1,1,0.247467875,0.360344128,0.360344128,1,1,0,0,0
69.55,1.64389948,-3.00555962,-90.0608789,0.079963203,0.000551954948,FollowWall,following_right_wall,0,14,42,0.426802695,0.356482441,1,1,1,0.247467875,0.356345836,0.356345836,1,1,0,0,0
69.6,1.64389526,-3.00955826,-90.0599621,0.0799670966,0.000493550915,FollowWall,following_right_wall,0,14,42,0.418762624,0.348437596,1,1,1,0.247624978,0.352348622,0.352348622,1,1,0,0,0
69.65,1.64389112,-3.01355678,-90.0588381,0.0799670966,0.000493550915,FollowWall,following_right_wall,0,14,42,0.418762624,0.348437596,1,1,1,0.247624978,0.348351849,0.348351849,1,1,0,0,0
69.7,1.64388706,-3.01755522,-90.0575934,0.0799832125,0.000251813082,FollowWall,following_right_wall,0,14,42,0.410753191,0.340424184,1,1,1,0.24775444,0.344355332,0.344355332,1,1,0,0,0
69.75,1.64388307,-3.02155397,-90.0565667,0.0799832125,0.000251813082,FollowWall,following_right_wall,0,14,42,0.410753191,0.340424184,1,1,1,0.24775444,0.340358181,0.340358181,1,1,0,0,0
69.8,1.64387915,-3.02555289,-90.0556672,0.0799574862,0.000637707423,FollowWall,following_right_wall,0,14,42,0.40277347,0.332439633,1,1,1,0.247518942,0.33636066,0.33636066,1,1,0,0,0
69.85,1.64387532,-3.02955137,-90.0543813,0.0799574862,0.000637707423,FollowWall,following_right_wall,0,14,42,0.40277347,0.332439633,1,1,1,0.247518942,0.332364175,0.332364175,1,1,0,0,0
69.9,1.64387157,-3.0335496,-90.05287,0.0798872093,0.00169186006,FollowWall,following_right_wall,0,14,42,0.394824594,0.324486691,1,1,1,0.247169539,0.328368293,0.328368293,1,1,0,0,0
69.95,1.64386799,-3.03754621,-90.0499688,0.0798872093,0.00169186006,FollowWall,following_right_wall,0,14,42,0.394824594,0.324486691,1,1,1,0.247169539,0.324376182,0.324376182,1,1,0,0,0
70,1.64386463,-3.04154189,-90.046257,0.0798320411,0.00251938309,FollowWall,following_right_wall,0,14,42,0.386801839,0.316516527,1,1,1,0.246874064,0.32038627,0.32038627,1,1,0,0,0
70.05,1.64386159,-3.04553587,-90.0410845,0.0798320411,0.00251938309,FollowWall,following_right_wall,0,14,42,0.386801839,0.316516527,1,1,1,0.246874064,0.316400324,0.316400324,1,1,0,0,0
70.1,1.64385893,-3.04952886,-90.0350599,0.0798130053,0.00280491985,FollowWall,following_right_wall,0,14,42,0.378757477,0.308491559,1,1,1,0.24682878,0.312416692,0.312416692,1,1,0,0,0
70.15,1.64385673,-3.05352087,-90.0281974,0.0798130053,0.00280491985,FollowWall,following_right_wall,0,14,42,0.378757477,0.308491559,1,1,1,0.24682878,0.308435335,0.308435335,1,1,0,0,0
70.2,1.64385502,-3.05751231,-90.0208462,0.0798019107,0.00297133909,FollowWall,following_right_wall,0,14,42,0.370747268,0.300486975,1,1,1,0.246774271,0.304455307,0.304455307,1,1,0,0,0
70.25,1.64385384,-3.0615032,-90.0130112,0.0798019107,0.00297133909,FollowWall,following_right_wall,0,14,42,0.370747268,0.300486975,1,1,1,0.246774271,0.300476592,0.300476592,1,1,0,0,0
70.3,1.64385322,-3.06549375,-90.004894,0.0797953637,0.00306954402,FollowWall,following_right_wall,0,14,42,0.362769485,0.292514792,1,1,1,0.246693611,0.296498645,0.296498645,1,1,0,0,0
70.35,1.64385317,-3.06948398,-89.996495,0.0797953637,0.00306954402,FollowWall,following_right_wall,0,14,42,0.362769485,0.292514792,1,1,1,0.246693611,0.292510576,0.292510576,1,1,0,0,0
70.4,1.64385371,-3.07347402,-89.9879316,0.0797875338,0.0031869937,FollowWall,following_right_wall,0,14,42,0.354822993,0.28457388,1,1,1,0.246538013,0.288507239,0.288507239,1,1,0,0,0
70.45,1.64385486,-3.07746378,-89.979132,0.0797875338,0.0031869937,FollowWall,following_right_wall,0,14,42,0.354822993,0.28457388,1,1,1,0.246538013,0.28450381,0.28450381,1,1,0,0,0
70.5,1.64385662,-3.08145338,-89.9701948,0,0.6,TurnLeft,avoiding_front_obstacle,0,14,42,0.346907139,0.276643159,1,1,1,0.246790141,0.28050033,0.28050033,1,1,0,0,0
70.55,1.64387249,-3.08378059,-89.2487841,0,0.6,TurnLeft,avoiding_front_obstacle,0,14,42,0.346907139,0.276643159,1,1,1,0.246790141,0.277055813,0.277055813,1,1,0,0,0
70.6,1.64390375,-3.0851378,-88.111764,0,0.6,TurnLeft,avoiding_front_obstacle,0,14,42,0.343377352,0.270369818,1,1,1,0.24595128,0.273950283,0.273950283,1,1,0,0,0
70.65,1.64393937,-3.08592892,-86.732305,0,0.6,TurnLeft,avoiding_front_obstacle,0,14,42,0.343377352,0.270369818,1,1,1,0.24595128,0.271059765,0.271059765,1,1,0,0,0
70.7,1.64397182,-3.08638973,-85.2114234,0,0.6,TurnLeft,avoiding_front_obstacle,0,14,42,0.341739684,0.264797726,1,1,1,0.244908586,0.268313263,0.268313263,1,1,0,0,0
70.75,1.64399807,-3.08665792,-83.6080452,0,0.6,TurnLeft,avoiding_front_obstacle,0,14,42,0.341739684,0.264797726,1,1,1,0.244908586,0.265669989,0.265669989,1,1,0,0,0
70.8,1.64401782,-3.08681387,-81.956544,0,0.6,TurnLeft,avoiding_front_obstacle,0,14,42,0.341078997,0.26058639,1,1,1,0.243410379,0.263106721,0.263106721,1,1,0,0,0
70.85,1.64403198,-3.08690446,-80.276971,0,0.6,TurnLeft,avoiding_front_obstacle,0,14,42,0.341078997,0.26058639,1,1,1,0.243410379,0.260610569,0.260610569,1,1,0,0,0
70.9,1.64404179,-3.08695704,-78.5810229,0,0.6,TurnLeft,avoiding_front_obstacle,0,14,42,0.340500176,0.257616564,1,1,1,0.242742404,0.258174744,0.258174744,1,1,0,0,0
70.95,1.64404843,-3.08698753,-76.8755226,0,0.6,TurnLeft,avoiding_front_obstacle,0,14,42,0.340500176,0.257616564,1,1,1,0.242742404,0.255796068,0.255796068,1,1,0,0,0
71,1.64405282,-3.08700519,-75.1644502,0,0.6,TurnLeft,avoiding_front_obstacle,0,14,42,0.340326637,0.255799784,1,0,1,0.24450095,0.25347349,0.25347349,1,1,0,0,0
71.05,1.6440557,-3.08701542,-73.4501273,0,0.6,TurnLeft,avoiding_front_obstacle,0,14,42,0.340326637,0.255799784,1,0,1,0.24450095,0.251207208,0.251207208,1,1,0,0,0
71.1,1.64405755,-3.08702132,-71.7339084,0,0.6,TurnLeft,avoiding_front_obstacle,0,14,42,0.339531422,0.254742814,1,0,1,0.247482598,0.248998136,0.248998136,1,1,0,0,0
71.15,1.64405873,-3.08702474,-70.0165835,0,0.6,TurnLeft,avoiding_front_obstacle,0,14,42,0.339531422,0.254742814,1,0,1,0.247482598,0.246847597,0.246847597,1,1,0,0,0
71.2,1.64405948,-3.08702671,-68.2986134,0,0.6,TurnLeft,avoiding_front_obstacle,0,14,42,0.33885175,0.254405277,1,0,1,0.251560271,0.244757132,0.244757132,1,1,0,0,0
71.25,1.64405995,-3.08702784,-66.5802669,0,0.6,TurnLeft,avoiding_front_obstacle,0,14,42,0.33885175,0.254405277,1,0,1,0.251560271,0.242728389,0.242728389,1,1,0,0,0
71.3,1.64406025,-3.0870285,-64.8617009,0,0.6,TurnLeft,avoiding_front_obstacle,0,14,42,0.338381201,0.256091858,1,0,1,0.256584376,0.240763057,0.240763057,1,1,0,0,0
71.35,1.64406043,-3.08702887,-63.1430068,0,0.6,TurnLeft,avoiding_front_obstacle,0,14,42,0.338381201,0.256091858,1,0,1,0.256584376,0.238862824,0.238862824,1,1,0,0,0
71.4,1.64406055,-3.08702909,-61.424238,0,0.6,TurnLeft,avoiding_front_obstacle,0,14,42,0.337126106,0.258316118,1,0,1,0.262769014,0.23702935,0.23702935,1,1,0,0,0
71.45,1.64406062,-3.08702921,-59.7054256,0,0.6,TurnLeft,avoiding_front_obstacle,0,14,42,0.337126106,0.258316118,1,0,1,0.262769014,0.235264259,0.235264259,1,1,0,0,0
71.5,1.64406066,-3.08702928,-57.9865878,0,0.6,TurnLeft,avoiding_front_obstacle,0,14,42,0.336380064,0.261698893,1,0,1,0.270419002,0.233569122,0.233569122,1,1,0,0,0
71.55,1.64406068,-3.08702932,-56.2677352,0,0.6,TurnLeft,avoiding_front_obstacle,0,14,42,0.336380064,0.261698893,1,0,1,0.270419002,0.231945454,0.231945454,1,1,0,0,0
71.6,1.6440607,-3.08702935,-54.5488739,0,0.6,TurnLeft,avoiding_front_obstacle,0,14,42,0.335625023,0.26631219,1,0,1,0.279759079,0.230394712,0.230394712,1,1,0,0,0
71.65,1.64406071,-3.08702936,-52.8300076,0,0.6,TurnLeft,avoiding_front_obstacle,0,14,42,0.335625023,0.26631219,1,0,1,0.279759079,0.228918287,0.228918287,1,1,0,0,0
71.7,1.64406072,-3.08702937,-51.1111383,0,0.6,TurnLeft,avoiding_front_obstacle,0,14,42,0.335999459,0.272255131,1,0,1,0.291082054,0.227517507,0.227517507,1,1,0,0,0
71.75,1.64406072,-3.08702937,-49.3922674,0,0.6,TurnLeft,avoiding_front_obstacle,0,14,42,0.335999459,0.272255131,1,0,1,0.291082054,0.22619363,0.22619363,1,1,0,0,0
71.8,1.64406072,-3.08702938,-47.6733954,0,0.6,TurnLeft,avoiding_front_obstacle,0,14,42,0.337521076,0.279659084,1,0,1,0.304772824,0.224947848,0.224947848,1,1,0,0,0
71.85,1.64406072,-3.08702938,-45.9545228,0,0.6,TurnLeft,avoiding_front_obstacle,0,14,42,0.337521076,0.279659084,1,0,1,0.304772824,0.22378128,0.22378128,1,1,0,0,0
71.9,1.64406072,-3.08702938,-44.2356499,0,0.6,TurnLeft,avoiding_front_obstacle,0,14,42,0.340229094,0.292135079,1,0,1,0.321343631,0.222694978,0.222694978,1,1,0,0,0
71.95,1.64406072,-3.08702938,-42.5167768,0,0.6,TurnLeft,avoiding_front_obstacle,0,14,42,0.340229094,0.292135079,1,0,1,0.321343631,0.221689917,0.221689917,1,1,0,0,0
72,1.64406072,-3.08702938,-40.7979036,0,0.6,TurnLeft,avoiding_front_obstacle,0,14,42,0.344186038,0.313840071,1,0,1,0.341487676,0.220767003,0.220767003,1,1,0,0,0
72.05,1.64406072,-3.08702938,-39.0790303,0,0.6,TurnLeft,avoiding_front_obstacle,0,14,42,0.344186038,0.313840071,1,0,1,0.341487676,0.219927067,0.219927067,1,1,0,0,0
72.1,1.64406072,-3.08702938,-37.360157,0,0.6,TurnLeft,avoiding_front_obstacle,0,14,42,0.349480838,0.331501494,1,0,1,0.358176529,0.219170863,0.219170863,1,1,0,0,0
72.15,1.64406073,-3.08702938,-35.6412836,0,0.6,TurnLeft,avoiding_front_obstacle,0,14,42,0.349480838,0.331501494,1,0,1,0.358176529,0.218499072,0.218499072,1,1,0,0,0
72.2,1.64406073,-3.08702938,-33.9224102,0,0.6,TurnLeft,avoiding_front_obstacle,0,14,42,0.356233507,0.349916623,1,0,1,0.358081281,0.2179123,0.2179123,1,1,0,0,0
72.25,1.64406073,-3.08702938,-32.2035369,0,0.6,TurnLeft,avoiding_front_obstacle,0,14,42,0.356233507,0.349916623,1,0,1,0.358081281,0.217411074,0.217411074,1,1,0,0,0
72.3,1.64406073,-3.08702938,-30.4846635,0,0.6,TurnLeft,avoiding_front_obstacle,0,14,42,0.364601344,0.393804946,1,0,1,0.357441396,0.216995845,0.216995845,1,1,0,0,0
72.35,1.64406073,-3.08702938,-28.7657901,0,0.6,TurnLeft,avoiding_front_obstacle,0,14,42,0.364601344,0.393804946,1,0,1,0.357441396,0.216666986,0.216666986,1,1,0,0,0
72.4,1.64406073,-3.08702938,-27.0469167,0,0.6,TurnLeft,avoiding_front_obstacle,0,14,42,0.374305248,0.426398709,1,0,1,0.354507208,0.216424795,0.216424795,1,1,0,0,0
72.45,1.64406073,-3.08702938,-25.3280433,0,0.6,TurnLeft,avoiding_front_obstacle,0,14,42,0.374305248,0.426398709,1,0,1,0.354507208,0.216269488,0.216269488,1,1,0,0,0
72.5,1.64406073,-3.08702938,-23.6091699,0,0.6,TurnLeft,avoiding_front_obstacle,0,14,42,0.385991454,0.488082734,1,0,1,0.352249295,0.216201206,0.216201206,1,1,0,0,0
72.55,1.64406073,-3.08702938,-21.8902966,0,0.6,TurnLeft,avoiding_front_obstacle,0,14,42,0.385991454,0.488082734,1,0,1,0.352249295,0.216220009,0.216201206,1,1,0,0,0
72.6,1.64406073,-3.08702938,-20.1714232,0,0.6,TurnLeft,avoiding_front_obstacle,0,14,42,0.400018334,0.512395335,1,0,1,0.345808357,0.216325882,0.216201206,1,1,0,0,0
72.65,1.64406073,-3.08702938,-18.4525498,0,0.6,TurnLeft,avoiding_front_obstacle,0,14,42,0.400018334,0.512395335,1,0,1,0.345808357,0.216518729,0.216201206,1,1,0,0,0
72.7,1.64406073,-3.08702938,-16.7336764,0,0.6,TurnLeft,avoiding_front_obstacle,0,14,42,0.416803539,0.50782178,1,0,1,0.337513328,0.216798375,0.216201206,1,1,0,0,0
72.75,1.64406073,-3.08702938,-15.014803,0,0.6,TurnLeft,avoiding_front_obstacle,0,14,42,0.416803539,0.50782178,1,0,1,0.337513328,0.21716457,0.216201206,1,1,0,0,0
72.8,1.64406073,-3.08702938,-13.2959296,0,0.6,TurnLeft,avoiding_front_obstacle,0,14,42,0.436894983,0.505287307,1,0,1,0.330020696,0.217616984,0.216201206,1,1,0,0,0
72.85,1.64406073,-3.08702938,-11.5770562,0,0.6,TurnLeft,avoiding_front_obstacle,0,14,42,0.436894983,0.505287307,1,0,1,0.330020696,0.21815521,0.216201206,1,1,0,0,0
72.9,1.64406073,-3.08702938,-9.85818286,0,0.6,TurnLeft,avoiding_front_obstacle,0,14,42,0.460543662,0.504741732,1,0,1,0.324104488,0.218778764,0.216201206,1,1,0,0,0
72.95,1.64406073,-3.08702938,-8.13930948,0,0.6,TurnLeft,avoiding_front_obstacle,0,14,42,0.460543662,0.504741732,1,0,1,0.324104488,0.219487083,0.216201206,1,1,0,0,0
73,1.64406073,-3.08702938,-6.42043609,0,0.6,TurnLeft,avoiding_front_obstacle,0,14,42,0.488547713,0.506171144,1,0,1,0.320454538,0.220279532,0.216201206,1,1,0,0,0
73.05,1.64406073,-3.08702938,-4.70156271,0,0.6,TurnLeft,avoiding_front_obstacle,0,14,42,0.488547713,0.506171144,1,0,1,0.320454538,0.221155396,0.216201206,1,1,0,0,0
73.1,1.64406073,-3.08702938,-2.98268932,0,0.6,TurnLeft,avoiding_front_obstacle,0,14,42,0.522603989,0.509597554,1,0,1,0.318679959,0.222113888,0.216201206,1,1,0,0,0
73.15,1.64406073,-3.08702938,-1.26381594,0,0.6,TurnLeft,avoiding_front_obstacle,0,14,42,0.522603989,0.509597554,1,0,1,0.318679959,0.223154145,0.216201206,1,1,0,0,0
73.2,1.64406073,-3.08702938,0.455057449,0,0.6,TurnLeft,avoiding_front_obstacle,0,14,42,0.564504504,0.513428923,1,0,1,0.316359878,0.223163327,0.216201206,1,1,0,0,0
73.25,1.64406073,-3.08702938,2.17393083,0,0.6,TurnLeft,avoiding_front_obstacle,0,14,42,0.564504504,0.513428923,1,0,1,0.316359878,0.220165495,0.216201206,1,1,0,0,0
73.3,1.64406073,-3.08702938,3.89280422,0,0.6,TurnLeft,avoiding_front_obstacle,0,14,42,0.584336758,0.508782684,1,0,1,0.314694643,0.217251182,0.216201206,1,1,0,0,0
73.35,1.64406073,-3.08702938,5.61167761,0,0.6,TurnLeft,avoiding_front_obstacle,0,14,42,0.584336758,0.508782684,1,0,1,0.314694643,0.214423009,0.214423009,1,1,0,0,0
73.4,1.64406073,-3.08702938,7.33055099,0,0.6,TurnLeft,avoiding_front_obstacle,0,14,42,0.583725393,0.50587796,1,0,1,0.313087404,0.211683523,0.211683523,1,1,0,0,0
73.45,1.64406073,-3.08702938,9.04942438,0,0.6,TurnLeft,avoiding_front_obstacle,0,14,42,0.583725393,0.50587796,1,0,1,0.313087404,0.209035188,0.209035188,1,1,0,0,0
73.5,1.64406073,-3.08702938,10.7682978,0,0,FollowWall,front_obstacle_cleared,0,14,42,0.583866298,0.504960843,1,1,1,0.313745022,0.206480388,0.206480388,1,1,0,0,0
73.55,1.64406073,-3.08702938,11.7709739,0.0571171675,-0.343242488,FollowWall,following_right_wall,0,14,42,0.583866298,0.504960843,1,1,1,0.313745022,0.205034201,0.205034201,1,1,0,0,0
73.6,1.64522527,-3.08678485,11.9461528,0.0563990722,-0.354013918,FollowWall,following_right_wall,0,14,42,0.582799256,0.503910076,1,1,1,0.315066963,0.205029444,0.205029444,1,1,0,0,0
73.65,1.64705498,-3.08640307,11.6257675,0.0563990722,-0.354013918,FollowWall,following_right_wall,0,14,42,0.582799256,0.503910076,1,1,1,0.315066963,0.205867906,0.205029444,1,1,0,0,0
73.7,1.6492762,-3.08595838,11.0163031,0.057210298,-0.34184553,FollowWall,following_right_wall,0,14,42,0.578505754,0.499682061,1,1,1,0.315379143,0.207190629,0.205029444,1,1,0,0,0
73.75,1.65174633,-3.08549457,10.2527341,0.057210298,-0.34184553,FollowWall,following_right_wall,0,14,42,0.578505754,0.499682061,1,1,1,0.315379143,0.208771536,0.205029444,1,1,0,0,0
73.8,1.65436532,-3.08504097,9.39927083,0.0585681983,-0.321477026,FollowWall,following_right_wall,0,14,42,0.573422432,0.494676272,1,1,1,0.315464616,0.21049596,0.205029444,1,1,0,0,0
73.85,1.65710218,-3.08460952,8.51768233,0.0585681983,-0.321477026,FollowWall,following_right_wall,0,14,42,0.573422432,0.494676272,1,1,1,0.315464616,0.212264437,0.205029444,1,1,0,0,0
73.9,1.65991048,-3.08421141,7.61968743,0.0603967399,-0.294048901,FollowWall,following_right_wall,0,14,42,0.56816417,0.489741388,1,1,1,0.316170484,0.214049568,0.205029444,1,1,0,0,0
73.95,1.66280045,-3.08384723,6.74486206,0.0603967399,-0.294048901,FollowWall,following_right_wall,0,14,42,0.56816417,0.489741388,1,1,1,0.316170484,0.215789011,0.205029444,1,1,0,0,0
74,1.66573993,-3.08352197,5.88355223,0.0609988018,-0.285017974,FollowWall,following_right_wall,0,14,42,0.562707424,0.485017044,1,1,1,0.31753099,0.217491145,0.205029444,1,1,0,0,0
74.05,1.66872229,-3.08323678,5.04090636,0.0609988018,-0.285017974,FollowWall,following_right_wall,0,14,42,0.562707424,0.485017044,1,1,1,0.31753099,0.219145019,0.205029444,1,1,0,0,0
74.1,1.67173091,-3.08299339,4.20914778,0.05,-0.102016881,FollowWall,following_with_distance_only,0,14,42,0.556575119,0.480558356,1,0,1,0.318011254,0.220760123,0.205029444,1,1,0,0,0
74.15,1.67452684,-3.08280251,3.6021816,0.05,-0.102016881,FollowWall,following_with_distance_only,0,14,42,0.556575119,0.480558356,1,0,1,0.318011254,0.221964817,0.205029444,1,1,0,0,0
74.2,1.67719864,-3.08264545,3.12634431,0.05,-0.104187056,FollowWall,following_with_distance_only,0,14,42,0.550908267,0.476331281,1,0,1,0.319458038,0.222924144,0.205029444,1,1,0,0,0
74.25,1.67979816,-3.08251261,2.72440842,0.05,-0.104187056,FollowWall,following_with_distance_only,0,14,42,0.550908267,0.476331281,1,0,1,0.319458038,0.223739727,0.205029444,1,1,0,0,0
74.3,1.68235567,-3.08239893,2.36558168,0.05,-0.105466694,FollowWall,following_with_distance_only,0,14,42,0.545754075,0.472169768,1,0,1,0.320311129,0.224466818,0.205029444,1,1,0,0,0
74.35,1.68488882,-3.08230171,2.03037449,0.05,-0.105466694,FollowWall,following_with_distance_only,0,14,42,0.545754075,0.472169768,1,0,1,0.320311129,0.225140381,0.205029444,1,1,0,0,0
74.4,1.68740791,-3.08221947,1.70894537,0.05,-0.106194466,FollowWall,following_with_distance_only,0,14,42,0.540801167,0.468058499,1,0,1,0.320796311,0.225778236,0.205029444,1,1,0,0,0
74.45,1.6899189,-3.08215145,1.39468474,0.05,-0.106194466,FollowWall,following_with_distance_only,0,14,42,0.540801167,0.468058499,1,0,1,0.320796311,0.226392294,0.205029444,1,1,0,0,0
74.5,1.69242527,-3.08209721,1.08460574,0.05,-0.107275262,FollowWall,following_with_distance_only,0,14,42,0.535957873,0.464002697,1,0,1,0.321516842,0.226987993,0.205029444,1,1,0,0,0
74.55,1.69492899,-3.08205656,0.775675906,0.05,-0.107275262,FollowWall,following_with_distance_only,0,14,42,0.535957873,0.464002697,1,0,1,0.321516842,0.227570747,0.205029444,1,1,0,0,0
74.6,1.69743121,-3.08202942,0.467416425,0.05,-0.107684925,FollowWall,following_with_distance_only,0,14,42,0.531195879,0.460008115,1,0,1,0.32178995,0.22814144,0.205029444,1,1,0,0,0
74.65,1.69993255,-3.08201574,0.159058983,0.05,-0.107684925,FollowWall,following_with_distance_only,0,14,42,0.531195879,0.460008115,1,0,1,0.32178995,0.228701436,0.205029444,1,1,0,0,0
74.7,1.70243336,-3.08201553,-0.149355602,0.05,-0.107559174,FollowWall,following_with_distance_only,0,14,42,0.526505709,0.455381424,1,0,1,0.321706116,0.228885713,0.205029444,1,1,0,0,0
74.75,1.70493379,-3.08202878,-0.457653417,0.05,-0.107559174,FollowWall,following_with_distance_only,0,14,42,0.526505709,0.455381424,1,0,1,0.321706116,0.228670537,0.205029444,1,1,0,0,0
74.8,1.70743392,-3.08205547,-0.765883116,0.05,-0.107467175,FollowWall,following_with_distance_only,0,14,42,0.52145797,0.449244989,1,0,1,0.321644783,0.22844454,0.205029444,1,1,0,0,0
74.85,1.70993376,-3.08209561,-1.07396326,0.05,-0.107467175,FollowWall,following_with_distance_only,0,14,42,0.52145797,0.449244989,1,0,1,0.321644783,0.228207783,0.205029444,1,1,0,0,0
74.9,1.71243328,-3.08214919,-1.38195617,0.05,-0.10824886,FollowWall,following_with_distance_only,0,14,42,0.516231596,0.443207956,1,0,1,0.322165906,0.227960236,0.205029444,1,1,0,0,0
74.95,1.71493244,-3.08221622,-1.69083126,0.05,-0.10824886,FollowWall,following_with_distance_only,0,14,42,0.516231596,0.443207956,1,0,1,0.322165906,0.227701289,0.205029444,1,1,0,0,0
75,1.71743117,-3.08229674,-2.00022096,0.05,-0.108886108,FollowWall,following_with_distance_only,0,14,42,0.510979652,0.437262982,1,0,1,0.322590739,0.227431165,0.205029444,1,1,0,0,0
75.05,1.71992942,-3.08239076,-2.3106715,0.05,-0.108886108,FollowWall,following_with_distance_only,0,14,42,0.510979652,0.437262982,1,0,1,0.322590739,0.227149522,0.205029444,1,1,0,0,0
75.1,1.72242712,-3.08249834,-2.62174086,0.05,-0.109576106,FollowWall,following_with_distance_only,0,14,42,0.505803406,0.431406515,1,0,1,0.323050737,0.22685662,0.205029444,1,1,0,0,0
75.15,1.72492418,-3.0826195,-2.93399483,0.05,-0.109576106,FollowWall,following_with_distance_only,0,14,42,0.505803406,0.431406515,1,0,1,0.323050737,0.226552116,0.205029444,1,1,0,0,0
75.2,1.72742055,-3.08275428,-3.24693982,0.05,-0.109645262,FollowWall,following_with_distance_only,0,14,42,0.500701725,0.425636455,1,0,1,0.323096842,0.226236291,0.205029444,1,1,0,0,0
75.25,1.72991614,-3.08290271,-3.56037046,0.05,-0.109645262,FollowWall,following_with_distance_only,0,14,42,0.500701725,0.425636455,1,0,1,0.323096842,0.225909262,0.205029444,1,1,0,0,0
75.3,1.73241089,-3.08306479,-3.87408439,0.05,-0.109874099,FollowWall,following_with_distance_only,0,14,42,0.495673954,0.419953561,1,0,1,0.3232494,0.22557115,0.205029444,1,1,0,0,0
75.35,1.7349047,-3.08324054,-4.18823673,0.05,-0.109874099,FollowWall,following_with_distance_only,0,14,42,0.495673954,0.419953561,1,0,1,0.3232494,0.225221869,0.205029444,1,1,0,0,0
75.4,1.73739751,-3.08342996,-4.5026448,0.05,-0.109662876,FollowWall,following_with_distance_only,0,14,42,0.490718663,0.41435658,1,0,1,0.323108584,0.224861526,0.205029444,1,1,0,0,0
75.45,1.73988925,-3.08363306,-4.81694993,0.05,-0.109662876,FollowWall,following_with_distance_only,0,14,42,0.490718663,0.41435658,1,0,1,0.323108584,0.224490325,0.205029444,1,1,0,0,0
75.5,1.74237984,-3.08384982,-5.131195,0.05,-0.108889192,FollowWall,following_with_distance_only,0,14,42,0.485834211,0.408845017,1,0,1,0.322592795,0.224108256,0.205029444,1,1,0,0,0
75.55,1.7448692,-3.08408022,-5.44448152,0.05,-0.108889192,FollowWall,following_with_distance_only,0,14,42,0.485834211,0.408845017,1,0,1,0.322592795,0.223715811,0.205029444,1,1,0,0,0
75.6,1.74735726,-3.08432421,-5.7572089,0.05,-0.108424589,FollowWall,following_with_distance_only,0,14,42,0.481018245,0.403418842,1,0,1,0.322283059,0.223312809,0.205029444,1,1,0,0,0
75.65,1.74984396,-3.08458176,-6.06905552,0.05,-0.108424589,FollowWall,following_with_distance_only,0,14,42,0.481018245,0.403418842,1,0,1,0.322283059,0.222899438,0.205029444,1,1,0,0,0
75.7,1.75232922,-3.08485283,-6.38038836,0.05,-0.108675197,FollowWall,following_with_distance_only,0,14,42,0.476101458,0.398075201,1,0,1,0.322450131,0.222475538,0.205029444,1,1,0,0,0
75.75,1.75481297,-3.0851374,-6.69172065,0.05,-0.108675197,FollowWall,following_with_distance_only,0,14,42,0.476101458,0.398075201,1,0,1,0.322450131,0.222040873,0.205029444,1,1,0,0,0
75.8,1.75729514,-3.08543547,-7.00305262,0.05,-0.108853385,FollowWall,following_with_distance_only,0,14,42,0.470868409,0.392809024,1,0,1,0.322568923,0.221595458,0.205029444,1,1,0,0,0
75.85,1.75977565,-3.08574702,-7.31459708,0.05,-0.108853385,FollowWall,following_with_distance_only,0,14,42,0.470868409,0.392809024,1,0,1,0.322568923,0.221139203,0.205029444,1,1,0,0,0
75.9,1.76225443,-3.08607205,-7.62626551,0.05,-0.108762324,FollowWall,following_with_distance_only,0,14,42,0.465709895,0.387617194,1,0,1,0.322508216,0.220672158,0.205029444,1,1,0,0,0
75.95,1.76473141,-3.08641057,-7.93789756,0.05,-0.108762324,FollowWall,following_with_distance_only,0,14,42,0.465709895,0.387617194,1,0,1,0.322508216,0.220194412,0.205029444,1,1,0,0,0
76,1.76720651,-3.08676255,-8.24950838,0.05,-0.109175518,FollowWall,following_with_distance_only,0,14,42,0.460624307,0.382497963,1,0,1,0.322783679,0.21970597,0.205029444,1,1,0,0,0
76.05,1.76967965,-3.087128,-8.56160003,0.05,-0.109175518,FollowWall,following_with_distance_only,0,14,42,0.460624307,0.382497963,1,0,1,0.322783679,0.219206625,0.205029444,1,1,0,0,0
76.1,1.77215077,-3.08750692,-8.87397217,0.05,-0.108447969,FollowWall,following_with_distance_only,0,14,42,0.455609709,0.373412623,1,0,1,0.322298646,0.21869647,0.205029444,1,1,0,0,0
76.15,1.77461979,-3.08789929,-9.18563948,0.05,-0.108447969,FollowWall,following_with_distance_only,0,14,42,0.455609709,0.373412623,1,0,1,0.322298646,0.218175938,0.205029444,1,1,0,0,0
76.2,1.77708663,-3.08830507,-9.49689564,0.05,-0.108455256,FollowWall,following_with_distance_only,0,14,42,0.450664669,0.368089851,1,0,1,0.322303504,0.217644934,0.205029444,1,1,0,0,0
76.25,1.77955124,-3.08872425,-9.80792066,0.05,-0.108455256,FollowWall,following_with_distance_only,0,14,42,0.450664669,0.368089851,1,0,1,0.322303504,0.217103405,0.205029444,1,1,0,0,0
76.3,1.78201354,-3.0891568,-10.1188108,0.05,-0.108443007,FollowWall,following_with_distance_only,0,14,42,0.445787072,0.36284496,1,0,1,0.322295338,0.216551332,0.205029444,1,1,0,0,0
76.35,1.78447345,-3.08960269,-10.4296078,0.05,-0.108443007,FollowWall,following_with_distance_only,0,14,42,0.445787072,0.36284496,1,0,1,0.322295338,0.215988718,0.205029444,1,1,0,0,0
76.4,1.78693091,-3.09006193,-10.7403503,0.05,-0.108556196,FollowWall,following_with_distance_only,0,14,42,0.440974921,0.357675525,1,0,1,0.322370797,0.215415566,0.205029444,1,1,0,0,0
76.45,1.78938584,-3.09053449,-11.0511961,0.05,-0.108556196,FollowWall,following_with_distance_only,0,14,42,0.440974921,0.357675525,1,0,1,0.322370797,0.214831834,0.205029444,1,1,0,0,0
76.5,1.79183817,-3.09102036,-11.3621023,0.05,-0.108951822,FollowWall,following_with_distance_only,0,14,42,0.436118782,0.352579409,1,0,1,0.322634548,0.214237554,0.205029444,1,1,0,0,0
76.55,1.79428783,-3.09151954,-11.6735159,0.05,-0.108951822,FollowWall,following_with_distance_only,0,14,42,0.436118782,0.352579409,1,0,1,0.322634548,0.213632583,0.205029444,1,1,0,0,0
76.6,1.79673474,-3.09203203,-11.9852255,0.05,-0.109046772,FollowWall,following_with_distance_only,0,14,42,0.43093282,0.347554447,1,0,1,0.322697848,0.213017003,0.205029444,1,1,0,0,0
76.65,1.79917882,-3.09255784,-12.2972211,0.05,-0.109046772,FollowWall,following_with_distance_only,0,14,42,0.43093282,0.347554447,1,0,1,0.322697848,0.212390833,0.205029444,1,1,0,0,0
76.7,1.80162,-3.09309695,-12.6093835,0.05,-0.108885393,FollowWall,following_with_distance_only,0,14,42,0.42581895,0.342599337,1,0,1,0.322590262,0.211754126,0.205029444,1,1,0,0,0
76.75,1.8040582,-3.09364935,-12.9214506,0.05,-0.108885393,FollowWall,following_with_distance_only,0,14,42,0.42581895,0.342599337,1,0,1,0.322590262,0.211106981,0.205029444,1,1,0,0,0
76.8,1.80649337,-3.09421502,-13.2334621,0.05,-0.10868369,FollowWall,following_with_distance_only,0,14,42,0.42077598,0.337712927,1,0,1,0.322455794,0.210449407,0.205029444,1,1,0,0,0
76.85,1.80892541,-3.09479393,-13.5452004,0.05,-0.10868369,FollowWall,following_with_distance_only,0,14,42,0.42077598,0.337712927,1,0,1,0.322455794,0.20978149,0.205029444,1,1,0,0,0
76.9,1.81135428,-3.09538607,-13.8567794,0.05,-0.108440369,FollowWall,following_with_distance_only,0,14,42,0.41580224,0.332893598,1,0,1,0.32229358,0.209103221,0.205029444,1,1,0,0,0
76.95,1.81377988,-3.0959914,-14.1679749,0.05,-0.108440369,FollowWall,following_with_distance_only,0,14,42,0.41580224,0.332893598,1,0,1,0.32229358,0.208414686,0.205029444,1,1,0,0,0
77,1.81620217,-3.09660989,-14.4789468,0.05,-0.108154669,FollowWall,following_with_distance_only,0,14,42,0.410746604,0.328139589,1,0,1,0.322103113,0.207715867,0.205029444,1,1,0,0,0
77.05,1.81862107,-3.09724151,-14.7894472,0.05,-0.108154669,FollowWall,following_with_distance_only,0,14,42,0.410746604,0.328139589,1,0,1,0.322103113,0.207006854,0.205029444,1,1,0,0,0
77.1,1.82103651,-3.09788622,-15.0996726,0.05,-0.107826054,FollowWall,following_with_distance_only,0,14,42,0.405532062,0.323448994,1,0,1,0.321884036,0.206287625,0.205029444,1,1,0,0,0
77.15,1.82344842,-3.09854398,-15.4093452,0.05,-0.107826054,FollowWall,following_with_distance_only,0,14,42,0.405532062,0.323448994,1,0,1,0.321884036,0.205558272,0.205029444,1,1,0,0,0
77.2,1.82585675,-3.09921477,-15.7186955,0.05,-0.107628286,FollowWall,following_with_distance_only,0,14,42,0.400405943,0.315614394,1,0,1,0.321752191,0.204818772,0.204818772,1,1,0,0,0
77.25,1.82826143,-3.09989854,-16.0276216,0.05,-0.107628286,FollowWall,following_with_distance_only,0,14,42,0.400405943,0.315614394,1,0,1,0.321752191,0.204069174,0.204069174,1,1,0,0,0
77.3,1.83066238,-3.10059527,-16.3363003,0.05,-0.107444733,FollowWall,following_with_distance_only,0,14,42,0.395362765,0.310772811,1,0,1,0.321629822,0.203309466,0.203309466,1,1,0,0,0
77.35,1.83305955,-3.1013049,-16.6446156,0.05,-0.107444733,FollowWall,following_with_distance_only,0,14,42,0.395362765,0.310772811,1,0,1,0.321629822,0.202539699,0.202539699,1,1,0,0,0
77.4,1.83545286,-3.10202743,-16.9527189,0.05,-0.107240662,FollowWall,following_with_distance_only,0,14,42,0.390397698,0.305994334,1,0,1,0.321493775,0.201759871,0.201759871,1,1,0,0,0
77.45,1.83784226,-3.1027628,-17.2604549,0.05,-0.107240662,FollowWall,following_with_distance_only,0,14,42,0.390397698,0.305994334,1,0,1,0.321493775,0.200970036,0.200970036,1,1,0,0,0
77.5,1.84022768,-3.103511,-17.5679767,0.05,-0.10701558,FollowWall,following_with_distance_only,0,14,42,0.385507166,0.301277534,1,0,1,0.32134372,0.200170195,0.200170195,1,1,0,0,0
77.55,1.84260904,-3.10427198,-17.8751049,0.05,-0.10701558,FollowWall,following_with_distance_only,0,14,42,0.385507166,0.301277534,1,0,1,0.32134372,0.199360406,0.199360406,1,1,0,0,0
77.6,1.8449863,-3.1050457,-18.1820034,0.05,-0.106634036,FollowWall,following_with_distance_only,0,14,42,0.38068819,0.296620954,1,0,1,0.321089357,0.198540669,0.198540669,1,1,0,0,0
77.65,1.84735938,-3.10583214,-18.4883125,0.05,-0.106634036,FollowWall,following_with_distance_only,0,14,42,0.38068819,0.296620954,1,0,1,0.321089357,0.197711069,0.197711069,1,1,0,0,0
77.7,1.84972823,-3.10663125,-18.7942779,0.05,-0.106079981,FollowWall,following_with_distance_only,0,14,42,0.375939757,0.292023136,1,0,1,0.320719987,0.196871601,0.196871601,1,1,0,0,0
77.75,1.85209278,-3.10744297,-19.0993813,0.05,-0.106079981,FollowWall,following_with_distance_only,0,14,42,0.375939757,0.292023136,1,0,1,0.320719987,0.196022367,0.196022367,1,1,0,0,0
77.8,1.85445298,-3.10826727,-19.4039819,0.05,-0.10559459,FollowWall,following_with_distance_only,0,14,42,0.371262014,0.287482423,1,0,1,0.320396394,0.195163355,0.195163355,1,1,0,0,0
77.85,1.85680876,-3.10910408,-19.7077099,0.05,-0.10559459,FollowWall,following_with_distance_only,0,14,42,0.371262014,0.287482423,1,0,1,0.320396394,0.194294643,0.194294643,1,1,0,0,0
77.9,1.85916009,-3.10995336,-20.0109288,0.05,-0.105526194,FollowWall,following_with_distance_only,0,14,42,0.36665225,0.282997127,1,0,1,0.320350796,0.193416226,0.193416226,1,1,0,0,0
77.95,1.86150689,-3.11081507,-20.3137691,0.05,-0.105526194,FollowWall,following_with_distance_only,0,14,42,0.36665225,0.282997127,1,0,1,0.320350796,0.192528123,0.192528123,1,1,0,0,0
78,1.8638491,-3.11168916,-20.6163886,0,0.6,TurnLeft,avoiding_front_obstacle,0,14,42,0.362102121,0.278565907,1,0,1,0.32028085,0.191630348,0.191630348,1,1,0,0,0
78.05,1.86521644,-3.11219622,-20.0767194,0,0.6,TurnLeft,avoiding_front_obstacle,0,14,42,0.362102121,0.278565907,1,0,1,0.32028085,0.191167407,0.191167407,1,1,0,0,0
78.1,1.86601804,-3.11248104,-19.0457151,0,0.6,TurnLeft,avoiding_front_obstacle,0,14,42,0.360328853,0.27615912,1,0,1,0.315086275,0.190990699,0.190990699,1,1,0,0,0
78.15,1.86648895,-3.11263757,-17.7280987,0,0.6,TurnLeft,avoiding_front_obstacle,0,14,42,0.360328853,0.27615912,1,0,1,0.315086275,0.19101783,0.190990699,1,1,0,0,0
78.2,1.86676579,-3.11272213,-16.2432919,0,0.6,TurnLeft,avoiding_front_obstacle,0,14,42,0.360279351,0.275512108,1,0,1,0.308403909,0.191201282,0.190990699,1,1,0,0,0
78.25,1.86692855,-3.11276712,-14.6609573,0,0.6,TurnLeft,avoiding_front_obstacle,0,14,42,0.360279351,0.275512108,1,0,1,0.308403909,0.191512924,0.190990699,1,1,0,0,0
78.3,1.86702419,-3.11279069,-13.0217316,0,0.6,TurnLeft,avoiding_front_obstacle,0,14,42,0.360298246,0.276300709,1,1,1,0.301835507,0.191935793,0.190990699,1,1,0,0,0
78.35,1.86708035,-3.11280282,-11.3493193,0,0.6,TurnLeft,avoiding_front_obstacle,0,14,42,0.360298246,0.276300709,1,1,1,0.301835507,0.192459496,0.190990699,1,1,0,0,0
78.4,1.86711331,-3.11280893,-9.65754825,0,0.6,TurnLeft,avoiding_front_obstacle,0,14,42,0.360625535,0.278393222,1,1,1,0.296778589,0.193077536,0.190990699,1,1,0,0,0
78.45,1.86713263,-3.11281192,-7.95448455,0,0.6,TurnLeft,avoiding_front_obstacle,0,14,42,0.360625535,0.278393222,1,1,1,0.296778589,0.193785727,0.190990699,1,1,0,0,0
78.5,1.86714395,-3.11281333,-6.24483349,0,0.6,TurnLeft,avoiding_front_obstacle,0,14,42,0.361078113,0.281749033,1,1,1,0.294184268,0.194581248,0.190990699,1,1,0,0,0
78.55,1.86715057,-3.11281395,-4.53133979,0,0.6,TurnLeft,avoiding_front_obstacle,0,14,42,0.361078113,0.281749033,1,1,1,0.294184268,0.195462069,0.190990699,1,1,0,0,0
78.6,1.86715444,-3.1128142,-2.81560455,0,0.6,TurnLeft,avoiding_front_obstacle,0,14,42,0.360850334,0.286389951,1,1,1,0.292431802,0.19642661,0.190990699,1,1,0,0,0
78.65,1.86715671,-3.11281428,-1.09856176,0,0.6,TurnLeft,avoiding_front_obstacle,0,14,42,0.360850334,0.286389951,1,1,1,0.292431802,0.197473529,0.190990699,1,1,0,0,0
78.7,1.86715803,-3.11281429,0.619243786,0,0.6,TurnLeft,avoiding_front_obstacle,0,14,42,0.361423761,0.29018314,1,1,1,0.290150523,0.197088533,0.190990699,1,1,0,0,0
78.75,1.8671588,-3.11281427,2.33749426,0,0.6,TurnLeft,avoiding_front_obstacle,0,14,42,0.361423761,0.29018314,1,1,1,0.290150523,0.194099652,0.190990699,1,1,0,0,0
78.8,1.86715924,-3.11281424,4.05600429,0,0.6,TurnLeft,avoiding_front_obstacle,0,14,42,0.360928446,0.285764821,1,1,1,0.288913071,0.191194054,0.190990699,1,1,0,0,0
78.85,1.86715951,-3.11281422,5.77466571,0,0.6,TurnLeft,avoiding_front_obstacle,0,14,42,0.360928446,0.285764821,1,1,1,0.288913071,0.188374559,0.188374559,1,1,0,0,0
78.9,1.86715966,-3.1128142,7.49341545,0,0.6,TurnLeft,avoiding_front_obstacle,0,14,42,0.360748678,0.281553112,1,1,1,0.286836237,0.185643822,0.185643822,1,1,0,0,0
78.95,1.86715975,-3.11281419,9.21221671,0,0.6,TurnLeft,avoiding_front_obstacle,0,14,42,0.360748678,0.281553112,1,1,1,0.286836237,0.183004371,0.183004371,1,1,0,0,0
79,1.8671598,-3.11281418,10.931048,0,0.6,TurnLeft,avoiding_front_obstacle,0,14,42,0.360582173,0.278514547,1,1,1,0.286753297,0.18045862,0.18045862,1,1,0,0,0
79.05,1.86715983,-3.11281417,12.6498969,0,0.6,TurnLeft,avoiding_front_obstacle,0,14,42,0.360582173,0.278514547,1,1,1,0.286753297,0.178008885,0.178008885,1,1,0,0,0
79.1,1.86715984,-3.11281417,14.3687559,0,0.6,TurnLeft,avoiding_front_obstacle,0,14,42,0.359969169,0.276660769,1,0,1,0.28866294,0.175657383,0.175657383,1,1,0,0,0
79.15,1.86715985,-3.11281417,16.087621,0,0.6,TurnLeft,avoiding_front_obstacle,0,14,42,0.359969169,0.276660769,1,0,1,0.28866294,0.173406238,0.173406238,1,1,0,0,0
79.2,1.86715986,-3.11281416,17.8064895,0,0.6,TurnLeft,avoiding_front_obstacle,0,14,42,0.359462738,0.275964713,1,0,1,0.291877002,0.171257481,0.171257481,1,1,0,0,0
79.25,1.86715986,-3.11281416,19.52536,0,0.6,TurnLeft,avoiding_front_obstacle,0,14,42,0.359462738,0.275964713,1,0,1,0.291877002,0.169213049,0.169213049,1,1,0,0,0
79.3,1.86715987,-3.11281416,21.2442318,0,0.6,TurnLeft,avoiding_front_obstacle,0,14,42,0.358951151,0.276420319,1,0,1,0.296337605,0.167274781,0.167274781,1,1,0,0,0
79.35,1.86715987,-3.11281416,22.9631042,0,0.6,TurnLeft,avoiding_front_obstacle,0,14,42,0.358951151,0.276420319,1,0,1,0.296337605,0.165444425,0.165444425,1,1,0,0,0
79.4,1.86715987,-3.11281416,24.681977,0,0.6,TurnLeft,avoiding_front_obstacle,0,14,42,0.358110607,0.278042507,1,0,1,0.302163512,0.163723626,0.163723626,1,1,0,0,0
79.45,1.86715987,-3.11281416,26.40085,0,0.6,TurnLeft,avoiding_front_obstacle,0,14,42,0.358110607,0.278042507,1,0,1,0.302163512,0.162113935,0.162113935,1,1,0,0,0
79.5,1.86715987,-3.11281416,28.1197232,0,0.6,TurnLeft,avoiding_front_obstacle,0,14,42,0.357232779,0.280825965,1,0,1,0.309510589,0.1606168,0.1606168,1,1,0,0,0
79.55,1.86715987,-3.11281416,29.8385965,0,0.6,TurnLeft,avoiding_front_obstacle,0,14,42,0.357232779,0.280825965,1,0,1,0.309510589,0.159233569,0.159233569,1,1,0,0,0
79.6,1.86715987,-3.11281416,31.5574698,0,0.6,TurnLeft,avoiding_front_obstacle,0,14,42,0.35654676,0.284955454,1,0,1,0.318581194,0.157965486,0.157965486,1,1,0,0,0
79.65,1.86715987,-3.11281416,33.2763432,0,0.6,TurnLeft,avoiding_front_obstacle,0,14,42,0.35654676,0.284955454,1,0,1,0.318581194,0.156813692,0.156813692,1,1,0,0,0
79.7,1.86715987,-3.11281416,34.9952165,0,0.6,TurnLeft,avoiding_front_obstacle,0,14,42,0.355082512,0.290391889,1,0,1,0.329637498,0.155779225,0.155779225,1,1,0,0,0
79.75,1.86715987,-3.11281416,36.7140899,0,0.6,TurnLeft,avoiding_front_obstacle,0,14,42,0.355082512,0.290391889,1,0,1,0.329637498,0.154863014,0.154863014,1,1,0,0,0
79.8,1.86715987,-3.11281416,38.4329633,0,0.6,TurnLeft,avoiding_front_obstacle,0,14,42,0.354818314,0.297293174,1,0,1,0.343583822,0.154065885,0.154065885,1,1,0,0,0
79.85,1.86715987,-3.11281416,40.1518367,0,0.6,TurnLeft,avoiding_front_obstacle,0,14,42,0.354818314,0.297293174,1,0,1,0.343583822,0.153388556,0.153388556,1,1,0,0,0
79.9,1.86715987,-3.11281416,41.8707101,0,0.6,TurnLeft,avoiding_front_obstacle,0,14,42,0.355761319,0.305812103,1,0,1,0.359981477,0.152831634,0.152831634,1,1,0,0,0
79.95,1.86715987,-3.11281416,43.5895834,0,0.6,TurnLeft,avoiding_front_obstacle,0,14,42,0.355761319,0.305812103,1,0,1,0.359981477,0.152395623,0.152395623,1,1,0,0,0
80,1.86715987,-3.11281416,45.3084568,0,0.6,TurnLeft,avoiding_front_obstacle,0,14,42,0.357940644,0.321193555,1,0,1,0.378809065,0.152080913,0.152080913,1,1,0,0,0
80.05,1.86715987,-3.11281416,47.0273302,0,0.6,TurnLeft,avoiding_front_obstacle,0,14,42,0.357940644,0.321193555,1,0,1,0.378809065,0.151887789,0.151887789,1,1,0,0,0
80.1,1.86715987,-3.11281416,48.7462036,0,0.6,TurnLeft,avoiding_front_obstacle,0,14,42,0.361409098,0.334242237,1,0,1,0.396376073,0.151816424,0.151816424,1,1,0,0,0
80.15,1.86715987,-3.11281416,50.465077,0,0.6,TurnLeft,avoiding_front_obstacle,0,14,42,0.361409098,0.334242237,1,0,1,0.396376073,0.151866882,0.151816424,1,1,0,0,0
80.2,1.86715987,-3.11281416,52.1839504,0,0.6,TurnLeft,avoiding_front_obstacle,0,14,42,0.366245598,0.363373122,1,0,1,0.393205464,0.152039118,0.151816424,1,1,0,0,0
80.25,1.86715987,-3.11281416,53.9028238,0,0.6,TurnLeft,avoiding_front_obstacle,0,14,42,0.366245598,0.363373122,1,0,1,0.393205464,0.152332977,0.151816424,1,1,0,0,0
80.3,1.86715987,-3.11281416,55.6216971,0,0.6,TurnLeft,avoiding_front_obstacle,0,14,42,0.37255919,0.385238684,1,0,1,0.393622458,0.152748195,0.151816424,1,1,0,0,0
80.35,1.86715987,-3.11281416,57.3405705,0,0.6,TurnLeft,avoiding_front_obstacle,0,14,42,0.37255919,0.385238684,1,0,1,0.393622458,0.153284397,0.151816424,1,1,0,0,0
80.4,1.86715987,-3.11281416,59.0594439,0,0.6,TurnLeft,avoiding_front_obstacle,0,14,42,0.380494684,0.422365805,1,0,1,0.392341226,0.153941102,0.151816424,1,1,0,0,0
80.45,1.86715987,-3.11281416,60.7783173,0,0.6,TurnLeft,avoiding_front_obstacle,0,14,42,0.380494684,0.422365805,1,0,1,0.392341226,0.154717718,0.151816424,1,1,0,0,0
80.5,1.86715987,-3.11281416,62.4971907,0,0.6,TurnLeft,avoiding_front_obstacle,0,14,42,0.390240669,0.470038362,1,0,1,0.38878563,0.155613546,0.151816424,1,1,0,0,0
80.55,1.86715987,-3.11281416,64.2160641,0,0.6,TurnLeft,avoiding_front_obstacle,0,14,42,0.390240669,0.470038362,1,0,1,0.38878563,0.156627781,0.151816424,1,1,0,0,0
80.6,1.86715987,-3.11281416,65.9349375,0,0.6,TurnLeft,avoiding_front_obstacle,0,14,42,0.40204075,0.522378271,1,0,1,0.379826844,0.157759508,0.151816424,1,1,0,0,0
80.65,1.86715987,-3.11281416,67.6538108,0,0.6,TurnLeft,avoiding_front_obstacle,0,14,42,0.40204075,0.522378271,1,0,1,0.379826844,0.159007711,0.151816424,1,1,0,0,0
80.7,1.86715987,-3.11281416,69.3726842,0,0.6,TurnLeft,avoiding_front_obstacle,0,14,42,0.416209102,0.612673695,1,0,1,0.367799342,0.160371266,0.151816424,1,1,0,0,0
80.75,1.86715987,-3.11281416,71.0915576,0,0.6,TurnLeft,avoiding_front_obstacle,0,14,42,0.416209102,0.612673695,1,0,1,0.367799342,0.161848945,0.151816424,1,1,0,0,0
80.8,1.86715987,-3.11281416,72.810431,0,0.6,TurnLeft,avoiding_front_obstacle,0,14,42,0.433152795,0.729574839,1,0,1,0.357614547,0.163439419,0.151816424,1,1,0,0,0
80.85,1.86715987,-3.11281416,74.5293044,0,0.6,TurnLeft,avoiding_front_obstacle,0,14,42,0.433152795,0.729574839,1,0,1,0.357614547,0.165141256,0.151816424,1,1,0,0,0
80.9,1.86715987,-3.11281416,76.2481778,0,0.6,TurnLeft,avoiding_front_obstacle,0,14,42,0.453403711,0.909582388,1,0,1,0.350361526,0.166952925,0.151816424,1,1,0,0,0
80.95,1.86715987,-3.11281416,77.9670511,0,0.6,TurnLeft,avoiding_front_obstacle,0,14,42,0.453403711,0.909582388,1,0,1,0.350361526,0.168872796,0.151816424,1,1,0,0,0
81,1.86715987,-3.11281416,79.6859245,0,0.6,TurnLeft,avoiding_front_obstacle,0,14,42,0.477665544,1.20796715,1,0,1,0.344830245,0.17089914,0.151816424,1,1,0,0,0
81.05,1.86715987,-3.11281416,81.4047979,0,0.6,TurnLeft,avoiding_front_obstacle,0,14,42,0.477665544,1.20796715,1,0,1,0.344830245,0.173030135,0.151816424,1,1,0,0,0
81.1,1.86715987,-3.11281416,83.1236713,0,0.6,TurnLeft,avoiding_front_obstacle,0,14,42,0.506884277,1.91541705,1,0,1,0.340598047,0.175263862,0.151816424,1,1,0,0,0
81.15,1.86715987,-3.11281416,84.8425447,0,0.6,TurnLeft,avoiding_front_obstacle,0,14,42,0.506884277,1.91541705,1,0,1,0.340598047,0.177598311,0.151816424,1,1,0,0,0
81.2,1.86715987,-3.11281416,86.5614181,0,0.6,TurnLeft,avoiding_front_obstacle,0,14,42,0.542357624,3.47463482,1,0,1,0.339154571,0.180031381,0.151816424,1,1,0,0,0
81.25,1.86715987,-3.11281416,88.2802915,0,0.6,TurnLeft,avoiding_front_obstacle,0,14,42,0.542357624,3.47463482,1,0,1,0.339154571,0.182560884,0.151816424,1,1,0,0,0
81.3,1.86715987,-3.11281416,89.9991648,0,0.6,TurnLeft,avoiding_front_obstacle,0,14,42,0.585910022,3.47083711,1,0,1,0.336675018,0.185184542,0.151816424,1,1,0,0,0
81.35,1.86715987,-3.11281416,91.7180382,0,0.6,TurnLeft,avoiding_front_obstacle,0,14,42,0.585910022,3.47083711,1,0,1,0.336675018,0.182563388,0.151816424,1,1,0,0,0
81.4,1.86715987,-3.11281416,93.4369116,0,0.6,TurnLeft,avoiding_front_obstacle,0,14,42,0.640184641,3.47449703,1,0,1,0.334959626,0.180033793,0.151816424,1,1,0,0,0
81.45,1.86715987,-3.11281416,95.155785,0,0.6,TurnLeft,avoiding_front_obstacle,0,14,42,0.640184641,3.47449703,1,0,1,0.334959626,0.177600628,0.151816424,1,1,0,0,0
81.5,1.86715987,-3.11281416,96.8746584,0,0,FollowWall,front_obstacle_cleared,0,14,42,0.709155023,3.49044446,1,1,1,0.333548486,0.175266082,0.151816424,1,1,0,0,0
81.55,1.86715987,-3.11281416,97.8773345,0.0601193872,-0.298209191,FollowWall,following_right_wall,0,14,42,0.709155023,3.49044446,1,1,1,0.333548486,0.173950645,0.151816424,1,1,0,0,0
81.6,1.86698573,-3.11157384,98.1062679,0.0590605078,-0.314092383,FollowWall,following_right_wall,0,14,42,0.694954574,2.58094428,1,1,1,0.333004653,0.174895473,0.151816424,1,1,0,0,0
81.65,1.8667133,-3.10963181,97.8648923,0.0590605078,-0.314092383,FollowWall,following_right_wall,0,14,42,0.694954574,2.58094428,1,1,1,0.333004653,0.177149109,0.151816424,1,1,0,0,0
81.7,1.86639898,-3.10727834,97.3491696,0.0598887215,-0.301669177,FollowWall,following_right_wall,0,14,42,0.703613818,3.48739151,1,1,1,0.33425951,0.180175087,0.151816424,1,1,0,0,0
81.75,1.86607728,-3.10466533,96.6882404,0.0598887215,-0.301669177,FollowWall,following_right_wall,0,14,42,0.703613818,3.48739151,1,1,1,0.33425951,0.183663267,0.151816424,1,1,0,0,0
81.8,1.8657711,-3.10189878,95.9426072,0.0612184862,-0.281722707,FollowWall,following_right_wall,0,14,42,0.691868663,3.47380422,1,1,1,0.33566156,0.187434988,0.151816424,1,1,0,0,0
81.85,1.86549036,-3.09901335,95.1713729,0.0612184862,-0.281722707,FollowWall,following_right_wall,0,14,42,0.691868663,3.47380422,1,1,1,0.33566156,0.191379822,0.151816424,1,1,0,0,0
81.9,1.86524325,-3.09605716,94.3852044,0.062195359,-0.267069615,FollowWall,following_right_wall,0,14,42,0.661783278,3.46101384,1,1,1,0.336178899,0.195436368,0.151816424,1,1,0,0,0
81.95,1.86503234,-3.09303832,93.6078153,0.062195359,-0.267069615,FollowWall,following_right_wall,0,14,42,0.661783278,3.46101384,1,1,1,0.336178899,0.199563358,0.151816424,1,1,0,0,0
82,1.86486031,-3.08998214,92.8355475,0.0638341437,-0.242487845,FollowWall,following_right_wall,0,14,42,0.634787083,3.4502477,1,1,1,0.3370125,0.203739967,0.151816424,1,1,0,0,0
82.05,1.86472629,-3.08686955,92.0956093,0.0638341437,-0.242487845,FollowWall,following_right_wall,0,14,42,0.634787083,3.4502477,1,1,1,0.3370125,0.207944193,0.151816424,1,1,0,0,0
82.1,1.864631,-3.08372376,91.3745302,0.0645967703,-0.231048446,FollowWall,following_right_wall,0,14,42,0.61166507,3.4419683,1,1,1,0.338982671,0.212170682,0.151816424,1,1,0,0,0
82.15,1.86457401,-3.08054261,90.678107,0.0645967703,-0.231048446,FollowWall,following_right_wall,0,14,42,0.61166507,3.4419683,1,1,1,0.338982671,0.216411223,0.151816424,1,1,0,0,0
82.2,1.86455517,-3.07734094,89.9960663,0.05,-0.134335399,FollowWall,following_with_distance_only,0,14,42,0.59162873,3.43555987,1,0,1,0.339556932,0.220652953,0.151816424,1,1,0,0,0
82.25,1.86456954,-3.07443163,89.4378582,0.05,-0.134335399,FollowWall,following_with_distance_only,0,14,42,0.59162873,3.43555987,1,0,1,0.339556932,0.222700095,0.151816424,1,1,0,0,0
82.3,1.86460803,-3.07169312,88.9518857,0.05,-0.134753555,FollowWall,following_with_distance_only,0,14,42,0.577479243,3.42983017,1,0,1,0.339835703,0.224695959,0.151816424,1,1,0,0,0
82.35,1.86466654,-3.06905447,88.5075516,0.05,-0.134753555,FollowWall,following_with_distance_only,0,14,42,0.577479243,3.42983017,1,0,1,0.339835703,0.226662105,0.151816424,1,1,0,0,0
82.4,1.86474322,-3.06647436,88.0875064,0.05,-0.134784222,FollowWall,following_with_distance_only,0,14,42,0.566354156,3.4254591,1,0,1,0.339856148,0.228612249,0.151816424,1,1,0,0,0
82.45,1.86483726,-3.0639287,87.6815933,0.05,-0.134784222,FollowWall,following_with_distance_only,0,14,42,0.566354156,3.4254591,1,0,1,0.339856148,0.230554493,0.151816424,1,1,0,0,0
82.5,1.86494827,-3.06140349,87.2839238,0.05,-0.135101527,FollowWall,following_with_distance_only,0,14,42,0.556437731,3.42191553,1,0,1,0.340067685,0.232493676,0.151816424,1,1,0,0,0
82.55,1.86507613,-3.05889061,86.8906844,0.05,-0.135101527,FollowWall,following_with_distance_only,0,14,42,0.556437731,3.42191553,1,0,1,0.340067685,0.234432081,0.151816424,1,1,0,0,0
82.6,1.86522078,-3.05638538,86.5000291,0.05,-0.136659175,FollowWall,following_with_distance_only,0,14,42,0.547128916,3.41906832,1,0,1,0.341106117,0.236371595,0.151816424,1,1,0,0,0
82.65,1.86538227,-3.0538851,86.109022,0.05,-0.136659175,FollowWall,following_with_distance_only,0,14,42,0.547128916,3.41906832,1,0,1,0.341106117,0.238310634,0.151816424,1,1,0,0,0
82.7,1.86556066,-3.05138826,85.7178097,0.05,-0.136638433,FollowWall,following_with_distance_only,0,14,42,0.538176239,2.9392045,1,0,1,0.341092288,0.240250962,0.151816424,1,1,0,0,0
82.75,1.86575599,-3.04889403,85.3265024,0.05,-0.136638433,FollowWall,following_with_distance_only,0,14,42,0.538176239,2.9392045,1,0,1,0.341092288,0.242193602,0.151816424,1,1,0,0,0
82.8,1.86596828,-3.04640197,84.9351397,0.05,-0.136742458,FollowWall,following_with_distance_only,0,14,42,0.52953279,2.61446718,1,0,1,0.341161638,0.244139078,0.151816424,1,1,0,0,0
82.85,1.86619755,-3.04391187,84.5436205,0.05,-0.136742458,FollowWall,following_with_distance_only,0,14,42,0.52953279,2.61446718,1,0,1,0.341161638,0.246087485,0.151816424,1,1,0,0,0
82.9,1.86644381,-3.04142365,84.15201,0.05,-0.136456445,FollowWall,following_with_distance_only,0,14,42,0.521178603,2.15349223,1,0,1,0.340970963,0.248039015,0.151816424,1,1,0,0,0
82.95,1.86670705,-3.03893733,83.7606876,0.05,-0.136456445,FollowWall,following_with_distance_only,0,14,42,0.521178603,2.15349223,1,0,1,0.340970963,0.249994204,0.151816424,1,1,0,0,0
83,1.86698725,-3.03645296,83.3695334,0.05,-0.136067927,FollowWall,following_with_distance_only,0,14,42,0.513105392,1.97150252,1,0,1,0.340711951,0.251952853,0.151816424,1,1,0,0,0
83.05,1.86728439,-3.0339706,82.978941,0.05,-0.136067927,FollowWall,following_with_distance_only,0,14,42,0.513105392,1.97150252,1,0,1,0.340711951,0.253915426,0.151816424,1,1,0,0,0
83.1,1.86759843,-3.03149036,82.5886763,0.05,-0.136247233,FollowWall,following_with_distance_only,0,14,42,0.505303025,1.68861829,1,0,1,0.340831488,0.255881526,0.151816424,1,1,0,0,0
83.15,1.86792935,-3.02901234,82.1983887,0.05,-0.136247233,FollowWall,following_with_distance_only,0,14,42,0.505303025,1.68861829,1,0,1,0.340831488,0.257850608,0.151816424,1,1,0,0,0
83.2,1.86827715,-3.02653663,81.8080878,0.05,-0.136355057,FollowWall,following_with_distance_only,0,14,42,0.497740924,1.57227202,1,0,1,0.340903372,0.2598226,0.151816424,1,1,0,0,0
83.25,1.8686418,-3.02406336,81.4176504,0.05,-0.136355057,FollowWall,following_with_distance_only,0,14,42,0.497740924,1.57227202,1,0,1,0.340903372,0.261797259,0.151816424,1,1,0,0,0
83.3,1.8690233,-3.02159264,81.0271334,0.05,-0.136924043,FollowWall,following_with_distance_only,0,14,42,0.490397424,1.38748725,1,0,1,0.341282696,0.263774572,0.151816424,1,1,0,0,0
83.35,1.86942164,-3.01912457,80.6358908,0.05,-0.136924043,FollowWall,following_with_distance_only,0,14,42,0.490397424,1.38748725,1,0,1,0.341282696,0.265753646,0.151816424,1,1,0,0,0
83.4,1.86983684,-3.01665929,80.2442249,0.05,-0.137108535,FollowWall,following_with_distance_only,0,14,42,0.483245075,1.30579934,1,0,1,0.34140569,0.267734787,0.151816424,1,1,0,0,0
83.45,1.87026889,-3.01419691,79.8520918,0.05,-0.137108535,FollowWall,following_with_distance_only,0,14,42,0.483245075,1.30579934,1,0,1,0.34140569,0.269717864,0.151816424,1,1,0,0,0
83.5,1.87071779,-3.01173754,79.4596863,0.05,-0.137017921,FollowWall,following_with_distance_only,0,14,42,0.476273745,1.17850396,1,0,1,0.34134528,0.271703036,0.151816424,1,1,0,0,0
83.55,1.87118353,-3.0092813,79.06723,0.05,-0.137017921,FollowWall,following_with_distance_only,0,14,42,0.476273745,1.17850396,1,0,1,0.34134528,0.273690482,0.151816424,1,1,0,0,0
83.6,1.87166607,-3.00682831,78.674744,0.05,-0.136907861,FollowWall,following_with_distance_only,0,14,42,0.469480038,1.11811465,1,0,1,0.341271907,0.275680135,0.151816424,1,1,0,0,0
83.65,1.87216541,-3.00437869,78.2823722,0.05,-0.136907861,FollowWall,following_with_distance_only,0,14,42,0.469480038,1.11811465,1,0,1,0.341271907,0.277672072,0.151816424,1,1,0,0,0
83.7,1.87268151,-3.00193254,77.8900669,0.05,-0.136964723,FollowWall,following_with_distance_only,0,14,42,0.462855905,1.01762573,1,0,1,0.341309816,0.27966614,0.151816424,1,1,0,0,0
83.75,1.87321435,-2.99948998,77.4977325,0.05,-0.136964723,FollowWall,following_with_distance_only,0,14,42,0.462855905,1.01762573,1,0,1,0.341309816,0.281662134,0.151816424,1,1,0,0,0
83.8,1.87376389,-2.99705113,77.1053812,0.05,-0.137400225,FollowWall,following_with_distance_only,0,14,42,0.456386983,0.927226935,1,0,1,0.34160015,0.283659976,0.151816424,1,1,0,0,0
83.85,1.87433014,-2.9946161,76.7125002,0.05,-0.137400225,FollowWall,following_with_distance_only,0,14,42,0.456386983,0.927226935,1,0,1,0.34160015,0.285659005,0.151816424,1,1,0,0,0
83.9,1.87491308,-2.99218502,76.3193102,0.05,-0.138411283,FollowWall,following_with_distance_only,0,14,42,0.450052857,0.887801627,1,0,1,0.342274189,0.287659386,0.151816424,1,1,0,0,0
83.95,1.87551272,-2.98975799,75.924733,0.05,-0.138411283,FollowWall,following_with_distance_only,0,14,42,0.450052857,0.887801627,1,0,1,0.342274189,0.28965987,0.151816424,1,1,0,0,0
84,1.87612907,-2.98733516,75.5293467,0.05,-0.139481977,FollowWall,following_with_distance_only,0,14,42,0.443828344,0.821072361,1,0,1,0.342987984,0.291661025,0.151816424,1,1,0,0,0
84.05,1.87676217,-2.98491665,75.1322103,0.05,-0.139481977,FollowWall,following_with_distance_only,0,14,42,0.443828344,0.821072361,1,0,1,0.342987984,0.293661793,0.151816424,1,1,0,0,0
84.1,1.87741203,-2.9825026,74.7340531,0.05,-0.140617982,FollowWall,following_with_distance_only,0,14,42,0.437697381,0.788430445,1,0,1,0.343745321,0.295662892,0.151816424,1,1,0,0,0
84.15,1.8780787,-2.98009312,74.3339444,0.05,-0.140617982,FollowWall,following_with_distance_only,0,14,42,0.437697381,0.788430445,1,0,1,0.343745321,0.297663307,0.151816424,1,1,0,0,0
84.2,1.8787622,-2.97768837,73.9326973,0.05,-0.141822517,FollowWall,following_with_distance_only,0,14,42,0.431649625,0.738972926,1,0,1,0.344548345,0.299663825,0.151816424,1,1,0,0,0
84.25,1.87946257,-2.97528848,73.5293483,0.05,-0.141822517,FollowWall,following_with_distance_only,0,14,42,0.431649625,0.738972926,1,0,1,0.344548345,0.301663429,0.151816424,1,1,0,0,0
84.3,1.88017984,-2.97289358,73.1247732,0.05,-0.143097952,FollowWall,following_with_distance_only,0,14,42,0.425676972,0.711680013,1,0,1,0.345398635,0.303662945,0.151816424,1,1,0,0,0
84.35,1.88091405,-2.97050383,72.7179605,0.05,-0.143097952,FollowWall,following_with_distance_only,0,14,42,0.425676972,0.711680013,1,0,1,0.345398635,0.305661341,0.151816424,1,1,0,0,0
84.4,1.88166523,-2.96811935,72.3098425,0.05,-0.144057333,FollowWall,following_with_distance_only,0,14,42,0.419772297,0.665130957,1,0,1,0.346038222,0.307659472,0.151816424,1,1,0,0,0
84.45,1.88243342,-2.9657403,71.8998179,0.05,-0.144057333,FollowWall,following_with_distance_only,0,14,42,0.419772297,0.665130957,1,0,1,0.346038222,0.309656722,0.151816424,1,1,0,0,0
84.5,1.88321864,-2.96336682,71.4886811,0.05,-0.144503742,FollowWall,following_with_distance_only,0,14,42,0.413935155,0.618182998,1,0,1,0.346335828,0.311653777,0.151816424,1,1,0,0,0
84.55,1.8840209,-2.96099904,71.0763626,0.05,-0.144503742,FollowWall,following_with_distance_only,0,14,42,0.413935155,0.618182998,1,0,1,0.346335828,0.31365051,0.151816424,1,1,0,0,0
84.6,1.88484019,-2.9586371,70.6633549,0.05,-0.144913584,FollowWall,following_with_distance_only,0,14,42,0.4079687,0.597656885,1,0,1,0.346609056,0.315647291,0.151816424,1,1,0,0,0
84.65,1.8856765,-2.95628113,70.2494559,0.05,-0.144913584,FollowWall,following_with_distance_only,0,14,42,0.4079687,0.597656885,1,0,1,0.346609056,0.317643863,0.151816424,1,1,0,0,0
84.7,1.88652981,-2.95393127,69.8350369,0.05,-0.145283952,FollowWall,following_with_distance_only,0,14,42,0.401887685,0.563233756,1,0,1,0.346855968,0.319640469,0.151816424,1,1,0,0,0
84.75,1.88740012,-2.95158764,69.4198726,0.05,-0.145283952,FollowWall,following_with_distance_only,0,14,42,0.401887685,0.563233756,1,0,1,0.346855968,0.321636832,0.151816424,1,1,0,0,0
84.8,1.8882874,-2.94925039,69.0042735,0.05,-0.145614624,FollowWall,following_with_distance_only,0,14,42,0.395712078,0.545023882,1,0,1,0.347076416,0.323633128,0.151816424,1,1,0,0,0
84.85,1.88919161,-2.94691964,68.588026,0.05,-0.145614624,FollowWall,following_with_distance_only,0,14,42,0.395712078,0.545023882,1,0,1,0.347076416,0.325629093,0.151816424,1,1,0,0,0
84.9,1.89011275,-2.94459553,68.1714003,0.05,-0.145906359,FollowWall,following_with_distance_only,0,14,42,0.389647603,0.520489724,1,0,1,0.347270906,0.327624856,0.151816424,1,1,0,0,0
84.95,1.89105077,-2.94227818,67.7542058,0.05,-0.145906359,FollowWall,following_with_distance_only,0,14,42,0.389647603,0.520489724,1,0,1,0.347270906,0.329620176,0.151816424,1,1,0,0,0
85,1.89200565,-2.93996772,67.3366794,0.05,-0.146160677,FollowWall,following_with_distance_only,0,14,42,0.383693874,0.491958719,1,0,1,0.347440451,0.331615146,0.151816424,1,1,0,0,0
85.05,1.89297734,-2.93766429,66.9186559,0.05,-0.146160677,FollowWall,following_with_distance_only,0,14,42,0.383693874,0.491958719,1,0,1,0.347440451,0.333609549,0.151816424,1,1,0,0,0
85.1,1.89396583,-2.93536801,66.5003424,0.05,-0.147236377,FollowWall,following_with_distance_only,0,14,42,0.377850443,0.477887658,1,0,1,0.348157585,0.335603442,0.151816424,1,1,0,0,0
85.15,1.89497108,-2.93307902,66.0805757,0.05,-0.147236377,FollowWall,following_with_distance_only,0,14,42,0.377850443,0.477887658,1,0,1,0.348157585,0.337595909,0.151816424,1,1,0,0,0
85.2,1.89599309,-2.93079746,65.6599613,0.05,-0.14840439,FollowWall,following_with_distance_only,0,14,42,0.372107536,0.44801529,1,0,1,0.34893626,0.339587305,0.151816424,1,1,0,0,0
85.25,1.89703186,-2.92852349,65.2374583,0.05,-0.14840439,FollowWall,following_with_distance_only,0,14,42,0.372107536,0.44801529,1,0,1,0.34893626,0.341576849,0.151816424,1,1,0,0,0
85.3,1.89808739,-2.92625725,64.8138534,0.05,-0.14957799,FollowWall,following_with_distance_only,0,14,42,0.366459429,0.426783127,1,0,1,0.34971866,0.343565011,0.151816424,1,1,0,0,0
85.35,1.89915968,-2.92399889,64.3882051,0.05,-0.14957799,FollowWall,following_with_distance_only,0,14,42,0.366459429,0.426783127,1,0,1,0.34971866,0.345551114,0.151816424,1,1,0,0,0
85.4,1.90024875,-2.92174857,63.9613646,0.05,-0.150262177,FollowWall,following_with_distance_only,0,14,42,0.360904694,0.414544239,1,0,1,0.350174785,0.347535645,0.151816424,1,1,0,0,0
85.45,1.90135458,-2.91950644,63.5330121,0.05,-0.150262177,FollowWall,following_with_distance_only,0,14,42,0.360904694,0.414544239,1,0,1,0.350174785,0.349518337,0.151816424,1,1,0,0,0
85.5,1.90247717,-2.91727265,63.1037775,0.05,-0.150819048,FollowWall,following_with_distance_only,0,14,42,0.355448037,0.400230758,1,0,1,0.350546032,0.351499499,0.151816424,1,1,0,0,0
85.55,1.90361647,-2.91504735,62.6733637,0.05,-0.150819048,FollowWall,following_with_distance_only,0,14,42,0.355448037,0.400230758,1,0,1,0.350546032,0.353478878,0.151816424,1,1,0,0,0
85.6,1.90477248,-2.91283067,62.242262,0.05,-0.151443645,FollowWall,following_with_distance_only,0,14,42,0.350092918,0.389234232,1,0,1,0.35096243,0.355456673,0.151816424,1,1,0,0,0
85.65,1.90594515,-2.91062277,61.8100134,0.05,-0.151443645,FollowWall,following_with_distance_only,0,14,42,0.350092918,0.389234232,1,0,1,0.35096243,0.357432547,0.151816424,1,1,0,0,0
85.7,1.90713445,-2.90842378,61.3770959,0.05,-0.152141511,FollowWall,following_with_distance_only,0,14,42,0.344839662,0.370627629,1,0,1,0.351427674,0.359406672,0.151816424,1,1,0,0,0
85.75,1.90834037,-2.90623386,60.9429552,0.05,-0.152141511,FollowWall,following_with_distance_only,0,14,42,0.344839662,0.370627629,1,0,1,0.351427674,0.361378678,0.151816424,1,1,0,0,0
85.8,1.90956285,-2.90405314,60.5081008,0.05,-0.152920559,FollowWall,following_with_distance_only,0,14,42,0.339687109,0.348451146,1,0,1,0.351947039,0.363348737,0.151816424,1,1,0,0,0
85.85,1.91080188,-2.90188177,60.0719003,0.05,-0.152920559,FollowWall,following_with_distance_only,0,14,42,0.339687109,0.348451146,1,0,1,0.351947039,0.365316462,0.151816424,1,1,0,0,0
85.9,1.91205741,-2.89971992,59.6349146,0.05,-0.153789952,FollowWall,following_with_distance_only,0,14,42,0.334633589,0.339461237,1,0,1,0.352526635,0.367282034,0.151816424,1,1,0,0,0
85.95,1.91332943,-2.89756771,59.196433,0.05,-0.153789952,FollowWall,following_with_distance_only,0,14,42,0.334633589,0.339461237,1,0,1,0.352526635,0.369245055,0.151816424,1,1,0,0,0
86,1.91461789,-2.89542532,58.7570788,0.05,-0.154759482,FollowWall,following_with_distance_only,0,14,42,0.329677105,0.325365877,1,0,1,0.353172988,0.371205715,0.151816424,1,1,0,0,0
86.05,1.91592278,-2.89329288,58.3160584,0.05,-0.154759482,FollowWall,following_with_distance_only,0,14,42,0.329677105,0.325365877,1,0,1,0.353172988,0.373163612,0.151816424,1,1,0,0,0
86.1,1.91724406,-2.89117057,57.8740659,0.05,-0.155839518,FollowWall,following_with_distance_only,0,14,42,0.324815571,0.316616588,1,0,1,0.353893012,0.375118944,0.151816424,1,1,0,0,0
86.15,1.9185817,-2.88905853,57.4302172,0.05,-0.155839518,FollowWall,following_with_distance_only,0,14,42,0.324815571,0.316616588,1,0,1,0.353893012,0.377071304,0.151816424,1,1,0,0,0
86.2,1.91993569,-2.88695693,56.9852858,0.05,-0.157201946,FollowWall,following_with_distance_only,0,14,42,0.320046663,0.308093787,1,0,1,0.354801297,0.379020899,0.151816424,1,1,0,0,0
86.25,1.92130599,-2.88486594,56.5380965,0.05,-0.157201946,FollowWall,following_with_distance_only,0,14,42,0.320046663,0.308093787,1,0,1,0.354801297,0.380967262,0.151816424,1,1,0,0,0
86.3,1.9226926,-2.88278572,56.08959,0.05,-0.159112081,FollowWall,following_with_distance_only,0,14,42,0.315367013,0.294412867,1,0,1,0.356074721,0.382910634,0.151816424,1,1,0,0,0
86.35,1.92409551,-2.88071645,55.6380352,0.05,-0.159112081,FollowWall,following_with_distance_only,0,14,42,0.315367013,0.294412867,1,0,1,0.356074721,0.384850433,0.151816424,1,1,0,0,0
86.4,1.92551471,-2.87865833,55.1847022,0,0.6,TurnLeft,avoiding_front_obstacle,0,14,42,0.310771495,0.276824583,1,0,1,0.357418776,0.38678698,0.151816424,1,1,0,0,0
86.45,1.92634259,-2.87745777,55.6364551,0,0.6,TurnLeft,avoiding_front_obstacle,0,14,42,0.310771495,0.276824583,1,0,1,0.357418776,0.388108678,0.151816424,1,1,0,0,0
86.5,1.92681674,-2.87675146,56.616175,0,0.6,TurnLeft,avoiding_front_obstacle,0,14,42,0.311901808,0.281434136,1,0,1,0.349241078,0.389106399,0.151816424,1,1,0,0,0
86.55,1.92708512,-2.87633406,57.9038754,0,0.6,TurnLeft,avoiding_front_obstacle,0,14,42,0.311901808,0.281434136,1,0,1,0.349241078,0.389966464,0.151816424,1,1,0,0,0
86.6,1.92723577,-2.87608688,59.3712313,0,0.6,TurnLeft,avoiding_front_obstacle,0,14,42,0.316960692,0.310909884,1,0,1,0.336945832,0.390800368,0.151816424,1,1,0,0,0
86.65,1.9273198,-2.87594041,60.9433861,0,0.6,TurnLeft,avoiding_front_obstacle,0,14,42,0.316960692,0.310909884,1,0,1,0.336945832,0.391672331,0.151816424,1,1,0,0,0
86.7,1.92736641,-2.87585364,62.5766737,0,0.6,TurnLeft,avoiding_front_obstacle,0,14,42,0.324458331,0.330900232,1,0,1,0.324750632,0.392618364,0.151816424,1,1,0,0,0
86.75,1.92739213,-2.87580226,64.245622,0,0.6,TurnLeft,avoiding_front_obstacle,0,14,42,0.324458331,0.330900232,1,0,1,0.324750632,0.393658157,0.151816424,1,1,0,0,0
86.8,1.92740624,-2.87577186,65.9353724,0,0.6,TurnLeft,avoiding_front_obstacle,0,14,42,0.334025025,0.384383929,1,0,1,0.31381458,0.394802115,0.151816424,1,1,0,0,0
86.85,1.92741395,-2.87575389,67.6372574,0,0.6,TurnLeft,avoiding_front_obstacle,0,14,42,0.334025025,0.384383929,1,0,1,0.31381458,0.396055413,0.151816424,1,1,0,0,0
86.9,1.92741813,-2.87574328,69.3462209,0,0.6,TurnLeft,avoiding_front_obstacle,0,14,42,0.345709831,0.427047966,1,0,1,0.30433926,0.39742029,0.151816424,1,1,0,0,0
86.95,1.92742039,-2.87573702,71.0593135,0,0.6,TurnLeft,avoiding_front_obstacle,0,14,42,0.345709831,0.427047966,1,0,1,0.30433926,0.398897328,0.151816424,1,1,0,0,0
87,1.92742159,-2.87573333,72.7748148,0,0.6,TurnLeft,avoiding_front_obstacle,0,14,42,0.359606326,0.518581267,1,1,1,0.296268165,0.400486163,0.151816424,1,1,0,0,0
87.05,1.92742223,-2.87573115,74.4917211,0,0.6,TurnLeft,avoiding_front_obstacle,0,14,42,0.359606326,0.518581267,1,1,1,0.296268165,0.402185872,0.151816424,1,1,0,0,0
87.1,1.92742256,-2.87572988,76.209447,0,0,FollowWall,front_obstacle_cleared,0,14,42,0.375730962,0.659245699,1,1,1,0.28949365,0.40399519,0.151816424,1,1,0,0,0
87.15,1.92742274,-2.87572913,77.2114538,0.0641123594,0.238314609,FollowWall,following_right_wall,0,14,42,0.375730962,0.659245699,1,1,1,0.28949365,0.405100657,0.151816424,1,1,0,0,0
87.2,1.92770861,-2.87442394,78.0804249,0.066605169,0.200922465,FollowWall,following_right_wall,0,14,42,0.385328382,0.742012688,1,1,1,0.286127657,0.407393408,0.151816424,1,1,0,0,0
87.25,1.92814235,-2.87230078,78.8271582,0.066605169,0.200922465,FollowWall,following_right_wall,0,14,42,0.385328382,0.742012688,1,1,1,0.286127657,0.41038694,0.151816424,1,1,0,0,0
87.3,1.92864083,-2.86969636,79.5025862,0.0684093953,0.17385907,FollowWall,following_right_wall,0,14,42,0.392071009,0.837043593,1,1,1,0.283046216,0.413795791,0.151816424,1,1,0,0,0
87.35,1.92916696,-2.86677128,80.1041148,0.0684093953,0.17385907,FollowWall,following_right_wall,0,14,42,0.392071009,0.837043593,1,1,1,0.283046216,0.417450919,0.151816424,1,1,0,0,0
87.4,1.92969466,-2.86365679,80.6625355,0.0698298747,0.15255188,FollowWall,following_right_wall,0,14,42,0.397467494,0.982987555,1,1,1,0.280219853,0.421254556,0.151816424,1,1,0,0,0
87.45,1.93021525,-2.86040068,81.1703763,0.0698298747,0.15255188,FollowWall,following_right_wall,0,14,42,0.397467494,0.982987555,1,1,1,0.280219853,0.425146894,0.151816424,1,1,0,0,0
87.5,1.93071987,-2.85706027,81.6487121,0.0710593416,0.134109875,FollowWall,following_right_wall,0,14,42,0.402119756,1.04842436,1,1,1,0.278637439,0.42909479,0.151816424,1,1,0,0,0
87.55,1.93120802,-2.85364389,82.0878232,0.0710593416,0.134109875,FollowWall,following_right_wall,0,14,42,0.402119756,1.04842436,1,1,1,0.278637439,0.433075831,0.151816424,1,1,0,0,0
87.6,1.93167635,-2.85018188,82.5040532,0.0721081592,0.118377612,FollowWall,following_right_wall,0,14,42,0.406263441,1.18100777,1,1,1,0.277184099,0.43707921,0.151816424,1,1,0,0,0
87.65,1.93212642,-2.84667046,82.888157,0.0721081592,0.118377612,FollowWall,following_right_wall,0,14,42,0.406263441,1.18100777,1,1,1,0.277184099,0.441095503,0.151816424,1,1,0,0,0
87.7,1.93255679,-2.84312918,83.2535203,0.0729973255,0.105040118,FollowWall,following_right_wall,0,14,42,0.410005122,1.3457934,1,1,1,0.275647551,0.445121707,0.151816424,1,1,0,0,0
87.75,1.93296934,-2.83955116,83.5920314,0.0729973255,0.105040118,FollowWall,following_right_wall,0,14,42,0.410005122,1.3457934,1,1,1,0.275647551,0.449153064,0.151816424,1,1,0,0,0
87.8,1.93336342,-2.83595087,83.9148785,0.0738129145,0.0928062829,FollowWall,following_right_wall,0,14,42,0.413411319,1.42836918,1,1,1,0.274164319,0.453189324,0.151816424,1,1,0,0,0
87.85,1.93374091,-2.83231997,84.2139854,0.0738129145,0.0928062829,FollowWall,following_right_wall,0,14,42,0.413411319,1.42836918,1,1,1,0.274164319,0.45722729,0.151816424,1,1,0,0,0
87.9,1.93410153,-2.82867053,84.4992437,0.0745355302,0.081967047,FollowWall,following_right_wall,0,14,42,0.416511148,1.63129691,1,1,1,0.272953779,0.461267747,0.151816424,1,1,0,0,0
87.95,1.93444697,-2.82499469,84.7634854,0.0745355302,0.081967047,FollowWall,following_right_wall,0,14,42,0.416511148,1.63129691,1,1,1,0.272953779,0.465308227,0.151816424,1,1,0,0,0
88,1.93477714,-2.82130292,85.0154673,0.0751788441,0.0723173385,FollowWall,following_right_wall,0,14,42,0.419326395,1.72608767,1,1,1,0.272151202,0.4693499,0.151816424,1,1,0,0,0
88.05,1.93509352,-2.81758801,85.2487792,0.0751788441,0.0723173385,FollowWall,following_right_wall,0,14,42,0.419326395,1.72608767,1,1,1,0.272151202,0.473390668,0.151816424,1,1,0,0,0
88.1,1.93539616,-2.81385917,85.4712003,0.0757012803,0.0644807959,FollowWall,following_right_wall,0,14,42,0.421878368,2.00007157,1,1,1,0.271085292,0.47743184,0.151816424,1,1,0,0,0
88.15,1.93568624,-2.81011096,85.6779142,0.0757012803,0.0644807959,FollowWall,following_right_wall,0,14,42,0.421878368,2.00007157,1,1,1,0.271085292,0.481471795,0.151816424,1,1,0,0,0
88.2,1.93596388,-2.80635109,85.8754656,0.0762271463,0.0565928056,FollowWall,following_right_wall,0,14,42,0.424208373,2.11309238,1,1,1,0.270603448,0.485511794,0.151816424,1,1,0,0,0
88.25,1.93623026,-2.80257318,86.0582566,0.0762271463,0.0565928056,FollowWall,following_right_wall,0,14,42,0.424208373,2.11309238,1,1,1,0.270603448,0.489550054,0.151816424,1,1,0,0,0
88.3,1.93648554,-2.79878445,86.2324374,0.0766317236,0.0505241453,FollowWall,following_right_wall,0,14,42,0.426323265,2.5085619,1,1,1,0.26930961,0.493587888,0.151816424,1,1,0,0,0
88.35,1.93673062,-2.79498074,86.3943516,0.0766317236,0.0505241453,FollowWall,following_right_wall,0,14,42,0.426323265,2.5085619,1,1,1,0.26930961,0.497624052,0.151816424,1,1,0,0,0
88.4,1.9369657,-2.79116806,86.5491103,0.0770400737,0.0443988946,FollowWall,following_right_wall,0,14,42,0.428259254,2.6473699,1,1,1,0.268680274,0.50165972,0.151816424,1,1,0,0,0
88.45,1.93719165,-2.78734143,86.6923835,0.0770400737,0.0443988946,FollowWall,following_right_wall,0,14,42,0.428259254,2.6473699,1,1,1,0.268680274,0.505693478,0.151816424,1,1,0,0,0
88.5,1.9374087,-2.78350648,86.8289568,0.077424507,0.0386323953,FollowWall,following_right_wall,0,14,42,0.430026054,2.78358073,1,1,1,0.268287629,0.509726497,0.151816424,1,1,0,0,0
88.55,1.93761765,-2.7796585,86.9547386,0.077424507,0.0386323953,FollowWall,following_right_wall,0,14,42,0.430026054,2.78358073,1,1,1,0.268287629,0.513757427,0.151816424,1,1,0,0,0
88.6,1.93781874,-2.77580277,87.0742253,0.0777076604,0.0343850935,FollowWall,following_right_wall,0,14,42,0.431624532,2.91505489,1,1,1,0.267176419,0.51778743,0.151816424,1,1,0,0,0
88.65,1.9380126,-2.77193649,87.1849701,0.0777076604,0.0343850935,FollowWall,following_right_wall,0,14,42,0.431624532,2.91505489,1,1,1,0.267176419,0.521815651,0.151816424,1,1,0,0,0
88.7,1.93819944,-2.76806391,87.2906154,0.077982827,0.0302575945,FollowWall,following_right_wall,0,14,42,0.433089465,3.1277681,1,1,1,0.266675949,0.525843072,0.151816424,1,1,0,0,0
88.75,1.93837983,-2.76418183,87.3883592,0.077982827,0.0302575945,FollowWall,following_right_wall,0,14,42,0.433089465,3.1277681,1,1,1,0.266675949,0.529868742,0.151816424,1,1,0,0,0
88.8,1.938554,-2.7602941,87.4814937,0.0782201835,0.0266972472,FollowWall,following_right_wall,0,14,42,0.434437126,3.11959837,1,1,1,0.266203731,0.53389358,0.151816424,1,1,0,0,0
88.85,1.93872243,-2.75639803,87.5676897,0.0782201835,0.0266972472,FollowWall,following_right_wall,0,14,42,0.434437126,3.11959837,1,1,1,0.266203731,0.537916787,0.151816424,1,1,0,0,0
88.9,1.93888533,-2.75249702,87.6498382,0.0784250646,0.0236240311,FollowWall,following_right_wall,0,14,42,0.435681701,3.11153163,1,1,1,0.265737325,0.541939195,0.151816424,1,1,0,0,0
88.95,1.93904313,-2.74858877,87.7259572,0.0784250646,0.0236240311,FollowWall,following_right_wall,0,14,42,0.435681701,3.11153163,1,1,1,0.265737325,0.545960118,0.151816424,1,1,0,0,0
89,1.93919601,-2.74467623,87.7985591,0.0785936119,0.021095821,FollowWall,following_right_wall,0,14,42,0.436838031,3.10355596,1,1,1,0.265186012,0.549980299,0.151816424,1,1,0,0,0
89.05,1.93934434,-2.74075761,87.8660915,0.0785936119,0.021095821,FollowWall,following_right_wall,0,14,42,0.436838031,3.10355596,1,1,1,0.265186012,0.553999194,0.151816424,1,1,0,0,0
89.1,1.93948827,-2.73683539,87.9306667,0.0787497216,0.018754176,FollowWall,following_right_wall,0,14,42,0.437922984,3.09566182,1,1,1,0.264769673,0.558017441,0.151816424,1,1,0,0,0
89.15,1.93962812,-2.73290776,87.9907217,0.0787497216,0.018754176,FollowWall,following_right_wall,0,14,42,0.437922984,3.09566182,1,1,1,0.264769673,0.562034497,0.151816424,1,1,0,0,0
89.2,1.93976406,-2.72897692,88.0481399,0.0788659928,0.0170101087,FollowWall,following_right_wall,0,14,42,0.438944489,3.08784063,1,1,1,0.264149815,0.566050943,0.151816424,1,1,0,0,0
89.25,1.93989632,-2.72504174,88.1019382,0.0788659928,0.0170101087,FollowWall,following_right_wall,0,14,42,0.438944489,3.08784063,1,1,1,0.264149815,0.570066426,0.151816424,1,1,0,0,0
89.3,1.94002503,-2.72110398,88.1536248,0.0789922405,0.0151163927,FollowWall,following_right_wall,0,14,42,0.439917415,3.08008524,1,1,1,0.26349473,0.574081421,0.151816424,1,1,0,0,0
89.35,1.94015045,-2.71716205,88.2018193,0.0789922405,0.0151163927,FollowWall,following_right_wall,0,14,42,0.439917415,3.08008524,1,1,1,0.26349473,0.578095446,0.151816424,1,1,0,0,0
89.4,1.94027269,-2.71321765,88.2479765,0.0791704927,0.0124426097,FollowWall,following_right_wall,0,14,42,0.440839857,3.07238802,1,1,1,0.263603896,0.582108964,0.151816424,1,1,0,0,0
89.45,1.94039206,-2.70926806,88.2897539,0.0791704927,0.0124426097,FollowWall,following_right_wall,0,14,42,0.440839857,3.07238802,1,1,1,0.263603896,0.586121169,0.151816424,1,1,0,0,0
89.5,1.94050873,-2.70531542,88.3289763,0.0793084108,0.0103738373,FollowWall,following_right_wall,0,14,42,0.441679925,3.06474206,1,1,1,0.26357916,0.590132649,0.151816424,1,1,0,0,0
89.55,1.94062295,-2.7013581,88.3642388,0.0793084108,0.0103738373,FollowWall,following_right_wall,0,14,42,0.441679925,3.06474206,1,1,1,0.26357916,0.594142912,0.151816424,1,1,0,0,0
89.6,1.9407349,-2.69739802,88.3971915,0.0794108175,0.00883773765,FollowWall,following_right_wall,0,14,42,0.442431927,3.05713901,1,1,1,0.263470352,0.598152496,0.151816424,1,1,0,0,0
89.65,1.94084479,-2.69343419,88.4269632,0.0794108175,0.00883773765,FollowWall,following_right_wall,0,14,42,0.442431927,3.05713901,1,1,1,0.263470352,0.602161092,0.151816424,1,1,0,0,0
89.7,1.94095273,-2.68946814,88.4548793,0.0794746032,0.00788095244,FollowWall,following_right_wall,0,14,42,0.443107039,3.04946845,1,1,1,0.263212353,0.606169136,0.151816424,1,1,0,0,0
89.75,1.94105889,-2.68549945,88.4805709,0.0794746032,0.00788095244,FollowWall,following_right_wall,0,14,42,0.443107039,3.04946845,1,1,1,0.263212353,0.610176494,0.151816424,1,1,0,0,0
89.8,1.94116336,-2.68152921,88.5049648,0.0795322931,0.00701560288,FollowWall,following_right_wall,0,14,42,0.443723738,3.04117387,1,1,1,0.263110727,0.614183473,0.151816424,1,1,0,0,0
89.85,1.94126625,-2.67755684,88.5275689,0.0795322931,0.00701560288,FollowWall,following_right_wall,0,14,42,0.443723738,3.04117387,1,1,1,0.263110727,0.618189898,0.151816424,1,1,0,0,0
89.9,1.94136764,-2.67358322,88.5491289,0.0795443914,0.00683412883,FollowWall,following_right_wall,0,14,42,0.444289207,3.03293388,1,1,1,0.262714118,0.622196018,0.151816424,1,1,0,0,0
89.95,1.94146759,-2.6696086,88.5698631,0.0795443914,0.00683412883,FollowWall,following_right_wall,0,14,42,0.444289207,3.03293388,1,1,1,0.262714118,0.626201906,0.151816424,1,1,0,0,0
90,1.94156613,-2.66563339,88.5901158,0.0795495778,0.00675633243,FollowWall,following_right_wall,0,14,42,0.444821775,3.0247504,1,1,1,0.262392819,0.630207676,0.151816424,1,1,0,0,0
90.05,1.94166329,-2.66165771,88.6099946,0.0795495778,0.00675633243,FollowWall,following_right_wall,0,14,42,0.444821775,3.0247504,1,1,1,0.262392819,0.634213363,0.151816424,1,1,0,0,0
90.1,1.94175909,-2.65768174,88.6296554,0.0796016594,0.00597510927,FollowWall,following_right_wall,0,14,42,0.44533065,3.01662558,1,1,1,0.262690842,0.638219021,0.151816424,1,1,0,0,0
90.15,1.94185358,-2.6537045,88.6482564,0.0796016594,0.00597510927,FollowWall,following_right_wall,0,14,42,0.44533065,3.01662558,1,1,1,0.262690842,0.642224355,0.151816424,1,1,0,0,0
90.2,1.94194683,-2.64972652,88.6662393,0.0796278334,0.00558249953,FollowWall,following_right_wall,0,14,42,0.445793897,3.00856131,1,1,1,0.262478471,0.646229514,0.151816424,1,1,0,0,0
90.25,1.94203887,-2.64574754,88.6833929,0.0796278334,0.00558249953,FollowWall,following_right_wall,0,14,42,0.445793897,3.00856131,1,1,1,0.262478471,0.650234422,0.151816424,1,1,0,0,0
90.3,1.94212976,-2.64176798,88.7000628,0.0796103937,0.0058440942,FollowWall,following_right_wall,0,14,42,0.446206212,3.00055783,1,1,1,0.262031585,0.654239198,0.151816424,1,1,0,0,0
90.35,1.94221948,-2.63778842,88.7167628,0.0796103937,0.0058440942,FollowWall,following_right_wall,0,14,42,0.446206212,3.00055783,1,1,1,0.262031585,0.658244019,0.151816424,1,1,0,0,0
90.4,1.94230804,-2.63380886,88.7334803,0.0795685403,0.00647189525,FollowWall,following_right_wall,0,14,42,0.446584523,2.99261492,1,1,1,0.261573523,0.662248882,0.151816424,1,1,0,0,0
90.45,1.9423954,-2.62983015,88.7509574,0.0795685403,0.00647189525,FollowWall,following_right_wall,0,14,42,0.446584523,2.99261492,1,1,1,0.261573523,0.666254046,0.151816424,1,1,0,0,0
90.5,1.94248152,-2.62585194,88.7688777,0.079554859,0.00667711449,FollowWall,following_right_wall,0,14,42,0.446947247,2.98473161,1,1,1,0.261300176,0.670259402,0.151816424,1,1,0,0,0
90.55,1.94256636,-2.62187428,88.7873014,0.079554859,0.00667711449,FollowWall,following_right_wall,0,14,42,0.446947247,2.98473161,1,1,1,0.261300176,0.674264973,0.151816424,1,1,0,0,0
90.6,1.9426499,-2.61789693,88.8060188,0.079543024,0.00685464055,FollowWall,following_right_wall,0,14,42,0.447288126,2.97690647,1,1,1,0.260928214,0.678270685,0.151816424,1,1,0,0,0
90.65,1.94273213,-2.61392001,88.8251194,0.079543024,0.00685464055,FollowWall,following_right_wall,0,14,42,0.447288126,2.97690647,1,1,1,0.260928214,0.682276571,0.151816424,1,1,0,0,0
90.7,1.94281301,-2.60994331,88.8444435,0.0795182062,0.00722690628,FollowWall,following_right_wall,0,14,42,0.447599232,2.96683688,1,1,1,0.260302424,0.686282575,0.151816424,1,1,0,0,0
90.75,1.94289252,-2.60596726,88.8643424,0.0795182062,0.00722690628,FollowWall,following_right_wall,0,14,42,0.447599232,2.96683688,1,1,1,0.260302424,0.690288822,0.151816424,1,1,0,0,0
90.8,1.94297063,-2.60199157,88.8845766,0.0795816447,0.00627532997,FollowWall,following_right_wall,0,14,42,0.447882116,2.95870131,1,1,1,0.260488033,0.694295228,0.151816424,1,1,0,0,0
90.85,1.94304739,-2.59801476,88.9038705,0.0795816447,0.00627532997,FollowWall,following_right_wall,0,14,42,0.447882116,2.95870131,1,1,1,0.260488033,0.69830134,0.151816424,1,1,0,0,0
90.9,1.94312284,-2.59403729,88.9226159,0.0796538944,0.00519158467,FollowWall,following_right_wall,0,14,42,0.448096812,2.9506165,1,1,1,0.260694712,0.702307293,0.151816424,1,1,0,0,0
90.95,1.94319708,-2.59005792,88.9397477,0.0796538944,0.00519158467,FollowWall,following_right_wall,0,14,42,0.448096812,2.9506165,1,1,1,0.260694712,0.706312705,0.151816424,1,1,0,0,0
91,1.94327019,-2.58607743,88.9559382,0.0796940892,0.00458866153,FollowWall,following_right_wall,0,14,42,0.448214829,2.94257885,1,1,1,0.260530263,0.710317811,0.151816424,1,1,0,0,0
91.05,1.94334224,-2.58209544,88.97086,0.0796940892,0.00458866153,FollowWall,following_right_wall,0,14,42,0.448214829,2.94257885,1,1,1,0.260530263,0.714322491,0.151816424,1,1,0,0,0
91.1,1.94341329,-2.57811258,88.9850417,0.0797465793,0.0038013109,FollowWall,following_right_wall,0,14,42,0.448239118,2.93459101,1,1,1,0.260457784,0.718326931,0.151816424,1,1,0,0,0
91.15,1.94348344,-2.5741281,88.9978519,0.0797465793,0.0038013109,FollowWall,following_right_wall,0,14,42,0.448239118,2.93459101,1,1,1,0.260457784,0.722330903,0.151816424,1,1,0,0,0
91.2,1.94355273,-2.57014268,89.0098619,0.0798123817,0.00281427451,FollowWall,following_right_wall,0,14,42,0.448168188,2.92665319,1,1,1,0.260490865,0.726334607,0.151816424,1,1,0,0,0
91.25,1.94362129,-2.56615533,89.0202271,0.0798123817,0.00281427451,FollowWall,following_right_wall,0,14,42,0.448168188,2.92665319,1,1,1,0.260490865,0.730337739,0.151816424,1,1,0,0,0
91.3,1.94368917,-2.56216685,89.0296327,0.0798647135,0.00202929781,FollowWall,following_right_wall,0,14,42,0.447994232,2.9187635,1,1,1,0.260364056,0.73434054,0.151816424,1,1,0,0,0
91.35,1.94375648,-2.55817662,89.0375416,0.0798647135,0.00202929781,FollowWall,following_right_wall,0,14,42,0.447994232,2.9187635,1,1,1,0.260364056,0.738342816,0.151816424,1,1,0,0,0
91.4,1.94382329,-2.55418536,89.0445775,0.0798693868,0.00195919736,FollowWall,following_right_wall,0,14,42,0.447720081,2.9109217,1,1,1,0.259723902,0.742344788,0.151816424,1,1,0,0,0
91.45,1.94388964,-2.55019341,89.0510203,0.0798693868,0.00195919736,FollowWall,following_right_wall,0,14,42,0.447720081,2.9109217,1,1,1,0.259723902,0.746346556,0.151816424,1,1,0,0,0
91.5,1.94395555,-2.54620105,89.0571173,0.0799325584,0.00101162388,FollowWall,following_right_wall,0,14,42,0.44737193,2.90313089,1,1,1,0.259897918,0.750348208,0.151816424,1,1,0,0,0
91.55,1.94402112,-2.54220713,89.0618814,0.0799325584,0.00101162388,FollowWall,following_right_wall,0,14,42,0.44737193,2.90313089,1,1,1,0.259897918,0.754349387,0.151816424,1,1,0,0,0
91.6,1.94408639,-2.5382123,89.065868,0.0799392335,0.000911497225,FollowWall,following_right_wall,0,14,42,0.446938723,2.89538582,1,1,1,0.259872198,0.758350291,0.151816424,1,1,0,0,0
91.65,1.94415142,-2.5342168,89.0692815,0.0799392335,0.000911497225,FollowWall,following_right_wall,0,14,42,0.446938723,2.89538582,1,1,1,0.259872198,0.762350993,0.151816424,1,1,0,0,0
91.7,1.94421623,-2.53022091,89.0723607,0.0799454882,0.000817676453,FollowWall,following_right_wall,0,14,42,0.446439415,2.88768626,1,1,1,0.259578466,0.766351578,0.151816424,1,1,0,0,0
91.75,1.94428084,-2.52622466,89.075133,0.0799454882,0.000817676453,FollowWall,following_right_wall,0,14,42,0.446439415,2.88768626,1,1,1,0.259578466,0.770352056,0.151816424,1,1,0,0,0
91.8,1.94434527,-2.5222282,89.0777262,0.0799900747,0.000148878753,FollowWall,following_right_wall,0,14,42,0.445890009,2.88003053,1,1,1,0.259473801,0.774352472,0.151816424,1,1,0,0,0
91.85,1.94440956,-2.51823068,89.0794166,0.0799900747,0.000148878753,FollowWall,following_right_wall,0,14,42,0.445890009,2.88003053,1,1,1,0.259473801,0.778352566,0.151816424,1,1,0,0,0
91.9,1.94447376,-2.51423255,89.0805803,0.0799891345,0.000162983061,FollowWall,following_right_wall,0,14,42,0.445281774,2.87241078,1,1,1,0.259024948,0.78235247,0.151816424,1,1,0,0,0
91.95,1.9445379,-2.51023408,89.0814538,0.0799891345,0.000162983061,FollowWall,following_right_wall,0,14,42,0.445281774,2.87241078,1,1,1,0.259024948,0.786352271,0.151816424,1,1,0,0,0
92,1.94460199,-2.50623541,89.0821578,0.0799978006,-3.29912958e-05,FollowWall,following_right_wall,0,14,42,0.444632858,2.86434839,1,1,1,0.258837759,0.790352012,0.151816424,1,1,0,0,0
92.05,1.94466604,-2.50223645,89.0825291,0.0799978006,-3.29912958e-05,FollowWall,following_right_wall,0,14,42,0.444632858,2.86434839,1,1,1,0.258837759,0.794351541,0.151816424,1,1,0,0,0
92.1,1.94473008,-2.49823731,89.0827063,0.0799699491,0.000450763002,FollowWall,following_right_wall,0,14,42,0.443952084,2.85606569,1,1,1,0.258299291,0.798350948,0.151816424,1,1,0,0,0
92.15,1.94479408,-2.49423866,89.0833478,0.0799699491,0.000450763002,FollowWall,following_right_wall,0,14,42,0.443952084,2.85606569,1,1,1,0.258299291,0.802350582,0.151816424,1,1,0,0,0
92.2,1.94485802,-2.49024028,89.08426,0.0799869491,-0.000195762895,FollowWall,following_right_wall,0,14,42,0.44326672,2.84783471,1,1,1,0.258631021,0.806350351,0.151816424,1,1,0,0,0
92.25,1.94492192,-2.48624171,89.0845584,0.0799869491,-0.000195762895,FollowWall,following_right_wall,0,14,42,0.44326672,2.84783471,1,1,1,0.258631021,0.810349376,0.151816424,1,1,0,0,0
92.3,1.94498582,-2.48224303,89.0844989,0.0799860628,0.000209058483,FollowWall,following_right_wall,0,14,42,0.442560792,2.83965664,1,1,1,0.258365065,0.814347966,0.151816424,1,1,0,0,0
92.35,1.94504971,-2.4782443,89.0847137,0.0799860628,0.000209058483,FollowWall,following_right_wall,0,14,42,0.442560792,2.83965664,1,1,1,0.258365065,0.818347021,0.151816424,1,1,0,0,0
92.4,1.94511358,-2.47424555,89.0850885,0.0799962238,-5.66426422e-05,FollowWall,following_right_wall,0,14,42,0.441857904,2.83153483,1,1,1,0.25866425,0.822346348,0.151816424,1,1,0,0,0
92.45,1.94517744,-2.47024656,89.0852396,0.0799962238,-5.66426422e-05,FollowWall,following_right_wall,0,14,42,0.441857904,2.83153483,1,1,1,0.25866425,0.826345561,0.151816424,1,1,0,0,0
92.5,1.94524129,-2.46624745,89.08526,0.0799983149,2.52765836e-05,FollowWall,following_right_wall,0,14,42,0.441157699,2.82347069,1,1,1,0.258837581,0.830344708,0.151816424,1,1,0,0,0
92.55,1.94530515,-2.46224821,89.0853022,0.0799983149,2.52765836e-05,FollowWall,following_right_wall,0,14,42,0.441157699,2.82347069,1,1,1,0.258837581,0.834344009,0.151816424,1,1,0,0,0
92.6,1.945369,-2.4582489,89.0853569,0.0799594685,0.000607972026,FollowWall,following_right_wall,0,14,42,0.440470695,2.81546542,1,1,1,0.258771598,0.8383434,0.151816424,1,1,0,0,0
92.65,1.94543281,-2.45425036,89.0861146,0.0799594685,0.000607972026,FollowWall,following_right_wall,0,14,42,0.440470695,2.81546542,1,1,1,0.258771598,0.842343094,0.151816424,1,1,0,0,0
92.7,1.94549654,-2.45025227,89.0872822,0.0799275752,0.00108637256,FollowWall,following_right_wall,0,14,42,0.439823121,2.80752237,1,1,1,0.258851141,0.846342968,0.151816424,1,1,0,0,0
92.75,1.94556015,-2.4462551,89.0892602,0.0799275752,0.00108637256,FollowWall,following_right_wall,0,14,42,0.439823121,2.80752237,1,1,1,0.258851141,0.850343152,0.151816424,1,1,0,0,0
92.8,1.9456236,-2.44225847,89.0917107,0.0798479127,0.00228130974,FollowWall,following_right_wall,0,14,42,0.439228892,2.79964199,1,1,1,0.258492082,0.85434352,0.151816424,1,1,0,0,0
92.85,1.94568679,-2.43826381,89.0958633,0.0798479127,0.00228130974,FollowWall,following_right_wall,0,14,42,0.439228892,2.79964199,1,1,1,0.258492082,0.858344514,0.151816424,1,1,0,0,0
92.9,1.94574963,-2.4342703,89.1010087,0.0796975952,0.00453607215,FollowWall,following_right_wall,0,14,42,0.438718736,2.79182645,1,1,1,0.257875353,0.862345875,0.151816424,1,1,0,0,0
92.95,1.94581194,-2.43028058,89.1094248,0.0796975952,0.00453607215,FollowWall,following_right_wall,0,14,42,0.438718736,2.79182645,1,1,1,0.257875353,0.866348431,0.151816424,1,1,0,0,0
93,1.94587357,-2.42629307,89.1197487,0.0796675453,0.0049868201,FollowWall,following_right_wall,0,14,42,0.43834576,2.78408074,1,1,1,0.257836103,0.870351691,0.151816424,1,1,0,0,0
93.05,1.94593439,-2.42230747,89.1317236,0.0796675453,0.0049868201,FollowWall,following_right_wall,0,14,42,0.43834576,2.78408074,1,1,1,0.257836103,0.874355566,0.151816424,1,1,0,0,0
93.1,1.94599432,-2.41832297,89.1446615,0.079628734,0.00556899015,FollowWall,following_right_wall,0,14,42,0.438084424,2.77639628,1,1,1,0.257430136,0.878359809,0.151816424,1,1,0,0,0
93.15,1.9460533,-2.41433992,89.1588561,0.079628734,0.00556899015,FollowWall,following_right_wall,0,14,42,0.438084424,2.77639628,1,1,1,0.257430136,0.882364529,0.151816424,1,1,0,0,0
93.2,1.94611124,-2.41035772,89.1737838,0.0796592488,0.00511126736,FollowWall,following_right_wall,0,14,42,0.437920719,2.76876617,1,1,1,0.257582247,0.886369537,0.151816424,1,1,0,0,0
93.25,1.94616816,-2.40637535,89.1885927,0.0796592488,0.00511126736,FollowWall,following_right_wall,0,14,42,0.437920719,2.76876617,1,1,1,0.257582247,0.890374523,0.151816424,1,1,0,0,0
93.3,1.94622405,-2.4023929,89.2033324,0.0796573309,0.00514003637,FollowWall,following_right_wall,0,14,42,0.43782106,2.76117944,1,1,1,0.257283509,0.894379506,0.151816424,1,1,0,0,0
93.35,1.94627891,-2.39841042,89.218066,0.0796573309,0.00514003637,FollowWall,following_right_wall,0,14,42,0.43782106,2.76117944,1,1,1,0.257283509,0.898384507,0.151816424,1,1,0,0,0
93.4,1.94633276,-2.39442792,89.2327961,0.0796556695,0.00516495808,FollowWall,following_right_wall,0,14,42,0.437783241,2.75318285,1,1,1,0.256881624,0.902389529,0.151816424,1,1,0,0,0
93.45,1.94638557,-2.39044544,89.2475538,0.0796556695,0.00516495808,FollowWall,following_right_wall,0,14,42,0.437783241,2.75318285,1,1,1,0.256881624,0.90639458,0.151816424,1,1,0,0,0
93.5,1.94643736,-2.38646297,89.2623277,0.0796976905,0.00453464191,FollowWall,following_right_wall,0,14,42,0.437810838,2.74492253,1,1,1,0.256826371,0.910399658,0.151816424,1,1,0,0,0
93.55,1.94648816,-2.38247962,89.2763587,0.0796976905,0.00453464191,FollowWall,following_right_wall,0,14,42,0.437810838,2.74492253,1,1,1,0.256826371,0.914404483,0.151816424,1,1,0,0,0
93.6,1.94653801,-2.37849575,89.2899562,0.079767915,0.0034812749,FollowWall,following_right_wall,0,14,42,0.437885135,2.73670989,1,1,1,0.256985605,0.918409167,0.151816424,1,1,0,0,0
93.65,1.94658698,-2.37451012,89.3020436,0.079767915,0.0034812749,FollowWall,following_right_wall,0,14,42,0.437885135,2.73670989,1,1,1,0.256985605,0.922413312,0.151816424,1,1,0,0,0
93.7,1.94663516,-2.37052345,89.31325,0.0798154521,0.00276821883,FollowWall,following_right_wall,0,14,42,0.437981278,2.72854492,1,1,1,0.256869465,0.926417147,0.151816424,1,1,0,0,0
93.75,1.94668262,-2.36653518,89.3230914,0.0798154521,0.00276821883,FollowWall,following_right_wall,0,14,42,0.437981278,2.72854492,1,1,1,0.256869465,0.930420491,0.151816424,1,1,0,0,0
93.8,1.94672944,-2.36254598,89.3321365,0.079900088,0.00149867994,FollowWall,following_right_wall,0,14,42,0.438096881,2.7204305,1,1,1,0.257101864,0.934423552,0.151816424,1,1,0,0,0
93.85,1.94677572,-2.35855447,89.3392018,0.079900088,0.00149867994,FollowWall,following_right_wall,0,14,42,0.438096881,2.7204305,1,1,1,0.257101864,0.938425891,0.151816424,1,1,0,0,0
93.9,1.94682157,-2.35456161,89.3451121,0.0799715729,0.000426406344,FollowWall,following_right_wall,0,14,42,0.438214272,2.71236663,1,1,1,0.257189989,0.94242781,0.151816424,1,1,0,0,0
93.95,1.9468671,-2.35056647,89.3490688,0.0799715729,0.000426406344,FollowWall,following_right_wall,0,14,42,0.438214272,2.71236663,1,1,1,0.257189989,0.946429012,0.151816424,1,1,0,0,0
94,1.9469124,-2.34657001,89.3518858,0.0799917492,0.000123761741,FollowWall,following_right_wall,0,14,42,0.438326925,2.704354,1,1,1,0.25697121,0.950429796,0.151816424,1,1,0,0,0
94.05,1.94695756,-2.34257235,89.3536768,0.0799917492,0.000123761741,FollowWall,following_right_wall,0,14,42,0.438326925,2.704354,1,1,1,0.25697121,0.954430203,0.151816424,1,1,0,0,0
94.1,1.94700263,-2.33857399,89.3548693,0.0799902646,-0.000146031292,FollowWall,following_right_wall,0,14,42,0.438454866,2.69639573,1,1,1,0.257098973,0.95843039,0.151816424,1,1,0,0,0
94.15,1.94704764,-2.33457525,89.3553906,0.0799902646,-0.000146031292,FollowWall,following_right_wall,0,14,42,0.438454866,2.69639573,1,1,1,0.257098973,0.962429924,0.151816424,1,1,0,0,0
94.2,1.94709262,-2.3305763,89.3555204,0.0799870834,0.000193748383,FollowWall,following_right_wall,0,14,42,0.438608289,2.68849444,1,1,1,0.256838441,0.966429077,0.151816424,1,1,0,0,0
94.25,1.9471376,-2.32657728,89.3558273,0.0799870834,0.000193748383,FollowWall,following_right_wall,0,14,42,0.438608289,2.68849444,1,1,1,0.256838441,0.970428562,0.151816424,1,1,0,0,0
94.3,1.94718255,-2.32257823,89.3562377,0.0799587457,0.000618814356,FollowWall,following_right_wall,0,14,42,0.438806474,2.68065013,1,1,1,0.256264448,0.974428243,0.151816424,1,1,0,0,0
94.35,1.94722744,-2.31857975,89.3572157,0.0799587457,0.000618814356,FollowWall,following_right_wall,0,14,42,0.438806474,2.68065013,1,1,1,0.256264448,0.978428225,0.151816424,1,1,0,0,0
94.4,1.94727225,-2.3145816,89.3585249,0.0799982063,-2.69049383e-05,FollowWall,following_right_wall,0,14,42,0.439059526,2.67286232,1,1,1,0.256212652,0.982428384,0.151816424,1,1,0,0,0
94.45,1.947317,-2.31058282,89.3592564,0.0799982063,-2.69049383e-05,FollowWall,following_right_wall,0,14,42,0.439059526,2.67286232,1,1,1,0.256212652,0.986428286,0.151816424,1,1,0,0,0
94.5,1.94736171,-2.30658367,89.3596511,0.0799949922,7.51176396e-05,FollowWall,following_right_wall,0,14,42,0.439334452,2.66512505,1,1,1,0.255754173,0.990428038,0.151816424,1,1,0,0,0
94.55,1.94740639,-2.30258438,89.3599709,0.0799949922,7.51176396e-05,FollowWall,following_right_wall,0,14,42,0.439334452,2.66512505,1,1,1,0.255754173,0.994427823,0.151816424,1,1,0,0,0
94.6,1.94745106,-2.298585,89.3602472,0.079990844,-0.000137339971,FollowWall,following_right_wall,0,14,42,0.439631164,2.65743522,1,1,1,0.255610079,0.998427627,0.151816424,1,1,0,0,0
94.65,1.94749572,-2.29458565,89.3602444,0.079990844,-0.000137339971,FollowWall,following_right_wall,0,14,42,0.439631164,2.65743522,1,1,1,0.255610079,1.00242697,0.151816424,1,1,0,0,0
94.7,1.94754038,-2.29058633,89.3600788,0.0799570237,-0.000644644203,FollowWall,following_right_wall,0,14,42,0.439940512,2.64978854,1,1,1,0.255773216,1.00642604,0.151816424,1,1,0,0,0
94.75,1.94758507,-2.28658772,89.3592128,0.0799570237,-0.000644644203,FollowWall,following_right_wall,0,14,42,0.439940512,2.64978854,1,1,1,0.255773216,1.01042331,0.151816424,1,1,0,0,0
94.8,1.94762984,-2.28258954,89.3579381,0.0799631818,-0.000552273713,FollowWall,following_right_wall,0,14,42,0.440243155,2.64180773,1,1,1,0.255654216,1.01441954,0.151816424,1,1,0,0,0
94.85,1.94767469,-2.27859147,89.3565353,0.0799631818,-0.000552273713,FollowWall,following_right_wall,0,14,42,0.440243155,2.64180773,1,1,1,0.255654216,1.01841546,0.151816424,1,1,0,0,0
94.9,1.94771964,-2.27459347,89.3550577,0.0799793424,-0.00030986464,FollowWall,following_right_wall,0,14,42,0.440543979,2.63350647,1,1,1,0.25554207,1.0224112,0.151816424,1,1,0,0,0
94.95,1.94776469,-2.27059517,89.353826,0.0799793424,-0.00030986464,FollowWall,following_right_wall,0,14,42,0.440543979,2.63350647,1,1,1,0.25554207,1.02640761,0.151816424,1,1,0,0,0
95,1.94780983,-2.2665967,89.3527376,0.0799962134,-5.67982726e-05,FollowWall,following_right_wall,0,14,42,0.440848857,2.62525242,1,1,1,0.255512059,1.03040441,0.151816424,1,1,0,0,0
95.05,1.94785503,-2.26259778,89.3520349,0.0799962134,-5.67982726e-05,FollowWall,following_right_wall,0,14,42,0.440848857,2.62525242,1,1,1,0.255512059,1.03440225,0.151816424,1,1,0,0,0
95.1,1.94790028,-2.2585986,89.3515572,0.0799956751,-6.48736584e-05,FollowWall,following_right_wall,0,14,42,0.441156626,2.61704844,1,1,1,0.255739391,1.0384007,0.151816424,1,1,0,0,0
95.15,1.94794555,-2.25459927,89.3512011,0.0799956751,-6.48736584e-05,FollowWall,following_right_wall,0,14,42,0.441156626,2.61704844,1,1,1,0.255739391,1.04239949,0.151816424,1,1,0,0,0
95.2,1.94799085,-2.25059986,89.3509159,0.0799873849,-0.000189227184,FollowWall,following_right_wall,0,14,42,0.441454351,2.60889857,1,1,1,0.256131619,1.04639846,0.151816424,1,1,0,0,0
95.25,1.94803617,-2.24660057,89.3505237,0.0799873849,-0.000189227184,FollowWall,following_right_wall,0,14,42,0.441454351,2.60889857,1,1,1,0.256131619,1.05039714,0.151816424,1,1,0,0,0
95.3,1.94808153,-2.24260136,89.350069,0.0799642531,0.000536203542,FollowWall,following_right_wall,0,14,42,0.441727757,2.60080641,1,1,1,0.256035477,1.05439566,0.151816424,1,1,0,0,0
95.35,1.94812687,-2.23860267,89.3504439,0.0799642531,0.000536203542,FollowWall,following_right_wall,0,14,42,0.441727757,2.60080641,1,1,1,0.256035477,1.05839492,0.151816424,1,1,0,0,0
95.4,1.94817217,-2.23460428,89.3513025,0.079915393,0.0012691046,FollowWall,following_right_wall,0,14,42,0.441993356,2.59277337,1,1,1,0.25572142,1.06239463,0.151816424,1,1,0,0,0
95.45,1.94821736,-2.23060709,89.3533183,0.079915393,0.0012691046,FollowWall,following_right_wall,0,14,42,0.441993356,2.59277337,1,1,1,0.25572142,1.0663949,0.151816424,1,1,0,0,0
95.5,1.94826238,-2.2266106,89.3560091,0.079876687,0.00184969503,FollowWall,following_right_wall,0,14,42,0.44225955,2.58480113,1,1,1,0.255663097,1.07039552,0.151816424,1,1,0,0,0
95.55,1.94830715,-2.22261532,89.3597866,0.079876687,0.00184969503,FollowWall,following_right_wall,0,14,42,0.44225955,2.58480113,1,1,1,0.255663097,1.0743966,0.151816424,1,1,0,0,0
95.6,1.94835164,-2.21862074,89.3641981,0.0797997646,0.00300353115,FollowWall,following_right_wall,0,14,42,0.442521751,2.57688969,1,1,1,0.255179316,1.07839794,0.151816424,1,1,0,0,0
95.65,1.94839573,-2.21462818,89.3703566,0.0797997646,0.00300353115,FollowWall,following_right_wall,0,14,42,0.442521751,2.57688969,1,1,1,0.255179316,1.08239995,0.151816424,1,1,0,0,0
95.7,1.94843934,-2.21063678,89.3775343,0.0797486096,0.00377085609,FollowWall,following_right_wall,0,14,42,0.442792714,2.56875201,1,1,1,0.254798055,1.08640236,0.151816424,1,1,0,0,0
95.75,1.94848239,-2.20664713,89.3862224,0.0797486096,0.00377085609,FollowWall,following_right_wall,0,14,42,0.442792714,2.56875201,1,1,1,0.254798055,1.09040533,0.151816424,1,1,0,0,0
95.8,1.94852478,-2.20265849,89.3957916,0.079748461,0.00377308486,FollowWall,following_right_wall,0,14,42,0.443067282,2.56049566,1,1,1,0.25477773,1.09440865,0.151816424,1,1,0,0,0
95.85,1.94856649,-2.19867045,89.4058774,0.079748461,0.00377308486,FollowWall,following_right_wall,0,14,42,0.443067282,2.56049566,1,1,1,0.25477773,1.09841217,0.151816424,1,1,0,0,0
95.9,1.94860748,-2.19468275,89.4162646,0.0797283256,0.00407511538,FollowWall,following_right_wall,0,14,42,0.443315923,2.55229315,1,1,1,0.254422843,1.10241582,0.151816424,1,1,0,0,0
95.95,1.94864772,-2.19069566,89.4271881,0.0797283256,0.00407511538,FollowWall,following_right_wall,0,14,42,0.443315923,2.55229315,1,1,1,0.254422843,1.10641968,0.151816424,1,1,0,0,0
96,1.94868719,-2.18670893,89.4384245,0.0797645924,0.00353111453,FollowWall,following_right_wall,0,14,42,0.443531185,2.54414686,1,1,1,0.254524738,1.11042366,0.151816424,1,1,0,0,0
96.05,1.9487259,-2.18272165,89.449194,0.0797645924,0.00353111453,FollowWall,following_right_wall,0,14,42,0.443531185,2.54414686,1,1,1,0.254524738,1.11442748,0.151816424,1,1,0,0,0
96.1,1.94876387,-2.17873405,89.4596911,0.0798121506,0.002817741,FollowWall,following_right_wall,0,14,42,0.443685442,2.53605323,1,1,1,0.254655123,1.11843122,0.151816424,1,1,0,0,0
96.15,1.94880115,-2.17474526,89.4691779,0.0798121506,0.002817741,FollowWall,following_right_wall,0,14,42,0.443685442,2.53605323,1,1,1,0.254655123,1.12243458,0.151816424,1,1,0,0,0
96.2,1.9488378,-2.17075578,89.4780753,0.0798614659,0.00207801092,FollowWall,following_right_wall,0,14,42,0.443757147,2.52800963,1,1,1,0.254745662,1.12643773,0.151816424,1,1,0,0,0
96.25,1.94887389,-2.16676487,89.4857459,0.0798614659,0.00207801092,FollowWall,following_right_wall,0,14,42,0.443757147,2.52800963,1,1,1,0.254745662,1.13044044,0.151816424,1,1,0,0,0
96.3,1.94890948,-2.16277312,89.4927008,0.0798813614,0.00177957832,FollowWall,following_right_wall,0,14,42,0.443736285,2.52001535,1,1,1,0.254492223,1.13444288,0.151816424,1,1,0,0,0
96.35,1.94894461,-2.15878047,89.4988821,0.0798813614,0.00177957832,FollowWall,following_right_wall,0,14,42,0.443736285,2.52001535,1,1,1,0.254492223,1.13844504,0.151816424,1,1,0,0,0
96.4,1.94897934,-2.15478728,89.5046121,0.0799299826,0.00105026126,FollowWall,following_right_wall,0,14,42,0.44363308,2.51207325,1,1,1,0.254478455,1.14244703,0.151816424,1,1,0,0,0
96.45,1.94901372,-2.15079278,89.5092082,0.0799299826,0.00105026126,FollowWall,following_right_wall,0,14,42,0.44363308,2.51207325,1,1,1,0.254478455,1.1464486,0.151816424,1,1,0,0,0
96.5,1.94904781,-2.1467975,89.5131429,0.0799466124,0.000800813616,FollowWall,following_right_wall,0,14,42,0.44344151,2.50418118,1,1,1,0.254098922,1.15044993,0.151816424,1,1,0,0,0
96.55,1.94908165,-2.14280143,89.5163941,0.0799466124,0.000800813616,FollowWall,following_right_wall,0,14,42,0.44344151,2.50418118,1,1,1,0.254098922,1.15445101,0.151816424,1,1,0,0,0
96.6,1.94911528,-2.13880489,89.5192465,0.079958626,-0.000620609469,FollowWall,following_right_wall,0,14,42,0.443172693,2.49634057,1,1,1,0.254467487,1.15845193,0.151816424,1,1,0,0,0
96.65,1.94914879,-2.13480783,89.5201696,0.079958626,-0.000620609469,FollowWall,following_right_wall,0,14,42,0.443172693,2.49634057,1,1,1,0.254467487,1.16245042,0.151816424,1,1,0,0,0
96.7,1.94918227,-2.13081046,89.5199673,0.079908528,-0.00137207985,FollowWall,following_right_wall,0,14,42,0.442799211,2.48854618,1,1,1,0.25488323,1.16644747,0.151816424,1,1,0,0,0
96.75,1.94921582,-2.12681396,89.5182115,0.079908528,-0.00137207985,FollowWall,following_right_wall,0,14,42,0.442799211,2.48854618,1,1,1,0.25488323,1.17044127,0.151816424,1,1,0,0,0
96.8,1.94924951,-2.12281797,89.5155494,0.0799460741,-0.000808887864,FollowWall,following_right_wall,0,14,42,0.442326158,2.48079944,1,1,1,0.254580468,1.17443316,0.151816424,1,1,0,0,0
96.85,1.94928339,-2.1188215,89.5130311,0.0799460741,-0.000808887864,FollowWall,following_right_wall,0,14,42,0.442326158,2.48079944,1,1,1,0.254580468,1.17842577,0.151816424,1,1,0,0,0
96.9,1.94931745,-2.11482473,89.5105965,0.0799276311,-0.00108553349,FollowWall,following_right_wall,0,14,42,0.441803604,2.47310012,1,1,1,0.254363507,1.18241878,0.151816424,1,1,0,0,0
96.95,1.94935168,-2.11082819,89.5078805,0.0799276311,-0.00108553349,FollowWall,following_right_wall,0,14,42,0.441803604,2.47310012,1,1,1,0.254363507,1.18641115,0.151816424,1,1,0,0,0
97,1.94938611,-2.10683178,89.5050005,0.0799267374,-0.00109893843,FollowWall,following_right_wall,0,14,42,0.441235632,2.46544439,1,1,1,0.253990412,1.19040313,0.151816424,1,1,0,0,0
97.05,1.94942074,-2.10283547,89.5020087,0.0799267374,-0.00109893843,FollowWall,following_right_wall,0,14,42,0.441235632,2.46544439,1,1,1,0.253990412,1.19439485,0.151816424,1,1,0,0,0
97.1,1.94945558,-2.0988392,89.4989517,0.0799206803,-0.00118979572,FollowWall,following_right_wall,0,14,42,0.44062978,2.45750107,1,1,1,0.253768861,1.19838641,0.151816424,1,1,0,0,0
97.15,1.94949064,-2.0948431,89.4957482,0.0799206803,-0.00118979572,FollowWall,following_right_wall,0,14,42,0.44062978,2.45750107,1,1,1,0.253768861,1.20237758,0.151816424,1,1,0,0,0
97.2,1.94952592,-2.0908471,89.4924593,0.0799256758,-0.0011148636,FollowWall,following_right_wall,0,14,42,0.439992309,2.44919072,1,1,1,0.253540009,1.20636853,0.151816424,1,1,0,0,0
97.25,1.94956144,-2.08685104,89.48921,0.0799256758,-0.0011148636,FollowWall,following_right_wall,0,14,42,0.439992309,2.44919072,1,1,1,0.253540009,1.21035959,0.151816424,1,1,0,0,0
97.3,1.94959717,-2.08285496,89.4859839,0.0799551999,-0.000672001374,FollowWall,following_right_wall,0,14,42,0.439334393,2.44092757,1,1,1,0.253165364,1.21435071,0.151816424,1,1,0,0,0
97.35,1.94963312,-2.07885824,89.4832998,0.0799551999,-0.000672001374,FollowWall,following_right_wall,0,14,42,0.439334393,2.44092757,1,1,1,0.253165364,1.2183433,0.151816424,1,1,0,0,0
97.4,1.94966925,-2.07486116,89.4809319,0.0799179489,-0.00123076716,FollowWall,following_right_wall,0,14,42,0.438677043,2.43271494,1,1,1,0.253550529,1.22233674,0.151816424,1,1,0,0,0
97.45,1.94970556,-2.07086465,89.4780815,0.0799179489,-0.00123076716,FollowWall,following_right_wall,0,14,42,0.438677043,2.43271494,1,1,1,0.253550529,1.22632888,0.151816424,1,1,0,0,0
97.5,1.94974207,-2.06686846,89.4749497,0.0799161901,-0.0012571489,FollowWall,following_right_wall,0,14,42,0.438004106,2.42455714,1,1,1,0.253697246,1.23032025,0.151816424,1,1,0,0,0
97.55,1.94977881,-2.0628725,89.4716222,0.0799161901,-0.0012571489,FollowWall,following_right_wall,0,14,42,0.438004106,2.42455714,1,1,1,0.253697246,1.2343111,0.151816424,1,1,0,0,0
97.6,1.94981578,-2.05887667,89.4681805,0.0799393047,-0.000910429978,FollowWall,following_right_wall,0,14,42,0.437323928,2.41645653,1,1,1,0.253710955,1.23830163,0.151816424,1,1,0,0,0
97.65,1.94985298,-2.05488045,89.4650861,0.0799393047,-0.000910429978,FollowWall,following_right_wall,0,14,42,0.437323928,2.41645653,1,1,1,0.253710955,1.2422931,0.151816424,1,1,0,0,0
97.7,1.94989039,-2.05088399,89.4621943,0.0799565906,-0.000651141303,FollowWall,following_right_wall,0,14,42,0.436659187,2.40841361,1,1,1,0.253878355,1.24628512,0.151816424,1,1,0,0,0
97.75,1.949928,-2.04688703,89.4597302,0.0799565906,-0.000651141303,FollowWall,following_right_wall,0,14,42,0.436659187,2.40841361,1,1,1,0.253878355,1.25027829,0.151816424,1,1,0,0,0
97.8,1.94996577,-2.04288979,89.4575156,0.0799855498,-0.000216753117,FollowWall,following_right_wall,0,14,42,0.436022371,2.40042932,1,1,1,0.25401178,1.25427213,0.151816424,1,1,0,0,0
97.85,1.95000368,-2.03889177,89.455965,0.0799855498,-0.000216753117,FollowWall,following_right_wall,0,14,42,0.436022371,2.40042932,1,1,1,0.25401178,1.25826777,0.151816424,1,1,0,0,0
97.9,1.95004169,-2.03489331,89.4548017,0.0799470026,0.000794961362,FollowWall,following_right_wall,0,14,42,0.435427129,2.39250294,1,1,1,0.253824204,1.26226445,0.151816424,1,1,0,0,0
97.95,1.95007972,-2.03089538,89.4550721,0.0799470026,0.000794961362,FollowWall,following_right_wall,0,14,42,0.435427129,2.39250294,1,1,1,0.253824204,1.26626279,0.151816424,1,1,0,0,0
98,1.9501177,-2.02689777,89.4561787,0.0798071248,0.00289312744,FollowWall,following_right_wall,0,14,42,0.434901983,2.3846383,1,1,1,0.253263801,1.2702621,0.151816424,1,1,0,0,0
98.05,1.95015547,-2.02290325,89.4602776,0.0798071248,0.00289312744,FollowWall,following_right_wall,0,14,42,0.434901983,2.3846383,1,1,1,0.253263801,1.27426291,0.151816424,1,1,0,0,0
98.1,1.95019288,-2.01891054,89.4661221,0.0797163678,0.00425448257,FollowWall,following_right_wall,0,14,42,0.434499472,2.37684325,1,1,1,0.25318864,1.2782646,0.151816424,1,1,0,0,0
98.15,1.95022976,-2.01492077,89.4746098,0.0797163678,0.00425448257,FollowWall,following_right_wall,0,14,42,0.434499472,2.37684325,1,1,1,0.25318864,1.28226742,0.151816424,1,1,0,0,0
98.2,1.95026599,-2.01093271,89.4846393,0.0797119404,0.00432089405,FollowWall,following_right_wall,0,14,42,0.434227318,2.36911613,1,1,1,0.253309637,1.28627089,0.151816424,1,1,0,0,0
98.25,1.95030147,-2.00694574,89.4956476,0.0797119404,0.00432089405,FollowWall,following_right_wall,0,14,42,0.434227318,2.36911613,1,1,1,0.253309637,1.29027479,0.151816424,1,1,0,0,0
98.3,1.95033615,-2.0029594,89.5072268,0.0796818659,0.00477201187,FollowWall,following_right_wall,0,14,42,0.434046805,2.36144598,1,1,1,0.253009677,1.29427893,0.151816424,1,1,0,0,0
98.35,1.95037,-1.99897405,89.5196775,0.0796818659,0.00477201187,FollowWall,following_right_wall,0,14,42,0.434046805,2.36144598,1,1,1,0.253009677,1.29828343,0.151816424,1,1,0,0,0
98.4,1.95040295,-1.99498928,89.5326365,0.0797104155,0.00434376777,FollowWall,following_right_wall,0,14,42,0.433950424,2.35382635,1,1,1,0.25316596,1.30228814,0.151816424,1,1,0,0,0
98.45,1.95043502,-1.99100425,89.545381,0.0797104155,0.00434376777,FollowWall,following_right_wall,0,14,42,0.433950424,2.35382635,1,1,1,0.25316596,1.30629279,0.151816424,1,1,0,0,0
98.5,1.9504662,-1.98701906,89.5580002,0.0796940372,0.00458944133,FollowWall,following_right_wall,0,14,42,0.433913171,2.34606077,1,1,1,0.252757251,1.31029741,0.151816424,1,1,0,0,0
98.55,1.9504965,-1.98303411,89.5708397,0.0796940372,0.00458944133,FollowWall,following_right_wall,0,14,42,0.433913171,2.34606077,1,1,1,0.252757251,1.31430212,0.151816424,1,1,0,0,0
98.6,1.95052589,-1.97904931,89.5838077,0.0797180259,0.00422961147,FollowWall,following_right_wall,0,14,42,0.433942556,2.33777184,1,1,1,0.252648592,1.3183069,0.151816424,1,1,0,0,0
98.65,1.9505544,-1.97506409,89.596421,0.0797180259,0.00422961147,FollowWall,following_right_wall,0,14,42,0.433942556,2.33777184,1,1,1,0.252648592,1.32231155,0.151816424,1,1,0,0,0
98.7,1.95058204,-1.97107862,89.6088275,0.0797239362,0.00414095742,FollowWall,following_right_wall,0,14,42,0.434028,2.32952821,1,1,1,0.252260864,1.32631613,0.151816424,1,1,0,0,0
98.75,1.95060883,-1.96709289,89.6210076,0.0797239362,0.00414095742,FollowWall,following_right_wall,0,14,42,0.434028,2.32952821,1,1,1,0.252260864,1.33032065,0.151816424,1,1,0,0,0
98.8,1.95063478,-1.96310699,89.6330555,0.0798140344,0.00278948439,FollowWall,following_right_wall,0,14,42,0.434170216,2.32133368,1,1,1,0.252638638,1.33432512,0.151816424,1,1,0,0,0
98.85,1.95065996,-1.95911912,89.6434132,0.0798140344,0.00278948439,FollowWall,following_right_wall,0,14,42,0.434170216,2.32133368,1,1,1,0.252638638,1.33832896,0.151816424,1,1,0,0,0
98.9,1.95068446,-1.9551301,89.6527848,0.0798385198,0.00242220238,FollowWall,following_right_wall,0,14,42,0.434331328,2.31318613,1,1,1,0.252311707,1.34233243,0.151816424,1,1,0,0,0
98.95,1.95070835,-1.9511399,89.6611429,0.0798385198,0.00242220238,FollowWall,following_right_wall,0,14,42,0.434331328,2.31318613,1,1,1,0.252311707,1.34633553,0.151816424,1,1,0,0,0
99,1.95073168,-1.947149,89.6689098,0.0799329264,0.00100610443,FollowWall,following_right_wall,0,14,42,0.434518486,2.30508935,1,1,1,0.252649695,1.35033841,0.151816424,1,1,0,0,0
99.05,1.95075456,-1.94315574,89.6746414,0.0799329264,0.00100610443,FollowWall,following_right_wall,0,14,42,0.434518486,2.30508935,1,1,1,0.252649695,1.35434052,0.151816424,1,1,0,0,0
99.1,1.95077708,-1.93916109,89.6791858,0.0799741167,-0.000388249727,FollowWall,following_right_wall,0,14,42,0.43470642,2.29704192,1,1,1,0.252963781,1.35834218,0.151816424,1,1,0,0,0
99.15,1.95079938,-1.93516477,89.6813732,0.0799741167,-0.000388249727,FollowWall,following_right_wall,0,14,42,0.43470642,2.29704192,1,1,1,0.252963781,1.36234187,0.151816424,1,1,0,0,0
99.2,1.95082158,-1.93116749,89.6821858,0.0799340235,-0.000989647554,FollowWall,following_right_wall,0,14,42,0.43487668,2.28904527,1,1,1,0.252984524,1.36634041,0.151816424,1,1,0,0,0
99.25,1.95084378,-1.92717047,89.6814785,0.0799340235,-0.000989647554,FollowWall,following_right_wall,0,14,42,0.43487668,2.28904527,1,1,1,0.252984524,1.37033633,0.151816424,1,1,0,0,0
99.3,1.95086606,-1.92317361,89.6798846,0.0799211295,-0.0011830574,FollowWall,following_right_wall,0,14,42,0.435044408,2.28110559,1,1,1,0.253143907,1.37433073,0.151816424,1,1,0,0,0
99.35,1.95088847,-1.91917711,89.6775427,0.0799211295,-0.0011830574,FollowWall,following_right_wall,0,14,42,0.435044408,2.28110559,1,1,1,0.253143907,1.37832362,0.151816424,1,1,0,0,0
99.4,1.95091105,-1.91518083,89.6747643,0.0799488758,-0.000766862965,FollowWall,following_right_wall,0,14,42,0.435229629,2.27322385,1,1,1,0.25286451,1.38231562,0.151816424,1,1,0,0,0
99.45,1.95093383,-1.91118409,89.6722283,0.0799488758,-0.000766862965,FollowWall,following_right_wall,0,14,42,0.435229629,2.27322385,1,1,1,0.25286451,1.38630844,0.151816424,1,1,0,0,0
99.5,1.95095678,-1.90718708,89.6698336,0.0799563582,-0.000654627487,FollowWall,following_right_wall,0,14,42,0.435457826,2.2653979,1,1,1,0.252352506,1.39030175,0.151816424,1,1,0,0,0
99.55,1.95097989,-1.90318976,89.6676552,0.0799563582,-0.000654627487,FollowWall,following_right_wall,0,14,42,0.435457826,2.2653979,1,1,1,0.252352506,1.39429571,0.151816424,1,1,0,0,0
99.6,1.95100315,-1.89919227,89.6656031,0.0799310696,-0.00103395625,FollowWall,following_right_wall,0,14,42,0.435728937,2.25762463,1,1,1,0.252242923,1.39829004,0.151816424,1,1,0,0,0
99.65,1.95102656,-1.89519519,89.6631719,0.0799310696,-0.00103395625,FollowWall,following_right_wall,0,14,42,0.435728937,2.25762463,1,1,1,0.252242923,1.40228336,0.151816424,1,1,0,0,0
99.7,1.95105015,-1.89119837,89.6605194,0.0799365829,-0.000951256181,FollowWall,following_right_wall,0,14,42,0.436021537,2.24990285,1,1,1,0.251923591,1.4062761,0.151816424,1,1,0,0,0
99.75,1.95107393,-1.88720157,89.6578367,0.0799365829,-0.000951256181,FollowWall,following_right_wall,0,14,42,0.436021537,2.24990285,1,1,1,0.251923591,1.41026876,0.151816424,1,1,0,0,0
99.8,1.95109789,-1.88320479,89.6551363,0.0799166538,-0.00125019335,FollowWall,following_right_wall,0,14,42,0.436334789,2.24222756,1,1,1,0.251956433,1.41426137,0.151816424,1,1,0,0,0
99.85,1.95112205,-1.87920843,89.6520688,0.0799166538,-0.00125019335,FollowWall,following_right_wall,0,14,42,0.436334789,2.24222756,1,1,1,0.251956433,1.41825299,0.151816424,1,1,0,0,0
99.9,1.95114643,-1.87521233,89.6487871,0.0799083742,-0.00137438749,FollowWall,following_right_wall,0,14,42,0.436655134,2.23449577,1,1,1,0.25198108,1.42224404,0.151816424,1,1,0,0,0
99.95,1.95117105,-1.87121654,89.6452322,0.0799083742,-0.00137438749,FollowWall,following_right_wall,0,14,42,0.436655134,2.23449577,1,1,1,0.25198108,1.42623434,0.151816424,1,1,0,0,0
100,1.95119592,-1.86722094,89.6415179,0.0799477354,-0.000783969671,FollowWall,following_right_wall,0,14,42,0.436975986,2.22622841,1,1,1,0.251637042,1.43022421,0.151816424,1,1,0,0,0
100.05,1.95122103,-1.86322463,89.6384155,0.0799477354,-0.000783969671,FollowWall,following_right_wall,0,14,42,0.436975986,2.22622841,1,1,1,0.251637042,1.43421574,0.151816424,1,1,0,0,0
100.1,1.95124635,-1.85922791,89.63567,0.079946743,-0.000798854837,FollowWall,following_right_wall,0,14,42,0.437313884,2.21794384,1,1,1,0.251774728,1.43820823,0.151816424,1,1,0,0,0
100.15,1.95127186,-1.85523096,89.6331148,0.079946743,-0.000798854837,FollowWall,following_right_wall,0,14,42,0.437313884,2.21794384,1,1,1,0.251774728,1.44220124,0.151816424,1,1,0,0,0
100.2,1.95129754,-1.85123389,89.6306708,0.0799450695,-0.000823957392,FollowWall,following_right_wall,0,14,42,0.437656224,2.20861082,1,1,1,0.252003342,1.44619454,0.151816424,1,1,0,0,0
100.25,1.95132339,-1.84723677,89.6282615,0.0799450695,-0.000823957392,FollowWall,following_right_wall,0,14,42,0.437656224,2.20861082,1,1,1,0.252003342,1.45018794,0.151816424,1,1,0,0,0
100.3,1.9513494,-1.84323964,89.6258726,0.0799763907,-0.000354139079,FollowWall,following_right_wall,0,14,42,0.437989503,2.20072378,1,1,1,0.251991153,1.45418139,0.151816424,1,1,0,0,0
100.35,1.95137557,-1.83924184,89.6240564,0.0799763907,-0.000354139079,FollowWall,following_right_wall,0,14,42,0.437989503,2.20072378,1,1,1,0.251991153,1.45817639,0.151816424,1,1,0,0,0
100.4,1.95140186,-1.83524365,89.6225742,0.0799702306,-0.000446540953,FollowWall,following_right_wall,0,14,42,0.438319951,2.19289388,1,1,1,0.25242576,1.4621723,0.151816424,1,1,0,0,0
100.45,1.95142825,-1.83124536,89.6211765,0.0799702306,-0.000446540953,FollowWall,following_right_wall,0,14,42,0.438319951,2.19289388,1,1,1,0.25242576,1.46616843,0.151816424,1,1,0,0,0
100.5,1.95145473,-1.82724702,89.6198282,0.0799855188,0.000217218063,FollowWall,following_right_wall,0,14,42,0.438631654,2.18511828,1,1,1,0.25243026,1.4701647,0.151816424,1,1,0,0,0
100.55,1.95148128,-1.82324832,89.619301,0.0799855188,0.000217218063,FollowWall,following_right_wall,0,14,42,0.438631654,2.18511828,1,1,1,0.25243026,1.47416258,0.151816424,1,1,0,0,0
100.6,1.95150785,-1.81924942,89.6192527,0.0799417013,0.000874481226,FollowWall,following_right_wall,0,14,42,0.438934714,2.17729919,1,1,1,0.252270699,1.4781614,0.151816424,1,1,0,0,0
100.65,1.95153439,-1.81525131,89.6202684,0.0799417013,0.000874481226,FollowWall,following_right_wall,0,14,42,0.438934714,2.17729919,1,1,1,0.252270699,1.48216108,0.151816424,1,1,0,0,0
100.7,1.95156082,-1.81125367,89.6219047,0.079899733,0.00150400501,FollowWall,following_right_wall,0,14,42,0.439234316,2.1693415,1,1,1,0.252284646,1.48616124,0.151816424,1,1,0,0,0
100.75,1.9515871,-1.80725717,89.6246545,0.079899733,0.00150400501,FollowWall,following_right_wall,0,14,42,0.439234316,2.1693415,1,1,1,0.252284646,1.49016199,0.151816424,1,1,0,0,0
100.8,1.95161316,-1.80326133,89.6280539,0.0798237299,0.00264405091,FollowWall,following_right_wall,0,14,42,0.439528584,2.16144484,1,1,1,0.251821548,1.49416306,0.151816424,1,1,0,0,0
100.85,1.95163891,-1.79926747,89.6331929,0.0798237299,0.00264405091,FollowWall,following_right_wall,0,14,42,0.439528584,2.16144484,1,1,1,0.251821548,1.49816485,0.151816424,1,1,0,0,0
100.9,1.95166426,-1.79527475,89.6393468,0.0797746218,0.00338067333,FollowWall,following_right_wall,0,14,42,0.439830303,2.15360921,1,1,1,0.251468688,1.50216706,0.151816424,1,1,0,0,0
100.95,1.95168911,-1.79128372,89.6469719,0.0797746218,0.00338067333,FollowWall,following_right_wall,0,14,42,0.439830303,2.15360921,1,1,1,0.251468688,1.50616984,0.151816424,1,1,0,0,0
101,1.9517134,-1.78729368,89.6554553,0.0797736879,0.00339468143,FollowWall,following_right_wall,0,14,42,0.440133512,2.14550092,1,1,1,0.251442373,1.51017297,0.151816424,1,1,0,0,0
101.05,1.95173708,-1.78330423,89.664456,0.0797736879,0.00339468143,FollowWall,following_right_wall,0,14,42,0.440133512,2.14550092,1,1,1,0.251442373,1.5141763,0.151816424,1,1,0,0,0
101.1,1.95176012,-1.77931513,89.6737586,0.0797800193,0.00329971024,FollowWall,following_right_wall,0,14,42,0.44040969,2.13730389,1,1,1,0.251361609,1.51817976,0.151816424,1,1,0,0,0
101.15,1.95178251,-1.77532609,89.6831238,0.0797800193,0.00329971024,FollowWall,following_right_wall,0,14,42,0.44040969,2.13730389,1,1,1,0.251361609,1.52218325,0.151816424,1,1,0,0,0
101.2,1.95180424,-1.77133709,89.6925256,0.0797944072,0.00308389219,FollowWall,following_right_wall,0,14,42,0.440639347,2.1291607,1,1,1,0.2512573,1.52618677,0.151816424,1,1,0,0,0
101.25,1.95182533,-1.76734781,89.7016911,0.0797944072,0.00308389219,FollowWall,following_right_wall,0,14,42,0.440639347,2.1291607,1,1,1,0.2512573,1.5301902,0.151816424,1,1,0,0,0
101.3,1.95184579,-1.76335837,89.7107187,0.0798371932,0.00244210193,FollowWall,following_right_wall,0,14,42,0.440810323,2.12107112,1,1,1,0.251349688,1.53419358,0.151816424,1,1,0,0,0
101.35,1.95186565,-1.75936794,89.7188999,0.0798371932,0.00244210193,FollowWall,following_right_wall,0,14,42,0.440810323,2.12107112,1,1,1,0.251349688,1.53819665,0.151816424,1,1,0,0,0
101.4,1.95188496,-1.75537693,89.7265873,0.0798808108,0.00178783792,FollowWall,following_right_wall,0,14,42,0.440903783,2.11303324,1,1,1,0.25138548,1.54219953,0.151816424,1,1,0,0,0
101.45,1.95190378,-1.75138468,89.7332057,0.0798808108,0.00178783792,FollowWall,following_right_wall,0,14,42,0.440903783,2.11303324,1,1,1,0.25138548,1.54620201,0.151816424,1,1,0,0,0
101.5,1.95192217,-1.74739169,89.7392005,0.0799148205,0.00127769241,FollowWall,following_right_wall,0,14,42,0.440909505,2.10504563,1,1,1,0.251275301,1.55020425,0.151816424,1,1,0,0,0
101.55,1.95194017,-1.74339758,89.7442226,0.0799148205,0.00127769241,FollowWall,following_right_wall,0,14,42,0.440909505,2.10504563,1,1,1,0.251275301,1.55420613,0.151816424,1,1,0,0,0
101.6,1.95195785,-1.7394028,89.7486773,0.079959447,0.000608295529,FollowWall,following_right_wall,0,14,42,0.440828621,2.09710924,1,1,1,0.251225591,1.55820779,0.151816424,1,1,0,0,0
101.65,1.95197526,-1.73540671,89.752002,0.079959447,0.000608295529,FollowWall,following_right_wall,0,14,42,0.440828621,2.09710924,1,1,1,0.251225591,1.56220902,0.151816424,1,1,0,0,0
101.7,1.95199247,-1.73140984,89.7546675,0.0799870082,-0.000194877138,FollowWall,following_right_wall,0,14,42,0.440658331,2.08922218,1,1,1,0.251229197,1.56621001,0.151816424,1,1,0,0,0
101.75,1.95200954,-1.72741196,89.7559897,0.0799870082,-0.000194877138,FollowWall,following_right_wall,0,14,42,0.440658331,2.08922218,1,1,1,0.251229197,1.57020993,0.151816424,1,1,0,0,0
101.8,1.95202655,-1.72341348,89.7565284,0.079891145,-0.00163282532,FollowWall,following_right_wall,0,14,42,0.440393686,2.08138347,1,1,1,0.251671076,1.57420925,0.151816424,1,1,0,0,0
101.85,1.95204359,-1.71941665,89.7548936,0.079891145,-0.00163282532,FollowWall,following_right_wall,0,14,42,0.440393686,2.08138347,1,1,1,0.251671076,1.57820355,0.151816424,1,1,0,0,0
101.9,1.95206079,-1.71542078,89.7519909,0.0798772648,-0.00184102846,FollowWall,following_right_wall,0,14,42,0.440014035,2.07359457,1,1,1,0.25187543,1.58219493,0.151816424,1,1,0,0,0
101.95,1.95207822,-1.71142577,89.7481001,0.0798772648,-0.00184102846,FollowWall,following_right_wall,0,14,42,0.440014035,2.07359457,1,1,1,0.25187543,1.58618393,0.151816424,1,1,0,0,0
102,1.95209593,-1.70743125,89.7436329,0.0799090795,-0.00136380712,FollowWall,following_right_wall,0,14,42,0.439548135,2.06585164,1,1,1,0.251626134,1.59017155,0.151816424,1,1,0,0,0
102.05,1.95211396,-1.70343636,89.7393992,0.0799090795,-0.00136380712,FollowWall,following_right_wall,0,14,42,0.439548135,2.06585164,1,1,1,0.251626134,1.5941599,0.151816424,1,1,0,0,0
102.1,1.95213227,-1.69944125,89.7353015,0.0798950066,-0.00157490132,FollowWall,following_right_wall,0,14,42,0.439038783,2.05796838,1,1,1,0.251352012,1.59814867,0.151816424,1,1,0,0,0
102.15,1.95215088,-1.69544631,89.7310313,0.0798950066,-0.00157490132,FollowWall,following_right_wall,0,14,42,0.439038783,2.05796838,1,1,1,0.251352012,1.60213701,0.151816424,1,1,0,0,0
102.2,1.95216978,-1.69145147,89.7266605,0.0798829261,-0.00175610825,FollowWall,following_right_wall,0,14,42,0.438487947,2.05014231,1,1,1,0.251149058,1.6061251,0.151816424,1,1,0,0,0
102.25,1.952189,-1.68745694,89.7220146,0.0798829261,-0.00175610825,FollowWall,following_right_wall,0,14,42,0.438487947,2.05014231,1,1,1,0.251149058,1.61011246,0.151816424,1,1,0,0,0
102.3,1.95220855,-1.68346259,89.7172083,0.0798868957,-0.00169656401,FollowWall,following_right_wall,0,14,42,0.437896371,2.04227667,1,1,1,0.250890195,1.61409938,0.151816424,1,1,0,0,0
102.35,1.95222843,-1.67946826,89.7123796,0.0798868957,-0.00169656401,FollowWall,following_right_wall,0,14,42,0.437896371,2.04227667,1,1,1,0.250890195,1.61808625,0.151816424,1,1,0,0,0
102.4,1.95224865,-1.67547395,89.7075376,0.0798956396,-0.001565406,FollowWall,following_right_wall,0,14,42,0.437276065,2.03397705,1,1,1,0.250685126,1.62207309,0.151816424,1,1,0,0,0
102.45,1.9522692,-1.67147947,89.7028446,0.0798956396,-0.001565406,FollowWall,following_right_wall,0,14,42,0.437276065,2.03397705,1,1,1,0.250685126,1.62606032,0.151816424,1,1,0,0,0
102.5,1.95229008,-1.66748488,89.6982385,0.0799277544,-0.00108368326,FollowWall,following_right_wall,0,14,42,0.436639607,2.02572509,1,1,1,0.25034377,1.6300478,0.151816424,1,1,0,0,0
102.55,1.95231126,-1.66348957,89.694258,0.0799277544,-0.00108368326,FollowWall,following_right_wall,0,14,42,0.436639607,2.02572509,1,1,1,0.25034377,1.63403696,0.151816424,1,1,0,0,0
102.6,1.95233271,-1.65949383,89.6906425,0.0798925814,-0.00161127867,FollowWall,following_right_wall,0,14,42,0.43600738,2.01752415,1,1,1,0.25075531,1.63802712,0.151816424,1,1,0,0,0
102.65,1.95235442,-1.65549859,89.6866101,0.0798925814,-0.00161127867,FollowWall,following_right_wall,0,14,42,0.43600738,2.01752415,1,1,1,0.25075531,1.64201614,0.151816424,1,1,0,0,0
102.7,1.95237642,-1.65150362,89.6823346,0.0799058228,-0.00141265799,FollowWall,following_right_wall,0,14,42,0.435362577,2.00937802,1,1,1,0.250799924,1.64600451,0.151816424,1,1,0,0,0
102.75,1.95239872,-1.64750855,89.6781543,0.0799058228,-0.00141265799,FollowWall,following_right_wall,0,14,42,0.435362577,2.00937802,1,1,1,0.250799924,1.64999313,0.151816424,1,1,0,0,0
102.8,1.95242131,-1.64351341,89.6740296,0.0799056997,-0.0014145046,FollowWall,following_right_wall,0,14,42,0.434719294,2.00128886,1,1,1,0.251084745,1.6539819,0.151816424,1,1,0,0,0
102.85,1.95244418,-1.63951824,89.669935,0.0799056997,-0.0014145046,FollowWall,following_right_wall,0,14,42,0.434719294,2.00128886,1,1,1,0.251084745,1.65797075,0.151816424,1,1,0,0,0
102.9,1.95246734,-1.63552305,89.6658581,0.0799410536,-0.000884196456,FollowWall,following_right_wall,0,14,42,0.434085935,1.99325809,1,1,1,0.251117736,1.66195965,0.151816424,1,1,0,0,0
102.95,1.95249076,-1.63152712,89.6624245,0.0799410536,-0.000884196456,FollowWall,following_right_wall,0,14,42,0.434085935,1.99325809,1,1,1,0.251117736,1.66595029,0.151816424,1,1,0,0,0
103,1.95251441,-1.62753074,89.6593661,0.0799786994,-0.000319508539,FollowWall,following_right_wall,0,14,42,0.433484942,1.98528524,1,1,1,0.251205564,1.66994194,0.151816424,1,1,0,0,0
103.05,1.95253825,-1.62353333,89.6572006,0.0799786994,-0.000319508539,FollowWall,following_right_wall,0,14,42,0.433484942,1.98528524,1,1,1,0.251205564,1.67393601,0.151816424,1,1,0,0,0
103.1,1.95256223,-1.61953532,89.6555561,0.0799391305,0.000913043126,FollowWall,following_right_wall,0,14,42,0.432933509,1.97736959,1,1,1,0.250904292,1.67793149,0.151816424,1,1,0,0,0
103.15,1.95258626,-1.61553778,89.6556866,0.0799391305,0.000913043126,FollowWall,following_right_wall,0,14,42,0.432933509,1.97736959,1,1,1,0.250904292,1.68192923,0.151816424,1,1,0,0,0
103.2,1.95261024,-1.61154051,89.6568526,0.0797792105,0.00331184265,FollowWall,following_right_wall,0,14,42,0.432463229,1.96951543,1,1,1,0.250377595,1.6859283,0.151816424,1,1,0,0,0
103.25,1.952634,-1.60754673,89.661486,0.0797792105,0.00331184265,FollowWall,following_right_wall,0,14,42,0.432463229,1.96951543,1,1,1,0.250377595,1.68992923,0.151816424,1,1,0,0,0
103.3,1.95265735,-1.60355498,89.668142,0.0797521917,0.00371712518,FollowWall,following_right_wall,0,14,42,0.432131082,1.9617323,1,1,1,0.250813872,1.69393124,0.151816424,1,1,0,0,0
103.35,1.95268017,-1.59956499,89.6764617,0.0797521917,0.00371712518,FollowWall,following_right_wall,0,14,42,0.432131082,1.9617323,1,1,1,0.250813872,1.69793407,0.151816424,1,1,0,0,0
103.4,1.95270237,-1.59557601,89.6857519,0.0797347304,0.00397904471,FollowWall,following_right_wall,0,14,42,0.431907654,1.95401234,1,1,1,0.250802487,1.70193739,0.151816424,1,1,0,0,0
103.45,1.95272389,-1.59158799,89.6959207,0.0797347304,0.00397904471,FollowWall,following_right_wall,0,14,42,0.431907654,1.95401234,1,1,1,0.250802487,1.70594111,0.151816424,1,1,0,0,0
103.5,1.95274468,-1.58760052,89.7066022,0.0797148579,0.00427713203,FollowWall,following_right_wall,0,14,42,0.431767941,1.94624931,1,1,1,0.250620693,1.70994507,0.151816424,1,1,0,0,0
103.55,1.9527647,-1.58361379,89.7179385,0.0797148579,0.00427713203,FollowWall,following_right_wall,0,14,42,0.431767941,1.94624931,1,1,1,0.250620693,1.71394931,0.151816424,1,1,0,0,0
103.6,1.95278392,-1.57962749,89.7296568,0.0797215729,0.00417640575,FollowWall,following_right_wall,0,14,42,0.43170619,1.9383656,1,1,1,0.250573397,1.71795371,0.151816424,1,1,0,0,0
103.65,1.95280232,-1.5756413,89.7414777,0.0797215729,0.00417640575,FollowWall,following_right_wall,0,14,42,0.43170619,1.9383656,1,1,1,0.250573397,1.72195817,0.151816424,1,1,0,0,0
103.7,1.95281989,-1.57165517,89.7533585,0.0797179709,0.00423043708,FollowWall,following_right_wall,0,14,42,0.431710422,1.9305339,1,1,1,0.250306904,1.72596266,0.151816424,1,1,0,0,0
103.75,1.95283663,-1.56766915,89.7653386,0.0797179709,0.00423043708,FollowWall,following_right_wall,0,14,42,0.431710422,1.9305339,1,1,1,0.250306904,1.7299672,0.151816424,1,1,0,0,0
103.8,1.95285254,-1.56368319,89.7773767,0.0797205854,0.00419121917,FollowWall,following_right_wall,0,14,42,0.431779861,1.92228967,1,1,1,0.249992982,1.73397177,0.151816424,1,1,0,0,0
103.85,1.95286761,-1.55969721,89.7894019,0.0797205854,0.00419121917,FollowWall,following_right_wall,0,14,42,0.431779861,1.92228967,1,1,1,0.249992982,1.73797635,0.151816424,1,1,0,0,0
103.9,1.95288184,-1.55571122,89.8014194,0.0797485037,0.00377244466,FollowWall,following_right_wall,0,14,42,0.431913227,1.91409705,1,1,1,0.24982965,1.74198093,0.151816424,1,1,0,0,0
103.95,1.95289526,-1.55172464,89.8129327,0.0797485037,0.00377244466,FollowWall,following_right_wall,0,14,42,0.431913227,1.91409705,1,1,1,0.24982965,1.74598533,0.151816424,1,1,0,0,0
104,1.95290788,-1.54773771,89.8241518,0.079840915,0.0023862745,FollowWall,following_right_wall,0,14,42,0.432097763,1.90595831,1,1,1,0.250231951,1.74998962,0.151816424,1,1,0,0,0
104.05,1.9529198,-1.54374866,89.8335447,0.079840915,0.0023862745,FollowWall,following_right_wall,0,14,42,0.432097763,1.90595831,1,1,1,0.250231951,1.75399321,0.151816424,1,1,0,0,0
104.1,1.9529311,-1.53975836,89.8418723,0.079878075,0.00182887521,FollowWall,following_right_wall,0,14,42,0.432295322,1.89786654,1,1,1,0.25004825,1.7579964,0.151816424,1,1,0,0,0
104.15,1.95294187,-1.53576657,89.8489131,0.079878075,0.00182887521,FollowWall,following_right_wall,0,14,42,0.432295322,1.89786654,1,1,1,0.25004825,1.76199909,0.151816424,1,1,0,0,0
104.2,1.95295218,-1.5317739,89.8552033,0.0799595547,0.000606679399,FollowWall,following_right_wall,0,14,42,0.432509989,1.8897762,1,1,1,0.250276566,1.7660015,0.151816424,1,1,0,0,0
104.25,1.95296213,-1.52777903,89.8595967,0.0799595547,0.000606679399,FollowWall,following_right_wall,0,14,42,0.432509989,1.8897762,1,1,1,0.250276566,1.77000318,0.151816424,1,1,0,0,0
104.3,1.9529718,-1.52378286,89.8628838,0.0799535724,-0.000696414067,FollowWall,following_right_wall,0,14,42,0.432726145,1.88173509,1,1,1,0.250547975,1.77400444,0.151816424,1,1,0,0,0
104.35,1.95298133,-1.51978607,89.8639699,0.0799535724,-0.000696414067,FollowWall,following_right_wall,0,14,42,0.432726145,1.88173509,1,1,1,0.250547975,1.77800291,0.151816424,1,1,0,0,0
104.4,1.95299083,-1.51578892,89.8637722,0.0798954751,-0.00156787304,FollowWall,following_right_wall,0,14,42,0.432928115,1.87374714,1,1,1,0.250774324,1.78199976,0.151816424,1,1,0,0,0
104.45,1.9530004,-1.51179276,89.8617854,0.0798954751,-0.00156787304,FollowWall,following_right_wall,0,14,42,0.432928115,1.87374714,1,1,1,0.250774324,1.78599284,0.151816424,1,1,0,0,0
104.5,1.95301014,-1.50779718,89.8587549,0.0798923717,-0.0016144245,FollowWall,following_right_wall,0,14,42,0.433119923,1.86581784,1,1,1,0.250878692,1.78998373,0.151816424,1,1,0,0,0
104.55,1.95302012,-1.50380201,89.85506,0.0798923717,-0.0016144245,FollowWall,following_right_wall,0,14,42,0.433119923,1.86581784,1,1,1,0.250878692,1.79397317,0.151816424,1,1,0,0,0
104.6,1.95303037,-1.49980708,89.8509776,0.0799275097,-0.00108735477,FollowWall,following_right_wall,0,14,42,0.433328211,1.85794659,1,1,1,0.250388801,1.79796179,0.151816424,1,1,0,0,0
104.65,1.95304089,-1.49581155,89.8472983,0.0799275097,-0.00108735477,FollowWall,following_right_wall,0,14,42,0.433328211,1.85794659,1,1,1,0.250388801,1.80195162,0.151816424,1,1,0,0,0
104.7,1.95305166,-1.49181567,89.843854,0.079927241,-0.00109138532,FollowWall,following_right_wall,0,14,42,0.433582544,1.85013017,1,1,1,0.250005007,1.80594216,0.151816424,1,1,0,0,0
104.75,1.95306267,-1.4878196,89.8405422,0.079927241,-0.00109138532,FollowWall,following_right_wall,0,14,42,0.433582544,1.85013017,1,1,1,0.250005007,1.8099331,0.151816424,1,1,0,0,0
104.8,1.9530739,-1.48382341,89.8373075,0.0798719091,-0.00192136347,FollowWall,following_right_wall,0,14,42,0.433877021,1.84212018,1,1,1,0.250244498,1.81392428,0.151816424,1,1,0,0,0
104.85,1.95308539,-1.47982832,89.8331271,0.0798719091,-0.00192136347,FollowWall,following_right_wall,0,14,42,0.433877021,1.84212018,1,1,1,0.250244498,1.81791291,0.151816424,1,1,0,0,0
104.9,1.95309719,-1.47583385,89.8283951,0.0798885134,-0.00167229948,FollowWall,following_right_wall,0,14,42,0.434175849,1.83389726,1,1,1,0.249889538,1.82190005,0.151816424,1,1,0,0,0
104.95,1.95310932,-1.47183941,89.8236387,0.0798885134,-0.00167229948,FollowWall,following_right_wall,0,14,42,0.434175849,1.83389726,1,1,1,0.249889538,1.82588712,0.151816424,1,1,0,0,0
105,1.95312178,-1.46784498,89.8188679,0.0798755453,-0.00186682062,FollowWall,following_right_wall,0,14,42,0.434490025,1.82572793,1,1,1,0.249929756,1.82987417,0.151816424,1,1,0,0,0
105.05,1.95313458,-1.46385084,89.8138566,0.0798755453,-0.00186682062,FollowWall,following_right_wall,0,14,42,0.434490025,1.82572793,1,1,1,0.249929756,1.83386056,0.151816424,1,1,0,0,0
105.1,1.95314774,-1.45985686,89.8087049,0.0798823687,-0.00176446965,FollowWall,following_right_wall,0,14,42,0.434812605,1.81761455,1,1,1,0.249876827,1.83784657,0.151816424,1,1,0,0,0
105.15,1.95316125,-1.45586283,89.8035937,0.0798823687,-0.00176446965,FollowWall,following_right_wall,0,14,42,0.434812605,1.81761455,1,1,1,0.249876827,1.84183269,0.151816424,1,1,0,0,0
105.2,1.95317512,-1.45186877,89.7985059,0.0799142635,-0.00128604764,FollowWall,following_right_wall,0,14,42,0.435142666,1.80955891,1,1,1,0.249670863,1.84581887,0.151816424,1,1,0,0,0
105.25,1.95318932,-1.44787404,89.7940029,0.0799142635,-0.00128604764,FollowWall,following_right_wall,0,14,42,0.435142666,1.80955891,1,1,1,0.249670863,1.84980664,0.151816424,1,1,0,0,0
105.3,1.95320383,-1.4438789,89.7898411,0.0799279872,-0.00108019242,FollowWall,following_right_wall,0,14,42,0.435489208,1.80156245,1,1,1,0.249719933,1.85379533,0.151816424,1,1,0,0,0
105.35,1.95321862,-1.43988326,89.786124,0.0799279872,-0.00108019242,FollowWall,following_right_wall,0,14,42,0.435489208,1.80156245,1,1,1,0.249719933,1.85778523,0.151816424,1,1,0,0,0
105.4,1.95323366,-1.43588731,89.7826663,0.0799435104,-0.000847344556,FollowWall,following_right_wall,0,14,42,0.435845047,1.79362516,1,1,1,0.249824941,1.86177583,0.151816424,1,1,0,0,0
105.45,1.95324892,-1.43189086,89.7796378,0.0799435104,-0.000847344556,FollowWall,following_right_wall,0,14,42,0.435845047,1.79362516,1,1,1,0.249824941,1.8657676,0.151816424,1,1,0,0,0
105.5,1.95326439,-1.42789412,89.7768598,0.0799676305,-0.000485541851,FollowWall,following_right_wall,0,14,42,0.436202228,1.78574598,1,1,1,0.249917552,1.86976004,0.151816424,1,1,0,0,0
105.55,1.95328003,-1.42389671,89.7746597,0.0799676305,-0.000485541851,FollowWall,following_right_wall,0,14,42,0.436202228,1.78574598,1,1,1,0.249917552,1.87375404,0.151816424,1,1,0,0,0
105.6,1.95329582,-1.41989891,89.7727967,0.0799617667,-0.000573500031,FollowWall,following_right_wall,0,14,42,0.436557949,1.77792311,1,1,1,0.250374347,1.87774896,0.151816424,1,1,0,0,0
105.65,1.95331174,-1.41590101,89.7710254,0.0799617667,-0.000573500031,FollowWall,following_right_wall,0,14,42,0.436557949,1.77792311,1,1,1,0.250374347,1.88174413,0.151816424,1,1,0,0,0
105.7,1.95332777,-1.41190304,89.7693076,0.0799962934,5.55983748e-05,FollowWall,following_right_wall,0,14,42,0.436894089,1.76993196,1,1,1,0.250429749,1.88573945,0.151816424,1,1,0,0,0
105.75,1.95334391,-1.40790431,89.7683719,0.0799962934,5.55983748e-05,FollowWall,following_right_wall,0,14,42,0.436894089,1.76993196,1,1,1,0.250429749,1.88973672,0.151816424,1,1,0,0,0
105.8,1.95336009,-1.40390515,89.7678925,0.0799410625,0.000884062843,FollowWall,following_right_wall,0,14,42,0.437219709,1.76192265,1,1,1,0.250258148,1.89373515,0.151816424,1,1,0,0,0
105.85,1.95337626,-1.39990688,89.7686681,0.0799410625,0.000884062843,FollowWall,following_right_wall,0,14,42,0.437219709,1.76192265,1,1,1,0.250258148,1.89773462,0.151816424,1,1,0,0,0
105.9,1.95339235,-1.39590913,89.7701758,0.079911122,0.00133317028,FollowWall,following_right_wall,0,14,42,0.437545806,1.75397342,1,1,1,0.250385612,1.9017347,0.151816424,1,1,0,0,0
105.95,1.9534083,-1.3919123,89.7726466,0.079911122,0.00133317028,FollowWall,following_right_wall,0,14,42,0.437545806,1.75397342,1,1,1,0.250385612,1.90573534,0.151816424,1,1,0,0,0
106,1.95342405,-1.38791602,89.7756793,0.0798299987,0.00255001901,FollowWall,following_right_wall,0,14,42,0.437863201,1.7460845,1,1,1,0.249870107,1.90973632,0.151816424,1,1,0,0,0
106.05,1.95343952,-1.38392174,89.7804922,0.0798299987,0.00255001901,FollowWall,following_right_wall,0,14,42,0.437863201,1.7460845,1,1,1,0.249870107,1.91373804,0.151816424,1,1,0,0,0
106.1,1.95345461,-1.37992863,89.7863436,0.0797915242,0.00312713626,FollowWall,following_right_wall,0,14,42,0.438187629,1.73825722,1,1,1,0.249620959,1.9177402,0.151816424,1,1,0,0,0
106.15,1.95346925,-1.37593701,89.7934897,0.0797915242,0.00312713626,FollowWall,following_right_wall,0,14,42,0.438187629,1.73825722,1,1,1,0.249620959,1.92174288,0.151816424,1,1,0,0,0
106.2,1.95348336,-1.37194624,89.801391,0.0797711034,0.00343344867,FollowWall,following_right_wall,0,14,42,0.438508749,1.73035489,1,1,1,0.249397665,1.92574586,0.151816424,1,1,0,0,0
106.25,1.95349688,-1.36795641,89.8100984,0.0797711034,0.00343344867,FollowWall,following_right_wall,0,14,42,0.438508749,1.73035489,1,1,1,0.249397665,1.92974917,0.151816424,1,1,0,0,0
106.3,1.95350979,-1.36396711,89.8192761,0.0797780283,0.00332957502,FollowWall,following_right_wall,0,14,42,0.438808918,1.72216072,1,1,1,0.249312624,1.93375267,0.151816424,1,1,0,0,0
106.35,1.95352205,-1.35997799,89.8286042,0.0797780283,0.00332957502,FollowWall,following_right_wall,0,14,42,0.438808918,1.72216072,1,1,1,0.249312624,1.93775623,0.151816424,1,1,0,0,0
106.4,1.95353365,-1.35598896,89.83802,0.0798052824,0.00292076405,FollowWall,following_right_wall,0,14,42,0.43906638,1.7140211,1,1,1,0.249321505,1.94175983,0.151816424,1,1,0,0,0
106.45,1.95354462,-1.35199943,89.8469989,0.0798052824,0.00292076405,FollowWall,following_right_wall,0,14,42,0.43906638,1.7140211,1,1,1,0.249321505,1.94576327,0.151816424,1,1,0,0,0
106.5,1.95355497,-1.34800959,89.855723,0.0798453552,0.00231967146,FollowWall,following_right_wall,0,14,42,0.439260513,1.7059345,1,1,1,0.249375299,1.94976662,0.151816424,1,1,0,0,0
106.55,1.95356474,-1.34401875,89.863581,0.0798453552,0.00231967146,FollowWall,following_right_wall,0,14,42,0.439260513,1.7059345,1,1,1,0.249375299,1.95376963,0.151816424,1,1,0,0,0
106.6,1.95357399,-1.34002732,89.8709337,0.0798978451,0.00153232284,FollowWall,following_right_wall,0,14,42,0.439375371,1.69789936,1,1,1,0.249491692,1.95777246,0.151816424,1,1,0,0,0
106.65,1.95358277,-1.33603444,89.8770519,0.0798978451,0.00153232284,FollowWall,following_right_wall,0,14,42,0.439375371,1.69789936,1,1,1,0.249491692,1.96177481,0.151816424,1,1,0,0,0
106.7,1.95359115,-1.33204073,89.8824499,0.0799426431,0.000860353453,FollowWall,following_right_wall,0,14,42,0.43939808,1.68991413,1,1,1,0.249488786,1.96577689,0.151816424,1,1,0,0,0
106.75,1.9535992,-1.3280456,89.8866257,0.0799426431,0.000860353453,FollowWall,following_right_wall,0,14,42,0.43939808,1.68991413,1,1,1,0.249488786,1.96977849,0.151816424,1,1,0,0,0
106.8,1.95360699,-1.32404964,89.8900885,0.079978048,0.000329280107,FollowWall,following_right_wall,0,14,42,0.439326584,1.68197846,1,1,1,0.24935697,1.97377982,0.151816424,1,1,0,0,0
106.85,1.95361457,-1.32005245,89.8925016,0.079978048,0.000329280107,FollowWall,following_right_wall,0,14,42,0.439326584,1.68197846,1,1,1,0.24935697,1.97778075,0.151816424,1,1,0,0,0
106.9,1.95362201,-1.31605455,89.8943022,0.0799389015,-0.000916477979,FollowWall,following_right_wall,0,14,42,0.439166248,1.67409282,1,1,1,0.249664128,1.98178143,0.151816424,1,1,0,0,0
106.95,1.95362939,-1.31205706,89.8942587,0.0799389015,-0.000916477979,FollowWall,following_right_wall,0,14,42,0.439166248,1.67409282,1,1,1,0.249664128,1.98577887,0.151816424,1,1,0,0,0
107,1.9536368,-1.30805979,89.8931393,0.0798507666,-0.00223850132,FollowWall,following_right_wall,0,14,42,0.438898951,1.66620361,1,1,1,0.250125438,1.98977439,0.151816424,1,1,0,0,0
107.05,1.95364437,-1.3040645,89.8898143,0.0798507666,-0.00223850132,FollowWall,following_right_wall,0,14,42,0.438898951,1.66620361,1,1,1,0.250125438,1.99376453,0.151816424,1,1,0,0,0
107.1,1.95365221,-1.30007036,89.8852027,0.0798574719,-0.00213792119,FollowWall,following_right_wall,0,14,42,0.438512623,1.65820862,1,1,1,0.250166953,1.99775153,0.151816424,1,1,0,0,0
107.15,1.9536604,-1.29607675,89.8799606,0.0798574719,-0.00213792119,FollowWall,following_right_wall,0,14,42,0.438512623,1.65820862,1,1,1,0.250166953,2.00173701,0.151816424,1,1,0,0,0
107.2,1.95366896,-1.29208345,89.8743508,0.0798843559,-0.00173466097,FollowWall,following_right_wall,0,14,42,0.438049018,1.65027795,1,1,1,0.249931753,2.00572162,0.151816424,1,1,0,0,0
107.25,1.9536779,-1.28808977,89.8690078,0.0798843559,-0.00173466097,FollowWall,following_right_wall,0,14,42,0.438049018,1.65027795,1,1,1,0.249931753,2.00970702,0.151816424,1,1,0,0,0
107.3,1.95368722,-1.28409588,89.8638205,0.0798661815,-0.0020072769,FollowWall,following_right_wall,0,14,42,0.437545121,1.64240399,1,1,1,0.249736488,2.01369288,0.151816424,1,1,0,0,0
107.35,1.9536969,-1.28010223,89.8583985,0.0798661815,-0.0020072769,FollowWall,following_right_wall,0,14,42,0.437545121,1.64240399,1,1,1,0.249736488,2.01767813,0.151816424,1,1,0,0,0
107.4,1.95370696,-1.27610873,89.8528397,0.0798704984,-0.00194252411,FollowWall,following_right_wall,0,14,42,0.436998546,1.6345872,1,1,1,0.249411061,2.02166302,0.151816424,1,1,0,0,0
107.45,1.95371741,-1.27211522,89.8472783,0.0798704984,-0.00194252411,FollowWall,following_right_wall,0,14,42,0.436998546,1.6345872,1,1,1,0.249411061,2.02564791,0.151816424,1,1,0,0,0
107.5,1.95372825,-1.26812172,89.8417155,0.079861159,-0.00208261508,FollowWall,following_right_wall,0,14,42,0.436418176,1.62682474,1,1,1,0.249316514,2.0296328,0.151816424,1,1,0,0,0
107.55,1.95373948,-1.26412841,89.8359846,0.079861159,-0.00208261508,FollowWall,following_right_wall,0,14,42,0.436418176,1.62682474,1,1,1,0.249316514,2.03361724,0.151816424,1,1,0,0,0
107.6,1.95375112,-1.26013521,89.8301556,0.0798736294,-0.00189555853,FollowWall,following_right_wall,0,14,42,0.435807317,1.61873036,1,1,1,0.249110118,2.03760141,0.151816424,1,1,0,0,0
107.65,1.95376315,-1.25614182,89.8244927,0.0798736294,-0.00189555853,FollowWall,following_right_wall,0,14,42,0.435807317,1.61873036,1,1,1,0.249110118,2.04158604,0.151816424,1,1,0,0,0
107.7,1.95377558,-1.25214831,89.8189267,0.0799035246,-0.00144713072,FollowWall,following_right_wall,0,14,42,0.435180277,1.6104858,1,1,1,0.248828515,2.04557093,0.151816424,1,1,0,0,0
107.75,1.95378837,-1.24815412,89.8139524,0.0799035246,-0.00144713072,FollowWall,following_right_wall,0,14,42,0.435180277,1.6104858,1,1,1,0.248828515,2.04955742,0.151816424,1,1,0,0,0
107.8,1.95380151,-1.24415953,89.8093234,0.0798677116,-0.00198432536,FollowWall,following_right_wall,0,14,42,0.434557021,1.60229224,1,1,1,0.249280676,2.05354485,0.151816424,1,1,0,0,0
107.85,1.95381498,-1.24016545,89.8042546,0.0798677116,-0.00198432536,FollowWall,following_right_wall,0,14,42,0.434557021,1.60229224,1,1,1,0.249280676,2.05753109,0.151816424,1,1,0,0,0
107.9,1.95382881,-1.23617167,89.7989291,0.079883338,-0.00174993024,FollowWall,following_right_wall,0,14,42,0.433920681,1.59415398,1,1,1,0.249339983,2.06151663,0.151816424,1,1,0,0,0
107.95,1.953843,-1.23217774,89.7937338,0.079883338,-0.00174993024,FollowWall,following_right_wall,0,14,42,0.433920681,1.59415398,1,1,1,0.249339983,2.06550252,0.151816424,1,1,0,0,0
108,1.95385756,-1.22818372,89.7886143,0.0798856771,-0.00171484346,FollowWall,following_right_wall,0,14,42,0.433286875,1.58607256,1,1,1,0.249636456,2.06948862,0.151816424,1,1,0,0,0
108.05,1.95387247,-1.22418961,89.783581,0.0798856771,-0.00171484346,FollowWall,following_right_wall,0,14,42,0.433286875,1.58607256,1,1,1,0.249636456,2.07347495,0.151816424,1,1,0,0,0
108.1,1.95388773,-1.22019544,89.778598,0.0799318717,-0.00102192443,FollowWall,following_right_wall,0,14,42,0.432664871,1.5780493,1,1,1,0.249597162,2.07746141,0.151816424,1,1,0,0,0
108.15,1.95390331,-1.21620027,89.7744714,0.0799318717,-0.00102192443,FollowWall,following_right_wall,0,14,42,0.432664871,1.5780493,1,1,1,0.249597162,2.0814502,0.151816424,1,1,0,0,0
108.2,1.95391917,-1.21220452,89.7708444,0.0799746123,-0.000380815348,FollowWall,following_right_wall,0,14,42,0.432081372,1.57008348,1,1,1,0.249661103,2.08544034,0.151816424,1,1,0,0,0
108.25,1.95393524,-1.20820754,89.7682741,0.0799746123,-0.000380815348,FollowWall,following_right_wall,0,14,42,0.432081372,1.57008348,1,1,1,0.249661103,2.08943334,0.151816424,1,1,0,0,0
108.3,1.95395148,-1.20420985,89.7663201,0.0799239573,0.00114064031,FollowWall,following_right_wall,0,14,42,0.431553245,1.56217415,1,1,1,0.249298513,2.09342802,0.151816424,1,1,0,0,0
108.35,1.95396777,-1.20021279,89.7665419,0.0799239573,0.00114064031,FollowWall,following_right_wall,0,14,42,0.431553245,1.56217415,1,1,1,0.249298513,2.09742541,0.151816424,1,1,0,0,0
108.4,1.95398401,-1.19621611,89.7680328,0.079790742,0.00313887007,FollowWall,following_right_wall,0,14,42,0.43111816,1.55432643,1,1,1,0.249052286,2.1014244,0.151816424,1,1,0,0,0
108.45,1.95400002,-1.19222241,89.7726492,0.079790742,0.00313887007,FollowWall,following_right_wall,0,14,42,0.43111816,1.55432643,1,1,1,0.249052286,2.10542524,0.151816424,1,1,0,0,0
108.5,1.95401563,-1.18823046,89.7790889,0.0797714209,0.00342868688,FollowWall,following_right_wall,0,14,42,0.43081525,1.54654711,1,1,1,0.249504283,2.10942714,0.151816424,1,1,0,0,0
108.55,1.95403074,-1.18423993,89.7869381,0.0797714209,0.00342868688,FollowWall,following_right_wall,0,14,42,0.43081525,1.54654711,1,1,1,0.249504283,2.11342982,0.151816424,1,1,0,0,0
108.6,1.95404528,-1.18025023,89.7956094,0.0797459301,0.00381104802,FollowWall,following_right_wall,0,14,42,0.430612743,1.53836885,1,1,1,0.249421388,2.11743293,0.151816424,1,1,0,0,0
108.65,1.95405917,-1.17626154,89.8052169,0.0797459301,0.00381104802,FollowWall,following_right_wall,0,14,42,0.430612743,1.53836885,1,1,1,0.249421388,2.12143649,0.151816424,1,1,0,0,0
108.7,1.95407238,-1.17227343,89.8153703,0.0797314564,0.00402815349,FollowWall,following_right_wall,0,14,42,0.43049404,1.53022774,1,1,1,0.249303564,2.1254403,0.151816424,1,1,0,0,0
108.75,1.95408485,-1.16828597,89.8261014,0.0797314564,0.00402815349,FollowWall,following_right_wall,0,14,42,0.43049404,1.53022774,1,1,1,0.249303564,2.12944437,0.151816424,1,1,0,0,0
108.8,1.95409657,-1.16429889,89.8371694,0.0797262236,0.00410664658,FollowWall,following_right_wall,0,14,42,0.430451691,1.52214683,1,1,1,0.249146447,2.13344859,0.151816424,1,1,0,0,0
108.85,1.9541075,-1.16031213,89.8485277,0.0797262236,0.00410664658,FollowWall,following_right_wall,0,14,42,0.430451691,1.52214683,1,1,1,0.249146447,2.13745294,0.151816424,1,1,0,0,0
108.9,1.95411764,-1.15632557,89.8600554,0.0797297925,0.00405311313,FollowWall,following_right_wall,0,14,42,0.430479616,1.51412529,1,1,1,0.248957217,2.14145736,0.151816424,1,1,0,0,0
108.95,1.95412698,-1.15233903,89.8716179,0.0797297925,0.00405311313,FollowWall,following_right_wall,0,14,42,0.430479616,1.51412529,1,1,1,0.248957217,2.1454618,0.151816424,1,1,0,0,0
109,1.95413551,-1.14835252,89.8832007,0.0797216592,0.00417511184,FollowWall,following_right_wall,0,14,42,0.430572122,1.50616205,1,1,1,0.248541072,2.14946626,0.151816424,1,1,0,0,0
109.05,1.95414323,-1.14436619,89.894941,0.0797216592,0.00417511184,FollowWall,following_right_wall,0,14,42,0.430572122,1.50616205,1,1,1,0.248541072,2.15347079,0.151816424,1,1,0,0,0
109.1,1.95415012,-1.14037997,89.9067732,0.0797609115,0.00358632738,FollowWall,following_right_wall,0,14,42,0.430732459,1.49825818,1,1,1,0.248490736,2.15747536,0.151816424,1,1,0,0,0
109.15,1.95415622,-1.13639298,89.9179562,0.0797609115,0.00358632738,FollowWall,following_right_wall,0,14,42,0.430732459,1.49825818,1,1,1,0.248490736,2.16147968,0.151816424,1,1,0,0,0
109.2,1.95416155,-1.13240556,89.9287605,0.0798546829,0.00217975612,FollowWall,following_right_wall,0,14,42,0.430940986,1.49040738,1,1,1,0.248906299,2.16548386,0.151816424,1,1,0,0,0
109.25,1.95416621,-1.12841592,89.9376648,0.0798546829,0.00217975612,FollowWall,following_right_wall,0,14,42,0.430940986,1.49040738,1,1,1,0.248906299,2.16948731,0.151816424,1,1,0,0,0
109.3,1.95417028,-1.124425,89.945461,0.0799028161,0.00145775787,FollowWall,following_right_wall,0,14,42,0.431159377,1.48247747,1,1,1,0.248839214,2.17349033,0.151816424,1,1,0,0,0
109.35,1.95417386,-1.12043231,89.9517488,0.0799028161,0.00145775787,FollowWall,following_right_wall,0,14,42,0.431159377,1.48247747,1,1,1,0.248839214,2.17749277,0.151816424,1,1,0,0,0
109.4,1.95417703,-1.11643861,89.9571567,0.0799799817,0.000300274563,FollowWall,following_right_wall,0,14,42,0.43138808,1.47445388,1,1,1,0.249037609,2.18149487,0.151816424,1,1,0,0,0
109.45,1.9541799,-1.1124427,89.9606698,0.0799799817,0.000300274563,FollowWall,following_right_wall,0,14,42,0.43138808,1.47445388,1,1,1,0.249037609,2.18549623,0.151816424,1,1,0,0,0
109.5,1.95418256,-1.1084455,89.9630775,0.0799336008,-0.000995988102,FollowWall,following_right_wall,0,14,42,0.431616277,1.46643661,1,1,1,0.249319345,2.18949717,0.151816424,1,1,0,0,0
109.55,1.95418513,-1.10444852,89.9632931,0.0799336008,-0.000995988102,FollowWall,following_right_wall,0,14,42,0.431616277,1.46643661,1,1,1,0.249319345,2.19349449,0.151816424,1,1,0,0,0
109.6,1.95418772,-1.10045166,89.96223,0.0798767511,-0.00184873339,FollowWall,following_right_wall,0,14,42,0.431829631,1.45845342,1,1,1,0.249555409,2.19748969,0.151816424,1,1,0,0,0
109.65,1.95419046,-1.09645606,89.9594031,0.0798767511,-0.00184873339,FollowWall,following_right_wall,0,14,42,0.431829631,1.45845342,1,1,1,0.249555409,2.2014809,0.151816424,1,1,0,0,0
109.7,1.95419342,-1.0924612,89.9555474,0.0798922682,-0.00161597731,FollowWall,following_right_wall,0,14,42,0.432032585,1.45052996,1,1,1,0.249501079,2.20546978,0.151816424,1,1,0,0,0
109.75,1.95419667,-1.08846644,89.9513692,0.0798922682,-0.00161597731,FollowWall,following_right_wall,0,14,42,0.432032585,1.45052996,1,1,1,0.249501079,2.20945806,0.151816424,1,1,0,0,0
109.8,1.95420021,-1.08447174,89.947003,0.0799174645,-0.00123803323,FollowWall,following_right_wall,0,14,42,0.432260245,1.44262187,1,1,1,0.249026984,2.21344598,0.151816424,1,1,0,0,0
109.85,1.95420404,-1.08047656,89.9429783,0.0799174645,-0.00123803323,FollowWall,following_right_wall,0,14,42,0.432260245,1.44262187,1,1,1,0.249026984,2.21743492,0.151816424,1,1,0,0,0
109.9,1.95420815,-1.07648109,89.9391528,0.0799017739,-0.00147339203,FollowWall,following_right_wall,0,14,42,0.432533681,1.43459367,1,1,1,0.248816565,2.22142446,0.151816424,1,1,0,0,0
109.95,1.95421254,-1.07248577,89.9351624,0.0799017739,-0.00147339203,FollowWall,following_right_wall,0,14,42,0.432533681,1.43459367,1,1,1,0.248816565,2.22541358,0.151816424,1,1,0,0,0
110,1.9542172,-1.06849056,89.931076,0.079848248,-0.00227627968,FollowWall,following_right_wall,0,14,42,0.432838291,1.42662424,1,1,1,0.249067292,2.22940245,0.151816424,1,1,0,0,0
110.05,1.95422218,-1.06449651,89.9259752,0.079848248,-0.00227627968,FollowWall,following_right_wall,0,14,42,0.432838291,1.42662424,1,1,1,0.249067292,2.23338859,0.151816424,1,1,0,0,0
110.1,1.95422754,-1.06050315,89.9202826,0.0798632652,-0.00205102177,FollowWall,following_right_wall,0,14,42,0.433142632,1.41872037,1,1,1,0.248766139,2.23737312,0.151816424,1,1,0,0,0
110.15,1.9542333,-1.05650987,89.9145137,0.0798632652,-0.00205102177,FollowWall,following_right_wall,0,14,42,0.433142632,1.41872037,1,1,1,0.248766139,2.24135746,0.151816424,1,1,0,0,0
110.2,1.95423946,-1.05251664,89.9087002,0.0798537805,-0.00219329185,FollowWall,following_right_wall,0,14,42,0.433459491,1.41056261,1,1,1,0.248810798,2.24534167,0.151816424,1,1,0,0,0
110.25,1.95424603,-1.04852364,89.902691,0.0798537805,-0.00219329185,FollowWall,following_right_wall,0,14,42,0.433459491,1.41056261,1,1,1,0.248810798,2.24932535,0.151816424,1,1,0,0,0
110.3,1.95425302,-1.04453077,89.8965676,0.0798687699,-0.00196845143,FollowWall,following_right_wall,0,14,42,0.433784544,1.40245637,1,1,1,0.248715535,2.25330873,0.151816424,1,1,0,0,0
110.35,1.95426044,-1.04053767,89.8906459,0.0798687699,-0.00196845143,FollowWall,following_right_wall,0,14,42,0.433784544,1.40245637,1,1,1,0.248715535,2.25729265,0.151816424,1,1,0,0,0
110.4,1.95426826,-1.03654443,89.884842,0.0799072912,-0.0013906322,FollowWall,following_right_wall,0,14,42,0.434120536,1.39440788,1,1,1,0.248477131,2.2612769,0.151816424,1,1,0,0,0
110.45,1.95427647,-1.03255031,89.8797964,0.0799072912,-0.0013906322,FollowWall,following_right_wall,0,14,42,0.434120536,1.39440788,1,1,1,0.248477131,2.2652632,0.151816424,1,1,0,0,0
110.5,1.95428501,-1.02855568,89.8751932,0.0799202539,-0.00119619149,FollowWall,following_right_wall,0,14,42,0.434477627,1.38641809,1,1,1,0.248557895,2.2692507,0.151816424,1,1,0,0,0
110.55,1.95429385,-1.02456047,89.8710801,0.0799202539,-0.00119619149,FollowWall,following_right_wall,0,14,42,0.434477627,1.38641809,1,1,1,0.248557895,2.27323953,0.151816424,1,1,0,0,0
110.6,1.95430298,-1.02056493,89.867253,0.0799419207,-0.000871189793,FollowWall,following_right_wall,0,14,42,0.434845477,1.37848687,1,1,1,0.248622701,2.27722914,0.151816424,1,1,0,0,0
110.65,1.95431235,-1.01656875,89.8639806,0.0799419207,-0.000871189793,FollowWall,following_right_wall,0,14,42,0.434845477,1.37848687,1,1,1,0.248622701,2.28122025,0.151816424,1,1,0,0,0
110.7,1.95432194,-1.0125722,89.8610318,0.0799618699,-0.00057195159,FollowWall,following_right_wall,0,14,42,0.43521753,1.37061316,1,1,1,0.248772353,2.28521224,0.151816424,1,1,0,0,0
110.75,1.95433172,-1.008575,89.8586289,0.0799618699,-0.00057195159,FollowWall,following_right_wall,0,14,42,0.43521753,1.37061316,1,1,1,0.248772353,2.28920571,0.151816424,1,1,0,0,0
110.8,1.95434166,-1.00457744,89.8565446,0.0799561593,-0.000657610092,FollowWall,following_right_wall,0,14,42,0.435587436,1.36265867,1,1,1,0.249241412,2.29320004,0.151816424,1,1,0,0,0
110.85,1.95435173,-1.00057978,89.8545437,0.0799561593,-0.000657610092,FollowWall,following_right_wall,0,14,42,0.435587436,1.36265867,1,1,1,0.249241412,2.2971946,0.151816424,1,1,0,0,0
110.9,1.95436195,-0.996582067,89.8525916,0.0799998145,2.78323045e-06,FollowWall,following_right_wall,0,14,42,0.435936809,1.35459798,1,1,1,0.249291837,2.3011893,0.151816424,1,1,0,0,0
110.95,1.95437228,-0.992583409,89.8514562,0.0799998145,2.78323045e-06,FollowWall,following_right_wall,0,14,42,0.435936809,1.35459798,1,1,1,0.249291837,2.30518619,0.151816424,1,1,0,0,0
111,1.95438267,-0.988584201,89.8507971,0.0799532407,0.000701390205,FollowWall,following_right_wall,0,14,42,0.436276048,1.34659307,1,1,1,0.249260455,2.30918438,0.151816424,1,1,0,0,0
111.05,1.95439307,-0.984585643,89.8512499,0.0799532407,0.000701390205,FollowWall,following_right_wall,0,14,42,0.436276048,1.34659307,1,1,1,0.249260455,2.31318364,0.151816424,1,1,0,0,0
111.1,1.95440341,-0.980587464,89.8523513,0.0799179977,0.00123003518,FollowWall,following_right_wall,0,14,42,0.436611831,1.33864778,1,1,1,0.249338046,2.31718353,0.151816424,1,1,0,0,0
111.15,1.95441364,-0.97659024,89.854462,0.0799179977,0.00123003518,FollowWall,following_right_wall,0,14,42,0.436611831,1.33864778,1,1,1,0.249338046,2.32118402,0.151816424,1,1,0,0,0
111.2,1.95442369,-0.972593573,89.8571615,0.0798375928,0.00243610799,FollowWall,following_right_wall,0,14,42,0.436938792,1.3307628,1,1,1,0.248834491,2.32518487,0.151816424,1,1,0,0,0
111.25,1.9544335,-0.968598905,89.8616441,0.0798375928,0.00243610799,FollowWall,following_right_wall,0,14,42,0.436938792,1.3307628,1,1,1,0.248834491,2.32918648,0.151816424,1,1,0,0,0
111.3,1.95444295,-0.964605403,89.8671668,0.079800469,0.00299296479,FollowWall,following_right_wall,0,14,42,0.437272757,1.32287627,1,1,1,0.248601228,2.33318854,0.151816424,1,1,0,0,0
111.35,1.95445197,-0.960613354,89.873961,0.079800469,0.00299296479,FollowWall,following_right_wall,0,14,42,0.437272757,1.32287627,1,1,1,0.248601228,2.33719111,0.151816424,1,1,0,0,0
111.4,1.95446048,-0.956622152,89.8814969,0.0797753267,0.00337009895,FollowWall,following_right_wall,0,14,42,0.43760249,1.31485532,1,1,1,0.248333097,2.34119399,0.151816424,1,1,0,0,0
111.45,1.95446844,-0.952631968,89.8899156,0.0797753267,0.00337009895,FollowWall,following_right_wall,0,14,42,0.43760249,1.31485532,1,1,1,0.248333097,2.34519722,0.151816424,1,1,0,0,0
111.5,1.9544758,-0.948642376,89.8988492,0.0797781779,0.00332733142,FollowWall,following_right_wall,0,14,42,0.437912852,1.30689072,1,1,1,0.248206109,2.34920066,0.151816424,1,1,0,0,0
111.55,1.95448252,-0.944653071,89.9080322,0.0797781779,0.00332733142,FollowWall,following_right_wall,0,14,42,0.437912852,1.30689072,1,1,1,0.248206109,2.3532042,0.151816424,1,1,0,0,0
111.6,1.9544886,-0.940663932,89.9173607,0.0798158747,0.00276187999,FollowWall,following_right_wall,0,14,42,0.438183457,1.29879478,1,1,1,0.248313397,2.35720781,0.151816424,1,1,0,0,0
111.65,1.95449405,-0.936674105,89.926099,0.0798158747,0.00276187999,FollowWall,following_right_wall,0,14,42,0.438183457,1.29879478,1,1,1,0.248313397,2.36121119,0.151816424,1,1,0,0,0
111.7,1.9544989,-0.932683876,89.9344932,0.0798542248,0.0021866276,FollowWall,following_right_wall,0,14,42,0.438387215,1.29070675,1,1,1,0.2483484,2.36521444,0.151816424,1,1,0,0,0
111.75,1.95450321,-0.928692613,89.9419998,0.0798542248,0.0021866276,FollowWall,following_right_wall,0,14,42,0.438387215,1.29070675,1,1,1,0.2483484,2.36921735,0.151816424,1,1,0,0,0
111.8,1.954507,-0.924700747,89.9489888,0.0799023674,0.00146448902,FollowWall,following_right_wall,0,14,42,0.43851015,1.28267054,1,1,1,0.248421624,2.37322006,0.151816424,1,1,0,0,0
111.85,1.95451035,-0.920707526,89.9548138,0.0799023674,0.00146448902,FollowWall,following_right_wall,0,14,42,0.43851015,1.28267054,1,1,1,0.248421624,2.37722232,0.151816424,1,1,0,0,0
111.9,1.95451333,-0.916713515,89.9599599,0.0799558781,0.000661829089,FollowWall,following_right_wall,0,14,42,0.438542604,1.27468519,1,1,1,0.248504072,2.38122431,0.151816424,1,1,0,0,0
111.95,1.95451599,-0.912717928,89.9637517,0.0799558781,0.000661829089,FollowWall,following_right_wall,0,14,42,0.438542604,1.27468519,1,1,1,0.248504072,2.38522579,0.151816424,1,1,0,0,0
112,1.95451841,-0.908721422,89.9667536,0.0799895205,0.000157192302,FollowWall,following_right_wall,0,14,42,0.438477814,1.26674964,1,1,1,0.248358384,2.38922695,0.151816424,1,1,0,0,0
112.05,1.95452066,-0.904723678,89.9686924,0.0799895205,0.000157192302,FollowWall,following_right_wall,0,14,42,0.438477814,1.26674964,1,1,1,0.248358384,2.39322771,0.151816424,1,1,0,0,0
112.1,1.9545228,-0.900725213,89.9700109,0.0799144394,-0.00128340843,FollowWall,following_right_wall,0,14,42,0.438323051,1.2588366,1,1,1,0.248798162,2.39722822,0.151816424,1,1,0,0,0
112.15,1.95452492,-0.896727891,89.9692482,0.0799144394,-0.00128340843,FollowWall,following_right_wall,0,14,42,0.438323051,1.2588366,1,1,1,0.248798162,2.40122436,0.151816424,1,1,0,0,0
112.2,1.95452713,-0.892731236,89.9672712,0.079830428,-0.00254357947,FollowWall,following_right_wall,0,14,42,0.438055009,1.25077609,1,1,1,0.249269992,2.40521794,0.151816424,1,1,0,0,0
112.25,1.95452956,-0.888736721,89.9630819,0.079830428,-0.00254357947,FollowWall,following_right_wall,0,14,42,0.438055009,1.25077609,1,1,1,0.249269992,2.40920595,0.151816424,1,1,0,0,0
112.3,1.95453232,-0.884743453,89.9576019,0.0798482188,-0.00227671827,FollowWall,following_right_wall,0,14,42,0.437666267,1.2427861,1,1,1,0.24922353,2.41319072,0.151816424,1,1,0,0,0
112.35,1.95453549,-0.880750543,89.9516876,0.0798482188,-0.00227671827,FollowWall,following_right_wall,0,14,42,0.437666267,1.2427861,1,1,1,0.24922353,2.41717445,0.151816424,1,1,0,0,0
112.4,1.95453907,-0.876757842,89.94552,0.0798722538,-0.0019161934,FollowWall,following_right_wall,0,14,42,0.437205285,1.23485865,1,1,1,0.248995945,2.42115758,0.151816424,1,1,0,0,0
112.45,1.95454307,-0.872764762,89.9396349,0.0798722538,-0.0019161934,FollowWall,following_right_wall,0,14,42,0.437205285,1.23485865,1,1,1,0.248995945,2.42514153,0.151816424,1,1,0,0,0
112.5,1.95454748,-0.868771462,89.9339147,0.0798516752,-0.00222487176,FollowWall,following_right_wall,0,14,42,0.436705709,1.22687395,1,1,1,0.248843163,2.42912595,0.151816424,1,1,0,0,0
112.55,1.95455229,-0.864778461,89.9279221,0.0798516752,-0.00222487176,FollowWall,following_right_wall,0,14,42,0.436705709,1.22687395,1,1,1,0.248843163,2.43310966,0.151816424,1,1,0,0,0
112.6,1.95455753,-0.860785636,89.9217707,0.0798648013,-0.00202798069,FollowWall,following_right_wall,0,14,42,0.43616271,1.21874459,1,1,1,0.248451605,2.43709294,0.151816424,1,1,0,0,0
112.65,1.95456319,-0.85679264,89.9157617,0.0798648013,-0.00202798069,FollowWall,following_right_wall,0,14,42,0.43616271,1.21874459,1,1,1,0.248451605,2.44107662,0.151816424,1,1,0,0,0
112.7,1.95456927,-0.852799545,89.9098357,0.0798480169,-0.002279747,FollowWall,following_right_wall,0,14,42,0.435589641,1.21067288,1,1,1,0.248446226,2.44506053,0.151816424,1,1,0,0,0
112.75,1.95457576,-0.848806741,89.9036576,0.0798480169,-0.002279747,FollowWall,following_right_wall,0,14,42,0.435589641,1.21067288,1,1,1,0.248446226,2.44904375,0.151816424,1,1,0,0,0
112.8,1.9545827,-0.844814109,89.8973324,0.0798624157,-0.0020637639,FollowWall,following_right_wall,0,14,42,0.434984952,1.20265919,1,1,1,0.248239011,2.45302658,0.151816424,1,1,0,0,0
112.85,1.95459007,-0.840821276,89.8911794,0.0798624157,-0.0020637639,FollowWall,following_right_wall,0,14,42,0.434984952,1.20265919,1,1,1,0.248239011,2.45700987,0.151816424,1,1,0,0,0
112.9,1.95459786,-0.836828327,89.8851266,0.079887016,-0.00169475953,FollowWall,following_right_wall,0,14,42,0.434363961,1.1947041,1,1,1,0.248029083,2.46099344,0.151816424,1,1,0,0,0
112.95,1.95460606,-0.832834797,89.8795729,0.079887016,-0.00169475953,FollowWall,following_right_wall,0,14,42,0.434363961,1.1947041,1,1,1,0.248029083,2.46497836,0.151816424,1,1,0,0,0
113,1.95461464,-0.82884093,89.8743102,0.0798584566,-0.00212315052,FollowWall,following_right_wall,0,14,42,0.43374458,1.18680761,1,1,1,0.248429775,2.46896408,0.151816424,1,1,0,0,0
113.05,1.9546236,-0.824847461,89.868706,0.0798584566,-0.00212315052,FollowWall,following_right_wall,0,14,42,0.43374458,1.18680761,1,1,1,0.248429775,2.47294886,0.151816424,1,1,0,0,0
113.1,1.95463295,-0.820854225,89.8629026,0.0798717173,-0.00192424073,FollowWall,following_right_wall,0,14,42,0.43311426,1.17889442,1,1,1,0.248531625,2.47693311,0.151816424,1,1,0,0,0
113.15,1.9546427,-0.816860848,89.8572203,0.0798717173,-0.00192424073,FollowWall,following_right_wall,0,14,42,0.43311426,1.17889442,1,1,1,0.248531625,2.48091768,0.151816424,1,1,0,0,0
113.2,1.95465285,-0.81286739,89.8516088,0.0798811721,-0.00178241857,FollowWall,following_right_wall,0,14,42,0.432487011,1.17081837,1,1,1,0.248775631,2.48490245,0.151816424,1,1,0,0,0
113.25,1.95466338,-0.808873689,89.8462078,0.0798811721,-0.00178241857,FollowWall,following_right_wall,0,14,42,0.432487011,1.17081837,1,1,1,0.248775631,2.48888779,0.151816424,1,1,0,0,0
113.3,1.95467429,-0.804879845,89.8409296,0.0799269291,-0.00109606416,FollowWall,following_right_wall,0,14,42,0.431874871,1.16279999,1,1,1,0.24875553,2.49287346,0.151816424,1,1,0,0,0
113.35,1.95468553,-0.800884966,89.8365424,0.0799269291,-0.00109606416,FollowWall,following_right_wall,0,14,42,0.431874871,1.16279999,1,1,1,0.24875553,2.49686154,0.151816424,1,1,0,0,0
113.4,1.95469706,-0.796889482,89.8326748,0.079972216,-0.000416759319,FollowWall,following_right_wall,0,14,42,0.431303084,1.1548387,1,1,1,0.248806283,2.50085104,0.151816424,1,1,0,0,0
113.45,1.95470883,-0.792892704,89.8299212,0.079972216,-0.000416759319,FollowWall,following_right_wall,0,14,42,0.431303084,1.1548387,1,1,1,0.248806283,2.50484356,0.151816424,1,1,0,0,0
113.5,1.95472077,-0.788895169,89.8278175,0.0799152219,0.00127167129,FollowWall,following_right_wall,0,14,42,0.430788577,1.14693318,1,1,1,0.248410463,2.50883783,0.151816424,1,1,0,0,0
113.55,1.95473277,-0.784898381,89.8281083,0.0799152219,0.00127167129,FollowWall,following_right_wall,0,14,42,0.430788577,1.14693318,1,1,1,0.248410463,2.51283507,0.151816424,1,1,0,0,0
113.6,1.9547447,-0.780902029,89.8297959,0.0797974455,0.00303831676,FollowWall,following_right_wall,0,14,42,0.43037343,1.1390888,1,1,1,0.248318031,2.51683404,0.151816424,1,1,0,0,0
113.65,1.9547564,-0.776908383,89.834407,0.0797974455,0.00303831676,FollowWall,following_right_wall,0,14,42,0.43037343,1.1390888,1,1,1,0.248318031,2.52083482,0.151816424,1,1,0,0,0
113.7,1.95476772,-0.772916315,89.8407236,0.0797823752,0.00326437184,FollowWall,following_right_wall,0,14,42,0.430086792,1.13109341,1,1,1,0.248778731,2.52483667,0.151816424,1,1,0,0,0
113.75,1.95477855,-0.768925482,89.8483048,0.0797823752,0.00326437184,FollowWall,following_right_wall,0,14,42,0.430086792,1.13109341,1,1,1,0.248778731,2.52883924,0.151816424,1,1,0,0,0
113.8,1.95478883,-0.764935368,89.8566237,0.0797523941,0.00371408919,FollowWall,following_right_wall,0,14,42,0.429895788,1.12312374,1,1,1,0.248656526,2.53284224,0.151816424,1,1,0,0,0
113.85,1.95479849,-0.760946297,89.8659098,0.0797523941,0.00371408919,FollowWall,following_right_wall,0,14,42,0.429895788,1.12312374,1,1,1,0.248656526,2.53684569,0.151816424,1,1,0,0,0
113.9,1.95480748,-0.756957834,89.87576,0.0797408823,0.00388676614,FollowWall,following_right_wall,0,14,42,0.429788589,1.11505955,1,1,1,0.248573974,2.54084942,0.151816424,1,1,0,0,0
113.95,1.95481576,-0.752969965,89.8861455,0.0797408823,0.00388676614,FollowWall,following_right_wall,0,14,42,0.429788589,1.11505955,1,1,1,0.248573974,2.54485338,0.151816424,1,1,0,0,0
114,1.95482332,-0.748982441,89.8968432,0.0797290243,0.00406463611,FollowWall,following_right_wall,0,14,42,0.42975679,1.10697044,1,1,1,0.248356938,2.54885749,0.151816424,1,1,0,0,0
114.05,1.95483011,-0.744995366,89.9079353,0.0797290243,0.00406463611,FollowWall,following_right_wall,0,14,42,0.42975679,1.10697044,1,1,1,0.248356938,2.55286176,0.151816424,1,1,0,0,0
114.1,1.95483612,-0.741008553,89.9192575,0.079738997,0.00391504528,FollowWall,following_right_wall,0,14,42,0.429797709,1.09894093,1,1,1,0.248234987,2.55686613,0.151816424,1,1,0,0,0
114.15,1.95484135,-0.737021683,89.9305353,0.079738997,0.00391504528,FollowWall,following_right_wall,0,14,42,0.429797709,1.09894093,1,1,1,0.248234987,2.56087049,0.151816424,1,1,0,0,0
114.2,1.95484579,-0.73303478,89.9417873,0.0797279622,0.00408056685,FollowWall,following_right_wall,0,14,42,0.42990163,1.09096924,1,1,1,0.247795269,2.56487485,0.151816424,1,1,0,0,0
114.25,1.95484944,-0.729048088,89.9532218,0.0797279622,0.00408056685,FollowWall,following_right_wall,0,14,42,0.42990163,1.09096924,1,1,1,0.247795269,2.56887928,0.151816424,1,1,0,0,0
114.3,1.95485229,-0.725061518,89.9647627,0.0797673094,0.00349035854,FollowWall,following_right_wall,0,14,42,0.43007347,1.08305645,1,1,1,0.247749895,2.57288377,0.151816424,1,1,0,0,0
114.35,1.95485437,-0.7210742,89.9756613,0.0797673094,0.00349035854,FollowWall,following_right_wall,0,14,42,0.43007347,1.08305645,1,1,1,0.247749895,2.576888,0.151816424,1,1,0,0,0
114.4,1.95485569,-0.717086446,89.986185,0.0798616154,0.00207576934,FollowWall,following_right_wall,0,14,42,0.430293649,1.07519743,1,1,1,0.248172879,2.5808921,0.151816424,1,1,0,0,0
114.45,1.95485636,-0.713096472,89.9948017,0.0798616154,0.00207576934,FollowWall,following_right_wall,0,14,42,0.430293649,1.07519743,1,1,1,0.248172879,2.58489545,0.151816424,1,1,0,0,0
114.5,1.95485646,-0.709105204,90.0023058,0.0799157489,0.0012637668,FollowWall,following_right_wall,0,14,42,0.430523247,1.06713488,1,1,1,0.248169377,2.58889121,0.151816424,1,1,0,0,0
114.55,1.95485609,-0.705112052,90.0081917,0.0799157489,0.0012637668,FollowWall,following_right_wall,0,14,42,0.430523247,1.06713488,1,1,1,0.248169377,2.59287522,0.151816424,1,1,0,0,0
114.6,1.95485535,-0.701117803,90.0131337,0.0799905822,0.000141267443,FollowWall,following_right_wall,0,14,42,0.430759996,1.05911487,1,1,1,0.248351485,2.5968618,0.151816424,1,1,0,0,0
114.65,1.95485433,-0.697121353,90.0161851,0.0799905822,0.000141267443,FollowWall,following_right_wall,0,14,42,0.430759996,1.05911487,1,1,1,0.248351485,2.60085351,0.151816424,1,1,0,0,0
114.7,1.95485313,-0.693123621,90.0181338,0.0799250613,-0.00112408019,FollowWall,following_right_wall,0,14,42,0.430995256,1.05113049,1,1,1,0.248620331,2.60484822,0.151816424,1,1,0,0,0
114.75,1.95485187,-0.689126505,90.0179287,0.0799250613,-0.00112408019,FollowWall,following_right_wall,0,14,42,0.430995256,1.05113049,1,1,1,0.248620331,2.60884565,0.151816424,1,1,0,0,0
114.8,1.95485067,-0.685129748,90.0164673,0.0798684041,-0.00197393797,FollowWall,following_right_wall,0,14,42,0.43121627,1.04314993,1,1,1,0.2488648,2.61284468,0.151816424,1,1,0,0,0
114.85,1.95484963,-0.681134382,90.0132586,0.0798684041,-0.00197393797,FollowWall,following_right_wall,0,14,42,0.43121627,1.04314993,1,1,1,0.2488648,2.61684503,0.151816424,1,1,0,0,0
114.9,1.95484886,-0.677139827,90.0090307,0.0798923881,-0.0016141779,FollowWall,following_right_wall,0,14,42,0.431426972,1.03522993,1,1,1,0.248739272,2.62084615,0.151816424,1,1,0,0,0
114.95,1.95484838,-0.673145245,90.0046376,0.0798923881,-0.0016141779,FollowWall,following_right_wall,0,14,42,0.431426972,1.03522993,1,1,1,0.248739272,2.62484755,0.151816424,1,1,0,0,0
115,1.95484821,-0.669150647,90.0001481,0.0799119934,-0.0013200991,FollowWall,following_right_wall,0,14,42,0.431666255,1.027199,1,1,1,0.24827382,2.62884912,0.151816424,1,1,0,0,0
115.05,1.95484835,-0.665155632,89.9959536,0.0799119934,-0.0013200991,FollowWall,following_right_wall,0,14,42,0.431666255,1.027199,1,1,1,0.24827382,2.63283808,0.151816424,1,1,0,0,0
115.1,1.95484877,-0.661160373,89.991931,0.0798877578,-0.00168363314,FollowWall,following_right_wall,0,14,42,0.431950599,1.01916488,1,1,1,0.248158157,2.63682709,0.151816424,1,1,0,0,0
115.15,1.95484949,-0.657165477,89.9875748,0.0798877578,-0.00168363314,FollowWall,following_right_wall,0,14,42,0.431950599,1.01916488,1,1,1,0.248158157,2.64081522,0.151816424,1,1,0,0,0
115.2,1.95485051,-0.653170793,89.983024,0.0798359959,-0.00246006186,FollowWall,following_right_wall,0,14,42,0.43226099,1.01118864,1,1,1,0.248407274,2.64480284,0.151816424,1,1,0,0,0
115.25,1.95485189,-0.649177311,89.9774328,0.0798359959,-0.00246006186,FollowWall,following_right_wall,0,14,42,0.43226099,1.01118864,1,1,1,0.248407274,2.64878764,0.151816424,1,1,0,0,0
115.3,1.95485368,-0.64518453,89.9712349,0.0798492776,-0.00226083617,FollowWall,following_right_wall,0,14,42,0.432568848,1.00326803,1,1,1,0.248143554,2.6527708,0.151816424,1,1,0,0,0
115.35,1.9548559,-0.641191882,89.9649207,0.0798492776,-0.00226083617,FollowWall,following_right_wall,0,14,42,0.432568848,1.00326803,1,1,1,0.248143554,2.65675365,0.151816424,1,1,0,0,0
115.4,1.95485857,-0.637199311,89.9585388,0.0798416231,-0.00237565383,FollowWall,following_right_wall,0,14,42,0.432887465,0.995317279,1,1,1,0.248191223,2.66073631,0.151816424,1,1,0,0,0
115.45,1.95486169,-0.633206945,89.9519803,0.0798416231,-0.00237565383,FollowWall,following_right_wall,0,14,42,0.432887465,0.995317279,1,1,1,0.248191223,2.6647185,0.151816424,1,1,0,0,0
115.5,1.95486527,-0.629214698,89.9453187,0.079861137,-0.00208294556,FollowWall,following_right_wall,0,14,42,0.43321389,0.987217592,1,1,1,0.248072654,2.66870041,0.151816424,1,1,0,0,0
115.55,1.9548693,-0.625222115,89.9389465,0.079861137,-0.00208294556,FollowWall,following_right_wall,0,14,42,0.43321389,0.987217592,1,1,1,0.248072654,2.67268311,0.151816424,1,1,0,0,0
115.6,1.95487377,-0.621229336,89.932743,0.0799002132,-0.00149680136,FollowWall,following_right_wall,0,14,42,0.433553159,0.979175531,1,1,1,0.247847259,2.67666626,0.151816424,1,1,0,0,0
115.65,1.95487865,-0.617235628,89.9273377,0.0799002132,-0.00149680136,FollowWall,following_right_wall,0,14,42,0.433553159,0.979175531,1,1,1,0.247847259,2.68065158,0.151816424,1,1,0,0,0
115.7,1.95488388,-0.61324138,89.9223979,0.0799120954,-0.0013185688,FollowWall,following_right_wall,0,14,42,0.433914602,0.971191452,1,1,1,0.247954115,2.68463817,0.151816424,1,1,0,0,0
115.75,1.95488945,-0.609246568,89.9179424,0.0799120954,-0.0013185688,FollowWall,following_right_wall,0,14,42,0.433914602,0.971191452,1,1,1,0.247954115,2.68862607,0.151816424,1,1,0,0,0
115.8,1.95489532,-0.605251428,89.9137694,0.079936688,-0.000949679557,FollowWall,following_right_wall,0,14,42,0.434286386,0.963265117,1,1,1,0.24800536,2.69261474,0.151816424,1,1,0,0,0
115.85,1.95490145,-0.601255584,89.9102016,0.079936688,-0.000949679557,FollowWall,following_right_wall,0,14,42,0.434286386,0.963265117,1,1,1,0.24800536,2.69660505,0.151816424,1,1,0,0,0
115.9,1.95490783,-0.597259329,89.9069868,0.0799596002,-0.000605997036,FollowWall,following_right_wall,0,14,42,0.434663236,0.955355349,1,1,1,0.248138815,2.70059632,0.151816424,1,1,1,0,1
