time,x,y,yaw_deg,v,w,state,reason,fault,narrow_usable,wide_usable,front_sector,front_clearance,pivot_valid,heading_valid,right_valid,right_distance,cap_gap,min_cap_gap,entered,approached,returned,contact,completed
0,0,0,0,0.064222117,-0.236668245,FollowWall,following_right_wall,0,14,42,0.712057352,-1,-1,-1,1,0.40469715,2.311,2.311,0,0,0,0,0
0.05,0.0013379567,-3.29846361e-06,-0.282501908,0.064222117,-0.236668245,FollowWall,following_right_wall,0,14,42,0.712057352,-1,-1,-1,1,0.40469715,2.31081042,2.31081042,0,0,0,0,0
0.1,0.00345631193,-2.2012439e-05,-0.729796596,0.0652552134,-0.221171799,FollowWall,following_right_wall,0,14,42,0.699699402,-1,-1,-1,1,0.404820174,2.3105012,2.3105012,0,0,0,0,0
0.15,0.00605116181,-6.69550599e-05,-1.25472288,0.0652552134,-0.221171799,FollowWall,following_right_wall,0,14,42,0.699699402,-1,-1,-1,1,0.404820174,2.31012229,2.31012229,0,0,0,0,0
0.2,0.00892349725,-0.000144167891,-1.82493427,0.0668019118,-0.197971323,FollowWall,following_right_wall,0,14,42,0.682026267,-1,-1,-1,1,0.405109614,2.30969084,2.30969084,0,0,0,0,0
0.25,0.0119892592,-0.000257088001,-2.39386844,0.0668019118,-0.197971323,FollowWall,following_right_wall,0,14,42,0.682026267,-1,-1,-1,1,0.405109614,2.30923337,2.30923337,0,0,0,0,0
0.3,0.0151670652,-0.000405724593,-2.96205757,0.0683682192,-0.174476711,FollowWall,following_right_wall,0,14,42,0.664630175,-1,-1,-1,1,0.405231297,2.30874955,2.30874955,0,0,0,0,0
0.35,0.018441933,-0.000590647919,-3.50176746,0.0683682192,-0.174476711,FollowWall,following_right_wall,0,14,42,0.664630175,-1,-1,-1,1,0.405231297,2.30825451,2.30825451,0,0,0,0,0
0.4,0.0217724566,-0.000809719339,-4.02486446,0.0698481392,-0.152277913,FollowWall,following_right_wall,0,14,42,0.649103582,-1,-1,-1,1,0.405759901,2.30774259,2.30774259,0,0,0,0,0
0.45,0.0251651937,-0.001062934,-4.51177275,0.0698481392,-0.152277913,FollowWall,following_right_wall,0,14,42,0.649103582,-1,-1,-1,1,0.405759901,2.30722363,2.30722363,0,0,0,0,0
0.5,0.028593177,-0.00134745647,-4.97757095,0.0711925245,-0.132112132,FollowWall,following_right_wall,0,14,42,0.63565439,-1,-1,-1,1,0.406079948,2.30669109,2.30669109,0,0,0,0,0
0.55,0.0320685678,-0.0016632695,-5.40698381,0.0711925245,-0.132112132,FollowWall,following_right_wall,0,14,42,0.63565439,-1,-1,-1,1,0.406079948,2.30615201,2.30615201,0,0,0,0,0
0.6,0.0355705493,-0.00200732541,-5.81517189,0.0723934277,-0.114098584,FollowWall,following_right_wall,0,14,42,0.624078393,-1,-1,-1,1,0.405841559,2.30560053,2.30560053,0,0,0,0,0
0.65,0.0391118818,-0.00237967969,-6.18947675,0.0723934277,-0.114098584,FollowWall,following_right_wall,0,14,42,0.624078393,-1,-1,-1,1,0.405841559,2.30504208,2.30504208,0,0,0,0,0
0.7,0.0426751303,-0.00277726812,-6.54401641,0.0734171907,-0.0987421392,FollowWall,following_right_wall,0,14,42,0.614086628,-1,-1,-1,1,0.40572837,2.30447188,2.30447188,0,0,0,0,0
0.75,0.04627134,-0.00320013014,-6.86869595,0.0734171907,-0.0987421392,FollowWall,following_right_wall,0,14,42,0.614086628,-1,-1,-1,1,0.40572837,2.30389405,2.30389405,0,0,0,0,0
0.8,0.049885788,-0.0036453583,-7.1759571,0.0744010895,-0.0839836579,FollowWall,following_right_wall,0,14,42,0.60538733,-1,-1,-1,1,0.40478155,2.30330492,2.30330492,0,0,0,0,0
0.85,0.0535302635,-0.00411324138,-7.45544088,0.0744010895,-0.0839836579,FollowWall,following_right_wall,0,14,42,0.60538733,-1,-1,-1,1,0.40478155,2.30270846,2.30270846,0,0,0,0,0
0.9,0.0571913437,-0.0046008936,-7.71872119,0.0752799728,-0.0708004087,FollowWall,following_right_wall,0,14,42,0.597783148,-1,-1,-1,1,0.404256582,2.30210172,2.30210172,0,0,0,0,0
0.95,0.0608793904,-0.00510857002,-7.95681313,0.0752799728,-0.0708004087,FollowWall,following_right_wall,0,14,42,0.597783148,-1,-1,-1,1,0.404256582,2.30148805,2.30148805,0,0,0,0,0
1,0.0645823486,-0.00563350296,-8.18021186,0.0760392044,-0.059411934,FollowWall,following_right_wall,0,14,42,0.591108561,-1,-1,-1,1,0.403751612,2.30086512,2.30086512,0,0,0,0,0
1.05,0.0683088918,-0.00617587344,-8.38144556,0.0760392044,-0.059411934,FollowWall,following_right_wall,0,14,42,0.591108561,-1,-1,-1,1,0.403751612,2.3002357,2.3002357,0,0,0,0,0
1.1,0.0720484698,-0.00673312895,-8.56974966,0.0766427471,-0.0503587937,FollowWall,following_right_wall,0,14,42,0.585209906,-1,-1,-1,1,0.403374135,2.29959803,2.29959803,0,0,0,0,0
1.15,0.0758074055,-0.00730528762,-8.73970509,0.0766427471,-0.0503587937,FollowWall,following_right_wall,0,14,42,0.585209906,-1,-1,-1,1,0.403374135,2.29895417,2.29895417,0,0,0,0,0
1.2,0.0795769955,-0.00789015335,-8.89895715,0.0771905949,-0.0421410761,FollowWall,following_right_wall,0,14,42,0.579931855,-1,-1,-1,1,0.402257442,2.29830286,2.29830286,0,0,0,0,0
1.25,0.0833634825,-0.00848787951,-9.04215638,0.0771905949,-0.0421410761,FollowWall,following_right_wall,0,14,42,0.579931855,-1,-1,-1,1,0.402257442,2.297646,2.297646,0,0,0,0,0
1.3,0.0871592739,-0.00909648337,-9.17599148,0.0777495036,-0.033757446,FollowWall,following_right_wall,0,14,42,0.575168788,-1,-1,-1,1,0.401435822,2.29698267,2.29698267,0,0,0,0,0
1.35,0.0909714845,-0.00971632872,-9.29435693,0.0777495036,-0.033757446,FollowWall,following_right_wall,0,14,42,0.575168788,-1,-1,-1,1,0.401435822,2.29631484,2.29631484,0,0,0,0,0
1.4,0.0947928169,-0.010345454,-9.40369843,0.0782517339,-0.0262239911,FollowWall,following_right_wall,0,14,42,0.570875645,-1,-1,-1,1,0.400839925,2.29564176,2.29564176,0,0,0,0,0
1.45,0.0986293844,-0.0109841193,-9.49878355,0.0782517339,-0.0262239911,FollowWall,following_right_wall,0,14,42,0.570875645,-1,-1,-1,1,0.400839925,2.29496514,2.29496514,0,0,0,0,0
1.5,0.102474476,-0.0116304764,-9.58555246,0.0787007387,-0.01948892,FollowWall,following_right_wall,0,14,42,0.567007422,-1,-1,-1,1,0.400129795,2.29428437,2.29428437,0,0,0,0,0
1.55,0.106333446,-0.0122847306,-9.65943084,0.0787007387,-0.01948892,FollowWall,following_right_wall,0,14,42,0.567007422,-1,-1,-1,1,0.400129795,2.29360099,2.29360099,0,0,0,0,0
1.6,0.110200237,-0.01294518,-9.72578974,0.0791010113,-0.013484831,FollowWall,following_right_wall,0,14,42,0.563517332,-1,-1,-1,1,0.399315506,2.29291451,2.29291451,0,0,0,0,0
1.65,0.114079575,-0.0136119948,-9.78059544,0.0791010113,-0.013484831,FollowWall,following_right_wall,0,14,42,0.563517332,-1,-1,-1,1,0.399315506,2.2922263,2.2922263,0,0,0,0,0
1.7,0.117966041,-0.0142836274,-9.82866175,0.0794570713,-0.00814393114,FollowWall,following_right_wall,0,14,42,0.560362339,-1,-1,-1,1,0.398407578,2.29153597,2.29153597,0,0,0,0,0
1.75,0.121863818,-0.0149602216,-9.86642154,0.0794570713,-0.00814393114,FollowWall,following_right_wall,0,14,42,0.560362339,-1,-1,-1,1,0.398407578,2.29084473,2.29084473,0,0,0,0,0
1.8,0.125768076,-0.0156403805,-9.89816919,0.079773173,-0.00340240474,FollowWall,following_right_wall,0,14,42,0.557505012,-1,-1,-1,1,0.397416502,2.29015229,2.29015229,0,0,0,0,0
1.85,0.129682518,-0.0163242259,-9.92074997,0.079773173,-0.00340240474,FollowWall,following_right_wall,0,14,42,0.557505012,-1,-1,-1,1,0.397416502,2.28945973,2.28945973,0,0,0,0,0
1.9,0.13360285,-0.0170105042,-9.93798341,0.0799908659,0.000137010884,FollowWall,following_right_wall,0,14,42,0.554912925,-1,-1,-1,1,0.396062285,2.28876681,2.28876681,0,0,0,0,0
1.95,0.137531062,-0.0176991202,-9.94787271,0.0799908659,0.000137010884,FollowWall,following_right_wall,0,14,42,0.554912925,-1,-1,-1,1,0.396062285,2.28807438,2.28807438,0,0,0,0,0
2,0.141463873,-0.0183890904,-9.95347792,0.0798219116,0.00267132669,FollowWall,following_right_wall,0,14,42,0.55254066,-1,-1,-1,1,0.394409835,2.28738226,2.28738226,0,0,0,0,0
2.05,0.145395918,-0.0190791275,-9.95355897,0.0798219116,0.00267132669,FollowWall,following_right_wall,0,14,42,0.55254066,-1,-1,-1,1,0.394409835,2.28669219,2.28669219,0,0,0,0,0
2.1,0.149327556,-0.0197689848,-9.95041758,0.0796761902,0.00485714714,FollowWall,following_right_wall,0,14,42,0.550344527,-1,-1,-1,1,0.392723054,2.28600354,2.28600354,0,0,0,0,0
2.15,0.15325602,-0.0204579045,-9.94278732,0.0796761902,0.00485714714,FollowWall,following_right_wall,0,14,42,0.550344527,-1,-1,-1,1,0.392723054,2.28531756,2.28531756,0,0,0,0,0
2.2,0.157182702,-0.0211458803,-9.93253853,0.0795028769,0.00745684723,FollowWall,following_right_wall,0,14,42,0.548296332,-1,-1,-1,1,0.391314089,2.28463353,2.28463353,0,0,0,0,0
2.25,0.161104875,-0.0218321799,-9.91765912,0.0795028769,0.00745684723,FollowWall,following_right_wall,0,14,42,0.548296332,-1,-1,-1,1,0.391314089,2.28395297,2.28395297,0,0,0,0,0
2.3,0.165024526,-0.0225168936,-9.90007851,0.0793376236,0.00993564608,FollowWall,following_right_wall,0,14,42,0.546398044,-1,-1,-1,1,0.38995412,2.28327504,2.28327504,0,0,0,0,0
2.35,0.168939436,-0.0231993818,-9.87796335,0.0793376236,0.00993564608,FollowWall,following_right_wall,0,14,42,0.546398044,-1,-1,-1,1,0.38995412,2.2826011,2.2826011,0,0,0,0,0
2.4,0.172851721,-0.0238797635,-9.85320303,0.0791935315,0.0120970275,FollowWall,following_right_wall,0,14,42,0.544651687,-1,-1,-1,1,0.388563454,2.28193031,2.28193031,0,0,0,0,0
2.45,0.176759673,-0.024557507,-9.82431976,0.0791935315,0.0120970275,FollowWall,following_right_wall,0,14,42,0.544651687,-1,-1,-1,1,0.388563454,2.28126377,2.28126377,0,0,0,0,0
2.5,0.180665267,-0.0252327292,-9.79303141,0.0790779019,0.0138314709,FollowWall,following_right_wall,0,14,42,0.543050051,-1,-1,-1,1,0.387103409,2.28060072,2.28060072,0,0,0,0,0
2.55,0.184567292,-0.0259050184,-9.75826978,0.0790779019,0.0138314709,FollowWall,following_right_wall,0,14,42,0.543050051,-1,-1,-1,1,0.387103409,2.27994198,2.27994198,0,0,0,0,0
2.6,0.188467428,-0.0265744747,-9.72148205,0.079052111,0.0142183345,FollowWall,following_right_wall,0,14,42,0.541578412,-1,-1,-1,1,0.385591596,2.27928691,2.27928691,0,0,0,0,0
2.65,0.192366125,-0.0272410501,-9.68305066,0.079052111,0.0142183345,FollowWall,following_right_wall,0,14,42,0.541578412,-1,-1,-1,1,0.385591596,2.27863539,2.27863539,0,0,0,0,0
2.7,0.19626418,-0.0279047911,-9.64366046,0.0790727526,0.0139087107,FollowWall,following_right_wall,0,14,42,0.540191889,-1,-1,-1,1,0.383877188,2.27798714,2.27798714,0,0,0,0,0
2.75,0.200162477,-0.0285658093,-9.60408055,0.0790727526,0.0139087107,FollowWall,following_right_wall,0,14,42,0.540191889,-1,-1,-1,1,0.383877188,2.27734172,2.27734172,0,0,0,0,0
2.8,0.204061104,-0.0292241095,-9.56438996,0.0791040855,0.0134387174,FollowWall,following_right_wall,0,14,42,0.538847148,-1,-1,-1,1,0.382152379,2.27669911,2.27669911,0,0,0,0,0
2.85,0.207960755,-0.0298798217,-9.52519583,0.0791040855,0.0134387174,FollowWall,following_right_wall,0,14,42,0.538847148,-1,-1,-1,1,0.382152379,2.27605894,2.27605894,0,0,0,0,0
2.9,0.211861184,-0.0305329317,-9.48629131,0.0791403136,0.0128952958,FollowWall,following_right_wall,0,14,42,0.537520826,-1,-1,-1,1,0.380434245,2.2754213,2.2754213,0,0,0,0,0
2.95,0.21576299,-0.0311835774,-9.44820437,0.0791403136,0.0128952958,FollowWall,following_right_wall,0,14,42,0.537520826,-1,-1,-1,1,0.380434245,2.27478584,2.27478584,0,0,0,0,0
3,0.219665773,-0.0318317366,-9.41059437,0.0791794477,0.0123082851,FollowWall,following_right_wall,0,14,42,0.536201835,-1,-1,-1,1,0.37872538,2.27415271,2.27415271,0,0,0,0,0
3.05,0.223570099,-0.0324775529,-9.37396327,0.0791794477,0.0123082851,FollowWall,following_right_wall,0,14,42,0.536201835,-1,-1,-1,1,0.37872538,2.27352158,2.27352158,0,0,0,0,0
3.1,0.227475489,-0.0331210005,-9.33790319,0.079220295,0.011695575,FollowWall,following_right_wall,0,14,42,0.53488481,-1,-1,-1,1,0.377027541,2.27289262,2.27289262,0,0,0,0,0
3.15,0.2313825,-0.0337622269,-9.30290758,0.079220295,0.011695575,FollowWall,following_right_wall,0,14,42,0.53488481,-1,-1,-1,1,0.377027541,2.2722655,2.2722655,0,0,0,0,0
3.2,0.235290611,-0.0344012045,-9.26853291,0.0792620753,0.0110688699,FollowWall,following_right_wall,0,14,42,0.533566952,-1,-1,-1,1,0.375341922,2.2716404,2.2716404,0,0,0,0,0
3.25,0.239200374,-0.035038083,-9.23526853,0.0792620753,0.0110688699,FollowWall,following_right_wall,0,14,42,0.533566952,-1,-1,-1,1,0.375341922,2.27101699,2.27101699,0,0,0,0,0
3.3,0.243111246,-0.0356728342,-9.20265182,0.0792450459,0.011324311,FollowWall,following_right_wall,0,14,42,0.532246649,-1,-1,-1,1,0.3740367,2.27039548,2.27039548,0,0,0,0,0
3.35,0.247022562,-0.0363053751,-9.170108,0.0792450459,0.011324311,FollowWall,following_right_wall,0,14,42,0.532246649,-1,-1,-1,1,0.3740367,2.26977617,2.26977617,0,0,0,0,0
3.4,0.250934285,-0.0369357035,-9.13760671,0.0792032428,0.0119513587,FollowWall,following_right_wall,0,14,42,0.530948699,-1,-1,-1,1,0.372915447,2.26915909,2.26915909,0,0,0,0,0
3.45,0.254845538,-0.0375636548,-9.10438174,0.0792032428,0.0119513587,FollowWall,following_right_wall,0,14,42,0.530948699,-1,-1,-1,1,0.372915447,2.26854472,2.26854472,0,0,0,0,0
3.5,0.258756672,-0.0381892458,-9.07073462,0.0791670973,0.0124935403,FollowWall,following_right_wall,0,14,42,0.529698431,-1,-1,-1,1,0.37180683,2.26793291,2.26793291,0,0,0,0,0
3.55,0.262667151,-0.0388123459,-9.03619407,0.0791670973,0.0124935403,FollowWall,following_right_wall,0,14,42,0.529698431,-1,-1,-1,1,0.37180683,2.26732399,2.26732399,0,0,0,0,0
3.6,0.266577408,-0.0394329755,-9.00113235,0.0791379495,0.0129307569,FollowWall,following_right_wall,0,14,42,0.528505027,-1,-1,-1,1,0.370708466,2.26671779,2.26671779,0,0,0,0,0
3.65,0.2704871,-0.040051034,-8.96524473,0.0791379495,0.0129307569,FollowWall,following_right_wall,0,14,42,0.528505027,-1,-1,-1,1,0.370708466,2.26611453,2.26611453,0,0,0,0,0
3.7,0.274396627,-0.0406665399,-8.92887533,0.0791627798,0.012558303,FollowWall,following_right_wall,0,14,42,0.527368426,-1,-1,-1,1,0.369330704,2.26551407,2.26551407,0,0,0,0,0
3.75,0.278306731,-0.041279599,-8.89266947,0.0791627798,0.012558303,FollowWall,following_right_wall,0,14,42,0.527368426,-1,-1,-1,1,0.369330704,2.26491602,2.26491602,0,0,0,0,0
3.8,0.282217331,-0.0418902076,-8.85655902,0.0791507217,0.0127391751,FollowWall,following_right_wall,0,14,42,0.526265025,-1,-1,-1,1,0.368212759,2.26432042,2.26432042,0,0,0,0,0
3.85,0.286128131,-0.0424983173,-8.82028832,0.0791507217,0.0127391751,FollowWall,following_right_wall,0,14,42,0.526265025,-1,-1,-1,1,0.368212759,2.26372742,2.26372742,0,0,0,0,0
3.9,0.290039209,-0.0431039314,-8.78392414,0.0791417143,0.0128742859,FollowWall,following_right_wall,0,14,42,0.525197148,-1,-1,-1,1,0.36710915,2.263137,2.263137,0,0,0,0,0
3.95,0.293950423,-0.0437070174,-8.74734416,0.0791417143,0.0128742859,FollowWall,following_right_wall,0,14,42,0.525197148,-1,-1,-1,1,0.36710915,2.26254923,2.26254923,0,0,0,0,0
4,0.297861878,-0.0443075797,-8.71063829,0.0791388097,0.0129178552,FollowWall,following_right_wall,0,14,42,0.524167955,-1,-1,-1,1,0.366002053,2.26196408,2.26196408,0,0,0,0,0
4.05,0.301773572,-0.0449056097,-8.67380697,0.0791388097,0.0129178552,FollowWall,following_right_wall,0,14,42,0.524167955,-1,-1,-1,1,0.366002053,2.26138155,2.26138155,0,0,0,0,0
4.1,0.305685567,-0.0455011097,-8.63690249,0.0791416698,0.0128749534,FollowWall,following_right_wall,0,14,42,0.523175538,-1,-1,-1,1,0.364890695,2.26080162,2.26080162,0,0,0,0,0
4.15,0.309597954,-0.0460940916,-8.60000653,0.0791416698,0.0128749534,FollowWall,following_right_wall,0,14,42,0.523175538,-1,-1,-1,1,0.364890695,2.26022424,2.26022424,0,0,0,0,0
4.2,0.313510728,-0.0466845551,-8.56311554,0.0791496667,0.0127549989,FollowWall,following_right_wall,0,14,42,0.522215903,-1,-1,-1,1,0.363774538,2.25964942,2.25964942,0,0,0,0,0
4.25,0.317424048,-0.0472725293,-8.52637064,0.0791496667,0.0127549989,FollowWall,following_right_wall,0,14,42,0.522215903,-1,-1,-1,1,0.363774538,2.25907707,2.25907707,0,0,0,0,0
4.3,0.321337843,-0.0478580114,-8.48971096,0.079186181,0.0122072844,FollowWall,following_right_wall,0,14,42,0.52128458,-1,-1,-1,1,0.362507194,2.25850721,2.25850721,0,0,0,0,0
4.35,0.325252817,-0.0484411337,-8.45375477,0.079186181,0.0122072844,FollowWall,following_right_wall,0,14,42,0.52128458,-1,-1,-1,1,0.362507194,2.25793944,2.25793944,0,0,0,0,0
4.4,0.329168627,-0.0490218832,-8.41820895,0.0792529883,0.0112051752,FollowWall,following_right_wall,0,14,42,0.520366669,-1,-1,-1,1,0.361066103,2.25737391,2.25737391,0,0,0,0,0
4.45,0.333086441,-0.0496004963,-8.3840987,0.0792529883,0.0112051752,FollowWall,following_right_wall,0,14,42,0.520366669,-1,-1,-1,1,0.361066103,2.25680994,2.25680994,0,0,0,0,0
4.5,0.337005559,-0.0501769473,-8.35082586,0.0793121148,0.0103182775,FollowWall,following_right_wall,0,14,42,0.519440413,-1,-1,-1,1,0.35980317,2.2562478,2.2562478,0,0,0,0,0
4.55,0.340926784,-0.0507514362,-8.31910017,0.0793121148,0.0103182775,FollowWall,following_right_wall,0,14,42,0.519440413,-1,-1,-1,1,0.35980317,2.25568699,2.25568699,0,0,0,0,0
4.6,0.344849362,-0.0513239362,-8.28827698,0.0793708961,0.00943655839,FollowWall,following_right_wall,0,14,42,0.518497467,-1,-1,-1,1,0.358299971,2.2551278,2.2551278,0,0,0,0,0
4.65,0.348774057,-0.0518946445,-8.25903272,0.0793708961,0.00943655839,FollowWall,following_right_wall,0,14,42,0.518497467,-1,-1,-1,1,0.358299971,2.25456975,2.25456975,0,0,0,0,0
4.7,0.352700099,-0.0524635346,-8.23070951,0.0794458387,0.0083124191,FollowWall,following_right_wall,0,14,42,0.517534614,-1,-1,-1,1,0.356975853,2.25401314,2.25401314,0,0,0,0,0
4.75,0.356628576,-0.0530308608,-8.20426542,0.0794458387,0.0083124191,FollowWall,following_right_wall,0,14,42,0.517534614,-1,-1,-1,1,0.356975853,2.2534573,2.2534573,0,0,0,0,0
4.8,0.360558572,-0.0535965932,-8.17891748,0.0795120247,0.00731962879,FollowWall,following_right_wall,0,14,42,0.516542614,-1,-1,-1,1,0.35569188,2.2529026,2.2529026,0,0,0,0,0
4.85,0.36449091,-0.054160951,-8.15539402,0.0795120247,0.00731962879,FollowWall,following_right_wall,0,14,42,0.516542614,-1,-1,-1,1,0.35569188,2.25234849,2.25234849,0,0,0,0,0
4.9,0.3684247,-0.0547239062,-8.13293483,0.0795572431,0.00664135291,FollowWall,following_right_wall,0,14,42,0.515518904,-1,-1,-1,1,0.354447335,2.25179534,2.25179534,0,0,0,0,0
4.95,0.372360352,-0.0552856037,-8.11190611,0.0795572431,0.00664135291,FollowWall,following_right_wall,0,14,42,0.515518904,-1,-1,-1,1,0.354447335,2.25124283,2.25124283,0,0,0,0,0
5,0.376297166,-0.0558460221,-8.09171183,0.0795826667,0.00625999882,FollowWall,following_right_wall,0,14,42,0.514471173,-1,-1,-1,1,0.353239506,2.25069125,2.25069125,0,0,0,0,0
5.05,0.380235258,-0.0564052394,-8.0724595,0.0795826667,0.00625999882,FollowWall,following_right_wall,0,14,42,0.514471173,-1,-1,-1,1,0.353239506,2.25014047,2.25014047,0,0,0,0,0
5.1,0.384174168,-0.056963242,-8.05375666,0.0796062945,0.00590558266,FollowWall,following_right_wall,0,14,42,0.513411343,-1,-1,-1,1,0.352065057,2.24959068,2.24959068,0,0,0,0,0
5.15,0.388114113,-0.0575201054,-8.0357974,0.0796062945,0.00590558266,FollowWall,following_right_wall,0,14,42,0.513411343,-1,-1,-1,1,0.352065057,2.2490417,2.2490417,0,0,0,0,0
5.2,0.39205473,-0.0580758192,-8.01827189,0.0796286523,0.00557021599,FollowWall,following_right_wall,0,14,42,0.512344897,-1,-1,-1,1,0.350921899,2.2484937,2.2484937,0,0,0,0,0
5.25,0.395996267,-0.0586304561,-8.00139972,0.0796286523,0.00557021599,FollowWall,following_right_wall,0,14,42,0.512344897,-1,-1,-1,1,0.350921899,2.24794649,2.24794649,0,0,0,0,0
5.3,0.399938404,-0.059184007,-7.98490867,0.0796243762,0.00563435712,FollowWall,following_right_wall,0,14,42,0.511273444,-1,-1,-1,1,0.349808723,2.24740021,2.24740021,0,0,0,0,0
5.35,0.403880867,-0.0597364518,-7.96856337,0.0796243762,0.00563435712,FollowWall,following_right_wall,0,14,42,0.511273444,-1,-1,-1,1,0.349808723,2.24685498,2.24685498,0,0,0,0,0
5.4,0.407823586,-0.0602877885,-7.95230309,0.0795699782,0.00645032734,FollowWall,following_right_wall,0,14,42,0.510207713,-1,-1,-1,1,0.348433584,2.24631082,2.24631082,0,0,0,0,0
5.45,0.411765399,-0.0608378258,-7.93511842,0.0795699782,0.00645032734,FollowWall,following_right_wall,0,14,42,0.510207713,-1,-1,-1,1,0.348433584,2.24576838,2.24576838,0,0,0,0,0
5.5,0.415706759,-0.0613865757,-7.91739452,0.0795187266,0.00721910096,FollowWall,following_right_wall,0,14,42,0.509174585,-1,-1,-1,1,0.34730795,2.24522748,2.24522748,0,0,0,0,0
5.55,0.419646874,-0.0619338668,-7.89843841,0.0795187266,0.00721910096,FollowWall,following_right_wall,0,14,42,0.509174585,-1,-1,-1,1,0.34730795,2.24468859,2.24468859,0,0,0,0,0
5.6,0.423586345,-0.0624797147,-7.87876351,0.0795177667,0.00723349942,FollowWall,following_right_wall,0,14,42,0.508185983,-1,-1,-1,1,0.346350729,2.24415147,2.24415147,0,0,0,0,0
5.65,0.427525503,-0.0630241253,-7.85865213,0.0795177667,0.00723349942,FollowWall,following_right_wall,0,14,42,0.508185983,-1,-1,-1,1,0.346350729,2.243616,2.243616,0,0,0,0,0
5.7,0.431464558,-0.063567104,-7.83828614,0.0795048815,0.00742677824,FollowWall,following_right_wall,0,14,42,0.507223785,-1,-1,-1,1,0.345379859,2.24308208,2.24308208,0,0,0,0,0
5.75,0.435403372,-0.0641086094,-7.81754091,0.0795048815,0.00742677824,FollowWall,following_right_wall,0,14,42,0.507223785,-1,-1,-1,1,0.345379859,2.24254982,2.24254982,0,0,0,0,0
5.8,0.439342127,-0.064648646,-7.79657447,0.0794455434,0.0083168487,FollowWall,following_right_wall,0,14,42,0.506280959,-1,-1,-1,1,0.344394803,2.24201913,2.24201913,0,0,0,0,0
5.85,0.443279711,-0.0651870125,-7.77441654,0.0794455434,0.0083168487,FollowWall,following_right_wall,0,14,42,0.506280959,-1,-1,-1,1,0.344394803,2.24149066,2.24149066,0,0,0,0,0
5.9,0.447216705,-0.065723723,-7.75156357,0.0793887662,0.00916850635,FollowWall,following_right_wall,0,14,42,0.505375266,-1,-1,-1,1,0.343395263,2.24096418,2.24096418,0,0,0,0,0
5.95,0.45115228,-0.0662585915,-7.72728857,0.0793887662,0.00916850635,FollowWall,following_right_wall,0,14,42,0.505375266,-1,-1,-1,1,0.343395263,2.24044018,2.24044018,0,0,0,0,0
6,0.455087129,-0.0667916345,-7.70218406,0.0793360582,0.00995912741,FollowWall,following_right_wall,0,14,42,0.504515529,-1,-1,-1,1,0.3421956,2.2399184,2.2399184,0,0,0,0,0
6.05,0.459020572,-0.0673226821,-7.67565193,0.0793360582,0.00995912741,FollowWall,following_right_wall,0,14,42,0.504515529,-1,-1,-1,1,0.3421956,2.23939928,2.23939928,0,0,0,0,0
6.1,0.462953303,-0.0678517504,-7.64828702,0.0792921443,0.0106178348,FollowWall,following_right_wall,0,14,42,0.503702402,-1,-1,-1,1,0.340890169,2.23888253,2.23888253,0,0,0,0,0
6.15,0.466884825,-0.0683787001,-7.61965005,0.0792921443,0.0106178348,FollowWall,following_right_wall,0,14,42,0.503702402,-1,-1,-1,1,0.340890169,2.2383685,2.2383685,0,0,0,0,0
6.2,0.470815758,-0.0689035449,-7.59027104,0.0792691317,0.010963025,FollowWall,following_right_wall,0,14,42,0.502931535,-1,-1,-1,1,0.339993,2.23785693,2.23785693,0,0,0,0,0
6.25,0.474745989,-0.0694262155,-7.56004714,0.0792691317,0.010963025,FollowWall,following_right_wall,0,14,42,0.502931535,-1,-1,-1,1,0.339993,2.23734794,2.23734794,0,0,0,0,0
6.3,0.478675929,-0.0699467205,-7.52933039,0.0792519229,0.0112211559,FollowWall,following_right_wall,0,14,42,0.502191246,-1,-1,-1,1,0.339116544,2.23684136,2.23684136,0,0,0,0,0
6.35,0.482605463,-0.0704650076,-7.49801801,0.0792519229,0.0112211559,FollowWall,following_right_wall,0,14,42,0.502191246,-1,-1,-1,1,0.339116544,2.23633731,2.23633731,0,0,0,0,0
6.4,0.486534881,-0.0709810825,-7.46635819,0.0792373795,0.0114393075,FollowWall,following_right_wall,0,14,42,0.501472354,-1,-1,-1,1,0.338173896,2.23583565,2.23583565,0,0,0,0,0
6.45,0.49046405,-0.0714949004,-7.43423529,0.0792373795,0.0114393075,FollowWall,following_right_wall,0,14,42,0.501472354,-1,-1,-1,1,0.338173896,2.23533648,2.23533648,0,0,0,0,0
6.5,0.494393197,-0.0720064654,-7.40184227,0.0792248617,0.0116270745,FollowWall,following_right_wall,0,14,42,0.500769317,-1,-1,-1,1,0.33710742,2.23483973,2.23483973,0,0,0,0,0
6.55,0.498322194,-0.0725157387,-7.36906754,0.0792248617,0.0116270745,FollowWall,following_right_wall,0,14,42,0.500769317,-1,-1,-1,1,0.33710742,2.23434546,2.23434546,0,0,0,0,0
6.6,0.502251225,-0.0730227237,-7.33607015,0.0791754989,0.0123675163,FollowWall,following_right_wall,0,14,42,0.500078321,-1,-1,-1,1,0.336133391,2.23385362,2.23385362,0,0,0,0,0
6.65,0.506179382,-0.0735272608,-7.30205904,0.0791754989,0.0123675163,FollowWall,following_right_wall,0,14,42,0.500078321,-1,-1,-1,1,0.336133391,2.23336473,2.23336473,0,0,0,0,0
6.7,0.510107158,-0.0740293585,-7.26745659,0.0791031965,0.0134520528,FollowWall,following_right_wall,0,14,42,0.499412924,-1,-1,-1,1,0.334951401,2.23287858,2.23287858,0,0,0,0,0
6.75,0.514033351,-0.0745287871,-7.23121462,0.0791031965,0.0134520528,FollowWall,following_right_wall,0,14,42,0.499412924,-1,-1,-1,1,0.334951401,2.23239589,2.23239589,0,0,0,0,0
6.8,0.51795876,-0.0750255597,-7.19401627,0.0790428185,0.0143577227,FollowWall,following_right_wall,0,14,42,0.498790741,-1,-1,-1,1,0.333791882,2.23191634,2.23191634,0,0,0,0,0
6.85,0.521882605,-0.0755194893,-7.15517896,0.0790428185,0.0143577227,FollowWall,following_right_wall,0,14,42,0.498790741,-1,-1,-1,1,0.333791882,2.23144043,2.23144043,0,0,0,0,0
6.9,0.525805685,-0.0760105881,-7.11538559,0.0790159998,0.0147600034,FollowWall,following_right_wall,0,14,42,0.49821496,-1,-1,-1,1,0.332657367,2.23096784,2.23096784,0,0,0,0,0
6.95,0.52972791,-0.0764987775,-7.07455434,0.0790159998,0.0147600034,FollowWall,following_right_wall,0,14,42,0.49821496,-1,-1,-1,1,0.332657367,2.23049869,2.23049869,0,0,0,0,0
7,0.533649786,-0.0769840643,-7.03311765,0.0790264146,0.0146037816,FollowWall,following_right_wall,0,14,42,0.497671366,-1,-1,-1,1,0.331417531,2.23003278,2.23003278,0,0,0,0,0
7.05,0.53757182,-0.0774664854,-6.99151427,0.0790264146,0.0146037816,FollowWall,following_right_wall,0,14,42,0.497671366,-1,-1,-1,1,0.331417531,2.22956985,2.22956985,0,0,0,0,0
7.1,0.541494092,-0.0779460413,-6.94981365,0.0790402643,0.0143960361,FollowWall,following_right_wall,0,14,42,0.497135609,-1,-1,-1,1,0.330181301,2.22910989,2.22910989,0,0,0,0,0
7.15,0.545416931,-0.0784227759,-6.90830429,0.0790402643,0.0143960361,FollowWall,following_right_wall,0,14,42,0.497135609,-1,-1,-1,1,0.330181301,2.2286527,2.2286527,0,0,0,0,0
7.2,0.549340244,-0.0788966877,-6.86690649,0.0790554959,0.0141675614,FollowWall,following_right_wall,0,14,42,0.496593624,-1,-1,-1,1,0.329169869,2.22819834,2.22819834,0,0,0,0,0
7.25,0.553264286,-0.0793678232,-6.8258465,0.0790554959,0.0141675614,FollowWall,following_right_wall,0,14,42,0.496593624,-1,-1,-1,1,0.329169869,2.22774664,2.22774664,0,0,0,0,0
7.3,0.557188892,-0.0798361803,-6.78498355,0.0790712936,0.0139305964,FollowWall,following_right_wall,0,14,42,0.496038914,-1,-1,-1,1,0.328089207,2.22729767,2.22729767,0,0,0,0,0
7.35,0.561114289,-0.0803018065,-6.74451841,0.0790712936,0.0139305964,FollowWall,following_right_wall,0,14,42,0.496038914,-1,-1,-1,1,0.328089207,2.22685129,2.22685129,0,0,0,0,0
7.4,0.565040282,-0.0807646998,-6.70428532,0.0790514912,0.0142276322,FollowWall,following_right_wall,0,14,42,0.495468169,-1,-1,-1,1,0.326930434,2.22640758,2.22640758,0,0,0,0,0
7.45,0.568966345,-0.0812247989,-6.66383303,0.0790514912,0.0142276322,FollowWall,following_right_wall,0,14,42,0.495468169,-1,-1,-1,1,0.326930434,2.22596681,2.22596681,0,0,0,0,0
7.5,0.572892586,-0.0816821045,-6.62325288,0.0789690495,0.0154642581,FollowWall,following_right_wall,0,14,42,0.494894862,-1,-1,-1,1,0.325898975,2.22552895,2.22552895,0,0,0,0,0
7.55,0.576817363,-0.0821363685,-6.58112202,0.0789690495,0.0154642581,FollowWall,following_right_wall,0,14,42,0.494894862,-1,-1,-1,1,0.325898975,2.22509492,2.22509492,0,0,0,0,0
7.6,0.580741431,-0.0825875953,-6.53808659,0.0788986959,0.0165195613,FollowWall,following_right_wall,0,14,42,0.49435392,-1,-1,-1,1,0.324927419,2.22466441,2.22466441,0,0,0,0,0
7.65,0.584663778,-0.0830355773,-6.49326382,0.0788986959,0.0165195613,FollowWall,following_right_wall,0,14,42,0.49435392,-1,-1,-1,1,0.324927419,2.22423806,2.22423806,0,0,0,0,0
7.7,0.588585272,-0.0834803182,-6.44739842,0.0789217335,0.0161739973,FollowWall,following_right_wall,0,14,42,0.493859023,-1,-1,-1,1,0.324046701,2.22381552,2.22381552,0,0,0,0,0
7.75,0.592506896,-0.0839218878,-6.40133733,0.0789217335,0.0161739973,FollowWall,following_right_wall,0,14,42,0.493859023,-1,-1,-1,1,0.324046701,2.2233963,2.2233963,0,0,0,0,0
7.8,0.596428742,-0.0843602858,-6.35516206,0.0789593111,0.0156103342,FollowWall,following_right_wall,0,14,42,0.493374079,-1,-1,-1,1,0.323001653,2.22298037,2.22298037,0,0,0,0,0
7.85,0.600351638,-0.0847956216,-6.30959303,0.0789593111,0.0156103342,FollowWall,following_right_wall,0,14,42,0.493374079,-1,-1,-1,1,0.323001653,2.22256726,2.22256726,0,0,0,0,0
7.9,0.604275288,-0.0852278944,-6.26437763,0.0789249486,0.0161257705,FollowWall,following_right_wall,0,14,42,0.492871046,-1,-1,-1,1,0.321942538,2.22215711,2.22215711,0,0,0,0,0
7.95,0.608198805,-0.085657005,-6.21875326,0.0789249486,0.0161257705,FollowWall,following_right_wall,0,14,42,0.492871046,-1,-1,-1,1,0.321942538,2.22175037,2.22175037,0,0,0,0,0
8,0.612122388,-0.086082953,-6.17289032,0.078967716,0.0154842595,FollowWall,following_right_wall,0,14,42,0.492369741,-1,-1,-1,1,0.321039528,2.22134697,2.22134697,0,0,0,0,0
8.05,0.616047034,-0.0865058598,-6.12765397,0.078967716,0.0154842595,FollowWall,following_right_wall,0,14,42,0.492369741,-1,-1,-1,1,0.321039528,2.22094637,2.22094637,0,0,0,0,0
8.1,0.619972433,-0.0869257256,-6.08278312,0.0789443535,0.0158346973,FollowWall,following_right_wall,0,14,42,0.491850793,-1,-1,-1,1,0.320284337,2.22054868,2.22054868,0,0,0,0,0
8.15,0.623897924,-0.0873424849,-6.03770719,0.0789443535,0.0158346973,FollowWall,following_right_wall,0,14,42,0.491850793,-1,-1,-1,1,0.320284337,2.22015426,2.22015426,0,0,0,0,0
8.2,0.627823603,-0.0877561372,-5.99251161,0.0789143945,0.0162840821,FollowWall,following_right_wall,0,14,42,0.491328537,-1,-1,-1,1,0.319509983,2.21976306,2.21976306,0,0,0,0,0
8.25,0.631748908,-0.0881665985,-5.94670983,0.0789143945,0.0162840821,FollowWall,following_right_wall,0,14,42,0.491328537,-1,-1,-1,1,0.319509983,2.21937541,2.21937541,0,0,0,0,0
8.3,0.635674132,-0.0885738673,-5.90055444,0.0788921679,0.0166174812,FollowWall,following_right_wall,0,14,42,0.490817845,-1,-1,-1,1,0.31865114,2.21899119,2.21899119,0,0,0,0,0
8.35,0.639598986,-0.0889778812,-5.8537948,0.0788921679,0.0166174812,FollowWall,following_right_wall,0,14,42,0.490817845,-1,-1,-1,1,0.31865114,2.21861059,2.21861059,0,0,0,0,0
8.4,0.643523761,-0.0893786382,-5.80668269,0.0788785042,0.0168224369,FollowWall,following_right_wall,0,14,42,0.490321845,-1,-1,-1,1,0.317635387,2.21823348,2.21823348,0,0,0,0,0
8.45,0.647448344,-0.0897760996,-5.75912032,0.0788785042,0.0168224369,FollowWall,following_right_wall,0,14,42,0.490321845,-1,-1,-1,1,0.317635387,2.21785996,2.21785996,0,0,0,0,0
8.5,0.651372953,-0.0901702635,-5.7112953,0.0788733013,0.0169004808,FollowWall,following_right_wall,0,14,42,0.489837915,-1,-1,-1,1,0.316665381,2.21748993,2.21748993,0,0,0,0,0
8.55,0.655297605,-0.0905611145,-5.66322391,0.0788733013,0.0169004808,FollowWall,following_right_wall,0,14,42,0.489837915,-1,-1,-1,1,0.316665381,2.2171234,2.2171234,0,0,0,0,0
8.6,0.659222418,-0.0909486512,-5.6150088,0.0789556294,0.0156655583,FollowWall,following_right_wall,0,14,42,0.489361346,-1,-1,-1,1,0.31594944,2.21676033,2.21676033,0,0,0,0,0
8.65,0.663149161,-0.0913330902,-5.56818394,0.0789556294,0.0156655583,FollowWall,following_right_wall,0,14,42,0.489361346,-1,-1,-1,1,0.31594944,2.21639971,2.21639971,0,0,0,0,0
8.7,0.667077153,-0.091714439,-5.52217005,0.0789969389,0.0150459161,FollowWall,following_right_wall,0,14,42,0.488851696,-1,-1,-1,1,0.315300137,2.21604183,2.21604183,0,0,0,0,0
8.75,0.671006851,-0.0920928099,-5.47736888,0.0789969389,0.0150459161,FollowWall,following_right_wall,0,14,42,0.488851696,-1,-1,-1,1,0.315300137,2.21568637,2.21568637,0,0,0,0,0
8.8,0.674937661,-0.0924682104,-5.43327512,0.0790215277,0.0146770842,FollowWall,following_right_wall,0,14,42,0.488304257,-1,-1,-1,1,0.3146559,2.21533357,2.21533357,0,0,0,0,0
8.85,0.678869743,-0.0928407087,-5.39003429,0.0790215277,0.0146770842,FollowWall,following_right_wall,0,14,42,0.488304257,-1,-1,-1,1,0.3146559,2.21498329,2.21498329,0,0,0,0,0
8.9,0.68280268,-0.0932103105,-5.34729099,0.0791082867,0.0133757001,FollowWall,following_right_wall,0,14,42,0.487728983,-1,-1,-1,1,0.313973218,2.2146357,2.2146357,0,0,0,0,0
8.95,0.686738022,-0.0935772407,-5.30639133,0.0791082867,0.0133757001,FollowWall,following_right_wall,0,14,42,0.487728983,-1,-1,-1,1,0.313973218,2.21428988,2.21428988,0,0,0,0,0
9,0.690674868,-0.0939415138,-5.26656713,0.0791953226,0.012070161,FollowWall,following_right_wall,0,14,42,0.48710379,-1,-1,-1,1,0.313315272,2.2139462,2.2139462,0,0,0,0,0
9.05,0.694614491,-0.0943033581,-5.22892865,0.0791953226,0.012070161,FollowWall,following_right_wall,0,14,42,0.48710379,-1,-1,-1,1,0.313315272,2.21360387,2.21360387,0,0,0,0,0
9.1,0.698555824,-0.094662793,-5.19256518,0.0792709183,0.0109362253,FollowWall,following_right_wall,0,14,42,0.486414492,-1,-1,-1,1,0.312645972,2.21326332,2.21326332,0,0,0,0,0
9.15,0.702499809,-0.0950200186,-5.158299,0.0792709183,0.0109362253,FollowWall,following_right_wall,0,14,42,0.486414492,-1,-1,-1,1,0.312645972,2.21292393,2.21292393,0,0,0,0,0
9.2,0.706445421,-0.0953750552,-5.12525623,0.0793347111,0.0099793337,FollowWall,following_right_wall,0,14,42,0.485661179,-1,-1,-1,1,0.311963648,2.21258612,2.21258612,0,0,0,0,0
9.25,0.710393382,-0.0957280724,-5.09406934,0.0793347111,0.0099793337,FollowWall,following_right_wall,0,14,42,0.485661179,-1,-1,-1,1,0.311963648,2.21224939,2.21224939,0,0,0,0,0
9.3,0.714342785,-0.0960790895,-5.06396503,0.0793257201,0.0101141992,FollowWall,following_right_wall,0,14,42,0.484850347,-1,-1,-1,1,0.31126675,2.21191412,2.21191412,0,0,0,0,0
9.35,0.718292917,-0.0964280958,-5.03433124,0.0793257201,0.0101141992,FollowWall,following_right_wall,0,14,42,0.484850347,-1,-1,-1,1,0.31126675,2.21158064,2.21158064,0,0,0,0,0
9.4,0.722243546,-0.0967750965,-5.00497193,0.0792532932,0.0112006025,FollowWall,following_right_wall,0,14,42,0.484018236,-1,-1,-1,1,0.310417056,2.21124905,2.21124905,0,0,0,0,0
9.45,0.726193038,-0.0971199185,-4.97447594,0.0792532932,0.0112006025,FollowWall,following_right_wall,0,14,42,0.484018236,-1,-1,-1,1,0.310417056,2.21092025,2.21092025,0,0,0,0,0
9.5,0.730141946,-0.0974625488,-4.94331687,0.0792469147,0.0112962797,FollowWall,following_right_wall,0,14,42,0.483214259,-1,-1,-1,1,0.309388965,2.21059403,2.21059403,0,0,0,0,0
9.55,0.734090461,-0.0978029642,-4.91165681,0.0792469147,0.0112962797,FollowWall,following_right_wall,0,14,42,0.483214259,-1,-1,-1,1,0.309388965,2.21027031,2.21027031,0,0,0,0,0
9.6,0.738038826,-0.0981411586,-4.8797045,0.0792874485,0.0106882729,FollowWall,following_right_wall,0,14,42,0.482434154,-1,-1,-1,1,0.308607548,2.20994899,2.20994899,0,0,0,0,0
9.65,0.74198802,-0.0984772249,-4.84830746,0.0792874485,0.0106882729,FollowWall,following_right_wall,0,14,42,0.482434154,-1,-1,-1,1,0.308607548,2.20962954,2.20962954,0,0,0,0,0
9.7,0.745937773,-0.0988111701,-4.81723434,0.0793154165,0.0102687526,FollowWall,following_right_wall,0,14,42,0.481650174,-1,-1,-1,1,0.307967693,2.20931206,2.20931206,0,0,0,0,0
9.75,0.749888504,-0.099143064,-4.78685093,0.0793154165,0.0102687526,FollowWall,following_right_wall,0,14,42,0.481650174,-1,-1,-1,1,0.307967693,2.2089963,2.2089963,0,0,0,0,0
9.8,0.753839875,-0.0994729158,-4.75686986,0.0792284533,0.0115732012,FollowWall,following_right_wall,0,14,42,0.48085469,-1,-1,-1,1,0.307054669,2.20868239,2.20868239,0,0,0,0,0
9.85,0.757789889,-0.099800527,-4.7255664,0.0792284533,0.0115732012,FollowWall,following_right_wall,0,14,42,0.48085469,-1,-1,-1,1,0.307054669,2.20837145,2.20837145,0,0,0,0,0
9.9,0.76173919,-0.10012588,-4.69349157,0.0791415286,0.012877071,FollowWall,following_right_wall,0,14,42,0.480099022,-1,-1,-1,1,0.306375802,2.2080632,2.2080632,0,0,0,0,0
9.95,0.76568635,-0.100448762,-4.65941037,0.0791415286,0.012877071,FollowWall,following_right_wall,0,14,42,0.480099022,-1,-1,-1,1,0.306375802,2.20775853,2.20775853,0,0,0,0,0
10,0.769632348,-0.100769146,-4.6241588,0.0790593229,0.0141101569,FollowWall,following_right_wall,0,14,42,0.479414701,-1,-1,-1,1,0.305445015,2.20745702,2.20745702,0,0,0,0,0
10.05,0.77357605,-0.101086827,-4.58675263,0.0790593229,0.0141101569,FollowWall,following_right_wall,0,14,42,0.479414701,-1,-1,-1,1,0.305445015,2.2071594,2.2071594,0,0,0,0,0
10.1,0.777518503,-0.101401773,-4.5480896,0.0789837139,0.015244292,FollowWall,following_right_wall,0,14,42,0.478813022,-1,-1,-1,1,0.304515213,2.20686524,2.20686524,0,0,0,0,0
10.15,0.781458754,-0.101713795,-4.50733964,0.0789837139,0.015244292,FollowWall,following_right_wall,0,14,42,0.478813022,-1,-1,-1,1,0.304515213,2.20657516,2.20657516,0,0,0,0,0
10.2,0.785397816,-0.102022862,-4.46537229,0.0790339673,0.0144904902,FollowWall,following_right_wall,0,14,42,0.478297025,-1,-1,-1,1,0.30391258,2.20628874,2.20628874,0,0,0,0,0
10.25,0.789337323,-0.102329068,-4.42359459,0.0790339673,0.0144904902,FollowWall,following_right_wall,0,14,42,0.478297025,-1,-1,-1,1,0.30391258,2.20600513,2.20600513,0,0,0,0,0
10.3,0.793277181,-0.102632414,-4.38192752,0.0790560103,0.014159845,FollowWall,following_right_wall,0,14,42,0.477812588,-1,-1,-1,1,0.303413212,2.20572437,2.20572437,0,0,0,0,0
10.35,0.797217789,-0.102932952,-4.34071965,0.0790560103,0.014159845,FollowWall,following_right_wall,0,14,42,0.477812588,-1,-1,-1,1,0.303413212,2.20544621,2.20544621,0,0,0,0,0
10.4,0.801158923,-0.103230688,-4.29977966,0.0790951146,0.0135732816,FollowWall,following_right_wall,0,14,42,0.477342039,-1,-1,-1,1,0.302607775,2.20517076,2.20517076,0,0,0,0,0
10.45,0.80510126,-0.103525712,-4.25969609,0.0790951146,0.0135732816,FollowWall,following_right_wall,0,14,42,0.477342039,-1,-1,-1,1,0.302607775,2.2048976,2.2048976,0,0,0,0,0
10.5,0.809044381,-0.103818038,-4.2201121,0.0791314674,0.0130279885,FollowWall,following_right_wall,0,14,42,0.476875424,-1,-1,-1,1,0.30184418,2.20462691,2.20462691,0,0,0,0,0
10.55,0.812988794,-0.104107752,-4.18147042,0.0791314674,0.0130279885,FollowWall,following_right_wall,0,14,42,0.476875424,-1,-1,-1,1,0.30184418,2.20435836,2.20435836,0,0,0,0,0
10.6,0.816934038,-0.104394872,-4.14337842,0.079103781,0.0134432851,FollowWall,following_right_wall,0,14,42,0.476409584,-1,-1,-1,1,0.301266342,2.20409214,2.20409214,0,0,0,0,0
10.65,0.820879269,-0.104679347,-4.10511135,0.079103781,0.0134432851,FollowWall,following_right_wall,0,14,42,0.476409584,-1,-1,-1,1,0.301266342,2.20382871,2.20382871,0,0,0,0,0
10.7,0.824824571,-0.104961176,-4.06674215,0.0790120889,0.0148186664,FollowWall,following_right_wall,0,14,42,0.475973666,-1,-1,-1,1,0.300795227,2.20356801,2.20356801,0,0,0,0,0
10.75,0.828768091,-0.105240164,-4.02667164,0.0790120889,0.0148186664,FollowWall,following_right_wall,0,14,42,0.475973666,-1,-1,-1,1,0.300795227,2.20331114,2.20331114,0,0,0,0,0
10.8,0.832710655,-0.10551628,-3.9856087,0.0789270572,0.0160941418,FollowWall,following_right_wall,0,14,42,0.475615144,-1,-1,-1,1,0.30028525,2.20305774,2.20305774,0,0,0,0,0
10.85,0.836650982,-0.105789329,-3.94244434,0.0789270572,0.0160941418,FollowWall,following_right_wall,0,14,42,0.475615144,-1,-1,-1,1,0.30028525,2.20280861,2.20280861,0,0,0,0,0
10.9,0.840590093,-0.106059269,-3.89805417,0.0789287903,0.0160681458,FollowWall,following_right_wall,0,14,42,0.475356251,-1,-1,-1,1,0.299581379,2.20256333,2.20256333,0,0,0,0,0
10.95,0.84452862,-0.10632608,-3.85297997,0.0789287903,0.0160681458,FollowWall,following_right_wall,0,14,42,0.475356251,-1,-1,-1,1,0.299581379,2.20232161,2.20232161,0,0,0,0,0
11,0.848466893,-0.106589748,-3.80750675,0.0789492628,0.0157610578,FollowWall,following_right_wall,0,14,42,0.4751665,-1,-1,-1,1,0.298964232,2.20208332,2.20208332,0,0,0,0,0
11.05,0.852405529,-0.106850305,-3.76216733,0.0789492628,0.0157610578,FollowWall,following_right_wall,0,14,42,0.4751665,-1,-1,-1,1,0.298964232,2.20184812,2.20184812,0,0,0,0,0
11.1,0.85634446,-0.107107754,-3.71690595,0.0790726363,0.013910455,FollowWall,following_right_wall,0,14,42,0.475018978,-1,-1,-1,1,0.298637867,2.20161604,2.20161604,0,0,0,0,0
11.15,0.860286207,-0.107362337,-3.6738991,0.0790726363,0.013910455,FollowWall,following_right_wall,0,14,42,0.475018978,-1,-1,-1,1,0.298637867,2.20138561,2.20138561,0,0,0,0,0
11.2,0.864229668,-0.107614105,-3.63220739,0.0792217425,0.0116738625,FollowWall,following_right_wall,0,14,42,0.474855512,-1,-1,-1,1,0.298321277,2.20115731,2.20115731,0,0,0,0,0
11.25,0.868177294,-0.107863373,-3.59395258,0.0792217425,0.0116738625,FollowWall,following_right_wall,0,14,42,0.474855512,-1,-1,-1,1,0.298321277,2.20092962,2.20092962,0,0,0,0,0
11.3,0.87212741,-0.108110221,-3.55770262,0.0793648443,0.00952733516,FollowWall,following_right_wall,0,14,42,0.474632472,-1,-1,-1,1,0.297745764,2.20070326,2.20070326,0,0,0,0,0
11.35,0.876082007,-0.108354965,-3.5251844,0.0793648443,0.00952733516,FollowWall,following_right_wall,0,14,42,0.474632472,-1,-1,-1,1,0.297745764,2.20047692,2.20047692,0,0,0,0,0
11.4,0.880039266,-0.108597696,-3.49484302,0.0794803228,0.00779515839,FollowWall,following_right_wall,0,14,42,0.474333495,-1,-1,-1,1,0.297415167,2.20025139,2.20025139,0,0,0,0,0
11.45,0.884000522,-0.108838682,-3.46783909,0.0794803228,0.00779515839,FollowWall,following_right_wall,0,14,42,0.474333495,-1,-1,-1,1,0.297415167,2.20002573,2.20002573,0,0,0,0,0
11.5,0.887964148,-0.109078005,-3.44278202,0.0794911261,0.00763310851,FollowWall,following_right_wall,0,14,42,0.473964989,-1,-1,-1,1,0.296818882,2.19980065,2.19980065,0,0,0,0,0
11.55,0.89192942,-0.109315733,-3.41905404,0.0794911261,0.00763310851,FollowWall,following_right_wall,0,14,42,0.473964989,-1,-1,-1,1,0.296818882,2.19957643,2.19957643,0,0,0,0,0
11.6,0.895895688,-0.109551899,-3.39610136,0.0796139014,0.00579147945,FollowWall,following_right_wall,0,14,42,0.473579645,-1,-1,-1,1,0.296343595,2.19935334,2.19935334,0,0,0,0,0
11.65,0.899865124,-0.10978675,-3.37579923,0.0796139014,0.00579147945,FollowWall,following_right_wall,0,14,42,0.473579645,-1,-1,-1,1,0.296343595,2.19913006,2.19913006,0,0,0,0,0
11.7,0.903836436,-0.110020354,-3.35704326,0.0797281773,0.00407734102,FollowWall,following_right_wall,0,14,42,0.473154187,-1,-1,-1,1,0.295901477,2.19890717,2.19890717,0,0,0,0,0
11.75,0.907811242,-0.11025296,-3.3412353,0.0797281773,0.00407734102,FollowWall,following_right_wall,0,14,42,0.473154187,-1,-1,-1,1,0.295901477,2.19868359,2.19868359,0,0,0,0,0
11.8,0.911788107,-0.110484646,-3.32714703,0.0798044553,0.00293317062,FollowWall,following_right_wall,0,14,42,0.472671777,-1,-1,-1,1,0.295215756,2.19845996,2.19845996,0,0,0,0,0
11.85,0.915767775,-0.110715596,-3.31542765,0.0798044553,0.00293317062,FollowWall,following_right_wall,0,14,42,0.472671777,-1,-1,-1,1,0.295215756,2.19823572,2.19823572,0,0,0,0,0
11.9,0.919749093,-0.110945872,-3.30509014,0.0797820361,0.00326945818,FollowWall,following_right_wall,0,14,42,0.472143829,-1,-1,-1,1,0.29481256,2.19801136,2.19801136,0,0,0,0,0
11.95,0.923730921,-0.111175472,-3.29515729,0.0797820361,0.00326945818,FollowWall,following_right_wall,0,14,42,0.472143829,-1,-1,-1,1,0.29481256,2.19778745,2.19778745,0,0,0,0,0
12,0.927713063,-0.111404405,-3.2854605,0.0797597338,0.00360399323,FollowWall,following_right_wall,0,14,42,0.471623212,-1,-1,-1,1,0.294433087,2.19756407,2.19756407,0,0,0,0,0
12.05,0.931694941,-0.111632637,-3.27550209,0.0797597338,0.00360399323,FollowWall,following_right_wall,0,14,42,0.471623212,-1,-1,-1,1,0.294433087,2.19734155,2.19734155,0,0,0,0,0
12.1,0.935676681,-0.111860162,-3.26539107,0.0797415589,0.00387661645,FollowWall,following_right_wall,0,14,42,0.47113812,-1,-1,-1,1,0.293750733,2.19711982,2.19711982,0,0,0,0,0
12.15,0.93965798,-0.112086943,-3.2548656,0.0797415589,0.00387661645,FollowWall,following_right_wall,0,14,42,0.47113812,-1,-1,-1,1,0.293750733,2.19689908,2.19689908,0,0,0,0,0
12.2,0.943639041,-0.112312968,-3.24409838,0.0797286131,0.00407080383,FollowWall,following_right_wall,0,14,42,0.470696092,-1,-1,-1,1,0.292977482,2.19667924,2.19667924,0,0,0,0,0
12.25,0.947619711,-0.112538207,-3.23295833,0.0797286131,0.00407080383,FollowWall,following_right_wall,0,14,42,0.470696092,-1,-1,-1,1,0.292977482,2.1964604,2.1964604,0,0,0,0,0
12.3,0.951600173,-0.112762651,-3.22160081,0.0798326591,0.00251011385,FollowWall,following_right_wall,0,14,42,0.470296651,-1,-1,-1,1,0.292362809,2.19624248,2.19624248,0,0,0,0,0
12.35,0.955582693,-0.112986479,-3.21197936,0.0798326591,0.00251011385,FollowWall,following_right_wall,0,14,42,0.470296651,-1,-1,-1,1,0.292362809,2.19602418,2.19602418,0,0,0,0,0
12.4,0.959566426,-0.113209739,-3.20337062,0.079926854,0.0010971906,FollowWall,following_right_wall,0,14,42,0.469884425,-1,-1,-1,1,0.291803539,2.19580588,2.19580588,0,0,0,0,0
12.45,0.963552832,-0.113432628,-3.19703918,0.079926854,0.0010971906,FollowWall,following_right_wall,0,14,42,0.469884425,-1,-1,-1,1,0.291803539,2.19558663,2.19558663,0,0,0,0,0
12.5,0.967540804,-0.113655209,-3.19203616,0.0799679966,0.000480050865,FollowWall,following_right_wall,0,14,42,0.469431251,-1,-1,-1,1,0.291355044,2.19536693,2.19536693,0,0,0,0,0
12.55,0.971530549,-0.113877592,-3.18854472,0.0799679966,0.000480050865,FollowWall,following_right_wall,0,14,42,0.469431251,-1,-1,-1,1,0.291355044,2.19514656,2.19514656,0,0,0,0,0
12.6,0.97552133,-0.11409982,-3.18593503,0.0799339982,-0.000990027447,FollowWall,following_right_wall,0,14,42,0.468951225,-1,-1,-1,1,0.291021287,2.19492583,2.19492583,0,0,0,0,0
12.65,0.979512007,-0.114321939,-3.18559446,0.0799339982,-0.000990027447,FollowWall,following_right_wall,0,14,42,0.468951225,-1,-1,-1,1,0.291021287,2.19470391,2.19470391,0,0,0,0,0
12.7,0.983502619,-0.114544077,-3.18657756,0.0798999899,-0.00150015223,FollowWall,following_right_wall,0,14,42,0.468427539,-1,-1,-1,1,0.290508598,2.1944812,2.1944812,0,0,0,0,0
12.75,0.987492479,-0.11476629,-3.18894171,0.0798999899,-0.00150015223,FollowWall,following_right_wall,0,14,42,0.468427539,-1,-1,-1,1,0.290508598,2.19425763,2.19425763,0,0,0,0,0
12.8,0.991481894,-0.114988671,-3.19211147,0.0799426875,-0.000859687067,FollowWall,following_right_wall,0,14,42,0.467875957,-1,-1,-1,1,0.290179908,2.19403342,2.19403342,0,0,0,0,0
12.85,0.995471933,-0.115211298,-3.19498667,0.0799426875,-0.000859687067,FollowWall,following_right_wall,0,14,42,0.467875957,-1,-1,-1,1,0.290179908,2.19380914,2.19380914,0,0,0,0,0
12.9,0.999462331,-0.11543414,-3.19769005,0.0799849527,-0.00022571003,FollowWall,following_right_wall,0,14,42,0.467341572,-1,-1,-1,1,0.289921314,2.19358474,2.19358474,0,0,0,0,0
12.95,1.00345381,-0.115657202,-3.19953644,0.0799849527,-0.00022571003,FollowWall,following_right_wall,0,14,42,0.467341572,-1,-1,-1,1,0.289921314,2.19336062,2.19336062,0,0,0,0,0
13,1.00744593,-0.11588041,-3.20088292,0.0799762721,0.000355917971,FollowWall,following_right_wall,0,14,42,0.466846526,-1,-1,-1,1,0.289316803,2.19313664,2.19313664,0,0,0,0,0
13.05,1.01143824,-0.116103689,-3.20124353,0.0799762721,0.000355917971,FollowWall,following_right_wall,0,14,42,0.466846526,-1,-1,-1,1,0.289316803,2.19291315,2.19291315,0,0,0,0,0
13.1,1.01543065,-0.116326979,-3.20102903,0.079941815,0.000872774991,FollowWall,following_right_wall,0,14,42,0.466396064,-1,-1,-1,1,0.288890749,2.19268998,2.19268998,0,0,0,0,0
13.15,1.01942242,-0.116550185,-3.19986211,0.079941815,0.000872774991,FollowWall,following_right_wall,0,14,42,0.466396064,-1,-1,-1,1,0.288890749,2.19246745,2.19246745,0,0,0,0,0
13.2,1.02341382,-0.116773269,-3.19813961,0.0799993929,9.10718887e-06,FollowWall,following_right_wall,0,14,42,0.465988815,-1,-1,-1,1,0.288746685,2.19224536,2.19224536,0,0,0,0,0
13.25,1.02740619,-0.116996312,-3.19712395,0.0799993929,9.10718887e-06,FollowWall,following_right_wall,0,14,42,0.465988815,-1,-1,-1,1,0.288746685,2.1920229,2.1920229,0,0,0,0,0
13.3,1.03139914,-0.11721933,-3.19652061,0.0799178968,-0.00123154805,FollowWall,following_right_wall,0,14,42,0.46558094,-1,-1,-1,1,0.288541466,2.19180023,2.19180023,0,0,0,0,0
13.35,1.03539072,-0.11744229,-3.19763871,0.0799178968,-0.00123154805,FollowWall,following_right_wall,0,14,42,0.46558094,-1,-1,-1,1,0.288541466,2.19157662,2.19157662,0,0,0,0,0
13.4,1.03938151,-0.117665319,-3.19976099,0.0798433418,-0.00234987335,FollowWall,following_right_wall,0,14,42,0.465135247,-1,-1,-1,1,0.288116515,2.19135237,2.19135237,0,0,0,0,0
13.45,1.04337026,-0.117888449,-3.20380394,0.0798433418,-0.00234987335,FollowWall,following_right_wall,0,14,42,0.465135247,-1,-1,-1,1,0.288116515,2.19112692,2.19112692,0,0,0,0,0
13.5,1.04735783,-0.118111834,-3.20896728,0.0798024719,-0.00296292161,FollowWall,following_right_wall,0,14,42,0.464638025,-1,-1,-1,1,0.288008362,2.19090056,2.19090056,0,0,0,0,0
13.55,1.05134383,-0.118335541,-3.21551596,0.0798024719,-0.00296292161,FollowWall,following_right_wall,0,14,42,0.464638025,-1,-1,-1,1,0.288008362,2.19067309,2.19067309,0,0,0,0,0
13.6,1.05532891,-0.118559681,-3.22287275,0.0798758923,-0.0018616161,FollowWall,following_right_wall,0,14,42,0.464098245,-1,-1,-1,1,0.287397087,2.19044472,2.19044472,0,0,0,0,0
13.65,1.05931497,-0.11878436,-3.22938635,0.0798758923,-0.0018616161,FollowWall,following_right_wall,0,14,42,0.464098245,-1,-1,-1,1,0.287397087,2.1902163,2.1902163,0,0,0,0,0
13.7,1.06330159,-0.119009508,-3.23540809,0.0799415989,-0.000876016669,FollowWall,following_right_wall,0,14,42,0.46357137,-1,-1,-1,1,0.286688536,2.18998769,2.18998769,0,0,0,0,0
13.75,1.0672899,-0.11923512,-3.23996644,0.0799415989,-0.000876016669,FollowWall,following_right_wall,0,14,42,0.46357137,-1,-1,-1,1,0.286688536,2.18975946,2.18975946,0,0,0,0,0
13.8,1.07127919,-0.119461077,-3.24367114,0.0798918485,-0.00162227236,FollowWall,following_right_wall,0,14,42,0.463083386,-1,-1,-1,1,0.286287755,2.18953137,2.18953137,0,0,0,0,0
13.85,1.07526801,-0.11968728,-3.24776867,0.0798918485,-0.00162227236,FollowWall,following_right_wall,0,14,42,0.463083386,-1,-1,-1,1,0.286287755,2.18930282,2.18930282,0,0,0,0,0
13.9,1.07925654,-0.119913761,-3.25209533,0.0798454982,-0.0023175271,FollowWall,following_right_wall,0,14,42,0.462590218,-1,-1,-1,1,0.285899401,2.18907385,2.18907385,0,0,0,0,0
13.95,1.08324395,-0.120140513,-3.25738557,0.0798454982,-0.0023175271,FollowWall,following_right_wall,0,14,42,0.462590218,-1,-1,-1,1,0.285899401,2.18884406,2.18884406,0,0,0,0,0
14,1.08723067,-0.120367615,-3.26323788,0.0798714052,-0.00192892229,FollowWall,following_right_wall,0,14,42,0.462065071,-1,-1,-1,1,0.285308391,2.1886136,2.1886136,0,0,0,0,0
14.05,1.09121753,-0.120595129,-3.26895421,0.0798714052,-0.00192892229,FollowWall,following_right_wall,0,14,42,0.462065071,-1,-1,-1,1,0.285308391,2.18838281,2.18838281,0,0,0,0,0
14.1,1.09520447,-0.120823044,-3.27459122,0.0799692423,-0.000461365087,FollowWall,following_right_wall,0,14,42,0.461529136,-1,-1,-1,1,0.28479439,2.18815166,2.18815166,0,0,0,0,0
14.15,1.09919347,-0.121051407,-3.27843019,0.0799692423,-0.000461365087,FollowWall,following_right_wall,0,14,42,0.461529136,-1,-1,-1,1,0.28479439,2.1879211,2.1879211,0,0,0,0,0
14.2,1.10318367,-0.121280072,-3.2812203,0.0799336764,0.000994854513,FollowWall,following_right_wall,0,14,42,0.461027205,-1,-1,-1,1,0.284037828,2.18769083,2.18769083,0,0,0,0,0
14.25,1.10717385,-0.121508847,-3.28166035,0.0799336764,0.000994854513,FollowWall,following_right_wall,0,14,42,0.461027205,-1,-1,-1,1,0.284037828,2.18746181,2.18746181,0,0,0,0,0
14.3,1.111164,-0.121737604,-3.28072952,0.0798409943,0.00238508575,FollowWall,following_right_wall,0,14,42,0.460581303,-1,-1,-1,1,0.283352882,2.18723358,2.18723358,0,0,0,0,0
14.35,1.11515223,-0.121966099,-3.27733955,0.0798409943,0.00238508575,FollowWall,following_right_wall,0,14,42,0.460581303,-1,-1,-1,1,0.283352882,2.18700703,2.18700703,0,0,0,0,0
14.4,1.11913934,-0.122194244,-3.27251508,0.0798711054,0.00193341862,FollowWall,following_right_wall,0,14,42,0.460196823,-1,-1,-1,1,0.283090204,2.18678165,2.18678165,0,0,0,0,0
14.45,1.12312644,-0.122422041,-3.26739296,0.0798711054,0.00193341862,FollowWall,following_right_wall,0,14,42,0.460196823,-1,-1,-1,1,0.283090204,2.18655679,2.18655679,0,0,0,0,0
14.5,1.12711354,-0.122649474,-3.26209721,0.0798429538,0.00235569282,FollowWall,following_right_wall,0,14,42,0.45982042,-1,-1,-1,1,0.282667756,2.1863324,2.1863324,0,0,0,0,0
14.55,1.13110007,-0.122876484,-3.25619612,0.0798429538,0.00235569282,FollowWall,following_right_wall,0,14,42,0.45982042,-1,-1,-1,1,0.282667756,2.18610877,2.18610877,0,0,0,0,0
14.6,1.13508627,-0.123103051,-3.24994191,0.0798041061,0.00293840907,FollowWall,following_right_wall,0,14,42,0.459446132,-1,-1,-1,1,0.281973124,2.1858858,2.1858858,0,0,0,0,0
14.65,1.13907149,-0.123329095,-3.24278616,0.0798041061,0.00293840907,FollowWall,following_right_wall,0,14,42,0.459446132,-1,-1,-1,1,0.281973124,2.18566386,2.18566386,0,0,0,0,0
14.7,1.14305614,-0.123554589,-3.2351045,0.0797720929,0.00341860622,FollowWall,following_right_wall,0,14,42,0.45908168,-1,-1,-1,1,0.281410605,2.18544278,2.18544278,0,0,0,0,0
14.75,1.14703982,-0.123779461,-3.22654288,0.0797720929,0.00341860622,FollowWall,following_right_wall,0,14,42,0.45908168,-1,-1,-1,1,0.281410605,2.18522283,2.18522283,0,0,0,0,0
14.8,1.15102295,-0.124003687,-3.21746793,0.0796898345,0.00465248299,FollowWall,following_right_wall,0,14,42,0.458727151,-1,-1,-1,1,0.281213939,2.18500382,2.18500382,0,0,0,0,0
14.85,1.15500406,-0.124227105,-3.20662072,0.0796898345,0.00465248299,FollowWall,following_right_wall,0,14,42,0.458727151,-1,-1,-1,1,0.281213939,2.18478664,2.18478664,0,0,0,0,0
14.9,1.15898401,-0.124449666,-3.19473969,0.0795422916,0.00686562617,FollowWall,following_right_wall,0,14,42,0.458403707,-1,-1,-1,1,0.28093335,2.18457092,2.18457092,0,0,0,0,0
14.95,1.16296025,-0.12467108,-3.17961385,0.0795422916,0.00686562617,FollowWall,following_right_wall,0,14,42,0.458403707,-1,-1,-1,1,0.28093335,2.18435821,2.18435821,0,0,0,0,0
15,1.16693435,-0.124891256,-3.16259521,0.0794114827,0.00882775998,FollowWall,following_right_wall,0,14,42,0.458152682,-1,-1,-1,1,0.280363292,2.18414784,2.18414784,0,0,0,0,0
15.05,1.17090452,-0.125109912,-3.14213031,0.0794114827,0.00882775998,FollowWall,following_right_wall,0,14,42,0.458152682,-1,-1,-1,1,0.280363292,2.18394099,2.18394099,0,0,0,0,0
15.1,1.17487244,-0.125326952,-3.11965508,0.0793004423,0.0104933657,FollowWall,following_right_wall,0,14,42,0.45798853,-1,-1,-1,1,0.279893011,2.18373693,2.18373693,0,0,0,0,0
15.15,1.17883677,-0.125542128,-3.094019,0.0793004423,0.0104933657,FollowWall,following_right_wall,0,14,42,0.45798853,-1,-1,-1,1,0.279893011,2.18353657,2.18353657,0,0,0,0,0
15.2,1.18279907,-0.12575535,-3.06653909,0.0792094695,0.0118579577,FollowWall,following_right_wall,0,14,42,0.457907021,-1,-1,-1,1,0.279398531,2.18333926,2.18333926,0,0,0,0,0
15.25,1.18675832,-0.125966411,-3.03635475,0.0792094695,0.0118579577,FollowWall,following_right_wall,0,14,42,0.457907021,-1,-1,-1,1,0.279398531,2.18314569,2.18314569,0,0,0,0,0
15.3,1.19071586,-0.126175235,-3.00459282,0.079207831,0.0118825354,FollowWall,following_right_wall,0,14,42,0.457897127,-1,-1,-1,1,0.279201448,2.1829553,2.1829553,0,0,0,0,0
15.35,1.19467241,-0.126381774,-2.9718813,0.079207831,0.0118825354,FollowWall,following_right_wall,0,14,42,0.457897127,-1,-1,-1,1,0.279201448,2.18276778,2.18276778,0,0,0,0,0
15.4,1.19862844,-0.126586002,-2.93861584,0.0792739778,0.0108903333,FollowWall,following_right_wall,0,14,42,0.457914233,-1,-1,-1,1,0.279014409,2.18258292,2.18258292,0,0,0,0,0
15.45,1.20258558,-0.126788015,-2.90621162,0.0792739778,0.0108903333,FollowWall,following_right_wall,0,14,42,0.457914233,-1,-1,-1,1,0.279014409,2.18239981,2.18239981,0,0,0,0,0
15.5,1.20654342,-0.126987836,-2.87430977,0.0793451347,0.00982297916,FollowWall,following_right_wall,0,14,42,0.457903683,-1,-1,-1,1,0.278843611,2.18221862,2.18221862,0,0,0,0,0
15.55,1.21050319,-0.127185598,-2.84397505,0.0793451347,0.00982297916,FollowWall,following_right_wall,0,14,42,0.457903683,-1,-1,-1,1,0.278843611,2.1820386,2.1820386,0,0,0,0,0
15.6,1.21446412,-0.127381348,-2.81455447,0.079383112,0.00925332053,FollowWall,following_right_wall,0,14,42,0.457836539,-1,-1,-1,1,0.278679341,2.18186008,2.18186008,0,0,0,0,0
15.65,1.21842656,-0.127575175,-2.78634713,0.079383112,0.00925332053,FollowWall,following_right_wall,0,14,42,0.457836539,-1,-1,-1,1,0.278679341,2.1816828,2.1816828,0,0,0,0,0
15.7,1.22238992,-0.127767116,-2.75884752,0.079320102,0.0101984698,FollowWall,following_right_wall,0,14,42,0.457716137,-1,-1,-1,1,0.277978271,2.18150701,2.18150701,0,0,0,0,0
15.75,1.22635254,-0.127957089,-2.73063254,0.079320102,0.0101984698,FollowWall,following_right_wall,0,14,42,0.457716137,-1,-1,-1,1,0.277978271,2.18133363,2.18133363,0,0,0,0,0
15.8,1.23031477,-0.128145074,-2.70200028,0.079302628,0.0104605796,FollowWall,following_right_wall,0,14,42,0.45759201,-1,-1,-1,1,0.277261436,2.1811625,2.1811625,0,0,0,0,0
15.85,1.23427645,-0.128331029,-2.67281174,0.079302628,0.0104605796,FollowWall,following_right_wall,0,14,42,0.45759201,-1,-1,-1,1,0.277261436,2.18099376,2.18099376,0,0,0,0,0
15.9,1.23823784,-0.128514937,-2.64329869,0.0793844616,0.00923307556,FollowWall,following_right_wall,0,14,42,0.457471818,-1,-1,-1,1,0.276827455,2.18082728,2.18082728,0,0,0,0,0
15.95,1.24220081,-0.128696917,-2.61506157,0.0793844616,0.00923307556,FollowWall,following_right_wall,0,14,42,0.457471818,-1,-1,-1,1,0.276827455,2.18066199,2.18066199,0,0,0,0,0
16,1.24616473,-0.128877009,-2.58756874,0.0794710385,0.00793442264,FollowWall,following_right_wall,0,14,42,0.457309186,-1,-1,-1,1,0.276349455,2.18049818,2.18049818,0,0,0,0,0
16.05,1.25013104,-0.129055371,-2.56206024,0.0794710385,0.00793442264,FollowWall,following_right_wall,0,14,42,0.457309186,-1,-1,-1,1,0.276349455,2.18033494,2.18033494,0,0,0,0,0
16.1,1.25409877,-0.129232067,-2.53770926,0.0794769074,0.00784638932,FollowWall,following_right_wall,0,14,42,0.457075328,-1,-1,-1,1,0.275996059,2.18017269,2.18017269,0,0,0,0,0
16.15,1.25806749,-0.129407144,-2.51413859,0.0794769074,0.00784638932,FollowWall,following_right_wall,0,14,42,0.457075328,-1,-1,-1,1,0.275996059,2.18001162,2.18001162,0,0,0,0,0
16.2,1.2620368,-0.129580627,-2.49102309,0.079434612,0.00848082012,FollowWall,following_right_wall,0,14,42,0.456795901,-1,-1,-1,1,0.275416404,2.17985189,2.17985189,0,0,0,0,0
16.25,1.26600562,-0.129752467,-2.46741582,0.079434612,0.00848082012,FollowWall,following_right_wall,0,14,42,0.456795901,-1,-1,-1,1,0.275416404,2.1796941,2.1796941,0,0,0,0,0
16.3,1.26997417,-0.129922648,-2.44352168,0.0793798788,0.00930181779,FollowWall,following_right_wall,0,14,42,0.456510365,-1,-1,-1,1,0.27486369,2.17953816,2.17953816,0,0,0,0,0
16.35,1.27394146,-0.130091077,-2.4184802,0.0793798788,0.00930181779,FollowWall,following_right_wall,0,14,42,0.456510365,-1,-1,-1,1,0.27486369,2.17938468,2.17938468,0,0,0,0,0
16.4,1.27790804,-0.130257716,-2.39276944,0.0792947354,0.0105789683,FollowWall,following_right_wall,0,14,42,0.4562442,-1,-1,-1,1,0.274341315,2.1792334,2.1792334,0,0,0,0,0
16.45,1.28187248,-0.130422417,-2.36514379,0.0792947354,0.0105789683,FollowWall,following_right_wall,0,14,42,0.4562442,-1,-1,-1,1,0.274341315,2.17908522,2.17908522,0,0,0,0,0
16.5,1.2858357,-0.130585114,-2.33640111,0.0793362666,0.00995600175,FollowWall,following_right_wall,0,14,42,0.456023037,-1,-1,-1,1,0.273855507,2.17893974,2.17893974,0,0,0,0,0
16.55,1.2897991,-0.13074583,-2.30775045,0.0793362666,0.00995600175,FollowWall,following_right_wall,0,14,42,0.456023037,-1,-1,-1,1,0.273855507,2.17879621,2.17879621,0,0,0,0,0
16.6,1.29376265,-0.130904569,-2.27915346,0.0794569284,0.00814607363,FollowWall,following_right_wall,0,14,42,0.455803216,-1,-1,-1,1,0.273397118,2.17865464,2.17865464,0,0,0,0,0
16.65,1.29772882,-0.131061506,-2.25274822,0.0794569284,0.00814607363,FollowWall,following_right_wall,0,14,42,0.455803216,-1,-1,-1,1,0.273397118,2.17851358,2.17851358,0,0,0,0,0
16.7,1.30169655,-0.131216718,-2.22762151,0.0795637445,0.00654383178,FollowWall,following_right_wall,0,14,42,0.455521017,-1,-1,-1,1,0.273055971,2.1783735,2.1783735,0,0,0,0,0
16.75,1.30566744,-0.131370401,-2.20515314,0.0795637445,0.00654383178,FollowWall,following_right_wall,0,14,42,0.455521017,-1,-1,-1,1,0.273055971,2.17823335,2.17823335,0,0,0,0,0
16.8,1.30964018,-0.13152265,-2.18423546,0.0796112551,0.0058311736,FollowWall,following_right_wall,0,14,42,0.455152452,-1,-1,-1,1,0.272768527,2.17809372,2.17809372,0,0,0,0,0
16.85,1.31361502,-0.131673587,-2.16507303,0.0796112551,0.0058311736,FollowWall,following_right_wall,0,14,42,0.455152452,-1,-1,-1,1,0.272768527,2.17795436,2.17795436,0,0,0,0,0
16.9,1.3175911,-0.131823275,-2.1469345,0.0796504748,0.00524287738,FollowWall,following_right_wall,0,14,42,0.454717726,-1,-1,-1,1,0.272633463,2.17781563,2.17781563,0,0,0,0,0
16.95,1.32156873,-0.131971806,-2.13009546,0.0796504748,0.00524287738,FollowWall,following_right_wall,0,14,42,0.454717726,-1,-1,-1,1,0.272633463,2.17767728,2.17767728,0,0,0,0,0
17,1.32554729,-0.132119227,-2.11401447,0.0797122852,0.00431572165,FollowWall,following_right_wall,0,14,42,0.454234391,-1,-1,-1,1,0.272047162,2.1775396,2.1775396,0,0,0,0,0
17.05,1.32952769,-0.132265651,-2.09948238,0.0797122852,0.00431572165,FollowWall,following_right_wall,0,14,42,0.454234391,-1,-1,-1,1,0.272047162,2.17740197,2.17740197,0,0,0,0,0
17.1,1.33350918,-0.132411135,-2.08585381,0.0797625309,0.00356203655,FollowWall,following_right_wall,0,14,42,0.453699738,-1,-1,-1,1,0.271752536,2.17726475,2.17726475,0,0,0,0,0
17.15,1.33749235,-0.132555782,-2.07365194,0.0797625309,0.00356203655,FollowWall,following_right_wall,0,14,42,0.453699738,-1,-1,-1,1,0.271752536,2.1771275,2.1771275,0,0,0,0,0
17.2,1.34147653,-0.132699645,-2.06228232,0.0797609246,0.0035861317,FollowWall,following_right_wall,0,14,42,0.453116596,-1,-1,-1,1,0.271681994,2.17699054,2.17699054,0,0,0,0,0
17.25,1.34546126,-0.132842752,-2.05136941,0.0797609246,0.0035861317,FollowWall,following_right_wall,0,14,42,0.453116596,-1,-1,-1,1,0.271681994,2.17685406,2.17685406,0,0,0,0,0
17.3,1.34944633,-0.13298512,-2.04072292,0.079651176,0.00523236004,FollowWall,following_right_wall,0,14,42,0.452511907,-1,-1,-1,1,0.271321774,2.17671815,2.17671815,0,0,0,0,0
17.35,1.35342932,-0.13312661,-2.02826679,0.079651176,0.00523236004,FollowWall,following_right_wall,0,14,42,0.452511907,-1,-1,-1,1,0.271321774,2.17658423,2.17658423,0,0,0,0,0
17.4,1.35741112,-0.133267154,-2.01475505,0.0795413738,0.00687939372,FollowWall,following_right_wall,0,14,42,0.451951712,-1,-1,-1,1,0.271330237,2.1764519,2.1764519,0,0,0,0,0
17.45,1.36138996,-0.133406565,-1.99866153,0.0795413738,0.00687939372,FollowWall,following_right_wall,0,14,42,0.451951712,-1,-1,-1,1,0.271330237,2.17632229,2.17632229,0,0,0,0,0
17.5,1.36536708,-0.133544744,-1.98106197,0.0794368783,0.00844682556,FollowWall,following_right_wall,0,14,42,0.451472729,-1,-1,-1,1,0.271337569,2.17619482,2.17619482,0,0,0,0,0
17.55,1.36934105,-0.133681497,-1.96071291,0.0794368783,0.00844682556,FollowWall,following_right_wall,0,14,42,0.451472729,-1,-1,-1,1,0.271337569,2.17607047,2.17607047,0,0,0,0,0
17.6,1.3733132,-0.133816719,-1.93875996,0.0793398925,0.00990161229,FollowWall,following_right_wall,0,14,42,0.45108819,-1,-1,-1,1,0.271114588,2.17594864,2.17594864,0,0,0,0,0
17.65,1.37728231,-0.133950222,-1.9141349,0.0793398925,0.00990161229,FollowWall,following_right_wall,0,14,42,0.45108819,-1,-1,-1,1,0.271114588,2.17583017,2.17583017,0,0,0,0,0
17.7,1.38124966,-0.134081904,-1.8879511,0.0793596246,0.00960563048,FollowWall,following_right_wall,0,14,42,0.450801939,-1,-1,-1,1,0.270687848,2.1757145,2.1757145,0,0,0,0,0
17.75,1.38521642,-0.134211734,-1.86121134,0.0793596246,0.00960563048,FollowWall,following_right_wall,0,14,42,0.450801939,-1,-1,-1,1,0.270687848,2.17560103,2.17560103,0,0,0,0,0
17.8,1.38918287,-0.134339688,-1.83414727,0.0794148944,0.00877658415,FollowWall,following_right_wall,0,14,42,0.450563461,-1,-1,-1,1,0.270359546,2.17548966,2.17548966,0,0,0,0,0
17.85,1.3931503,-0.134465827,-1.80788362,0.0794148944,0.00877658415,FollowWall,following_right_wall,0,14,42,0.450563461,-1,-1,-1,1,0.270359546,2.17537964,2.17537964,0,0,0,0,0
17.9,1.39711834,-0.13459018,-1.78208689,0.0793967271,0.00904909394,FollowWall,following_right_wall,0,14,42,0.45032841,-1,-1,-1,1,0.270180106,2.17527113,2.17527113,0,0,0,0,0
17.95,1.40108637,-0.134712742,-1.75623723,0.0793967271,0.00904909394,FollowWall,following_right_wall,0,14,42,0.45032841,-1,-1,-1,1,0.270180106,2.17516447,2.17516447,0,0,0,0,0
18,1.40505442,-0.134833513,-1.7303567,0.0792946402,0.0105803977,FollowWall,following_right_wall,0,14,42,0.450112879,-1,-1,-1,1,0.269970506,2.17505963,2.17505963,0,0,0,0,0
18.05,1.40902038,-0.134952362,-1.70263031,0.0792946402,0.0105803977,FollowWall,following_right_wall,0,14,42,0.450112879,-1,-1,-1,1,0.269970506,2.17495787,2.17495787,0,0,0,0,0
18.1,1.41298514,-0.135069218,-1.67382716,0.079252968,0.0112054801,FollowWall,following_right_wall,0,14,42,0.449970931,-1,-1,-1,1,0.269524425,2.17485879,2.17485879,0,0,0,0,0
18.15,1.41694837,-0.135183988,-1.64364977,0.079252968,0.0112054801,FollowWall,following_right_wall,0,14,42,0.449970931,-1,-1,-1,1,0.269524425,2.17476267,2.17476267,0,0,0,0,0
18.2,1.42091072,-0.135296615,-1.61267073,0.0791677054,0.0124844183,FollowWall,following_right_wall,0,14,42,0.449904591,-1,-1,-1,1,0.26903829,2.17466921,2.17466921,0,0,0,0,0
18.25,1.42487082,-0.135406967,-1.57969745,0.0791677054,0.0124844183,FollowWall,following_right_wall,0,14,42,0.449904591,-1,-1,-1,1,0.26903829,2.1745793,2.1745793,0,0,0,0,0
18.3,1.42882962,-0.135514962,-1.54556086,0.0790903377,0.0136449338,FollowWall,following_right_wall,0,14,42,0.449930936,-1,-1,-1,1,0.268613726,2.17449249,2.17449249,0,0,0,0,0
18.35,1.4327861,-0.135620464,-1.50936041,0.0790903377,0.0136449338,FollowWall,following_right_wall,0,14,42,0.449930936,-1,-1,-1,1,0.268613726,2.17440949,2.17440949,0,0,0,0,0
18.4,1.43674124,-0.135723387,-1.47195604,0.0790850036,0.0137249462,FollowWall,following_right_wall,0,14,42,0.450059503,-1,-1,-1,1,0.268249512,2.17432985,2.17432985,0,0,0,0,0
18.45,1.44069551,-0.135823678,-1.43375387,0.0790850036,0.0137249462,FollowWall,following_right_wall,0,14,42,0.450059503,-1,-1,-1,1,0.268249512,2.17425338,2.17425338,0,0,0,0,0
18.5,1.44464932,-0.135921302,-1.39508633,0.0792385115,0.0114223271,FollowWall,following_right_wall,0,14,42,0.450261444,-1,-1,-1,1,0.267963499,2.17417991,2.17417991,0,0,0,0,0
18.55,1.44860606,-0.136016413,-1.35889587,0.0792385115,0.0114223271,FollowWall,following_right_wall,0,14,42,0.450261444,-1,-1,-1,1,0.267963499,2.17410745,2.17410745,0,0,0,0,0
18.6,1.45256455,-0.136109114,-1.32415036,0.0794151568,0.00877264783,FollowWall,following_right_wall,0,14,42,0.450445503,-1,-1,-1,1,0.267545015,2.17403652,2.17403652,0,0,0,0,0
18.65,1.45652775,-0.136199659,-1.29341057,0.0794151568,0.00877264783,FollowWall,following_right_wall,0,14,42,0.450445503,-1,-1,-1,1,0.267545015,2.17396527,2.17396527,0,0,0,0,0
18.7,1.46049371,-0.13628822,-1.26500746,0.0795812247,0.00628162968,FollowWall,following_right_wall,0,14,42,0.450551063,-1,-1,-1,1,0.267420411,2.17389455,2.17389455,0,0,0,0,0
18.75,1.46446476,-0.136375075,-1.24094083,0.0795812247,0.00628162968,FollowWall,following_right_wall,0,14,42,0.450551063,-1,-1,-1,1,0.267420411,2.17382284,2.17382284,0,0,0,0,0
18.8,1.46843878,-0.136460412,-1.21940382,0.0797006296,0.00449055587,FollowWall,following_right_wall,0,14,42,0.450558007,-1,-1,-1,1,0.267258793,2.17375107,2.17375107,0,0,0,0,0
18.85,1.47241704,-0.13654447,-1.20148035,0.0797006296,0.00449055587,FollowWall,following_right_wall,0,14,42,0.450558007,-1,-1,-1,1,0.267258793,2.1736783,2.1736783,0,0,0,0,0
18.9,1.47639777,-0.136627408,-1.18566479,0.0797685425,0.00347186206,FollowWall,following_right_wall,0,14,42,0.450480968,-1,-1,-1,1,0.267016649,2.17360534,2.17360534,0,0,0,0,0
18.95,1.48038137,-0.13670939,-1.17229482,0.0797685425,0.00347186206,FollowWall,following_right_wall,0,14,42,0.450480968,-1,-1,-1,1,0.267016649,2.1735318,2.1735318,0,0,0,0,0
19,1.48436665,-0.136790527,-1.16035144,0.0799026344,0.00146048421,FollowWall,following_right_wall,0,14,42,0.450353265,-1,-1,-1,1,0.266833901,2.1734582,2.1734582,0,0,0,0,0
19.05,1.4883557,-0.13687102,-1.15164114,0.0799026344,0.00146048421,FollowWall,following_right_wall,0,14,42,0.450353265,-1,-1,-1,1,0.266833901,2.17338321,2.17338321,0,0,0,0,0
19.1,1.49234696,-0.136951017,-1.14481681,0.0799708546,-0.000437181234,FollowWall,following_right_wall,0,14,42,0.450159729,-1,-1,-1,1,0.266617298,2.17330753,2.17330753,0,0,0,0,0
19.15,1.49634093,-0.13703071,-1.1413578,0.0799708546,-0.000437181234,FollowWall,following_right_wall,0,14,42,0.450159729,-1,-1,-1,1,0.266617298,2.17323002,2.17323002,0,0,0,0,0
19.2,1.50033647,-0.137110262,-1.13986189,0.0798579419,-0.00213087117,FollowWall,following_right_wall,0,14,42,0.449890494,-1,-1,-1,1,0.266628563,2.17315142,2.17315142,0,0,0,0,0
19.25,1.50433059,-0.137189791,-1.14153281,0.0798579419,-0.00213087117,FollowWall,following_right_wall,0,14,42,0.449890494,-1,-1,-1,1,0.266628563,2.17307083,2.17307083,0,0,0,0,0
19.3,1.50832386,-0.137269484,-1.14505106,0.0798953169,-0.0015702461,FollowWall,following_right_wall,0,14,42,0.449548393,-1,-1,-1,1,0.26649639,2.17298891,2.17298891,0,0,0,0,0
19.35,1.51231742,-0.137349442,-1.14897771,0.0798953169,-0.0015702461,FollowWall,following_right_wall,0,14,42,0.449548393,-1,-1,-1,1,0.26649639,2.17290647,2.17290647,0,0,0,0,0
19.4,1.51631114,-0.137429686,-1.1531426,0.0799331912,-0.00100213172,FollowWall,following_right_wall,0,14,42,0.449205458,-1,-1,-1,1,0.266435146,2.1728236,2.1728236,0,0,0,0,0
19.45,1.52030574,-0.137510219,-1.15676833,0.0799331912,-0.00100213172,FollowWall,following_right_wall,0,14,42,0.449205458,-1,-1,-1,1,0.266435146,2.17274077,2.17274077,0,0,0,0,0
19.5,1.52430086,-0.137591005,-1.16007954,0.0799658886,-0.000511670877,FollowWall,following_right_wall,0,14,42,0.448902428,-1,-1,-1,1,0.266624153,2.1726579,2.1726579,0,0,0,0,0
19.55,1.52829696,-0.137672014,-1.16262185,0.0799658886,-0.000511670877,FollowWall,following_right_wall,0,14,42,0.448902428,-1,-1,-1,1,0.266624153,2.17257528,2.17257528,0,0,0,0,0
19.6,1.53229362,-0.137753197,-1.16471562,0.0799917315,-0.000124028107,FollowWall,following_right_wall,0,14,42,0.448650956,-1,-1,-1,1,0.266753197,2.17249278,2.17249278,0,0,0,0,0
19.65,1.53629116,-0.137834519,-1.16608504,0.0799917315,-0.000124028107,FollowWall,following_right_wall,0,14,42,0.448650956,-1,-1,-1,1,0.266753197,2.17241059,2.17241059,0,0,0,0,0
19.7,1.54028921,-0.137915931,-1.16703191,0.0799172083,-0.00124187587,FollowWall,following_right_wall,0,14,42,0.448451221,-1,-1,-1,1,0.266465157,2.17232858,2.17232858,0,0,0,0,0
19.75,1.54428599,-0.137997422,-1.16906663,0.0799172083,-0.00124187587,FollowWall,following_right_wall,0,14,42,0.448451221,-1,-1,-1,1,0.266465157,2.1722458,2.1722458,0,0,0,0,0
19.8,1.54828204,-0.138079062,-1.17173593,0.0797933687,-0.00309946948,FollowWall,following_right_wall,0,14,42,0.448255032,-1,-1,-1,1,0.266150773,2.17216248,2.17216248,0,0,0,0,0
19.85,1.55227508,-0.138160917,-1.17699274,0.0797933687,-0.00309946948,FollowWall,following_right_wall,0,14,42,0.448255032,-1,-1,-1,1,0.266150773,2.1720773,2.1720773,0,0,0,0,0
19.9,1.55626636,-0.138243155,-1.18375894,0.0797238935,-0.00414159813,FollowWall,following_right_wall,0,14,42,0.448010683,-1,-1,-1,1,0.266091615,2.1719908,2.1719908,0,0,0,0,0
19.95,1.56025516,-0.138325887,-1.19264955,0.0797238935,-0.00414159813,FollowWall,following_right_wall,0,14,42,0.448010683,-1,-1,-1,1,0.266091615,2.17190246,2.17190246,0,0,0,0,0
20,1.5642425,-0.138409251,-1.20277941,0.0797613365,-0.00357995316,FollowWall,following_right_wall,0,14,42,0.44771868,-1,-1,-1,1,0.266040981,2.1718127,2.1718127,0,0,0,0,0
20.05,1.56822976,-0.13849332,-1.21296175,0.0797613365,-0.00357995316,FollowWall,following_right_wall,0,14,42,0.44771868,-1,-1,-1,1,0.266040981,2.17172222,2.17172222,0,0,0,0,0
20.1,1.57221698,-0.138578098,-1.2231747,0.0797781062,-0.00332840753,FollowWall,following_right_wall,0,14,42,0.447433144,-1,-1,-1,1,0.265685201,2.171631,2.171631,0,0,0,0,0
20.15,1.57620451,-0.138663584,-1.23310525,0.0797781062,-0.00332840753,FollowWall,following_right_wall,0,14,42,0.447433144,-1,-1,-1,1,0.265685201,2.17153926,2.17153926,0,0,0,0,0
20.2,1.58019221,-0.13874976,-1.24287107,0.0798191499,-0.00271275101,FollowWall,following_right_wall,0,14,42,0.447173297,-1,-1,-1,1,0.265238374,2.17144694,2.17144694,0,0,0,0,0
20.25,1.58418087,-0.138836607,-1.2518059,0.0798191499,-0.00271275101,FollowWall,following_right_wall,0,14,42,0.447173297,-1,-1,-1,1,0.265238374,2.17135447,2.17135447,0,0,0,0,0
20.3,1.58817008,-0.138924072,-1.26025599,0.0798575459,-0.00213681214,FollowWall,following_right_wall,0,14,42,0.446953773,-1,-1,-1,1,0.264810413,2.17126169,2.17126169,0,0,0,0,0
20.35,1.59216041,-0.139012117,-1.26773585,0.0798575459,-0.00213681214,FollowWall,following_right_wall,0,14,42,0.446953773,-1,-1,-1,1,0.264810413,2.17116894,2.17116894,0,0,0,0,0
20.4,1.59615138,-0.139100677,-1.27464973,0.079892337,-0.00161494478,FollowWall,following_right_wall,0,14,42,0.446779966,-1,-1,-1,1,0.264654785,2.17107604,2.17107604,0,0,0,0,0
20.45,1.60014345,-0.13918971,-1.28061052,0.079892337,-0.00161494478,FollowWall,following_right_wall,0,14,42,0.446779966,-1,-1,-1,1,0.264654785,2.17098326,2.17098326,0,0,0,0,0
20.5,1.60413616,-0.139279154,-1.28601535,0.0798459252,-0.00231112171,FollowWall,following_right_wall,0,14,42,0.446650833,-1,-1,-1,1,0.264146417,2.17089042,2.17089042,0,0,0,0,0
20.55,1.60812827,-0.139368979,-1.29192686,0.0798459252,-0.00231112171,FollowWall,following_right_wall,0,14,42,0.446650833,-1,-1,-1,1,0.264146417,2.17079688,2.17079688,0,0,0,0,0
20.6,1.61212003,-0.139459218,-1.29813395,0.0797437299,-0.0038440512,FollowWall,following_right_wall,0,14,42,0.446526796,-1,-1,-1,1,0.264271885,2.17070274,2.17070274,0,0,0,0,0
20.65,1.61610945,-0.139549907,-1.30634324,0.0797437299,-0.0038440512,FollowWall,following_right_wall,0,14,42,0.446526796,-1,-1,-1,1,0.264271885,2.1706069,2.1706069,0,0,0,0,0
20.7,1.62009749,-0.139641176,-1.3157205,0.0796498655,-0.00525201706,FollowWall,following_right_wall,0,14,42,0.446358025,-1,-1,-1,1,0.264161348,2.17050975,2.17050975,0,0,0,0,0
20.75,1.62408277,-0.139733117,-1.3274597,0.0796498655,-0.00525201706,FollowWall,following_right_wall,0,14,42,0.446358025,-1,-1,-1,1,0.264161348,2.17041044,2.17041044,0,0,0,0,0
20.8,1.62806643,-0.139825886,-1.34057669,0.0795678082,-0.00648287649,FollowWall,following_right_wall,0,14,42,0.446122974,-1,-1,-1,1,0.263984293,2.17030945,2.17030945,0,0,0,0,0
20.85,1.63204742,-0.139919583,-1.35596664,0.0795678082,-0.00648287649,FollowWall,following_right_wall,0,14,42,0.446122974,-1,-1,-1,1,0.263984293,2.17020611,2.17020611,0,0,0,0,0
20.9,1.63602684,-0.140014359,-1.37268247,0.0795530211,-0.00670468413,FollowWall,following_right_wall,0,14,42,0.445818156,-1,-1,-1,1,0.264045894,2.17010087,2.17010087,0,0,0,0,0
20.95,1.64000503,-0.140110302,-1.3904365,0.0795530211,-0.00670468413,FollowWall,following_right_wall,0,14,42,0.445818156,-1,-1,-1,1,0.264045894,2.16999382,2.16999382,0,0,0,0,0
21,1.64398248,-0.140207482,-1.40879615,0.0796341367,-0.00548794916,FollowWall,following_right_wall,0,14,42,0.445472062,-1,-1,-1,1,0.263851017,2.16988517,2.16988517,0,0,0,0,0
21.05,1.64796118,-0.140305931,-1.4260567,0.0796341367,-0.00548794916,FollowWall,following_right_wall,0,14,42,0.445472062,-1,-1,-1,1,0.263851017,2.16977594,2.16977594,0,0,0,0,0
21.1,1.65194059,-0.140405574,-1.44267611,0.0797157273,-0.00426408998,FollowWall,following_right_wall,0,14,42,0.44514358,-1,-1,-1,1,0.263739347,2.16966592,2.16966592,0,0,0,0,0
21.15,1.65592211,-0.140506361,-1.45746065,0.0797157273,-0.00426408998,FollowWall,following_right_wall,0,14,42,0.44514358,-1,-1,-1,1,0.263739347,2.16955591,2.16955591,0,0,0,0,0
21.2,1.65990486,-0.140608171,-1.47117484,0.0797650338,-0.00352449235,FollowWall,following_right_wall,0,14,42,0.44486177,-1,-1,-1,1,0.263600528,2.16944555,2.16944555,0,0,0,0,0
21.25,1.66388933,-0.140710927,-1.48338184,0.0797650338,-0.00352449235,FollowWall,following_right_wall,0,14,42,0.44486177,-1,-1,-1,1,0.263600528,2.16933519,2.16933519,0,0,0,0,0
21.3,1.6678748,-0.140814528,-1.49470965,0.0797046146,-0.00443078153,FollowWall,following_right_wall,0,14,42,0.444620848,-1,-1,-1,1,0.263521224,2.16922454,2.16922454,0,0,0,0,0
21.35,1.67185959,-0.140918919,-1.50660639,0.0797046146,-0.00443078153,FollowWall,following_right_wall,0,14,42,0.444620848,-1,-1,-1,1,0.263521224,2.16911274,2.16911274,0,0,0,0,0
21.4,1.67584397,-0.141024139,-1.51883501,0.0796494854,-0.00525771939,FollowWall,following_right_wall,0,14,42,0.994116127,-1,-1,-1,1,0.262998253,2.16899992,2.16899992,0,0,0,0,0
21.45,1.67982696,-0.141130214,-1.53224431,0.0796494854,-0.00525771939,FollowWall,following_right_wall,0,14,42,0.994116127,-1,-1,-1,1,0.262998253,2.16888551,2.16888551,0,0,0,0,0
21.5,1.68380912,-0.141237223,-1.54634235,0.0796240673,-0.00563899055,FollowWall,following_right_wall,0,14,42,0.995522261,-1,-1,-1,1,0.262706608,2.16876974,2.16876974,0,0,0,0,0
21.55,1.68779025,-0.141345215,-1.56129725,0.0796240673,-0.00563899055,FollowWall,following_right_wall,0,14,42,0.995522261,-1,-1,-1,1,0.262706608,2.16865246,2.16865246,0,0,0,0,0
21.6,1.69177078,-0.141454248,-1.57675199,0.0797357472,-0.00396379248,FollowWall,following_right_wall,0,14,42,0.997026145,-1,-1,-1,1,0.262819886,2.16853384,2.16853384,0,0,0,0,0
21.65,1.69575326,-0.141564349,-1.59049869,0.0797357472,-0.00396379248,FollowWall,following_right_wall,0,14,42,0.997026145,-1,-1,-1,1,0.262819886,2.16841522,2.16841522,0,0,0,0,0
21.7,1.69973688,-0.141675404,-1.60324902,0.0797888933,-0.00316660079,FollowWall,following_right_wall,0,14,42,0.998448789,-1,-1,-1,1,0.262924045,2.16829626,2.16829626,0,0,0,0,0
21.75,1.70372225,-0.141787343,-1.61446657,0.0797888933,-0.00316660079,FollowWall,following_right_wall,0,14,42,0.998448789,-1,-1,-1,1,0.262924045,2.16817737,2.16817737,0,0,0,0,0
21.8,1.70770865,-0.141900059,-1.62478999,0.079758071,-0.00362893466,FollowWall,following_right_wall,0,14,42,0.99975884,-1,-1,-1,1,0.262366444,2.16805827,2.16805827,0,0,0,0,0
21.85,1.71169499,-0.142013495,-1.6351437,0.079758071,-0.00362893466,FollowWall,following_right_wall,0,14,42,0.99975884,-1,-1,-1,1,0.262366444,2.16793842,2.16793842,0,0,0,0,0
21.9,1.71568129,-0.14212765,-1.64551509,0.0798187905,-0.00271814187,FollowWall,following_right_wall,0,14,42,1.00106025,-1,-1,-1,1,0.262076974,2.16781785,2.16781785,0,0,0,0,0
21.95,1.71966882,-0.142242526,-1.65480961,0.0798187905,-0.00271814187,FollowWall,following_right_wall,0,14,42,1.00106025,-1,-1,-1,1,0.262076974,2.16769723,2.16769723,0,0,0,0,0
22,1.72365706,-0.142358048,-1.66347596,0.0799850783,0.000223825649,FollowWall,following_right_wall,0,14,42,1.00229931,-1,-1,-1,1,0.26196456,2.16757636,2.16757636,0,0,0,0,0
22.05,1.72764918,-0.142474151,-1.66826416,0.0799850783,0.000223825649,FollowWall,following_right_wall,0,14,42,1.00229931,-1,-1,-1,1,0.26196456,2.16745729,2.16745729,0,0,0,0,0
22.1,1.73164356,-0.142590575,-1.6707901,0.0799346836,0.000979745488,FollowWall,following_right_wall,0,14,42,1.00326514,-1,-1,-1,1,0.261512846,2.16733931,2.16733931,0,0,0,0,0
22.15,1.73563821,-0.142707106,-1.67109408,0.0799346836,0.000979745488,FollowWall,following_right_wall,0,14,42,1.00326514,-1,-1,-1,1,0.261512846,2.16722259,2.16722259,0,0,0,0,0
22.2,1.73963302,-0.142823617,-1.67010192,0.0797676771,0.00348484276,FollowWall,following_right_wall,0,14,42,1.00402069,-1,-1,-1,1,0.261158943,2.16710669,2.16710669,0,0,0,0,0
22.25,1.74362445,-0.142939831,-1.66536343,0.0797676771,0.00348484276,FollowWall,following_right_wall,0,14,42,1.00402069,-1,-1,-1,1,0.261158943,2.16699341,2.16699341,0,0,0,0,0
22.3,1.74761393,-0.14305558,-1.65843959,0.0796189168,0.00571624822,FollowWall,following_right_wall,0,14,42,1.00448191,-1,-1,-1,1,0.260904908,2.16688194,2.16688194,0,0,0,0,0
22.35,1.75159916,-0.143170588,-1.64757741,0.0796189168,0.00571624822,FollowWall,following_right_wall,0,14,42,1.00448191,-1,-1,-1,1,0.260904908,2.16677364,2.16677364,0,0,0,0,0
22.4,1.75558195,-0.143284689,-1.63441787,0.0794916941,0.00762458867,FollowWall,following_right_wall,0,14,42,1.00460696,-1,-1,-1,1,0.260306895,2.16666768,2.16666768,0,0,0,0,0
22.45,1.75956067,-0.143397634,-1.61764029,0.0794916941,0.00762458867,FollowWall,following_right_wall,0,14,42,1.00460696,-1,-1,-1,1,0.260306895,2.16656512,2.16656512,0,0,0,0,0
22.5,1.76353703,-0.143509273,-1.59875219,0.0793863997,0.00920400379,FollowWall,following_right_wall,0,14,42,1.00441015,-1,-1,-1,1,0.26000911,2.16646518,2.16646518,0,0,0,0,0
22.55,1.76750985,-0.143619394,-1.57674766,0.0793863997,0.00920400379,FollowWall,following_right_wall,0,14,42,1.00441015,-1,-1,-1,1,0.26000911,2.1663687,2.1663687,0,0,0,0,0
22.6,1.77148061,-0.143727869,-1.55292521,0.0794249295,0.00862605689,FollowWall,following_right_wall,0,14,42,1.00392699,-1,-1,-1,1,0.260064453,2.16627501,2.16627501,0,0,0,0,0
22.65,1.77545101,-0.143834668,-1.52873219,0.0794249295,0.00862605689,FollowWall,following_right_wall,0,14,42,1.00392699,-1,-1,-1,1,0.260064453,2.16618324,2.16618324,0,0,0,0,0
22.7,1.77942121,-0.143939778,-1.504323,0.0798660683,0.0020089753,FollowWall,following_right_wall,0,14,42,1.00334883,-1,-1,-1,1,0.259893924,2.16609331,2.16609331,0,0,0,0,0
22.75,1.78340049,-0.144043701,-1.48768626,0.0798660683,0.0020089753,FollowWall,following_right_wall,0,14,42,1.00334883,-1,-1,-1,1,0.259893924,2.16599974,2.16599974,0,0,0,0,0
22.8,1.78738507,-0.144146763,-1.47558346,0.079225083,-0.0116237551,FollowWall,following_right_wall,0,14,42,1.00326586,-1,-1,-1,1,0.259739727,2.16590421,2.16590421,0,0,0,0,0
22.85,1.79135938,-0.144249376,-1.48239833,0.079225083,-0.0116237551,FollowWall,following_right_wall,0,14,42,1.00326586,-1,-1,-1,1,0.259739727,2.16579736,2.16579736,0,0,0,0,0
22.9,1.79532768,-0.144352688,-1.50024851,0.0792717147,-0.0109242797,FollowWall,following_right_wall,0,14,42,1.00455213,-1,-1,-1,1,0.259841949,2.16568293,2.16568293,0,0,0,0,0
22.95,1.79929342,-0.144457364,-1.52370101,0.0792717147,-0.0109242797,FollowWall,following_right_wall,0,14,42,1.00455213,-1,-1,-1,1,0.259841949,2.16556367,2.16556367,0,0,0,0,0
23,1.80325764,-0.144563737,-1.55042153,0.0792563307,-0.0111550391,FollowWall,following_right_wall,0,14,42,1.00649559,-1,-1,-1,1,0.259758413,2.16544069,2.16544069,0,0,0,0,0
23.05,1.80722063,-0.144672002,-1.57932385,0.0792563307,-0.0111550391,FollowWall,following_right_wall,0,14,42,1.00649559,-1,-1,-1,1,0.259758413,2.16531449,2.16531449,0,0,0,0,0
23.1,1.81118288,-0.14478229,-1.60949888,0.07924196,-0.0113705993,FollowWall,following_right_wall,0,14,42,1.00867033,-1,-1,-1,1,0.259614915,2.1651855,2.1651855,0,0,0,0,0
23.15,1.81514436,-0.144894681,-1.64067364,0.07924196,-0.0113705993,FollowWall,following_right_wall,0,14,42,1.00867033,-1,-1,-1,1,0.259614915,2.16505382,2.16505382,0,0,0,0,0
23.2,1.81910538,-0.145009235,-1.67243157,0.0792577493,-0.0111337602,FollowWall,following_right_wall,0,14,42,1.00892341,-1,-1,-1,1,0.259585321,2.16491964,2.16491964,0,0,0,0,0
23.25,1.82306642,-0.145125989,-1.70424697,0.0792577493,-0.0111337602,FollowWall,following_right_wall,0,14,42,1.00892341,-1,-1,-1,1,0.259585321,2.16478325,2.16478325,0,0,0,0,0
23.3,1.82702745,-0.145244945,-1.73609591,0.0793117452,-0.0103238225,FollowWall,following_right_wall,0,14,42,1.00102699,-1,-1,-1,1,0.259521633,2.16464466,2.16464466,0,0,0,0,0
23.35,1.83098956,-0.145366106,-1.76699761,0.0793117452,-0.0103238225,FollowWall,following_right_wall,0,14,42,1.00102699,-1,-1,-1,1,0.259521633,2.16450448,2.16450448,0,0,0,0,0
23.4,1.83495229,-0.145489405,-1.79734675,0.0793673235,-0.00949014723,FollowWall,following_right_wall,0,14,42,0.993157983,-1,-1,-1,1,0.259421587,2.16436253,2.16436253,0,0,0,0,0
23.45,1.8389165,-0.145614807,-1.82637845,0.0793673235,-0.00949014723,FollowWall,following_right_wall,0,14,42,0.993157983,-1,-1,-1,1,0.259421587,2.16421931,2.16421931,0,0,0,0,0
23.5,1.84288155,-0.14574222,-1.85464164,0.079377504,-0.00933744013,FollowWall,following_right_wall,0,14,42,0.98531431,-1,-1,-1,1,0.258839756,2.16407457,2.16407457,0,0,0,0,0
23.55,1.84684728,-0.145871591,-1.88227424,0.079377504,-0.00933744013,FollowWall,following_right_wall,0,14,42,0.98531431,-1,-1,-1,1,0.258839756,2.16392828,2.16392828,0,0,0,0,0
23.6,1.85081338,-0.146002877,-1.90953901,0.0793649632,-0.00952555239,FollowWall,following_right_wall,0,14,42,0.977496684,-1,-1,-1,1,0.258226722,2.16378033,2.16378033,0,0,0,0,0
23.65,1.85477941,-0.146136049,-1.93681375,0.0793649632,-0.00952555239,FollowWall,following_right_wall,0,14,42,0.977496684,-1,-1,-1,1,0.258226722,2.1636305,2.1636305,0,0,0,0,0
23.7,1.85874536,-0.14627111,-1.96409431,0.0793547499,-0.00967875123,FollowWall,following_right_wall,0,14,42,0.969706297,-1,-1,-1,1,0.257946998,2.1634788,2.1634788,0,0,0,0,0
23.75,1.86271104,-0.146408058,-1.99156112,0.0793547499,-0.00967875123,FollowWall,following_right_wall,0,14,42,0.969706297,-1,-1,-1,1,0.257946998,2.16332511,2.16332511,0,0,0,0,0
23.8,1.86667652,-0.146546906,-2.01913659,0.0794107783,-0.00883832574,FollowWall,following_right_wall,0,14,42,0.961942792,-1,-1,-1,1,0.25758338,2.16316949,2.16316949,0,0,0,0,0
23.85,1.87064304,-0.14668767,-2.04577225,0.0794107783,-0.00883832574,FollowWall,following_right_wall,0,14,42,0.961942792,-1,-1,-1,1,0.25758338,2.16301254,2.16301254,0,0,0,0,0
23.9,1.87461012,-0.146830281,-2.0718597,0.0794677633,-0.00798355043,FollowWall,following_right_wall,0,14,42,0.954201877,-1,-1,-1,1,0.257032126,2.16285409,2.16285409,0,0,0,0,0
23.95,1.8785787,-0.146974708,-2.09660703,0.0794677633,-0.00798355043,FollowWall,following_right_wall,0,14,42,0.954201877,-1,-1,-1,1,0.257032126,2.16269466,2.16269466,0,0,0,0,0
24,1.88254812,-0.147120856,-2.12057264,0.0795256066,-0.00711590052,FollowWall,following_right_wall,0,14,42,0.946354449,-1,-1,-1,1,0.256819487,2.162534,2.162534,0,0,0,0,0
24.05,1.88651922,-0.147268678,-2.14304656,0.0795256066,-0.00711590052,FollowWall,following_right_wall,0,14,42,0.946354449,-1,-1,-1,1,0.256819487,2.16237258,2.16237258,0,0,0,0,0
24.1,1.89049128,-0.147418065,-2.16465033,0.079571228,-0.00643157959,FollowWall,following_right_wall,0,14,42,0.938275337,-1,-1,-1,1,0.256735176,2.16221014,2.16221014,0,0,0,0,0
24.15,1.89446482,-0.147568962,-2.18492966,0.079571228,-0.00643157959,FollowWall,following_right_wall,0,14,42,0.938275337,-1,-1,-1,1,0.256735176,2.16204699,2.16204699,0,0,0,0,0
24.2,1.8984392,-0.147721273,-2.2044364,0.0796001005,-0.00599849224,FollowWall,following_right_wall,0,14,42,0.93022275,-1,-1,-1,1,0.256487042,2.16188292,2.16188292,0,0,0,0,0
24.25,1.90241466,-0.147874947,-2.2229755,0.0796001005,-0.00599849224,FollowWall,following_right_wall,0,14,42,0.93022275,-1,-1,-1,1,0.256487042,2.16171807,2.16171807,0,0,0,0,0
24.3,1.90639073,-0.148029913,-2.24095016,0.0796623814,-0.00506427884,FollowWall,following_right_wall,0,14,42,0.922197521,-1,-1,-1,1,0.256278753,2.16155228,2.16155228,0,0,0,0,0
24.35,1.91036843,-0.148186143,-2.25748041,0.0796623814,-0.00506427884,FollowWall,following_right_wall,0,14,42,0.922197521,-1,-1,-1,1,0.256278753,2.1613861,2.1613861,0,0,0,0,0
24.4,1.91434706,-0.14834353,-2.27316809,0.0797254997,-0.00411750376,FollowWall,following_right_wall,0,14,42,0.914199173,-1,-1,-1,1,0.255818635,2.16121928,2.16121928,0,0,0,0,0
24.45,1.91832754,-0.148502025,-2.28723415,0.0797254997,-0.00411750376,FollowWall,following_right_wall,0,14,42,0.914199173,-1,-1,-1,1,0.255818635,2.16105233,2.16105233,0,0,0,0,0
24.5,1.92230908,-0.148661508,-2.30035425,0.0797859061,-0.00321140885,FollowWall,following_right_wall,0,14,42,0.906227171,-1,-1,-1,1,0.255858481,2.16088497,2.16088497,0,0,0,0,0
24.55,1.92629249,-0.148821923,-2.31184099,0.0797859061,-0.00321140885,FollowWall,following_right_wall,0,14,42,0.906227171,-1,-1,-1,1,0.255858481,2.16071766,2.16071766,0,0,0,0,0
24.6,1.93027697,-0.148983148,-2.32237492,0.0797829705,-0.00325544178,FollowWall,following_right_wall,0,14,42,0.898261905,-1,-1,-1,1,0.255372196,2.16055012,2.16055012,0,0,0,0,0
24.65,1.93426201,-0.149145112,-2.33240561,0.0797829705,-0.00325544178,FollowWall,following_right_wall,0,14,42,0.898261905,-1,-1,-1,1,0.255372196,2.16038214,2.16038214,0,0,0,0,0
24.7,1.93824736,-0.149307777,-2.34214274,0.0797802317,-0.00329652429,FollowWall,following_right_wall,0,14,42,0.890151024,-1,-1,-1,1,0.255112559,2.16021364,2.16021364,0,0,0,0,0
24.75,1.94223283,-0.149471121,-2.35175767,0.0797802317,-0.00329652429,FollowWall,following_right_wall,0,14,42,0.890151024,-1,-1,-1,1,0.255112559,2.16004453,2.16004453,0,0,0,0,0
24.8,1.94621835,-0.149635135,-2.36130132,0.0797777879,-0.00333318114,FollowWall,following_right_wall,0,14,42,0.882065773,-1,-1,-1,1,0.255104154,2.15987481,2.15987481,0,0,0,0,0
24.85,1.95020384,-0.149799812,-2.37084714,0.0797777879,-0.00333318114,FollowWall,following_right_wall,0,14,42,0.882065773,-1,-1,-1,1,0.255104154,2.15970441,2.15970441,0,0,0,0,0
24.9,1.95418931,-0.149965154,-2.38039422,0.0797758359,-0.00336246192,FollowWall,following_right_wall,0,14,42,0.874007702,-1,-1,-1,1,0.255098253,2.15953336,2.15953336,0,0,0,0,0
24.95,1.9581747,-0.150131159,-2.389977,0.0797758359,-0.00336246192,FollowWall,following_right_wall,0,14,42,0.874007702,-1,-1,-1,1,0.255098253,2.15936163,2.15936163,0,0,0,0,0
25,1.96216004,-0.150297831,-2.3995806,0.0798027623,-0.00295856595,FollowWall,following_right_wall,0,14,42,0.865977705,-1,-1,-1,1,0.254855901,2.15918921,2.15918921,0,0,0,0,0
25.05,1.9661459,-0.150465177,-2.40871422,0.0798027623,-0.00295856595,FollowWall,following_right_wall,0,14,42,0.865977705,-1,-1,-1,1,0.254855901,2.15901641,2.15901641,0,0,0,0,0
25.1,1.97013206,-0.150633162,-2.4175737,0.079868542,-0.00197187066,FollowWall,following_right_wall,0,14,42,0.85797435,-1,-1,-1,1,0.254388005,2.15884313,2.15884313,0,0,0,0,0
25.15,1.97411974,-0.150801783,-2.42509547,0.079868542,-0.00197187066,FollowWall,following_right_wall,0,14,42,0.85797435,-1,-1,-1,1,0.254388005,2.15867002,2.15867002,0,0,0,0,0
25.2,1.97810831,-0.150970939,-2.43183692,0.079934873,-0.000976905227,FollowWall,following_right_wall,0,14,42,0.849994242,-1,-1,-1,1,0.253889889,2.15849684,2.15849684,0,0,0,0,0
25.25,1.98209877,-0.151140588,-2.43693553,0.079934873,-0.000976905227,FollowWall,following_right_wall,0,14,42,0.849994242,-1,-1,-1,1,0.253889889,2.15832415,2.15832415,0,0,0,0,0
25.3,1.98609034,-0.151310606,-2.44107581,0.0799379784,-0.000930324197,FollowWall,following_right_wall,0,14,42,0.842035651,-1,-1,-1,1,0.253682017,2.15815166,2.15815166,0,0,0,0,0
25.35,1.9900826,-0.151480922,-2.44460147,0.0799379784,-0.000930324197,FollowWall,following_right_wall,0,14,42,0.842035651,-1,-1,-1,1,0.253682017,2.15797924,2.15797924,0,0,0,0,0
25.4,1.99407528,-0.151651489,-2.4477686,0.0799493361,-0.000759959221,FollowWall,following_right_wall,0,14,42,0.834101856,-1,-1,-1,1,0.253552496,2.15780679,2.15780679,0,0,0,0,0
25.45,1.99806842,-0.151822283,-2.45052322,0.0799493361,-0.000759959221,FollowWall,following_right_wall,0,14,42,0.834101856,-1,-1,-1,1,0.253552496,2.15763435,2.15763435,0,0,0,0,0
25.5,2.00206184,-0.151993272,-2.45303722,0.0799557495,-0.000663757324,FollowWall,following_right_wall,0,14,42,0.826194048,-1,-1,-1,1,0.253442168,2.15746187,2.15746187,0,0,0,0,0
25.55,2.00605554,-0.15216444,-2.45529602,0.0799557495,-0.000663757324,FollowWall,following_right_wall,0,14,42,0.826194048,-1,-1,-1,1,0.253442168,2.15728935,2.15728935,0,0,0,0,0
25.6,2.01004941,-0.152335768,-2.45740596,0.0799572068,-0.000641897321,FollowWall,following_right_wall,0,14,42,0.818312407,-1,-1,-1,1,0.253764302,2.15711677,2.15711677,0,0,0,0,0
25.65,2.01404341,-0.152507245,-2.45940296,0.0799572068,-0.000641897321,FollowWall,following_right_wall,0,14,42,0.818312407,-1,-1,-1,1,0.253764302,2.1569441,2.1569441,0,0,0,0,0
25.7,2.01803748,-0.152678862,-2.46133409,0.0799595791,-0.000606313348,FollowWall,following_right_wall,0,14,42,0.810456753,-1,-1,-1,1,0.255158752,2.15677133,2.15677133,0,0,0,0,0
25.75,2.02203164,-0.152850614,-2.46318431,0.0799595791,-0.000606313348,FollowWall,following_right_wall,0,14,42,0.810456753,-1,-1,-1,1,0.255158752,2.15659848,2.15659848,0,0,0,0,0
25.8,2.02602584,-0.153022497,-2.46498734,0.0799610722,-0.000583916903,FollowWall,following_right_wall,0,14,42,0.802626491,-1,-1,-1,1,0.256567299,2.15642552,2.15642552,0,0,0,0,0
25.85,2.0300201,-0.153194506,-2.46673611,0.0799610722,-0.000583916903,FollowWall,following_right_wall,0,14,42,0.802626491,-1,-1,-1,1,0.256567299,2.15625247,2.15625247,0,0,0,0,0
25.9,2.0340144,-0.153366637,-2.46845323,0.0799425262,-0.000862106681,FollowWall,following_right_wall,0,14,42,0.794548094,-1,-1,-1,1,0.257141352,2.15607931,2.15607931,0,0,0,0,0
25.95,2.03800832,-0.153538883,-2.47048394,0.0799425262,-0.000862106681,FollowWall,following_right_wall,0,14,42,0.794548094,-1,-1,-1,1,0.257141352,2.15590586,2.15590586,0,0,0,0,0
26,2.04200203,-0.153711268,-2.47269759,0.0751763958,-0.0723540634,FollowWall,following_right_wall,0,14,42,0.786416233,-1,-1,-1,1,0.298236042,2.15573215,2.15573215,0,0,0,0,0
26.05,2.04589628,-0.15388242,-2.56035518,0.0751763958,-0.0723540634,FollowWall,following_right_wall,0,14,42,0.786416233,-1,-1,-1,1,0.298236042,2.1555089,2.1555089,0,0,0,0,0
26.1,2.04973225,-0.154058563,-2.69785508,0.0577858794,-0.333211809,FollowWall,following_right_wall,0,14,42,0.778513312,-1,-1,-1,1,0.472141206,2.15525146,2.15525146,0,0,0,0,0
26.15,2.0531716,-0.15423501,-3.17580565,0.0577858794,-0.333211809,FollowWall,following_right_wall,0,14,42,0.778513312,-1,-1,-1,1,0.472141206,2.15479648,2.15479648,0,0,0,0,0
26.2,2.05637836,-0.154431935,-3.85235245,0.0626557636,-0.260163546,FollowWall,following_right_wall,0,14,42,0.771669388,-1,-1,-1,1,0.423442364,2.15421611,2.15421611,0,0,0,0,0
26.25,2.05954927,-0.154665067,-4.55755211,0.0626557636,-0.260163546,FollowWall,following_right_wall,0,14,42,0.771669388,-1,-1,-1,1,0.423442364,2.15359685,2.15359685,0,0,0,0,0
26.3,2.06269765,-0.154936003,-5.27946594,0.06766675,-0.184998751,FollowWall,following_right_wall,0,14,42,0.765562654,-1,-1,-1,1,0.3733325,2.15294504,2.15294504,0,0,0,0,0
26.35,2.06593518,-0.155253471,-5.92140833,0.06766675,-0.184998751,FollowWall,following_right_wall,0,14,42,0.765562654,-1,-1,-1,1,0.3733325,2.15230116,2.15230116,0,0,0,0,0
26.4,2.06922307,-0.155611756,-6.51670071,0.0690574038,-0.164138943,FollowWall,following_right_wall,0,14,42,0.759137392,-1,-1,-1,1,0.359425962,2.15165056,2.15165056,0,0,0,0,0
26.45,2.07256744,-0.156009855,-7.05988103,0.0690574038,-0.164138943,FollowWall,following_right_wall,0,14,42,0.759137392,-1,-1,-1,1,0.359425962,2.15099447,2.15099447,0,0,0,0,0
26.5,2.07594308,-0.156443259,-7.57266265,0.0689097214,-0.166354179,FollowWall,following_right_wall,0,14,42,0.752357483,-1,-1,-1,1,0.360902786,2.15032518,2.15032518,0,0,0,0,0
26.55,2.07933216,-0.156908802,-8.07035594,0.0689097214,-0.166354179,FollowWall,following_right_wall,0,14,42,0.752357483,-1,-1,-1,1,0.360902786,2.14963783,2.14963783,0,0,0,0,0
26.6,2.08272724,-0.157404986,-8.5592477,0.0684353012,-0.173470482,FollowWall,following_right_wall,0,14,42,0.745262802,-1,-1,-1,1,0.365646988,2.14893063,2.14893063,0,0,0,0,0
26.65,2.08611409,-0.157929623,-9.05149969,0.0684353012,-0.173470482,FollowWall,following_right_wall,0,14,42,0.745262802,-1,-1,-1,1,0.365646988,2.14820042,2.14820042,0,0,0,0,0
26.7,2.08949404,-0.158483027,-9.54571182,0.068064009,-0.179039866,FollowWall,following_right_wall,0,14,42,0.738416314,-1,-1,-1,1,0.36935991,2.14744759,2.14744759,0,0,0,0,0
26.75,2.09286012,-0.159064251,-10.0477153,0.068064009,-0.179039866,FollowWall,following_right_wall,0,14,42,0.738416314,-1,-1,-1,1,0.36935991,2.14667097,2.14667097,0,0,0,0,0
26.8,2.09621575,-0.159674133,-10.5542638,0.0678602564,-0.182096153,FollowWall,following_right_wall,0,14,42,0.731572092,-1,-1,-1,1,0.371397436,2.14587125,2.14587125,0,0,0,0,0
26.85,2.09955863,-0.160312467,-11.0671117,0.0678602564,-0.182096153,FollowWall,following_right_wall,0,14,42,0.731572092,-1,-1,-1,1,0.371397436,2.14504824,2.14504824,0,0,0,0,0
26.9,2.10289144,-0.160979963,-11.5836342,0.0677736628,-0.183395058,FollowWall,following_right_wall,0,14,42,0.72478646,-1,-1,-1,1,0.372263372,2.1442024,2.1442024,0,0,0,0,0
26.95,2.10621387,-0.161676703,-12.1038508,0.0677736628,-0.183395058,FollowWall,following_right_wall,0,14,42,0.72478646,-1,-1,-1,1,0.372263372,2.14333384,2.14333384,0,0,0,0,0
27,2.10952738,-0.162403105,-12.6262221,0.0677471417,-0.183792874,FollowWall,following_right_wall,0,14,42,0.718276739,-1,-1,-1,1,0.372528583,2.14244278,2.14244278,0,0,0,0,0
27.05,2.11283215,-0.163159286,-13.1503254,0.0677471417,-0.183792874,FollowWall,following_right_wall,0,14,42,0.718276739,-1,-1,-1,1,0.372528583,2.14152935,2.14152935,0,0,0,0,0
27.1,2.11612871,-0.163945421,-13.6754388,0.067744543,-0.183831856,FollowWall,following_right_wall,0,14,42,0.711592853,-1,-1,-1,1,0.37255457,2.14059366,2.14059366,0,0,0,0,0
27.15,2.11941721,-0.164761576,-14.2011881,0.067744543,-0.183831856,FollowWall,following_right_wall,0,14,42,0.711592853,-1,-1,-1,1,0.37255457,2.1396358,2.1396358,0,0,0,0,0
27.2,2.12269766,-0.165607775,-14.7273083,0.0677482504,-0.183776245,FollowWall,following_right_wall,0,14,42,0.704607844,-1,-1,-1,1,0.372517496,2.13865585,2.13865585,0,0,0,0,0
27.25,2.12597003,-0.166484019,-15.2535785,0.0677482504,-0.183776245,FollowWall,following_right_wall,0,14,42,0.704607844,-1,-1,-1,1,0.372517496,2.1376539,2.1376539,0,0,0,0,0
27.3,2.12923411,-0.167390259,-15.7799362,0.0677513856,-0.183729216,FollowWall,following_right_wall,0,14,42,0.697674096,-1,-1,-1,1,0.372486144,2.13663001,2.13663001,0,0,0,0,0
27.35,2.13248974,-0.168326447,-16.3062888,0.0677513856,-0.183729216,FollowWall,following_right_wall,0,14,42,0.697674096,-1,-1,-1,1,0.372486144,2.13558429,2.13558429,0,0,0,0,0
27.4,2.13573664,-0.169292504,-16.8326384,0.0677520293,-0.183719561,FollowWall,following_right_wall,0,14,42,0.691012979,-1,-1,-1,1,0.372479707,2.1345168,2.1345168,0,0,0,0,0
27.45,2.13897454,-0.170288352,-17.3589747,0.0677520293,-0.183719561,FollowWall,following_right_wall,0,14,42,0.691012979,-1,-1,-1,1,0.372479707,2.13342764,2.13342764,0,0,0,0,0
27.5,2.14220316,-0.171313905,-17.8853033,0.0677501428,-0.183747858,FollowWall,following_right_wall,0,14,42,0.684618473,-1,-1,-1,1,0.372498572,2.1323169,2.1323169,0,0,0,0,0
27.55,2.14542219,-0.172369063,-18.4116612,0.0677501428,-0.183747858,FollowWall,following_right_wall,0,14,42,0.684618473,-1,-1,-1,1,0.372498572,2.13118469,2.13118469,0,0,0,0,0
27.6,2.14863137,-0.173453742,-18.9380361,0.0677462029,-0.183806956,FollowWall,following_right_wall,0,14,42,0.678333223,-1,-1,-1,1,0.372537971,2.13003109,2.13003109,0,0,0,0,0
27.65,2.15183037,-0.174567829,-19.4644915,0.0677462029,-0.183806956,FollowWall,following_right_wall,0,14,42,0.678333223,-1,-1,-1,1,0.372537971,2.12885622,2.12885622,0,0,0,0,0
27.7,2.15501894,-0.175711245,-19.9909939,0.0677406955,-0.183889568,FollowWall,following_right_wall,0,14,42,0.671290278,-1,-1,-1,1,0.372593045,2.12766018,2.12766018,0,0,0,0,0
27.75,2.15819673,-0.176883865,-20.5176223,0.0677406955,-0.183889568,FollowWall,following_right_wall,0,14,42,0.671290278,-1,-1,-1,1,0.372593045,2.12644307,2.12644307,0,0,0,0,0
27.8,2.16136353,-0.178085616,-21.0443242,0.0677339989,-0.183990017,FollowWall,following_right_wall,0,14,42,0.664523065,-1,-1,-1,1,0.372660011,2.125205,2.125205,0,0,0,0,0
27.85,2.16451897,-0.179316362,-21.5711889,0.0677339989,-0.183990017,FollowWall,following_right_wall,0,14,42,0.664523065,-1,-1,-1,1,0.372660011,2.1239461,2.1239461,0,0,0,0,0
27.9,2.16766285,-0.180576034,-22.0981486,0.0677263725,-0.184104413,FollowWall,following_right_wall,0,14,42,0.658026159,-1,-1,-1,1,0.372736275,2.12266645,2.12266645,0,0,0,0,0
27.95,2.17079481,-0.181864486,-22.6253001,0.0677263725,-0.184104413,FollowWall,following_right_wall,0,14,42,0.658026159,-1,-1,-1,1,0.372736275,2.1213662,2.1213662,0,0,0,0,0
28,2.17391466,-0.183181652,-23.1525637,0.0677179891,-0.184230164,FollowWall,following_right_wall,0,14,42,0.651794791,-1,-1,-1,1,0.372820109,2.12004543,2.12004543,0,0,0,0,0
28.05,2.17702203,-0.184527379,-23.6800426,0.0677179891,-0.184230164,FollowWall,following_right_wall,0,14,42,0.651794791,-1,-1,-1,1,0.372820109,2.1187043,2.1187043,0,0,0,0,0
28.1,2.18011673,-0.185901599,-24.2076473,0.0677089679,-0.184365481,FollowWall,following_right_wall,0,14,42,0.645824432,-1,-1,-1,1,0.372910321,2.11734288,2.11734288,0,0,0,0,0
28.15,2.18319841,-0.187304151,-24.7354867,0.0677089679,-0.184365481,FollowWall,following_right_wall,0,14,42,0.645824432,-1,-1,-1,1,0.372910321,2.11596134,2.11596134,0,0,0,0,0
28.2,2.18626688,-0.18873497,-25.2634631,0.0676993835,-0.184509248,FollowWall,following_right_wall,0,14,42,0.639033377,-1,-1,-1,1,0.373006165,2.11455976,2.11455976,0,0,0,0,0
28.25,2.18932177,-0.190193883,-25.7916911,0.0676993835,-0.184509248,FollowWall,following_right_wall,0,14,42,0.639033377,-1,-1,-1,1,0.373006165,2.11313831,2.11313831,0,0,0,0,0
28.3,2.19236293,-0.191680828,-26.3200657,0.0676892954,-0.184660569,FollowWall,following_right_wall,0,14,42,0.632496595,-1,-1,-1,1,0.373107046,2.11169706,2.11169706,0,0,0,0,0
28.35,2.19538996,-0.193195622,-26.8487066,0.0676892954,-0.184660569,FollowWall,following_right_wall,0,14,42,0.632496595,-1,-1,-1,1,0.373107046,2.11023621,2.11023621,0,0,0,0,0
28.4,2.19840273,-0.194738202,-27.3775027,0.0676787543,-0.184818685,FollowWall,following_right_wall,0,14,42,0.626229644,-1,-1,-1,1,0.373212457,2.10875581,2.10875581,0,0,0,0,0
28.45,2.20140084,-0.196308378,-27.9065782,0.0676787543,-0.184818685,FollowWall,following_right_wall,0,14,42,0.626229644,-1,-1,-1,1,0.373212457,2.10725607,2.10725607,0,0,0,0,0
28.5,2.20438415,-0.197906086,-28.4358166,0.067667793,-0.184983104,FollowWall,following_right_wall,0,14,42,0.620158136,-1,-1,-1,1,0.37332207,2.10573706,2.10573706,0,0,0,0,0
28.55,2.20735228,-0.199531127,-28.9653464,0.067667793,-0.184983104,FollowWall,following_right_wall,0,14,42,0.620158136,-1,-1,-1,1,0.37332207,2.10419898,2.10419898,0,0,0,0,0
28.6,2.21030508,-0.201183438,-29.495046,0.0676564413,-0.18515338,FollowWall,following_right_wall,0,14,42,0.613919616,-1,-1,-1,1,0.373435587,2.10264188,2.10264188,0,0,0,0,0
28.65,2.21324218,-0.20286281,-30.025048,0.0676564413,-0.18515338,FollowWall,following_right_wall,0,14,42,0.613919616,-1,-1,-1,1,0.373435587,2.10106601,2.10106601,0,0,0,0,0
28.7,2.21616344,-0.204569179,-30.5552265,0.0676447201,-0.185329199,FollowWall,following_right_wall,0,14,42,0.607943833,-1,-1,-1,1,0.373552799,2.09947139,2.09947139,0,0,0,0,0
28.75,2.21906846,-0.206302328,-31.0857177,0.0676447201,-0.185329199,FollowWall,following_right_wall,0,14,42,0.607943833,-1,-1,-1,1,0.373552799,2.09785829,2.09785829,0,0,0,0,0
28.8,2.22195713,-0.208062193,-31.6163913,0.0676326561,-0.185510159,FollowWall,following_right_wall,0,14,42,0.601987123,-1,-1,-1,1,0.373673439,2.09622673,2.09622673,0,0,0,0,0
28.85,2.22482905,-0.209848547,-32.1473873,0.0676326561,-0.185510159,FollowWall,following_right_wall,0,14,42,0.601987123,-1,-1,-1,1,0.373673439,2.09457698,2.09457698,0,0,0,0,0
28.9,2.2276841,-0.211661328,-32.6785715,0.0676202643,-0.185696036,FollowWall,following_right_wall,0,14,42,0.595513046,-1,-1,-1,1,0.373797357,2.09290906,2.09290906,0,0,0,0,0
28.95,2.2305219,-0.213500297,-33.2100872,0.0676202643,-0.185696036,FollowWall,following_right_wall,0,14,42,0.595513046,-1,-1,-1,1,0.373797357,2.09122326,2.09122326,0,0,0,0,0
29,2.23334233,-0.215365393,-33.7417964,0.0676075536,-0.185886696,FollowWall,following_right_wall,0,14,42,0.589312315,-1,-1,-1,1,0.373924464,2.08951959,2.08951959,0,0,0,0,0
29.05,2.23614499,-0.217256369,-34.2738459,0.0676075536,-0.185886696,FollowWall,following_right_wall,0,14,42,0.589312315,-1,-1,-1,1,0.373924464,2.08779834,2.08779834,0,0,0,0,0
29.1,2.23892978,-0.219173163,-34.8060941,0.0675945389,-0.186081916,FollowWall,following_right_wall,0,14,42,0.58338052,-1,-1,-1,1,0.374054611,2.08605953,2.08605953,0,0,0,0,0
29.15,2.2416963,-0.221115517,-35.3386911,0.0675945389,-0.186081916,FollowWall,following_right_wall,0,14,42,0.58338052,-1,-1,-1,1,0.374054611,2.08430346,2.08430346,0,0,0,0,0
29.2,2.24444445,-0.223083371,-35.8714916,0.0675812232,-0.186281651,FollowWall,following_right_wall,0,14,42,0.577713788,-1,-1,-1,1,0.374187768,2.08253013,2.08253013,0,0,0,0,0
29.25,2.24717385,-0.225076459,-36.4046493,0.0675812232,-0.186281651,FollowWall,following_right_wall,0,14,42,0.577713788,-1,-1,-1,1,0.374187768,2.08073988,2.08073988,0,0,0,0,0
29.3,2.24988438,-0.227094717,-36.9380152,0.0675676125,-0.186485812,FollowWall,following_right_wall,0,14,42,0.572308719,-1,-1,-1,1,0.374323875,2.07893269,2.07893269,0,0,0,0,0
29.35,2.25257566,-0.229137872,-37.4717464,0.0675676125,-0.186485812,FollowWall,following_right_wall,0,14,42,0.572308719,-1,-1,-1,1,0.374323875,2.07710891,2.07710891,0,0,0,0,0
29.4,2.25524759,-0.231205862,-38.0056906,0.0675537068,-0.186694399,FollowWall,following_right_wall,0,14,42,0.567162395,-1,-1,-1,1,0.374462932,2.07526851,2.07526851,0,0,0,0,0
29.45,2.25789979,-0.233298401,-38.5400081,0.0675537068,-0.186694399,FollowWall,following_right_wall,0,14,42,0.567162395,-1,-1,-1,1,0.374462932,2.07341186,2.07341186,0,0,0,0,0
29.5,2.26053215,-0.235415428,-39.0745434,0.0675395,-0.1869075,FollowWall,following_right_wall,0,14,42,0.562272489,-1,-1,-1,1,0.374605,2.07153893,2.07153893,0,0,0,0,0
29.55,2.2631443,-0.237556648,-39.60946,0.0675395,-0.1869075,FollowWall,following_right_wall,0,14,42,0.562272489,-1,-1,-1,1,0.374605,2.0696501,2.0696501,0,0,0,0,0
29.6,2.26573615,-0.239722001,-40.1445991,0.0675061721,-0.187407419,FollowWall,following_right_wall,0,14,42,0.557637095,-1,-1,-1,1,0.374938279,2.06774532,2.06774532,0,0,0,0,0
29.65,2.268307,-0.241910935,-40.6804647,0.0675061721,-0.187407419,FollowWall,following_right_wall,0,14,42,0.557637095,-1,-1,-1,1,0.374938279,2.06582541,2.06582541,0,0,0,0,0
29.7,2.27085688,-0.244123503,-41.216754,0.0674727517,-0.187908724,FollowWall,following_right_wall,0,14,42,0.553256273,-1,-1,-1,1,0.375272483,2.06389016,2.06389016,0,0,0,0,0
29.75,2.27338519,-0.246359208,-41.753889,0.0674727517,-0.187908724,FollowWall,following_right_wall,0,14,42,0.553256273,-1,-1,-1,1,0.375272483,2.06194028,2.06194028,0,0,0,0,0
29.8,2.27589199,-0.248618144,-42.2915173,0.0674404788,-0.188392818,FollowWall,following_right_wall,0,14,42,0.549130619,-1,-1,-1,1,0.375595212,2.05997551,2.05997551,0,0,0,0,0
29.85,2.27837673,-0.250899839,-42.8300112,0.0674404788,-0.188392818,FollowWall,following_right_wall,0,14,42,0.549130619,-1,-1,-1,1,0.375595212,2.05799652,2.05799652,0,0,0,0,0
29.9,2.28083948,-0.253204395,-43.3690099,0.0674092281,-0.188861579,FollowWall,following_right_wall,0,14,42,0.545260549,-1,-1,-1,1,0.375907719,2.05600301,2.05600301,0,0,0,0,0
29.95,2.2832797,-0.25553135,-43.9088628,0.0674092281,-0.188861579,FollowWall,following_right_wall,0,14,42,0.545260549,-1,-1,-1,1,0.375907719,2.05399564,2.05399564,0,0,0,0,0
30,2.28569746,-0.257880799,-44.4492138,0.0673787791,-0.189318314,FollowWall,following_right_wall,0,14,42,0.541646957,-1,-1,-1,1,0.376212209,2.05197412,2.05197412,0,0,0,0,0
30.05,2.28809225,-0.260252279,-44.9904007,0.0673787791,-0.189318314,FollowWall,following_right_wall,0,14,42,0.541646957,-1,-1,-1,1,0.376212209,2.04993912,2.04993912,0,0,0,0,0
30.1,2.29046412,-0.262645879,-45.5320752,0.0673489112,-0.189766333,FollowWall,following_right_wall,0,14,42,0.538291037,-1,-1,-1,1,0.376510888,2.04789032,2.04789032,0,0,0,0,0
30.15,2.29281258,-0.26506113,-46.0745688,0.0673489112,-0.189766333,FollowWall,following_right_wall,0,14,42,0.538291037,-1,-1,-1,1,0.376510888,2.04582841,2.04582841,0,0,0,0,0
30.2,2.29513766,-0.267498115,-46.6175403,0.0673194218,-0.190208673,FollowWall,following_right_wall,0,14,42,0.535194516,-1,-1,-1,1,0.376805782,2.04375307,2.04375307,0,0,0,0,0
30.25,2.2974389,-0.269956355,-47.1613185,0.0673194218,-0.190208673,FollowWall,following_right_wall,0,14,42,0.535194516,-1,-1,-1,1,0.376805782,2.041665,2.041665,0,0,0,0,0
30.3,2.29971631,-0.27243593,-47.7055674,0.067290132,-0.190648019,FollowWall,following_right_wall,0,14,42,0.5323596,-1,-1,-1,1,0.37709868,2.03956389,2.03956389,0,0,0,0,0
30.35,2.30196943,-0.274936352,-48.2506152,0.067290132,-0.190648019,FollowWall,following_right_wall,0,14,42,0.5323596,-1,-1,-1,1,0.37709868,2.03745044,2.03745044,0,0,0,0,0
30.4,2.3041983,-0.277457696,-48.7961291,0.067260893,-0.191086605,FollowWall,following_right_wall,0,14,42,0.529789209,-1,-1,-1,1,0.37739107,2.03532434,2.03532434,0,0,0,0,0
30.45,2.30640243,-0.279999463,-49.3424383,0.067260893,-0.191086605,FollowWall,following_right_wall,0,14,42,0.529789209,-1,-1,-1,1,0.37739107,2.03318632,2.03318632,0,0,0,0,0
30.5,2.30858187,-0.282561728,-49.8892116,0.0672315794,-0.191526309,FollowWall,following_right_wall,0,14,42,0.527486622,-1,-1,-1,1,0.377684206,2.03103605,2.03103605,0,0,0,0,0
30.55,2.31073615,-0.285143979,-50.4367803,0.0672315794,-0.191526309,FollowWall,following_right_wall,0,14,42,0.527486622,-1,-1,-1,1,0.377684206,2.02887427,2.02887427,0,0,0,0,0
30.6,2.3128653,-0.28774629,-50.9848131,0.0672020751,-0.191968873,FollowWall,following_right_wall,0,14,42,0.525456011,-1,-1,-1,1,0.377979249,2.02670066,2.02670066,0,0,0,0,0
30.65,2.31496886,-0.290368137,-51.5336449,0.0672020751,-0.191968873,FollowWall,following_right_wall,0,14,42,0.525456011,-1,-1,-1,1,0.377979249,2.02451598,2.02451598,0,0,0,0,0
30.7,2.31704686,-0.293009595,-52.0829427,0.0671722907,-0.19241564,FollowWall,following_right_wall,0,14,42,0.523702025,-1,-1,-1,1,0.378277093,2.02231987,2.02231987,0,0,0,0,0
30.75,2.31909885,-0.295670126,-52.6330457,0.0671722907,-0.19241564,FollowWall,following_right_wall,0,14,42,0.523702025,-1,-1,-1,1,0.378277093,2.02011315,2.02011315,0,0,0,0,0
30.8,2.32112487,-0.298349808,-53.1836183,0.0671421456,-0.192867815,FollowWall,following_right_wall,0,14,42,0.522230148,-1,-1,-1,1,0.378578544,2.01789544,2.01789544,0,0,0,0,0
30.85,2.32312446,-0.301048088,-53.7350047,0.0671421456,-0.192867815,FollowWall,following_right_wall,0,14,42,0.522230148,-1,-1,-1,1,0.378578544,2.01566756,2.01566756,0,0,0,0,0
30.9,2.32509765,-0.303765047,-54.2868657,0.0671115685,-0.193326473,FollowWall,following_right_wall,0,14,42,0.521046579,-1,-1,-1,1,0.378884315,2.01342913,2.01342913,0,0,0,0,0
30.95,2.32704401,-0.306500117,-54.8395512,0.0671115685,-0.193326473,FollowWall,following_right_wall,0,14,42,0.521046579,-1,-1,-1,1,0.378884315,2.011181,2.011181,0,0,0,0,0
31,2.32896356,-0.309253384,-55.3927175,0.0670804965,-0.193792552,FollowWall,following_right_wall,0,14,42,0.520158231,-1,-1,-1,1,0.379195035,2.00892277,2.00892277,0,0,0,0,0
31.05,2.33085588,-0.312024265,-55.9467206,0.0670804965,-0.193792552,FollowWall,following_right_wall,0,14,42,0.520158231,-1,-1,-1,1,0.379195035,2.00665532,2.00665532,0,0,0,0,0
31.1,2.33272098,-0.314812849,-56.501212,0.0670488793,-0.194266811,FollowWall,following_right_wall,0,14,42,0.519573033,-1,-1,-1,1,0.379511207,2.00437822,2.00437822,0,0,0,0,0
31.15,2.33455845,-0.317618537,-57.0565542,0.0670488793,-0.194266811,FollowWall,following_right_wall,0,14,42,0.519573033,-1,-1,-1,1,0.379511207,2.00209239,2.00209239,0,0,0,0,0
31.2,2.33636831,-0.320441424,-57.6123927,0.0670166749,-0.194749877,FollowWall,following_right_wall,0,14,42,0.519299746,-1,-1,-1,1,0.379833251,1.99979738,1.99979738,0,0,0,0,0
31.25,2.33815015,-0.323280897,-58.1690974,0.0670166749,-0.194749877,FollowWall,following_right_wall,0,14,42,0.519299746,-1,-1,-1,1,0.379833251,1.99749413,1.99749413,0,0,0,0,0
31.3,2.33990399,-0.326137054,-58.7263074,0.0669838446,-0.19524233,FollowWall,following_right_wall,0,14,42,0.519348025,-1,-1,-1,1,0.380161554,1.99518217,1.99518217,0,0,0,0,0
31.35,2.34162943,-0.329009266,-59.2843999,0.0669838446,-0.19524233,FollowWall,following_right_wall,0,14,42,0.519348025,-1,-1,-1,1,0.380161554,1.99286248,1.99286248,0,0,0,0,0
31.4,2.34332649,-0.331897639,-59.8430072,0.0669503528,-0.195744708,FollowWall,following_right_wall,0,14,42,0.51972872,-1,-1,-1,1,0.380496472,1.99053456,1.99053456,0,0,0,0,0
31.45,2.34499476,-0.334801525,-60.4025145,0.0669503528,-0.195744708,FollowWall,following_right_wall,0,14,42,0.51972872,-1,-1,-1,1,0.380496472,1.98819941,1.98819941,0,0,0,0,0
31.5,2.34663428,-0.337721038,-60.9625468,0.0669161695,-0.196257457,FollowWall,following_right_wall,0,14,42,0.520453691,-1,-1,-1,1,0.380838305,1.98585653,1.98585653,0,0,0,0,0
31.55,2.34824466,-0.340655513,-61.5234974,0.0669161695,-0.196257457,FollowWall,following_right_wall,0,14,42,0.520453691,-1,-1,-1,1,0.380838305,1.98350695,1.98350695,0,0,0,0,0
31.6,2.34982592,-0.343605072,-62.0849836,0.0668812799,-0.196780801,FollowWall,following_right_wall,0,14,42,0.521536052,-1,-1,-1,1,0.381187201,1.98115013,1.98115013,0,0,0,0,0
31.65,2.35137766,-0.346569031,-62.6474071,0.0668812799,-0.196780801,FollowWall,following_right_wall,0,14,42,0.521536052,-1,-1,-1,1,0.381187201,1.97878714,1.97878714,0,0,0,0,0
31.7,2.35289994,-0.349547521,-63.2103772,0.0668467867,-0.197298199,FollowWall,following_right_wall,0,14,42,0.522990286,-1,-1,-1,1,0.381532133,1.9764174,1.9764174,0,0,0,0,0
31.75,2.35439237,-0.35253986,-63.7742838,0.0668467867,-0.197298199,FollowWall,following_right_wall,0,14,42,0.522990286,-1,-1,-1,1,0.381532133,1.974042,1.974042,0,0,0,0,0
31.8,2.35585498,-0.355546179,-64.3387367,0.0668546456,-0.197180316,FollowWall,following_right_wall,0,14,42,0.52483207,-1,-1,-1,1,0.381453544,1.97166033,1.97166033,0,0,0,0,0
31.85,2.35728781,-0.358566575,-64.9033675,0.0668546456,-0.197180316,FollowWall,following_right_wall,0,14,42,0.52483207,-1,-1,-1,1,0.381453544,1.96927185,1.96927185,0,0,0,0,0
31.9,2.35869075,-0.361600837,-65.4681022,0.0668611276,-0.197083086,FollowWall,following_right_wall,0,14,42,0.527067304,-1,-1,-1,1,0.382284969,1.96687663,1.96687663,0,0,0,0,0
31.95,2.36006374,-0.364648837,-66.0327814,0.0668611276,-0.197083086,FollowWall,following_right_wall,0,14,42,0.527067304,-1,-1,-1,1,0.382284969,1.96447456,1.96447456,0,0,0,0,0
32,2.36140665,-0.367710254,-66.5974281,0.04,-0.6,FollowWall,following_right_wall,0,14,42,0.529706776,-1,-1,-1,1,0.382679015,1.96206592,1.96206592,0,0,0,0,0
32.05,2.36248884,-0.370274681,-67.6430027,0.04,-0.6,FollowWall,following_right_wall,0,14,42,0.529706776,-1,-1,-1,1,0.382679015,1.96072821,1.96072821,0,0,0,0,0
32.1,2.36339706,-0.372557651,-68.9691184,0.04,-0.6,FollowWall,following_right_wall,0,14,42,0.540611148,-1,-1,-1,1,0.385667056,1.96003411,1.96003411,0,0,0,0,0
32.15,2.3641829,-0.374683643,-70.4588831,0.04,-0.6,FollowWall,following_right_wall,0,14,42,0.540611148,-1,-1,-1,1,0.385667056,1.95973608,1.95973608,0,0,0,0,0
32.2,2.36487571,-0.376724774,-72.0441098,0.0435722227,-0.54641666,FollowWall,following_right_wall,0,14,42,0.558505237,-1,-1,-1,1,0.385994792,1.95968871,1.95968871,0,0,0,0,0
32.25,2.36551478,-0.378793442,-73.6210622,0.0435722227,-0.54641666,FollowWall,following_right_wall,0,14,42,0.558505237,-1,-1,-1,1,0.385994792,1.95965168,1.95965168,0,0,0,0,0
32.3,2.36609828,-0.380884298,-75.193188,0.0476768695,-0.484846957,FollowWall,following_right_wall,0,14,42,0.58054328,-1,-1,-1,1,0.387643158,1.95963266,1.95963266,0,0,0,0,0
32.35,2.36664717,-0.383076155,-76.6890048,0.0476768695,-0.484846957,FollowWall,following_right_wall,0,14,42,0.58054328,-1,-1,-1,1,0.387643158,1.95945368,1.95945368,0,0,0,0,0
32.4,2.36715079,-0.385331952,-78.140308,0.0515584898,-0.426622652,FollowWall,following_right_wall,0,14,42,0.604932547,-1,-1,-1,1,0.390920728,1.9591883,1.9591883,0,0,0,0,0
32.45,2.36762055,-0.387708379,-79.4961448,0.0515584898,-0.426622652,FollowWall,following_right_wall,0,14,42,0.604932547,-1,-1,-1,1,0.390920728,1.95870355,1.95870355,0,0,0,0,0
32.5,2.3680462,-0.390158896,-80.7962929,0.0553382318,-0.369926523,FollowWall,following_right_wall,0,14,42,0.630580842,-1,-1,-1,1,0.389913291,1.95809521,1.95809521,0,0,0,0,0
32.55,2.36843572,-0.392733347,-81.9962799,0.0553382318,-0.369926523,FollowWall,following_right_wall,0,14,42,0.630580842,-1,-1,-1,1,0.389913291,1.95724468,1.95724468,0,0,0,0,0
32.6,2.36878135,-0.395382631,-83.1378395,0.058514982,-0.32227527,FollowWall,following_right_wall,0,14,42,0.656626344,-1,-1,-1,1,0.3912597,1.95625576,1.95625576,0,0,0,0,0
32.65,2.36908792,-0.398143235,-84.1884371,0.058514982,-0.32227527,FollowWall,following_right_wall,0,14,42,0.656626344,-1,-1,-1,1,0.3912597,1.95504019,1.95504019,0,0,0,0,0
32.7,2.36935082,-0.400970351,-85.1859734,0.0625164704,-0.262252944,FollowWall,following_right_wall,0,14,42,0.682556629,-1,-1,-1,1,0.391661823,1.95369466,1.95369466,0,0,0,0,0
32.75,2.36957609,-0.403920456,-86.080911,0.0625164704,-0.262252944,FollowWall,following_right_wall,0,14,42,0.682556629,-1,-1,-1,1,0.391661823,1.95208546,1.95208546,0,0,0,0,0
32.8,2.36976104,-0.406943133,-86.9159994,0.0776136553,-0.0357951703,FollowWall,following_right_wall,0,14,42,0.70516938,-1,-1,-1,1,0.497270852,1.9503237,1.9503237,0,0,0,0,0
32.85,2.36992745,-0.410322516,-87.4458616,0.0776136553,-0.0357951703,FollowWall,following_right_wall,0,14,42,0.70516938,-1,-1,-1,1,0.497270852,1.9477491,1.9477491,0,0,0,0,0
32.9,2.37007645,-0.41391007,-87.7976752,0.0783221206,0.0251681913,FollowWall,following_right_wall,0,14,42,0.689182043,-1,-1,-1,1,0.515549898,1.94469788,1.94469788,0,0,0,0,0
32.95,2.37021395,-0.417633786,-87.9728575,0.0783221206,0.0251681913,FollowWall,following_right_wall,0,14,42,0.689182043,-1,-1,-1,1,0.515549898,1.9412418,1.9412418,0,0,0,0,0
33,2.37034616,-0.421436848,-88.0450048,0.0653963145,-0.219055282,FollowWall,following_right_wall,0,14,42,0.685175419,-1,-1,-1,1,0.387295932,1.93754908,1.93754908,0,0,0,0,0
33.05,2.37045888,-0.42501729,-88.3485688,0.0653963145,-0.219055282,FollowWall,following_right_wall,0,14,42,0.685175419,-1,-1,-1,1,0.387295932,1.93443361,1.93443361,0,0,0,0,0
33.1,2.37054516,-0.428468261,-88.7871257,0.066391918,-0.20412123,FollowWall,following_right_wall,0,14,42,0.672547281,-1,-1,-1,1,0.386192054,1.93165638,1.93165638,0,0,0,0,0
33.15,2.37060226,-0.431864642,-89.2866024,0.066391918,-0.20412123,FollowWall,following_right_wall,0,14,42,0.672547281,-1,-1,-1,1,0.386192054,1.92903018,1.92903018,0,0,0,0,0
33.2,2.37062844,-0.435229207,-89.8216155,0.0677820965,-0.183268552,FollowWall,following_right_wall,0,14,42,0.655623615,-1,-1,-1,1,0.384679556,1.92649389,1.92649389,0,0,0,0,0
33.25,2.37062332,-0.438604052,-90.3524673,0.0677820965,-0.183268552,FollowWall,following_right_wall,0,14,42,0.655623615,-1,-1,-1,1,0.384679556,1.92284917,1.92284917,0,0,0,0,0
33.3,2.37058693,-0.441984645,-90.8808915,0.0692100052,-0.161849922,FollowWall,following_right_wall,0,14,42,0.639219701,-1,-1,-1,1,0.383138806,1.91865157,1.91865157,0,0,0,0,0
33.35,2.37051951,-0.445397982,-91.3823331,0.0692100052,-0.161849922,FollowWall,following_right_wall,0,14,42,0.639219701,-1,-1,-1,1,0.383138806,1.91446605,1.91446605,0,0,0,0,0
33.4,2.37042213,-0.448829977,-91.8680348,0.0705869002,-0.141196497,FollowWall,following_right_wall,0,14,42,0.624691308,-1,-1,-1,1,0.381944358,1.91028903,1.91028903,0,0,0,0,0
33.45,2.37029522,-0.452301021,-92.3199017,0.0705869002,-0.141196497,FollowWall,following_right_wall,0,14,42,0.624691308,-1,-1,-1,1,0.381944358,1.90612751,1.90612751,0,0,0,0,0
33.5,2.3701405,-0.455794285,-92.7520316,0.0717663672,-0.123504491,FollowWall,following_right_wall,0,14,42,0.612211645,-1,-1,-1,1,0.380276352,1.90197634,1.90197634,0,0,0,0,0
33.55,2.36995847,-0.459324463,-93.15153,0.0717663672,-0.123504491,FollowWall,following_right_wall,0,14,42,0.612211645,-1,-1,-1,1,0.380276352,1.89784007,1.89784007,0,0,0,0,0
33.6,2.36975112,-0.462875554,-93.5319934,0.0729050681,-0.106423979,FollowWall,following_right_wall,0,14,42,0.60154134,-1,-1,-1,1,0.378937721,1.8937137,1.8937137,0,0,0,0,0
33.65,2.3695188,-0.46646189,-93.8809646,0.0729050681,-0.106423979,FollowWall,following_right_wall,0,14,42,0.60154134,-1,-1,-1,1,0.378937721,1.88960139,1.88960139,0,0,0,0,0
33.7,2.3692637,-0.470068148,-94.2115654,0.07375967,-0.0936049501,FollowWall,following_right_wall,0,14,42,0.592437625,-1,-1,-1,1,0.377633333,1.88549835,1.88549835,0,0,0,0,0
33.75,2.3689863,-0.473703147,-94.5161486,0.07375967,-0.0936049501,FollowWall,following_right_wall,0,14,42,0.592437625,-1,-1,-1,1,0.377633333,1.88140697,1.88140697,0,0,0,0,0
33.8,2.36868864,-0.477354274,-94.8055548,0.0745866039,-0.0812009418,FollowWall,following_right_wall,0,14,42,0.584576309,-1,-1,-1,1,0.376922607,1.87732338,1.87732338,0,0,0,0,0
33.85,2.36837092,-0.481031351,-95.0713015,0.0745866039,-0.0812009418,FollowWall,following_right_wall,0,14,42,0.584576309,-1,-1,-1,1,0.376922607,1.87325021,1.87325021,0,0,0,0,0
33.9,2.36803513,-0.484722952,-95.323247,0.075364542,-0.0695318706,FollowWall,following_right_wall,0,14,42,0.57774812,-1,-1,-1,1,0.376351953,1.869184,1.869184,0,0,0,0,0
33.95,2.3676814,-0.488438571,-95.5532127,0.075364542,-0.0695318706,FollowWall,following_right_wall,0,14,42,0.57774812,-1,-1,-1,1,0.376351953,1.86512723,1.86512723,0,0,0,0,0
34,2.3673117,-0.492167629,-95.7703569,0.0761169646,-0.0582455315,FollowWall,following_right_wall,0,14,42,0.571814954,-1,-1,-1,1,0.375843614,1.86107672,1.86107672,0,0,0,0,0
34.05,2.36692607,-0.49591958,-95.9665499,0.0761169646,-0.0582455315,FollowWall,following_right_wall,0,14,42,0.571814954,-1,-1,-1,1,0.375843614,1.85703492,1.85703492,0,0,0,0,0
34.1,2.36652648,-0.499684373,-96.1505212,0.0764843998,-0.0527340037,FollowWall,following_right_wall,0,14,42,0.566681683,-1,-1,-1,1,0.374738485,1.85299883,1.85299883,0,0,0,0,0
34.15,2.36611353,-0.503463769,-96.3207844,0.0764843998,-0.0527340037,FollowWall,following_right_wall,0,14,42,0.566681683,-1,-1,-1,1,0.374738485,1.84896879,1.84896879,0,0,0,0,0
34.2,2.36568857,-0.507251197,-96.4830512,0.0770276415,-0.0445853773,FollowWall,following_right_wall,0,14,42,0.562103212,-1,-1,-1,1,0.374079764,1.84494287,1.84494287,0,0,0,0,0
34.25,2.36525145,-0.511054096,-96.6309267,0.0770276415,-0.0445853773,FollowWall,following_right_wall,0,14,42,0.562103212,-1,-1,-1,1,0.374079764,1.84092298,1.84092298,0,0,0,0,0
34.3,2.36480366,-0.514865589,-96.7704073,0.0775377405,-0.0369338927,FollowWall,following_right_wall,0,14,42,0.558028221,-1,-1,-1,1,0.373380452,1.8369071,1.8369071,0,0,0,0,0
34.35,2.36434512,-0.518692245,-96.8958576,0.0775377405,-0.0369338927,FollowWall,following_right_wall,0,14,42,0.558028221,-1,-1,-1,1,0.373380452,1.83289686,1.83289686,0,0,0,0,0
34.4,2.36387731,-0.522527374,-97.0131235,0.0779418633,-0.0308720505,FollowWall,following_right_wall,0,14,42,0.55443114,-1,-1,-1,1,0.372641504,1.82889033,1.82889033,0,0,0,0,0
34.45,2.36340034,-0.526375456,-97.1183794,0.0779418633,-0.0308720505,FollowWall,following_right_wall,0,14,42,0.55443114,-1,-1,-1,1,0.372641504,1.82488858,1.82488858,0,0,0,0,0
34.5,2.36291553,-0.530230773,-97.2166295,0.078299123,-0.0255131544,FollowWall,following_right_wall,0,14,42,0.551241696,-1,-1,-1,1,0.371762156,1.82088997,1.82088997,0,0,0,0,0
34.55,2.36242291,-0.534097398,-97.3043961,0.078299123,-0.0255131544,FollowWall,following_right_wall,0,14,42,0.551241696,-1,-1,-1,1,0.371762156,1.81689546,1.81689546,0,0,0,0,0
34.6,2.36192366,-0.537970347,-97.3860474,0.0786163156,-0.0207552659,FollowWall,following_right_wall,0,14,42,0.548397422,-1,-1,-1,1,0.370787472,1.81290364,1.81290364,0,0,0,0,0
34.65,2.36141782,-0.541853291,-97.4584521,0.0786163156,-0.0207552659,FollowWall,following_right_wall,0,14,42,0.548397422,-1,-1,-1,1,0.370787472,1.80891538,1.80891538,0,0,0,0,0
34.7,2.36090644,-0.545741838,-97.5254629,0.0788988383,-0.0165174252,FollowWall,following_right_wall,0,14,42,0.54584986,-1,-1,-1,1,0.369725615,1.80492942,1.80492942,0,0,0,0,0
34.75,2.36038954,-0.549639286,-97.5842688,0.0788988383,-0.0165174252,FollowWall,following_right_wall,0,14,42,0.54584986,-1,-1,-1,1,0.369725615,1.80094655,1.80094655,0,0,0,0,0
34.8,2.35986806,-0.553541743,-97.6382884,0.0790392046,-0.0144119316,FollowWall,following_right_wall,0,14,42,0.543559313,-1,-1,-1,1,0.368584573,1.79696566,1.79696566,0,0,0,0,0
34.85,2.35934225,-0.557449849,-97.6870029,0.0790392046,-0.0144119316,FollowWall,following_right_wall,0,14,42,0.543559313,-1,-1,-1,1,0.368584573,1.79298687,1.79298687,0,0,0,0,0
34.9,2.35881275,-0.561361089,-97.7326226,0.079176148,-0.01235778,FollowWall,following_right_wall,0,14,42,0.541443229,-1,-1,-1,1,0.367378592,1.78900947,1.78900947,0,0,0,0,0
34.95,2.35827961,-0.565276834,-97.7739851,0.079176148,-0.01235778,FollowWall,following_right_wall,0,14,42,0.541443229,-1,-1,-1,1,0.367378592,1.78503376,1.78503376,0,0,0,0,0
35,2.35774334,-0.569195067,-97.8128643,0.0792896884,-0.0106546747,FollowWall,following_right_wall,0,14,42,0.539455533,-1,-1,-1,1,0.366482794,1.78105919,1.78105919,0,0,0,0,0
35.05,2.35720397,-0.573116965,-97.8482619,0.0792896884,-0.0106546747,FollowWall,following_right_wall,0,14,42,0.539455533,-1,-1,-1,1,0.366482794,1.77708602,1.77708602,0,0,0,0,0
35.1,2.35666193,-0.57704088,-97.8816286,0.0794263076,-0.00860538623,FollowWall,following_right_wall,0,14,42,0.537567973,-1,-1,-1,1,0.365199655,1.77311379,1.77311379,0,0,0,0,0
35.15,2.35611715,-0.580968681,-97.9113644,0.0794263076,-0.00860538623,FollowWall,following_right_wall,0,14,42,0.537567973,-1,-1,-1,1,0.365199655,1.76914295,1.76914295,0,0,0,0,0
35.2,2.35557006,-0.584898649,-97.9389822,0.0795465489,-0.00680176609,FollowWall,following_right_wall,0,14,42,0.535776377,-1,-1,-1,1,0.364263773,1.76517301,1.76517301,0,0,0,0,0
35.25,2.35502065,-0.588832273,-97.9632116,0.0795465489,-0.00680176609,FollowWall,following_right_wall,0,14,42,0.535776377,-1,-1,-1,1,0.364263773,1.76120434,1.76120434,0,0,0,0,0
35.3,2.35446932,-0.592767953,-97.9854644,0.0796382913,-0.005425631,FollowWall,following_right_wall,0,14,42,0.534072459,-1,-1,-1,1,0.363429874,1.75723647,1.75723647,0,0,0,0,0
35.35,2.35391611,-0.596706652,-98.0049216,0.0796382913,-0.005425631,FollowWall,following_right_wall,0,14,42,0.534072459,-1,-1,-1,1,0.363429874,1.75326964,1.75326964,0,0,0,0,0
35.4,2.35336136,-0.600647051,-98.022748,0.0797286015,-0.00407097707,FollowWall,following_right_wall,0,14,42,0.532437742,-1,-1,-1,1,0.362548947,1.74930347,1.74930347,0,0,0,0,0
35.45,2.35280504,-0.604590248,-98.0380061,0.0797286015,-0.00407097707,FollowWall,following_right_wall,0,14,42,0.532437742,-1,-1,-1,1,0.362548947,1.74533822,1.74533822,0,0,0,0,0
35.5,2.35224749,-0.60853503,-98.051766,0.0798194842,-0.00270773701,FollowWall,following_right_wall,0,14,42,0.530860722,-1,-1,-1,1,0.36162129,1.74137355,1.74137355,0,0,0,0,0
35.55,2.35168866,-0.612482572,-98.0630248,0.0798194842,-0.00270773701,FollowWall,following_right_wall,0,14,42,0.530860722,-1,-1,-1,1,0.36162129,1.73740974,1.73740974,0,0,0,0,0
35.6,2.35112888,-0.616431691,-98.0728245,0.079940174,-0.000897390663,FollowWall,following_right_wall,0,14,42,0.529335856,-1,-1,-1,1,0.36044842,1.73344646,1.73344646,0,0,0,0,0
35.65,2.35056803,-0.6203842,-98.0796122,0.079940174,-0.000897390663,FollowWall,following_right_wall,0,14,42,0.529335856,-1,-1,-1,1,0.36044842,1.72948414,1.72948414,0,0,0,0,0
35.7,2.35000648,-0.624338675,-98.0846429,0.0798818143,0.00177278583,FollowWall,following_right_wall,0,14,42,0.527872324,-1,-1,-1,1,0.359085441,1.7255224,1.7255224,0,0,0,0,0
35.75,2.34944473,-0.628293098,-98.0854613,0.0798818143,0.00177278583,FollowWall,following_right_wall,0,14,42,0.527872324,-1,-1,-1,1,0.359085441,1.72156679,1.72156679,0,0,0,0,0
35.8,2.34888302,-0.632247512,-98.0838226,0.0797134151,0.00429877333,FollowWall,following_right_wall,0,14,42,0.526500881,-1,-1,-1,1,0.357769072,1.71761475,1.71761475,0,0,0,0,0
35.85,2.34832206,-0.636198483,-98.0777354,0.0797134151,0.00429877333,FollowWall,following_right_wall,0,14,42,0.526500881,-1,-1,-1,1,0.357769072,1.71367257,1.71367257,0,0,0,0,0
35.9,2.34776191,-0.640147494,-98.0690533,0.0795845173,0.00623224117,FollowWall,following_right_wall,0,14,42,0.525234342,-1,-1,-1,1,0.356935501,1.7097361,1.7097361,0,0,0,0,0
35.95,2.34720303,-0.644092766,-98.0565495,0.0795845173,0.00623224117,FollowWall,following_right_wall,0,14,42,0.525234342,-1,-1,-1,1,0.356935501,1.7058089,1.7058089,0,0,0,0,0
36,2.3466454,-0.648035929,-98.0418165,0.0795343764,0.00698435439,FollowWall,following_right_wall,0,14,42,0.524059057,-1,-1,-1,1,0.356084973,1.70188703,1.70188703,0,0,0,0,0
36.05,2.34608919,-0.651976903,-98.0248852,0.0795343764,0.00698435439,FollowWall,following_right_wall,0,14,42,0.524059057,-1,-1,-1,1,0.356084973,1.69797053,1.69797053,0,0,0,0,0
36.1,2.34553438,-0.655916681,-98.0066717,0.0794275936,0.0085860957,FollowWall,following_right_wall,0,14,42,0.522932351,-1,-1,-1,1,0.355051905,1.69405708,1.69405708,0,0,0,0,0
36.15,2.34498134,-0.659853648,-97.9857983,0.0794275936,0.0085860957,FollowWall,following_right_wall,0,14,42,0.522932351,-1,-1,-1,1,0.355051905,1.6901503,1.6901503,0,0,0,0,0
36.2,2.34443004,-0.663789073,-97.9633732,0.0793694655,0.00945801765,FollowWall,following_right_wall,0,14,42,0.521856129,-1,-1,-1,1,0.354051173,1.6862473,1.6862473,0,0,0,0,0
36.25,2.34388064,-0.667722503,-97.9390022,0.0793694655,0.00945801765,FollowWall,following_right_wall,0,14,42,0.521856129,-1,-1,-1,1,0.354051173,1.68234913,1.68234913,0,0,0,0,0
36.3,2.34333315,-0.671654877,-97.9134962,0.0793544956,0.00968256605,FollowWall,following_right_wall,0,14,42,0.520815611,-1,-1,-1,1,0.35272029,1.67845367,1.67845367,0,0,0,0,0
36.35,2.34278758,-0.675586433,-97.8870599,0.0793544956,0.00968256605,FollowWall,following_right_wall,0,14,42,0.520815611,-1,-1,-1,1,0.35272029,1.67456037,1.67456037,0,0,0,0,0
36.4,2.34224393,-0.679517623,-97.860081,0.0793596888,0.00960466774,FollowWall,following_right_wall,0,14,42,0.519782424,-1,-1,-1,1,0.351224124,1.67066825,1.67066825,0,0,0,0,0
36.45,2.34170217,-0.683448814,-97.8328786,0.0793596888,0.00960466774,FollowWall,following_right_wall,0,14,42,0.519782424,-1,-1,-1,1,0.351224124,1.66677645,1.66677645,0,0,0,0,0
36.5,2.34116231,-0.687380113,-97.8055459,0.0794095076,0.00885738642,FollowWall,following_right_wall,0,14,42,0.518733561,-1,-1,-1,1,0.349860102,1.66288475,1.66288475,0,0,0,0,0
36.55,2.34062416,-0.691312608,-97.779029,0.0794095076,0.00885738642,FollowWall,following_right_wall,0,14,42,0.518733561,-1,-1,-1,1,0.349860102,1.65899068,1.65899068,0,0,0,0,0
36.6,2.34008775,-0.695245898,-97.7529881,0.0794442998,0.00833550261,FollowWall,following_right_wall,0,14,42,0.517639637,-1,-1,-1,1,0.348599374,1.65509513,1.65509513,0,0,0,0,0
36.65,2.33955295,-0.699180465,-97.7278478,0.0794442998,0.00833550261,FollowWall,following_right_wall,0,14,42,0.517639637,-1,-1,-1,1,0.348599374,1.65119702,1.65119702,0,0,0,0,0
36.7,2.33901977,-0.703115871,-97.7032329,0.0795070227,0.00739465985,FollowWall,following_right_wall,0,14,42,0.516492188,-1,-1,-1,1,0.34738782,1.64729731,1.64729731,1,0,0,0,0
36.75,2.33848802,-0.707053147,-97.6800474,0.0795070227,0.00739465985,FollowWall,following_right_wall,0,14,42,0.516492188,-1,-1,-1,1,0.34738782,1.64339366,1.64339366,1,0,0,0,0
36.8,2.3379577,-0.710991596,-97.6576959,0.0795481538,0.00677769322,FollowWall,following_right_wall,0,14,42,0.515277505,-1,-1,-1,1,0.346229285,1.63948765,1.63948765,1,0,0,0,0
36.85,2.33742868,-0.714931656,-97.6365672,0.0795481538,0.00677769322,FollowWall,following_right_wall,0,14,42,0.515277505,-1,-1,-1,1,0.346229285,1.63557825,1.63557825,1,0,0,0,0
36.9,2.33690098,-0.71887273,-97.6161518,0.07953623,0.00695655005,FollowWall,following_right_wall,0,14,42,0.513997257,-1,-1,-1,1,0.34504649,1.63166681,1.63166681,1,0,0,0,0
36.95,2.33637465,-0.722814224,-97.5959391,0.07953623,0.00695655005,FollowWall,following_right_wall,0,14,42,0.513997257,-1,-1,-1,1,0.34504649,1.62775466,1.62775466,1,0,0,0,0
37,2.33584969,-0.72675604,-97.5758446,0.0794981521,0.00752771907,FollowWall,following_right_wall,0,14,42,0.512677372,-1,-1,-1,1,0.344084233,1.62384203,1.62384203,1,0,0,0,0
37.05,2.33532622,-0.730697336,-97.5551372,0.0794981521,0.00752771907,FollowWall,following_right_wall,0,14,42,0.512677372,-1,-1,-1,1,0.344084233,1.61993081,1.61993081,1,0,0,0,0
37.1,2.33480425,-0.73463841,-97.5340724,0.0794639304,0.00804104466,FollowWall,following_right_wall,0,14,42,0.511344135,-1,-1,-1,1,0.343092263,1.61602034,1.61602034,1,0,0,0,0
37.15,2.33428388,-0.738578732,-97.5121863,0.0794639304,0.00804104466,FollowWall,following_right_wall,0,14,42,0.511344135,-1,-1,-1,1,0.343092263,1.61211182,1.61211182,1,0,0,0,0
37.2,2.3337651,-0.742518702,-97.4898211,0.0794349446,0.00847583105,FollowWall,following_right_wall,0,14,42,0.510008752,-1,-1,-1,1,0.342078686,1.60820436,1.60820436,1,0,0,0,0
37.25,2.33324801,-0.746457956,-97.4666574,0.0794349446,0.00847583105,FollowWall,following_right_wall,0,14,42,0.510008752,-1,-1,-1,1,0.342078686,1.60429878,1.60429878,1,0,0,0,0
37.3,2.3327326,-0.750396884,-97.443028,0.0794160751,0.00875887278,FollowWall,following_right_wall,0,14,42,0.508673966,-1,-1,-1,1,0.341259837,1.60039421,1.60039421,1,0,0,0,0
37.35,2.33221892,-0.754335324,-97.4187891,0.0794160751,0.00875887278,FollowWall,following_right_wall,0,14,42,0.508673966,-1,-1,-1,1,0.341259837,1.59649103,1.59649103,1,0,0,0,0
37.4,2.33170698,-0.758273572,-97.3941946,0.0794271274,0.00859308872,FollowWall,following_right_wall,0,14,42,0.507337511,-1,-1,-1,1,0.340396315,1.59258856,1.59258856,1,0,0,0,0
37.45,2.33119673,-0.762212028,-97.3695905,0.0794271274,0.00859308872,FollowWall,following_right_wall,0,14,42,0.507337511,-1,-1,-1,1,0.340396315,1.58868591,1.58868591,1,0,0,0,0
37.5,2.33068817,-0.766150697,-97.3449809,0.0794477337,0.00828399459,FollowWall,following_right_wall,0,14,42,0.505986452,-1,-1,-1,1,0.339647532,1.58478307,1.58478307,1,0,0,0,0
37.55,2.33018124,-0.770090005,-97.320737,0.0794477337,0.00828399459,FollowWall,following_right_wall,0,14,42,0.505986452,-1,-1,-1,1,0.339647532,1.58087906,1.58087906,1,0,0,0,0
37.6,2.32967593,-0.774029771,-97.2967064,0.079475649,0.00786526447,FollowWall,following_right_wall,0,14,42,0.504610837,-1,-1,-1,1,0.338913739,1.57697429,1.57697429,1,0,0,0,0
37.65,2.32917217,-0.777970467,-97.2733001,0.079475649,0.00786526447,FollowWall,following_right_wall,0,14,42,0.504610837,-1,-1,-1,1,0.338913739,1.57306769,1.57306769,1,0,0,0,0
37.7,2.32866995,-0.781911788,-97.250258,0.0794857045,0.00771443248,FollowWall,following_right_wall,0,14,42,0.503204823,-1,-1,-1,1,0.337759793,1.56915994,1.56915994,1,0,0,0,0
37.75,2.32816924,-0.785853761,-97.2276083,0.0794857045,0.00771443248,FollowWall,following_right_wall,0,14,42,0.503204823,-1,-1,-1,1,0.337759793,1.56525098,1.56525098,1,0,0,0,0
37.8,2.32767005,-0.789796195,-97.2051876,0.0794311323,0.00853301563,FollowWall,following_right_wall,0,14,42,0.501775026,-1,-1,-1,1,0.336502165,1.56134123,1.56134123,1,0,0,0,0
37.85,2.32717255,-0.793737854,-97.1819233,0.0794311323,0.00853301563,FollowWall,following_right_wall,0,14,42,0.501775026,-1,-1,-1,1,0.336502165,1.55743349,1.55743349,1,0,0,0,0
37.9,2.32667674,-0.797679149,-97.1581669,0.0793815883,0.00927617624,FollowWall,following_right_wall,0,14,42,0.500355363,-1,-1,-1,1,0.335188389,1.55352684,1.55352684,1,0,0,0,0
37.95,2.32618278,-0.801619298,-97.1332364,0.0793815883,0.00927617624,FollowWall,following_right_wall,0,14,42,0.500355363,-1,-1,-1,1,0.335188389,1.54962306,1.54962306,1,0,0,0,0
38,2.32569065,-0.805558874,-97.107621,0.0793778084,0.00933287424,FollowWall,following_right_wall,0,14,42,0.498964131,-1,-1,-1,1,0.333962798,1.54572086,1.54572086,1,0,0,0,0
38.05,2.32520037,-0.809498133,-97.0815384,0.0793778084,0.00933287424,FollowWall,following_right_wall,0,14,42,0.498964131,-1,-1,-1,1,0.333962798,1.54181967,1.54181967,1,0,0,0,0
38.1,2.32471193,-0.8134373,-97.0551832,0.0793392679,0.00991098136,FollowWall,following_right_wall,0,14,42,0.497590035,-1,-1,-1,1,0.332823098,1.53791898,1.53791898,1,0,0,0,0
38.15,2.32422545,-0.817375715,-97.027979,0.0793392679,0.00991098136,FollowWall,following_right_wall,0,14,42,0.497590035,-1,-1,-1,1,0.332823098,1.53402029,1.53402029,1,0,0,0,0
38.2,2.32374093,-0.821313791,-97.0002795,0.0793307233,0.0100391499,FollowWall,following_right_wall,0,14,42,0.496242076,-1,-1,-1,1,0.331656337,1.53012268,1.53012268,1,0,0,0,0
38.25,2.32325839,-0.825251592,-96.9721381,0.0793307233,0.0100391499,FollowWall,following_right_wall,0,14,42,0.496242076,-1,-1,-1,1,0.331656337,1.52622599,1.52622599,1,0,0,0,0
38.3,2.32277783,-0.829189333,-96.943739,0.0793218834,0.0101717493,FollowWall,following_right_wall,0,14,42,0.49491635,-1,-1,-1,1,0.330628276,1.52232976,1.52232976,1,0,0,0,0
38.35,2.32229928,-0.833126956,-96.9150312,0.0793218834,0.0101717493,FollowWall,following_right_wall,0,14,42,0.49491635,-1,-1,-1,1,0.330628276,1.51843411,1.51843411,1,0,0,0,0
38.4,2.32182273,-0.837064611,-96.8861433,0.0793119162,0.0103212575,FollowWall,following_right_wall,0,14,42,0.493611097,-1,-1,-1,1,0.329659849,1.5145387,1.5145387,1,0,0,0,0
38.45,2.32134821,-0.84100218,-96.856972,0.0793119162,0.0103212575,FollowWall,following_right_wall,0,14,42,0.493611097,-1,-1,-1,1,0.329659849,1.5106438,1.5106438,1,0,0,0,0
38.5,2.32087573,-0.8449398,-96.8276353,0.0792009252,0.0119861226,FollowWall,following_right_wall,0,14,42,0.492328554,-1,-1,-1,1,0.328664064,1.50674911,1.50674911,1,0,0,0,0
38.55,2.32040562,-0.848875262,-96.7962148,0.0792009252,0.0119861226,FollowWall,following_right_wall,0,14,42,0.492328554,-1,-1,-1,1,0.328664064,1.50285964,1.50285964,1,0,0,0,0
38.6,2.31993788,-0.852809582,-96.7635788,0.0791606363,0.0125904555,FollowWall,following_right_wall,0,14,42,0.4911156,-1,-1,-1,1,0.327767611,1.4989731,1.4989731,1,0,0,0,0
38.65,2.31947263,-0.85674252,-96.7295124,0.0791606363,0.0125904555,FollowWall,following_right_wall,0,14,42,0.4911156,-1,-1,-1,1,0.327767611,1.49509006,1.49509006,1,0,0,0,0
38.7,2.31900986,-0.860674774,-96.6946116,0.0790662387,0.01400642,FollowWall,following_right_wall,0,14,42,0.489970773,-1,-1,-1,1,0.326969534,1.49120894,1.49120894,1,0,0,0,0
38.75,2.31854985,-0.864604802,-96.6575339,0.0790662387,0.01400642,FollowWall,following_right_wall,0,14,42,0.489970773,-1,-1,-1,1,0.326969534,1.48733326,1.48733326,1,0,0,0,0
38.8,2.3180926,-0.868533664,-96.6191862,0.0790526978,0.0142095332,FollowWall,following_right_wall,0,14,42,0.488912761,-1,-1,-1,1,0.326063871,1.48346062,1.48346062,1,0,0,0,0
38.85,2.31763814,-0.872461698,-96.5798554,0.0790526978,0.0142095332,FollowWall,following_right_wall,0,14,42,0.488912761,-1,-1,-1,1,0.326063871,1.47959028,1.47959028,1,0,0,0,0
38.9,2.31718648,-0.876389383,-96.5399511,0.0790455747,0.0143163789,FollowWall,following_right_wall,0,14,42,0.487921268,-1,-1,-1,1,0.325303644,1.47572115,1.47572115,1,0,0,0,0
38.95,2.31673763,-0.880316849,-96.4995846,0.0790455747,0.0143163789,FollowWall,following_right_wall,0,14,42,0.487921268,-1,-1,-1,1,0.325303644,1.47185294,1.47185294,1,0,0,0,0
39,2.31629159,-0.88424432,-96.4589486,0.0790064809,0.0149027858,FollowWall,following_right_wall,0,14,42,0.486980766,-1,-1,-1,1,0.324436218,1.46798515,1.46798515,1,0,0,0,0
39.05,2.31584848,-0.888171119,-96.4174553,0.0790064809,0.0149027858,FollowWall,following_right_wall,0,14,42,0.486980766,-1,-1,-1,1,0.324436218,1.46411931,1.46411931,1,0,0,0,0
39.1,2.31540829,-0.892097661,-96.3754621,0.0789000783,0.0164988253,FollowWall,following_right_wall,0,14,42,0.486101091,-1,-1,-1,1,0.323587209,1.46025449,1.46025449,1,0,0,0,0
39.15,2.31497134,-0.896021992,-96.331272,0.0789000783,0.0164988253,FollowWall,following_right_wall,0,14,42,0.486101091,-1,-1,-1,1,0.323587209,1.45639514,1.45639514,1,0,0,0,0
39.2,2.31453762,-0.899945182,-96.2858004,0.0787939171,0.018091243,FollowWall,following_right_wall,0,14,42,0.485320061,-1,-1,-1,1,0.322772354,1.45253884,1.45253884,1,0,0,0,0
39.25,2.31410745,-0.903865662,-96.2376805,0.0787939171,0.018091243,FollowWall,following_right_wall,0,14,42,0.485320061,-1,-1,-1,1,0.322772354,1.44868918,1.44868918,1,0,0,0,0
39.3,2.31368081,-0.907784721,-96.1880157,0.0786979514,0.0195307284,FollowWall,following_right_wall,0,14,42,0.48465988,-1,-1,-1,1,0.321629614,1.44484325,1.44484325,1,0,0,0,0
39.35,2.31325799,-0.911701128,-96.1357315,0.0786979514,0.0195307284,FollowWall,following_right_wall,0,14,42,0.48465988,-1,-1,-1,1,0.321629614,1.44100387,1.44100387,1,0,0,0,0
39.4,2.31283899,-0.915616156,-96.0819192,0.0786139668,0.0207904977,FollowWall,following_right_wall,0,14,42,0.484126568,-1,-1,-1,1,0.320324123,1.43716815,1.43716815,1,0,0,0,0
39.45,2.31242403,-0.919528814,-96.025712,0.0786139668,0.0207904977,FollowWall,following_right_wall,0,14,42,0.484126568,-1,-1,-1,1,0.320324123,1.43333839,1.43333839,1,0,0,0,0
39.5,2.31201314,-0.923440265,-95.9681075,0.0785426096,0.0218608564,FollowWall,following_right_wall,0,14,42,0.483718514,-1,-1,-1,1,0.319393307,1.42951193,1.42951193,1,0,0,0,0
39.55,2.3116065,-0.927349713,-95.9084105,0.0785426096,0.0218608564,FollowWall,following_right_wall,0,14,42,0.483718514,-1,-1,-1,1,0.319393307,1.42569062,1.42569062,1,0,0,0,0
39.6,2.31120412,-0.931258174,-95.8474927,0.0785672127,0.0214918091,FollowWall,following_right_wall,0,14,42,0.483430862,-1,-1,-1,1,0.318333775,1.42187215,1.42187215,1,0,0,0,0
39.65,2.31080593,-0.935166747,-95.7863034,0.0785672127,0.0214918091,FollowWall,following_right_wall,0,14,42,0.483430862,-1,-1,-1,1,0.318333775,1.41805403,1.41805403,1,0,0,0,0
39.7,2.31041195,-0.93907556,-95.7249557,0.0786225766,0.0206613514,FollowWall,following_right_wall,0,14,42,0.483220398,-1,-1,-1,1,0.317312926,1.41423595,1.41423595,1,0,0,0,0
39.75,2.31002201,-0.94298583,-95.6645069,0.0786225766,0.0206613514,FollowWall,following_right_wall,0,14,42,0.483220398,-1,-1,-1,1,0.317312926,1.41041513,1.41041513,1,0,0,0,0
39.8,2.30963613,-0.946897116,-95.6045824,0.0786859895,0.0197101572,FollowWall,following_right_wall,0,14,42,0.483049601,-1,-1,-1,1,0.316600114,1.40659258,1.40659258,1,0,0,0,0
39.85,2.30925412,-0.950810466,-95.5460991,0.0786859895,0.0197101572,FollowWall,following_right_wall,0,14,42,0.483049601,-1,-1,-1,1,0.316600114,1.40276587,1.40276587,1,0,0,0,0
39.9,2.30887599,-0.954725176,-95.4884567,0.0787473033,0.0187904511,FollowWall,following_right_wall,0,14,42,0.482898474,-1,-1,-1,1,0.315769076,1.39893661,1.39893661,1,0,0,0,0
39.95,2.30850156,-0.958642099,-95.4324024,0.0787473033,0.0187904511,FollowWall,following_right_wall,0,14,42,0.482898474,-1,-1,-1,1,0.315769076,1.39510283,1.39510283,1,0,0,0,0
40,2.30813083,-0.962560456,-95.3772747,0.0787176588,0.0192351183,FollowWall,following_right_wall,0,14,42,0.482759446,-1,-1,-1,1,0.314842045,1.39126628,1.39126628,1,0,0,0,0
40.05,2.30776387,-0.966479179,-95.3221566,0.0787176588,0.0192351183,FollowWall,following_right_wall,0,14,42,0.482759446,-1,-1,-1,1,0.314842045,1.38742939,1.38742939,1,0,0,0,0
40.1,2.30740068,-0.97039826,-95.2670441,0.0787099537,0.0193506943,FollowWall,following_right_wall,0,14,42,0.482669741,-1,-1,-1,1,0.314027876,1.38359218,1.38359218,1,0,0,0,0
40.15,2.30704128,-0.974317533,-95.211797,0.0787099537,0.0193506943,FollowWall,following_right_wall,0,14,42,0.482669741,-1,-1,-1,1,0.314027876,1.37975502,1.37975502,1,0,0,0,0
40.2,2.30668567,-0.97823706,-95.1564714,0.0787925236,0.0181121455,FollowWall,following_right_wall,0,14,42,0.482641459,-1,-1,-1,1,0.313690037,1.37591777,1.37591777,1,0,0,0,0
40.25,2.30633365,-0.982158584,-95.1025783,0.0787925236,0.0181121455,FollowWall,following_right_wall,0,14,42,0.482641459,-1,-1,-1,1,0.313690037,1.37207643,1.37207643,1,0,0,0,0
40.3,2.3059852,-0.986081403,-95.0495208,0.0788798094,0.0168028586,FollowWall,following_right_wall,0,14,42,0.482635915,-1,-1,-1,1,0.313129723,1.36823259,1.36823259,1,0,0,0,0
40.35,2.3056401,-0.990006914,-94.9985138,0.0788798094,0.0168028586,FollowWall,following_right_wall,0,14,42,0.482635915,-1,-1,-1,1,0.313129723,1.36438304,1.36438304,1,0,0,0,0
40.4,2.30529834,-0.993934114,-94.9487027,0.0788943758,0.0165843628,FollowWall,following_right_wall,0,14,42,0.482626826,-1,-1,-1,1,0.31238097,1.36053006,1.36053006,1,0,0,0,0
40.45,2.30495986,-0.997862717,-94.8998501,0.0788943758,0.0165843628,FollowWall,following_right_wall,0,14,42,0.482626826,-1,-1,-1,1,0.31238097,1.35667428,1.35667428,1,0,0,0,0
40.5,2.30462466,-1.00179225,-94.8515566,0.0788535771,0.0171963442,FollowWall,following_right_wall,0,14,42,0.482635409,-1,-1,-1,1,0.311433882,1.35281676,1.35281676,1,0,0,0,0
40.55,2.30429283,-1.0057216,-94.8028588,0.0788535771,0.0171963442,FollowWall,following_right_wall,0,14,42,0.482635409,-1,-1,-1,1,0.311433882,1.34896007,1.34896007,1,0,0,0,0
40.6,2.30396436,-1.00965096,-94.7539251,0.0788229727,0.0176554098,FollowWall,following_right_wall,0,14,42,0.482700109,-1,-1,-1,1,0.31077075,1.34510376,1.34510376,1,0,0,0,0
40.65,2.30363934,-1.01357981,-94.7043059,0.0788229727,0.0176554098,FollowWall,following_right_wall,0,14,42,0.482700109,-1,-1,-1,1,0.31077075,1.34124901,1.34124901,1,0,0,0,0
40.7,2.30331778,-1.01750847,-94.6542867,0.0788737969,0.0168930466,FollowWall,following_right_wall,0,14,42,0.482834518,-1,-1,-1,1,0.310035855,1.33739508,1.33739508,1,0,0,0,0
40.75,2.30299955,-1.02143819,-94.6049443,0.0788737969,0.0168930466,FollowWall,following_right_wall,0,14,42,0.482834518,-1,-1,-1,1,0.310035855,1.33353911,1.33353911,1,0,0,0,0
40.8,2.30268466,-1.02536865,-94.5559966,0.0789799832,0.0153002523,FollowWall,following_right_wall,0,14,42,0.483004659,-1,-1,-1,1,0.30895406,1.32968186,1.32968186,1,0,0,0,0
40.85,2.30237287,-1.02930183,-94.5091805,0.0789799832,0.0153002523,FollowWall,following_right_wall,0,14,42,0.483004659,-1,-1,-1,1,0.30895406,1.32581871,1.32581871,1,0,0,0,0
40.9,2.30206412,-1.03323671,-94.4636078,0.0790958131,0.0135628037,FollowWall,following_right_wall,0,14,42,0.483163327,-1,-1,-1,1,0.308080882,1.32195204,1.32195204,1,0,0,0,0
40.95,2.30175816,-1.03717508,-94.4208343,0.0790958131,0.0135628037,FollowWall,following_right_wall,0,14,42,0.483163327,-1,-1,-1,1,0.308080882,1.31807772,1.31807772,1,0,0,0,0
41,2.30145494,-1.04111556,-94.3796936,0.0792844163,0.0107337548,FollowWall,following_right_wall,0,14,42,0.483281314,-1,-1,-1,1,0.307494432,1.31419886,1.31419886,1,0,0,0,0
41.05,2.30115402,-1.04506127,-94.3428825,0.0792844163,0.0107337548,FollowWall,following_right_wall,0,14,42,0.483281314,-1,-1,-1,1,0.307494432,1.31030831,1.31030831,1,0,0,0,0
41.1,2.30085532,-1.04901009,-94.3085968,0.0794581326,0.0081280117,FollowWall,following_right_wall,0,14,42,0.483311057,-1,-1,-1,1,0.306709647,1.30641088,1.30641088,1,0,0,0,0
41.15,2.30055843,-1.05296441,-94.2788947,0.0794581326,0.0081280117,FollowWall,following_right_wall,0,14,42,0.483311057,-1,-1,-1,1,0.306709647,1.3025011,1.3025011,1,0,0,0,0
41.2,2.30026326,-1.05692196,-94.2518664,0.0795003366,0.00749495172,FollowWall,following_right_wall,0,14,42,0.483231306,-1,-1,-1,1,0.305960089,1.29858407,1.29858407,1,0,0,0,0
41.25,2.29996968,-1.06088234,-94.2271535,0.0795003366,0.00749495172,FollowWall,following_right_wall,0,14,42,0.483231306,-1,-1,-1,1,0.305960089,1.29466077,1.29466077,1,0,0,0,0
41.3,2.29967765,-1.06484441,-94.2037912,0.0795098598,0.00735210247,FollowWall,following_right_wall,0,14,42,0.483092487,-1,-1,-1,1,0.305636823,1.29073375,1.29073375,1,0,0,0,0
41.35,2.29938712,-1.06880771,-94.1813872,0.0795098598,0.00735210247,FollowWall,following_right_wall,0,14,42,0.483092487,-1,-1,-1,1,0.305636823,1.28680407,1.28680407,1,0,0,0,0
41.4,2.29909807,-1.07277177,-94.1595423,0.0795594802,0.00660779742,FollowWall,following_right_wall,0,14,42,0.482937694,-1,-1,-1,1,0.304978997,1.2828728,1.2828728,1,0,0,0,0
41.45,2.29881039,-1.07673734,-94.138912,0.0795594802,0.00660779742,FollowWall,following_right_wall,0,14,42,0.482937694,-1,-1,-1,1,0.304978997,1.2789382,1.2789382,1,0,0,0,0
41.5,2.29852406,-1.08070384,-94.1189901,0.0795548321,0.00667751794,FollowWall,following_right_wall,0,14,42,0.482764542,-1,-1,-1,1,0.304427028,1.27500162,1.27500162,1,0,0,0,0
41.55,2.29823906,-1.08467082,-94.0993984,0.0795548321,0.00667751794,FollowWall,following_right_wall,0,14,42,0.482764542,-1,-1,-1,1,0.304427028,1.27106406,1.27106406,1,0,0,0,0
41.6,2.2979554,-1.08863812,-94.0799991,0.0796530189,0.00520471692,FollowWall,following_right_wall,0,14,42,0.482590377,-1,-1,-1,1,0.304006577,1.2671259,1.2671259,1,0,0,0,0
41.65,2.29767286,-1.09260768,-94.0624702,0.0796530189,0.00520471692,FollowWall,following_right_wall,0,14,42,0.482590377,-1,-1,-1,1,0.304006577,1.26318267,1.26318267,1,0,0,0,0
41.7,2.29739141,-1.09657859,-94.0460324,0.079767802,0.00348297013,FollowWall,following_right_wall,0,14,42,0.482377648,-1,-1,-1,1,0.303664356,1.25923646,1.25923646,1,0,0,0,0
41.75,2.29711078,-1.1005527,-94.0322861,0.079767802,0.00348297013,FollowWall,following_right_wall,0,14,42,0.482377648,-1,-1,-1,1,0.303664356,1.25528301,1.25528301,1,0,0,0,0
41.8,2.29683092,-1.1045287,-94.02011,0.0798676613,0.00198508056,FollowWall,following_right_wall,0,14,42,0.482092321,-1,-1,-1,1,0.30300045,1.25132531,1.25132531,1,0,0,0,0
41.85,2.2965516,-1.10850789,-94.0106378,0.0798676613,0.00198508056,FollowWall,following_right_wall,0,14,42,0.482092321,-1,-1,-1,1,0.30300045,1.24736036,1.24736036,1,0,0,0,0
41.9,2.29627275,-1.11248895,-94.0027428,0.0799509294,0.000736059128,FollowWall,following_right_wall,0,14,42,0.48172465,-1,-1,-1,1,0.302484691,1.24339117,1.24339117,1,0,0,0,0
41.95,2.29599417,-1.11647284,-93.9972587,0.0799509294,0.000736059128,FollowWall,following_right_wall,0,14,42,0.48172465,-1,-1,-1,1,0.302484691,1.23941552,1.23941552,1,0,0,0,0
42,2.29571581,-1.12045838,-93.9931811,0.0799118532,0.00132220148,FollowWall,following_right_wall,0,14,42,0.481277376,-1,-1,-1,1,0.302072555,1.23543611,1.23543611,1,0,0,0,0
42.05,2.29543771,-1.12444409,-93.9892242,0.0799118532,0.00132220148,FollowWall,following_right_wall,0,14,42,0.481277376,-1,-1,-1,1,0.302072555,1.23145635,1.23145635,1,0,0,0,0
42.1,2.29515989,-1.1284299,-93.9853378,0.0798421052,0.00236842135,FollowWall,following_right_wall,0,14,42,0.480806053,-1,-1,-1,1,0.301425874,1.22747639,1.22747639,1,0,0,0,0
42.15,2.29488247,-1.13241432,-93.9802436,0.0798421052,0.00236842135,FollowWall,following_right_wall,0,14,42,0.480806053,-1,-1,-1,1,0.301425874,1.22349962,1.22349962,1,0,0,0,0
42.2,2.29460549,-1.13639796,-93.9744449,0.0797828949,0.00325657606,FollowWall,following_right_wall,0,14,42,0.480354428,-1,-1,-1,1,0.300812244,1.2195247,1.2195247,1,0,0,0,0
42.25,2.29432908,-1.14037992,-93.9671751,0.0797828949,0.00325657606,FollowWall,following_right_wall,0,14,42,0.480354428,-1,-1,-1,1,0.300812244,1.21555368,1.21555368,1,0,0,0,0
42.3,2.29405328,-1.14436092,-93.9590471,0.0798028649,0.00295702637,FollowWall,following_right_wall,0,14,42,0.479934603,-1,-1,-1,1,0.300059468,1.2115849,1.2115849,1,0,0,0,0
42.35,2.29377806,-1.14834179,-93.9507761,0.0798028649,0.00295702637,FollowWall,following_right_wall,0,14,42,0.479934603,-1,-1,-1,1,0.300059468,1.20761646,1.20761646,1,0,0,0,0
42.4,2.29350342,-1.15232261,-93.9424216,0.0797140316,0.00428952567,FollowWall,following_right_wall,0,14,42,0.479512632,-1,-1,-1,1,0.299500406,1.20364821,1.20364821,1,0,0,0,0
42.45,2.29322955,-1.15630157,-93.932428,0.0797140316,0.00428952567,FollowWall,following_right_wall,0,14,42,0.479512632,-1,-1,-1,1,0.299500406,1.19968429,1.19968429,1,0,0,0,0
42.5,2.29295649,-1.16027946,-93.9214781,0.0796250902,0.00562364681,FollowWall,following_right_wall,0,14,42,0.479116499,-1,-1,-1,1,0.298603028,1.19572286,1.19572286,1,0,0,0,0
42.55,2.29268443,-1.16425492,-93.9083779,0.0796250902,0.00562364681,FollowWall,following_right_wall,0,14,42,0.479116499,-1,-1,-1,1,0.298603028,1.19176711,1.19176711,1,0,0,0,0
42.6,2.29241342,-1.16822899,-93.8940234,0.0795395088,0.00690736755,FollowWall,following_right_wall,0,14,42,0.478766352,-1,-1,-1,1,0.2978881,1.18781464,1.18781464,1,0,0,0,0
42.65,2.29214366,-1.1722005,-93.8774049,0.0795395088,0.00690736755,FollowWall,following_right_wall,0,14,42,0.478766352,-1,-1,-1,1,0.2978881,1.18386813,1.18386813,1,0,0,0,0
42.7,2.29187521,-1.17617056,-93.8594657,0.0795471177,0.00679323426,FollowWall,following_right_wall,0,14,42,0.478467256,-1,-1,-1,1,0.297077388,1.17992507,1.17992507,1,0,0,0,0
42.75,2.29160807,-1.18013997,-93.8408923,0.0795471177,0.00679323426,FollowWall,following_right_wall,0,14,42,0.478467256,-1,-1,-1,1,0.297077388,1.17598362,1.17598362,1,0,0,0,0
42.8,2.29134226,-1.18410904,-93.8219491,0.0796060516,0.0059092262,FollowWall,following_right_wall,0,14,42,0.478178293,-1,-1,-1,1,0.296684206,1.17204307,1.17204307,1,0,0,0,0
42.85,2.29107766,-1.18807917,-93.8038452,0.0796060516,0.0059092262,FollowWall,following_right_wall,0,14,42,0.478178293,-1,-1,-1,1,0.296684206,1.16810021,1.16810021,1,0,0,0,0
42.9,2.29081427,-1.19204995,-93.786231,0.0796922712,0.00461593208,FollowWall,following_right_wall,0,14,42,0.47785157,-1,-1,-1,1,0.296139359,1.16415596,1.16415596,1,0,0,0,0
42.95,2.29055189,-1.19602293,-93.7704462,0.0796922712,0.00461593208,FollowWall,following_right_wall,0,14,42,0.47785157,-1,-1,-1,1,0.296139359,1.16020675,1.16020675,1,0,0,0,0
43,2.29029049,-1.19999722,-93.7557285,0.0797582089,0.00362686613,FollowWall,following_right_wall,0,14,42,0.477451503,-1,-1,-1,1,0.295921087,1.15625464,1.15625464,1,0,0,0,0
43.05,2.29002991,-1.20397366,-93.7428139,0.0797582089,0.00362686613,FollowWall,following_right_wall,0,14,42,0.477451503,-1,-1,-1,1,0.295921087,1.15229765,1.15229765,1,0,0,0,0
43.1,2.28977012,-1.20795138,-93.7309512,0.0798235785,0.00264632225,FollowWall,following_right_wall,0,14,42,0.476970673,-1,-1,-1,1,0.295475751,1.1483378,1.1483378,1,0,0,0,0
43.15,2.28951094,-1.21193122,-93.7208724,0.0798235785,0.00264632225,FollowWall,following_right_wall,0,14,42,0.476970673,-1,-1,-1,1,0.295475751,1.14437315,1.14437315,1,0,0,0,0
43.2,2.28925236,-1.21591232,-93.7118343,0.0797969072,0.00304639132,FollowWall,following_right_wall,0,14,42,0.476407379,-1,-1,-1,1,0.294938415,1.14040568,1.14040568,1,0,0,0,0
43.25,2.28899438,-1.2198936,-93.7029258,0.0797969072,0.00304639132,FollowWall,following_right_wall,0,14,42,0.476407379,-1,-1,-1,1,0.294938415,1.13643782,1.13643782,1,0,0,0,0
43.3,2.28873702,-1.22387502,-93.6940927,0.0797282633,0.00407605124,FollowWall,following_right_wall,0,14,42,0.475801796,-1,-1,-1,1,0.294779301,1.13246972,1.13246972,1,0,0,0,0
43.35,2.2884804,-1.2278551,-93.6840747,0.0797282633,0.00407605124,FollowWall,following_right_wall,0,14,42,0.475801796,-1,-1,-1,1,0.294779301,1.12850474,1.12850474,1,0,0,0,0
43.4,2.28822455,-1.23183442,-93.6733654,0.079771691,0.00342463514,FollowWall,following_right_wall,0,14,42,0.475196093,-1,-1,-1,1,0.294527888,1.12454156,1.12454156,1,0,0,0,0
43.45,2.28796941,-1.23581422,-93.6630305,0.079771691,0.00342463514,FollowWall,following_right_wall,0,14,42,0.475196093,-1,-1,-1,1,0.294527888,1.12057734,1.12057734,1,0,0,0,0
43.5,2.28771496,-1.23979433,-93.6529139,0.0797734444,0.00339833389,FollowWall,following_right_wall,0,14,42,0.474558741,-1,-1,-1,1,0.293795407,1.11661249,1.11661249,1,0,0,0,0
43.55,2.2874612,-1.24377466,-93.6429561,0.0797734444,0.00339833389,FollowWall,following_right_wall,0,14,42,0.474558741,-1,-1,-1,1,0.293795407,1.11264718,1.11264718,1,0,0,0,0
43.6,2.28720811,-1.24775514,-93.6330909,0.079726037,0.00410944488,FollowWall,following_right_wall,0,14,42,0.473886222,-1,-1,-1,1,0.29337424,1.10868157,1.10868157,1,0,0,0,0
43.65,2.2869558,-1.25173475,-93.622431,0.079726037,0.00410944488,FollowWall,following_right_wall,0,14,42,0.473886222,-1,-1,-1,1,0.29337424,1.10471804,1.10471804,1,0,0,0,0
43.7,2.28670428,-1.25571387,-93.6113074,0.0796888751,0.00466687387,FollowWall,following_right_wall,0,14,42,0.473204225,-1,-1,-1,1,0.292846113,1.1007557,1.1007557,1,0,0,0,0
43.75,2.28645363,-1.25969195,-93.5992479,0.0796888751,0.00466687387,FollowWall,following_right_wall,0,14,42,0.473204225,-1,-1,-1,1,0.292846113,1.09679582,1.09679582,1,0,0,0,0
43.8,2.28620388,-1.26366944,-93.5866426,0.0797599263,0.0036011051,FollowWall,following_right_wall,0,14,42,0.472522885,-1,-1,-1,1,0.292212784,1.09283734,1.09283734,1,0,0,0,0
43.85,2.2859549,-1.2676481,-93.574991,0.0797599263,0.0036011051,FollowWall,following_right_wall,0,14,42,0.472522885,-1,-1,-1,1,0.292212784,1.08887626,1.08887626,1,0,0,0,0
43.9,2.28570667,-1.27162746,-93.5638957,0.079863441,0.00204838519,FollowWall,following_right_wall,0,14,42,0.471796602,-1,-1,-1,1,0.291550636,1.08491364,1.08491364,1,0,0,0,0
43.95,2.28545898,-1.27560939,-93.5549783,0.079863441,0.00204838519,FollowWall,following_right_wall,0,14,42,0.471796602,-1,-1,-1,1,0.291550636,1.08094517,1.08094517,1,0,0,0,0
44,2.28521177,-1.27959283,-93.5473315,0.0799661708,0.000507438238,FollowWall,following_right_wall,0,14,42,0.470984101,-1,-1,-1,1,0.290689796,1.07697328,1.07697328,1,0,0,0,0
44.05,2.28496482,-1.28357929,-93.5422651,0.0799661708,0.000507438238,FollowWall,following_right_wall,0,14,42,0.470984101,-1,-1,-1,1,0.290689796,1.07299446,1.07299446,1,0,0,0,0
44.1,2.28471806,-1.28756752,-93.538704,0.0799352712,-0.000970931614,FollowWall,following_right_wall,0,14,42,0.470068216,-1,-1,-1,1,0.290158361,1.06901161,1.06901161,1,0,0,0,0
44.15,2.28447144,-1.29155614,-93.5377857,0.0799352712,-0.000970931614,FollowWall,following_right_wall,0,14,42,0.470068216,-1,-1,-1,1,0.290158361,1.06502437,1.06502437,1,0,0,0,0
44.2,2.28422481,-1.29554498,-93.538409,0.0798492182,-0.00226172751,FollowWall,following_right_wall,0,14,42,0.469045937,-1,-1,-1,1,0.289684951,1.0610346,1.0610346,1,0,0,0,0
44.25,2.28397815,-1.29953214,-93.5414723,0.0798492182,-0.00226172751,FollowWall,following_right_wall,0,14,42,0.469045937,-1,-1,-1,1,0.289684951,1.0570428,1.0570428,1,0,0,0,0
44.3,2.28373129,-1.30351833,-93.5459589,0.0799029148,-0.00145627765,FollowWall,following_right_wall,0,14,42,0.467923313,-1,-1,-1,1,0.289218009,1.05304985,1.05304985,1,0,0,0,0
44.35,2.28348409,-1.30750504,-93.5503145,0.0799029148,-0.00145627765,FollowWall,following_right_wall,0,14,42,0.467923313,-1,-1,-1,1,0.289218009,1.04905656,1.04905656,1,0,0,0,0
44.4,2.28323657,-1.31149206,-93.5545935,0.0799577518,-0.000633722357,FollowWall,following_right_wall,0,14,42,0.466765374,-1,-1,-1,1,0.288546085,1.04506308,1.04506308,1,0,0,0,0
44.45,2.28298871,-1.31548039,-93.557846,0.0799577518,-0.000633722357,FollowWall,following_right_wall,0,14,42,0.466765374,-1,-1,-1,1,0.288546085,1.04106984,1.04106984,1,0,0,0,0
44.5,2.28274059,-1.31946948,-93.5604998,0.0799838531,0.000242203879,FollowWall,following_right_wall,0,14,42,0.465610296,-1,-1,-1,1,0.288297743,1.03707675,1.03707675,1,0,0,0,0
44.55,2.28249227,-1.32345956,-93.5617587,0.0799838531,0.000242203879,FollowWall,following_right_wall,0,14,42,0.465610296,-1,-1,-1,1,0.288297743,1.03308477,1.03308477,1,0,0,0,0
44.6,2.28224386,-1.32745022,-93.562204,0.0798590008,0.00211498846,FollowWall,following_right_wall,0,14,42,0.464475095,-1,-1,-1,1,0.287588269,1.02909344,1.02909344,1,0,0,0,0
44.65,2.28199565,-1.33143862,-93.5599391,0.0798590008,0.00211498846,FollowWall,following_right_wall,0,14,42,0.464475095,-1,-1,-1,1,0.287588269,1.02510846,1.02510846,1,0,0,0,0
44.7,2.28174774,-1.33542572,-93.5560934,0.0798526687,0.00220996933,FollowWall,following_right_wall,0,14,42,0.463398904,-1,-1,-1,1,0.287055731,1.02112716,1.02112716,1,0,0,0,0
44.75,2.28150018,-1.33941193,-93.5512121,0.0798526687,0.00220996933,FollowWall,following_right_wall,0,14,42,0.463398904,-1,-1,-1,1,0.287055731,1.01714832,1.01714832,1,0,0,0,0
44.8,2.28125302,-1.34339765,-93.5457267,0.079865878,0.0020118296,FollowWall,following_right_wall,0,14,42,0.462351769,-1,-1,-1,1,0.286884397,1.01317088,1.01317088,1,0,0,0,0
44.85,2.28100625,-1.34738335,-93.5401255,0.079865878,0.0020118296,FollowWall,following_right_wall,0,14,42,0.462351769,-1,-1,-1,1,0.286884397,1.00919363,1.00919363,1,0,0,0,0
44.9,2.28075987,-1.35136906,-93.5344566,0.0798743756,0.00188436668,FollowWall,following_right_wall,0,14,42,0.461304903,-1,-1,-1,1,0.286560625,1.00521647,1.00521647,1,0,0,0,0
44.95,2.28051387,-1.35535497,-93.5289005,0.0798743756,0.00188436668,FollowWall,following_right_wall,0,14,42,0.461304903,-1,-1,-1,1,0.286560625,1.00123896,1.00123896,1,0,0,0,0
45,2.28026824,-1.35934099,-93.5234101,0.0798145172,0.00278224193,FollowWall,following_right_wall,0,14,42,0.460250497,-1,-1,-1,1,0.286080807,0.997261225,0.997261225,1,0,0,0,0
45.05,2.28002311,-1.36332585,-93.5168864,0.0798145172,0.00278224193,FollowWall,following_right_wall,0,14,42,0.460250497,-1,-1,-1,1,0.286080807,0.993286214,0.993286214,1,0,0,0,0
45.1,2.2797785,-1.36731004,-93.5097598,0.0796699222,0.0049511672,FollowWall,following_right_wall,0,14,42,0.4592188,-1,-1,-1,1,0.285576552,0.989312778,0.989312778,1,0,0,0,0
45.15,2.27953469,-1.37129087,-93.4996926,0.0796699222,0.0049511672,FollowWall,following_right_wall,0,14,42,0.4592188,-1,-1,-1,1,0.285576552,0.985347157,0.985347157,1,0,0,0,0
45.2,2.27929177,-1.37526974,-93.48791,0.0795552764,0.00667085339,FollowWall,following_right_wall,0,14,42,0.45826757,-1,-1,-1,1,0.28536877,0.981386071,0.981386071,1,0,0,0,0
45.25,2.27904998,-1.37924513,-93.4730741,0.0795552764,0.00667085339,FollowWall,following_right_wall,0,14,42,0.45826757,-1,-1,-1,1,0.28536877,0.977433087,0.977433087,1,0,0,0,0
45.3,2.27880941,-1.38321852,-93.4564571,0.07956282,0.00655770019,FollowWall,following_right_wall,0,14,42,0.457415134,-1,-1,-1,1,0.28513521,0.973484797,0.973484797,1,0,0,0,0
45.35,2.27857009,-1.38719093,-93.4389362,0.07956282,0.00655770019,FollowWall,following_right_wall,0,14,42,0.457415134,-1,-1,-1,1,0.28513521,0.969538855,0.969538855,1,0,0,0,0
45.4,2.27833203,-1.3911628,-93.4208879,0.0795163719,0.00725442205,FollowWall,following_right_wall,0,14,42,0.45661366,-1,-1,-1,1,0.284511924,0.965594252,0.965594252,1,0,0,0,0
45.45,2.27809535,-1.39513343,-93.4017005,0.0795163719,0.00725442205,FollowWall,following_right_wall,0,14,42,0.45661366,-1,-1,-1,1,0.284511924,0.96165262,0.96165262,1,0,0,0,0
45.5,2.27786006,-1.39910336,-93.3818485,0.079385377,0.00921934489,FollowWall,following_right_wall,0,14,42,0.455860645,-1,-1,-1,1,0.283719271,0.957712689,0.957712689,1,0,0,0,0
45.55,2.27762643,-1.40307021,-93.3592633,0.079385377,0.00921934489,FollowWall,following_right_wall,0,14,42,0.455860645,-1,-1,-1,1,0.283719271,0.953779983,0.953779983,1,0,0,0,0
45.6,2.27739453,-1.4070353,-93.3350839,0.0792626468,0.0110602984,FollowWall,following_right_wall,0,14,42,0.455201,-1,-1,-1,1,0.283105344,0.949851452,0.949851452,1,0,0,0,0
45.65,2.27716462,-1.41099686,-93.307777,0.0792626468,0.0110602984,FollowWall,following_right_wall,0,14,42,0.455201,-1,-1,-1,1,0.283105344,0.945931187,0.945931187,1,0,0,0,0
45.7,2.27693679,-1.41495642,-93.2786457,0.0791651268,0.0125230983,FollowWall,following_right_wall,0,14,42,0.454658359,-1,-1,-1,1,0.282245249,0.942015699,0.942015699,1,0,0,0,0
45.75,2.27671125,-1.41891283,-93.2467041,0.0791651268,0.0125230983,FollowWall,following_right_wall,0,14,42,0.454658359,-1,-1,-1,1,0.282245249,0.938107618,0.938107618,1,0,0,0,0
45.8,2.27648808,-1.42286746,-93.2131231,0.0791924312,0.0121135324,FollowWall,following_right_wall,0,14,42,0.454232216,-1,-1,-1,1,0.281672418,0.934203808,0.934203808,1,0,0,0,0
45.85,2.27626727,-1.42682169,-93.1790748,0.0791924312,0.0121135324,FollowWall,following_right_wall,0,14,42,0.454232216,-1,-1,-1,1,0.281672418,0.930301133,0.930301133,1,0,0,0,0
45.9,2.27604885,-1.43077572,-93.1447538,0.0792251667,0.0116225002,FollowWall,following_right_wall,0,14,42,0.453866959,-1,-1,-1,1,0.281101733,0.926399071,0.926399071,1,0,0,0,0
45.95,2.27583274,-1.43473039,-93.1108598,0.0792251667,0.0116225002,FollowWall,following_right_wall,0,14,42,0.453866959,-1,-1,-1,1,0.281101733,0.922495753,0.922495753,1,0,0,0,0
46,2.27561896,-1.43868546,-93.077215,0.0792586965,0.011119553,FollowWall,following_right_wall,0,14,42,0.453529865,-1,-1,-1,1,0.280404001,0.918591655,0.918591655,1,0,0,0,0
46.05,2.27540742,-1.44264153,-93.0443159,0.0792586965,0.011119553,FollowWall,following_right_wall,0,14,42,0.453529865,-1,-1,-1,1,0.280404001,0.914685452,0.914685452,1,0,0,0,0
46.1,2.27519811,-1.44659823,-93.0118518,0.0792913548,0.0106296783,FollowWall,following_right_wall,0,14,42,0.453209698,-1,-1,-1,1,0.280030608,0.910777978,0.910777978,1,0,0,0,0
46.15,2.27499097,-1.45055601,-92.9802261,0.0792913548,0.0106296783,FollowWall,following_right_wall,0,14,42,0.453209698,-1,-1,-1,1,0.280030608,0.906868156,0.906868156,1,0,0,0,0
46.2,2.27478596,-1.45451448,-92.9490896,0.0792210848,0.0116837282,FollowWall,following_right_wall,0,14,42,0.452903748,-1,-1,-1,1,0.279788762,0.902956923,0.902956923,1,0,0,0,0
46.25,2.2745832,-1.45847193,-92.9169802,0.0792210848,0.0116837282,FollowWall,following_right_wall,0,14,42,0.452903748,-1,-1,-1,1,0.279788762,0.899048197,0.899048197,1,0,0,0,0
46.3,2.27438271,-1.46242883,-92.8843033,0.0791449018,0.0128264727,FollowWall,following_right_wall,0,14,42,0.452658266,-1,-1,-1,1,0.279093653,0.895140891,0.895140891,1,0,0,0,0
46.35,2.27418463,-1.46638388,-92.8499312,0.0791449018,0.0128264727,FollowWall,following_right_wall,0,14,42,0.452658266,-1,-1,-1,1,0.279093653,0.891238026,0.891238026,1,0,0,0,0
46.4,2.27398901,-1.4703379,-92.8145704,0.0791494387,0.0127584189,FollowWall,following_right_wall,0,14,42,0.452504158,-1,-1,-1,1,0.278957605,0.887337707,0.887337707,1,0,0,0,0
46.45,2.27379589,-1.47429146,-92.7787141,0.0791494387,0.0127584189,FollowWall,following_right_wall,0,14,42,0.452504158,-1,-1,-1,1,0.278957605,0.883438613,0.883438613,1,0,0,0,0
46.5,2.27360526,-1.47824481,-92.7425686,0.0790604789,0.0140928158,FollowWall,following_right_wall,0,14,42,0.45241794,-1,-1,-1,1,0.278671235,0.87954019,0.87954019,1,0,0,0,0
46.55,2.27341728,-1.48219624,-92.7046617,0.0790604789,0.0140928158,FollowWall,following_right_wall,0,14,42,0.45241794,-1,-1,-1,1,0.278671235,0.875646387,0.875646387,1,0,0,0,0
46.6,2.27323201,-1.48614659,-92.6657273,0.0790516055,0.014225917,FollowWall,following_right_wall,0,14,42,0.452426642,-1,-1,-1,1,0.278096676,0.871755234,0.871755234,1,0,0,0,0
46.65,2.27304949,-1.49009619,-92.6260346,0.0790516055,0.014225917,FollowWall,following_right_wall,0,14,42,0.452426642,-1,-1,-1,1,0.278096676,0.867866009,0.867866009,1,0,0,0,0
46.7,2.27286974,-1.4940454,-92.5858996,0.0791254641,0.0131180387,FollowWall,following_right_wall,0,14,42,0.45251441,-1,-1,-1,1,0.277594894,0.863977865,0.863977865,1,0,0,0,0
46.75,2.27269267,-1.49799598,-92.546829,0.0791254641,0.0131180387,FollowWall,following_right_wall,0,14,42,0.45251441,-1,-1,-1,1,0.277594894,0.860086761,0.860086761,1,0,0,0,0
46.8,2.27251824,-1.50194739,-92.5083793,0.0792014029,0.0119789569,FollowWall,following_right_wall,0,14,42,0.452630311,-1,-1,-1,1,0.277478427,0.85619389,0.85619389,1,0,0,0,0
46.85,2.27234632,-1.50590092,-92.4716515,0.0792014029,0.0119789569,FollowWall,following_right_wall,0,14,42,0.452630311,-1,-1,-1,1,0.277478427,0.8522963,0.8522963,1,0,0,0,0
46.9,2.27217684,-1.50985572,-92.4359281,0.0792754796,0.0108678056,FollowWall,following_right_wall,0,14,42,0.45274666,-1,-1,-1,1,0.277384192,0.848395921,0.848395921,1,0,0,0,0
46.95,2.27200968,-1.51381285,-92.402117,0.0792754796,0.0108678056,FollowWall,following_right_wall,0,14,42,0.45274666,-1,-1,-1,1,0.277384192,0.844490318,0.844490318,1,0,0,0,0
47,2.27184475,-1.51777138,-92.3694213,0.0793463081,0.00980537845,FollowWall,following_right_wall,0,14,42,0.452853352,-1,-1,-1,1,0.276985258,0.840581636,0.840581636,1,0,0,0,0
47.05,2.27168192,-1.52173222,-92.3386446,0.0793463081,0.00980537845,FollowWall,following_right_wall,0,14,42,0.452853352,-1,-1,-1,1,0.276985258,0.83666772,0.83666772,1,0,0,0,0
47.1,2.27152113,-1.52569445,-92.3089871,0.0792920796,0.0106188065,FollowWall,following_right_wall,0,14,42,0.452947229,-1,-1,-1,1,0.276248634,0.832750722,0.832750722,1,0,0,0,0
47.15,2.27136242,-1.5296564,-92.2790117,0.0792920796,0.0106188065,FollowWall,following_right_wall,0,14,42,0.452947229,-1,-1,-1,1,0.276248634,0.828834507,0.828834507,1,0,0,0,0
47.2,2.2712058,-1.53361821,-92.2488508,0.0792311068,0.0115333978,FollowWall,following_right_wall,0,14,42,0.453083783,-1,-1,-1,1,0.27581957,0.824918719,0.824918719,1,0,0,0,0
47.25,2.27105135,-1.53757871,-92.2174899,0.0792311068,0.0115333978,FollowWall,following_right_wall,0,14,42,0.453083783,-1,-1,-1,1,0.27581957,0.821006086,0.821006086,1,0,0,0,0
47.3,2.27089913,-1.54153848,-92.1854291,0.0791711614,0.0124325786,FollowWall,following_right_wall,0,14,42,0.453298211,-1,-1,-1,1,0.27539438,0.817095263,0.817095263,1,0,0,0,0
47.35,2.27074925,-1.54549661,-92.1518867,0.0791711614,0.0124325786,FollowWall,following_right_wall,0,14,42,0.453298211,-1,-1,-1,1,0.27539438,0.813188352,0.813188352,1,0,0,0,0
47.4,2.27060174,-1.54945383,-92.1174799,0.0791382963,0.0129255557,FollowWall,following_right_wall,0,14,42,0.453602999,-1,-1,-1,1,0.274901658,0.809283693,0.809283693,1,0,0,0,0
47.45,2.2704567,-1.55340987,-92.0819806,0.0791382963,0.0129255557,FollowWall,following_right_wall,0,14,42,0.453602999,-1,-1,-1,1,0.274901658,0.805381899,0.805381899,1,0,0,0,0
47.5,2.27031416,-1.55736525,-92.0458439,0.0791090274,0.013364589,FollowWall,following_right_wall,0,14,42,0.453990102,-1,-1,-1,1,0.274676949,0.801481747,0.801481747,1,0,0,0,0
47.55,2.27017418,-1.56131969,-92.0088114,0.0791090274,0.013364589,FollowWall,following_right_wall,0,14,42,0.453990102,-1,-1,-1,1,0.274676949,0.797583932,0.797583932,1,0,0,0,0
47.6,2.27003679,-1.5652736,-91.9712563,0.0790909086,0.0136363712,FollowWall,following_right_wall,0,14,42,0.454451919,-1,-1,-1,1,0.274224311,0.793687451,0.793687451,1,0,0,0,0
47.65,2.26990204,-1.56922688,-91.9330719,0.0790909086,0.0136363712,FollowWall,following_right_wall,0,14,42,0.454451919,-1,-1,-1,1,0.274224311,0.789792593,0.789792593,1,0,0,0,0
47.7,2.26976996,-1.57317982,-91.8945205,0.0790835654,0.0137465195,FollowWall,following_right_wall,0,14,42,0.454979837,-1,-1,-1,1,0.273760974,0.785898652,0.785898652,1,0,0,0,0
47.75,2.26964056,-1.57713244,-91.8556234,0.0790835654,0.0137465195,FollowWall,following_right_wall,0,14,42,0.454979837,-1,-1,-1,1,0.273760974,0.782005572,0.782005572,1,0,0,0,0
47.8,2.26951386,-1.58108492,-91.8165248,0.0791439435,0.0128408469,FollowWall,following_right_wall,0,14,42,0.455563873,-1,-1,-1,1,0.273739368,0.778112968,0.778112968,1,0,0,0,0
47.85,2.26938978,-1.5850386,-91.7783896,0.0791439435,0.0128408469,FollowWall,following_right_wall,0,14,42,0.455563873,-1,-1,-1,1,0.273739368,0.774217701,0.774217701,1,0,0,0,0
47.9,2.2692683,-1.58899301,-91.7408165,0.0793261627,0.0101075598,FollowWall,following_right_wall,0,14,42,0.456166625,-1,-1,-1,1,0.273752183,0.770320856,0.770320856,1,0,0,0,0
47.95,2.26914916,-1.59295168,-91.7068338,0.0793261627,0.0101075598,FollowWall,following_right_wall,0,14,42,0.456166625,-1,-1,-1,1,0.273752183,0.766414274,0.766414274,1,0,0,0,0
48,2.26903223,-1.59691285,-91.6749455,0.0795451649,0.00682252709,FollowWall,following_right_wall,0,14,42,0.456708461,-1,-1,-1,1,0.273615032,0.762501991,0.762501991,1,0,0,0,0
48.05,2.26891715,-1.60088006,-91.6482003,0.0795451649,0.00682252709,FollowWall,following_right_wall,0,14,42,0.456708461,-1,-1,-1,1,0.273615032,0.758575792,0.758575792,1,0,0,0,0
48.1,2.26880371,-1.60485081,-91.6244551,0.0797034231,0.00444865303,FollowWall,following_right_wall,0,14,42,0.457127571,-1,-1,-1,1,0.273522258,0.75464146,0.75464146,1,0,0,0,0
48.15,2.26869162,-1.60882694,-91.6052935,0.0797034231,0.00444865303,FollowWall,following_right_wall,0,14,42,0.457127571,-1,-1,-1,1,0.273522258,0.75069473,0.75069473,1,0,0,0,0
48.2,2.26858067,-1.61280621,-91.5888058,0.0798507141,0.00223928852,FollowWall,following_right_wall,0,14,42,0.457422674,-1,-1,-1,1,0.273282796,0.746740757,0.746740757,1,0,0,0,0
48.25,2.26847059,-1.61679039,-91.576515,0.0798507141,0.00223928852,FollowWall,following_right_wall,0,14,42,0.457422674,-1,-1,-1,1,0.273282796,0.742775438,0.742775438,1,0,0,0,0
48.3,2.2683612,-1.62077743,-91.5666724,0.0799992903,-1.06450392e-05,FollowWall,following_right_wall,0,14,42,0.457600981,-1,-1,-1,1,0.273041964,0.738803495,0.738803495,1,0,0,0,0
48.35,2.26825222,-1.62476925,-91.5609436,0.0799992903,-1.06450392e-05,FollowWall,following_right_wall,0,14,42,0.457600981,-1,-1,-1,1,0.273041964,0.73482047,0.73482047,1,0,0,0,0
48.4,2.26814348,-1.62876385,-91.5576145,0.0799700753,-0.000448871011,FollowWall,following_right_wall,0,14,42,0.457661152,-1,-1,-1,1,0.272903442,0.730830979,0.730830979,1,0,0,0,0
48.45,2.26803488,-1.63275946,-91.5562083,0.0799700753,-0.000448871011,FollowWall,following_right_wall,0,14,42,0.457661152,-1,-1,-1,1,0.272903442,0.726837523,0.726837523,1,0,0,0,0
48.5,2.26792633,-1.63675567,-91.5559238,0.0799985936,-2.10963493e-05,FollowWall,following_right_wall,0,14,42,0.457655787,-1,-1,-1,1,0.27260232,0.722841755,0.722841755,1,0,0,0,0
48.55,2.26781776,-1.64075281,-91.5557831,0.0799985936,-2.10963493e-05,FollowWall,following_right_wall,0,14,42,0.457655787,-1,-1,-1,1,0.27260232,0.718844828,0.718844828,1,0,0,0,0
48.6,2.26770918,-1.6447505,-91.5557261,0.0799442104,-0.000836844063,FollowWall,following_right_wall,0,14,42,0.457640588,-1,-1,-1,1,0.272237837,0.714847226,0.714847226,1,0,0,0,0
48.65,2.2676006,-1.64874738,-91.5566918,0.0799442104,-0.000836844063,FollowWall,following_right_wall,0,14,42,0.457640588,-1,-1,-1,1,0.272237837,0.710848869,0.710848869,1,0,0,0,0
48.7,2.26749194,-1.65274377,-91.5582541,0.0798414248,-0.00237862767,FollowWall,following_right_wall,0,14,42,0.457599938,-1,-1,-1,1,0.27190128,0.706850073,0.706850073,1,0,0,0,0
48.75,2.26738315,-1.65673775,-91.5620047,0.0798414248,-0.00237862767,FollowWall,following_right_wall,0,14,42,0.457599938,-1,-1,-1,1,0.27190128,0.702850341,0.702850341,1,0,0,0,0
48.8,2.26727411,-1.66073031,-91.5670318,0.0797519306,-0.00372104039,FollowWall,following_right_wall,0,14,42,0.457494587,-1,-1,-1,1,0.271588653,0.698850069,0.698850069,1,0,0,0,0
48.85,2.2671647,-1.66472017,-91.5744059,0.0797519306,-0.00372104039,FollowWall,following_right_wall,0,14,42,0.457494587,-1,-1,-1,1,0.271588653,0.694848894,0.694848894,1,0,0,0,0
48.9,2.26705478,-1.66870844,-91.5831492,0.0796781265,-0.00482810246,FollowWall,following_right_wall,0,14,42,0.457309455,-1,-1,-1,1,0.271173239,0.690847201,0.690847201,1,0,0,0,0
48.95,2.26694424,-1.67269425,-91.5940125,0.0796781265,-0.00482810246,FollowWall,following_right_wall,0,14,42,0.457309455,-1,-1,-1,1,0.271173239,0.686844726,0.686844726,1,0,0,0,0
49,2.26683294,-1.67667861,-91.6061126,0.0796800575,-0.0047991378,FollowWall,following_right_wall,0,14,42,0.457045525,-1,-1,-1,1,0.270848185,0.682841807,0.682841807,1,0,0,0,0
49.05,2.2667208,-1.68066214,-91.6188995,0.0796800575,-0.0047991378,FollowWall,following_right_wall,0,14,42,0.457045525,-1,-1,-1,1,0.270848185,0.678838654,0.678838654,1,0,0,0,0
49.1,2.26660777,-1.68464519,-91.6320871,0.0797769933,-0.00334510005,FollowWall,following_right_wall,0,14,42,0.456737727,-1,-1,-1,1,0.270470381,0.674835378,0.674835378,1,0,0,0,0
49.15,2.26649382,-1.68862996,-91.6437728,0.0797769933,-0.00334510005,FollowWall,following_right_wall,0,14,42,0.456737727,-1,-1,-1,1,0.270470381,0.670832683,0.670832683,1,0,0,0,0
49.2,2.26637907,-1.69261573,-91.6545824,0.0798765885,-0.00185117218,FollowWall,following_right_wall,0,14,42,0.456448406,-1,-1,-1,1,0.270346314,0.666830336,0.666830336,1,0,0,0,0
49.25,2.26626356,-1.69660415,-91.6630976,0.0798765885,-0.00185117218,FollowWall,following_right_wall,0,14,42,0.456448406,-1,-1,-1,1,0.270346314,0.662828859,0.662828859,1,0,0,0,0
49.3,2.26614747,-1.70059411,-91.6702745,0.0799742098,-0.000386853019,FollowWall,following_right_wall,0,14,42,0.456209034,-1,-1,-1,1,0.270224631,0.658827894,0.658827894,1,0,0,0,0
49.35,2.26603087,-1.704587,-91.6749228,0.0799742098,-0.000386853019,FollowWall,following_right_wall,0,14,42,0.456209034,-1,-1,-1,1,0.270224631,0.654827877,0.654827877,1,0,0,0,0
49.4,2.26591395,-1.7085816,-91.6780961,0.0799467202,-0.000799196394,FollowWall,following_right_wall,0,14,42,0.456028998,-1,-1,-1,1,0.270079434,0.650828415,0.650828415,1,0,0,0,0
49.45,2.26579681,-1.71257662,-91.6809012,0.0799467202,-0.000799196394,FollowWall,following_right_wall,0,14,42,0.456028998,-1,-1,-1,1,0.270079434,0.646829095,0.646829095,1,0,0,0,0
49.5,2.26567948,-1.71657188,-91.6834914,0.0799546607,0.000680089734,FollowWall,following_right_wall,0,14,42,0.455852896,-1,-1,-1,1,0.269566715,0.64282986,0.64282986,1,0,0,0,0
49.55,2.26556202,-1.72056745,-91.6841906,0.0799546607,0.000680089734,FollowWall,following_right_wall,0,14,42,0.455852896,-1,-1,-1,1,0.269566715,0.638833217,0.638833217,1,0,0,0,0
49.6,2.26544455,-1.7245632,-91.6837866,0.0798672492,0.00199126155,FollowWall,following_right_wall,0,14,42,0.455705702,-1,-1,-1,1,0.269574642,0.634838084,0.634838084,1,0,0,0,0
49.65,2.26532723,-1.72855724,-91.6811741,0.0798672492,0.00199126155,FollowWall,following_right_wall,0,14,42,0.455705702,-1,-1,-1,1,0.269574642,0.630848048,0.630848048,1,0,0,0,0
49.7,2.26521017,-1.73255029,-91.6772733,0.0798581591,0.00212761363,FollowWall,following_right_wall,0,14,42,0.455603689,-1,-1,-1,1,0.269323587,0.626860981,0.626860981,1,0,0,0,0
49.75,2.26509343,-1.73654257,-91.6724581,0.0798581591,0.00212761363,FollowWall,following_right_wall,0,14,42,0.455603689,-1,-1,-1,1,0.269323587,0.622876081,0.622876081,1,0,0,0,0
49.8,2.26497707,-1.74053442,-91.6671096,0.0799586041,0.00062093796,FollowWall,following_right_wall,0,14,42,0.455514878,-1,-1,-1,1,0.269214392,0.618892438,0.618892438,1,0,0,0,0
49.85,2.26486096,-1.7445281,-91.6632485,0.0799586041,0.00062093796,FollowWall,following_right_wall,0,14,42,0.455514878,-1,-1,-1,1,0.269214392,0.614904678,0.614904678,1,0,0,0,0
49.9,2.26474507,-1.74852286,-91.6602549,0.0799480673,-0.000778991085,FollowWall,following_right_wall,0,14,42,0.455368698,-1,-1,-1,1,0.269313127,0.610914513,0.610914513,1,0,0,0,0
49.95,2.2646293,-1.75251802,-91.6594386,0.0799480673,-0.000778991085,FollowWall,following_right_wall,0,14,42,0.455368698,-1,-1,-1,1,0.269313127,0.606920602,0.606920602,1,0,0,0,0
50,2.26451354,-1.75651341,-91.6598922,0.0799348305,-0.000977543136,FollowWall,following_right_wall,0,14,42,0.455131084,-1,-1,-1,1,0.269383639,0.602924509,0.602924509,1,0,0,0,0
50.05,2.26439771,-1.76050867,-91.6613237,0.0799348305,-0.000977543136,FollowWall,following_right_wall,0,14,42,0.455131084,-1,-1,-1,1,0.269383639,0.598927057,0.598927057,1,0,0,0,0
50.1,2.26428176,-1.76450384,-91.6633256,0.0799759891,0.000360163088,FollowWall,following_right_wall,0,14,42,0.454826415,-1,-1,-1,1,0.269032896,0.594928815,0.594928815,1,0,0,0,0
50.15,2.2641657,-1.76849982,-91.6640634,0.0799759891,0.000360163088,FollowWall,following_right_wall,0,14,42,0.454826415,-1,-1,-1,1,0.269032896,0.590931704,0.590931704,1,0,0,0,0
50.2,2.2640496,-1.77249628,-91.6640639,0.0798985771,0.00152134289,FollowWall,following_right_wall,0,14,42,0.454517603,-1,-1,-1,1,0.268651307,0.586935251,0.586935251,1,0,0,0,0
50.25,2.2639336,-1.77649139,-91.6622482,0.0798985771,0.00152134289,FollowWall,following_right_wall,0,14,42,0.454517603,-1,-1,-1,1,0.268651307,0.582942919,0.582942919,1,0,0,0,0
50.3,2.26381778,-1.78048573,-91.6593731,0.0799119981,0.00132002791,FollowWall,following_right_wall,0,14,42,0.454232067,-1,-1,-1,1,0.268239796,0.578952985,0.578952985,1,0,0,0,0
50.35,2.26370218,-1.78447991,-91.6561203,0.0799119981,0.00132002791,FollowWall,following_right_wall,0,14,42,0.454232067,-1,-1,-1,1,0.268239796,0.574963801,0.574963801,1,0,0,0,0
50.4,2.26358683,-1.78847399,-91.6526472,0.0799995722,-6.41722463e-06,FollowWall,following_right_wall,0,14,42,0.453936607,-1,-1,-1,1,0.268145561,0.570975049,0.570975049,1,0,0,0,0
50.45,2.26347161,-1.79246983,-91.6506288,0.0799995722,-6.41722463e-06,FollowWall,following_right_wall,0,14,42,0.453936607,-1,-1,-1,1,0.268145561,0.566982297,0.566982297,1,0,0,0,0
50.5,2.26335647,-1.79646671,-91.6494591,0.0799115312,-0.0013270321,FollowWall,following_right_wall,0,14,42,0.453575611,-1,-1,-1,1,0.267617613,0.562987212,0.562987212,1,0,0,0,0
50.55,2.26324138,-1.80046236,-91.6503608,0.0799115312,-0.0013270321,FollowWall,following_right_wall,0,14,42,0.453575611,-1,-1,-1,1,0.267617613,0.558990183,0.558990183,1,0,0,0,0
50.6,2.2631262,-1.80445728,-91.6524708,0.0799679509,-0.000480735761,FollowWall,following_right_wall,0,14,42,0.453122109,-1,-1,-1,1,0.267113179,0.554992023,0.554992023,1,0,0,0,0
50.65,2.26301087,-1.80845296,-91.6542755,0.0799679509,-0.000480735761,FollowWall,following_right_wall,0,14,42,0.453122109,-1,-1,-1,1,0.267113179,0.55099358,0.55099358,1,0,0,0,0
50.7,2.2628954,-1.81244907,-91.6559021,0.079982005,0.000269925015,FollowWall,following_right_wall,0,14,42,0.452632308,-1,-1,-1,1,0.266827762,0.546994973,0.546994973,1,0,0,0,0
50.75,2.26277984,-1.81644573,-91.6565287,0.079982005,0.000269925015,FollowWall,following_right_wall,0,14,42,0.452632308,-1,-1,-1,1,0.266827762,0.542997352,0.542997352,1,0,0,0,0
50.8,2.26266425,-1.82044271,-91.656572,0.0799430578,0.000854132262,FollowWall,following_right_wall,0,14,42,0.452138156,-1,-1,-1,1,0.266540796,0.539000305,0.539000305,1,0,0,0,0
50.85,2.2625487,-1.82443907,-91.6555778,0.0799430578,0.000854132262,FollowWall,following_right_wall,0,14,42,0.452138156,-1,-1,-1,1,0.266540796,0.535005473,0.535005473,1,0,0,0,0
50.9,2.26243326,-1.82843506,-91.6539782,0.0799614588,0.000578117901,FollowWall,following_right_wall,0,14,42,0.451646239,-1,-1,-1,1,0.265968293,0.53101193,0.53101193,1,0,0,0,0
50.95,2.26231793,-1.83243123,-91.6523551,0.0799614588,0.000578117901,FollowWall,following_right_wall,0,14,42,0.451646239,-1,-1,-1,1,0.265968293,0.52701825,0.52701825,1,0,0,0,0
51,2.2622027,-1.83642751,-91.6507182,0.0799254951,-0.00111757399,FollowWall,following_right_wall,0,14,42,0.451132417,-1,-1,-1,1,0.265952259,0.523024488,0.523024488,1,0,0,0,0
51.05,2.26208754,-1.84042309,-91.6510973,0.0799254951,-0.00111757399,FollowWall,following_right_wall,0,14,42,0.451132417,-1,-1,-1,1,0.265952259,0.519028323,0.519028323,1,0,0,0,0
51.1,2.26197233,-1.84441827,-91.6526525,0.0798132382,-0.00280142705,FollowWall,following_right_wall,0,14,42,0.450540125,-1,-1,-1,1,0.266022354,0.51503076,0.51503076,1,0,0,0,0
51.15,2.26185698,-1.84841087,-91.6569037,0.0798132382,-0.00280142705,FollowWall,following_right_wall,0,14,42,0.450540125,-1,-1,-1,1,0.266022354,0.511031641,0.511031641,1,0,0,0,0
51.2,2.26174133,-1.85240195,-91.6627274,0.0797069229,-0.00439615602,FollowWall,following_right_wall,0,14,42,0.449840993,-1,-1,-1,1,0.265733927,0.507031622,0.507031622,1,0,0,0,0
51.25,2.26162527,-1.85638994,-91.6713722,0.0797069229,-0.00439615602,FollowWall,following_right_wall,0,14,42,0.449840993,-1,-1,-1,1,0.265733927,0.503030381,0.503030381,1,0,0,0,0
51.3,2.2615086,-1.8603761,-91.6816625,0.0796608277,-0.00508758404,FollowWall,following_right_wall,0,14,42,0.449028224,-1,-1,-1,1,0.26571086,0.49902844,0.49902844,1,0,0,0,0
51.35,2.26139121,-1.86436023,-91.693738,0.0796608277,-0.00508758404,FollowWall,following_right_wall,0,14,42,0.449028224,-1,-1,-1,1,0.26571086,0.495025798,0.495025798,1,0,0,0,0
51.4,2.26127298,-1.86834316,-91.7068549,0.079653133,-0.00520300487,FollowWall,following_right_wall,0,14,42,0.448127538,-1,-1,-1,1,0.265529096,0.49102276,0.49102276,1,0,0,0,0
51.45,2.26115383,-1.87232522,-91.7207171,0.079653133,-0.00520300487,FollowWall,following_right_wall,0,14,42,0.448127538,-1,-1,-1,1,0.265529096,0.487019454,0.487019454,1,0,0,0,0
51.5,2.26103372,-1.87630675,-91.735014,0.0795919465,-0.00612080222,FollowWall,following_right_wall,0,14,42,0.447171986,-1,-1,-1,1,0.265411079,0.483016007,0.483016007,1,0,0,0,0
51.55,2.26091262,-1.8802867,-91.75066,0.0795919465,-0.00612080222,FollowWall,following_right_wall,0,14,42,0.447171986,-1,-1,-1,1,0.265411079,0.479012087,0.479012087,1,0,0,0,0
51.6,2.26079044,-1.88426569,-91.767093,0.0797308721,-0.00403691781,FollowWall,following_right_wall,0,14,42,0.446154088,-1,-1,-1,1,0.265211105,0.47500791,0.47500791,1,0,0,0,0
51.65,2.26066711,-1.88824702,-91.7814976,0.0797308721,-0.00403691781,FollowWall,following_right_wall,0,14,42,0.446154088,-1,-1,-1,1,0.265211105,0.471004515,0.471004515,1,0,0,0,0
51.7,2.26054277,-1.89222969,-91.7947191,0.079861725,-0.00207412553,FollowWall,following_right_wall,0,14,42,0.445156246,-1,-1,-1,1,0.264967382,0.467001588,0.467001588,1,0,0,0,0
51.75,2.26041752,-1.89621587,-91.8049074,0.079861725,-0.00207412553,FollowWall,following_right_wall,0,14,42,0.445156246,-1,-1,-1,1,0.264967382,0.462999805,0.462999805,1,0,0,0,0
51.8,2.26029155,-1.90020409,-91.8133263,0.079857848,-0.00213228029,FollowWall,following_right_wall,0,14,42,0.444225609,-1,-1,-1,1,0.264354825,0.458998696,0.458998696,1,0,0,0,0
51.85,2.26016499,-1.9041934,-91.8207826,0.079857848,-0.00213228029,FollowWall,following_right_wall,0,14,42,0.444225609,-1,-1,-1,1,0.264354825,0.45499796,0.45499796,1,0,0,0,0
51.9,2.26003791,-1.90818336,-91.8276774,0.0798874324,-0.00168851453,FollowWall,following_right_wall,0,14,42,0.443320602,-1,-1,-1,1,0.264352083,0.450997447,0.450997447,1,0,0,0,0
51.95,2.25991035,-1.91217429,-91.8337148,0.0798874324,-0.00168851453,FollowWall,following_right_wall,0,14,42,0.443320602,-1,-1,-1,1,0.264352083,0.446997264,0.446997264,1,0,0,0,0
52,2.25978237,-1.9161658,-91.8392522,0.0799651223,0.000523165472,FollowWall,following_right_wall,0,14,42,0.442430407,-1,-1,-1,1,0.264462382,0.442997279,0.442997279,1,0,0,0,0
52.05,2.25965404,-1.92015925,-91.8418578,0.0799651223,0.000523165472,FollowWall,following_right_wall,0,14,42,0.442430407,-1,-1,-1,1,0.264462382,0.438999836,0.438999836,1,0,0,0,0
52.1,2.25952555,-1.92415384,-91.8427533,0.0798219322,0.0026710164,FollowWall,following_right_wall,0,14,42,0.441609293,-1,-1,-1,1,0.26438424,0.435003873,0.435003873,1,0,0,0,0
52.15,2.2593972,-1.92814612,-91.8400873,0.0798219322,0.0026710164,FollowWall,following_right_wall,0,14,42,0.441609293,-1,-1,-1,1,0.26438424,0.431015678,0.431015678,1,0,0,0,0
52.2,2.25926915,-1.93213706,-91.8353439,0.0797303106,0.00404534085,FollowWall,following_right_wall,0,14,42,0.440890372,-1,-1,-1,1,0.26379627,0.427032007,0.427032007,1,0,0,0,0
52.25,2.25914162,-1.93612531,-91.8277482,0.0797303106,0.00404534085,FollowWall,following_right_wall,0,14,42,0.440890372,-1,-1,-1,1,0.26379627,0.423055385,0.423055385,1,0,0,0,0
52.3,2.25901472,-1.94011201,-91.8184885,0.0797463453,0.00380482056,FollowWall,following_right_wall,0,14,42,0.440265149,-1,-1,-1,1,0.263376534,0.419082867,0.419082867,1,0,0,0,0
52.35,2.25888851,-1.94409815,-91.8085454,0.0797463453,0.00380482056,FollowWall,following_right_wall,0,14,42,0.440265149,-1,-1,-1,1,0.263376534,0.415111959,0.415111959,1,0,0,0,0
52.4,2.25876301,-1.94808396,-91.7982036,0.079764164,0.0035375395,FollowWall,following_right_wall,0,14,42,0.439679831,-1,-1,-1,1,0.263029635,0.41114198,0.41114198,1,0,0,0,0
52.45,2.25863823,-1.95206998,-91.7879482,0.079764164,0.0035375395,FollowWall,following_right_wall,0,14,42,0.439679831,-1,-1,-1,1,0.263029635,0.407171676,0.407171676,1,0,0,0,0
52.5,2.25851416,-1.95605611,-91.7777433,0.0797108979,0.00433653213,FollowWall,following_right_wall,0,14,42,0.439106107,-1,-1,-1,1,0.26265654,0.403201173,0.403201173,1,0,0,0,0
52.55,2.25839086,-1.96004122,-91.7666141,0.0797108979,0.00433653213,FollowWall,following_right_wall,0,14,42,0.439106107,-1,-1,-1,1,0.26265654,0.399233114,0.399233114,1,1,0,0,0
52.6,2.25826837,-1.96402575,-91.7549457,0.0795767546,0.00634868047,FollowWall,following_right_wall,0,14,42,0.438567936,-1,-1,-1,1,0.262359232,0.395266472,0.395266472,1,1,0,0,0
52.65,2.25814688,-1.96800714,-91.7405609,0.0795767546,0.00634868047,FollowWall,following_right_wall,0,14,42,0.438567936,-1,-1,-1,1,0.262359232,0.391307117,0.391307117,1,1,0,0,0
52.7,2.2580265,-1.97198673,-91.7245917,0.0794509538,0.00823569333,FollowWall,following_right_wall,0,14,42,0.438119859,-1,-1,-1,1,0.26177153,0.387352,0.387352,1,1,0,0,0
52.75,2.25790746,-1.97596267,-91.7054456,0.0794509538,0.00823569333,FollowWall,following_right_wall,0,14,42,0.438119859,-1,-1,-1,1,0.26177153,0.38340541,0.38340541,1,1,0,0,0
52.8,2.25778987,-1.9799365,-91.6844464,0.079337946,0.00993081044,FollowWall,following_right_wall,0,14,42,0.437788367,-1,-1,-1,1,0.261179239,0.379463778,0.379463778,1,1,0,0,0
52.85,2.25767395,-1.98390676,-91.6603429,0.079337946,0.00993081044,FollowWall,following_right_wall,0,14,42,0.437788367,-1,-1,-1,1,0.261179239,0.375530476,0.375530476,1,1,0,0,0
52.9,2.25755982,-1.98787496,-91.6344285,0.0793015371,0.0104769439,FollowWall,following_right_wall,0,14,42,0.437579453,-1,-1,-1,1,0.261280388,0.371602013,0.371602013,1,1,0,0,0
52.95,2.25744761,-1.99184123,-91.6068058,0.0793015371,0.0104769439,FollowWall,following_right_wall,0,14,42,0.437579453,-1,-1,-1,1,0.261280388,0.367678114,0.367678114,1,1,0,0,0
53,2.25733737,-1.9958064,-91.5781866,0.0793440036,0.00983994538,FollowWall,following_right_wall,0,14,42,0.432545334,-1,-1,-1,1,0.261287451,0.363756857,0.363756857,1,1,0,0,0
53.05,2.2572291,-1.99977183,-91.5497465,0.0793440036,0.00983994538,FollowWall,following_right_wall,0,14,42,0.432545334,-1,-1,-1,1,0.261287451,0.359835072,0.359835072,1,1,0,0,0
53.1,2.25712279,-2.00373744,-91.5214109,0.0793889151,0.00916627279,FollowWall,following_right_wall,0,14,42,0.424485683,-1,-1,-1,1,0.260881484,0.355912962,0.355912962,1,1,0,0,0
53.15,2.25701839,-2.0077041,-91.4939404,0.0793889151,0.00916627279,FollowWall,following_right_wall,0,14,42,0.424485683,-1,-1,-1,1,0.260881484,0.351988476,0.351988476,1,1,0,0,0
53.2,2.25691586,-2.0116714,-91.4669745,0.0794326254,0.00851061837,FollowWall,following_right_wall,0,14,42,0.416453391,-1,-1,-1,1,0.26095736,0.348062589,0.348062589,1,1,0,0,0
53.25,2.25681512,-2.01564,-91.4410856,0.0794326254,0.00851061837,FollowWall,following_right_wall,0,14,42,0.416453391,-1,-1,-1,1,0.26095736,0.344133756,0.344133756,1,1,0,0,0
53.3,2.25671614,-2.01960937,-91.4158249,0.0794732942,0.00790058648,FollowWall,following_right_wall,0,14,42,0.4084481,-1,-1,-1,1,0.261047184,0.340203191,0.340203191,1,1,0,0,0
53.35,2.25661884,-2.02358006,-91.3916589,0.0794732942,0.00790058648,FollowWall,following_right_wall,0,14,42,0.4084481,-1,-1,-1,1,0.261047184,0.336269635,0.336269635,1,1,0,0,0
53.4,2.25652317,-2.02755153,-91.3681314,0.0795124838,0.00731274263,FollowWall,following_right_wall,0,14,42,0.400470018,-1,-1,-1,1,0.260864913,0.332334323,0.332334323,1,1,0,0,0
53.45,2.25642907,-2.03152429,-91.3456781,0.0795124838,0.00731274263,FollowWall,following_right_wall,0,14,42,0.400470018,-1,-1,-1,1,0.260864913,0.328396078,0.328396078,1,1,0,0,0
53.5,2.25633649,-2.03549782,-91.3238514,0.0794325671,0.00851149323,FollowWall,following_right_wall,0,14,42,0.392519295,-1,-1,-1,1,0.260663986,0.324456111,0.324456111,1,1,0,0,0
53.55,2.25624548,-2.03947014,-91.3009593,0.0794325671,0.00851149323,FollowWall,following_right_wall,0,14,42,0.392519295,-1,-1,-1,1,0.260663986,0.320518992,0.320518992,1,1,0,0,0
53.6,2.2561561,-2.04344178,-91.2774457,0.0793258653,0.0101120204,FollowWall,following_right_wall,0,14,42,0.38460204,-1,-1,-1,1,0.260608763,0.316583521,0.316583521,1,1,0,0,0
53.65,2.25606849,-2.04741081,-91.2516591,0.0793258653,0.0101120204,FollowWall,following_right_wall,0,14,42,0.38460204,-1,-1,-1,1,0.260608763,0.31265416,0.31265416,1,1,0,0,0
53.7,2.25598274,-2.05137833,-91.2245466,0.0792848171,0.0107277438,FollowWall,following_right_wall,0,14,42,0.376722723,-1,-1,-1,1,0.260527968,0.30872835,0.30872835,1,1,0,0,0
53.75,2.25589896,-2.05534415,-91.1959257,0.0792848171,0.0107277438,FollowWall,following_right_wall,0,14,42,0.376722723,-1,-1,-1,1,0.260527968,0.304806584,0.304806584,1,1,0,0,0
53.8,2.25581721,-2.05930898,-91.1664248,0.0793522702,0.00971594658,FollowWall,following_right_wall,0,14,42,0.368879408,-1,-1,-1,1,0.259935558,0.300887165,0.300887165,1,1,0,0,0
53.85,2.25573746,-2.06327466,-91.1376185,0.0793522702,0.00971594658,FollowWall,following_right_wall,0,14,42,0.368879408,-1,-1,-1,1,0.259935558,0.296965837,0.296965837,1,1,0,0,0
53.9,2.25565969,-2.06724085,-91.1092172,0.0794233341,0.00864998779,FollowWall,following_right_wall,0,14,42,0.36105305,-1,-1,-1,1,0.259351939,0.293043385,0.293043385,1,1,0,0,0
53.95,2.25558379,-2.07120883,-91.0823246,0.0794233341,0.00864998779,FollowWall,following_right_wall,0,14,42,0.36105305,-1,-1,-1,1,0.259351939,0.289116826,0.289116826,1,1,0,0,0
54,2.25550971,-2.07517787,-91.0563121,0.0794931967,0.00760205002,FollowWall,following_right_wall,0,14,42,0.353200257,-1,-1,-1,1,0.259241581,0.285187862,0.285187862,1,1,0,0,0
54.05,2.25543733,-2.079149,-91.0320639,0.0794931967,0.00760205002,FollowWall,following_right_wall,0,14,42,0.353200257,-1,-1,-1,1,0.259241581,0.281254102,0.281254102,1,1,0,0,0
54.1,2.25536657,-2.08312135,-91.0088448,0.0795539697,0.00669045426,FollowWall,following_right_wall,0,14,42,0.345235854,-1,-1,-1,1,0.258874893,0.277317536,0.277317536,1,1,0,0,0
54.15,2.25529733,-2.0870957,-90.9873142,0.0795539697,0.00669045426,FollowWall,following_right_wall,0,14,42,0.345235854,-1,-1,-1,1,0.258874893,0.273376382,0.273376382,1,1,0,0,0
54.2,2.25522953,-2.09107121,-90.9667685,0.0794659618,0.0080105732,FollowWall,following_right_wall,0,14,42,0.337279111,-1,-1,-1,1,0.258566946,0.269432543,0.269432543,1,1,0,0,0
54.25,2.25516321,-2.09504559,-90.9452216,0.0794659618,0.0080105732,FollowWall,following_right_wall,0,14,42,0.337279111,-1,-1,-1,1,0.258566946,0.265491394,0.265491394,1,1,0,0,0
54.3,2.25509842,-2.09901931,-90.9230907,0.0793856339,0.00921549215,FollowWall,following_right_wall,0,14,42,0.329354823,-1,-1,-1,1,0.258528352,0.261551806,0.261551806,1,1,0,0,0
54.35,2.25503526,-2.10299099,-90.8991808,0.0793856339,0.00921549215,FollowWall,following_right_wall,0,14,42,0.329354823,-1,-1,-1,1,0.258528352,0.257617012,0.257617012,1,1,0,0,0
54.4,2.2549738,-2.10696148,-90.8742332,0.0793190931,0.0102136031,FollowWall,following_right_wall,0,14,42,0.321467876,-1,-1,-1,1,0.258479029,0.253685007,0.253685007,1,1,0,0,0
54.45,2.25491417,-2.11092992,-90.8474888,0.0793190931,0.0102136031,FollowWall,following_right_wall,0,14,42,0.321467876,-1,-1,-1,1,0.258479029,0.249757846,0.249757846,1,1,0,0,0
54.5,2.25485645,-2.11489716,-90.8196963,0.0793433684,0.00984947386,FollowWall,following_right_wall,0,14,42,0.313618392,-1,-1,-1,1,0.258555233,0.245833502,0.245833502,1,1,0,0,0
54.55,2.25480066,-2.11886422,-90.7917271,0.0793433684,0.00984947386,FollowWall,following_right_wall,0,14,42,0.313618392,-1,-1,-1,1,0.258555233,0.241909619,0.241909619,1,1,0,0,0
54.6,2.25474681,-2.1228312,-90.7636548,0.079383412,0.0092488206,FollowWall,following_right_wall,0,14,42,0.305799603,-1,-1,-1,1,0.258283556,0.237985997,0.237985997,1,1,0,0,0
54.65,2.25469488,-2.12679896,-90.7362393,0.079383412,0.0092488206,FollowWall,following_right_wall,0,14,42,0.305799603,-1,-1,-1,1,0.258283556,0.23406058,0.23406058,1,1,0,0,0
54.7,2.25464482,-2.13076719,-90.709207,0.0793511897,0.0097321539,FollowWall,following_right_wall,0,14,42,0.297862262,-1,-1,-1,1,0.258127302,0.23013411,0.23013411,1,1,0,0,0
54.75,2.25459665,-2.13473503,-90.6818212,0.0793511897,0.0097321539,FollowWall,following_right_wall,0,14,42,0.297862262,-1,-1,-1,1,0.258127302,0.226208583,0.226208583,1,1,0,0,0
54.8,2.25455039,-2.13870266,-90.6542293,0.0793269227,0.0100961602,FollowWall,following_right_wall,0,14,42,0.289856911,-1,-1,-1,1,0.258171886,0.222283601,0.222283601,1,1,0,0,0
54.85,2.25450606,-2.14266966,-90.6260826,0.0793269227,0.0100961602,FollowWall,following_right_wall,0,14,42,0.289856911,-1,-1,-1,1,0.258171886,0.218360109,0.218360109,1,1,0,0,0
54.9,2.2544637,-2.1466363,-90.5976123,0.0793302808,0.0100457886,FollowWall,following_right_wall,0,14,42,0.281819612,-1,-1,-1,1,0.257965147,0.214437482,0.214437482,1,1,0,0,0
54.95,2.25442332,-2.15060282,-90.5690133,0.0793302808,0.0100457886,FollowWall,following_right_wall,0,14,42,0.281819612,-1,-1,-1,1,0.257965147,0.210515193,0.210515193,1,1,0,0,0
55,2.25438492,-2.15456927,-90.5403393,0,0.6,TurnLeft,front_sector_priority,0,14,42,0.273747712,-1,-1,-1,1,0.257629454,0.206593097,0.206593097,1,1,0,0,0
55.05,2.2543779,-2.15688313,-89.8074156,0,0.6,TurnLeft,front_sector_priority,0,14,42,0.273747712,-1,-1,-1,1,0.257629454,0.204817932,0.204817932,1,1,0,0,0
55.1,2.25439591,-2.15823277,-88.6636795,0,0.6,TurnLeft,front_sector_priority,0,14,42,0.269894987,-1,-1,-1,1,0.256866038,0.201701987,0.201701987,1,1,0,0,0
55.15,2.25442377,-2.15901964,-87.2803028,0,0.6,TurnLeft,front_sector_priority,0,14,42,0.269894987,-1,-1,-1,1,0.256866038,0.198800128,0.198800128,1,1,0,0,0
55.2,2.25445166,-2.15947808,-85.7571359,0,0.6,TurnLeft,front_sector_priority,0,14,42,0.268551797,-1,-1,-1,1,0.255406618,0.196041458,0.196041458,1,1,0,0,0
55.25,2.25447522,-2.15974497,-84.1524246,0,0.6,TurnLeft,front_sector_priority,0,14,42,0.268551797,-1,-1,-1,1,0.255406618,0.193385239,0.193385239,1,1,0,0,0
55.3,2.25449338,-2.15990019,-82.5001458,0,0.6,TurnLeft,front_sector_priority,0,14,42,0.268037826,-1,-1,-1,1,0.25488025,0.190808282,0.190808282,1,1,0,0,0
55.35,2.25450661,-2.1599904,-80.8201192,0,0.6,TurnLeft,front_sector_priority,0,14,42,0.268037826,-1,-1,-1,1,0.25488025,0.188297719,0.188297719,1,1,0,0,0
55.4,2.25451587,-2.16004277,-79.1239065,0,0.6,TurnLeft,front_sector_priority,0,14,42,0.267565638,-1,-1,-1,1,0.253572524,0.18584678,0.18584678,1,1,0,0,0
55.45,2.25452217,-2.16007314,-77.4182518,0,0.6,TurnLeft,front_sector_priority,0,14,42,0.267565638,-1,-1,-1,1,0.253572524,0.183452305,0.183452305,1,1,0,0,0
55.5,2.25452638,-2.16009074,-75.7070893,0,0.6,TurnLeft,front_sector_priority,0,14,42,0.267058671,-1,-1,-1,1,0.255926818,0.181113259,0.181113259,1,1,0,0,0
55.55,2.25452914,-2.16010093,-73.992714,0,0.6,TurnLeft,front_sector_priority,0,14,42,0.267058671,-1,-1,-1,1,0.255926818,0.178829854,0.178829854,1,1,0,0,0
55.6,2.25453092,-2.16010682,-72.2764644,0,0.6,TurnLeft,front_sector_priority,0,14,42,0.266599834,-1,-1,-1,1,0.258838445,0.176603021,0.176603021,1,1,0,0,0
55.65,2.25453207,-2.16011023,-70.5591216,0,0.6,TurnLeft,front_sector_priority,0,14,42,0.266599834,-1,-1,-1,1,0.258838445,0.174434099,0.174434099,1,1,0,0,0
55.7,2.2545328,-2.16011219,-68.8411411,0,0.6,TurnLeft,front_sector_priority,0,14,42,0.265979201,-1,-1,-1,1,0.263125122,0.172324647,0.172324647,1,1,0,0,0
55.75,2.25453325,-2.16011333,-67.1227885,0,0.6,TurnLeft,front_sector_priority,0,14,42,0.265979201,-1,-1,-1,1,0.263125122,0.170276329,0.170276329,1,1,0,0,0
55.8,2.25453354,-2.16011398,-65.4042189,0,0.6,TurnLeft,front_sector_priority,0,14,42,0.265022665,-1,-1,-1,1,0.267862022,0.168290852,0.168290852,1,1,0,0,0
55.85,2.25453372,-2.16011435,-63.6855228,0,0.6,TurnLeft,front_sector_priority,0,14,42,0.265022665,-1,-1,-1,1,0.267862022,0.166369921,0.166369921,1,1,0,0,0
55.9,2.25453383,-2.16011457,-61.9667528,0,0.6,TurnLeft,front_sector_priority,0,14,42,0.264613122,-1,-1,-1,1,0.273878753,0.164515217,0.164515217,1,1,0,0,0
55.95,2.2545339,-2.16011469,-60.2479397,0,0.6,TurnLeft,front_sector_priority,0,14,42,0.264613122,-1,-1,-1,1,0.273878753,0.162728381,0.162728381,1,1,0,0,0
56,2.25453394,-2.16011477,-58.5291015,0,0.6,TurnLeft,front_sector_priority,0,14,42,0.263214856,-1,-1,-1,1,0.281358182,0.161011005,0.161011005,1,1,0,0,0
56.05,2.25453397,-2.16011481,-56.8102486,0,0.6,TurnLeft,front_sector_priority,0,14,42,0.263214856,-1,-1,-1,1,0.281358182,0.159364623,0.159364623,1,1,0,0,0
56.1,2.25453398,-2.16011483,-55.0913872,0,0.6,TurnLeft,front_sector_priority,0,14,42,0.26262942,-1,-1,-1,1,0.290514886,0.157790713,0.157790713,1,1,0,0,0
56.15,2.25453399,-2.16011484,-53.3725208,0,0.6,TurnLeft,front_sector_priority,0,14,42,0.26262942,-1,-1,-1,1,0.290514886,0.156290687,0.156290687,1,1,0,0,0
56.2,2.254534,-2.16011485,-51.6536515,0,0.6,TurnLeft,front_sector_priority,0,14,42,0.262678742,-1,-1,-1,1,0.301627815,0.154865893,0.154865893,1,1,0,0,0
56.25,2.254534,-2.16011485,-49.9347805,0,0.6,TurnLeft,front_sector_priority,0,14,42,0.262678742,-1,-1,-1,1,0.301627815,0.153517612,0.153517612,1,1,0,0,0
56.3,2.254534,-2.16011486,-48.2159085,0,0.6,TurnLeft,front_sector_priority,0,14,42,0.262986332,-1,-1,-1,1,0.315062135,0.152247058,0.152247058,1,1,0,0,0
56.35,2.254534,-2.16011486,-46.4970359,0,0.6,TurnLeft,front_sector_priority,0,14,42,0.262986332,-1,-1,-1,1,0.315062135,0.151055372,0.151055372,1,1,0,0,0
56.4,2.254534,-2.16011486,-44.778163,0,0.6,TurnLeft,front_sector_priority,0,14,42,0.264179468,-1,-1,-1,1,0.313332915,0.149943627,0.149943627,1,1,0,0,0
56.45,2.25453401,-2.16011486,-43.0592899,0,0.6,TurnLeft,front_sector_priority,0,14,42,0.264179468,-1,-1,-1,1,0.313332915,0.148912824,0.148912824,1,1,0,0,0
56.5,2.25453401,-2.16011486,-41.3404167,0,0.6,TurnLeft,front_sector_priority,0,14,42,0.266293347,-1,-1,-1,1,0.312053293,0.147963889,0.147963889,1,1,0,0,0
56.55,2.25453401,-2.16011486,-39.6215434,0,0.6,TurnLeft,front_sector_priority,0,14,42,0.266293347,-1,-1,-1,1,0.312053293,0.147097678,0.147097678,1,1,0,0,0
56.6,2.25453401,-2.16011486,-37.90267,0,0.6,TurnLeft,front_sector_priority,0,14,42,0.269381672,-1,-1,-1,1,0.310362309,0.146314969,0.146314969,1,1,0,0,0
56.65,2.25453401,-2.16011486,-36.1837967,0,0.6,TurnLeft,front_sector_priority,0,14,42,0.269381672,-1,-1,-1,1,0.310362309,0.145616467,0.145616467,1,1,0,0,0
56.7,2.25453401,-2.16011486,-34.4649233,0,0.6,TurnLeft,front_sector_priority,0,14,42,0.273519516,-1,-1,-1,1,0.307492524,0.145002801,0.145002801,1,1,0,0,0
56.75,2.25453401,-2.16011486,-32.7460499,0,0.6,TurnLeft,front_sector_priority,0,14,42,0.273519516,-1,-1,-1,1,0.307492524,0.144474522,0.144474522,1,1,0,0,0
56.8,2.25453401,-2.16011486,-31.0271766,0,0.6,TurnLeft,front_sector_priority,0,14,42,0.278807163,-1,-1,-1,1,0.299392343,0.144032106,0.144032106,1,1,0,0,0
56.85,2.25453401,-2.16011486,-29.3083032,0,0.6,TurnLeft,front_sector_priority,0,14,42,0.278807163,-1,-1,-1,1,0.299392343,0.143675952,0.143675952,1,1,0,0,0
56.9,2.25453401,-2.16011486,-27.5894298,0,0.6,TurnLeft,front_sector_priority,0,14,42,0.285375714,-1,-1,-1,1,0.287526757,0.143406379,0.143406379,1,1,0,0,0
56.95,2.25453401,-2.16011486,-25.8705564,0,0.6,TurnLeft,front_sector_priority,0,14,42,0.285375714,-1,-1,-1,1,0.287526757,0.143223631,0.143223631,1,1,0,0,0
57,2.25453401,-2.16011486,-24.151683,0,0.6,TurnLeft,front_sector_priority,0,14,42,0.293394834,-1,-1,-1,1,0.277566135,0.143127872,0.143127872,1,1,0,0,0
57.05,2.25453401,-2.16011486,-22.4328096,0,0.6,TurnLeft,front_sector_priority,0,14,42,0.293394834,-1,-1,-1,1,0.277566135,0.143119187,0.143119187,1,1,0,0,0
57.1,2.25453401,-2.16011486,-20.7139363,0,0.6,TurnLeft,front_sector_priority,0,14,42,0.303083807,-1,-1,-1,1,0.268884778,0.143197586,0.143119187,1,1,0,0,0
57.15,2.25453401,-2.16011486,-18.9950629,0,0.6,TurnLeft,front_sector_priority,0,14,42,0.303083807,-1,-1,-1,1,0.268884778,0.143362996,0.143119187,1,1,0,0,0
57.2,2.25453401,-2.16011486,-17.2761895,0,0.6,TurnLeft,front_sector_priority,0,14,42,0.314726919,-1,-1,-1,1,0.261662483,0.14361527,0.143119187,1,1,0,0,0
57.25,2.25453401,-2.16011486,-15.5573161,0,0.6,TurnLeft,front_sector_priority,0,14,42,0.314726919,-1,-1,-1,1,0.261662483,0.143954181,0.143119187,1,1,0,0,0
57.3,2.25453401,-2.16011486,-13.8384427,0,0.6,TurnLeft,front_sector_priority,0,14,42,0.328695744,-1,-1,-1,1,0.255638599,0.144379423,0.143119187,1,1,0,0,0
57.35,2.25453401,-2.16011486,-12.1195693,0,0.6,TurnLeft,front_sector_priority,0,14,42,0.328695744,-1,-1,-1,1,0.255638599,0.144890613,0.143119187,1,1,0,0,0
57.4,2.25453401,-2.16011486,-10.4006959,0,0.6,TurnLeft,front_sector_priority,0,14,42,0.345482051,-1,-1,-1,1,0.249784812,0.145487292,0.143119187,1,1,0,0,0
57.45,2.25453401,-2.16011486,-8.68182256,0,0.6,TurnLeft,front_sector_priority,0,14,42,0.345482051,-1,-1,-1,1,0.249784812,0.146168923,0.143119187,1,1,0,0,0
57.5,2.25453401,-2.16011486,-6.96294918,0,0.6,TurnLeft,front_sector_priority,0,14,42,0.365746886,-1,-1,-1,1,0.247650519,0.146934893,0.143119187,1,1,0,0,0
57.55,2.25453401,-2.16011486,-5.24407579,0,0.6,TurnLeft,front_sector_priority,0,14,42,0.365746886,-1,-1,-1,1,0.247650519,0.147784511,0.143119187,1,1,0,0,0
57.6,2.25453401,-2.16011486,-3.52520241,0.0740355996,0.0894660059,FollowWall,following_right_wall,0,14,42,0.390396714,-1,-1,-1,1,0.244699344,0.148717013,0.143119187,1,1,0,0,0
57.65,2.25607434,-2.16019479,-2.41573409,0.0740355996,0.0894660059,FollowWall,following_right_wall,0,14,42,0.390396714,-1,-1,-1,1,0.244699344,0.149282604,0.143119187,1,1,0,0,0
57.7,2.25851494,-2.16028167,-1.66175206,0.076614047,0.050789295,FollowWall,following_right_wall,0,14,42,0.405662775,-1,-1,-1,1,0.243539557,0.149653799,0.143119187,1,1,0,0,0
57.75,2.26153474,-2.16035608,-1.16130395,0.076614047,0.050789295,FollowWall,following_right_wall,0,14,42,0.405662775,-1,-1,-1,1,0.243539557,0.149892047,0.143119187,1,1,0,0,0
57.8,2.26489245,-2.16041381,-0.808750633,0.0777705111,0.0334423342,FollowWall,following_right_wall,0,14,42,0.413092017,-1,-1,-1,1,0.242903665,0.150058689,0.143119187,1,1,0,0,0
57.85,2.26847137,-2.16045666,-0.563175685,0.0777705111,0.0334423342,FollowWall,following_right_wall,0,14,42,0.413092017,-1,-1,-1,1,0.242903665,0.150174132,0.143119187,1,1,0,0,0
57.9,2.27217931,-2.16048718,-0.380004786,0.0784715902,0.0229261471,FollowWall,following_right_wall,0,14,42,0.416921079,-1,-1,-1,1,0.24268347,0.150262749,0.143119187,1,1,0,0,0
57.95,2.27597712,-2.16050792,-0.245789023,0.0784715902,0.0229261471,FollowWall,following_right_wall,0,14,42,0.416921079,-1,-1,-1,1,0.24268347,0.150329884,0.143119187,1,1,0,0,0
58,2.27982734,-2.16052089,-0.140130422,0.0789260225,0.0161096618,FollowWall,following_right_wall,0,14,42,0.419098198,-1,-1,-1,1,0.242306262,0.15038644,0.143119187,1,1,0,0,0
58.05,2.28371761,-2.16052766,-0.0592667464,0.0789260225,0.0161096618,FollowWall,following_right_wall,0,14,42,0.419098198,-1,-1,-1,1,0.242306262,0.150433083,0.143119187,1,1,0,0,0
58.1,2.28763122,-2.16052944,0.00713322368,0.0792622112,0.0110668323,FollowWall,following_right_wall,0,14,42,0.420467854,-1,-1,-1,1,0.241950452,0.150457864,0.143119187,1,1,0,0,0
58.15,2.29156546,-2.16052717,0.0590765976,0.0792622112,0.0110668323,FollowWall,following_right_wall,0,14,42,0.420467854,-1,-1,-1,1,0.241950452,0.150367712,0.143119187,1,1,0,0,0
58.2,2.29551173,-2.1605216,0.102586957,0.0794737811,0.00789328282,FollowWall,following_right_wall,0,14,42,0.421395838,-1,-1,-1,1,0.241915703,0.150295916,0.143119187,1,1,0,0,0
58.25,2.29946941,-2.16051331,0.137389912,0.0794737811,0.00789328282,FollowWall,following_right_wall,0,14,42,0.421395838,-1,-1,-1,1,0.241915703,0.15024236,0.143119187,1,1,0,0,0
58.3,2.30343376,-2.16050278,0.167113549,0.079548228,0.00677657955,FollowWall,following_right_wall,0,14,42,0.422072202,-1,-1,-1,1,0.242201716,0.150200102,0.143119187,1,1,0,0,0
58.35,2.30740353,-2.16049032,0.192541283,0.079548228,0.00677657955,FollowWall,following_right_wall,0,14,42,0.422072202,-1,-1,-1,1,0.242201716,0.150167419,0.143119187,1,1,0,0,0
58.4,2.31137648,-2.16047617,0.215463073,0.0796050329,0.00592450681,FollowWall,following_right_wall,0,14,42,0.422635019,-1,-1,-1,1,0.242350444,0.150140885,0.143119187,1,1,0,0,0
58.45,2.31535245,-2.16046051,0.235905977,0.0796050329,0.00592450681,FollowWall,following_right_wall,0,14,42,0.422635019,-1,-1,-1,1,0.242350444,0.150120279,0.143119187,1,1,0,0,0
58.5,2.31933019,-2.16044347,0.254902863,0.0796542266,0.00518660155,FollowWall,following_right_wall,0,14,42,0.423152506,-1,-1,-1,1,0.242404044,0.150103624,0.143119187,1,1,0,0,0
58.55,2.32330998,-2.16042517,0.27217543,0.0796542266,0.00518660155,FollowWall,following_right_wall,0,14,42,0.423152506,-1,-1,-1,1,0.242404044,0.150091304,0.143119187,1,1,0,0,0
58.6,2.32729096,-2.16040569,0.288442143,0.0797892476,0.00316128567,FollowWall,following_right_wall,0,14,42,0.423651993,-1,-1,-1,1,0.242670909,0.150081945,0.143119187,1,1,0,0,0
58.65,2.33127545,-2.16038517,0.301704566,0.0797892476,0.00316128567,FollowWall,following_right_wall,0,14,42,0.423651993,-1,-1,-1,1,0.242670909,0.150078962,0.143119187,1,1,0,0,0
58.7,2.33526199,-2.16036378,0.313214486,0.0799827491,0.00025876391,FollowWall,following_right_wall,0,14,42,0.424101949,-1,-1,-1,1,0.242735296,0.15007996,0.143119187,1,1,0,0,0
58.75,2.33925375,-2.16034171,0.320237483,0.0799827491,0.00025876391,FollowWall,following_right_wall,0,14,42,0.424101949,-1,-1,-1,1,0.242735296,0.150089585,0.143119187,1,1,0,0,0
58.8,2.34324855,-2.16031923,0.324643108,0.0799993265,-1.01032487e-05,FollowWall,following_right_wall,0,14,42,0.424452335,-1,-1,-1,1,0.242876396,0.150104262,0.143119187,1,1,0,0,0
58.85,2.34724548,-2.16029649,0.327200996,0.0799993265,-1.01032487e-05,FollowWall,following_right_wall,0,14,42,0.424452335,-1,-1,-1,1,0.242876396,0.150122467,0.143119187,1,1,0,0,0
58.9,2.35124365,-2.16027361,0.328681037,0.0799897894,-0.000153158389,FollowWall,following_right_wall,0,14,42,0.424758703,-1,-1,-1,1,0.242957324,0.15014273,0.143119187,1,1,0,0,0
58.95,2.35524234,-2.16025065,0.329361575,0.0799897894,-0.000153158389,FollowWall,following_right_wall,0,14,42,0.424758703,-1,-1,-1,1,0.242957324,0.150164487,0.143119187,1,1,0,0,0
59,2.35924133,-2.16022765,0.329575736,0.0799386276,-0.000920585403,FollowWall,following_right_wall,0,14,42,0.425060838,-1,-1,-1,1,0.242894992,0.150187104,0.143119187,1,1,0,0,0
59.05,2.36323944,-2.16020469,0.328601796,0.0799386276,-0.000920585403,FollowWall,following_right_wall,0,14,42,0.425060838,-1,-1,-1,1,0.242894992,0.150211793,0.143119187,1,1,0,0,0
59.1,2.36723703,-2.16018182,0.326934796,0.0797755958,-0.00336606323,FollowWall,following_right_wall,0,14,42,0.425352126,-1,-1,-1,1,0.242589325,0.150237615,0.143119187,1,1,0,0,0
59.15,2.37123092,-2.1601592,0.321944437,0.0797755958,-0.00336606323,FollowWall,following_right_wall,0,14,42,0.425352126,-1,-1,-1,1,0.242589325,0.150269071,0.143119187,1,1,0,0,0
59.2,2.37522266,-2.16013701,0.315015453,0.0797548687,-0.0036769697,FollowWall,following_right_wall,0,14,42,0.425570995,-1,-1,-1,1,0.242466435,0.150303534,0.143119187,1,1,0,0,0
59.25,2.37921271,-2.16011537,0.306584486,0.0797548687,-0.0036769697,FollowWall,following_right_wall,0,14,42,0.425570995,-1,-1,-1,1,0.242466435,0.150340116,0.143119187,1,1,0,0,0
59.3,2.38320178,-2.16009435,0.297277363,0.0797761585,-0.00335762295,FollowWall,following_right_wall,0,14,42,0.425748289,-1,-1,-1,1,0.242836833,0.15037763,0.143119187,1,1,0,0,0
59.35,2.38719072,-2.16007398,0.28784034,0.0797761585,-0.00335762295,FollowWall,following_right_wall,0,14,42,0.425748289,-1,-1,-1,1,0.242836833,0.150414723,0.143119187,1,1,0,0,0
59.4,2.39117959,-2.16005427,0.278327543,0.0797997336,-0.00300399545,FollowWall,following_right_wall,0,14,42,0.42592749,-1,-1,-1,1,0.243040606,0.150451293,0.143119187,1,1,0,0,0
59.45,2.39516891,-2.16003521,0.269192656,0.0797997336,-0.00300399545,FollowWall,following_right_wall,0,14,42,0.42592749,-1,-1,-1,1,0.243040606,0.150486549,0.143119187,1,1,0,0,0
59.5,2.39915849,-2.16001677,0.260278217,0.0797114308,-0.00432853791,FollowWall,following_right_wall,0,14,42,0.426127583,-1,-1,-1,1,0.242912188,0.150520788,0.143119187,1,1,0,0,0
59.55,2.40314638,-2.15999902,0.249911316,0.0797114308,-0.00432853791,FollowWall,following_right_wall,0,14,42,0.426127583,-1,-1,-1,1,0.242912188,0.150556927,0.143119187,1,1,0,0,0
59.6,2.40713329,-2.15998202,0.238697145,0.0795900891,-0.00614866321,FollowWall,following_right_wall,0,14,42,0.421709359,-1,-1,-1,1,0.243068531,0.150593817,0.143119187,1,1,0,0,0
59.65,2.41111711,-2.15996591,0.224816119,0.0795900891,-0.00614866321,FollowWall,following_right_wall,0,14,42,0.421709359,-1,-1,-1,1,0.243068531,0.150634555,0.143119187,1,1,0,0,0
59.7,2.41509912,-2.15995082,0.209379428,0.0794815918,-0.00777612284,FollowWall,following_right_wall,0,14,42,0.413641423,-1,-1,-1,1,0.243060261,0.150677033,0.143119187,1,1,0,0,0
59.75,2.41907782,-2.15993691,0.191092629,0.0794815918,-0.00777612284,FollowWall,following_right_wall,0,14,42,0.413641423,-1,-1,-1,1,0.243060261,0.150723393,0.143119187,1,1,0,0,0
59.8,2.42305458,-2.15992434,0.171143267,0.0794916926,-0.00762461065,FollowWall,following_right_wall,0,14,42,0.405581862,-1,-1,-1,1,0.242980361,0.150771381,0.143119187,1,1,0,0,0
59.85,2.42703044,-2.15991319,0.15040493,0.0794916926,-0.00762461065,FollowWall,following_right_wall,0,14,42,0.405581862,-1,-1,-1,1,0.242980361,0.150819366,0.143119187,1,1,0,0,0
59.9,2.43100576,-2.15990349,0.129206358,0.0795638905,-0.00654164274,FollowWall,following_right_wall,0,14,42,0.39755711,-1,-1,-1,1,0.242797911,0.150866724,0.143119187,1,1,0,0,0
59.95,2.43498228,-2.15989522,0.109032014,0.0795638905,-0.00654164274,FollowWall,following_right_wall,0,14,42,0.39755711,-1,-1,-1,1,0.242797911,0.150910841,0.143119187,1,1,0,0,0
60,2.43895949,-2.15988833,0.0894551356,0.0796367558,-0.00544866296,FollowWall,following_right_wall,0,14,42,0.389562815,-1,-1,-1,1,0.242894351,0.150952529,0.143119187,1,1,0,0,0
60.05,2.44293863,-2.15988274,0.0715314276,0.0796367558,-0.00544866296,FollowWall,following_right_wall,0,14,42,0.389562815,-1,-1,-1,1,0.242894351,0.150989988,0.143119187,1,1,0,0,0
60.1,2.4469189,-2.15987836,0.0545720689,0.0797065861,-0.00440120824,FollowWall,following_right_wall,0,14,42,0.381508231,-1,-1,-1,1,0.242796823,0.151024531,0.143119187,1,1,0,0,0
60.15,2.45090127,-2.15987509,0.0394255543,0.0797065861,-0.00440120824,FollowWall,following_right_wall,0,14,42,0.381508231,-1,-1,-1,1,0.242796823,0.151054743,0.143119187,1,1,0,0,0
60.2,2.45488488,-2.15987284,0.0253365321,0.079656021,-0.0051596857,FollowWall,following_right_wall,0,14,42,0.373421013,-1,-1,-1,1,0.242921472,0.151082063,0.143119187,1,1,0,0,0
60.25,2.45886815,-2.15987158,0.0109590147,0.079656021,-0.0051596857,FollowWall,following_right_wall,0,14,42,0.373421013,-1,-1,-1,1,0.242921472,0.151108913,0.143119187,1,1,0,0,0
60.3,2.46285123,-2.15987132,-0.00358679156,0.0795782508,-0.00632623759,FollowWall,following_right_wall,0,14,42,0.3653633,-1,-1,-1,1,0.242977008,0.151126299,0.143119187,1,1,0,0,0
60.35,2.46683257,-2.15987213,-0.0196232351,0.0795782508,-0.00632623759,FollowWall,following_right_wall,0,14,42,0.3653633,-1,-1,-1,1,0.242977008,0.151114862,0.143119187,1,1,0,0,0
60.4,2.4708129,-2.15987408,-0.0365292171,0.0795116976,-0.00732453579,FollowWall,following_right_wall,0,14,42,0.357341528,-1,-1,-1,1,0.243137002,0.151101712,0.143119187,1,1,0,0,0
60.45,2.47479125,-2.15987726,-0.0551340604,0.0795116976,-0.00732453579,FollowWall,following_right_wall,0,14,42,0.357341528,-1,-1,-1,1,0.243137002,0.151086213,0.143119187,1,1,0,0,0
60.5,2.47876844,-2.15988177,-0.0747299063,0.0795186408,-0.00722038726,FollowWall,following_right_wall,0,14,42,0.349309146,-1,-1,-1,1,0.243517026,0.151068744,0.143119187,1,1,0,0,0
60.55,2.48274511,-2.15988765,-0.0947795188,0.0795186408,-0.00722038726,FollowWall,following_right_wall,0,14,42,0.349309146,-1,-1,-1,1,0.243517026,0.15104961,0.143119187,1,1,0,0,0
60.6,2.48672147,-2.15989493,-0.115093829,0.0794864302,-0.00770354743,FollowWall,following_right_wall,0,14,42,0.341302693,-1,-1,-1,1,0.243642911,0.151028912,0.143119187,1,1,0,0,0
60.65,2.49069697,-2.15990365,-0.136139275,0.0794864302,-0.00770354743,FollowWall,following_right_wall,0,14,42,0.341302693,-1,-1,-1,1,0.243642911,0.15100631,0.143119187,1,1,0,0,0
60.7,2.49467197,-2.15991384,-0.157611218,0.0794591806,-0.00811229081,FollowWall,following_right_wall,0,14,42,0.333330005,-1,-1,-1,1,0.243659705,0.150981965,0.143119187,1,1,0,0,0
60.75,2.49864611,-2.15992554,-0.179819852,0.0794591806,-0.00811229081,FollowWall,following_right_wall,0,14,42,0.333330005,-1,-1,-1,1,0.243659705,0.150955635,0.143119187,1,1,0,0,0
60.8,2.50261975,-2.1599388,-0.202458222,0.0796416404,-0.00537539358,FollowWall,following_right_wall,0,14,42,0.325391352,-1,-1,-1,1,0.243590996,0.150927482,0.143119187,1,1,0,0,0
60.85,2.50659689,-2.15995353,-0.222080341,0.0796416404,-0.00537539358,FollowWall,following_right_wall,0,14,42,0.325391352,-1,-1,-1,1,0.243590996,0.150899847,0.143119187,1,1,0,0,0
60.9,2.51057608,-2.15996958,-0.239942981,0.0798516098,-0.00222585366,FollowWall,following_right_wall,0,14,42,0.31747514,-1,-1,-1,1,0.24368678,0.150872068,0.143119187,1,1,0,0,0
60.95,2.51456082,-2.15998672,-0.253019771,0.0798516098,-0.00222585366,FollowWall,following_right_wall,0,14,42,0.31747514,-1,-1,-1,1,0.24368678,0.15084634,0.143119187,1,1,0,0,0
61,2.51854882,-2.16000469,-0.263304816,0.0799738938,-0.000391592995,FollowWall,following_right_wall,0,14,42,0.309573114,-1,-1,-1,1,0.243328035,0.150821622,0.143119187,1,1,0,0,0
61.05,2.52254125,-2.16002326,-0.269771855,0.0799738938,-0.000391592995,FollowWall,following_right_wall,0,14,42,0.309573114,-1,-1,-1,1,0.243328035,0.150798807,0.143119187,1,1,0,0,0
61.1,2.52653627,-2.16004222,-0.274011725,0.0798521947,0.00221707953,FollowWall,following_right_wall,0,14,42,0.301686436,-1,-1,-1,1,0.242936522,0.150777068,0.143119187,1,1,0,0,0
61.15,2.53053027,-2.16006131,-0.273838538,0.0798521947,0.00221707953,FollowWall,following_right_wall,0,14,42,0.301686436,-1,-1,-1,1,0.242936522,0.150758086,0.143119187,1,1,0,0,0
61.2,2.53452367,-2.1600803,-0.271091068,0.0797012823,0.00448076493,FollowWall,following_right_wall,0,14,42,0.293829054,-1,-1,-1,1,0.242789194,0.150740898,0.143119187,1,1,0,0,0
61.25,2.53851358,-2.16009894,-0.264139859,0.0797012823,0.00448076493,FollowWall,following_right_wall,0,14,42,0.293829054,-1,-1,-1,1,0.242789194,0.150726822,0.143119187,1,1,0,0,0
61.3,2.54250145,-2.160117,-0.254736467,0.0795748389,0.00637741599,FollowWall,following_right_wall,0,14,42,0.286009341,-1,-1,-1,1,0.242675811,0.150714935,0.143119187,1,1,0,0,0
61.35,2.54648551,-2.16013426,-0.241638676,0.0795748389,0.00637741599,FollowWall,following_right_wall,0,14,42,0.286009341,-1,-1,-1,1,0.242675811,0.150706275,0.143119187,1,1,0,0,0
61.4,2.55046734,-2.16015052,-0.226385818,0,0.6,TurnLeft,front_sector_priority,0,14,42,0.278165728,-1,-1,-1,1,0.242583841,0.150700031,0.143119187,1,1,0,0,0
61.45,2.55279009,-2.160145,0.498708926,0,0.6,TurnLeft,front_sector_priority,0,14,42,0.278165728,-1,-1,-1,1,0.242583841,0.149970564,0.143119187,1,1,0,0,0
61.5,2.55414479,-2.16011974,1.6378781,0,0.6,TurnLeft,front_sector_priority,0,14,42,0.274191439,-1,-1,-1,1,0.242404029,0.148001213,0.143119187,1,1,0,0,0
61.55,2.55493452,-2.16008763,3.0185907,0,0.6,TurnLeft,front_sector_priority,0,14,42,0.274191439,-1,-1,-1,1,0.242404029,0.145664541,0.143119187,1,1,0,0,0
61.6,2.55539457,-2.16005724,4.54020363,0,0.6,TurnLeft,front_sector_priority,0,14,42,0.272578061,-1,-1,-1,1,0.240884811,0.143147864,0.143119187,1,1,0,0,0
61.65,2.55566235,-2.1600322,6.14400841,0,0.6,TurnLeft,front_sector_priority,0,14,42,0.272578061,-1,-1,-1,1,0.240884811,0.140562181,0.140562181,1,1,0,0,0
61.7,2.55581808,-2.16001316,7.79575845,0,0.6,TurnLeft,front_sector_priority,0,14,42,0.272269785,-1,-1,-1,1,0.239693224,0.137973881,0.137973881,1,1,0,0,0
61.75,2.55590856,-2.15999942,9.47547654,0,0.6,TurnLeft,front_sector_priority,0,14,42,0.272269785,-1,-1,-1,1,0.239693224,0.135423088,0.135423088,1,1,0,0,0
61.8,2.55596108,-2.15998985,11.1715093,0,0.6,TurnLeft,front_sector_priority,0,14,42,0.271476835,-1,-1,-1,1,0.238831699,0.132934407,0.132934407,1,1,0,0,0
61.85,2.55599154,-2.15998336,12.8770591,0,0.6,TurnLeft,front_sector_priority,0,14,42,0.271476835,-1,-1,-1,1,0.238831699,0.13052324,0.13052324,1,1,0,0,0
61.9,2.55600919,-2.15997905,14.5881603,0,0.6,TurnLeft,front_sector_priority,0,14,42,0.2712107,-1,-1,-1,1,0.240408376,0.128199521,0.128199521,1,1,0,0,0
61.95,2.5560194,-2.15997623,16.3024999,0,0.6,TurnLeft,front_sector_priority,0,14,42,0.2712107,-1,-1,-1,1,0.240408376,0.125969913,0.125969913,1,1,0,0,0
62,2.55602531,-2.15997441,18.0187286,0,0.6,TurnLeft,front_sector_priority,0,14,42,0.270604879,-1,-1,-1,1,0.242938399,0.123839117,0.123839117,1,1,0,0,0
62.05,2.55602872,-2.15997324,19.7360593,0,0.6,TurnLeft,front_sector_priority,0,14,42,0.270604879,-1,-1,-1,1,0.242938399,0.121810634,0.121810634,1,1,0,0,0
62.1,2.55603069,-2.1599725,21.4540327,0,0.6,TurnLeft,front_sector_priority,0,14,42,0.269856691,-1,-1,-1,1,0.24649924,0.119887219,0.119887219,1,1,0,0,0
62.15,2.55603182,-2.15997203,23.1723812,0,0.6,TurnLeft,front_sector_priority,0,14,42,0.269856691,-1,-1,-1,1,0.24649924,0.118071152,0.118071152,1,1,0,0,0
62.2,2.55603248,-2.15997174,24.8909483,0,0.6,TurnLeft,front_sector_priority,0,14,42,0.269257277,-1,-1,-1,1,0.251189649,0.116364385,0.116364385,1,1,0,0,0
62.25,2.55603285,-2.15997156,26.6096431,0,0.6,TurnLeft,front_sector_priority,0,14,42,0.269257277,-1,-1,-1,1,0.251189649,0.114768644,0.114768644,1,1,0,0,0
62.3,2.55603307,-2.15997145,28.3284123,0,0.6,TurnLeft,front_sector_priority,0,14,42,0.268276751,-1,-1,-1,1,0.257138073,0.113285474,0.113285474,1,1,0,0,0
62.35,2.55603319,-2.15997138,30.0472249,0,0.6,TurnLeft,front_sector_priority,0,14,42,0.268276751,-1,-1,-1,1,0.257138073,0.111916273,0.111916273,1,1,0,0,0
62.4,2.55603326,-2.15997134,31.7660628,0,0.6,TurnLeft,front_sector_priority,0,14,42,0.267313033,-1,-1,-1,1,0.264511198,0.110662313,0.110662313,1,1,0,0,0
62.45,2.55603331,-2.15997131,33.4849155,0,0.6,TurnLeft,front_sector_priority,0,14,42,0.267313033,-1,-1,-1,1,0.264511198,0.109524744,0.109524744,1,1,0,0,0
62.5,2.55603333,-2.15997129,35.2037768,0,0.6,TurnLeft,front_sector_priority,0,14,42,0.266427338,-1,-1,-1,1,0.273525327,0.108504601,0.108504601,1,1,0,0,0
62.55,2.55603334,-2.15997129,36.9226432,0,0.6,TurnLeft,front_sector_priority,0,14,42,0.266427338,-1,-1,-1,1,0.273525327,0.107602811,0.107602811,1,1,0,0,0
62.6,2.55603335,-2.15997128,38.6415124,0,0.6,TurnLeft,front_sector_priority,0,14,42,0.266420871,-1,-1,-1,1,0.284462154,0.106820189,0.106820189,1,1,0,0,0
62.65,2.55603335,-2.15997128,40.3603834,0,0.6,TurnLeft,front_sector_priority,0,14,42,0.266420871,-1,-1,-1,1,0.284462154,0.106157442,0.106157442,1,1,0,0,0
62.7,2.55603336,-2.15997127,42.0792554,0,0.6,TurnLeft,front_sector_priority,0,14,42,0.267304629,-1,-1,-1,1,0.297691703,0.105615168,0.105615168,1,1,0,0,0
62.75,2.55603336,-2.15997127,43.798128,0,0.6,TurnLeft,front_sector_priority,0,14,42,0.267304629,-1,-1,-1,1,0.297691703,0.105193856,0.105193856,1,1,0,0,0
62.8,2.55603336,-2.15997127,45.5170009,0,0.6,TurnLeft,front_sector_priority,0,14,42,0.26910612,-1,-1,-1,1,0.305702895,0.104893886,0.104893886,1,1,0,0,0
62.85,2.55603336,-2.15997127,47.235874,0,0.6,TurnLeft,front_sector_priority,0,14,42,0.26910612,-1,-1,-1,1,0.305702895,0.104715528,0.104715528,1,1,0,0,0
62.9,2.55603336,-2.15997127,48.9547472,0,0.6,TurnLeft,front_sector_priority,0,14,42,0.271870822,-1,-1,-1,1,0.30700314,0.104658942,0.104658942,1,1,0,0,0
62.95,2.55603336,-2.15997127,50.6736205,0,0.6,TurnLeft,front_sector_priority,0,14,42,0.271870822,-1,-1,-1,1,0.30700314,0.10472418,0.104658942,1,1,0,0,0
63,2.55603336,-2.15997127,52.3924939,0,0.6,TurnLeft,front_sector_priority,0,14,42,0.27566433,-1,-1,-1,1,0.30400753,0.104911183,0.104658942,1,1,0,0,0
63.05,2.55603336,-2.15997127,54.1113672,0,0.6,TurnLeft,front_sector_priority,0,14,42,0.27566433,-1,-1,-1,1,0.30400753,0.105219782,0.104658942,1,1,0,0,0
63.1,2.55603336,-2.15997127,55.8302406,0,0.6,TurnLeft,front_sector_priority,0,14,42,0.280575901,-1,-1,-1,1,0.303144366,0.1056497,0.104658942,1,1,0,0,0
63.15,2.55603336,-2.15997127,57.5491139,0,0.6,TurnLeft,front_sector_priority,0,14,42,0.280575901,-1,-1,-1,1,0.303144366,0.106200551,0.104658942,1,1,0,0,0
63.2,2.55603336,-2.15997127,59.2679873,0,0.6,TurnLeft,front_sector_priority,0,14,42,0.286723107,-1,-1,-1,1,0.302405119,0.106871837,0.104658942,1,1,0,0,0
63.25,2.55603336,-2.15997127,60.9868607,0,0.6,TurnLeft,front_sector_priority,0,14,42,0.286723107,-1,-1,-1,1,0.302405119,0.107662956,0.104658942,1,1,0,0,0
63.3,2.55603336,-2.15997127,62.7057341,0,0.6,TurnLeft,front_sector_priority,0,14,42,0.294258654,-1,-1,-1,1,0.29150331,0.108573195,0.104658942,1,1,0,0,0
63.35,2.55603336,-2.15997127,64.4246075,0,0.6,TurnLeft,front_sector_priority,0,14,42,0.294258654,-1,-1,-1,1,0.29150331,0.109601735,0.104658942,1,1,0,0,0
63.4,2.55603336,-2.15997127,66.1434809,0,0.6,TurnLeft,front_sector_priority,0,14,42,0.303379744,-1,-1,-1,1,0.281893998,0.110747651,0.104658942,1,1,0,0,0
63.45,2.55603336,-2.15997127,67.8623542,0,0.6,TurnLeft,front_sector_priority,0,14,42,0.303379744,-1,-1,-1,1,0.281893998,0.112009911,0.104658942,1,1,0,0,0
63.5,2.55603336,-2.15997127,69.5812276,0,0.6,TurnLeft,front_sector_priority,0,14,42,0.314209044,-1,-1,-1,1,0.273680747,0.113387379,0.104658942,1,1,0,0,0
63.55,2.55603336,-2.15997127,71.300101,0,0.6,TurnLeft,front_sector_priority,0,14,42,0.314209044,-1,-1,-1,1,0.273680747,0.114878816,0.104658942,1,1,0,0,0
63.6,2.55603336,-2.15997127,73.0189744,0,0.6,TurnLeft,front_sector_priority,0,14,42,0.326734632,-1,-1,-1,1,0.266061962,0.11648288,0.104658942,1,1,0,0,0
63.65,2.55603336,-2.15997127,74.7378478,0,0.6,TurnLeft,front_sector_priority,0,14,42,0.326734632,-1,-1,-1,1,0.266061962,0.118198126,0.104658942,1,1,0,0,0
63.7,2.55603336,-2.15997127,76.4567212,0,0.6,TurnLeft,front_sector_priority,0,14,42,0.341763705,-1,-1,-1,1,0.259405047,0.120023011,0.104658942,1,1,0,0,0
63.75,2.55603336,-2.15997127,78.1755946,0,0.6,TurnLeft,front_sector_priority,0,14,42,0.341763705,-1,-1,-1,1,0.259405047,0.121955894,0.104658942,1,1,0,0,0
63.8,2.55603336,-2.15997127,79.8944679,0,0.6,TurnLeft,front_sector_priority,0,14,42,0.359842449,-1,-1,-1,1,0.2544429,0.123995034,0.104658942,1,1,0,0,0
63.85,2.55603336,-2.15997127,81.6133413,0,0.6,TurnLeft,front_sector_priority,0,14,42,0.359842449,-1,-1,-1,1,0.2544429,0.126138597,0.104658942,1,1,0,0,0
63.9,2.55603336,-2.15997127,83.3322147,0.0711427795,0.132858308,FollowWall,following_right_wall,0,14,42,0.381326884,-1,-1,-1,1,0.251477361,0.128384653,0.104658942,1,1,0,0,0
63.95,2.55619053,-2.15849749,84.4934788,0.0711427795,0.132858308,FollowWall,following_right_wall,0,14,42,0.381326884,-1,-1,-1,1,0.251477361,0.13143286,0.104658942,1,1,0,0,0
64,2.55639867,-2.15616001,85.3294707,0.0737404236,0.0938936466,FollowWall,following_right_wall,0,14,42,0.394932896,-1,-1,-1,1,0.249760702,0.134931788,0.104658942,1,1,0,0,0
64.05,2.55662007,-2.15326328,85.92921,0.0737404236,0.0938936466,FollowWall,following_right_wall,0,14,42,0.394932896,-1,-1,-1,1,0.249760702,0.138676042,0.104658942,1,1,0,0,0
64.1,2.55683644,-2.15003958,86.3911352,0.0751710912,0.0724336313,FollowWall,following_right_wall,0,14,42,0.402374864,-1,-1,-1,1,0.248717353,0.142560583,0.104658942,1,1,0,0,0
64.15,2.55704295,-2.14659498,86.7470528,0.0751710912,0.0724336313,FollowWall,following_right_wall,0,14,42,0.402374864,-1,-1,-1,1,0.248717353,0.146519134,0.104658942,1,1,0,0,0
64.2,2.55723687,-2.14302122,87.0411327,0.0759450048,0.0608249276,FollowWall,following_right_wall,0,14,42,0.406862915,-1,-1,-1,1,0.247315794,0.150520668,0.104658942,1,1,0,0,0
64.25,2.5574185,-2.13935577,87.2852837,0.0759450048,0.0608249276,FollowWall,following_right_wall,0,14,42,0.406862915,-1,-1,-1,1,0.247315794,0.154543395,0.104658942,1,1,0,0,0
64.3,2.55758785,-2.13563663,87.5003096,0.076460199,0.0530970157,FollowWall,following_right_wall,0,14,42,0.409933984,-1,-1,-1,1,0.246734217,0.158578783,0.104658942,1,1,0,0,0
64.35,2.55774585,-2.13187528,87.6891212,0.076460199,0.0530970157,FollowWall,following_right_wall,0,14,42,0.409933984,-1,-1,-1,1,0.246734217,0.162619056,0.104658942,1,1,0,0,0
64.4,2.55789289,-2.12808916,87.8626412,0.0768742541,0.046886188,FollowWall,following_right_wall,0,14,42,0.412282884,-1,-1,-1,1,0.246162161,0.166662523,0.104658942,1,1,0,0,0
64.45,2.55802983,-2.12427984,88.0198275,0.0768742541,0.046886188,FollowWall,following_right_wall,0,14,42,0.412282884,-1,-1,-1,1,0.246162161,0.170705799,0.104658942,1,1,0,0,0
64.5,2.55815707,-2.12045687,88.1674858,0.0773903634,0.0391445487,FollowWall,following_right_wall,0,14,42,0.41420579,-1,-1,-1,1,0.245692983,0.174749262,0.104658942,1,1,0,0,0
64.55,2.55827553,-2.11661509,88.3003451,0.0773903634,0.0391445487,FollowWall,following_right_wall,0,14,42,0.41420579,-1,-1,-1,1,0.245692983,0.178790025,0.104658942,1,1,0,0,0
64.6,2.55838567,-2.11276227,88.4245717,0.0778342784,0.0324858239,FollowWall,following_right_wall,0,14,42,0.41576165,-1,-1,-1,1,0.245442241,0.182829418,0.104658942,1,1,0,0,0
64.65,2.55848831,-2.10889368,88.5358144,0.0778342784,0.0324858239,FollowWall,following_right_wall,0,14,42,0.41576165,-1,-1,-1,1,0.245442241,0.186865488,0.104658942,1,1,0,0,0
64.7,2.55858392,-2.10501584,88.639483,0.0780149595,0.0297756069,FollowWall,following_right_wall,0,14,42,0.416979909,-1,-1,-1,1,0.245185599,0.190899761,0.104658942,1,1,0,0,0
64.75,2.55867298,-2.10112879,88.7354984,0.0780149595,0.0297756069,FollowWall,following_right_wall,0,14,42,0.416979909,-1,-1,-1,1,0.245185599,0.194932003,0.104658942,1,1,0,0,0
64.8,2.55875579,-2.09723632,88.8270494,0.0783240614,0.0251390788,FollowWall,following_right_wall,0,14,42,0.417983264,-1,-1,-1,1,0.244759306,0.198963187,0.104658942,1,1,0,0,0
64.85,2.55883284,-2.09333421,88.9104617,0.0783240614,0.0251390788,FollowWall,following_right_wall,0,14,42,0.417983264,-1,-1,-1,1,0.244759306,0.202991911,0.104658942,1,1,0,0,0
64.9,2.55890448,-2.08942643,88.9891264,0.0785898839,0.0211517413,FollowWall,following_right_wall,0,14,42,0.418782026,-1,-1,-1,1,0.244289964,0.207019288,0.104658942,1,1,0,0,0
64.95,2.55897115,-2.0855098,89.0602622,0.0785898839,0.0211517413,FollowWall,following_right_wall,0,14,42,0.418782026,-1,-1,-1,1,0.244289964,0.211044253,0.104658942,1,1,0,0,0
65,2.5590332,-2.08158796,89.1270062,0.0787430625,0.0188540624,FollowWall,following_right_wall,0,14,42,0.419382989,-1,-1,-1,1,0.244080067,0.215067872,0.104658942,1,1,0,0,0
65.05,2.55909095,-2.07765988,89.1884455,0.0787430625,0.0188540624,FollowWall,following_right_wall,0,14,42,0.419382989,-1,-1,-1,1,0.244080067,0.219089769,0.104658942,1,1,0,0,0
65.1,2.55914464,-2.07372814,89.2467905,0.0787128446,0.0193073313,FollowWall,following_right_wall,0,14,42,0.419840932,-1,-1,-1,1,0.244293079,0.223110713,0.104658942,1,1,0,0,0
65.15,2.55919439,-2.06979488,89.3038715,0.0787128446,0.0193073313,FollowWall,following_right_wall,0,14,42,0.419840932,-1,-1,-1,1,0.244293079,0.227131353,0.104658942,1,1,0,0,0
65.2,2.55924026,-2.0658607,89.3602152,0.0786655036,0.0200174457,FollowWall,following_right_wall,0,14,42,0.420269132,-1,-1,-1,1,0.244157076,0.231151871,0.104658942,1,1,0,0,0
65.25,2.55928224,-2.06192697,89.4169764,0.0786655036,0.0200174457,FollowWall,following_right_wall,0,14,42,0.420269132,-1,-1,-1,1,0.244157076,0.235172688,0.104658942,1,1,0,0,0
65.3,2.55932031,-2.05799349,89.4739812,0.0787129769,0.0193053461,FollowWall,following_right_wall,0,14,42,0.420737654,-1,-1,-1,1,0.244212925,0.239193737,0.104658942,1,1,0,0,0
65.35,2.55935449,-2.05405914,89.530278,0.0787129769,0.0193053461,FollowWall,following_right_wall,0,14,42,0.420737654,-1,-1,-1,1,0.244212925,0.243214658,0.104658942,1,1,0,0,0
65.4,2.55938483,-2.05012428,89.5861619,0.0788030228,0.0179546579,FollowWall,following_right_wall,0,14,42,0.421234965,-1,-1,-1,1,0.244144276,0.247235554,0.104658942,1,1,0,0,0
65.45,2.55941142,-2.04618724,89.6401926,0.0788030228,0.0179546579,FollowWall,following_right_wall,0,14,42,0.421234965,-1,-1,-1,1,0.244144276,0.251255873,0.104658942,1,1,0,0,0
65.5,2.55943433,-2.04224891,89.6931423,0.0787192783,0.0192108251,FollowWall,following_right_wall,0,14,42,0.421731532,-1,-1,-1,1,0.244023487,0.255275896,0.104658942,1,1,0,0,0
65.55,2.55945357,-2.03831158,89.7469609,0.0787192783,0.0192108251,FollowWall,following_right_wall,0,14,42,0.421731532,-1,-1,-1,1,0.244023487,0.259296358,0.104658942,1,1,0,0,0
65.6,2.55946909,-2.03437482,89.8012863,0.0786994555,0.0195081674,FollowWall,following_right_wall,0,14,42,0.422295094,-1,-1,-1,1,0.243795097,0.263317121,0.104658942,1,1,0,0,0
65.65,2.55948085,-2.03043881,89.8562623,0.0786994555,0.0195081674,FollowWall,following_right_wall,0,14,42,0.422295094,-1,-1,-1,1,0.243795097,0.26733824,0.104658942,1,1,0,0,0
65.7,2.55948882,-2.02650322,89.9116177,0.0788363294,0.0174550594,FollowWall,following_right_wall,0,14,42,0.422942758,-1,-1,-1,1,0.24334693,0.271359609,0.104658942,1,1,0,0,0
65.75,2.55949307,-2.02256504,89.9647439,0.0788363294,0.0174550594,FollowWall,following_right_wall,0,14,42,0.422942758,-1,-1,-1,1,0.24334693,0.275380212,0.104658942,1,1,0,0,0
65.8,2.55949371,-2.01862534,90.0165696,0.0787702637,0.0184460451,FollowWall,following_right_wall,0,14,42,0.423605263,-1,-1,-1,1,0.243833467,0.279348922,0.104658942,1,1,0,0,0
65.85,2.55949078,-2.01468614,90.0688196,0.0787702637,0.0184460451,FollowWall,following_right_wall,0,14,42,0.423605263,-1,-1,-1,1,0.243833467,0.283207032,0.104658942,1,1,0,0,0
65.9,2.55948424,-2.01074723,90.1213171,0.0790177383,0.0147339252,FollowWall,following_right_wall,0,14,42,0.424337864,-1,-1,-1,1,0.243824691,0.287064552,0.104658942,1,1,0,0,0
65.95,2.55947423,-2.00680334,90.169528,0.0790177383,0.0147339252,FollowWall,following_right_wall,0,14,42,0.424337864,-1,-1,-1,1,0.243824691,0.290933773,0.104658942,1,1,0,0,0
66,2.55946098,-2.00285655,90.2152383,0.079297888,0.0105316794,FollowWall,following_right_wall,0,14,42,0.425037324,-1,-1,-1,1,0.243760839,0.294809835,0.104658942,1,1,0,0,0
66.05,2.55944477,-1.99890223,90.2544739,0.079297888,0.0105316794,FollowWall,following_right_wall,0,14,42,0.425037324,-1,-1,-1,1,0.243760839,0.298703489,0.104658942,1,1,0,0,0
66.1,2.55942596,-1.99494354,90.2899326,0.079365204,0.00952194015,FollowWall,following_right_wall,0,14,42,0.425617307,-1,-1,-1,1,0.243598744,0.302607407,0.104658942,1,1,0,0,0
66.15,2.5594048,-1.99098088,90.3219829,0.079365204,0.00952194015,FollowWall,following_right_wall,0,14,42,0.425617307,-1,-1,-1,1,0.243598744,0.306520579,0.104658942,1,1,0,0,0
66.2,2.55938148,-1.98701593,90.3520448,0.0795457582,0.00681362712,FollowWall,following_right_wall,0,14,42,0.426141888,-1,-1,-1,1,0.243371606,0.310439151,0.104658942,1,1,0,0,0
66.25,2.5593562,-1.98304588,90.3777141,0.0795457582,0.00681362712,FollowWall,following_right_wall,0,14,42,0.426141888,-1,-1,-1,1,0.243371606,0.314369621,0.104658942,1,1,0,0,0
66.3,2.5593292,-1.97907286,90.4008211,0.0797926471,0.00311029401,FollowWall,following_right_wall,0,14,42,0.426601648,-1,-1,-1,1,0.243417174,0.318307031,0.104658942,1,1,0,0,0
66.35,2.55930076,-1.97509296,90.4180127,0.0797926471,0.00311029401,FollowWall,following_right_wall,0,14,42,0.426601648,-1,-1,-1,1,0.243417174,0.322260441,0.104658942,1,1,0,0,0
66.4,2.55927122,-1.97110906,90.4317539,0.0799752034,-0.000371949001,FollowWall,following_right_wall,0,14,42,0.426947623,-1,-1,-1,1,0.243024528,0.32622318,0.104658942,1,1,0,0,0
66.45,2.55924089,-1.96711902,90.4393255,0.0799752034,-0.000371949001,FollowWall,following_right_wall,0,14,42,0.426947623,-1,-1,-1,1,0.243024528,0.330201563,0.104658942,1,1,0,0,0
66.5,2.55921013,-1.9631254,90.4432984,0.0799335814,-0.000996278429,FollowWall,following_right_wall,0,14,42,0.427159548,-1,-1,-1,1,0.24315314,0.334189069,0.104658942,1,1,0,0,0
66.55,2.55917918,-1.95913055,90.4444266,0.0799335814,-0.000996278429,FollowWall,following_right_wall,0,14,42,0.427159548,-1,-1,-1,1,0.24315314,0.338182178,0.104658942,1,1,0,0,0
66.6,2.55914821,-1.95513499,90.4438956,0.0799439743,-0.000840384792,FollowWall,following_right_wall,0,14,42,0.427319229,-1,-1,-1,1,0.243572161,0.342178555,0.104658942,1,1,0,0,0
66.65,2.55911729,-1.9511388,90.4425826,0.0799439743,-0.000840384792,FollowWall,following_right_wall,0,14,42,0.427319229,-1,-1,-1,1,0.243572161,0.346176769,0.104658942,1,1,0,0,0
66.7,2.55908648,-1.94714224,90.4408136,0.0799452976,-0.000820536723,FollowWall,following_right_wall,0,14,42,0.427498281,-1,-1,-1,1,0.243805572,0.350176056,0.104658942,1,1,0,0,0
66.75,2.5590558,-1.94314543,90.4388023,0.0799452976,-0.000820536723,FollowWall,following_right_wall,0,14,42,0.427498281,-1,-1,-1,1,0.243805572,0.354175959,0.104658942,1,1,0,0,0
66.8,2.55902526,-1.93914848,90.4366495,0.0797333744,-0.00399938429,FollowWall,following_right_wall,0,14,42,0.427721173,-1,-1,-1,1,0.244018123,0.358176224,0.104658942,1,1,0,0,0
66.85,2.55899505,-1.93515586,90.4306198,0.0797333744,-0.00399938429,FollowWall,following_right_wall,0,14,42,0.427721173,-1,-1,-1,1,0.244018123,0.362178128,0.104658942,1,1,0,0,0
66.9,2.55896534,-1.93116576,90.4223286,0.0797367747,-0.00394837903,FollowWall,following_right_wall,0,14,42,0.427891463,-1,-1,-1,1,0.244146198,0.366180993,0.104658942,1,1,0,0,0
66.95,2.55893628,-1.92717706,90.412779,0.0797367747,-0.00394837903,FollowWall,following_right_wall,0,14,42,0.427891463,-1,-1,-1,1,0.244146198,0.3701844,0.104658942,1,1,0,0,0
67,2.5589079,-1.92318918,90.4024954,0.0797563321,-0.00365501784,FollowWall,following_right_wall,0,14,42,0.428051531,-1,-1,-1,1,0.2443178,0.374188128,0.104658942,1,1,0,0,0
67.05,2.55888025,-1.91920136,90.3921338,0.0797563321,-0.00365501784,FollowWall,following_right_wall,0,14,42,0.428051531,-1,-1,-1,1,0.2443178,0.378191913,0.104658942,1,1,0,0,0
67.1,2.55885332,-1.91521358,90.3817266,0.0795958521,-0.00606221875,FollowWall,following_right_wall,0,14,42,0.428243816,-1,-1,-1,1,0.243921682,0.382195737,0.104658942,1,1,0,0,0
67.15,2.55882724,-1.91122916,90.3684196,0.0795958521,-0.00606221875,FollowWall,following_right_wall,0,14,42,0.428243816,-1,-1,-1,1,0.243921682,0.386200673,0.104658942,1,1,0,0,0
67.2,2.55880215,-1.90724669,90.3534209,0.0795669638,-0.00649554264,FollowWall,following_right_wall,0,14,42,0.428395569,-1,-1,-1,1,0.243864745,0.390206266,0.104658942,1,1,0,0,0
67.25,2.55877817,-1.90326597,90.3369181,0.0795669638,-0.00649554264,FollowWall,following_right_wall,0,14,42,0.428395569,-1,-1,-1,1,0.243864745,0.394212445,0.104658942,1,1,0,0,0
67.3,2.55875537,-1.89928626,90.3195381,0.0796107273,-0.00583909061,FollowWall,following_right_wall,0,14,42,0.428520352,-1,-1,-1,1,0.244213164,0.398218975,0.104658942,1,1,0,0,0
67.35,2.55873377,-1.89530623,90.3024298,0.0796107273,-0.00583909061,FollowWall,following_right_wall,0,14,42,0.428520352,-1,-1,-1,1,0.244213164,0.402225418,0.104658942,1,1,0,0,0
67.4,2.55871334,-1.891326,90.2854801,0.0795650584,-0.00652412357,FollowWall,following_right_wall,0,14,42,0.428667247,-1,-1,-1,1,0.244273067,0.406231817,0.104658942,1,1,0,0,0
67.45,2.55869413,-1.88734662,90.2678051,0.0795650584,-0.00652412357,FollowWall,following_right_wall,0,14,42,0.428667247,-1,-1,-1,1,0.244273067,0.410238507,0.104658942,1,1,0,0,0
67.5,2.55867616,-1.88336771,90.2497071,0.0794132853,-0.00880072117,FollowWall,following_right_wall,0,14,42,0.428814471,-1,-1,-1,1,0.244436696,0.414245375,0.104658942,1,1,0,0,0
67.55,2.55865957,-1.87939226,90.2286449,0.0794132853,-0.00880072117,FollowWall,following_right_wall,0,14,42,0.428814471,-1,-1,-1,1,0.244436696,0.418253393,0.104658942,1,1,0,0,0
67.6,2.5586445,-1.8754188,90.2058535,0.0793126262,-0.010310607,FollowWall,following_right_wall,0,14,42,0.428890169,-1,-1,-1,1,0.244348198,0.422262094,0.104658942,1,1,0,0,0
67.65,2.55863112,-1.87144862,90.1802511,0.0793126262,-0.010310607,FollowWall,following_right_wall,0,14,42,0.428890169,-1,-1,-1,1,0.244348198,0.426271898,0.104658942,1,1,0,0,0
67.7,2.55861958,-1.86748033,90.153009,0.0794040228,-0.0089396576,FollowWall,following_right_wall,0,14,42,0.428877085,-1,-1,-1,1,0.244087577,0.430282358,0.104658942,1,1,0,0,0
67.75,2.5586099,-1.86351125,90.1264469,0.0794040228,-0.0089396576,FollowWall,following_right_wall,0,14,42,0.428877085,-1,-1,-1,1,0.244087577,0.434292585,0.104658942,1,1,0,0,0
67.8,2.55860205,-1.8595417,90.1002814,0.0795014704,-0.00747794412,FollowWall,following_right_wall,0,14,42,0.42885974,-1,-1,-1,1,0.244088575,0.438302684,0.104658942,1,1,0,0,0
67.85,2.55859594,-1.85556985,90.076092,0.0795014704,-0.00747794412,FollowWall,following_right_wall,0,14,42,0.42885974,-1,-1,-1,1,0.244088575,0.442312041,0.104658942,1,1,0,0,0
67.9,2.55859146,-1.85159666,90.0530554,0.0795391456,-0.00691281631,FollowWall,following_right_wall,0,14,42,0.428886056,-1,-1,-1,1,0.244234622,0.446320972,0.104658942,1,1,0,0,0
67.95,2.55858853,-1.8476219,90.0313658,0.0795391456,-0.00691281631,FollowWall,following_right_wall,0,14,42,0.428886056,-1,-1,-1,1,0.244234622,0.450329397,0.104658942,1,1,0,0,0
68,2.55858708,-1.84364622,90.010462,0.0794374797,-0.00843780478,FollowWall,following_right_wall,0,14,42,0.42894119,-1,-1,-1,1,0.244302228,0.454337531,0.104658942,1,1,0,0,0
68.05,2.55858712,-1.83967213,89.9881962,0.0794374797,-0.00843780478,FollowWall,following_right_wall,0,14,42,0.42894119,-1,-1,-1,1,0.244302228,0.45830954,0.104658942,1,1,0,0,0
68.1,2.55858874,-1.83569896,89.965136,0.0793501245,-0.00974813305,FollowWall,following_right_wall,0,14,42,0.428944856,-1,-1,-1,1,0.244558096,0.462246904,0.104658942,1,1,0,0,0
68.15,2.55859203,-1.83172815,89.9400482,0.0793501245,-0.00974813305,FollowWall,following_right_wall,0,14,42,0.428944856,-1,-1,-1,1,0.244558096,0.466178779,0.104658942,1,1,0,0,0
68.2,2.55859709,-1.82775872,89.9137777,0.0793487396,-0.00976890551,FollowWall,following_right_wall,0,14,42,0.42885682,-1,-1,-1,1,0.24500069,0.470107461,0.104658942,1,1,0,0,0
68.25,2.558604,-1.82379013,89.8867924,0.0793487396,-0.00976890551,FollowWall,following_right_wall,0,14,42,0.42885682,-1,-1,-1,1,0.24500069,0.474034223,0.104658942,1,1,0,0,0
68.3,2.55861279,-1.81982202,89.8593902,0.079305678,-0.0104148298,FollowWall,following_right_wall,0,14,42,0.4287,-1,-1,-1,1,0.2449532,0.477959872,0.104658942,1,1,0,0,0
68.35,2.55862351,-1.8158551,89.8309739,0.079305678,-0.0104148298,FollowWall,following_right_wall,0,14,42,0.4287,-1,-1,-1,1,0.2449532,0.48188279,0.104658942,1,1,0,0,0
68.4,2.55863621,-1.81188887,89.8019659,0.0795712047,-0.00643192904,FollowWall,following_right_wall,0,14,42,0.428468108,-1,-1,-1,1,0.245027393,0.485804124,0.104658942,1,1,0,0,0
68.45,2.55865079,-1.80791752,89.777367,0.0795712047,-0.00643192904,FollowWall,following_right_wall,0,14,42,0.428468108,-1,-1,-1,1,0.245027393,0.489737425,0.104658942,1,1,0,0,0
68.5,2.558667,-1.80394318,89.7553401,0.0797854423,-0.00321836479,FollowWall,following_right_wall,0,14,42,0.428292453,-1,-1,-1,1,0.244760752,0.493677708,0.104658942,1,1,0,0,0
68.55,2.55868457,-1.79996264,89.7386494,0.0797854423,-0.00321836479,FollowWall,following_right_wall,0,14,42,0.428292453,-1,-1,-1,1,0.244760752,0.497632454,0.104658942,1,1,0,0,0
68.6,2.55870322,-1.79597848,89.7250715,0.0799637347,0.000543978829,FollowWall,following_right_wall,0,14,42,0.428224802,-1,-1,-1,1,0.244275987,0.501595634,0.104658942,1,1,0,0,0
68.65,2.55872262,-1.7919885,89.7178004,0.0799637347,0.000543978829,FollowWall,following_right_wall,0,14,42,0.428224802,-1,-1,-1,1,0.244275987,0.505574384,0.104658942,1,1,0,0,0
68.7,2.55874241,-1.78799512,89.7142083,0.0797398051,0.00390292278,FollowWall,following_right_wall,0,14,42,0.428293526,-1,-1,-1,1,0.244157493,0.509562214,0.104658942,1,1,0,0,0
68.75,2.55876223,-1.78400443,89.7167717,0.0797398051,0.00390292278,FollowWall,following_right_wall,0,14,42,0.428293526,-1,-1,-1,1,0.244157493,0.51355687,0.104658942,1,1,0,0,0
68.8,2.55878173,-1.78001529,89.7229257,0.0796470024,0.00529496446,FollowWall,following_right_wall,0,14,42,0.428500533,-1,-1,-1,1,0.244065583,0.517555509,0.104658942,1,1,0,0,0
68.85,2.55880067,-1.776029,89.732836,0.0796470024,0.00529496446,FollowWall,following_right_wall,0,14,42,0.428500533,-1,-1,-1,1,0.244065583,0.521557108,0.104658942,1,1,0,0,0
68.9,2.55881883,-1.77204437,89.7449374,0.0796968695,0.0045469572,FollowWall,following_right_wall,0,14,42,0.42878595,-1,-1,-1,1,0.244013235,0.525560441,0.104658942,1,1,0,0,0
68.95,2.55883613,-1.76805966,89.757424,0.0796968695,0.0045469572,FollowWall,following_right_wall,0,14,42,0.42878595,-1,-1,-1,1,0.244013235,0.529564447,0.104658942,1,1,0,0,0
69,2.55885256,-1.76407491,89.7701355,0.0797657732,0.00351340234,FollowWall,following_right_wall,0,14,42,0.429051667,-1,-1,-1,1,0.244229168,0.533568851,0.104658942,1,1,0,0,0
69.05,2.55886815,-1.7600887,89.7817443,0.0797657732,0.00351340234,FollowWall,following_right_wall,0,14,42,0.429051667,-1,-1,-1,1,0.244229168,0.537573018,0.104658942,1,1,0,0,0
69.1,2.55888295,-1.75610163,89.7927099,0.0796966348,0.00455047744,FollowWall,following_right_wall,0,14,42,0.42923981,-1,-1,-1,1,0.244086176,0.541577048,0.104658942,1,1,0,0,0
69.15,2.55889696,-1.7521155,89.8045382,0.0796966348,0.00455047744,FollowWall,following_right_wall,0,14,42,0.42923981,-1,-1,-1,1,0.244086176,0.545581475,0.104658942,1,1,0,0,0
69.2,2.55891013,-1.74812992,89.8168698,0.0795756641,0.00636503817,FollowWall,following_right_wall,0,14,42,0.429391056,-1,-1,-1,1,0.243997008,0.549586139,0.104658942,1,1,0,0,0
69.25,2.55892235,-1.74414718,89.831661,0.0795756641,0.00636503817,FollowWall,following_right_wall,0,14,42,0.429391056,-1,-1,-1,1,0.243997008,0.553591776,0.104658942,1,1,0,0,0
69.3,2.55893348,-1.74016609,89.8478869,0.0795282463,0.00707630558,FollowWall,following_right_wall,0,14,42,0.429559022,-1,-1,-1,1,0.244192392,0.557597988,0.104658942,1,1,0,0,0
69.35,2.55894342,-1.73618695,89.8657987,0.0795282463,0.00707630558,FollowWall,following_right_wall,0,14,42,0.429559022,-1,-1,-1,1,0.244192392,0.561604867,0.104658942,1,1,0,0,0
69.4,2.55895208,-1.73220895,89.8846939,0.0796615302,0.00507704652,FollowWall,following_right_wall,0,14,42,0.429736793,-1,-1,-1,1,0.244033962,0.565612144,0.104658942,1,1,0,0,0
69.45,2.5589595,-1.72822884,89.9017764,0.0796615302,0.00507704652,FollowWall,following_right_wall,0,14,42,0.429736793,-1,-1,-1,1,0.244033962,0.569618736,0.104658942,1,1,0,0,0
69.5,2.55896577,-1.72424749,89.9178015,0.0798055868,0.00291619843,FollowWall,following_right_wall,0,14,42,0.429833531,-1,-1,-1,1,0.244497076,0.573624931,0.104658942,1,1,0,0,0
69.55,2.55897104,-1.72026242,89.9306305,0.0798055868,0.00291619843,FollowWall,following_right_wall,0,14,42,0.429833531,-1,-1,-1,1,0.244497076,0.577629896,0.104658942,1,1,0,0,0
69.6,2.55897549,-1.71627518,89.9415949,0.079726709,0.00409936475,FollowWall,following_right_wall,0,14,42,0.429794669,-1,-1,-1,1,0.244887352,0.581634145,0.104658942,1,1,0,0,0
69.65,2.55897916,-1.71228832,89.9528842,0.079726709,0.00409936475,FollowWall,following_right_wall,0,14,42,0.429794669,-1,-1,-1,1,0.244887352,0.585638525,0.104658942,1,1,0,0,0
69.7,2.55898204,-1.70830168,89.9643628,0.0797571093,0.00364336006,FollowWall,following_right_wall,0,14,42,0.429704279,-1,-1,-1,1,0.244663551,0.589642983,0.104658942,1,1,0,0,0
69.75,2.55898413,-1.70431453,89.9754076,0.0797571093,0.00364336006,FollowWall,following_right_wall,0,14,42,0.429704279,-1,-1,-1,1,0.244663551,0.593647277,0.104658942,1,1,0,0,0
69.8,2.55898547,-1.70032709,89.9861993,0.0798256207,0.00261569025,FollowWall,following_right_wall,0,14,42,0.429567605,-1,-1,-1,1,0.24455075,0.597651477,0.104658942,1,1,0,0,0
69.85,2.5589861,-1.69633805,89.9956168,0.0798256207,0.00261569025,FollowWall,following_right_wall,0,14,42,0.429567605,-1,-1,-1,1,0.24455075,0.601655145,0.104658942,1,1,0,0,0
69.9,2.55898611,-1.69234807,90.0042325,0.0797285572,0.00407164226,FollowWall,following_right_wall,0,14,42,0.429360479,-1,-1,-1,1,0.244141862,0.605645354,0.104658942,1,1,0,0,0
69.95,2.55898547,-1.68835957,90.0141185,0.0797285572,0.00407164226,FollowWall,following_right_wall,0,14,42,0.429360479,-1,-1,-1,1,0.244141862,0.609618498,0.104658942,1,1,0,0,0
70,2.55898412,-1.68437194,90.0247456,0.079822086,0.00266871073,FollowWall,following_right_wall,0,14,42,0.42915076,-1,-1,-1,1,0.243753716,0.613589632,0.104658942,1,1,0,0,0
70.05,2.55898207,-1.68038286,90.0341302,0.079822086,0.00266871073,FollowWall,following_right_wall,0,14,42,0.42915076,-1,-1,-1,1,0.243753716,0.617564143,0.104658942,1,1,0,0,0
70.1,2.55897939,-1.67639294,90.0427901,0.0799195039,0.00120744162,FollowWall,following_right_wall,0,14,42,0.428895384,-1,-1,-1,1,0.244039088,0.621540624,0.104658942,1,1,0,0,0
70.15,2.55897618,-1.67240049,90.049283,0.0799195039,0.00120744162,FollowWall,following_right_wall,0,14,42,0.428895384,-1,-1,-1,1,0.244039088,0.625522991,0.104658942,1,1,0,0,0
70.2,2.55897256,-1.66840658,90.0545118,0.0799961274,5.808878e-05,FollowWall,following_right_wall,0,14,42,0.428560942,-1,-1,-1,1,0.243590474,0.629508792,0.104658942,1,1,0,0,0
70.25,2.55896865,-1.66441021,90.0576312,0.0799961274,5.808878e-05,FollowWall,following_right_wall,0,14,42,0.428560942,-1,-1,-1,1,0.243590474,0.63350032,0.104658942,1,1,0,0,0
70.3,2.55896456,-1.66041241,90.0595203,0.0798389163,0.00241625479,FollowWall,following_right_wall,0,14,42,0.428148478,-1,-1,-1,1,0.243851662,0.637495189,0.104658942,1,1,0,0,0
70.35,2.55896027,-1.65641705,90.0635064,0.0798389163,0.00241625479,FollowWall,following_right_wall,0,14,42,0.428148478,-1,-1,-1,1,0.243851662,0.641484365,0.104658942,1,1,0,0,0
70.4,2.55895567,-1.65242311,90.0687158,0.0796705548,0.00494167757,FollowWall,following_right_wall,0,14,42,0.427773476,-1,-1,-1,1,0.243973672,0.645470219,0.104658942,1,1,0,0,0
70.45,2.55895057,-1.64843352,90.0776534,0.0796705548,0.00494167757,FollowWall,following_right_wall,0,14,42,0.427773476,-1,-1,-1,1,0.243973672,0.649445954,0.104658942,1,1,0,0,0
70.5,2.55894478,-1.64444645,90.0887656,0.0795731855,0.0064022182,FollowWall,following_right_wall,0,14,42,0.42751196,-1,-1,-1,1,0.244235545,0.653415788,0.104658942,1,1,0,0,0
70.55,2.55893812,-1.64046289,90.1028898,0.0795731855,0.0064022182,FollowWall,following_right_wall,0,14,42,0.42751196,-1,-1,-1,1,0.244235545,0.65737745,0.104658942,1,1,0,0,0
70.6,2.55893042,-1.63648138,90.1187711,0.0795524982,0.00671252707,FollowWall,following_right_wall,0,14,42,0.427364975,-1,-1,-1,1,0.244069591,0.66133435,0.104658942,1,1,0,0,0
70.65,2.55892157,-1.63250149,90.1360476,0.0795524982,0.00671252707,FollowWall,following_right_wall,0,14,42,0.427364975,-1,-1,-1,1,0.244069591,0.66528747,0.104658942,1,1,0,0,0
70.7,2.55891149,-1.62852255,90.1541381,0.0793911794,0.00913230922,FollowWall,following_right_wall,0,14,42,0.427295625,-1,-1,-1,1,0.244303182,0.669238389,0.104658942,1,1,0,0,0
70.75,2.55890005,-1.62454753,90.1755917,0.0793911794,0.00913230922,FollowWall,following_right_wall,0,14,42,0.427295625,-1,-1,-1,1,0.244303182,0.673180195,0.104658942,1,1,0,0,0
70.8,2.55888706,-1.6205748,90.1990073,0.0792654249,0.0110186259,FollowWall,following_right_wall,0,14,42,0.427354336,-1,-1,-1,1,0.244007498,0.677116693,0.104658942,1,1,0,0,0
70.85,2.55887235,-1.61660602,90.2258188,0.0792654249,0.0110186259,FollowWall,following_right_wall,0,14,42,0.427354336,-1,-1,-1,1,0.244007498,0.681043999,0.104658942,1,1,0,0,0
70.9,2.55885572,-1.61263956,90.2546114,0.0793412907,0.00988063958,FollowWall,following_right_wall,0,14,42,0.42756328,-1,-1,-1,1,0.243954524,0.684965953,0.104658942,1,1,0,0,0
70.95,2.5588371,-1.60867287,90.2832013,0.0793412907,0.00988063958,FollowWall,following_right_wall,0,14,42,0.42756328,-1,-1,-1,1,0.243954524,0.688888473,0.104658942,1,1,0,0,0
71,2.55881651,-1.60470605,90.3116728,0.079288491,0.0106726345,FollowWall,following_right_wall,0,14,42,0.427836686,-1,-1,-1,1,0.244478896,0.692811329,0.104658942,1,1,0,0,0
71.05,2.55879392,-1.60074026,90.3410207,0.079288491,0.0106726345,FollowWall,following_right_wall,0,14,42,0.427836686,-1,-1,-1,1,0.244478896,0.696731828,0.104658942,1,1,0,0,0
71.1,2.55876929,-1.59677508,90.3708799,0.0794320338,0.00851949282,FollowWall,following_right_wall,0,14,42,0.42818737,-1,-1,-1,1,0.244719908,0.700650958,0.104658942,1,1,0,0,0
71.15,2.55874265,-1.59280727,90.3984671,0.0794320338,0.00851949282,FollowWall,following_right_wall,0,14,42,0.42818737,-1,-1,-1,1,0.244719908,0.704576248,0.104658942,1,1,0,0,0
71.2,2.55871413,-1.58883793,90.424729,0.0796530525,0.00520421256,FollowWall,following_right_wall,0,14,42,0.428543419,-1,-1,-1,1,0.244514361,0.708505131,0.104658942,1,1,0,0,0
71.25,2.55868392,-1.5848631,90.4462606,0.0796530525,0.00520421256,FollowWall,following_right_wall,0,14,42,0.428543419,-1,-1,-1,1,0.244514361,0.71244681,0.104658942,1,1,0,0,0
71.3,2.55865229,-1.58088506,90.4650327,0.0796950496,0.00457425579,FollowWall,following_right_wall,0,14,42,0.4288221,-1,-1,-1,1,0.244310081,0.716395949,0.104658942,1,1,0,0,0
71.35,2.55861941,-1.57690429,90.4814432,0.0796950496,0.00457425579,FollowWall,following_right_wall,0,14,42,0.4288221,-1,-1,-1,1,0.244310081,0.720351469,0.104658942,1,1,0,0,0
71.4,2.55858542,-1.57292193,90.4964762,0.0797948539,0.00307719176,FollowWall,following_right_wall,0,14,42,0.429071128,-1,-1,-1,1,0.244106397,0.724310711,0.104658942,1,1,0,0,0
71.45,2.55855045,-1.56893656,90.5089185,0.0797948539,0.00307719176,FollowWall,following_right_wall,0,14,42,0.429071128,-1,-1,-1,1,0.244106397,0.728276948,0.104658942,1,1,0,0,0
71.5,2.55851466,-1.56494944,90.5198496,0.0799944854,-8.27183523e-05,FollowWall,following_right_wall,0,14,42,0.429298818,-1,-1,-1,1,0.244201392,0.732247264,0.104658942,1,1,0,0,0
71.55,2.55847821,-1.56095714,90.5261274,0.0799944854,-8.27183523e-05,FollowWall,following_right_wall,0,14,42,0.429298818,-1,-1,-1,1,0.244201392,0.736229914,0.104658942,1,1,0,0,0
71.6,2.5584414,-1.55696182,90.5296907,0.0797923518,-0.00311472247,FollowWall,following_right_wall,0,14,42,0.429448158,-1,-1,-1,1,0.243933976,0.740219758,0.104658942,1,1,0,0,0
71.65,2.55840454,-1.55296895,90.5280514,0.0797923518,-0.00311472247,FollowWall,following_right_wall,0,14,42,0.429448158,-1,-1,-1,1,0.243933976,0.744215151,0.104658942,1,1,0,0,0
71.7,2.55836792,-1.5489775,90.5233772,0.0797326948,-0.00400957732,FollowWall,following_right_wall,0,14,42,0.429489106,-1,-1,-1,1,0.24385193,0.748213783,0.104658942,1,1,0,0,0
71.75,2.55833174,-1.54498812,90.5158645,0.0797326948,-0.00400957732,FollowWall,following_right_wall,0,14,42,0.429489106,-1,-1,-1,1,0.24385193,0.752214707,0.104658942,1,1,0,0,0
71.8,2.55829615,-1.54099995,90.506696,0.0797671686,-0.00349247139,FollowWall,following_right_wall,0,14,42,0.429478019,-1,-1,-1,1,0.244362459,0.756216973,0.104658942,1,1,0,0,0
71.85,2.55826121,-1.53701176,90.4971789,0.0797671686,-0.00349247139,FollowWall,following_right_wall,0,14,42,0.429478019,-1,-1,-1,1,0.244362459,0.760219796,0.104658942,1,1,0,0,0
71.9,2.55822694,-1.53302356,90.4874584,0.0797980046,-0.0030299311,FollowWall,following_right_wall,0,14,42,0.429493278,-1,-1,-1,1,0.244583592,0.764222948,0.104658942,1,1,0,0,0
71.95,2.55819333,-1.52903471,90.4781714,0.0797980046,-0.0030299311,FollowWall,following_right_wall,0,14,42,0.429493278,-1,-1,-1,1,0.244583592,0.768226087,0.104658942,1,1,0,0,0
72,2.55816035,-1.52504547,90.4691372,0.0796419729,-0.00537040605,FollowWall,following_right_wall,0,14,42,0.429569274,-1,-1,-1,1,0.244930327,0.772229223,0.104658942,1,1,0,0,0
72.05,2.55812811,-1.52105926,90.4574569,0.0796419729,-0.00537040605,FollowWall,following_right_wall,0,14,42,0.429569274,-1,-1,-1,1,0.244930327,0.776233409,0.104658942,1,1,0,0,0
72.1,2.55809676,-1.51707481,90.4442329,0.0796208093,-0.00568786107,FollowWall,following_right_wall,0,14,42,0.429626256,-1,-1,-1,1,0.245041028,0.780238215,0.104658942,1,1,0,0,0
72.15,2.55806638,-1.51309183,90.4297295,0.0796208093,-0.00568786107,FollowWall,following_right_wall,0,14,42,0.429626256,-1,-1,-1,1,0.245041028,0.784243532,0.104658942,1,1,0,0,0
72.2,2.55803704,-1.50910969,90.4144798,0.0796531774,-0.00520233961,FollowWall,following_right_wall,0,14,42,0.429677784,-1,-1,-1,1,0.245194957,0.788249154,0.104658942,1,1,0,0,0
72.25,2.55800876,-1.50512738,90.3993743,0.0796531774,-0.00520233961,FollowWall,following_right_wall,0,14,42,0.429677784,-1,-1,-1,1,0.245194957,0.792254742,0.104658942,1,1,0,0,0
72.3,2.55798152,-1.50114495,90.384353,0.0795479342,-0.00678098645,FollowWall,following_right_wall,0,14,42,0.429765791,-1,-1,-1,1,0.244898647,0.796260316,0.104658942,1,1,0,0,0
72.35,2.55795541,-1.49716465,90.3674963,0.0795479342,-0.00678098645,FollowWall,following_right_wall,0,14,42,0.429765791,-1,-1,-1,1,0.244898647,0.800266601,0.104658942,1,1,0,0,0
72.4,2.55793051,-1.49318559,90.349569,0.0794850756,-0.00772386619,FollowWall,following_right_wall,0,14,42,0.429841697,-1,-1,-1,1,0.244651765,0.804273309,0.104658942,1,1,0,0,0
72.45,2.55790693,-1.48920856,90.3298918,0.0794850756,-0.00772386619,FollowWall,following_right_wall,0,14,42,0.429841697,-1,-1,-1,1,0.244651765,0.8082807,0.104658942,1,1,0,0,0
72.5,2.55788475,-1.4852327,90.3091937,0.0795378058,-0.00693291307,FollowWall,following_right_wall,0,14,42,0.429890007,-1,-1,-1,1,0.245170221,0.812288499,0.104658942,1,1,0,0,0
72.55,2.557864,-1.48125644,90.2888443,0.0795378058,-0.00693291307,FollowWall,following_right_wall,0,14,42,0.429890007,-1,-1,-1,1,0.245170221,0.816296187,0.104658942,1,1,0,0,0
72.6,2.55784465,-1.47727992,90.2686982,0.0795403988,-0.0068940183,FollowWall,following_right_wall,0,14,42,0.429960757,-1,-1,-1,1,0.245245159,0.820303818,0.104658942,1,1,0,0,0
72.65,2.5578267,-1.47330321,90.2487172,0.0795403988,-0.0068940183,FollowWall,following_right_wall,0,14,42,0.429960757,-1,-1,-1,1,0.245245159,0.824311405,0.104658942,1,1,0,0,0
72.7,2.55781012,-1.46932639,90.2288325,0.0793947216,-0.00907917577,FollowWall,following_right_wall,0,14,42,0.430055946,-1,-1,-1,1,0.245234147,0.828318973,0.104658942,1,1,0,0,0
72.75,2.55779503,-1.46535252,90.2063956,0.0793947216,-0.00907917577,FollowWall,following_right_wall,0,14,42,0.430055946,-1,-1,-1,1,0.245234147,0.832327538,0.104658942,1,1,0,0,0
72.8,2.55778155,-1.46138038,90.18247,0.0792615767,-0.0110763502,FollowWall,following_right_wall,0,14,42,0.430096239,-1,-1,-1,1,0.245250061,0.836336697,0.104658942,1,1,0,0,0
72.85,2.55776985,-1.45741202,90.1552919,0.0792615767,-0.0110763502,FollowWall,following_right_wall,0,14,42,0.430096239,-1,-1,-1,1,0.245250061,0.84034713,0.104658942,1,1,0,0,0
72.9,2.55776011,-1.45344587,90.1262166,0.0793488214,-0.00976767874,FollowWall,following_right_wall,0,14,42,0.430039287,-1,-1,-1,1,0.245044827,0.844358324,0.104658942,1,1,0,0,0
72.95,2.55775236,-1.44947917,90.0975967,0.0793488214,-0.00976767874,FollowWall,following_right_wall,0,14,42,0.430039287,-1,-1,-1,1,0.245044827,0.848369373,0.104658942,1,1,0,0,0
73,2.55774659,-1.44551217,90.0692425,0.0794509008,-0.0082364878,FollowWall,following_right_wall,0,14,42,0.429970384,-1,-1,-1,1,0.245077431,0.852380347,0.104658942,1,1,0,0,0
73.05,2.5577427,-1.44154286,90.0428709,0.0794509008,-0.0082364878,FollowWall,following_right_wall,0,14,42,0.429970384,-1,-1,-1,1,0.245077431,0.856390579,0.104658942,1,1,0,0,0
73.1,2.55774061,-1.4375722,90.0176559,0.0795322837,-0.00701574507,FollowWall,following_right_wall,0,14,42,0.429944754,-1,-1,-1,1,0.245083213,0.860400383,0.104658942,1,1,0,0,0
73.15,2.55774018,-1.43359905,89.9945728,0.0795322837,-0.00701574507,FollowWall,following_right_wall,0,14,42,0.429944754,-1,-1,-1,1,0.245083213,0.864392516,0.104658942,1,1,0,0,0
73.2,2.55774132,-1.42962447,89.9727332,0.0794326544,-0.00851018334,FollowWall,following_right_wall,0,14,42,0.429969281,-1,-1,-1,1,0.245132849,0.868333191,0.104658942,1,1,0,0,0
73.25,2.557744,-1.42565111,89.9498351,0.0794326544,-0.00851018334,FollowWall,following_right_wall,0,14,42,0.429969281,-1,-1,-1,1,0.245132849,0.872271006,0.104658942,1,1,0,0,0
73.3,2.5577483,-1.42167847,89.9263196,0.0793453154,-0.0098202697,FollowWall,following_right_wall,0,14,42,0.42995581,-1,-1,-1,1,0.24536255,0.87620716,0.104658942,1,1,0,0,0
73.35,2.55775428,-1.41770808,89.9008802,0.0793453154,-0.0098202697,FollowWall,following_right_wall,0,14,42,0.42995581,-1,-1,-1,1,0.24536255,0.880138107,0.104658942,1,1,0,0,0
73.4,2.55776207,-1.41373899,89.8743184,0.0793475445,-0.00978683246,FollowWall,following_right_wall,0,14,42,0.429856211,-1,-1,-1,1,0.245886832,0.884066027,0.104658942,1,1,0,0,0
73.45,2.55777171,-1.40977063,89.8471419,0.0793475445,-0.00978683246,FollowWall,following_right_wall,0,14,42,0.429856211,-1,-1,-1,1,0.245886832,0.887992297,0.104658942,1,1,0,0,0
73.5,2.55778325,-1.40580268,89.8196067,0.0793033029,-0.0104504564,FollowWall,following_right_wall,0,14,42,0.429692119,-1,-1,-1,1,0.245741203,0.891917613,0.104658942,1,1,0,0,0
73.55,2.55779673,-1.40183591,89.7910702,0.0793033029,-0.0104504564,FollowWall,following_right_wall,0,14,42,0.429692119,-1,-1,-1,1,0.245741203,0.895840232,0.104658942,1,1,0,0,0
73.6,2.5578122,-1.39786982,89.7619497,0.0794974409,-0.00753838627,FollowWall,following_right_wall,0,14,42,0.429454982,-1,-1,-1,1,0.245793104,0.899761287,0.104658942,1,1,0,0,0
73.65,2.5578296,-1.39390009,89.7359644,0.0794974409,-0.00753838627,FollowWall,following_right_wall,0,14,42,0.429454982,-1,-1,-1,1,0.245793104,0.903690852,0.104658942,1,1,0,0,0
73.7,2.55784874,-1.38992825,89.711808,0.0797611917,-0.00358212508,FollowWall,following_right_wall,0,14,42,0.429242671,-1,-1,-1,1,0.245681182,0.907625384,0.104658942,1,1,0,0,0
73.75,2.55786939,-1.38594967,89.6934409,0.0797611917,-0.00358212508,FollowWall,following_right_wall,0,14,42,0.429242671,-1,-1,-1,1,0.245681182,0.911575599,0.104658942,1,1,0,0,0
73.8,2.55789122,-1.38196717,89.6784509,0.0799794125,-0.000308811814,FollowWall,following_right_wall,0,14,42,0.429142952,-1,-1,-1,1,0.245211497,0.915534959,0.104658942,1,1,0,0,0
73.85,2.55791392,-1.37797784,89.6693382,0.0799794125,-0.000308811814,FollowWall,following_right_wall,0,14,42,0.429142952,-1,-1,-1,1,0.245211497,0.919510229,0.104658942,1,1,0,0,0
73.9,2.55793717,-1.37398452,89.6636538,0.0797890942,0.00316358659,FollowWall,following_right_wall,0,14,42,0.429171652,-1,-1,-1,1,0.245080903,0.923494776,0.104658942,1,1,0,0,0
73.95,2.55796058,-1.36999284,89.6641141,0.0797890942,0.00316358659,FollowWall,following_right_wall,0,14,42,0.429171652,-1,-1,-1,1,0.245080903,0.927487166,0.104658942,1,1,0,0,0
74,2.55798384,-1.36600212,89.6681589,0.0796504793,0.00524280976,FollowWall,following_right_wall,0,14,42,0.429335654,-1,-1,-1,1,0.244899288,0.931484131,0.104658942,1,1,0,0,0
74.05,2.55800663,-1.36201484,89.6767765,0.0796504793,0.00524280976,FollowWall,following_right_wall,0,14,42,0.429335654,-1,-1,-1,1,0.244899288,0.935484712,0.104658942,1,1,0,0,0
74.1,2.55802872,-1.35802956,89.6880616,0.0796934579,0.00459813194,FollowWall,following_right_wall,0,14,42,0.429598212,-1,-1,-1,1,0.244830981,0.939487406,0.104658942,1,1,0,0,0
74.15,2.55805,-1.35404456,89.7001332,0.0796934579,0.00459813194,FollowWall,following_right_wall,0,14,42,0.429598212,-1,-1,-1,1,0.244830981,0.943491046,0.104658942,1,1,0,0,0
74.2,2.55807042,-1.35005971,89.7126636,0.0797576914,0.00363462841,FollowWall,following_right_wall,0,14,42,0.429855675,-1,-1,-1,1,0.245027021,0.947495242,0.104658942,1,1,0,0,0
74.25,2.55809,-1.34607362,89.7243115,0.0797576914,0.00363462841,FollowWall,following_right_wall,0,14,42,0.429855675,-1,-1,-1,1,0.245027021,0.951499328,0.104658942,1,1,0,0,0
74.3,2.5581088,-1.34208679,89.7354446,0.0797298034,0.00405294954,FollowWall,following_right_wall,0,14,42,0.430043429,-1,-1,-1,1,0.244941786,0.955503352,0.104658942,1,1,0,0,0
74.35,2.55812681,-1.33810012,89.7467768,0.0797298034,0.00405294954,FollowWall,following_right_wall,0,14,42,0.430043429,-1,-1,-1,1,0.244941786,0.959507534,0.104658942,1,1,0,0,0
74.4,2.55814403,-1.33411354,89.7582251,0.079603184,0.00595223946,FollowWall,following_right_wall,0,14,42,0.430178523,-1,-1,-1,1,0.244893536,0.963511811,0.104658942,1,1,0,0,0
74.45,2.55816036,-1.33012965,89.7720082,0.079603184,0.00595223946,FollowWall,following_right_wall,0,14,42,0.430178523,-1,-1,-1,1,0.244893536,0.967517014,0.104658942,1,1,0,0,0
74.5,2.55817568,-1.32614732,89.7871533,0.0795117914,0.00732312913,FollowWall,following_right_wall,0,14,42,0.430322528,-1,-1,-1,1,0.245129675,0.971522763,0.104658942,1,1,0,0,0
74.55,2.55818986,-1.32216781,89.8047293,0.0795117914,0.00732312913,FollowWall,following_right_wall,0,14,42,0.430322528,-1,-1,-1,1,0.245129675,0.975529466,0.104658942,1,1,0,0,0
74.6,2.55820275,-1.31818993,89.8237233,0.0796404832,0.00539275169,FollowWall,following_right_wall,0,14,42,0.430493742,-1,-1,-1,1,0.24487403,0.979536732,0.104658942,1,1,0,0,0
74.65,2.55821439,-1.31421034,89.8412403,0.0796404832,0.00539275169,FollowWall,following_right_wall,0,14,42,0.430493742,-1,-1,-1,1,0.24487403,0.983543447,0.104658942,1,1,0,0,0
74.7,2.55822484,-1.31022973,89.8578956,0.0797819641,0.00327053915,FollowWall,following_right_wall,0,14,42,0.430596322,-1,-1,-1,1,0.245144218,0.987549845,0.104658942,1,1,0,0,0
74.75,2.55823425,-1.30624559,89.8715152,0.0797819641,0.00327053915,FollowWall,following_right_wall,0,14,42,0.430596322,-1,-1,-1,1,0.245144218,0.991555084,0.104658942,1,1,0,0,0
74.8,2.55824278,-1.30225939,89.8833638,0.0797456524,0.00381521427,FollowWall,following_right_wall,0,14,42,0.430568993,-1,-1,-1,1,0.245610312,0.995559648,0.104658942,1,1,0,0,0
74.85,2.55825049,-1.29827274,89.8948296,0.0797456524,0.00381521427,FollowWall,following_right_wall,0,14,42,0.430568993,-1,-1,-1,1,0.245610312,0.999564069,0.104658942,1,1,0,0,0
74.9,2.55825742,-1.29428582,89.906072,0.0797473114,0.00379032905,FollowWall,following_right_wall,0,14,42,0.430472344,-1,-1,-1,1,0.245471641,1.00356841,0.104658942,1,1,0,0,0
74.95,2.55826357,-1.29029872,89.9171545,0.0797473114,0.00379032905,FollowWall,following_right_wall,0,14,42,0.430472344,-1,-1,-1,1,0.245471641,1.00757269,0.104658942,1,1,0,0,0
75,2.55826895,-1.28631151,89.9281437,0.0798431129,0.00235330701,FollowWall,following_right_wall,0,14,42,0.430331379,-1,-1,-1,1,0.245209187,1.01157695,0.104658942,1,1,0,0,0
75.05,2.55827364,-1.28232224,89.9373631,0.0798431129,0.00235330701,FollowWall,following_right_wall,0,14,42,0.430331379,-1,-1,-1,1,0.245209187,1.01558052,0.104658942,1,1,0,0,0
75.1,2.55827771,-1.27833177,89.9455501,0.0797471503,0.00379274597,FollowWall,following_right_wall,0,14,42,0.430110246,-1,-1,-1,1,0.244929418,1.01958369,0.104658942,1,1,0,0,0
75.15,2.55828118,-1.2743426,89.9548531,0.0797471503,0.00379274597,FollowWall,following_right_wall,0,14,42,0.430110246,-1,-1,-1,1,0.244929418,1.0235873,0.104658942,1,1,0,0,0
75.2,2.55828398,-1.27035418,89.9648071,0.079797151,0.00304273509,FollowWall,following_right_wall,0,14,42,0.429878771,-1,-1,-1,1,0.244533405,1.02759117,0.104658942,1,1,0,0,0
75.25,2.5582861,-1.26636516,89.9742456,0.079797151,0.00304273509,FollowWall,following_right_wall,0,14,42,0.429878771,-1,-1,-1,1,0.244533405,1.03159484,0.104658942,1,1,0,0,0
75.3,2.55828757,-1.2623758,89.9833834,0.0798966177,0.00155073497,FollowWall,following_right_wall,0,14,42,0.42961812,-1,-1,-1,1,0.244768292,1.0355984,0.104658942,1,1,0,0,0
75.35,2.55828848,-1.25838415,89.9905649,0.0798966177,0.00155073497,FollowWall,following_right_wall,0,14,42,0.42961812,-1,-1,-1,1,0.244768292,1.03960119,0.104658942,1,1,0,0,0
75.4,2.55828893,-1.25439118,89.9966051,0.0799767297,0.000349053972,FollowWall,following_right_wall,0,14,42,0.429287106,-1,-1,-1,1,0.244372278,1.04360355,0.104658942,1,1,0,0,0
75.45,2.55828903,-1.25039577,90.0005452,0.0799767297,0.000349053972,FollowWall,following_right_wall,0,14,42,0.429287106,-1,-1,-1,1,0.244372278,1.04760339,0.104658942,1,1,0,0,0
75.5,2.55828889,-1.24639893,90.0032603,0.0798637722,0.00204341694,FollowWall,following_right_wall,0,14,42,0.428878605,-1,-1,-1,1,0.244441405,1.05159601,0.104658942,1,1,0,0,0
75.55,2.55828853,-1.24240361,90.0072832,0.0798637722,0.00204341694,FollowWall,following_right_wall,0,14,42,0.428878605,-1,-1,-1,1,0.244441405,1.05558508,0.104658942,1,1,0,0,0
75.6,2.55828785,-1.23840917,90.012069,0.079696383,0.00455425448,FollowWall,following_right_wall,0,14,42,0.428486079,-1,-1,-1,1,0.244657889,1.05957208,0.104658942,1,1,0,0,0
75.65,2.55828673,-1.23441875,90.020297,0.079696383,0.00455425448,FollowWall,following_right_wall,0,14,42,0.428486079,-1,-1,-1,1,0.244657889,1.06354973,0.104658942,1,1,0,0,0
75.7,2.55828496,-1.23043066,90.0305329,0.0795548737,0.00667689461,FollowWall,following_right_wall,0,14,42,0.428193331,-1,-1,-1,1,0.244907543,1.06752193,0.104658942,1,1,0,0,0
75.75,2.55828235,-1.22644688,90.0444738,0.0795548737,0.00667689461,FollowWall,following_right_wall,0,14,42,0.428193331,-1,-1,-1,1,0.244907543,1.07148407,0.104658942,1,1,0,0,0
75.8,2.5582787,-1.22246562,90.060576,0.0795821968,0.0062670481,FollowWall,following_right_wall,0,14,42,0.428029776,-1,-1,-1,1,0.244847685,1.07544034,0.104658942,1,1,0,0,0
75.85,2.5582739,-1.21848525,90.0774496,0.0795821968,0.0062670481,FollowWall,following_right_wall,0,14,42,0.428029776,-1,-1,-1,1,0.244847685,1.07939453,0.104658942,1,1,0,0,0
75.9,2.55826792,-1.21450542,90.0947734,0.0794203263,0.00869510558,FollowWall,following_right_wall,0,14,42,0.427930266,-1,-1,-1,1,0.244954348,1.08334751,0.104658942,1,1,0,0,0
75.95,2.55826064,-1.21052926,90.1152579,0.0794203263,0.00869510558,FollowWall,following_right_wall,0,14,42,0.427930266,-1,-1,-1,1,0.244954348,1.08729191,0.104658942,1,1,0,0,0
76,2.55825187,-1.20655525,90.1375862,0.0792631919,0.0110521218,FollowWall,following_right_wall,0,14,42,0.427948087,-1,-1,-1,1,0.244788677,1.09123133,0.104658942,1,1,0,0,0
76.05,2.55824143,-1.20258577,90.1638035,0.0792631919,0.0110521218,FollowWall,following_right_wall,0,14,42,0.427948087,-1,-1,-1,1,0.244788677,1.09516021,0.104658942,1,1,0,0,0
76.1,2.5582291,-1.19861893,90.1922895,0.079323957,0.0101406448,FollowWall,following_right_wall,0,14,42,0.428126067,-1,-1,-1,1,0.244490966,1.09908295,0.104658942,1,1,0,0,0
76.15,2.55821479,-1.19465237,90.2210108,0.079323957,0.0101406448,FollowWall,following_right_wall,0,14,42,0.428126067,-1,-1,-1,1,0.244490966,1.10300508,0.104658942,1,1,0,0,0
76.2,2.55819849,-1.19068599,90.2498694,0.0793016711,0.0104749332,FollowWall,following_right_wall,0,14,42,0.428381711,-1,-1,-1,1,0.245005071,1.10692685,0.104658942,1,1,0,0,0
76.25,2.55818018,-1.18672017,90.2792071,0.0793016711,0.0104749332,FollowWall,following_right_wall,0,14,42,0.428381711,-1,-1,-1,1,0.245005071,1.11084734,0.104658942,1,1,0,0,0
76.3,2.55815983,-1.18275468,90.3088243,0.0793803758,0.0092943624,FollowWall,following_right_wall,0,14,42,0.428705871,-1,-1,-1,1,0.245407209,1.1147671,0.104658942,1,1,0,0,0
76.35,2.55813747,-1.17878775,90.3371953,0.0793803758,0.0092943624,FollowWall,following_right_wall,0,14,42,0.428705871,-1,-1,-1,1,0.245407209,1.11869024,0.104658942,1,1,0,0,0
76.4,2.55811316,-1.17481999,90.3648394,0.0796012773,0.00598084075,FollowWall,following_right_wall,0,14,42,0.429059416,-1,-1,-1,1,0.245102227,1.12261536,0.104658942,1,1,0,0,0
76.45,2.55808706,-1.17084715,90.3881042,0.0796012773,0.00598084075,FollowWall,following_right_wall,0,14,42,0.429059416,-1,-1,-1,1,0.245102227,1.12655234,0.104658942,1,1,0,0,0
76.5,2.55805941,-1.16687134,90.4088145,0.0796926214,0.00461067973,FollowWall,following_right_wall,0,14,42,0.42935133,-1,-1,-1,1,0.244998366,1.13049623,0.104658942,1,1,0,0,0
76.55,2.5580304,-1.16289191,90.4263991,0.0796926214,0.00461067973,FollowWall,following_right_wall,0,14,42,0.42935133,-1,-1,-1,1,0.244998366,1.13444858,0.104658942,1,1,0,0,0
76.6,2.55800022,-1.15891036,90.4421603,0.0797504319,0.00374352138,FollowWall,following_right_wall,0,14,42,0.429595768,-1,-1,-1,1,0.244838625,1.13840586,0.104658942,1,1,0,0,0
76.65,2.557969,-1.15492638,90.4558229,0.0797504319,0.00374352138,FollowWall,following_right_wall,0,14,42,0.429595768,-1,-1,-1,1,0.244838625,1.14236881,0.104658942,1,1,0,0,0
76.7,2.55793686,-1.15094098,90.4682612,0.0799618046,0.000572931402,FollowWall,following_right_wall,0,14,42,0.429827601,-1,-1,-1,1,0.244753361,1.14633506,0.104658942,1,1,0,0,0
76.75,2.55790397,-1.14695036,90.4762008,0.0799618046,0.000572931402,FollowWall,following_right_wall,0,14,42,0.429827601,-1,-1,-1,1,0.244753361,1.15031347,0.104658942,1,1,0,0,0
76.8,2.55787059,-1.14295668,90.4815161,0.0798339268,-0.00249109751,FollowWall,following_right_wall,0,14,42,0.429988712,-1,-1,-1,1,0.244597182,1.15429897,0.104658942,1,1,0,0,0
76.85,2.55783703,-1.13896389,90.4816432,0.0798339268,-0.00249109751,FollowWall,following_right_wall,0,14,42,0.429988712,-1,-1,-1,1,0.244597182,1.15829157,0.104658942,1,1,0,0,0
76.9,2.55780357,-1.13497161,90.4787438,0.0797328163,-0.00400775555,FollowWall,following_right_wall,0,14,42,0.430043668,-1,-1,-1,1,0.24436371,1.1622883,0.104658942,1,1,0,0,0
76.95,2.55777046,-1.13098174,90.4722685,0.0797328163,-0.00400775555,FollowWall,following_right_wall,0,14,42,0.430043668,-1,-1,-1,1,0.24436371,1.16628814,0.104658942,1,1,0,0,0
77,2.55773788,-1.12699327,90.4637074,0.0797668175,-0.00349773821,FollowWall,following_right_wall,0,14,42,0.430027872,-1,-1,-1,1,0.244885907,1.17028979,0.104658942,1,1,0,0,0
77.05,2.55770592,-1.1230049,90.4545383,0.0797668175,-0.00349773821,FollowWall,following_right_wall,0,14,42,0.430027872,-1,-1,-1,1,0.244885907,1.17429226,0.104658942,1,1,0,0,0
77.1,2.55767461,-1.11901659,90.4450146,0.0797987361,-0.00301895881,FollowWall,following_right_wall,0,14,42,0.430027574,-1,-1,-1,1,0.245090142,1.17829523,0.104658942,1,1,0,0,0
77.15,2.55764395,-1.11502765,90.4358554,0.0797987361,-0.00301895881,FollowWall,following_right_wall,0,14,42,0.430027574,-1,-1,-1,1,0.245090142,1.18229828,0.104658942,1,1,0,0,0
77.2,2.55761391,-1.11103834,90.426909,0.0796843596,-0.00473460564,FollowWall,following_right_wall,0,14,42,0.430085093,-1,-1,-1,1,0.245480254,1.18630136,0.104658942,1,1,0,0,0
77.25,2.55758458,-1.10705119,90.4160387,0.0796843596,-0.00473460564,FollowWall,following_right_wall,0,14,42,0.430085093,-1,-1,-1,1,0.245480254,1.19030525,0.104658942,1,1,0,0,0
77.3,2.55755605,-1.1030653,90.4040462,0.0796181506,-0.00572774089,FollowWall,following_right_wall,0,14,42,0.430143148,-1,-1,-1,1,0.245549291,1.19430962,0.104658942,1,1,0,0,0
77.35,2.55752844,-1.09908153,90.3902135,0.0796181506,-0.00572774089,FollowWall,following_right_wall,0,14,42,0.430143148,-1,-1,-1,1,0.245549291,1.19831471,0.104658942,1,1,0,0,0
77.4,2.55750184,-1.09509898,90.3753075,0.0796499681,-0.00525047917,FollowWall,following_right_wall,0,14,42,0.430186242,-1,-1,-1,1,0.245713621,1.20232023,0.104658942,1,1,0,0,0
77.45,2.55747627,-1.09111648,90.3603451,0.0796499681,-0.00525047917,FollowWall,following_right_wall,0,14,42,0.430186242,-1,-1,-1,1,0.245713621,1.2063258,0.104658942,1,1,0,0,0
77.5,2.55745174,-1.08713401,90.3453496,0.0795845987,-0.00623101941,FollowWall,following_right_wall,0,14,42,0.430258006,-1,-1,-1,1,0.245574117,1.2103314,0.104658942,1,1,0,0,0
77.55,2.55742831,-1.08315292,90.3291646,0.0795845987,-0.00623101941,FollowWall,following_right_wall,0,14,42,0.430258006,-1,-1,-1,1,0.245574117,1.21433746,0.104658942,1,1,0,0,0
77.6,2.55740603,-1.07917262,90.3122856,0.0794852502,-0.00772124658,FollowWall,following_right_wall,0,14,42,0.430334657,-1,-1,-1,1,0.245190248,1.21834381,0.104658942,1,1,0,0,0
77.65,2.55738501,-1.07519486,90.2932229,0.0794852502,-0.00772124658,FollowWall,following_right_wall,0,14,42,0.430334657,-1,-1,-1,1,0.245190248,1.222351,0.104658942,1,1,0,0,0
77.7,2.55736537,-1.07121857,90.2728865,0.0795368766,-0.0069468512,FollowWall,following_right_wall,0,14,42,0.430377424,-1,-1,-1,1,0.245604798,1.2263587,0.104658942,1,1,0,0,0
77.75,2.55734713,-1.06724206,90.2527314,0.0795368766,-0.0069468512,FollowWall,following_right_wall,0,14,42,0.430377424,-1,-1,-1,1,0.245604798,1.23036635,0.104658942,1,1,0,0,0
77.8,2.55733028,-1.06326543,90.232682,0.0795726513,-0.00641023083,FollowWall,following_right_wall,0,14,42,0.43043682,-1,-1,-1,1,0.245847508,1.23437398,0.104658942,1,1,0,0,0
77.85,2.5573148,-1.05928797,90.2133349,0.0795726513,-0.00641023083,FollowWall,following_right_wall,0,14,42,0.43043682,-1,-1,-1,1,0.245847508,1.23838136,0.104658942,1,1,0,0,0
77.9,2.55730065,-1.05531003,90.1943975,0.0794251649,-0.00862252578,FollowWall,following_right_wall,0,14,42,0.430535078,-1,-1,-1,1,0.245684996,1.24238859,0.104658942,1,1,0,0,0
77.95,2.5572879,-1.05133488,90.1730582,0.0794251649,-0.00862252578,FollowWall,following_right_wall,0,14,42,0.430535078,-1,-1,-1,1,0.245684996,1.24639677,0.104658942,1,1,0,0,0
78,2.55727669,-1.04736135,90.150318,0.0792887703,-0.0106684452,FollowWall,following_right_wall,0,14,42,0.430587202,-1,-1,-1,1,0.245778069,1.2504055,0.104658942,1,1,0,0,0
78.05,2.55726717,-1.04339162,90.1243183,0.0792887703,-0.0106684452,FollowWall,following_right_wall,0,14,42,0.430587202,-1,-1,-1,1,0.245778069,1.25441551,0.104658942,1,1,0,0,0
78.1,2.55725953,-1.03942409,90.0964173,0.0793339815,-0.00999027722,FollowWall,following_right_wall,0,14,42,0.430544436,-1,-1,-1,1,0.245634362,1.25842629,0.104658942,1,1,0,0,0
78.15,2.55725383,-1.03545691,90.0682167,0.0793339815,-0.00999027722,FollowWall,following_right_wall,0,14,42,0.430544436,-1,-1,-1,1,0.245634362,1.2624372,0.104658942,1,1,0,0,0
78.2,2.55725009,-1.03148992,90.0398414,0.0794348485,-0.00847727198,FollowWall,following_right_wall,0,14,42,0.43047145,-1,-1,-1,1,0.245501101,1.26644821,0.104658942,1,1,0,0,0
78.25,2.55724825,-1.02752096,90.0131701,0.0794348485,-0.00847727198,FollowWall,following_right_wall,0,14,42,0.43047145,-1,-1,-1,1,0.245501101,1.27045859,0.104658942,1,1,0,0,0
78.3,2.55724823,-1.02355084,89.9874928,0.0795362113,-0.00695683021,FollowWall,following_right_wall,0,14,42,0.430431306,-1,-1,-1,1,0.245552197,1.27442974,0.104658942,1,1,0,0,0
78.35,2.5572499,-1.01957793,89.9642103,0.0795362113,-0.00695683021,FollowWall,following_right_wall,0,14,42,0.430431306,-1,-1,-1,1,0.245552197,1.2783665,0.104658942,1,1,0,0,0
78.4,2.55725315,-1.01560339,89.9423247,0.0794498242,-0.00825263719,FollowWall,following_right_wall,0,14,42,0.430447608,-1,-1,-1,1,0.245603859,1.28230707,0.104658942,1,1,0,0,0
78.45,2.55725793,-1.01162971,89.9197073,0.0794498242,-0.00825263719,FollowWall,following_right_wall,0,14,42,0.430447608,-1,-1,-1,1,0.245603859,1.28624567,0.104658942,1,1,0,0,0
78.5,2.5572643,-1.00765653,89.8966629,0.0793602091,-0.00959686312,FollowWall,following_right_wall,0,14,42,0.430437207,-1,-1,-1,1,0.245807022,1.29018312,0.104658942,1,1,0,0,0
78.55,2.55727232,-1.00368551,89.871765,0.0793602091,-0.00959686312,FollowWall,following_right_wall,0,14,42,0.430437207,-1,-1,-1,1,0.245807022,1.29411555,0.104658942,1,1,0,0,0
78.6,2.55728211,-0.999715749,89.8457858,0.0793626809,-0.00955978614,FollowWall,following_right_wall,0,14,42,0.430345684,-1,-1,-1,1,0.246335566,1.29804507,0.104658942,1,1,0,0,0
78.65,2.55729371,-0.995746676,89.8192201,0.0793626809,-0.00955978614,FollowWall,following_right_wall,0,14,42,0.430345684,-1,-1,-1,1,0.246335566,1.30197302,0.104658942,1,1,0,0,0
78.7,2.55730716,-0.991778008,89.7923122,0.0793151381,-0.0102729292,FollowWall,following_right_wall,0,14,42,0.430192113,-1,-1,-1,1,0.246325567,1.30590005,0.104658942,1,1,0,0,0
78.75,2.55732251,-0.987810569,89.7643536,0.0793151381,-0.0102729292,FollowWall,following_right_wall,0,14,42,0.430192113,-1,-1,-1,1,0.246325567,1.30982426,0.104658942,1,1,0,0,0
78.8,2.55733982,-0.983843851,89.735782,0.0794468327,-0.00829751009,FollowWall,following_right_wall,0,14,42,0.429965585,-1,-1,-1,1,0.2462136,1.31374681,0.104658942,1,1,0,0,0
78.85,2.55735904,-0.979874815,89.7092108,0.0794468327,-0.00829751009,FollowWall,following_right_wall,0,14,42,0.429965585,-1,-1,-1,1,0.2462136,1.31767481,0.104658942,1,1,0,0,0
78.9,2.55738007,-0.97590443,89.6838065,0.079732076,-0.00401885926,FollowWall,following_right_wall,0,14,42,0.42973569,-1,-1,-1,1,0.246229485,1.32160597,0.104658942,1,1,0,0,0
78.95,2.5574027,-0.971927319,89.6641902,0.079732076,-0.00401885926,FollowWall,following_right_wall,0,14,42,0.42973569,-1,-1,-1,1,0.246229485,1.32555281,0.104658942,1,1,0,0,0
79,2.5574266,-0.967946287,89.6479502,0.0799401011,-0.000898483741,FollowWall,following_right_wall,0,14,42,0.429612309,-1,-1,-1,1,0.245762706,1.32950879,0.104658942,1,1,0,0,0
79.05,2.55745147,-0.963958635,89.6374044,0.0799401011,-0.000898483741,FollowWall,following_right_wall,0,14,42,0.429612309,-1,-1,-1,1,0.245762706,1.33348018,0.104658942,1,1,0,0,0
79.1,2.55747698,-0.959967122,89.6301801,0.0798226483,0.00266027607,FollowWall,following_right_wall,0,14,42,0.429612905,-1,-1,-1,1,0.245622486,1.33746055,0.104658942,1,1,0,0,0
79.15,2.55750278,-0.955975804,89.6291415,0.0798226483,0.00266027607,FollowWall,following_right_wall,0,14,42,0.429612905,-1,-1,-1,1,0.245622486,1.34145027,0.104658942,1,1,0,0,0
79.2,2.55752852,-0.951984597,89.6317111,0.0796448079,0.00532788095,FollowWall,following_right_wall,0,14,42,0.429748744,-1,-1,-1,1,0.245441079,1.34544543,0.104658942,1,1,0,0,0
79.25,2.55755388,-0.947997159,89.6395697,0.0796448079,0.00532788095,FollowWall,following_right_wall,0,14,42,0.429748744,-1,-1,-1,1,0.245441079,1.34944499,0.104658942,1,1,0,0,0
79.3,2.55757857,-0.944011915,89.6505136,0.0796830617,0.00475407486,FollowWall,following_right_wall,0,14,42,0.430001229,-1,-1,-1,1,0.245327398,1.35344711,0.104658942,1,1,0,0,0
79.35,2.55760246,-0.940027154,89.6625723,0.0796830617,0.00475407486,FollowWall,following_right_wall,0,14,42,0.430001229,-1,-1,-1,1,0.245327398,1.35745048,0.104658942,1,1,0,0,0
79.4,2.55762548,-0.93604267,89.6752812,0.0797444132,0.003833802,FollowWall,following_right_wall,0,14,42,0.430261105,-1,-1,-1,1,0.245435864,1.36145457,0.104658942,1,1,0,0,0
79.45,2.55764765,-0.932057069,89.6872711,0.0797444132,0.003833802,FollowWall,following_right_wall,0,14,42,0.430261105,-1,-1,-1,1,0.245435864,1.36545868,0.104658942,1,1,0,0,0
79.5,2.55766901,-0.928070814,89.6988414,0.0797530923,0.00370361512,FollowWall,following_right_wall,0,14,42,0.430457562,-1,-1,-1,1,0.245426878,1.36946279,0.104658942,1,1,0,0,0
79.55,2.55768957,-0.924083996,89.7100117,0.0797530923,0.00370361512,FollowWall,following_right_wall,0,14,42,0.430457562,-1,-1,-1,1,0.245426878,1.37346686,0.104658942,1,1,0,0,0
79.6,2.55770937,-0.920096847,89.7209485,0.0796224659,0.00566301177,FollowWall,following_right_wall,0,14,42,0.430587083,-1,-1,-1,1,0.24542889,1.3774709,0.104658942,1,1,0,0,0
79.65,2.55772832,-0.916112226,89.734088,0.0796224659,0.00566301177,FollowWall,following_right_wall,0,14,42,0.430587083,-1,-1,-1,1,0.24542889,1.38147582,0.104658942,1,1,0,0,0
79.7,2.55774631,-0.912129076,89.7485125,0.0795162995,0.00725550797,FollowWall,following_right_wall,0,14,42,0.430718243,-1,-1,-1,1,0.245538682,1.38548126,0.104658942,1,1,0,0,0
79.75,2.55776318,-0.908148995,89.7655874,0.0795162995,0.00725550797,FollowWall,following_right_wall,0,14,42,0.430718243,-1,-1,-1,1,0.245538682,1.38948774,0.104658942,1,1,0,0,0
79.8,2.55777881,-0.904170701,89.7842084,0.0796167909,0.00574813704,FollowWall,following_right_wall,0,14,42,0.430880666,-1,-1,-1,1,0.245347694,1.39349483,0.104658942,1,1,0,0,0
79.85,2.55779319,-0.900191354,89.8019319,0.0796167909,0.00574813704,FollowWall,following_right_wall,0,14,42,0.430880666,-1,-1,-1,1,0.245347694,1.39750159,0.104658942,1,1,0,0,0
79.9,2.55780635,-0.896211392,89.819132,0.0797560242,0.00365963731,FollowWall,following_right_wall,0,14,42,0.43099001,-1,-1,-1,1,0.245480001,1.40150817,0.104658942,1,1,0,0,0
79.95,2.55781842,-0.892228169,89.8335338,0.0797560242,0.00365963731,FollowWall,following_right_wall,0,14,42,0.43099001,-1,-1,-1,1,0.245480001,1.40551368,0.104658942,1,1,0,0,0
80,2.55782956,-0.888243044,89.8463032,0.0797730618,0.00340407297,FollowWall,following_right_wall,0,14,42,0.430978686,-1,-1,-1,1,0.245939732,1.40951858,0.104658942,1,1,0,0,0
80.05,2.55783985,-0.884256453,89.8578153,0.0797730618,0.00340407297,FollowWall,following_right_wall,0,14,42,0.430978686,-1,-1,-1,1,0.245939732,1.413523,0.104658942,1,1,0,0,0
80.1,2.55784937,-0.880269006,89.868594,0.0797353263,0.00397010481,FollowWall,following_right_wall,0,14,42,0.430876553,-1,-1,-1,1,0.245942071,1.41752714,0.104658942,1,1,0,0,0
80.15,2.55785813,-0.876281846,89.8796205,0.0797353263,0.00397010481,FollowWall,following_right_wall,0,14,42,0.430876553,-1,-1,-1,1,0.245942071,1.42153139,0.104658942,1,1,0,0,0
80.2,2.55786612,-0.872294852,89.8907917,0.0798256587,0.00261511875,FollowWall,following_right_wall,0,14,42,0.430734515,-1,-1,-1,1,0.245675176,1.4255357,0.104658942,1,1,0,0,0
80.25,2.55787339,-0.868306073,89.9004297,0.0798256587,0.00261511875,FollowWall,following_right_wall,0,14,42,0.430734515,-1,-1,-1,1,0.245675176,1.42953941,0.104658942,1,1,0,0,0
80.3,2.55788001,-0.864316252,89.9091735,0.0797605143,0.00359228492,FollowWall,following_right_wall,0,14,42,0.430520058,-1,-1,-1,1,0.245410115,1.43354279,0.104658942,1,1,0,0,0
80.35,2.55788601,-0.860327181,89.918562,0.0797605143,0.00359228492,FollowWall,following_right_wall,0,14,42,0.430520058,-1,-1,-1,1,0.245410115,1.43754642,0.104658942,1,1,0,0,0
80.4,2.55789134,-0.856338546,89.9283266,0.0797741649,0.00338752688,FollowWall,following_right_wall,0,14,42,0.430283636,-1,-1,-1,1,0.24503544,1.4415502,0.104658942,1,1,0,0,0
80.45,2.55789599,-0.852349881,89.9380662,0.0797741649,0.00338752688,FollowWall,following_right_wall,0,14,42,0.430283636,-1,-1,-1,1,0.24503544,1.44555397,0.104658942,1,1,0,0,0
80.5,2.55789996,-0.848361199,89.9477912,0.0798762423,0.00185636527,FollowWall,following_right_wall,0,14,42,0.430026919,-1,-1,-1,1,0.245124131,1.44955775,0.104658942,1,1,0,0,0
80.55,2.55790333,-0.844370379,89.9556799,0.0798762423,0.00185636527,FollowWall,following_right_wall,0,14,42,0.430026919,-1,-1,-1,1,0.245124131,1.45356081,0.104658942,1,1,0,0,0
80.6,2.55790618,-0.840378313,89.9624976,0.0799598907,0.000601639381,FollowWall,following_right_wall,0,14,42,0.429705024,-1,-1,-1,1,0.244838387,1.45756345,0.104658942,1,1,0,0,0
80.65,2.55790863,-0.836383777,89.9671927,0.0799598907,0.000601639381,FollowWall,following_right_wall,0,14,42,0.429705024,-1,-1,-1,1,0.244838387,1.46156528,0.104658942,1,1,0,0,0
80.7,2.55791079,-0.8323878,89.9706497,0.0798866303,0.00170054502,FollowWall,following_right_wall,0,14,42,0.429305017,-1,-1,-1,1,0.244741425,1.46556662,0.104658942,1,1,0,0,0
80.75,2.5579127,-0.828392509,89.9746961,0.0798866303,0.00170054502,FollowWall,following_right_wall,0,14,42,0.429305017,-1,-1,-1,1,0.244741425,1.4695682,0.104658942,1,1,0,0,0
80.8,2.55791431,-0.824397617,89.9790864,0.079720294,0.00419558966,FollowWall,following_right_wall,0,14,42,0.428901255,-1,-1,-1,1,0.244992673,1.4735699,0.104658942,1,1,0,0,0
80.85,2.5579155,-0.820406425,89.9866556,0.079720294,0.00419558966,FollowWall,following_right_wall,0,14,42,0.428901255,-1,-1,-1,1,0.244992673,1.47757285,0.104658942,1,1,0,0,0
80.9,2.55791611,-0.816417389,89.996079,0.0795555234,0.00666714846,FollowWall,following_right_wall,0,14,42,0.428584784,-1,-1,-1,1,0.245233417,1.48157652,0.104658942,1,1,0,0,0
80.95,2.55791591,-0.812433045,90.0095343,0.0795555234,0.00666714846,FollowWall,following_right_wall,0,14,42,0.428584784,-1,-1,-1,1,0.245233417,1.48555215,0.104658942,1,1,0,0,0
81,2.5579147,-0.808451438,90.0253416,0.0796026719,0.00595992077,FollowWall,following_right_wall,0,14,42,0.428402841,-1,-1,-1,1,0.245307803,1.48950921,0.104658942,1,1,0,0,0
81.05,2.55791237,-0.804470445,90.0416766,0.0796026719,0.00595992077,FollowWall,following_right_wall,0,14,42,0.428402841,-1,-1,-1,1,0.245307803,1.49346484,0.104658942,1,1,0,0,0
81.1,2.5579089,-0.800489812,90.0583195,0.0794452876,0.00832068543,FollowWall,following_right_wall,0,14,42,0.428279102,-1,-1,-1,1,0.24528037,1.49741965,0.104658942,1,1,0,0,0
81.15,2.55790417,-0.796512667,90.07796,0.0794452876,0.00832068543,FollowWall,following_right_wall,0,14,42,0.428279102,-1,-1,-1,1,0.24528037,1.50136633,0.104658942,1,1,0,0,0
81.2,2.55789802,-0.792537559,90.099349,0.0792863849,0.0107042259,FollowWall,following_right_wall,0,14,42,0.428265423,-1,-1,-1,1,0.24521409,1.50530827,0.104658942,1,1,0,0,0
81.25,2.55789026,-0.788566951,90.1246032,0.0792863849,0.0107042259,FollowWall,following_right_wall,0,14,42,0.428265423,-1,-1,-1,1,0.24521409,1.50923974,0.104658942,1,1,0,0,0
81.3,2.55788067,-0.784598971,90.152112,0.079307193,0.0103921055,FollowWall,following_right_wall,0,14,42,0.428408593,-1,-1,-1,1,0.244823366,1.51316511,0.104658942,1,1,0,0,0
81.35,2.55786916,-0.780632092,90.1805634,0.079307193,0.0103921055,FollowWall,following_right_wall,0,14,42,0.428408593,-1,-1,-1,1,0.244823366,1.51708794,0.104658942,1,1,0,0,0
81.4,2.55785565,-0.77666586,90.2095648,0.0793166722,0.0102499165,FollowWall,following_right_wall,0,14,42,0.428646445,-1,-1,-1,1,0.24526602,1.5210093,0.104658942,1,1,0,0,0
81.45,2.55784014,-0.772699811,90.2387172,0.0793166722,0.0102499165,FollowWall,following_right_wall,0,14,42,0.428646445,-1,-1,-1,1,0.24526602,1.52493027,0.104658942,1,1,0,0,0
81.5,2.5578226,-0.768733872,90.2679577,0.0793345067,0.00998240013,FollowWall,following_right_wall,0,14,42,0.428947419,-1,-1,-1,1,0.245788693,1.52885101,0.104658942,1,1,0,0,0
81.55,2.55780305,-0.764767632,90.2969303,0.0793345067,0.00998240013,FollowWall,following_right_wall,0,14,42,0.428947419,-1,-1,-1,1,0.245788693,1.53277251,0.104658942,1,1,0,0,0
81.6,2.5577815,-0.760801219,90.3257465,0.0795552987,0.00667051902,FollowWall,following_right_wall,0,14,42,0.429300904,-1,-1,-1,1,0.245427594,1.53669444,0.104658942,1,1,0,0,0
81.65,2.55775806,-0.756830112,90.3505184,0.0795552987,0.00667051902,FollowWall,following_right_wall,0,14,42,0.429300904,-1,-1,-1,1,0.245427594,1.54062732,0.104658942,1,1,0,0,0
81.7,2.55773297,-0.752856269,90.372931,0.0796890747,0.0046638795,FollowWall,following_right_wall,0,14,42,0.42960763,-1,-1,-1,1,0.245398626,1.54456661,0.104658942,1,1,0,0,0
81.75,2.55770643,-0.748878048,90.3915721,0.0796890747,0.0046638795,FollowWall,following_right_wall,0,14,42,0.42960763,-1,-1,-1,1,0.245398626,1.54851609,0.104658942,1,1,0,0,0
81.8,2.55767866,-0.744897275,90.4080131,0.0797100425,0.00434936269,FollowWall,following_right_wall,0,14,42,0.429852098,-1,-1,-1,1,0.245161712,1.55247153,0.104658942,1,1,0,0,0
81.85,2.55764978,-0.740914579,90.4227954,0.0797100425,0.00434936269,FollowWall,following_right_wall,0,14,42,0.429852098,-1,-1,-1,1,0.245161712,1.55643146,0.104658942,1,1,0,0,0
81.9,2.5576199,-0.736930766,90.4366101,0.0799223366,0.00116495052,FollowWall,following_right_wall,0,14,42,0.430091918,-1,-1,-1,1,0.245035261,1.560394,0.104658942,1,1,0,0,0
81.95,2.55758918,-0.732941879,90.4460592,0.0799223366,0.00116495052,FollowWall,following_right_wall,0,14,42,0.430091918,-1,-1,-1,1,0.245035261,1.56436834,0.104658942,1,1,0,0,0
82,2.55755786,-0.728950033,90.4529618,0.0798712131,-0.00193180338,FollowWall,following_right_wall,0,14,42,0.430267751,-1,-1,-1,1,0.244989291,1.56834956,0.104658942,1,1,0,0,0
82.05,2.55752623,-0.724957526,90.4546823,0.0798712131,-0.00193180338,FollowWall,following_right_wall,0,14,42,0.430267751,-1,-1,-1,1,0.244989291,1.57233942,0.104658942,1,1,0,0,0
82.1,2.55749459,-0.720964633,90.4533801,0.0797325224,-0.00401216348,FollowWall,following_right_wall,0,14,42,0.430339158,-1,-1,-1,1,0.244623438,1.57633431,0.104658942,1,1,0,0,0
82.15,2.55746321,-0.716974401,90.4478313,0.0797325224,-0.00401216348,FollowWall,following_right_wall,0,14,42,0.430339158,-1,-1,-1,1,0.244623438,1.58033309,0.104658942,1,1,0,0,0
82.2,2.55743231,-0.712985719,90.4398053,0.0797659638,-0.0035105437,FollowWall,following_right_wall,0,14,42,0.430322707,-1,-1,-1,1,0.245144621,1.58433412,0.104658942,1,1,0,0,0
82.25,2.55740201,-0.708997242,90.4309331,0.0797659638,-0.0035105437,FollowWall,following_right_wall,0,14,42,0.430322707,-1,-1,-1,1,0.245144621,1.58833626,0.104658942,1,1,0,0,0
82.3,2.55737233,-0.705008883,90.4215672,0.0797987347,-0.00301897938,FollowWall,following_right_wall,0,14,42,0.430311739,-1,-1,-1,1,0.245344475,1.59233905,0.104658942,1,1,0,0,0
82.35,2.5573433,-0.701019908,90.4125001,0.0797987347,-0.00301897938,FollowWall,following_right_wall,0,14,42,0.430311739,-1,-1,-1,1,0.245344475,1.59634199,0.104658942,1,1,0,0,0
82.4,2.55731489,-0.697030572,90.4036074,0.079721213,-0.00418180481,FollowWall,following_right_wall,0,14,42,0.430355787,-1,-1,-1,1,0.245738372,1.60034502,0.104658942,1,1,0,0,0
82.45,2.55728715,-0.693042638,90.3934283,0.079721213,-0.00418180481,FollowWall,following_right_wall,0,14,42,0.430355787,-1,-1,-1,1,0.245738372,1.60434864,0.104658942,1,1,0,0,0
82.5,2.55726015,-0.68905552,90.3824988,0.0796160388,-0.00575941827,FollowWall,following_right_wall,0,14,42,0.430417508,-1,-1,-1,1,0.245796397,1.60835261,0.104658942,1,1,0,0,0
82.55,2.55723401,-0.685071066,90.3692485,0.0796160388,-0.00575941827,FollowWall,following_right_wall,0,14,42,0.430417508,-1,-1,-1,1,0.245796397,1.61235749,0.104658942,1,1,0,0,0
82.6,2.55720885,-0.681088163,90.3546443,0.0796472296,-0.00529155609,FollowWall,following_right_wall,0,14,42,0.430456251,-1,-1,-1,1,0.245967865,1.61636291,0.104658942,1,1,0,0,0
82.65,2.55718471,-0.677105512,90.3398089,0.0796472296,-0.00529155609,FollowWall,following_right_wall,0,14,42,0.430456251,-1,-1,-1,1,0.245967865,1.62036844,0.104658942,1,1,0,0,0
82.7,2.55716161,-0.673123006,90.3248386,0.0796172258,-0.00574161339,FollowWall,following_right_wall,0,14,42,0.430516869,-1,-1,-1,1,0.245973825,1.62437405,0.104658942,1,1,0,0,0
82.75,2.55713958,-0.669141208,90.3092523,0.0796172258,-0.00574161339,FollowWall,following_right_wall,0,14,42,0.430516869,-1,-1,-1,1,0.245973825,1.62837991,0.104658942,1,1,0,0,0
82.8,2.55711865,-0.665159819,90.2933068,0.0794833627,-0.0077495595,FollowWall,following_right_wall,0,14,42,0.430597454,-1,-1,-1,1,0.245583609,1.63238591,0.104658942,1,1,0,0,0
82.85,2.55709892,-0.661181456,90.2747549,0.0794833627,-0.0077495595,FollowWall,following_right_wall,0,14,42,0.430597454,-1,-1,-1,1,0.245583609,1.63639293,0.104658942,1,1,0,0,0
82.9,2.55708055,-0.657204854,90.2546826,0.0795339789,-0.00699031706,FollowWall,following_right_wall,0,14,42,0.430637538,-1,-1,-1,1,0.245812699,1.64040055,0.104658942,1,1,0,0,0
82.95,2.55706357,-0.653228224,90.2346297,0.0795339789,-0.00699031706,FollowWall,following_right_wall,0,14,42,0.430637538,-1,-1,-1,1,0.245812699,1.64440817,0.104658942,1,1,0,0,0
83,2.55704798,-0.649251574,90.2145881,0.0795877936,-0.00618309668,FollowWall,following_right_wall,0,14,42,0.430688441,-1,-1,-1,1,0.24611488,1.64841581,0.104658942,1,1,0,0,0
83.05,2.55703374,-0.645273791,90.1955166,0.0795877936,-0.00618309668,FollowWall,following_right_wall,0,14,42,0.430688441,-1,-1,-1,1,0.24611488,1.6524231,0.104658942,1,1,0,0,0
83.1,2.55702081,-0.641295344,90.1770111,0.0794523141,-0.00821528785,FollowWall,following_right_wall,0,14,42,0.430785418,-1,-1,-1,1,0.245906994,1.65643018,0.104658942,1,1,0,0,0
83.15,2.55700924,-0.637319331,90.1564099,0.0794523141,-0.00821528785,FollowWall,following_right_wall,0,14,42,0.430785418,-1,-1,-1,1,0.245906994,1.66043809,0.104658942,1,1,0,0,0
83.2,2.55699915,-0.633344737,90.1345862,0.0793133582,-0.0102996268,FollowWall,following_right_wall,0,14,42,0.430847168,-1,-1,-1,1,0.246079311,1.66444649,0.104658942,1,1,0,0,0
83.25,2.55699069,-0.629373864,90.1095615,0.0793133582,-0.0102996268,FollowWall,following_right_wall,0,14,42,0.430847168,-1,-1,-1,1,0.246079311,1.66845614,0.104658942,1,1,0,0,0
83.3,2.55698403,-0.62540516,90.0826695,0.0793208984,-0.0101865242,FollowWall,following_right_wall,0,14,42,0.430818766,-1,-1,-1,1,0.245950148,1.67246653,0.104658942,1,1,0,0,0
83.35,2.55697927,-0.621437563,90.0548232,0.0793208984,-0.0101865242,FollowWall,following_right_wall,0,14,42,0.430818766,-1,-1,-1,1,0.245950148,1.67647732,0.104658942,1,1,0,0,0
83.4,2.55697646,-0.617470613,90.0264203,0.0794205697,-0.00869145379,FollowWall,following_right_wall,0,14,42,0.430744737,-1,-1,-1,1,0.245709777,1.68048836,0.104658942,1,1,0,0,0
83.45,2.55697556,-0.613501962,89.9994772,0.0794205697,-0.00869145379,FollowWall,following_right_wall,0,14,42,0.430744737,-1,-1,-1,1,0.245709777,1.68449723,0.104658942,1,1,0,0,0
83.5,2.5569765,-0.609532321,89.9733858,0.0795221301,-0.00716804842,FollowWall,following_right_wall,0,14,42,0.430694401,-1,-1,-1,1,0.245766237,1.68842635,0.104658942,1,1,0,0,0
83.55,2.55697917,-0.605559987,89.9496096,0.0795221301,-0.00716804842,FollowWall,following_right_wall,0,14,42,0.430694401,-1,-1,-1,1,0.245766237,1.69236178,0.104658942,1,1,0,0,0
83.6,2.55698344,-0.601586083,89.9271839,0.0794670788,-0.00799381806,FollowWall,following_right_wall,0,14,42,0.430698067,-1,-1,-1,1,0.245860398,1.69630089,0.104658942,1,1,0,0,0
83.65,2.55698928,-0.597612411,89.9045603,0.0794670788,-0.00799381806,FollowWall,following_right_wall,0,14,42,0.430698067,-1,-1,-1,1,0.245860398,1.70023948,0.104658942,1,1,1,0,1
