time,x,y,yaw_deg,v,w,state,reason,fault,narrow_usable,wide_usable,front_sector,front_clearance,pivot_valid,heading_valid,right_valid,right_distance,cap_gap,min_cap_gap,entered,approached,returned,contact,completed
0,0,0,0,0.0743247157,-0.0851292645,FollowWall,following_right_wall,0,14,42,0.534847498,1.95800295,1,1,1,0.303924054,2.211,2.211,0,0,0,0,0
0.05,0.00154843097,-1.37309192e-06,-0.101615574,0.0743247157,-0.0851292645,FollowWall,following_right_wall,0,14,42,0.534847498,1.95800295,1,1,1,0.303924054,2.21093137,2.21093137,0,0,0,0,0
0.1,0.00400010192,-9.16346938e-06,-0.2625069,0.0746994003,-0.0795089958,FollowWall,following_right_wall,0,14,42,0.531425178,1.95423072,1,1,1,0.30391857,2.21081767,2.21081767,0,0,0,0,0
0.15,0.0069864301,-2.77651085e-05,-0.451267047,0.0746994003,-0.0795089958,FollowWall,following_right_wall,0,14,42,0.531425178,1.95423072,1,1,1,0.30391857,2.21067571,2.21067571,0,0,0,0,0
0.2,0.0102845721,-5.96433239e-05,-0.656284005,0.0752518809,-0.0712217862,FollowWall,following_right_wall,0,14,42,0.526330829,1.94769358,1,1,1,0.304029286,2.21051094,2.21051094,0,0,0,0,0
0.25,0.0137760196,-0.000105872295,-0.860891975,0.0752518809,-0.0712217862,FollowWall,following_right_wall,0,14,42,0.526330829,1.94769358,1,1,1,0.304029286,2.21033323,2.21033323,0,0,0,0,0
0.3,0.0173801142,-0.000166458718,-1.06526137,0.0758416822,-0.0623747677,FollowWall,following_right_wall,0,14,42,0.521045208,1.94046552,1,1,1,0.304012299,2.21014246,2.21014246,0,0,0,0,0
0.35,0.0210620773,-0.000241148033,-1.25893124,0.0758416822,-0.0623747677,FollowWall,following_right_wall,0,14,42,0.521045208,1.94046552,1,1,1,0.304012299,2.20994545,2.20994545,0,0,0,0,0
0.4,0.0247893271,-0.000329157735,-1.44635973,0.0764092101,-0.0538618487,FollowWall,following_right_wall,0,14,42,0.516086936,1.93306448,1,1,1,0.303839296,2.20974004,2.20974004,0,0,0,0,0
0.45,0.0285546723,-0.000429938335,-1.61998586,0.0764092101,-0.0538618487,FollowWall,following_right_wall,0,14,42,0.516086936,1.93306448,1,1,1,0.303839296,2.20953136,2.20953136,0,0,0,0,0
0.5,0.0323420956,-0.000542529916,-1.78556062,0.0768632442,-0.0470513376,FollowWall,following_right_wall,0,14,42,0.511602938,1.92563903,1,1,1,0.303895742,2.20931665,2.20931665,0,0,0,0,0
0.55,0.036151707,-0.000666374058,-1.93830929,0.0768632442,-0.0470513376,FollowWall,following_right_wall,0,14,42,0.511602938,1.92563903,1,1,1,0.303895742,2.20909926,2.20909926,0,0,0,0,0
0.6,0.0399741163,-0.000800586455,-2.08357608,0.0772802585,-0.0407961223,FollowWall,following_right_wall,0,14,42,0.507567406,1.91822405,1,1,1,0.303761274,2.20887668,2.20887668,0,0,0,0,0
0.65,0.0438125298,-0.000944708668,-2.21701182,0.0772802585,-0.0407961223,FollowWall,following_right_wall,0,14,42,0.507567406,1.91822405,1,1,1,0.303761274,2.2086519,2.2086519,0,0,0,0,0
0.7,0.0476601383,-0.00109791814,-2.34354612,0.0776570333,-0.0351445007,FollowWall,following_right_wall,0,14,42,0.503931284,1.91082016,1,1,1,0.303531587,2.20842266,2.20842266,0,0,0,0,0
0.75,0.0515208167,-0.00125982484,-2.45930846,0.0776570333,-0.0351445007,FollowWall,following_right_wall,0,14,42,0.503931284,1.91082016,1,1,1,0.303531587,2.20819157,2.20819157,0,0,0,0,0
0.8,0.0553889867,-0.00142966301,-2.56878714,0.077969149,-0.030462765,FollowWall,following_right_wall,0,14,42,0.500648439,1.90313086,1,1,1,0.303530276,2.20795666,2.20795666,0,0,0,0,0
0.85,0.0592678949,-0.00160708535,-2.66901196,0.077969149,-0.030462765,FollowWall,following_right_wall,0,14,42,0.500648439,1.90313086,1,1,1,0.303530276,2.20771995,2.20771995,0,0,0,0,0
0.9,0.0631529439,-0.00179141586,-2.76383868,0.0782288755,-0.0265668669,FollowWall,following_right_wall,0,14,42,0.497663915,1.89532354,1,1,1,0.303697944,2.20747978,2.20747978,0,0,0,0,0
0.95,0.0670468613,-0.00198236107,-2.85086613,0.0782288755,-0.0265668669,FollowWall,following_right_wall,0,14,42,0.497663915,1.89532354,1,1,1,0.303697944,2.2072378,2.2072378,0,0,0,0,0
1,0.0709458383,-0.0021793361,-2.933344,0.0784906298,-0.0226405533,FollowWall,following_right_wall,0,14,42,0.494925529,1.8875093,1,1,1,0.30349049,2.20699266,2.20699266,0,0,0,0,0
1.05,0.074853105,-0.00238211827,-3.00848126,0.0784906298,-0.0226405533,FollowWall,following_right_wall,0,14,42,0.494925529,1.8875093,1,1,1,0.30349049,2.20674616,2.20674616,0,0,0,0,0
1.1,0.0787651058,-0.00259014388,-3.0793365,0.0787517299,-0.018724051,FollowWall,following_right_wall,0,14,42,0.492410719,1.8796859,1,1,1,0.302960783,2.20649705,2.20649705,0,0,0,0,0
1.15,0.082685205,-0.00280321588,-3.14301892,0.0787517299,-0.018724051,FollowWall,following_right_wall,0,14,42,0.492410719,1.8796859,1,1,1,0.302960783,2.20624718,2.20624718,0,0,0,0,0
1.2,0.0866099409,-0.00302077152,-3.20251718,0.0789889174,-0.0151662391,FollowWall,following_right_wall,0,14,42,0.490112007,1.87184973,1,1,1,0.30238241,2.20599533,2.20599533,0,0,0,0,0
1.25,0.0905422346,-0.00324261213,-3.25532786,0.0789889174,-0.0151662391,FollowWall,following_right_wall,0,14,42,0.490112007,1.87184973,1,1,1,0.30238241,2.20574314,2.20574314,0,0,0,0,0
1.3,0.0944788639,-0.00346820308,-3.30423746,0.0791784706,-0.0123229406,FollowWall,following_right_wall,0,14,42,0.488016605,1.86399975,1,1,1,0.302053571,2.20548952,2.20548952,0,0,0,0,0
1.35,0.0984218977,-0.00369734242,-3.34747749,0.0791784706,-0.0123229406,FollowWall,following_right_wall,0,14,42,0.488016605,1.86399975,1,1,1,0.302053571,2.20523564,2.20523564,0,0,0,0,0
1.4,0.102368606,-0.00392956972,-3.38741026,0.0793321278,-0.0100180829,FollowWall,following_right_wall,0,14,42,0.486097127,1.85613952,1,1,1,0.301888138,2.20498062,2.20498062,0,0,0,0,0
1.45,0.106320599,-0.00416470994,-3.42266259,0.0793321278,-0.0100180829,FollowWall,following_right_wall,0,14,42,0.486097127,1.85613952,1,1,1,0.301888138,2.20472539,2.20472539,0,0,0,0,0
1.5,0.110275622,-0.00440237807,-3.45518465,0.0795077745,-0.00738338253,FollowWall,following_right_wall,0,14,42,0.484324604,1.84827404,1,1,1,0.301255882,2.20446923,2.20446923,0,0,0,0,0
1.55,0.114236023,-0.00464246116,-3.48296911,0.0795077745,-0.00738338253,FollowWall,following_right_wall,0,14,42,0.484324604,1.84827404,1,1,1,0.301255882,2.20421336,2.20421336,0,0,0,0,0
1.6,0.118199523,-0.00488456529,-3.50798998,0.0796763814,-0.00485427907,FollowWall,following_right_wall,0,14,42,0.482697576,1.84040272,1,1,1,0.300500154,2.20395706,2.20395706,0,0,0,0,0
1.65,0.122168304,-0.00512857074,-3.52837986,0.0796763814,-0.00485427907,FollowWall,following_right_wall,0,14,42,0.482697576,1.84040272,1,1,1,0.300500154,2.2037015,2.2037015,0,0,0,0,0
1.7,0.126140141,-0.00537408891,-3.54606832,0.0798142434,-0.00278634959,FollowWall,following_right_wall,0,14,42,0.481216848,1.83252509,1,1,1,0.299904108,2.20344597,2.20344597,0,0,0,0,0
1.75,0.130116608,-0.00562098471,-3.55971255,0.0798142434,-0.00278634959,FollowWall,following_right_wall,0,14,42,0.481216848,1.83252509,1,1,1,0.299904108,2.20319136,2.20319136,0,0,0,0,0
1.8,0.134095761,-0.00586891627,-3.57099764,0.0799197109,-0.00120433622,FollowWall,following_right_wall,0,14,42,0.479870379,1.82464388,1,1,1,0.299513966,2.20293705,2.20293705,0,0,0,0,0
1.85,0.138078663,-0.00611775508,-3.57901819,0.0799197109,-0.00120433622,FollowWall,following_right_wall,0,14,42,0.479870379,1.82464388,1,1,1,0.299513966,2.20268367,2.20268367,0,0,0,0,0
1.9,0.142063745,-0.00636722367,-3.58513441,0.0799617943,0.000573085784,FollowWall,following_right_wall,0,14,42,0.478638649,1.81676387,1,1,1,0.298825294,2.20243075,2.20243075,0,0,0,0,0
1.95,0.146050973,-0.00661714095,-3.58801813,0.0799617943,0.000573085784,FollowWall,following_right_wall,0,14,42,0.478638649,1.81676387,1,1,1,0.298825294,2.2021792,2.2021792,0,0,0,0,0
2,0.150039456,-0.00686727251,-3.58901623,0.0798820171,0.00176974401,FollowWall,following_right_wall,0,14,42,0.477520347,1.80888981,1,1,1,0.298462957,2.20192851,2.20192851,0,0,0,0,0
2.05,0.154027018,-0.00711732772,-3.58748598,0.0798820171,0.00176974401,FollowWall,following_right_wall,0,14,42,0.477520347,1.80888981,1,1,1,0.298462957,2.20167932,2.20167932,0,0,0,0,0
2.1,0.158014051,-0.0073671914,-3.58448086,0.0798217501,0.00267374881,FollowWall,following_right_wall,0,14,42,0.476501793,1.80103232,1,1,1,0.298137873,2.20143115,2.20143115,0,0,0,0,0
2.15,0.161999535,-0.00761668039,-3.57953632,0.0798217501,0.00267374881,FollowWall,following_right_wall,0,14,42,0.476501793,1.80103232,1,1,1,0.298137873,2.20118446,2.20118446,0,0,0,0,0
2.2,0.165984129,-0.00786572898,-3.57346045,0.0797814933,0.0032775998,FollowWall,following_right_wall,0,14,42,0.47556746,1.79319604,1,1,1,0.297576934,2.20093884,2.20093884,0,0,0,0,0
2.25,0.169967383,-0.00811422152,-3.56600385,0.0797814933,0.0032775998,FollowWall,following_right_wall,0,14,42,0.47556746,1.79319604,1,1,1,0.297576934,2.20069456,2.20069456,0,0,0,0,0
2.3,0.173949871,-0.00836211792,-3.55774182,0.0797413528,0.00387970748,FollowWall,following_right_wall,0,14,42,0.474702299,1.7853824,1,1,1,0.296926558,2.20045134,2.20045134,0,0,0,0,0
2.35,0.177931096,-0.00860931796,-3.54829124,0.0797413528,0.00387970748,FollowWall,following_right_wall,0,14,42,0.474702299,1.7853824,1,1,1,0.296926558,2.20020948,2.20020948,0,0,0,0,0
2.4,0.181911605,-0.00885579025,-3.53814734,0.0797439188,0.00384121736,FollowWall,following_right_wall,0,14,42,0.473900527,1.77759093,1,1,1,0.296711862,2.19996875,2.19996875,0,0,0,0,0
2.45,0.185891768,-0.00910152131,-3.52764495,0.0797439188,0.00384121736,FollowWall,following_right_wall,0,14,42,0.473900527,1.77759093,1,1,1,0.296711862,2.19972897,2.19972897,0,0,0,0,0
2.5,0.18987175,-0.00934650156,-3.51693344,0.0797487719,0.00376842081,FollowWall,following_right_wall,0,14,42,0.473141551,1.76982067,1,1,1,0.296487272,2.19949006,2.19949006,0,0,0,0,0
2.55,0.193851746,-0.00959073458,-3.50618684,0.0797487719,0.00376842081,FollowWall,following_right_wall,0,14,42,0.473141551,1.76982067,1,1,1,0.296487272,2.19925192,2.19925192,0,0,0,0,0
2.6,0.19783177,-0.00983421926,-3.49541977,0.0797300489,0.00404926602,FollowWall,following_right_wall,0,14,42,0.472413689,1.76207031,1,1,1,0.295966983,2.19901454,2.19901454,0,0,0,0,0
2.65,0.20181144,-0.0100769196,-3.48430552,0.0797300489,0.00404926602,FollowWall,following_right_wall,0,14,42,0.472413689,1.76207031,1,1,1,0.295966983,2.19877814,2.19877814,0,0,0,0,0
2.7,0.205790924,-0.0103188266,-3.47298876,0.079734022,0.00398967065,FollowWall,following_right_wall,0,14,42,0.471724153,1.7486539,1,1,1,0.295693904,2.19854266,2.19854266,0,0,0,0,0
2.75,0.209770402,-0.0105599428,-3.46162499,0.079734022,0.00398967065,FollowWall,following_right_wall,0,14,42,0.471724153,1.7486539,1,1,1,0.295693904,2.198308,2.198308,0,0,0,0,0
2.8,0.213749897,-0.0108002669,-3.45023381,0.0797082341,0.004376489,FollowWall,following_right_wall,0,14,42,0.471068025,1.74067245,1,1,1,0.295052141,2.19807415,2.19807415,0,0,0,0,0
2.85,0.217728886,-0.0110397499,-3.43836491,0.0797082341,0.004376489,FollowWall,following_right_wall,0,14,42,0.471068025,1.74067245,1,1,1,0.295052141,2.19784142,2.19784142,0,0,0,0,0
2.9,0.221707602,-0.0112783795,-3.42621733,0.0797052241,0.00442163917,FollowWall,following_right_wall,0,14,42,0.470455468,1.7327198,1,1,1,0.294652969,2.1976097,2.1976097,0,0,0,0,0
2.95,0.225686117,-0.011516143,-3.4138533,0.0797052241,0.00442163917,FollowWall,following_right_wall,0,14,42,0.470455468,1.7327198,1,1,1,0.294652969,2.19737898,2.19737898,0,0,0,0,0
3,0.229664537,-0.0117530349,-3.40136301,0.0796973106,0.00454034152,FollowWall,following_right_wall,0,14,42,0.469882995,1.72479535,1,1,1,0.294173747,2.1971492,2.1971492,0,0,0,0,0
3.05,0.23364276,-0.0119890371,-3.38865737,0.0796973106,0.00454034152,FollowWall,following_right_wall,0,14,42,0.469882995,1.72479535,1,1,1,0.294173747,2.19692044,2.19692044,0,0,0,0,0
3.1,0.237620888,-0.0122241442,-3.37582611,0.0796739736,0.00489039617,FollowWall,following_right_wall,0,14,42,0.469349563,1.71689897,1,1,1,0.293492854,2.19669265,2.19669265,0,0,0,0,0
3.15,0.2415985,-0.0124583098,-3.36250373,0.0796739736,0.00489039617,FollowWall,following_right_wall,0,14,42,0.469349563,1.71689897,1,1,1,0.293492854,2.19646609,2.19646609,0,0,0,0,0
3.2,0.245575834,-0.012691521,-3.34889486,0.0796775015,0.00483747738,FollowWall,following_right_wall,0,14,42,0.468862563,1.70903127,1,1,1,0.29310149,2.19624065,2.19624065,0,0,0,0,0
3.25,0.249553103,-0.0129237769,-3.33518204,0.0796775015,0.00483747738,FollowWall,following_right_wall,0,14,42,0.468862563,1.70903127,1,1,1,0.29310149,2.19601624,2.19601624,0,0,0,0,0
3.3,0.253530357,-0.0131550746,-3.32140859,0.0796804043,0.00479393526,FollowWall,following_right_wall,0,14,42,0.468413889,1.70119093,1,1,1,0.292687416,2.19579282,2.19579282,0,0,0,0,0
3.35,0.257507686,-0.013385418,-3.30765173,0.0796804043,0.00479393526,FollowWall,following_right_wall,0,14,42,0.468413889,1.70119093,1,1,1,0.292687416,2.19557035,2.19557035,0,0,0,0,0
3.4,0.261485081,-0.0136148073,-3.29390456,0.0796526589,0.00521011593,FollowWall,following_right_wall,0,14,42,0.467998058,1.69337653,1,1,1,0.291904926,2.19534883,2.19534883,0,0,0,0,0
3.45,0.265461961,-0.0138431926,-3.27966626,0.0796526589,0.00521011593,FollowWall,following_right_wall,0,14,42,0.467998058,1.69337653,1,1,1,0.291904926,2.1951286,2.1951286,0,0,0,0,0
3.5,0.269438566,-0.0140705605,-3.26514146,0.0796279133,0.00558130001,FollowWall,following_right_wall,0,14,42,0.467627019,1.68558902,1,1,1,0.291132748,2.19490957,2.19490957,0,0,0,0,0
3.55,0.273414521,-0.0142968589,-3.25000648,0.0796279133,0.00558130001,FollowWall,following_right_wall,0,14,42,0.467627019,1.68558902,1,1,1,0.291132748,2.19469195,2.19469195,0,0,0,0,0
3.6,0.277390123,-0.0145220712,-3.23451556,0.0796299578,0.0055506335,FollowWall,following_right_wall,0,14,42,0.467306554,1.67782816,1,1,1,0.29064244,2.19447564,2.19447564,0,0,0,0,0
3.65,0.281365587,-0.0147461915,-3.2188536,0.0796299578,0.0055506335,FollowWall,following_right_wall,0,14,42,0.467306554,1.67782816,1,1,1,0.29064244,2.19426052,2.19426052,0,0,0,0,0
3.7,0.285340996,-0.0149692151,-3.20309188,0.0796207,0.00568949953,FollowWall,following_right_wall,0,14,42,0.467025667,1.67009169,1,1,1,0.290002137,2.19404656,2.19404656,0,0,0,0,0
3.75,0.289316207,-0.0151911228,-3.18710621,0.0796207,0.00568949953,FollowWall,following_right_wall,0,14,42,0.467025667,1.67009169,1,1,1,0.290002137,2.19383385,2.19383385,0,0,0,0,0
3.8,0.293291328,-0.0154119084,-3.17098989,0.079626436,0.0056034594,FollowWall,following_right_wall,0,14,42,0.466782451,1.66237807,1,1,1,0.289525092,2.19362235,2.19362235,0,0,0,0,0
3.85,0.297266542,-0.0156315785,-3.15490006,0.079626436,0.0056034594,FollowWall,following_right_wall,0,14,42,0.466782451,1.66237807,1,1,1,0.289525092,2.19341196,2.19341196,0,0,0,0,0
3.9,0.301241835,-0.0158501338,-3.1388257,0.0796467708,0.00529843863,FollowWall,following_right_wall,0,14,42,0.466569781,1.65468502,1,1,1,0.289216846,2.19320268,2.19320268,0,0,0,0,0
3.95,0.305217622,-0.0160676105,-3.12312444,0.0796467708,0.00529843863,FollowWall,following_right_wall,0,14,42,0.466569781,1.65468502,1,1,1,0.289216846,2.19299427,2.19299427,0,0,0,0,0
4,0.309193721,-0.016284019,-3.10764083,0.0796448264,0.00532760409,FollowWall,following_right_wall,0,14,42,0.466376066,1.64700959,1,1,1,0.288661629,2.1927868,2.1927868,0,0,0,0,0
4.05,0.313169986,-0.016499362,-3.09224936,0.0796448264,0.00532760409,FollowWall,following_right_wall,0,14,42,0.466376066,1.64700959,1,1,1,0.288661629,2.19258036,2.19258036,0,0,0,0,0
4.1,0.31714637,-0.016713642,-3.07691164,0.0796577261,0.00513410898,FollowWall,following_right_wall,0,14,42,0.466204822,1.63935069,1,1,1,0.288287729,2.19237496,2.19237496,0,0,0,0,0
4.15,0.321123116,-0.016926883,-3.06183625,0.0796577261,0.00513410898,FollowWall,following_right_wall,0,14,42,0.466204822,1.63935069,1,1,1,0.288287729,2.19217045,2.19217045,0,0,0,0,0
4.2,0.325100095,-0.0171390925,-3.04691388,0.0796740613,0.00488908087,FollowWall,following_right_wall,0,14,42,0.466051698,1.6315638,1,1,1,0.287965745,2.19196689,2.19196689,0,0,0,0,0
4.25,0.329077573,-0.0173503029,-3.03237326,0.0796740613,0.00488908087,FollowWall,following_right_wall,0,14,42,0.466051698,1.6315638,1,1,1,0.287965745,2.19176411,2.19176411,0,0,0,0,0
4.3,0.333055362,-0.0175605254,-3.01805532,0.079679207,0.00481189449,FollowWall,following_right_wall,0,14,42,0.465910733,1.62342578,1,1,1,0.287531912,2.19156219,2.19156219,0,0,0,0,0
4.35,0.337033461,-0.0177697751,-3.00395941,0.079679207,0.00481189449,FollowWall,following_right_wall,0,14,42,0.465910733,1.62342578,1,1,1,0.287531912,2.19136113,2.19136113,0,0,0,0,0
4.4,0.341011762,-0.0179780585,-2.98999302,0.0796774192,0.00483871245,FollowWall,following_right_wall,0,14,42,0.465783268,1.61531014,1,1,1,0.287031204,2.19116096,2.19116096,0,0,0,0,0
4.45,0.344990164,-0.0181853762,-2.97607017,0.0796774192,0.00483871245,FollowWall,following_right_wall,0,14,42,0.465783268,1.61531014,1,1,1,0.287031204,2.19096174,2.19096174,0,0,0,0,0
4.5,0.348968645,-0.0183917297,-2.96217272,0.0797060807,0.00440879011,FollowWall,following_right_wall,0,14,42,0.465672642,1.60721879,1,1,1,0.286890656,2.19076347,2.19076347,0,0,0,0,0
4.55,0.35294779,-0.0185971681,-2.94880327,0.0797060807,0.00440879011,FollowWall,following_right_wall,0,14,42,0.465672642,1.60721879,1,1,1,0.286890656,2.19056582,2.19056582,0,0,0,0,0
4.6,0.356927339,-0.0188017071,-2.93574182,0.0797321876,0.00401718623,FollowWall,following_right_wall,0,14,42,0.465565413,1.59915136,1,1,1,0.286744207,2.19036889,2.19036889,0,0,0,0,0
4.65,0.360907686,-0.0190053999,-2.92332748,0.0797321876,0.00401718623,FollowWall,following_right_wall,0,14,42,0.465565413,1.59915136,1,1,1,0.286744207,2.19017243,2.19017243,0,0,0,0,0
4.7,0.364888514,-0.0192082657,-2.91129061,0.0797273339,0.00408999129,FollowWall,following_right_wall,0,14,42,0.465453207,1.59110811,1,1,1,0.286266983,2.18997659,2.18997659,0,0,0,0,0
4.75,0.36886954,-0.0194103076,-2.89938704,0.0797273339,0.00408999129,FollowWall,following_right_wall,0,14,42,0.465453207,1.59110811,1,1,1,0.286266983,2.1897815,2.1897815,0,0,0,0,0
4.8,0.372850698,-0.0196115298,-2.88756122,0.079752264,0.00371604069,FollowWall,following_right_wall,0,14,42,0.46534586,1.58309105,1,1,1,0.286087483,2.18958718,2.18958718,0,0,0,0,0
4.85,0.376832468,-0.0198119761,-2.87622713,0.079752264,0.00371604069,FollowWall,following_right_wall,0,14,42,0.46534586,1.58309105,1,1,1,0.286087483,2.18939336,2.18939336,0,0,0,0,0
4.9,0.380814611,-0.0200116614,-2.86517988,0.0797360157,0.00395976409,FollowWall,following_right_wall,0,14,42,0.465234786,1.57509983,1,1,1,0.285500586,2.18920013,2.18920013,0,0,0,0,0
4.95,0.384796648,-0.0202105674,-2.85400904,0.0797360157,0.00395976409,FollowWall,following_right_wall,0,14,42,0.465234786,1.57509983,1,1,1,0.285500586,2.18900776,2.18900776,0,0,0,0,0
5,0.388778641,-0.0204086904,-2.84276609,0.0797318773,0.00402184121,FollowWall,following_right_wall,0,14,42,0.465131074,1.56713659,1,1,1,0.285101563,2.18881621,2.18881621,0,0,0,0,0
5.05,0.392760537,-0.0206060213,-2.83140698,0.0797318773,0.00402184121,FollowWall,following_right_wall,0,14,42,0.465131074,1.56713659,1,1,1,0.285101563,2.18862553,2.18862553,0,0,0,0,0
5.1,0.396742394,-0.0208025565,-2.81998012,0.0797229744,0.00415538406,FollowWall,following_right_wall,0,14,42,0.465035796,1.5592018,1,1,1,0.284689397,2.18843569,2.18843569,0,0,0,0,0
5.15,0.400724059,-0.0209982793,-2.80835432,0.0797229744,0.00415538406,FollowWall,following_right_wall,0,14,42,0.465035796,1.5592018,1,1,1,0.284689397,2.18824678,2.18824678,0,0,0,0,0
5.2,0.40470563,-0.0211931836,-2.79661248,0.0797112684,0.00433097384,FollowWall,following_right_wall,0,14,42,0.464948773,1.55129547,1,1,1,0.284179449,2.18805877,2.18805877,0,0,0,0,0
5.25,0.408686918,-0.0213872466,-2.78459336,0.0797112684,0.00433097384,FollowWall,following_right_wall,0,14,42,0.464948773,1.55129547,1,1,1,0.284179449,2.18787176,2.18787176,0,0,0,0,0
5.3,0.412668059,-0.0215804596,-2.77241248,0.0797198033,0.00420294997,FollowWall,following_right_wall,0,14,42,0.464870393,1.54341783,1,1,1,0.283887416,2.18768569,2.18768569,0,0,0,0,0
5.35,0.416649309,-0.0217728316,-2.76029007,0.0797198033,0.00420294997,FollowWall,following_right_wall,0,14,42,0.464870393,1.54341783,1,1,1,0.283887416,2.18750044,2.18750044,0,0,0,0,0
5.4,0.420630639,-0.0219643643,-2.74820176,0.0796961618,0.00455757345,FollowWall,following_right_wall,0,14,42,0.464790344,1.53556734,1,1,1,0.283229083,2.18731602,2.18731602,0,0,0,0,0
5.45,0.424611541,-0.0221550205,-2.73571004,0.0796961618,0.00455757345,FollowWall,following_right_wall,0,14,42,0.464790344,1.53556734,1,1,1,0.283229083,2.18713271,2.18713271,0,0,0,0,0
5.5,0.428592212,-0.0223447877,-2.72298301,0.0796692435,0.00496134768,FollowWall,following_right_wall,0,14,42,0.464716315,1.52774446,1,1,1,0.282522172,2.18695043,2.18695043,0,0,0,0,0
5.55,0.432572206,-0.0225336149,-2.70963673,0.0796692435,0.00496134768,FollowWall,following_right_wall,0,14,42,0.464716315,1.52774446,1,1,1,0.282522172,2.18676946,2.18676946,0,0,0,0,0
5.6,0.436551825,-0.0227214827,-2.69592923,0.0796616328,0.00507550809,FollowWall,following_right_wall,0,14,42,0.464654565,1.51994969,1,1,1,0.282013029,2.18658967,2.18658967,0,0,0,0,0
5.65,0.440531086,-0.0229083674,-2.68187474,0.0796616328,0.00507550809,FollowWall,following_right_wall,0,14,42,0.464654565,1.51994969,1,1,1,0.282013029,2.18641107,2.18641107,0,0,0,0,0
5.7,0.444510157,-0.023094258,-2.66761785,0.079660675,0.00508987569,FollowWall,following_right_wall,0,14,42,0.464597762,1.51218099,1,1,1,0.281565249,2.1862336,2.1862336,0,0,0,0,0
5.75,0.448489118,-0.0232791464,-2.65322574,0.079660675,0.00508987569,FollowWall,following_right_wall,0,14,42,0.464597762,1.51218099,1,1,1,0.281565249,2.1860572,2.1860572,0,0,0,0,0
5.8,0.452468034,-0.0234630284,-2.63875475,0.0796464326,0.00530351049,FollowWall,following_right_wall,0,14,42,0.464537114,1.50443646,1,1,1,0.281148851,2.18588187,2.18588187,0,0,0,0,0
5.85,0.456446646,-0.0236458789,-2.62398274,0.0796464326,0.00530351049,FollowWall,following_right_wall,0,14,42,0.464537114,1.50443646,1,1,1,0.281148851,2.18570776,2.18570776,0,0,0,0,0
5.9,0.460425102,-0.0238276883,-2.60903514,0.0796191059,0.00571341221,FollowWall,following_right_wall,0,14,42,0.464473903,1.49671527,1,1,1,0.280778021,2.18553479,2.18553479,0,0,0,0,0
5.95,0.464402918,-0.0240084079,-2.59349582,0.0796191059,0.00571341221,FollowWall,following_right_wall,0,14,42,0.464473903,1.49671527,1,1,1,0.280778021,2.18536327,2.18536327,0,0,0,0,0
6,0.468380382,-0.0241880185,-2.57761133,0.0795977198,0.00603420329,FollowWall,following_right_wall,0,14,42,0.464414984,1.48901682,1,1,1,0.280409425,2.18519307,2.18519307,0,0,0,0,0
6.05,0.472357218,-0.0243664758,-2.56114258,0.0795977198,0.00603420329,FollowWall,following_right_wall,0,14,42,0.464414984,1.48901682,1,1,1,0.280409425,2.18502438,2.18502438,0,0,0,0,0
6.1,0.476333709,-0.0245437604,-2.54433301,0.0795860411,0.0062093836,FollowWall,following_right_wall,0,14,42,0.464360654,1.48133968,1,1,1,0.280080825,2.18485707,2.18485707,0,0,0,0,0
6.15,0.480309778,-0.0247198432,-2.52711552,0.0795860411,0.0062093836,FollowWall,following_right_wall,0,14,42,0.464360654,1.48133968,1,1,1,0.280080825,2.18469121,2.18469121,0,0,0,0,0
6.2,0.484285624,-0.0248947108,-2.50966008,0.0795828871,0.0062566939,FollowWall,following_right_wall,0,14,42,0.464305222,1.47360623,1,1,1,0.279783607,2.18452672,2.18452672,0,0,0,0,0
6.25,0.488261297,-0.0250683505,-2.49200936,0.0795828871,0.0062566939,FollowWall,following_right_wall,0,14,42,0.464305222,1.47360623,1,1,1,0.279783607,2.18436358,2.18436358,0,0,0,0,0
6.3,0.49223689,-0.0252407556,-2.47424473,0.0795874114,0.00618882841,FollowWall,following_right_wall,0,14,42,0.464241207,1.46544649,1,1,1,0.279516339,2.18420175,2.18420175,0,0,0,0,0
6.35,0.496212554,-0.0254119294,-2.45649466,0.0795874114,0.00618882841,FollowWall,following_right_wall,0,14,42,0.464241207,1.46544649,1,1,1,0.279516339,2.18404115,2.18404115,0,0,0,0,0
6.4,0.50018828,-0.0255818722,-2.43875308,0.0795832993,0.00625051067,FollowWall,following_right_wall,0,14,42,0.464160949,1.45730997,1,1,1,0.279102206,2.18388178,2.18388178,0,0,0,0,0
6.45,0.504163979,-0.0257505782,-2.42094283,0.0795832993,0.00625051067,FollowWall,following_right_wall,0,14,42,0.464160949,1.45730997,1,1,1,0.279102206,2.18372371,2.18372371,0,0,0,0,0
6.5,0.508139684,-0.0259180449,-2.40309252,0.0796007034,0.00598944862,FollowWall,following_right_wall,0,14,42,0.4640643,1.449198,1,1,1,0.278881401,2.1835669,2.1835669,0,0,0,0,0
6.55,0.512115775,-0.0260842971,-2.38553046,0.0796007034,0.00598944862,FollowWall,following_right_wall,0,14,42,0.4640643,1.449198,1,1,1,0.278881401,2.18341115,2.18341115,0,0,0,0,0
6.6,0.516092112,-0.0262493445,-2.36813655,0.0796352106,0.00547184118,FollowWall,following_right_wall,0,14,42,0.463941783,1.44111104,1,1,1,0.278815895,2.1832565,2.1832565,0,0,0,0,0
6.65,0.520069331,-0.0264132438,-2.35145857,0.0796352106,0.00547184118,FollowWall,following_right_wall,0,14,42,0.463941783,1.44111104,1,1,1,0.278815895,2.18310259,2.18310259,0,0,0,0,0
6.7,0.524047082,-0.0265760198,-2.33519822,0.0796623894,0.00506415943,FollowWall,following_right_wall,0,14,42,0.4637793,1.4330485,1,1,1,0.278648883,2.18294956,2.18294956,0,0,0,0,0
6.75,0.528025727,-0.0267377268,-2.31966812,0.0796623894,0.00506415943,FollowWall,following_right_wall,0,14,42,0.4637793,1.4330485,1,1,1,0.278648883,2.18279716,2.18279716,0,0,0,0,0
6.8,0.532004911,-0.0268983901,-2.304564,0.0796715657,0.00492651387,FollowWall,following_right_wall,0,14,42,0.463573009,1.42501085,1,1,1,0.278264701,2.18264556,2.18264556,0,0,0,0,0
6.85,0.535984616,-0.0270580381,-2.28987268,0.0796715657,0.00492651387,FollowWall,following_right_wall,0,14,42,0.463573009,1.42501085,1,1,1,0.278264701,2.18249473,2.18249473,0,0,0,0,0
6.9,0.539964641,-0.0272166851,-2.27542214,0.0797072722,0.00439091662,FollowWall,following_right_wall,0,14,42,0.463330179,1.41699966,1,1,1,0.2781533,2.18234477,2.18234477,0,0,0,0,0
6.95,0.543945612,-0.0273743913,-2.26175139,0.0797072722,0.00439091662,FollowWall,following_right_wall,0,14,42,0.463330179,1.41699966,1,1,1,0.2781533,2.18219528,2.18219528,0,0,0,0,0
7,0.547927148,-0.0275311843,-2.24853552,0.0796996798,0.0045048027,FollowWall,following_right_wall,0,14,42,0.463042706,1.40901443,1,1,1,0.277540445,2.18204644,2.18204644,0,0,0,0,0
7.05,0.551908871,-0.0276870692,-2.23544904,0.0796996798,0.0045048027,FollowWall,following_right_wall,0,14,42,0.463042706,1.40901443,1,1,1,0.277540445,2.18189843,2.18189843,0,0,0,0,0
7.1,0.555890717,-0.0278420508,-2.22243806,0.0797315302,0.00402704745,FollowWall,following_right_wall,0,14,42,0.462724894,1.40090118,1,1,1,0.27733478,2.18175129,2.18175129,0,0,0,0,0
7.15,0.559873312,-0.0279961771,-2.21004138,0.0797315302,0.00402704745,FollowWall,following_right_wall,0,14,42,0.462724894,1.40090118,1,1,1,0.27733478,2.18160463,2.18160463,0,0,0,0,0
7.2,0.563856356,-0.0281494703,-2.19800305,0.0797389282,0.00391607759,FollowWall,following_right_wall,0,14,42,0.462368101,1.39269134,1,1,1,0.276833504,2.1814586,2.1814586,0,0,0,0,0
7.25,0.567839829,-0.0283019536,-2.18630622,0.0797389282,0.00391607759,FollowWall,following_right_wall,0,14,42,0.462368101,1.39269134,1,1,1,0.276833504,2.18131317,2.18131317,0,0,0,0,0
7.3,0.571823564,-0.0284536395,-2.1748086,0.0797733775,0.00339933772,FollowWall,following_right_wall,0,14,42,0.461976737,1.38449494,1,1,1,0.276608616,2.18116843,2.18116843,0,0,0,0,0
7.35,0.575808181,-0.0286045837,-2.16404399,0.0797733775,0.00339933772,FollowWall,following_right_wall,0,14,42,0.461976737,1.38449494,1,1,1,0.276608616,2.18102398,2.18102398,0,0,0,0,0
7.4,0.579793322,-0.0287548129,-2.15370697,0.0797817299,0.00327405082,FollowWall,following_right_wall,0,14,42,0.461542636,1.3763122,1,1,1,0.276081592,2.18088,2.18088,0,0,0,0,0
7.45,0.583778955,-0.0289043544,-2.14376894,0.0797817299,0.00327405082,FollowWall,following_right_wall,0,14,42,0.461542636,1.3763122,1,1,1,0.276081592,2.18073647,2.18073647,0,0,0,0,0
7.5,0.587764883,-0.0290532228,-2.13406364,0.0797818282,0.00327257692,FollowWall,following_right_wall,0,14,42,0.461072624,1.36814623,1,1,1,0.275449455,2.18059347,2.18059347,0,0,0,0,0
7.55,0.591750996,-0.0292014267,-2.12449586,0.0797818282,0.00327257692,FollowWall,following_right_wall,0,14,42,0.461072624,1.36814623,1,1,1,0.275449455,2.18045105,2.18045105,0,0,0,0,0
7.6,0.595737227,-0.0293489712,-2.11500831,0.0797657994,0.00351300875,FollowWall,following_right_wall,0,14,42,0.460576296,1.3600007,1,1,1,0.275052905,2.18030925,2.18030925,0,0,0,0,0
7.65,0.599723204,-0.029495837,-2.10528056,0.0797657994,0.00351300875,FollowWall,following_right_wall,0,14,42,0.460576296,1.3600007,1,1,1,0.275052905,2.18016828,2.18016828,0,0,0,0,0
7.7,0.603709042,-0.0296420152,-2.09541269,0.0797531491,0.00370276384,FollowWall,following_right_wall,0,14,42,0.46006614,1.35187942,1,1,1,0.274686873,2.18002808,2.18002808,0,0,0,0,0
7.75,0.607694548,-0.0297874832,-2.08523659,0.0797531491,0.00370276384,FollowWall,following_right_wall,0,14,42,0.46006614,1.35187942,1,1,1,0.274686873,2.17988878,2.17988878,0,0,0,0,0
7.8,0.611679871,-0.0299322294,-2.07488068,0.0797583601,0.00362459803,FollowWall,following_right_wall,0,14,42,0.459547818,1.34378477,1,1,1,0.274351001,2.17975031,2.17975031,0,0,0,0,0
7.85,0.615665206,-0.0300762544,-2.06451319,0.0797583601,0.00362459803,FollowWall,following_right_wall,0,14,42,0.459547818,1.34378477,1,1,1,0.274351001,2.17961257,2.17961257,0,0,0,0,0
7.9,0.619650559,-0.0302195578,-2.05413894,0.0797902597,0.00314610486,FollowWall,following_right_wall,0,14,42,0.459015906,1.33571616,1,1,1,0.274046719,2.17947557,2.17947557,0,0,0,0,0
7.95,0.623636598,-0.0303621829,-2.0443319,0.0797902597,0.00314610486,FollowWall,following_right_wall,0,14,42,0.459015906,1.33571616,1,1,1,0.274046719,2.1793389,2.1793389,0,0,0,0,0
8,0.627623044,-0.0305041509,-2.03485575,0.0798193548,0.00270967842,FollowWall,following_right_wall,0,14,42,0.458455384,1.3276712,1,1,1,0.273776531,2.17920269,2.17920269,0,0,0,0,0
8.05,0.631610344,-0.0306455139,-2.02609355,0.0798193548,0.00270967842,FollowWall,following_right_wall,0,14,42,0.458455384,1.3276712,1,1,1,0.273776531,2.17906665,2.17906665,0,0,0,0,0
8.1,0.635598149,-0.0307862987,-2.01774783,0.0798414279,0.00237858185,FollowWall,following_right_wall,0,14,42,0.457860678,1.31964906,1,1,1,0.273507595,2.17893094,2.17893094,0,0,0,0,0
8.15,0.639586716,-0.0309265509,-2.01004027,0.0798414279,0.00237858185,FollowWall,following_right_wall,0,14,42,0.457860678,1.31964906,1,1,1,0.273507595,2.17879538,2.17879538,0,0,0,0,0
8.2,0.643575734,-0.0310662947,-2.00270497,0.0798457187,0.00231421894,FollowWall,following_right_wall,0,14,42,0.457234472,1.31165058,1,1,1,0.273122191,2.17866009,2.17866009,0,0,0,0,0
8.25,0.647565111,-0.0312055499,-1.99566365,0.0798457187,0.00231421894,FollowWall,following_right_wall,0,14,42,0.457234472,1.31165058,1,1,1,0.273122191,2.17852512,2.17852512,0,0,0,0,0
8.3,0.651554705,-0.0313443278,-1.98879382,0.0798420062,0.00236990682,FollowWall,following_right_wall,0,14,42,0.456587791,1.30367837,1,1,1,0.272715777,2.17839053,2.17839053,0,0,0,0,0
8.35,0.655544354,-0.0314826299,-1.98195755,0.0798420062,0.00236990682,FollowWall,following_right_wall,0,14,42,0.456587791,1.30367837,1,1,1,0.272715777,2.17825639,2.17825639,0,0,0,0,0
8.4,0.659534042,-0.0316204574,-1.97514086,0.0798607714,0.00208842939,FollowWall,following_right_wall,0,14,42,0.455931574,1.29573434,1,1,1,0.272610426,2.17812272,2.17812272,0,0,0,0,0
8.45,0.663524151,-0.0317578362,-1.96867157,0.0798607714,0.00208842939,FollowWall,following_right_wall,0,14,42,0.455931574,1.29573434,1,1,1,0.272610426,2.17798928,2.17798928,0,0,0,0,0
8.5,0.66751451,-0.0318947797,-1.96240495,0.0798609298,0.00208605374,FollowWall,following_right_wall,0,14,42,0.455261409,1.28781705,1,1,1,0.272366732,2.17785616,2.17785616,0,0,0,0,0
8.55,0.671505025,-0.0320312957,-1.95625937,0.0798609298,0.00208605374,FollowWall,following_right_wall,0,14,42,0.455261409,1.28781705,1,1,1,0.272366732,2.17772339,2.17772339,0,0,0,0,0
8.6,0.675495636,-0.032167389,-1.95018441,0.0798640628,0.00203905783,FollowWall,following_right_wall,0,14,42,0.454583555,1.27992734,1,1,1,0.272215903,2.177591,2.177591,0,0,0,0,0
8.65,0.679486375,-0.0323030664,-1.94420673,0.0798640628,0.00203905783,FollowWall,following_right_wall,0,14,42,0.454583555,1.27992734,1,1,1,0.272215903,2.17745897,2.17745897,0,0,0,0,0
8.7,0.683477194,-0.0324383317,-1.93828581,0.0798797571,0.00180364306,FollowWall,following_right_wall,0,14,42,0.453902334,1.27206497,1,1,1,0.272260129,2.17732732,2.17732732,0,0,0,0,0
8.75,0.687468392,-0.0325732078,-1.932679,0.0798797571,0.00180364306,FollowWall,following_right_wall,0,14,42,0.453902334,1.27206497,1,1,1,0.272260129,2.17719586,2.17719586,0,0,0,0,0
8.8,0.691459816,-0.0327077069,-1.92725542,0.0798854154,0.00171876941,FollowWall,following_right_wall,0,14,42,0.453214675,1.26422828,1,1,1,0.272260875,2.17706467,2.17706467,0,0,0,0,0
8.85,0.695451495,-0.0328418436,-1.92204003,0.0798854154,0.00171876941,FollowWall,following_right_wall,0,14,42,0.453214675,1.26422828,1,1,1,0.272260875,2.17693372,2.17693372,0,0,0,0,0
8.9,0.699443326,-0.0329756259,-1.9169461,0.0798492831,0.00226075374,FollowWall,following_right_wall,0,14,42,0.452524304,1.25641667,1,1,1,0.271869093,2.17680305,2.17680305,0,0,0,0,0
8.95,0.703434501,-0.0331090109,-1.91127606,0.0798492831,0.00226075374,FollowWall,following_right_wall,0,14,42,0.452524304,1.25641667,1,1,1,0.271869093,2.17667313,2.17667313,0,0,0,0,0
9,0.707425298,-0.0332419761,-1.90526996,0.0798079386,0.00288092107,FollowWall,following_right_wall,0,14,42,0.451854527,1.24863348,1,1,1,0.271451056,2.17654384,2.17654384,0,0,0,0,0
9.05,0.711415021,-0.0333744543,-1.89832755,0.0798079386,0.00288092107,FollowWall,following_right_wall,0,14,42,0.451854527,1.24863348,1,1,1,0.271451056,2.1764156,2.1764156,0,0,0,0,0
9.1,0.715404126,-0.0335064089,-1.89083897,0.0797903073,0.00314539044,FollowWall,following_right_wall,0,14,42,0.451222032,1.24088059,1,1,1,0.271299779,2.17628823,2.17628823,0,0,0,0,0
9.15,0.719392511,-0.0336377959,-1.8827161,0.0797903073,0.00314539044,FollowWall,following_right_wall,0,14,42,0.451222032,1.24088059,1,1,1,0.271299779,2.17616181,2.17616181,0,0,0,0,0
9.2,0.723380485,-0.0337685904,-1.87422322,0.0797738129,0.0033928063,FollowWall,following_right_wall,0,14,42,0.450624108,1.23315517,1,1,1,0.27117601,2.17603621,2.17603621,0,0,0,0,0
9.25,0.727367884,-0.0338987566,-1.86521918,0.0797738129,0.0033928063,FollowWall,following_right_wall,0,14,42,0.450624108,1.23315517,1,1,1,0.27117601,2.17591156,2.17591156,0,0,0,0,0
9.3,0.731354957,-0.0340282745,-1.85591696,0.0797308911,0.00403663423,FollowWall,following_right_wall,0,14,42,0.450058609,1.22545471,1,1,1,0.270784318,2.17578774,2.17578774,0,0,0,0,0
9.35,0.735340957,-0.0341570769,-1.84567229,0.0797308911,0.00403663423,FollowWall,following_right_wall,0,14,42,0.450058609,1.22545471,1,1,1,0.270784318,2.17566521,2.17566521,0,0,0,0,0
9.4,0.73932634,-0.0342851269,-1.83487785,0.0796852689,0.00472096581,FollowWall,following_right_wall,0,14,42,0.449538589,1.21777957,1,1,1,0.270365208,2.17554378,2.17554378,0,0,0,0,0
9.45,0.743310426,-0.0344123442,-1.82294586,0.0796852689,0.00472096581,FollowWall,following_right_wall,0,14,42,0.449538589,1.21777957,1,1,1,0.270365208,2.17542388,2.17542388,0,0,0,0,0
9.5,0.747293767,-0.0345386843,-1.81035029,0.0796338885,0.00549167218,FollowWall,following_right_wall,0,14,42,0.449074477,1.20982688,1,1,1,0.26987052,2.17530527,2.17530527,0,0,0,0,0
9.55,0.751275618,-0.0346640555,-1.79644767,0.0796338885,0.00549167218,FollowWall,following_right_wall,0,14,42,0.449074477,1.20982688,1,1,1,0.26987052,2.17518843,2.17518843,0,0,0,0,0
9.6,0.755256613,-0.0347884062,-1.78178262,0.0795881848,0.00617722869,FollowWall,following_right_wall,0,14,42,0.448674649,1.20167923,1,1,1,0.269402713,2.17507309,2.17507309,0,0,0,0,0
9.65,0.759236171,-0.0349116487,-1.76585447,0.0795881848,0.00617722869,FollowWall,following_right_wall,0,14,42,0.448674649,1.20167923,1,1,1,0.269402713,2.17495964,2.17495964,0,0,0,0,0
9.7,0.763214908,-0.0350337329,-1.74918953,0.0795642993,0.00653550987,FollowWall,following_right_wall,0,14,42,0.448341906,1.19356227,1,1,1,0.268963993,2.17484781,2.17484781,0,0,0,0,0
9.75,0.767192684,-0.0351545998,-1.73166713,0.0795642993,0.00653550987,FollowWall,following_right_wall,0,14,42,0.448341906,1.19356227,1,1,1,0.268963993,2.17473774,2.17473774,0,0,0,0,0
9.8,0.771169916,-0.0352742154,-1.71364454,0.0795727981,0.00640802882,FollowWall,following_right_wall,0,14,42,0.448068231,1.18547553,1,1,1,0.268784583,2.17462923,2.17462923,0,0,0,0,0
9.85,0.775147022,-0.0353925702,-1.69548234,0.0795727981,0.00640802882,FollowWall,following_right_wall,0,14,42,0.448068231,1.18547553,1,1,1,0.268784583,2.17452207,2.17452207,0,0,0,0,0
9.9,0.779124072,-0.0355096587,-1.6772387,0.0795656433,0.00651534991,FollowWall,following_right_wall,0,14,42,0.447834998,1.17741616,1,1,1,0.268370509,2.17441624,2.17441624,0,0,0,0,0
9.95,0.783100954,-0.0356254688,-1.65881945,0.0795656433,0.00651534991,FollowWall,following_right_wall,0,14,42,0.447834998,1.17741616,1,1,1,0.268370509,2.17431181,2.17431181,0,0,0,0,0
10,0.787077754,-0.0357399934,-1.64029776,0.0795892568,0.00616114806,FollowWall,following_right_wall,0,14,42,0.447640598,1.16938474,1,1,1,0.268232018,2.17420874,2.17420874,0,0,0,0,0
10.05,0.791055013,-0.0358532571,-1.62213912,0.0795892568,0.00616114806,FollowWall,following_right_wall,0,14,42,0.447640598,1.16938474,1,1,1,0.268232018,2.17410671,2.17410671,0,0,0,0,0
10.1,0.795032554,-0.0359652746,-1.60419224,0.079618683,0.00571975529,FollowWall,following_right_wall,0,14,42,0.447472662,1.1613795,1,1,1,0.268116564,2.17400581,2.17400581,0,0,0,0,0
10.15,0.799010886,-0.0360760898,-1.58689578,0.079618683,0.00571975529,FollowWall,following_right_wall,0,14,42,0.447472662,1.1613795,1,1,1,0.268116564,2.17390571,2.17390571,0,0,0,0,0
10.2,0.802989692,-0.0361857294,-1.56997872,0.0796416693,0.00537496103,FollowWall,following_right_wall,0,14,42,0.447321445,1.15339925,1,1,1,0.267906517,2.17380656,2.17380656,0,0,0,0,0
10.25,0.806969265,-0.0362942362,-1.55369455,0.0796416693,0.00537496103,FollowWall,following_right_wall,0,14,42,0.447321445,1.15339925,1,1,1,0.267906517,2.17370816,2.17370816,0,0,0,0,0
10.3,0.810949298,-0.0364016364,-1.53777956,0.0796386835,0.0054197481,FollowWall,following_right_wall,0,14,42,0.447186083,1.1454441,1,1,1,0.267392009,2.17361065,2.17361065,0,0,0,0,0
10.35,0.814929549,-0.0365079417,-1.52202647,0.0796386835,0.0054197481,FollowWall,following_right_wall,0,14,42,0.447186083,1.1454441,1,1,1,0.267392009,2.17351413,2.17351413,0,0,0,0,0
10.4,0.818909939,-0.0366131589,-1.50636782,0.0796857095,0.00471435706,FollowWall,following_right_wall,0,14,42,0.447079211,1.13751667,1,1,1,0.267377973,2.17341865,2.17341865,0,0,0,0,0
10.45,0.8228914,-0.0367173467,-1.49160626,0.0796857095,0.00471435706,FollowWall,following_right_wall,0,14,42,0.447079211,1.13751667,1,1,1,0.267377973,2.17332365,2.17332365,0,0,0,0,0
10.5,0.826873497,-0.0368205426,-1.477368,0.0797158203,0.00426269559,FollowWall,following_right_wall,0,14,42,0.446984738,1.12961399,1,1,1,0.267164111,2.17322932,2.17322932,0,0,0,0,0
10.55,0.8308566,-0.0369228036,-1.46397413,0.0797158203,0.00426269559,FollowWall,following_right_wall,0,14,42,0.446984738,1.12961399,1,1,1,0.267164111,2.17313541,2.17313541,0,0,0,0,0
10.6,0.834840299,-0.0370241651,-1.45107282,0.079761216,0.00358175947,FollowWall,following_right_wall,0,14,42,0.446899325,1.12173523,1,1,1,0.267103761,2.17304209,2.17304209,0,0,0,0,0
10.65,0.8388253,-0.0371247002,-1.43927165,0.079761216,0.00358175947,FollowWall,following_right_wall,0,14,42,0.446899325,1.12173523,1,1,1,0.267103761,2.17294892,2.17294892,0,0,0,0,0
10.7,0.842811067,-0.0372244554,-1.42811222,0.0798218286,0.00267257074,FollowWall,following_right_wall,0,14,42,0.446815968,1.11387883,1,1,1,0.267205954,2.17285613,2.17285613,0,0,0,0,0
10.75,0.84679855,-0.0373235273,-1.4184124,0.0798218286,0.00267257074,FollowWall,following_right_wall,0,14,42,0.446815968,1.11387883,1,1,1,0.267205954,2.17276311,2.17276311,0,0,0,0,0
10.8,0.85078704,-0.0374219783,-1.40956403,0.0798803194,0.00179520948,FollowWall,following_right_wall,0,14,42,0.446722806,1.10604218,1,1,1,0.267301291,2.17267019,2.17267019,0,0,0,0,0
10.85,0.854777339,-0.037519911,-1.40225961,0.0798803194,0.00179520948,FollowWall,following_right_wall,0,14,42,0.446722806,1.10604218,1,1,1,0.267301291,2.17257682,2.17257682,0,0,0,0,0
10.9,0.858768698,-0.0376173921,-1.39585582,0.079898033,0.00152950443,FollowWall,following_right_wall,0,14,42,0.446614027,1.0982235,1,1,1,0.266984105,2.17248334,2.17248334,0,0,0,0,0
10.95,0.862761047,-0.0377144802,-1.39029457,0.079898033,0.00152950443,FollowWall,following_right_wall,0,14,42,0.446614027,1.0982235,1,1,1,0.266984105,2.17238973,2.17238973,0,0,0,0,0
11,0.866753976,-0.0378112117,-1.38522479,0.0798970903,0.00154364596,FollowWall,following_right_wall,0,14,42,0.446505696,1.09042528,1,1,1,0.266642839,2.17229617,2.17229617,0,0,0,0,0
11.05,0.870747228,-0.037907607,-1.38042483,0.0798970903,0.00154364596,FollowWall,following_right_wall,0,14,42,0.446505696,1.09042528,1,1,1,0.266642839,2.17220278,2.17220278,0,0,0,0,0
11.1,0.87474067,-0.0380036775,-1.37578226,0.0798777883,0.00183317579,FollowWall,following_right_wall,0,14,42,0.446415365,1.08265002,1,1,1,0.266276985,2.17210961,2.17210961,0,0,0,0,0
11.15,0.878733826,-0.0380994086,-1.37088591,0.0798777883,0.00183317579,FollowWall,following_right_wall,0,14,42,0.446415365,1.08265002,1,1,1,0.266276985,2.17201695,2.17201695,0,0,0,0,0
11.2,0.882726817,-0.0381947892,-1.36584151,0.0798839173,0.00174124071,FollowWall,following_right_wall,0,14,42,0.44635874,1.07489951,1,1,1,0.266173005,2.17192472,2.17192472,0,0,0,0,0
11.25,0.886719845,-0.0382898197,-1.36082049,0.0798839173,0.00174124071,FollowWall,following_right_wall,0,14,42,0.44635874,1.07489951,1,1,1,0.266173005,2.17183284,2.17183284,0,0,0,0,0
11.3,0.890712896,-0.0383845011,-1.3558131,0.0798807225,0.00178916176,FollowWall,following_right_wall,0,14,42,0.446330577,1.06506515,1,1,1,0.26596567,2.17174129,2.17174129,0,0,0,0,0
11.35,0.894705898,-0.0384788304,-1.35075648,0.0798807225,0.00178916176,FollowWall,following_right_wall,0,14,42,0.446330577,1.06506515,1,1,1,0.26596567,2.17165013,2.17165013,0,0,0,0,0
11.4,0.898698875,-0.0385728056,-1.34567112,0.0798542274,0.00218658895,FollowWall,following_right_wall,0,14,42,0.446329653,1.0570321,1,1,1,0.265505672,2.17155934,2.17155934,0,0,0,0,0
11.45,0.90269129,-0.0386663959,-1.34009462,0.0798542274,0.00218658895,FollowWall,following_right_wall,0,14,42,0.446329653,1.0570321,1,1,1,0.265505672,2.17146924,2.17146924,0,0,0,0,0
11.5,0.906683381,-0.0387595798,-1.33423161,0.0798317377,0.00252393397,FollowWall,following_right_wall,0,14,42,0.44636634,1.04903155,1,1,1,0.26506719,2.17137973,2.17137973,0,0,0,0,0
11.55,0.910674819,-0.03885232,-1.3277988,0.0798317377,0.00252393397,FollowWall,following_right_wall,0,14,42,0.44636634,1.04903155,1,1,1,0.26506719,2.17129103,2.17129103,0,0,0,0,0
11.6,0.91466588,-0.0389445915,-1.3210336,0.0798437411,0.00234388359,FollowWall,following_right_wall,0,14,42,0.446443766,1.04106492,1,1,1,0.264911562,2.171203,2.171203,0,0,0,0,0
11.65,0.918656978,-0.0390363931,-1.31428943,0.0798437411,0.00234388359,FollowWall,following_right_wall,0,14,42,0.446443766,1.04106492,1,1,1,0.264911562,2.17111543,2.17111543,0,0,0,0,0
11.7,0.9226481,-0.0391277256,-1.30755752,0.0798513032,0.00223045208,FollowWall,following_right_wall,0,14,42,0.446545511,1.03312866,1,1,1,0.264469296,2.17102832,2.17102832,0,0,0,0,0
11.75,0.926639398,-0.0392185979,-1.30096817,0.0798513032,0.00223045208,FollowWall,following_right_wall,0,14,42,0.446545511,1.03312866,1,1,1,0.264469296,2.17094158,2.17094158,0,0,0,0,0
11.8,0.930630804,-0.0393090163,-1.29446198,0.0798748916,0.00187662563,FollowWall,following_right_wall,0,14,42,0.446662933,1.02522062,1,1,1,0.264247864,2.17085525,2.17085525,0,0,0,0,0
11.85,0.934622767,-0.0393990103,-1.28842664,0.0798748916,0.00187662563,FollowWall,following_right_wall,0,14,42,0.446662933,1.02522062,1,1,1,0.264247864,2.17076905,2.17076905,0,0,0,0,0
11.9,0.938615059,-0.0394886004,-1.28266597,0.0799284463,0.00107330596,FollowWall,following_right_wall,0,14,42,0.446784407,1.01733833,1,1,1,0.264410198,2.17068308,2.17068308,0,0,0,0,0
11.95,0.942608661,-0.0395778573,-1.27802442,0.0799284463,0.00107330596,FollowWall,following_right_wall,0,14,42,0.446784407,1.01733833,1,1,1,0.264410198,2.17059674,2.17059674,0,0,0,0,0
12,0.946603029,-0.0396668302,-1.27403568,0.0799244457,0.00113331489,FollowWall,following_right_wall,0,14,42,0.446888506,1.00947644,1,1,1,0.264057517,2.17051027,2.17051027,0,0,0,0,0
12.05,0.950597763,-0.0397555439,-1.27035612,0.0799244457,0.00113331489,FollowWall,following_right_wall,0,14,42,0.446888506,1.00947644,1,1,1,0.264057517,2.17042387,2.17042387,0,0,0,0,0
12.1,0.954592712,-0.039844012,-1.26685691,0.0799475094,0.000787358508,FollowWall,following_right_wall,0,14,42,0.446989298,1.00163875,1,1,1,0.264062643,2.1703376,2.1703376,0,0,0,0,0
12.15,0.958588269,-0.0399322674,-1.26387587,0.0799475094,0.000787358508,FollowWall,following_right_wall,0,14,42,0.446989298,1.00163875,1,1,1,0.264062643,2.17025122,2.17025122,0,0,0,0,0
12.2,0.962584182,-0.0400203333,-1.26119709,0.0799607981,0.000588028652,FollowWall,following_right_wall,0,14,42,0.447083294,0.993824181,1,1,1,0.264036894,2.17016484,2.17016484,0,0,0,0,0
12.25,0.96658058,-0.0401082374,-1.25893256,0.0799607981,0.000588028652,FollowWall,following_right_wall,0,14,42,0.447083294,0.993824181,1,1,1,0.264036894,2.17007836,2.17007836,0,0,0,0,0
12.3,0.970577263,-0.0401959981,-1.25690968,0.0799271197,0.00109320474,FollowWall,following_right_wall,0,14,42,0.447169095,0.986032154,1,1,1,0.26358518,2.16999187,2.16999187,0,0,0,0,0
12.35,0.974573412,-0.0402835899,-1.25442474,0.0799271197,0.00109320474,FollowWall,following_right_wall,0,14,42,0.447169095,0.986032154,1,1,1,0.26358518,2.16990584,2.16990584,0,0,0,0,0
12.4,0.978569251,-0.040370992,-1.25167028,0.0799426561,0.000860159123,FollowWall,following_right_wall,0,14,42,0.447267085,0.978267408,1,1,1,0.263690144,2.16982017,2.16982017,0,0,0,0,0
12.45,0.982565235,-0.0404582094,-1.24903678,0.0799426561,0.000860159123,FollowWall,following_right_wall,0,14,42,0.447267085,0.978267408,1,1,1,0.263690144,2.16973461,2.16973461,0,0,0,0,0
12.5,0.986561305,-0.0405452473,-1.24647382,0.0799261446,0.00110783025,FollowWall,following_right_wall,0,14,42,0.447364986,0.970525673,1,1,1,0.26350686,2.16964919,2.16964919,0,0,0,0,0
12.55,0.990557083,-0.0406320912,-1.24365639,0.0799261446,0.00110783025,FollowWall,following_right_wall,0,14,42,0.447364986,0.970525673,1,1,1,0.26350686,2.16956411,2.16956411,0,0,0,0,0
12.6,0.994552693,-0.0407187296,-1.24069052,0.0798845443,0.00173183527,FollowWall,following_right_wall,0,14,42,0.447466493,0.962652313,1,1,1,0.263098925,2.16947934,2.16947934,0,0,0,0,0
12.65,0.998547341,-0.0408051114,-1.2368932,0.0798845443,0.00173183527,FollowWall,following_right_wall,0,14,42,0.447466493,0.962652313,1,1,1,0.263098925,2.16939535,2.16939535,0,0,0,0,0
12.7,1.00254143,-0.0408911993,-1.23261087,0.079868545,0.00197182525,FollowWall,following_right_wall,0,14,42,0.447586358,0.954760863,1,1,1,0.262975723,2.16931196,2.16931196,0,0,0,0,0
12.75,1.00653486,-0.0409769546,-1.22775915,0.079868545,0.00197182525,FollowWall,following_right_wall,0,14,42,0.447586358,0.954760863,1,1,1,0.262975723,2.16922926,2.16922926,0,0,0,0,0
12.8,1.01052792,-0.0410623519,-1.22257529,0.0798785402,0.00182189658,FollowWall,following_right_wall,0,14,42,0.447719216,0.946762456,1,1,1,0.263145685,2.16914713,2.16914713,0,0,0,0,0
12.85,1.01452097,-0.0411473871,-1.21737664,0.0798785402,0.00182189658,FollowWall,following_right_wall,0,14,42,0.447719216,0.946762456,1,1,1,0.263145685,2.16906537,2.16906537,0,0,0,0,0
12.9,1.01851401,-0.0412320594,-1.21216936,0.0798852134,0.00172179826,FollowWall,following_right_wall,0,14,42,0.447847128,0.938588865,1,1,1,0.263321161,2.16898398,2.16898398,0,0,0,0,0
12.95,1.02250719,-0.0413163757,-1.20707654,0.0798852134,0.00172179826,FollowWall,following_right_wall,0,14,42,0.447847128,0.938588865,1,1,1,0.263321161,2.16890287,2.16890287,0,0,0,0,0
13,1.02650046,-0.0414003409,-1.20205048,0.079866536,0.00200196001,FollowWall,following_right_wall,0,14,42,0.447961181,0.930438669,1,1,1,0.263027012,2.16882207,2.16882207,0,0,0,0,0
13.05,1.0304934,-0.0414839384,-1.19672895,0.079866536,0.00200196001,FollowWall,following_right_wall,0,14,42,0.447961181,0.930438669,1,1,1,0.263027012,2.16874183,2.16874183,0,0,0,0,0
13.1,1.03448614,-0.0415671548,-1.19123506,0.0798506717,0.00223992399,FollowWall,following_right_wall,0,14,42,0.448068947,0.922315609,1,1,1,0.262677968,2.16866208,2.16866208,0,0,0,0,0
13.15,1.03847844,-0.0416499657,-1.18535658,0.0798506717,0.00223992399,FollowWall,following_right_wall,0,14,42,0.448068947,0.922315609,1,1,1,0.262677968,2.16858298,2.16858298,0,0,0,0,0
13.2,1.04247049,-0.0417323538,-1.17925375,0.0798018172,0.00297274212,FollowWall,following_right_wall,0,14,42,0.448173106,0.914221999,1,1,1,0.262328953,2.16850444,2.16850444,0,0,0,0,0
13.25,1.04646138,-0.0418142577,-1.17214532,0.0798018172,0.00297274212,FollowWall,following_right_wall,0,14,42,0.448173106,0.914221999,1,1,1,0.262328953,2.16842702,2.16842702,0,0,0,0,0
13.3,1.05045159,-0.0418956321,-1.16445029,0.0797551393,0.00367291049,FollowWall,following_right_wall,0,14,42,0.44828859,0.906162828,1,1,1,0.261955172,2.16835051,2.16835051,0,0,0,0,0
13.35,1.05444045,-0.0419764018,-1.1555773,0.0797551393,0.00367291049,FollowWall,following_right_wall,0,14,42,0.44828859,0.906162828,1,1,1,0.261955172,2.16827534,2.16827534,0,0,0,0,0
13.4,1.05842852,-0.0420565137,-1.14601718,0.0797371029,0.0039434562,FollowWall,following_right_wall,0,14,42,0.448422372,0.898140589,1,1,1,0.261787534,2.16820127,2.16820127,0,0,0,0,0
13.45,1.06241577,-0.0421359184,-1.13573329,0.0797371029,0.0039434562,FollowWall,following_right_wall,0,14,42,0.448422372,0.898140589,1,1,1,0.261787534,2.16812837,2.16812837,0,0,0,0,0
13.5,1.06640253,-0.0422145829,-1.1250272,0.0797051458,0.00442281319,FollowWall,following_right_wall,0,14,42,0.44856292,0.890153323,1,1,1,0.261388987,2.16805648,2.16805648,0,0,0,0,0
13.55,1.07038836,-0.0422924554,-1.11350264,0.0797051458,0.00442281319,FollowWall,following_right_wall,0,14,42,0.44856292,0.890153323,1,1,1,0.261388987,2.16798589,2.16798589,0,0,0,0,0
13.6,1.07437365,-0.0423694989,-1.10150063,0.0796972975,0.0045405368,FollowWall,following_right_wall,0,14,42,0.624336302,0.882201446,1,1,1,0.261160463,2.16791645,2.16791645,0,0,0,0,0
13.65,1.07835847,-0.0424456837,-1.08907959,0.0796972975,0.0045405368,FollowWall,following_right_wall,0,14,42,0.624336302,0.882201446,1,1,1,0.261160463,2.16784813,2.16784813,0,0,0,0,0
13.7,1.08234302,-0.0425209907,-1.07641412,0.0796725012,0.00491248242,FollowWall,following_right_wall,0,14,42,0.624552011,0.874282761,1,1,1,0.260680497,2.16778085,2.16778085,0,0,0,0,0
13.75,1.08632691,-0.0425953837,-1.06316208,0.0796725012,0.00491248242,FollowWall,following_right_wall,0,14,42,0.624552011,0.874282761,1,1,1,0.260680497,2.16771486,2.16771486,0,0,0,0,0
13.8,1.09031041,-0.0426688361,-1.04956789,0.0796838474,0.00474228871,FollowWall,following_right_wall,0,14,42,0.624723554,0.866397683,1,1,1,0.260506094,2.16765004,2.16765004,0,0,0,0,0
13.85,1.09429394,-0.0427413436,-1.03597725,0.0796838474,0.00474228871,FollowWall,following_right_wall,0,14,42,0.624723554,0.866397683,1,1,1,0.260506094,2.16758616,2.16758616,0,0,0,0,0
13.9,1.09827749,-0.0428129063,-1.02238868,0.0797311213,0.0040331811,FollowWall,following_right_wall,0,14,42,0.624870658,0.858542649,1,1,1,0.26065442,2.16752322,2.16752322,0,0,0,0,0
13.95,1.10226204,-0.0428835711,-1.00964777,0.0797311213,0.0040331811,FollowWall,following_right_wall,0,14,42,0.624870658,0.858542649,1,1,1,0.26065442,2.16746066,2.16746066,0,0,0,0,0
14,1.10624718,-0.0429533772,-0.997401311,0.0797796322,0.00330551636,FollowWall,following_right_wall,0,14,42,0.625030518,0.850711367,1,1,1,0.26079601,2.16739864,2.16739864,0,0,0,0,0
14.05,1.11023367,-0.0430223951,-0.986311875,0.0797796322,0.00330551636,FollowWall,following_right_wall,0,14,42,0.625030518,0.850711367,1,1,1,0.26079601,2.16733668,2.16733668,0,0,0,0,0
14.1,1.11422097,-0.0430906782,-0.975897367,0.0797932912,0.0031006327,FollowWall,following_right_wall,0,14,42,0.62522155,0.842900272,1,1,1,0.260570914,2.16727502,2.16727502,0,0,0,0,0
14.15,1.11820902,-0.0431582715,-0.966121131,0.0797932912,0.0031006327,FollowWall,following_right_wall,0,14,42,0.62522155,0.842900272,1,1,1,0.260570914,2.16721366,2.16721366,0,0,0,0,0
14.2,1.12219752,-0.0432252044,-0.956717218,0.0798383603,0.00242459623,FollowWall,following_right_wall,0,14,42,0.625424266,0.834708204,1,1,1,0.260659039,2.16715271,2.16715271,0,0,0,0,0
14.25,1.12618722,-0.0432915382,-0.948337454,0.0798383603,0.00242459623,FollowWall,following_right_wall,0,14,42,0.625424266,0.834708204,1,1,1,0.260659039,2.16709172,2.16709172,0,0,0,0,0
14.3,1.13017762,-0.0433573208,-0.94055511,0.0798570076,0.00214488573,FollowWall,following_right_wall,0,14,42,0.625647962,0.82659387,1,1,1,0.260463923,2.1670309,2.1670309,0,0,0,0,0
14.35,1.13416883,-0.0434225981,-0.93345514,0.0798570076,0.00214488573,FollowWall,following_right_wall,0,14,42,0.625647962,0.82659387,1,1,1,0.260463923,2.16697015,2.16697015,0,0,0,0,0
14.4,1.1381605,-0.0434874022,-0.926753222,0.0798870851,0.00169372401,FollowWall,following_right_wall,0,14,42,0.625881255,0.818498637,1,1,1,0.260374159,2.16690962,2.16690962,0,0,0,0,0
14.45,1.14215308,-0.0435517806,-0.920822036,0.0798870851,0.00169372401,FollowWall,following_right_wall,0,14,42,0.625881255,0.818498637,1,1,1,0.260374159,2.16684903,2.16684903,0,0,0,0,0
14.5,1.14614619,-0.0436157699,-0.915340444,0.079944059,0.00083911567,FollowWall,following_right_wall,0,14,42,0.626123428,0.810423808,1,1,1,0.260552645,2.16678854,2.16678854,0,0,0,0,0
14.55,1.1501408,-0.0436794455,-0.911141227,0.079944059,0.00083911567,FollowWall,following_right_wall,0,14,42,0.626123428,0.810423808,1,1,1,0.260552645,2.16672754,2.16672754,0,0,0,0,0
14.6,1.15413628,-0.0437428683,-0.907690064,0.0799408843,0.000886735958,FollowWall,following_right_wall,0,14,42,0.626395047,0.802366543,1,1,1,0.260112971,2.16666632,2.16666632,0,0,0,0,0
14.65,1.15813221,-0.0438060707,-0.904618422,0.0799408843,0.000886735958,FollowWall,following_right_wall,0,14,42,0.626395047,0.802366543,1,1,1,0.260112971,2.16660508,2.16660508,0,0,0,0,0
14.7,1.16212839,-0.0438690706,-0.901768168,0.05,0.000970344816,FollowWall,following_right_wall,0,14,42,0.626664102,0.794333467,1,1,1,0.259631038,2.1665439,2.1665439,0,0,0,0,0
14.75,1.16550104,-0.0439220734,-0.898947256,0.05,0.000970344816,FollowWall,following_right_wall,0,14,42,0.626664102,0.794333467,1,1,1,0.259631038,2.1664927,2.1664927,0,0,0,0,0
14.8,1.16850996,-0.0439692124,-0.89614346,0.05,0.000336653408,FollowWall,following_right_wall,0,14,42,0.626847029,0.787940941,1,1,1,0.259673536,2.16644735,2.16644735,0,0,0,0,0
14.85,1.1713067,-0.0440129091,-0.894106062,0.05,0.000336653408,FollowWall,following_right_wall,0,14,42,0.626847029,0.787940941,1,1,1,0.259673536,2.16640496,2.16640496,0,0,0,0,0
14.9,1.17397968,-0.0440545874,-0.89251573,0.05,0.0147562252,AdvanceRight,advancing_past_measured_edge,0,14,42,0.627007008,0.782476502,1,1,1,0.259846658,2.1663643,2.1663643,0,0,0,0,0
14.95,1.17658046,-0.044094683,-0.873974089,0.05,0.01436789,AdvanceRight,advancing_past_measured_edge,0,14,42,0.627007008,0.782476502,1,1,1,0.259846658,2.16633605,2.16633605,0,0,0,0,0
15,1.17913914,-0.0441330909,-0.846007727,0.05,0.0137821639,AdvanceRight,advancing_past_measured_edge,0,14,42,0.626475215,0.77740854,1,1,1,0.260026127,2.16631554,2.16631554,0,0,0,0,0
15.05,1.18167328,-0.0441697869,-0.81324277,0.05,0.0130959362,AdvanceRight,advancing_past_measured_edge,0,14,42,0.626475215,0.77740854,1,1,1,0.260026127,2.16629983,2.16629983,0,0,0,0,0
15.1,1.1841931,-0.0442047909,-0.778497755,0.05,0.0123682383,AdvanceRight,advancing_past_measured_edge,0,14,42,0.625594914,0.772495347,1,1,1,0.259758949,2.16628712,2.16628712,0,0,0,0,0
15.15,1.18670458,-0.0442381495,-0.743466333,0.05,0.0116345419,AdvanceRight,advancing_past_measured_edge,0,14,42,0.625594914,0.772495347,1,1,1,0.259758949,2.16627627,2.16627627,0,0,0,0,0
15.2,1.18921121,-0.0442699262,-0.709143626,0.05,0.0109156888,AdvanceRight,advancing_past_measured_edge,0,14,42,0.624663532,0.767635617,1,1,1,0.259518325,2.16626658,2.16626658,0,0,0,0,0
15.25,1.19171501,-0.0443001948,-0.676092403,0.05,0.0102234656,AdvanceRight,advancing_past_measured_edge,0,14,42,0.624663532,0.767635617,1,1,1,0.259518325,2.16625761,2.16625761,0,0,0,0,0
15.3,1.19421717,-0.0443290342,-0.644609159,0.05,0.00956408211,AdvanceRight,advancing_past_measured_edge,0,14,42,0.623783946,0.762794458,1,1,1,0.25944382,2.16624909,2.16624909,0,0,0,0,0
15.35,1.19671837,-0.0443565252,-0.614827652,0.05,0.00894033968,AdvanceRight,advancing_past_measured_edge,0,14,42,0.623783946,0.762794458,1,1,1,0.25944382,2.16624084,2.16624084,0,0,0,0,0
15.4,1.19921902,-0.0443827481,-0.586783362,0.05,0.00835298144,AdvanceRight,advancing_past_measured_edge,0,14,42,0.622984946,0.757960395,1,1,1,0.259308517,2.16623276,2.16623276,0,0,0,0,0
15.45,1.20171936,-0.0444077811,-0.560453555,0.05,0.00780153126,AdvanceRight,advancing_past_measured_edge,0,14,42,0.622984946,0.757960395,1,1,1,0.259308517,2.16622478,2.16622478,0,0,0,0,0
15.5,1.20421951,-0.0444316995,-0.535782109,0.05,0.00728481371,AdvanceRight,advancing_past_measured_edge,0,14,42,0.622268498,0.753130294,1,1,1,0.259067208,2.16621685,2.16621685,0,0,0,0,0
15.55,1.20671957,-0.0444545748,-0.512694827,0.05,0.00680127479,AdvanceRight,advancing_past_measured_edge,0,14,42,0.622268498,0.753130294,1,1,1,0.259067208,2.16620896,2.16620896,0,0,0,0,0
15.6,1.20921956,-0.0444764749,-0.491108822,0.05,0.00634917855,AdvanceRight,advancing_past_measured_edge,0,14,42,0.621627331,0.748303624,1,1,1,0.259047985,2.16620108,2.16620108,0,0,0,0,0
15.65,1.21171953,-0.0444974637,-0.470938212,0.05,0.00592672629,AdvanceRight,advancing_past_measured_edge,0,14,42,0.621627331,0.748303624,1,1,1,0.259047985,2.16619321,2.16619321,0,0,0,0,0
15.7,1.21421948,-0.0445176013,-0.452097514,0.05,0.00553212764,AdvanceRight,advancing_past_measured_edge,0,14,42,0.62105161,0.743381409,1,1,1,0.258814216,2.16618533,2.16618533,0,0,0,0,0
15.75,1.21671942,-0.0445369439,-0.434503616,0.05,0.0051636419,AdvanceRight,advancing_past_measured_edge,0,14,42,0.62105161,0.743381409,1,1,1,0.258814216,2.16617744,2.16617744,0,0,0,0,0
15.8,1.21921936,-0.0445555442,-0.418076866,0.05,0.00481960084,AdvanceRight,advancing_past_measured_edge,0,14,42,0.620531857,0.738386,1,1,1,0.258666545,2.16616955,2.16616955,0,0,0,0,0
15.85,1.2217193,-0.0445734516,-0.40274162,0.05,0.0044984202,AdvanceRight,advancing_past_measured_edge,0,14,42,0.620531857,0.738386,1,1,1,0.258666545,2.16616164,2.16616164,0,0,0,0,0
15.9,1.22421925,-0.0445907121,-0.388426466,0.05,0.00419860433,AdvanceRight,advancing_past_measured_edge,0,14,42,0.620059252,0.733401171,1,1,1,0.258600384,2.16615372,2.16615372,0,0,0,0,0
15.95,1.2267192,-0.0446073687,-0.375064245,0.05,0.00391874662,AdvanceRight,advancing_past_measured_edge,0,14,42,0.620059252,0.733401171,1,1,1,0.258600384,2.16614579,2.16614579,0,0,0,0,0
16,1.22921914,-0.0446234618,-0.362591957,0.05,0.00365752763,AdvanceRight,advancing_past_measured_edge,0,14,42,0.619626164,0.728427635,1,1,1,0.258336902,2.16613784,2.16613784,0,0,0,0,0
16.05,1.2317191,-0.0446390288,-0.350950603,0.05,0.00341371169,AdvanceRight,advancing_past_measured_edge,0,14,42,0.619626164,0.728427635,1,1,1,0.258336902,2.16612988,2.16612988,0,0,0,0,0
16.1,1.23421905,-0.0446541047,-0.340084996,0.05,0.00318614294,AdvanceRight,advancing_past_measured_edge,0,14,42,0.619225979,0.723465867,1,1,1,0.258070529,2.16612191,2.16612191,0,0,0,0,0
16.15,1.23671901,-0.0446687224,-0.329943546,0.05,0.00297374092,AdvanceRight,advancing_past_measured_edge,0,14,42,0.619225979,0.723465867,1,1,1,0.258070529,2.16611393,2.16611393,0,0,0,0,0
16.2,1.23921897,-0.0446829123,-0.320478059,0.05,0.00277549623,AdvanceRight,advancing_past_measured_edge,0,14,42,0.618853092,0.718516225,1,1,1,0.258033901,2.16610593,2.16610593,0,0,0,0,0
16.25,1.24171893,-0.044696703,-0.311643521,0.05,0.00259046608,AdvanceRight,advancing_past_measured_edge,0,14,42,0.618853092,0.718516225,1,1,1,0.258033901,2.16609792,2.16609792,0,0,0,0,0
16.3,1.2442189,-0.0447101211,-0.303397899,0.05,0.00241777018,AdvanceRight,advancing_past_measured_edge,0,14,42,0.618502617,0.713578945,1,1,1,0.258218974,2.16608991,2.16608991,0,0,0,0,0
16.35,1.24671886,-0.0447231914,-0.295701952,0.05,0.00225658664,AdvanceRight,advancing_past_measured_edge,0,14,42,0.618502617,0.713578945,1,1,1,0.258218974,2.16608188,2.16608188,0,0,0,0,0
16.4,1.24921883,-0.044735937,-0.288519048,0.05,0.00210614825,AdvanceRight,advancing_past_measured_edge,0,14,42,0.618170619,0.708654266,1,1,1,0.258408219,2.16607384,2.16607384,0,0,0,0,0
16.45,1.2517188,-0.0447483797,-0.281814991,0.05,0.00196573882,AdvanceRight,advancing_past_measured_edge,0,14,42,0.618170619,0.708654266,1,1,1,0.258408219,2.16606579,2.16606579,0,0,0,0,0
16.5,1.25421877,-0.0447605397,-0.275557863,0.05,0.00183468984,AdvanceRight,advancing_past_measured_edge,0,14,42,0.617853642,0.703742188,1,1,1,0.258559525,2.16605773,2.16605773,0,0,0,0,0
16.55,1.25671874,-0.0447724357,-0.269717873,0.05,0.00171237736,AdvanceRight,advancing_past_measured_edge,0,14,42,0.617853642,0.703742188,1,1,1,0.258559525,2.16604967,2.16604967,0,0,0,0,0
16.6,1.25921871,-0.0447840854,-0.264267211,0.05,0.00159821898,AdvanceRight,advancing_past_measured_edge,0,14,42,0.617548883,0.698819788,1,1,1,0.258412868,2.16604159,2.16604159,0,0,0,0,0
16.65,1.26171869,-0.0447955052,-0.259179926,0.05,0.00149167112,AdvanceRight,advancing_past_measured_edge,0,14,42,0.617548883,0.698819788,1,1,1,0.258412868,2.16603351,2.16603351,0,0,0,0,0
16.7,1.26421866,-0.0448067104,-0.254431791,0.05,0.00139222642,AdvanceRight,advancing_past_measured_edge,0,14,42,0.617254019,0.693770884,1,1,1,0.258556068,2.16602542,2.16602542,0,0,0,0,0
16.75,1.26671864,-0.0448177154,-0.250000198,0.05,0.00129941135,AdvanceRight,advancing_past_measured_edge,0,14,42,0.617254019,0.693770884,1,1,1,0.258556068,2.16601733,2.16601733,0,0,0,0,0
16.8,1.26921861,-0.0448285334,-0.245864044,0.05,0.00121278394,AdvanceRight,advancing_past_measured_edge,0,14,42,0.616967142,0.688736578,1,1,1,0.258689165,2.16600922,2.16600922,0,0,0,0,0
16.85,1.27171859,-0.044839177,-0.242003633,0.05,0.00113193169,AdvanceRight,advancing_past_measured_edge,0,14,42,0.616967142,0.688736578,1,1,1,0.258689165,2.16600111,2.16600111,0,0,0,0,0
16.9,1.27421857,-0.0448496578,-0.238400583,0.05,0.00105646958,AdvanceRight,advancing_past_measured_edge,0,14,42,0.616686761,0.683717109,1,1,1,0.258520842,2.165993,2.165993,0,0,0,0,0
16.95,1.27671855,-0.0448599866,-0.235037736,0.05,0.000986038283,AdvanceRight,advancing_past_measured_edge,0,14,42,0.616686761,0.683717109,1,1,1,0.258520842,2.16598488,2.16598488,0,0,0,0,0
17,1.27921853,-0.0448701735,-0.231899079,0.05,0.0009203024,AdvanceRight,advancing_past_measured_edge,0,14,42,0.616411746,0.678712537,1,1,1,0.258674681,2.16597675,2.16597675,0,0,0,0,0
17.05,1.28171851,-0.0448802281,-0.228969665,0.05,0.000858948908,AdvanceRight,advancing_past_measured_edge,0,14,42,0.616411746,0.678712537,1,1,1,0.258674681,2.16596862,2.16596862,0,0,0,0,0
17.1,1.28421849,-0.0448901591,-0.226235546,0.05,0.000801685648,AdvanceRight,advancing_past_measured_edge,0,14,42,0.61614114,0.673722921,1,1,1,0.258649081,2.16596049,2.16596049,0,0,0,0,0
17.15,1.28671847,-0.0448999748,-0.223683702,0.05,0.000748239939,AdvanceRight,advancing_past_measured_edge,0,14,42,0.61614114,0.673722921,1,1,1,0.258649081,2.16595235,2.16595235,0,0,0,0,0
17.2,1.28921845,-0.0449096829,-0.22130198,0.05,0.000698357277,AdvanceRight,advancing_past_measured_edge,0,14,42,0.61587429,0.668693842,1,1,1,0.258853883,2.16594421,2.16594421,0,0,0,0,0
17.25,1.29171843,-0.0449192905,-0.21907904,0.05,0.000651800125,AdvanceRight,advancing_past_measured_edge,0,14,42,0.61587429,0.668693842,1,1,1,0.258853883,2.16593606,2.16593606,0,0,0,0,0
17.3,1.29421841,-0.0449288043,-0.217004295,0.05,0.000608346784,AdvanceRight,advancing_past_measured_edge,0,14,42,0.615610778,0.663631415,1,1,1,0.258644342,2.16592791,2.16592791,0,0,0,0,0
17.35,1.29671839,-0.0449382306,-0.215067868,0.05,0.000567790332,AdvanceRight,advancing_past_measured_edge,0,14,42,0.615610778,0.663631415,1,1,1,0.258644342,2.16591976,2.16591976,0,0,0,0,0
17.4,1.29921838,-0.0449475753,-0.213260535,0.05,0.000529937643,AdvanceRight,advancing_past_measured_edge,0,14,42,0.615350425,0.658582729,1,1,1,0.258374363,2.1659116,2.1659116,0,0,0,0,0
17.45,1.30171836,-0.0449568437,-0.211573691,0.05,0.000494608467,AdvanceRight,advancing_past_measured_edge,0,14,42,0.615350425,0.658582729,1,1,1,0.258374363,2.16590344,2.16590344,0,0,0,0,0
17.5,1.30421834,-0.044966041,-0.209999303,0.05,0.000461634569,AdvanceRight,advancing_past_measured_edge,0,14,42,0.615093112,0.653548199,1,1,1,0.258107215,2.16589528,2.16589528,0,0,0,0,0
17.55,1.30671833,-0.0449751719,-0.208529875,0.05,0.000430858931,AdvanceRight,advancing_past_measured_edge,0,14,42,0.615093112,0.653548199,1,1,1,0.258107215,2.16588712,2.16588712,0,0,0,0,0
17.6,1.30921831,-0.0449842408,-0.207158408,0.05,0.000402135002,AdvanceRight,advancing_past_measured_edge,0,14,42,0.614838958,0.648528002,1,1,1,0.258225858,2.16587895,2.16587895,0,0,0,0,0
17.65,1.31171829,-0.0449932518,-0.205878373,0.05,0.000375326002,AdvanceRight,advancing_past_measured_edge,0,14,42,0.614838958,0.648528002,1,1,1,0.258225858,2.16587078,2.16587078,0,0,0,0,0
17.7,1.31421828,-0.0450022089,-0.204683673,0.05,0.000350304269,AdvanceRight,advancing_past_measured_edge,0,14,42,0.614588082,0.643522376,1,1,1,0.258453697,2.16586261,2.16586261,0,0,0,0,0
17.75,1.31671826,-0.0450111155,-0.20356862,0.05,0.000326950651,AdvanceRight,advancing_past_measured_edge,0,14,42,0.614588082,0.643522376,1,1,1,0.258453697,2.16585443,2.16585443,0,0,0,0,0
17.8,1.31921825,-0.0450199752,-0.202527904,0.05,0.000305153941,AdvanceRight,advancing_past_measured_edge,0,14,42,0.614340782,0.638531438,1,1,1,0.258682877,2.16584626,2.16584626,0,0,0,0,0
17.85,1.32171823,-0.0450287909,-0.201556568,0.05,0.000284810345,AdvanceRight,advancing_past_measured_edge,0,14,42,0.614340782,0.638531438,1,1,1,0.258682877,2.16583808,2.16583808,0,0,0,0,0
17.9,1.32421822,-0.0450375657,-0.200649989,0.05,0.000265822988,AdvanceRight,advancing_past_measured_edge,0,14,42,0.614097476,0.633555188,1,1,1,0.258478701,2.1658299,2.1658299,0,0,0,0,0
17.95,1.3267182,-0.0450463022,-0.199803848,0.05,0.000248101456,AdvanceRight,advancing_past_measured_edge,0,14,42,0.614097476,0.633555188,1,1,1,0.258478701,2.16582172,2.16582172,0,0,0,0,0
18,1.32921819,-0.045055003,-0.199014117,0.05,0.000231561359,AdvanceRight,advancing_past_measured_edge,0,14,42,0.61385864,0.628593687,1,1,1,0.258441776,2.16581354,2.16581354,0,0,0,0,0
18.05,1.33171817,-0.0450636706,-0.198277034,0.05,0.000216123935,AdvanceRight,advancing_past_measured_edge,0,14,42,0.61385864,0.628593687,1,1,1,0.258441776,2.16580536,2.16580536,0,0,0,0,0
18.1,1.33421816,-0.045072307,-0.19758909,0.05,0.000201715673,AdvanceRight,advancing_past_measured_edge,0,14,42,0.613624692,0.623646814,1,1,1,0.258280963,2.16579718,2.16579718,0,0,0,0,0
18.15,1.33671814,-0.0450809144,-0.196947009,0.05,0.000188267961,AdvanceRight,advancing_past_measured_edge,0,14,42,0.613624692,0.623646814,1,1,1,0.258280963,2.16578899,2.16578899,0,0,0,0,0
18.2,1.33921813,-0.0450894948,-0.196347734,0.05,0.000175716764,AdvanceRight,advancing_past_measured_edge,0,14,42,0.613396287,0.618714394,1,1,1,0.258374393,2.16578081,2.16578081,0,0,0,0,0
18.25,1.34171811,-0.0450980498,-0.19578841,0.05,0.000164002313,AdvanceRight,advancing_past_measured_edge,0,14,42,0.613396287,0.618714394,1,1,1,0.258374393,2.16577262,2.16577262,0,0,0,0,0
18.3,1.3442181,-0.0451065813,-0.195266374,0.05,0.000153068825,AdvanceRight,advancing_past_measured_edge,0,14,42,0.613173962,0.613796247,1,1,1,0.258279562,2.16576443,2.16576443,0,0,0,0,0
18.35,1.34671808,-0.0451150908,-0.194779141,0.05,0.000142864237,AdvanceRight,advancing_past_measured_edge,0,14,42,0.613173962,0.613796247,1,1,1,0.258279562,2.16575624,2.16575624,0,0,0,0,0
18.4,1.34921807,-0.0451235797,-0.19432439,0.05,0.000133339954,AdvanceRight,advancing_past_measured_edge,0,14,42,0.612958372,0.608747187,1,0,1,0.258094847,2.16574805,2.16574805,0,0,0,0,0
18.45,1.35171805,-0.0451320494,-0.193899956,0.05,0.000124450624,AdvanceRight,advancing_past_measured_edge,0,14,42,0.612958372,0.608747187,1,0,1,0.258094847,2.16573986,2.16573986,0,0,0,0,0
18.5,1.35421804,-0.0451405012,-0.193503817,0.05,0.000116153916,AdvanceRight,advancing_past_measured_edge,0,14,42,0.612750173,0.603701855,1,0,1,0.257972181,2.16573167,2.16573167,0,0,0,0,0
18.55,1.35671802,-0.0451489363,-0.193134088,0.05,0.000108410321,AdvanceRight,advancing_past_measured_edge,0,14,42,0.612750173,0.603701855,1,0,1,0.257972181,2.16572348,2.16572348,0,0,0,0,0
18.6,1.35921801,-0.0451573559,-0.192789007,0.05,0.000101182967,AdvanceRight,advancing_past_measured_edge,0,14,42,0.612549901,0.598671454,1,0,1,0.258043796,2.16571529,2.16571529,0,0,0,0,0
18.65,1.361718,-0.0451657608,-0.192466932,0.05,9.44374356e-05,AdvanceRight,advancing_past_measured_edge,0,14,42,0.612549901,0.598671454,1,0,1,0.258043796,2.16570709,2.16570709,0,0,0,0,0
18.7,1.36421798,-0.0451741522,-0.192166328,0.05,8.81416065e-05,AdvanceRight,advancing_past_measured_edge,0,14,42,0.612358332,0.593656104,1,0,1,0.257798702,2.1656989,2.1656989,0,0,0,0,0
18.75,1.36671797,-0.0451825309,-0.191885764,0.05,8.22654994e-05,AdvanceRight,advancing_past_measured_edge,0,14,42,0.612358332,0.593656104,1,0,1,0.257798702,2.1656907,2.1656907,0,0,0,0,0
18.8,1.36921795,-0.0451908978,-0.191623905,0.05,7.67811328e-05,AdvanceRight,advancing_past_measured_edge,0,14,42,0.61217612,0.588655982,1,0,1,0.257536232,2.16568251,2.16568251,0,0,0,0,0
18.85,1.37171794,-0.0451992536,-0.191379503,0.05,7.16623906e-05,AdvanceRight,advancing_past_measured_edge,0,14,42,0.61217612,0.588655982,1,0,1,0.257536232,2.16567432,2.16567432,0,0,0,0,0
18.9,1.37421793,-0.0452075991,-0.191151395,0.05,6.68848979e-05,AdvanceRight,advancing_past_measured_edge,0,14,42,0.612003803,0.583671031,1,0,1,0.257457823,2.16566612,2.16566612,0,0,0,0,0
18.95,1.37671791,-0.045215935,-0.190938494,0.05,6.24259047e-05,AdvanceRight,advancing_past_measured_edge,0,14,42,0.612003803,0.583671031,1,0,1,0.257457823,2.16565792,2.16565792,0,0,0,0,0
19,1.3792179,-0.0452242619,-0.190739786,0.05,5.82641777e-05,AdvanceRight,advancing_past_measured_edge,0,14,42,0.611842096,0.578680473,1,0,1,0.257675797,2.16564973,2.16564973,0,0,0,0,0
19.05,1.38171788,-0.0452325804,-0.190554325,0.05,5.43798992e-05,AdvanceRight,advancing_past_measured_edge,0,14,42,0.611842096,0.578680473,1,0,1,0.257675797,2.16564153,2.16564153,0,0,0,0,0
19.1,1.38421787,-0.0452408912,-0.190381228,0.05,5.07545726e-05,AdvanceRight,advancing_past_measured_edge,0,14,42,0.611691475,0.573618319,1,0,1,0.258016765,2.16563333,2.16563333,0,0,0,0,0
19.15,1.38671786,-0.0452491946,-0.190219672,0.05,4.73709344e-05,AdvanceRight,advancing_past_measured_edge,0,14,42,0.611691475,0.573618319,1,0,1,0.258016765,2.16562514,2.16562514,0,0,0,0,0
19.2,1.38921784,-0.0452574912,-0.190068885,0.05,4.42128721e-05,AdvanceRight,advancing_past_measured_edge,0,14,42,0.611552656,0.568570782,1,0,1,0.258095771,2.16561694,2.16561694,0,0,0,0,0
19.25,1.39171783,-0.0452657814,-0.189928151,0.05,4.12653473e-05,AdvanceRight,advancing_past_measured_edge,0,14,42,0.611552656,0.568570782,1,0,1,0.258095771,2.16560874,2.16560874,0,0,0,0,0
19.3,1.39421782,-0.0452740657,-0.1897968,0.05,3.85143242e-05,AdvanceRight,advancing_past_measured_edge,0,14,42,0.611426115,0.563537978,1,0,1,0.258612007,2.16560054,2.16560054,0,0,0,0,0
19.35,1.3967178,-0.0452823444,-0.189674205,0.05,3.59467026e-05,AdvanceRight,advancing_past_measured_edge,0,14,42,0.611426115,0.563537978,1,0,1,0.258612007,2.16559235,2.16559235,0,0,0,0,0
19.4,1.39921779,-0.045290618,-0.189559783,0.05,3.35502557e-05,AdvanceRight,advancing_past_measured_edge,0,14,42,0.611312389,0.558520145,1,0,1,0.258640975,2.16558415,2.16558415,0,0,0,0,0
19.45,1.40171777,-0.0452988868,-0.189452989,0.05,3.1313572e-05,AdvanceRight,advancing_past_measured_edge,0,14,42,0.611312389,0.558520145,1,0,1,0.258640975,2.16557595,2.16557595,0,0,0,0,0
19.5,1.40421776,-0.0453071511,-0.189353315,0.05,2.92260005e-05,AdvanceRight,advancing_past_measured_edge,0,14,42,0.611211956,0.553517281,1,0,1,0.258677751,2.16556775,2.16556775,0,0,0,0,0
19.55,1.40671775,-0.0453154111,-0.189260286,0.05,2.72776005e-05,AdvanceRight,advancing_past_measured_edge,0,14,42,0.611211956,0.553517281,1,0,1,0.258677751,2.16555955,2.16555955,0,0,0,0,0
19.6,1.40921773,-0.0453236672,-0.189173458,0.05,2.54590938e-05,AdvanceRight,advancing_past_measured_edge,0,14,42,0.611125171,0.548529446,1,0,1,0.259619147,2.16555135,2.16555135,0,0,0,0,0
19.65,1.41171772,-0.0453319197,-0.18909242,0.05,2.37618209e-05,AdvanceRight,advancing_past_measured_edge,0,14,42,0.611125171,0.548529446,1,0,1,0.259619147,2.16554315,2.16554315,0,0,0,0,0
19.7,1.41421771,-0.0453401687,-0.189016783,0.05,2.21776995e-05,AdvanceRight,advancing_past_measured_edge,0,14,42,0.611052513,0.543556698,1,0,1,0.259718567,2.16553496,2.16553496,0,0,0,0,0
19.75,1.41671769,-0.0453484146,-0.188946189,0.05,2.06991862e-05,AdvanceRight,advancing_past_measured_edge,0,14,42,0.611052513,0.543556698,1,0,1,0.259718567,2.16552676,2.16552676,0,0,0,0,0
19.8,1.41921768,-0.0453566575,-0.188880302,0.05,1.93192404e-05,AdvanceRight,advancing_past_measured_edge,0,14,42,0.608808041,0.538598803,1,0,1,0.261155128,2.16551856,2.16551856,0,0,0,0,0
19.85,1.42171767,-0.0453648976,-0.188818807,0.05,1.80312911e-05,AdvanceRight,advancing_past_measured_edge,0,14,42,0.608808041,0.538598803,1,0,1,0.261155128,2.16551036,2.16551036,0,0,0,0,0
19.9,1.42421765,-0.0453731351,-0.188761411,0.05,1.6829205e-05,AdvanceRight,advancing_past_measured_edge,0,14,42,0.603815913,0.533655759,1,0,1,0.264285982,2.16550216,2.16550216,0,0,0,0,0
19.95,1.42671764,-0.0453813702,-0.188707842,0.05,1.5707258e-05,AdvanceRight,advancing_past_measured_edge,0,14,42,0.603815913,0.533655759,1,0,1,0.264285982,2.16549396,2.16549396,0,0,0,0,0
20,1.42921763,-0.045389603,-0.188657845,0.05,1.46601075e-05,AdvanceRight,advancing_past_measured_edge,0,14,42,0.598838985,0.528727273,1,0,1,0.265256912,2.16548576,2.16548576,0,0,0,0,0
20.05,1.43171761,-0.0453978337,-0.18861118,0.05,1.3682767e-05,AdvanceRight,advancing_past_measured_edge,0,14,42,0.598838985,0.528727273,1,0,1,0.265256912,2.16547756,2.16547756,0,0,0,0,0
20.1,1.4342176,-0.0454060625,-0.188567627,0.05,1.27705825e-05,AdvanceRight,advancing_past_measured_edge,0,14,42,0.593877196,0.523744495,1,0,1,2.25162387,2.16546936,2.16546936,0,0,0,0,0
20.15,1.43671758,-0.0454142894,-0.188526977,0.05,1.19192103e-05,AdvanceRight,advancing_past_measured_edge,0,14,42,0.593877196,0.523744495,1,0,1,2.25162387,2.16546116,2.16546116,0,0,0,0,0
20.2,1.43921757,-0.0454225146,-0.188489036,0.05,1.11245963e-05,AdvanceRight,advancing_past_measured_edge,0,14,42,0.588930428,0.518689795,1,0,1,2.25145864,2.16545296,2.16545296,0,0,0,0,0
20.25,1.44171756,-0.0454307382,-0.188453626,0.05,1.03829566e-05,AdvanceRight,advancing_past_measured_edge,0,14,42,0.588930428,0.518689795,1,0,1,2.25145864,2.16544476,2.16544476,0,0,0,0,0
20.3,1.44421754,-0.0454389603,-0.188420576,0.05,9.69075946e-06,AdvanceRight,advancing_past_measured_edge,0,14,42,0.583998442,0.513649981,1,0,1,2.25130582,2.16543656,2.16543656,0,0,0,0,0
20.35,1.44671753,-0.045447181,-0.188389729,0.05,9.04470883e-06,AdvanceRight,advancing_past_measured_edge,0,14,42,0.583998442,0.513649981,1,0,1,2.25130582,2.16542836,2.16542836,0,0,0,0,0
20.4,1.44921752,-0.0454554004,-0.188360939,0.05,8.44172824e-06,AdvanceRight,advancing_past_measured_edge,0,14,42,0.579080999,0.508625172,1,0,1,2.25373578,2.16542016,2.16542016,0,0,0,0,0
20.45,1.4517175,-0.0454636186,-0.188334068,0.05,7.87894636e-06,AdvanceRight,advancing_past_measured_edge,0,14,42,0.579080999,0.508625172,1,0,1,2.25373578,2.16541195,2.16541195,0,0,0,0,0
20.5,1.45421749,-0.0454718357,-0.188308989,0.05,7.35368327e-06,AdvanceRight,advancing_past_measured_edge,0,14,42,0.574177742,0.503615545,1,0,1,2.25395536,2.16540375,2.16540375,0,0,0,0,0
20.55,1.45671748,-0.0454800517,-0.188285581,0.05,6.86343772e-06,AdvanceRight,advancing_past_measured_edge,0,14,42,0.574177742,0.503615545,1,0,1,2.25395536,2.16539555,2.16539555,0,0,0,0,0
20.6,1.45921746,-0.0454882667,-0.188263734,0.05,6.4058752e-06,AdvanceRight,advancing_past_measured_edge,0,14,42,0.569288373,0.498621042,1,0,1,2.254179,2.16538735,2.16538735,0,0,0,0,0
20.65,1.46171745,-0.0454964808,-0.188243344,0.05,5.97881686e-06,AdvanceRight,advancing_past_measured_edge,0,14,42,0.569288373,0.498621042,1,0,1,2.254179,2.16537915,2.16537915,0,0,0,0,0
20.7,1.46421744,-0.045504694,-0.188224312,0.05,5.58022907e-06,AdvanceRight,advancing_past_measured_edge,0,14,42,0.564412415,0.493641781,1,0,1,2.25082874,2.16537095,2.16537095,0,0,0,0,0
20.75,1.46671742,-0.0455129065,-0.18820655,0.05,5.2082138e-06,AdvanceRight,advancing_past_measured_edge,0,14,42,0.564412415,0.493641781,1,0,1,2.25082874,2.16536275,2.16536275,0,0,0,0,0
20.8,1.46921741,-0.0455211181,-0.188189972,0.05,4.86099954e-06,AdvanceRight,advancing_past_measured_edge,0,14,42,0.559549391,0.488657503,1,0,1,2.25074506,2.16535455,2.16535455,0,0,0,0,0
20.85,1.4717174,-0.0455293291,-0.188174499,0.05,4.53693291e-06,AdvanceRight,advancing_past_measured_edge,0,14,42,0.559549391,0.488657503,1,0,1,2.25074506,2.16534635,2.16534635,0,0,0,0,0
20.9,1.47421738,-0.0455375395,-0.188160057,0.05,4.23447071e-06,AdvanceRight,advancing_past_measured_edge,0,14,42,0.554698825,0.483601019,1,0,1,2.25067616,2.16533815,2.16533815,0,0,0,0,0
20.95,1.47671737,-0.0455457492,-0.188146578,0.05,3.95217267e-06,AdvanceRight,advancing_past_measured_edge,0,14,42,0.554698825,0.483601019,1,0,1,2.25067616,2.16532995,2.16532995,0,0,0,0,0
21,1.47921735,-0.0455539583,-0.188133998,0.05,3.68869449e-06,AdvanceRight,advancing_past_measured_edge,0,14,42,0.549624026,0.478559116,1,0,1,2.25462508,2.16532175,2.16532175,0,0,0,0,0
21.05,1.48171734,-0.045562167,-0.188122257,0.05,3.44278152e-06,AdvanceRight,advancing_past_measured_edge,0,14,42,0.549624026,0.478559116,1,0,1,2.25462508,2.16531355,2.16531355,0,0,0,0,0
21.1,1.48421733,-0.0455703751,-0.188111298,0.05,3.21326275e-06,AdvanceRight,advancing_past_measured_edge,0,14,42,0.544541717,0.47353203,1,0,1,2.25473785,2.16530534,2.16530534,0,0,0,0,0
21.15,1.48671731,-0.0455785827,-0.18810107,0.05,2.99904524e-06,AdvanceRight,advancing_past_measured_edge,0,14,42,0.544541717,0.47353203,1,0,1,2.25473785,2.16529714,2.16529714,0,0,0,0,0
21.2,1.4892173,-0.04558679,-0.188091524,0.05,2.79910889e-06,AdvanceRight,advancing_past_measured_edge,0,14,42,0.53947407,0.468519877,1,0,1,2.25158668,2.16528894,2.16528894,0,0,0,0,0
21.25,1.49171729,-0.0455949968,-0.188082614,0.05,2.61250163e-06,AdvanceRight,advancing_past_measured_edge,0,14,42,0.53947407,0.468519877,1,0,1,2.25158668,2.16528074,2.16528074,0,0,0,0,0
21.3,1.49421727,-0.0456032033,-0.188074298,0.05,2.43833485e-06,AdvanceRight,advancing_past_measured_edge,0,14,42,0.534421325,0.463522715,1,0,1,2.2505517,2.16527254,2.16527254,0,0,0,0,0
21.35,1.49671726,-0.0456114094,-0.188066537,0.05,2.2757792e-06,AdvanceRight,advancing_past_measured_edge,0,14,42,0.534421325,0.463522715,1,0,1,2.2505517,2.16526434,2.16526434,0,0,0,0,0
21.4,1.49921725,-0.0456196152,-0.188059293,0.05,2.12406058e-06,AdvanceRight,advancing_past_measured_edge,0,14,42,0.529383659,0.458540545,1,0,1,2.25055885,2.16525614,2.16525614,0,0,0,0,0
21.45,1.50171723,-0.0456278206,-0.188052531,0.05,1.98245654e-06,AdvanceRight,advancing_past_measured_edge,0,14,42,0.529383659,0.458540545,1,0,1,2.25055885,2.16524794,2.16524794,0,0,0,0,0
21.5,1.50421722,-0.0456360258,-0.188046221,0.05,1.85029277e-06,AdvanceRight,advancing_past_measured_edge,0,14,42,0.524361193,0.45357325,1,0,1,2.25413108,2.16523974,2.16523974,0,0,0,0,0
21.55,1.50671721,-0.0456442307,-0.188040331,0.05,1.72693992e-06,AdvanceRight,advancing_past_measured_edge,0,14,42,0.524361193,0.45357325,1,0,1,2.25413108,2.16523154,2.16523154,0,0,0,0,0
21.6,1.50921719,-0.0456524354,-0.188034834,0.05,1.61181059e-06,AdvanceRight,advancing_past_measured_edge,0,14,42,0.519353926,0.448620829,1,0,1,2.25392556,2.16522333,2.16522333,0,0,0,0,0
21.65,1.51171718,-0.0456606398,-0.188029704,0.05,1.50435656e-06,AdvanceRight,advancing_past_measured_edge,0,14,42,0.519353926,0.448620829,1,0,1,2.25392556,2.16521513,2.16521513,0,0,0,0,0
21.7,1.51421717,-0.0456688441,-0.188024915,0.05,1.40406612e-06,AdvanceRight,advancing_past_measured_edge,0,14,42,0.514311671,0.443683049,1,0,1,2.2537303,2.16520693,2.16520693,0,0,0,0,0
21.75,1.51671715,-0.0456770481,-0.188020446,0.05,1.31046171e-06,AdvanceRight,advancing_past_measured_edge,0,14,42,0.514311671,0.443683049,1,0,1,2.2537303,2.16519873,2.16519873,0,0,0,0,0
21.8,1.51921714,-0.0456852519,-0.188016275,0.05,1.2230976e-06,AdvanceRight,advancing_past_measured_edge,0,14,42,0.509219646,0.438749443,1,0,1,2.25073647,2.16519053,2.16519053,0,0,0,0,0
21.85,1.52171713,-0.0456934556,-0.188012381,0.05,1.14155776e-06,AdvanceRight,advancing_past_measured_edge,0,14,42,0.509219646,0.438749443,1,0,1,2.25073647,2.16518233,2.16518233,0,0,0,0,0
21.9,1.52421711,-0.0457016591,-0.188008748,0.05,1.06545391e-06,AdvanceRight,advancing_past_measured_edge,0,14,42,0.504141927,0.433706855,1,0,1,2.2508173,2.16517413,2.16517413,0,0,0,0,0
21.95,1.5267171,-0.0457098624,-0.188005356,0.05,9.94423646e-07,AdvanceRight,advancing_past_measured_edge,0,14,42,0.504141927,0.433706855,1,0,1,2.2508173,2.16516593,2.16516593,0,0,0,0,0
22,1.52921709,-0.0457180656,-0.188002191,0.05,9.28128736e-07,AdvanceRight,advancing_past_measured_edge,0,14,42,0.499056339,0.428658219,1,0,1,2.25091195,2.16515773,2.16515773,0,0,0,0,0
22.05,1.53171707,-0.0457262687,-0.187999237,0.05,8.66253487e-07,AdvanceRight,advancing_past_measured_edge,0,14,42,0.499056339,0.428658219,1,0,1,2.25091195,2.16514952,2.16514952,0,0,0,0,0
22.1,1.53421706,-0.0457344716,-0.187996479,0.05,8.08503254e-07,AdvanceRight,advancing_past_measured_edge,0,14,42,0.493974119,0.423624461,1,0,1,2.25255609,2.16514132,2.16514132,0,0,0,0,0
22.15,1.53671705,-0.0457426744,-0.187993906,0.05,7.54603037e-07,AdvanceRight,advancing_past_measured_edge,0,14,42,0.493974119,0.423624461,1,0,1,2.25255609,2.16513312,2.16513312,0,0,0,0,0
22.2,1.53921703,-0.0457508772,-0.187991504,0.05,7.04296168e-07,AdvanceRight,advancing_past_measured_edge,0,14,42,0.488906413,0.418605701,1,0,1,2.25252676,2.16512492,2.16512492,0,0,0,0,0
22.25,1.54171702,-0.0457590798,-0.187989262,0.05,6.5734309e-07,AdvanceRight,advancing_past_measured_edge,0,14,42,0.488906413,0.418605701,1,0,1,2.25252676,2.16511672,2.16511672,0,0,0,0,0
22.3,1.544217,-0.0457672823,-0.18798717,0.05,6.13520218e-07,AdvanceRight,advancing_past_measured_edge,0,14,42,0.483853549,0.413602026,1,0,1,2.25127411,2.16510852,2.16510852,0,0,0,0,0
22.35,1.54671699,-0.0457754847,-0.187985217,0.05,5.7261887e-07,AdvanceRight,advancing_past_measured_edge,0,14,42,0.483853549,0.413602026,1,0,1,2.25127411,2.16510032,2.16510032,0,0,0,0,0
22.4,1.54921698,-0.0457836871,-0.187983394,0.05,5.34444279e-07,AdvanceRight,advancing_past_measured_edge,0,14,42,0.478815675,0.408613495,1,0,1,2.25141931,2.16509212,2.16509212,0,0,0,0,0
22.45,1.55171696,-0.0457918893,-0.187981693,0.05,4.9881466e-07,AdvanceRight,advancing_past_measured_edge,0,14,42,0.478815675,0.408613495,1,0,1,2.25141931,2.16508392,2.16508392,0,0,0,0,0
22.5,1.55421695,-0.0458000915,-0.187980105,0.05,4.65560349e-07,AdvanceRight,advancing_past_measured_edge,0,14,42,0.47379294,0.40364005,1,0,1,2.25157571,2.16507571,2.16507571,0,0,0,0,0
22.55,1.55671694,-0.0458082937,-0.187978623,0.05,4.34522993e-07,AdvanceRight,advancing_past_measured_edge,0,14,42,0.47379294,0.40364005,1,0,1,2.25157571,2.16506751,2.16506751,0,0,0,0,0
22.6,1.55921692,-0.0458164957,-0.18797724,0.05,4.05554793e-07,AdvanceRight,advancing_past_measured_edge,0,14,42,0.468785435,0.39866006,1,0,1,2.25174284,2.16505931,2.16505931,0,0,0,0,0
22.65,1.56171691,-0.0458246978,-0.187975949,0.05,3.78517807e-07,AdvanceRight,advancing_past_measured_edge,0,14,42,0.468785435,0.39866006,1,0,1,2.25174284,2.16505111,2.16505111,0,0,0,0,0
22.7,1.5642169,-0.0458328997,-0.187974744,0.05,3.53283287e-07,AdvanceRight,advancing_past_measured_edge,0,14,42,0.463793218,0.393609721,1,0,1,2.25191951,2.16504291,2.16504291,0,0,0,0,0
22.75,1.56671688,-0.0458411016,-0.18797362,0.05,3.29731067e-07,AdvanceRight,advancing_past_measured_edge,0,14,42,0.463793218,0.393609721,1,0,1,2.25191951,2.16503471,2.16503471,0,0,0,0,0
22.8,1.56921687,-0.0458493035,-0.18797257,0.05,3.07748996e-07,AdvanceRight,advancing_past_measured_edge,0,14,42,0.45881623,0.388573995,1,0,1,2.25210571,2.16502651,2.16502651,0,0,0,0,0
22.85,1.57171686,-0.0458575053,-0.18797159,0.05,2.87232397e-07,AdvanceRight,advancing_past_measured_edge,0,14,42,0.45881623,0.388573995,1,0,1,2.25210571,2.16501831,2.16501831,0,0,0,0,0
22.9,1.57421684,-0.0458657071,-0.187970676,0.05,2.6808357e-07,AdvanceRight,advancing_past_measured_edge,0,14,42,0.453854382,0.383552998,1,0,1,2.25117111,2.16501011,2.16501011,0,0,0,0,0
22.95,1.57671683,-0.0458739088,-0.187969823,0.05,2.50211332e-07,AdvanceRight,advancing_past_measured_edge,0,14,42,0.453854382,0.383552998,1,0,1,2.25117111,2.1650019,2.1650019,0,0,0,0,0
23,1.57921682,-0.0458821105,-0.187969026,0.05,2.33530577e-07,AdvanceRight,advancing_past_measured_edge,0,14,42,0.448907554,0.378546847,1,0,1,2.25100565,2.1649937,2.1649937,0,0,0,0,0
23.05,1.5817168,-0.0458903122,-0.187968283,0.05,2.17961871e-07,AdvanceRight,advancing_past_measured_edge,0,14,42,0.448907554,0.378546847,1,0,1,2.25100565,2.1649855,2.1649855,0,0,0,0,0
23.1,1.58421679,-0.0458985138,-0.187967589,0.05,2.0343108e-07,AdvanceRight,advancing_past_measured_edge,0,14,42,0.443975508,0.3735556,1,0,1,2.25085258,2.1649773,2.1649773,0,0,0,0,0
23.15,1.58671678,-0.0459067154,-0.187966942,0.05,1.89869008e-07,AdvanceRight,advancing_past_measured_edge,0,14,42,0.443975508,0.3735556,1,0,1,2.25085258,2.1649691,2.1649691,0,0,0,0,0
23.2,1.58921676,-0.045914917,-0.187966337,0.05,1.77211074e-07,AdvanceRight,advancing_past_measured_edge,0,14,42,0.439058006,0.368579169,1,0,1,2.25237417,2.1649609,2.1649609,0,0,0,0,0
23.25,1.59171675,-0.0459231185,-0.187965773,0.05,1.65397003e-07,AdvanceRight,advancing_past_measured_edge,0,14,42,0.439058006,0.368579169,1,0,1,2.25237417,2.1649527,2.1649527,0,0,0,0,0
23.3,1.59421674,-0.0459313201,-0.187965247,0.05,1.54370536e-07,AdvanceRight,advancing_past_measured_edge,0,14,42,0.434154749,0.363617555,1,0,1,2.25240183,2.1649445,2.1649445,0,0,0,0,0
23.35,1.59671672,-0.0459395216,-0.187964755,0.05,1.44079167e-07,AdvanceRight,advancing_past_measured_edge,0,14,42,0.434154749,0.363617555,1,0,1,2.25240183,2.16493629,2.16493629,0,0,0,0,0
23.4,1.59921671,-0.045947723,-0.187964297,0.05,1.34473889e-07,AdvanceRight,advancing_past_measured_edge,0,14,42,0.42926532,0.358670612,1,0,1,2.25244427,2.16492809,2.16492809,0,0,0,0,0
23.45,1.6017167,-0.0459559245,-0.187963869,0.05,1.25508963e-07,AdvanceRight,advancing_past_measured_edge,0,14,42,0.42926532,0.358670612,1,0,1,2.25244427,2.16491989,2.16491989,0,0,0,0,0
23.5,1.60421668,-0.045964126,-0.187963469,0.05,1.17141699e-07,AdvanceRight,advancing_past_measured_edge,0,14,42,0.424389333,0.353700643,1,0,1,2.25037479,2.16491169,2.16491169,0,0,0,0,0
23.55,1.60671667,-0.0459723274,-0.187963096,0.05,1.09332252e-07,AdvanceRight,advancing_past_measured_edge,0,14,42,0.424389333,0.353700643,1,0,1,2.25037479,2.16490349,2.16490349,0,0,0,0,0
23.6,1.60921666,-0.0459805288,-0.187962748,0.05,1.02043435e-07,AdvanceRight,advancing_past_measured_edge,0,14,42,0.41946733,0.348735989,1,0,1,2.25029087,2.16489529,2.16489529,0,0,0,0,0
23.65,1.61171664,-0.0459887302,-0.187962424,0.05,9.52405397e-08,AdvanceRight,advancing_past_measured_edge,0,14,42,0.41946733,0.348735989,1,0,1,2.25029087,2.16488709,2.16488709,0,0,0,0,0
23.7,1.61421663,-0.0459969316,-0.18796212,0.05,8.88911704e-08,AdvanceRight,advancing_past_measured_edge,0,14,42,0.414359003,0.343698097,1,0,1,2.25022173,2.16487889,2.16487889,0,0,0,0,0
23.75,1.61671661,-0.046005133,-0.187961837,0.05,8.29650924e-08,AdvanceRight,advancing_past_measured_edge,0,14,42,0.414359003,0.343698097,1,0,1,2.25022173,2.16487069,2.16487069,0,0,0,0,0
23.8,1.6192166,-0.0460133343,-0.187961573,0.05,7.74340862e-08,AdvanceRight,advancing_past_measured_edge,0,14,42,0.409264654,0.338655623,1,0,1,2.25275803,2.16486248,2.16486248,0,0,0,0,0
23.85,1.62171659,-0.0460215357,-0.187961327,0.05,7.22718138e-08,AdvanceRight,advancing_past_measured_edge,0,14,42,0.409264654,0.338655623,1,0,1,2.25275803,2.16485428,2.16485428,0,0,0,0,0
23.9,1.62421657,-0.046029737,-0.187961097,0.05,6.74536929e-08,AdvanceRight,advancing_past_measured_edge,0,14,42,0.404184669,0.33362797,1,0,1,2.25287056,2.16484608,2.16484608,0,0,0,0,0
23.95,1.62671656,-0.0460379384,-0.187960882,0.05,6.295678e-08,AdvanceRight,advancing_past_measured_edge,0,14,42,0.404184669,0.33362797,1,0,1,2.25287056,2.16483788,2.16483788,0,0,0,0,0
24,1.62921655,-0.0460461397,-0.187960682,0.05,5.87596613e-08,AdvanceRight,advancing_past_measured_edge,0,14,42,0.399119318,0.328615285,1,0,1,2.25010514,2.16482968,2.16482968,0,0,0,0,0
24.05,1.63171653,-0.046054341,-0.187960495,0.05,5.48423506e-08,AdvanceRight,advancing_past_measured_edge,0,14,42,0.399119318,0.328615285,1,0,1,2.25010514,2.16482148,2.16482148,0,0,0,0,0
24.1,1.63421652,-0.0460625423,-0.18796032,0.05,5.11861939e-08,AdvanceRight,advancing_past_measured_edge,0,14,42,0.394068867,0.323617654,1,0,1,2.25009656,2.16481328,2.16481328,0,0,0,0,0
24.15,1.63671651,-0.0460707436,-0.187960157,0.05,4.7773781e-08,AdvanceRight,advancing_past_measured_edge,0,14,42,0.394068867,0.323617654,1,0,1,2.25009656,2.16480508,2.16480508,0,0,0,0,0
24.2,1.63921649,-0.0460789449,-0.187960005,0.05,4.45888622e-08,AdvanceRight,advancing_past_measured_edge,0,14,42,0.389033467,0.318635021,1,0,1,2.25010347,2.16479687,2.16479687,0,0,0,0,0
24.25,1.64171648,-0.0460871462,-0.187959863,0.05,4.16162714e-08,AdvanceRight,advancing_past_measured_edge,0,14,42,0.389033467,0.318635021,1,0,1,2.25010347,2.16478867,2.16478867,0,0,0,0,0
24.3,1.64421647,-0.0460953474,-0.187959731,0.05,3.88418533e-08,AdvanceRight,advancing_past_measured_edge,0,14,42,0.384013265,0.313667355,1,0,1,2.2526226,2.16478047,2.16478047,0,0,0,0,0
24.35,1.64671645,-0.0461035487,-0.187959607,0.05,3.62523964e-08,AdvanceRight,advancing_past_measured_edge,0,14,42,0.384013265,0.313667355,1,0,1,2.2526226,2.16477227,2.16477227,0,0,0,0,0
24.4,1.64921644,-0.04611175,-0.187959492,0.05,3.383557e-08,AdvanceRight,advancing_past_measured_edge,0,14,42,0.379008293,0.308691919,1,0,1,2.25241685,2.16476407,2.16476407,0,0,0,0,0
24.45,1.65171643,-0.0461199512,-0.187959384,0.05,3.15798653e-08,AdvanceRight,advancing_past_measured_edge,0,14,42,0.379008293,0.308691919,1,0,1,2.25241685,2.16475587,2.16475587,0,0,0,0,0
24.5,1.65421641,-0.0461281525,-0.187959283,0.05,2.9474541e-08,AdvanceRight,advancing_past_measured_edge,0,14,42,0.37401858,0.303647875,1,0,1,2.2502141,2.16474767,2.16474767,0,0,0,0,0
24.55,1.6567164,-0.0461363538,-0.18795919,0.05,2.75095716e-08,AdvanceRight,advancing_past_measured_edge,0,14,42,0.37401858,0.303647875,1,0,1,2.2502141,2.16473947,2.16473947,0,0,0,0,0
24.6,1.65921639,-0.046144555,-0.187959102,0,0,TurnRight,right_pivot_ready,0,14,42,0.369044095,0.298618337,1,0,1,2.25028038,2.16473126,2.16473126,0,0,0,0,0
24.65,1.66067471,-0.0461493391,-0.187959051,0,-0.6,TurnRight,turning_right_with_feedback,0,14,42,0.369044095,0.298618337,1,0,1,2.25028038,2.16472648,2.16472648,0,0,0,0,0
24.7,1.66152537,-0.0461574465,-0.904156265,0,-0.6,TurnRight,turning_right_with_feedback,0,14,42,0.36662516,0.295100789,1,0,1,2.25108123,2.164254,2.164254,0,0,0,0,0
24.75,1.66202144,-0.0461701867,-2.03813522,0,-0.6,TurnRight,turning_right_with_feedback,0,14,42,0.36662516,0.295100789,1,0,1,2.25108123,2.16353466,2.16353466,0,0,0,0,0
24.8,1.66231059,-0.0461839588,-3.41582018,0,-0.6,TurnRight,turning_right_with_feedback,0,14,42,0.365808964,0.290591271,1,0,1,2.25327516,2.16271004,2.16271004,0,0,0,0,0
24.85,1.662479,-0.0461962545,-4.93566699,0,-0.6,TurnRight,turning_right_with_feedback,0,14,42,0.365808964,0.290591271,1,0,1,2.25327516,2.16186435,2.16186435,0,0,0,0,0
24.9,1.66257701,-0.046206101,-6.53844154,0,-0.6,TurnRight,turning_right_with_feedback,0,14,42,0.365335256,0.286675282,1,0,1,2.20955992,2.16104573,2.16104573,0,0,0,0,0
24.95,1.66263399,-0.0462134656,-8.1895906,0,-0.6,TurnRight,turning_right_with_feedback,0,14,42,0.365335256,0.286675282,1,0,1,2.20955992,2.16028108,2.16028108,0,0,0,0,0
25,1.66266709,-0.0462187259,-9.86895813,0,-0.6,TurnRight,turning_right_with_feedback,0,14,42,0.365234286,0.281407108,1,0,1,1.42776108,2.15958524,2.15958524,0,0,0,0,0
25.05,1.6626863,-0.0462223617,-11.5647864,0,-0.6,TurnRight,turning_right_with_feedback,0,14,42,0.365234286,0.281407108,1,0,1,1.42776108,2.15896638,2.15896638,0,0,0,0,0
25.1,1.66269744,-0.0462248142,-13.2702169,0,-0.6,TurnRight,turning_right_with_feedback,0,14,42,0.364621937,0.27872845,1,0,1,1.05293751,2.15842897,2.15842897,0,0,0,0,0
25.15,1.66270389,-0.0462264379,-14.9812485,0,-0.6,TurnRight,turning_right_with_feedback,0,14,42,0.364621937,0.27872845,1,0,1,1.05293751,2.15797552,2.15797552,0,0,0,0,0
25.2,1.66270763,-0.0462274971,-16.6955476,0,-0.6,TurnRight,turning_right_with_feedback,0,14,42,0.364099801,0.277219877,1,0,1,0.836303115,2.15760744,2.15760744,0,0,0,0,0
25.25,1.66270979,-0.0462281799,-18.4117526,0,-0.6,TurnRight,turning_right_with_feedback,0,14,42,0.364099801,0.277219877,1,0,1,0.836303115,2.15732556,2.15732556,0,0,0,0,0
25.3,1.66271103,-0.0462286157,-20.1290694,0,-0.6,TurnRight,turning_right_with_feedback,0,14,42,0.363669276,0.276870556,1,0,1,0.696371615,2.15713035,2.15713035,0,0,0,0,0
25.35,1.66271175,-0.0462288917,-21.8470348,0,-0.6,TurnRight,turning_right_with_feedback,0,14,42,0.363669276,0.276870556,1,0,1,0.696371615,2.15702209,2.15702209,0,0,0,0,0
25.4,1.66271217,-0.0462290651,-23.5653785,0,0,TurnRight,pivot_unobserved,1,0,0,0.36276415,0.277681507,0,0,0,-1,2.15700092,2.15700092,0,0,0,0,0
25.45,1.66271241,-0.046229172,-24.5677457,0,0,TurnRight,pivot_unobserved,1,0,0,0.36276415,0.277681507,0,0,0,-1,2.15702875,2.15700092,0,0,0,0,0
25.5,1.66271254,-0.0462292363,-25.1524599,0,0,TurnRight,pivot_unobserved,1,0,0,0.362673312,0.278474847,0,0,0,-1,2.15705866,2.15700092,0,0,0,0,0
25.55,1.66271263,-0.0462292745,-25.4935432,0,0,TurnRight,pivot_unobserved,1,0,0,0.362673312,0.278474847,0,0,0,-1,2.15708076,2.15700092,0,0,0,0,0
25.6,1.66271267,-0.0462292969,-25.6925084,0,0,TurnRight,pivot_unobserved,1,0,0,0.362455845,0.278831088,0,0,0,-1,2.15709523,2.15700092,0,0,0,0,0
25.65,1.6627127,-0.0462293101,-25.8085715,0,0,TurnRight,pivot_unobserved,1,0,0,0.362455845,0.278831088,0,0,0,-1,2.15710422,2.15700092,0,0,0,0,0
25.7,1.66271272,-0.0462293178,-25.8762749,0,0,TurnRight,pivot_unobserved,1,0,0,0.362356573,0.278988065,0,0,0,-1,2.15710964,2.15700092,0,0,0,0,0
25.75,1.66271272,-0.0462293224,-25.9157686,0,0,TurnRight,pivot_unobserved,1,0,0,0.362356573,0.278988065,0,0,0,-1,2.15711286,2.15700092,0,0,0,0,0
25.8,1.66271273,-0.046229325,-25.9388066,0,0,TurnRight,pivot_unobserved,1,0,0,0.362317532,0.279071787,0,0,0,-1,2.15711476,2.15700092,0,0,0,0,0
25.85,1.66271273,-0.0462293265,-25.9522454,0,0,TurnRight,pivot_unobserved,1,0,0,0.362317532,0.279071787,0,0,0,-1,2.15711588,2.15700092,0,0,0,0,0
25.9,1.66271274,-0.0462293274,-25.9600847,0,0,TurnRight,pivot_unobserved,1,0,0,0.362299055,0.279130409,0,0,0,-1,2.15711654,2.15700092,0,0,0,0,0
25.95,1.66271274,-0.0462293279,-25.9646577,0,0,TurnRight,pivot_unobserved,1,0,0,0.362299055,0.279130409,0,0,0,-1,2.15711692,2.15700092,0,0,0,0,0
26,1.66271274,-0.0462293283,-25.9673252,0,0,TurnRight,pivot_unobserved,1,0,0,0.362288266,0.27918092,0,0,0,-1,2.15711714,2.15700092,0,0,0,0,0
26.05,1.66271274,-0.0462293284,-25.9688813,0,0,TurnRight,pivot_unobserved,1,0,0,0.362288266,0.27918092,0,0,0,-1,2.15711727,2.15700092,0,0,0,0,0
26.1,1.66271274,-0.0462293285,-25.969789,0,0,TurnRight,pivot_unobserved,1,0,0,0.362280816,0.27922919,0,0,0,-1,2.15711735,2.15700092,0,0,0,0,0
26.15,1.66271274,-0.0462293286,-25.9703185,0,0,TurnRight,pivot_unobserved,1,0,0,0.362280816,0.27922919,0,0,0,-1,2.15711739,2.15700092,0,0,0,0,0
26.2,1.66271274,-0.0462293286,-25.9706273,0,-0.6,TurnRight,turning_right_with_feedback,0,14,42,0.362275273,0.279277148,1,1,1,0.547693312,2.15711742,2.15700092,0,0,0,0,0
26.25,1.66271274,-0.0462293286,-26.6870048,0,-0.6,TurnRight,turning_right_with_feedback,0,14,42,0.362275273,0.279277148,1,1,1,0.547693312,2.15718513,2.15700092,0,0,0,0,0
26.3,1.66271274,-0.0462293287,-27.8210888,0,-0.6,TurnRight,turning_right_with_feedback,0,14,42,0.361593902,0.280678885,1,1,1,0.514371634,2.15732318,2.15700092,0,0,0,0,0
26.35,1.66271274,-0.0462293287,-29.1988351,0,-0.6,TurnRight,turning_right_with_feedback,0,14,42,0.361593902,0.280678885,1,1,1,0.514371634,2.15754173,2.15700092,0,0,0,0,0
26.4,1.66271274,-0.0462293287,-30.7187177,0,-0.6,TurnRight,turning_right_with_feedback,0,14,42,0.361237407,0.286015536,1,0,1,0.470888585,2.15784736,2.15700092,0,0,0,0,0
26.45,1.66271274,-0.0462293287,-32.3215131,0,-0.6,TurnRight,turning_right_with_feedback,0,14,42,0.361237407,0.286015536,1,0,1,0.470888585,2.15824278,2.15700092,0,0,0,0,0
26.5,1.66271274,-0.0462293287,-33.9726743,0,-0.6,TurnRight,turning_right_with_feedback,0,14,42,0.360312164,0.290560178,1,0,1,0.431724131,2.1587283,2.15700092,0,0,0,0,0
26.55,1.66271274,-0.0462293287,-35.652049,0,-0.6,TurnRight,turning_right_with_feedback,0,14,42,0.360312164,0.290560178,1,0,1,0.431724131,2.15930307,2.15700092,0,0,0,0,0
26.6,1.66271274,-0.0462293287,-37.3478814,0,-0.6,TurnRight,turning_right_with_feedback,0,14,42,0.360206872,0.296616312,1,0,1,0.425982624,2.15996582,2.15700092,0,0,0,0,0
26.65,1.66271274,-0.0462293287,-39.0533143,0,-0.6,TurnRight,turning_right_with_feedback,0,14,42,0.360206872,0.296616312,1,0,1,0.425982624,2.16071518,2.15700092,0,0,0,0,0
26.7,1.66271274,-0.0462293287,-40.7643473,0,-0.6,TurnRight,turning_right_with_feedback,0,14,42,0.361303896,0.313592905,1,0,1,0.424243838,2.16154986,2.15700092,0,0,0,0,0
26.75,1.66271274,-0.0462293287,-42.4786472,0,-0.6,TurnRight,turning_right_with_feedback,0,14,42,0.361303896,0.313592905,1,0,1,0.424243838,2.1624686,2.15700092,0,0,0,0,0
26.8,1.66271274,-0.0462293287,-44.1948527,0,-0.6,TurnRight,turning_right_with_feedback,0,14,42,0.363655418,0.324719946,1,0,1,0.422736466,2.16347023,2.15700092,0,0,0,0,0
26.85,1.66271274,-0.0462293287,-45.9121698,0,-0.6,TurnRight,turning_right_with_feedback,0,14,42,0.363655418,0.324719946,1,0,1,0.422736466,2.16455359,2.15700092,0,0,0,0,0
26.9,1.66271274,-0.0462293287,-47.6301354,0,-0.6,TurnRight,turning_right_with_feedback,0,14,42,0.367321312,0.337711933,1,0,1,0.431470722,2.16571756,2.15700092,0,0,0,0,0
26.95,1.66271274,-0.0462293287,-49.3484792,0,-0.6,TurnRight,turning_right_with_feedback,0,14,42,0.367321312,0.337711933,1,0,1,0.431470722,2.16696096,2.15700092,0,0,0,0,0
27,1.66271274,-0.0462293287,-51.0670437,0,-0.6,TurnRight,turning_right_with_feedback,0,14,42,0.372384816,0.353196425,1,0,1,0.442406982,2.16828262,2.15700092,0,0,0,0,0
27.05,1.66271274,-0.0462293287,-52.7857369,0,-0.6,TurnRight,turning_right_with_feedback,0,14,42,0.372384816,0.353196425,1,0,1,0.442406982,2.16968129,2.15700092,0,0,0,0,0
27.1,1.66271274,-0.0462293287,-54.5045051,0,-0.6,TurnRight,turning_right_with_feedback,0,14,42,0.378959656,0.3915466,1,0,1,0.48133871,2.17115568,2.15700092,0,0,0,0,0
27.15,1.66271274,-0.0462293287,-56.2233172,0,-0.6,TurnRight,turning_right_with_feedback,0,14,42,0.378959656,0.3915466,1,0,1,0.48133871,2.17270445,2.15700092,0,0,0,0,0
27.2,1.66271274,-0.0462293287,-57.9421548,0,-0.6,TurnRight,turning_right_with_feedback,0,14,42,0.38719669,0.418445623,1,0,1,0.52920711,2.1743262,2.15700092,0,0,0,0,0
27.25,1.66271274,-0.0462293287,-59.6610073,0,-0.6,TurnRight,turning_right_with_feedback,0,14,42,0.38719669,0.418445623,1,0,1,0.52920711,2.17601945,2.15700092,0,0,0,0,0
27.3,1.66271274,-0.0462293287,-61.3798685,0,-0.6,TurnRight,turning_right_with_feedback,0,14,42,0.397292227,0.453885275,1,0,1,0.589219749,2.17778268,2.15700092,0,0,0,0,0
27.35,1.66271274,-0.0462293287,-63.0987348,0,-0.567355361,TurnRight,turning_right_with_feedback,0,14,42,0.397292227,0.453885275,1,0,1,0.589219749,2.1796143,2.15700092,0,0,0,0,0
27.4,1.66271274,-0.0462293287,-64.7786374,0,-0.532171564,TurnRight,turning_right_with_feedback,0,14,42,0.409348071,0.520499446,1,0,1,0.665358424,2.1814689,2.15700092,0,0,0,0,0
27.45,1.66271274,-0.0462293287,-66.3938136,0,-0.498343393,TurnRight,turning_right_with_feedback,0,14,42,0.409348071,0.520499446,1,0,1,0.665358424,2.18331066,2.15700092,0,0,0,0,0
27.5,1.66271274,-0.0462293287,-67.9308533,0,-0.466151708,TurnRight,turning_right_with_feedback,0,14,42,0.422266424,0.574946154,1,0,1,0.757702291,2.18511534,2.15700092,0,0,0,0,0
27.55,1.66271274,-0.0462293287,-69.3838874,0,-0.435719433,TurnRight,turning_right_with_feedback,0,14,42,0.422266424,0.574946154,1,0,1,0.757702291,2.18686684,2.15700092,0,0,0,0,0
27.6,1.66271274,-0.0462293287,-70.7515924,0,-0.407074287,TurnRight,turning_right_with_feedback,0,14,42,0.435717016,0.669905561,1,0,1,0.866757333,2.18855481,2.15700092,0,0,0,0,0
27.65,1.66271274,-0.0462293287,-72.0353295,0,-0.380187761,TurnRight,turning_right_with_feedback,0,14,42,0.435717016,0.669905561,1,0,1,0.866757333,2.19017298,2.15700092,0,0,0,0,0
27.7,1.66271274,-0.0462293287,-73.2379918,0,-0.35499926,TurnRight,turning_right_with_feedback,0,14,42,0.449147671,0.774153698,1,0,1,0.994122744,2.19171793,2.15700092,0,0,0,0,0
27.75,1.66271274,-0.0462293287,-74.363294,0,-0.331430986,TurnRight,turning_right_with_feedback,0,14,42,0.449147671,0.774153698,1,0,1,0.994122744,2.19318827,2.15700092,0,0,0,0,0
27.8,1.66271274,-0.0462293287,-75.4153368,0,-0.309397052,TurnRight,turning_right_with_feedback,0,14,42,0.462002754,0.886006356,1,0,1,1.14217341,2.19458404,2.15700092,0,0,0,0,0
27.85,1.66271274,-0.0462293287,-76.398344,0,-0.288808997,TurnRight,turning_right_with_feedback,0,14,42,0.462002754,0.886006356,1,0,1,1.14217341,2.19590626,2.15700092,0,0,0,0,0
27.9,1.66271274,-0.0462293287,-77.3165052,0,-0.269579074,TurnRight,turning_right_with_feedback,0,14,42,0.474485844,1.01882635,1,0,1,1.31396103,2.19715665,2.15700092,0,0,0,0,0
27.95,1.66271274,-0.0462293287,-78.1738856,0,-0.251622142,TurnRight,turning_right_with_feedback,0,14,42,0.474485844,1.01882635,1,0,1,1.31396103,2.1983374,2.15700092,0,0,0,0,0
28,1.66271274,-0.0462293287,-78.9743759,0,-0.234856711,TurnRight,turning_right_with_feedback,0,14,42,0.486442059,1.1677299,1,0,1,1.51322234,2.19945101,2.15700092,0,0,0,0,0
28.05,1.66271274,-0.0462293287,-79.7216682,0,-0.219205459,TurnRight,turning_right_with_feedback,0,14,42,0.486442059,1.1677299,1,0,1,1.51322234,2.20050019,2.15700092,0,0,0,0,0
28.1,1.66271274,-0.0462293287,-80.4192459,0,-0.204595425,TurnRight,turning_right_with_feedback,0,14,42,0.497762829,1.35092165,1,0,1,1.74445605,2.20148775,2.15700092,0,0,0,0,0
28.15,1.66271274,-0.0462293287,-81.070384,0,-0.19095802,TurnRight,turning_right_with_feedback,0,14,42,0.497762829,1.35092165,1,0,1,1.74445605,2.20241657,2.15700092,0,0,0,0,0
28.2,1.66271274,-0.0462293287,-81.678154,0,-0.178228916,TurnRight,turning_right_with_feedback,0,14,42,0.508376658,1.58665073,1,0,1,2.01305318,2.20328951,2.15700092,0,0,0,0,0
28.25,1.66271274,-0.0462293287,-82.2454315,0,-0.166347883,TurnRight,turning_right_with_feedback,0,14,42,0.508376658,1.58665073,1,0,1,2.01305318,2.20410941,2.15700092,0,0,0,0,0
28.3,1.66271274,-0.0462293287,-82.7749066,0,-0.155258583,TurnRight,turning_right_with_feedback,0,14,42,0.518242121,1.74904699,1,0,1,2.32548094,2.20487907,2.15700092,0,0,0,0,0
28.35,1.66271274,-0.0462293287,-83.2690933,0,-0.14490836,TurnRight,turning_right_with_feedback,0,14,42,0.518242121,1.74904699,1,0,1,2.32548094,2.20560121,2.15700092,0,0,0,0,0
28.4,1.66271274,-0.0462293287,-83.7303405,0,-0.135248021,TurnRight,turning_right_with_feedback,0,14,42,0.527342379,2.07773689,1,0,1,2.40277696,2.20627844,2.15700092,0,0,0,0,0
28.45,1.66271274,-0.0462293287,-84.1608418,0,-0.126231623,TurnRight,turning_right_with_feedback,0,14,42,0.527342379,2.07773689,1,0,1,2.40277696,2.20691331,2.15700092,0,0,0,0,0
28.5,1.66271274,-0.0462293287,-84.5626455,0,-0.117816267,TurnRight,turning_right_with_feedback,0,14,42,0.535680234,2.2140384,1,0,1,2.36849546,2.20750825,2.15700092,0,0,0,0,0
28.55,1.66271274,-0.0462293287,-84.9376638,0,-0.109961902,TurnRight,turning_right_with_feedback,0,14,42,0.535680234,2.2140384,1,0,1,2.36849546,2.20806558,2.15700092,0,0,0,0,0
28.6,1.66271274,-0.0462293287,-85.2876818,0,-0.102631142,TurnRight,turning_right_with_feedback,0,14,42,0.527997136,2.21261795,1,0,1,2.37031651,2.20858752,2.15700092,0,0,0,0,0
28.65,1.66271274,-0.0462293287,-85.6143659,0,-0.0957890868,TurnRight,turning_right_with_feedback,0,14,42,0.527997136,2.21261795,1,0,1,2.37031651,2.20907619,2.15700092,0,0,0,0,0
28.7,1.66271274,-0.0462293287,-85.9192714,0,-0.0894031607,TurnRight,turning_right_with_feedback,0,14,42,0.518674195,2.21168019,1,0,1,2.39190388,2.2095336,2.15700092,0,0,0,0,0
28.75,1.66271274,-0.0462293287,-86.2038501,0,-0.0834429581,TurnRight,turning_right_with_feedback,0,14,42,0.518674195,2.21168019,1,0,1,2.39190388,2.20996164,2.15700092,0,0,0,0,0
28.8,1.66271274,-0.0462293287,-86.469457,0,-0.0778800993,TurnRight,turning_right_with_feedback,0,14,42,0.510876238,2.21109123,1,0,1,2.37167168,2.21036212,2.15700092,0,0,0,0,0
28.85,1.66271274,-0.0462293287,-86.7173569,0,-0.0726880959,TurnRight,turning_right_with_feedback,0,14,42,0.510876238,2.21109123,1,0,1,2.37167168,2.21073674,2.15700092,0,0,0,0,0
28.9,1.66271274,-0.0462293287,-86.9487302,0,-0.0678422248,TurnRight,turning_right_with_feedback,0,14,42,0.504313469,2.2107522,1,0,1,2.29335713,2.21108712,2.15700092,0,0,0,0,0
28.95,1.66271274,-0.0462293287,-87.1646787,0,-0.0633194111,TurnRight,turning_right_with_feedback,0,14,42,0.504313469,2.2107522,1,0,1,2.29335713,2.21141476,2.15700092,0,0,0,0,0
29,1.66271274,-0.0462293287,-87.3662306,0,0,FindWall,right_heading_reached,0,14,42,0.498760998,2.21058971,1,0,1,2.38892436,2.21172111,2.15700092,0,0,0,0,0
29.05,1.66271274,-0.0462293287,-87.4838026,0.05,-0.0566356967,FindWall,finding_near_right_wall,0,14,42,0.498760998,2.21058971,1,0,1,2.38892436,2.21190005,2.15700092,0,0,0,0,0
29.1,1.66275723,-0.0472700446,-87.6199901,0.05,-0.053783392,FindWall,finding_near_right_wall,0,14,42,0.495568573,2.209499,1,0,1,2.3195281,2.21106683,2.15700092,0,0,0,0,0
29.15,1.66282366,-0.048918012,-87.763632,0.05,-0.0507749627,FindWall,finding_near_right_wall,0,14,42,0.495568573,2.209499,1,0,1,2.3195281,2.20963797,2.15700092,0,0,0,0,0
29.2,1.66289932,-0.0509203444,-87.9080312,0.05,-0.0477506716,FindWall,finding_near_right_wall,0,14,42,0.492300183,2.20579157,1,0,1,2.32863498,2.20785616,2.15700092,0,0,0,0,0
29.25,1.66297729,-0.0531294965,-88.0492623,0.05,-0.044792735,FindWall,finding_near_right_wall,0,14,42,0.492300183,2.20579157,1,0,1,2.32863498,2.20586295,2.15700092,0,0,0,0,0
29.3,1.66305388,-0.055459379,-88.1851145,0.05,-0.0419474536,FindWall,finding_near_right_wall,0,14,42,0.489292502,2.20123669,1,0,1,2.38611412,2.20374101,2.15700092,0,0,0,0,0
29.35,1.66312723,-0.0578597576,-88.3144327,0.05,-0.0392390198,FindWall,finding_near_right_wall,0,14,42,0.489292502,2.20123669,1,0,1,2.38611412,2.2015388,2.15700092,0,0,0,0,0
29.4,1.66319647,-0.0603013171,-88.4367064,0.05,-0.0366781246,FindWall,finding_near_right_wall,0,14,42,0.486639291,2.19642115,1,0,1,2.38621497,2.1992848,2.15700092,0,0,0,0,0
29.45,1.66326129,-0.0627669477,-88.5518141,0.05,-0.0342673159,FindWall,finding_near_right_wall,0,14,42,0.486639291,2.19642115,1,0,1,2.38621497,2.1969959,2.15700092,0,0,0,0,0
29.5,1.66332164,-0.0652466614,-88.6598638,0.05,-0.032004328,FindWall,finding_near_right_wall,0,14,42,0.48434028,2.19153462,1,0,1,2.35631895,2.19468223,2.15700092,0,0,0,0,0
29.55,1.66337764,-0.0677346258,-88.7610951,0.05,-0.0298841435,FindWall,finding_near_right_wall,0,14,42,0.48434028,2.19153462,1,0,1,2.35631895,2.19234996,2.15700092,0,0,0,0,0
29.6,1.66342949,-0.0702274335,-88.8558183,0.05,-0.0279002656,FindWall,finding_near_right_wall,0,14,42,0.482362866,2.18663403,1,0,1,2.33581877,2.19000295,2.15700092,0,0,0,0,0
29.65,1.6634774,-0.0727230926,-88.944377,0.05,-0.0260454968,FindWall,finding_near_right_wall,0,14,42,0.482362866,2.18663403,1,0,1,2.33581877,2.1876437,2.15700092,0,0,0,0,0
29.7,1.66352162,-0.0752204374,-89.0271258,0.05,-0.024312411,FindWall,finding_near_right_wall,0,14,42,0.480666667,2.18173487,1,0,1,2.32301116,2.18527391,2.15700092,0,0,0,0,0
29.75,1.66356236,-0.0777187846,-89.1044167,0.05,-0.022693634,FindWall,finding_near_right_wall,0,14,42,0.480666667,2.18173487,1,0,1,2.32301116,2.18289477,2.15700092,0,0,0,0,0
29.8,1.66359985,-0.0802177331,-89.1765916,0.05,-0.0211820065,FindWall,finding_near_right_wall,0,14,42,0.479212493,2.17683905,1,0,1,2.31652641,2.1805072,2.15700092,0,0,0,0,0
29.85,1.6636343,-0.0827170463,-89.2439777,0.05,-0.0197706737,FindWall,finding_near_right_wall,0,14,42,0.479212493,2.17683905,1,0,1,2.31652641,2.17811193,2.15700092,0,0,0,0,0
29.9,1.66366591,-0.0852165843,-89.3068859,0.05,-0.0184531294,FindWall,finding_near_right_wall,0,14,42,0.477965325,2.17194585,1,0,1,2.31527257,2.17570958,2.15700092,0,0,0,0,0
29.95,1.66369487,-0.0877162636,-89.365609,0.05,-0.0172232336,FindWall,finding_near_right_wall,0,14,42,0.477965325,2.17194585,1,0,1,2.31527257,2.17330066,2.15700092,0,0,0,0,0
30,1.66372135,-0.0902160341,-89.420423,0.05,-0.0160752136,FindWall,finding_near_right_wall,0,14,42,0.476894736,2.16705336,1,0,1,2.31837869,2.17088564,2.15700092,0,0,0,0,0
30.05,1.66374552,-0.0927158652,-89.4715861,0.05,-0.0150036549,FindWall,finding_near_right_wall,0,14,42,0.476894736,2.16705336,1,0,1,2.31837869,2.16846495,2.15700092,0,0,0,0,0
30.1,1.66376754,-0.095215738,-89.5193406,0.05,-0.0140034876,FindWall,finding_near_right_wall,0,14,42,0.475974679,2.16216135,1,0,1,2.32514381,2.16603898,2.15700092,0,0,0,0,0
30.15,1.66378754,-0.0977156403,-89.5639128,0.05,-0.0130699695,FindWall,finding_near_right_wall,0,14,42,0.475974679,2.16216135,1,0,1,2.32514381,2.16360807,2.15700092,0,0,0,0,0
30.2,1.66380566,-0.100215564,-89.6055144,0.05,-0.012198668,FindWall,finding_near_right_wall,0,14,42,0.475182861,2.1572691,1,0,1,2.33500028,2.16117257,2.15700092,0,0,0,0,0
30.25,1.66382202,-0.102715505,-89.6443431,0.05,-0.0113854421,FindWall,finding_near_right_wall,0,14,42,0.475182861,2.1572691,1,0,1,2.33500028,2.15873277,2.15700092,0,0,0,0,0
30.3,1.66383675,-0.105215458,-89.6805835,0.05,-0.0106264243,FindWall,finding_near_right_wall,0,14,42,0.474500209,2.15237637,1,0,1,2.3474834,2.15628897,2.15628897,0,0,0,0,0
30.35,1.66384995,-0.107715421,-89.7144081,0.05,-0.00991800332,FindWall,finding_near_right_wall,0,14,42,0.474500209,2.15237637,1,0,1,2.3474834,2.15384143,2.15384143,0,0,0,0,0
30.4,1.66386172,-0.110215392,-89.7459779,0.05,-0.00925680765,FindWall,finding_near_right_wall,0,14,42,0.473910451,2.14748365,1,0,1,2.36220932,2.1513904,2.1513904,0,0,0,0,0
30.45,1.66387216,-0.112715369,-89.7754431,0.05,-0.00863968999,FindWall,finding_near_right_wall,0,14,42,0.473910451,2.14748365,1,0,1,2.36220932,2.14893611,2.14893611,0,0,0,0,0
30.5,1.66388136,-0.115215352,-89.802944,0.05,-0.00806371243,FindWall,finding_near_right_wall,0,14,42,0.473399609,2.14259116,1,0,1,2.37885928,2.14647878,2.14647878,0,0,0,0,0
30.55,1.6638894,-0.117715339,-89.8286115,0.05,-0.00752613271,FindWall,finding_near_right_wall,0,14,42,0.473399609,2.14259116,1,0,1,2.37885928,2.14401861,2.14401861,0,0,0,0,0
30.6,1.66389635,-0.120215329,-89.8525679,0.05,-0.00702439123,FindWall,finding_near_right_wall,0,14,42,0.472955734,2.13769986,1,0,1,2.39716554,2.14155578,2.14155578,0,0,0,0,0
30.65,1.6639023,-0.122715322,-89.8749272,0.05,-0.00655609891,FindWall,finding_near_right_wall,0,14,42,0.472955734,2.13769986,1,0,1,2.39716554,2.13909049,2.13909049,0,0,0,0,0
30.7,1.6639073,-0.125215317,-89.8957959,0.05,-0.00611902592,FindWall,finding_near_right_wall,0,14,42,0.472568423,2.13280975,1,0,1,2.39965391,2.13662288,2.13662288,0,0,0,0,0
30.75,1.66391142,-0.127715314,-89.9152734,0.05,-0.00571109103,FindWall,finding_near_right_wall,0,14,42,0.472568423,2.13280975,1,0,1,2.39965391,2.13415312,2.13415312,0,0,0,0,0
30.8,1.66391472,-0.130215311,-89.9334523,0.05,-0.00533035174,FindWall,finding_near_right_wall,0,14,42,0.472228855,2.12792179,1,0,1,2.35953426,2.13168134,2.13168134,0,0,0,0,0
30.85,1.66391726,-0.13271531,-89.9504194,0.05,-0.00497499502,FindWall,finding_near_right_wall,0,14,42,0.472228855,2.12792179,1,0,1,2.35953426,2.12920769,2.12920769,0,0,0,0,0
30.9,1.66391907,-0.135215309,-89.9662553,0.05,-0.00464332873,FindWall,finding_near_right_wall,0,14,42,0.471929342,2.12285705,1,0,1,2.31649232,2.12673228,2.12673228,0,0,0,0,0
30.95,1.66392022,-0.137715309,-89.9810354,0.05,-0.0043337735,FindWall,finding_near_right_wall,0,14,42,0.471929342,2.12285705,1,0,1,2.31649232,2.12425523,2.12425523,0,0,0,0,0
31,1.66392075,-0.140215309,-89.9948303,0.05,-0.00404485529,FindWall,finding_near_right_wall,0,14,42,0.471663266,2.11780064,1,0,1,2.3050909,2.12177666,2.12177666,0,0,0,0,0
31.05,1.6639207,-0.142715309,-90.0077054,0.05,-0.00377519828,FindWall,finding_near_right_wall,0,14,42,0.471663266,2.11780064,1,0,1,2.3050909,2.11927272,2.11927272,0,0,0,0,0
31.1,1.6639201,-0.145215309,-90.0197223,0.05,-0.0035235184,FindWall,finding_near_right_wall,0,14,42,0.471424937,2.11275949,1,0,1,2.32754016,2.11675406,2.11675406,0,0,0,0,0
31.15,1.66391899,-0.147715309,-90.030938,0.05,-0.00328861718,FindWall,finding_near_right_wall,0,14,42,0.471424937,2.11275949,1,0,1,2.32754016,2.11423664,2.11423664,0,0,0,0,0
31.2,1.66391741,-0.150215308,-90.041406,0.05,-0.00306937603,FindWall,finding_near_right_wall,0,14,42,0.471209377,2.10773263,1,0,1,2.35061431,2.11172038,2.11172038,0,0,0,0,0
31.25,1.66391539,-0.152715307,-90.0511761,0.05,-0.00286475097,FindWall,finding_near_right_wall,0,14,42,0.471209377,2.10773263,1,0,1,2.35061431,2.10920521,2.10920521,0,0,0,0,0
31.3,1.66391296,-0.155215306,-90.0602949,0.05,-0.00267376757,FindWall,finding_near_right_wall,0,14,42,0.471012354,2.10271911,1,0,1,2.37423587,2.10669106,2.10669106,0,0,0,0,0
31.35,1.66391015,-0.157715305,-90.0688057,0.05,-0.0024955164,FindWall,finding_near_right_wall,0,14,42,0.471012354,2.10271911,1,0,1,2.37423587,2.10417784,2.10417784,0,0,0,0,0
31.4,1.66390697,-0.160215303,-90.0767492,0.05,-0.00232914864,FindWall,finding_near_right_wall,0,14,42,0.470830202,2.09771869,1,0,1,2.39833832,2.10166551,2.10166551,0,0,0,0,0
31.45,1.66390346,-0.1627153,-90.0841631,0.05,-0.00217387206,FindWall,finding_near_right_wall,0,14,42,0.470830202,2.09771869,1,0,1,2.39833832,2.09915401,2.09915401,0,0,0,0,0
31.5,1.66389964,-0.165215297,-90.0910828,0.05,-0.00202894726,FindWall,finding_near_right_wall,0,14,42,0.470659703,2.09273042,1,0,1,2.37874579,2.09664327,2.09664327,0,0,0,0,0
31.55,1.66389552,-0.167715294,-90.0975411,0.05,-0.00189368411,FindWall,finding_near_right_wall,0,14,42,0.470659703,2.09273042,1,0,1,2.37874579,2.09413325,2.09413325,0,0,0,0,0
31.6,1.66389113,-0.17021529,-90.1035689,0.05,-0.0017674385,FindWall,finding_near_right_wall,0,14,42,0.470498174,2.08775407,1,0,1,2.31482124,2.09162389,2.09162389,0,0,0,0,0
31.65,1.66388649,-0.172715286,-90.1091948,0.05,-0.00164960927,FindWall,finding_near_right_wall,0,14,42,0.470498174,2.08775407,1,0,1,2.31482124,2.08911517,2.08911517,0,0,0,0,0
31.7,1.66388161,-0.175215281,-90.1144457,0.05,-0.00153963532,FindWall,finding_near_right_wall,0,14,42,0.470343232,2.08278916,1,0,1,2.31427789,2.08660702,2.08660702,0,0,0,0,0
31.75,1.66387651,-0.177715276,-90.1193465,0.05,-0.00143699296,FindWall,finding_near_right_wall,0,14,42,0.470343232,2.08278916,1,0,1,2.31427789,2.08409942,2.08409942,0,0,0,0,0
31.8,1.6638712,-0.18021527,-90.1239206,0.05,-0.00134119343,FindWall,finding_near_right_wall,0,14,42,0.47019285,2.07783496,1,0,1,2.33858037,2.08159233,2.08159233,0,0,0,0,0
31.85,1.6638657,-0.182715264,-90.1281898,0.05,-0.00125178054,FindWall,finding_near_right_wall,0,14,42,0.47019285,2.07783496,1,0,1,2.33858037,2.07908571,2.07908571,0,0,0,0,0
31.9,1.66386002,-0.185215258,-90.1321743,0.05,-0.0011683285,FindWall,finding_near_right_wall,0,14,42,0.470045358,2.07289125,1,0,1,2.36310554,2.07657953,2.07657953,0,0,0,0,0
31.95,1.66385418,-0.187715251,-90.1358932,0.05,-0.00109043993,FindWall,finding_near_right_wall,0,14,42,0.470045358,2.07289125,1,0,1,2.36310554,2.07407377,2.07407377,0,0,0,0,0
32,1.66384817,-0.190215244,-90.1393642,0.05,-0.00101774394,FindWall,finding_near_right_wall,0,14,42,0.469899207,2.06795754,1,0,1,2.38782716,2.07156839,2.07156839,0,0,0,0,0
32.05,1.66384202,-0.192715236,-90.1426038,0.05,-0.000949894342,FindWall,finding_near_right_wall,0,14,42,0.469899207,2.06795754,1,0,1,2.38782716,2.06906337,2.06906337,0,0,0,0,0
32.1,1.66383573,-0.195215228,-90.1456274,0.05,-0.000886568053,FindWall,finding_near_right_wall,0,14,42,0.469753206,2.0630336,1,0,1,2.41188741,2.06655869,2.06655869,0,0,0,0,0
32.15,1.66382931,-0.19771522,-90.1484494,0.05,-0.000827463516,FindWall,finding_near_right_wall,0,14,42,0.469753206,2.0630336,1,0,1,2.41188741,2.06405432,2.06405432,0,0,0,0,0
32.2,1.66382278,-0.200215211,-90.1510833,0.05,-0.000772299282,FindWall,finding_near_right_wall,0,14,42,0.46960631,2.0581192,1,0,1,2.32752919,2.06155024,2.06155024,0,0,0,0,0
32.25,1.66381613,-0.202715202,-90.1535416,0.05,-0.000720812663,FindWall,finding_near_right_wall,0,14,42,0.46960631,2.0581192,1,0,1,2.32752919,2.05904643,2.05904643,0,0,0,0,0
32.3,1.66380938,-0.205215193,-90.155836,0.05,-0.000672758485,FindWall,finding_near_right_wall,0,14,42,0.469457597,2.05321361,1,0,1,2.32064724,2.05654288,2.05654288,0,0,0,0,0
32.35,1.66380254,-0.207715184,-90.1579775,0.05,-0.00062790792,FindWall,finding_near_right_wall,0,14,42,0.469457597,2.05321361,1,0,1,2.32064724,2.05403957,2.05403957,0,0,0,0,0
32.4,1.6637956,-0.210215174,-90.1599762,0.05,-0.000586047392,FindWall,finding_near_right_wall,0,14,42,0.469306409,2.04822772,1,0,1,2.34435558,2.05153648,2.05153648,0,0,0,0,0
32.45,1.66378858,-0.212715165,-90.1618416,0.05,-0.000546977566,FindWall,finding_near_right_wall,0,14,42,0.469306409,2.04822772,1,0,1,2.34435558,2.04903359,2.04903359,0,0,0,0,0
32.5,1.66378148,-0.215215154,-90.1635827,0.05,-0.000510512395,FindWall,finding_near_right_wall,0,14,42,0.469152153,2.04314511,1,0,1,2.36814356,2.0465309,2.0465309,0,0,0,0,0
32.55,1.66377431,-0.217715144,-90.1652077,0.05,-0.000476478235,FindWall,finding_near_right_wall,0,14,42,0.469152153,2.04314511,1,0,1,2.36814356,2.04402839,2.04402839,0,0,0,0,0
32.6,1.66376707,-0.220215134,-90.1667244,0.05,-0.000444713019,FindWall,finding_near_right_wall,0,14,42,0.468994319,2.03807061,1,0,1,2.39200115,2.04152605,2.04152605,0,0,0,0,0
32.65,1.66375976,-0.222715123,-90.16814,0.05,-0.000415065485,FindWall,finding_near_right_wall,0,14,42,0.468994319,2.03807061,1,0,1,2.39200115,2.03902386,2.03902386,0,0,0,0,0
32.7,1.6637524,-0.225215112,-90.1694612,0.05,-0.000387394452,FindWall,finding_near_right_wall,0,14,42,0.468832582,2.03300493,1,0,1,2.41591835,2.03652182,2.03652182,0,0,0,0,0
32.75,1.66374497,-0.227715101,-90.1706943,0.05,-0.000361568155,FindWall,finding_near_right_wall,0,14,42,0.468832582,2.03300493,1,0,1,2.41591835,2.03401992,2.03401992,0,0,0,0,0
32.8,1.6637375,-0.23021509,-90.1718452,0.05,-0.000337463612,FindWall,finding_near_right_wall,0,14,42,0.468666643,2.02794784,1,0,1,2.31829381,2.03151815,2.03151815,0,0,0,0,0
32.85,1.66372998,-0.232715079,-90.1729194,0.05,-0.000314966038,FindWall,finding_near_right_wall,0,14,42,0.468666643,2.02794784,1,0,1,2.31829381,2.02901649,2.02901649,0,0,0,0,0
32.9,1.66372241,-0.235215067,-90.1739219,0.05,-0.000293968302,FindWall,finding_near_right_wall,0,14,42,0.468496382,2.0228998,1,0,1,2.32048321,2.02651495,2.02651495,0,0,0,0,0
32.95,1.6637148,-0.237715056,-90.1748577,0.05,-0.000274370415,FindWall,finding_near_right_wall,0,14,42,0.468496382,2.0228998,1,0,1,2.32048321,2.02401351,2.02401351,0,0,0,0,0
33,1.66370716,-0.240215044,-90.175731,0.05,-0.000256079054,FindWall,finding_near_right_wall,0,14,42,0.468321651,2.01786058,1,0,1,2.34302807,2.02151216,2.02151216,0,0,0,0,0
33.05,1.66369947,-0.242715032,-90.1765461,0.05,-0.000239007117,FindWall,finding_near_right_wall,0,14,42,0.468321651,2.01786058,1,0,1,2.34302807,2.01901091,2.01901091,0,0,0,0,0
33.1,1.66369175,-0.24521502,-90.1773069,0.05,-0.000223073309,FindWall,finding_near_right_wall,0,14,42,0.46814245,2.01283043,1,0,1,2.36561203,2.01650974,2.01650974,0,0,0,0,0
33.15,1.663684,-0.247715008,-90.178017,0.05,-0.000208201755,FindWall,finding_near_right_wall,0,14,42,0.46814245,2.01283043,1,0,1,2.36561203,2.01400865,2.01400865,0,0,0,0,0
33.2,1.66367622,-0.250214996,-90.1786797,0.05,-0.000194321638,FindWall,finding_near_right_wall,0,14,42,0.467958748,2.00780957,1,0,1,2.38823128,2.01150764,2.01150764,0,0,0,0,0
33.25,1.66366841,-0.252714984,-90.1792982,0.05,-0.000181366862,FindWall,finding_near_right_wall,0,14,42,0.467958748,2.00780957,1,0,1,2.38823128,2.00900669,2.00900669,0,0,0,0,0
33.3,1.66366057,-0.255214972,-90.1798756,0.05,-0.000169275738,FindWall,finding_near_right_wall,0,14,42,0.467770636,2.00279801,1,0,1,2.41088271,2.00650581,2.00650581,0,0,0,0,0
33.35,1.66365271,-0.257714959,-90.1804144,0.05,-0.000157990689,FindWall,finding_near_right_wall,0,14,42,0.467770636,2.00279801,1,0,1,2.41088271,2.00400498,2.00400498,0,0,0,0,0
33.4,1.66364483,-0.260214947,-90.1809173,0.05,-0.000147457976,FindWall,finding_near_right_wall,0,14,42,0.467578232,1.99779552,1,0,1,2.30316496,2.00150422,2.00150422,0,0,0,0,0
33.45,1.66363692,-0.262714934,-90.1813866,0.05,-0.000137627445,FindWall,finding_near_right_wall,0,14,42,0.467578232,1.99779552,1,0,1,2.30316496,1.9990035,1.9990035,0,0,0,0,0
33.5,1.663629,-0.265214922,-90.1818247,0.05,-0.000128452282,FindWall,finding_near_right_wall,0,14,42,0.467381716,1.99280231,1,0,1,2.32439637,1.99650283,1.99650283,0,0,0,0,0
33.55,1.66362106,-0.267714909,-90.1822336,0.05,-0.000119888796,FindWall,finding_near_right_wall,0,14,42,0.467381716,1.99280231,1,0,1,2.32439637,1.99400221,1.99400221,0,0,0,0,0
33.6,1.6636131,-0.270214896,-90.1826152,0.05,-0.00011189621,FindWall,finding_near_right_wall,0,14,42,0.467181265,1.98781841,1,0,1,2.34620667,1.99150163,1.99150163,0,0,0,0,0
33.65,1.66360512,-0.272714884,-90.1829714,0.05,-0.000104436463,FindWall,finding_near_right_wall,0,14,42,0.467181265,1.98781841,1,0,1,2.34620667,1.98900109,1.98900109,0,0,0,0,0
33.7,1.66359713,-0.275214871,-90.1833038,0.05,-9.74740317e-05,FindWall,finding_near_right_wall,0,14,42,0.466977149,1.98284357,1,0,1,2.36803913,1.98650059,1.98650059,0,0,0,0,0
33.75,1.66358912,-0.277714858,-90.1836141,0.05,-9.09757629e-05,FindWall,finding_near_right_wall,0,14,42,0.466977149,1.98284357,1,0,1,2.36803913,1.98400012,1.98400012,0,0,0,0,0
33.8,1.66358111,-0.280214845,-90.1839037,0.05,-8.4910712e-05,FindWall,finding_near_right_wall,0,14,42,0.466769576,1.9778475,1,0,1,2.3898921,1.98149969,1.98149969,0,0,0,0,0
33.85,1.66357308,-0.282714832,-90.184174,0.05,-7.92499979e-05,FindWall,finding_near_right_wall,0,14,42,0.466769576,1.9778475,1,0,1,2.3898921,1.97899928,1.97899928,0,0,0,0,0
33.9,1.66356503,-0.285214819,-90.1844262,0.05,-7.39666647e-05,FindWall,finding_near_right_wall,0,14,42,0.466558874,1.97277028,1,0,1,2.41176319,1.9764989,1.9764989,0,0,0,0,0
33.95,1.66355698,-0.287714806,-90.1846617,0.05,-6.90355537e-05,FindWall,finding_near_right_wall,0,14,42,0.466558874,1.97277028,1,0,1,2.41176319,1.97399855,1.97399855,0,0,0,0,0
34,1.66354892,-0.290214793,-90.1848814,0.05,-6.44331835e-05,FindWall,finding_near_right_wall,0,14,42,0.46634534,1.96770164,1,0,1,2.31703901,1.97149822,1.97149822,0,0,0,0,0
34.05,1.66354085,-0.29271478,-90.1850865,0.05,-6.01376379e-05,FindWall,finding_near_right_wall,0,14,42,0.46634534,1.96770164,1,0,1,2.31703901,1.96899792,1.96899792,0,0,0,0,0
34.1,1.66353277,-0.295214767,-90.1852779,0.05,-5.61284621e-05,FindWall,finding_near_right_wall,0,14,42,0.466129333,1.9626418,1,0,1,2.33778548,1.96649763,1.96649763,0,0,0,0,0
34.15,1.66352468,-0.297714754,-90.1854566,0.05,-5.23865646e-05,FindWall,finding_near_right_wall,0,14,42,0.466129333,1.9626418,1,0,1,2.33778548,1.96399737,1.96399737,0,0,0,0,0
34.2,1.66351659,-0.300214741,-90.1856234,0.05,-4.88941269e-05,FindWall,finding_near_right_wall,0,14,42,0.46591118,1.95759078,1,0,1,2.358531,1.96149712,1.96149712,0,0,0,0,0
34.25,1.66350848,-0.302714728,-90.185779,0.05,-4.56345185e-05,FindWall,finding_near_right_wall,0,14,42,0.46591118,1.95759078,1,0,1,2.358531,1.95899689,1.95899689,0,0,0,0,0
34.3,1.66350037,-0.305214715,-90.1859242,0.05,-4.25922173e-05,FindWall,finding_near_right_wall,0,14,42,0.465691239,1.95254904,1,0,1,2.37927461,1.95649668,1.95649668,0,0,0,0,0
34.35,1.66349226,-0.307714702,-90.1860598,0.05,-3.97527361e-05,FindWall,finding_near_right_wall,0,14,42,0.465691239,1.95254904,1,0,1,2.37927461,1.95399648,1.95399648,0,0,0,0,0
34.4,1.66348414,-0.310214689,-90.1861864,0.05,-3.71025537e-05,FindWall,finding_near_right_wall,0,14,42,0.465469927,1.94751635,1,0,1,2.40001488,1.9514963,1.9514963,0,0,0,0,0
34.45,1.66347601,-0.312714675,-90.1863045,0.05,-3.46290501e-05,FindWall,finding_near_right_wall,0,14,42,0.465469927,1.94751635,1,0,1,2.40001488,1.94899613,1.94899613,0,0,0,0,0
34.5,1.66346788,-0.315214662,-90.1864147,0.05,-3.23204468e-05,FindWall,finding_near_right_wall,0,14,42,0.465247601,1.94249295,1,0,1,2.42075157,1.94649597,1.94649597,0,0,0,0,0
34.55,1.66345974,-0.317714649,-90.1865176,0.05,-3.01657503e-05,FindWall,finding_near_right_wall,0,14,42,0.465247601,1.94249295,1,0,1,2.42075157,1.94399583,1.94399583,0,0,0,0,0
34.6,1.6634516,-0.320214636,-90.1866136,0.05,-2.81547003e-05,FindWall,finding_near_right_wall,0,14,42,0.46502468,1.9374786,1,0,1,2.32137918,1.94149569,1.94149569,0,0,0,0,0
34.65,1.66344346,-0.322714622,-90.1867032,0.05,-2.62777203e-05,FindWall,finding_near_right_wall,0,14,42,0.46502468,1.9374786,1,0,1,2.32137918,1.93899557,1.93899557,0,0,0,0,0
34.7,1.66343531,-0.325214609,-90.1867869,0.05,-2.45258723e-05,FindWall,finding_near_right_wall,0,14,42,0.46480155,1.93247377,1,0,1,2.34089017,1.93649545,1.93649545,0,0,0,0,0
34.75,1.66342716,-0.327714596,-90.1868649,0.05,-2.28908141e-05,FindWall,finding_near_right_wall,0,14,42,0.46480155,1.93247377,1,0,1,2.34089017,1.93399534,1.93399534,0,0,0,0,0
34.8,1.663419,-0.330214582,-90.1869378,0.05,-2.13647598e-05,FindWall,finding_near_right_wall,0,14,42,0.464578658,1.92747823,1,0,1,2.36040401,1.93149524,1.93149524,0,0,0,0,0
34.85,1.66341084,-0.332714569,-90.1870058,0.05,-1.99404425e-05,FindWall,finding_near_right_wall,0,14,42,0.464578658,1.92747823,1,0,1,2.36040401,1.92899515,1.92899515,0,0,0,0,0
34.9,1.66340268,-0.335214556,-90.1870693,0.05,-1.86110797e-05,FindWall,finding_near_right_wall,0,14,42,0.464356393,1.92249186,1,0,1,0.276302338,1.92649506,1.92649506,0,0,0,0,0
34.95,1.66339452,-0.337714543,-90.1871285,0.05,-1.7370341e-05,FindWall,finding_near_right_wall,0,14,42,0.464356393,1.92249186,1,0,1,0.276302338,1.92399499,1.92399499,0,0,0,0,0
35,1.66338635,-0.340214529,-90.1871838,0.05,-1.62123183e-05,FindWall,finding_near_right_wall,0,14,42,0.4641352,1.91751477,1,0,1,0.272704512,1.92149491,1.92149491,0,0,0,0,0
35.05,1.66337818,-0.342714516,-90.1872354,0.05,-1.51314971e-05,FindWall,finding_near_right_wall,0,14,42,0.4641352,1.91751477,1,0,1,0.272704512,1.91899485,1.91899485,0,0,0,0,0
35.1,1.66337001,-0.345214502,-90.1872836,0,0,FollowWall,right_wall_reacquired,0,14,42,0.463915467,1.91254697,1,0,1,0.271238387,1.91649479,1.91649479,0,0,0,0,0
35.15,1.66336525,-0.346672828,-90.1873117,0.05,-0.0318575799,FollowWall,following_with_distance_only,0,14,42,0.463915467,1.91254697,1,0,1,0.271238387,1.91503642,1.91503642,0,0,0,0,0
35.2,1.66335843,-0.348565177,-90.2253552,0.05,-0.0310571194,FollowWall,following_with_distance_only,0,14,42,0.463380098,1.90915684,1,0,1,0.270704746,1.91308506,1.91308506,0,0,0,0,0
35.25,1.66334888,-0.3507107,-90.284619,0.05,-0.0310571194,FollowWall,following_with_distance_only,0,14,42,0.463380098,1.90915684,1,0,1,0.270704746,1.91084766,1.91084766,0,0,0,0,0
35.3,1.66333606,-0.353003898,-90.3562613,0.05,-0.028881669,FollowWall,following_with_distance_only,0,14,42,0.461777836,1.90455373,1,0,1,0.269254446,1.90844344,1.90844344,0,0,0,0,0
35.35,1.66331968,-0.355383228,-90.4325275,0.05,-0.028881669,FollowWall,following_with_distance_only,0,14,42,0.461777836,1.90455373,1,0,1,0.269254446,1.905946,1.905946,0,0,0,0,0
35.4,1.66329966,-0.357812788,-90.5114911,0.05,-0.0265221745,FollowWall,following_with_distance_only,0,14,42,0.459888399,1.89956914,1,0,1,0.26768145,1.90339422,1.90339422,0,0,0,0,0
35.45,1.66327605,-0.360271632,-90.5892118,0.05,-0.0265221745,FollowWall,following_with_distance_only,0,14,42,0.459888399,1.89956914,1,0,1,0.26768145,1.90081515,1.90081515,0,0,0,0,0
35.5,1.66324892,-0.362747542,-90.6662073,0.05,-0.0261375904,FollowWall,following_with_distance_only,0,14,42,0.457991868,1.89448537,1,0,1,0.26742506,1.8982202,1.8982202,0,0,0,0,0
35.55,1.66321836,-0.365233389,-90.7423208,0.05,-0.0261375904,FollowWall,following_with_distance_only,0,14,42,0.457991868,1.89448537,1,0,1,0.26742506,1.89561675,1.89561675,0,0,0,0,0
35.6,1.66318444,-0.367725011,-90.8179198,0.05,-0.0259263217,FollowWall,following_with_distance_only,0,14,42,0.456119806,1.8893872,1,0,1,0.267284214,1.89300839,1.89300839,0,0,0,0,0
35.65,1.66314718,-0.370219981,-90.8929665,0.05,-0.0259263217,FollowWall,following_with_distance_only,0,14,42,0.456119806,1.8893872,1,0,1,0.267284214,1.89039761,1.89039761,0,0,0,0,0
35.7,1.66310664,-0.372716879,-90.967691,0.05,-0.0257987827,FollowWall,following_with_distance_only,0,14,42,0.454263031,1.88430058,1,0,1,0.267199188,1.88778546,1.88778546,0,0,0,0,0
35.75,1.66306282,-0.375214878,-91.0420753,0.05,-0.0257987827,FollowWall,following_with_distance_only,0,14,42,0.454263031,1.88430058,1,0,1,0.267199188,1.8851728,1.8851728,0,0,0,0,0
35.8,1.66301575,-0.377713491,-91.1162612,0.05,-0.0256894827,FollowWall,following_with_distance_only,0,14,42,0.45241487,1.87923336,1,0,1,0.267126322,1.88255989,1.88255989,0,0,0,0,0
35.85,1.66296545,-0.380212435,-91.1902009,0.05,-0.0256894827,FollowWall,following_with_distance_only,0,14,42,0.45241487,1.87923336,1,0,1,0.267126322,1.87994711,1.87994711,0,0,0,0,0
35.9,1.66291192,-0.382711541,-91.2639969,0.05,-0.0246272832,FollowWall,following_with_distance_only,0,14,42,0.450572133,1.87418782,1,0,1,0.266418189,1.87733444,1.87733444,0,0,0,0,0
35.95,1.66285519,-0.38521071,-91.3364412,0.05,-0.0246272832,FollowWall,following_with_distance_only,0,14,42,0.450572133,1.87418782,1,0,1,0.266418189,1.87472386,1.87472386,0,0,0,0,0
36,1.66279532,-0.387709884,-91.4080971,0.05,-0.0247412771,FollowWall,following_with_distance_only,0,14,42,0.44876343,1.86916716,1,0,1,0.266494185,1.87211455,1.87211455,0,0,0,0,0
36.05,1.66273234,-0.390209026,-91.4794291,0.05,-0.0247412771,FollowWall,following_with_distance_only,0,14,42,0.44876343,1.86916716,1,0,1,0.266494185,1.86950584,1.86950584,0,0,0,0,0
36.1,1.66266624,-0.392708115,-91.5505721,0.05,-0.0248347074,FollowWall,following_with_distance_only,0,14,42,0.446968824,1.86416876,1,0,1,0.266556472,1.86689752,1.86689752,0,0,0,0,0
36.15,1.66259704,-0.395207136,-91.6217165,0.05,-0.0248347074,FollowWall,following_with_distance_only,0,14,42,0.446968824,1.86416876,1,0,1,0.266556472,1.86428934,1.86428934,0,0,0,0,0
36.2,1.66252474,-0.397706077,-91.6928616,0.05,-0.0248489678,FollowWall,following_with_distance_only,0,14,42,0.445174366,1.85919119,1,0,1,0.266565979,1.8616813,1.8616813,0,0,0,0,0
36.25,1.66244933,-0.400204932,-91.7640242,0.05,-0.0248489678,FollowWall,following_with_distance_only,0,14,42,0.445174366,1.85919119,1,0,1,0.266565979,1.85907337,1.85907337,0,0,0,0,0
36.3,1.66237082,-0.402703695,-91.8351969,0.05,-0.0245682299,FollowWall,following_with_distance_only,0,14,42,0.44337824,1.85423387,1,0,1,0.26637882,1.85646559,1.85646559,0,0,0,0,0
36.35,1.66228922,-0.40520236,-91.9060406,0.05,-0.0245682299,FollowWall,following_with_distance_only,0,14,42,0.44337824,1.85423387,1,0,1,0.26637882,1.85385848,1.85385848,0,0,0,0,0
36.4,1.66220453,-0.407700924,-91.9766922,0.05,-0.024701491,FollowWall,following_with_distance_only,0,14,42,0.441589475,1.84929715,1,0,1,0.266467661,1.85125182,1.85125182,0,0,0,0,0
36.45,1.66211675,-0.410199382,-92.0473909,0.05,-0.024701491,FollowWall,following_with_distance_only,0,14,42,0.441589475,1.84929715,1,0,1,0.266467661,1.84864525,1.84864525,0,0,0,0,0
36.5,1.66202589,-0.41269773,-92.118117,0.05,-0.0247406065,FollowWall,following_with_distance_only,0,14,42,0.439801037,1.84437983,1,0,1,0.266493738,1.84603882,1.84603882,0,0,0,0,0
36.55,1.66193195,-0.415195964,-92.1889058,0.05,-0.0247406065,FollowWall,following_with_distance_only,0,14,42,0.439801037,1.84437983,1,0,1,0.266493738,1.84343247,1.84343247,0,0,0,0,0
36.6,1.66183492,-0.41769408,-92.2597312,0.05,-0.0244048834,FollowWall,following_with_distance_only,0,14,42,0.438010901,1.83948168,1,0,1,0.266269922,1.84082624,1.84082624,0,0,0,0,0
36.65,1.66173481,-0.420192075,-92.3301772,0.05,-0.0244048834,FollowWall,following_with_distance_only,0,14,42,0.438010901,1.83948168,1,0,1,0.266269922,1.83822078,1.83822078,0,0,0,0,0
36.7,1.66163164,-0.422689944,-92.4004019,0.05,-0.02445741,FollowWall,following_with_distance_only,0,14,42,0.436230153,1.83460258,1,0,1,0.26630494,1.83561584,1.83561584,0,0,0,0,0
36.75,1.6615254,-0.425187686,-92.4705602,0.05,-0.02445741,FollowWall,following_with_distance_only,0,14,42,0.436230153,1.83460258,1,0,1,0.26630494,1.8330112,1.8330112,0,0,0,0,0
36.8,1.66141611,-0.427685296,-92.5406797,0.05,-0.0242037177,FollowWall,following_with_distance_only,0,14,42,0.434453905,1.8297417,1,0,1,0.266135812,1.8304068,1.8304068,0,0,0,0,0
36.85,1.66130376,-0.430182771,-92.6104739,0.05,-0.0242037177,FollowWall,following_with_distance_only,0,14,42,0.434453905,1.8297417,1,0,1,0.266135812,1.8278031,1.8278031,0,0,0,0,0
36.9,1.66118838,-0.432680107,-92.6800782,0.05,-0.0236666054,FollowWall,following_with_distance_only,0,14,42,0.432687074,1.82489867,1,0,1,0.265777737,1.8251999,1.8251999,0,0,0,0,0
36.95,1.66106999,-0.435177301,-92.7489306,0.05,-0.0236666054,FollowWall,following_with_distance_only,0,14,42,0.432687074,1.82489867,1,0,1,0.265777737,1.82259803,1.82259803,0,0,0,0,0
37,1.6609486,-0.437674353,-92.8173445,0.05,-0.0235423744,FollowWall,following_with_distance_only,0,14,42,0.430941284,1.82007291,1,0,1,0.265694916,1.81999704,1.81999704,0,0,0,0,0
37.05,1.66082423,-0.440171257,-92.8853542,0.05,-0.0235423744,FollowWall,following_with_distance_only,0,14,42,0.430941284,1.82007291,1,0,1,0.265694916,1.81739687,1.81739687,0,0,0,0,0
37.1,1.66069691,-0.442668013,-92.9531282,0.05,-0.0234433562,FollowWall,following_with_distance_only,0,14,42,0.429210812,1.81526334,1,0,1,0.265628904,1.81479726,1.81479726,0,0,0,0,0
37.15,1.66056664,-0.445164617,-93.0206464,0.05,-0.0234433562,FollowWall,following_with_distance_only,0,14,42,0.429210812,1.81526334,1,0,1,0.265628904,1.81219825,1.81219825,0,0,0,0,0
37.2,1.66043344,-0.447661066,-93.0880155,0.05,-0.023111701,FollowWall,following_with_distance_only,0,14,42,0.427490562,1.81046925,1,0,1,0.265407801,1.80959969,1.80959969,0,0,0,0,0
37.25,1.6602973,-0.450157356,-93.1549017,0.05,-0.023111701,FollowWall,following_with_distance_only,0,14,42,0.427490562,1.81046925,1,0,1,0.265407801,1.80700207,1.80700207,0,0,0,0,0
37.3,1.66015827,-0.452653487,-93.2215062,0.05,-0.0225580484,FollowWall,following_with_distance_only,0,14,42,0.425785184,1.8056898,1,0,1,0.265038699,1.80440509,1.80440509,0,0,0,0,0
37.35,1.66001634,-0.455149455,-93.2872856,0.05,-0.0225580484,FollowWall,following_with_distance_only,0,14,42,0.425785184,1.8056898,1,0,1,0.265038699,1.80180959,1.80180959,0,0,0,0,0
37.4,1.65987156,-0.45764526,-93.3525835,0.05,-0.0222789645,FollowWall,following_with_distance_only,0,14,42,0.424103737,1.80092393,1,0,1,0.264852643,1.79921503,1.79921503,0,0,0,0,0
37.45,1.65972395,-0.460140898,-93.4172675,0.05,-0.0222789645,FollowWall,following_with_distance_only,0,14,42,0.424103737,1.80092393,1,0,1,0.264852643,1.79662163,1.79662163,0,0,0,0,0
37.5,1.65957353,-0.462636369,-93.4815934,0.05,-0.0220721662,FollowWall,following_with_distance_only,0,14,42,0.4224433,1.7961708,1,0,1,0.264714777,1.79402898,1.79402898,0,0,0,0,0
37.55,1.65942032,-0.46513167,-93.5454636,0.05,-0.0220721662,FollowWall,following_with_distance_only,0,14,42,0.4224433,1.7961708,1,0,1,0.264714777,1.79143725,1.79143725,0,0,0,0,0
37.6,1.65926434,-0.467626799,-93.6090679,0.05,-0.0218549073,FollowWall,following_with_distance_only,0,14,42,0.420799226,1.79142933,1,0,1,0.264569938,1.78884615,1.78884615,0,0,0,0,0
37.65,1.65910559,-0.470121753,-93.6722578,0.05,-0.0218549073,FollowWall,following_with_distance_only,0,14,42,0.420799226,1.79142933,1,0,1,0.264569938,1.7862559,1.7862559,0,0,0,0,0
37.7,1.6589441,-0.472616532,-93.7352059,0.05,-0.0216263831,FollowWall,following_with_distance_only,0,14,42,0.419169933,1.78669906,1,0,1,0.264417589,1.78366624,1.78366624,0,0,0,0,0
37.75,1.65877987,-0.475111132,-93.7977402,0.05,-0.0216263831,FollowWall,following_with_distance_only,0,14,42,0.419169933,1.78669906,1,0,1,0.264417589,1.78107744,1.78107744,0,0,0,0,0
37.8,1.65861293,-0.477605552,-93.8600332,0.05,-0.0214057267,FollowWall,following_with_distance_only,0,14,42,0.417555183,1.7819789,1,0,1,0.264270484,1.77848923,1.77848923,0,0,0,0,0
37.85,1.65844328,-0.480099789,-93.921922,0.05,-0.0214057267,FollowWall,following_with_distance_only,0,14,42,0.417555183,1.7819789,1,0,1,0.264270484,1.77590187,1.77590187,0,0,0,0,0
37.9,1.65827095,-0.482593843,-93.983575,0.05,-0.0213083625,FollowWall,following_with_distance_only,0,14,42,0.415954888,1.77726815,1,0,1,0.264205575,1.77331509,1.77331509,0,0,0,0,0
37.95,1.65809594,-0.485087709,-94.0449742,0.05,-0.0213083625,FollowWall,following_with_distance_only,0,14,42,0.415954888,1.77726815,1,0,1,0.264205575,1.77072893,1.77072893,0,0,0,0,0
38,1.65791826,-0.487581387,-94.1062254,0.05,-0.0208667368,FollowWall,following_with_distance_only,0,14,42,0.414365679,1.77256622,1,0,1,0.263911158,1.76814324,1.76814324,0,0,0,0,0
38.05,1.65773792,-0.490074874,-94.1668631,0.05,-0.0208667368,FollowWall,following_with_distance_only,0,14,42,0.414365679,1.77256622,1,0,1,0.263911158,1.76555871,1.76555871,0,0,0,0,0
38.1,1.65755496,-0.49256817,-94.2271429,0.05,-0.0204386562,FollowWall,following_with_distance_only,0,14,42,0.41279462,1.76787166,1,0,1,0.263625771,1.76297495,1.76297495,0,0,0,0,0
38.15,1.65736938,-0.495061273,-94.286703,0.05,-0.0204386562,FollowWall,following_with_distance_only,0,14,42,0.41279462,1.76787166,1,0,1,0.263625771,1.76039252,1.76039252,0,0,0,0,0
38.2,1.65718123,-0.497554183,-94.3458432,0.05,-0.0201574266,FollowWall,following_with_distance_only,0,14,42,0.411245584,1.7631833,1,0,1,0.263438284,1.75781096,1.75781096,0,0,0,0,0
38.25,1.65699051,-0.500046898,-94.4044028,0.05,-0.0201574266,FollowWall,following_with_distance_only,0,14,42,0.411245584,1.7631833,1,0,1,0.263438284,1.75523051,1.75523051,0,0,0,0,0
38.3,1.65679726,-0.502539417,-94.4626238,0.05,-0.0199826807,FollowWall,following_with_distance_only,0,14,42,0.40971604,1.75202249,1,0,1,0.263321787,1.75265081,1.75265081,0,0,0,0,0
38.35,1.65660148,-0.505031739,-94.5204385,0.05,-0.0199826807,FollowWall,following_with_distance_only,0,14,42,0.40971604,1.75202249,1,0,1,0.263321787,1.75007196,1.75007196,0,0,0,0,0
38.4,1.65640319,-0.507523863,-94.5780164,0.05,-0.0196573734,FollowWall,following_with_distance_only,0,14,42,0.408201575,1.74711124,1,0,1,0.263104916,1.74749371,1.74749371,0,0,0,0,0
38.45,1.65620241,-0.510015787,-94.6350677,0.05,-0.0196573734,FollowWall,following_with_distance_only,0,14,42,0.408201575,1.74711124,1,0,1,0.263104916,1.74491649,1.74491649,0,0,0,0,0
38.5,1.65599915,-0.512507511,-94.691812,0.05,-0.0191496313,FollowWall,following_with_distance_only,0,14,42,0.406703681,1.72313562,1,0,1,0.262766421,1.74233997,1.74233997,0,0,0,0,0
38.55,1.65579345,-0.514999034,-94.7477709,0.05,-0.0191496313,FollowWall,following_with_distance_only,0,14,42,0.406703681,1.72313562,1,0,1,0.262766421,1.73976488,1.73976488,0,0,0,0,0
38.6,1.65558532,-0.517490355,-94.8032719,0.05,-0.0182470679,FollowWall,following_with_distance_only,0,14,42,0.405228138,1.69722912,1,0,1,0.262164712,1.73719071,1.73719071,0,0,0,0,0
38.65,1.6553748,-0.519981476,-94.8574282,0.05,-0.0182470679,FollowWall,following_with_distance_only,0,14,42,0.405228138,1.69722912,1,0,1,0.262164712,1.73461878,1.73461878,0,0,0,0,0
38.7,1.65516195,-0.522472398,-94.9108003,0.05,-0.0178346336,FollowWall,following_with_distance_only,0,14,42,0.403787285,1.67273465,1,0,1,0.261889756,1.73204827,1.73204827,0,0,0,0,0
38.75,1.6549468,-0.524963123,-94.9632225,0.05,-0.0178346336,FollowWall,following_with_distance_only,0,14,42,0.403787285,1.67273465,1,0,1,0.261889756,1.72947941,1.72947941,0,0,0,0,0
38.8,1.65472938,-0.527453651,-95.0150907,0.05,-0.0173910409,FollowWall,following_with_distance_only,0,14,42,0.40237534,1.6494316,1,0,1,0.261594027,1.72691161,1.72691161,0,0,0,0,0
38.85,1.65450973,-0.529943983,-95.0661061,0.05,-0.0173910409,FollowWall,following_with_distance_only,0,14,42,0.40237534,1.6494316,1,0,1,0.261594027,1.72434531,1.72434531,0,0,0,0,0
38.9,1.65428787,-0.532434119,-95.1166241,0.05,-0.0169168264,FollowWall,following_with_distance_only,0,14,42,0.400988281,1.62716032,1,0,1,0.261277884,1.72177999,1.72177999,0,0,0,0,0
38.95,1.65406383,-0.53492406,-95.166286,0.05,-0.0169168264,FollowWall,following_with_distance_only,0,14,42,0.400988281,1.62716032,1,0,1,0.261277884,1.71921617,1.71921617,0,0,0,0,0
39,1.65383764,-0.537413807,-95.2154484,0.05,-0.0162435919,FollowWall,following_with_distance_only,0,14,42,0.399625421,1.60585621,1,0,1,0.260829061,1.71665332,1.71665332,0,0,0,0,0
39.05,1.65360935,-0.539903361,-95.2635158,0.05,-0.0162435919,FollowWall,following_with_distance_only,0,14,42,0.399625421,1.60585621,1,0,1,0.260829061,1.71409232,1.71409232,0,0,0,0,0
39.1,1.65337898,-0.542392725,-95.3109444,0.05,-0.0155131817,FollowWall,following_with_distance_only,0,14,42,0.3982912,1.58558041,1,0,1,0.260342121,1.7115325,1.7115325,0,0,0,0,0
39.15,1.65314657,-0.544881899,-95.3571287,0.05,-0.0155131817,FollowWall,following_with_distance_only,0,14,42,0.3982912,1.58558041,1,0,1,0.260342121,1.70897474,1.70897474,0,0,0,0,0
39.2,1.65291217,-0.547370886,-95.402587,0.05,-0.0147542059,FollowWall,following_with_distance_only,0,14,42,0.396989197,1.5663716,1,0,1,0.259836137,1.70641828,1.70641828,0,0,0,0,0
39.25,1.65267583,-0.54985969,-95.4467158,0.05,-0.0147542059,FollowWall,following_with_distance_only,0,14,42,0.396989197,1.5663716,1,0,1,0.259836137,1.703864,1.703864,0,0,0,0,0
39.3,1.65243759,-0.552348312,-95.4900692,0.05,-0.0139670223,FollowWall,following_with_distance_only,0,14,42,0.395721376,1.43311074,1,0,1,0.259311348,1.70131108,1.70131108,0,0,0,0,0
39.35,1.6521975,-0.554836756,-95.5320306,0.05,-0.0139670223,FollowWall,following_with_distance_only,0,14,42,0.395721376,1.43311074,1,0,1,0.259311348,1.69876043,1.69876043,0,0,0,0,0
39.4,1.6519556,-0.557325026,-95.57318,0.05,-0.0131523013,FollowWall,following_with_distance_only,0,14,42,0.394488871,1.41801318,1,0,1,0.258768201,1.69621119,1.69621119,0,0,0,0,0
39.45,1.65171194,-0.559813124,-95.6128832,0.05,-0.0131523013,FollowWall,following_with_distance_only,0,14,42,0.394488871,1.41801318,1,0,1,0.258768201,1.69366428,1.69366428,0,0,0,0,0
39.5,1.65146658,-0.562301054,-95.6517428,0.05,-0.0123106688,FollowWall,following_with_distance_only,0,14,42,0.393292606,1.40376713,1,0,1,0.258207113,1.6911188,1.6911188,0,0,0,0,0
39.55,1.65121957,-0.564788821,-95.6891057,0.05,-0.0123106688,FollowWall,following_with_distance_only,0,14,42,0.393292606,1.40376713,1,0,1,0.258207113,1.68857573,1.68857573,0,0,0,0,0
39.6,1.65097095,-0.567276428,-95.7255955,0.05,-0.0115229487,FollowWall,following_with_distance_only,0,14,42,0.392133385,1.39035807,1,0,1,0.257681966,1.68603413,1.68603413,0,0,0,0,0
39.65,1.65072078,-0.569763879,-95.7606357,0.05,-0.0115229487,FollowWall,following_with_distance_only,0,14,42,0.392133385,1.39035807,1,0,1,0.257681966,1.68349485,1.68349485,0,0,0,0,0
39.7,1.6504691,-0.572251179,-95.7948303,0.05,-0.0109182,FollowWall,following_with_distance_only,0,14,42,0.391010076,1.37773846,1,0,1,0.2572788,1.68095699,1.68095699,0,0,0,0,0
39.75,1.65021597,-0.574738331,-95.8278098,0.05,-0.0109182,FollowWall,following_with_distance_only,0,14,42,0.391010076,1.37773846,1,0,1,0.2572788,1.67842108,1.67842108,0,0,0,0,0
39.8,1.64996142,-0.577225338,-95.8600805,0.05,-0.0100325793,FollowWall,following_with_distance_only,0,14,42,0.389917612,1.36579049,1,0,1,0.256688386,1.67588639,1.67588639,0,0,0,0,0
39.85,1.64970551,-0.579712205,-95.8908806,0.05,-0.0100325793,FollowWall,following_with_distance_only,0,14,42,0.389917612,1.36579049,1,0,1,0.256688386,1.67335402,1.67335402,0,0,0,0,0
39.9,1.64944827,-0.582198936,-95.9208228,0.05,-0.00926680863,FollowWall,following_with_distance_only,0,14,42,0.388859451,1.35456004,1,0,1,0.256177872,1.67082307,1.67082307,0,0,0,0,0
39.95,1.64918977,-0.584685535,-95.9493506,0.05,-0.00926680863,FollowWall,following_with_distance_only,0,14,42,0.388859451,1.35456004,1,0,1,0.256177872,1.66829435,1.66829435,0,0,0,0,0
40,1.64893004,-0.587172007,-95.9770532,0.05,-0.00883680582,FollowWall,following_with_distance_only,0,14,42,0.387835145,1.3440224,1,0,1,0.255891204,1.66576699,1.66576699,0,0,0,0,0
40.05,1.64866914,-0.589658356,-96.0037612,0.05,-0.00883680582,FollowWall,following_with_distance_only,0,14,42,0.387835145,1.3440224,1,0,1,0.255891204,1.66324123,1.66324123,0,0,0,0,0
40.1,1.64840709,-0.592144584,-96.029889,0.05,-0.00788395107,FollowWall,following_with_distance_only,0,14,42,0.386836261,1.33400805,1,0,1,0.255255967,1.66071646,1.66071646,0,0,0,0,0
40.15,1.64814393,-0.594630695,-96.054541,0.05,-0.00788395107,FollowWall,following_with_distance_only,0,14,42,0.386836261,1.33400805,1,0,1,0.255255967,1.65819399,1.65819399,0,0,0,0,0
40.2,1.64787973,-0.597116695,-96.0783322,0.05,-0.00688777864,FollowWall,following_with_distance_only,0,14,42,0.385869533,1.22842963,1,0,1,0.254591852,1.6556729,1.6556729,0,0,0,0,0
40.25,1.64761453,-0.599602589,-96.100432,0.05,-0.00688777864,FollowWall,following_with_distance_only,0,14,42,0.385869533,1.22842963,1,0,1,0.254591852,1.65315443,1.65315443,0,0,0,0,0
40.3,1.64734839,-0.602088383,-96.1215452,0.05,-0.00586988032,FollowWall,following_with_distance_only,0,14,42,0.384940475,1.22069447,1,0,1,0.253913254,1.65063752,1.65063752,1,0,0,0,0
40.35,1.64708138,-0.604574083,-96.1408679,0.05,-0.00586988032,FollowWall,following_with_distance_only,0,14,42,0.384940475,1.22069447,1,0,1,0.253913254,1.64812334,1.64812334,1,0,0,0,0
40.4,1.64681355,-0.607059695,-96.1591462,0.05,-0.00517652929,FollowWall,following_with_distance_only,0,14,42,0.384051442,1.21363111,1,0,1,0.25345102,1.6456108,1.6456108,1,0,0,0,0
40.45,1.64654496,-0.609545225,-96.1759875,0.05,-0.00517652929,FollowWall,following_with_distance_only,0,14,42,0.384051442,1.21363111,1,0,1,0.25345102,1.64310046,1.64310046,1,0,0,0,0
40.5,1.64627565,-0.612030677,-96.1919906,0.05,-0.0045889914,FollowWall,following_with_distance_only,0,14,42,0.383196056,1.20713065,1,0,1,0.253059328,1.64059144,1.64059144,1,0,0,0,0
40.55,1.64600568,-0.614516058,-96.2068035,0.05,-0.0045889914,FollowWall,following_with_distance_only,0,14,42,0.383196056,1.20713065,1,0,1,0.253059328,1.63808424,1.63808424,1,0,0,0,0
40.6,1.64573508,-0.61700137,-96.2209221,0.05,-0.00398236513,FollowWall,following_with_distance_only,0,14,42,0.382368058,1.20109047,1,0,1,0.25265491,1.63557814,1.63557814,1,0,0,0,0
40.65,1.64546389,-0.619486618,-96.2339115,0.05,-0.00398236513,FollowWall,following_with_distance_only,0,14,42,0.382368058,1.20109047,1,0,1,0.25265491,1.63307377,1.63307377,1,0,0,0,0
40.7,1.64519216,-0.621971806,-96.2462422,0.05,-0.0032415837,FollowWall,following_with_distance_only,0,14,42,0.381564945,1.19547009,1,0,1,0.252161056,1.63057043,1.63057043,1,0,0,0,0
40.75,1.64491991,-0.624456938,-96.2573045,0.05,-0.0032415837,FollowWall,following_with_distance_only,0,14,42,0.381564945,1.19547009,1,0,1,0.252161056,1.62806902,1.62806902,1,0,0,0,0
40.8,1.64464721,-0.62694202,-96.2676269,0.05,-0.00223508477,FollowWall,following_with_distance_only,0,14,42,0.380788565,1.19029812,1,0,1,0.251490057,1.62556874,1.62556874,1,0,0,0,0
40.85,1.64437409,-0.629427056,-96.2763162,0.05,-0.00223508477,FollowWall,following_with_distance_only,0,14,42,0.380788565,1.19029812,1,0,1,0.251490057,1.62307092,1.62307092,1,0,0,0,0
40.9,1.64410061,-0.631912053,-96.2840529,0.05,-0.00124436617,FollowWall,following_with_distance_only,0,14,42,0.380045682,1.18567871,1,0,1,0.250829577,1.62057454,1.62057454,1,0,0,0,0
40.95,1.64382683,-0.634397017,-96.2900513,0.05,-0.00124436617,FollowWall,following_with_distance_only,0,14,42,0.380045682,1.18567871,1,0,1,0.250829577,1.61808075,1.61808075,1,0,0,0,0
41,1.64355282,-0.636881955,-96.2950358,0.05,-0.000739976764,FollowWall,following_with_distance_only,0,14,42,0.379339367,1.18165794,1,0,1,0.250493318,1.61558848,1.61558848,1,0,0,0,0
41.05,1.64327862,-0.639366872,-96.2988266,0.05,-0.000739976764,FollowWall,following_with_distance_only,0,14,42,0.379339367,1.18165794,1,0,1,0.250493318,1.61309798,1.61309798,1,0,0,0,0
41.1,1.64300427,-0.641851773,-96.3019213,0.05,-0.000222891569,FollowWall,following_with_distance_only,0,14,42,0.378660142,1.17808725,1,0,1,0.250148594,1.61060853,1.61060853,1,0,0,0,0
41.15,1.6427298,-0.644336661,-96.3039925,0.05,-0.000222891569,FollowWall,following_with_distance_only,0,14,42,0.378660142,1.17808725,1,0,1,0.250148594,1.6081206,1.6081206,1,0,0,0,0
41.2,1.64245526,-0.646821541,-96.3054668,0.07139563,0.12906555,FollowWall,following_right_wall,0,14,42,0.378002465,1.17488363,1,1,1,0.249458775,1.60563355,1.60563355,1,0,0,0,0
41.25,1.64213565,-0.649749893,-96.1522662,0.07139563,0.12906555,FollowWall,following_right_wall,0,14,42,0.378002465,1.17488363,1,1,1,0.249458775,1.60293074,1.60293074,1,0,0,0,0
41.3,1.64179886,-0.652937911,-95.9088385,0.0718957738,0.121563393,FollowWall,following_right_wall,0,14,42,0.379992723,1.21502148,1,1,1,0.248747751,1.60010179,1.60010179,1,0,0,0,0
41.35,1.64146054,-0.65628873,-95.6217334,0.0718957738,0.121563393,FollowWall,following_right_wall,0,14,42,0.379992723,1.21502148,1,1,1,0.248747751,1.59717556,1.59717556,1,0,0,0,0
41.4,1.64113076,-0.6597354,-95.3091498,0.0726512328,0.110231508,FollowWall,following_right_wall,0,14,42,0.383491367,1.38973315,1,1,1,0.247626543,1.59419249,1.59419249,1,0,0,0,0
41.45,1.64081347,-0.663254431,-94.9952302,0.0726512328,0.110231508,FollowWall,following_right_wall,0,14,42,0.383491367,1.38973315,1,1,1,0.247626543,1.59114042,1.59114042,1,0,0,0,0
41.5,1.64051199,-0.666816358,-94.6805312,0.073459062,0.0981140704,FollowWall,following_right_wall,0,14,42,0.387412429,1.59287274,1,1,1,0.24674809,1.58804798,1.58804798,1,0,0,0,0
41.55,1.64022642,-0.67042068,-94.3798418,0.073459062,0.0981140704,FollowWall,following_right_wall,0,14,42,0.387412429,1.59287274,1,1,1,0.24674809,1.58489352,1.58489352,1,0,0,0,0
41.6,1.63995774,-0.674050256,-94.0873246,0.0741956311,0.0870655342,FollowWall,following_right_wall,0,14,42,0.391307384,1.58543884,1,1,1,0.245677486,1.58170276,1.58170276,1,0,0,0,0
41.65,1.63970501,-0.677710329,-93.8127627,0.0741956311,0.0870655342,FollowWall,following_right_wall,0,14,42,0.391307384,1.58543884,1,1,1,0.245677486,1.57845562,1.57845562,1,0,0,0,0
41.7,1.63946839,-0.681388595,-93.5486748,0.0748435669,0.0773464971,FollowWall,following_right_wall,0,14,42,0.395004481,1.57740144,1,1,1,0.244566917,1.57517548,1.57517548,1,0,0,0,0
41.75,1.63924675,-0.685091299,-93.302298,0.0748435669,0.0773464971,FollowWall,following_right_wall,0,14,42,0.395004481,1.57740144,1,1,1,0.244566917,1.57184504,1.57184504,1,0,0,0,0
41.8,1.63903995,-0.688808568,-93.0662526,0.0754193619,0.068709572,FollowWall,following_right_wall,0,14,42,0.398450881,1.56946779,1,1,1,0.243715197,1.56848517,1.56848517,1,0,0,0,0
41.85,1.6388469,-0.692546583,-92.8465434,0.0754193619,0.068709572,FollowWall,following_right_wall,0,14,42,0.398450881,1.56946779,1,1,1,0.243715197,1.56508046,1.56508046,1,0,0,0,0
41.9,1.63866732,-0.696296938,-92.6363637,0.0759226917,0.0611596239,FollowWall,following_right_wall,0,14,42,0.401636511,1.56161086,1,1,1,0.24293372,1.56164955,1.56164955,1,0,0,0,0
41.95,1.63850025,-0.700065172,-92.4407549,0.0759226917,0.0611596239,FollowWall,following_right_wall,0,14,42,0.401636511,1.56161086,1,1,1,0.24293372,1.55817912,1.55817912,1,0,0,0,0
42,1.63834536,-0.703844018,-92.2536459,0.0763537964,0.0546930543,FollowWall,following_right_wall,0,14,42,0.404569983,1.5538073,1,1,1,0.242105588,1.55468559,1.55468559,1,0,0,0,0
42.05,1.63820183,-0.707638186,-92.079214,0.0763537964,0.0546930543,FollowWall,following_right_wall,0,14,42,0.404569983,1.5538073,1,1,1,0.242105588,1.55115781,1.55115781,1,0,0,0,0
42.1,1.6380693,-0.711441429,-91.912177,0.0767859085,0.0482113732,FollowWall,following_right_wall,0,14,42,0.40727064,1.54604091,1,1,1,0.241971686,1.54761002,1.54761002,1,0,0,0,0
42.15,1.63794702,-0.715259083,-91.7571906,0.0767859085,0.0482113732,FollowWall,following_right_wall,0,14,42,0.40727064,1.54604091,1,1,1,0.241971686,1.54402969,1.54402969,1,0,0,0,0
42.2,1.63783458,-0.719085244,-91.6092338,0.0771445058,0.0428324137,FollowWall,following_right_wall,0,14,42,0.409735292,1.53829644,1,1,1,0.241566554,1.54043038,1.54043038,1,0,0,0,0
42.25,1.63773134,-0.722923925,-91.4717983,0.0771445058,0.0428324137,FollowWall,following_right_wall,0,14,42,0.409735292,1.53829644,1,1,1,0.241566554,1.53680266,1.53680266,1,0,0,0,0
42.3,1.63763694,-0.726769983,-91.3405001,0.0774599591,0.0381006129,FollowWall,following_right_wall,0,14,42,0.411978334,1.5305653,1,1,1,0.241228029,1.53315835,1.53315835,1,0,0,0,0
42.35,1.63755079,-0.73062698,-91.2184303,0.0774599591,0.0381006129,FollowWall,following_right_wall,0,14,42,0.411978334,1.5305653,1,1,1,0.241228029,1.52948911,1.52948911,1,0,0,0,0
42.4,1.63747256,-0.734490413,-91.1017436,0.0777382475,0.0339262873,FollowWall,following_right_wall,0,14,42,0.414017707,1.52284251,1,1,1,0.240926743,1.52580533,1.52580533,1,0,0,0,0
42.45,1.63740174,-0.738363444,-90.9931799,0.0777382475,0.0339262873,FollowWall,following_right_wall,0,14,42,0.414017707,1.52284251,1,1,1,0.240926743,1.52209959,1.52209959,1,0,0,0,0
42.5,1.63733802,-0.742242113,-90.8893545,0.0780031202,0.0299531964,FollowWall,following_right_wall,0,14,42,0.415869415,1.51512532,1,1,1,0.240852252,1.51838105,1.51838105,1,0,0,0,0
42.55,1.63728094,-0.746129622,-90.7930357,0.0780031202,0.0299531964,FollowWall,following_right_wall,0,14,42,0.415869415,1.51512532,1,1,1,0.240852252,1.5146422,1.5146422,1,0,0,0,0
42.6,1.63723018,-0.750022313,-90.7010957,0.0782376633,0.0264350502,FollowWall,following_right_wall,0,14,42,0.417539686,1.50741074,1,1,1,0.240785792,1.51089152,1.51089152,1,0,0,0,0
42.65,1.63718535,-0.753922937,-90.6159096,0.0782376633,0.0264350502,FollowWall,following_right_wall,0,14,42,0.417539686,1.50741074,1,1,1,0.240785792,1.50712256,1.50712256,1,0,0,0,0
42.7,1.63714613,-0.757828205,-90.5346631,0.0784421978,0.0233670331,FollowWall,following_right_wall,0,14,42,0.419037491,1.49969736,1,1,1,0.24069421,1.50334295,1.50334295,1,0,0,0,0
42.75,1.6371122,-0.761740459,-90.459377,0.0784421978,0.0233670331,FollowWall,following_right_wall,0,14,42,0.419037491,1.49969736,1,1,1,0.24069421,1.4995472,1.4995472,1,0,0,0,0
42.8,1.63708325,-0.765656798,-90.3875678,0.0785830057,0.0212549149,FollowWall,following_right_wall,0,14,42,0.420375615,1.49198577,1,1,1,0.240195945,1.49574205,1.49574205,1,0,0,0,0
42.85,1.63705902,-0.769578462,-90.3203079,0.0785830057,0.0212549149,FollowWall,following_right_wall,0,14,42,0.420375615,1.49198577,1,1,1,0.240195945,1.49192459,1.49192459,1,0,0,0,0
42.9,1.6370393,-0.77350324,-90.2557018,0.0787360059,0.0189599122,FollowWall,following_right_wall,0,14,42,0.421584576,1.48428036,1,1,1,0.240005448,1.48809995,1.48809995,1,0,0,0,0
42.95,1.63702383,-0.777433026,-90.1953831,0.0787360059,0.0189599122,FollowWall,following_right_wall,0,14,42,0.421584576,1.48428036,1,1,1,0.240005448,1.4842637,1.4842637,1,0,0,0,0
43,1.6370124,-0.781365735,-90.1375655,0.0788787728,0.0168184084,FollowWall,following_right_wall,0,14,42,0.422672093,1.47658187,1,1,1,0.239867419,1.48042069,1.48042069,1,0,0,0,0
43.05,1.63700479,-0.785303126,-90.0837631,0.0788787728,0.0168184084,FollowWall,following_right_wall,0,14,42,0.422672093,1.47658187,1,1,1,0.239867419,1.4765668,1.4765668,1,0,0,0,0
43.1,1.6370008,-0.789243247,-90.0323028,0.0790188879,0.0147166818,FollowWall,following_right_wall,0,14,42,0.423640728,1.46888946,1,1,1,0.239842832,1.47270658,1.47270658,1,0,0,0,0
43.15,1.63700022,-0.793187879,-89.9847176,0.0790188879,0.0147166818,FollowWall,following_right_wall,0,14,42,0.423640728,1.46888946,1,1,1,0.239842832,1.46878838,1.46878838,1,0,0,0,0
43.2,1.63700283,-0.797135141,-89.9393928,0.0791102554,0.0133461685,FollowWall,following_right_wall,0,14,42,0.424490571,1.46120204,1,1,1,0.239463568,1.46477074,1.46477074,1,0,0,0,0
43.25,1.63700847,-0.801085837,-89.8970225,0.0791102554,0.0133461685,FollowWall,following_right_wall,0,14,42,0.424490571,1.46120204,1,1,1,0.239463568,1.46075427,1.46075427,1,0,0,0,0
43.3,1.63701698,-0.805038533,-89.8563757,0.0792387806,0.0114182909,FollowWall,following_right_wall,0,14,42,0.42524153,1.45352285,1,1,1,0.239548475,1.45673849,1.45673849,1,0,0,0,0
43.35,1.63702819,-0.80899507,-89.8190355,0.0792387806,0.0114182909,FollowWall,following_right_wall,0,14,42,0.42524153,1.45352285,1,1,1,0.239548475,1.45272402,1.45272402,1,0,0,0,0
43.4,1.63704191,-0.812953843,-89.7836241,0.079366051,0.00950923513,FollowWall,following_right_wall,0,14,42,0.42588675,1.44464407,1,1,1,0.239717886,1.44871032,1.44871032,1,0,0,0,0
43.45,1.63705798,-0.816916568,-89.7516167,0.079366051,0.00950923513,FollowWall,following_right_wall,0,14,42,0.42588675,1.44464407,1,1,1,0.239717886,1.44469797,1.44469797,1,0,0,0,0
43.5,1.63707621,-0.820881594,-89.7215949,0.0794682289,0.00797656577,FollowWall,following_right_wall,0,14,42,0.426418573,1.43659745,1,1,1,0.239743814,1.4406864,1.4406864,1,0,0,0,0
43.55,1.63709643,-0.824850087,-89.6945608,0.0794682289,0.00797656577,FollowWall,following_right_wall,0,14,42,0.426418573,1.43659745,1,1,1,0.239743814,1.436676,1.436676,1,0,0,0,0
43.6,1.63711847,-0.828820598,-89.6692696,0.0795834926,0.00624761174,FollowWall,following_right_wall,0,14,42,0.426844358,1.42858958,1,1,1,0.239986807,1.4326663,1.4326663,1,0,0,0,0
43.65,1.63714219,-0.832794684,-89.6470589,0.0795834926,0.00624761174,FollowWall,following_right_wall,0,14,42,0.426844358,1.42858958,1,1,1,0.239986807,1.4286578,1.4286578,1,0,0,0,0
43.7,1.63716739,-0.836770852,-89.6266451,0.0797043832,0.00443425261,FollowWall,following_right_wall,0,14,42,0.427162051,1.42061927,1,1,1,0.240372732,1.42465001,1.42465001,1,0,0,0,0
43.75,1.63719392,-0.840750749,-89.609444,0.0797043832,0.00443425261,FollowWall,following_right_wall,0,14,42,0.427162051,1.42061927,1,1,1,0.240372732,1.42064347,1.42064347,1,0,0,0,0
43.8,1.6372216,-0.844732819,-89.5941171,0.0798121771,0.00281734376,FollowWall,following_right_wall,0,14,42,0.42736569,1.4126857,1,1,1,0.240725413,1.41663766,1.41663766,1,0,0,0,0
43.85,1.63725026,-0.8487184,-89.5818134,0.0798121771,0.00281734376,FollowWall,following_right_wall,0,14,42,0.42736569,1.4126857,1,1,1,0.240725413,1.41263303,1.41263303,1,0,0,0,0
43.9,1.63727973,-0.852706027,-89.5712733,0.0798803905,0.00179414249,FollowWall,following_right_wall,0,14,42,0.42745778,1.40478731,1,1,1,0.240784705,1.40862908,1.40862908,1,0,0,0,0
43.95,1.63730988,-0.856696267,-89.5629833,0.0798803905,0.00179414249,FollowWall,following_right_wall,0,14,42,0.42745778,1.40478731,1,1,1,0.240784705,1.40462601,1.40462601,1,0,0,0,0
44,1.63734057,-0.860688031,-89.5560059,0.0799397432,0.000903852467,FollowWall,following_right_wall,0,14,42,0.427458584,1.39692149,1,1,1,0.240683004,1.40062344,1.40062344,1,0,0,0,0
44.05,1.6373717,-0.864681918,-89.5508569,0.0799397432,0.000903852467,FollowWall,following_right_wall,0,14,42,0.427458584,1.39692149,1,1,1,0.240683004,1.39662158,1.39662158,1,0,0,0,0
44.1,1.63740316,-0.868677044,-89.5467743,0.0799926648,0.000110027473,FollowWall,following_right_wall,0,14,42,0.427383512,1.38908635,1,1,1,0.240583584,1.39262014,1.39262014,1,0,0,0,0
44.15,1.63743486,-0.872673995,-89.5442615,0.0799926648,0.000110027473,FollowWall,following_right_wall,0,14,42,0.427383512,1.38908635,1,1,1,0.240583584,1.3886193,1.3886193,1,0,0,0,0
44.2,1.63746672,-0.876672009,-89.5426644,0.0799846217,-0.000230675207,FollowWall,following_right_wall,0,14,42,0.427242219,1.38108453,1,1,1,0.240414709,1.38461881,1.38461881,1,0,0,0,0
44.25,1.63749866,-0.880670477,-89.5420081,0.0799846217,-0.000230675207,FollowWall,following_right_wall,0,14,42,0.427242219,1.38108453,1,1,1,0.240414709,1.38061933,1.38061933,1,0,0,0,0
44.3,1.63753063,-0.88466921,-89.5419006,0.0799664926,-0.00050261122,FollowWall,following_right_wall,0,14,42,0.42705369,1.37309976,1,1,1,0.240288258,1.37662043,1.37662043,1,0,0,0,0
44.35,1.63756258,-0.888667719,-89.5424378,0.0799664926,-0.00050261122,FollowWall,following_right_wall,0,14,42,0.42705369,1.37309976,1,1,1,0.240288258,1.37262275,1.37262275,1,0,0,0,0
44.4,1.63759448,-0.892666099,-89.5433512,0.0799601778,-0.000597333076,FollowWall,following_right_wall,0,14,42,0.426830977,1.36514586,1,1,1,0.240121499,1.36862578,1.36862578,1,0,0,0,0
44.45,1.6376263,-0.896664272,-89.544597,0.0799601778,-0.000597333076,FollowWall,following_right_wall,0,14,42,0.426830977,1.36514586,1,1,1,0.240121499,1.36462954,1.36462954,1,0,0,0,0
44.5,1.63765803,-0.900662324,-89.5460367,0.0799095298,-0.00135705268,FollowWall,following_right_wall,0,14,42,0.426585853,1.3572227,1,1,1,0.240441039,1.36063372,1.36063372,1,0,0,0,0
44.55,1.63768961,-0.904659252,-89.5484964,0.0799095298,-0.00135705268,FollowWall,following_right_wall,0,14,42,0.426585853,1.3572227,1,1,1,0.240441039,1.35664059,1.35664059,1,0,0,0,0
44.6,1.637721,-0.908655525,-89.5515511,0.079923903,-0.0011414547,FollowWall,following_right_wall,0,14,42,0.42630443,1.34933256,1,1,1,0.240222335,1.35264905,1.35264905,1,0,0,0,0
44.65,1.63775217,-0.912651715,-89.5546955,0.079923903,-0.0011414547,FollowWall,following_right_wall,0,14,42,0.42630443,1.34933256,1,1,1,0.240222335,1.34865773,1.34865773,1,0,0,0,0
44.7,1.63778311,-0.916647859,-89.5578922,0.079948756,-0.000768659775,FollowWall,following_right_wall,0,14,42,0.426008731,1.34147173,1,1,1,0.239961997,1.34466653,1.34466653,1,0,0,0,0
44.75,1.63781386,-0.920644494,-89.5606745,0.079948756,-0.000768659775,FollowWall,following_right_wall,0,14,42,0.426008731,1.34147173,1,1,1,0.239961997,1.34067421,1.34067421,1,0,0,0,0
44.8,1.63784442,-0.924641415,-89.5632151,0.0799158287,-0.00126256982,FollowWall,following_right_wall,0,14,42,0.425719798,1.33339362,1,1,1,0.24028942,1.33668122,1.33668122,1,0,0,0,0
44.85,1.63787478,-0.928637818,-89.5662041,0.0799158287,-0.00126256982,FollowWall,following_right_wall,0,14,42,0.425719798,1.33339362,1,1,1,0.24028942,1.33268944,1.33268944,1,0,0,0,0
44.9,1.63790492,-0.93263392,-89.5694548,0.0798965946,-0.00155108084,FollowWall,following_right_wall,0,14,42,0.42542094,1.32523609,1,1,1,0.240547374,1.32869837,1.32869837,1,0,0,0,0
44.95,1.63793481,-0.936629447,-89.5732025,0.0798965946,-0.00155108084,FollowWall,following_right_wall,0,14,42,0.42542094,1.32523609,1,1,1,0.240547374,1.32470865,1.32470865,1,0,0,0,0
45,1.63796443,-0.940624638,-89.5772401,0.0798904305,-0.00164354237,FollowWall,following_right_wall,0,14,42,0.425108075,1.31710867,1,1,1,0.240750805,1.32071971,1.32071971,1,0,0,0,0
45.05,1.63799376,-0.944619507,-89.5815573,0.0798904305,-0.00164354237,FollowWall,following_right_wall,0,14,42,0.425108075,1.31710867,1,1,1,0.240750805,1.31673153,1.31673153,1,0,0,0,0
45.1,1.63802278,-0.948614189,-89.5860374,0.0798805004,-0.0017924945,FollowWall,following_right_wall,0,14,42,0.424788803,1.30901086,1,1,1,0.241053984,1.31274378,1.31274378,1,0,0,0,0
45.15,1.63805147,-0.952608555,-89.5907905,0.0798805004,-0.0017924945,FollowWall,following_right_wall,0,14,42,0.424788803,1.30901086,1,1,1,0.241053984,1.30875678,1.30875678,1,0,0,0,0
45.2,1.63807983,-0.956602739,-89.5957027,0.0799081065,-0.00137840323,FollowWall,following_right_wall,0,14,42,0.424466789,1.30094328,1,1,1,0.241058066,1.3047702,1.3047702,1,0,0,0,0
45.25,1.63810786,-0.960597392,-89.6002135,0.0799081065,-0.00137840323,FollowWall,following_right_wall,0,14,42,0.424466789,1.30094328,1,1,1,0.241058066,1.30078253,1.30078253,1,0,0,0,0
45.3,1.63813559,-0.964592319,-89.6044902,0.0799382992,-0.000925512218,FollowWall,following_right_wall,0,14,42,0.424161911,1.29290235,1,1,1,0.241073325,1.29679423,1.29679423,1,0,0,0,0
45.35,1.63816304,-0.968588037,-89.6080897,0.0799382992,-0.000925512218,FollowWall,following_right_wall,0,14,42,0.424161911,1.29290235,1,1,1,0.241073325,1.29280409,1.29280409,1,0,0,0,0
45.4,1.63819027,-0.972584215,-89.6112941,0.079957725,-0.000634125283,FollowWall,following_right_wall,0,14,42,0.423887998,1.28488581,1,1,1,0.241211876,1.28881287,1.28881287,1,0,0,0,0
45.45,1.63821729,-0.976581068,-89.6139203,0.079957725,-0.000634125283,FollowWall,following_right_wall,0,14,42,0.423887998,1.28488581,1,1,1,0.241211876,1.28482008,1.28482008,1,0,0,0,0
45.5,1.63824415,-0.980578315,-89.6162092,0.0799985097,-2.2354275e-05,FollowWall,following_right_wall,0,14,42,0.423646867,1.27689413,1,1,1,0.241163984,1.28082638,1.28082638,1,0,0,0,0
45.55,1.63827088,-0.984576641,-89.617571,0.0799985097,-2.2354275e-05,FollowWall,following_right_wall,0,14,42,0.423646867,1.27689413,1,1,1,0.241163984,1.27683017,1.27683017,1,0,0,0,0
45.6,1.63829754,-0.988575597,-89.6183921,0.0799350266,0.000974600562,FollowWall,following_right_wall,0,14,42,0.423449695,1.26892554,1,1,1,0.240873352,1.27283248,1.27283248,1,0,0,0,0
45.65,1.6383242,-0.992573597,-89.6177078,0.0799350266,0.000974600562,FollowWall,following_right_wall,0,14,42,0.423449695,1.26892554,1,1,1,0.240873352,1.26883342,1.26883342,1,0,0,0,0
45.7,1.63835092,-0.996571039,-89.6161452,0.0799142678,0.00128598294,FollowWall,following_right_wall,0,14,42,0.423316598,1.26098252,1,1,1,0.24100329,1.26483356,1.26483356,1,0,0,0,0
45.75,1.63837779,-1.00056772,-89.6136987,0.0799142678,0.00128598294,FollowWall,following_right_wall,0,14,42,0.423316598,1.26098252,1,1,1,0.24100329,1.26083309,1.26083309,1,0,0,0,0
45.8,1.63840483,-1.00456396,-89.6107365,0.0799209947,0.00118508001,FollowWall,following_right_wall,0,14,42,0.423237771,1.25306723,1,1,1,0.241393864,1.25683226,1.25683226,1,0,0,0,0
45.85,1.63843209,-1.00856009,-89.607594,0.0799209947,0.00118508001,FollowWall,following_right_wall,0,14,42,0.423237771,1.25306723,1,1,1,0.241393864,1.25283127,1.25283127,1,0,0,0,0
45.9,1.63845957,-1.01255614,-89.6043463,0.0799457913,0.000813130736,FollowWall,following_right_wall,0,14,42,0.423193544,1.24518014,1,1,1,0.241616458,1.24883019,1.24883019,1,0,0,0,0
45.95,1.63848727,-1.01655266,-89.6014812,0.0799457913,0.000813130736,FollowWall,following_right_wall,0,14,42,0.423193544,1.24518014,1,1,1,0.241616458,1.24482922,1.24482922,1,0,0,0,0
46,1.63851516,-1.02054947,-89.5988393,0.0799292459,0.00106131106,FollowWall,following_right_wall,0,14,42,0.423166662,1.23732088,1,1,1,0.241636038,1.24082833,1.24082833,1,0,0,0,0
46.05,1.63854325,-1.02454609,-89.5960313,0.0799292459,0.00106131106,FollowWall,following_right_wall,0,14,42,0.423166662,1.23732088,1,1,1,0.241636038,1.23682736,1.23682736,1,0,0,0,0
46.1,1.63857153,-1.0285426,-89.5931265,0.0798849237,0.00172614428,FollowWall,following_right_wall,0,14,42,0.423169345,1.22939408,1,1,1,0.241522372,1.23282635,1.23282635,1,0,0,0,0
46.15,1.63860003,-1.03253812,-89.5893716,0.0798849237,0.00172614428,FollowWall,following_right_wall,0,14,42,0.423169345,1.22939408,1,1,1,0.241522372,1.22882501,1.22882501,1,0,0,0,0
46.2,1.63862881,-1.03653307,-89.5851208,0.0798792199,0.00181170091,FollowWall,following_right_wall,0,14,42,0.423224092,1.2213836,1,1,1,0.241709441,1.22482348,1.22482348,1,0,0,0,0
46.25,1.6386579,-1.04052756,-89.5804786,0.0798792199,0.00181170091,FollowWall,following_right_wall,0,14,42,0.423224092,1.2213836,1,1,1,0.241709441,1.2208218,1.2208218,1,0,0,0,0
46.3,1.63868731,-1.04452178,-89.5756081,0.079843179,0.00235231474,FollowWall,following_right_wall,0,14,42,0.423324466,1.21340447,1,1,1,0.24153544,1.21682004,1.21682004,1,0,0,0,0
46.35,1.63871709,-1.0485151,-89.5699591,0.079843179,0.00235231474,FollowWall,following_right_wall,0,14,42,0.423324466,1.21340447,1,1,1,0.24153544,1.21281798,1.21281798,1,0,0,0,0
46.4,1.63874727,-1.05250788,-89.5638559,0.0798209179,0.00268623132,FollowWall,following_right_wall,0,14,42,0.423479021,1.20545741,1,1,1,0.241416559,1.20881574,1.20881574,1,0,0,0,0
46.45,1.63877789,-1.05649989,-89.5570893,0.0798209179,0.00268623132,FollowWall,following_right_wall,0,14,42,0.423479021,1.20545741,1,1,1,0.241416559,1.20481326,1.20481326,1,0,0,0,0
46.5,1.638809,-1.06049145,-89.5499357,0.0798114301,0.00282854869,FollowWall,following_right_wall,0,14,42,0.423688203,1.19754205,1,1,1,0.241342172,1.20081063,1.20081063,1,0,0,0,0
46.55,1.63884061,-1.06448254,-89.5423864,0.0798114301,0.00282854869,FollowWall,following_right_wall,0,14,42,0.423688203,1.19754205,1,1,1,0.241342172,1.19680785,1.19680785,1,0,0,0,0
46.6,1.63887276,-1.06847335,-89.5346063,0.0797892631,0.00316105377,FollowWall,following_right_wall,0,14,42,0.423945129,1.18965709,1,1,1,0.241073489,1.19280499,1.19280499,1,0,0,0,0
46.65,1.63890546,-1.07246355,-89.5262947,0.0797892631,0.00316105377,FollowWall,following_right_wall,0,14,42,0.423945129,1.18965709,1,1,1,0.241073489,1.18880193,1.18880193,1,0,0,0,0
46.7,1.63893875,-1.07645338,-89.5176731,0.0798178871,0.0027316934,FollowWall,following_right_wall,0,14,42,0.424252212,1.18180193,1,1,1,0.241224185,1.18479876,1.18479876,1,0,0,0,0
46.75,1.63897263,-1.08044359,-89.509383,0.0798178871,0.0027316934,FollowWall,following_right_wall,0,14,42,0.424252212,1.18180193,1,1,1,0.241224185,1.18079572,1.18079572,1,0,0,0,0
46.8,1.63900708,-1.08443402,-89.5012865,0.0798758859,0.00186171163,FollowWall,following_right_wall,0,14,42,0.424587756,1.17374172,1,1,1,0.24161391,1.17679276,1.17679276,1,0,0,0,0
46.85,1.63904207,-1.08842579,-89.4943412,0.0798758859,0.00186171163,FollowWall,following_right_wall,0,14,42,0.424587756,1.17374172,1,1,1,0.24161391,1.17279024,1.17279024,1,0,0,0,0
46.9,1.63907752,-1.09241833,-89.4880676,0.0799044892,0.0014326623,FollowWall,following_right_wall,0,14,42,0.424924433,1.16557084,1,1,1,0.241706878,1.16878799,1.16878799,1,0,0,0,0
46.95,1.63911339,-1.09641192,-89.4826978,0.0799044892,0.0014326623,FollowWall,following_right_wall,0,14,42,0.424924433,1.16557084,1,1,1,0.241706878,1.16478609,1.16478609,1,0,0,0,0
47,1.63914963,-1.10040612,-89.4778553,0.0799330768,0.00100384831,FollowWall,following_right_wall,0,14,42,0.425262392,1.15742531,1,1,1,0.241786569,1.1607844,1.1607844,1,0,0,0,0
47.05,1.63918618,-1.10440127,-89.4738323,0.0799330768,0.00100384831,FollowWall,following_right_wall,0,14,42,0.425262392,1.15742531,1,1,1,0.241786569,1.15678302,1.15678302,1,0,0,0,0
47.1,1.63922299,-1.10839698,-89.4702873,0.0799818675,0.000271987767,FollowWall,following_right_wall,0,14,42,0.425603777,1.14930634,1,1,1,0.242044508,1.15278183,1.15278183,1,0,0,0,0
47.15,1.63926003,-1.11239402,-89.4678947,0.0799818675,0.000271987767,FollowWall,following_right_wall,0,14,42,0.425603777,1.14930634,1,1,1,0.242044508,1.14878109,1.14878109,1,0,0,0,0
47.2,1.63929722,-1.11639185,-89.4661744,0.079964027,-0.000539594718,FollowWall,following_right_wall,0,14,42,0.425938606,1.14121439,1,1,1,0.242347866,1.1447806,1.1447806,1,0,0,0,0
47.25,1.63933448,-1.12038976,-89.4658149,0.079964027,-0.000539594718,FollowWall,following_right_wall,0,14,42,0.425938606,1.14121439,1,1,1,0.242347866,1.14078213,1.14078213,1,0,0,0,0
47.3,1.63937174,-1.12438772,-89.4662494,0.0799251385,-0.00112292208,FollowWall,following_right_wall,0,14,42,0.426257104,1.13315399,1,1,1,0.242509171,1.13678485,1.13678485,1,0,0,0,0
47.35,1.63940893,-1.12838489,-89.4678432,0.0799251385,-0.00112292208,FollowWall,following_right_wall,0,14,42,0.426257104,1.13315399,1,1,1,0.242509171,1.13279014,1.13279014,1,0,0,0,0
47.4,1.63944597,-1.13238162,-89.4701133,0.0798684182,-0.0019737268,FollowWall,following_right_wall,0,14,42,0.426560819,1.12512824,1,1,1,0.242844701,1.12879692,1.12879692,1,0,0,0,0
47.45,1.63948279,-1.13637689,-89.4737935,0.0798684182,-0.0019737268,FollowWall,following_right_wall,0,14,42,0.426560819,1.12512824,1,1,1,0.242844701,1.12480734,1.12480734,1,0,0,0,0
47.5,1.63951932,-1.14037133,-89.4782962,0.0798280328,-0.00257950774,FollowWall,following_right_wall,0,14,42,0.426841587,1.11713988,1,1,1,0.24303335,1.12081987,1.12081987,1,0,0,0,0
47.55,1.63955548,-1.14436444,-89.4840019,0.0798280328,-0.00257950774,FollowWall,following_right_wall,0,14,42,0.426841587,1.11713988,1,1,1,0.24303335,1.11683559,1.11683559,1,0,0,0,0
47.6,1.63959121,-1.14835677,-89.4904092,0.0798228501,-0.00265724781,FollowWall,following_right_wall,0,14,42,0.427100658,1.10918878,1,1,1,0.242760569,1.11285318,1.11285318,1,0,0,0,0
47.65,1.63962648,-1.15234854,-89.4973187,0.0798228501,-0.00265724781,FollowWall,following_right_wall,0,14,42,0.427100658,1.10918878,1,1,1,0.242760569,1.1088721,1.1088721,1,0,0,0,0
47.7,1.63966125,-1.15633999,-89.5045211,0.0797900131,-0.00314980403,FollowWall,following_right_wall,0,14,42,0.4273552,1.10127102,1,1,1,0.242489278,1.10489179,1.10489179,1,0,0,0,0
47.75,1.63969548,-1.16033057,-89.5124823,0.0797900131,-0.00314980403,FollowWall,following_right_wall,0,14,42,0.4273552,1.10127102,1,1,1,0.242489278,1.10091353,1.10091353,1,0,0,0,0
47.8,1.63972914,-1.16432064,-89.5208861,0.0797419165,-0.00387125217,FollowWall,following_right_wall,0,14,42,0.427600086,1.09338671,1,1,1,0.242398158,1.09693647,1.09693647,1,0,0,0,0
47.85,1.63976216,-1.16830942,-89.5304093,0.0797419165,-0.00387125217,FollowWall,following_right_wall,0,14,42,0.427600086,1.09338671,1,1,1,0.242398158,1.09296243,1.09296243,1,0,0,0,0
47.9,1.63979449,-1.17229745,-89.5405855,0.0796925539,-0.00461169135,FollowWall,following_right_wall,0,14,42,0.427821517,1.08553741,1,1,1,0.242531776,1.08899015,1.08899015,1,0,0,0,0
47.95,1.63982606,-1.17628401,-89.5520264,0.0796925539,-0.00461169135,FollowWall,following_right_wall,0,14,42,0.427821517,1.08553741,1,1,1,0.242531776,1.0850213,1.0850213,1,0,0,0,0
48,1.6398568,-1.18026972,-89.564205,0.0796827985,-0.00475802309,FollowWall,following_right_wall,0,14,42,0.428010464,1.07772358,1,1,1,0.242682338,1.08105445,1.08105445,1,0,0,0,0
48.05,1.63988667,-1.18425473,-89.5769887,0.0796827985,-0.00475802309,FollowWall,following_right_wall,0,14,42,0.428010464,1.07772358,1,1,1,0.242682338,1.07708923,1.07708923,1,0,0,0,0
48.1,1.63991563,-1.18823934,-89.5901254,0.0797042569,-0.00443614645,FollowWall,following_right_wall,0,14,42,0.428180426,1.06968849,1,1,1,0.24261339,1.07312496,1.07312496,1,0,0,0,0
48.15,1.63994368,-1.19222417,-89.6030836,0.0797042569,-0.00443614645,FollowWall,following_right_wall,0,14,42,0.428180426,1.06968849,1,1,1,0.24261339,1.0691602,1.0691602,1,0,0,0,0
48.2,1.63997084,-1.19620912,-89.6159379,0.079713899,-0.00429151503,FollowWall,following_right_wall,0,14,42,0.428353369,1.06159637,1,1,1,0.242706314,1.06519516,1.06519516,1,0,0,0,0
48.25,1.63999712,-1.20019435,-89.6285589,0.079713899,-0.00429151503,FollowWall,following_right_wall,0,14,42,0.428353369,1.06159637,1,1,1,0.242706314,1.06122948,1.06122948,1,0,0,0,0
48.3,1.64002252,-1.20417974,-89.6410437,0.0797387562,-0.00391865687,FollowWall,following_right_wall,0,14,42,0.428533077,1.05352823,1,1,1,0.242694438,1.05726343,1.05726343,1,0,0,0,0
48.35,1.64004708,-1.20816575,-89.6530041,0.0797387562,-0.00391865687,FollowWall,following_right_wall,0,14,42,0.428533077,1.05352823,1,1,1,0.242694438,1.05329595,1.05329595,1,0,0,0,0
48.4,1.64007082,-1.21215211,-89.6646585,0.0797569936,-0.00364509658,FollowWall,following_right_wall,0,14,42,0.428725213,1.04548301,1,1,1,0.242777795,1.04932764,1.04932764,1,0,0,0,0
48.45,1.64009376,-1.21613908,-89.6758079,0.0797569936,-0.00364509658,FollowWall,following_right_wall,0,14,42,0.428725213,1.04548301,1,1,1,0.242777795,1.04535795,1.04535795,1,0,0,0,0
48.5,1.64011595,-1.22012638,-89.6866628,0.0798001794,-0.0029973083,FollowWall,following_right_wall,0,14,42,0.428928763,1.03746119,1,1,1,0.242651209,1.04138747,1.04138747,1,0,0,0,0
48.55,1.64013741,-1.2241148,-89.6965725,0.0798001794,-0.0029973083,FollowWall,following_right_wall,0,14,42,0.428928763,1.03746119,1,1,1,0.242651209,1.03741441,1.03741441,1,0,0,0,0
48.6,1.64015821,-1.22810385,-89.705931,0.0798212466,-0.00268130171,FollowWall,following_right_wall,0,14,42,0.429153055,1.02946027,1,1,1,0.24275288,1.03343986,1.03343986,1,0,0,0,0
48.65,1.64017839,-1.23209372,-89.7145907,0.0798212466,-0.00268130171,FollowWall,following_right_wall,0,14,42,0.429153055,1.02946027,1,1,1,0.24275288,1.02946341,1.02946341,1,0,0,0,0
48.7,1.64019798,-1.23608408,-89.7228427,0.0798484626,-0.00227306135,FollowWall,following_right_wall,0,14,42,0.429392219,1.02148215,1,1,1,0.24281542,1.02548585,1.02548585,1,0,0,0,0
48.75,1.64021702,-1.24007527,-89.7303697,0.0798484626,-0.00227306135,FollowWall,following_right_wall,0,14,42,0.429392219,1.02148215,1,1,1,0.24281542,1.02150632,1.02150632,1,0,0,0,0
48.8,1.64023556,-1.24406696,-89.7374737,0.0798672179,-0.00199173126,FollowWall,following_right_wall,0,14,42,0.429643452,1.01352706,1,1,1,0.242980435,1.01752564,1.01752564,1,0,0,0,0
48.85,1.64025363,-1.24805933,-89.7439951,0.0798672179,-0.00199173126,FollowWall,following_right_wall,0,14,42,0.429643452,1.01352706,1,1,1,0.242980435,1.01354338,1.01354338,1,0,0,0,0
48.9,1.64027125,-1.2520521,-89.7501768,0.0799044637,-0.00143304463,FollowWall,following_right_wall,0,14,42,0.429901212,1.0055962,1,1,1,0.24299103,1.0095602,1.0095602,1,0,0,0,0
48.95,1.64028848,-1.25604588,-89.7554933,0.0799044637,-0.00143304463,FollowWall,following_right_wall,0,14,42,0.429901212,1.0055962,1,1,1,0.24299103,1.00557467,1.00557467,1,0,0,0,0
49,1.64030536,-1.26004024,-89.7603052,0.0799312924,-0.00103061415,FollowWall,following_right_wall,0,14,42,0.430170029,0.997687673,1,1,1,0.243116841,1.00158776,1.00158776,1,0,0,0,0
49.05,1.64032193,-1.26403551,-89.7643423,0.0799312924,-0.00103061415,FollowWall,following_right_wall,0,14,42,0.430170029,0.997687673,1,1,1,0.243116841,0.997598753,0.997598753,1,0,0,0,0
49.1,1.64033824,-1.26803131,-89.7679275,0.0799396863,-0.000904705896,FollowWall,following_right_wall,0,14,42,0.430447519,0.989801229,1,1,1,0.243435502,0.993608517,0.993608517,1,0,0,0,0
49.15,1.64035432,-1.27202759,-89.7710988,0.0799396863,-0.000904705896,FollowWall,following_right_wall,0,14,42,0.430447519,0.989801229,1,1,1,0.243435502,0.989617157,0.989617157,1,0,0,0,0
49.2,1.64037018,-1.27602414,-89.7740286,0.0799630339,-0.000554491269,FollowWall,following_right_wall,0,14,42,0.430721968,0.981939011,1,1,1,0.243634269,0.98562514,0.98562514,1,0,0,0,0
49.25,1.64038587,-1.28002136,-89.7763996,0.0799630339,-0.000554491269,FollowWall,following_right_wall,0,14,42,0.430721968,0.981939011,1,1,1,0.243634269,0.981631607,0.981631607,1,0,0,0,0
49.3,1.64040139,-1.28401895,-89.7784445,0.079997287,-4.06957155e-05,FollowWall,following_right_wall,0,14,42,0.430993289,0.973890802,1,1,1,0.243747234,0.977637187,0.977637187,1,0,0,0,0
49.35,1.64041681,-1.28801747,-89.7796859,0.079997287,-4.06957155e-05,FollowWall,following_right_wall,0,14,42,0.430993289,0.973890802,1,1,1,0.243747234,0.973640587,0.973640587,1,0,0,0,0
49.4,1.64043216,-1.29201654,-89.7804587,0.0799994406,8.39062332e-06,FollowWall,following_right_wall,0,14,42,0.431267202,0.965855185,1,1,1,0.24394916,0.969642714,0.969642714,1,0,0,0,0
49.45,1.64044747,-1.29601598,-89.7808994,0.0799994406,8.39062332e-06,FollowWall,following_right_wall,0,14,42,0.431267202,0.965855185,1,1,1,0.24394916,0.965643963,0.965643963,1,0,0,0,0
49.5,1.64046276,-1.30001562,-89.7811465,0.0799848738,-0.000226892602,FollowWall,following_right_wall,0,14,42,0.431531578,0.957847086,1,1,1,0.244123265,0.961644699,0.961644699,1,0,0,0,0
49.55,1.64047802,-1.30401509,-89.7815615,0.0799848738,-0.000226892602,FollowWall,following_right_wall,0,14,42,0.431531578,0.957847086,1,1,1,0.244123265,0.957645876,0.957645876,1,0,0,0,0
49.6,1.64049325,-1.30801445,-89.7820744,0.0799833216,0.00025017586,FollowWall,following_right_wall,0,14,42,0.431769073,0.949869364,1,1,1,0.243839577,0.95364731,0.95364731,1,0,0,0,0
49.65,1.64050846,-1.31201372,-89.782075,0.0799833216,0.00025017586,FollowWall,following_right_wall,0,14,42,0.431769073,0.949869364,1,1,1,0.243839577,0.949648043,0.949648043,1,0,0,0,0
49.7,1.64052368,-1.31601293,-89.7817767,0.0799133934,0.00129909844,FollowWall,following_right_wall,0,14,42,0.431993037,0.941921185,1,1,1,0.243525088,0.945648367,0.945648367,1,0,0,0,0
49.75,1.64053897,-1.32001066,-89.780052,0.0799133934,0.00129909844,FollowWall,following_right_wall,0,14,42,0.431993037,0.941921185,1,1,1,0.243525088,0.941647968,0.941647968,1,0,0,0,0
49.8,1.6405544,-1.32400751,-89.7774952,0.0798705672,0.00194149228,FollowWall,following_right_wall,0,14,42,0.432230473,0.934003978,1,1,1,0.243401885,0.937647147,0.937647147,1,0,0,0,0
49.85,1.64057005,-1.32800297,-89.7736863,0.0798705672,0.00194149228,FollowWall,following_right_wall,0,14,42,0.432230473,0.934003978,1,1,1,0.243401885,0.933645784,0.933645784,1,0,0,0,0
49.9,1.64058599,-1.33199761,-89.769147,0.0798389219,0.00241617126,FollowWall,following_right_wall,0,14,42,0.432482302,0.926117745,1,1,1,0.243288413,0.929644106,0.929644106,1,0,0,0,0
49.95,1.64060227,-1.33599111,-89.7636149,0.0798389219,0.00241617126,FollowWall,following_right_wall,0,14,42,0.432482302,0.926117745,1,1,1,0.243288413,0.925642026,0.925642026,1,0,0,0,0
50,1.64061896,-1.33998395,-89.7575038,0.0798164001,0.00275399807,FollowWall,following_right_wall,0,14,42,0.432740957,0.918188626,1,1,1,0.243173525,0.921639712,0.921639712,1,0,0,0,0
50.05,1.64063609,-1.34397593,-89.7506516,0.0798164001,0.00275399807,FollowWall,following_right_wall,0,14,42,0.432740957,0.918188626,1,1,1,0.243173525,0.917637107,0.917637107,1,0,0,0,0
50.1,1.64065372,-1.34796741,-89.7433672,0.0797988369,0.00301744599,FollowWall,following_right_wall,0,14,42,0.432998687,0.910213942,1,1,1,0.243026391,0.913634333,0.913634333,1,0,0,0,0
50.15,1.64067187,-1.35195823,-89.7355161,0.0797988369,0.00301744599,FollowWall,following_right_wall,0,14,42,0.432998687,0.910213942,1,1,1,0.243026391,0.909631341,0.909631341,1,0,0,0,0
50.2,1.64069057,-1.35594867,-89.7273345,0.0798225299,0.00266205182,FollowWall,following_right_wall,0,14,42,0.433249682,0.902159103,1,1,1,0.243209824,0.905628224,0.905628224,1,0,0,0,0
50.25,1.64070984,-1.35993937,-89.7193843,0.0798225299,0.00266205182,FollowWall,following_right_wall,0,14,42,0.433249682,0.902159103,1,1,1,0.243209824,0.901625198,0.901625198,1,0,0,0,0
50.3,1.64072966,-1.36393022,-89.7115691,0.0798650969,0.00202354713,FollowWall,following_right_wall,0,14,42,0.433472395,0.894018568,1,1,1,0.24353379,0.897622227,0.897622227,1,0,0,0,0
50.35,1.64075,-1.36792206,-89.7045948,0.0798650969,0.00202354713,FollowWall,following_right_wall,0,14,42,0.433472395,0.894018568,1,1,1,0.24353379,0.893619585,0.893619585,1,0,0,0,0
50.4,1.64077081,-1.37191446,-89.698111,0.079849688,0.00225468021,FollowWall,following_right_wall,0,14,42,0.433645874,0.885906088,1,1,1,0.243273586,0.889617134,0.889617134,1,0,0,0,0
50.45,1.64079207,-1.37590687,-89.6916375,0.079849688,0.00225468021,FollowWall,following_right_wall,0,14,42,0.433645874,0.885906088,1,1,1,0.243273586,0.885614691,0.885614691,1,0,0,0,0
50.5,1.64081378,-1.37989928,-89.68517,0.0798714452,0.00192832256,FollowWall,following_right_wall,0,14,42,0.433788031,0.877822316,1,1,1,0.243335441,0.881612252,0.881612252,1,0,0,0,0
50.55,1.64083593,-1.38389216,-89.6790955,0.0798714452,0.00192832256,FollowWall,following_right_wall,0,14,42,0.433788031,0.877822316,1,1,1,0.243335441,0.877609969,0.877609969,1,0,0,0,0
50.6,1.6408585,-1.38788529,-89.6732502,0.0799084284,0.00137357412,FollowWall,following_right_wall,0,14,42,0.433894098,0.869767965,1,1,1,0.243511319,0.873607776,0.873607776,1,0,0,0,0
50.65,1.64088146,-1.39187935,-89.6682009,0.0799084284,0.00137357412,FollowWall,following_right_wall,0,14,42,0.433894098,0.869767965,1,1,1,0.243511319,0.869605893,0.869605893,1,0,0,0,0
50.7,1.64090475,-1.39587395,-89.6636159,0.0799394488,0.000908268105,FollowWall,following_right_wall,0,14,42,0.433951497,0.861743393,1,1,1,0.243611857,0.865604192,0.865604192,1,0,0,0,0
50.75,1.64092834,-1.3998695,-89.6598572,0.0799394488,0.000908268105,FollowWall,following_right_wall,0,14,42,0.433951497,0.861743393,1,1,1,0.243611857,0.861602811,0.861602811,1,0,0,0,0
50.8,1.64095218,-1.40386562,-89.6565804,0.0799677075,0.000484387456,FollowWall,following_right_wall,0,14,42,0.433957309,0.853748658,1,1,1,0.243673295,0.857601618,0.857601618,1,0,0,0,0
50.85,1.64097622,-1.40786265,-89.6540908,0.0799677075,0.000484387456,FollowWall,following_right_wall,0,14,42,0.433957309,0.853748658,1,1,1,0.243673295,0.85360073,0.85360073,1,0,0,0,0
50.9,1.64100043,-1.41186021,-89.6520603,0.0799740799,-0.000388800801,FollowWall,following_right_wall,0,14,42,0.433912724,0.845783701,1,1,1,0.244014516,0.84960002,0.84960002,1,0,0,0,0
50.95,1.64102473,-1.41585822,-89.6513399,0.0799740799,-0.000388800801,FollowWall,following_right_wall,0,14,42,0.433912724,0.845783701,1,1,1,0.244014516,0.845600896,0.845600896,1,0,0,0,0
51,1.64104906,-1.41985649,-89.6513838,0.0799112516,-0.00133122535,FollowWall,following_right_wall,0,14,42,0.43380481,0.837851018,1,1,1,0.24440752,0.841602697,0.841602697,1,0,0,0,0
51.05,1.64107332,-1.4238536,-89.6529984,0.0799112516,-0.00133122535,FollowWall,following_right_wall,0,14,42,0.43380481,0.837851018,1,1,1,0.24440752,0.837608089,0.837608089,1,0,0,0,0
51.1,1.64109744,-1.42785003,-89.6555294,0.0798568845,-0.00214673321,FollowWall,following_right_wall,0,14,42,0.433624089,0.829955366,1,1,1,0.244740233,0.833615575,0.833615575,1,0,0,0,0
51.15,1.64112132,-1.43184494,-89.6595682,0.0798568845,-0.00214673321,FollowWall,following_right_wall,0,14,42,0.433624089,0.829955366,1,1,1,0.244740233,0.829626922,0.829626922,1,0,0,0,0
51.2,1.64114488,-1.43583897,-89.6644866,0.0798478927,-0.00228160927,FollowWall,following_right_wall,0,14,42,0.433371216,0.822097871,1,1,1,0.244655579,0.825640521,0.825640521,1,0,0,0,0
51.25,1.64116807,-1.43983228,-89.6700792,0.0798478927,-0.00228160927,FollowWall,following_right_wall,0,14,42,0.433371216,0.822097871,1,1,1,0.244655579,0.82165587,0.82165587,1,0,0,0,0
51.3,1.64119085,-1.44382519,-89.676065,0.0798310873,-0.00253369103,FollowWall,following_right_wall,0,14,42,0.433069289,0.814115985,1,1,1,0.244543761,0.817672238,0.817672238,1,0,0,0,0
51.35,1.64121319,-1.44781751,-89.6825811,0.0798310873,-0.00253369103,FollowWall,following_right_wall,0,14,42,0.433069289,0.814115985,1,1,1,0.244543761,0.813690017,0.813690017,1,0,0,0,0
51.4,1.64123507,-1.45180948,-89.6894065,0.0798098278,-0.00285258259,FollowWall,following_right_wall,0,14,42,0.432728499,0.80609612,1,1,1,0.24457702,0.809708618,0.809708618,1,0,0,0,0
51.45,1.64125645,-1.45580082,-89.6967931,0.0798098278,-0.00285258259,FollowWall,following_right_wall,0,14,42,0.432728499,0.80609612,1,1,1,0.24457702,0.805728729,0.805728729,1,0,0,0,0
51.5,1.6412773,-1.45979178,-89.7045069,0.0798218193,-0.00267270994,FollowWall,following_right_wall,0,14,42,0.432350606,0.798108551,1,1,1,0.244350657,0.801749722,0.801749722,1,0,0,0,0
51.55,1.64129762,-1.46378278,-89.7121969,0.0798218193,-0.00267270994,FollowWall,following_right_wall,0,14,42,0.432350606,0.798108551,1,1,1,0.244350657,0.797770645,0.797770645,1,0,0,0,0
51.6,1.6413174,-1.4677738,-89.7198731,0.0798423845,-0.00236423209,FollowWall,following_right_wall,0,14,42,0.431952655,0.790027251,1,1,1,0.244086087,0.793791526,0.793791526,1,0,0,0,0
51.65,1.64133666,-1.47176525,-89.7271729,0.0798423845,-0.00236423209,FollowWall,following_right_wall,0,14,42,0.431952655,0.790027251,1,1,1,0.244086087,0.789811384,0.789811384,1,0,0,0,0
51.7,1.64135542,-1.47575697,-89.7342533,0.0798448107,-0.00232783931,FollowWall,following_right_wall,0,14,42,0.431549668,0.781967513,1,1,1,0.244027063,0.785830643,0.785830643,1,0,0,0,0
51.75,1.64137369,-1.47974889,-89.7411621,0.0798448107,-0.00232783931,FollowWall,following_right_wall,0,14,42,0.431549668,0.781967513,1,1,1,0.244027063,0.781849435,0.781849435,1,0,0,0,0
51.8,1.64139149,-1.48374093,-89.747971,0.0798148108,-0.00277783819,FollowWall,following_right_wall,0,14,42,0.431141049,0.773934191,1,1,1,0.2443185,0.777867953,0.777867953,1,0,0,0,0
51.85,1.6414088,-1.48773241,-89.7552586,0.0798148108,-0.00277783819,FollowWall,following_right_wall,0,14,42,0.431141049,0.773934191,1,1,1,0.2443185,0.77388777,0.77388777,1,0,0,0,0
51.9,1.64142558,-1.49172357,-89.7628255,0.0798457536,-0.00231369577,FollowWall,following_right_wall,0,14,42,0.43071118,0.765932853,1,1,1,0.244081289,0.769908342,0.769908342,1,0,0,0,0
51.95,1.64144185,-1.49571519,-89.7700013,0.0798457536,-0.00231369577,FollowWall,following_right_wall,0,14,42,0.43071118,0.765932853,1,1,1,0.244081289,0.765927852,0.765927852,1,0,0,0,0
52,1.64145764,-1.49970707,-89.7769489,0.0798722792,-0.00191581135,FollowWall,following_right_wall,0,14,42,0.430281252,0.757958641,1,1,1,0.243924662,0.761946741,0.761946741,1,0,0,0,0
52.05,1.64147296,-1.50369967,-89.7832886,0.0798722792,-0.00191581135,FollowWall,following_right_wall,0,14,42,0.430281252,0.757958641,1,1,1,0.243924662,0.757963978,0.757963978,1,0,0,0,0
52.1,1.64148785,-1.50769268,-89.7892735,0.0798571275,-0.00214308691,FollowWall,following_right_wall,0,14,42,0.429864854,0.75000889,1,1,1,0.244196489,0.753980252,0.753980252,1,0,0,0,0
52.15,1.64150233,-1.51168561,-89.7953229,0.0798571275,-0.00214308691,FollowWall,following_right_wall,0,14,42,0.429864854,0.75000889,1,1,1,0.244196489,0.749996699,0.749996699,1,0,0,0,0
52.2,1.64151638,-1.5156785,-89.8014098,0.0798645423,-0.00203186555,FollowWall,following_right_wall,0,14,42,0.429448724,0.742087924,1,1,1,0.244296208,0.746013247,0.746013247,1,0,0,0,0
52.25,1.64153001,-1.51967153,-89.8073858,0.0798645423,-0.00203186555,FollowWall,following_right_wall,0,14,42,0.429448724,0.742087924,1,1,1,0.244296208,0.742029493,0.742029493,1,0,0,0,0
52.3,1.64154323,-1.52366463,-89.8132972,0.0798628335,-0.00205749764,FollowWall,following_right_wall,0,14,42,0.429036051,0.734195329,1,1,1,0.244531199,0.738045562,0.738045562,1,0,0,0,0
52.35,1.64155604,-1.52765774,-89.8192015,0.0798628335,-0.00205749764,FollowWall,following_right_wall,0,14,42,0.429036051,0.734195329,1,1,1,0.244531199,0.734061612,0.734061612,1,0,0,0,0
52.4,1.64156843,-1.53165085,-89.8251016,0.0798780402,-0.00182939631,FollowWall,following_right_wall,0,14,42,0.428627789,0.726331045,1,1,1,0.244650424,0.730077649,0.730077649,1,0,0,0,0
52.45,1.64158042,-1.53564429,-89.830727,0.0798780402,-0.00182939631,FollowWall,following_right_wall,0,14,42,0.428627789,0.726331045,1,1,1,0.244650424,0.726092939,0.726092939,1,0,0,0,0
52.5,1.64159203,-1.53963791,-89.8361922,0.0799185394,-0.00122190954,FollowWall,following_right_wall,0,14,42,0.428232849,0.718321776,1,1,1,0.244562462,0.722107794,0.722107794,1,0,0,0,0
52.55,1.64160329,-1.54363249,-89.8408387,0.0799185394,-0.00122190954,FollowWall,following_right_wall,0,14,42,0.428232849,0.718321776,1,1,1,0.244562462,0.718120425,0.718120425,1,0,0,0,0
52.6,1.64161424,-1.54762762,-89.8450078,0.0799403428,-0.000894858713,FollowWall,following_right_wall,0,14,42,0.427869618,0.710282213,1,1,1,0.244673163,0.714131759,0.714131759,1,0,0,0,0
52.65,1.64162493,-1.55162354,-89.8485079,0.0799403428,-0.000894858713,FollowWall,following_right_wall,0,14,42,0.427869618,0.710282213,1,1,1,0.244673163,0.710141277,0.710141277,1,0,0,0,0
52.7,1.64163539,-1.5556199,-89.8516178,0.0799678628,-0.000482057293,FollowWall,following_right_wall,0,14,42,0.427540362,0.702267872,1,1,1,0.244744197,0.706149734,0.706149734,1,0,0,0,0
52.75,1.64164566,-1.55961711,-89.8540073,0.0799678628,-0.000482057293,FollowWall,following_right_wall,0,14,42,0.427540362,0.702267872,1,1,1,0.244744197,0.702156235,0.702156235,1,0,0,0,0
52.8,1.64165578,-1.56361481,-89.8559766,0.0799755263,0.000367105826,FollowWall,following_right_wall,0,14,42,0.427248359,0.694278934,1,1,1,0.244544119,0.698161595,0.698161595,1,0,0,0,0
52.85,1.6416658,-1.56761295,-89.8566871,0.0799755263,0.000367105826,FollowWall,following_right_wall,0,14,42,0.427248359,0.694278934,1,1,1,0.244544119,0.694164557,0.694164557,1,0,0,0,0
52.9,1.6416758,-1.57161135,-89.8566634,0.0799309605,0.00103559292,FollowWall,following_right_wall,0,14,42,0.427010775,0.686315396,1,1,1,0.244452804,0.69016612,0.69016612,1,0,0,0,0
52.95,1.64168585,-1.57560897,-89.8554135,0.0799309605,0.00103559292,FollowWall,following_right_wall,0,14,42,0.427010775,0.686315396,1,1,1,0.244452804,0.686166557,0.686166557,1,0,0,0,0
53,1.641696,-1.57960614,-89.8534481,0.0799335998,0.000996003071,FollowWall,following_right_wall,0,14,42,0.426833004,0.678253765,1,1,1,0.244809926,0.682166338,0.682166338,1,0,0,0,0
53.05,1.64170631,-1.5836031,-89.8511128,0.0799335998,0.000996003071,FollowWall,following_right_wall,0,14,42,0.426833004,0.678253765,1,1,1,0.244809926,0.678165754,0.678165754,1,0,0,0,0
53.1,1.64171678,-1.58759994,-89.8485617,0.0799531902,0.000702147004,FollowWall,following_right_wall,0,14,42,0.426695228,0.670190341,1,1,1,0.24516964,0.674164958,0.674164958,1,0,0,0,0
53.15,1.64172743,-1.59159711,-89.8462354,0.0799531902,0.000702147004,FollowWall,following_right_wall,0,14,42,0.426695228,0.670190341,1,1,1,0.24516964,0.670164175,0.670164175,1,0,0,0,0
53.2,1.64173823,-1.59559448,-89.8440402,0.0799641782,0.000537326753,FollowWall,following_right_wall,0,14,42,0.42657876,0.662156444,1,1,1,0.245205313,0.6661634,0.6661634,1,0,0,0,0
53.25,1.64174918,-1.5995922,-89.8421183,0.0799641782,0.000537326753,FollowWall,following_right_wall,0,14,42,0.42657876,0.662156444,1,1,1,0.245205313,0.662162705,0.662162705,1,0,0,0,0
53.3,1.64176026,-1.60359011,-89.8403559,0.0799294494,0.00105825972,FollowWall,following_right_wall,0,14,42,0.426480234,0.654152958,1,1,1,0.245070502,0.658162057,0.658162057,1,0,0,0,0
53.35,1.64177148,-1.60758741,-89.8380645,0.0799294494,0.00105825972,FollowWall,following_right_wall,0,14,42,0.426480234,0.654152958,1,1,1,0.245070502,0.654161196,0.654161196,1,0,0,0,0
53.4,1.64178286,-1.61158437,-89.8354647,0.0798953553,0.00156967108,FollowWall,following_right_wall,0,14,42,0.426421553,0.646178469,1,1,1,0.245053664,0.650160211,0.650160211,1,0,0,0,0
53.45,1.64179446,-1.6155804,-89.8320745,0.0798953553,0.00156967108,FollowWall,following_right_wall,0,14,42,0.426421553,0.646178469,1,1,1,0.245053664,0.646158917,0.646158917,1,0,0,0,0
53.5,1.6418063,-1.6195759,-89.8282232,0.0798568086,0.0021478706,FollowWall,following_right_wall,0,14,42,0.426415771,0.638232092,1,1,1,0.244916454,0.642157444,0.642157444,1,0,0,0,0
53.55,1.64181845,-1.62357028,-89.8234128,0.0798568086,0.0021478706,FollowWall,following_right_wall,0,14,42,0.426415771,0.638232092,1,1,1,0.244916454,0.638155598,0.638155598,1,0,0,0,0
53.6,1.64183094,-1.62756401,-89.8180429,0.0798191526,0.0027127114,FollowWall,following_right_wall,0,14,42,0.426470429,0.630313121,1,1,1,0.244700462,0.634153537,0.634153537,1,0,0,0,0
53.65,1.64184384,-1.63155658,-89.8116724,0.0798191526,0.0027127114,FollowWall,following_right_wall,0,14,42,0.426470429,0.630313121,1,1,1,0.244700462,0.630151089,0.630151089,1,0,0,0,0
53.7,1.64185721,-1.63554847,-89.8047182,0.0798123126,0.00281531108,FollowWall,following_right_wall,0,14,42,0.426589012,0.622374277,1,1,1,0.244695634,0.626148416,0.626148416,1,0,0,0,0
53.75,1.64187107,-1.63953981,-89.7973011,0.0798123126,0.00281531108,FollowWall,following_right_wall,0,14,42,0.426589012,0.622374277,1,1,1,0.244695634,0.622145566,0.622145566,1,0,0,0,0
53.8,1.64188546,-1.64353084,-89.7896139,0.0798004409,0.00299338624,FollowWall,following_right_wall,0,14,42,0.426758915,0.614301963,1,1,1,0.244565561,0.618142614,0.618142614,1,0,0,0,0
53.85,1.64190039,-1.64752144,-89.7815566,0.0798004409,0.00299338624,FollowWall,following_right_wall,0,14,42,0.426758915,0.614301963,1,1,1,0.244565561,0.614139522,0.614139522,1,0,0,0,0
53.9,1.64191589,-1.65151178,-89.7732834,0.0797775555,0.00333666759,FollowWall,following_right_wall,0,14,42,0.426975191,0.606259481,1,1,1,0.24425742,0.610136349,0.610136349,1,0,0,0,0
53.95,1.64193199,-1.6555015,-89.7644746,0.0797775555,0.00333666759,FollowWall,following_right_wall,0,14,42,0.426975191,0.606259481,1,1,1,0.24425742,0.606132971,0.606132971,1,0,0,0,0
54,1.6419487,-1.65949085,-89.7553532,0.0798067392,0.00289891179,FollowWall,following_right_wall,0,14,42,0.427241951,0.598247187,1,1,1,0.244386867,0.602129476,0.602129476,1,0,0,0,0
54.05,1.64196604,-1.6634806,-89.7465721,0.0798067392,0.00289891179,FollowWall,following_right_wall,0,14,42,0.427241951,0.598247187,1,1,1,0.244386867,0.598126117,0.598126117,1,0,0,0,0
54.1,1.64198399,-1.66747057,-89.7379894,0.0798634397,0.00204840395,FollowWall,following_right_wall,0,14,42,0.427537292,0.59026508,1,1,1,0.244740561,0.594122837,0.594122837,1,0,0,0,0
54.15,1.6420025,-1.67146186,-89.7305378,0.0798634397,0.00204840395,FollowWall,following_right_wall,0,14,42,0.427537292,0.59026508,1,1,1,0.244740561,0.590119999,0.590119999,1,0,0,0,0
54.2,1.64202151,-1.67545391,-89.7237459,0.0798858639,0.00171204162,FollowWall,following_right_wall,0,14,42,0.427834451,0.582312982,1,1,1,0.244745046,0.586117418,0.586117418,1,0,0,0,0
54.25,1.64204098,-1.67944687,-89.7177404,0.0798858639,0.00171204162,FollowWall,following_right_wall,0,14,42,0.427834451,0.582312982,1,1,1,0.244745046,0.582115144,0.582115144,1,0,0,0,0
54.3,1.64206084,-1.68344037,-89.7121935,0.0799251469,0.0011227964,FollowWall,following_right_wall,0,14,42,0.428136349,0.57439036,1,1,1,0.244897902,0.57811305,0.57811305,1,0,0,0,0
54.35,1.64208107,-1.68743499,-89.7076177,0.0799251469,0.0011227964,FollowWall,following_right_wall,0,14,42,0.428136349,0.57439036,1,1,1,0.244897902,0.574111333,0.574111333,1,0,0,0,0
54.4,1.6421016,-1.69143028,-89.7036081,0.0799773228,0.000340158111,FollowWall,following_right_wall,0,14,42,0.428438574,0.56649662,1,1,1,0.245164156,0.570109836,0.570109836,1,0,0,0,0
54.45,1.64212237,-1.69542703,-89.7008632,0.0799773228,0.000340158111,FollowWall,following_right_wall,0,14,42,0.428438574,0.56649662,1,1,1,0.245164156,0.56610883,0.56610883,1,0,0,0,0
54.5,1.64214331,-1.69942464,-89.698856,0.0799804865,-0.000292702058,FollowWall,following_right_wall,0,14,42,0.428730458,0.558511878,1,1,1,0.245331869,0.562108109,0.562108109,1,0,0,0,0
54.55,1.64216435,-1.70342281,-89.6980345,0.0799804865,-0.000292702058,FollowWall,following_right_wall,0,14,42,0.428730458,0.558511878,1,1,1,0.245331869,0.558108661,0.558108661,1,0,0,0,0
54.6,1.64218543,-1.70742132,-89.6979047,0.0799485282,-0.000772077685,FollowWall,following_right_wall,0,14,42,0.429010004,0.550458624,1,1,1,0.245399848,0.554109953,0.554109953,1,0,0,0,0
54.65,1.64220648,-1.71141935,-89.6987505,0.0799485282,-0.000772077685,FollowWall,following_right_wall,0,14,42,0.429010004,0.550458624,1,1,1,0.245399848,0.550113231,0.550113231,1,0,0,0,0
54.7,1.64222745,-1.71541711,-89.7001656,0.0798858053,-0.00171292107,FollowWall,following_right_wall,0,14,42,0.429280698,0.542437577,1,1,1,0.245763585,0.546117667,0.546117667,1,0,0,0,0
54.75,1.64224826,-1.7194134,-89.7030357,0.0798858053,-0.00171292107,FollowWall,following_right_wall,0,14,42,0.429280698,0.542437577,1,1,1,0.245763585,0.542125824,0.542125824,1,0,0,0,0
54.8,1.64226884,-1.72340884,-89.7067545,0.0798721762,-0.0019173569,FollowWall,following_right_wall,0,14,42,0.429528534,0.534452546,1,1,1,0.24565877,0.538136152,0.538136152,1,0,0,0,0
54.85,1.64228913,-1.72740349,-89.7112125,0.0798721762,-0.0019173569,FollowWall,following_right_wall,0,14,42,0.429528534,0.534452546,1,1,1,0.24565877,0.534148408,0.534148408,1,0,0,0,0
54.9,1.64230909,-1.73139769,-89.7161017,0.0798503792,-0.00224431213,FollowWall,following_right_wall,0,14,42,0.429766774,0.526322089,1,1,1,0.24535419,0.530161787,0.530161787,1,0,0,0,0
54.95,1.64232869,-1.73539117,-89.7216327,0.0798503792,-0.00224431213,FollowWall,following_right_wall,0,14,42,0.429766774,0.526322089,1,1,1,0.24535419,0.526176881,0.526176881,1,0,0,0,0
55,1.64234788,-1.73938423,-89.727538,0.0798170566,-0.00274415167,FollowWall,following_right_wall,0,14,42,0.429999769,0.518373597,1,1,1,0.245052457,0.522192974,0.522192974,1,0,0,0,0
55.05,1.64236663,-1.74337635,-89.7342584,0.0798170566,-0.00274415167,FollowWall,following_right_wall,0,14,42,0.429999769,0.518373597,1,1,1,0.245052457,0.518211268,0.518211268,1,0,0,0,0
55.1,1.6423849,-1.74736793,-89.7414542,0.0797365533,-0.00395170057,FollowWall,following_right_wall,0,14,42,0.430220872,0.510350854,1,1,1,0.245248228,0.514230845,0.514230845,1,0,0,0,0
55.15,1.64240259,-1.75135752,-89.7503688,0.0797365533,-0.00395170057,FollowWall,following_right_wall,0,14,42,0.430220872,0.510350854,1,1,1,0.245248228,0.510255082,0.510255082,1,0,0,0,0
55.2,1.64241962,-1.75534594,-89.7602859,0.07970275,-0.00445874978,FollowWall,following_right_wall,0,14,42,0.430402249,0.502369264,1,1,1,0.245511085,0.506282036,0.506282036,1,0,0,0,0
55.25,1.64243592,-1.75933298,-89.7713932,0.07970275,-0.00445874978,FollowWall,following_right_wall,0,14,42,0.430402249,0.502369264,1,1,1,0.245511085,0.502312218,0.502312218,1,0,0,0,0
55.3,1.64245141,-1.76331922,-89.7831946,0.0797180194,-0.00422970837,FollowWall,following_right_wall,0,14,42,0.430549085,0.49442676,1,1,1,0.245424911,0.498344282,0.498344282,1,0,0,0,0
55.35,1.64246608,-1.76730531,-89.7951277,0.0797180194,-0.00422970837,FollowWall,following_right_wall,0,14,42,0.430549085,0.49442676,1,1,1,0.245424911,0.494376701,0.494376701,1,0,0,0,0
55.4,1.64247991,-1.77129131,-89.8071374,0.079725614,-0.00411579049,FollowWall,following_right_wall,0,14,42,0.430689484,0.48651555,1,1,1,0.24547708,0.490409327,0.490409327,1,0,0,0,0
55.45,1.64249292,-1.77527742,-89.819056,0.079725614,-0.00411579049,FollowWall,following_right_wall,0,14,42,0.430689484,0.48651555,1,1,1,0.24547708,0.486441704,0.486441704,1,0,0,0,0
55.5,1.64250509,-1.77926359,-89.8309214,0.0797292898,-0.00406065245,FollowWall,following_right_wall,0,14,42,0.430833071,0.478632502,1,1,1,0.245616168,0.482473935,0.482473935,1,0,0,0,0
55.55,1.64251645,-1.78324988,-89.8426899,0.0797292898,-0.00406065245,FollowWall,following_right_wall,0,14,42,0.430833071,0.478632502,1,1,1,0.245616168,0.478505903,0.478505903,1,0,0,0,0
55.6,1.64252698,-1.78723624,-89.8544019,0.0797593045,-0.00361043274,FollowWall,following_right_wall,0,14,42,0.430978835,0.47077691,1,1,1,0.245546788,0.474537717,0.474537717,1,0,0,0,0
55.65,1.64253673,-1.79122327,-89.8655435,0.0797593045,-0.00361043274,FollowWall,following_right_wall,0,14,42,0.430978835,0.47077691,1,1,1,0.245546788,0.470567981,0.470567981,1,0,0,0,0
55.7,1.64254571,-1.79521068,-89.8763525,0.0798063899,-0.00290415164,FollowWall,following_right_wall,0,14,42,0.431136847,0.46284292,1,1,1,0.245342419,0.466597342,0.466597342,1,0,0,0,0
55.75,1.64255398,-1.7991993,-89.8861242,0.0798063899,-0.00290415164,FollowWall,following_right_wall,0,14,42,0.431136847,0.46284292,1,1,1,0.245342419,0.462623886,0.462623886,1,0,0,0,0
55.8,1.64256159,-1.80318863,-89.895291,0.0798294351,-0.00255847353,FollowWall,following_right_wall,0,14,42,0.431320041,0.454805718,1,1,1,0.245383516,0.458648787,0.458648787,1,0,0,0,0
55.85,1.64256859,-1.80717885,-89.9036923,0.0798294351,-0.00255847353,FollowWall,following_right_wall,0,14,42,0.431320041,0.454805718,1,1,1,0.245383516,0.454671608,0.454671608,1,0,0,0,0
55.9,1.64257502,-1.81116959,-89.9116469,0.0798923801,-0.00161429818,FollowWall,following_right_wall,0,14,42,0.431522042,0.446792504,1,1,1,0.245052457,0.450693217,0.450693217,1,0,0,0,0
55.95,1.64258094,-1.81516194,-89.9182141,0.0798923801,-0.00161429818,FollowWall,following_right_wall,0,14,42,0.431522042,0.446792504,1,1,1,0.245052457,0.446711057,0.446711057,1,0,0,0,0
56,1.64258644,-1.81915524,-89.9239719,0.079889034,-0.00166448977,FollowWall,following_right_wall,0,14,42,0.431755632,0.438800845,1,1,1,0.245365828,0.442726699,0.442726699,1,0,0,0,0
56.05,1.64259156,-1.82314901,-89.9293174,0.079889034,-0.00166448977,FollowWall,following_right_wall,0,14,42,0.431755632,0.438800845,1,1,1,0.245365828,0.438741221,0.438741221,1,0,0,0,0
56.1,1.64259631,-1.82714307,-89.9344225,0.0798965625,-0.00155156274,FollowWall,following_right_wall,0,14,42,0.43199718,0.430835311,1,1,1,0.245599598,0.43475509,0.43475509,1,0,0,0,0
56.15,1.64260071,-1.83113745,-89.9392525,0.0798965625,-0.00155156274,FollowWall,following_right_wall,0,14,42,0.43199718,0.430835311,1,1,1,0.245599598,0.430768211,0.430768211,1,0,0,0,0
56.2,1.64260478,-1.83513201,-89.943922,0.0799561884,-0.000657174044,FollowWall,following_right_wall,0,14,42,0.432235122,0.422897536,1,1,1,0.24536109,0.426780897,0.426780897,1,0,0,0,0
56.25,1.64260857,-1.83912793,-89.9474304,0.0799561884,-0.000657174044,FollowWall,following_right_wall,0,14,42,0.432235122,0.422897536,1,1,1,0.24536109,0.422790428,0.422790428,1,0,0,0,0
56.3,1.64261214,-1.84312463,-89.9502613,0.0799715181,-0.000427228526,FollowWall,following_right_wall,0,14,42,0.432489812,0.414935208,1,1,1,0.245562389,0.41879812,0.41879812,1,0,0,0,0
56.35,1.64261553,-1.84712212,-89.9524227,0.0799715181,-0.000427228526,FollowWall,following_right_wall,0,14,42,0.432489812,0.414935208,1,1,1,0.245562389,0.414803992,0.414803992,1,0,0,0,0
56.4,1.64261879,-1.85112006,-89.9541935,0.0799785095,-0.000322357172,FollowWall,following_right_wall,0,14,42,0.432751983,0.406895623,1,1,1,0.245860398,0.410808803,0.410808803,1,0,0,0,0
56.45,1.64262194,-1.8551184,-89.9556112,0.0799785095,-0.000322357172,FollowWall,following_right_wall,0,14,42,0.432751983,0.406895623,1,1,1,0.245860398,0.406812656,0.406812656,1,0,0,0,0
56.5,1.64262499,-1.85911699,-89.956823,0.0799901596,-0.000147605474,FollowWall,following_right_wall,0,14,42,0.43300879,0.398881953,1,1,1,0.246140689,0.402815949,0.402815949,1,0,0,0,0
56.55,1.64262798,-1.86311596,-89.9577061,0.0799901596,-0.000147605474,FollowWall,following_right_wall,0,14,42,0.43300879,0.398881953,1,1,1,0.246140689,0.398818348,0.398818348,1,1,0,0,0
56.6,1.6426309,-1.86711516,-89.9583974,0.0799699383,0.000450924974,FollowWall,following_right_wall,0,14,42,0.433255881,0.390895165,1,1,1,0.246171311,0.394820227,0.394820227,1,1,0,0,0
56.65,1.64263381,-1.87111406,-89.9582624,0.0799699383,0.000450924974,FollowWall,following_right_wall,0,14,42,0.433255881,0.390895165,1,1,1,0.246171311,0.390821114,0.390821114,1,1,0,0,0
56.7,1.64263675,-1.8751128,-89.9576454,0.0799845262,0.000232107526,FollowWall,following_right_wall,0,14,42,0.433504462,0.382880282,1,1,1,0.246335849,0.386821423,0.386821423,1,1,0,0,0
56.75,1.64263973,-1.87911173,-89.9570084,0.0799845262,0.000232107526,FollowWall,following_right_wall,0,14,42,0.433504462,0.382880282,1,1,1,0.246335849,0.382821495,0.382821495,1,1,0,0,0
56.8,1.64264275,-1.88311079,-89.9563598,0.0799977464,3.38034343e-05,FollowWall,following_right_wall,0,14,42,0.433735222,0.374884215,1,1,1,0.246455014,0.37882143,0.37882143,1,1,0,0,0
56.85,1.64264581,-1.8871102,-89.9559411,0.0799977464,3.38034343e-05,FollowWall,following_right_wall,0,14,42,0.433735222,0.374884215,1,1,1,0.246455014,0.374821377,0.374821377,1,1,0,0,0
56.9,1.6426489,-1.8911098,-89.9556565,0.0799485929,0.000771106948,FollowWall,following_right_wall,0,14,42,0.433935434,0.366917452,1,1,1,0.246113122,0.370821331,0.370821331,1,1,0,0,0
56.95,1.64265203,-1.8951085,-89.95457,0.0799485929,0.000771106948,FollowWall,following_right_wall,0,14,42,0.433935434,0.366917452,1,1,1,0.246113122,0.366820946,0.366820946,1,1,0,0,0
57,1.64265525,-1.89910667,-89.9530158,0.0798795034,0.00180744867,FollowWall,following_right_wall,0,14,42,0.429283559,0.358981086,1,1,1,0.245771796,0.362820364,0.362820364,1,1,0,0,0
57.05,1.64265864,-1.90310309,-89.9499517,0.0798795034,0.00180744867,FollowWall,following_right_wall,0,14,42,0.429283559,0.358981086,1,1,1,0.245771796,0.358819185,0.358819185,1,1,0,0,0
57.1,1.64266226,-1.90709849,-89.9460068,0.0798324733,0.00251290091,FollowWall,following_right_wall,0,14,42,0.421279341,0.350921013,1,1,1,0.24554424,0.354817659,0.354817659,1,1,0,0,0
57.15,1.64266621,-1.91109231,-89.9407061,0.0798324733,0.00251290091,FollowWall,following_right_wall,0,14,42,0.421279341,0.350921013,1,1,1,0.24554424,0.350815602,0.350815602,1,1,0,0,0
57.2,1.64267056,-1.91508522,-89.9346145,0.0798240459,0.0026393118,FollowWall,following_right_wall,0,14,42,0.413242906,0.342891928,1,1,1,0.245592386,0.346813237,0.346813237,1,1,0,0,0
57.25,1.64267535,-1.91907742,-89.9279106,0.0798240459,0.0026393118,FollowWall,following_right_wall,0,14,42,0.413242906,0.342891928,1,1,1,0.245592386,0.342810634,0.342810634,1,1,0,0,0
57.3,1.64268062,-1.9230692,-89.9208495,0.0797985136,0.00302229615,FollowWall,following_right_wall,0,14,42,0.405239731,0.334893715,1,1,1,0.245392323,0.338807892,0.338807892,1,1,0,0,0
57.35,1.6426864,-1.9270602,-89.9131229,0.0797985136,0.00302229615,FollowWall,following_right_wall,0,14,42,0.405239731,0.334893715,1,1,1,0.245392323,0.334804892,0.334804892,1,1,0,0,0
57.4,1.64269273,-1.93105075,-89.9050082,0.0797925054,0.00311241928,FollowWall,following_right_wall,0,14,42,0.397269458,0.326926403,1,1,1,0.245309159,0.330801743,0.330801743,1,1,0,0,0
57.45,1.64269964,-1.93504092,-89.8965594,0.0797925054,0.00311241928,FollowWall,following_right_wall,0,14,42,0.397269458,0.326926403,1,1,1,0.245309159,0.326798466,0.326798466,1,1,0,0,0
57.5,1.64270714,-1.93903085,-89.8879158,0.0798108074,0.00283788927,FollowWall,following_right_wall,0,14,42,0.389330715,0.318989578,1,1,1,0.24540095,0.322795115,0.322795115,1,1,0,0,0
57.55,1.64271524,-1.94302104,-89.8794862,0.0798108074,0.00283788927,FollowWall,following_right_wall,0,14,42,0.389330715,0.318989578,1,1,1,0.24540095,0.318791848,0.318791848,1,1,0,0,0
57.6,1.64272393,-1.94701136,-89.8711814,0.0798391319,0.00241302119,FollowWall,following_right_wall,0,14,42,0.381420851,0.310939932,1,1,1,0.245548174,0.314788633,0.314788633,1,1,0,0,0
57.65,1.64273317,-1.95100237,-89.8634567,0.0798391319,0.00241302119,FollowWall,following_right_wall,0,14,42,0.381420851,0.310939932,1,1,1,0.245548174,0.310785644,0.310785644,1,1,0,0,0
57.7,1.64274294,-1.95499376,-89.8560702,0.0798257088,0.00261436742,FollowWall,following_right_wall,0,14,42,0.37353754,0.302902344,1,1,1,0.245256573,0.306782789,0.306782789,1,1,0,0,0
57.75,1.64275322,-1.9589851,-89.8486408,0.0798257088,0.00261436742,FollowWall,following_right_wall,0,14,42,0.37353754,0.302902344,1,1,1,0.245256573,0.302779919,0.302779919,1,1,0,0,0
57.8,1.64276403,-1.96297641,-89.8411863,0.0798544991,0.0021825135,FollowWall,following_right_wall,0,14,42,0.365682036,0.294894937,1,1,1,0.245335981,0.298777042,0.298777042,1,1,0,0,0
57.85,1.64277533,-1.96696831,-89.8342326,0.0798544991,0.0021825135,FollowWall,following_right_wall,0,14,42,0.365682036,0.294894937,1,1,1,0.245335981,0.29477436,0.29477436,1,1,0,0,0
57.9,1.64278712,-1.97096054,-89.8275711,0.079898312,0.00152532046,FollowWall,following_right_wall,0,14,42,0.357687205,0.286918003,1,1,1,0.24553214,0.290771794,0.290771794,1,1,0,0,0
57.95,1.64279933,-1.97495388,-89.8218646,0.079898312,0.00152532046,FollowWall,following_right_wall,0,14,42,0.357687205,0.286918003,1,1,1,0.24553214,0.2867696,0.2867696,1,1,0,0,0
58,1.64281193,-1.97894787,-89.816715,0,0.6,TurnLeft,avoiding_front_obstacle,0,14,42,0.349524021,0.278971425,1,1,1,0.245605513,0.282767624,0.282767624,1,1,0,0,0
58.05,1.642834,-1.9812776,-89.0975139,0,0.6,TurnLeft,avoiding_front_obstacle,0,14,42,0.349524021,0.278971425,1,1,1,0.245605513,0.279325301,0.279325301,1,1,0,0,0
58.1,1.64286888,-1.98263623,-87.9617826,0,0.6,TurnLeft,avoiding_front_obstacle,0,14,42,0.345616311,0.272038254,1,1,1,0.245576337,0.276222433,0.276222433,1,1,0,0,0
58.15,1.6429066,-1.98342812,-86.5830755,0,0.6,TurnLeft,avoiding_front_obstacle,0,14,42,0.345616311,0.272038254,1,1,1,0.245576337,0.273334924,0.273334924,1,1,0,0,0
58.2,1.64294029,-1.98388935,-85.0626324,0,0.6,TurnLeft,avoiding_front_obstacle,0,14,42,0.344015479,0.26648185,1,1,1,0.243588358,0.270591714,0.270591714,1,1,0,0,0
58.25,1.64296727,-1.98415777,-83.45951,0,0.6,TurnLeft,avoiding_front_obstacle,0,14,42,0.344015479,0.26648185,1,1,1,0.243588358,0.267951975,0.267951975,1,1,0,0,0
58.3,1.64298744,-1.98431384,-81.8081581,0,0.6,TurnLeft,avoiding_front_obstacle,0,14,42,0.343793571,0.262278401,1,1,1,0.242788315,0.265392463,0.265392463,1,1,0,0,0
58.35,1.64300185,-1.9844045,-80.1286722,0,0.6,TurnLeft,avoiding_front_obstacle,0,14,42,0.343793571,0.262278401,1,1,1,0.242788315,0.262900272,0.262900272,1,1,0,0,0
58.4,1.64301181,-1.98445711,-78.4327748,0,0.6,TurnLeft,avoiding_front_obstacle,0,14,42,0.342986137,0.259318911,1,1,1,0.242804617,0.260468605,0.260468605,1,1,0,0,0
58.45,1.64301853,-1.98448761,-76.7273041,0,0.6,TurnLeft,avoiding_front_obstacle,0,14,42,0.342986137,0.259318911,1,1,1,0.242804617,0.258094278,0.258094278,1,1,0,0,0
58.5,1.64302298,-1.98450528,-75.016249,0,0.6,TurnLeft,avoiding_front_obstacle,0,14,42,0.342808723,0.257518531,1,0,1,0.244017884,0.255776233,0.255776233,1,1,0,0,0
58.55,1.64302588,-1.98451551,-73.3019362,0,0.6,TurnLeft,avoiding_front_obstacle,0,14,42,0.342808723,0.257518531,1,0,1,0.244017884,0.253514661,0.253514661,1,1,0,0,0
58.6,1.64302775,-1.98452142,-71.5857232,0,0.6,TurnLeft,avoiding_front_obstacle,0,14,42,0.342087567,0.25682954,1,0,1,0.246178165,0.251310474,0.251310474,1,1,0,0,0
58.65,1.64302894,-1.98452484,-69.8684017,0,0.6,TurnLeft,avoiding_front_obstacle,0,14,42,0.342087567,0.25682954,1,0,1,0.246178165,0.249164989,0.249164989,1,1,0,0,0
58.7,1.6430297,-1.98452681,-68.1504336,0,0.6,TurnLeft,avoiding_front_obstacle,0,14,42,0.341567844,0.257235253,1,0,1,0.249522373,0.247079742,0.247079742,1,1,0,0,0
58.75,1.64303017,-1.98452794,-66.4320883,0,0.6,TurnLeft,avoiding_front_obstacle,0,14,42,0.341567844,0.257235253,1,0,1,0.249522373,0.245056378,0.245056378,1,1,0,0,0
58.8,1.64303047,-1.98452859,-64.713523,0,0.6,TurnLeft,avoiding_front_obstacle,0,14,42,0.340443164,0.25874441,1,0,1,0.254213005,0.243096579,0.243096579,1,1,0,0,0
58.85,1.64303066,-1.98452897,-62.9948293,0,0.6,TurnLeft,avoiding_front_obstacle,0,14,42,0.340443164,0.25874441,1,0,1,0.254213005,0.241202028,0.241202028,1,1,0,0,0
58.9,1.64303077,-1.98452919,-61.2760607,0,0.6,TurnLeft,avoiding_front_obstacle,0,14,42,0.340041071,0.261388618,1,0,1,0.260421634,0.239374382,0.239374382,1,1,0,0,0
58.95,1.64303084,-1.98452931,-59.5572485,0,0.6,TurnLeft,avoiding_front_obstacle,0,14,42,0.340041071,0.261388618,1,0,1,0.260421634,0.237615258,0.237615258,1,1,0,0,0
59,1.64303088,-1.98452938,-57.8384107,0,0.6,TurnLeft,avoiding_front_obstacle,0,14,42,0.338591695,0.265222373,1,0,1,0.268097609,0.235926221,0.235926221,1,1,0,0,0
59.05,1.64303091,-1.98452942,-56.1195582,0,0.6,TurnLeft,avoiding_front_obstacle,0,14,42,0.338591695,0.265222373,1,0,1,0.268097609,0.234308783,0.234308783,1,1,0,0,0
59.1,1.64303093,-1.98452944,-54.4006969,0,0.6,TurnLeft,avoiding_front_obstacle,0,14,42,0.337863177,0.270323953,1,0,1,0.277467132,0.232764393,0.232764393,1,1,0,0,0
59.15,1.64303094,-1.98452946,-52.6818306,0,0.6,TurnLeft,avoiding_front_obstacle,0,14,42,0.337863177,0.270323953,1,0,1,0.277467132,0.231294438,0.231294438,1,1,0,0,0
59.2,1.64303094,-1.98452947,-50.9629613,0,0.6,TurnLeft,avoiding_front_obstacle,0,14,42,0.338273585,0.276370922,1,0,1,0.288824916,0.229900238,0.229900238,1,1,0,0,0
59.25,1.64303095,-1.98452947,-49.2440904,0,0.6,TurnLeft,avoiding_front_obstacle,0,14,42,0.338273585,0.276370922,1,0,1,0.288824916,0.228583047,0.228583047,1,1,0,0,0
59.3,1.64303095,-1.98452947,-47.5252184,0,0.6,TurnLeft,avoiding_front_obstacle,0,14,42,0.339841783,0.284805175,1,0,1,0.302558631,0.22734405,0.22734405,1,1,0,0,0
59.35,1.64303095,-1.98452947,-45.8063458,0,0.6,TurnLeft,avoiding_front_obstacle,0,14,42,0.339841783,0.284805175,1,0,1,0.302558631,0.226184362,0.226184362,1,1,0,0,0
59.4,1.64303095,-1.98452947,-44.0874729,0,0.6,TurnLeft,avoiding_front_obstacle,0,14,42,0.342608303,0.294509135,1,0,1,0.319184542,0.225105025,0.225105025,1,1,0,0,0
59.45,1.64303095,-1.98452948,-42.3685998,0,0.6,TurnLeft,avoiding_front_obstacle,0,14,42,0.342608303,0.294509135,1,0,1,0.319184542,0.224107012,0.224107012,1,1,0,0,0
59.5,1.64303095,-1.98452948,-40.6497266,0,0.6,TurnLeft,avoiding_front_obstacle,0,14,42,0.346637368,0.320201706,1,0,1,0.339401782,0.223191219,0.223191219,1,1,0,0,0
59.55,1.64303095,-1.98452948,-38.9308533,0,0.6,TurnLeft,avoiding_front_obstacle,0,14,42,0.346637368,0.320201706,1,0,1,0.339401782,0.222358472,0.222358472,1,1,0,0,0
59.6,1.64303095,-1.98452948,-37.21198,0,0.6,TurnLeft,avoiding_front_obstacle,0,14,42,0.352019966,0.323706162,1,0,1,0.36184898,0.22160952,0.22160952,1,1,0,0,0
59.65,1.64303095,-1.98452948,-35.4931066,0,0.6,TurnLeft,avoiding_front_obstacle,0,14,42,0.352019966,0.323706162,1,0,1,0.36184898,0.220945036,0.220945036,1,1,0,0,0
59.7,1.64303095,-1.98452948,-33.7742332,0,0.6,TurnLeft,avoiding_front_obstacle,0,14,42,0.358878523,0.316460719,1,0,1,0.35950774,0.220365618,0.220365618,1,1,0,0,0
59.75,1.64303095,-1.98452948,-32.0553599,0,0.6,TurnLeft,avoiding_front_obstacle,0,14,42,0.358878523,0.316460719,1,0,1,0.35950774,0.219871789,0.219871789,1,1,0,0,0
59.8,1.64303095,-1.98452948,-30.3364865,0,0.6,TurnLeft,avoiding_front_obstacle,0,14,42,0.367373616,0.310773593,1,0,1,0.359458178,0.219463992,0.219463992,1,1,0,0,0
59.85,1.64303095,-1.98452948,-28.6176131,0,0.6,TurnLeft,avoiding_front_obstacle,0,14,42,0.367373616,0.310773593,1,0,1,0.359458178,0.219142594,0.219142594,1,1,0,0,0
59.9,1.64303095,-1.98452948,-26.8987397,0,0.6,TurnLeft,avoiding_front_obstacle,0,14,42,0.377713054,0.306524168,1,0,1,0.356444597,0.218907885,0.218907885,1,1,0,0,0
59.95,1.64303095,-1.98452948,-25.1798663,0,0.6,TurnLeft,avoiding_front_obstacle,0,14,42,0.377713054,0.306524168,1,0,1,0.356444597,0.218760076,0.218760076,1,1,0,0,0
60,1.64303095,-1.98452948,-23.460993,0,0.6,TurnLeft,avoiding_front_obstacle,0,14,42,0.382653832,0.303623897,1,0,1,0.354297787,0.218699299,0.218699299,1,1,0,0,0
60.05,1.64303095,-1.98452948,-21.7421196,0,0.6,TurnLeft,avoiding_front_obstacle,0,14,42,0.382653832,0.303623897,1,0,1,0.354297787,0.218725611,0.218699299,1,1,0,0,0
60.1,1.64303095,-1.98452948,-20.0232462,0,0.6,TurnLeft,avoiding_front_obstacle,0,14,42,0.383312017,0.301970384,1,0,1,0.348656654,0.218838986,0.218699299,1,1,0,0,0
60.15,1.64303095,-1.98452948,-18.3043728,0,0.6,TurnLeft,avoiding_front_obstacle,0,14,42,0.383312017,0.301970384,1,0,1,0.348656654,0.219039323,0.218699299,1,1,0,0,0
60.2,1.64303095,-1.98452948,-16.5854994,0,0.6,TurnLeft,avoiding_front_obstacle,0,14,42,0.38375333,0.301231558,1,0,1,0.340461791,0.219326442,0.218699299,1,1,0,0,0
60.25,1.64303095,-1.98452948,-14.866626,0,0.6,TurnLeft,avoiding_front_obstacle,0,14,42,0.38375333,0.301231558,1,0,1,0.340461791,0.219700083,0.218699299,1,1,0,0,0
60.3,1.64303095,-1.98452948,-13.1477526,0,0.6,TurnLeft,avoiding_front_obstacle,0,14,42,0.384724975,0.301737416,1,0,1,0.33284986,0.220159912,0.218699299,1,1,0,0,0
60.35,1.64303095,-1.98452948,-11.4288793,0,0.6,TurnLeft,avoiding_front_obstacle,0,14,42,0.384724975,0.301737416,1,0,1,0.33284986,0.220705514,0.218699299,1,1,0,0,0
60.4,1.64303095,-1.98452948,-9.71000588,0,0.6,TurnLeft,avoiding_front_obstacle,0,14,42,0.384526521,0.303492476,1,0,1,0.325866282,0.221336398,0.218699299,1,1,0,0,0
60.45,1.64303095,-1.98452948,-7.99113249,0,0.6,TurnLeft,avoiding_front_obstacle,0,14,42,0.384526521,0.303492476,1,0,1,0.325866282,0.222051996,0.218699299,1,1,0,0,0
60.5,1.64303095,-1.98452948,-6.27225911,0,0.6,TurnLeft,avoiding_front_obstacle,0,14,42,0.385179609,0.306524026,1,0,1,0.322888464,0.222851665,0.218699299,1,1,0,0,0
60.55,1.64303095,-1.98452948,-4.55338572,0,0.6,TurnLeft,avoiding_front_obstacle,0,14,42,0.385179609,0.306524026,1,0,1,0.322888464,0.223734684,0.218699299,1,1,0,0,0
60.6,1.64303095,-1.98452948,-2.83451234,0,0.6,TurnLeft,avoiding_front_obstacle,0,14,42,0.385062307,0.310883184,1,0,1,0.32158643,0.22470026,0.218699299,1,1,0,0,0
60.65,1.64303095,-1.98452948,-1.11563895,0,0.6,TurnLeft,avoiding_front_obstacle,0,14,42,0.385062307,0.310883184,1,0,1,0.32158643,0.225747523,0.218699299,1,1,0,0,0
60.7,1.64303095,-1.98452948,0.603234434,0,0.6,TurnLeft,avoiding_front_obstacle,0,14,42,0.385505378,0.31427355,1,0,1,0.318555981,0.225401577,0.218699299,1,1,0,0,0
60.75,1.64303095,-1.98452948,2.32210782,0,0.6,TurnLeft,avoiding_front_obstacle,0,14,42,0.385505378,0.31427355,1,0,1,0.318555981,0.22241084,0.218699299,1,1,0,0,0
60.8,1.64303095,-1.98452948,4.0409812,0,0.6,TurnLeft,avoiding_front_obstacle,0,14,42,0.385218143,0.309084056,1,0,1,0.317331105,0.21950385,0.218699299,1,1,0,0,0
60.85,1.64303095,-1.98452948,5.75985459,0,0.6,TurnLeft,avoiding_front_obstacle,0,14,42,0.385218143,0.309084056,1,0,1,0.317331105,0.216683224,0.216683224,1,1,0,0,0
60.9,1.64303095,-1.98452948,7.47872798,0,0.6,TurnLeft,avoiding_front_obstacle,0,14,42,0.384797633,0.305139976,1,0,1,0.315277994,0.213951499,0.213951499,1,1,0,0,0
60.95,1.64303095,-1.98452948,9.19760136,0,0.6,TurnLeft,avoiding_front_obstacle,0,14,42,0.384797633,0.305139976,1,0,1,0.315277994,0.211311135,0.211311135,1,1,0,0,0
61,1.64303095,-1.98452948,10.9164747,0,0.6,TurnLeft,avoiding_front_obstacle,0,14,42,0.384605259,0.302502808,1,0,1,0.31532684,0.208764507,0.208764507,1,1,0,0,0
61.05,1.64303095,-1.98452948,12.6353481,0,0.6,TurnLeft,avoiding_front_obstacle,0,14,42,0.384605259,0.302502808,1,0,1,0.31532684,0.206313908,0.206313908,1,1,0,0,0
61.1,1.64303095,-1.98452948,14.3542215,0,0.6,TurnLeft,avoiding_front_obstacle,0,14,42,0.384275675,0.29822951,1,0,1,0.318654627,0.203961542,0.203961542,1,1,0,0,0
61.15,1.64303095,-1.98452948,16.0730949,0,0.6,TurnLeft,avoiding_front_obstacle,0,14,42,0.384275675,0.29822951,1,0,1,0.318654627,0.201709527,0.201709527,1,1,0,0,0
61.2,1.64303095,-1.98452948,17.7919683,0,0.6,TurnLeft,avoiding_front_obstacle,0,14,42,0.383753419,0.297335741,1,0,1,0.322628647,0.199559888,0.199559888,1,1,0,0,0
61.25,1.64303095,-1.98452948,19.5108417,0,0.6,TurnLeft,avoiding_front_obstacle,0,14,42,0.383753419,0.297335741,1,0,1,0.322628647,0.197514562,0.197514562,1,1,0,0,0
61.3,1.64303095,-1.98452948,21.2297151,0,0.6,TurnLeft,avoiding_front_obstacle,0,14,42,0.382904112,0.297672093,1,0,1,0.32830289,0.195575388,0.195575388,1,1,0,0,0
61.35,1.64303095,-1.98452948,22.9485884,0,0.6,TurnLeft,avoiding_front_obstacle,0,14,42,0.382904112,0.297672093,1,0,1,0.32830289,0.193744111,0.193744111,1,1,0,0,0
61.4,1.64303095,-1.98452948,24.6674618,0,0.6,TurnLeft,avoiding_front_obstacle,0,14,42,0.382677764,0.304518469,1,0,1,0.335060269,0.192022381,0.192022381,1,1,0,0,0
61.45,1.64303095,-1.98452948,26.3863352,0,0.6,TurnLeft,avoiding_front_obstacle,0,14,42,0.382677764,0.304518469,1,0,1,0.335060269,0.190411745,0.190411745,1,1,0,0,0
61.5,1.64303095,-1.98452948,28.1052086,0,0.6,TurnLeft,avoiding_front_obstacle,0,14,42,0.381202817,0.308238532,1,0,1,0.343500376,0.188913653,0.188913653,1,1,0,0,0
61.55,1.64303095,-1.98452948,29.824082,0,0.6,TurnLeft,avoiding_front_obstacle,0,14,42,0.381202817,0.308238532,1,0,1,0.343500376,0.187529454,0.187529454,1,1,0,0,0
61.6,1.64303095,-1.98452948,31.5429554,0,0.6,TurnLeft,avoiding_front_obstacle,0,14,42,0.380694896,0.313359628,1,0,1,0.353848308,0.186260394,0.186260394,1,1,0,0,0
61.65,1.64303095,-1.98452948,33.2618288,0,0.6,TurnLeft,avoiding_front_obstacle,0,14,42,0.380694896,0.313359628,1,0,1,0.353848308,0.185107614,0.185107614,1,1,0,0,0
61.7,1.64303095,-1.98452948,34.9807021,0,0.6,TurnLeft,avoiding_front_obstacle,0,14,42,0.379806042,0.319988166,1,0,1,0.366395473,0.184072151,0.184072151,1,1,0,0,0
61.75,1.64303095,-1.98452948,36.6995755,0,0.6,TurnLeft,avoiding_front_obstacle,0,14,42,0.379806042,0.319988166,1,0,1,0.366395473,0.183154939,0.183154939,1,1,0,0,0
61.8,1.64303095,-1.98452948,38.4184489,0,0.6,TurnLeft,avoiding_front_obstacle,0,14,42,0.380204916,0.32826596,1,0,1,0.381520659,0.182356801,0.182356801,1,1,0,0,0
61.85,1.64303095,-1.98452948,40.1373223,0,0.6,TurnLeft,avoiding_front_obstacle,0,14,42,0.380204916,0.32826596,1,0,1,0.381520659,0.181678457,0.181678457,1,1,0,0,0
61.9,1.64303095,-1.98452948,41.8561957,0,0.6,TurnLeft,avoiding_front_obstacle,0,14,42,0.381909579,0.338377765,1,0,1,0.399720401,0.181120517,0.181120517,1,1,0,0,0
61.95,1.64303095,-1.98452948,43.5750691,0,0.6,TurnLeft,avoiding_front_obstacle,0,14,42,0.381909579,0.338377765,1,0,1,0.399720401,0.180683482,0.180683482,1,1,0,0,0
62,1.64303095,-1.98452948,45.2939425,0,0.6,TurnLeft,avoiding_front_obstacle,0,14,42,0.384962469,0.350561819,1,0,1,0.421653748,0.180367747,0.180367747,1,1,0,0,0
62.05,1.64303095,-1.98452948,47.0128158,0,0.6,TurnLeft,avoiding_front_obstacle,0,14,42,0.384962469,0.350561819,1,0,1,0.421653748,0.180173595,0.180173595,1,1,0,0,0
62.1,1.64303095,-1.98452948,48.7316892,0,0.6,TurnLeft,avoiding_front_obstacle,0,14,42,0.389432281,0.373903419,1,0,1,0.428632408,0.180101202,0.180101202,1,1,0,0,0
62.15,1.64303095,-1.98452948,50.4505626,0,0.6,TurnLeft,avoiding_front_obstacle,0,14,42,0.389432281,0.373903419,1,0,1,0.428632408,0.180150631,0.180101202,1,1,0,0,0
62.2,1.64303095,-1.98452948,52.169436,0,0.6,TurnLeft,avoiding_front_obstacle,0,14,42,0.395417422,0.403195189,1,0,1,0.42483151,0.18032184,0.180101202,1,1,0,0,0
62.25,1.64303095,-1.98452948,53.8883094,0,0.6,TurnLeft,avoiding_front_obstacle,0,14,42,0.395417422,0.403195189,1,0,1,0.42483151,0.180614673,0.180101202,1,1,0,0,0
62.3,1.64303095,-1.98452948,55.6071828,0,0.6,TurnLeft,avoiding_front_obstacle,0,14,42,0.402942926,0.426488422,1,0,1,0.424340546,0.181028867,0.180101202,1,1,0,0,0
62.35,1.64303095,-1.98452948,57.3260562,0,0.6,TurnLeft,avoiding_front_obstacle,0,14,42,0.402942926,0.426488422,1,0,1,0.424340546,0.18156405,0.180101202,1,1,0,0,0
62.4,1.64303095,-1.98452948,59.0449295,0,0.6,TurnLeft,avoiding_front_obstacle,0,14,42,0.411881506,0.475071903,1,0,1,0.424083978,0.182219739,0.180101202,1,1,0,0,0
62.45,1.64303095,-1.98452948,60.7638029,0,0.6,TurnLeft,avoiding_front_obstacle,0,14,42,0.411881506,0.475071903,1,0,1,0.424083978,0.182995345,0.180101202,1,1,0,0,0
62.5,1.64303095,-1.98452948,62.4826763,0,0.6,TurnLeft,avoiding_front_obstacle,0,14,42,0.422815979,0.522602327,1,0,1,0.419004202,0.18389017,0.180101202,1,1,0,0,0
62.55,1.64303095,-1.98452948,64.2015497,0,0.6,TurnLeft,avoiding_front_obstacle,0,14,42,0.422815979,0.522602327,1,0,1,0.419004202,0.184903408,0.180101202,1,1,0,0,0
62.6,1.64303095,-1.98452948,65.9204231,0,0.6,TurnLeft,avoiding_front_obstacle,0,14,42,0.436023057,0.592055587,1,0,1,0.405529499,0.186034148,0.180101202,1,1,0,0,0
62.65,1.64303095,-1.98452948,67.6392965,0,0.6,TurnLeft,avoiding_front_obstacle,0,14,42,0.436023057,0.592055587,1,0,1,0.405529499,0.187281372,0.180101202,1,1,0,0,0
62.7,1.64303095,-1.98452948,69.3581698,0,0.6,TurnLeft,avoiding_front_obstacle,0,14,42,0.451859891,0.679506455,1,0,1,0.394112736,0.188643958,0.180101202,1,1,0,0,0
62.75,1.64303095,-1.98452948,71.0770432,0,0.6,TurnLeft,avoiding_front_obstacle,0,14,42,0.451859891,0.679506455,1,0,1,0.394112736,0.190120678,0.180101202,1,1,0,0,0
62.8,1.64303095,-1.98452948,72.7959166,0,0.6,TurnLeft,avoiding_front_obstacle,0,14,42,0.470789582,0.807484539,1,0,1,0.384530306,0.191710206,0.180101202,1,1,0,0,0
62.85,1.64303095,-1.98452948,74.51479,0,0.6,TurnLeft,avoiding_front_obstacle,0,14,42,0.470789582,0.807484539,1,0,1,0.384530306,0.193411109,0.180101202,1,1,0,0,0
62.9,1.64303095,-1.98452948,76.2336634,0,0.6,TurnLeft,avoiding_front_obstacle,0,14,42,0.493418604,1.02077756,1,0,1,0.376493603,0.195221857,0.180101202,1,1,0,0,0
62.95,1.64303095,-1.98452948,77.9525368,0,0.6,TurnLeft,avoiding_front_obstacle,0,14,42,0.493418604,1.02077756,1,0,1,0.376493603,0.197140821,0.180101202,1,1,0,0,0
63,1.64303095,-1.98452948,79.6714102,0,0.6,TurnLeft,avoiding_front_obstacle,0,14,42,0.519589245,1.35984854,1,0,1,0.369111657,0.199166274,0.180101202,1,1,0,0,0
63.05,1.64303095,-1.98452948,81.3902835,0,0.6,TurnLeft,avoiding_front_obstacle,0,14,42,0.519589245,1.35984854,1,0,1,0.369111657,0.201296393,0.180101202,1,1,0,0,0
63.1,1.64303095,-1.98452948,83.1091569,0,0.6,TurnLeft,avoiding_front_obstacle,0,14,42,0.522259474,2.05885413,1,0,1,0.365292996,0.203529261,0.180101202,1,1,0,0,0
63.15,1.64303095,-1.98452948,84.8280303,0,0.6,TurnLeft,avoiding_front_obstacle,0,14,42,0.522259474,2.05885413,1,0,1,0.365292996,0.205862868,0.180101202,1,1,0,0,0
63.2,1.64303095,-1.98452948,86.5469037,0,0.6,TurnLeft,avoiding_front_obstacle,0,14,42,0.473114222,2.24153974,1,0,1,0.362986565,0.208295115,0.180101202,1,1,0,0,0
63.25,1.64303095,-1.98452948,88.2657771,0,0.6,TurnLeft,avoiding_front_obstacle,0,14,42,0.473114222,2.24153974,1,0,1,0.362986565,0.210823812,0.180101202,1,1,0,0,0
63.3,1.64303095,-1.98452948,89.9846505,0,0.6,TurnLeft,avoiding_front_obstacle,0,14,42,0.43448931,2.24261425,1,0,1,0.361405849,0.213446685,0.180101202,1,1,0,0,0
63.35,1.64303095,-1.98452948,91.7035239,0,0.6,TurnLeft,avoiding_front_obstacle,0,14,42,0.43448931,2.24261425,1,0,1,0.361405849,0.210869838,0.180101202,1,1,0,0,0
63.4,1.64303095,-1.98452948,93.4223972,0,0.6,TurnLeft,avoiding_front_obstacle,0,14,42,0.403539628,2.24153926,1,0,1,0.358909577,0.208339438,0.180101202,1,1,0,0,0
63.45,1.64303095,-1.98452948,95.1412706,0,0.6,TurnLeft,avoiding_front_obstacle,0,14,42,0.403539628,2.24153926,1,0,1,0.358909577,0.205905449,0.180101202,1,1,0,0,0
63.5,1.64303095,-1.98452948,96.860144,0,0,FollowWall,front_obstacle_cleared,0,14,42,0.378050029,1.06069764,1,1,1,0.357924849,0.203570061,0.180101202,1,1,0,0,0
63.55,1.64303095,-1.98452948,97.8628202,0.0577987275,-0.333019088,FollowWall,following_right_wall,0,14,42,0.378050029,1.06069764,1,1,1,0.357924849,0.202254126,0.180101202,1,1,0,0,0
63.6,1.64286427,-1.98333693,98.0502023,0.0572197182,-0.341704227,FollowWall,following_right_wall,0,14,42,0.369951397,0.913434068,1,1,1,0.357768536,0.203204583,0.180101202,1,1,0,0,0
63.65,1.64260385,-1.98146042,97.7516292,0.0572197182,-0.341704227,FollowWall,following_right_wall,0,14,42,0.369951397,0.913434068,1,1,1,0.357768536,0.205467411,0.180101202,1,1,0,0,0
63.7,1.64230558,-1.97918267,97.1695822,0.0582383313,-0.32642503,FollowWall,following_right_wall,0,14,42,0.375161082,1.03179151,1,1,1,0.358525723,0.208507081,0.180101202,1,1,0,0,0
63.75,1.64200303,-1.97664732,96.4404136,0.0582383313,-0.32642503,FollowWall,following_right_wall,0,14,42,0.375161082,1.03179151,1,1,1,0.358525723,0.212013275,0.180101202,1,1,0,0,0
63.8,1.64171897,-1.97395955,95.625424,0.059064871,-0.314026935,FollowWall,following_right_wall,0,14,42,0.385008931,1.34420618,1,1,1,0.359902978,0.215807499,0.180101202,1,1,0,0,0
63.85,1.64146454,-1.97116399,94.7751714,0.059064871,-0.314026935,FollowWall,following_right_wall,0,14,42,0.385008931,1.34420618,1,1,1,0.359902978,0.219781155,0.180101202,1,1,0,0,0
63.9,1.64124752,-1.96830421,93.9043487,0.0610121451,-0.284817823,FollowWall,following_right_wall,0,14,42,0.397098511,2.22570199,1,1,1,0.360491425,0.223872422,0.180101202,1,1,0,0,0
63.95,1.64106879,-1.96536555,93.0563925,0.0610121451,-0.284817823,FollowWall,following_right_wall,0,14,42,0.397098511,2.22570199,1,1,1,0.360491425,0.228034166,0.180101202,1,1,0,0,0
64,1.64093119,-1.96238025,92.2217752,0.0619134276,-0.271298586,FollowWall,following_right_wall,0,14,42,0.410406351,2.21878317,1,1,1,0.361996949,0.232246115,0.180101202,1,1,0,0,0
64.05,1.64083505,-1.95934863,91.4110763,0.0619134276,-0.271298586,FollowWall,following_right_wall,0,14,42,0.410406351,2.21878317,1,1,1,0.361996949,0.236490633,0.180101202,1,1,0,0,0
64.1,1.64078098,-1.95628992,90.6143297,0.05,-0.170070469,FollowWall,following_with_distance_only,0,14,42,0.424711227,2.21360216,1,0,1,0.363380313,0.240761698,0.180101202,1,1,0,0,0
64.15,1.64076715,-1.95346376,89.9465542,0.05,-0.170070469,FollowWall,following_with_distance_only,0,14,42,0.424711227,2.21360216,1,0,1,0.363380313,0.244453268,0.180101202,1,1,0,0,0
64.2,1.64078357,-1.95077353,89.3540119,0.05,-0.170515135,FollowWall,following_with_distance_only,0,14,42,0.437177181,2.20917164,1,0,1,0.363676757,0.246229537,0.180101202,1,1,0,0,0
64.25,1.64082552,-1.94816287,88.8048247,0.05,-0.170515135,FollowWall,following_with_distance_only,0,14,42,0.437177181,2.20917164,1,0,1,0.363676757,0.248002943,0.180101202,1,1,0,0,0
64.3,1.64089074,-1.94559895,88.2809281,0.05,-0.170712858,FollowWall,following_with_distance_only,0,14,42,0.448790848,2.20352342,1,0,1,0.363808572,0.249777053,0.180101202,1,1,0,0,0
64.35,1.64097814,-1.94306268,87.7715482,0.05,-0.170712858,FollowWall,following_with_distance_only,0,14,42,0.448790848,2.20352342,1,0,1,0.363808572,0.25155378,0.180101202,1,1,0,0,0
64.4,1.64108722,-1.94054301,87.2706365,0.05,-0.171707377,FollowWall,following_with_distance_only,0,14,42,0.460665405,2.19877341,1,0,1,0.364471585,0.253334665,0.180101202,1,1,0,0,0
64.45,1.64121777,-1.93803355,86.7734775,0.05,-0.171707377,FollowWall,following_with_distance_only,0,14,42,0.460665405,2.19877341,1,0,1,0.364471585,0.25511889,0.180101202,1,1,0,0,0
64.5,1.64136971,-1.93553066,86.2785074,0.05,-0.172848254,FollowWall,following_with_distance_only,0,14,42,0.473302692,2.19475911,1,0,1,0.36523217,0.256907731,0.180101202,1,1,0,0,0
64.55,1.64154306,-1.93303229,85.7834525,0.05,-0.172848254,FollowWall,following_with_distance_only,0,14,42,0.473302692,2.19475911,1,0,1,0.36523217,0.258699956,0.180101202,1,1,0,0,0
64.6,1.64173784,-1.93053734,85.288348,0.05,-0.172693402,FollowWall,following_with_distance_only,0,14,42,0.486974001,2.1914429,1,0,1,0.365128934,0.260496787,0.180101202,1,1,0,0,0
64.65,1.64195408,-1.92804521,84.7933996,0.05,-0.172693402,FollowWall,following_with_distance_only,0,14,42,0.486974001,2.1914429,1,0,1,0.365128934,0.262299136,0.180101202,1,1,0,0,0
64.7,1.64219178,-1.92555567,84.298542,0.05,-0.172731936,FollowWall,following_with_distance_only,0,14,42,0.501808524,2.18881308,1,0,1,0.365154624,0.264107213,0.180101202,1,1,0,0,0
64.75,1.64245094,-1.92306862,83.8036916,0.05,-0.172731936,FollowWall,following_with_distance_only,0,14,42,0.501808524,2.18881308,1,0,1,0.365154624,0.265921026,0.180101202,1,1,0,0,0
64.8,1.64273154,-1.92058412,83.3088453,0.05,-0.172298133,FollowWall,following_with_distance_only,0,14,42,0.517935932,2.09980951,1,0,1,0.364865422,0.267740584,0.180101202,1,1,0,0,0
64.85,1.64303356,-1.91810226,82.8145192,0.05,-0.172298133,FollowWall,following_with_distance_only,0,14,42,0.517935932,2.09980951,1,0,1,0.364865422,0.269566521,0.180101202,1,1,0,0,0
64.9,1.64335697,-1.91562317,82.3204965,0.05,-0.172684059,FollowWall,following_with_distance_only,0,14,42,0.535480082,1.89745927,1,0,1,0.365122706,0.271398445,0.180101202,1,1,0,0,0
64.95,1.64370174,-1.913147,81.8261902,0.05,-0.172684059,FollowWall,following_with_distance_only,0,14,42,0.535480082,1.89745927,1,0,1,0.365122706,0.273235482,0.180101202,1,1,0,0,0
65,1.64406786,-1.91067392,81.3317185,0.05,-0.173992038,FollowWall,following_with_distance_only,0,14,42,0.528456151,1.63047704,1,0,1,0.365994692,0.275077675,0.180101202,1,1,0,0,0
65.05,1.64445535,-1.90820411,80.835589,0.05,-0.173992038,FollowWall,following_with_distance_only,0,14,42,0.528456151,1.63047704,1,0,1,0.365994692,0.276923032,0.180101202,1,1,0,0,0
65.1,1.64486422,-1.90573776,80.3384924,0.05,-0.175213113,FollowWall,following_with_distance_only,0,14,42,0.51818198,1.42288585,1,0,1,0.366808742,0.278772352,0.180101202,1,1,0,0,0
65.15,1.64529452,-1.90327506,79.8393741,0.05,-0.175213113,FollowWall,following_with_distance_only,0,14,42,0.51818198,1.42288585,1,0,1,0.366808742,0.280624256,0.180101202,1,1,0,0,0
65.2,1.64574628,-1.90081621,79.3390765,0.05,-0.176967725,FollowWall,following_with_distance_only,0,14,42,0.508239925,1.32431941,1,0,1,0.367978483,0.282479709,0.180101202,1,1,0,0,0
65.25,1.64621956,-1.89836142,78.8359966,0.05,-0.176967725,FollowWall,following_with_distance_only,0,14,42,0.508239925,1.32431941,1,0,1,0.367978483,0.284336727,0.180101202,1,1,0,0,0
65.3,1.6467144,-1.89591088,78.3312937,0.05,-0.178775981,FollowWall,following_with_distance_only,0,14,42,0.498598456,1.17547526,1,0,1,0.369183987,0.286196646,0.180101202,1,1,0,0,0
65.35,1.64723088,-1.89346481,77.8234855,0.05,-0.178775981,FollowWall,following_with_distance_only,0,14,42,0.498598456,1.17547526,1,0,1,0.369183987,0.288057695,0.180101202,1,1,0,0,0
65.4,1.64776905,-1.89102342,77.313866,0.05,-0.180036083,FollowWall,following_with_distance_only,0,14,42,0.489237458,1.05968361,1,0,1,0.370024055,0.289921332,0.180101202,1,1,0,0,0
65.45,1.64832897,-1.88858693,76.8016857,0.05,-0.180036083,FollowWall,following_with_distance_only,0,14,42,0.489237458,1.05968361,1,0,1,0.370024055,0.291786659,0.180101202,1,1,0,0,0
65.5,1.64891068,-1.88615555,76.2880116,0.05,-0.181237444,FollowWall,following_with_distance_only,0,14,42,0.48015663,1.00003994,1,0,1,0.370824963,0.293654811,0.180101202,1,1,0,0,0
65.55,1.64951421,-1.88372949,75.7720321,0.05,-0.181237444,FollowWall,following_with_distance_only,0,14,42,0.48015663,1.00003994,1,0,1,0.370824963,0.295524836,0.180101202,1,1,0,0,0
65.6,1.6501396,-1.88130898,75.2547078,0.05,-0.182533219,FollowWall,following_with_distance_only,0,14,42,0.471353173,0.917665995,1,0,1,0.371688813,0.297397702,0.180101202,1,1,0,0,0
65.65,1.65078686,-1.87889422,74.7350523,0.05,-0.182533219,FollowWall,following_with_distance_only,0,14,42,0.471353173,0.917665995,1,0,1,0.371688813,0.299272296,0.180101202,1,1,0,0,0
65.7,1.65145603,-1.87648544,74.214037,0.05,-0.183933467,FollowWall,following_with_distance_only,0,14,42,0.462818086,0.871558483,1,0,1,0.372622311,0.301149561,0.180101202,1,1,0,0,0
65.75,1.65214712,-1.87408286,73.690557,0.05,-0.183933467,FollowWall,following_with_distance_only,0,14,42,0.462818086,0.871558483,1,0,1,0.372622311,0.303028302,0.180101202,1,1,0,0,0
65.8,1.65286017,-1.87168671,73.1656392,0.05,-0.185103133,FollowWall,following_with_distance_only,0,14,42,0.454540372,0.801965218,1,0,1,0.373402089,0.304909482,0.180101202,1,1,0,0,0
65.85,1.65359518,-1.8692972,72.6384866,0.05,-0.185103133,FollowWall,following_with_distance_only,0,14,42,0.454540372,0.801965218,1,0,1,0.373402089,0.306792246,0.180101202,1,1,0,0,0
65.9,1.65435218,-1.86691456,72.1100303,0.05,-0.186267659,FollowWall,following_with_distance_only,0,14,42,0.446514934,0.736733726,1,0,1,0.374178439,0.308677412,0.180101202,1,1,0,0,0
65.95,1.65513116,-1.86453902,71.5794235,0.05,-0.186267659,FollowWall,following_with_distance_only,0,14,42,0.446514934,0.736733726,1,0,1,0.374178439,0.310564104,0.180101202,1,1,0,0,0
66,1.65593214,-1.86217081,71.0475622,0.05,-0.187501028,FollowWall,following_with_distance_only,0,14,42,0.438735694,0.704856844,1,0,1,0.375000685,0.312453065,0.180101202,1,1,0,0,0
66.05,1.65675511,-1.85981014,70.513497,0.05,-0.187501028,FollowWall,following_with_distance_only,0,14,42,0.438735694,0.704856844,1,0,1,0.375000685,0.314343358,0.180101202,1,1,0,0,0
66.1,1.65760007,-1.85745727,69.978146,0.05,-0.189104185,FollowWall,following_with_distance_only,0,14,42,0.431194395,0.657557824,1,0,1,0.376069456,0.316235709,0.180101202,1,1,0,0,0
66.15,1.65846703,-1.85511241,69.4401315,0.05,-0.189104185,FollowWall,following_with_distance_only,0,14,42,0.431194395,0.657557824,1,0,1,0.376069456,0.318128861,0.180101202,1,1,0,0,0
66.2,1.65935601,-1.8527758,68.9005632,0.05,-0.19186677,FollowWall,following_with_distance_only,0,14,42,0.423878282,0.620180071,1,0,1,0.37791118,0.320023677,0.180101202,1,1,0,0,0
66.25,1.66026704,-1.85044771,68.3567909,0.05,-0.19186677,FollowWall,following_with_distance_only,0,14,42,0.423878282,0.620180071,1,0,1,0.37791118,0.321917956,0.180101202,1,1,0,0,0
66.3,1.66120017,-1.84812838,67.8105663,0.05,-0.194806963,FollowWall,following_with_distance_only,0,14,42,0.416763008,0.596128552,1,0,1,0.379871309,0.323813081,0.180101202,1,1,0,0,0
66.35,1.66215547,-1.8458181,67.2594016,0.05,-0.194806963,FollowWall,following_with_distance_only,0,14,42,0.416763008,0.596128552,1,0,1,0.379871309,0.325707124,0.180101202,1,1,0,0,0
66.4,1.663133,-1.84351714,66.7053552,0.05,-0.19767268,FollowWall,following_with_distance_only,0,14,42,0.409834355,0.558628447,1,0,1,0.381781787,0.327601652,0.180101202,1,1,0,0,0
66.45,1.66413284,-1.84122578,66.1462071,0.05,-0.19767268,FollowWall,following_with_distance_only,0,14,42,0.409834355,0.558628447,1,0,1,0.381781787,0.329495052,0.180101202,1,1,0,0,0
66.5,1.66515506,-1.83894432,65.584083,0.05,-0.200435758,FollowWall,following_with_distance_only,0,14,42,0.403087825,0.520451132,1,0,1,0.383623838,0.331388851,0.180101202,1,1,0,0,0
66.55,1.6661997,-1.83667304,65.0169247,0.05,-0.200435758,FollowWall,following_with_distance_only,0,14,42,0.403087825,0.520451132,1,0,1,0.383623838,0.333281643,0.180101202,1,1,0,0,0
66.6,1.66726684,-1.83441224,64.4468298,0.05,-0.203468263,FollowWall,following_with_distance_only,0,14,42,0.396522641,0.501907957,1,0,1,0.385645509,0.335174838,0.180101202,1,1,0,0,0
66.65,1.66835653,-1.83216222,63.8714021,0.05,-0.203468263,FollowWall,following_with_distance_only,0,14,42,0.396522641,0.501907957,1,0,1,0.385645509,0.337066907,0.180101202,1,1,0,0,0
66.7,1.66946881,-1.82992328,63.2928635,0.05,-0.206794828,FollowWall,following_with_distance_only,0,14,42,0.390134931,0.475321582,1,0,1,0.387863219,0.338959251,0.180101202,1,1,0,0,0
66.75,1.67060376,-1.82769575,62.7085396,0.05,-0.206794828,FollowWall,following_with_distance_only,0,14,42,0.390134931,0.475321582,1,0,1,0.387863219,0.340850295,0.180101202,1,1,0,0,0
66.8,1.67176143,-1.82547995,62.1208408,0.05,-0.210446075,FollowWall,following_with_distance_only,0,14,42,0.38391912,0.455005668,1,0,1,0.390297383,0.342741463,0.180101202,1,1,0,0,0
66.85,1.67294189,-1.8232762,61.526815,0.05,-0.210446075,FollowWall,following_with_distance_only,0,14,42,0.38391912,0.455005668,1,0,1,0.390297383,0.344631169,0.180101202,1,1,0,0,0
66.9,1.67414521,-1.82108484,60.9290985,0.05,-0.21445781,FollowWall,following_with_distance_only,0,14,42,0.377869517,0.43968579,1,0,1,0.392971873,0.34652086,0.180101202,1,1,0,0,0
66.95,1.67537145,-1.81890624,60.3244404,0.05,-0.21445781,FollowWall,following_with_distance_only,0,14,42,0.377869517,0.43968579,1,0,1,0.392971873,0.34840896,0.180101202,1,1,0,0,0
67,1.67662069,-1.81674073,59.715733,0.05,-0.218871474,FollowWall,following_with_distance_only,0,14,42,0.371980518,0.41548181,1,0,1,0.395914316,0.350296936,0.180101202,1,1,0,0,0
67.05,1.67789301,-1.81458871,59.0993951,0.05,-0.218871474,FollowWall,following_with_distance_only,0,14,42,0.371980518,0.41548181,1,0,1,0.395914316,0.352183244,0.180101202,1,1,0,0,0
67.1,1.67918849,-1.81245055,58.4786061,0.05,-0.223735169,FollowWall,following_with_distance_only,0,14,42,0.366246879,0.38940531,1,0,1,0.399156779,0.354069357,0.180101202,1,1,0,0,0
67.15,1.68050721,-1.81032664,57.8494149,0.05,-0.223735169,FollowWall,following_with_distance_only,0,14,42,0.366246879,0.38940531,1,0,1,0.399156779,0.355953788,0.180101202,1,1,0,0,0
67.2,1.68184927,-1.80821741,57.2153226,0.05,-0.229105175,FollowWall,following_with_distance_only,0,14,42,0.360663861,0.372530024,1,0,1,0.402736783,0.357838003,0.180101202,1,1,0,0,0
67.25,1.68321476,-1.80612326,56.5719613,0.05,-0.229105175,FollowWall,following_with_distance_only,0,14,42,0.360663861,0.372530024,1,0,1,0.402736783,0.359720602,0.180101202,1,1,0,0,0
67.3,1.68460377,-1.80404465,55.923193,0.05,-0.234454215,FollowWall,following_with_distance_only,0,14,42,0.355227143,0.3603939,1,0,1,0.40630281,0.361603023,0.180101202,1,1,0,0,0
67.35,1.6860164,-1.80198201,55.2648857,0.05,-0.234454215,FollowWall,following_with_distance_only,0,14,42,0.355227143,0.3603939,1,0,1,0.40630281,0.363484188,0.180101202,1,1,0,0,0
67.4,1.68745274,-1.79993581,54.601014,0.05,-0.239744872,FollowWall,following_with_distance_only,0,14,42,0.349936396,0.348445044,1,0,1,0.409829915,0.365365369,0.180101202,1,1,0,0,0
67.45,1.68891286,-1.79790651,53.9275812,0.05,-0.239744872,FollowWall,following_with_distance_only,0,14,42,0.349936396,0.348445044,1,0,1,0.409829915,0.367245748,0.180101202,1,1,0,0,0
67.5,1.69039682,-1.79589458,53.248571,0.05,-0.245592445,FollowWall,following_with_distance_only,0,14,42,0.344793111,0.329946086,1,0,1,0.413728297,0.369126381,0.180101202,1,1,0,0,0
67.55,1.69190471,-1.79390052,52.5593274,0.05,-0.245592445,FollowWall,following_with_distance_only,0,14,42,0.344793111,0.329946086,1,0,1,0.413728297,0.37100656,0.180101202,1,1,0,0,0
67.6,1.69343657,-1.79192482,51.8641142,0.05,-0.252082273,FollowWall,following_with_distance_only,0,14,42,0.339796096,0.310200538,1,0,1,0.418054849,0.372887195,0.180101202,1,1,0,0,0
67.65,1.69499248,-1.789968,51.1576721,0.05,-0.252082273,FollowWall,following_with_distance_only,0,14,42,0.339796096,0.310200538,1,0,1,0.418054849,0.374767797,0.180101202,1,1,0,0,0
67.7,1.69657252,-1.78803061,50.4446798,0.05,-0.259324953,FollowWall,following_with_distance_only,0,14,42,0.334943146,0.300857968,1,0,1,0.422883302,0.37664912,0.180101202,1,1,0,0,0
67.75,1.69817675,-1.7861132,49.7192213,0.05,-0.259324953,FollowWall,following_with_distance_only,0,14,42,0.334943146,0.300857968,1,0,1,0.422883302,0.378530984,0.180101202,1,1,0,0,0
67.8,1.69980524,-1.78421636,48.9864908,0.05,-0.267458528,FollowWall,following_with_distance_only,0,14,42,0.33023259,0.290135246,1,0,1,0.428305686,0.38041395,0.180101202,1,1,0,0,0
67.85,1.70145809,-1.78234071,48.2398096,0.05,-0.267458528,FollowWall,following_with_distance_only,0,14,42,0.33023259,0.290135246,1,0,1,0.428305686,0.382298246,0.180101202,1,1,0,0,0
67.9,1.70313537,-1.78048687,47.4849905,0.05,-0.276654795,FollowWall,following_with_distance_only,0,14,42,0.325663835,0.281139268,1,0,1,0.43443653,0.384184183,0.180101202,1,1,0,0,0
67.95,1.70483719,-1.77865552,46.7144469,0.05,-0.276654795,FollowWall,following_with_distance_only,0,14,42,0.325663835,0.281139268,1,0,1,0.43443653,0.386072525,0.180101202,1,1,0,0,0
68,1.70656362,-1.77684736,45.9347309,0,0.6,TurnLeft,avoiding_front_obstacle,0,14,42,0.32107532,0.267247984,1,0,1,0.44141975,0.387963259,0.180101202,1,1,0,0,0
68.05,1.70757546,-1.77579717,46.1960938,0,0.6,TurnLeft,avoiding_front_obstacle,0,14,42,0.32107532,0.267247984,1,0,1,0.44141975,0.388982982,0.180101202,1,1,0,0,0
68.1,1.70815963,-1.77517876,47.0647527,0,0.6,TurnLeft,avoiding_front_obstacle,0,14,42,0.320640177,0.273782172,1,0,1,0.430174321,0.389520336,0.180101202,1,1,0,0,0
68.15,1.70849376,-1.77481187,48.2876677,0,0.6,TurnLeft,avoiding_front_obstacle,0,14,42,0.320640177,0.273782172,1,0,1,0.430174321,0.389825841,0.180101202,1,1,0,0,0
68.2,1.70868366,-1.77459339,49.717232,0,0.6,TurnLeft,avoiding_front_obstacle,0,14,42,0.322876841,0.281670576,1,0,1,0.410494298,0.390050726,0.180101202,1,1,0,0,0
68.25,1.70879109,-1.77446311,51.2673417,0,0.6,TurnLeft,avoiding_front_obstacle,0,14,42,0.322876841,0.281670576,1,0,1,0.410494298,0.390283173,0.180101202,1,1,0,0,0
68.3,1.70885163,-1.77438541,52.8877696,0,0.6,TurnLeft,avoiding_front_obstacle,0,14,42,0.326830417,0.293294958,1,0,1,0.390561432,0.390573503,0.180101202,1,1,0,0,0
68.35,1.70888563,-1.77433909,54.5492165,0,0.6,TurnLeft,avoiding_front_obstacle,0,14,42,0.326830417,0.293294958,1,0,1,0.390561432,0.390949973,0.180101202,1,1,0,0,0
68.4,1.70890466,-1.7743115,56.2345911,0,0.6,TurnLeft,avoiding_front_obstacle,0,14,42,0.332323939,0.312551364,1,0,1,0.372588575,0.391428189,0.180101202,1,1,0,0,0
68.45,1.70891529,-1.77429509,57.9339235,0,0.6,TurnLeft,avoiding_front_obstacle,0,14,42,0.332323939,0.312551364,1,0,1,0.372588575,0.39201657,0.180101202,1,1,0,0,0
68.5,1.7089212,-1.77428534,59.641398,0,0.6,TurnLeft,avoiding_front_obstacle,0,14,42,0.339348435,0.348703571,1,0,1,0.356916934,0.39271947,0.180101202,1,1,0,0,0
68.55,1.70892448,-1.77427955,61.353622,0,0.6,TurnLeft,avoiding_front_obstacle,0,14,42,0.339348435,0.348703571,1,0,1,0.356916934,0.393538931,0.180101202,1,1,0,0,0
68.6,1.70892629,-1.77427611,63.0686166,0,0.6,TurnLeft,avoiding_front_obstacle,0,14,42,0.34801659,0.375421373,1,0,1,0.343400002,0.394475673,0.180101202,1,1,0,0,0
68.65,1.70892728,-1.77427408,64.7852274,0,0.6,TurnLeft,avoiding_front_obstacle,0,14,42,0.34801659,0.375421373,1,0,1,0.343400002,0.395529644,0.180101202,1,1,0,0,0
68.7,1.70892783,-1.77427288,66.5027809,0,0.6,TurnLeft,avoiding_front_obstacle,0,14,42,0.358524799,0.438747594,1,0,1,0.331802785,0.396700317,0.180101202,1,1,0,0,0
68.75,1.70892812,-1.77427216,68.2208844,0,0.6,TurnLeft,avoiding_front_obstacle,0,14,42,0.358524799,0.438747594,1,0,1,0.331802785,0.397986866,0.180101202,1,1,0,0,0
68.8,1.70892828,-1.77427174,69.9393086,0,0.6,TurnLeft,avoiding_front_obstacle,0,14,42,0.371147454,0.492698994,1,0,1,0.321906,0.39938825,0.180101202,1,1,0,0,0
68.85,1.70892837,-1.7742715,71.65792,0,0.6,TurnLeft,avoiding_front_obstacle,0,14,42,0.371147454,0.492698994,1,0,1,0.321906,0.400903272,0.180101202,1,1,0,0,0
68.9,1.70892841,-1.77427135,73.3766406,0,0,FollowWall,front_obstacle_cleared,0,14,42,0.386249185,0.604659228,1,1,1,0.313827515,0.402530599,0.180101202,1,1,0,0,0
68.95,1.70892844,-1.77427127,74.3792276,0.0662681882,0.205977176,FollowWall,following_right_wall,0,14,42,0.386249185,0.604659228,1,1,1,0.313827515,0.403531163,0.180101202,1,1,0,0,0
69,1.70929055,-1.77293896,75.2099371,0.0665371394,0.201942909,FollowWall,following_right_wall,0,14,42,0.395112216,0.672779352,1,1,1,0.309138775,0.405720788,0.180101202,1,1,0,0,0
69.05,1.70983658,-1.77081651,75.9355693,0.0665371394,0.201942909,FollowWall,following_right_wall,0,14,42,0.395112216,0.672779352,1,1,1,0.309138775,0.408612994,0.180101202,1,1,0,0,0
69.1,1.71046912,-1.76822807,76.5999063,0.0668910195,0.196634708,FollowWall,following_right_wall,0,14,42,0.401447356,0.744560447,1,1,1,0.305555433,0.411923122,0.180101202,1,1,0,0,0
69.15,1.71113672,-1.76535675,77.2221516,0.0668910195,0.196634708,FollowWall,following_right_wall,0,14,42,0.401447356,0.744560447,1,1,1,0.305555433,0.41548503,0.180101202,1,1,0,0,0
69.2,1.71180942,-1.76231711,77.8198435,0.0677244564,0.184133154,FollowWall,following_right_wall,0,14,42,0.407108903,0.81382721,1,1,1,0.302563369,0.419201227,0.180101202,1,1,0,0,0
69.25,1.7124746,-1.75915947,78.3882898,0.0677244564,0.184133154,FollowWall,following_right_wall,0,14,42,0.407108903,0.81382721,1,1,1,0.302563369,0.423014296,0.180101202,1,1,0,0,0
69.3,1.71312194,-1.75593041,78.9396763,0.0691174478,0.163238283,FollowWall,following_right_wall,0,14,42,0.412590623,0.894348969,1,1,1,0.299395144,0.426890195,0.180101202,1,1,0,0,0
69.35,1.71375186,-1.75262892,79.4561697,0.0691174478,0.163238283,FollowWall,following_right_wall,0,14,42,0.412590623,0.894348969,1,1,1,0.299395144,0.430807431,0.180101202,1,1,0,0,0
69.4,1.71435964,-1.74928311,79.9523089,0.0703864008,0.144203988,FollowWall,following_right_wall,0,14,42,0.417817086,0.998018866,1,1,1,0.296758175,0.434753635,0.180101202,1,1,0,0,0
69.45,1.71494787,-1.74588359,80.4138543,0.0703864008,0.144203988,FollowWall,following_right_wall,0,14,42,0.417817086,0.998018866,1,1,1,0.296758175,0.438719505,0.180101202,1,1,0,0,0
69.5,1.715514,-1.74245105,80.8552199,0.0715354447,0.12696833,FollowWall,following_right_wall,0,14,42,0.422692508,1.05512917,1,1,1,0.294690669,0.442700629,0.180101202,1,1,0,0,0
69.55,1.71606098,-1.73897413,81.2642404,0.0715354447,0.12696833,FollowWall,following_right_wall,0,14,42,0.422692508,1.05512917,1,1,1,0.294690669,0.446692023,0.180101202,1,1,0,0,0
69.6,1.71658722,-1.73546995,81.654393,0.0725029313,0.112456031,FollowWall,following_right_wall,0,14,42,0.427168548,1.17466002,1,1,1,0.292612374,0.450692368,0.180101202,1,1,0,0,0
69.65,1.7170953,-1.73192871,82.0162166,0.0725029313,0.112456031,FollowWall,following_right_wall,0,14,42,0.427168548,1.17466002,1,1,1,0.292612374,0.454698468,0.180101202,1,1,0,0,0
69.7,1.71758421,-1.72836474,82.3615148,0.0733310953,0.10003357,FollowWall,following_right_wall,0,14,42,0.431245953,1.30884288,1,1,1,0.291113019,0.458710289,0.180101202,1,1,0,0,0
69.75,1.71805614,-1.72476939,82.682345,0.0733310953,0.10003357,FollowWall,following_right_wall,0,14,42,0.431245953,1.30884288,1,1,1,0.291113019,0.462725422,0.180101202,1,1,0,0,0
69.8,1.71851049,-1.72115483,82.9889023,0.0740555173,0.0891672399,FollowWall,following_right_wall,0,14,42,0.434945226,1.37786423,1,1,1,0.289632529,0.466744393,0.180101202,1,1,0,0,0
69.85,1.71894913,-1.71751324,83.2741629,0.0740555173,0.0891672399,FollowWall,following_right_wall,0,14,42,0.434945226,1.37786423,1,1,1,0.289632529,0.470765176,0.180101202,1,1,0,0,0
69.9,1.71937171,-1.71385513,83.5470005,0.0747151647,0.0792725294,FollowWall,following_right_wall,0,14,42,0.43828705,1.44594753,1,1,1,0.288533807,0.47478856,0.180101202,1,1,0,0,0
69.95,1.71977991,-1.71017303,83.8007803,0.0747151647,0.0792725294,FollowWall,following_right_wall,0,14,42,0.43828705,1.44594753,1,1,1,0.288533807,0.478812682,0.180101202,1,1,0,0,0
70,1.72017353,-1.70647631,84.0434432,0.0752834371,0.070748443,FollowWall,following_right_wall,0,14,42,0.441281438,1.63658103,1,1,1,0.287238449,0.482838479,0.180101202,1,1,0,0,0
70.05,1.72055401,-1.70275872,84.2694463,0.0752834371,0.070748443,FollowWall,following_right_wall,0,14,42,0.441281438,1.63658103,1,1,1,0.287238449,0.486864346,0.180101202,1,1,0,0,0
70.1,1.72092124,-1.69902842,84.4857311,0.0758064897,0.0629026551,FollowWall,following_right_wall,0,14,42,0.443946838,1.71300772,1,1,1,0.286263168,0.490891268,0.180101202,1,1,0,0,0
70.15,1.72127653,-1.69527939,84.6869818,0.0758064897,0.0629026551,FollowWall,following_right_wall,0,14,42,0.443946838,1.71300772,1,1,1,0.286263168,0.494917713,0.180101202,1,1,0,0,0
70.2,1.72161986,-1.691519,84.8794626,0.0762604162,0.0560937564,FollowWall,following_right_wall,0,14,42,0.446294099,1.95096096,1,1,1,0.285150528,0.498944701,0.180101202,1,1,0,0,0
70.25,1.72195235,-1.68774216,85.0587,0.0762604162,0.0560937564,FollowWall,following_right_wall,0,14,42,0.446294099,1.95096096,1,1,1,0.285150528,0.502970902,0.180101202,1,1,0,0,0
70.3,1.72227403,-1.68395536,85.2302121,0.0766783935,0.0498240976,FollowWall,following_right_wall,0,14,42,0.448340625,1.94266124,1,1,1,0.284247398,0.506997315,0.180101202,1,1,0,0,0
70.35,1.72258591,-1.68015375,85.389734,0.0766783935,0.0498240976,FollowWall,following_right_wall,0,14,42,0.448340625,1.94266124,1,1,1,0.284247398,0.511022673,0.180101202,1,1,0,0,0
70.4,1.72288809,-1.67634319,85.5422616,0.0770309588,0.0445356183,FollowWall,following_right_wall,0,14,42,0.450098664,1.93450161,1,1,1,0.283083022,0.515047957,0.180101202,1,1,0,0,0
70.45,1.72318139,-1.6725198,85.6843965,0.0770309588,0.0445356183,FollowWall,following_right_wall,0,14,42,0.450098664,1.93450161,1,1,1,0.283083022,0.519072126,0.180101202,1,1,0,0,0
70.5,1.72346592,-1.66868868,85.820469,0.0773754127,0.0393688102,FollowWall,following_right_wall,0,14,42,0.451590776,1.92646028,1,1,1,0.282316387,0.523096091,0.180101202,1,1,0,0,0
70.55,1.7237425,-1.66484566,85.9468377,0.0773754127,0.0393688102,FollowWall,following_right_wall,0,14,42,0.451590776,1.92646028,1,1,1,0.282316387,0.527118754,0.180101202,1,1,0,0,0
70.6,1.72401124,-1.66099547,86.0675458,0.0776911074,0.0346333894,FollowWall,following_right_wall,0,14,42,0.452824801,1.91852092,1,1,1,0.281625926,0.531141019,0.180101202,1,1,0,0,0
70.65,1.72427288,-1.65713436,86.1792994,0.0776911074,0.0346333894,FollowWall,following_right_wall,0,14,42,0.452824801,1.91852092,1,1,1,0.281625926,0.535161877,0.180101202,1,1,0,0,0
70.7,1.72452756,-1.65326669,86.2858296,0.0779806969,0.0302895458,FollowWall,following_right_wall,0,14,42,0.453808516,1.91066982,1,1,1,0.281007588,0.539182207,0.180101202,1,1,0,0,0
70.75,1.72477595,-1.64938901,86.3841277,0.0779806969,0.0302895458,FollowWall,following_right_wall,0,14,42,0.453808516,1.91066982,1,1,1,0.281007588,0.543201077,0.180101202,1,1,0,0,0
70.8,1.72501818,-1.64550535,86.4776237,0.0782138045,0.0267929325,FollowWall,following_right_wall,0,14,42,0.454552293,1.90289497,1,1,1,0.280059993,0.54721933,0.180101202,1,1,0,0,0
70.85,1.72525481,-1.64161321,86.5641448,0.0782138045,0.0267929325,FollowWall,following_right_wall,0,14,42,0.454552293,1.90289497,1,1,1,0.280059993,0.551236274,0.180101202,1,1,0,0,0
70.9,1.72548598,-1.63771599,86.6465971,0.0783954472,0.0240682916,FollowWall,following_right_wall,0,14,42,0.455082446,1.89518683,1,1,1,0.279141486,0.555252647,0.180101202,1,1,0,0,0
70.95,1.72571212,-1.63381193,86.7234237,0.0783954472,0.0240682916,FollowWall,following_right_wall,0,14,42,0.455082446,1.89518683,1,1,1,0.279141486,0.559267941,0.180101202,1,1,0,0,0
71,1.72593334,-1.62990376,86.7969686,0.0785636354,0.0215454696,FollowWall,following_right_wall,0,14,42,0.455433816,1.88753778,1,1,1,0.278543353,0.56328277,0.180101202,1,1,0,0,0
71.05,1.72615003,-1.62598959,86.8655879,0.0785636354,0.0215454696,FollowWall,following_right_wall,0,14,42,0.455433816,1.88753778,1,1,1,0.278543353,0.567296608,0.180101202,1,1,0,0,0
71.1,1.72636232,-1.62207184,86.9313337,0.0787867426,0.0181988604,FollowWall,following_right_wall,0,14,42,0.455628842,1.87994078,1,1,1,0.278473526,0.571310006,0.180101202,1,1,0,0,0
71.15,1.72657065,-1.61814727,86.9914088,0.0787867426,0.0181988604,FollowWall,following_right_wall,0,14,42,0.455628842,1.87994078,1,1,1,0.278473526,0.575322096,0.180101202,1,1,0,0,0
71.2,1.72677518,-1.61421864,87.0481759,0.0789477471,0.0157837937,FollowWall,following_right_wall,0,14,42,0.455652088,1.87238631,1,1,1,0.278051555,0.57933353,0.180101202,1,1,0,0,0
71.25,1.72697627,-1.61028423,87.1001305,0.0789477471,0.0157837937,FollowWall,following_right_wall,0,14,42,0.455652088,1.87238631,1,1,1,0.278051555,0.583343819,0.180101202,1,1,0,0,0
71.3,1.72717405,-1.60634637,87.1492779,0.0790913106,0.0136303415,FollowWall,following_right_wall,0,14,42,0.455520511,1.8648671,1,1,1,0.277781397,0.587353528,0.180101202,1,1,0,0,0
71.35,1.72736883,-1.60240347,87.1942172,0.0790913106,0.0136303415,FollowWall,following_right_wall,0,14,42,0.455520511,1.8648671,1,1,1,0.277781397,0.591362204,0.180101202,1,1,0,0,0
71.4,1.72756075,-1.59845757,87.2367019,0.0791960469,0.0120592967,FollowWall,following_right_wall,0,14,42,0.455255449,1.85710243,1,1,1,0.277388602,0.595370347,0.180101202,1,1,0,0,0
71.45,1.72775005,-1.59450769,87.2758793,0.0791960469,0.0120592967,FollowWall,following_right_wall,0,14,42,0.455255449,1.85710243,1,1,1,0.277388602,0.599377676,0.180101202,1,1,0,0,0
71.5,1.72793681,-1.59055544,87.3131275,0.0792910995,0.0106335071,FollowWall,following_right_wall,0,14,42,0.454885662,1.84888098,1,1,1,0.277169764,0.603384591,0.180101202,1,1,0,0,0
71.55,1.72812125,-1.58659979,87.3475485,0.0792910995,0.0106335071,FollowWall,following_right_wall,0,14,42,0.454885662,1.84888098,1,1,1,0.277169764,0.607390798,0.180101202,1,1,0,0,0
71.6,1.72830347,-1.58264211,87.3803202,0.0793188956,0.0102165662,FollowWall,following_right_wall,0,14,42,0.454432428,1.84071114,1,1,1,0.276443899,0.611396642,0.180101202,1,1,0,0,0
71.65,1.72848354,-1.57868264,87.4116321,0.0793188956,0.0102165662,FollowWall,following_right_wall,0,14,42,0.454432428,1.84071114,1,1,1,0.276443899,0.615402172,0.180101202,1,1,0,0,0
71.7,1.72866153,-1.57472208,87.4420925,0.079405348,0.00891978025,FollowWall,following_right_wall,0,14,42,0.453938037,1.83259731,1,1,1,0.276581943,0.619407565,0.180101202,1,1,0,0,0
71.75,1.72883759,-1.57075905,87.4705083,0.079405348,0.00891978025,FollowWall,following_right_wall,0,14,42,0.453938037,1.83259731,1,1,1,0.276581943,0.623412444,0.180101202,1,1,0,0,0
71.8,1.72901178,-1.56679455,87.4977314,0.0794285882,0.00857117711,FollowWall,following_right_wall,0,14,42,0.453401446,1.82454056,1,1,1,0.276211709,0.627417062,0.180101202,1,1,0,0,0
71.85,1.72918419,-1.56282868,87.5238426,0.0794285882,0.00857117711,FollowWall,following_right_wall,0,14,42,0.453401446,1.82454056,1,1,1,0.276211709,0.631421437,0.180101202,1,1,0,0,0
71.9,1.72935484,-1.55886197,87.5493053,0.0794156915,0.00876462754,FollowWall,following_right_wall,0,14,42,0.452848792,1.81654328,1,1,1,0.2756069,0.635425708,0.180101202,1,1,0,0,0
71.95,1.72952375,-1.55489502,87.5746205,0.0794156915,0.00876462754,FollowWall,following_right_wall,0,14,42,0.452848792,1.81654328,1,1,1,0.2756069,0.639430029,0.180101202,1,1,0,0,0
72,1.7296909,-1.5509279,87.5998497,0.0794172409,0.00874138698,FollowWall,following_right_wall,0,14,42,0.452316344,1.80860749,1,1,1,0.275284588,0.643434418,0.180101202,1,1,0,0,0
72.05,1.72985632,-1.54696061,87.625001,0.0794172409,0.00874138698,FollowWall,following_right_wall,0,14,42,0.452316344,1.80860749,1,1,1,0.275284588,0.647438875,0.180101202,1,1,0,0,0
72.1,1.73002,-1.5429932,87.6501068,0.0793783402,0.0093248964,FollowWall,following_right_wall,0,14,42,0.451818287,1.80073296,1,1,1,0.274608701,0.651443411,0.180101202,1,1,0,0,0
72.15,1.73018189,-1.53902649,87.6758827,0.0793783402,0.0093248964,FollowWall,following_right_wall,0,14,42,0.451818287,1.80073296,1,1,1,0.274608701,0.655448251,0.180101202,1,1,0,0,0
72.2,1.73034195,-1.53506017,87.7020494,0.0793346531,0.00998020415,FollowWall,following_right_wall,0,14,42,0.45138067,1.79291968,1,1,1,0.2739411,0.659453311,0.180101202,1,1,0,0,0
72.25,1.73050013,-1.53109494,87.7292263,0.0793346531,0.00998020415,FollowWall,following_right_wall,0,14,42,0.45138067,1.79291968,1,1,1,0.2739411,0.663458789,0.180101202,1,1,0,0,0
72.3,1.73065638,-1.52713033,87.7569925,0.0793362765,0.00995585183,FollowWall,following_right_wall,0,14,42,0.451023161,1.78516646,1,1,1,0.273551434,0.667464554,0.180101202,1,1,0,0,0
72.35,1.73081068,-1.523166,87.7850733,0.0793362765,0.00995585183,FollowWall,following_right_wall,0,14,42,0.451023161,1.78516646,1,1,1,0.273551434,0.67147052,0.180101202,1,1,0,0,0
72.4,1.73096302,-1.51920181,87.8133377,0.0793372433,0.00994135067,FollowWall,following_right_wall,0,14,42,0.450736225,1.77746913,1,1,1,0.273050547,0.675476647,0.180101202,1,1,0,0,0
72.45,1.7311134,-1.51523766,87.8416919,0.0793372433,0.00994135067,FollowWall,following_right_wall,0,14,42,0.450736225,1.77746913,1,1,1,0.273050547,0.679482902,0.180101202,1,1,0,0,0
72.5,1.73126182,-1.51127349,87.8700985,0.0793965616,0.00905157588,FollowWall,following_right_wall,0,14,42,0.450515121,1.76982329,1,1,1,0.273127735,0.683489275,0.180101202,1,1,0,0,0
72.55,1.73140835,-1.50730805,87.8974735,0.0793965616,0.00905157588,FollowWall,following_right_wall,0,14,42,0.450515121,1.76982329,1,1,1,0.273127735,0.68749541,0.180101202,1,1,0,0,0
72.6,1.73155303,-1.50334184,87.9242468,0.0794210204,0.00868469402,FollowWall,following_right_wall,0,14,42,0.450333774,1.7622219,1,1,1,0.272747368,0.691501443,0.180101202,1,1,0,0,0
72.65,1.73169592,-1.49937464,87.9502311,0.0794210204,0.00868469402,FollowWall,following_right_wall,0,14,42,0.450333774,1.7622219,1,1,1,0.272747368,0.695507308,0.180101202,1,1,0,0,0
72.7,1.73183704,-1.49540685,87.9757553,0.0794751567,0.00787264956,FollowWall,following_right_wall,0,14,42,0.450194478,1.75053087,1,1,1,0.272628665,0.699513108,0.180101202,1,1,0,0,0
72.75,1.73197649,-1.49143756,88.0000416,0.0794751567,0.00787264956,FollowWall,following_right_wall,0,14,42,0.450194478,1.75053087,1,1,1,0.272628665,0.703518585,0.180101202,1,1,0,0,0
72.8,1.73211432,-1.48746737,88.0236059,0.0795192494,0.00721125852,FollowWall,following_right_wall,0,14,42,0.450088799,1.74261879,1,1,1,0.272344321,0.707523901,0.180101202,1,1,0,0,0
72.85,1.73225059,-1.48349571,88.0459596,0.0795192494,0.00721125852,FollowWall,following_right_wall,0,14,42,0.450088799,1.74261879,1,1,1,0.272344321,0.711528892,0.180101202,1,1,0,0,0
72.9,1.73238538,-1.47952319,88.067607,0.0795797834,0.00630324909,FollowWall,following_right_wall,0,14,42,0.450015366,1.7347593,1,1,1,0.272192627,0.715533718,0.180101202,1,1,0,0,0
72.95,1.73251877,-1.47554887,88.0877587,0.0795797834,0.00630324909,FollowWall,following_right_wall,0,14,42,0.450015366,1.7347593,1,1,1,0.272192627,0.719538114,0.180101202,1,1,0,0,0
73,1.73265083,-1.4715735,88.1070377,0.0796024567,0.00596314911,FollowWall,following_right_wall,0,14,42,0.449966699,1.72695026,1,1,1,0.271587133,0.72354228,0.180101202,1,1,0,0,0
73.05,1.73278161,-1.46759702,88.1254018,0.0796024567,0.00596314911,FollowWall,following_right_wall,0,14,42,0.449966699,1.72695026,1,1,1,0.271587133,0.727546197,0.180101202,1,1,0,0,0
73.1,1.73291116,-1.46361987,88.1432322,0.0797053541,0.00441968921,FollowWall,following_right_wall,0,14,42,0.449954778,1.71919285,1,1,1,0.271813601,0.73154999,0.180101202,1,1,0,0,0
73.15,1.73303963,-1.45964019,88.1589089,0.0797053541,0.00441968921,FollowWall,following_right_wall,0,14,42,0.449954778,1.71919285,1,1,1,0.271813601,0.735553114,0.180101202,1,1,0,0,0
73.2,1.7331671,-1.45565901,88.1733292,0.0797622235,0.00356664753,FollowWall,following_right_wall,0,14,42,0.449949056,1.71147886,1,1,1,0.271700293,0.739555862,0.180101202,1,1,0,0,0
73.25,1.7332937,-1.45167576,88.1859985,0.0797622235,0.00356664753,FollowWall,following_right_wall,0,14,42,0.449949056,1.71147886,1,1,1,0.271700293,0.743558063,0.180101202,1,1,0,0,0
73.3,1.73341948,-1.4476913,88.1976462,0.0797553864,0.00366920466,FollowWall,following_right_wall,0,14,42,0.449949205,1.70380557,1,1,1,0.271211267,0.747559955,0.180101202,1,1,0,0,0
73.35,1.73354449,-1.44370626,88.2088205,0.0797553864,0.00366920466,FollowWall,following_right_wall,0,14,42,0.449949205,1.70380557,1,1,1,0.271211267,0.751561718,0.180101202,1,1,0,0,0
73.4,1.73366874,-1.43972087,88.2197187,0.0797583781,0.00362432827,FollowWall,following_right_wall,0,14,42,0.449986547,1.69617642,1,1,1,0.270860553,0.755563417,0.180101202,1,1,0,0,0
73.45,1.73379225,-1.43573522,88.2304021,0.0797583781,0.00362432827,FollowWall,following_right_wall,0,14,42,0.449986547,1.69617642,1,1,1,0.270860553,0.759565071,0.180101202,1,1,0,0,0
73.5,1.73391503,-1.43174939,88.2409604,0.0797525686,0.00371147079,FollowWall,following_right_wall,0,14,42,0.450071126,1.68858998,1,1,1,0.270422757,0.763566709,0.180101202,1,1,0,0,0
73.55,1.73403707,-1.42776358,88.2515496,0.0797525686,0.00371147079,FollowWall,following_right_wall,0,14,42,0.450071126,1.68858998,1,1,1,0.270422757,0.767568384,0.180101202,1,1,0,0,0
73.6,1.73415837,-1.42377777,88.2621569,0.0797269735,0.00409539713,FollowWall,following_right_wall,0,14,42,0.45020619,1.68097165,1,1,1,0.269766957,0.771570092,0.180101202,1,1,0,0,0
73.65,1.7342789,-1.41979248,88.273233,0.0797269735,0.00409539713,FollowWall,following_right_wall,0,14,42,0.45020619,1.68097165,1,1,1,0.269766957,0.775571983,0.180101202,1,1,0,0,0
73.7,1.73439864,-1.41580749,88.2845826,0.079733675,0.00399487524,FollowWall,following_right_wall,0,14,42,0.450399369,1.67271433,1,1,1,0.269442976,0.779573993,0.180101202,1,1,0,0,0
73.75,1.73451758,-1.41182251,88.2959717,0.079733675,0.00399487524,FollowWall,following_right_wall,0,14,42,0.450399369,1.67271433,1,1,1,0.269442976,0.783576045,0.180101202,1,1,0,0,0
73.8,1.73463574,-1.40783754,88.3073839,0.0797488525,0.00376721284,FollowWall,following_right_wall,0,14,42,0.450636715,1.66450666,1,1,1,0.268880248,0.787578132,0.180101202,1,1,0,0,0
73.85,1.73475312,-1.40385225,88.3185378,0.0797488525,0.00376721284,FollowWall,following_right_wall,0,14,42,0.450636715,1.66450666,1,1,1,0.268880248,0.79158016,0.180101202,1,1,0,0,0
73.9,1.73486973,-1.39986676,88.329541,0.0798338022,0.00249296762,FollowWall,following_right_wall,0,14,42,0.450901866,1.65635077,1,1,1,0.269131154,0.795582163,0.180101202,1,1,0,0,0
73.95,1.73498569,-1.39587937,88.3389353,0.0798338022,0.00249296762,FollowWall,following_right_wall,0,14,42,0.450901866,1.65635077,1,1,1,0.269131154,0.799583647,0.180101202,1,1,0,0,0
74,1.73510106,-1.39189088,88.3473911,0.0798686458,0.00197031334,FollowWall,following_right_wall,0,14,42,0.451151252,1.64824287,1,1,1,0.269001186,0.803584834,0.180101202,1,1,0,0,0
74.05,1.73521592,-1.38790101,88.3546755,0.0798686458,0.00197031334,FollowWall,following_right_wall,0,14,42,0.451151252,1.64824287,1,1,1,0.269001186,0.807585642,0.180101202,1,1,0,0,0
74.1,1.73533032,-1.38391033,88.3612766,0.0798965256,0.0015521162,FollowWall,following_right_wall,0,14,42,0.451380253,1.64018593,1,1,1,0.268957198,0.811586235,0.180101202,1,1,0,0,0
74.15,1.73544432,-1.37991859,88.36698,0.0798965256,0.0015521162,FollowWall,following_right_wall,0,14,42,0.451380253,1.64018593,1,1,1,0.268957198,0.815586537,0.180101202,1,1,0,0,0
74.2,1.73555795,-1.37592624,88.3721596,0.0798992751,0.00151087348,FollowWall,following_right_wall,0,14,42,0.451590389,1.63218328,1,1,1,0.268789589,0.819586674,0.180101202,1,1,0,0,0
74.25,1.73567126,-1.37193346,88.3769846,0.0798992751,0.00151087348,FollowWall,following_right_wall,0,14,42,0.451590389,1.63218328,1,1,1,0.268789589,0.8235867,0.180101202,1,1,0,0,0
74.3,1.73578424,-1.36794043,88.3816026,0.0799139487,0.00129076887,FollowWall,following_right_wall,0,14,42,0.45178926,1.62423801,1,1,1,0.268874943,0.827586667,0.180101202,1,1,0,0,0
74.35,1.73589692,-1.36394695,88.3858372,0.0799139487,0.00129076887,FollowWall,following_right_wall,0,14,42,0.45178926,1.62423801,1,1,1,0.268874943,0.831586513,0.180101202,1,1,0,0,0
74.4,1.73600932,-1.35995319,88.3898481,0.0798521637,0.0022175441,FollowWall,following_right_wall,0,14,42,0.451971561,1.61635049,1,1,1,0.268253386,0.835586291,0.180101202,1,1,0,0,0
74.45,1.73612138,-1.35596057,88.3948348,0.0798521637,0.0022175441,FollowWall,following_right_wall,0,14,42,0.451971561,1.61635049,1,1,1,0.268253386,0.839586411,0.180101202,1,1,0,0,0
74.5,1.73623305,-1.35196859,88.4003907,0.0798068548,0.00289717789,FollowWall,following_right_wall,0,14,42,0.45216471,1.60852548,1,1,1,0.267871857,0.843586735,0.180101202,1,1,0,0,0
74.55,1.73634426,-1.34797794,88.4070899,0.0798068548,0.00289717789,FollowWall,following_right_wall,0,14,42,0.45216471,1.60852548,1,1,1,0.267871857,0.847587461,0.180101202,1,1,0,0,0
74.6,1.73645496,-1.34398805,88.414456,0.0798358863,0.00246170605,FollowWall,following_right_wall,0,14,42,0.452374429,1.60076309,1,1,1,0.268138677,0.851588429,0.180101202,1,1,0,0,0
74.65,1.73656515,-1.33999799,88.4216914,0.0798358863,0.00246170605,FollowWall,following_right_wall,0,14,42,0.452374429,1.60076309,1,1,1,0.268138677,0.855589368,0.180101202,1,1,0,0,0
74.7,1.73667485,-1.33600782,88.4288504,0.0798145023,0.00278246617,FollowWall,following_right_wall,0,14,42,0.452562928,1.5930544,1,1,1,0.26766035,0.859590296,0.180101202,1,1,0,0,0
74.75,1.73678402,-1.33201804,88.4363479,0.0798145023,0.00278246617,FollowWall,following_right_wall,0,14,42,0.452562928,1.5930544,1,1,1,0.26766035,0.863591356,0.180101202,1,1,0,0,0
74.8,1.73689266,-1.32802847,88.4440427,0.0797738346,0.00339248133,FollowWall,following_right_wall,0,14,42,0.45272857,1.58539642,1,1,1,0.267339647,0.867592499,0.180101202,1,1,0,0,0
74.85,1.7370007,-1.32403987,88.4525809,0.0797738346,0.00339248133,FollowWall,following_right_wall,0,14,42,0.45272857,1.58539642,1,1,1,0.267339647,0.871593947,0.180101202,1,1,0,0,0
74.9,1.73710812,-1.32005182,88.4616109,0.0797127727,0.00430840976,FollowWall,following_right_wall,0,14,42,0.452881634,1.57778738,1,1,1,0.266896427,0.875595583,0.180101202,1,1,0,0,0
74.95,1.73721482,-1.31606536,88.4720212,0.0797127727,0.00430840976,FollowWall,following_right_wall,0,14,42,0.452881634,1.57778738,1,1,1,0.266896427,0.879597711,0.180101202,1,1,0,0,0
75,1.73732074,-1.31207982,88.4832367,0.0796832233,0.00475165043,FollowWall,following_right_wall,0,14,42,0.453034401,1.57010797,1,1,1,0.266644835,0.883600139,0.180101202,1,1,0,0,0
75.05,1.73742582,-1.30809542,88.4954509,0.0796832233,0.00475165043,FollowWall,following_right_wall,0,14,42,0.453034401,1.57010797,1,1,1,0.266644835,0.887602935,0.180101202,1,1,0,0,0
75.1,1.73753001,-1.30411167,88.5082477,0.0796296707,0.0055549396,FollowWall,following_right_wall,0,14,42,0.453176707,1.5618397,1,1,1,0.265988588,0.891605959,0.180101202,1,1,0,0,0
75.15,1.73763323,-1.30012941,88.5223433,0.0796296707,0.0055549396,FollowWall,following_right_wall,0,14,42,0.453176707,1.5618397,1,1,1,0.265988588,0.895609458,0.180101202,1,1,0,0,0
75.2,1.73773541,-1.296148,88.5371964,0.0796313358,0.00552996335,FollowWall,following_right_wall,0,14,42,0.453311324,1.55362599,1,1,1,0.265770972,0.89961325,0.180101202,1,1,0,0,0
75.25,1.73783654,-1.29216705,88.5524616,0.0796313358,0.00552996335,FollowWall,following_right_wall,0,14,42,0.453311324,1.55362599,1,1,1,0.265770972,0.903617219,0.180101202,1,1,0,0,0
75.3,1.73793659,-1.28818635,88.5679672,0.0796813736,0.00477939535,FollowWall,following_right_wall,0,14,42,0.453415155,1.54546756,1,1,1,0.265945971,0.907621304,0.180101202,1,1,0,0,0
75.35,1.73803562,-1.28420474,88.5827172,0.0796813736,0.00477939535,FollowWall,following_right_wall,0,14,42,0.453415155,1.54546756,1,1,1,0.265945971,0.911625162,0.180101202,1,1,0,0,0
75.4,1.73813364,-1.2802226,88.5970263,0.0797131634,0.00430254917,FollowWall,following_right_wall,0,14,42,0.453450978,1.5373619,1,1,1,0.265846699,0.9156289,0.180101202,1,1,0,0,0
75.45,1.73823072,-1.27623947,88.6105091,0.0797131634,0.00430254917,FollowWall,following_right_wall,0,14,42,0.453450978,1.5373619,1,1,1,0.265846699,0.919632381,0.180101202,1,1,0,0,0
75.5,1.7383269,-1.27225575,88.6235098,0.0797468031,0.00379795301,FollowWall,following_right_wall,0,14,42,0.453408331,1.52931008,1,1,1,0.265703529,0.923635724,0.180101202,1,1,0,0,0
75.55,1.73842223,-1.26827099,88.635627,0.0797468031,0.00379795301,FollowWall,following_right_wall,0,14,42,0.453408331,1.52931008,1,1,1,0.265703529,0.927638786,0.180101202,1,1,0,0,0
75.6,1.73851675,-1.26428561,88.6472289,0.0798065494,0.00290175855,FollowWall,following_right_wall,0,14,42,0.453284264,1.52131318,1,1,1,0.265780866,0.931641692,0.180101202,1,1,0,0,0
75.65,1.73861054,-1.26029862,88.6574604,0.0798065494,0.00290175855,FollowWall,following_right_wall,0,14,42,0.453284264,1.52131318,1,1,1,0.265780866,0.935644145,0.180101202,1,1,0,0,0
75.7,1.73870367,-1.25631068,88.6668924,0.0798664908,0.00200263729,FollowWall,following_right_wall,0,14,42,0.453065485,1.51336964,1,1,1,0.265822917,0.939646338,0.180101202,1,1,0,0,0
75.75,1.73879625,-1.25232094,88.674785,0.0798664908,0.00200263729,FollowWall,following_right_wall,0,14,42,0.453065485,1.51336964,1,1,1,0.265822917,0.943648011,0.180101202,1,1,0,0,0
75.8,1.73888832,-1.24833014,88.6817794,0.0799011175,0.00148323771,FollowWall,following_right_wall,0,14,42,0.45274502,1.50547829,1,1,1,0.265573412,0.947649385,0.180101202,1,1,0,0,0
75.85,1.73897998,-1.244338,88.68763,0.0799011175,0.00148323771,FollowWall,following_right_wall,0,14,42,0.45274502,1.50547829,1,1,1,0.265573412,0.951650372,0.180101202,1,1,0,0,0
75.9,1.73907128,-1.24034508,88.6928133,0.079897499,0.00153751523,FollowWall,following_right_wall,0,14,42,0.452333272,1.49763923,1,1,1,0.264888763,0.955651136,0.180101202,1,1,0,0,0
75.95,1.73916223,-1.23635176,88.6976722,0.079897499,0.00153751523,FollowWall,following_right_wall,0,14,42,0.452333272,1.49763923,1,1,1,0.264888763,0.959651796,0.180101202,1,1,0,0,0
76,1.73925286,-1.23235823,88.7023418,0.0799080002,0.00137999642,FollowWall,following_right_wall,0,14,42,0.451856166,1.48985413,1,1,1,0.264740497,0.963652397,0.180101202,1,1,0,0,0
76.05,1.73934318,-1.22836433,88.706713,0.0799080002,0.00137999642,FollowWall,following_right_wall,0,14,42,0.451856166,1.48985413,1,1,1,0.264740497,0.967652902,0.180101202,1,1,0,0,0
76.1,1.7394332,-1.22437023,88.7109101,0.0799036863,0.00144470568,FollowWall,following_right_wall,0,14,42,0.451322854,1.48212097,1,1,1,0.264621019,0.971653354,0.180101202,1,1,0,0,0
76.15,1.73952293,-1.22037609,88.7150829,0.0799036863,0.00144470568,FollowWall,following_right_wall,0,14,42,0.451322854,1.48212097,1,1,1,0.264621019,0.975653804,0.180101202,1,1,0,0,0
76.2,1.73961238,-1.21638193,88.7192415,0.0799193791,0.00120931345,FollowWall,following_right_wall,0,14,42,0.450745076,1.47443714,1,1,1,0.264244348,0.979654256,0.180101202,1,1,0,0,0
76.25,1.73970155,-1.21238743,88.7231109,0.0799193791,0.00120931345,FollowWall,following_right_wall,0,14,42,0.450745076,1.47443714,1,1,1,0.264244348,0.983654614,0.180101202,1,1,0,0,0
76.3,1.73979046,-1.20839273,88.7268116,0.0799691839,0.000462241296,FollowWall,following_right_wall,0,14,42,0.450122744,1.46679737,1,1,1,0.264205873,0.987654919,0.180101202,1,1,0,0,0
76.35,1.73987917,-1.20439687,88.729522,0.0799691839,0.000462241296,FollowWall,following_right_wall,0,14,42,0.450122744,1.46679737,1,1,1,0.264205873,0.991654883,0.180101202,1,1,0,0,0
76.4,1.73996773,-1.20040033,88.7316549,0.0799631153,0.000553270122,FollowWall,following_right_wall,0,14,42,0.449441612,1.45906157,1,1,1,0.263711661,0.995654648,0.180101202,1,1,0,0,0
76.45,1.74005616,-1.19640352,88.7335595,0.0799631153,0.000553270122,FollowWall,following_right_wall,0,14,42,0.449441612,1.45906157,1,1,1,0.263711661,0.999654337,0.180101202,1,1,0,0,0
76.5,1.74014445,-1.19240656,88.7353309,0.0799815164,0.000277253728,FollowWall,following_right_wall,0,14,42,0.448723167,1.45075039,1,1,1,0.263593763,1.00365398,0.180101202,1,1,0,0,0
76.55,1.74023266,-1.18840912,88.7366952,0.0799815164,0.000277253728,FollowWall,following_right_wall,0,14,42,0.448723167,1.45075039,1,1,1,0.263593763,1.00765349,0.180101202,1,1,0,0,0
76.6,1.74032078,-1.1844114,88.737822,0.0799668355,0.000497467689,FollowWall,following_right_wall,0,14,42,0.447973728,1.44030241,1,1,1,0.263249308,1.01165291,0.180101202,1,1,0,0,0
76.65,1.74040881,-1.18041383,88.7390731,0.0799668355,0.000497467689,FollowWall,following_right_wall,0,14,42,0.447973728,1.44030241,1,1,1,0.263249308,1.01565238,0.180101202,1,1,0,0,0
76.7,1.74049675,-1.17641633,88.7403967,0.0799729907,0.000405139799,FollowWall,following_right_wall,0,14,42,0.447213024,1.43240629,1,1,1,0.263230711,1.01965188,0.180101202,1,1,0,0,0
76.75,1.74058461,-1.17241876,88.7416524,0.0799729907,0.000405139799,FollowWall,following_right_wall,0,14,42,0.447213024,1.43240629,1,1,1,0.263230711,1.02365135,0.180101202,1,1,0,0,0
76.8,1.74067237,-1.16842114,88.7428685,0.0799808965,0.000286553217,FollowWall,following_right_wall,0,14,42,0.446446389,1.42456793,1,1,1,0.263341039,1.02765081,0.180101202,1,1,0,0,0
76.85,1.74076007,-1.16442332,88.7439199,0.0799808965,0.000286553217,FollowWall,following_right_wall,0,14,42,0.446446389,1.42456793,1,1,1,0.263341039,1.03165022,0.180101202,1,1,0,0,0
76.9,1.74084769,-1.1604254,88.7448753,0.0799864522,0.000203216509,FollowWall,following_right_wall,0,14,42,0.445677519,1.41678449,1,1,1,0.263542712,1.03564959,0.180101202,1,1,0,0,0
76.95,1.74093526,-1.15642728,88.7456752,0.0799864522,0.000203216509,FollowWall,following_right_wall,0,14,42,0.445677519,1.41678449,1,1,1,0.263542712,1.03964892,0.180101202,1,1,0,0,0
77,1.74102278,-1.15242907,88.7463844,0.079937508,0.000937379308,FollowWall,following_right_wall,0,14,42,0.444913268,1.40905277,1,1,1,0.26328519,1.04364821,0.180101202,1,1,0,0,0
77.05,1.7411102,-1.14843181,88.747917,0.079937508,0.000937379308,FollowWall,following_right_wall,0,14,42,0.444913268,1.40905277,1,1,1,0.26328519,1.04764779,0.180101202,1,1,0,0,0
77.1,1.74119748,-1.1444351,88.7499299,0.07989467,0.00157994984,FollowWall,following_right_wall,0,14,42,0.44418633,1.40137537,1,1,1,0.263165236,1.05164754,0.180101202,1,1,0,0,0
77.15,1.74128456,-1.14043961,88.75299,0.07989467,0.00157994984,FollowWall,following_right_wall,0,14,42,0.44418633,1.40137537,1,1,1,0.263165236,1.05564766,0.180101202,1,1,0,0,0
77.2,1.74137139,-1.13644483,88.756661,0.0798596497,0.00210525451,FollowWall,following_right_wall,0,14,42,0.443515718,1.39375063,1,1,1,0.263178557,1.05964801,0.180101202,1,1,0,0,0
77.25,1.74145791,-1.13245118,88.7613154,0.0798596497,0.00210525451,FollowWall,following_right_wall,0,14,42,0.443515718,1.39375063,1,1,1,0.263178557,1.0636487,0.180101202,1,1,0,0,0
77.3,1.74154407,-1.12845819,88.7665434,0.0797675034,0.00348744852,FollowWall,following_right_wall,0,14,42,0.442908406,1.38593678,1,1,1,0.262631893,1.06764961,0.180101202,1,1,0,0,0
77.35,1.74162974,-1.1244675,88.7737559,0.0797675034,0.00348744852,FollowWall,following_right_wall,0,14,42,0.442908406,1.38593678,1,1,1,0.262631893,1.07165122,0.180101202,1,1,0,0,0
77.4,1.74171484,-1.12047815,88.7821261,0.0796405399,0.00539190143,FollowWall,following_right_wall,0,14,42,0.442396909,1.37766741,1,1,1,0.262011677,1.07565326,0.180101202,1,1,0,0,0
77.45,1.74179918,-1.11649221,88.7934448,0.0796405399,0.00539190143,FollowWall,following_right_wall,0,14,42,0.442396909,1.37766741,1,1,1,0.262011677,1.07965635,0.180101202,1,1,0,0,0
77.5,1.74188264,-1.11250826,88.8064834,0.0796217677,0.00567348433,FollowWall,following_right_wall,0,14,42,0.442019224,1.3694655,1,1,1,0.26188001,1.08366007,0.180101202,1,1,0,0,0
77.55,1.74196511,-1.10852584,88.8208615,0.0796217677,0.00567348433,FollowWall,following_right_wall,0,14,42,0.442019224,1.3694655,1,1,1,0.26188001,1.08766428,0.180101202,1,1,0,0,0
77.6,1.74204653,-1.10454431,88.836021,0.0795960556,0.00605916646,FollowWall,following_right_wall,0,14,42,0.441746145,1.36132689,1,1,1,0.261494935,1.0916688,0.180101202,1,1,0,0,0
77.65,1.74212685,-1.10056383,88.8520966,0.0795960556,0.00605916646,FollowWall,following_right_wall,0,14,42,0.441746145,1.36132689,1,1,1,0.261494935,1.09567367,0.180101202,1,1,0,0,0
77.7,1.74220602,-1.09658394,88.8687067,0.0796132812,0.00580078218,FollowWall,following_right_wall,0,14,42,0.441562593,1.35325015,1,1,1,0.261413038,1.09967877,0.180101202,1,1,0,0,0
77.75,1.74228403,-1.09260404,88.88532,0.0796132812,0.00580078218,FollowWall,following_right_wall,0,14,42,0.441562593,1.35325015,1,1,1,0.261413038,1.1036839,0.180101202,1,1,0,0,0
77.8,1.74236089,-1.08862411,88.9019353,0.0796245935,0.00563109755,FollowWall,following_right_wall,0,14,42,0.441446424,1.3452317,1,1,1,0.261152536,1.10768905,0.180101202,1,1,0,0,0
77.85,1.74243661,-1.08464393,88.9183492,0.0796245935,0.00563109755,FollowWall,following_right_wall,0,14,42,0.441446424,1.3452317,1,1,1,0.261152536,1.11169417,0.180101202,1,1,0,0,0
77.9,1.7425112,-1.08066359,88.9346456,0.0796513165,0.00523025302,FollowWall,following_right_wall,0,14,42,0.44138965,1.3372706,1,1,1,0.260954857,1.11569928,0.180101202,1,1,0,0,0
77.95,1.74258468,-1.07668259,88.950395,0.0796513165,0.00523025302,FollowWall,following_right_wall,0,14,42,0.44138965,1.3372706,1,1,1,0.260954857,1.11970422,0.180101202,1,1,0,0,0
78,1.74265709,-1.07270121,88.9658253,0.0797047081,0.00442937888,FollowWall,following_right_wall,0,14,42,0.44138369,1.32936518,1,1,1,0.260953933,1.12370907,0.180101202,1,1,0,0,0
78.05,1.74272849,-1.06871847,88.9801135,0.0797047081,0.00442937888,FollowWall,following_right_wall,0,14,42,0.44138369,1.32936518,1,1,1,0.260953933,1.12771354,0.180101202,1,1,0,0,0
78.1,1.74279893,-1.06473494,88.9937354,0.0797464549,0.00380317596,FollowWall,following_right_wall,0,14,42,0.441411376,1.32151128,1,1,1,0.260772884,1.13171779,0.180101202,1,1,0,0,0
78.15,1.74286849,-1.06075008,89.0062213,0.0797464549,0.00380317596,FollowWall,following_right_wall,0,14,42,0.441411376,1.32151128,1,1,1,0.260772884,1.13572166,0.180101202,1,1,0,0,0
78.2,1.74293721,-1.05676443,89.0180444,0.0798264004,0.0026039936,FollowWall,following_right_wall,0,14,42,0.441468626,1.31370688,1,1,1,0.260944664,1.13972531,0.180101202,1,1,0,0,0
78.25,1.74300521,-1.05277665,89.0280495,0.0798264004,0.0026039936,FollowWall,following_right_wall,0,14,42,0.441468626,1.31370688,1,1,1,0.260944664,1.14372833,0.180101202,1,1,0,0,0
78.3,1.74307258,-1.04878763,89.0369941,0.0799215099,0.00117735213,FollowWall,following_right_wall,0,14,42,0.44153589,1.30594626,1,1,1,0.261255771,1.14773097,0.180101202,1,1,0,0,0
78.35,1.74313945,-1.04479589,89.0436171,0.0799215099,0.00117735213,FollowWall,following_right_wall,0,14,42,0.44153589,1.30594626,1,1,1,0.261255771,1.1517328,0.180101202,1,1,0,0,0
78.4,1.74320592,-1.04080258,89.048886,0.0799499298,0.000751052527,FollowWall,following_right_wall,0,14,42,0.441593051,1.29822287,1,1,1,0.260914057,1.15573414,0.180101202,1,1,0,0,0
78.45,1.74327211,-1.03680774,89.0528559,0.0799499298,0.000751052527,FollowWall,following_right_wall,0,14,42,0.441593051,1.29822287,1,1,1,0.260914057,1.15973502,0.180101202,1,1,0,0,0
78.5,1.74333805,-1.03281202,89.0560682,0.0799555612,0.000666582738,FollowWall,following_right_wall,0,14,42,0.441659659,1.2905384,1,1,1,0.260847062,1.16373563,0.180101202,1,1,0,0,0
78.55,1.7434038,-1.02881567,89.0587378,0.0799555612,0.000666582738,FollowWall,following_right_wall,0,14,42,0.441659659,1.2905384,1,1,1,0.260847062,1.16773605,0.180101202,1,1,0,0,0
78.6,1.74346939,-1.02481895,89.0610907,0.0799563916,0.000654125612,FollowWall,following_right_wall,0,14,42,0.441757232,1.28278602,1,1,1,0.260757148,1.17173636,0.180101202,1,1,0,0,0
78.65,1.74353482,-1.02082199,89.063244,0.0799563916,0.000654125612,FollowWall,following_right_wall,0,14,42,0.441757232,1.28278602,1,1,1,0.260757148,1.17573661,0.180101202,1,1,0,0,0
78.7,1.7436001,-1.01682489,89.0652809,0.0799080995,0.00137850759,FollowWall,following_right_wall,0,14,42,0.441894621,1.27491012,1,1,1,0.260162055,1.17973681,0.180101202,1,1,0,0,0
78.75,1.7436652,-1.01282872,89.0681146,0.0799080995,0.00137850759,FollowWall,following_right_wall,0,14,42,0.441894621,1.27491012,1,1,1,0.260162055,1.1837373,0.180101202,1,1,0,0,0
78.8,1.74373008,-1.00883308,89.071413,0.0799200907,0.00119864008,FollowWall,following_right_wall,0,14,42,0.442094862,1.26677073,1,1,1,0.259902149,1.18773796,0.180101202,1,1,0,0,0
78.85,1.74379472,-1.00483751,89.0747679,0.0799200907,0.00119864008,FollowWall,following_right_wall,0,14,42,0.442094862,1.26677073,1,1,1,0.259902149,1.19173865,0.180101202,1,1,0,0,0
78.9,1.74385913,-1.00084197,89.0781557,0.0799405154,0.000892268624,FollowWall,following_right_wall,0,14,42,0.442339569,1.25851447,1,1,1,0.259579718,1.19573935,0.180101202,1,1,0,0,0
78.95,1.74392332,-0.996846025,89.0811969,0.0799405154,0.000892268624,FollowWall,following_right_wall,0,14,42,0.442339569,1.25851447,1,1,1,0.259579718,1.19973993,0.180101202,1,1,0,0,0
79,1.74398731,-0.992849841,89.0840361,0.0799602984,0.000595524494,FollowWall,following_right_wall,0,14,42,0.442608029,1.25030728,1,1,1,0.259352982,1.20374045,0.180101202,1,1,0,0,0
79.05,1.74405113,-0.988853105,89.0864031,0.0799602984,0.000595524494,FollowWall,following_right_wall,0,14,42,0.442608029,1.25030728,1,1,1,0.259352982,1.20774079,0.180101202,1,1,0,0,0
79.1,1.7441148,-0.984856045,89.0884947,0.0799985865,-2.12022968e-05,FollowWall,following_right_wall,0,14,42,0.442887992,1.24215163,1,1,1,0.259462774,1.21174104,0.180101202,1,1,0,0,0
79.15,1.74417836,-0.980858,89.0896895,0.0799985865,-2.12022968e-05,FollowWall,following_right_wall,0,14,42,0.442887992,1.24215163,1,1,1,0.259462774,1.21574091,0.180101202,1,1,0,0,0
79.2,1.74424188,-0.976859379,89.0903612,0.0799803859,-0.000294211248,FollowWall,following_right_wall,0,14,42,0.443160564,1.23404778,1,1,1,0.259470046,1.21974055,0.180101202,1,1,0,0,0
79.25,1.74430536,-0.972860802,89.0904018,0.0799803859,-0.000294211248,FollowWall,following_right_wall,0,14,42,0.443160564,1.23404778,1,1,1,0.259470046,1.22373919,0.180101202,1,1,0,0,0
79.3,1.74436886,-0.968862251,89.0900743,0.0799887908,0.00016813826,FollowWall,following_right_wall,0,14,42,0.443422437,1.22600036,1,1,1,0.259099662,1.22773724,0.180101202,1,1,0,0,0
79.35,1.74443237,-0.964863539,89.090084,0.0799887908,0.00016813826,FollowWall,following_right_wall,0,14,42,0.443422437,1.22600036,1,1,1,0.259099662,1.23173597,0.180101202,1,1,0,0,0
79.4,1.74449587,-0.960864735,89.0902903,0.0799975205,-3.71926777e-05,FollowWall,following_right_wall,0,14,42,0.443692744,1.21801235,1,1,1,0.259282708,1.23573509,0.180101202,1,1,0,0,0
79.45,1.74455937,-0.956865694,89.0903663,0.0799975205,-3.71926777e-05,FollowWall,following_right_wall,0,14,42,0.443692744,1.21801235,1,1,1,0.259282708,1.23973425,0.180101202,1,1,0,0,0
79.5,1.74462286,-0.952866515,89.0903662,0.0799508955,0.000736566993,FollowWall,following_right_wall,0,14,42,0.443957865,1.21008292,1,1,1,0.258888841,1.24373343,0.180101202,1,1,0,0,0
79.55,1.74468632,-0.948868226,89.0912453,0.0799508955,0.000736566993,FollowWall,following_right_wall,0,14,42,0.443957865,1.21008292,1,1,1,0.258888841,1.24773305,0.180101202,1,1,0,0,0
79.6,1.74474968,-0.944870456,89.0926374,0.0799619534,0.000570699538,FollowWall,following_right_wall,0,14,42,0.444234014,1.20221564,1,1,1,0.25920856,1.25173295,0.180101202,1,1,0,0,0
79.65,1.74481294,-0.940872757,89.0941307,0.0799619534,0.000570699538,FollowWall,following_right_wall,0,14,42,0.444234014,1.20221564,1,1,1,0.25920856,1.25573292,0.180101202,1,1,0,0,0
79.7,1.7448761,-0.936875099,89.0956829,0.0799647901,0.00052814807,FollowWall,following_right_wall,0,14,42,0.444500387,1.19411463,1,1,1,0.259524584,1.25973295,0.180101202,1,1,0,0,0
79.75,1.74493915,-0.932877404,89.0972189,0.0799647901,0.00052814807,FollowWall,following_right_wall,0,14,42,0.444500387,1.19411463,1,1,1,0.259524584,1.26373299,0.180101202,1,1,0,0,0
79.8,1.74500209,-0.928879688,89.0987453,0.0799069843,0.00139523484,FollowWall,following_right_wall,0,14,42,0.444742799,1.18586219,1,1,1,0.259205401,1.26773303,0.180101202,1,1,0,0,0
79.85,1.74506487,-0.924883163,89.1013011,0.0799069843,0.00139523484,FollowWall,following_right_wall,0,14,42,0.444742799,1.18586219,1,1,1,0.259205401,1.27173345,0.180101202,1,1,0,0,0
79.9,1.74512744,-0.920887329,89.1044574,0.0798740821,0.00188876918,FollowWall,following_right_wall,0,14,42,0.444981277,1.17766817,1,1,1,0.25887832,1.2757341,0.180101202,1,1,0,0,0
79.95,1.74518974,-0.916892583,89.1085532,0.0798740821,0.00188876918,FollowWall,following_right_wall,0,14,42,0.444981277,1.17766817,1,1,1,0.25887832,1.2797351,0.180101202,1,1,0,0,0
80,1.74525173,-0.912898469,89.1131969,0.079813287,0.00280069427,FollowWall,following_right_wall,0,14,42,0.445214361,1.16953662,1,1,1,0.258601159,1.28373629,0.180101202,1,1,0,0,0
80.05,1.74531332,-0.908905986,89.1192489,0.079813287,0.00280069427,FollowWall,following_right_wall,0,14,42,0.445214361,1.16953662,1,1,1,0.258601159,1.28773801,0.180101202,1,1,0,0,0
80.1,1.74537444,-0.904914452,89.1261222,0.0797413664,0.0038795047,FollowWall,following_right_wall,0,14,42,0.445449144,1.16147323,1,1,1,0.258062363,1.29174003,0.180101202,1,1,0,0,0
80.15,1.74543499,-0.900924966,89.1347625,0.0797413664,0.0038795047,FollowWall,following_right_wall,0,14,42,0.445449144,1.16147323,1,1,1,0.258062363,1.29574271,0.180101202,1,1,0,0,0
80.2,1.74549489,-0.896936668,89.1444335,0.0797373394,0.00393990923,FollowWall,following_right_wall,0,14,42,0.445694119,1.15348252,1,1,1,0.258062452,1.29974576,0.180101202,1,1,0,0,0
80.25,1.74555408,-0.892949144,89.1547778,0.0797373394,0.00393990923,FollowWall,following_right_wall,0,14,42,0.445694119,1.15348252,1,1,1,0.258062452,1.30374908,0.180101202,1,1,0,0,0
80.3,1.74561252,-0.888962065,89.165515,0.0796956413,0.00456538059,FollowWall,following_right_wall,0,14,42,0.445920408,1.14555808,1,1,1,0.257533669,1.30775256,0.180101202,1,1,0,0,0
80.35,1.74567017,-0.884976111,89.1772278,0.0796956413,0.00456538059,FollowWall,following_right_wall,0,14,42,0.445920408,1.14555808,1,1,1,0.257533669,1.3117564,0.180101202,1,1,0,0,0
80.4,1.74572698,-0.880990806,89.1895098,0.0797170675,0.00424398732,FollowWall,following_right_wall,0,14,42,0.446126968,1.13770002,1,1,1,0.257522017,1.31576047,0.180101202,1,1,0,0,0
80.45,1.74578293,-0.87700543,89.2017402,0.0797170675,0.00424398732,FollowWall,following_right_wall,0,14,42,0.446126968,1.13770002,1,1,1,0.257522017,1.31976454,0.180101202,1,1,0,0,0
80.5,1.74583804,-0.873020006,89.2139405,0.0797594486,0.00360827169,FollowWall,following_right_wall,0,14,42,0.446287185,1.12990038,1,1,1,0.257621467,1.32376861,0.180101202,1,1,0,0,0
80.55,1.74589233,-0.869033669,89.2253644,0.0797594486,0.00360827169,FollowWall,following_right_wall,0,14,42,0.446287185,1.12990038,1,1,1,0.257621467,1.32777242,0.180101202,1,1,0,0,0
80.6,1.74594586,-0.865046793,89.2363354,0.0798063048,0.00290542862,FollowWall,following_right_wall,0,14,42,0.446374506,1.12215086,1,1,1,0.257696211,1.33177607,0.180101202,1,1,0,0,0
80.65,1.74599867,-0.861058625,89.2462032,0.0798063048,0.00290542862,FollowWall,following_right_wall,0,14,42,0.446374506,1.12215086,1,1,1,0.257696211,1.33577933,0.180101202,1,1,0,0,0
80.7,1.74605084,-0.857069699,89.2554275,0.0798398016,0.00240297627,FollowWall,following_right_wall,0,14,42,0.446374744,1.1144454,1,1,1,0.257580966,1.33978237,0.180101202,1,1,0,0,0
80.75,1.7461024,-0.85307963,89.2636768,0.0798398016,0.00240297627,FollowWall,following_right_wall,0,14,42,0.446374744,1.1144454,1,1,1,0.257580966,1.34378506,0.180101202,1,1,0,0,0
80.8,1.74615342,-0.849088893,89.2713571,0.0798898251,0.00165262359,FollowWall,following_right_wall,0,14,42,0.446288526,1.10662566,1,1,1,0.257586569,1.34778755,0.180101202,1,1,0,0,0
80.85,1.74620397,-0.845096721,89.27781,0.0798898251,0.00165262359,FollowWall,following_right_wall,0,14,42,0.446288526,1.10662566,1,1,1,0.257586569,1.3517896,0.180101202,1,1,0,0,0
80.9,1.7462541,-0.841103711,89.2835469,0.0799352866,0.00097070092,FollowWall,following_right_wall,0,14,42,0.446110159,1.09870095,1,1,1,0.257506818,1.35579139,0.180101202,1,1,0,0,0
80.95,1.7463039,-0.837109263,89.2880521,0.0799352866,0.00097070092,FollowWall,following_right_wall,0,14,42,0.446110159,1.09870095,1,1,1,0.257506818,1.35979274,0.180101202,1,1,0,0,0
81,1.74635341,-0.833113976,89.2918388,0.079937338,0.00093993053,FollowWall,following_right_wall,0,14,42,0.445838839,1.09082794,1,1,1,0.256949872,1.36379383,0.180101202,1,1,0,0,0
81.05,1.74640269,-0.829118156,89.2951697,0.079937338,0.00093993053,FollowWall,following_right_wall,0,14,42,0.445838839,1.09082794,1,1,1,0.256949872,1.36779475,0.180101202,1,1,0,0,0
81.1,1.74645174,-0.825122023,89.2982347,0.0799792139,-0.000311791358,FollowWall,following_right_wall,0,14,42,0.445496649,1.08300854,1,1,1,0.257331729,1.37179557,0.180101202,1,1,0,0,0
81.15,1.74650065,-0.821124836,89.2996504,0.0799792139,-0.000311791358,FollowWall,following_right_wall,0,14,42,0.445496649,1.08300854,1,1,1,0.257331729,1.37579493,0.180101202,1,1,0,0,0
81.2,1.74654951,-0.817127033,89.300104,0.0799605436,-0.000591845901,FollowWall,following_right_wall,0,14,42,0.445059925,1.07477517,1,1,1,0.257518113,1.37979343,0.180101202,1,1,0,0,0
81.25,1.74659836,-0.813129262,89.2996622,0.0799605436,-0.000591845901,FollowWall,following_right_wall,0,14,42,0.445059925,1.07477517,1,1,1,0.257518113,1.38379052,0.180101202,1,1,0,0,0
81.3,1.74664726,-0.809131508,89.298698,0.0799784304,-0.000323543459,FollowWall,following_right_wall,0,14,42,0.444544524,1.06655273,1,1,1,0.257193625,1.3877868,0.180101202,1,1,0,0,0
81.35,1.74669623,-0.805133394,89.2977494,0.0799784304,-0.000323543459,FollowWall,following_right_wall,0,14,42,0.444544524,1.06655273,1,1,1,0.257193625,1.39178346,0.180101202,1,1,0,0,0
81.4,1.74674527,-0.801135069,89.2968098,0.0799539732,-0.000690402731,FollowWall,following_right_wall,0,14,42,0.44398284,1.05838224,1,1,1,0.256963372,1.39578034,0.180101202,1,1,0,0,0
81.45,1.74679439,-0.797137131,89.2954376,0.0799539732,-0.000690402731,FollowWall,following_right_wall,0,14,42,0.44398284,1.05838224,1,1,1,0.256963372,1.39977618,0.180101202,1,1,0,0,0
81.5,1.74684361,-0.79313942,89.293813,0.0799510858,-0.000733713019,FollowWall,following_right_wall,0,14,42,0.443374157,1.0502675,1,1,1,0.256617844,1.4037714,0.180101202,1,1,0,0,0
81.55,1.74689295,-0.789141902,89.2919896,0.0799510858,-0.000733713019,FollowWall,following_right_wall,0,14,42,0.443374157,1.0502675,1,1,1,0.256617844,1.40776613,0.180101202,1,1,0,0,0
81.6,1.74694241,-0.785144497,89.2900501,0.0799454754,-0.00081786874,FollowWall,following_right_wall,0,14,42,0.442727625,1.04221065,1,1,1,0.25640744,1.41176057,0.180101202,1,1,0,0,0
81.65,1.74699202,-0.781147276,89.2879425,0.0799454754,-0.00081786874,FollowWall,following_right_wall,0,14,42,0.442727625,1.04221065,1,1,1,0.25640744,1.41575456,0.180101202,1,1,0,0,0
81.7,1.74704177,-0.777150164,89.2857368,0.0799836134,-0.000245798573,FollowWall,following_right_wall,0,14,42,0.442051798,1.03421277,1,1,1,0.255858541,1.41974829,0.180101202,1,1,0,0,0
81.75,1.74709167,-0.77315232,89.2841567,0.0799836134,-0.000245798573,FollowWall,following_right_wall,0,14,42,0.442051798,1.03421277,1,1,1,0.255858541,1.42374372,0.180101202,1,1,0,0,0
81.8,1.74714167,-0.76915405,89.2829416,0.079957933,-0.000631004487,FollowWall,following_right_wall,0,14,42,0.441374034,1.02627396,1,1,1,0.256044805,1.42774013,0.180101202,1,1,0,0,0
81.85,1.74719176,-0.765156067,89.2814796,0.079957933,-0.000631004487,FollowWall,following_right_wall,0,14,42,0.441374034,1.02627396,1,1,1,0.256044805,1.43173587,0.180101202,1,1,0,0,0
81.9,1.74724195,-0.761158252,89.2798735,0.0799552837,-0.000670744603,FollowWall,following_right_wall,0,14,42,0.440683872,1.01839365,1,1,1,0.256106257,1.43573123,0.180101202,1,1,0,0,0
81.95,1.74729226,-0.757160591,89.278136,0.0799552837,-0.000670744603,FollowWall,following_right_wall,0,14,42,0.440683872,1.01839365,1,1,1,0.256106257,1.43972623,0.180101202,1,1,0,0,0
82,1.74734269,-0.753163021,89.2763218,0.0799482919,-0.000775621121,FollowWall,following_right_wall,0,14,42,0.439986259,1.01056979,1,1,1,0.256326944,1.44372102,0.180101202,1,1,0,0,0
82.05,1.74739325,-0.749165649,89.2743377,0.0799482919,-0.000775621121,FollowWall,following_right_wall,0,14,42,0.439986259,1.01056979,1,1,1,0.256326944,1.44771536,0.180101202,1,1,0,0,0
82.1,1.74744395,-0.745168395,89.2722545,0.0799740913,-0.000388630952,FollowWall,following_right_wall,0,14,42,0.43928805,1.00280027,1,1,1,0.256327152,1.45170942,0.180101202,1,1,0,0,0
82.15,1.74749479,-0.741170672,89.2705754,0.0799740913,-0.000388630952,FollowWall,following_right_wall,0,14,42,0.43928805,1.00280027,1,1,1,0.256327152,1.45570458,0.180101202,1,1,0,0,0
82.2,1.74754574,-0.737172676,89.269132,0.0799948487,-7.72699514e-05,FollowWall,following_right_wall,0,14,42,0.438610792,0.994918338,1,1,1,0.256470412,1.45970036,0.180101202,1,1,0,0,0
82.25,1.74759678,-0.733174089,89.2681978,0.0799948487,-7.72699514e-05,FollowWall,following_right_wall,0,14,42,0.438610792,0.994918338,1,1,1,0.256470412,1.46369752,0.180101202,1,1,0,0,0
82.3,1.74764788,-0.729175157,89.2675606,0.0799740886,0.000388670867,FollowWall,following_right_wall,0,14,42,0.437967777,0.986961098,1,1,1,0.256586999,1.46769548,0.180101202,1,1,0,0,0
82.35,1.747699,-0.725176456,89.2676529,0.0799740886,0.000388670867,FollowWall,following_right_wall,0,14,42,0.437967777,0.986961098,1,1,1,0.256586999,1.47169432,0.180101202,1,1,0,0,0
82.4,1.74775009,-0.721177889,89.2681706,0.0798861094,0.00170835862,FollowWall,following_right_wall,0,14,42,0.437372506,0.979063325,1,1,1,0.256182581,1.47569368,0.180101202,1,1,0,0,0
82.45,1.74780106,-0.717181233,89.2705119,0.0798861094,0.00170835862,FollowWall,following_right_wall,0,14,42,0.437372506,0.979063325,1,1,1,0.256182581,1.47969392,0.180101202,1,1,0,0,0
82.5,1.74785182,-0.713185689,89.2739168,0.0797339262,0.00399110771,FollowWall,following_right_wall,0,14,42,0.436861843,0.971229071,1,1,1,0.255593836,1.48369468,0.180101202,1,1,0,0,0
82.55,1.74790217,-0.709193961,89.280667,0.0797339262,0.00399110771,FollowWall,following_right_wall,0,14,42,0.436861843,0.971229071,1,1,1,0.255593836,1.48769674,0.180101202,1,1,0,0,0
82.6,1.74795196,-0.705204454,89.2893687,0.0796885709,0.00467143672,FollowWall,following_right_wall,0,14,42,0.436489075,0.963147766,1,1,1,0.255588859,1.49169956,0.180101202,1,1,0,0,0
82.65,1.74800104,-0.701217185,89.3000208,0.0796885709,0.00467143672,FollowWall,following_right_wall,0,14,42,0.436489075,0.963147766,1,1,1,0.255588859,1.49570315,0.180101202,1,1,0,0,0
82.7,1.74804933,-0.697231215,89.3118106,0.0796703711,0.00494443338,FollowWall,following_right_wall,0,14,42,0.436234385,0.954958113,1,1,1,0.255460203,1.49970717,0.180101202,1,1,0,0,0
82.75,1.74809675,-0.693246379,89.32459,0.0796703711,0.00494443338,FollowWall,following_right_wall,0,14,42,0.436234385,0.954958113,1,1,1,0.255460203,1.50371159,0.180101202,1,1,0,0,0
82.8,1.74814326,-0.689262198,89.3379466,0.0796766259,0.00485061083,FollowWall,following_right_wall,0,14,42,0.436070621,0.946828662,1,1,1,0.255428463,1.50771624,0.180101202,1,1,0,0,0
82.85,1.74818882,-0.685278265,89.351528,0.0796766259,0.00485061083,FollowWall,following_right_wall,0,14,42,0.436070621,0.946828662,1,1,1,0.255428463,1.51172099,0.180101202,1,1,0,0,0
82.9,1.74823343,-0.681294472,89.3652404,0.0796866375,0.00470043758,FollowWall,following_right_wall,0,14,42,0.435976803,0.938461017,1,1,1,0.255313426,1.51572581,0.180101202,1,1,0,0,0
82.95,1.7482771,-0.677310549,89.3788501,0.0796866375,0.00470043758,FollowWall,following_right_wall,0,14,42,0.435976803,0.938461017,1,1,1,0.255313426,1.51973061,0.180101202,1,1,0,0,0
83,1.74831982,-0.673326544,89.3923998,0.0796726171,0.00491074337,FollowWall,following_right_wall,0,14,42,0.435943067,0.93074204,1,1,1,0.25484544,1.5237354,0.180101202,1,1,0,0,0
83.05,1.74836159,-0.669342781,89.4061656,0.0796726171,0.00491074337,FollowWall,following_right_wall,0,14,42,0.435943067,0.93074204,1,1,1,0.25484544,1.52774029,0.180101202,1,1,0,0,0
83.1,1.7484024,-0.665359154,89.4200573,0.0797063193,0.00440521125,FollowWall,following_right_wall,0,14,42,0.435978085,0.922786474,1,1,1,0.254756033,1.53174524,0.180101202,1,1,0,0,0
83.15,1.74844226,-0.661374901,89.4334192,0.0797063193,0.00440521125,FollowWall,following_right_wall,0,14,42,0.435978085,0.922786474,1,1,1,0.254756033,1.53575001,0.180101202,1,1,0,0,0
83.2,1.74848121,-0.657390279,89.446472,0.0797581649,0.00362752589,FollowWall,following_right_wall,0,14,42,0.436065733,0.914886708,1,1,1,0.25476557,1.53975468,0.180101202,1,1,0,0,0
83.25,1.7485193,-0.653404358,89.4584161,0.0797581649,0.00362752589,FollowWall,following_right_wall,0,14,42,0.436065733,0.914886708,1,1,1,0.25476557,1.54375895,0.180101202,1,1,0,0,0
83.3,1.7485566,-0.649417678,89.4697136,0.0798054163,0.00291875541,FollowWall,following_right_wall,0,14,42,0.436186522,0.907038222,1,1,1,0.254670352,1.54776299,0.180101202,1,1,0,0,0
83.35,1.74859316,-0.645429568,89.4797878,0.0798054163,0.00291875541,FollowWall,following_right_wall,0,14,42,0.436186522,0.907038222,1,1,1,0.254670352,1.55176658,0.180101202,1,1,0,0,0
83.4,1.74862905,-0.641440621,89.4891484,0.0798825054,0.00176241925,FollowWall,following_right_wall,0,14,42,0.436332911,0.899238278,1,1,1,0.254836559,1.55576992,0.180101202,1,1,0,0,0
83.45,1.74866437,-0.637449578,89.4967125,0.0798825054,0.00176241925,FollowWall,following_right_wall,0,14,42,0.436332911,0.899238278,1,1,1,0.254836559,1.55977259,0.180101202,1,1,0,0,0
83.5,1.74869921,-0.633457312,89.5032286,0.0799740845,0.000388732462,FollowWall,following_right_wall,0,14,42,0.436487019,0.891328928,1,1,1,0.255132616,1.56377488,0.180101202,1,1,0,0,0
83.55,1.7487337,-0.629462424,89.5074937,0.0799740845,0.000388732462,FollowWall,following_right_wall,0,14,42,0.436487019,0.891328928,1,1,1,0.255132616,1.56777632,0.180101202,1,1,0,0,0
83.6,1.74876795,-0.625466005,89.5104457,0.0799794196,-0.000308706184,FollowWall,following_right_wall,0,14,42,0.436630249,0.883114692,1,1,1,0.254988939,1.57177728,0.180101202,1,1,0,0,0
83.65,1.74880206,-0.621468583,89.5117992,0.0799794196,-0.000308706184,FollowWall,following_right_wall,0,14,42,0.436630249,0.883114692,1,1,1,0.254988939,1.57577679,0.180101202,1,1,0,0,0
83.7,1.74883611,-0.617470576,89.5122203,0.0799603334,-0.000594999128,FollowWall,following_right_wall,0,14,42,0.436772555,0.87494037,1,1,1,0.255150437,1.57977544,0.180101202,1,1,0,0,0
83.75,1.74887017,-0.613472625,89.5117556,0.0799603334,-0.000594999128,FollowWall,following_right_wall,0,14,42,0.436772555,0.87494037,1,1,1,0.255150437,1.58377268,0.180101202,1,1,0,0,0
83.8,1.74890427,-0.609474708,89.5107744,0.0799621573,-0.000567640953,FollowWall,following_right_wall,0,14,42,0.43693167,0.866816103,1,1,1,0.255140722,1.58776908,0.180101202,1,1,0,0,0
83.85,1.74893845,-0.605476772,89.5095244,0.0799621573,-0.000567640953,FollowWall,following_right_wall,0,14,42,0.43693167,0.866816103,1,1,1,0.255140722,1.5917651,0.180101202,1,1,0,0,0
83.9,1.74897273,-0.601478826,89.5081177,0.0799965038,-5.24435449e-05,FollowWall,following_right_wall,0,14,42,0.437122971,0.858747348,1,1,1,0.254587084,1.59576088,0.180101202,1,1,0,0,0
83.95,1.74900709,-0.59748016,89.5072345,0.0799965038,-5.24435449e-05,FollowWall,following_right_wall,0,14,42,0.437122971,0.858747348,1,1,1,0.254587084,1.59975819,0.180101202,1,1,0,0,0
84,1.7490415,-0.593481072,89.5066567,0.0799799041,-0.00030143841,FollowWall,following_right_wall,0,14,42,0.437365711,0.850737129,1,1,1,0.254303485,1.60375639,0.180101202,1,1,0,0,0
84.05,1.74907596,-0.589482085,89.5059599,0.0799799041,-0.00030143841,FollowWall,following_right_wall,0,14,42,0.437365711,0.850737129,1,1,1,0.254303485,1.6077543,0.180101202,1,1,0,0,0
84.1,1.74911047,-0.585483157,89.5051935,0.0799640526,-0.000539210406,FollowWall,following_right_wall,0,14,42,0.437642395,0.842785506,1,1,1,0.254097879,1.61175205,0.180101202,1,1,0,0,0
84.15,1.74914504,-0.581484594,89.5041029,0.0799640526,-0.000539210406,FollowWall,following_right_wall,0,14,42,0.437642395,0.842785506,1,1,1,0.254097879,1.61574894,0.180101202,1,1,0,0,0
84.2,1.74917969,-0.577486244,89.502823,0.0799532998,-0.000700503346,FollowWall,following_right_wall,0,14,42,0.437937737,0.834891707,1,1,1,0.253944248,1.61974532,0.180101202,1,1,0,0,0
84.25,1.74921444,-0.573488242,89.5012403,0.0799532998,-0.000700503346,FollowWall,following_right_wall,0,14,42,0.437937737,0.834891707,1,1,1,0.253944248,1.62374089,0.180101202,1,1,0,0,0
84.3,1.7492493,-0.569490445,89.4994809,0.0799390266,-0.000914601598,FollowWall,following_right_wall,0,14,42,0.438244343,0.82705431,1,1,1,0.253934592,1.62773598,0.180101202,1,1,0,0,0
84.35,1.7492843,-0.565493065,89.4973628,0.0799390266,-0.000914601598,FollowWall,following_right_wall,0,14,42,0.438244343,0.82705431,1,1,1,0.253934592,1.6317301,0.180101202,1,1,0,0,0
84.4,1.74931944,-0.561495929,89.4950355,0.0799620335,-0.000569497269,FollowWall,following_right_wall,0,14,42,0.43855384,0.819173798,1,1,1,0.253659755,1.63572366,0.180101202,1,1,0,0,0
84.45,1.74935475,-0.557498456,89.4929982,0.0799620335,-0.000569497269,FollowWall,following_right_wall,0,14,42,0.43855384,0.819173798,1,1,1,0.253659755,1.639718,0.180101202,1,1,0,0,0
84.5,1.74939019,-0.553500787,89.4911299,0.0799731927,-0.000402110068,FollowWall,following_right_wall,0,14,42,0.438875645,0.811146381,1,1,1,0.253594607,1.6437128,0.180101202,1,1,0,0,0
84.55,1.74942575,-0.549502772,89.4895602,0.0799731927,-0.000402110068,FollowWall,following_right_wall,0,14,42,0.438875645,0.811146381,1,1,1,0.253594607,1.6477084,0.180101202,1,1,0,0,0
84.6,1.74946142,-0.545504555,89.4881645,0.0799695708,-0.000456437402,FollowWall,following_right_wall,0,14,42,0.439206809,0.803177601,1,1,1,0.25376296,1.65170447,0.180101202,1,1,0,0,0
84.65,1.74949719,-0.541506297,89.4868055,0.0799695708,-0.000456437402,FollowWall,following_right_wall,0,14,42,0.439206809,0.803177601,1,1,1,0.25376296,1.65570064,0.180101202,1,1,0,0,0
84.7,1.74953305,-0.537508014,89.4854679,0.0799892936,-0.000160596342,FollowWall,following_right_wall,0,14,42,0.439533561,0.795267221,1,1,1,0.253786594,1.65969686,0.180101202,1,1,0,0,0
84.75,1.74956899,-0.533509306,89.4844959,0.0799892936,-0.000160596342,FollowWall,following_right_wall,0,14,42,0.439533561,0.795267221,1,1,1,0.253786594,1.66369408,0.180101202,1,1,0,0,0
84.8,1.749605,-0.529510351,89.4837373,0.0799787731,-0.00031840311,FollowWall,following_right_wall,0,14,42,0.439855963,0.787413811,1,1,1,0.254196644,1.66769187,0.180101202,1,1,0,0,0
84.85,1.74964106,-0.525511471,89.4829147,0.0799787731,-0.00031840311,FollowWall,following_right_wall,0,14,42,0.439855963,0.787413811,1,1,1,0.254196644,1.67168948,0.180101202,1,1,0,0,0
84.9,1.74967718,-0.521512635,89.4820547,0.0799977674,-3.34897012e-05,FollowWall,following_right_wall,0,14,42,0.440158069,0.779598289,1,1,1,0.254395753,1.675687,0.180101202,1,1,0,0,0
84.95,1.74971335,-0.517513429,89.4815131,0.0799977674,-3.34897012e-05,FollowWall,following_right_wall,0,14,42,0.440158069,0.779598289,1,1,1,0.254395753,1.67968537,0.180101202,1,1,0,0,0
85,1.74974956,-0.513514007,89.4811572,0.0799352871,0.000970694197,FollowWall,following_right_wall,0,14,42,0.440440685,0.771359386,1,1,1,0.254114389,1.68368425,0.180101202,1,1,0,0,0
85.05,1.74978573,-0.50951576,89.4821083,0.0799352871,0.000970694197,FollowWall,following_right_wall,0,14,42,0.440440685,0.771359386,1,1,1,0.254114389,1.68768395,0.180101202,1,1,0,0,0
85.1,1.74982181,-0.505518198,89.4838218,0.0799070726,0.0013939115,FollowWall,following_right_wall,0,14,42,0.440725863,0.763171485,1,1,1,0.25406754,1.69168415,0.180101202,1,1,0,0,0
85.15,1.74985772,-0.501521623,89.4864851,0.0799070726,0.0013939115,FollowWall,following_right_wall,0,14,42,0.440725863,0.763171485,1,1,1,0.25406754,1.69568482,0.180101202,1,1,0,0,0
85.2,1.74989342,-0.497525622,89.4897026,0.0798404874,0.00239268839,FollowWall,following_right_wall,0,14,42,0.441005319,0.755045396,1,1,1,0.253744155,1.69968577,0.180101202,1,1,1,0,1
