time,x,y,yaw_deg,v,w,state,reason,fault,narrow_usable,wide_usable,front_sector,front_clearance,pivot_valid,heading_valid,right_valid,right_distance,cap_gap,min_cap_gap,entered,approached,returned,contact,completed
0,0,0,0,0.0742627723,-0.0860584148,FollowWall,following_right_wall,0,14,42,0.534847498,-1,-1,-1,1,0.303924054,2.211,2.211,0,0,0,0,0
0.05,0.00154714047,-1.38692179e-06,-0.102724666,0.0742627723,-0.0860584148,FollowWall,following_right_wall,0,14,42,0.534847498,-1,-1,-1,1,0.303924054,2.21093063,2.21093063,0,0,0,0,0
0.1,0.00399676789,-9.25576419e-06,-0.265372053,0.0746430385,-0.0803544228,FollowWall,following_right_wall,0,14,42,0.531389594,-1,-1,-1,1,0.303920627,2.2108157,2.2108157,0,0,0,0,0
0.15,0.00698072874,-2.80448351e-05,-0.456165723,0.0746430385,-0.0803544228,FollowWall,following_right_wall,0,14,42,0.531389594,-1,-1,-1,1,0.303920627,2.21067224,2.21067224,0,0,0,0,0
0.2,0.0102763131,-6.02432657e-05,-0.663378057,0.0752173356,-0.071739966,FollowWall,following_right_wall,0,14,42,0.526244402,-1,-1,-1,1,0.304034293,2.21050576,2.21050576,0,0,0,0,0
0.25,0.0137655445,-0.000106932827,-0.869885195,0.0752173356,-0.071739966,FollowWall,following_right_wall,0,14,42,0.526244402,-1,-1,-1,1,0.304034293,2.21032642,2.21032642,0,0,0,0,0
0.3,0.0173676201,-0.000168105141,-1.07598097,0.0758195653,-0.0627065199,FollowWall,following_right_wall,0,14,42,0.52091676,-1,-1,-1,1,0.304009169,2.21013401,2.21013401,0,0,0,0,0
0.35,0.0210479361,-0.000243494969,-1.2710539,0.0758195653,-0.0627065199,FollowWall,following_right_wall,0,14,42,0.52091676,-1,-1,-1,1,0.304009169,2.20993548,2.20993548,0,0,0,0,0
0.4,0.0247737536,-0.000332299112,-1.45969683,0.076387558,-0.0541866307,FollowWall,following_right_wall,0,14,42,0.515929163,-1,-1,-1,1,0.303838044,2.20972858,2.20972858,0,0,0,0,0
0.45,0.0285377993,-0.000433957777,-1.63441907,0.076387558,-0.0541866307,FollowWall,following_right_wall,0,14,42,0.515929163,-1,-1,-1,1,0.303838044,2.20951841,2.20951841,0,0,0,0,0
0.5,0.0323239986,-0.000547501557,-1.80102091,0.0768812061,-0.0467819089,FollowWall,following_right_wall,0,14,42,0.5114218,-1,-1,-1,1,0.303904861,2.20930218,2.20930218,0,0,0,0,0
0.55,0.0361332534,-0.000672372299,-1.9540471,0.0768812061,-0.0467819089,FollowWall,following_right_wall,0,14,42,0.5114218,-1,-1,-1,1,0.303904861,2.20908366,2.20908366,0,0,0,0,0
0.6,0.0399558116,-0.000807635862,-2.09915417,0.0772652132,-0.0410218025,FollowWall,following_right_wall,0,14,42,0.507384956,-1,-1,-1,1,0.303768456,2.20886019,2.20886019,0,0,0,0,0
0.65,0.0437939807,-0.000952799844,-2.23276613,0.0772652132,-0.0410218025,FollowWall,following_right_wall,0,14,42,0.507384956,-1,-1,-1,1,0.303768456,2.20863432,2.20863432,0,0,0,0,0
0.7,0.0476411137,-0.00110706241,-2.35967261,0.0775917182,-0.0361242269,FollowWall,following_right_wall,0,14,42,0.503742516,-1,-1,-1,1,0.303512365,2.20840385,2.20840385,0,0,0,0,0
0.75,0.0515001325,-0.00127003438,-2.47682151,0.0775917182,-0.0361242269,FollowWall,following_right_wall,0,14,42,0.503742516,-1,-1,-1,1,0.303512365,2.20817093,2.20817093,0,0,0,0,0
0.8,0.0553659479,-0.00144101995,-2.58827848,0.0778962299,-0.0315565514,FollowWall,following_right_wall,0,14,42,0.500423014,-1,-1,-1,1,0.303548008,2.20793375,2.20793375,0,0,0,0,0
0.85,0.0592419328,-0.0016197133,-2.69096291,0.0778962299,-0.0315565514,FollowWall,following_right_wall,0,14,42,0.500423014,-1,-1,-1,1,0.303548008,2.20769437,2.20769437,0,0,0,0,0
0.9,0.0631237215,-0.00180547271,-2.78853002,0.0781935013,-0.0270974804,FollowWall,following_right_wall,0,14,42,0.497382522,-1,-1,-1,1,0.303690612,2.20745122,2.20745122,0,0,0,0,0
0.95,0.0670149587,-0.00199804345,-2.8777894,0.0781935013,-0.0270974804,FollowWall,following_right_wall,0,14,42,0.497382522,-1,-1,-1,1,0.303690612,2.20720638,2.20720638,0,0,0,0,0
1,0.0709115904,-0.00219680172,-2.96220261,0.0785541256,-0.0216881167,FollowWall,following_right_wall,0,14,42,0.494598716,-1,-1,-1,1,0.303485572,2.20695838,2.20695838,0,0,0,0,0
1.05,0.0748187637,-0.00240155208,-3.03733193,0.0785541256,-0.0216881167,FollowWall,following_right_wall,0,14,42,0.494598716,-1,-1,-1,1,0.303485572,2.20670998,2.20670998,0,0,0,0,0
1.1,0.0787319877,-0.00261157972,-3.10704565,0.0788856816,-0.016714776,FollowWall,following_right_wall,0,14,42,0.49209252,-1,-1,-1,1,0.302982122,2.20645959,2.20645959,0,0,0,0,0
1.15,0.0826555493,-0.00282663783,-3.16766378,0.0788856816,-0.016714776,FollowWall,following_right_wall,0,14,42,0.49209252,-1,-1,-1,1,0.302982122,2.20620954,2.20620954,0,0,0,0,0
1.2,0.0865850621,-0.00304600974,-3.22297615,0.0791869542,-0.0121956871,FollowWall,following_right_wall,0,14,42,0.489864051,-1,-1,-1,1,0.302389294,2.20595833,2.20595833,0,0,0,0,0
1.25,0.0905242438,-0.00326944353,-3.26979923,0.0791869542,-0.0121956871,FollowWall,following_right_wall,0,14,42,0.489864051,-1,-1,-1,1,0.302389294,2.20570801,2.20570801,0,0,0,0,0
1.3,0.0944690062,-0.00349625708,-3.31167022,0.079458971,-0.00811543527,FollowWall,following_right_wall,0,14,42,0.487897217,-1,-1,-1,1,0.302021027,2.20545721,2.20545721,0,0,0,0,0
1.35,0.0984226316,-0.00372621055,-3.34578205,0.079458971,-0.00811543527,FollowWall,following_right_wall,0,14,42,0.487897217,-1,-1,-1,1,0.302021027,2.20520774,2.20520774,0,0,0,0,0
1.4,0.102381387,-0.00395867043,-3.37536771,0.0796844458,-0.00473331295,FollowWall,following_right_wall,0,14,42,0.486171842,-1,-1,-1,1,0.301861227,2.20495839,2.20495839,0,0,0,0,0
1.45,0.106347792,-0.0041934028,-3.39827598,0.0796844458,-0.00473331295,FollowWall,following_right_wall,0,14,42,0.486171842,-1,-1,-1,1,0.301861227,2.20471059,2.20471059,0,0,0,0,0
1.5,0.110318635,-0.00442985561,-3.41728912,0.0797835619,-0.00324657112,FollowWall,following_right_wall,0,14,42,0.484659284,-1,-1,-1,1,0.30124414,2.20446331,2.20446331,0,0,0,0,0
1.55,0.114294108,-0.00466776717,-3.43225542,0.0797835619,-0.00324657112,FollowWall,following_right_wall,0,14,42,0.484659284,-1,-1,-1,1,0.30124414,2.20421688,2.20421688,0,0,0,0,0
1.6,0.118272265,-0.00490680002,-3.44486108,0.0799017439,-0.00147384118,FollowWall,following_right_wall,0,14,42,0.483289778,-1,-1,-1,1,0.300485969,2.20397067,2.20397067,0,0,0,0,0
1.65,0.122254435,-0.00514683138,-3.45397364,0.0799017439,-0.00147384118,FollowWall,following_right_wall,0,14,42,0.483289778,-1,-1,-1,1,0.300485969,2.20372546,2.20372546,0,0,0,0,0
1.7,0.126238937,-0.00538756826,-3.46104858,0.0799448218,0.000827673638,FollowWall,following_right_wall,0,14,42,0.482037604,-1,-1,-1,1,0.299877614,2.2034807,2.2034807,0,0,0,0,0
1.75,0.130225694,-0.00562879802,-3.46418766,0.0799448218,0.000827673638,FollowWall,following_right_wall,0,14,42,0.482037604,-1,-1,-1,1,0.299877614,2.20323769,2.20323769,0,0,0,0,0
1.8,0.13421377,-0.00587024673,-3.46503083,0.079885848,0.0017122802,FollowWall,following_right_wall,0,14,42,0.480915368,-1,-1,-1,1,0.299422115,2.20299576,2.20299576,0,0,0,0,0
1.85,0.138201396,-0.00611164341,-3.46347879,0.079885848,0.0017122802,FollowWall,following_right_wall,0,14,42,0.480915368,-1,-1,-1,1,0.299422115,2.20275525,2.20275525,0,0,0,0,0
1.9,0.142188768,-0.00635286751,-3.46052955,0.0797507089,0.00373936632,FollowWall,following_right_wall,0,14,42,0.479890704,-1,-1,-1,1,0.298820704,2.2025157,2.2025157,0,0,0,0,0
1.95,0.146173196,-0.00659359474,-3.45434562,0.0797507089,0.00373936632,FollowWall,following_right_wall,0,14,42,0.479890704,-1,-1,-1,1,0.298820704,2.20227849,2.20227849,0,0,0,0,0
2,0.150155924,-0.00683372206,-3.44627479,0.0795882337,0.00617649438,FollowWall,following_right_wall,0,14,42,0.47898072,-1,-1,-1,1,0.29837364,2.20204295,2.20204295,0,0,0,0,0
2.05,0.154134307,-0.00707288525,-3.43419416,0.0795882337,0.00617649438,FollowWall,following_right_wall,0,14,42,0.47898072,-1,-1,-1,1,0.29837364,2.20181066,2.20181066,0,0,0,0,0
2.1,0.158110185,-0.00731097514,-3.41977448,0.0794654313,0.00801852988,FollowWall,following_right_wall,0,14,42,0.478214711,-1,-1,-1,1,0.297975779,2.20158077,2.20158077,0,0,0,0,0
2.15,0.162082084,-0.00754769958,-3.40179158,0.0794654313,0.00801852988,FollowWall,following_right_wall,0,14,42,0.478214711,-1,-1,-1,1,0.297975779,2.20135429,2.20135429,0,0,0,0,0
2.2,0.166051701,-0.00778296543,-3.38173014,0.0794161496,0.00875775663,FollowWall,following_right_wall,0,14,42,0.477589965,-1,-1,-1,1,0.297435343,2.20113046,2.20113046,0,0,0,0,0
2.25,0.170019002,-0.0080166273,-3.35957383,0.0794161496,0.00875775663,FollowWall,following_right_wall,0,14,42,0.477589965,-1,-1,-1,1,0.297435343,2.20090945,2.20090945,0,0,0,0,0
2.3,0.173984995,-0.00824863073,-3.33619552,0.079412827,0.00880759486,FollowWall,following_right_wall,0,14,42,0.477069557,-1,-1,-1,1,0.296901405,2.2006908,2.2006908,0,0,0,0,0
2.35,0.177950197,-0.00847893768,-3.31204488,0.079412827,0.00880759486,FollowWall,following_right_wall,0,14,42,0.477069557,-1,-1,-1,1,0.296901405,2.20047431,2.20047431,0,0,0,0,0
2.4,0.181914979,-0.00870752783,-3.28744371,0.0795117592,0.00732361129,FollowWall,following_right_wall,0,14,42,0.476613253,-1,-1,-1,1,0.296581507,2.20025981,2.20025981,0,0,0,0,0
2.45,0.185881612,-0.00893456831,-3.26435111,0.0795117592,0.00732361129,FollowWall,following_right_wall,0,14,42,0.476613253,-1,-1,-1,1,0.296581507,2.20004601,2.20004601,0,0,0,0,0
2.5,0.189849359,-0.00916009875,-3.24213852,0.0796141673,0.00578749067,FollowWall,following_right_wall,0,14,42,0.476155311,-1,-1,-1,1,0.296369493,2.19983323,2.19983323,0,0,0,0,0
2.55,0.193819916,-0.00938432624,-3.22227286,0.0796141673,0.00578749067,FollowWall,following_right_wall,0,14,42,0.476155311,-1,-1,-1,1,0.296369493,2.19962042,2.19962042,0,0,0,0,0
2.6,0.197792139,-0.0096073138,-3.20377625,0.0797146075,0.00428088698,FollowWall,following_right_wall,0,14,42,0.475660414,-1,-1,-1,1,0.296010911,2.19940807,2.19940807,0,0,0,0,0
2.65,0.201767447,-0.00982927752,-3.18787663,0.0797146075,0.00428088698,FollowWall,following_right_wall,0,14,42,0.475660414,-1,-1,-1,1,0.296010911,2.19919526,2.19919526,0,0,0,0,0
2.7,0.205744573,-0.0100502884,-3.17349192,0.0797582508,0.00362623781,FollowWall,following_right_wall,0,14,42,0.475116462,-1,-1,-1,1,0.295558155,2.19898253,2.19898253,0,0,0,0,0
2.75,0.209723686,-0.0102704657,-3.16077233,0.0797582508,0.00362623781,FollowWall,following_right_wall,0,14,42,0.475116462,-1,-1,-1,1,0.295558155,2.19876969,2.19876969,0,0,0,0,0
2.8,0.213703975,-0.0104898555,-3.14902407,0.0797983232,0.00302515166,FollowWall,following_right_wall,0,14,42,0.474545568,-1,-1,-1,1,0.295183539,2.19855707,2.19855707,0,0,0,0,0
2.85,0.217685797,-0.0107085558,-3.13855991,0.0797983232,0.00302515166,FollowWall,following_right_wall,0,14,42,0.474545568,-1,-1,-1,1,0.295183539,2.19834441,2.19834441,0,0,0,0,0
2.9,0.221668529,-0.0109266025,-3.12884481,0.0798872931,0.00169060385,FollowWall,following_right_wall,0,14,42,0.473962784,-1,-1,-1,1,0.294711441,2.19813197,2.19813197,0,0,0,0,0
2.95,0.225653652,-0.0111441732,-3.12115966,0.0798872931,0.00169060385,FollowWall,following_right_wall,0,14,42,0.473962784,-1,-1,-1,1,0.294711441,2.19791884,2.19791884,0,0,0,0,0
3,0.229640178,-0.0113613254,-3.11465864,0.0799697266,0.0004541003,FollowWall,following_right_wall,0,14,42,0.473350376,-1,-1,-1,1,0.294100106,2.19770544,2.19770544,0,0,0,0,0
3.05,0.233629241,-0.0115782376,-3.11032434,0.0799697266,0.0004541003,FollowWall,following_right_wall,0,14,42,0.473350376,-1,-1,-1,1,0.294100106,2.19749104,2.19749104,0,0,0,0,0
3.1,0.237619788,-0.0117949718,-3.10725396,0.0799744525,0.000383212008,FollowWall,following_right_wall,0,14,42,0.472699523,-1,-1,-1,1,0.293796986,2.19727608,2.19727608,0,0,0,0,0
3.15,0.241611299,-0.0120115726,-3.10500547,0.0799744525,0.000383212008,FollowWall,following_right_wall,0,14,42,0.472699523,-1,-1,-1,1,0.293796986,2.19706077,2.19706077,0,0,0,0,0
3.2,0.245603375,-0.0122280637,-3.10323643,0.0799304037,0.00104394434,FollowWall,following_right_wall,0,14,42,0.472043395,-1,-1,-1,1,0.293470085,2.19684531,2.19684531,0,0,0,0,0
3.25,0.249594867,-0.0124443817,-3.10095838,0.0799304037,0.00104394434,FollowWall,following_right_wall,0,14,42,0.472043395,-1,-1,-1,1,0.293470085,2.19663031,2.19663031,0,0,0,0,0
3.3,0.253586023,-0.012660512,-3.09838339,0.0798908433,0.00163734989,FollowWall,following_right_wall,0,14,42,0.471424073,-1,-1,-1,1,0.293086678,2.19641566,2.19641566,0,0,0,0,0
3.35,0.257576166,-0.0128763768,-3.09492688,0.0798908433,0.00163734989,FollowWall,following_right_wall,0,14,42,0.471424073,-1,-1,-1,1,0.293086678,2.1962018,2.1962018,0,0,0,0,0
3.4,0.261565726,-0.0130919508,-3.09095613,0.0798582408,0.00212638861,FollowWall,following_right_wall,0,14,42,0.470859021,-1,-1,-1,1,0.292314708,2.19598852,2.19598852,0,0,0,0,0
3.45,0.265554276,-0.013307162,-3.08610168,0.0798582408,0.00212638861,FollowWall,following_right_wall,0,14,42,0.470859021,-1,-1,-1,1,0.292314708,2.19577612,2.19577612,0,0,0,0,0
3.5,0.269542246,-0.0135219851,-3.08073172,0.0798551594,0.00217260974,FollowWall,following_right_wall,0,14,42,0.470350504,-1,-1,-1,1,0.291683465,2.1955644,2.1955644,0,0,0,0,0
3.55,0.273529823,-0.0137363999,-3.07500588,0.0798551594,0.00217260974,FollowWall,following_right_wall,0,14,42,0.470350504,-1,-1,-1,1,0.291683465,2.1953533,2.1953533,0,0,0,0,0
3.6,0.277517181,-0.0139503959,-3.06907245,0.0799627318,0.000559022601,FollowWall,following_right_wall,0,14,42,0.469884694,-1,-1,-1,1,0.291124225,2.19514274,2.19514274,0,0,0,0,0
3.65,0.281506654,-0.0141641542,-3.064944,0.0799627318,0.000559022601,FollowWall,following_right_wall,0,14,42,0.469884694,-1,-1,-1,1,0.291124225,2.19493138,2.19493138,0,0,0,0,0
3.7,0.285497365,-0.0143777272,-3.06186845,0.0799858248,-0.000212627306,FollowWall,following_right_wall,0,14,42,0.469401717,-1,-1,-1,1,0.290452749,2.19471958,2.19471958,0,0,0,0,0
3.75,0.289489278,-0.0145912033,-3.06032818,0.0799858248,-0.000212627306,FollowWall,following_right_wall,0,14,42,0.469401717,-1,-1,-1,1,0.290452749,2.194507,2.194507,0,0,0,0,0
3.8,0.293481892,-0.0148046405,-3.0596835,0.0799379469,-0.000930796462,FollowWall,following_right_wall,0,14,42,0.468894064,-1,-1,-1,1,0.290125042,2.19429394,2.19429394,0,0,0,0,0
3.85,0.297473916,-0.0150180493,-3.06041849,0.0799379469,-0.000930796462,FollowWall,following_right_wall,0,14,42,0.468894064,-1,-1,-1,1,0.290125042,2.1940801,2.1940801,0,0,0,0,0
3.9,0.301465592,-0.015231519,-3.06195829,0.0798481993,-0.00227701019,FollowWall,following_right_wall,0,14,42,0.46836561,-1,-1,-1,1,0.289793164,2.19386574,2.19386574,0,0,0,0,0
3.95,0.30545519,-0.0154450576,-3.06557449,0.0798481993,-0.00227701019,FollowWall,following_right_wall,0,14,42,0.46836561,-1,-1,-1,1,0.289793164,2.19365011,2.19365011,0,0,0,0,0
4,0.309443566,-0.0156588255,-3.07040192,0.0798606705,-0.00208994252,FollowWall,following_right_wall,0,14,42,0.467797458,-1,-1,-1,1,0.289226055,2.19343354,2.19343354,0,0,0,0,0
4.05,0.31343148,-0.0158729225,-3.07571261,0.0798606705,-0.00208994252,FollowWall,following_right_wall,0,14,42,0.467797458,-1,-1,-1,1,0.289226055,2.19321637,2.19321637,0,0,0,0,0
4.1,0.317419114,-0.0160873849,-3.08130519,0.0799086235,-0.00137064763,FollowWall,following_right_wall,0,14,42,0.467223525,-1,-1,-1,1,0.288953066,2.19299867,2.19299867,0,0,0,0,0
4.15,0.321407574,-0.016302258,-3.08620362,0.0799086235,-0.00137064763,FollowWall,following_right_wall,0,14,42,0.467223525,-1,-1,-1,1,0.288953066,2.19278096,2.19278096,0,0,0,0,0
4.2,0.325396511,-0.0165174847,-3.09069713,0.0799542029,-0.000686957049,FollowWall,following_right_wall,0,14,42,0.466680735,-1,-1,-1,1,0.288669974,2.19256314,2.19256314,0,0,0,0,0
4.25,0.329386669,-0.0167330543,-3.09413834,0.0799542029,-0.000686957049,FollowWall,following_right_wall,0,14,42,0.466680735,-1,-1,-1,1,0.288669974,2.19234558,2.19234558,0,0,0,0,0
4.3,0.333377536,-0.0169488813,-3.09696571,0.0799954101,-6.88489693e-05,FollowWall,following_right_wall,0,14,42,0.466183394,-1,-1,-1,1,0.28815046,2.19212811,2.19212811,0,0,0,0,0
4.35,0.337369673,-0.0171649361,-3.09869719,0.0799954101,-6.88489693e-05,FollowWall,following_right_wall,0,14,42,0.466183394,-1,-1,-1,1,0.28815046,2.19191106,2.19191106,0,0,0,0,0
4.4,0.34136255,-0.0173811297,-3.0997894,0.0799814774,0.000277838631,FollowWall,following_right_wall,0,14,42,0.465733349,-1,-1,-1,1,0.287800401,2.19169423,2.19169423,0,0,0,0,0
4.45,0.345355569,-0.0175973798,-3.10009488,0.0799814774,0.000277838631,FollowWall,following_right_wall,0,14,42,0.465733349,-1,-1,-1,1,0.287800401,2.19147781,2.19147781,0,0,0,0,0
4.5,0.349348672,-0.0178136399,-3.09994143,0.0799358448,-0.000962327435,FollowWall,following_right_wall,0,14,42,0.465321779,-1,-1,-1,1,0.287671596,2.19126164,2.19126164,0,0,0,0,0
4.55,0.353340874,-0.0180298827,-3.10100061,0.0799358448,-0.000962327435,FollowWall,following_right_wall,0,14,42,0.465321779,-1,-1,-1,1,0.287671596,2.19104478,2.19104478,0,0,0,0,0
4.6,0.357332546,-0.0182461955,-3.10276716,0.0798578063,-0.00213290602,FollowWall,following_right_wall,0,14,42,0.464894891,-1,-1,-1,1,0.287431002,2.19082745,2.19082745,0,0,0,0,0
4.65,0.361322277,-0.0184625898,-3.10634361,0.0798578063,-0.00213290602,FollowWall,following_right_wall,0,14,42,0.464894891,-1,-1,-1,1,0.287431002,2.19060898,2.19060898,0,0,0,0,0
4.7,0.365310868,-0.0186792088,-3.11097585,0.0797889374,-0.00316593881,FollowWall,following_right_wall,0,14,42,0.464423597,-1,-1,-1,1,0.287057966,2.19038969,2.19038969,0,0,0,0,0
4.75,0.369297348,-0.0188961009,-3.11745705,0.0797889374,-0.00316593881,FollowWall,following_right_wall,0,14,42,0.464423597,-1,-1,-1,1,0.287057966,2.19016905,2.19016905,0,0,0,0,0
4.8,0.373282583,-0.019113415,-3.12501681,0.0797941633,-0.00308755077,FollowWall,following_right_wall,0,14,42,0.463900417,-1,-1,-1,1,0.286912411,2.18994737,2.18994737,0,0,0,0,0
4.85,0.377267186,-0.0193312406,-3.13311216,0.0797941633,-0.00308755077,FollowWall,following_right_wall,0,14,42,0.463900417,-1,-1,-1,1,0.286912411,2.18972487,2.18972487,0,0,0,0,0
4.9,0.381251407,-0.0195496209,-3.14151994,0.079870832,-0.00193752059,FollowWall,following_right_wall,0,14,42,0.463354677,-1,-1,-1,1,0.286233127,2.18950164,2.18950164,0,0,0,0,0
4.95,0.385236987,-0.0197686208,-3.14873722,0.079870832,-0.00193752059,FollowWall,following_right_wall,0,14,42,0.463354677,-1,-1,-1,1,0.286233127,2.18927847,2.18927847,0,0,0,0,0
5,0.389223352,-0.0199881432,-3.15526005,0.0799066073,-0.00140089121,FollowWall,following_right_wall,0,14,42,0.462834179,-1,-1,-1,1,0.285565495,2.18905519,2.18905519,0,0,0,0,0
5.05,0.393210911,-0.0202081502,-3.16073722,0.0799066073,-0.00140089121,FollowWall,following_right_wall,0,14,42,0.462834179,-1,-1,-1,1,0.285565495,2.18883202,2.18883202,0,0,0,0,0
5.1,0.39719916,-0.0204285564,-3.16560443,0.0798589062,-0.00211640717,FollowWall,following_right_wall,0,14,42,0.462343276,-1,-1,-1,1,0.285389394,2.18860881,2.18860881,0,0,0,0,0
5.15,0.401186812,-0.0206492868,-3.17096991,0.0798589062,-0.00211640717,FollowWall,following_right_wall,0,14,42,0.462343276,-1,-1,-1,1,0.285389394,2.18838499,2.18838499,0,0,0,0,0
5.2,0.405174105,-0.020870382,-3.17662605,0.0798155024,-0.00276746438,FollowWall,following_right_wall,0,14,42,0.461841106,-1,-1,-1,1,0.284849644,2.18816063,2.18816063,0,0,0,0,0
5.25,0.409160275,-0.0210918426,-3.18322888,0.0798155024,-0.00276746438,FollowWall,following_right_wall,0,14,42,0.461841106,-1,-1,-1,1,0.284849644,2.18793537,2.18793537,0,0,0,0,0
5.3,0.413145776,-0.0213137462,-3.19038395,0.0798758821,-0.00186176814,FollowWall,following_right_wall,0,14,42,0.461305559,-1,-1,-1,1,0.284355372,2.18770934,2.18770934,0,0,0,0,0
5.35,0.417132133,-0.0215361702,-3.19678006,0.0798758821,-0.00186176814,FollowWall,following_right_wall,0,14,42,0.461305559,-1,-1,-1,1,0.284355372,2.18748324,2.18748324,0,0,0,0,0
5.4,0.421118981,-0.0217590526,-3.20273345,0.079975948,-0.000360780091,FollowWall,following_right_wall,0,14,42,0.460773498,-1,-1,-1,1,0.283763766,2.18725693,2.18725693,0,0,0,0,0
5.45,0.425108191,-0.0219824113,-3.20663691,0.079975948,-0.000360780091,FollowWall,following_right_wall,0,14,42,0.460773498,-1,-1,-1,1,0.283763766,2.18703132,2.18703132,0,0,0,0,0
5.5,0.429098777,-0.022206078,-3.20934458,0.079926155,0.00110767528,FollowWall,following_right_wall,0,14,42,0.460284323,-1,-1,-1,1,0.283013046,2.1868061,2.1868061,0,0,0,0,0
5.55,0.433089133,-0.0224298353,-3.20960186,0.079926155,0.00110767528,FollowWall,following_right_wall,0,14,42,0.460284323,-1,-1,-1,1,0.283013046,2.1865822,2.1865822,0,0,0,0,0
5.6,0.437079358,-0.0226535534,-3.20842975,0.0798626181,0.00206072863,FollowWall,following_right_wall,0,14,42,0.459854424,-1,-1,-1,1,0.282447755,2.18635915,2.18635915,0,0,0,0,0
5.65,0.441068194,-0.0228770429,-3.20528621,0.0798626181,0.00206072863,FollowWall,following_right_wall,0,14,42,0.459854424,-1,-1,-1,1,0.282447755,2.18613747,2.18613747,0,0,0,0,0
5.7,0.445056228,-0.0231002278,-3.20099266,0.079904195,0.00143707513,FollowWall,following_right_wall,0,14,42,0.459473878,-1,-1,-1,1,0.28218919,2.18591676,2.18591676,0,0,0,0,0
5.75,0.449044668,-0.0233231382,-3.19677271,0.079904195,0.00143707513,FollowWall,following_right_wall,0,14,42,0.459473878,-1,-1,-1,1,0.28218919,2.18569627,2.18569627,0,0,0,0,0
5.8,0.453033351,-0.023545769,-3.19259569,0.0798417992,0.00237301148,FollowWall,following_right_wall,0,14,42,0.459088624,-1,-1,-1,1,0.28168118,2.18547605,2.18547605,0,0,0,0,0
5.85,0.457020887,-0.0237680061,-3.18732652,0.0798417992,0.00237301148,FollowWall,following_right_wall,0,14,42,0.459088624,-1,-1,-1,1,0.28168118,2.18525684,2.18525684,0,0,0,0,0
5.9,0.461007765,-0.0239898164,-3.18142026,0.0798036386,0.00294542091,FollowWall,following_right_wall,0,14,42,0.458714455,-1,-1,-1,1,0.280989915,2.18503844,2.18503844,0,0,0,0,0
5.95,0.464993477,-0.0242111129,-3.17445911,0.0798036386,0.00294542091,FollowWall,following_right_wall,0,14,42,0.458714455,-1,-1,-1,1,0.280989915,2.18482115,2.18482115,0,0,0,0,0
6,0.468978523,-0.0244318654,-3.1668826,0.0797732502,0.00340124639,FollowWall,following_right_wall,0,14,42,0.458355904,-1,-1,-1,1,0.280578017,2.18460476,2.18460476,0,0,0,0,0
6.05,0.472962563,-0.0246520021,-3.15840303,0.0797732502,0.00340124639,FollowWall,following_right_wall,0,14,42,0.458355904,-1,-1,-1,1,0.280578017,2.18438951,2.18438951,0,0,0,0,0
6.1,0.476946031,-0.0248714976,-3.14939668,0.079649051,0.00526423426,FollowWall,following_right_wall,0,14,42,0.45800817,-1,-1,-1,1,0.280356586,2.18417521,2.18417521,0,0,0,0,0
6.15,0.480926602,-0.0250901176,-3.13785925,0.079649051,0.00526423426,FollowWall,following_right_wall,0,14,42,0.45800817,-1,-1,-1,1,0.280356586,2.18396325,2.18396325,0,0,0,0,0
6.2,0.484905507,-0.0253077911,-3.12484537,0.0795056528,0.00741520803,FollowWall,following_right_wall,0,14,42,0.457709938,-1,-1,-1,1,0.280037433,2.18375309,2.18375309,0,0,0,0,0
6.25,0.488880485,-0.025524225,-3.10840269,0.0795056528,0.00741520803,FollowWall,following_right_wall,0,14,42,0.457709938,-1,-1,-1,1,0.280037433,2.18354616,2.18354616,0,0,0,0,0
6.3,0.492853206,-0.0257393229,-3.08995987,0.0793805926,0.00929111055,FollowWall,following_right_wall,0,14,42,0.457493067,-1,-1,-1,1,0.279425949,2.18334173,2.18334173,0,0,0,0,0
6.35,0.496822045,-0.0259528111,-3.06811112,0.0793805926,0.00929111055,FollowWall,following_right_wall,0,14,42,0.457493067,-1,-1,-1,1,0.279425949,2.18314088,2.18314088,0,0,0,0,0
6.4,0.500788661,-0.0261645939,-3.04427556,0.0792756967,0.0108645489,FollowWall,following_right_wall,0,14,42,0.457363456,-1,-1,-1,1,0.279059231,2.18294291,2.18294291,0,0,0,0,0
6.45,0.504751842,-0.0263744344,-3.01740289,0.0792756967,0.0108645489,FollowWall,following_right_wall,0,14,42,0.457363456,-1,-1,-1,1,0.279059231,2.18274866,2.18274866,0,0,0,0,0
6.5,0.508713065,-0.0265822469,-2.98875856,0.0791907828,0.0121382583,FollowWall,following_right_wall,0,14,42,0.457313687,-1,-1,-1,1,0.278546691,2.18255749,2.18255749,0,0,0,0,0
6.55,0.512671429,-0.0267878366,-2.95756039,0.0791907828,0.0121382583,FollowWall,following_right_wall,0,14,42,0.457313687,-1,-1,-1,1,0.278546691,2.18237005,2.18237005,0,0,0,0,0
6.6,0.516628176,-0.0269911305,-2.92487248,0.0792400547,0.0113991796,FollowWall,following_right_wall,0,14,42,0.457331568,-1,-1,-1,1,0.278361291,2.1821858,2.1821858,0,0,0,0,0
6.65,0.520585053,-0.0271921682,-2.89219777,0.0792400547,0.0113991796,FollowWall,following_right_wall,0,14,42,0.457331568,-1,-1,-1,1,0.278361291,2.18200383,2.18200383,0,0,0,0,0
6.7,0.524542054,-0.0273909501,-2.85953075,0.0793086713,0.0103699305,FollowWall,following_right_wall,0,14,42,0.457351863,-1,-1,-1,1,0.278191417,2.18182414,2.18182414,0,0,0,0,0
6.75,0.528500597,-0.0275875896,-2.82809679,0.0793086713,0.0103699305,FollowWall,following_right_wall,0,14,42,0.457351863,-1,-1,-1,1,0.278191417,2.1816459,2.1816459,0,0,0,0,0
6.8,0.532460083,-0.0277821233,-2.79738213,0.0793801073,0.00929839092,FollowWall,following_right_wall,0,14,42,0.457329333,-1,-1,-1,1,0.2780343,2.18146937,2.18146937,0,0,0,0,0
6.85,0.536421644,-0.027974689,-2.7683661,0.0793801073,0.00929839092,FollowWall,following_right_wall,0,14,42,0.457329333,-1,-1,-1,1,0.2780343,2.18129384,2.18129384,0,0,0,0,0
6.9,0.540384452,-0.0281653381,-2.74034095,0.0793711118,0.00943332269,FollowWall,following_right_wall,0,14,42,0.457244009,-1,-1,-1,1,0.277731299,2.18111967,2.18111967,0,0,0,0,0
6.95,0.544347837,-0.0283540864,-2.71273275,0.0793711118,0.00943332269,FollowWall,following_right_wall,0,14,42,0.457244009,-1,-1,-1,1,0.277731299,2.18094717,2.18094717,0,0,0,0,0
7,0.548311594,-0.0285409466,-2.68536776,0.079310129,0.0103480645,FollowWall,following_right_wall,0,14,42,0.457123965,-1,-1,-1,1,0.277030021,2.18077644,2.18077644,0,0,0,0,0
7.05,0.552274338,-0.0287258293,-2.65705276,0.079310129,0.0103480645,FollowWall,following_right_wall,0,14,42,0.457123965,-1,-1,-1,1,0.277030021,2.18060826,2.18060826,0,0,0,0,0
7.1,0.556236529,-0.0289087047,-2.62818358,0.0793341593,0.00998761006,FollowWall,following_right_wall,0,14,42,0.457010537,-1,-1,-1,1,0.276317984,2.18044245,2.18044245,0,0,0,0,0
7.15,0.560198936,-0.029089593,-2.5994214,0.0793341593,0.00998761006,FollowWall,following_right_wall,0,14,42,0.457010537,-1,-1,-1,1,0.276317984,2.18027858,2.18027858,0,0,0,0,0
7.2,0.564161505,-0.0292684977,-2.57072163,0.0794182118,0.00872682304,FollowWall,following_right_wall,0,14,42,0.456885815,-1,-1,-1,1,0.276150614,2.18011667,2.18011667,0,0,0,0,0
7.25,0.568125953,-0.0294455508,-2.54356322,0.0794182118,0.00872682304,FollowWall,following_right_wall,0,14,42,0.456885815,-1,-1,-1,1,0.276150614,2.17995573,2.17995573,0,0,0,0,0
7.3,0.572091529,-0.029620802,-2.51730393,0.0795054652,0.00741802263,FollowWall,following_right_wall,0,14,42,0.456707865,-1,-1,-1,1,0.275585651,2.17979608,2.17979608,0,0,0,0,0
7.35,0.576059607,-0.0297944141,-2.49313141,0.0795054652,0.00741802263,FollowWall,following_right_wall,0,14,42,0.456707865,-1,-1,-1,1,0.275585651,2.17963684,2.17963684,0,0,0,0,0
7.4,0.580029171,-0.0299664555,-2.47017615,0.079472927,0.00790609536,FollowWall,following_right_wall,0,14,42,0.456454158,-1,-1,-1,1,0.275193334,2.17947847,2.17947847,0,0,0,0,0
7.45,0.583998951,-0.0301369173,-2.44734838,0.079472927,0.00790609536,FollowWall,following_right_wall,0,14,42,0.456454158,-1,-1,-1,1,0.275193334,2.17932161,2.17932161,0,0,0,0,0
7.5,0.587968886,-0.0303058037,-2.42459498,0.0794319375,0.00852093727,FollowWall,following_right_wall,0,14,42,0.45617041,-1,-1,-1,1,0.274628729,2.1791663,2.1791663,0,0,0,0,0
7.55,0.591938085,-0.0304730558,-2.40115104,0.0794319375,0.00852093727,FollowWall,following_right_wall,0,14,42,0.45617041,-1,-1,-1,1,0.274628729,2.17901305,2.17901305,0,0,0,0,0
7.6,0.595906885,-0.0306386504,-2.37730428,0.0793518371,0.00972244391,FollowWall,following_right_wall,0,14,42,0.455889463,-1,-1,-1,1,0.274055958,2.17886171,2.17886171,0,0,0,0,0
7.65,0.599873815,-0.0308024551,-2.35178837,0.0793518371,0.00972244391,FollowWall,following_right_wall,0,14,42,0.455889463,-1,-1,-1,1,0.274055958,2.17871318,2.17871318,0,0,0,0,0
7.7,0.603839688,-0.0309644132,-2.32529877,0.0793177683,0.0102334753,FollowWall,following_right_wall,0,14,42,0.45564276,-1,-1,-1,1,0.273587346,2.1785671,2.1785671,0,0,0,0,0
7.75,0.607804267,-0.0311244418,-2.29763119,0.0793177683,0.0102334753,FollowWall,following_right_wall,0,14,42,0.45564276,-1,-1,-1,1,0.273587346,2.17842367,2.17842367,0,0,0,0,0
7.8,0.611768124,-0.0312825002,-2.26927646,0.079386455,0.0092031746,FollowWall,following_right_wall,0,14,42,0.455426186,-1,-1,-1,1,0.273165137,2.17828265,2.17828265,0,0,0,0,0
7.85,0.615733023,-0.0314386636,-2.24175072,0.079386455,0.0092031746,FollowWall,following_right_wall,0,14,42,0.455426186,-1,-1,-1,1,0.273165137,2.17814304,2.17814304,0,0,0,0,0
7.9,0.619698557,-0.0315929608,-2.21470856,0.0795024177,0.00746373438,FollowWall,following_right_wall,0,14,42,0.455188185,-1,-1,-1,1,0.272676706,2.17800504,2.17800504,0,0,0,0,0
7.95,0.623666903,-0.0317455734,-2.19002479,0.0795024177,0.00746373438,FollowWall,following_right_wall,0,14,42,0.455188185,-1,-1,-1,1,0.272676706,2.17786731,2.17786731,0,0,0,0,0
8,0.627636911,-0.0318965849,-2.16671674,0.0796029283,0.0059560749,FollowWall,following_right_wall,0,14,42,0.454879075,-1,-1,-1,1,0.272444814,2.17773037,2.17773037,0,0,0,0,0
8.05,0.631610003,-0.0320461855,-2.14601085,0.0796029283,0.0059560749,FollowWall,following_right_wall,0,14,42,0.454879075,-1,-1,-1,1,0.272444814,2.17759328,2.17759328,0,0,0,0,0
8.1,0.635584912,-0.0321944686,-2.12682286,0.0796055052,0.0059174225,FollowWall,following_right_wall,0,14,42,0.454483747,-1,-1,-1,1,0.27213642,2.1774566,2.1774566,0,0,0,0,0
8.15,0.639560953,-0.032341493,-2.10856647,0.0796055052,0.0059174225,FollowWall,following_right_wall,0,14,42,0.454483747,-1,-1,-1,1,0.27213642,2.17732063,2.17732063,0,0,0,0,0
8.2,0.643537671,-0.0324872925,-2.09085351,0.079675364,0.00486953938,FollowWall,following_right_wall,0,14,42,0.454043537,-1,-1,-1,1,0.271831959,2.17718556,2.17718556,0,0,0,0,0
8.25,0.647516255,-0.0326319833,-2.07470836,0.079675364,0.00486953938,FollowWall,following_right_wall,0,14,42,0.454043537,-1,-1,-1,1,0.271831959,2.17705066,2.17705066,0,0,0,0,0
8.3,0.651495942,-0.0327756231,-2.05947777,0.0797341203,0.00398819514,FollowWall,following_right_wall,0,14,42,0.453553021,-1,-1,-1,1,0.271248251,2.17691626,2.17691626,0,0,0,0,0
8.35,0.655477509,-0.0329183261,-2.0458327,0.0797341203,0.00398819514,FollowWall,following_right_wall,0,14,42,0.453553021,-1,-1,-1,1,0.271248251,2.17678184,2.17678184,0,0,0,0,0
8.4,0.659460184,-0.0330601514,-2.03311253,0.0797808462,0.00328730634,FollowWall,following_right_wall,0,14,42,0.453009069,-1,-1,-1,1,0.271151304,2.17664775,2.17664775,0,0,0,0,0
8.45,0.663444489,-0.0332011969,-2.02176849,0.0797808462,0.00328730634,FollowWall,following_right_wall,0,14,42,0.453009069,-1,-1,-1,1,0.271151304,2.1765136,2.1765136,0,0,0,0,0
8.5,0.667429754,-0.0333415144,-2.0112272,0.0797284097,0.00407385486,FollowWall,following_right_wall,0,14,42,0.452418059,-1,-1,-1,1,0.270990521,2.17637969,2.17637969,0,0,0,0,0
8.55,0.671414498,-0.0334810631,-2.00021531,0.0797284097,0.00407385486,FollowWall,following_right_wall,0,14,42,0.452418059,-1,-1,-1,1,0.270990521,2.17624684,2.17624684,0,0,0,0,0
8.6,0.67539895,-0.0336198253,-1.9889289,0.0796178483,0.00573227556,FollowWall,following_right_wall,0,14,42,0.451830178,-1,-1,-1,1,0.270718485,2.17611495,2.17611495,0,0,0,0,0
8.65,0.679380944,-0.0337576421,-1.97550276,0.0796178483,0.00573227556,FollowWall,following_right_wall,0,14,42,0.451830178,-1,-1,-1,1,0.270718485,2.17598531,2.17598531,0,0,0,0,0
8.7,0.68336152,-0.0338944326,-1.96082845,0.0795093742,0.00735938752,FollowWall,following_right_wall,0,14,42,0.451301754,-1,-1,-1,1,0.270734102,2.17585746,2.17585746,0,0,0,0,0
8.75,0.687339029,-0.0340300049,-1.94348381,0.0795093742,0.00735938752,FollowWall,following_right_wall,0,14,42,0.451301754,-1,-1,-1,1,0.270734102,2.17573247,2.17573247,0,0,0,0,0
8.8,0.691314769,-0.034164258,-1.92458148,0.0794071079,0.00889338078,FollowWall,following_right_wall,0,14,42,0.450860173,-1,-1,-1,1,0.270747542,2.17560976,2.17560976,0,0,0,0,0
8.85,0.69528737,-0.0342969979,-1.90293943,0.0794071079,0.00889338078,FollowWall,following_right_wall,0,14,42,0.450860173,-1,-1,-1,1,0.270747542,2.17549024,2.17549024,0,0,0,0,0
8.9,0.699258165,-0.0344281204,-1.87969921,0.0793296618,0.0100550725,FollowWall,following_right_wall,0,14,42,0.450514942,-1,-1,-1,1,0.270421892,2.17537333,2.17537333,0,0,0,0,0
8.95,0.703226318,-0.0345574641,-1.85414006,0.0793296618,0.0100550725,FollowWall,following_right_wall,0,14,42,0.450514942,-1,-1,-1,1,0.270421892,2.17525964,2.17525964,0,0,0,0,0
9,0.707192956,-0.0346849402,-1.82722819,0.0793855332,0.0092170018,FollowWall,following_right_wall,0,14,42,0.450260431,-1,-1,-1,1,0.269993246,2.17514866,2.17514866,0,0,0,0,0
9.05,0.7111599,-0.0348105682,-1.80052762,0.0793855332,0.0092170018,FollowWall,following_right_wall,0,14,42,0.450260431,-1,-1,-1,1,0.269993246,2.17503942,2.17503942,0,0,0,0,0
9.1,0.715127045,-0.0349343563,-1.7739503,0.0794398084,0.00840287425,FollowWall,following_right_wall,0,14,42,0.450033098,-1,-1,-1,1,0.269836605,2.17493196,2.17493196,0,0,0,0,0
9.15,0.71909546,-0.0350563777,-1.74841667,0.0794398084,0.00840287425,FollowWall,following_right_wall,0,14,42,0.450033098,-1,-1,-1,1,0.269836605,2.17482564,2.17482564,0,0,0,0,0
9.2,0.723064636,-0.0351766731,-1.72349186,0.0793618016,0.0095729755,FollowWall,following_right_wall,0,14,42,0.44979912,-1,-1,-1,1,0.269682288,2.1747207,2.1747207,0,0,0,0,0
9.25,0.727032654,-0.0352951695,-1.69752549,0.0793618016,0.0095729755,FollowWall,following_right_wall,0,14,42,0.44979912,-1,-1,-1,1,0.269682288,2.17461821,2.17461821,0,0,0,0,0
9.3,0.731000019,-0.0354118258,-1.67095155,0.0792603041,0.0110954392,FollowWall,following_right_wall,0,14,42,0.449609399,-1,-1,-1,1,0.269280702,2.17451796,2.17451796,0,0,0,0,0
9.35,0.734964914,-0.0355264938,-1.64220587,0.0792603041,0.0110954392,FollowWall,following_right_wall,0,14,42,0.449609399,-1,-1,-1,1,0.269280702,2.17442106,2.17442106,0,0,0,0,0
9.4,0.738928394,-0.0356390869,-1.61219336,0.0792297806,0.0115532908,FollowWall,following_right_wall,0,14,42,0.449508786,-1,-1,-1,1,0.268839747,2.17432704,2.17432704,0,0,0,0,0
9.45,0.742890439,-0.0357495177,-1.58089533,0.0792297806,0.0115532908,FollowWall,following_right_wall,0,14,42,0.449508786,-1,-1,-1,1,0.268839747,2.174236,2.174236,0,0,0,0,0
9.5,0.746851671,-0.0358577344,-1.54884743,0.0791475821,0.0127862687,FollowWall,following_right_wall,0,14,42,0.449484915,-1,-1,-1,1,0.268319964,2.17414767,2.17414767,0,0,0,0,0
9.55,0.750810745,-0.03596361,-1.51489033,0.0791475821,0.0127862687,FollowWall,following_right_wall,0,14,42,0.449484915,-1,-1,-1,1,0.268319964,2.1740629,2.1740629,0,0,0,0,0
9.6,0.754768586,-0.0360670669,-1.47981954,0.0790789232,0.0138161523,FollowWall,following_right_wall,0,14,42,0.449552566,-1,-1,-1,1,0.26791206,2.17398127,2.17398127,0,0,0,0,0
9.65,0.758724306,-0.0361679805,-1.44286976,0.0790789232,0.0138161523,FollowWall,following_right_wall,0,14,42,0.449552566,-1,-1,-1,1,0.26791206,2.17390339,2.17390339,0,0,0,0,0
9.7,0.762678816,-0.0362662736,-1.40482391,0.0791326262,0.0130106064,FollowWall,following_right_wall,0,14,42,0.449718505,-1,-1,-1,1,0.267738134,2.17382886,2.17382886,0,0,0,0,0
9.75,0.766633766,-0.0363619609,-1.36710023,0.0791326262,0.0130106064,FollowWall,following_right_wall,0,14,42,0.449718505,-1,-1,-1,1,0.267738134,2.17375676,2.17375676,0,0,0,0,0
9.8,0.770588995,-0.0364550558,-1.32956448,0.0793116389,0.0103254162,FollowWall,following_right_wall,0,14,42,0.449928403,-1,-1,-1,1,0.267265886,2.17368718,2.17368718,0,0,0,0,0
9.85,0.774548139,-0.0365457624,-1.29534357,0.0793116389,0.0103254162,FollowWall,following_right_wall,0,14,42,0.449928403,-1,-1,-1,1,0.267265886,2.17361795,2.17361795,0,0,0,0,0
9.9,0.778509583,-0.0366342213,-1.26305631,0.0794850276,0.00772458665,FollowWall,following_right_wall,0,14,42,0.450091571,-1,-1,-1,1,0.266912043,2.17354978,2.17354978,0,0,0,0,0
9.95,0.782475997,-0.0367207015,-1.23500153,0.0794850276,0.00772458665,FollowWall,following_right_wall,0,14,42,0.450091571,-1,-1,-1,1,0.266912043,2.17348095,2.17348095,0,0,0,0,0
10,0.786445324,-0.0368053863,-1.2094157,0.0796459791,0.00531031383,FollowWall,following_right_wall,0,14,42,0.450164407,-1,-1,-1,1,0.266981274,2.17341239,2.17341239,0,0,0,0,0
10.05,0.790419712,-0.0368885534,-1.18815191,0.0796459791,0.00531031383,FollowWall,following_right_wall,0,14,42,0.450164407,-1,-1,-1,1,0.266981274,2.17334263,2.17334263,0,0,0,0,0
10.1,0.794397062,-0.0369703934,-1.16940931,0.0797021601,0.00446759884,FollowWall,following_right_wall,0,14,42,0.450136542,-1,-1,-1,1,0.266726077,2.17327262,2.17327262,0,0,0,0,0
10.15,0.798377318,-0.0370510767,-1.15314332,0.0797021601,0.00446759884,FollowWall,following_right_wall,0,14,42,0.450136542,-1,-1,-1,1,0.266726077,2.17320221,2.17320221,0,0,0,0,0
10.2,0.802359276,-0.0371307137,-1.13832203,0.0798228612,0.00265708186,FollowWall,following_right_wall,0,14,42,0.45005396,-1,-1,-1,1,0.266499817,2.17313194,2.17313194,0,0,0,0,0
10.25,0.806344748,-0.0372094942,-1.12650462,0.0798228612,0.00265708186,FollowWall,following_right_wall,0,14,42,0.45005396,-1,-1,-1,1,0.266499817,2.17306063,2.17306063,0,0,0,0,0
10.3,0.810332272,-0.0372875535,-1.11643947,0.0799552074,0.000671889576,FollowWall,following_right_wall,0,14,42,0.449912429,-1,-1,-1,1,0.266301811,2.17298894,2.17298894,0,0,0,0,0
10.35,0.814323754,-0.037365107,-1.10976612,0.0799552074,0.000671889576,FollowWall,following_right_wall,0,14,42,0.449912429,-1,-1,-1,1,0.266301811,2.17291561,2.17291561,0,0,0,0,0
10.4,0.818317545,-0.037442309,-1.10507133,0.0799213767,-0.0011793491,FollowWall,following_right_wall,0,14,42,0.449696869,-1,-1,-1,1,0.266130418,2.17284138,2.17284138,0,0,0,0,0
10.45,0.822311979,-0.0375193134,-1.10374044,0.0799213767,-0.0011793491,FollowWall,following_right_wall,0,14,42,0.449696869,-1,-1,-1,1,0.266130418,2.17276522,2.17276522,0,0,0,0,0
10.5,0.826306785,-0.0375963005,-1.10437184,0.0798636616,-0.00204507599,FollowWall,following_right_wall,0,14,42,0.44940412,-1,-1,-1,1,0.26619783,2.17268783,2.17268783,0,0,0,0,0
10.55,0.830300603,-0.0376733885,-1.10718128,0.0798636616,-0.00204507599,FollowWall,following_right_wall,0,14,42,0.44940412,-1,-1,-1,1,0.26619783,2.17260896,2.17260896,0,0,0,0,0
10.6,0.834293842,-0.0377507055,-1.11126125,0.0799016871,-0.00147469411,FollowWall,following_right_wall,0,14,42,0.449063838,-1,-1,-1,1,0.265916228,2.17252906,2.17252906,0,0,0,0,0
10.65,0.838287533,-0.0378283179,-1.11540152,0.0799016871,-0.00147469411,FollowWall,following_right_wall,0,14,42,0.449063838,-1,-1,-1,1,0.265916228,2.17244883,2.17244883,0,0,0,0,0
10.7,0.842281484,-0.0379062253,-1.11957696,0.0799381398,-0.000927903016,FollowWall,following_right_wall,0,14,42,0.448737442,-1,-1,-1,1,0.266029954,2.17236828,2.17236828,0,0,0,0,0
10.75,0.846276345,-0.0379844196,-1.12312024,0.0799381398,-0.000927903016,FollowWall,following_right_wall,0,14,42,0.448737442,-1,-1,-1,1,0.266029954,2.17228784,2.17228784,0,0,0,0,0
10.8,0.850271735,-0.0380628585,-1.12629476,0.0799687672,-0.000468491409,FollowWall,following_right_wall,0,14,42,0.448455423,-1,-1,-1,1,0.2662251,2.1722074,2.1722074,0,0,0,0,0
10.85,0.854268071,-0.0381415109,-1.12870578,0.0799687672,-0.000468491409,FollowWall,following_right_wall,0,14,42,0.448455423,-1,-1,-1,1,0.2662251,2.17212722,2.17212722,0,0,0,0,0
10.9,0.858264957,-0.0382203269,-1.13067143,0.079989047,-0.000164294939,FollowWall,following_right_wall,0,14,42,0.44822529,-1,-1,-1,1,0.266220063,2.17204716,2.17204716,0,0,0,0,0
10.95,0.862262586,-0.038299273,-1.13201417,0.079989047,-0.000164294939,FollowWall,following_right_wall,0,14,42,0.44822529,-1,-1,-1,1,0.266220063,2.17196737,2.17196737,0,0,0,0,0
11,0.866260648,-0.0383783087,-1.13299355,0.0798624451,-0.00206332424,FollowWall,following_right_wall,0,14,42,0.448044002,-1,-1,-1,1,0.265926421,2.17188771,2.17188771,0,0,0,0,0
11.05,0.870256324,-0.0384574372,-1.13602776,0.0798624451,-0.00206332424,FollowWall,following_right_wall,0,14,42,0.448044002,-1,-1,-1,1,0.265926421,2.17180666,2.17180666,0,0,0,0,0
11.1,0.874250605,-0.0385367915,-1.14026063,0.0797409807,-0.00388528955,FollowWall,following_right_wall,0,14,42,0.447839975,-1,-1,-1,1,0.265684098,2.17172463,2.17172463,0,0,0,0,0
11.15,0.878241537,-0.0386164743,-1.14736753,0.0797409807,-0.00388528955,FollowWall,following_right_wall,0,14,42,0.447839975,-1,-1,-1,1,0.265684098,2.17164046,2.17164046,0,0,0,0,0
11.2,0.882230509,-0.0386966714,-1.15615094,0.079732656,-0.00401015939,FollowWall,following_right_wall,0,14,42,0.447573513,-1,-1,-1,1,0.265719593,2.17155471,2.17155471,0,0,0,0,0
11.25,0.886218158,-0.0387774926,-1.16606138,0.079732656,-0.00401015939,FollowWall,following_right_wall,0,14,42,0.447573513,-1,-1,-1,1,0.265719593,2.17146763,2.17146763,0,0,0,0,0
11.3,0.890205027,-0.0388590109,-1.17662924,0.0797713381,-0.00342992803,FollowWall,following_right_wall,0,14,42,0.447282523,-1,-1,-1,1,0.265536606,2.17137944,2.17137944,0,0,0,0,0
11.35,0.894192242,-0.0389412612,-1.186888,0.0797713381,-0.00342992803,FollowWall,following_right_wall,0,14,42,0.447282523,-1,-1,-1,1,0.265536606,2.17129072,2.17129072,0,0,0,0,0
11.4,0.898179652,-0.0390242234,-1.19696645,0.0797840454,-0.00323931878,FollowWall,following_right_wall,0,14,42,0.447012514,-1,-1,-1,1,0.265140802,2.1712014,2.1712014,0,0,0,0,0
11.45,0.902167435,-0.0391078837,-1.2067122,0.0797840454,-0.00323931878,FollowWall,following_right_wall,0,14,42,0.447012514,-1,-1,-1,1,0.265140802,2.17111159,2.17111159,0,0,0,0,0
11.5,0.906155429,-0.0391922202,-1.21626387,0.0798243525,-0.00263471257,FollowWall,following_right_wall,0,14,42,0.446771055,-1,-1,-1,1,0.264705092,2.17102124,2.17102124,0,0,0,0,0
11.55,0.910144381,-0.0392772132,-1.22498064,0.0798243525,-0.00263471257,FollowWall,following_right_wall,0,14,42,0.446771055,-1,-1,-1,1,0.264705092,2.17093075,2.17093075,0,0,0,0,0
11.6,0.914133888,-0.0393628083,-1.23321037,0.0798619656,-0.00207051585,FollowWall,following_right_wall,0,14,42,0.446569741,-1,-1,-1,1,0.264400691,2.17083997,2.17083997,0,0,0,0,0
11.65,0.918124496,-0.0394489671,-1.24048255,0.0798619656,-0.00207051585,FollowWall,following_right_wall,0,14,42,0.446569741,-1,-1,-1,1,0.264400691,2.17074924,2.17074924,0,0,0,0,0
11.7,0.922115744,-0.0395356271,-1.24719615,0.0798960133,-0.00155980087,FollowWall,following_right_wall,0,14,42,0.446413189,-1,-1,-1,1,0.264094412,2.17065835,2.17065835,0,0,0,0,0
11.75,0.92610807,-0.0396227459,-1.25297429,0.0798960133,-0.00155980087,FollowWall,following_right_wall,0,14,42,0.446413189,-1,-1,-1,1,0.264094412,2.1705676,2.1705676,0,0,0,0,0
11.8,0.930101023,-0.0397102622,-1.25820675,0.079800731,-0.00298903513,FollowWall,following_right_wall,0,14,42,0.446300089,-1,-1,-1,1,0.263805628,2.17047679,2.17047679,0,0,0,0,0
11.85,0.934092352,-0.039798156,-1.26482691,0.079800731,-0.00298903513,FollowWall,following_right_wall,0,14,42,0.446300089,-1,-1,-1,1,0.263805628,2.17038473,2.17038473,0,0,0,0,0
11.9,0.938082729,-0.0398865183,-1.27225657,0.0797007554,-0.00448866927,FollowWall,following_right_wall,0,14,42,0.446168363,-1,-1,-1,1,0.263969988,2.1702917,2.1702917,0,0,0,0,0
11.95,0.942070461,-0.0399754182,-1.28194849,0.0797007554,-0.00448866927,FollowWall,following_right_wall,0,14,42,0.446168363,-1,-1,-1,1,0.263969988,2.17019671,2.17019671,0,0,0,0,0
12,0.946056642,-0.040065004,-1.29296007,0.0796111189,-0.00583321636,FollowWall,following_right_wall,0,14,42,0.445978701,-1,-1,-1,1,0.263641,2.17010021,2.17010021,0,0,0,0,0
12.05,0.950040042,-0.0401553758,-1.30634638,0.0796111189,-0.00583321636,FollowWall,following_right_wall,0,14,42,0.445978701,-1,-1,-1,1,0.263641,2.17000143,2.17000143,0,0,0,0,0
12.1,0.954021807,-0.0402466895,-1.32111795,0.0795339164,-0.00699125435,FollowWall,following_right_wall,0,14,42,0.445719361,-1,-1,-1,1,0.263648659,2.16990085,2.16990085,0,0,0,0,0
12.15,0.958000999,-0.0403390468,-1.33807989,0.0795339164,-0.00699125435,FollowWall,following_right_wall,0,14,42,0.445719361,-1,-1,-1,1,0.263648659,2.16979786,2.16979786,0,0,0,0,0
12.2,0.961978677,-0.0404325914,-1.35631955,0.0795779874,-0.00633018873,FollowWall,following_right_wall,0,14,42,0.445390761,-1,-1,-1,1,0.26370573,2.16969288,2.16969288,0,0,0,0,0
12.25,0.965956375,-0.040527402,-1.37451546,0.0795779874,-0.00633018873,FollowWall,following_right_wall,0,14,42,0.445390761,-1,-1,-1,1,0.26370573,2.16958668,2.16958668,0,0,0,0,0
12.3,0.969934073,-0.0406234757,-1.39268585,0.0796603905,-0.00509414216,FollowWall,following_right_wall,0,14,42,0.445047677,-1,-1,-1,1,0.263316333,2.16947924,2.16947924,0,0,0,0,0
12.35,0.973913475,-0.0407208015,-1.40936593,0.0796603905,-0.00509414216,FollowWall,following_right_wall,0,14,42,0.445047677,-1,-1,-1,1,0.263316333,2.16937149,2.16937149,0,0,0,0,0
12.4,0.97789386,-0.0408192806,-1.42517666,0.0797410837,-0.00388374473,FollowWall,following_right_wall,0,14,42,0.444737464,-1,-1,-1,1,0.26335597,2.16926314,2.16926314,0,0,0,0,0
12.45,0.98187649,-0.040918847,-1.43903546,0.0797410837,-0.00388374473,FollowWall,following_right_wall,0,14,42,0.444737464,-1,-1,-1,1,0.26335597,2.16915492,2.16915492,0,0,0,0,0
12.5,0.985860422,-0.0410193706,-1.45175564,0.0797392668,-0.00391099864,FollowWall,following_right_wall,0,14,42,0.444478452,-1,-1,-1,1,0.263275087,2.16904646,2.16904646,0,0,0,0,0
12.55,0.989845066,-0.0411207754,-1.46384416,0.0797392668,-0.00391099864,FollowWall,following_right_wall,0,14,42,0.444478452,-1,-1,-1,1,0.263275087,2.16893752,2.16893752,0,0,0,0,0
12.6,0.993830118,-0.0412230191,-1.4755642,0.0796802825,-0.00479576309,FollowWall,following_right_wall,0,14,42,0.444238126,-1,-1,-1,1,0.262951672,2.16882797,2.16882797,0,0,0,0,0
12.65,0.997814169,-0.0413260819,-1.48812542,0.0796802825,-0.00479576309,FollowWall,following_right_wall,0,14,42,0.444238126,-1,-1,-1,1,0.262951672,2.16871708,2.16871708,0,0,0,0,0
12.7,1.00179763,-0.0414300203,-1.50117731,0.0796284227,-0.00557365967,FollowWall,following_right_wall,0,14,42,0.443969339,-1,-1,-1,1,0.262434274,2.16860502,2.16860502,0,0,0,0,0
12.75,1.00577965,-0.0415348711,-1.51544398,0.0796284227,-0.00557365967,FollowWall,following_right_wall,0,14,42,0.443969339,-1,-1,-1,1,0.262434274,2.16849129,2.16849129,0,0,0,0,0
12.8,1.00976082,-0.0416407162,-1.53041927,0.0796599157,-0.0051012641,FollowWall,following_right_wall,0,14,42,0.443651408,-1,-1,-1,1,0.262429088,2.16837614,2.16837614,0,0,0,0,0
12.85,1.01374213,-0.0417476013,-1.54524405,0.0796599157,-0.0051012641,FollowWall,following_right_wall,0,14,42,0.443651408,-1,-1,-1,1,0.262429088,2.16826004,2.16826004,0,0,0,0,0
12.9,1.01772352,-0.0418555162,-1.55998102,0.0797724452,-0.00341332174,FollowWall,following_right_wall,0,14,42,0.443313718,-1,-1,-1,1,0.262546241,2.16814298,2.16814298,0,0,0,0,0
12.95,1.02170729,-0.0419644492,-1.57265193,0.0797724452,-0.00341332174,FollowWall,following_right_wall,0,14,42,0.443313718,-1,-1,-1,1,0.262546241,2.16802618,2.16802618,0,0,0,0,0
13,1.02569244,-0.0420742598,-1.58411765,0.0797693314,-0.00346002946,FollowWall,following_right_wall,0,14,42,0.443010032,-1,-1,-1,1,0.262400687,2.16790926,2.16790926,0,0,0,0,0
13.05,1.02967831,-0.0421848663,-1.5949361,0.0797693314,-0.00346002946,FollowWall,following_right_wall,0,14,42,0.443010032,-1,-1,-1,1,0.262400687,2.16779195,2.16779195,0,0,0,0,0
13.1,1.03366461,-0.0422962245,-1.60537696,0.0797414337,-0.00387849396,FollowWall,following_right_wall,0,14,42,0.442714304,-1,-1,-1,1,0.261995673,2.16767412,2.16767412,0,0,0,0,0
13.15,1.03765056,-0.0424083098,-1.61609708,0.0797414337,-0.00387849396,FollowWall,following_right_wall,0,14,42,0.442714304,-1,-1,-1,1,0.261995673,2.1675554,2.1675554,0,0,0,0,0
13.2,1.0416363,-0.0425211411,-1.62698009,0.0798872526,-0.00169121131,FollowWall,following_right_wall,0,14,42,0.442393661,-1,-1,-1,1,0.261649519,2.16743583,2.16743583,0,0,0,0,0
13.25,1.04562495,-0.0426347253,-1.63534725,0.0798872526,-0.00169121131,FollowWall,following_right_wall,0,14,42,0.442393661,-1,-1,-1,1,0.261649519,2.16731707,2.16731707,0,0,0,0,0
13.3,1.04961529,-0.0427488897,-1.64224683,0.0799584995,0.000622506902,FollowWall,following_right_wall,0,14,42,0.442110658,-1,-1,-1,1,0.261474252,2.16719864,2.16719864,0,0,0,0,0
13.35,1.0536081,-0.0428634798,-1.64552852,0.0799584995,0.000622506902,FollowWall,following_right_wall,0,14,42,0.442110658,-1,-1,-1,1,0.261474252,2.16708202,2.16708202,0,0,0,0,0
13.4,1.05760235,-0.0429782667,-1.64669977,0.0798716198,0.00192570334,FollowWall,following_right_wall,0,14,42,0.441908151,-1,-1,-1,1,0.261015028,2.16696651,2.16696651,0,0,0,0,0
13.45,1.06159563,-0.0430930103,-1.64508437,0.0798716198,0.00192570334,FollowWall,following_right_wall,0,14,42,0.441908151,-1,-1,-1,1,0.261015028,2.16685276,2.16685276,0,0,0,0,0
13.5,1.06558836,-0.0432075685,-1.64184341,0.0797115882,0.00432617726,FollowWall,following_right_wall,0,14,42,0.441772372,-1,-1,-1,1,0.260766327,2.16674021,2.16674021,0,0,0,0,0
13.55,1.06957743,-0.0433216633,-1.63478885,0.0797115882,0.00432617726,FollowWall,following_right_wall,0,14,42,0.441772372,-1,-1,-1,1,0.260766327,2.16663048,2.16663048,0,0,0,0,0
13.6,1.07356439,-0.0434351287,-1.6255097,0.0795710424,0.00643436376,FollowWall,following_right_wall,0,14,42,0.441725075,-1,-1,-1,1,0.260354549,2.16652275,2.16652275,0,0,0,0,0
13.65,1.0775472,-0.0435476977,-1.61241641,0.0795710424,0.00643436376,FollowWall,following_right_wall,0,14,42,0.441725075,-1,-1,-1,1,0.260354549,2.16641829,2.16641829,0,0,0,0,0
13.7,1.0815276,-0.0436592111,-1.5970982,0.0794521787,0.00821731918,FollowWall,following_right_wall,0,14,42,0.634810984,-1,-1,-1,1,0.259755015,2.16631626,2.16631626,0,0,0,0,0
13.75,1.08550413,-0.0437694333,-1.57835388,0.0794521787,0.00821731918,FollowWall,following_right_wall,0,14,42,0.634810984,-1,-1,-1,1,0.259755015,2.16621766,2.16621766,0,0,0,0,0
13.8,1.08947844,-0.0438782231,-1.55761098,0.0793964037,0.00905394435,FollowWall,following_right_wall,0,14,42,0.634896815,-1,-1,-1,1,0.259720325,2.16612174,2.16612174,0,0,0,0,0
13.85,1.09345029,-0.0439854318,-1.53470361,0.0793964037,0.00905394435,FollowWall,following_right_wall,0,14,42,0.634896815,-1,-1,-1,1,0.259720325,2.16602876,2.16602876,0,0,0,0,0
13.9,1.09742074,-0.0440909702,-1.51053363,0.0794521917,0.0082171243,FollowWall,following_right_wall,0,14,42,0.634837866,-1,-1,-1,1,0.259776771,2.16593825,2.16593825,0,0,0,0,0
13.95,1.10139155,-0.044194851,-1.48662601,0.0794521917,0.0082171243,FollowWall,following_right_wall,0,14,42,0.634837866,-1,-1,-1,1,0.259776771,2.16584925,2.16584925,0,0,0,0,0
14,1.10536259,-0.0442970849,-1.46287142,0.0795166208,0.00725068856,FollowWall,following_right_wall,0,14,42,0.634744644,-1,-1,-1,1,0.259423524,2.16576181,2.16576181,0,0,0,0,0
14.05,1.10933511,-0.0443977523,-1.44035971,0.0795166208,0.00725068856,FollowWall,following_right_wall,0,14,42,0.634744644,-1,-1,-1,1,0.259423524,2.16567519,2.16567519,0,0,0,0,0
14.1,1.11330852,-0.044496905,-1.418573,0.0795839659,0.00624051186,FollowWall,following_right_wall,0,14,42,0.634679019,-1,-1,-1,1,0.25951165,2.16558963,2.16558963,0,0,0,0,0
14.15,1.11728387,-0.04459465,-1.39841503,0.0795839659,0.00624051186,FollowWall,following_right_wall,0,14,42,0.634679019,-1,-1,-1,1,0.25951165,2.16550449,2.16550449,0,0,0,0,0
14.2,1.12126035,-0.0446910561,-1.37920715,0.0795790736,0.00631389659,FollowWall,following_right_wall,0,14,42,0.634664834,-1,-1,-1,1,0.259284228,2.16542009,2.16542009,0,0,0,0,0
14.25,1.1252374,-0.0447861583,-1.36046589,0.0795790736,0.00631389659,FollowWall,following_right_wall,0,14,42,0.634664834,-1,-1,-1,1,0.259284228,2.16533672,2.16533672,0,0,0,0,0
14.3,1.12921481,-0.0448799765,-1.34199684,0.0795031773,0.00745233994,FollowWall,following_right_wall,0,14,42,0.634656012,-1,-1,-1,1,0.259308159,2.16525447,2.16525447,0,0,0,0,0
14.35,1.13319085,-0.0449724386,-1.32232764,0.0795031773,0.00745233994,FollowWall,following_right_wall,0,14,42,0.634656012,-1,-1,-1,1,0.259308159,2.16517434,2.16517434,0,0,0,0,0
14.4,1.1371661,-0.0450634927,-1.30195837,0.0794397243,0.00840413522,FollowWall,following_right_wall,0,14,42,0.634570837,-1,-1,-1,1,0.259215504,2.16509607,2.16509607,0,0,0,0,0
14.45,1.14113959,-0.0451530395,-1.2800446,0.0794397243,0.00840413522,FollowWall,following_right_wall,0,14,42,0.634570837,-1,-1,-1,1,0.259215504,2.16502028,2.16502028,0,0,0,0,0
14.5,1.14511207,-0.0452410121,-1.25722987,0.0794858217,0.00771267518,FollowWall,following_right_wall,0,14,42,0.63437736,-1,-1,-1,1,0.259247214,2.16494665,2.16494665,0,0,0,0,0
14.55,1.14908494,-0.0453274209,-1.23471495,0.0794858217,0.00771267518,FollowWall,following_right_wall,0,14,42,0.63437736,-1,-1,-1,1,0.259247214,2.16487441,2.16487441,0,0,0,0,0
14.6,1.15305804,-0.0454122789,-1.21237491,0.0795837657,0.00624351516,FollowWall,following_right_wall,0,14,42,0.634146512,-1,-1,-1,1,0.258955985,2.16480363,2.16480363,0,0,0,0,0
14.65,1.15703333,-0.0454956974,-1.19189058,0.0795837657,0.00624351516,FollowWall,following_right_wall,0,14,42,0.634146512,-1,-1,-1,1,0.258955985,2.16473312,2.16473312,0,0,0,0,0
14.7,1.16100991,-0.0455777582,-1.17248874,0.0796837148,0.00474427746,FollowWall,following_right_wall,0,14,42,0.633958459,-1,-1,-1,1,0.25838989,2.16466331,2.16466331,0,0,0,0,0
14.75,1.16498933,-0.0456586136,-1.15550794,0.0796837148,0.00474427746,FollowWall,following_right_wall,0,14,42,0.633958459,-1,-1,-1,1,0.25838989,2.16459318,2.16459318,0,0,0,0,0
14.8,1.16897041,-0.0457383717,-1.1399394,0.0796907463,0.00463880591,FollowWall,following_right_wall,0,14,42,0.633850634,-1,-1,-1,1,0.2578426,2.16452326,2.16452326,0,0,0,0,0
14.85,1.17295263,-0.0458171028,-1.12532059,0.0796907463,0.00463880591,FollowWall,following_right_wall,0,14,42,0.633850634,-1,-1,-1,1,0.2578426,2.16445377,2.16445377,0,0,0,0,0
14.9,1.1769355,-0.0458948497,-1.11125578,0.079601241,0.00598138434,FollowWall,following_right_wall,0,14,42,0.633768082,-1,-1,-1,1,0.257948518,2.16438492,2.16438492,0,0,0,0,0
14.95,1.18091691,-0.0459715457,-1.09591156,0.079601241,0.00598138434,FollowWall,following_right_wall,0,14,42,0.633768082,-1,-1,-1,1,0.257948518,2.16431794,2.16431794,0,0,0,0,0
15,1.18489747,-0.0460471331,-1.07982101,0.0794352639,-0.00847104192,FollowWall,following_right_wall,0,14,42,0.633605659,-1,-1,-1,1,0.257915527,2.16425255,2.16425255,0,0,0,0,0
15.05,1.18887408,-0.046122112,-1.08054642,0.0794352639,-0.00847104192,FollowWall,following_right_wall,0,14,42,0.633605659,-1,-1,-1,1,0.257915527,2.16417711,2.16417711,0,0,0,0,0
15.1,1.19284836,-0.0461974378,-1.09108114,0.0794839221,-0.00774116814,FollowWall,following_right_wall,0,14,42,0.634081721,-1,-1,-1,1,0.257793844,2.16409511,2.16409511,0,0,0,0,0
15.15,1.1968223,-0.0462736562,-1.10646673,0.0794839221,-0.00774116814,FollowWall,following_right_wall,0,14,42,0.634081721,-1,-1,-1,1,0.257793844,2.16400915,2.16400915,0,0,0,0,0
15.2,1.20079601,-0.046351036,-1.124682,0.0795306581,-0.00704012811,FollowWall,following_right_wall,0,14,42,0.634886622,-1,-1,-1,1,0.257423729,2.16392024,2.16392024,0,0,0,0,0
15.25,1.20477056,-0.0464297244,-1.1437111,0.0795306581,-0.00704012811,FollowWall,following_right_wall,0,14,42,0.634886622,-1,-1,-1,1,0.257423729,2.16382952,2.16382952,0,0,0,0,0
15.3,1.20874559,-0.0465097593,-1.16321495,0.0795429993,-0.00685501099,FollowWall,following_right_wall,0,14,42,0.635750771,-1,-1,-1,1,0.257510573,2.16373716,2.16373716,0,0,0,0,0
15.35,1.21272114,-0.0465911605,-1.18277476,0.0795429993,-0.00685501099,FollowWall,following_right_wall,0,14,42,0.635750771,-1,-1,-1,1,0.257510573,2.16364341,2.16364341,0,0,0,0,0
15.4,1.21669698,-0.0466739268,-1.20236721,0.0795409638,-0.00688554347,FollowWall,following_right_wall,0,14,42,0.636607289,-1,-1,-1,1,0.257144034,2.16354829,2.16354829,0,0,0,0,0
15.45,1.22067293,-0.0467580575,-1.22201516,0.0795409638,-0.00688554347,FollowWall,following_right_wall,0,14,42,0.636607289,-1,-1,-1,1,0.257144034,2.16345177,2.16345177,0,0,0,0,0
15.5,1.22464894,-0.0468435547,-1.24169547,0.079590084,-0.00614874065,FollowWall,following_right_wall,0,14,42,0.63744992,-1,-1,-1,1,0.256786376,2.16335389,2.16335389,0,0,0,0,0
15.55,1.228626,-0.0469304111,-1.26051517,0.079590084,-0.00614874065,FollowWall,following_right_wall,0,14,42,0.63744992,-1,-1,-1,1,0.256786376,2.16325519,2.16325519,0,0,0,0,0
15.6,1.23260365,-0.0470185702,-1.27883285,0.0796400177,-0.00539973378,FollowWall,following_right_wall,0,14,42,0.638241351,-1,-1,-1,1,0.256718546,2.16315551,2.16315551,0,0,0,0,0
15.65,1.23658268,-0.0471079914,-1.29596362,0.0796400177,-0.00539973378,FollowWall,following_right_wall,0,14,42,0.638241351,-1,-1,-1,1,0.256718546,2.16305533,2.16305533,0,0,0,0,0
15.7,1.2405625,-0.0471985969,-1.31240203,0.0796905625,-0.0046415627,FollowWall,following_right_wall,0,14,42,0.638959527,-1,-1,-1,1,0.256308287,2.16295441,2.16295441,0,0,0,0,0
15.75,1.24454383,-0.047290334,-1.32753155,0.0796905625,-0.0046415627,FollowWall,following_right_wall,0,14,42,0.638959527,-1,-1,-1,1,0.256308287,2.16285318,2.16285318,0,0,0,0,0
15.8,1.24852602,-0.0473831168,-1.34189757,0.0797038722,-0.00444191694,FollowWall,following_right_wall,0,14,42,0.639596105,-1,-1,-1,1,0.256300181,2.16275139,2.16275139,0,0,0,0,0
15.85,1.252509,-0.047476893,-1.35557989,0.0797038722,-0.00444191694,FollowWall,following_right_wall,0,14,42,0.639596105,-1,-1,-1,1,0.256300181,2.16264904,2.16264904,0,0,0,0,0
15.9,1.25649241,-0.0475716175,-1.36886339,0.0796865302,-0.00470204651,FollowWall,following_right_wall,0,14,42,0.640175819,-1,-1,-1,1,0.256241977,2.162546,2.162546,0,0,0,0,0
15.95,1.26047572,-0.0476672662,-1.38222476,0.0796865302,-0.00470204651,FollowWall,following_right_wall,0,14,42,0.640175819,-1,-1,-1,1,0.256241977,2.16244199,2.16244199,0,0,0,0,0
16,1.26445895,-0.047763844,-1.39563154,0.0796694714,-0.00495792925,FollowWall,following_right_wall,0,14,42,0.640737116,-1,-1,-1,1,0.256146193,2.16233703,2.16233703,0,0,0,0,0
16.05,1.26844177,-0.047861356,-1.40937026,0.0796694714,-0.00495792925,FollowWall,following_right_wall,0,14,42,0.640737116,-1,-1,-1,1,0.256146193,2.16223093,2.16223093,0,0,0,0,0
16.1,1.27242434,-0.0479598242,-1.4233026,0.0796528924,-0.00520661473,FollowWall,following_right_wall,0,14,42,0.641299605,-1,-1,-1,1,0.256193459,2.16212376,2.16212376,0,0,0,0,0
16.15,1.27640641,-0.0480592631,-1.43764474,0.0796528924,-0.00520661473,FollowWall,following_right_wall,0,14,42,0.641299605,-1,-1,-1,1,0.256193459,2.16201537,2.16201537,0,0,0,0,0
16.2,1.28038818,-0.0481597001,-1.45222593,0.0796589482,-0.00511577725,FollowWall,following_right_wall,0,14,42,0.641871214,-1,-1,-1,1,0.256284654,2.16190584,2.16190584,0,0,0,0,0
16.25,1.28436988,-0.0482611506,-1.46683813,0.0796589482,-0.00511577725,FollowWall,following_right_wall,0,14,42,0.641871214,-1,-1,-1,1,0.256284654,2.16179528,2.16179528,0,0,0,0,0
16.3,1.28835154,-0.0483636166,-1.48146842,0.0797113824,-0.00432926416,FollowWall,following_right_wall,0,14,42,0.642439246,-1,-1,-1,1,0.25606972,2.1616837,2.1616837,0,0,0,0,0
16.35,1.29233425,-0.0484670951,-1.49517044,0.0797113824,-0.00432926416,FollowWall,following_right_wall,0,14,42,0.642439246,-1,-1,-1,1,0.25606972,2.16157168,2.16157168,0,0,0,0,0
16.4,1.29631757,-0.0485715238,-1.50833096,0.0797530639,-0.00370404124,FollowWall,following_right_wall,0,14,42,0.642961621,-1,-1,-1,1,0.255805016,2.16145907,2.16145907,0,0,0,0,0
16.45,1.3003021,-0.0486768631,-1.5204293,0.0797530639,-0.00370404124,FollowWall,following_right_wall,0,14,42,0.642961621,-1,-1,-1,1,0.255805016,2.1613462,2.1613462,0,0,0,0,0
16.5,1.30428733,-0.0487830415,-1.53190804,0.0797391552,-0.0039126724,FollowWall,following_right_wall,0,14,42,0.64342469,-1,-1,-1,1,0.255723059,2.16123289,2.16123289,0,0,0,0,0
16.55,1.30827267,-0.0488900178,-1.54327439,0.0797391552,-0.0039126724,FollowWall,following_right_wall,0,14,42,0.64342469,-1,-1,-1,1,0.255723059,2.16111885,2.16111885,0,0,0,0,0
16.6,1.31225806,-0.0489977846,-1.55457516,0.0797256935,-0.00411459804,FollowWall,following_right_wall,0,14,42,0.643868804,-1,-1,-1,1,0.255591512,2.16100407,2.16100407,0,0,0,0,0
16.65,1.3162432,-0.049106338,-1.56607872,0.0797256935,-0.00411459804,FollowWall,following_right_wall,0,14,42,0.643868804,-1,-1,-1,1,0.255591512,2.16088837,2.16088837,0,0,0,0,0
16.7,1.32022818,-0.0492156919,-1.57770057,0.0797475296,-0.00378705561,FollowWall,following_right_wall,0,14,42,0.64431864,-1,-1,-1,1,0.255022585,2.16077181,2.16077181,0,0,0,0,0
16.75,1.32421351,-0.0493258533,-1.58900044,0.0797475296,-0.00378705561,FollowWall,following_right_wall,0,14,42,0.64431864,-1,-1,-1,1,0.255022585,2.16065464,2.16065464,0,0,0,0,0
16.8,1.32819904,-0.0494368002,-1.6001125,0.0797333705,-0.00399944186,FollowWall,following_right_wall,0,14,42,0.64475739,-1,-1,-1,1,0.254452854,2.16053681,2.16053681,0,0,0,0,0
16.85,1.33218437,-0.0495485203,-1.61136852,0.0797333705,-0.00399944186,FollowWall,following_right_wall,0,14,42,0.64475739,-1,-1,-1,1,0.254452854,2.16041812,2.16041812,0,0,0,0,0
16.9,1.33616959,-0.0496610236,-1.62270851,0.0797198045,-0.00420293212,FollowWall,following_right_wall,0,14,42,0.645202279,-1,-1,-1,1,0.254262596,2.16029859,2.16029859,0,0,0,0,0
16.95,1.34015445,-0.0497743161,-1.63434039,0.0797198045,-0.00420293212,FollowWall,following_right_wall,0,14,42,0.645202279,-1,-1,-1,1,0.254262596,2.1601781,2.1601781,0,0,0,0,0
17,1.34413908,-0.0498884178,-1.64614253,0.0797318059,-0.00402291119,FollowWall,following_right_wall,0,14,42,0.645666659,-1,-1,-1,1,0.253938437,2.1600567,2.1600567,0,0,0,0,0
17.05,1.34812383,-0.0500033402,-1.65782911,0.0797318059,-0.00402291119,FollowWall,following_right_wall,0,14,42,0.645666659,-1,-1,-1,1,0.253938437,2.15993455,2.15993455,0,0,0,0,0
17.1,1.35210863,-0.0501190753,-1.66944827,0.0797868717,-0.00319692492,FollowWall,following_right_wall,0,14,42,0.646137357,-1,-1,-1,1,0.25372532,2.15981164,2.15981164,0,0,0,0,0
17.15,1.3560946,-0.0502356177,-1.68004217,0.0797868717,-0.00319692492,FollowWall,following_right_wall,0,14,42,0.646137357,-1,-1,-1,1,0.25372532,2.15968855,2.15968855,0,0,0,0,0
17.2,1.36008124,-0.0503528967,-1.69003799,0.0798424351,-0.00236347318,FollowWall,following_right_wall,0,14,42,0.646573663,-1,-1,-1,1,0.253324866,2.1595651,2.1595651,0,0,0,0,0
17.25,1.36406943,-0.0504708707,-1.69869007,0.0798424351,-0.00236347318,FollowWall,following_right_wall,0,14,42,0.646573663,-1,-1,-1,1,0.253324866,2.15944179,2.15944179,0,0,0,0,0
17.3,1.36805851,-0.0505894468,-1.70655831,0.04,-0.6,FollowWall,following_right_wall,0,14,42,0.646954417,-1,-1,-1,1,0.253361285,2.15931836,2.15931836,0,0,0,0,0
17.35,1.37121778,-0.0507034673,-2.42734536,0.04,-0.6,FollowWall,following_right_wall,0,14,42,0.646954417,-1,-1,-1,1,0.253361285,2.15876699,2.15876699,0,0,0,0,0
17.4,1.37389156,-0.0508433918,-3.56400172,0.0797790337,-0.00331449509,FollowWall,following_right_wall,0,14,42,0.654165924,-1,-1,-1,1,0.254527628,2.15796652,2.15796652,0,0,0,0,0
17.45,1.37710801,-0.0510625264,-4.23100764,0.0797790337,-0.00331449509,FollowWall,following_right_wall,0,14,42,0.654165924,-1,-1,-1,1,0.254527628,2.15737646,2.15737646,0,0,0,0,0
17.5,1.38064011,-0.051336014,-4.62405082,0.0797642219,-0.0035366714,FollowWall,following_right_wall,0,14,42,0.647424281,-1,-1,-1,1,0.25511843,2.15689021,2.15689021,0,0,0,0,0
17.55,1.38435567,-0.0516441523,-4.8575476,0.0797642219,-0.0035366714,FollowWall,following_right_wall,0,14,42,0.647424281,-1,-1,-1,1,0.25511843,2.15645772,2.15645772,0,0,0,0,0
17.6,1.38817809,-0.0519737154,-4.99797564,0.0797694343,-0.00345848501,FollowWall,following_right_wall,0,14,42,0.639916599,-1,-1,-1,1,0.254688859,2.1560541,2.1560541,0,0,0,0,0
17.65,1.39206289,-0.0523163924,-5.08402027,0.0797694343,-0.00345848501,FollowWall,following_right_wall,0,14,42,0.639916599,-1,-1,-1,1,0.254688859,2.15566632,2.15566632,0,0,0,0,0
17.7,1.39598403,-0.0526671162,-5.13834122,0.0798143792,-0.00278431177,FollowWall,following_right_wall,0,14,42,0.632123768,-1,-1,-1,1,0.254435688,2.15528723,2.15528723,0,0,0,0,0
17.75,1.39992728,-0.0530229158,-5.17335198,0.0798143792,-0.00278431177,FollowWall,following_right_wall,0,14,42,0.632123768,-1,-1,-1,1,0.254435688,2.15491319,2.15491319,0,0,0,0,0
17.8,1.40388339,-0.0533819218,-5.19709844,0.0799062508,-0.00140623748,FollowWall,following_right_wall,0,14,42,0.624242902,-1,-1,-1,1,0.253704607,2.15454184,2.15454184,0,0,0,0,0
17.85,1.4078489,-0.0537431509,-5.21262912,0.0799062508,-0.00140623748,FollowWall,following_right_wall,0,14,42,0.624242902,-1,-1,-1,1,0.253704607,2.15417254,2.15417254,0,0,0,0,0
17.9,1.41181988,-0.0541057963,-5.22336726,0.04,-0.6,FollowWall,following_right_wall,0,14,42,0.616341412,-1,-1,-1,1,0.254728585,2.15380432,2.15380432,0,0,0,0,0
17.95,1.41496426,-0.0544132523,-5.94582841,0.04,-0.6,FollowWall,following_right_wall,0,14,42,0.616341412,-1,-1,-1,1,0.254728585,2.15312919,2.15312919,0,0,0,0,0
18,1.41762329,-0.0547168982,-7.08346133,0.0798237461,-0.00264380872,FollowWall,following_right_wall,0,14,42,0.610467792,-1,-1,-1,1,0.256348133,2.15227642,2.15227642,0,0,0,0,0
18.05,1.42082048,-0.0551330975,-7.75023635,0.0798237461,-0.00264380872,FollowWall,following_right_wall,0,14,42,0.610467792,-1,-1,-1,1,0.256348133,2.1515554,2.1515554,0,0,0,0,0
18.1,1.42433022,-0.055623004,-8.14234425,0.0797748822,-0.00337676704,FollowWall,following_right_wall,0,14,42,0.603432715,-1,-1,-1,1,0.257399052,2.15089213,2.15089213,0,0,0,0,0
18.15,1.42802072,-0.0561586745,-8.37510458,0.0797748822,-0.00337676704,FollowWall,following_right_wall,0,14,42,0.603432715,-1,-1,-1,1,0.257399052,2.15025563,2.15025563,0,0,0,0,0
18.2,1.43181643,-0.0567222246,-8.51491216,0.0798276591,-0.00258511305,FollowWall,following_right_wall,0,14,42,0.595857024,-1,-1,-1,1,0.256984353,2.14963225,2.14963225,0,0,0,0,0
18.25,1.43567452,-0.0573027596,-8.59955234,0.0798276591,-0.00258511305,FollowWall,following_right_wall,0,14,42,0.595857024,-1,-1,-1,1,0.256984353,2.14901577,2.14901577,0,0,0,0,0
18.3,1.43956893,-0.057893526,-8.65201152,0.0799048084,-0.00142787397,FollowWall,following_right_wall,0,14,42,0.58807081,-1,-1,-1,1,0.258634359,2.14840283,2.14840283,0,0,0,0,0
18.35,1.44348608,-0.058490707,-8.68431711,0.0799048084,-0.00142787397,FollowWall,following_right_wall,0,14,42,0.58807081,-1,-1,-1,1,0.258634359,2.14779203,2.14779203,0,0,0,0,0
18.4,1.44741647,-0.0590917626,-8.70486644,0.0799934703,-9.79453325e-05,FollowWall,following_right_wall,0,14,42,0.580217957,-1,-1,-1,1,0.260446489,2.14718232,2.14718232,0,0,0,0,0
18.45,1.45135641,-0.0596954264,-8.71697046,0.0799934703,-9.79453325e-05,FollowWall,following_right_wall,0,14,42,0.580217957,-1,-1,-1,1,0.260446489,2.14657357,2.14657357,0,0,0,0,0
18.5,1.45530192,-0.0603006223,-8.72414805,0.04,-0.6,FollowWall,following_right_wall,0,14,42,0.572350442,-1,-1,-1,1,0.259377062,2.14596536,2.14596536,0,0,0,0,0
18.55,1.45842405,-0.0607998323,-9.44453222,0.04,-0.6,FollowWall,following_right_wall,0,14,42,0.572350442,-1,-1,-1,1,0.259377062,2.14517105,2.14517105,0,0,0,0,0
18.6,1.46106098,-0.0612653989,-10.5809536,0.0799181032,-0.00122845173,FollowWall,following_right_wall,0,14,42,0.566790283,-1,-1,-1,1,0.262380838,2.14427018,2.14427018,0,0,0,0,0
18.65,1.46422958,-0.0618763292,-11.2453324,0.0799181032,-0.00122845173,FollowWall,following_right_wall,0,14,42,0.566790283,-1,-1,-1,1,0.262380838,2.14342197,2.14342197,0,0,0,0,0
18.7,1.46770646,-0.0625799077,-11.634353,0.0799074578,-0.00138813257,FollowWall,following_right_wall,0,14,42,0.560073495,-1,-1,-1,1,0.263829827,2.14258536,2.14258536,0,0,0,0,0
18.75,1.47136227,-0.0633402254,-11.8629387,0.0799074578,-0.00138813257,FollowWall,following_right_wall,0,14,42,0.560073495,-1,-1,-1,1,0.263829827,2.14174892,2.14174892,0,0,0,0,0
18.8,1.47512218,-0.0641346495,-11.9979373,0.0798668939,-0.00199659169,FollowWall,following_right_wall,0,14,42,0.55245173,-1,-1,-1,1,0.267609745,2.14091024,2.14091024,0,0,0,0,0
18.85,1.47894188,-0.0649492361,-12.0790698,0.0798668939,-0.00199659169,FollowWall,following_right_wall,0,14,42,0.55245173,-1,-1,-1,1,0.267609745,2.14006931,2.14006931,0,0,0,0,0
18.9,1.4827964,-0.0657758499,-12.1287803,0.0796359825,-0.0054602623,FollowWall,following_right_wall,0,14,42,0.544690788,-1,-1,-1,1,0.27073276,2.13922666,2.13922666,0,0,0,0,0
18.95,1.48666646,-0.0666088056,-12.1642958,0.0796359825,-0.0054602623,FollowWall,following_right_wall,0,14,42,0.544690788,-1,-1,-1,1,0.27073276,2.13838228,2.13838228,0,0,0,0,0
19,1.49054547,-0.0674459127,-12.1915309,0.075981741,-0.0602738857,FollowWall,following_right_wall,0,14,42,0.536898732,-1,-1,-1,1,0.29018259,2.13753644,2.13753644,0,0,0,0,0
19.05,1.49435473,-0.0682719716,-12.2793647,0.075981741,-0.0602738857,FollowWall,following_right_wall,0,14,42,0.536898732,-1,-1,-1,1,0.29018259,2.13668237,2.13668237,0,0,0,0,0
19.1,1.49812228,-0.0690962528,-12.4025477,0.072813766,-0.10779351,FollowWall,following_right_wall,0,14,42,0.529248416,-1,-1,-1,1,0.32186234,2.13581917,2.13581917,0,0,0,0,0
19.15,1.50179964,-0.0699116915,-12.6030735,0.072813766,-0.10779351,FollowWall,following_right_wall,0,14,42,0.529248416,-1,-1,-1,1,0.32186234,2.13494133,2.13494133,0,0,0,0,0
19.2,1.50542258,-0.0707298777,-12.8487159,0.0705387372,-0.141918942,FollowWall,following_right_wall,0,14,42,0.521836519,-1,-1,-1,1,0.344612628,2.13404828,2.13404828,0,0,0,0,0
19.25,1.50896548,-0.0715481496,-13.1614105,0.0705387372,-0.141918942,FollowWall,following_right_wall,0,14,42,0.521836519,-1,-1,-1,1,0.344612628,2.13313725,2.13313725,0,0,0,0,0
19.3,1.51245928,-0.0723764538,-13.513219,0.0691326547,-0.16301018,FollowWall,following_right_wall,0,14,42,0.514698267,-1,-1,-1,1,0.358673453,2.13220797,2.13220797,0,0,0,0,0
19.35,1.51589334,-0.0732144181,-13.9130197,0.0691326547,-0.16301018,FollowWall,following_right_wall,0,14,42,0.514698267,-1,-1,-1,1,0.358673453,2.13125963,2.13125963,0,0,0,0,0
19.4,1.51928966,-0.0740692112,-14.3408158,0.0683661866,-0.174507201,FollowWall,following_right_wall,0,14,42,0.507838309,-1,-1,-1,1,0.366338134,2.13029188,2.13029188,0,0,0,0,0
19.45,1.52264542,-0.0749414309,-14.7986662,0.0683661866,-0.174507201,FollowWall,following_right_wall,0,14,42,0.507838309,-1,-1,-1,1,0.366338134,2.12930467,2.12930467,0,0,0,0,0
19.5,1.52597427,-0.0758356584,-15.2740482,0.0679900783,-0.180148825,FollowWall,following_right_wall,0,14,42,0.501242995,-1,-1,-1,1,0.370099217,2.12829753,2.12829753,0,0,0,0,0
19.55,1.52927644,-0.0767526853,-15.7663912,0.0679900783,-0.180148825,FollowWall,following_right_wall,0,14,42,0.501242995,-1,-1,-1,1,0.370099217,2.12727051,2.12727051,0,0,0,0,0
19.6,1.53255946,-0.0776951613,-16.2686281,0.0678216475,-0.182675287,FollowWall,following_right_wall,0,14,42,0.494614035,-1,-1,-1,1,0.371783525,2.12622314,2.12622314,0,0,0,0,0
19.65,1.53582421,-0.0786637218,-16.7796522,0.0678216475,-0.182675287,FollowWall,following_right_wall,0,14,42,0.494614035,-1,-1,-1,1,0.371783525,2.12515542,2.12515542,0,0,0,0,0
19.7,1.53907445,-0.07965976,-17.2958021,0.0677521753,-0.18371737,FollowWall,following_right_wall,0,14,42,0.487623751,-1,-1,-1,1,0.372478247,2.124067,2.124067,0,0,0,0,0
19.75,1.54231085,-0.0806836709,-17.8161861,0.0677521753,-0.18371737,FollowWall,following_right_wall,0,14,42,0.487623751,-1,-1,-1,1,0.372478247,2.12295786,2.12295786,0,0,0,0,0
19.8,1.54553506,-0.0817361113,-18.3390398,0.0677251565,-0.184122652,FollowWall,following_right_wall,0,14,42,0.480848551,-1,-1,-1,1,0.372748435,2.12182779,2.12182779,0,0,0,0,0
19.85,1.54874739,-0.0828172698,-18.8638181,0.0677251565,-0.184122652,FollowWall,following_right_wall,0,14,42,0.480848551,-1,-1,-1,1,0.372748435,2.12067679,2.12067679,0,0,0,0,0
19.9,1.55194844,-0.083927408,-19.3897189,0.0677140641,-0.184289038,FollowWall,following_right_wall,0,14,42,0.474281102,-1,-1,-1,1,0.372859359,2.11950478,2.11950478,0,0,0,0,0
19.95,1.55513823,-0.0850665703,-19.9164733,0.0677140641,-0.184289038,FollowWall,following_right_wall,0,14,42,0.474281102,-1,-1,-1,1,0.372859359,2.1183118,2.1183118,0,0,0,0,0
20,1.55831685,-0.0862348236,-20.4437255,0.0677075613,-0.184386581,FollowWall,following_right_wall,0,14,42,0.467914492,-1,-1,-1,1,0.372924387,2.11709786,2.11709786,0,0,0,0,0
20.05,1.56148414,-0.0874321215,-20.9713845,0.0677075613,-0.184386581,FollowWall,following_right_wall,0,14,42,0.467914492,-1,-1,-1,1,0.372924387,2.11586304,2.11586304,0,0,0,0,0
20.1,1.56464002,-0.0886584436,-21.4992809,0.0677013236,-0.184480146,FollowWall,following_right_wall,0,14,42,0.461705685,-1,-1,-1,1,0.372986764,2.11460738,2.11460738,0,0,0,0,0
20.15,1.56778419,-0.0899136889,-22.0274274,0.0677013236,-0.184480146,FollowWall,following_right_wall,0,14,42,0.461705685,-1,-1,-1,1,0.372986764,2.113331,2.113331,0,0,0,0,0
20.2,1.57091649,-0.0911978026,-22.5557198,0.0676939923,-0.184590116,FollowWall,following_right_wall,0,14,42,0.454914838,-1,-1,-1,1,0.373060077,2.11203397,2.11203397,0,0,0,0,0
20.25,1.57403659,-0.0925106509,-23.0842286,0.0676939923,-0.184590116,FollowWall,following_right_wall,0,14,42,0.454914838,-1,-1,-1,1,0.373060077,2.11071644,2.11071644,0,0,0,0,0
20.3,1.57714431,-0.0938521685,-23.6128637,0.0676853615,-0.184719577,FollowWall,following_right_wall,0,14,42,0.448331326,-1,-1,-1,1,0.373146385,2.10937847,2.10937847,0,0,0,0,0
20.35,1.58023927,-0.0952222005,-24.1417268,0.0676853615,-0.184719577,FollowWall,following_right_wall,0,14,42,0.448331326,-1,-1,-1,1,0.373146385,2.10802023,2.10802023,0,0,0,0,0
20.4,1.58332131,-0.0966206811,-24.6707231,0.0676755863,-0.184866205,FollowWall,following_right_wall,0,14,42,0.441950113,-1,-1,-1,1,0.373244137,2.10664179,2.10664179,0,0,0,0,0
20.45,1.58639004,-0.0980474401,-25.199972,0.0676755863,-0.184866205,FollowWall,following_right_wall,0,14,42,0.441950113,-1,-1,-1,1,0.373244137,2.10524334,2.10524334,0,0,0,0,0
20.5,1.58944531,-0.0995024143,-25.7293684,0.0676649112,-0.185026333,FollowWall,following_right_wall,0,14,42,0.435766637,-1,-1,-1,1,0.373350888,2.10382493,2.10382493,0,0,0,0,0
20.55,1.5924867,-0.100985422,-26.2590418,0.0676649112,-0.185026333,FollowWall,following_right_wall,0,14,42,0.435766637,-1,-1,-1,1,0.373350888,2.10238677,2.10238677,0,0,0,0,0
20.6,1.59551409,-0.102496402,-26.7888769,0.0676535505,-0.185196742,FollowWall,following_right_wall,0,14,42,0.429483414,-1,-1,-1,1,0.373464495,2.10092891,2.10092891,0,0,0,0,0
20.65,1.59852706,-0.104035163,-27.3190097,0.0676535505,-0.185196742,FollowWall,following_right_wall,0,14,42,0.429483414,-1,-1,-1,1,0.373464495,2.09945157,2.09945157,0,0,0,0,0
20.7,1.60152549,-0.105601647,-27.8493162,0.0676416802,-0.185374796,FollowWall,following_right_wall,0,14,42,0.423372537,-1,-1,-1,1,0.373583198,2.09795478,2.09795478,0,0,0,0,0
20.75,1.60450896,-0.107195651,-28.3799365,0.0676416802,-0.185374796,FollowWall,following_right_wall,0,14,42,0.423372537,-1,-1,-1,1,0.373583198,2.09643879,2.09643879,0,0,0,0,0
20.8,1.60747735,-0.108817119,-28.9107398,0.0676294285,-0.185558572,FollowWall,following_right_wall,0,14,42,0.416972876,-1,-1,-1,1,0.373705715,2.09490364,2.09490364,0,0,0,0,0
20.85,1.61043026,-0.110465841,-29.4418694,0.0676294285,-0.185558572,FollowWall,following_right_wall,0,14,42,0.416972876,-1,-1,-1,1,0.373705715,2.09334955,2.09334955,0,0,0,0,0
20.9,1.61336756,-0.11214176,-29.9731891,0.0676168996,-0.185746506,FollowWall,following_right_wall,0,14,42,0.410519153,-1,-1,-1,1,0.373831004,2.09177657,2.09177657,0,0,0,0,0
20.95,1.61628885,-0.113844657,-30.5048442,0.0676168996,-0.185746506,FollowWall,following_right_wall,0,14,42,0.410519153,-1,-1,-1,1,0.373831004,2.09018494,2.09018494,0,0,0,0,0
21,1.61919402,-0.115574475,-31.0366949,0.0676041651,-0.185937524,FollowWall,following_right_wall,0,14,42,0.404269964,-1,-1,-1,1,0.373958349,2.0885747,2.0885747,0,0,0,0,0
21.05,1.62208266,-0.117330988,-31.5688878,0.0676041651,-0.185937524,FollowWall,following_right_wall,0,14,42,0.404269964,-1,-1,-1,1,0.373958349,2.08694612,2.08694612,0,0,0,0,0
21.1,1.62495466,-0.119114139,-32.1012801,0.0675912845,-0.186130732,FollowWall,following_right_wall,0,14,42,0.398220658,-1,-1,-1,1,0.374087155,2.0852992,2.0852992,0,0,0,0,0
21.15,1.62780962,-0.120923691,-32.6340196,0.0675912845,-0.186130732,FollowWall,following_right_wall,0,14,42,0.398220658,-1,-1,-1,1,0.374087155,2.08363424,2.08363424,0,0,0,0,0
21.2,1.63064743,-0.122759588,-33.1669614,0.0675782937,-0.186325595,FollowWall,following_right_wall,0,14,42,0.392366976,-1,-1,-1,1,0.374217063,2.08195124,2.08195124,0,0,0,0,0
21.25,1.63346769,-0.124621584,-33.700254,0.0675782937,-0.186325595,FollowWall,following_right_wall,0,14,42,0.392366976,-1,-1,-1,1,0.374217063,2.08025049,2.08025049,0,0,0,0,0
21.3,1.6362703,-0.126509622,-34.2337511,0.0675652283,-0.186521575,FollowWall,following_right_wall,0,14,42,0.386705011,-1,-1,-1,1,0.374347717,2.07853201,2.07853201,0,0,0,0,0
21.35,1.63905487,-0.128423449,-34.7676014,0.0675652283,-0.186521575,FollowWall,following_right_wall,0,14,42,0.386705011,-1,-1,-1,1,0.374347717,2.07679609,2.07679609,0,0,0,0,0
21.4,1.64182128,-0.130363005,-35.3016579,0.0675521094,-0.18671836,FollowWall,following_right_wall,0,14,42,0.381231219,-1,-1,-1,1,0.374478906,2.07504275,2.07504275,0,0,0,0,0
21.45,1.64456915,-0.13232803,-35.8360695,0.0675521094,-0.18671836,FollowWall,following_right_wall,0,14,42,0.381231219,-1,-1,-1,1,0.374478906,2.07327229,2.07327229,0,0,0,0,0
21.5,1.64729838,-0.134318463,-36.3706882,0.0675389516,-0.186915725,FollowWall,following_right_wall,0,14,42,0.375942409,-1,-1,-1,1,0.374610484,2.07148471,2.07148471,0,0,0,0,0
21.55,1.65000858,-0.136334036,-36.9056633,0.0675389516,-0.186915725,FollowWall,following_right_wall,0,14,42,0.375942409,-1,-1,-1,1,0.374610484,2.06968034,2.06968034,0,0,0,0,0
21.6,1.65269964,-0.138374684,-37.4408463,0.0675257641,-0.187113538,FollowWall,following_right_wall,0,14,42,0.370686173,-1,-1,-1,1,0.374742359,2.06785917,2.06785917,0,0,0,0,0
21.65,1.65537119,-0.140440133,-37.9763867,0.0675257641,-0.187113538,FollowWall,following_right_wall,0,14,42,0.370686173,-1,-1,-1,1,0.374742359,2.06602154,2.06602154,0,0,0,0,0
21.7,1.65802312,-0.142530318,-38.5121357,0.0675125527,-0.187311709,FollowWall,following_right_wall,0,14,42,0.36545521,-1,-1,-1,1,0.374874473,2.06416744,2.06416744,0,0,0,0,0
21.75,1.66065506,-0.144644954,-39.0482427,0.0675125527,-0.187311709,FollowWall,following_right_wall,0,14,42,0.36545521,-1,-1,-1,1,0.374874473,2.06229721,2.06229721,0,0,0,0,0
21.8,1.66326691,-0.146783976,-39.5845588,0.0674993175,-0.187510237,FollowWall,following_right_wall,0,14,42,0.360404313,-1,-1,-1,1,0.375006825,2.06041084,2.06041084,0,0,0,0,0
21.85,1.66585829,-0.148947092,-40.1212336,0.0674993175,-0.187510237,FollowWall,following_right_wall,0,14,42,0.360404313,-1,-1,-1,1,0.375006825,2.05850869,2.05850869,0,0,0,0,0
21.9,1.66842911,-0.151134232,-40.6581178,0.0674860495,-0.187709257,FollowWall,following_right_wall,0,14,42,0.355531067,-1,-1,-1,1,0.375139505,2.05659073,2.05659073,0,0,0,0,0
21.95,1.670979,-0.153345099,-41.1953617,0.0674860495,-0.187709257,FollowWall,following_right_wall,0,14,42,0.355531067,-1,-1,-1,1,0.375139505,2.05465734,2.05465734,0,0,0,0,0
22,1.67350786,-0.155579622,-41.7328154,0.0674727458,-0.187908813,FollowWall,following_right_wall,0,14,42,0.350833356,-1,-1,-1,1,0.375272542,2.0527085,2.0527085,0,0,0,0,0
22.05,1.67601533,-0.157837494,-42.2706296,0.0674727458,-0.187908813,FollowWall,following_right_wall,0,14,42,0.350833356,-1,-1,-1,1,0.375272542,2.05074458,2.05074458,0,0,0,0,0
22.1,1.67850131,-0.160118642,-42.8086543,0.0674593914,-0.18810913,FollowWall,following_right_wall,0,14,42,0.346309453,-1,-1,-1,1,0.375406086,2.04876555,2.04876555,0,0,0,0,0
22.15,1.68096545,-0.162422754,-43.3470407,0.0674593914,-0.18810913,FollowWall,following_right_wall,0,14,42,0.346309453,-1,-1,-1,1,0.375406086,2.04677181,2.04677181,0,0,0,0,0
22.2,1.68340765,-0.164749754,-43.8856382,0.0674459714,-0.188310429,FollowWall,following_right_wall,0,14,42,0.341957897,-1,-1,-1,1,0.375540286,2.04476333,2.04476333,0,0,0,0,0
22.25,1.68582755,-0.16709932,-44.4245991,0.0674459714,-0.188310429,FollowWall,following_right_wall,0,14,42,0.341957897,-1,-1,-1,1,0.375540286,2.04274049,2.04274049,0,0,0,0,0
22.3,1.68822506,-0.169471377,-44.9637719,0.067432465,-0.188513026,FollowWall,following_right_wall,0,14,42,0.337777585,-1,-1,-1,1,0.37567535,2.04070328,2.04070328,0,0,0,0,0
22.35,1.69059984,-0.171865595,-45.5033103,0.067432465,-0.188513026,FollowWall,following_right_wall,0,14,42,0.337777585,-1,-1,-1,1,0.37567535,2.03865209,2.03865209,0,0,0,0,0
22.4,1.69295179,-0.174281896,-46.0430618,0.0674188513,-0.188717231,FollowWall,following_right_wall,0,14,42,0.333767802,-1,-1,-1,1,0.375811487,2.0365869,2.0365869,0,0,0,0,0
22.45,1.69528057,-0.176719944,-46.5831815,0.0674188513,-0.188717231,FollowWall,following_right_wall,0,14,42,0.333767802,-1,-1,-1,1,0.375811487,2.03450812,2.03450812,0,0,0,0,0
22.5,1.69758609,-0.179179658,-47.1235159,0.0674051005,-0.188923493,FollowWall,following_right_wall,0,14,42,0.32992807,-1,-1,-1,1,0.375948995,2.0324157,2.0324157,0,0,0,0,0
22.55,1.69986801,-0.181660694,-47.6642218,0.0674051005,-0.188923493,FollowWall,following_right_wall,0,14,42,0.32992807,-1,-1,-1,1,0.375948995,2.03031009,2.03031009,0,0,0,0,0
22.6,1.70212624,-0.184162971,-48.2051444,0.0673911887,-0.189132169,FollowWall,following_right_wall,0,14,42,0.326258332,-1,-1,-1,1,0.376088113,2.02819123,2.02819123,0,0,0,0,0
22.65,1.70436045,-0.186686137,-48.7464424,0.0673911887,-0.189132169,FollowWall,following_right_wall,0,14,42,0.326258332,-1,-1,-1,1,0.376088113,2.02605957,2.02605957,0,0,0,0,0
22.7,1.70657055,-0.189230108,-49.2879595,0.0673770744,-0.189343885,FollowWall,following_right_wall,0,14,42,0.322758853,-1,-1,-1,1,0.376229256,2.02391506,2.02391506,0,0,0,0,0
22.75,1.70875622,-0.191794525,-49.8298571,0.0673770744,-0.189343885,FollowWall,following_right_wall,0,14,42,0.322758853,-1,-1,-1,1,0.376229256,2.02175815,2.02175815,0,0,0,0,0
22.8,1.71091736,-0.194379304,-50.3719767,0.0673586088,-0.189620867,FollowWall,following_right_wall,0,14,42,0.319430321,-1,-1,-1,1,0.376413912,2.01958878,2.01958878,0,0,0,0,0
22.85,1.71305359,-0.19698401,-50.9145563,0.0673586088,-0.189620867,FollowWall,following_right_wall,0,14,42,0.319430321,-1,-1,-1,1,0.376413912,2.01740754,2.01740754,0,0,0,0,0
22.9,1.71516487,-0.19960859,-51.4574043,0.0673135954,-0.190296069,FollowWall,following_right_wall,0,14,42,0.316274107,-1,-1,-1,1,0.376864046,2.01521433,2.01521433,0,0,0,0,0
22.95,1.71725046,-0.202252194,-52.0012149,0.0673135954,-0.190296069,FollowWall,following_right_wall,0,14,42,0.316274107,-1,-1,-1,1,0.376864046,2.01301052,2.01301052,0,0,0,0,0
23,1.71931046,-0.204914966,-52.5455869,0.0672697353,-0.19095397,FollowWall,following_right_wall,0,14,42,0.31329456,-1,-1,-1,1,0.377302647,2.01079564,2.01079564,0,0,0,0,0
23.05,1.72134426,-0.207596179,-53.0910718,0.0672697353,-0.19095397,FollowWall,following_right_wall,0,14,42,0.31329456,-1,-1,-1,1,0.377302647,2.00857087,2.00857087,0,0,0,0,0
23.1,1.72335198,-0.210296038,-53.6372058,0.0672272491,-0.191591263,FollowWall,following_right_wall,0,14,42,0.310495555,-1,-1,-1,1,0.377727509,2.00633561,2.00633561,0,0,0,0,0
23.15,1.72533306,-0.213013859,-54.1844792,0.0672272491,-0.191591263,FollowWall,following_right_wall,0,14,42,0.310495555,-1,-1,-1,1,0.377727509,2.00409095,2.00409095,0,0,0,0,0
23.2,1.72728763,-0.215749861,-54.7324172,0.0671860594,-0.19220911,FollowWall,following_right_wall,0,14,42,0.307880402,-1,-1,-1,1,0.378139406,2.00183627,2.00183627,0,0,0,0,0
23.25,1.72921516,-0.218503376,-55.2814804,0.0671860594,-0.19220911,FollowWall,following_right_wall,0,14,42,0.307880402,-1,-1,-1,1,0.378139406,1.99957262,1.99957262,0,0,0,0,0
23.3,1.73111577,-0.221274617,-55.8312001,0.0671460199,-0.192809701,FollowWall,following_right_wall,0,14,42,0.305452526,-1,-1,-1,1,0.378539801,1.99729937,1.99729937,0,0,0,0,0
23.35,1.73298897,-0.224062921,-56.3820195,0.0671460199,-0.192809701,FollowWall,following_right_wall,0,14,42,0.305452526,-1,-1,-1,1,0.378539801,1.99501756,1.99501756,0,0,0,0,0
23.4,1.73483485,-0.226868491,-56.9334804,0.067106967,-0.193395495,FollowWall,following_right_wall,0,14,42,0.303215772,-1,-1,-1,1,0.37893033,1.99272658,1.99272658,0,0,0,0,0
23.45,1.73665293,-0.229690664,-57.4860148,0.067106967,-0.193395495,FollowWall,following_right_wall,0,14,42,0.303215772,-1,-1,-1,1,0.37893033,1.99042746,1.99042746,0,0,0,0,0
23.5,1.73844332,-0.232529632,-58.0391754,0.0670687485,-0.193968773,FollowWall,following_right_wall,0,14,42,0.301174402,-1,-1,-1,1,0.379312515,1.98811958,1.98811958,0,0,0,0,0
23.55,1.74020554,-0.235384729,-58.5933856,0.0670687485,-0.193968773,FollowWall,following_right_wall,0,14,42,0.301174402,-1,-1,-1,1,0.379312515,1.985804,1.985804,0,0,0,0,0
23.6,1.74193968,-0.238256138,-59.1482081,0.0670312333,-0.1945315,FollowWall,following_right_wall,0,14,42,0.299333274,-1,-1,-1,1,0.379687667,1.98348009,1.98348009,0,0,0,0,0
23.65,1.7436453,-0.241143189,-59.7040594,0.0670312333,-0.1945315,FollowWall,following_right_wall,0,14,42,0.299333274,-1,-1,-1,1,0.379687667,1.98114891,1.98114891,0,0,0,0,0
23.7,1.74532247,-0.244046055,-60.2605109,0.0669943112,-0.195085332,FollowWall,following_right_wall,0,14,42,0.297697783,-1,-1,-1,1,0.380056888,1.97880984,1.97880984,0,0,0,0,0
23.75,1.74697076,-0.246964062,-60.8179735,0.0669943112,-0.195085332,FollowWall,following_right_wall,0,14,42,0.297697783,-1,-1,-1,1,0.380056888,1.97646395,1.97646395,0,0,0,0,0
23.8,1.74859024,-0.249897375,-61.376026,0.0669578779,-0.195631832,FollowWall,following_right_wall,0,14,42,0.296274036,-1,-1,-1,1,0.380421221,1.97411062,1.97411062,0,0,0,0,0
23.85,1.75018049,-0.252845316,-61.9350749,0.0669578779,-0.195631832,FollowWall,following_right_wall,0,14,42,0.296274036,-1,-1,-1,1,0.380421221,1.97175092,1.97175092,0,0,0,0,0
23.9,1.75174158,-0.255808043,-62.4947051,0.0669218439,-0.196172342,FollowWall,following_right_wall,0,14,42,0.29506883,-1,-1,-1,1,0.380781561,1.96938425,1.96938425,0,0,0,0,0
23.95,1.7532731,-0.258784871,-63.0553195,0.0669218439,-0.196172342,FollowWall,following_right_wall,0,14,42,0.29506883,-1,-1,-1,1,0.380781561,1.96701167,1.96701167,0,0,0,0,0
24,1.75477511,-0.261775951,-63.6165081,0.0668861407,-0.196707889,FollowWall,following_right_wall,0,14,42,0.294089735,-1,-1,-1,1,0.381138593,1.96463257,1.96463257,0,0,0,0,0
24.05,1.75624722,-0.264780594,-64.1786708,0.0668861407,-0.196707889,FollowWall,following_right_wall,0,14,42,0.294089735,-1,-1,-1,1,0.381138593,1.96224806,1.96224806,0,0,0,0,0
24.1,1.75768949,-0.267798947,-64.7414018,0.0668506968,-0.197239548,FollowWall,following_right_wall,0,14,42,0.293345094,-1,-1,-1,1,0.381493032,1.95985749,1.95985749,0,0,0,0,0
24.15,1.75910154,-0.270830312,-65.305099,0.0668506968,-0.197239548,FollowWall,following_right_wall,0,14,42,0.293345094,-1,-1,-1,1,0.381493032,1.95746199,1.95746199,0,0,0,0,0
24.2,1.76048341,-0.273874832,-65.8693597,0.0668154496,-0.197768256,FollowWall,following_right_wall,0,14,42,0.292844236,-1,-1,-1,1,0.381845504,1.95506092,1.95506092,0,0,0,0,0
24.25,1.76183476,-0.276931803,-66.4345802,0.0668154496,-0.197768256,FollowWall,following_right_wall,0,14,42,0.292844236,-1,-1,-1,1,0.381845504,1.9526554,1.9526554,0,0,0,0,0
24.3,1.76315561,-0.280001364,-67.0003606,0.04,-0.6,FollowWall,following_right_wall,0,14,42,0.292597443,-1,-1,-1,1,0.382196546,1.9502448,1.9502448,0,0,0,0,0
24.35,1.76421943,-0.282572633,-68.0465965,0.04,-0.6,FollowWall,following_right_wall,0,14,42,0.292597443,-1,-1,-1,1,0.382196546,1.94890995,1.94890995,0,0,0,0,0
24.4,1.76511138,-0.284861528,-69.373098,0.04,-0.6,FollowWall,following_right_wall,0,14,42,0.296991825,-1,-1,-1,1,0.382006556,1.94822147,1.94822147,0,0,0,0,0
24.45,1.76588212,-0.286992763,-70.8630877,0.04,-0.6,FollowWall,following_right_wall,0,14,42,0.296991825,-1,-1,-1,1,0.382006556,1.94793063,1.94793063,0,0,0,0,0
24.5,1.76656046,-0.289038587,-72.4484457,0.0438244996,-0.542632505,FollowWall,following_right_wall,0,14,42,0.305255294,-1,-1,-1,1,0.384616524,1.94789129,1.94789129,0,0,0,0,0
24.55,1.76718649,-0.291116636,-74.0209577,0.0438244996,-0.542632505,FollowWall,following_right_wall,0,14,42,0.305255294,-1,-1,-1,1,0.384616524,1.94785116,1.94785116,0,0,0,0,0
24.6,1.76775768,-0.293219459,-75.5859762,0.0479196421,-0.481205369,FollowWall,following_right_wall,0,14,42,0.315734088,-1,-1,-1,1,0.386362463,1.9478222,1.9478222,0,0,0,0,0
24.65,1.76829402,-0.29542459,-77.0733002,0.0479196421,-0.481205369,FollowWall,following_right_wall,0,14,42,0.315734088,-1,-1,-1,1,0.386362463,1.94762876,1.94762876,0,0,0,0,0
24.7,1.76878498,-0.297694251,-78.5153025,0.051729542,-0.42405687,FollowWall,following_right_wall,0,14,42,0.327465624,-1,-1,-1,1,0.387940854,1.94734614,1.94734614,0,0,0,0,0
24.75,1.7692412,-0.30008337,-79.8626511,0.051729542,-0.42405687,FollowWall,following_right_wall,0,14,42,0.327465624,-1,-1,-1,1,0.387940854,1.94684511,1.94684511,0,0,0,0,0
24.8,1.76965287,-0.302545728,-81.1547851,0.0551682603,-0.372476096,FollowWall,following_right_wall,0,14,42,0.339915216,-1,-1,-1,1,0.385198951,1.94622105,1.94622105,0,0,0,0,0
24.85,1.77002659,-0.305124439,-82.3531405,0.0551682603,-0.372476096,FollowWall,following_right_wall,0,14,42,0.339915216,-1,-1,-1,1,0.385198951,1.94537053,1.94537053,0,0,0,0,0
24.9,1.77035536,-0.307773415,-83.4967917,0.0583685416,-0.324471876,FollowWall,following_right_wall,0,14,42,0.352755606,-1,-1,-1,1,0.389409006,1.94439106,1.94439106,0,0,0,0,0
24.95,1.77064408,-0.310531449,-84.5512314,0.0583685416,-0.324471876,FollowWall,following_right_wall,0,14,42,0.352755606,-1,-1,-1,1,0.389409006,1.9431892,1.9431892,0,0,0,0,0
25,1.77088846,-0.313354546,-85.5536309,0.0613089573,-0.28036564,FollowWall,following_right_wall,0,14,42,0.365714163,-1,-1,-1,1,0.387127936,1.94186001,1.94186001,0,0,0,0,0
25.05,1.77109218,-0.316277691,-86.4730259,0.0613089573,-0.28036564,FollowWall,following_right_wall,0,14,42,0.365714163,-1,-1,-1,1,0.387127936,1.94031914,1.94031914,0,0,0,0,0
25.1,1.77125325,-0.319259919,-87.3440014,0.0638509297,-0.242236054,FollowWall,following_right_wall,0,14,42,0.378540069,-1,-1,-1,1,0.391560823,1.9386567,1.9386567,0,0,0,0,0
25.15,1.77137427,-0.32232993,-88.1412184,0.0638509297,-0.242236054,FollowWall,following_right_wall,0,14,42,0.378540069,-1,-1,-1,1,0.391560823,1.93680325,1.93680325,0,0,0,0,0
25.2,1.77145501,-0.325451345,-88.8954097,0.0693432934,-0.159850599,FollowWall,following_right_wall,0,14,42,0.39106068,-1,-1,-1,1,0.407170117,1.93484002,1.93484002,0,0,0,0,0
25.25,1.7715,-0.328717121,-89.5261622,0.0693432934,-0.159850599,FollowWall,following_right_wall,0,14,42,0.39106068,-1,-1,-1,1,0.407170117,1.93254815,1.93254815,0,0,0,0,0
25.3,1.77151137,-0.332066971,-90.0849088,0.05,-0.28,FindWall,unbounded_right_search,0,14,42,0.401706606,-1,-1,-1,1,2.38148737,1.92980118,1.92980118,0,0,0,0,0
25.35,1.77148967,-0.335062649,-90.7450696,0.05,-0.28,FindWall,unbounded_right_search,0,14,42,0.401706606,-1,-1,-1,1,2.38148737,1.92578325,1.92578325,0,0,0,0,0
25.4,1.77143589,-0.337851322,-91.4643889,0.05,-0.28,FindWall,unbounded_right_search,0,14,42,0.415406615,-1,-1,-1,1,2.30789304,1.92188664,1.92188664,0,0,0,0,0
25.45,1.77135014,-0.340518639,-92.2182171,0.05,-0.28,FindWall,unbounded_right_search,0,14,42,0.415406615,-1,-1,-1,1,2.30789304,1.91806504,1.91806504,0,0,0,0,0
25.5,1.77123204,-0.343114359,-92.9921757,0.05,-0.28,FindWall,unbounded_right_search,0,14,42,0.432364136,-1,-1,-1,1,2.21193027,1.91429168,1.91429168,0,0,0,0,0
25.55,1.77108103,-0.3456673,-93.7778769,0.05,-0.28,FindWall,unbounded_right_search,0,14,42,0.432364136,-1,-1,-1,1,2.21193027,1.91055119,1.91055119,0,0,0,0,0
25.6,1.77089663,-0.348194065,-94.5704279,0.05,-0.28,FindWall,unbounded_right_search,0,14,42,0.452119529,-1,-1,-1,1,2.11433625,1.90683485,1.90683485,0,0,0,0,0
25.65,1.7706784,-0.35070413,-95.3669748,0.05,-0.28,FindWall,unbounded_right_search,0,14,42,0.452119529,-1,-1,-1,1,2.11433625,1.90313789,1.90313789,0,0,0,0,0
25.7,1.77042608,-0.353202816,-96.1658525,0.05,-0.28,FindWall,unbounded_right_search,0,14,42,0.47478354,-1,-1,-1,1,2.032022,1.8994578,1.8994578,0,0,0,0,0
25.75,1.77013945,-0.355693021,-96.9660899,0.05,-0.28,FindWall,unbounded_right_search,0,14,42,0.47478354,-1,-1,-1,1,2.032022,1.8957934,1.8957934,0,0,0,0,0
25.8,1.76981841,-0.358176232,-97.7671204,0.05,-0.28,FindWall,unbounded_right_search,0,14,42,0.500740349,-1,-1,-1,1,1.95976603,1.89214431,1.89214431,0,0,0,0,0
25.85,1.7694629,-0.360653111,-98.5686135,0.05,-0.28,FindWall,unbounded_right_search,0,14,42,0.500740349,-1,-1,-1,1,1.95976603,1.8885106,1.8885106,0,0,0,0,0
25.9,1.76907292,-0.363123843,-99.3703766,0.05,-0.28,FindWall,unbounded_right_search,0,14,42,0.530564845,-1,-1,-1,1,1.88581443,1.8848926,1.8848926,0,0,0,0,0
25.95,1.7686485,-0.365588333,-100.172297,0.05,-0.28,FindWall,unbounded_right_search,0,14,42,0.530564845,-1,-1,-1,1,1.88581443,1.8812908,1.8812908,0,0,0,0,0
26,1.76818969,-0.368046327,-100.974309,0.05,-0.28,FindWall,unbounded_right_search,0,14,42,0.522754788,-1,-1,-1,1,1.81749451,1.87770577,1.87770577,0,0,0,0,0
26.05,1.76769655,-0.370497474,-101.776375,0.05,-0.28,FindWall,unbounded_right_search,0,14,42,0.522754788,-1,-1,-1,1,1.81749451,1.87413814,1.87413814,0,0,0,0,0
26.1,1.76716917,-0.372941371,-102.578473,0.05,-0.28,FindWall,unbounded_right_search,0,14,42,0.508483291,-1,-1,-1,1,1.76351154,1.87058857,1.87058857,0,0,0,0,0
26.15,1.76660764,-0.375377584,-103.380588,0.05,-0.28,FindWall,unbounded_right_search,0,14,42,0.508483291,-1,-1,-1,1,1.76351154,1.86705772,1.86705772,0,0,0,0,0
26.2,1.76601207,-0.377805661,-104.182714,0.05,-0.28,FindWall,unbounded_right_search,0,14,42,0.495146394,-1,-1,-1,1,1.7617116,1.86354628,1.86354628,0,0,0,0,0
26.25,1.76538257,-0.380225142,-104.984846,0.05,-0.28,FindWall,unbounded_right_search,0,14,42,0.495146394,-1,-1,-1,1,1.7617116,1.86005492,1.86005492,0,0,0,0,0
26.3,1.76471927,-0.38263556,-105.786982,0.05,-0.28,FindWall,unbounded_right_search,0,14,42,0.482657343,-1,-1,-1,1,1.70653391,1.85658432,1.85658432,0,0,0,0,0
26.35,1.76402229,-0.38503645,-106.58912,0.05,-0.28,FindWall,unbounded_right_search,0,14,42,0.482657343,-1,-1,-1,1,1.70653391,1.85313516,1.85313516,0,0,0,0,0
26.4,1.76329177,-0.387427343,-107.391259,0.05,-0.28,FindWall,unbounded_right_search,0,14,42,0.470939934,-1,-1,-1,1,1.66328776,1.84970812,1.84970812,0,0,0,0,0
26.45,1.76252785,-0.389807772,-108.193399,0.05,-0.28,FindWall,unbounded_right_search,0,14,42,0.470939934,-1,-1,-1,1,1.66328776,1.84630386,1.84630386,0,0,0,0,0
26.5,1.76173068,-0.392177272,-108.995539,0.05,-0.28,FindWall,unbounded_right_search,0,14,42,0.459927142,-1,-1,-1,1,1.61875331,1.84292305,1.84292305,0,0,0,0,0
26.55,1.76090042,-0.394535379,-109.79768,0.05,-0.28,FindWall,unbounded_right_search,0,14,42,0.459927142,-1,-1,-1,1,1.61875331,1.83956635,1.83956635,0,0,0,0,0
26.6,1.76003722,-0.396881631,-110.599821,0.05,-0.28,FindWall,unbounded_right_search,0,14,42,0.449559808,-1,-1,-1,1,1.57088768,1.83623442,1.83623442,0,0,0,0,0
26.65,1.75914126,-0.399215568,-111.401961,0.05,-0.28,FindWall,unbounded_right_search,0,14,42,0.449559808,-1,-1,-1,1,1.57088768,1.83292792,1.83292792,0,0,0,0,0
26.7,1.75821272,-0.401536734,-112.204102,0.05,-0.28,FindWall,unbounded_right_search,0,14,42,0.43978557,-1,-1,-1,1,1.53240252,1.82964748,1.82964748,0,0,0,0,0
26.75,1.75725178,-0.403844673,-113.006243,0.05,-0.28,FindWall,unbounded_right_search,0,14,42,0.43978557,-1,-1,-1,1,1.53240252,1.82639376,1.82639376,0,0,0,0,0
26.8,1.75625861,-0.406138933,-113.808384,0.05,-0.28,FindWall,unbounded_right_search,0,14,42,0.430557728,-1,-1,-1,1,1.53820717,1.8231674,1.8231674,0,0,0,0,0
26.85,1.75523343,-0.408419064,-114.610525,0.05,-0.28,FindWall,unbounded_right_search,0,14,42,0.430557728,-1,-1,-1,1,1.53820717,1.81996902,1.81996902,0,0,0,0,0
26.9,1.75417642,-0.410684619,-115.412666,0.05,-0.28,FindWall,unbounded_right_search,0,14,42,0.421834737,-1,-1,-1,1,1.49674809,1.81679924,1.81679924,0,0,0,0,0
26.95,1.75308781,-0.412935155,-116.214807,0.05,-0.28,FindWall,unbounded_right_search,0,14,42,0.421834737,-1,-1,-1,1,1.49674809,1.81365871,1.81365871,0,0,0,0,0
27,1.75196779,-0.415170231,-117.016948,0.05,-0.28,FindWall,unbounded_right_search,0,14,42,0.413579315,-1,-1,-1,1,1.46608818,1.81054802,1.81054802,0,0,0,0,0
27.05,1.75081659,-0.417389407,-117.819089,0.05,-0.28,FindWall,unbounded_right_search,0,14,42,0.413579315,-1,-1,-1,1,1.46608818,1.80746778,1.80746778,0,0,0,0,0
27.1,1.74963444,-0.41959225,-118.62123,0.05,-0.28,FindWall,unbounded_right_search,0,14,42,0.405757934,-1,-1,-1,1,1.43935788,1.80441861,1.80441861,0,0,0,0,0
27.15,1.74842157,-0.421778327,-119.42337,0.05,-0.28,FindWall,unbounded_right_search,0,14,42,0.405757934,-1,-1,-1,1,1.43935788,1.8014011,1.8014011,0,0,0,0,0
27.2,1.74717821,-0.423947211,-120.225511,0.05,-0.28,FindWall,unbounded_right_search,0,14,42,0.398340374,-1,-1,-1,1,1.40586007,1.79841584,1.79841584,0,0,0,0,0
27.25,1.7459046,-0.426098475,-121.027652,0.05,-0.28,FindWall,unbounded_right_search,0,14,42,0.398340374,-1,-1,-1,1,1.40586007,1.79546342,1.79546342,0,0,0,0,0
27.3,1.74460101,-0.428231699,-121.829793,0.05,-0.28,FindWall,unbounded_right_search,0,14,42,0.391299307,-1,-1,-1,1,1.34994316,1.7925444,1.7925444,0,0,0,0,0
27.35,1.74326768,-0.430346464,-122.631934,0.05,-0.28,FindWall,unbounded_right_search,0,14,42,0.391299307,-1,-1,-1,1,1.34994316,1.78965938,1.78965938,0,0,0,0,0
27.4,1.74190487,-0.432442356,-123.434075,0.05,-0.28,FindWall,unbounded_right_search,0,14,42,0.384609938,-1,-1,-1,1,1.29988849,1.78680891,1.78680891,0,0,0,0,0
27.45,1.74051286,-0.434518964,-124.236216,0.05,-0.28,FindWall,unbounded_right_search,0,14,42,0.384609938,-1,-1,-1,1,1.29988849,1.78399354,1.78399354,0,0,0,0,0
27.5,1.73909191,-0.43657588,-125.038357,0.05,-0.28,FindWall,unbounded_right_search,0,14,42,0.378249645,-1,-1,-1,1,1.25488472,1.78121384,1.78121384,0,0,0,0,0
27.55,1.73764231,-0.438612703,-125.840498,0.05,-0.28,FindWall,unbounded_right_search,0,14,42,0.378249645,-1,-1,-1,1,1.25488472,1.77847035,1.77847035,0,0,0,0,0
27.6,1.73616433,-0.440629032,-126.642639,0.05,-0.28,FindWall,unbounded_right_search,0,14,42,0.372197866,-1,-1,-1,1,1.21426463,1.7757636,1.7757636,0,0,0,0,0
27.65,1.73465827,-0.442624472,-127.44478,0.05,-0.28,FindWall,unbounded_right_search,0,14,42,0.372197866,-1,-1,-1,1,1.21426463,1.77309413,1.77309413,0,0,0,0,0
27.7,1.73312442,-0.444598633,-128.246921,0.05,-0.28,FindWall,unbounded_right_search,0,14,42,0.366435707,-1,-1,-1,1,1.17747533,1.77046245,1.77046245,0,0,0,0,0
27.75,1.73156309,-0.446551127,-129.049061,0.05,-0.28,FindWall,unbounded_right_search,0,14,42,0.366435707,-1,-1,-1,1,1.17747533,1.76786909,1.76786909,0,0,0,0,0
27.8,1.72997457,-0.448481572,-129.851202,0.05,-0.28,FindWall,unbounded_right_search,0,14,42,0.36094591,-1,-1,-1,1,1.14405406,1.76531456,1.76531456,0,0,0,0,0
27.85,1.72835919,-0.450389589,-130.653343,0.05,-0.28,FindWall,unbounded_right_search,0,14,42,0.36094591,-1,-1,-1,1,1.14405406,1.76279934,1.76279934,0,0,0,0,0
27.9,1.72671725,-0.452274804,-131.455484,0.05,-0.28,FindWall,unbounded_right_search,0,14,42,0.355712563,-1,-1,-1,1,1.1136111,1.76032395,1.76032395,0,0,0,0,0
27.95,1.72504908,-0.454136849,-132.257625,0.05,-0.28,FindWall,unbounded_right_search,0,14,42,0.355712563,-1,-1,-1,1,1.1136111,1.75788885,1.75788885,0,0,0,0,0
28,1.723355,-0.455975357,-133.059766,0.05,-0.28,FindWall,unbounded_right_search,0,14,42,0.350721031,-1,-1,-1,1,1.08581626,1.75549453,1.75549453,0,0,0,0,0
28.05,1.72163536,-0.457789969,-133.861907,0.05,-0.28,FindWall,unbounded_right_search,0,14,42,0.350721031,-1,-1,-1,1,1.08581626,1.75314146,1.75314146,0,0,0,0,0
28.1,1.71989048,-0.459580328,-134.664048,0.05,-0.28,FindWall,unbounded_right_search,0,14,42,0.345957845,-1,-1,-1,1,1.06038737,1.7508301,1.7508301,0,0,0,0,0
28.15,1.7181207,-0.461346085,-135.466189,0.05,-0.28,FindWall,unbounded_right_search,0,14,42,0.345957845,-1,-1,-1,1,1.06038737,1.74856091,1.74856091,0,0,0,0,0
28.2,1.71632638,-0.463086893,-136.26833,0.05,-0.28,FindWall,unbounded_right_search,0,14,42,0.341410577,-1,-1,-1,1,1.03708243,1.74633432,1.74633432,0,0,0,0,0
28.25,1.71450786,-0.46480241,-137.070471,0.05,-0.28,FindWall,unbounded_right_search,0,14,42,0.341410577,-1,-1,-1,1,1.03708243,1.74415077,1.74415077,0,0,0,0,0
28.3,1.71266551,-0.466492301,-137.872611,0.05,-0.28,FindWall,unbounded_right_search,0,14,42,0.337067723,-1,-1,-1,1,1.01569307,1.74201069,1.74201069,0,0,0,0,0
28.35,1.71079968,-0.468156234,-138.674752,0.05,-0.28,FindWall,unbounded_right_search,0,14,42,0.337067723,-1,-1,-1,1,1.01569307,1.73991451,1.73991451,0,0,0,0,0
28.4,1.70891073,-0.469793883,-139.476893,0.05,-0.28,FindWall,unbounded_right_search,0,14,42,0.332756311,-1,-1,-1,1,0.996038318,1.73786262,1.73786262,0,0,0,0,0
28.45,1.70699905,-0.471404928,-140.279034,0.05,-0.28,FindWall,unbounded_right_search,0,14,42,0.332756311,-1,-1,-1,1,0.996038318,1.73585545,1.73585545,0,0,0,0,0
28.5,1.705065,-0.472989051,-141.081175,0.05,-0.28,FindWall,unbounded_right_search,0,14,42,0.328311265,-1,-1,-1,1,0.977961004,1.73389336,1.73389336,0,0,0,0,0
28.55,1.70310896,-0.474545944,-141.883316,0.05,-0.28,FindWall,unbounded_right_search,0,14,42,0.328311265,-1,-1,-1,1,0.977961004,1.73197676,1.73197676,0,0,0,0,0
28.6,1.70113132,-0.476075301,-142.685457,0.05,-0.28,FindWall,unbounded_right_search,0,14,42,0.324052066,-1,-1,-1,1,0.961323798,1.73010602,1.73010602,0,0,0,0,0
28.65,1.69913246,-0.477576821,-143.487598,0.05,-0.28,FindWall,unbounded_right_search,0,14,42,0.324052066,-1,-1,-1,1,0.961323798,1.7282815,1.7282815,0,0,0,0,0
28.7,1.69711278,-0.479050212,-144.289739,0.05,-0.28,FindWall,unbounded_right_search,0,14,42,0.319971412,-1,-1,-1,1,0.946006417,1.72650356,1.72650356,0,0,0,0,0
28.75,1.69507267,-0.480495183,-145.09188,0.05,-0.28,FindWall,unbounded_right_search,0,14,42,0.319971412,-1,-1,-1,1,0.946006417,1.72477256,1.72477256,0,0,0,0,0
28.8,1.69301252,-0.481911452,-145.894021,0.05,-0.28,FindWall,unbounded_right_search,0,14,42,0.316062629,-1,-1,-1,1,0.931903243,1.72308882,1.72308882,0,0,0,0,0
28.85,1.69093276,-0.483298741,-146.696162,0.05,-0.28,FindWall,unbounded_right_search,0,14,42,0.316062629,-1,-1,-1,1,0.931903243,1.72145268,1.72145268,0,0,0,0,0
28.9,1.68883377,-0.484656779,-147.498302,0.05,-0.28,FindWall,unbounded_right_search,0,14,42,0.312319547,-1,-1,-1,1,0.918921113,1.71986446,1.71986446,0,0,0,0,0
28.95,1.68671598,-0.485985299,-148.300443,0.05,-0.28,FindWall,unbounded_right_search,0,14,42,0.312319547,-1,-1,-1,1,0.918921113,1.71832448,1.71832448,0,0,0,0,0
29,1.6845798,-0.48728404,-149.102584,0.05,-0.28,FindWall,unbounded_right_search,0,14,42,0.308285773,-1,-1,-1,1,0.906977952,1.71683303,1.71683303,0,0,0,0,0
29.05,1.68242565,-0.488552748,-149.904725,0.05,-0.28,FindWall,unbounded_right_search,0,14,42,0.308285773,-1,-1,-1,1,0.906977952,1.7153904,1.7153904,0,0,0,0,0
29.1,1.68025394,-0.489791175,-150.706866,0.05,-0.28,FindWall,unbounded_right_search,0,14,42,0.304198384,-1,-1,-1,1,0.896001041,1.71399688,1.71399688,0,0,0,0,0
29.15,1.67806512,-0.490999078,-151.509007,0.05,-0.28,FindWall,unbounded_right_search,0,14,42,0.304198384,-1,-1,-1,1,0.896001041,1.71265274,1.71265274,0,0,0,0,0
29.2,1.67585959,-0.49217622,-152.311148,0.05,-0.28,FindWall,unbounded_right_search,0,14,42,0.30027613,-1,-1,-1,1,0.885926068,1.71135825,1.71135825,0,0,0,0,0
29.25,1.6736378,-0.49332237,-153.113289,0.05,-0.28,FindWall,unbounded_right_search,0,14,42,0.30027613,-1,-1,-1,1,0.885926068,1.71011365,1.71011365,0,0,0,0,0
29.3,1.67140019,-0.494437304,-153.91543,0.05,-0.28,FindWall,unbounded_right_search,0,14,42,0.296512216,-1,-1,-1,1,0.876607418,1.7089192,1.7089192,0,0,0,0,0
29.35,1.66914718,-0.495520803,-154.717571,0.05,-0.28,FindWall,unbounded_right_search,0,14,42,0.296512216,-1,-1,-1,1,0.876607418,1.70777513,1.70777513,0,0,0,0,0
29.4,1.66687923,-0.496572655,-155.519712,0.05,-0.28,FindWall,unbounded_right_search,0,14,42,0.292385012,-1,-1,-1,1,0.867863595,1.70668165,1.70668165,0,0,0,0,0
29.45,1.66459678,-0.497592653,-156.321852,0.05,-0.28,FindWall,unbounded_right_search,0,14,42,0.292385012,-1,-1,-1,1,0.867863595,1.70563899,1.70563899,0,0,0,0,0
29.5,1.66230026,-0.498580598,-157.123993,0.05,-0.28,FindWall,unbounded_right_search,0,14,42,0.288005263,-1,-1,-1,1,0.859902442,1.70464736,1.70464736,0,0,0,0,0
29.55,1.65999015,-0.499536296,-157.926134,0.05,-0.28,FindWall,unbounded_right_search,0,14,42,0.288005263,-1,-1,-1,1,0.859902442,1.70370693,1.70370693,0,0,0,0,0
29.6,1.65766688,-0.50045956,-158.728275,0.05,-0.28,FindWall,unbounded_right_search,0,14,42,0.283545643,-1,-1,-1,1,0.852680624,1.7028179,1.7028179,0,0,0,0,0
29.65,1.65533091,-0.501350209,-159.530416,0.05,-0.28,FindWall,unbounded_right_search,0,14,42,0.283545643,-1,-1,-1,1,0.852680624,1.70198045,1.70198045,0,0,0,0,0
29.7,1.6529827,-0.502208068,-160.332557,0,0.6,TurnLeft,front_sector_priority,0,14,42,0.279248029,-1,-1,-1,1,0.846159339,1.70119473,1.70119473,0,0,0,0,0
29.75,1.65161051,-0.502701859,-160.084275,0,0.6,TurnLeft,front_sector_priority,0,14,42,0.279248029,-1,-1,-1,1,0.846159339,1.70067659,1.70067659,0,0,0,0,0
29.8,1.65081289,-0.502997639,-159.223247,0,0.6,TurnLeft,front_sector_priority,0,14,42,0.27682361,-1,-1,-1,1,0.852911532,1.70031041,1.70031041,0,0,0,0,0
29.85,1.65035082,-0.503178592,-158.004783,0,0.6,TurnLeft,front_sector_priority,0,14,42,0.27682361,-1,-1,-1,1,0.852911532,1.70006715,1.70006715,0,0,0,0,0
29.9,1.65008379,-0.503290341,-156.577816,0,0.6,TurnLeft,front_sector_priority,0,14,42,0.27579695,-1,-1,-1,1,0.868899941,1.69993807,1.69993807,0,0,0,0,0
29.95,1.64992977,-0.503359551,-155.029221,0,0.6,TurnLeft,front_sector_priority,0,14,42,0.27579695,-1,-1,-1,1,0.868899941,1.69991796,1.69991796,0,0,0,0,0
30,1.64984107,-0.503402392,-153.409676,0,0.6,TurnLeft,front_sector_priority,0,14,42,0.274614483,-1,-1,-1,1,0.890572488,1.70000205,1.69991796,0,0,0,0,0
30.05,1.64979007,-0.503428853,-151.748745,0,0.6,TurnLeft,front_sector_priority,0,14,42,0.274614483,-1,-1,-1,1,0.890572488,1.70018591,1.69991796,0,0,0,0,0
30.1,1.64976078,-0.50344515,-150.063671,0,0.6,TurnLeft,front_sector_priority,0,14,42,0.273834705,-1,-1,-1,1,0.917641163,1.70046577,1.69991796,0,0,0,0,0
30.15,1.64974398,-0.503455158,-148.364514,0,0.6,TurnLeft,front_sector_priority,0,14,42,0.273834705,-1,-1,-1,1,0.917641163,1.70083854,1.69991796,0,0,0,0,0
30.2,1.64973436,-0.503461284,-146.657142,0,0.6,TurnLeft,front_sector_priority,0,14,42,0.272489011,-1,-1,-1,1,0.950539291,1.70130181,1.69991796,0,0,0,0,0
30.25,1.64972886,-0.503465024,-144.944977,0,0.6,TurnLeft,front_sector_priority,0,14,42,0.272489011,-1,-1,-1,1,0.950539291,1.70185371,1.69991796,0,0,0,0,0
30.3,1.64972572,-0.5034673,-143.230017,0,0.6,TurnLeft,front_sector_priority,0,14,42,0.271796316,-1,-1,-1,1,0.989990592,1.70249273,1.69991796,0,0,0,0,0
30.35,1.64972392,-0.503468682,-141.513427,0,0.6,TurnLeft,front_sector_priority,0,14,42,0.271796316,-1,-1,-1,1,0.989990592,1.70321762,1.69991796,0,0,0,0,0
30.4,1.6497229,-0.503469519,-139.795885,0,0.6,TurnLeft,front_sector_priority,0,14,42,0.272006512,-1,-1,-1,1,1.03710687,1.70402728,1.69991796,0,0,0,0,0
30.45,1.64972232,-0.503470025,-138.077789,0,0.6,TurnLeft,front_sector_priority,0,14,42,0.272006512,-1,-1,-1,1,1.03710687,1.70492069,1.69991796,0,0,0,0,0
30.5,1.64972199,-0.503470331,-136.359368,0,0.6,TurnLeft,front_sector_priority,0,14,42,0.273134381,-1,-1,-1,1,1.05300212,1.70589686,1.69991796,0,0,0,0,0
30.55,1.6497218,-0.503470514,-134.640759,0,0.6,TurnLeft,front_sector_priority,0,14,42,0.273134381,-1,-1,-1,1,1.05300212,1.7069548,1.69991796,0,0,0,0,0
30.6,1.6497217,-0.503470625,-132.92204,0,0.6,TurnLeft,front_sector_priority,0,14,42,0.27521193,-1,-1,-1,1,1.04981816,1.70809347,1.69991796,0,0,0,0,0
30.65,1.64972164,-0.503470691,-131.203257,0,0.6,TurnLeft,front_sector_priority,0,14,42,0.27521193,-1,-1,-1,1,1.04981816,1.7093118,1.69991796,0,0,0,0,0
30.7,1.6497216,-0.503470731,-129.484436,0,0.6,TurnLeft,front_sector_priority,0,14,42,0.278290302,-1,-1,-1,1,1.03995728,1.71060867,1.69991796,0,0,0,0,0
30.75,1.64972159,-0.503470754,-127.765593,0,0.6,TurnLeft,front_sector_priority,0,14,42,0.278290302,-1,-1,-1,1,1.03995728,1.71198289,1.69991796,0,0,0,0,0
30.8,1.64972157,-0.503470768,-126.046738,0,0.6,TurnLeft,front_sector_priority,0,14,42,0.282442123,-1,-1,-1,1,1.04342747,1.71343321,1.69991796,0,0,0,0,0
30.85,1.64972157,-0.503470777,-124.327875,0,0.6,TurnLeft,front_sector_priority,0,14,42,0.282442123,-1,-1,-1,1,1.04342747,1.71495833,1.69991796,0,0,0,0,0
30.9,1.64972157,-0.503470782,-122.609007,0,0.6,TurnLeft,front_sector_priority,0,14,42,0.287765294,-1,-1,-1,1,0.318888247,1.71655686,1.69991796,0,0,0,0,0
30.95,1.64972156,-0.503470785,-120.890137,0,0.6,TurnLeft,front_sector_priority,0,14,42,0.287765294,-1,-1,-1,1,0.318888247,1.71822736,1.69991796,0,0,0,0,0
31,1.64972156,-0.503470787,-119.171266,0,0.6,TurnLeft,front_sector_priority,0,14,42,0.294388324,-1,-1,-1,1,0.304955602,1.71996834,1.69991796,0,0,0,0,0
31.05,1.64972156,-0.503470788,-117.452394,0,0.6,TurnLeft,front_sector_priority,0,14,42,0.294388324,-1,-1,-1,1,0.304955602,1.72177821,1.69991796,0,0,0,0,0
31.1,1.64972156,-0.503470788,-115.733521,0,0.6,TurnLeft,front_sector_priority,0,14,42,0.302477807,-1,-1,-1,1,0.293713301,1.72365536,1.69991796,0,0,0,0,0
31.15,1.64972156,-0.503470789,-114.014648,0,0.6,TurnLeft,front_sector_priority,0,14,42,0.302477807,-1,-1,-1,1,0.293713301,1.72559809,1.69991796,0,0,0,0,0
31.2,1.64972156,-0.503470789,-112.295775,0,0.6,TurnLeft,front_sector_priority,0,14,42,0.312248737,-1,-1,-1,1,0.284084857,1.72760465,1.69991796,0,0,0,0,0
31.25,1.64972156,-0.503470789,-110.576902,0,0.6,TurnLeft,front_sector_priority,0,14,42,0.312248737,-1,-1,-1,1,0.284084857,1.72967324,1.69991796,0,0,0,0,0
31.3,1.64972156,-0.503470789,-108.858029,0,0.6,TurnLeft,front_sector_priority,0,14,42,0.323979616,-1,-1,-1,1,0.275877148,1.731802,1.69991796,0,0,0,0,0
31.35,1.64972156,-0.503470789,-107.139155,0,0.6,TurnLeft,front_sector_priority,0,14,42,0.323979616,-1,-1,-1,1,0.275877148,1.733989,1.69991796,0,0,0,0,0
31.4,1.64972156,-0.503470789,-105.420282,0,0.6,TurnLeft,front_sector_priority,0,14,42,0.337661773,-1,-1,-1,1,0.268938392,1.73623229,1.69991796,0,0,0,0,0
31.45,1.64972156,-0.503470789,-103.701409,0,0.6,TurnLeft,front_sector_priority,0,14,42,0.337661773,-1,-1,-1,1,0.268938392,1.73852984,1.69991796,0,0,0,0,0
31.5,1.64972156,-0.503470789,-101.982535,0,0.6,TurnLeft,front_sector_priority,0,14,42,0.353763849,-1,-1,-1,1,0.262994409,1.74087959,1.69991796,0,0,0,0,0
31.55,1.64972156,-0.503470789,-100.263662,0,0.6,TurnLeft,front_sector_priority,0,14,42,0.353763849,-1,-1,-1,1,0.262994409,1.74327942,1.69991796,0,0,0,0,0
31.6,1.64972156,-0.503470789,-98.5447884,0,0.6,TurnLeft,front_sector_priority,0,14,42,0.373153239,-1,-1,-1,1,0.258820862,1.74572717,1.69991796,0,0,0,0,0
31.65,1.64972156,-0.503470789,-96.825915,0,0.6,TurnLeft,front_sector_priority,0,14,42,0.373153239,-1,-1,-1,1,0.258820862,1.74822064,1.69991796,0,0,0,0,0
31.7,1.64972156,-0.503470789,-95.1070416,0.0734107873,0.0988381905,FollowWall,following_right_wall,0,14,42,0.39664647,-1,-1,-1,1,0.255933285,1.75075758,1.69991796,0,0,0,0,0
31.75,1.64960032,-0.504995368,-93.9863861,0.0734107873,0.0988381905,FollowWall,following_right_wall,0,14,42,0.39664647,-1,-1,-1,1,0.255933285,1.75090934,1.69991796,0,0,0,0,0
31.8,1.64944825,-0.507412124,-93.214691,0.0759413467,0.0608797994,FollowWall,following_right_wall,0,14,42,0.411457151,-1,-1,-1,1,0.254592627,1.74965677,1.69991796,0,0,0,0,0
31.85,1.64929396,-0.510402821,-92.6918656,0.0759413467,0.0608797994,FollowWall,following_right_wall,0,14,42,0.411457151,-1,-1,-1,1,0.254592627,1.74745926,1.69991796,0,0,0,0,0
31.9,1.64914858,-0.51372865,-92.3142142,0.0772060294,0.0419095591,FollowWall,following_right_wall,0,14,42,0.419030756,-1,-1,-1,1,0.254209191,1.74470855,1.69991796,0,0,0,0,0
31.95,1.64901358,-0.517276461,-92.0438917,0.0772060294,0.0419095591,FollowWall,following_right_wall,0,14,42,0.419030756,-1,-1,-1,1,0.254209191,1.74157352,1.69991796,0,0,0,0,0
32,1.64888902,-0.520953865,-91.8361777,0.0779392381,0.0309114291,FollowWall,following_right_wall,0,14,42,0.423223764,-1,-1,-1,1,0.253225684,1.73821392,1.69991796,0,0,0,0,0
32.05,1.64877341,-0.524722209,-91.6781134,0.0779392381,0.0309114291,FollowWall,following_right_wall,0,14,42,0.423223764,-1,-1,-1,1,0.253225684,1.73468778,1.69991796,0,0,0,0,0
32.1,1.64866576,-0.528543662,-91.5490115,0.0784239542,0.0236406869,FollowWall,following_right_wall,0,14,42,0.425828934,-1,-1,-1,1,0.252502859,1.73106437,1.69991796,0,0,0,0,0
32.15,1.64856481,-0.53240624,-91.445483,0.0784239542,0.0236406869,FollowWall,following_right_wall,0,14,42,0.425828934,-1,-1,-1,1,0.252502859,1.72736076,1.69991796,0,0,0,0,0
32.2,1.64846974,-0.53629285,-91.3568724,0.0787818092,0.0182728616,FollowWall,following_right_wall,0,14,42,0.427631408,-1,-1,-1,1,0.252261251,1.72361031,1.69991796,0,0,0,0,0
32.25,1.64837968,-0.540200968,-91.2833712,0.0787818092,0.0182728616,FollowWall,following_right_wall,0,14,42,0.427631408,-1,-1,-1,1,0.252261251,1.71981522,1.69991796,0,0,0,0,0
32.3,1.64829406,-0.544121661,-91.218684,0.0790483194,0.0142752096,FollowWall,following_right_wall,0,14,42,0.428973436,-1,-1,-1,1,0.251609683,1.71599404,1.69991796,0,0,0,0,0
32.35,1.64821226,-0.548055267,-91.1639099,0.0790483194,0.0142752096,FollowWall,following_right_wall,0,14,42,0.428973436,-1,-1,-1,1,0.251609683,1.71214475,1.69991796,0,0,0,0,0
32.4,1.64813387,-0.551996427,-91.1149186,0.0791229155,0.013156267,FollowWall,following_right_wall,0,14,42,0.430017143,-1,-1,-1,1,0.251584828,1.70827903,1.69991796,0,0,0,0,0
32.45,1.64805858,-0.555943568,-91.0706362,0.0791229155,0.013156267,FollowWall,following_right_wall,0,14,42,0.430017143,-1,-1,-1,1,0.251584828,1.7044001,1.69991796,0,0,0,0,0
32.5,1.64798618,-0.559894216,-91.0291007,0.0791688848,0.0124667287,FollowWall,following_right_wall,0,14,42,0.430906087,-1,-1,-1,1,0.251519173,1.70051345,1.69991796,0,0,0,0,0
32.55,1.64791651,-0.563847886,-90.9899906,0.0791688848,0.0124667287,FollowWall,following_right_wall,0,14,42,0.430906087,-1,-1,-1,1,0.251519173,1.69662007,1.69662007,0,0,0,0,0
32.6,1.64784946,-0.567803335,-90.9522953,0.0791979713,0.01203043,FollowWall,following_right_wall,0,14,42,0.431718379,-1,-1,-1,1,0.251385182,1.69272274,1.69272274,0,0,0,0,0
32.65,1.64778494,-0.571760444,-90.9159461,0.0791979713,0.01203043,FollowWall,following_right_wall,0,14,42,0.431718379,-1,-1,-1,1,0.251385182,1.68882169,1.68882169,0,0,0,0,0
32.7,1.64772289,-0.575718535,-90.8803821,0.079270792,0.0109381207,FollowWall,following_right_wall,0,14,42,0.432488799,-1,-1,-1,1,0.251446158,1.68491847,1.68491847,0,0,0,0,0
32.75,1.6476632,-0.57967873,-90.8465801,0.079270792,0.0109381207,FollowWall,following_right_wall,0,14,42,0.432488799,-1,-1,-1,1,0.251446158,1.68101044,1.68101044,0,0,0,0,0
32.8,1.6476058,-0.583640166,-90.8138058,0.0794292813,0.00856078031,FollowWall,following_right_wall,0,14,42,0.43320927,-1,-1,-1,1,0.251387089,1.67709959,1.67709959,0,0,0,0,0
32.85,1.64755049,-0.587605637,-90.7844688,0.0794292813,0.00856078031,FollowWall,following_right_wall,0,14,42,0.43320927,-1,-1,-1,1,0.251387089,1.67317941,1.67317941,0,0,0,0,0
32.9,1.6474971,-0.591573471,-90.7571368,0.0794360334,0.00845949862,FollowWall,following_right_wall,0,14,42,0.433831036,-1,-1,-1,1,0.251338452,1.66925379,1.66925379,0,0,0,0,0
32.95,1.64744555,-0.595542832,-90.7310954,0.0794360334,0.00845949862,FollowWall,following_right_wall,0,14,42,0.433831036,-1,-1,-1,1,0.251338452,1.66532465,1.66532465,0,0,0,0,0
33,1.64739576,-0.599513094,-90.7058068,0.0794460664,0.00830900332,FollowWall,following_right_wall,0,14,42,0.434393853,-1,-1,-1,1,0.25124529,1.66139346,1.66139346,0,0,0,0,0
33.05,1.6473477,-0.603484098,-90.681137,0.0794460664,0.00830900332,FollowWall,following_right_wall,0,14,42,0.434393853,-1,-1,-1,1,0.25124529,1.65746057,1.65746057,1,0,0,0,0
33.1,1.64730133,-0.607455542,-90.6568281,0.0795085402,0.00737189649,FollowWall,following_right_wall,0,14,42,0.434923857,-1,-1,-1,1,0.251241386,1.6535267,1.6535267,1,0,0,0,0
33.15,1.64725657,-0.611428551,-90.6338484,0.0795085402,0.00737189649,FollowWall,following_right_wall,0,14,42,0.434923857,-1,-1,-1,1,0.251241386,1.64958921,1.64958921,1,0,0,0,0
33.2,1.64721338,-0.61540248,-90.611644,0.0796946254,0.00458061965,FollowWall,following_right_wall,0,14,42,0.43540448,-1,-1,-1,1,0.25081417,1.64564961,1.64564961,1,0,0,0,0
33.25,1.64717155,-0.619380827,-90.5932237,0.0796946254,0.00458061965,FollowWall,following_right_wall,0,14,42,0.43540448,-1,-1,-1,1,0.25081417,1.64169975,1.64169975,1,0,0,0,0
33.3,1.64713089,-0.623361755,-90.5770108,0.0797385908,0.00392113852,FollowWall,following_right_wall,0,14,42,0.435766011,-1,-1,-1,1,0.250393957,1.63774389,1.63774389,1,0,0,0,0
33.35,1.64709127,-0.627345108,-90.5628728,0.0797385908,0.00392113852,FollowWall,following_right_wall,0,14,42,0.435766011,-1,-1,-1,1,0.250393957,1.63378241,1.63378241,1,0,0,0,0
33.4,1.64705257,-0.631329878,-90.5499451,0.0796978005,0.00453299213,FollowWall,following_right_wall,0,14,42,0.436033577,-1,-1,-1,1,0.250336438,1.62981763,1.62981763,1,0,0,0,0
33.45,1.64701477,-0.635314628,-90.5369931,0.0796978005,0.00453299213,FollowWall,following_right_wall,0,14,42,0.436033577,-1,-1,-1,1,0.250336438,1.62585292,1.62585292,1,0,0,0,0
33.5,1.64697788,-0.63929937,-90.5240269,0.0796639721,0.00504041922,FollowWall,following_right_wall,0,14,42,0.436268002,-1,-1,-1,1,0.250432104,1.62188824,1.62188824,1,0,0,0,0
33.55,1.64694191,-0.643283407,-90.5104467,0.0796639721,0.00504041922,FollowWall,following_right_wall,0,14,42,0.436268002,-1,-1,-1,1,0.250432104,1.61792521,1.61792521,1,0,0,0,0
33.6,1.6469069,-0.647267035,-90.4965084,0.0796931707,0.00460243897,FollowWall,following_right_wall,0,14,42,0.436495632,-1,-1,-1,1,0.250418454,1.61396315,1.61396315,1,0,0,0,0
33.65,1.64687285,-0.651251037,-90.4828839,0.0796931707,0.00460243897,FollowWall,following_right_wall,0,14,42,0.436495632,-1,-1,-1,1,0.250418454,1.61000024,1.61000024,1,0,0,0,0
33.7,1.64683974,-0.655235259,-90.4694426,0.0798244669,0.00263299714,FollowWall,following_right_wall,0,14,42,0.436695904,-1,-1,-1,1,0.250127167,1.60603682,1.60603682,1,0,0,0,0
33.75,1.64680745,-0.659222348,-90.4584589,0.0798244669,0.00263299714,FollowWall,following_right_wall,0,14,42,0.436695904,-1,-1,-1,1,0.250127167,1.60206673,1.60206673,1,0,0,0,0
33.8,1.64677587,-0.663211111,-90.4489088,0.0799553643,0.000669534782,FollowWall,following_right_wall,0,14,42,0.436807394,-1,-1,-1,1,0.250290543,1.59809275,1.59809275,1,0,0,0,0
33.85,1.64674481,-0.667203579,-90.4425388,0.0799553643,0.000669534782,FollowWall,following_right_wall,0,14,42,0.436807394,-1,-1,-1,1,0.250290543,1.59411015,1.59411015,1,0,0,0,0
33.9,1.64671411,-0.671198207,-90.4380237,0.0799375127,-0.000937309155,FollowWall,following_right_wall,0,14,42,0.436796784,-1,-1,-1,1,0.250106037,1.59012251,1.59012251,1,0,0,0,0
33.95,1.64668362,-0.675193724,-90.4365087,0.0799375127,-0.000937309155,FollowWall,following_right_wall,0,14,42,0.436796784,-1,-1,-1,1,0.250106037,1.58612934,1.58612934,1,0,0,0,0
34,1.64665317,-0.67918976,-90.4367438,0.0799712916,-0.000430625979,FollowWall,following_right_wall,0,14,42,0.436662108,-1,-1,-1,1,0.249839708,1.58213294,1.58213294,1,0,0,0,0
34.05,1.64662267,-0.6831868,-90.437395,0.0799712916,-0.000430625979,FollowWall,following_right_wall,0,14,42,0.436662108,-1,-1,-1,1,0.249839708,1.57813489,1.57813489,1,0,0,0,0
34.1,1.64659213,-0.687184427,-90.4382889,0.0799980367,2.94501797e-05,FollowWall,following_right_wall,0,14,42,0.436469078,-1,-1,-1,1,0.249632746,1.57413588,1.57413588,1,0,0,0,0
34.15,1.64656152,-0.691182952,-90.4387751,0.0799980367,2.94501797e-05,FollowWall,following_right_wall,0,14,42,0.436469078,-1,-1,-1,1,0.249632746,1.5701366,1.5701366,1,0,0,0,0
34.2,1.64653089,-0.695182002,-90.4390236,0.0799757936,0.000363096376,FollowWall,following_right_wall,0,14,42,0.436254054,-1,-1,-1,1,0.249531716,1.56613717,1.56613717,1,0,0,0,0
34.25,1.64650025,-0.699180895,-90.4387352,0.0799757936,0.000363096376,FollowWall,following_right_wall,0,14,42,0.436254054,-1,-1,-1,1,0.249531716,1.56213872,1.56213872,1,0,0,0,0
34.3,1.64646965,-0.703179696,-90.4381335,0.0799851072,0.000223392695,FollowWall,following_right_wall,0,14,42,0.436026156,-1,-1,-1,1,0.249591321,1.55814085,1.55814085,1,0,0,0,0
34.35,1.6464391,-0.707178638,-90.4375159,0.0799851072,0.000223392695,FollowWall,following_right_wall,0,14,42,0.436026156,-1,-1,-1,1,0.249591321,1.55414286,1.55414286,1,0,0,0,0
34.4,1.64640858,-0.711177662,-90.4368889,0.0798781407,-0.00182789019,FollowWall,following_right_wall,0,14,42,0.435774088,-1,-1,-1,1,0.24970977,1.55014481,1.55014481,1,0,0,0,0
34.45,1.64637804,-0.715174505,-90.4387051,0.0798781407,-0.00182789019,FollowWall,following_right_wall,0,14,42,0.435774088,-1,-1,-1,1,0.24970977,1.54614516,1.54614516,1,0,0,0,0
34.5,1.64634733,-0.719170075,-90.4419464,0.0797463354,-0.00380496941,FollowWall,following_right_wall,0,14,42,0.435432911,-1,-1,-1,1,0.249521017,1.54214457,1.54214457,1,0,0,0,0
34.55,1.64631632,-0.723162155,-90.448379,0.0797463354,-0.00380496941,FollowWall,following_right_wall,0,14,42,0.435432911,-1,-1,-1,1,0.249521017,1.53814253,1.53814253,1,0,0,0,0
34.6,1.6462848,-0.727152196,-90.4566732,0.0796256331,-0.00561550293,FollowWall,following_right_wall,0,14,42,0.434969187,-1,-1,-1,1,0.249708697,1.53413965,1.53413965,1,0,0,0,0
34.65,1.64625263,-0.731138529,-90.4682145,0.0796256331,-0.00561550293,FollowWall,following_right_wall,0,14,42,0.434969187,-1,-1,-1,1,0.249708697,1.53013545,1.53013545,1,0,0,0,0
34.7,1.6462196,-0.735122697,-90.48165,0.079553217,-0.00670174467,FollowWall,following_right_wall,0,14,42,0.434376776,-1,-1,-1,1,0.249925718,1.52613049,1.52613049,1,0,0,0,0
34.75,1.64618558,-0.739104088,-90.4974869,0.079553217,-0.00670174467,FollowWall,following_right_wall,0,14,42,0.434376776,-1,-1,-1,1,0.249925718,1.52212459,1.52212459,1,0,0,0,0
34.8,1.64615043,-0.743083854,-90.5147248,0.0794517851,-0.00822322318,FollowWall,following_right_wall,0,14,42,0.433676898,-1,-1,-1,1,0.250027895,1.51811815,1.51811815,1,0,0,0,0
34.85,1.64611401,-0.747060554,-90.5345959,0.0794517851,-0.00822322318,FollowWall,following_right_wall,0,14,42,0.433676898,-1,-1,-1,1,0.250027895,1.5141107,1.5141107,1,0,0,0,0
34.9,1.64607618,-0.751035458,-90.5560032,0.0794195173,-0.00870724025,FollowWall,following_right_wall,0,14,42,0.432869136,-1,-1,-1,1,0.249906823,1.51010268,1.51010268,1,0,0,0,0
34.95,1.64603683,-0.755008636,-90.5788842,0.0794195173,-0.00870724025,FollowWall,following_right_wall,0,14,42,0.432869136,-1,-1,-1,1,0.249906823,1.50609411,1.50609411,1,0,0,0,0
35,1.64599587,-0.758980799,-90.602625,0.0795746653,-0.00638002006,FollowWall,following_right_wall,0,14,42,0.431982338,-1,-1,-1,1,0.250021905,1.50208524,1.50208524,1,0,0,0,0
35.05,1.64595332,-0.762955594,-90.6240894,0.0795746653,-0.00638002006,FollowWall,following_right_wall,0,14,42,0.431982338,-1,-1,-1,1,0.250021905,1.49807725,1.49807725,1,0,0,0,0
35.1,1.64590931,-0.76693192,-90.6442259,0.0797304609,-0.00404308599,FollowWall,following_right_wall,0,14,42,0.431119174,-1,-1,-1,1,0.250100404,1.4940698,1.4940698,1,0,0,0,0
35.15,1.64586397,-0.770912379,-90.6607983,0.0797304609,-0.00404308599,FollowWall,following_right_wall,0,14,42,0.431119174,-1,-1,-1,1,0.250100404,1.49006372,1.49006372,1,0,0,0,0
35.2,1.64581753,-0.774895244,-90.6752915,0.0797398427,-0.00390235953,FollowWall,following_right_wall,0,14,42,0.430336565,-1,-1,-1,1,0.249803096,1.48605846,1.48605846,1,0,0,0,0
35.25,1.64577011,-0.778879705,-90.6884041,0.0797398427,-0.00390235953,FollowWall,following_right_wall,0,14,42,0.430336565,-1,-1,-1,1,0.249803096,1.48205374,1.48205374,1,0,0,0,0
35.3,1.6457218,-0.782865092,-90.7007111,0.0798852969,-0.00172054702,FollowWall,following_right_wall,0,14,42,0.429591268,-1,-1,-1,1,0.249392986,1.47804933,1.47804933,1,0,0,0,0
35.35,1.64567269,-0.786854046,-90.709944,0.0798852969,-0.00172054702,FollowWall,following_right_wall,0,14,42,0.429591268,-1,-1,-1,1,0.249392986,1.47404611,1.47404611,1,0,0,0,0
35.4,1.64562298,-0.79084508,-90.7173836,0.0799735177,0.000397234153,FollowWall,following_right_wall,0,14,42,0.428916842,-1,-1,-1,1,0.249000728,1.47004358,1.47004358,1,0,0,0,0
35.45,1.64557283,-0.794839164,-90.7212492,0.0799735177,0.000397234153,FollowWall,following_right_wall,0,14,42,0.428916842,-1,-1,-1,1,0.249000728,1.46604353,1.46604353,1,0,0,0,0
35.5,1.64552247,-0.798835028,-90.72303,0.0798404452,0.00239332155,FollowWall,following_right_wall,0,14,42,0.428339988,-1,-1,-1,1,0.24892132,1.46204491,1.46204491,1,0,0,0,0
35.55,1.64547212,-0.802829159,-90.7212119,0.0798404452,0.00239332155,FollowWall,following_right_wall,0,14,42,0.428339988,-1,-1,-1,1,0.24892132,1.45805359,1.45805359,1,0,0,0,0
35.6,1.64542199,-0.806822281,-90.7172946,0,0,WaitingForScan,scan_sector_invalid,1,14,42,-1,-1,-1,-1,1,0.248694032,1.45406652,1.45406652,1,0,0,0,0
35.65,1.64539288,-0.809151605,-90.7150095,0,0,WaitingForScan,scan_sector_invalid,1,14,42,-1,-1,-1,-1,1,0.248694032,1.45174073,1.45174073,1,0,0,0,0
35.7,1.64537594,-0.810510377,-90.7136765,0,0,WaitingForScan,scan_sector_invalid,1,14,42,-1,-1,-1,-1,1,0.248525903,1.45038402,1.45038402,1,0,0,0,0
35.75,1.64536607,-0.811302994,-90.7128989,0,0,WaitingForScan,scan_sector_invalid,1,14,42,-1,-1,-1,-1,1,0.248525903,1.4495926,1.4495926,1,0,0,0,0
35.8,1.64536032,-0.811765355,-90.7124453,0,0,WaitingForScan,scan_sector_invalid,1,14,42,-1,-1,-1,-1,1,0.248507395,1.44913094,1.44913094,1,0,0,0,0
35.85,1.64535696,-0.812035065,-90.7121808,0,0,WaitingForScan,scan_sector_invalid,1,14,42,-1,-1,-1,-1,1,0.248507395,1.44886164,1.44886164,1,0,0,0,0
35.9,1.64535501,-0.812192396,-90.7120264,0,0,WaitingForScan,scan_sector_invalid,1,14,42,-1,-1,-1,-1,1,0.248544514,1.44870455,1.44870455,1,0,0,0,0
35.95,1.64535387,-0.812284172,-90.7119364,0,0,WaitingForScan,scan_sector_invalid,1,14,42,-1,-1,-1,-1,1,0.248544514,1.44861291,1.44861291,1,0,0,0,0
36,1.6453532,-0.812337708,-90.7118839,0,0,WaitingForScan,scan_sector_invalid,1,14,42,-1,-1,-1,-1,1,0.248601705,1.44855945,1.44855945,1,0,0,0,0
36.05,1.64535281,-0.812368938,-90.7118532,0,0,WaitingForScan,scan_sector_invalid,1,14,42,-1,-1,-1,-1,1,0.248601705,1.44852827,1.44852827,1,0,0,0,0
36.1,1.64535259,-0.812387155,-90.7118353,0,0,WaitingForScan,scan_sector_invalid,1,14,42,-1,-1,-1,-1,1,0.24866493,1.44851008,1.44851008,1,0,0,0,0
36.15,1.64535246,-0.812397782,-90.7118249,0,0,WaitingForScan,scan_sector_invalid,1,14,42,-1,-1,-1,-1,1,0.24866493,1.44849947,1.44849947,1,0,0,0,0
36.2,1.64535238,-0.812403981,-90.7118188,0,0,WaitingForScan,scan_sector_invalid,1,14,42,-1,-1,-1,-1,1,0.248730004,1.44849328,1.44849328,1,0,0,0,0
36.25,1.64535233,-0.812407597,-90.7118153,0,0,WaitingForScan,scan_sector_invalid,1,14,42,-1,-1,-1,-1,1,0.248730004,1.44848967,1.44848967,1,0,0,0,0
36.3,1.64535231,-0.812409706,-90.7118132,0,0,WaitingForScan,scan_sector_invalid,1,14,42,-1,-1,-1,-1,1,0.248795539,1.44848756,1.44848756,1,0,0,0,0
36.35,1.64535229,-0.812410936,-90.711812,0,0,WaitingForScan,scan_sector_invalid,1,14,42,-1,-1,-1,-1,1,0.248795539,1.44848634,1.44848634,1,0,0,0,0
36.4,1.64535228,-0.812411654,-90.7118113,0,0,WaitingForScan,scan_sector_invalid,1,14,42,-1,-1,-1,-1,1,0.248835325,1.44848562,1.44848562,1,0,0,0,0
36.45,1.64535228,-0.812412073,-90.7118109,0,0,WaitingForScan,scan_sector_invalid,1,14,42,-1,-1,-1,-1,1,0.248835325,1.4484852,1.4484852,1,0,0,0,0
36.5,1.64535227,-0.812412317,-90.7118107,0.0798268532,0.00259720204,FollowWall,following_right_wall,0,14,42,0.428120226,-1,-1,-1,1,0.248767391,1.44848496,1.44848496,1,0,0,0,0
36.55,1.64533166,-0.814075391,-90.7087103,0.0798268532,0.00259720204,FollowWall,following_right_wall,0,14,42,0.428120226,-1,-1,-1,1,0.248767391,1.44682667,1.44682667,1,0,0,0,0
36.6,1.6452992,-0.816708452,-90.7038016,0.0798204834,0.00269274899,FollowWall,following_right_wall,0,14,42,0.427948356,-1,-1,-1,1,0.248712271,1.4442012,1.4442012,1,0,0,0,0
36.65,1.64526007,-0.819907208,-90.697724,0.0798204834,0.00269274899,FollowWall,following_right_wall,0,14,42,0.427948356,-1,-1,-1,1,0.248712271,1.44101183,1.44101183,1,0,0,0,0
36.7,1.64521731,-0.823435956,-90.6909645,0.0798479512,0.00228073128,FollowWall,following_right_wall,0,14,42,0.427645206,-1,-1,-1,1,0.248346046,1.43749353,1.43749353,1,0,0,0,0
36.75,1.64517264,-0.827157775,-90.684299,0.0798479512,0.00228073128,FollowWall,following_right_wall,0,14,42,0.427645206,-1,-1,-1,1,0.248346046,1.43378201,1.43378201,1,0,0,0,0
36.8,1.64512706,-0.83099222,-90.6776884,0.0798757129,0.00186430662,FollowWall,following_right_wall,0,14,42,0.427288949,-1,-1,-1,1,0.248285174,1.42995778,1.42995778,1,0,0,0,0
36.85,1.64508113,-0.834892945,-90.6716068,0.0798757129,0.00186430662,FollowWall,following_right_wall,0,14,42,0.427288949,-1,-1,-1,1,0.248285174,1.42606645,1.42606645,1,0,0,0,0
36.9,1.64503515,-0.838832334,-90.6658339,0.0798995524,0.00150671344,FollowWall,following_right_wall,0,14,42,0.426904112,-1,-1,-1,1,0.248198301,1.42213599,1.42213599,1,0,0,0,0
36.95,1.64498928,-0.842794776,-90.6606679,0.0798995524,0.00150671344,FollowWall,following_right_wall,0,14,42,0.426904112,-1,-1,-1,1,0.248198301,1.41818153,1.41818153,1,0,0,0,0
37,1.6449436,-0.846770668,-90.6558558,0.0798404996,0.00239250562,FollowWall,following_right_wall,0,14,42,0.426502287,-1,-1,-1,1,0.248188511,1.41421308,1.41421308,1,0,0,0,0
37.05,1.64489821,-0.850753176,-90.650193,0.0798404996,0.00239250562,FollowWall,following_right_wall,0,14,42,0.426502287,-1,-1,-1,1,0.248188511,1.41023932,1.41023932,1,0,0,0,0
37.1,1.64485318,-0.854739546,-90.6440338,0.079704637,0.00443044573,FollowWall,following_right_wall,0,14,42,0.426127017,-1,-1,-1,1,0.247784585,1.40626247,1.40626247,1,0,0,0,0
37.15,1.64480869,-0.858725341,-90.6351525,0.079704637,0.00443044573,FollowWall,following_right_wall,0,14,42,0.426127017,-1,-1,-1,1,0.247784585,1.4022904,1.4022904,1,0,0,0,0
37.2,1.64476487,-0.862710806,-90.6246833,0.0795770547,0.0063441795,FollowWall,following_right_wall,0,14,42,0.425839037,-1,-1,-1,1,0.247774184,1.39832112,1.39832112,1,0,0,0,0
37.25,1.64472192,-0.866693425,-90.6110034,0.0795770547,0.0063441795,FollowWall,following_right_wall,0,14,42,0.425839037,-1,-1,-1,1,0.247774184,1.39435966,1.39435966,1,0,0,0,0
37.3,1.64468001,-0.870674389,-90.5954507,0.0794625002,0.00806249717,FollowWall,following_right_wall,0,14,42,0.425666779,-1,-1,-1,1,0.247896552,1.39040274,1.39040274,1,0,0,0,0
37.35,1.64463932,-0.874652007,-90.5767544,0.0794625002,0.00806249717,FollowWall,following_right_wall,0,14,42,0.425666779,-1,-1,-1,1,0.247896552,1.38645404,1.38645404,1,0,0,0,0
37.4,1.64460001,-0.87862768,-90.5562243,0.0794880889,0.00767866636,FollowWall,following_right_wall,0,14,42,0.425616562,-1,-1,-1,1,0.247929618,1.38251012,1.38251012,1,0,0,0,0
37.45,1.64456215,-0.882602758,-90.5350827,0.0794880889,0.00767866636,FollowWall,following_right_wall,0,14,42,0.425616562,-1,-1,-1,1,0.247929618,1.37856774,1.37856774,1,0,0,0,0
37.5,1.64452577,-0.886577494,-90.5135843,0.0795402532,0.00689620225,FollowWall,following_right_wall,0,14,42,0.425628394,-1,-1,-1,1,0.247853354,1.37462627,1.37462627,1,0,0,0,0
37.55,1.64449086,-0.890553122,-90.4928119,0.0795402532,0.00689620225,FollowWall,following_right_wall,0,14,42,0.425628394,-1,-1,-1,1,0.247853354,1.37068279,1.37068279,1,0,0,0,0
37.6,1.64445736,-0.894529276,-90.4724629,0.0795905751,0.00614137375,FollowWall,following_right_wall,0,14,42,0.425656199,-1,-1,-1,1,0.248136148,1.36673813,1.36673813,1,0,0,0,0
37.65,1.64442523,-0.898506788,-90.453262,0.0795905751,0.00614137375,FollowWall,following_right_wall,0,14,42,0.425656199,-1,-1,-1,1,0.248136148,1.36279034,1.36279034,1,0,0,0,0
37.7,1.6443944,-0.902485097,-90.4347307,0.0795485397,0.00677190509,FollowWall,following_right_wall,0,14,42,0.425682813,-1,-1,-1,1,0.248427123,1.35884072,1.35884072,1,0,0,0,0
37.75,1.64436487,-0.906462998,-90.4158374,0.0795485397,0.00677190509,FollowWall,following_right_wall,0,14,42,0.425682813,-1,-1,-1,1,0.248427123,1.35489207,1.35489207,1,0,0,0,0
37.8,1.64433667,-0.910440666,-90.3967329,0.0795391063,0.00691340517,FollowWall,following_right_wall,0,14,42,0.425745338,-1,-1,-1,1,0.248304009,1.35094399,1.35094399,1,0,0,0,0
37.85,1.6443098,-0.914418004,-90.3773364,0.0795391063,0.00691340517,FollowWall,following_right_wall,0,14,42,0.425745338,-1,-1,-1,1,0.248304009,1.34699669,1.34699669,1,0,0,0,0
37.9,1.64428429,-0.918395154,-90.3577695,0.0795830853,0.00625372075,FollowWall,following_right_wall,0,14,42,0.425852537,-1,-1,-1,1,0.248079434,1.34304985,1.34304985,1,0,0,0,0
37.95,1.6442601,-0.922373113,-90.3388906,0.0795830853,0.00625372075,FollowWall,following_right_wall,0,14,42,0.425852537,-1,-1,-1,1,0.248079434,1.33910114,1.33910114,1,0,0,0,0
38,1.64423721,-0.926351548,-90.3204131,0.0796027795,0.00595830691,FollowWall,following_right_wall,0,14,42,0.4259803,-1,-1,-1,1,0.247930244,1.33515134,1.33515134,1,0,0,0,0
38.05,1.64421558,-0.930330672,-90.3025224,0.0796027795,0.00595830691,FollowWall,following_right_wall,0,14,42,0.4259803,-1,-1,-1,1,0.247930244,1.33119994,1.33119994,1,0,0,0,0
38.1,1.64419518,-0.934310201,-90.2849739,0.0794928466,0.00760730053,FollowWall,following_right_wall,0,14,42,0.426126182,-1,-1,-1,1,0.247671321,1.32724761,1.32724761,1,0,0,0,0
38.15,1.64417606,-0.938287678,-90.2656567,0.0794928466,0.00760730053,FollowWall,following_right_wall,0,14,42,0.426126182,-1,-1,-1,1,0.247671321,1.32330008,1.32330008,1,0,0,0,0
38.2,1.64415833,-0.942263962,-90.2453079,0.0794310932,0.00853360249,FollowWall,following_right_wall,0,14,42,0.426352262,-1,-1,-1,1,0.247382075,1.31935534,1.31935534,1,0,0,0,0
38.25,1.64414208,-0.946238265,-90.2232514,0.0794310932,0.00853360249,FollowWall,following_right_wall,0,14,42,0.426352262,-1,-1,-1,1,0.247382075,1.31541524,1.31541524,1,0,0,0,0
38.3,1.6441274,-0.950211415,-90.200199,0.0794967617,0.00754857404,FollowWall,following_right_wall,0,14,42,0.426672816,-1,-1,-1,1,0.247023761,1.31147784,1.31147784,1,0,0,0,0
38.35,1.6441143,-0.954185262,-90.1777412,0.0794967617,0.00754857404,FollowWall,following_right_wall,0,14,42,0.426672816,-1,-1,-1,1,0.247023761,1.30753883,1.30753883,1,0,0,0,0
38.4,1.64410273,-0.958159518,-90.1556304,0.0795662999,0.00650550223,FollowWall,following_right_wall,0,14,42,0.427029818,-1,-1,-1,1,0.247238949,1.30359887,1.30359887,1,0,0,0,0
38.45,1.64409265,-0.962135463,-90.1349671,0.0795662999,0.00650550223,FollowWall,following_right_wall,0,14,42,0.427029818,-1,-1,-1,1,0.247238949,1.29965499,1.29965499,1,0,0,0,0
38.5,1.64408397,-0.966112393,-90.1151481,0.0796346557,0.00548016446,FollowWall,following_right_wall,0,14,42,0.427387476,-1,-1,-1,1,0.246885657,1.29570882,1.29570882,1,0,0,0,0
38.55,1.6440766,-0.970091323,-90.0970456,0.0796346557,0.00548016446,FollowWall,following_right_wall,0,14,42,0.427387476,-1,-1,-1,1,0.246885657,1.29175799,1.29175799,1,0,0,0,0
38.6,1.64407045,-0.97407142,-90.0799443,0.0796658745,0.00501188235,FollowWall,following_right_wall,0,14,42,0.427732557,-1,-1,-1,1,0.246506676,1.28780444,1.28780444,1,0,0,0,0
38.65,1.64406545,-0.978052848,-90.0639861,0.0796658745,0.00501188235,FollowWall,following_right_wall,0,14,42,0.427732557,-1,-1,-1,1,0.246506676,1.28384778,1.28384778,1,0,0,0,0
38.7,1.64406154,-0.982035054,-90.0486946,0.0795742633,0.00638604978,FollowWall,following_right_wall,0,14,42,0.428076744,-1,-1,-1,1,0.24676834,1.27988932,1.27988932,1,0,0,0,0
38.75,1.64405873,-0.986015805,-90.0321518,0.0795742633,0.00638604978,FollowWall,following_right_wall,0,14,42,0.428076744,-1,-1,-1,1,0.24676834,1.27593426,1.27593426,1,0,0,0,0
38.8,1.6440571,-0.989995707,-90.014879,0.0794915466,0.00762680091,FollowWall,following_right_wall,0,14,42,0.428484648,-1,-1,-1,1,0.247071698,1.27198118,1.27198118,1,0,0,0,0
38.85,1.64405673,-0.99397339,-89.9956994,0.0794915466,0.00762680091,FollowWall,following_right_wall,0,14,42,0.428484648,-1,-1,-1,1,0.247071698,1.26801993,1.26801993,1,0,0,0,0
38.9,1.64405773,-0.997949779,-89.9754075,0.0794231384,0.00865292436,FollowWall,following_right_wall,0,14,42,0.42898792,-1,-1,-1,1,0.247004494,1.26401202,1.26401202,1,0,0,0,0
38.95,1.64406021,-1.00192399,-89.9532419,0.0794231384,0.00865292436,FollowWall,following_right_wall,0,14,42,0.42898792,-1,-1,-1,1,0.247004494,1.26000339,1.26000339,1,0,0,0,0
39,1.64406425,-1.00589692,-89.9299833,0.0794245305,0.00863204192,FollowWall,following_right_wall,0,14,42,0.429590493,-1,-1,-1,1,0.247216776,1.25599435,1.25599435,1,0,0,0,0
39.05,1.64406994,-1.00986914,-89.906112,0.0794245305,0.00863204192,FollowWall,following_right_wall,0,14,42,0.429590493,-1,-1,-1,1,0.247216776,1.25198507,1.25198507,1,0,0,0,0
39.1,1.64407728,-1.01384095,-89.8818834,0.0795367714,0.00694842973,FollowWall,following_right_wall,0,14,42,0.430259854,-1,-1,-1,1,0.247398794,1.24797566,1.24797566,1,0,0,0,0
39.15,1.64408625,-1.01781484,-89.8594559,0.0795367714,0.00694842973,FollowWall,following_right_wall,0,14,42,0.430259854,-1,-1,-1,1,0.247398794,1.24396696,1.24396696,1,0,0,0,0
39.2,1.64409675,-1.02178995,-89.8380792,0.0795396642,0.00690503687,FollowWall,following_right_wall,0,14,42,0.430924237,-1,-1,-1,1,0.247435823,1.23995868,1.23995868,1,0,0,0,0
39.25,1.6441087,-1.02576584,-89.8173671,0.0795396642,0.00690503687,FollowWall,following_right_wall,0,14,42,0.430924237,-1,-1,-1,1,0.247435823,1.23595067,1.23595067,1,0,0,0,0
39.3,1.64412208,-1.02974216,-89.7970428,0.0795050999,0.00742350146,FollowWall,following_right_wall,0,14,42,0.431596518,-1,-1,-1,1,0.247555569,1.23194281,1.23194281,1,0,0,0,0
39.35,1.64413688,-1.03371803,-89.7763258,0.0795050999,0.00742350146,FollowWall,following_right_wall,0,14,42,0.431596518,-1,-1,-1,1,0.247555569,1.22793482,1.22793482,1,0,0,0,0
39.4,1.64415313,-1.03769363,-89.7553797,0.0794790907,0.00781363883,FollowWall,following_right_wall,0,14,42,0.432309151,-1,-1,-1,1,0.247683108,1.22392674,1.22392674,1,0,0,0,0
39.45,1.64417085,-1.04166852,-89.7338343,0.0794790907,0.00781363883,FollowWall,following_right_wall,0,14,42,0.432309151,-1,-1,-1,1,0.247683108,1.21991845,1.21991845,1,0,0,0,0
39.5,1.64419007,-1.045643,-89.7119393,0.0796185454,0.00572181903,FollowWall,following_right_wall,0,14,42,0.433072537,-1,-1,-1,1,0.247386754,1.21591003,1.21591003,1,0,0,0,0
39.55,1.64421075,-1.04962013,-89.6923374,0.0796185454,0.00572181903,FollowWall,following_right_wall,0,14,42,0.433072537,-1,-1,-1,1,0.247386754,1.21190251,1.21190251,1,0,0,0,0
39.6,1.64423275,-1.05359882,-89.6740729,0.0797409083,0.00388637596,FollowWall,following_right_wall,0,14,42,0.433809459,-1,-1,-1,1,0.247098848,1.20789552,1.20789552,1,0,0,0,0
39.65,1.64425593,-1.05758096,-89.6587797,0.0797409083,0.00388637596,FollowWall,following_right_wall,0,14,42,0.433809459,-1,-1,-1,1,0.247098848,1.20388969,1.20388969,1,0,0,0,0
39.7,1.64428013,-1.06156511,-89.6452196,0.0797819474,0.00327078904,FollowWall,following_right_wall,0,14,42,0.434480488,-1,-1,-1,1,0.247011095,1.19988453,1.19988453,1,0,0,0,0
39.75,1.64430522,-1.06555128,-89.6334053,0.0797819474,0.00327078904,FollowWall,following_right_wall,0,14,42,0.434480488,-1,-1,-1,1,0.247011095,1.19588005,1.19588005,1,0,0,0,0
39.8,1.64433111,-1.06953864,-89.6226094,0.0798765564,0.00185165371,FollowWall,following_right_wall,0,14,42,0.435109437,-1,-1,-1,1,0.247229323,1.19187598,1.19187598,1,0,0,0,0
39.85,1.64435769,-1.07352865,-89.6141016,0.0798765564,0.00185165371,FollowWall,following_right_wall,0,14,42,0.435109437,-1,-1,-1,1,0.247229323,1.18787279,1.18787279,1,0,0,0,0
39.9,1.64438482,-1.07752021,-89.6069285,0.0799499493,-0.000750760212,FollowWall,following_right_wall,0,14,42,0.435685188,-1,-1,-1,1,0.247297406,1.18387011,1.18387011,1,0,0,0,0
39.95,1.64441234,-1.0815142,-89.6036403,0.0799499493,-0.000750760212,FollowWall,following_right_wall,0,14,42,0.435685188,-1,-1,-1,1,0.247297406,1.17987103,1.17987103,1,0,0,0,0
40,1.64444002,-1.08550962,-89.6026183,0.0797942306,-0.0030865413,FollowWall,following_right_wall,0,14,42,0.436157018,-1,-1,-1,1,0.247162551,1.17587403,1.17587403,1,0,0,0,0
40.05,1.6444676,-1.08950262,-89.6057065,0.0797942306,-0.0030865413,FollowWall,following_right_wall,0,14,42,0.436157018,-1,-1,-1,1,0.247162551,1.17188582,1.17188582,1,0,0,0,0
40.1,1.64449488,-1.09349421,-89.6111922,0.0796763039,-0.00485544195,FollowWall,following_right_wall,0,14,42,0.436502904,-1,-1,-1,1,0.247347787,1.16790272,1.16790272,1,0,0,0,0
40.15,1.64452163,-1.09748252,-89.6201879,0.0796763039,-0.00485544195,FollowWall,following_right_wall,0,14,42,0.436502904,-1,-1,-1,1,0.247347787,1.16392834,1.16392834,1,0,0,0,0
40.2,1.64454767,-1.10146893,-89.6312312,0.0797143858,-0.00428421303,FollowWall,following_right_wall,0,14,42,0.436731756,-1,-1,-1,1,0.247329608,1.15995904,1.15995904,1,0,0,0,0
40.25,1.64457293,-1.10545502,-89.642787,0.0797143858,-0.00428421303,FollowWall,following_right_wall,0,14,42,0.436731756,-1,-1,-1,1,0.247329608,1.15599085,1.15599085,1,0,0,0,0
40.3,1.64459737,-1.10944093,-89.6546418,0.0796110083,-0.00583487494,FollowWall,following_right_wall,0,14,42,0.436923385,-1,-1,-1,1,0.247342408,1.15202331,1.15202331,1,0,0,0,0
40.35,1.6446209,-1.11342458,-89.668522,0.0796110083,-0.00583487494,FollowWall,following_right_wall,0,14,42,0.436923385,-1,-1,-1,1,0.247342408,1.14806116,1.14806116,1,0,0,0,0
40.4,1.64464341,-1.11740691,-89.6835836,0.0795179696,-0.00723045579,FollowWall,following_right_wall,0,14,42,0.437051982,-1,-1,-1,1,0.247180939,1.14410217,1.14410217,1,0,0,0,0
40.45,1.64466478,-1.12138655,-89.7010003,0.0795179696,-0.00723045579,FollowWall,following_right_wall,0,14,42,0.437051982,-1,-1,-1,1,0.247180939,1.14014952,1.14014952,1,0,0,0,0
40.5,1.64468489,-1.12536461,-89.7197907,0.0794403665,-0.00839450177,FollowWall,following_right_wall,0,14,42,0.437095791,-1,-1,-1,1,0.247320771,1.13620059,1.13620059,1,0,0,0,0
40.55,1.64470361,-1.12934013,-89.740772,0.0794403665,-0.00839450177,FollowWall,following_right_wall,0,14,42,0.437095791,-1,-1,-1,1,0.247320771,1.13225759,1.13225759,1,0,0,0,0
40.6,1.64472082,-1.13331419,-89.7630313,0.0794247308,-0.00862903788,FollowWall,following_right_wall,0,14,42,0.437053442,-1,-1,-1,1,0.247371837,1.12831805,1.12831805,1,0,0,0,0
40.65,1.64473644,-1.13728706,-89.786316,0.0794247308,-0.00862903788,FollowWall,following_right_wall,0,14,42,0.437053442,-1,-1,-1,1,0.247371837,1.12438128,1.12438128,1,0,0,0,0
40.7,1.64475043,-1.14125924,-89.810199,0.0795248266,-0.00712760153,FollowWall,following_right_wall,0,14,42,0.436953634,-1,-1,-1,1,0.247728497,1.12044614,1.12044614,1,0,0,0,0
40.75,1.64476281,-1.14523311,-89.8326386,0.0795248266,-0.00712760153,FollowWall,following_right_wall,0,14,42,0.436953634,-1,-1,-1,1,0.247728497,1.11650708,1.11650708,1,0,0,0,0
40.8,1.64477367,-1.14920797,-89.8542364,0.0796281145,-0.00557828199,FollowWall,following_right_wall,0,14,42,0.436866432,-1,-1,-1,1,0.247572556,1.11256574,1.11256574,1,0,0,0,0
40.85,1.64478312,-1.15318555,-89.8734936,0.0796281145,-0.00557828199,FollowWall,following_right_wall,0,14,42,0.436866432,-1,-1,-1,1,0.247572556,1.10861804,1.10861804,1,0,0,0,0
40.9,1.64479129,-1.15716472,-89.8913856,0.0797294052,-0.00405892157,FollowWall,following_right_wall,0,14,42,0.436828852,-1,-1,-1,1,0.247656092,1.10466663,1.10466663,1,0,0,0,0
40.95,1.64479831,-1.16114693,-89.9066676,0.0797294052,-0.00405892157,FollowWall,following_right_wall,0,14,42,0.436828852,-1,-1,-1,1,0.247656092,1.10070814,1.10070814,1,0,0,0,0
41,1.64480432,-1.16513092,-89.920427,0.0798045695,-0.00293145693,FollowWall,following_right_wall,0,14,42,0.436852306,-1,-1,-1,1,0.247989088,1.09674552,1.09674552,1,0,0,0,0
41.05,1.64480945,-1.1691175,-89.9319526,0.0798045695,-0.00293145693,FollowWall,following_right_wall,0,14,42,0.436852306,-1,-1,-1,1,0.247989088,1.09277682,1.09277682,1,0,0,0,0
41.1,1.64481383,-1.17310561,-89.942175,0.07974626,-0.00380610005,FollowWall,following_right_wall,0,14,42,0.436927646,-1,-1,-1,1,0.248237893,1.08880459,1.08880459,1,0,0,0,0
41.15,1.64481749,-1.17709338,-89.9526812,0.07974626,-0.00380610005,FollowWall,following_right_wall,0,14,42,0.436927646,-1,-1,-1,1,0.248237893,1.08483313,1.08483313,1,0,0,0,0
41.2,1.64482042,-1.18108096,-89.9633531,0.079727722,-0.00408417017,FollowWall,following_right_wall,0,14,42,0.436985135,-1,-1,-1,1,0.248289257,1.08086212,1.08086212,1,0,0,0,0
41.25,1.64482258,-1.18506805,-89.9744534,0.079727722,-0.00408417017,FollowWall,following_right_wall,0,14,42,0.436985135,-1,-1,-1,1,0.248289257,1.07689228,1.07689228,1,0,0,0,0
41.3,1.64482396,-1.18905484,-89.9858038,0.0797896787,-0.00315481957,FollowWall,following_right_wall,0,14,42,0.43700394,-1,-1,-1,1,0.248477995,1.07292311,1.07292311,1,0,0,0,0
41.35,1.64482459,-1.19304275,-89.9961906,0.0797896787,-0.00315481957,FollowWall,following_right_wall,0,14,42,0.43700394,-1,-1,-1,1,0.248477995,1.06895133,1.06895133,1,0,0,0,0
41.4,1.64482451,-1.19703132,-90.0060153,0.0798168849,-0.00274672685,FollowWall,following_right_wall,0,14,42,0.437017918,-1,-1,-1,1,0.248635605,1.06495934,1.06495934,1,0,0,0,0
41.45,1.64482378,-1.20102084,-90.0150251,0.0798168849,-0.00274672685,FollowWall,following_right_wall,0,14,42,0.437017918,-1,-1,-1,1,0.248635605,1.06095582,1.06095582,1,0,0,0,0
41.5,1.64482244,-1.20501091,-90.0235595,0.0797247935,-0.00412809679,FollowWall,following_right_wall,0,14,42,0.437030256,-1,-1,-1,1,0.248545364,1.0569525,1.0569525,1,0,0,0,0
41.55,1.64482045,-1.20899938,-90.0334654,0.0797247935,-0.00412809679,FollowWall,following_right_wall,0,14,42,0.437030256,-1,-1,-1,1,0.248545364,1.05294864,1.05294864,1,0,0,0,0
41.6,1.64481775,-1.21298692,-90.0441714,0.0797843368,-0.0032349487,FollowWall,following_right_wall,0,14,42,0.436981589,-1,-1,-1,1,0.248193592,1.04894448,1.04894448,1,0,0,0,0
41.65,1.64481432,-1.21697516,-90.054278,0.0797843368,-0.0032349487,FollowWall,following_right_wall,0,14,42,0.436981589,-1,-1,-1,1,0.248193592,1.04494054,1.04494054,1,0,0,0,0
41.7,1.6448102,-1.22096381,-90.064035,0.0798806925,-0.00178961238,FollowWall,following_right_wall,0,14,42,0.436908752,-1,-1,-1,1,0.247845188,1.04093675,1.04093675,1,0,0,0,0
41.75,1.64480547,-1.2249547,-90.0718628,0.0798806925,-0.00178961238,FollowWall,following_right_wall,0,14,42,0.436908752,-1,-1,-1,1,0.247845188,1.03693371,1.03693371,1,0,0,0,0
41.8,1.64480023,-1.22894689,-90.0785651,0.0799624634,-0.000563048352,FollowWall,following_right_wall,0,14,42,0.436857522,-1,-1,-1,1,0.24777317,1.0329311,1.0329311,1,0,0,0,0
41.85,1.64479459,-1.23294156,-90.0831469,0.0799624634,-0.000563048352,FollowWall,following_right_wall,0,14,42,0.436857522,-1,-1,-1,1,0.24777317,1.02892933,1.02892933,1,0,0,0,0
41.9,1.64478868,-1.23693766,-90.0864918,0.079967501,-0.000487484886,FollowWall,following_right_wall,0,14,42,0.436840981,-1,-1,-1,1,0.247848988,1.02492803,1.02492803,1,0,0,0,0
41.95,1.64478256,-1.24093471,-90.0890248,0.079967501,-0.000487484886,FollowWall,following_right_wall,0,14,42,0.436840981,-1,-1,-1,1,0.247848988,1.02092705,1.02092705,1,0,0,0,0
42,1.64477627,-1.24493231,-90.0910843,0.0798759708,-0.00186043789,FollowWall,following_right_wall,0,14,42,0.436826825,-1,-1,-1,1,0.247700766,1.01692625,1.01692625,1,0,0,0,0
42.05,1.6447698,-1.24892832,-90.0945064,0.0798759708,-0.00186043789,FollowWall,following_right_wall,0,14,42,0.436826825,-1,-1,-1,1,0.247700766,1.01292493,1.01292493,1,0,0,0,0
42.1,1.64476306,-1.25292341,-90.0987234,0.0797803756,-0.00329436598,FollowWall,following_right_wall,0,14,42,0.436750591,-1,-1,-1,1,0.247668177,1.0089233,1.0089233,1,0,0,0,0
42.15,1.64475596,-1.25691597,-90.1051156,0.0797803756,-0.00329436598,FollowWall,following_right_wall,0,14,42,0.436750591,-1,-1,-1,1,0.247668177,1.00492082,1.00492082,1,0,0,0,0
42.2,1.64474837,-1.26090704,-90.1127768,0.0796863554,-0.00470466903,FollowWall,following_right_wall,0,14,42,0.43657735,-1,-1,-1,1,0.247672752,1.00091785,1.00091785,1,0,0,0,0
42.25,1.64474017,-1.2648953,-90.1228616,0.0796863554,-0.00470466903,FollowWall,following_right_wall,0,14,42,0.43657735,-1,-1,-1,1,0.247672752,0.996913939,0.996913939,1,0,0,0,0
42.3,1.64473122,-1.26888191,-90.1343602,0.0797412246,-0.00388163144,FollowWall,following_right_wall,0,14,42,0.436294496,-1,-1,-1,1,0.247625649,0.992909485,0.992909485,1,0,0,0,0
42.35,1.64472148,-1.27286871,-90.145701,0.0797412246,-0.00388163144,FollowWall,following_right_wall,0,14,42,0.436294496,-1,-1,-1,1,0.247625649,0.988905094,0.988905094,1,0,0,0,0
42.4,1.64471095,-1.2768556,-90.1569499,0.079798471,-0.00302293517,FollowWall,following_right_wall,0,14,42,0.435966641,-1,-1,-1,1,0.247478232,0.984900743,0.984900743,1,0,0,0,0
42.45,1.64469967,-1.28084375,-90.1671201,0.079798471,-0.00302293517,FollowWall,following_right_wall,0,14,42,0.435966641,-1,-1,-1,1,0.247478232,0.980896814,0.980896814,1,0,0,0,0
42.5,1.6446877,-1.28483263,-90.1766611,0.0798447936,-0.00232809621,FollowWall,following_right_wall,0,14,42,0.435633153,-1,-1,-1,1,0.247468948,0.976893132,0.976893132,1,0,0,0,0
42.55,1.64467511,-1.2888229,-90.1850056,0.0798447936,-0.00232809621,FollowWall,following_right_wall,0,14,42,0.435633153,-1,-1,-1,1,0.247468948,0.972889917,0.972889917,1,0,0,0,0
42.6,1.64466196,-1.29281399,-90.1926522,0.0798614825,-0.00207776245,FollowWall,following_right_wall,0,14,42,0.435303867,-1,-1,-1,1,0.247481361,0.968886975,0.968886975,1,0,0,0,0
42.65,1.64464829,-1.29680589,-90.1995929,0.0798614825,-0.00207776245,FollowWall,following_right_wall,0,14,42,0.435303867,-1,-1,-1,1,0.247481361,0.964884309,0.964884309,1,0,0,0,0
42.7,1.64463416,-1.30079826,-90.2061217,0.0797443409,-0.00383488696,FollowWall,following_right_wall,0,14,42,0.434968352,-1,-1,-1,1,0.247589841,0.960881804,0.960881804,1,0,0,0,0
42.75,1.64461951,-1.30478848,-90.2145078,0.0797443409,-0.00383488696,FollowWall,following_right_wall,0,14,42,0.434968352,-1,-1,-1,1,0.247589841,0.956878583,0.956878583,1,0,0,0,0
42.8,1.64460425,-1.30877743,-90.2239772,0.0796292797,-0.00556080458,FollowWall,following_right_wall,0,14,42,0.434559196,-1,-1,-1,1,0.247588992,0.952874945,0.952874945,1,0,0,0,0
42.85,1.64458824,-1.31276325,-90.2361388,0.0796292797,-0.00556080458,FollowWall,following_right_wall,0,14,42,0.434559196,-1,-1,-1,1,0.247588992,0.948870269,0.948870269,1,0,0,0,0
42.9,1.64457135,-1.31674724,-90.2498708,0.0795228471,-0.00715729346,FollowWall,following_right_wall,0,14,42,0.434040248,-1,-1,-1,1,0.247892916,0.944864991,0.944864991,1,0,0,0,0
42.95,1.64455341,-1.32072793,-90.2664245,0.0795228471,-0.00715729346,FollowWall,following_right_wall,0,14,42,0.434040248,-1,-1,-1,1,0.247892916,0.940858629,0.940858629,1,0,0,0,0
43,1.64453428,-1.32470671,-90.2846242,0.0794892715,-0.00766092818,FollowWall,following_right_wall,0,14,42,0.433403432,-1,-1,-1,1,0.248196602,0.936851639,0.936851639,1,0,0,0,0
43.05,1.64451383,-1.32868367,-90.3043852,0.0794892715,-0.00766092818,FollowWall,following_right_wall,0,14,42,0.433403432,-1,-1,-1,1,0.248196602,0.932844057,0.932844057,1,0,0,0,0
43.1,1.64449199,-1.33265955,-90.3250571,0.0793954986,-0.00906752098,FollowWall,following_right_wall,0,14,42,0.432680488,-1,-1,-1,1,0.24814412,0.928836135,0.928836135,1,0,0,0,0
43.15,1.64446866,-1.33663286,-90.3479392,0.0793954986,-0.00906752098,FollowWall,following_right_wall,0,14,42,0.432680488,-1,-1,-1,1,0.24814412,0.924827374,0.924827374,1,0,0,0,0
43.2,1.6444437,-1.34060466,-90.3721107,0.0793212324,-0.0101815139,FollowWall,following_right_wall,0,14,42,0.431863219,-1,-1,-1,1,0.248146564,0.920818132,0.920818132,1,0,0,0,0
43.25,1.64441701,-1.34457402,-90.398364,0.0793212324,-0.0101815139,FollowWall,following_right_wall,0,14,42,0.431863219,-1,-1,-1,1,0.248146564,0.916808107,0.916808107,1,0,0,0,0
43.3,1.64438847,-1.34854196,-90.4258317,0.0794723942,-0.00791408726,FollowWall,following_right_wall,0,14,42,0.430952221,-1,-1,-1,1,0.248269469,0.912797635,0.912797635,1,0,0,0,0
43.35,1.64435808,-1.35251221,-90.4513013,0.0794723942,-0.00791408726,FollowWall,following_right_wall,0,14,42,0.430952221,-1,-1,-1,1,0.248269469,0.908787954,0.908787954,1,0,0,0,0
43.4,1.64432596,-1.3564838,-90.4756053,0.0796359717,-0.00546042381,FollowWall,following_right_wall,0,14,42,0.430052847,-1,-1,-1,1,0.248381257,0.904778742,0.904778742,1,0,0,0,0
43.45,1.64429224,-1.36045957,-90.4963005,0.0796359717,-0.00546042381,FollowWall,following_right_wall,0,14,42,0.430052847,-1,-1,-1,1,0.248381257,0.900770936,0.900770936,1,0,0,0,0
43.5,1.64425713,-1.36443779,-90.5148906,0.0796730496,-0.00490425654,FollowWall,following_right_wall,0,14,42,0.429231972,-1,-1,-1,1,0.248067439,0.896763954,0.896763954,1,0,0,0,0
43.55,1.64422078,-1.36841819,-90.5315889,0.0796730496,-0.00490425654,FollowWall,following_right_wall,0,14,42,0.429231972,-1,-1,-1,1,0.248067439,0.892757714,0.892757714,1,0,0,0,0
43.6,1.64418329,-1.37239987,-90.5471836,0.0798237482,-0.00264377711,FollowWall,following_right_wall,0,14,42,0.428459704,-1,-1,-1,1,0.24768886,0.88875191,0.88875191,1,0,0,0,0
43.65,1.6441448,-1.37638543,-90.5594363,0.0798237482,-0.00264377711,FollowWall,following_right_wall,0,14,42,0.428459704,-1,-1,-1,1,0.24768886,0.884747399,0.884747399,1,0,0,0,0
43.7,1.64410551,-1.38037325,-90.5697394,0.079969176,-0.000462360706,FollowWall,following_right_wall,0,14,42,0.427766263,-1,-1,-1,1,0.247407302,0.880743645,0.880743645,1,0,0,0,0
43.75,1.64406558,-1.38436541,-90.5763015,0.079969176,-0.000462360706,FollowWall,following_right_wall,0,14,42,0.427766263,-1,-1,-1,1,0.247407302,0.876741331,0.876741331,1,0,0,0,0
43.8,1.64402524,-1.38836011,-90.5806813,0.0798939545,0.00159068259,FollowWall,following_right_wall,0,14,42,0.427174479,-1,-1,-1,1,0.247164384,0.872739857,0.872739857,1,0,0,0,0
43.85,1.64398474,-1.39235473,-90.5813374,0.0798939545,0.00159068259,FollowWall,following_right_wall,0,14,42,0.427174479,-1,-1,-1,1,0.247164384,0.868744229,0.868744229,1,0,0,0,0
43.9,1.64394426,-1.39634929,-90.5798214,0.079855247,0.002171295,FollowWall,following_right_wall,0,14,42,0.426692098,-1,-1,-1,1,0.247117803,0.864752011,0.864752011,1,0,0,0,0
43.95,1.64390396,-1.40034302,-90.5763453,0.079855247,0.002171295,FollowWall,following_right_wall,0,14,42,0.426692098,-1,-1,-1,1,0.247117803,0.860763658,0.860763658,1,0,0,0,0
44,1.64386395,-1.40433626,-90.5717258,0.0798802039,0.00179694217,FollowWall,following_right_wall,0,14,42,0.426280171,-1,-1,-1,1,0.246888667,0.856777558,0.856777558,1,0,0,0,0
44.05,1.64382427,-1.40832975,-90.5668861,0.0798802039,0.00179694217,FollowWall,following_right_wall,0,14,42,0.426280171,-1,-1,-1,1,0.246888667,0.852791561,0.852791561,1,0,0,0,0
44.1,1.64378493,-1.41232337,-90.561918,0.0799046701,0.00142994816,FollowWall,following_right_wall,0,14,42,0.425888866,-1,-1,-1,1,0.246780604,0.848805621,0.848805621,1,0,0,0,0
44.15,1.64374592,-1.41631759,-90.5573131,0.0799046701,0.00142994816,FollowWall,following_right_wall,0,14,42,0.425888866,-1,-1,-1,1,0.246780604,0.844818527,0.844818527,1,0,0,0,0
44.2,1.64370721,-1.42031215,-90.55292,0.0799206226,0.00119066027,FollowWall,following_right_wall,0,14,42,0.425496399,-1,-1,-1,1,0.246990517,0.840830758,0.840830758,1,0,0,0,0
44.25,1.6436688,-1.42430725,-90.5489362,0.0799206226,0.00119066027,FollowWall,following_right_wall,0,14,42,0.425496399,-1,-1,-1,1,0.246990517,0.83684182,0.83684182,1,0,0,0,0
44.3,1.64363065,-1.42830266,-90.545191,0.0797812999,0.00328050218,FollowWall,following_right_wall,0,14,42,0.425100684,-1,-1,-1,1,0.246610895,0.8328522,0.8328522,1,0,0,0,0
44.35,1.64359287,-1.43229536,-90.5390905,0.0797812999,0.00328050218,FollowWall,following_right_wall,0,14,42,0.425100684,-1,-1,-1,1,0.246610895,0.828868942,0.828868942,1,0,0,0,0
44.4,1.64355557,-1.43628647,-90.5316161,0.079647571,0.00528643463,FollowWall,following_right_wall,0,14,42,0.42477423,-1,-1,-1,1,0.246527299,0.824889392,0.824889392,1,0,0,0,0
44.45,1.64351895,-1.44027388,-90.5209458,0.079647571,0.00528643463,FollowWall,following_right_wall,0,14,42,0.42477423,-1,-1,-1,1,0.246527299,0.820918494,0.820918494,1,0,0,0,0
44.5,1.64348315,-1.44425913,-90.5084112,0.0795259652,0.00711052236,FollowWall,following_right_wall,0,14,42,0.42455864,-1,-1,-1,1,0.246621966,0.81695264,0.81695264,1,0,0,0,0
44.55,1.64344837,-1.44824059,-90.4926118,0.0795259652,0.00711052236,FollowWall,following_right_wall,0,14,42,0.42455864,-1,-1,-1,1,0.246621966,0.812995628,0.812995628,1,0,0,0,0
44.6,1.64341477,-1.45221985,-90.4749079,0.079484335,0.00773497567,FollowWall,following_right_wall,0,14,42,0.424465537,-1,-1,-1,1,0.246483296,0.809043771,0.809043771,1,0,0,0,0
44.65,1.64338248,-1.45619696,-90.4553477,0.079484335,0.00773497567,FollowWall,following_right_wall,0,14,42,0.424465537,-1,-1,-1,1,0.246483296,0.80509694,0.80509694,1,0,0,0,0
44.7,1.6433516,-1.46017282,-90.4347047,0.0795345207,0.0069821896,FollowWall,following_right_wall,0,14,42,0.424464524,-1,-1,-1,1,0.246561646,0.801153038,0.801153038,1,0,0,0,0
44.75,1.64332214,-1.464149,-90.4143285,0.0795345207,0.0069821896,FollowWall,following_right_wall,0,14,42,0.424464524,-1,-1,-1,1,0.246561646,0.797208406,0.797208406,1,0,0,0,0
44.8,1.64329409,-1.46812537,-90.394108,0.0795855488,0.00621676784,FollowWall,following_right_wall,0,14,42,0.424496949,-1,-1,-1,1,0.246812001,0.793263347,0.793263347,1,0,0,0,0
44.85,1.64326739,-1.47210292,-90.374892,0.0795855488,0.00621676784,FollowWall,following_right_wall,0,14,42,0.424496949,-1,-1,-1,1,0.246812001,0.789315558,0.789315558,1,0,0,0,0
44.9,1.64324201,-1.47608117,-90.356262,0.0796079605,0.0058805928,FollowWall,following_right_wall,0,14,42,0.424533546,-1,-1,-1,1,0.247112587,0.785366176,0.785366176,1,0,0,0,0
44.95,1.64321789,-1.48006028,-90.338375,0.0796079605,0.0058805928,FollowWall,following_right_wall,0,14,42,0.424533546,-1,-1,-1,1,0.247112587,0.781414774,0.781414774,1,0,0,0,0
45,1.64319499,-1.48403991,-90.3209215,0.0795224602,0.00716309666,FollowWall,following_right_wall,0,14,42,0.424577743,-1,-1,-1,1,0.247190952,0.777462192,0.777462192,1,0,0,0,0
45.05,1.64317336,-1.48801805,-90.30219,0.0795224602,0.00716309666,FollowWall,following_right_wall,0,14,42,0.424577743,-1,-1,-1,1,0.247190952,0.773513074,0.773513074,1,0,0,0,0
45.1,1.64315306,-1.49199534,-90.2827129,0.0795662616,0.00650607537,FollowWall,following_right_wall,0,14,42,0.424684078,-1,-1,-1,1,0.246990085,0.769565977,0.769565977,1,0,0,0,0
45.15,1.64313409,-1.49597304,-90.2635853,0.0795662616,0.00650607537,FollowWall,following_right_wall,0,14,42,0.424684078,-1,-1,-1,1,0.246990085,0.765617929,0.765617929,1,0,0,0,0
45.2,1.64311645,-1.49995098,-90.2446614,0.0796114509,0.00582823636,FollowWall,following_right_wall,0,14,42,0.424824715,-1,-1,-1,1,0.246767908,0.761669327,0.761669327,1,0,0,0,0
45.25,1.64310008,-1.50393001,-90.2266656,0.0796114509,0.00582823636,FollowWall,following_right_wall,0,14,42,0.424824715,-1,-1,-1,1,0.246767908,0.757718204,0.757718204,1,0,0,0,0
45.3,1.64308495,-1.50790967,-90.209211,0.0795586679,0.00661998199,FollowWall,following_right_wall,0,14,42,0.424976349,-1,-1,-1,1,0.246613666,0.75376561,0.75376561,1,0,0,0,0
45.35,1.64307105,-1.5118886,-90.1911272,0.0795586679,0.00661998199,FollowWall,following_right_wall,0,14,42,0.424976349,-1,-1,-1,1,0.246613666,0.749814725,0.749814725,1,0,0,0,0
45.4,1.64305842,-1.51586711,-90.1726763,0.0794529651,0.00820552387,FollowWall,following_right_wall,0,14,42,0.425176144,-1,-1,-1,1,0.246265635,0.745864835,0.745864835,1,0,0,0,0
45.45,1.64304715,-1.51984318,-90.1521186,0.0794529651,0.00820552387,FollowWall,following_right_wall,0,14,42,0.425176144,-1,-1,-1,1,0.246265635,0.741920665,0.741920665,1,0,0,0,0
45.5,1.64303735,-1.52381781,-90.130332,0.0794785238,0.00782214296,FollowWall,following_right_wall,0,14,42,0.425472885,-1,-1,-1,1,0.246072814,0.737979833,0.737979833,1,0,0,0,0
45.55,1.64302907,-1.52779215,-90.1082862,0.0794785238,0.00782214296,FollowWall,following_right_wall,0,14,42,0.425472885,-1,-1,-1,1,0.246072814,0.734039708,0.734039708,1,0,0,0,0
45.6,1.64302233,-1.53176632,-90.0860891,0.0795469627,0.00679555877,FollowWall,following_right_wall,0,14,42,0.425829589,-1,-1,-1,1,0.246014103,0.730099996,0.730099996,1,0,0,0,0
45.65,1.64301709,-1.53574181,-90.0650292,0.0795469627,0.00679555877,FollowWall,following_right_wall,0,14,42,0.425829589,-1,-1,-1,1,0.246014103,0.726157198,0.726157198,1,0,0,0,0
45.7,1.64301328,-1.53971808,-90.0446327,0.0796160719,0.00575892204,FollowWall,following_right_wall,0,14,42,0.426199943,-1,-1,-1,1,0.245889366,0.722212602,0.722212602,1,0,0,0,0
45.75,1.64301084,-1.54369624,-90.0258605,0.0796160719,0.00575892204,FollowWall,following_right_wall,0,14,42,0.426199943,-1,-1,-1,1,0.245889366,0.718263597,0.718263597,1,0,0,0,0
45.8,1.64300966,-1.5476755,-90.0080359,0.0796828058,0.00475791279,FollowWall,following_right_wall,0,14,42,0.42656222,-1,-1,-1,1,0.245524198,0.714312022,0.714312022,1,0,0,0,0
45.85,1.64300966,-1.55165679,-89.9919588,0.0796828058,0.00475791279,FollowWall,following_right_wall,0,14,42,0.42656222,-1,-1,-1,1,0.245524198,0.71033072,0.71033072,1,0,0,0,0
45.9,1.64301074,-1.55563927,-89.9769012,0.0796272267,0.00559159948,FollowWall,following_right_wall,0,14,42,0.426908821,-1,-1,-1,1,0.245550096,0.706324853,0.706324853,1,0,0,0,0
45.95,1.64301288,-1.55962128,-89.9614431,0.0796272267,0.00559159948,FollowWall,following_right_wall,0,14,42,0.426908821,-1,-1,-1,1,0.245550096,0.702318834,0.702318834,1,0,0,0,0
46,1.64301611,-1.56360302,-89.9457514,0.0795392072,0.00691189133,FollowWall,following_right_wall,0,14,42,0.42729339,-1,-1,-1,1,0.245869413,0.698312727,0.698312727,1,0,0,0,0
46.05,1.64302048,-1.56758277,-89.9283474,0.0795392072,0.00691189133,FollowWall,following_right_wall,0,14,42,0.42729339,-1,-1,-1,1,0.245869413,0.694305959,0.694305959,1,0,0,0,0
46.1,1.6430261,-1.57156135,-89.9099447,0.0794635597,0.00804660451,FollowWall,following_right_wall,0,14,42,0.427762687,-1,-1,-1,1,0.246007904,0.690298807,0.690298807,1,0,0,0,0
46.15,1.64303305,-1.57553768,-89.8896048,0.0794635597,0.00804660451,FollowWall,following_right_wall,0,14,42,0.427762687,-1,-1,-1,1,0.246007904,0.686290908,0.686290908,1,0,0,0,0
46.2,1.64304146,-1.57951269,-89.8681349,0.0794032664,0.00895100447,FollowWall,following_right_wall,0,14,42,0.428331137,-1,-1,-1,1,0.246037632,0.682282578,0.682282578,1,0,0,0,0
46.25,1.6430514,-1.58348567,-89.8449264,0.0794032664,0.00895100447,FollowWall,following_right_wall,0,14,42,0.428331137,-1,-1,-1,1,0.246037632,0.678273583,0.678273583,1,0,0,0,0
46.3,1.64306299,-1.58745747,-89.8207036,0.0794915306,0.00762704114,FollowWall,following_right_wall,0,14,42,0.428995848,-1,-1,-1,1,0.246251971,0.674264205,0.674264205,1,0,0,0,0
46.35,1.64307623,-1.59143042,-89.7974695,0.0794915306,0.00762704114,FollowWall,following_right_wall,0,14,42,0.428995848,-1,-1,-1,1,0.246251971,0.670255222,0.670255222,1,0,0,0,0
46.4,1.64309106,-1.59540403,-89.7748122,0.0795769974,0.0063450392,FollowWall,following_right_wall,0,14,42,0.429684252,-1,-1,-1,1,0.246340007,0.666246475,0.666246475,1,0,0,0,0
46.45,1.64310741,-1.5993798,-89.7540216,0.0795769974,0.0063450392,FollowWall,following_right_wall,0,14,42,0.429684252,-1,-1,-1,1,0.246340007,0.662238461,0.662238461,1,0,0,0,0
46.5,1.64312517,-1.60335684,-89.7343199,0.079539256,0.00691115935,FollowWall,following_right_wall,0,14,42,0.430354923,-1,-1,-1,1,0.24640511,0.65823088,0.65823088,1,0,0,0,0
46.55,1.64314429,-1.60733382,-89.7145777,0.079539256,0.00691115935,FollowWall,following_right_wall,0,14,42,0.430354923,-1,-1,-1,1,0.24640511,0.654223294,0.654223294,1,0,0,0,0
46.6,1.64316479,-1.61131077,-89.6948118,0.0795073156,0.00739026525,FollowWall,following_right_wall,0,14,42,0.431049973,-1,-1,-1,1,0.246779561,0.65021571,0.65021571,1,0,0,0,0
46.65,1.64318668,-1.61528703,-89.6744602,0.0795073156,0.00739026525,FollowWall,following_right_wall,0,14,42,0.431049973,-1,-1,-1,1,0.246779561,0.646207913,0.646207913,1,0,0,0,0
46.7,1.64320999,-1.61926288,-89.6537669,0.0795461561,0.00680765901,FollowWall,following_right_wall,0,14,42,0.431793481,-1,-1,-1,1,0.246567339,0.642199996,0.642199996,1,0,0,0,0
46.75,1.64323472,-1.62323931,-89.6335698,0.0795461561,0.00680765901,FollowWall,following_right_wall,0,14,42,0.431793481,-1,-1,-1,1,0.246567339,0.638192284,0.638192284,1,0,0,0,0
46.8,1.64326084,-1.62721606,-89.6136622,0.0797212849,0.00418072704,FollowWall,following_right_wall,0,14,42,0.432558626,-1,-1,-1,1,0.246286586,0.634184697,0.634184697,1,0,0,0,0
46.85,1.64328826,-1.63119664,-89.597059,0.0797212849,0.00418072704,FollowWall,following_right_wall,0,14,42,0.432558626,-1,-1,-1,1,0.246286586,0.630178397,0.630178397,1,0,0,0,0
46.9,1.64331678,-1.63517946,-89.5823834,0.0797665187,0.00350221985,FollowWall,following_right_wall,0,14,42,0.433261573,-1,-1,-1,1,0.246013954,0.626172849,0.626172849,1,0,0,0,0
46.95,1.64334627,-1.63916453,-89.5696422,0.0797665187,0.00350221985,FollowWall,following_right_wall,0,14,42,0.433261573,-1,-1,-1,1,0.246013954,0.622168054,0.622168054,1,0,0,0,0
47,1.64337662,-1.6431509,-89.5580293,0.0798024391,0.00296341408,FollowWall,following_right_wall,0,14,42,0.433917135,-1,-1,-1,1,0.24615413,0.618163702,0.618163702,1,0,0,0,0
47.05,1.64340774,-1.64713878,-89.5477179,0.0798024391,0.00296341408,FollowWall,following_right_wall,0,14,42,0.433917135,-1,-1,-1,1,0.24615413,0.614159858,0.614159858,1,0,0,0,0
47.1,1.64343956,-1.65112754,-89.5381655,0.0799710248,0.000434627995,FollowWall,following_right_wall,0,14,42,0.434546381,-1,-1,-1,1,0.246398658,0.610156313,0.610156313,1,0,0,0,0
47.15,1.64347195,-1.65512032,-89.5320745,0.0799710248,0.000434627995,FollowWall,following_right_wall,0,14,42,0.434546381,-1,-1,-1,1,0.246398658,0.606154103,0.606154103,1,0,0,0,0
47.2,1.64350472,-1.65911545,-89.5280026,0.0798628401,-0.00205739784,FollowWall,following_right_wall,0,14,42,0.435091615,-1,-1,-1,1,0.246145844,0.602152673,0.602152673,1,0,0,0,0
47.25,1.64353763,-1.66310969,-89.5280832,0.0798628401,-0.00205739784,FollowWall,following_right_wall,0,14,42,0.435091615,-1,-1,-1,1,0.246145844,0.598158554,0.598158554,1,0,0,0,0
47.3,1.64357043,-1.66710342,-89.5305861,0.0797169209,-0.00424618674,FollowWall,following_right_wall,0,14,42,0.435515255,-1,-1,-1,1,0.246328935,0.5941687,0.5941687,1,0,0,0,0
47.35,1.6436029,-1.67109381,-89.5371146,0.0797169209,-0.00424618674,FollowWall,following_right_wall,0,14,42,0.435515255,-1,-1,-1,1,0.246328935,0.590188414,0.590188414,1,0,0,0,0
47.4,1.64363481,-1.67508226,-89.5459914,0.079680912,-0.00478632035,FollowWall,following_right_wall,0,14,42,0.435810208,-1,-1,-1,1,0.246301353,0.586213709,0.586213709,1,0,0,0,0
47.45,1.64366602,-1.67906883,-89.5568827,0.079680912,-0.00478632035,FollowWall,following_right_wall,0,14,42,0.435810208,-1,-1,-1,1,0.246301353,0.582244005,0.582244005,1,0,0,0,0
47.5,1.64369643,-1.6830543,-89.5689493,0.0796498097,-0.00525285448,FollowWall,following_right_wall,0,14,42,0.436026186,-1,-1,-1,1,0.246407166,0.578277216,0.578277216,1,0,0,0,0
47.55,1.64372594,-1.68703848,-89.5822583,0.0796498097,-0.00525285448,FollowWall,following_right_wall,0,14,42,0.436026186,-1,-1,-1,1,0.246407166,0.574313636,0.574313636,1,0,0,0,0
47.6,1.6437545,-1.69102192,-89.596292,0.079551044,-0.00673433985,FollowWall,following_right_wall,0,14,42,0.436192334,-1,-1,-1,1,0.246353924,0.570351926,0.570351926,1,0,0,0,0
47.65,1.64378198,-1.69500288,-89.6125168,0.079551044,-0.00673433985,FollowWall,following_right_wall,0,14,42,0.436192334,-1,-1,-1,1,0.246353924,0.566396102,0.566396102,1,0,0,0,0
47.7,1.64380829,-1.69898238,-89.6300198,0.079466112,-0.00800831948,FollowWall,following_right_wall,0,14,42,0.436284333,-1,-1,-1,1,0.246358842,0.562443709,0.562443709,1,0,0,0,0
47.75,1.64383328,-1.70295928,-89.6497891,0.079466112,-0.00800831948,FollowWall,following_right_wall,0,14,42,0.436284333,-1,-1,-1,1,0.246358842,0.55849744,0.55849744,1,0,0,0,0
47.8,1.64385685,-1.70693465,-89.6708805,0.0793968877,-0.00904668414,FollowWall,following_right_wall,0,14,42,0.436290652,-1,-1,-1,1,0.246333152,0.554554744,0.554554744,1,0,0,0,0
47.85,1.64387887,-1.7109077,-89.6939824,0.0793968877,-0.00904668414,FollowWall,following_right_wall,0,14,42,0.436290652,-1,-1,-1,1,0.246333152,0.550617494,0.550617494,1,0,0,0,0
47.9,1.64389924,-1.7148794,-89.7182573,0.079466825,-0.00799762492,FollowWall,following_right_wall,0,14,42,0.43621403,-1,-1,-1,1,0.246692911,0.546683421,0.546683421,1,0,0,0,0
47.95,1.64391796,-1.71885177,-89.741964,0.079466825,-0.00799762492,FollowWall,following_right_wall,0,14,42,0.43621403,-1,-1,-1,1,0.246692911,0.542747802,0.542747802,1,0,0,0,0
48,1.64393504,-1.72282453,-89.7653395,0.0795697297,-0.00645405499,FollowWall,following_right_wall,0,14,42,0.436121792,-1,-1,-1,1,0.246792689,0.538811282,0.538811282,1,0,0,0,0
48.05,1.64395058,-1.72679967,-89.7866791,0.0795697297,-0.00645405499,FollowWall,following_right_wall,0,14,42,0.436121792,-1,-1,-1,1,0.246792689,0.534869235,0.534869235,1,0,0,0,0
48.1,1.64396468,-1.73077619,-89.8068311,0.0796724911,-0.00491263309,FollowWall,following_right_wall,0,14,42,0.436066419,-1,-1,-1,1,0.246715143,0.530923964,0.530923964,1,0,0,0,0
48.15,1.64397749,-1.73475567,-89.8244505,0.0796724911,-0.00491263309,FollowWall,following_right_wall,0,14,42,0.436066419,-1,-1,-1,1,0.246715143,0.526971818,0.526971818,1,0,0,0,0
48.2,1.64398912,-1.73873687,-89.8405925,0.0797719577,-0.00342063378,FollowWall,following_right_wall,0,14,42,0.436068594,-1,-1,-1,1,0.247002274,0.52301566,0.52301566,1,0,0,0,0
48.25,1.64399974,-1.74272115,-89.8540918,0.0797719577,-0.00342063378,FollowWall,following_right_wall,0,14,42,0.436068594,-1,-1,-1,1,0.247002274,0.519052326,0.519052326,1,0,0,0,0
48.3,1.64400948,-1.74670723,-89.8660494,0.0797694299,-0.00345855162,FollowWall,following_right_wall,0,14,42,0.436133385,-1,-1,-1,1,0.247278079,0.515084806,0.515084806,1,0,0,0,0
48.35,1.64401841,-1.7506943,-89.8771531,0.0797694299,-0.00345855162,FollowWall,following_right_wall,0,14,42,0.436133385,-1,-1,-1,1,0.247278079,0.511114967,0.511114967,1,0,0,0,0
48.4,1.64402659,-1.75468195,-89.8877585,0.0797133738,-0.00429939339,FollowWall,following_right_wall,0,14,42,0.436213285,-1,-1,-1,1,0.247517645,0.507143775,0.507143775,1,0,0,0,0
48.45,1.64403401,-1.75866877,-89.8990771,0.0797133738,-0.00429939339,FollowWall,following_right_wall,0,14,42,0.436213285,-1,-1,-1,1,0.247517645,0.503174519,0.503174519,1,0,0,0,0
48.5,1.64404062,-1.76265511,-89.9108116,0.0797623988,-0.00356401874,FollowWall,following_right_wall,0,14,42,0.43625465,-1,-1,-1,1,0.247561991,0.499206393,0.499206393,1,0,0,0,0
48.55,1.64404644,-1.76664219,-89.921911,0.0797623988,-0.00356401874,FollowWall,following_right_wall,0,14,42,0.43625465,-1,-1,-1,1,0.247561991,0.495236542,0.495236542,1,0,0,0,0
48.6,1.6440515,-1.77062971,-89.9326398,0.0797912532,-0.00313120216,FollowWall,following_right_wall,0,14,42,0.436281592,-1,-1,-1,1,0.247744247,0.491265686,0.491265686,1,0,0,0,0
48.65,1.64405584,-1.77461807,-89.9426359,0.0797912532,-0.00313120216,FollowWall,following_right_wall,0,14,42,0.436281592,-1,-1,-1,1,0.247744247,0.487292839,0.487292839,1,0,0,0,0
48.7,1.6440595,-1.77860694,-89.9522046,0.0797796162,-0.00330575731,FollowWall,following_right_wall,0,14,42,0.436303288,-1,-1,-1,1,0.247865945,0.483318832,0.483318832,1,0,0,0,0
48.75,1.6440625,-1.78259585,-89.9617322,0.0797796162,-0.00330575731,FollowWall,following_right_wall,0,14,42,0.436303288,-1,-1,-1,1,0.247865945,0.479344714,0.479344714,1,0,0,0,0
48.8,1.64406483,-1.78658479,-89.971236,0.0797278833,-0.00408175012,FollowWall,following_right_wall,0,14,42,0.436300993,-1,-1,-1,1,0.24755089,0.475370532,0.475370532,1,0,0,0,0
48.85,1.64406647,-1.79057267,-89.9816521,0.0797278833,-0.00408175012,FollowWall,following_right_wall,0,14,42,0.436300993,-1,-1,-1,1,0.24755089,0.471398829,0.471398829,1,0,0,0,0
48.9,1.64406737,-1.79455993,-89.9926004,0.0798289971,-0.00256504314,FollowWall,following_right_wall,0,14,42,0.43624419,-1,-1,-1,1,0.247239172,0.467428573,0.467428573,1,0,0,0,0
48.95,1.64406756,-1.79854894,-90.0020487,0.0798289971,-0.00256504314,FollowWall,following_right_wall,0,14,42,0.43624419,-1,-1,-1,1,0.247239172,0.463447878,0.463447878,1,0,0,0,0
49,1.64406711,-1.80253896,-90.010622,0.0799185026,-0.00122246104,FollowWall,following_right_wall,0,14,42,0.436188936,-1,-1,-1,1,0.24693875,0.459444537,0.459444537,1,0,0,0,0
49.05,1.64406615,-1.80653145,-90.0170823,0.0799185026,-0.00122246104,FollowWall,following_right_wall,0,14,42,0.436188936,-1,-1,-1,1,0.24693875,0.45544202,0.45544202,1,0,0,0,0
49.1,1.64406478,-1.81052536,-90.02231,0.0799917653,-0.00012352027,FollowWall,following_right_wall,0,14,42,0.436165452,-1,-1,-1,1,0.247131228,0.451439983,0.451439983,1,0,0,0,0
49.15,1.64406311,-1.81452164,-90.0255069,0.0799917653,-0.00012352027,FollowWall,following_right_wall,0,14,42,0.436165452,-1,-1,-1,1,0.247131228,0.447438739,0.447438739,1,0,0,0,0
49.2,1.64406126,-1.8185193,-90.0275193,0.0799139822,-0.00129026662,FollowWall,following_right_wall,0,14,42,0.436175764,-1,-1,-1,1,0.246881664,0.443437955,0.443437955,1,0,0,0,0
49.25,1.64405924,-1.82251614,-90.0302333,0.0799139822,-0.00129026662,FollowWall,following_right_wall,0,14,42,0.436175764,-1,-1,-1,1,0.246881664,0.439436899,0.439436899,1,0,0,0,0
49.3,1.64405703,-1.82651251,-90.0333566,0.0798189804,-0.00271529388,FollowWall,following_right_wall,0,14,42,0.436148703,-1,-1,-1,1,0.246903673,0.435435683,0.435435683,1,0,0,0,0
49.35,1.64405452,-1.83050662,-90.0384196,0.0798189804,-0.00271529388,FollowWall,following_right_wall,0,14,42,0.436148703,-1,-1,-1,1,0.246903673,0.431433712,0.431433712,1,0,0,0,0
49.4,1.64405163,-1.83449941,-90.0446142,0.0797237169,-0.00414424635,FollowWall,following_right_wall,0,14,42,0.436035097,-1,-1,-1,1,0.246808693,0.427431302,0.427431302,1,0,0,0,0
49.45,1.64404823,-1.83848945,-90.0531746,0.0797237169,-0.00414424635,FollowWall,following_right_wall,0,14,42,0.436035097,-1,-1,-1,1,0.246808693,0.423427971,0.423427971,1,0,0,0,0
49.5,1.64404418,-1.84247788,-90.0631149,0.079697587,-0.00453619557,FollowWall,following_right_wall,0,14,42,0.435815275,-1,-1,-1,1,0.247022718,0.419424106,0.419424106,1,0,0,0,0
49.55,1.6440394,-1.84646483,-90.0743282,0.079697587,-0.00453619557,FollowWall,following_right_wall,0,14,42,0.435815275,-1,-1,-1,1,0.247022718,0.415419747,0.415419747,1,0,0,0,0
49.6,1.64403381,-1.85045091,-90.0862839,0.0797583257,-0.00362511457,FollowWall,following_right_wall,0,14,42,0.435513943,-1,-1,-1,1,0.246734232,0.411415101,0.411415101,1,0,0,0,0
49.65,1.64402741,-1.85443776,-90.0975853,0.0797583257,-0.00362511457,FollowWall,following_right_wall,0,14,42,0.435513943,-1,-1,-1,1,0.246734232,0.407410713,0.407410713,1,0,0,0,0
49.7,1.64402024,-1.85842505,-90.1085049,0.0798109861,-0.00283520777,FollowWall,following_right_wall,0,14,42,0.435187191,-1,-1,-1,1,0.246679142,0.403406477,0.403406477,1,0,0,0,0
49.75,1.64401235,-1.86241369,-90.1182589,0.0798109861,-0.00283520777,FollowWall,following_right_wall,0,14,42,0.435187191,-1,-1,-1,1,0.246679142,0.399402695,0.399402695,1,1,0,0,0
49.8,1.6440038,-1.86640312,-90.1273331,0.0798519163,-0.00222125571,FollowWall,following_right_wall,0,14,42,0.434860468,-1,-1,-1,1,0.246871725,0.39539918,0.39539918,1,1,0,0,0
49.85,1.64399465,-1.87039387,-90.1352777,0.0798519163,-0.00222125571,FollowWall,following_right_wall,0,14,42,0.434860468,-1,-1,-1,1,0.246871725,0.391396106,0.391396106,1,1,0,0,0
49.9,1.64398497,-1.87438538,-90.1425636,0.0797907008,-0.0031394882,FollowWall,following_right_wall,0,14,42,0.434537351,-1,-1,-1,1,0.246840268,0.38739329,0.38739329,1,1,0,0,0
49.95,1.64397477,-1.87837606,-90.1505611,0.0797907008,-0.0031394882,FollowWall,following_right_wall,0,14,42,0.434537351,-1,-1,-1,1,0.246840268,0.383390199,0.383390199,1,1,0,0,0
50,1.64396399,-1.88236626,-90.1589738,0.0796747554,-0.00487866951,FollowWall,following_right_wall,0,14,42,0.434171647,-1,-1,-1,1,0.246987492,0.379386949,0.379386949,1,1,0,0,0
50.05,1.64395255,-1.88635375,-90.1697048,0.0796747554,-0.00487866951,FollowWall,following_right_wall,0,14,42,0.434171647,-1,-1,-1,1,0.246987492,0.375382803,0.375382803,1,1,0,0,0
50.1,1.64394032,-1.89033968,-90.1817879,0.0795644579,-0.00653313213,FollowWall,following_right_wall,0,14,42,0.433712035,-1,-1,-1,1,0.247085869,0.371378137,0.371378137,1,1,0,0,0
50.15,1.64392717,-1.89432238,-90.1966348,0.0795644579,-0.00653313213,FollowWall,following_right_wall,0,14,42,0.433712035,-1,-1,-1,1,0.247085869,0.367372404,0.367372404,1,1,0,0,0
50.2,1.64391294,-1.8983032,-90.2130938,0.0794795131,-0.00780730319,FollowWall,following_right_wall,0,14,42,0.429797798,-1,-1,-1,1,0.247398898,0.363366053,0.363366053,1,1,0,0,0
50.25,1.64389749,-1.90228116,-90.2320142,0.0794795131,-0.00780730319,FollowWall,following_right_wall,0,14,42,0.429797798,-1,-1,-1,1,0.247398898,0.359358757,0.359358757,1,1,0,0,0
50.3,1.64388068,-1.90625744,-90.2523704,0.0794402376,-0.00839643669,FollowWall,following_right_wall,0,14,42,0.42178297,-1,-1,-1,1,0.24766764,0.355350915,0.355350915,1,1,0,0,0
50.35,1.64386241,-1.91023192,-90.2742673,0.0794402376,-0.00839643669,FollowWall,following_right_wall,0,14,42,0.42178297,-1,-1,-1,1,0.24766764,0.351342489,0.351342489,1,1,0,0,0
50.4,1.6438426,-1.91420534,-90.2970631,0.0793506898,-0.00973965231,FollowWall,following_right_wall,0,14,42,0.413804591,-1,-1,-1,1,0.247454569,0.347333729,0.347333729,1,1,0,0,0
50.45,1.64382115,-1.91817629,-90.3219864,0.0793506898,-0.00973965231,FollowWall,following_right_wall,0,14,42,0.413804591,-1,-1,-1,1,0.247454569,0.343324162,0.343324162,1,1,0,0,0
50.5,1.64379794,-1.92214577,-90.3481509,0.0793793237,-0.00931014459,FollowWall,following_right_wall,0,14,42,0.40586409,-1,-1,-1,1,0.247543886,0.339314133,0.339314133,1,1,0,0,0
50.55,1.6437729,-1.92611501,-90.3745267,0.0793793237,-0.00931014459,FollowWall,following_right_wall,0,14,42,0.40586409,-1,-1,-1,1,0.247543886,0.335304042,0.335304042,1,1,0,0,0
50.6,1.64374604,-1.93008408,-90.4010257,0.0795425675,-0.00686148824,FollowWall,following_right_wall,0,14,42,0.397955984,-1,-1,-1,1,0.247681916,0.331293924,0.331293924,1,1,0,0,0
50.65,1.64371742,-1.93405646,-90.4246738,0.0795425675,-0.00686148824,FollowWall,following_right_wall,0,14,42,0.397955984,-1,-1,-1,1,0.247681916,0.327284923,0.327284923,1,1,0,0,0
50.7,1.6436872,-1.93803077,-90.4466588,0.0796632124,-0.0050518139,FollowWall,following_right_wall,0,14,42,0.390069306,-1,-1,-1,1,0.24757944,0.323276581,0.323276581,1,1,0,0,0
50.75,1.64365553,-1.9420087,-90.4655135,0.0796632124,-0.0050518139,FollowWall,following_right_wall,0,14,42,0.390069306,-1,-1,-1,1,0.24757944,0.319269458,0.319269458,1,1,0,0,0
50.8,1.6436226,-1.94598875,-90.4825423,0.0797429759,-0.00385536095,FollowWall,following_right_wall,0,14,42,0.382200629,-1,-1,-1,1,0.247214019,0.315263051,0.315263051,1,1,0,0,0
50.85,1.64358855,-1.94997169,-90.4970777,0.0797429759,-0.00385536095,FollowWall,following_right_wall,0,14,42,0.382200629,-1,-1,-1,1,0.247214019,0.311257614,0.311257614,1,1,0,0,0
50.9,1.64355353,-1.95395632,-90.5101587,0.0798906821,-0.00163976775,FollowWall,following_right_wall,0,14,42,0.374351174,-1,-1,-1,1,0.246835634,0.307252746,0.307252746,1,1,0,0,0
50.95,1.64351768,-1.957945,-90.5197467,0.0798906821,-0.00163976775,FollowWall,following_right_wall,0,14,42,0.374351174,-1,-1,-1,1,0.246835634,0.303249227,0.303249227,1,1,0,0,0
51,1.64348121,-1.96193605,-90.5272969,0.0799682562,0.00047615664,FollowWall,following_right_wall,0,14,42,0.366426408,-1,-1,-1,1,0.246774018,0.299246497,0.299246497,1,1,0,0,0
51.05,1.64344432,-1.96593009,-90.5311329,0.0799682562,0.00047615664,FollowWall,following_right_wall,0,14,42,0.366426408,-1,-1,-1,1,0.246774018,0.295246519,0.295246519,1,1,0,0,0
51.1,1.64340722,-1.96992589,-90.5328022,0.0798508898,0.00223665238,FollowWall,following_right_wall,0,14,42,0.358385205,-1,-1,-1,1,0.246613294,0.291248145,0.291248145,1,1,0,0,0
51.15,1.64337013,-1.97392025,-90.5311061,0.0798508898,0.00223665238,FollowWall,following_right_wall,0,14,42,0.358385205,-1,-1,-1,1,0.246613294,0.287256402,0.287256402,1,1,0,0,0
51.2,1.64333324,-1.97791379,-90.5274469,0.0798744313,0.00188353095,FollowWall,following_right_wall,0,14,42,0.350379288,-1,-1,-1,1,0.246301323,0.283268526,0.283268526,1,1,0,0,0
51.25,1.64329663,-1.98190734,-90.5230641,0.0798744313,0.00188353095,FollowWall,following_right_wall,0,14,42,0.350379288,-1,-1,-1,1,0.246301323,0.279281761,0.279281761,1,1,0,0,0
51.3,1.64326033,-1.98590089,-90.5182592,0.0799003091,0.00149536291,FollowWall,following_right_wall,0,14,42,0.342405707,-1,-1,-1,1,0.246119097,0.275295644,0.275295644,1,1,0,0,0
51.35,1.64322437,-1.98989498,-90.5136713,0.0799003091,0.00149536291,FollowWall,following_right_wall,0,14,42,0.342405707,-1,-1,-1,1,0.246119097,0.271308646,0.271308646,1,1,0,0,0
51.4,1.64318871,-1.9938894,-90.5092101,0.0799232,0.00115200029,FollowWall,following_right_wall,0,14,42,0.334461063,-1,-1,-1,1,0.246312141,0.267321135,0.267321135,1,1,0,0,0
51.45,1.64315334,-1.99788448,-90.5052326,0.0799232,0.00115200029,FollowWall,following_right_wall,0,14,42,0.334461063,-1,-1,-1,1,0.246312141,0.263332212,0.263332212,1,1,0,0,0
51.5,1.64311824,-2.00187994,-90.5015374,0.0798642288,0.00203656858,FollowWall,following_right_wall,0,14,42,0.326544046,-1,-1,-1,1,0.246216446,0.259342464,0.259342464,1,1,0,0,0
51.55,1.64308343,-2.00587441,-90.4969508,0.0798642288,0.00203656858,FollowWall,following_right_wall,0,14,42,0.326544046,-1,-1,-1,1,0.246216446,0.255355097,0.255355097,1,1,0,0,0
51.6,1.64304897,-2.00986829,-90.4918443,0.0797268973,0.00409653977,FollowWall,following_right_wall,0,14,42,0.318659067,-1,-1,-1,1,0.245950699,0.251369117,0.251369117,1,1,0,0,0
51.65,1.64301498,-2.01385897,-90.4839757,0.0797268973,0.00409653977,FollowWall,following_right_wall,0,14,42,0.318659067,-1,-1,-1,1,0.245950699,0.247390611,0.247390611,1,1,0,0,0
51.7,1.64298162,-2.01784779,-90.4744957,0.0795982585,0.00602612258,FollowWall,following_right_wall,0,14,42,0.310813069,-1,-1,-1,1,0.245938525,0.243416463,0.243416463,1,1,0,0,0
51.75,1.64294906,-2.02183285,-90.4617726,0.0795982585,0.00602612258,FollowWall,following_right_wall,0,14,42,0.310813069,-1,-1,-1,1,0.245938525,0.239451099,0.239451099,1,1,0,0,0
51.8,1.64291747,-2.02581572,-90.4471577,0.0794828962,0.0077565571,FollowWall,following_right_wall,0,14,42,0.302794367,-1,-1,-1,1,0.246154666,0.235490857,0.235490857,1,1,0,0,0
51.85,1.64288703,-2.02979491,-90.4293735,0.0794828962,0.0077565571,FollowWall,following_right_wall,0,14,42,0.302794367,-1,-1,-1,1,0.246154666,0.231539202,0.231539202,1,1,0,0,0
51.9,1.64285791,-2.03377196,-90.4097408,0.079520522,0.00719217074,FollowWall,following_right_wall,0,14,42,0.2946679,-1,-1,-1,1,0.245958254,0.227592554,0.227592554,1,1,0,0,0
51.95,1.64283016,-2.03774854,-90.3897033,0.079520522,0.00719217074,FollowWall,following_right_wall,0,14,42,0.2946679,-1,-1,-1,1,0.245958254,0.223646998,0.223646998,1,1,0,0,0
52,1.64280382,-2.04172487,-90.3694298,0.0795717409,0.00642388605,FollowWall,following_right_wall,0,14,42,0.28657198,-1,-1,-1,1,0.246137723,0.219702077,0.219702077,1,1,0,0,0
52.05,1.64277885,-2.04570211,-90.3499356,0.0795717409,0.00642388605,FollowWall,following_right_wall,0,14,42,0.28657198,-1,-1,-1,1,0.246137723,0.215755037,0.215755037,1,1,0,0,0
52.1,1.64275522,-2.04967988,-90.330896,0,0.6,TurnLeft,front_sector_priority,0,14,42,0.278501958,-1,-1,-1,1,0.246416435,0.21180676,0.21180676,1,1,0,0,0
52.15,1.64275654,-2.05200029,-89.6035924,0,0.6,TurnLeft,front_sector_priority,0,14,42,0.278501958,-1,-1,-1,1,0.246416435,0.209384866,0.209384866,1,1,0,0,0
52.2,1.64277938,-2.05335367,-88.4631347,0,0.6,TurnLeft,front_sector_priority,0,14,42,0.274910122,-1,-1,-1,1,0.245012179,0.206273005,0.206273005,1,1,0,0,0
52.25,1.64281007,-2.05414266,-87.0816704,0,0.6,TurnLeft,front_sector_priority,0,14,42,0.274910122,-1,-1,-1,1,0.245012179,0.203375416,0.203375416,1,1,0,0,0
52.3,1.64283963,-2.0546023,-85.559619,0,0.6,TurnLeft,front_sector_priority,0,14,42,0.273430198,-1,-1,-1,1,0.243772417,0.200621227,0.200621227,1,1,0,0,0
52.35,1.64286418,-2.05486985,-83.9555585,0,0.6,TurnLeft,front_sector_priority,0,14,42,0.273430198,-1,-1,-1,1,0.243772417,0.197969721,0.197969721,1,1,0,0,0
52.4,1.64288293,-2.05502546,-82.3036593,0,0.6,TurnLeft,front_sector_priority,0,14,42,0.272834837,-1,-1,-1,1,0.242974192,0.195397718,0.195397718,1,1,0,0,0
52.45,1.6428965,-2.05511587,-80.6238541,0,0.6,TurnLeft,front_sector_priority,0,14,42,0.272834837,-1,-1,-1,1,0.242974192,0.192892354,0.192892354,1,1,0,0,0
52.5,1.64290596,-2.05516835,-78.9277706,0,0.6,TurnLeft,front_sector_priority,0,14,42,0.272534937,-1,-1,-1,1,0.243024424,0.19044686,0.19044686,1,1,0,0,0
52.55,1.64291239,-2.05519879,-77.2221912,0,0.6,TurnLeft,front_sector_priority,0,14,42,0.272534937,-1,-1,-1,1,0.243024424,0.188058073,0.188058073,1,1,0,0,0
52.6,1.64291667,-2.05521643,-75.5110727,0,0.6,TurnLeft,front_sector_priority,0,14,42,0.271942347,-1,-1,-1,1,0.243583709,0.185724955,0.185724955,1,1,0,0,0
52.65,1.64291947,-2.05522664,-73.796723,0,0.6,TurnLeft,front_sector_priority,0,14,42,0.271942347,-1,-1,-1,1,0.243583709,0.183447712,0.183447712,1,1,0,0,0
52.7,1.64292128,-2.05523254,-72.0804884,0,0.6,TurnLeft,front_sector_priority,0,14,42,0.271323323,-1,-1,-1,1,0.246218726,0.181227273,0.181227273,1,1,0,0,0
52.75,1.64292244,-2.05523595,-70.3631543,0,0.6,TurnLeft,front_sector_priority,0,14,42,0.271323323,-1,-1,-1,1,0.246218726,0.179064969,0.179064969,1,1,0,0,0
52.8,1.64292318,-2.05523792,-68.6451789,0,0.6,TurnLeft,front_sector_priority,0,14,42,0.27094847,-1,-1,-1,1,0.249516428,0.176962353,0.176962353,1,1,0,0,0
52.85,1.64292364,-2.05523905,-66.9268293,0,0.6,TurnLeft,front_sector_priority,0,14,42,0.27094847,-1,-1,-1,1,0.249516428,0.174921085,0.174921085,1,1,0,0,0
52.9,1.64292393,-2.05523971,-65.2082615,0,0.6,TurnLeft,front_sector_priority,0,14,42,0.269827008,-1,-1,-1,1,0.254106671,0.172942864,0.172942864,1,1,0,0,0
52.95,1.64292411,-2.05524008,-63.4895663,0,0.6,TurnLeft,front_sector_priority,0,14,42,0.269827008,-1,-1,-1,1,0.254106671,0.171029389,0.171029389,1,1,0,0,0
53,1.64292422,-2.0552403,-61.7707969,0,0.6,TurnLeft,front_sector_priority,0,14,42,0.269331247,-1,-1,-1,1,0.260397494,0.169182335,0.169182335,1,1,0,0,0
53.05,1.64292429,-2.05524042,-60.0519841,0,0.6,TurnLeft,front_sector_priority,0,14,42,0.269331247,-1,-1,-1,1,0.260397494,0.167403335,0.167403335,1,1,0,0,0
53.1,1.64292433,-2.0552405,-58.3331461,0,0.6,TurnLeft,front_sector_priority,0,14,42,0.268101364,-1,-1,-1,1,0.267519861,0.165693973,0.165693973,1,1,0,0,0
53.15,1.64292436,-2.05524054,-56.6142934,0,0.6,TurnLeft,front_sector_priority,0,14,42,0.268101364,-1,-1,-1,1,0.267519861,0.164055779,0.164055779,1,1,0,0,0
53.2,1.64292438,-2.05524056,-54.895432,0,0.6,TurnLeft,front_sector_priority,0,14,42,0.267365694,-1,-1,-1,1,0.276135355,0.162490221,0.162490221,1,1,0,0,0
53.25,1.64292439,-2.05524057,-53.1765657,0,0.6,TurnLeft,front_sector_priority,0,14,42,0.267365694,-1,-1,-1,1,0.276135355,0.160998704,0.160998704,1,1,0,0,0
53.3,1.64292439,-2.05524058,-51.4576964,0,0.6,TurnLeft,front_sector_priority,0,14,42,0.267513037,-1,-1,-1,1,0.286624461,0.15958257,0.15958257,1,1,0,0,0
53.35,1.64292439,-2.05524058,-49.7388254,0,0.6,TurnLeft,front_sector_priority,0,14,42,0.267513037,-1,-1,-1,1,0.286624461,0.15824309,0.15824309,1,1,0,0,0
53.4,1.6429244,-2.05524059,-48.0199534,0,0.6,TurnLeft,front_sector_priority,0,14,42,0.268532902,-1,-1,-1,1,0.299338609,0.15698147,0.15698147,1,1,0,0,0
53.45,1.6429244,-2.05524059,-46.3010808,0,0.6,TurnLeft,front_sector_priority,0,14,42,0.268532902,-1,-1,-1,1,0.299338609,0.155798844,0.155798844,1,1,0,0,0
53.5,1.6429244,-2.05524059,-44.5822079,0,0.6,TurnLeft,front_sector_priority,0,14,42,0.269925445,-1,-1,-1,1,0.311505973,0.154696278,0.154696278,1,1,0,0,0
53.55,1.6429244,-2.05524059,-42.8633348,0,0.6,TurnLeft,front_sector_priority,0,14,42,0.269925445,-1,-1,-1,1,0.311505973,0.153674762,0.153674762,1,1,0,0,0
53.6,1.6429244,-2.05524059,-41.1444616,0,0.6,TurnLeft,front_sector_priority,0,14,42,0.272260338,-1,-1,-1,1,0.30763793,0.152735217,0.152735217,1,1,0,0,0
53.65,1.6429244,-2.05524059,-39.4255883,0,0.6,TurnLeft,front_sector_priority,0,14,42,0.272260338,-1,-1,-1,1,0.30763793,0.151878487,0.151878487,1,1,0,0,0
53.7,1.6429244,-2.05524059,-37.706715,0,0.6,TurnLeft,front_sector_priority,0,14,42,0.275593758,-1,-1,-1,1,0.306574523,0.151105344,0.151105344,1,1,0,0,0
53.75,1.6429244,-2.05524059,-35.9878416,0,0.6,TurnLeft,front_sector_priority,0,14,42,0.275593758,-1,-1,-1,1,0.306574523,0.150416483,0.150416483,1,1,0,0,0
53.8,1.6429244,-2.05524059,-34.2689683,0,0.6,TurnLeft,front_sector_priority,0,14,42,0.280003756,-1,-1,-1,1,0.305651158,0.149812524,0.149812524,1,1,0,0,0
53.85,1.6429244,-2.05524059,-32.5500949,0,0.6,TurnLeft,front_sector_priority,0,14,42,0.280003756,-1,-1,-1,1,0.305651158,0.149294011,0.149294011,1,1,0,0,0
53.9,1.6429244,-2.05524059,-30.8312215,0,0.6,TurnLeft,front_sector_priority,0,14,42,0.285594553,-1,-1,-1,1,0.302203536,0.148861411,0.148861411,1,1,0,0,0
53.95,1.6429244,-2.05524059,-29.1123481,0,0.6,TurnLeft,front_sector_priority,0,14,42,0.285594553,-1,-1,-1,1,0.302203536,0.148515112,0.148515112,1,1,0,0,0
54,1.6429244,-2.05524059,-27.3934747,0,0.6,TurnLeft,front_sector_priority,0,14,42,0.292502135,-1,-1,-1,1,0.293836236,0.148255427,0.148255427,1,1,0,0,0
54.05,1.6429244,-2.05524059,-25.6746013,0,0.6,TurnLeft,front_sector_priority,0,14,42,0.292502135,-1,-1,-1,1,0.293836236,0.148082589,0.148082589,1,1,0,0,0
54.1,1.6429244,-2.05524059,-23.955728,0,0.6,TurnLeft,front_sector_priority,0,14,42,0.300902545,-1,-1,-1,1,0.282921433,0.147996753,0.147996753,1,1,0,0,0
54.15,1.6429244,-2.05524059,-22.2368546,0,0.6,TurnLeft,front_sector_priority,0,14,42,0.300902545,-1,-1,-1,1,0.282921433,0.147997998,0.147996753,1,1,0,0,0
54.2,1.6429244,-2.05524059,-20.5179812,0,0.6,TurnLeft,front_sector_priority,0,14,42,0.311023146,-1,-1,-1,1,0.273999542,0.148086321,0.147996753,1,1,0,0,0
54.25,1.6429244,-2.05524059,-18.7991078,0,0.6,TurnLeft,front_sector_priority,0,14,42,0.311023146,-1,-1,-1,1,0.273999542,0.148261643,0.147996753,1,1,0,0,0
54.3,1.6429244,-2.05524059,-17.0802344,0,0.6,TurnLeft,front_sector_priority,0,14,42,0.32315892,-1,-1,-1,1,0.266994029,0.148523807,0.147996753,1,1,0,0,0
54.35,1.6429244,-2.05524059,-15.361361,0,0.6,TurnLeft,front_sector_priority,0,14,42,0.32315892,-1,-1,-1,1,0.266994029,0.148872576,0.147996753,1,1,0,0,0
54.4,1.6429244,-2.05524059,-13.6424877,0,0.6,TurnLeft,front_sector_priority,0,14,42,0.337695628,-1,-1,-1,1,0.259906888,0.149307637,0.147996753,1,1,0,0,0
54.45,1.6429244,-2.05524059,-11.9236143,0,0.6,TurnLeft,front_sector_priority,0,14,42,0.337695628,-1,-1,-1,1,0.259906888,0.149828598,0.147996753,1,1,0,0,0
54.5,1.6429244,-2.05524059,-10.2047409,0,0.6,TurnLeft,front_sector_priority,0,14,42,0.355144143,-1,-1,-1,1,0.254973531,0.150434991,0.147996753,1,1,0,0,0
54.55,1.6429244,-2.05524059,-8.4858675,0,0.6,TurnLeft,front_sector_priority,0,14,42,0.355144143,-1,-1,-1,1,0.254973531,0.151126269,0.147996753,1,1,0,0,0
54.6,1.6429244,-2.05524059,-6.76699411,0,0.6,TurnLeft,front_sector_priority,0,14,42,0.376191884,-1,-1,-1,1,0.252379119,0.15190181,0.147996753,1,1,0,0,0
54.65,1.6429244,-2.05524059,-5.04812073,0,0.6,TurnLeft,front_sector_priority,0,14,42,0.376191884,-1,-1,-1,1,0.252379119,0.152760917,0.147996753,1,1,0,0,0
54.7,1.6429244,-2.05524059,-3.32924734,0.0759663553,0.0605046712,FollowWall,following_right_wall,0,14,42,0.385384083,-1,-1,-1,1,0.249864504,0.153702817,0.147996753,1,1,0,0,0
54.75,1.64450515,-2.05531767,-2.25434907,0.0759663553,0.0605046712,FollowWall,following_right_wall,0,14,42,0.385384083,-1,-1,-1,1,0.249864504,0.154256451,0.147996753,1,1,0,0,0
54.8,1.6470096,-2.05540096,-1.55510294,0.0784312061,0.0235319079,FollowWall,following_right_wall,0,14,42,0.381348908,-1,-1,-1,1,0.248451889,0.15460056,0.147996753,1,1,0,0,0
54.85,1.65010448,-2.0554732,-1.11912023,0.0784312061,0.0235319079,FollowWall,following_right_wall,0,14,42,0.381348908,-1,-1,-1,1,0.248451889,0.154801594,0.147996753,1,1,0,0,0
54.9,1.6535438,-2.05553191,-0.836707827,0.0795069177,0.00739623517,FollowWall,following_right_wall,0,14,42,0.37486282,-1,-1,-1,1,0.247781694,0.154922675,0.147996753,1,1,0,0,0
54.95,1.65720644,-2.05557985,-0.663138656,0.0795069177,0.00739623517,FollowWall,following_right_wall,0,14,42,0.37486282,-1,-1,-1,1,0.247781694,0.15498631,0.147996753,1,1,0,0,0
55,1.66099935,-2.05562011,-0.553061367,0.0799885838,0.000171243494,FollowWall,following_right_wall,0,14,42,0.367390752,-1,-1,-1,1,0.247618139,0.155017241,0.147996753,1,1,0,0,0
55.05,1.66487827,-2.05565537,-0.488645209,0.0799885838,0.000171243494,FollowWall,following_right_wall,0,14,42,0.367390752,-1,-1,-1,1,0.247618139,0.155023789,0.147996753,1,1,0,0,0
55.1,1.66880736,-2.05568758,-0.450864709,0.079900471,-0.00149293446,FollowWall,following_right_wall,0,14,42,0.359545439,-1,-1,-1,1,0.247232363,0.155016149,0.147996753,1,1,0,0,0
55.15,1.67276389,-2.05571802,-0.430608144,0.079900471,-0.00149293446,FollowWall,following_right_wall,0,14,42,0.359545439,-1,-1,-1,1,0.247232363,0.154998906,0.147996753,1,1,0,0,0
55.2,1.67673641,-2.05574753,-0.420573873,0.0798864101,-0.00170384899,FollowWall,following_right_wall,0,14,42,0.351588666,-1,-1,-1,1,0.247074783,0.154975937,0.147996753,1,1,0,0,0
55.25,1.68071798,-2.05577662,-0.416754369,0.0798864101,-0.00170384899,FollowWall,following_right_wall,0,14,42,0.351588666,-1,-1,-1,1,0.247074783,0.154949333,0.147996753,1,1,0,0,0
55.3,1.68470481,-2.05580562,-0.416560144,0.07990966,-0.00135510024,FollowWall,following_right_wall,0,14,42,0.343616009,-1,-1,-1,1,0.247174278,0.154920466,0.147996753,1,1,0,0,0
55.35,1.68869521,-2.05583468,-0.418064378,0.07990966,-0.00135510024,FollowWall,following_right_wall,0,14,42,0.343616009,-1,-1,-1,1,0.247174278,0.154890421,0.147996753,1,1,0,0,0
55.4,1.69268768,-2.0558639,-0.42055938,0.0798737686,-0.00189347101,FollowWall,following_right_wall,0,14,42,0.335657746,-1,-1,-1,1,0.247313023,0.154859576,0.147996753,1,1,0,0,0
55.45,1.69668061,-2.05589334,-0.424274962,0.0798737686,-0.00189347101,FollowWall,following_right_wall,0,14,42,0.335657746,-1,-1,-1,1,0.247313023,0.154827716,0.147996753,1,1,0,0,0
55.5,1.70067381,-2.05592306,-0.42870255,0.0797751846,-0.00337223114,FollowWall,following_right_wall,0,14,42,0.327638268,-1,-1,-1,1,0.247270659,0.154795106,0.147996753,1,1,0,0,0
55.55,1.70466511,-2.05595316,-0.435310614,0.0797751846,-0.00337223114,FollowWall,following_right_wall,0,14,42,0.327638268,-1,-1,-1,1,0.247270659,0.154760706,0.147996753,1,1,0,0,0
55.6,1.7086553,-2.05598375,-0.443190622,0.0796900361,-0.004649458,FollowWall,following_right_wall,0,14,42,0.319565505,-1,-1,-1,1,0.247447759,0.154724983,0.147996753,1,1,0,0,0
55.65,1.71264306,-2.05601495,-0.453337175,0.0796900361,-0.004649458,FollowWall,following_right_wall,0,14,42,0.319565505,-1,-1,-1,1,0.247447759,0.154687177,0.147996753,1,1,0,0,0
55.7,1.71662941,-2.05604689,-0.464805879,0.0796439554,-0.00534066916,FollowWall,following_right_wall,0,14,42,0.311493754,-1,-1,-1,1,0.247762591,0.154647774,0.147996753,1,1,0,0,0
55.75,1.72061397,-2.05607967,-0.477870911,0.0796439554,-0.00534066916,FollowWall,following_right_wall,0,14,42,0.311493754,-1,-1,-1,1,0.247762591,0.154606496,0.147996753,1,1,0,0,0
55.8,1.72459748,-2.05611338,-0.491867134,0.0796814032,-0.00477895217,FollowWall,following_right_wall,0,14,42,0.303458363,-1,-1,-1,1,0.24792479,0.154563687,0.147996753,1,1,0,0,0
55.85,1.72858116,-2.05614806,-0.505736051,0.0796814032,-0.00477895217,FollowWall,following_right_wall,0,14,42,0.303458363,-1,-1,-1,1,0.24792479,0.154519995,0.147996753,1,1,0,0,0
55.9,1.73256493,-2.0561837,-0.519530707,0.0796369009,-0.00544648638,FollowWall,following_right_wall,0,14,42,0.295454115,-1,-1,-1,1,0.247723594,0.154475393,0.147996753,1,1,0,0,0
55.95,1.73654782,-2.05622033,-0.534078853,0.0796369009,-0.00544648638,FollowWall,following_right_wall,0,14,42,0.295454115,-1,-1,-1,1,0.247723594,0.154429331,0.147996753,1,1,0,0,0
56,1.7405302,-2.05625797,-0.549066537,0.0796483859,-0.00527421154,FollowWall,following_right_wall,0,14,42,0.287482888,-1,-1,-1,1,0.247539043,0.154381968,0.147996753,1,1,0,0,0
56.05,1.74451251,-2.05629666,-0.564104978,0.0796483859,-0.00527421154,FollowWall,following_right_wall,0,14,42,0.287482888,-1,-1,-1,1,0.247539043,0.154333535,0.147996753,1,1,0,0,0
56.1,1.74849477,-2.05633639,-0.579173029,0,0.6,TurnLeft,front_sector_priority,0,14,42,0.279543072,-1,-1,-1,1,0.247427493,0.154284043,0.147996753,1,1,0,0,0
56.15,1.75081786,-2.05634553,0.128234519,0,0.6,TurnLeft,front_sector_priority,0,14,42,0.279543072,-1,-1,-1,1,0.247427493,0.154426406,0.147996753,1,1,0,0,0
56.2,1.75217291,-2.05632915,1.25708617,0,0.6,TurnLeft,front_sector_priority,0,14,42,0.275939167,-1,-1,-1,1,0.246316254,0.152454542,0.147996753,1,1,0,0,0
56.25,1.75296295,-2.05630233,2.6317802,0,0.6,TurnLeft,front_sector_priority,0,14,42,0.275939167,-1,-1,-1,1,0.246316254,0.150108004,0.147996753,1,1,0,0,0
56.3,1.75342327,-2.05627505,4.1498823,0,0.6,TurnLeft,front_sector_priority,0,14,42,0.274670422,-1,-1,-1,1,0.244760409,0.147576981,0.147576981,1,1,0,0,0
56.35,1.75369126,-2.05625184,5.75163911,0,0.6,TurnLeft,front_sector_priority,0,14,42,0.274670422,-1,-1,-1,1,0.244760409,0.144974133,0.144974133,1,1,0,0,0
56.4,1.75384714,-2.05623387,7.40219448,0,0.6,TurnLeft,front_sector_priority,0,14,42,0.274098635,-1,-1,-1,1,0.24356617,0.142366815,0.142366815,1,1,0,0,0
56.45,1.75393772,-2.05622075,9.0812157,0,0.6,TurnLeft,front_sector_priority,0,14,42,0.274098635,-1,-1,-1,1,0.24356617,0.139795714,0.139795714,1,1,0,0,0
56.5,1.75399031,-2.05621154,10.776842,0,0.6,TurnLeft,front_sector_priority,0,14,42,0.273609668,-1,-1,-1,1,0.243563622,0.137285767,0.137285767,1,1,0,0,0
56.55,1.75402082,-2.05620526,12.4821546,0,0.6,TurnLeft,front_sector_priority,0,14,42,0.273609668,-1,-1,-1,1,0.243563622,0.134852576,0.134852576,1,1,0,0,0
56.6,1.7540385,-2.05620107,14.1931175,0,0.6,TurnLeft,front_sector_priority,0,14,42,0.273361295,-1,-1,-1,1,0.244130895,0.132506198,0.132506198,1,1,0,0,0
56.65,1.75404873,-2.05619832,15.9073764,0,0.6,TurnLeft,front_sector_priority,0,14,42,0.273361295,-1,-1,-1,1,0.244130895,0.130253377,0.130253377,1,1,0,0,0
56.7,1.75405465,-2.05619653,17.623558,0,0.6,TurnLeft,front_sector_priority,0,14,42,0.272454202,-1,-1,-1,1,0.245992556,0.128098867,0.128098867,1,1,0,0,0
56.75,1.75405807,-2.05619539,19.3408612,0,0.6,TurnLeft,front_sector_priority,0,14,42,0.272454202,-1,-1,-1,1,0.245992556,0.126046211,0.126046211,1,1,0,0,0
56.8,1.75406005,-2.05619466,21.0588187,0,0.6,TurnLeft,front_sector_priority,0,14,42,0.272347242,-1,-1,-1,1,0.249793768,0.124098197,0.124098197,1,1,0,0,0
56.85,1.75406119,-2.05619421,22.7771578,0,0.6,TurnLeft,front_sector_priority,0,14,42,0.272347242,-1,-1,-1,1,0.249793768,0.122257131,0.122257131,1,1,0,0,0
56.9,1.75406184,-2.05619392,24.4957195,0,0.6,TurnLeft,front_sector_priority,0,14,42,0.271101028,-1,-1,-1,1,0.254233062,0.120524995,0.120524995,1,1,0,0,0
56.95,1.75406222,-2.05619374,26.214411,0,0.6,TurnLeft,front_sector_priority,0,14,42,0.271101028,-1,-1,-1,1,0.254233062,0.118903536,0.118903536,1,1,0,0,0
57,1.75406244,-2.05619363,27.9331784,0,0.6,TurnLeft,front_sector_priority,0,14,42,0.270579487,-1,-1,-1,1,0.259494752,0.117394326,0.117394326,1,1,0,0,0
57.05,1.75406256,-2.05619356,29.6519899,0,0.6,TurnLeft,front_sector_priority,0,14,42,0.270579487,-1,-1,-1,1,0.259494752,0.115998787,0.115998787,1,1,0,0,0
57.1,1.75406263,-2.05619352,31.3708272,0,0.6,TurnLeft,front_sector_priority,0,14,42,0.269516051,-1,-1,-1,1,0.26613155,0.114718214,0.114718214,1,1,0,0,0
57.15,1.75406267,-2.05619349,33.0896795,0,0.6,TurnLeft,front_sector_priority,0,14,42,0.269516051,-1,-1,-1,1,0.26613155,0.11355378,0.11355378,1,1,0,0,0
57.2,1.7540627,-2.05619348,34.8085406,0,0.6,TurnLeft,front_sector_priority,0,14,42,0.26849696,-1,-1,-1,1,0.275121421,0.112506547,0.112506547,1,1,0,0,0
57.25,1.75406271,-2.05619347,36.5274069,0,0.6,TurnLeft,front_sector_priority,0,14,42,0.26849696,-1,-1,-1,1,0.275121421,0.111577465,0.111577465,1,1,0,0,0
57.3,1.75406272,-2.05619346,38.2462761,0,0.6,TurnLeft,front_sector_priority,0,14,42,0.268364012,-1,-1,-1,1,0.286031783,0.110767374,0.110767374,1,1,0,0,0
57.35,1.75406272,-2.05619346,39.965147,0,0.6,TurnLeft,front_sector_priority,0,14,42,0.268364012,-1,-1,-1,1,0.286031783,0.110077006,0.110077006,1,1,0,0,0
57.4,1.75406273,-2.05619346,41.684019,0,0.6,TurnLeft,front_sector_priority,0,14,42,0.269126445,-1,-1,-1,1,0.299227595,0.109506983,0.109506983,1,1,0,0,0
57.45,1.75406273,-2.05619345,43.4028915,0,0.6,TurnLeft,front_sector_priority,0,14,42,0.269126445,-1,-1,-1,1,0.299227595,0.10905782,0.10905782,1,1,0,0,0
57.5,1.75406273,-2.05619345,45.1217644,0,0.6,TurnLeft,front_sector_priority,0,14,42,0.270810127,-1,-1,-1,1,0.311091483,0.10872992,0.10872992,1,1,0,0,0
57.55,1.75406273,-2.05619345,46.8406375,0,0.6,TurnLeft,front_sector_priority,0,14,42,0.270810127,-1,-1,-1,1,0.311091483,0.108523581,0.108523581,1,1,0,0,0
57.6,1.75406273,-2.05619345,48.5595108,0,0.6,TurnLeft,front_sector_priority,0,14,42,0.273458749,-1,-1,-1,1,0.311044604,0.108438986,0.108438986,1,1,0,0,0
57.65,1.75406273,-2.05619345,50.278384,0,0.6,TurnLeft,front_sector_priority,0,14,42,0.273458749,-1,-1,-1,1,0.311044604,0.108476213,0.108438986,1,1,0,0,0
57.7,1.75406273,-2.05619345,51.9972574,0,0.6,TurnLeft,front_sector_priority,0,14,42,0.277136117,-1,-1,-1,1,0.307347417,0.108635228,0.108438986,1,1,0,0,0
57.75,1.75406273,-2.05619345,53.7161307,0,0.6,TurnLeft,front_sector_priority,0,14,42,0.277136117,-1,-1,-1,1,0.307347417,0.108915888,0.108438986,1,1,0,0,0
57.8,1.75406273,-2.05619345,55.4350041,0,0.6,TurnLeft,front_sector_priority,0,14,42,0.281929284,-1,-1,-1,1,0.305269212,0.109317941,0.108438986,1,1,0,0,0
57.85,1.75406273,-2.05619345,57.1538775,0,0.6,TurnLeft,front_sector_priority,0,14,42,0.281929284,-1,-1,-1,1,0.305269212,0.109841024,0.108438986,1,1,0,0,0
57.9,1.75406273,-2.05619345,58.8727508,0,0.6,TurnLeft,front_sector_priority,0,14,42,0.287953317,-1,-1,-1,1,0.306384832,0.110484667,0.108438986,1,1,0,0,0
57.95,1.75406273,-2.05619345,60.5916242,0,0.6,TurnLeft,front_sector_priority,0,14,42,0.287953317,-1,-1,-1,1,0.306384832,0.111248291,0.108438986,1,1,0,0,0
58,1.75406273,-2.05619345,62.3104976,0,0.6,TurnLeft,front_sector_priority,0,14,42,0.295357764,-1,-1,-1,1,0.295259923,0.112131208,0.108438986,1,1,0,0,0
58.05,1.75406273,-2.05619345,64.029371,0,0.6,TurnLeft,front_sector_priority,0,14,42,0.295357764,-1,-1,-1,1,0.295259923,0.113132624,0.108438986,1,1,0,0,0
58.1,1.75406273,-2.05619345,65.7482444,0,0.6,TurnLeft,front_sector_priority,0,14,42,0.304335892,-1,-1,-1,1,0.285450786,0.114251638,0.108438986,1,1,0,0,0
58.15,1.75406273,-2.05619345,67.4671178,0,0.6,TurnLeft,front_sector_priority,0,14,42,0.304335892,-1,-1,-1,1,0.285450786,0.115487243,0.108438986,1,1,0,0,0
58.2,1.75406273,-2.05619345,69.1859911,0,0.6,TurnLeft,front_sector_priority,0,14,42,0.315137416,-1,-1,-1,1,0.276884824,0.116838326,0.108438986,1,1,0,0,0
58.25,1.75406273,-2.05619345,70.9048645,0,0.6,TurnLeft,front_sector_priority,0,14,42,0.315137416,-1,-1,-1,1,0.276884824,0.118303672,0.108438986,1,1,0,0,0
58.3,1.75406273,-2.05619345,72.6237379,0,0.6,TurnLeft,front_sector_priority,0,14,42,0.328087062,-1,-1,-1,1,0.26849246,0.119881963,0.108438986,1,1,0,0,0
58.35,1.75406273,-2.05619345,74.3426113,0,0.6,TurnLeft,front_sector_priority,0,14,42,0.328087062,-1,-1,-1,1,0.26849246,0.121571777,0.108438986,1,1,0,0,0
58.4,1.75406273,-2.05619345,76.0614847,0,0.6,TurnLeft,front_sector_priority,0,14,42,0.343471676,-1,-1,-1,1,0.261378348,0.123371594,0.108438986,1,1,0,0,0
58.45,1.75406273,-2.05619345,77.7803581,0,0.6,TurnLeft,front_sector_priority,0,14,42,0.343471676,-1,-1,-1,1,0.261378348,0.125279794,0.108438986,1,1,0,0,0
58.5,1.75406273,-2.05619345,79.4992315,0,0.6,TurnLeft,front_sector_priority,0,14,42,0.36070165,-1,-1,-1,1,0.256479174,0.127294661,0.108438986,1,1,0,0,0
58.55,1.75406273,-2.05619345,81.2181048,0,0.6,TurnLeft,front_sector_priority,0,14,42,0.36070165,-1,-1,-1,1,0.256479174,0.12941438,0.108438986,1,1,0,0,0
58.6,1.75406273,-2.05619345,82.9369782,0.0709324729,0.136012907,FollowWall,following_right_wall,0,14,42,0.381479681,-1,-1,-1,1,0.253573805,0.131637044,0.108438986,1,1,0,0,0
58.65,1.75422952,-2.05472514,84.1020078,0.0709324729,0.136012907,FollowWall,following_right_wall,0,14,42,0.381479681,-1,-1,-1,1,0.253573805,0.134669377,0.108438986,1,1,0,0,0
58.7,1.75445284,-2.05239603,84.9439619,0.0734457718,0.0983134237,FollowWall,following_right_wall,0,14,42,0.395061851,-1,-1,-1,1,0.252200663,0.138157281,0.108438986,1,1,0,0,0
58.75,1.75469266,-2.04951099,85.5524547,0.0734457718,0.0983134237,FollowWall,following_right_wall,0,14,42,0.395061851,-1,-1,-1,1,0.252200663,0.141894535,0.108438986,1,1,0,0,0
58.8,1.75492904,-2.04630081,86.0247619,0.0748470613,0.0772940808,FollowWall,following_right_wall,0,14,42,0.402678072,-1,-1,-1,1,0.251342624,0.145774637,0.108438986,1,1,0,0,0
58.85,1.75515631,-2.04287134,86.3925374,0.0748470613,0.0772940808,FollowWall,following_right_wall,0,14,42,0.402678072,-1,-1,-1,1,0.251342624,0.149730839,0.108438986,1,1,0,0,0
58.9,1.75537105,-2.0393136,86.6993362,0.0757973815,0.0630392781,FollowWall,following_right_wall,0,14,42,0.407448679,-1,-1,-1,1,0.250416726,0.153731378,0.108438986,1,1,0,0,0
58.95,1.75557357,-2.03566096,86.9535497,0.0757973815,0.0630392781,FollowWall,following_right_wall,0,14,42,0.407448679,-1,-1,-1,1,0.250416726,0.157753231,0.108438986,1,1,0,0,0
59,1.75576367,-2.03195275,87.1770885,0.0763318057,0.0550229141,FollowWall,following_right_wall,0,14,42,0.410782367,-1,-1,-1,1,0.249951392,0.161787851,0.108438986,1,1,0,0,0
59.05,1.75594224,-2.02820078,87.3731649,0.0763318057,0.0550229141,FollowWall,following_right_wall,0,14,42,0.410782367,-1,-1,-1,1,0.249951392,0.165827452,0.108438986,1,1,0,0,0
59.1,1.75610961,-2.02442312,87.5532216,0.0767045801,0.0494312988,FollowWall,following_right_wall,0,14,42,0.413362861,-1,-1,-1,1,0.248824939,0.169870344,0.108438986,1,1,0,0,0
59.15,1.75626656,-2.02062254,87.7172589,0.0767045801,0.0494312988,FollowWall,following_right_wall,0,14,42,0.413362861,-1,-1,-1,1,0.248824939,0.173913456,0.108438986,1,1,0,0,0
59.2,1.75641344,-2.01680847,87.8719516,0.0771728341,0.0424074891,FollowWall,following_right_wall,0,14,42,0.415518165,-1,-1,-1,1,0.248503521,0.177957047,0.108438986,1,1,0,0,0
59.25,1.75655111,-2.01297665,88.0128093,0.0771728341,0.0424074891,FollowWall,following_right_wall,0,14,42,0.415518165,-1,-1,-1,1,0.248503521,0.181998524,0.108438986,1,1,0,0,0
59.3,1.75667996,-2.00913437,88.1455964,0.0776015037,0.0359774449,FollowWall,following_right_wall,0,14,42,0.41732657,-1,-1,-1,1,0.24798499,0.186039027,0.108438986,1,1,0,0,0
59.35,1.7568008,-2.00527698,88.2660005,0.0776015037,0.0359774449,FollowWall,following_right_wall,0,14,42,0.41732657,-1,-1,-1,1,0.24798499,0.190076648,0.108438986,1,1,0,0,0
59.4,1.75691402,-2.00141068,88.3791811,0.0778131043,0.032803436,FollowWall,following_right_wall,0,14,42,0.418810368,-1,-1,-1,1,0.247080028,0.194112774,0.108438986,1,1,0,0,0
59.45,1.75702014,-1.99753473,88.4843594,0.0778131043,0.032803436,FollowWall,following_right_wall,0,14,42,0.418810368,-1,-1,-1,1,0.247080028,0.198146924,0.108438986,1,1,0,0,0
59.5,1.75711943,-1.99365307,88.5848696,0.0779833691,0.0302494641,FollowWall,following_right_wall,0,14,42,0.4200643,-1,-1,-1,1,0.246723831,0.202180083,0.108438986,1,1,0,0,0
59.55,1.75721228,-1.98976448,88.6796082,0.0779833691,0.0302494641,FollowWall,following_right_wall,0,14,42,0.4200643,-1,-1,-1,1,0.246723831,0.206211764,0.108438986,1,1,0,0,0
59.6,1.7572989,-1.9858718,88.77098,0.078295367,0.025569495,FollowWall,following_right_wall,0,14,42,0.421156466,-1,-1,-1,1,0.246594295,0.210242721,0.108438986,1,1,0,0,0
59.65,1.75737975,-1.98197019,88.8548015,0.078295367,0.025569495,FollowWall,following_right_wall,0,14,42,0.421156466,-1,-1,-1,1,0.246594295,0.214271412,0.108438986,1,1,0,0,0
59.7,1.75745514,-1.97806334,88.9342188,0.0786162671,0.0207559935,FollowWall,following_right_wall,0,14,42,0.422050685,-1,-1,-1,1,0.24636519,0.218298876,0.108438986,1,1,0,0,0
59.75,1.75752557,-1.97414671,89.0053212,0.0786162671,0.0207559935,FollowWall,following_right_wall,0,14,42,0.422050685,-1,-1,-1,1,0.24636519,0.222323656,0.108438986,1,1,0,0,0
59.8,1.7575914,-1.97022436,89.0715732,0.0786624407,0.020063389,FollowWall,following_right_wall,0,14,42,0.422712237,-1,-1,-1,1,0.246071935,0.226346929,0.108438986,1,1,0,0,0
59.85,1.75765289,-1.96629768,89.1341691,0.0786624407,0.020063389,FollowWall,following_right_wall,0,14,42,0.422712237,-1,-1,-1,1,0.246071935,0.230369087,0.108438986,1,1,0,0,0
59.9,1.7577102,-1.96236845,89.1946323,0.0788934328,0.0165985084,FollowWall,following_right_wall,0,14,42,0.423247159,-1,-1,-1,1,0.245732635,0.234390656,0.108438986,1,1,0,0,0
59.95,1.75776363,-1.95843291,89.2497155,0.0788934328,0.0165985084,FollowWall,following_right_wall,0,14,42,0.423247159,-1,-1,-1,1,0.245732635,0.238410424,0.108438986,1,1,0,0,0
60,1.75781343,-1.95449366,89.3016604,0.0790928092,0.0136078618,FollowWall,following_right_wall,0,14,42,0.42363891,-1,-1,-1,1,0.245213553,0.242429181,0.108438986,1,1,0,0,0
60.05,1.75785992,-1.95054809,89.3482047,0.0790928092,0.0136078618,FollowWall,following_right_wall,0,14,42,0.42363891,-1,-1,-1,1,0.245213553,0.246446068,0.108438986,1,1,0,0,0
60.1,1.75790335,-1.94659882,89.3915988,0.0792049365,0.0119259527,FollowWall,following_right_wall,0,14,42,0.423877031,-1,-1,-1,1,0.24493131,0.25046189,0.108438986,1,1,0,0,0
60.15,1.75794397,-1.94264505,89.4311476,0.0792049365,0.0119259527,FollowWall,following_right_wall,0,14,42,0.423877031,-1,-1,-1,1,0.24493131,0.254476371,0.108438986,1,1,0,0,0
60.2,1.75798196,-1.93868864,89.4684533,0.079123933,0.0131410055,FollowWall,following_right_wall,0,14,42,0.424001098,-1,-1,-1,1,0.245224103,0.258490089,0.108438986,1,1,0,0,0
60.25,1.75801738,-1.93473237,89.5059008,0.079123933,0.0131410055,FollowWall,following_right_wall,0,14,42,0.424001098,-1,-1,-1,1,0.245224103,0.262503928,0.108438986,1,1,0,0,0
60.3,1.7580502,-1.93077617,89.5434311,0.079030797,0.0145380447,FollowWall,following_right_wall,0,14,42,0.424123734,-1,-1,-1,1,0.245157629,0.266517865,0.108438986,1,1,0,0,0
60.35,1.75808035,-1.92682195,89.5826774,0.079030797,0.0145380447,FollowWall,following_right_wall,0,14,42,0.424123734,-1,-1,-1,1,0.245157629,0.270532513,0.108438986,1,1,0,0,0
60.4,1.75810776,-1.92286888,89.6229245,0.0790319612,0.0145205823,FollowWall,following_right_wall,0,14,42,0.424314886,-1,-1,-1,1,0.245357066,0.274547608,0.108438986,1,1,0,0,0
60.45,1.75813236,-1.91891644,89.6637346,0.0790319612,0.0145205823,FollowWall,following_right_wall,0,14,42,0.424314886,-1,-1,-1,1,0.245357066,0.278562985,0.108438986,1,1,0,0,0
60.5,1.75815414,-1.91496437,89.7048732,0.0790771033,0.0138434503,FollowWall,following_right_wall,0,14,42,0.424562871,-1,-1,-1,1,0.245231539,0.282578556,0.108438986,1,1,0,0,0
60.55,1.7581731,-1.91101156,89.7453952,0.0790771033,0.0138434503,FollowWall,following_right_wall,0,14,42,0.424562871,-1,-1,-1,1,0.245231539,0.286593959,0.108438986,1,1,0,0,0
60.6,1.75818928,-1.90705833,89.7855573,0.078963895,0.0155415754,FollowWall,following_right_wall,0,14,42,0.424838305,-1,-1,-1,1,0.245166719,0.290609287,0.108438986,1,1,0,0,0
60.65,1.75820262,-1.90310719,89.8275367,0.078963895,0.0155415754,FollowWall,following_right_wall,0,14,42,0.424838305,-1,-1,-1,1,0.245166719,0.294625375,0.108438986,1,1,0,0,0
60.7,1.75821303,-1.89915728,89.870576,0.0789134429,0.0162983571,FollowWall,following_right_wall,0,14,42,0.425203413,-1,-1,-1,1,0.244992733,0.298641936,0.108438986,1,1,0,0,0
60.75,1.75822041,-1.89520914,89.915137,0.0789134429,0.0162983571,FollowWall,following_right_wall,0,14,42,0.425203413,-1,-1,-1,1,0.244992733,0.30265915,0.108438986,1,1,0,0,0
60.8,1.75822469,-1.89126203,89.9605857,0.0790282555,0.0145761675,FollowWall,following_right_wall,0,14,42,0.425672948,-1,-1,-1,1,0.244625971,0.306676775,0.108438986,1,1,0,0,0
60.85,1.7582259,-1.88731312,90.0044964,0.0790282555,0.0145761675,FollowWall,following_right_wall,0,14,42,0.425672948,-1,-1,-1,1,0.244625971,0.310679898,0.108438986,1,1,0,0,0
60.9,1.7582241,-1.88336317,90.04751,0.0789507752,0.0157383717,FollowWall,following_right_wall,0,14,42,0.426172793,-1,-1,-1,1,0.245116323,0.314563069,0.108438986,1,1,0,0,0
60.95,1.75821932,-1.87941422,90.0913876,0.0789507752,0.0157383717,FollowWall,following_right_wall,0,14,42,0.426172793,-1,-1,-1,1,0.245116323,0.31844395,0.108438986,1,1,0,0,0
61,1.75821149,-1.87546587,90.1357691,0.0791685961,0.0124710581,FollowWall,following_right_wall,0,14,42,0.426752001,-1,-1,-1,1,0.245137066,0.322323519,0.108438986,1,1,0,0,0
61.05,1.75820072,-1.87151333,90.1765446,0.0791685961,0.0124710581,FollowWall,following_right_wall,0,14,42,0.426752001,-1,-1,-1,1,0.245137066,0.32621292,0.108438986,1,1,0,0,0
61.1,1.7581872,-1.86755835,90.2152165,0.0794265755,0.0086013678,FollowWall,following_right_wall,0,14,42,0.427312076,-1,-1,-1,1,0.245058686,0.330108065,0.108438986,1,1,0,0,0
61.15,1.75817118,-1.86359658,90.2480423,0.0794265755,0.0086013678,FollowWall,following_right_wall,0,14,42,0.427312076,-1,-1,-1,1,0.245058686,0.334019085,0.108438986,1,1,0,0,0
61.2,1.75815299,-1.85963085,90.2774577,0.0794819503,0.00777074557,FollowWall,following_right_wall,0,14,42,0.427767396,-1,-1,-1,1,0.244887114,0.337939365,0.108438986,1,1,0,0,0
61.25,1.75813286,-1.85566165,90.3038924,0.0794819503,0.00777074557,FollowWall,following_right_wall,0,14,42,0.427767396,-1,-1,-1,1,0.244887114,0.341867733,0.108438986,1,1,0,0,0
61.3,1.75811094,-1.85169045,90.3285883,0.0796425487,0.00536176908,FollowWall,following_right_wall,0,14,42,0.428177834,-1,-1,-1,1,0.244684801,0.34580082,0.108438986,1,1,0,0,0
61.35,1.75808742,-1.84771473,90.3493943,0.0796425487,0.00536176908,FollowWall,following_right_wall,0,14,42,0.428177834,-1,-1,-1,1,0.244684801,0.349744442,0.108438986,1,1,0,0,0
61.4,1.75806251,-1.84373638,90.3679314,0.079875158,0.00187263026,FollowWall,following_right_wall,0,14,42,0.428535461,-1,-1,-1,1,0.244701385,0.353694208,0.108438986,1,1,0,0,0
61.45,1.75803647,-1.83975164,90.3809799,0.079875158,0.00187263026,FollowWall,following_right_wall,0,14,42,0.428535461,-1,-1,-1,1,0.244701385,0.357658823,0.108438986,1,1,0,0,0
61.5,1.75800961,-1.83576319,90.3908268,0.0799050517,-0.00142422482,FollowWall,following_right_wall,0,14,42,0.428790361,-1,-1,-1,1,0.244304284,0.361632098,0.108438986,1,1,0,0,0
61.55,1.75798224,-1.83177195,90.3948708,0.0799050517,-0.00142422482,FollowWall,following_right_wall,0,14,42,0.428790361,-1,-1,-1,1,0.244304284,0.365617111,0.108438986,1,1,0,0,0
61.6,1.7579547,-1.82777907,90.3955298,0.0798714977,-0.00192753422,FollowWall,following_right_wall,0,14,42,0.428920716,-1,-1,-1,1,0.244454578,0.369608969,0.108438986,1,1,0,0,0
61.65,1.7579272,-1.82378595,90.3936134,0.0798714977,-0.00192753422,FollowWall,following_right_wall,0,14,42,0.428920716,-1,-1,-1,1,0.244454578,0.37360505,0.108438986,1,1,0,0,0
61.7,1.75789988,-1.81979267,90.3901946,0.0798905899,-0.00164115146,FollowWall,following_right_wall,0,14,42,0.429006159,-1,-1,-1,1,0.244869992,0.377603594,0.108438986,1,1,0,0,0
61.75,1.75787282,-1.81579891,90.3862414,0.0798905899,-0.00164115146,FollowWall,following_right_wall,0,14,42,0.429006159,-1,-1,-1,1,0.244869992,0.381603448,0.108438986,1,1,0,0,0
61.8,1.75784605,-1.81180486,90.3819763,0.0799040181,-0.00143972816,FollowWall,following_right_wall,0,14,42,0.42911762,-1,-1,-1,1,0.245065317,0.385604066,0.108438986,1,1,0,0,0
61.85,1.75781956,-1.80781037,90.3777698,0.0799040181,-0.00143972816,FollowWall,following_right_wall,0,14,42,0.42911762,-1,-1,-1,1,0.245065317,0.389605042,0.108438986,1,1,0,0,0
61.9,1.75779337,-1.80381562,90.3735975,0.0796997945,-0.0045030823,FollowWall,following_right_wall,0,14,42,0.429281235,-1,-1,-1,1,0.245316923,0.393606226,0.108438986,1,1,0,0,0
61.95,1.75776762,-1.79982497,90.3657885,0.0796997945,-0.0045030823,FollowWall,following_right_wall,0,14,42,0.429281235,-1,-1,-1,1,0.245316923,0.397608918,0.108438986,1,1,0,0,0
62,1.7577425,-1.79583671,90.3558581,0.07969949,-0.00450764935,FollowWall,following_right_wall,0,14,42,0.429399461,-1,-1,-1,1,0.24540852,0.401612493,0.108438986,1,1,0,0,0
62.05,1.75771813,-1.79184984,90.3446847,0.07969949,-0.00450764935,FollowWall,following_right_wall,0,14,42,0.429399461,-1,-1,-1,1,0.24540852,0.405616591,0.108438986,1,1,0,0,0
62.1,1.75769456,-1.78786379,90.3327863,0.079723923,-0.00414115437,FollowWall,following_right_wall,0,14,42,0.429508567,-1,-1,-1,1,0.245646417,0.409620998,0.108438986,1,1,0,0,0
62.15,1.75767182,-1.78387771,90.3209024,0.079723923,-0.00414115437,FollowWall,following_right_wall,0,14,42,0.429508567,-1,-1,-1,1,0.245646417,0.413625424,0.108438986,1,1,0,0,0
62.2,1.75764991,-1.7798916,90.309027,0.0795727735,-0.00640839717,FollowWall,following_right_wall,0,14,42,0.429651827,-1,-1,-1,1,0.24524413,0.417629864,0.108438986,1,1,0,0,0
62.25,1.75762894,-1.77590862,90.2944503,0.0795727735,-0.00640839717,FollowWall,following_right_wall,0,14,42,0.429651827,-1,-1,-1,1,0.24524413,0.421635347,0.108438986,1,1,0,0,0
62.3,1.75760904,-1.77192747,90.2782977,0.0795535552,-0.00669667152,FollowWall,following_right_wall,0,14,42,0.42975989,-1,-1,-1,1,0.24506025,0.425641445,0.108438986,1,1,0,0,0
62.35,1.75759031,-1.76794778,90.2608818,0.0795535552,-0.00669667152,FollowWall,following_right_wall,0,14,42,0.42975989,-1,-1,-1,1,0.24506025,0.429648041,0.108438986,1,1,0,0,0
62.4,1.75757283,-1.76396894,90.242729,0.0796004505,-0.00599324188,FollowWall,following_right_wall,0,14,42,0.429848224,-1,-1,-1,1,0.245438829,0.433654934,0.108438986,1,1,0,0,0
62.45,1.75755658,-1.75998962,90.2249859,0.0796004505,-0.00599324188,FollowWall,following_right_wall,0,14,42,0.429848224,-1,-1,-1,1,0.245438829,0.437661687,0.108438986,1,1,0,0,0
62.5,1.75754156,-1.75601002,90.2074819,0.0795546282,-0.00668057646,FollowWall,following_right_wall,0,14,42,0.429963559,-1,-1,-1,1,0.245458752,0.441668364,0.108438986,1,1,0,0,0
62.55,1.75752779,-1.7520312,90.1892968,0.0795546282,-0.00668057646,FollowWall,following_right_wall,0,14,42,0.429963559,-1,-1,-1,1,0.245458752,0.445675316,0.108438986,1,1,0,0,0
62.6,1.75751529,-1.74805284,90.1707145,0.0794057495,-0.00891375689,FollowWall,following_right_wall,0,14,42,0.430081189,-1,-1,-1,1,0.245616227,0.449682435,0.108438986,1,1,0,0,0
62.65,1.75750419,-1.74407785,90.1492349,0.0794057495,-0.00891375689,FollowWall,following_right_wall,0,14,42,0.430081189,-1,-1,-1,1,0.245616227,0.453690685,0.108438986,1,1,0,0,0
62.7,1.75749465,-1.74010482,90.126065,0.0793038332,-0.010442502,FollowWall,following_right_wall,0,14,42,0.43012929,-1,-1,-1,1,0.245494321,0.457699606,0.108438986,1,1,0,0,0
62.75,1.75748681,-1.73613506,90.1000845,0.0793038332,-0.010442502,FollowWall,following_right_wall,0,14,42,0.43012929,-1,-1,-1,1,0.245494321,0.461709633,0.108438986,1,1,0,0,0
62.8,1.75748084,-1.7321672,90.0724643,0.0793969612,-0.00904558194,FollowWall,following_right_wall,0,14,42,0.430089027,-1,-1,-1,1,0.245293394,0.465720321,0.108438986,1,1,0,0,0
62.85,1.75747675,-1.72819851,90.0455552,0.0793969612,-0.00904558194,FollowWall,following_right_wall,0,14,42,0.430089027,-1,-1,-1,1,0.245293394,0.469730758,0.108438986,1,1,0,0,0
62.9,1.75747451,-1.72422934,90.0190609,0.0794960754,-0.00755886837,FollowWall,following_right_wall,0,14,42,0.430045336,-1,-1,-1,1,0.245325193,0.473741058,0.108438986,1,1,0,0,0
62.95,1.75747404,-1.72025782,89.9945831,0.0794960754,-0.00755886837,FollowWall,following_right_wall,0,14,42,0.430045336,-1,-1,-1,1,0.245325193,0.477733766,0.108438986,1,1,0,0,0
63,1.75747522,-1.71628493,89.9712817,0.0795328723,-0.00700691548,FollowWall,following_right_wall,0,14,42,0.430046529,-1,-1,-1,1,0.245344058,0.48167047,0.108438986,1,1,0,0,0
63.05,1.75747797,-1.71231048,89.9493253,0.0795328723,-0.00700691548,FollowWall,following_right_wall,0,14,42,0.430046529,-1,-1,-1,1,0.245344058,0.485610843,0.108438986,1,1,0,0,0
63.1,1.75748223,-1.70833512,89.9281535,0.0794333126,-0.00850031149,FollowWall,following_right_wall,0,14,42,0.430076718,-1,-1,-1,1,0.245436803,0.48955336,0.108438986,1,1,0,0,0
63.15,1.75748799,-1.7043613,89.9056568,0.0794333126,-0.00850031149,FollowWall,following_right_wall,0,14,42,0.430076718,-1,-1,-1,1,0.245436803,0.493492293,0.108438986,1,1,0,0,0
63.2,1.75749534,-1.70038838,89.8823872,0.0793479213,-0.00978117995,FollowWall,following_right_wall,0,14,42,0.430056393,-1,-1,-1,1,0.245770991,0.497429141,0.108438986,1,1,0,0,0
63.25,1.75750436,-1.69641777,89.8571379,0.0793479213,-0.00978117995,FollowWall,following_right_wall,0,14,42,0.430056393,-1,-1,-1,1,0.245770991,0.501360634,0.108438986,1,1,0,0,0
63.3,1.75751517,-1.69244851,89.8307337,0.0793583158,-0.00962526367,FollowWall,following_right_wall,0,14,42,0.429945827,-1,-1,-1,1,0.246245399,0.50528901,0.108438986,1,1,0,0,0
63.35,1.75752783,-1.68847982,89.8038419,0.0793583158,-0.00962526367,FollowWall,following_right_wall,0,14,42,0.429945827,-1,-1,-1,1,0.246245399,0.50921608,0.108438986,1,1,0,0,0
63.4,1.75754236,-1.68451146,89.7766657,0.0793162077,-0.0102568852,FollowWall,following_right_wall,0,14,42,0.429772675,-1,-1,-1,1,0.246069029,0.513142396,0.108438986,1,1,0,0,0
63.45,1.75755879,-1.68054419,89.7485697,0.0793162077,-0.0102568852,FollowWall,following_right_wall,0,14,42,0.429772675,-1,-1,-1,1,0.246069029,0.517066236,0.108438986,1,1,0,0,0
63.5,1.75757719,-1.67657755,89.7199371,0.0795716088,-0.00642586731,FollowWall,following_right_wall,0,14,42,0.429528296,-1,-1,-1,1,0.246077999,0.520988638,0.108438986,1,1,0,0,0
63.55,1.75759745,-1.67260596,89.6955644,0.0795716088,-0.00642586731,FollowWall,following_right_wall,0,14,42,0.429528296,-1,-1,-1,1,0.246077999,0.52492259,0.108438986,1,1,0,0,0
63.6,1.75761933,-1.66863149,89.6736767,0.0797908701,-0.00313694806,FollowWall,following_right_wall,0,14,42,0.429336965,-1,-1,-1,1,0.245811298,0.528863278,0.108438986,1,1,0,0,0
63.65,1.75764257,-1.66465077,89.6571644,0.0797908701,-0.00313694806,FollowWall,following_right_wall,0,14,42,0.429336965,-1,-1,-1,1,0.245811298,0.53281852,0.108438986,1,1,0,0,0
63.7,1.75766688,-1.66066641,89.6437878,0.0799512948,0.000730577961,FollowWall,following_right_wall,0,14,42,0.429253697,-1,-1,-1,1,0.245418087,0.536782249,0.108438986,1,1,0,0,0
63.75,1.75769193,-1.65667658,89.6368568,0.0799512948,0.000730577961,FollowWall,following_right_wall,0,14,42,0.429253697,-1,-1,-1,1,0.245418087,0.540761388,0.108438986,1,1,0,0,0
63.8,1.75771735,-1.65268356,89.6336858,0.0797276432,0.00408535155,FollowWall,following_right_wall,0,14,42,0.429310441,-1,-1,-1,1,0.245340616,0.544749515,0.108438986,1,1,0,0,0
63.85,1.75774275,-1.64869334,89.6367126,0.0797276432,0.00408535155,FollowWall,following_right_wall,0,14,42,0.429310441,-1,-1,-1,1,0.245340616,0.5487444,0.108438986,1,1,0,0,0
63.9,1.75776781,-1.64470476,89.6433548,0.0796408209,0.00538768593,FollowWall,following_right_wall,0,14,42,0.429507345,-1,-1,-1,1,0.245152399,0.552743232,0.108438986,1,1,0,0,0
63.95,1.75779226,-1.64071892,89.6536604,0.0796408209,0.00538768593,FollowWall,following_right_wall,0,14,42,0.429507345,-1,-1,-1,1,0.245152399,0.556744958,0.108438986,1,1,0,0,0
64,1.75781591,-1.6367347,89.6661032,0.0796903283,0.00464507608,FollowWall,following_right_wall,0,14,42,0.429780692,-1,-1,-1,1,0.245129585,0.56074838,0.108438986,1,1,0,0,0
64.05,1.75783869,-1.63275038,89.6789061,0.0796903283,0.00464507608,FollowWall,following_right_wall,0,14,42,0.429780692,-1,-1,-1,1,0.245129585,0.564752459,0.108438986,1,1,0,0,0
64.1,1.75786056,-1.62876599,89.6919191,0.0797587135,0.00361929819,FollowWall,following_right_wall,0,14,42,0.430033177,-1,-1,-1,1,0.245244071,0.568756927,0.108438986,1,1,0,0,0
64.15,1.75788158,-1.62478015,89.7038302,0.0797587135,0.00361929819,FollowWall,following_right_wall,0,14,42,0.430033177,-1,-1,-1,1,0.245244071,0.572761159,0.108438986,1,1,0,0,0
64.2,1.7579018,-1.62079346,89.7150986,0.0796908244,0.00463763406,FollowWall,following_right_wall,0,14,42,0.430208057,-1,-1,-1,1,0.245219037,0.576765256,0.108438986,1,1,0,0,0
64.25,1.7579212,-1.61680768,89.7272076,0.0796908244,0.00463763406,FollowWall,following_right_wall,0,14,42,0.430208057,-1,-1,-1,1,0.245219037,0.58076974,0.108438986,1,1,0,0,0
64.3,1.75793973,-1.61282243,89.7398069,0.0795698515,0.00645222786,FollowWall,following_right_wall,0,14,42,0.430345476,-1,-1,-1,1,0.245057628,0.584774456,0.108438986,1,1,0,0,0
64.35,1.7579573,-1.60884001,89.7548583,0.0795698515,0.00645222786,FollowWall,following_right_wall,0,14,42,0.430345476,-1,-1,-1,1,0.245057628,0.588780137,0.108438986,1,1,0,0,0
64.4,1.75797375,-1.60485924,89.7713401,0.0795271904,0.00709214471,FollowWall,following_right_wall,0,14,42,0.430499345,-1,-1,-1,1,0.245256618,0.59278639,0.108438986,1,1,0,0,0
64.45,1.75798901,-1.60088031,89.7894201,0.0795271904,0.00709214471,FollowWall,following_right_wall,0,14,42,0.430499345,-1,-1,-1,1,0.245256618,0.596793275,0.108438986,1,1,0,0,0
64.5,1.75800297,-1.59690246,89.8084324,0.0796595344,0.00510698444,FollowWall,following_right_wall,0,14,42,0.430660695,-1,-1,-1,1,0.24501428,0.600800536,0.108438986,1,1,0,0,0
64.55,1.75801568,-1.59292249,89.8256189,0.0796595344,0.00510698444,FollowWall,following_right_wall,0,14,42,0.430660695,-1,-1,-1,1,0.24501428,0.604807114,0.108438986,1,1,0,0,0
64.6,1.75802723,-1.58894126,89.8417403,0.0798025427,0.002961859,FollowWall,following_right_wall,0,14,42,0.430740178,-1,-1,-1,1,0.245437384,0.608813296,0.108438986,1,1,0,0,0
64.65,1.75803779,-1.58495633,89.85468,0.0798025427,0.002961859,FollowWall,following_right_wall,0,14,42,0.430740178,-1,-1,-1,1,0.245437384,0.612818264,0.108438986,1,1,0,0,0
64.7,1.75804752,-1.58096924,89.8657636,0.0797124592,0.00431311131,FollowWall,following_right_wall,0,14,42,0.430684298,-1,-1,-1,1,0.245866448,0.616822523,0.108438986,1,1,0,0,0
64.75,1.75805645,-1.57698277,89.8773774,0.0797124592,0.00431311131,FollowWall,following_right_wall,0,14,42,0.430684298,-1,-1,-1,1,0.245866448,0.620826993,0.108438986,1,1,0,0,0
64.8,1.75806457,-1.57299665,89.8893005,0.0797426456,0.00386031656,FollowWall,following_right_wall,0,14,42,0.430582285,-1,-1,-1,1,0.24563098,0.624831589,0.108438986,1,1,0,0,0
64.85,1.75807187,-1.56901011,89.9008636,0.0797426456,0.00386031656,FollowWall,following_right_wall,0,14,42,0.430582285,-1,-1,-1,1,0.24563098,0.628836052,0.108438986,1,1,0,0,0
64.9,1.75807837,-1.56502332,89.9122167,0.0798187951,0.00271807275,FollowWall,following_right_wall,0,14,42,0.430437297,-1,-1,-1,1,0.245476514,0.632840439,0.108438986,1,1,0,0,0
64.95,1.75808414,-1.56103481,89.9220837,0.0798187951,0.00271807275,FollowWall,following_right_wall,0,14,42,0.430437297,-1,-1,-1,1,0.245476514,0.636844255,0.108438986,1,1,0,0,0
65,1.75808925,-1.55704528,89.931084,0.0797219786,0.00417032079,FollowWall,following_right_wall,0,14,42,0.43021968,-1,-1,-1,1,0.245118245,0.640847739,0.108438986,1,1,0,0,0
65.05,1.75809369,-1.55305719,89.9413121,0.0797219786,0.00417032079,FollowWall,following_right_wall,0,14,42,0.43021968,-1,-1,-1,1,0.245118245,0.644851704,0.108438986,1,1,0,0,0
65.1,1.7580974,-1.54906992,89.9522564,0.0798153662,0.00276950679,FollowWall,following_right_wall,0,14,42,0.429997891,-1,-1,-1,1,0.24469766,0.64885595,0.108438986,1,1,0,0,0
65.15,1.75810038,-1.5450812,89.9619465,0.0798153662,0.00276950679,FollowWall,following_right_wall,0,14,42,0.429997891,-1,-1,-1,1,0.24469766,0.652859713,0.108438986,1,1,0,0,0
65.2,1.75810272,-1.54109162,89.9709049,0.0799122106,0.00131684172,FollowWall,following_right_wall,0,14,42,0.429730058,-1,-1,-1,1,0.244923487,0.656863195,0.108438986,1,1,0,0,0
65.25,1.75810451,-1.53709953,89.9777025,0.0799122106,0.00131684172,FollowWall,following_right_wall,0,14,42,0.429730058,-1,-1,-1,1,0.244923487,0.660865838,0.108438986,1,1,0,0,0
65.3,1.75810587,-1.53310598,89.9832396,0.0799882783,0.000175826145,FollowWall,following_right_wall,0,14,42,0.429383487,-1,-1,-1,1,0.244464219,0.664867993,0.108438986,1,1,0,0,0
65.35,1.75810692,-1.52910998,89.9866794,0.0799882783,0.000175826145,FollowWall,following_right_wall,0,14,42,0.429383487,-1,-1,-1,1,0.244464219,0.668869332,0.108438986,1,1,0,0,0
65.4,1.75810777,-1.52511256,89.9888959,0.0798271,0.00259350008,FollowWall,following_right_wall,0,14,42,0.428959429,-1,-1,-1,1,0.244720817,0.672870195,0.108438986,1,1,0,0,0
65.45,1.75810839,-1.52111766,89.9932846,0.0798271,0.00259350008,FollowWall,following_right_wall,0,14,42,0.428959429,-1,-1,-1,1,0.244720817,0.676871905,0.108438986,1,1,0,0,0
65.5,1.75810866,-1.51712425,89.9989405,0.0796590558,0.0051141624,FollowWall,following_right_wall,0,14,42,0.428575128,-1,-1,-1,1,0.244839072,0.680874109,0.108438986,1,1,0,0,0
65.55,1.75810841,-1.51313519,90.0083443,0.0796590558,0.0051141624,FollowWall,following_right_wall,0,14,42,0.428575128,-1,-1,-1,1,0.244839072,0.684851852,0.108438986,1,1,0,0,0
65.6,1.75810743,-1.50914867,90.0199344,0.0795629877,0.0065551845,FollowWall,following_right_wall,0,14,42,0.428305537,-1,-1,-1,1,0.24515453,0.688820368,0.108438986,1,1,0,0,0
65.65,1.75810553,-1.50516564,90.03452,0.0795629877,0.0065551845,FollowWall,following_right_wall,0,14,42,0.428305537,-1,-1,-1,1,0.24515453,0.692780752,0.108438986,1,1,0,0,0
65.7,1.75810257,-1.50118465,90.0508529,0.0795463392,0.00680491157,FollowWall,following_right_wall,0,14,42,0.428150445,-1,-1,-1,1,0.24495481,0.696736398,0.108438986,1,1,0,0,0
65.75,1.75809842,-1.49720519,90.0685033,0.0795463392,0.00680491157,FollowWall,following_right_wall,0,14,42,0.428150445,-1,-1,-1,1,0.24495481,0.700688474,0.108438986,1,1,0,0,0
65.8,1.75809303,-1.49322662,90.086922,0.0793851414,0.00922287956,FollowWall,following_right_wall,0,14,42,0.428071141,-1,-1,-1,1,0.245152175,0.704638473,0.108438986,1,1,0,0,0
65.85,1.75808624,-1.48925194,90.1086753,0.0793851414,0.00922287956,FollowWall,following_right_wall,0,14,42,0.428071141,-1,-1,-1,1,0.245152175,0.708579432,0.108438986,1,1,0,0,0
65.9,1.75807789,-1.48527952,90.1323737,0.0792611984,0.0110820246,FollowWall,following_right_wall,0,14,42,0.428118914,-1,-1,-1,1,0.244874164,0.712515126,0.108438986,1,1,0,0,0
65.95,1.75806778,-1.48131101,90.159426,0.0792611984,0.0110820246,FollowWall,following_right_wall,0,14,42,0.428118914,-1,-1,-1,1,0.244874164,0.716441738,0.108438986,1,1,0,0,0
66,1.75805574,-1.47734479,90.1884347,0.0793364834,0.00995274878,FollowWall,following_right_wall,0,14,42,0.428315848,-1,-1,-1,1,0.244761392,0.720363063,0.108438986,1,1,0,0,0
66.05,1.7580417,-1.47337832,90.2172367,0.0793364834,0.00995274878,FollowWall,following_right_wall,0,14,42,0.428315848,-1,-1,-1,1,0.244761392,0.724284968,0.108438986,1,1,0,0,0
66.1,1.75802567,-1.46941173,90.245918,0.0792748242,0.0108776367,FollowWall,following_right_wall,0,14,42,0.428577065,-1,-1,-1,1,0.245276853,0.728207218,0.108438986,1,1,0,0,0
66.15,1.75800762,-1.46544634,90.275633,0.0792748242,0.0108776367,FollowWall,following_right_wall,0,14,42,0.428577065,-1,-1,-1,1,0.245276853,0.732126686,0.108438986,1,1,0,0,0
66.2,1.7579875,-1.46148167,90.305951,0.0794203616,0.00869457556,FollowWall,following_right_wall,0,14,42,0.428919911,-1,-1,-1,1,0.245490283,0.736044538,0.108438986,1,1,0,0,0
66.25,1.75796534,-1.45751439,90.3340149,0.0794203616,0.00869457556,FollowWall,following_right_wall,0,14,42,0.428919911,-1,-1,-1,1,0.245490283,0.73996851,0.108438986,1,1,0,0,0
66.3,1.75794128,-1.45354558,90.3607639,0.0796418448,0.00537232806,FollowWall,following_right_wall,0,14,42,0.42926988,-1,-1,-1,1,0.245325997,0.743896052,0.108438986,1,1,0,0,0
66.35,1.75791549,-1.44957128,90.3827802,0.0796418448,0.00537232806,FollowWall,following_right_wall,0,14,42,0.42926988,-1,-1,-1,1,0.245325997,0.747836407,0.108438986,1,1,0,0,0
66.4,1.75788825,-1.44559378,90.4020358,0.0796880876,0.00467868579,FollowWall,following_right_wall,0,14,42,0.429542959,-1,-1,-1,1,0.245113209,0.751784234,0.108438986,1,1,0,0,0
66.45,1.75785973,-1.44161345,90.418853,0.0796880876,0.00467868579,FollowWall,following_right_wall,0,14,42,0.429542959,-1,-1,-1,1,0.245113209,0.755738656,0.108438986,1,1,0,0,0
66.5,1.75783009,-1.43763148,90.4342478,0.0797907105,0.00313934184,FollowWall,following_right_wall,0,14,42,0.429784685,-1,-1,-1,1,0.244925797,0.759696925,0.108438986,1,1,0,0,0
66.55,1.75779944,-1.4336464,90.4469754,0.0797907105,0.00313934184,FollowWall,following_right_wall,0,14,42,0.429784685,-1,-1,-1,1,0.244925797,0.763662402,0.108438986,1,1,0,0,0
66.6,1.75776795,-1.42965953,90.4581471,0.0799988274,-1.75894725e-05,FollowWall,following_right_wall,0,14,42,0.430002898,-1,-1,-1,1,0.245001376,0.767632083,0.108438986,1,1,0,0,0
66.65,1.7577358,-1.42566726,90.464643,0.0799988274,-1.75894725e-05,FollowWall,following_right_wall,0,14,42,0.430002898,-1,-1,-1,1,0.245001376,0.771614349,0.108438986,1,1,0,0,0
66.7,1.75770327,-1.42167186,90.4684113,0.079797061,-0.00304408554,FollowWall,following_right_wall,0,14,42,0.430141956,-1,-1,-1,1,0.244674385,0.775603956,0.108438986,1,1,0,0,0
66.75,1.75767067,-1.41767882,90.4669758,0.079797061,-0.00304408554,FollowWall,following_right_wall,0,14,42,0.430141956,-1,-1,-1,1,0.244674385,0.779599202,0.108438986,1,1,0,0,0
66.8,1.75763829,-1.41368716,90.4625048,0.0797431261,-0.00385310836,FollowWall,following_right_wall,0,14,42,0.430172771,-1,-1,-1,1,0.244637564,0.783597738,0.108438986,1,1,0,0,0
66.85,1.75760634,-1.40969743,90.4552975,0.0797431261,-0.00385310836,FollowWall,following_right_wall,0,14,42,0.430172771,-1,-1,-1,1,0.244637564,0.78759856,0.108438986,1,1,0,0,0
66.9,1.75757495,-1.40570883,90.4464939,0.0797771869,-0.00334219676,FollowWall,following_right_wall,0,14,42,0.430154532,-1,-1,-1,1,0.245153695,0.79160072,0.108438986,1,1,0,0,0
66.95,1.75754418,-1.40172016,90.437369,0.0797771869,-0.00334219676,FollowWall,following_right_wall,0,14,42,0.430154532,-1,-1,-1,1,0.245153695,0.795603435,0.108438986,1,1,0,0,0
67,1.75751406,-1.39773146,90.4280567,0.0798074138,-0.00288879308,FollowWall,following_right_wall,0,14,42,0.430164307,-1,-1,-1,1,0.245326847,0.799606477,0.108438986,1,1,0,0,0
67.05,1.75748456,-1.3937421,90.4191762,0.0798074138,-0.00288879308,FollowWall,following_right_wall,0,14,42,0.430164307,-1,-1,-1,1,0.245326847,0.803609509,0.108438986,1,1,0,0,0
67.1,1.75745567,-1.38975237,90.4105477,0.0796479889,-0.00528016588,FollowWall,following_right_wall,0,14,42,0.430235177,-1,-1,-1,1,0.245682657,0.807612537,0.108438986,1,1,0,0,0
67.15,1.7574275,-1.38576572,90.3992117,0.0796479889,-0.00528016588,FollowWall,following_right_wall,0,14,42,0.430235177,-1,-1,-1,1,0.245682657,0.811616644,0.108438986,1,1,0,0,0
67.2,1.75740019,-1.38178089,90.3862963,0.0796255832,-0.00561625273,FollowWall,following_right_wall,0,14,42,0.430285633,-1,-1,-1,1,0.245776385,0.815621386,0.108438986,1,1,0,0,0
67.25,1.75737382,-1.37779756,90.3720584,0.0796255832,-0.00561625273,FollowWall,following_right_wall,0,14,42,0.430285633,-1,-1,-1,1,0.245776385,0.819626657,0.108438986,1,1,0,0,0
67.3,1.75734848,-1.37381512,90.3570491,0.0796578729,-0.00513190687,FollowWall,following_right_wall,0,14,42,0.430329323,-1,-1,-1,1,0.245989606,0.823632243,0.108438986,1,1,0,0,0
67.35,1.75732418,-1.36983252,90.3421679,0.0796578729,-0.00513190687,FollowWall,following_right_wall,0,14,42,0.430329323,-1,-1,-1,1,0.245989606,0.827637799,0.108438986,1,1,0,0,0
67.4,1.75730091,-1.36584982,90.3273614,0.0795489682,-0.00676547757,FollowWall,following_right_wall,0,14,42,0.430408925,-1,-1,-1,1,0.245652661,0.831643344,0.108438986,1,1,0,0,0
67.45,1.75727875,-1.36186933,90.3106486,0.0795489682,-0.00676547757,FollowWall,following_right_wall,0,14,42,0.430408925,-1,-1,-1,1,0.245652661,0.835649628,0.108438986,1,1,0,0,0
67.5,1.7572578,-1.35789013,90.2928238,0.0794978613,-0.00753208,FollowWall,following_right_wall,0,14,42,0.43047452,-1,-1,-1,1,0.245345667,0.839656351,0.108438986,1,1,0,0,0
67.55,1.75723814,-1.35391274,90.2734352,0.0794978613,-0.00753208,FollowWall,following_right_wall,0,14,42,0.43047452,-1,-1,-1,1,0.245345667,0.843663688,0.108438986,1,1,0,0,0
67.6,1.75721987,-1.3499364,90.2531344,0.0795502497,-0.00674625404,FollowWall,following_right_wall,0,14,42,0.430517107,-1,-1,-1,1,0.245836154,0.847671392,0.108438986,1,1,0,0,0
67.65,1.75720299,-1.34595958,90.2332396,0.0795502497,-0.00674625404,FollowWall,following_right_wall,0,14,42,0.430517107,-1,-1,-1,1,0.245836154,0.851678961,0.108438986,1,1,0,0,0
67.7,1.75718748,-1.34198249,90.2135815,0.079543555,-0.00684667525,FollowWall,following_right_wall,0,14,42,0.430584878,-1,-1,-1,1,0.2458947,0.855686456,0.108438986,1,1,0,0,0
67.75,1.75717334,-1.33800537,90.1939416,0.079543555,-0.00684667525,FollowWall,following_right_wall,0,14,42,0.430584878,-1,-1,-1,1,0.2458947,0.859693962,0.108438986,1,1,0,0,0
67.8,1.75716056,-1.33402823,90.1743125,0.0793980392,-0.00902941153,FollowWall,following_right_wall,0,14,42,0.430673599,-1,-1,-1,1,0.245908722,0.86370148,0.108438986,1,1,0,0,0
67.85,1.75714924,-1.33005411,90.152084,0.0793980392,-0.00902941153,FollowWall,following_right_wall,0,14,42,0.430673599,-1,-1,-1,1,0.245908722,0.867710015,0.108438986,1,1,0,0,0
67.9,1.75713952,-1.32608175,90.1283394,0.0792654086,-0.011018871,FollowWall,following_right_wall,0,14,42,0.430705398,-1,-1,-1,1,0.24588123,0.871719155,0.108438986,1,1,0,0,0
67.95,1.75713156,-1.32211317,90.1013355,0.0792654086,-0.011018871,FollowWall,following_right_wall,0,14,42,0.430705398,-1,-1,-1,1,0.24588123,0.875729577,0.108438986,1,1,0,0,0
68,1.75712555,-1.31814681,90.0724305,0.0793574633,-0.0096380505,FollowWall,following_right_wall,0,14,42,0.430639476,-1,-1,-1,1,0.245711684,0.879740761,0.108438986,1,1,0,0,0
68.05,1.75712151,-1.31417982,90.0440646,0.0793574633,-0.0096380505,FollowWall,following_right_wall,0,14,42,0.430639476,-1,-1,-1,1,0.245711684,0.883751764,0.108438986,1,1,0,0,0
68.1,1.75711943,-1.31021246,90.0160133,0.0794595418,-0.00810687374,FollowWall,following_right_wall,0,14,42,0.430563718,-1,-1,-1,1,0.245707154,0.887762672,0.108438986,1,1,0,0,0
68.15,1.75711923,-1.30624276,89.9899732,0.0794595418,-0.00810687374,FollowWall,following_right_wall,0,14,42,0.430563718,-1,-1,-1,1,0.245707154,0.891741669,0.108438986,1,1,0,0,0
68.2,1.75712078,-1.30227169,89.9651062,0.0795324449,-0.00701332617,FollowWall,following_right_wall,0,14,42,0.430532396,-1,-1,-1,1,0.24569732,0.895674125,0.108438986,1,1,0,0,0
68.25,1.757124,-1.29829831,89.9422289,0.0795324449,-0.00701332617,FollowWall,following_right_wall,0,14,42,0.430532396,-1,-1,-1,1,0.24569732,0.899612002,0.108438986,1,1,0,0,0
68.3,1.75712876,-1.29432358,89.9205123,0.079433531,-0.00849703526,FollowWall,following_right_wall,0,14,42,0.430547565,-1,-1,-1,1,0.245756,0.903553043,0.108438986,1,1,0,0,0
68.35,1.75713506,-1.29035013,89.8977017,0.079433531,-0.00849703526,FollowWall,following_right_wall,0,14,42,0.430547565,-1,-1,-1,1,0.245756,0.907491129,0.108438986,1,1,0,0,0
68.4,1.75714297,-1.28637742,89.8742529,0.0793471947,-0.00979208011,FollowWall,following_right_wall,0,14,42,0.430522889,-1,-1,-1,1,0.246058241,0.911427496,0.108438986,1,1,0,0,0
68.45,1.75715256,-1.28240695,89.8488861,0.0793471947,-0.00979208011,FollowWall,following_right_wall,0,14,42,0.430522889,-1,-1,-1,1,0.246058241,0.915358675,0.108438986,1,1,0,0,0
68.5,1.75716395,-1.27843778,89.8224003,0.0793568149,-0.00964777663,FollowWall,following_right_wall,0,14,42,0.430411875,-1,-1,-1,1,0.246585414,0.919286835,0.108438986,1,1,0,0,0
68.55,1.75717718,-1.27446918,89.795434,0.0793568149,-0.00964777663,FollowWall,following_right_wall,0,14,42,0.430411875,-1,-1,-1,1,0.246585414,0.923213708,0.108438986,1,1,0,0,0
68.6,1.75719229,-1.27050091,89.7681876,0.0793131137,-0.0103032947,FollowWall,following_right_wall,0,14,42,0.430239797,-1,-1,-1,1,0.246421531,0.927139839,0.108438986,1,1,0,0,0
68.65,1.75720932,-1.26653375,89.7399951,0.0793131137,-0.0103032947,FollowWall,following_right_wall,0,14,42,0.430239797,-1,-1,-1,1,0.246421531,0.931063422,0.108438986,1,1,0,0,0
68.7,1.75722831,-1.26256724,89.7112509,0.0795120612,-0.00731908194,FollowWall,following_right_wall,0,14,42,0.429996789,-1,-1,-1,1,0.246380135,0.934985527,0.108438986,1,1,0,0,0
68.75,1.75724921,-1.25859697,89.6857469,0.0795120612,-0.00731908194,FollowWall,following_right_wall,0,14,42,0.429996789,-1,-1,-1,1,0.246380135,0.93891642,0.108438986,1,1,0,0,0
68.8,1.75727181,-1.25462451,89.6621331,0.0797690523,-0.00346421499,FollowWall,following_right_wall,0,14,42,0.429781526,-1,-1,-1,1,0.246242747,0.942852439,0.108438986,1,1,0,0,0
68.85,1.7572959,-1.25064543,89.6442232,0.0797690523,-0.00346421499,FollowWall,following_right_wall,0,14,42,0.429781526,-1,-1,-1,1,0.246242747,0.946803901,0.108438986,1,1,0,0,0
68.9,1.75732114,-1.24666247,89.6296407,0.0799992733,-1.09005545e-05,FollowWall,following_right_wall,0,14,42,0.429677159,-1,-1,-1,1,0.24582392,0.950764366,0.108438986,1,1,0,0,0
68.95,1.75734723,-1.24267247,89.6211212,0.0799992733,-1.09005545e-05,FollowWall,following_right_wall,0,14,42,0.429677159,-1,-1,-1,1,0.24582392,0.954741234,0.108438986,1,1,0,0,0
69,1.75737381,-1.23867836,89.6161385,0.0797707786,0.0034383205,FollowWall,following_right_wall,0,14,42,0.429705352,-1,-1,-1,1,0.245734081,0.958727667,0.108438986,1,1,0,0,0
69.05,1.75740052,-1.2346866,89.6173362,0.0797707786,0.0034383205,FollowWall,following_right_wall,0,14,42,0.429705352,-1,-1,-1,1,0.245734081,0.962721267,0.108438986,1,1,0,0,0
69.1,1.757427,-1.23069623,89.622139,0.0796442443,0.00533633603,FollowWall,following_right_wall,0,14,42,0.429870874,-1,-1,-1,1,0.24544695,0.966719048,0.108438986,1,1,0,0,0
69.15,1.75745297,-1.22670928,89.6313104,0.0796442443,0.00533633603,FollowWall,following_right_wall,0,14,42,0.429870874,-1,-1,-1,1,0.24544695,0.97072013,0.108438986,1,1,0,0,0
69.2,1.75747821,-1.22272434,89.6430301,0.0796883138,0.00467529275,FollowWall,following_right_wall,0,14,42,0.430130094,-1,-1,-1,1,0.24541086,0.974723144,0.108438986,1,1,0,0,0
69.25,1.7575026,-1.21873965,89.6554474,0.0796883138,0.00467529275,FollowWall,following_right_wall,0,14,42,0.430130094,-1,-1,-1,1,0.24541086,0.97872699,0.108438986,1,1,0,0,0
69.3,1.75752612,-1.2147551,89.6682715,0.0797531367,0.00370295015,FollowWall,following_right_wall,0,14,42,0.430380911,-1,-1,-1,1,0.245628297,0.982731328,0.108438986,1,1,0,0,0
69.35,1.75754878,-1.21076927,89.6801723,0.0797531367,0.00370295015,FollowWall,following_right_wall,0,14,42,0.430380911,-1,-1,-1,1,0.245628297,0.986735515,0.108438986,1,1,0,0,0
69.4,1.75757064,-1.20678271,89.6915345,0.0797192143,0.0042117861,FollowWall,following_right_wall,0,14,42,0.430560529,-1,-1,-1,1,0.245570853,0.990739617,0.108438986,1,1,0,0,0
69.45,1.7575917,-1.20279642,89.7031899,0.0797192143,0.0042117861,FollowWall,following_right_wall,0,14,42,0.430560529,-1,-1,-1,1,0.245570853,0.994743904,0.108438986,1,1,0,0,0
69.5,1.75761194,-1.19881028,89.7150164,0.0795936634,0.00609504828,FollowWall,following_right_wall,0,14,42,0.430689722,-1,-1,-1,1,0.245449826,0.998748302,0.108438986,1,1,0,0,0
69.55,1.75763126,-1.19482685,89.7291906,0.0795936634,0.00609504828,FollowWall,following_right_wall,0,14,42,0.430689722,-1,-1,-1,1,0.245449826,1.00275363,0.108438986,1,1,0,0,0
69.6,1.75764954,-1.190845,89.7447343,0.079513153,0.00730270528,FollowWall,following_right_wall,0,14,42,0.430828869,-1,-1,-1,1,0.245697618,1.0067595,0.108438986,1,1,0,0,0
69.65,1.75766665,-1.18686574,89.7625184,0.079513153,0.00730270528,FollowWall,following_right_wall,0,14,42,0.430828869,-1,-1,-1,1,0.245697618,1.01076625,0.108438986,1,1,0,0,0
69.7,1.75768247,-1.18288799,89.7816094,0.0796420659,0.00536901107,FollowWall,following_right_wall,0,14,42,0.430990577,-1,-1,-1,1,0.245402589,1.01477352,0.108438986,1,1,0,0,0
69.75,1.75769703,-1.17890844,89.7991546,0.0796420659,0.00536901107,FollowWall,following_right_wall,0,14,42,0.430990577,-1,-1,-1,1,0.245402589,1.01878021,0.108438986,1,1,0,0,0
69.8,1.75771041,-1.17492783,89.8157981,0.0797833488,0.00324976854,FollowWall,following_right_wall,0,14,42,0.431080908,-1,-1,-1,1,0.245675579,1.02278657,0.108438986,1,1,0,0,0
69.85,1.75772274,-1.17094366,89.829386,0.0797833488,0.00324976854,FollowWall,following_right_wall,0,14,42,0.431080908,-1,-1,-1,1,0.245675579,1.02679177,0.108438986,1,1,0,0,0
69.9,1.7577342,-1.16695741,89.8411913,0.0797299461,0.00405080782,FollowWall,following_right_wall,0,14,42,0.431040466,-1,-1,-1,1,0.246136129,1.0307963,0.108438986,1,1,0,0,0
69.95,1.75774484,-1.16297106,89.8529131,0.0797299461,0.00405080782,FollowWall,following_right_wall,0,14,42,0.431040466,-1,-1,-1,1,0.246136129,1.0348008,0.108438986,1,1,0,0,0
70,1.75775467,-1.15898466,89.8645861,0.0797388644,0.00391703395,FollowWall,following_right_wall,0,14,42,0.430938423,-1,-1,-1,1,0.245994776,1.03880528,0.108438986,1,1,0,0,0
70.05,1.75776369,-1.15499803,89.8760709,0.0797388644,0.00391703395,FollowWall,following_right_wall,0,14,42,0.430938423,-1,-1,-1,1,0.245994776,1.0428097,0.108438986,1,1,0,0,0
70.1,1.75777192,-1.15101128,89.887446,0.0798354105,0.00246884321,FollowWall,following_right_wall,0,14,42,0.430793405,-1,-1,-1,1,0.245724499,1.04681409,0.108438986,1,1,0,0,0
70.15,1.75777942,-1.14702243,89.8970285,0.0798354105,0.00246884321,FollowWall,following_right_wall,0,14,42,0.430793405,-1,-1,-1,1,0.245724499,1.05081778,0.108438986,1,1,0,0,0
70.2,1.7577863,-1.14303237,89.9055652,0.0797394743,0.00390788533,FollowWall,following_right_wall,0,14,42,0.430567831,-1,-1,-1,1,0.245403782,1.05482108,0.108438986,1,1,0,0,0
70.25,1.75779254,-1.1390436,89.9152097,0.0797394743,0.00390788533,FollowWall,following_right_wall,0,14,42,0.430567831,-1,-1,-1,1,0.245403782,1.05882481,0.108438986,1,1,0,0,0
70.3,1.75779808,-1.13505558,89.9255003,0.0797968047,0.00304792961,FollowWall,following_right_wall,0,14,42,0.430331975,-1,-1,-1,1,0.245035976,1.06282879,0.108438986,1,1,0,0,0
70.35,1.75780293,-1.1310668,89.9351414,0.0797968047,0.00304792961,FollowWall,following_right_wall,0,14,42,0.430331975,-1,-1,-1,1,0.245035976,1.06683252,0.108438986,1,1,0,0,0
70.4,1.75780712,-1.12707758,89.9444035,0.0798955457,0.00156681395,FollowWall,following_right_wall,0,14,42,0.430063784,-1,-1,-1,1,0.245291024,1.07083611,0.108438986,1,1,0,0,0
70.45,1.75781074,-1.12308604,89.9516767,0.0798955457,0.00156681395,FollowWall,following_right_wall,0,14,42,0.430063784,-1,-1,-1,1,0.245291024,1.07483893,0.108438986,1,1,0,0,0
70.5,1.7578139,-1.11909315,89.9577896,0.0799746894,0.000379659358,FollowWall,following_right_wall,0,14,42,0.429723889,-1,-1,-1,1,0.24483566,1.07884131,0.108438986,1,1,0,0,0
70.55,1.7578167,-1.11509783,89.9618087,0.0799746894,0.000379659358,FollowWall,following_right_wall,0,14,42,0.429723889,-1,-1,-1,1,0.24483566,1.08284287,0.108438986,1,1,0,0,0
70.6,1.75781927,-1.11110109,89.9646063,0.0798514985,0.00222752195,FollowWall,following_right_wall,0,14,42,0.429306805,-1,-1,-1,1,0.244934008,1.08684395,0.108438986,1,1,0,0,0
70.65,1.75782159,-1.10710608,89.9688972,0.0798514985,0.00222752195,FollowWall,following_right_wall,0,14,42,0.429306805,-1,-1,-1,1,0.244934008,1.09084562,0.108438986,1,1,0,0,0
70.7,1.75782357,-1.10311209,89.9740591,0.0796841465,0.00473780228,FollowWall,following_right_wall,0,14,42,0.428910881,-1,-1,-1,1,0.245177001,1.09484763,0.108438986,1,1,0,0,0
70.75,1.75782508,-1.09912217,89.9827255,0.0796841465,0.00473780228,FollowWall,following_right_wall,0,14,42,0.428910881,-1,-1,-1,1,0.245177001,1.098851,0.108438986,1,1,0,0,0
70.8,1.75782591,-1.09513463,89.9934363,0.0795510144,0.00673478387,FollowWall,following_right_wall,0,14,42,0.428617895,-1,-1,-1,1,0.245393738,1.10285517,0.108438986,1,1,0,0,0
70.85,1.75782587,-1.09115126,90.0077233,0.0795510144,0.00673478387,FollowWall,following_right_wall,0,14,42,0.428617895,-1,-1,-1,1,0.245393738,1.10683675,0.108438986,1,1,0,0,0
70.9,1.75782476,-1.08717031,90.0240964,0.079572956,0.00640565982,FollowWall,following_right_wall,0,14,42,0.428451598,-1,-1,-1,1,0.245319709,1.11079227,0.108438986,1,1,0,0,0
70.95,1.75782249,-1.08319032,90.0412936,0.079572956,0.00640565982,FollowWall,following_right_wall,0,14,42,0.428451598,-1,-1,-1,1,0.245319709,1.11474556,0.108438986,1,1,0,0,0
71,1.75781901,-1.07921089,90.0589715,0.0794112455,0.00883131677,FollowWall,following_right_wall,0,14,42,0.428350389,-1,-1,-1,1,0.245468557,1.11869756,0.108438986,1,1,0,0,0
71.05,1.75781419,-1.07523516,90.0798252,0.0794112455,0.00883131677,FollowWall,following_right_wall,0,14,42,0.428350389,-1,-1,-1,1,0.245468557,1.12264095,0.108438986,1,1,0,0,0
71.1,1.75780787,-1.07126158,90.1025315,0.0792545058,0.0111824136,FollowWall,following_right_wall,0,14,42,0.428367704,-1,-1,-1,1,0.245263234,1.12657931,0.108438986,1,1,0,0,0
71.15,1.75779985,-1.06729253,90.1291248,0.0792545058,0.0111824136,FollowWall,following_right_wall,0,14,42,0.428367704,-1,-1,-1,1,0.245263234,1.13050715,0.108438986,1,1,0,0,0
71.2,1.75778991,-1.06332613,90.1579856,0.0793239617,0.010140574,FollowWall,following_right_wall,0,14,42,0.428545654,-1,-1,-1,1,0.244950056,1.13442886,0.108438986,1,1,0,0,0
71.25,1.75777797,-1.05935982,90.1869255,0.0793239617,0.010140574,FollowWall,following_right_wall,0,14,42,0.428545654,-1,-1,-1,1,0.244950056,1.13835037,0.108438986,1,1,0,0,0
71.3,1.75776403,-1.05539357,90.2159116,0.0792887372,0.0106689413,FollowWall,following_right_wall,0,14,42,0.428797543,-1,-1,-1,1,0.245459914,1.14227177,0.108438986,1,1,0,0,0
71.35,1.75774806,-1.05142809,90.2455552,0.0792887372,0.0106689413,FollowWall,following_right_wall,0,14,42,0.428797543,-1,-1,-1,1,0.245459914,1.14619141,0.108438986,1,1,0,0,0
71.4,1.75773003,-1.04746307,90.2755824,0.0793818655,0.00927201756,FollowWall,following_right_wall,0,14,42,0.42912209,-1,-1,-1,1,0.245816216,1.15011004,0.108438986,1,1,0,0,0
71.45,1.75770996,-1.04349638,90.3041659,0.0793818655,0.00927201756,FollowWall,following_right_wall,0,14,42,0.42912209,-1,-1,-1,1,0.245816216,1.15403258,0.108438986,1,1,0,0,0
71.5,1.75768793,-1.03952872,90.3319073,0.0796031378,0.00595293308,FollowWall,following_right_wall,0,14,42,0.429472268,-1,-1,-1,1,0.245556086,1.15795743,0.108438986,1,1,0,0,0
71.55,1.75766411,-1.03555589,90.3551956,0.0796031378,0.00595293308,FollowWall,following_right_wall,0,14,42,0.429472268,-1,-1,-1,1,0.245556086,1.16189433,0.108438986,1,1,0,0,0
71.6,1.75763875,-1.03158005,90.3758862,0.0796889149,0.00466627575,FollowWall,following_right_wall,0,14,42,0.429757863,-1,-1,-1,1,0.245429531,1.16583827,0.108438986,1,1,0,0,0
71.65,1.75761203,-1.02760066,90.3935257,0.0796889149,0.00466627575,FollowWall,following_right_wall,0,14,42,0.429757863,-1,-1,-1,1,0.245429531,1.16979047,0.108438986,1,1,0,0,0
71.7,1.75758413,-1.02361921,90.4093853,0.0797557094,0.00366435838,FollowWall,following_right_wall,0,14,42,0.429997742,-1,-1,-1,1,0.245273352,1.17374748,0.108438986,1,1,0,0,0
71.75,1.75755519,-1.01963517,90.4230108,0.0797557094,0.00366435838,FollowWall,following_right_wall,0,14,42,0.429997742,-1,-1,-1,1,0.245273352,1.17771054,0.108438986,1,1,0,0,0
71.8,1.75752533,-1.01564962,90.435333,0.0799667637,0.000498544187,FollowWall,following_right_wall,0,14,42,0.430222005,-1,-1,-1,1,0.245205507,1.18167711,0.108438986,1,1,0,0,0
71.85,1.75749474,-1.01165879,90.443116,0.0799667637,0.000498544187,FollowWall,following_right_wall,0,14,42,0.430222005,-1,-1,-1,1,0.245205507,1.18565595,0.108438986,1,1,0,0,0
71.9,1.75746367,-1.00766489,90.4482512,0.0798296243,-0.00255563562,FollowWall,following_right_wall,0,14,42,0.430373728,-1,-1,-1,1,0.244990185,1.18964195,0.108438986,1,1,0,0,0
71.95,1.75743244,-1.00367205,90.4481962,0.0798296243,-0.00255563562,FollowWall,following_right_wall,0,14,42,0.430373728,-1,-1,-1,1,0.244990185,1.19363488,0.108438986,1,1,0,0,0
72,1.75740131,-0.99967982,90.4451135,0.0797394757,-0.00390786392,FollowWall,following_right_wall,0,14,42,0.430419028,-1,-1,-1,1,0.244820416,1.19763185,0.108438986,1,1,0,0,0
72.05,1.75737054,-0.995689831,90.4386507,0.0797394757,-0.00390786392,FollowWall,following_right_wall,0,14,42,0.430419028,-1,-1,-1,1,0.244820416,1.20163179,0.108438986,1,1,0,0,0
72.1,1.7573403,-0.991701143,90.430216,0.0797733326,-0.00340001134,FollowWall,following_right_wall,0,14,42,0.430398792,-1,-1,-1,1,0.245336995,1.20563347,0.108438986,1,1,0,0,0
72.15,1.75731066,-0.987712508,90.4212373,0.0797733326,-0.00340001134,FollowWall,following_right_wall,0,14,42,0.430398792,-1,-1,-1,1,0.245336995,1.20963593,0.108438986,1,1,0,0,0
72.2,1.75728166,-0.9837239,90.4119412,0.0798047,-0.00292950033,FollowWall,following_right_wall,0,14,42,0.430397093,-1,-1,-1,1,0.245511606,1.21363886,0.108438986,1,1,0,0,0
72.25,1.75725329,-0.979734654,90.4030217,0.0798047,-0.00292950033,FollowWall,following_right_wall,0,14,42,0.430397093,-1,-1,-1,1,0.245511606,1.21764184,0.108438986,1,1,0,0,0
72.3,1.75722553,-0.975745034,90.3943218,0.0796809924,-0.00478511456,FollowWall,following_right_wall,0,14,42,0.430453986,-1,-1,-1,1,0.245895177,1.22164487,0.108438986,1,1,0,0,0
72.35,1.75719846,-0.97175777,90.3835351,0.0796809924,-0.00478511456,FollowWall,following_right_wall,0,14,42,0.430453986,-1,-1,-1,1,0.245895177,1.22564876,0.108438986,1,1,0,0,0
72.4,1.7571722,-0.967771878,90.371531,0.0796215943,-0.00567608586,FollowWall,following_right_wall,0,14,42,0.430507153,-1,-1,-1,1,0.245997921,1.22965315,0.108438986,1,1,0,0,0
72.45,1.75714684,-0.963788022,90.3577533,0.0796215943,-0.00567608586,FollowWall,following_right_wall,0,14,42,0.430507153,-1,-1,-1,1,0.245997921,1.23365826,0.108438986,1,1,0,0,0
72.5,1.75712249,-0.95980535,90.342941,0.0796534812,-0.00519778158,FollowWall,following_right_wall,0,14,42,0.430546135,-1,-1,-1,1,0.246167809,1.23766378,0.108438986,1,1,0,0,0
72.55,1.75709917,-0.955822702,90.328096,0.0796534812,-0.00519778158,FollowWall,following_right_wall,0,14,42,0.430546135,-1,-1,-1,1,0.246167809,1.24166933,0.108438986,1,1,0,0,0
72.6,1.75707688,-0.951840066,90.3132321,0.079578901,-0.0063164855,FollowWall,following_right_wall,0,14,42,0.43061474,-1,-1,-1,1,0.245974422,1.2456749,0.108438986,1,1,0,0,0
72.65,1.75705568,-0.947858987,90.2970217,0.079578901,-0.0063164855,FollowWall,following_right_wall,0,14,42,0.43061474,-1,-1,-1,1,0.245974422,1.24968101,0.108438986,1,1,0,0,0
72.7,1.75703563,-0.943878815,90.2800259,0.0794937426,-0.00759386099,FollowWall,following_right_wall,0,14,42,0.43068409,-1,-1,-1,1,0.245586634,1.25368743,0.108438986,1,1,0,0,0
72.75,1.75701685,-0.939900944,90.2610472,0.0794937426,-0.00759386099,FollowWall,following_right_wall,0,14,42,0.43068409,-1,-1,-1,1,0.245586634,1.25769462,0.108438986,1,1,0,0,0
72.8,1.75699943,-0.935924411,90.2409118,0.0795453373,-0.00681994079,FollowWall,following_right_wall,0,14,42,0.430723757,-1,-1,-1,1,0.245993957,1.26170227,0.108438986,1,1,0,0,0
72.85,1.7569834,-0.931947583,90.2210254,0.0795453373,-0.00681994079,FollowWall,following_right_wall,0,14,42,0.430723757,-1,-1,-1,1,0.245993957,1.26570985,0.108438986,1,1,0,0,0
72.9,1.75696874,-0.92797058,90.2012843,0.079569217,-0.00646174557,FollowWall,following_right_wall,0,14,42,0.430782914,-1,-1,-1,1,0.246189177,1.26971739,0.108438986,1,1,0,0,0
72.95,1.75695544,-0.923992976,90.1820556,0.079569217,-0.00646174557,FollowWall,following_right_wall,0,14,42,0.430782914,-1,-1,-1,1,0.246189177,1.27372474,0.108438986,1,1,0,0,0
73,1.75694345,-0.92001502,90.1631256,0.0794221433,-0.0086678504,FollowWall,following_right_wall,0,14,42,0.430876166,-1,-1,-1,1,0.246069238,1.277732,0.108438986,1,1,0,0,0
73.05,1.75693288,-0.916039921,90.1417367,0.0794221433,-0.0086678504,FollowWall,following_right_wall,0,14,42,0.430876166,-1,-1,-1,1,0.246069238,1.28174023,0.108438986,1,1,0,0,0
73.1,1.75692384,-0.912066488,90.1189133,0.0792866538,-0.0107001923,FollowWall,following_right_wall,0,14,42,0.430920392,-1,-1,-1,1,0.246119365,1.28574902,0.108438986,1,1,0,0,0
73.15,1.7569165,-0.908096847,90.0928273,0.0792866538,-0.0107001923,FollowWall,following_right_wall,0,14,42,0.430920392,-1,-1,-1,1,0.246119365,1.28975909,0.108438986,1,1,0,0,0
73.2,1.75691105,-0.904129418,90.064838,0.0793422422,-0.00986636698,FollowWall,following_right_wall,0,14,42,0.430869043,-1,-1,-1,1,0.245990127,1.29376993,0.108438986,1,1,0,0,0
73.25,1.75690753,-0.90016212,90.0367338,0.0793422422,-0.00986636698,FollowWall,following_right_wall,0,14,42,0.430869043,-1,-1,-1,1,0.245990127,1.29778084,0.108438986,1,1,0,0,0
73.3,1.75690596,-0.896194899,90.0085626,0.0794433227,-0.00835015997,FollowWall,following_right_wall,0,14,42,0.430792004,-1,-1,-1,1,0.245863259,1.3017918,0.108438986,1,1,0,0,0
73.35,1.75690628,-0.892225618,89.9821621,0.0794433227,-0.00835015997,FollowWall,following_right_wall,0,14,42,0.430792004,-1,-1,-1,1,0.245863259,1.30574668,0.108438986,1,1,0,0,0
73.4,1.7569084,-0.888255135,89.9567946,0.0795445266,-0.00683210167,FollowWall,following_right_wall,0,14,42,0.43075037,-1,-1,-1,1,0.245905563,1.30967778,0.108438986,1,1,0,0,0
73.45,1.75691219,-0.884281843,89.9338416,0.0795445266,-0.00683210167,FollowWall,following_right_wall,0,14,42,0.43075037,-1,-1,-1,1,0.245905563,1.31361546,0.108438986,1,1,0,0,0
73.5,1.75691753,-0.880306915,89.9122972,0.0794468901,-0.00829664807,FollowWall,following_right_wall,0,14,42,0.430765837,-1,-1,-1,1,0.245939538,1.31755697,0.108438986,1,1,0,0,0
73.55,1.75692439,-0.876333067,89.8898262,0.0794468901,-0.00829664807,FollowWall,following_right_wall,0,14,42,0.430765837,-1,-1,-1,1,0.245939538,1.32149598,0.108438986,1,1,0,0,0
73.6,1.75693283,-0.872359851,89.8668147,0.0793580684,-0.00962897349,FollowWall,following_right_wall,0,14,42,0.430749416,-1,-1,-1,1,0.246205926,1.32543354,0.108438986,1,1,0,0,0
73.65,1.75694292,-0.868388856,89.8418976,0.0793580684,-0.00962897349,FollowWall,following_right_wall,0,14,42,0.430749416,-1,-1,-1,1,0.246205926,1.32936594,0.108438986,1,1,0,0,0
73.7,1.75695478,-0.86441916,89.8158689,0.0793654155,-0.00951876703,FollowWall,following_right_wall,0,14,42,0.430649161,-1,-1,-1,1,0.246730804,1.33329535,0.108438986,1,1,0,0,0
73.75,1.75696845,-0.860450071,89.7893233,0.0793654155,-0.00951876703,FollowWall,following_right_wall,0,14,42,0.430649161,-1,-1,-1,1,0.246730804,1.33722337,0.108438986,1,1,0,0,0
73.8,1.75698397,-0.856481339,89.7624762,0.0793188593,-0.0102171105,FollowWall,following_right_wall,0,14,42,0.43048802,-1,-1,-1,1,0.246690348,1.34115058,0.108438986,1,1,0,0,0
73.85,1.75700139,-0.85251379,89.7346196,0.0793188593,-0.0102171105,FollowWall,following_right_wall,0,14,42,0.43048802,-1,-1,-1,1,0.246690348,1.34507508,0.108438986,1,1,0,0,0
73.9,1.75702075,-0.848546935,89.7061741,0.0794645378,-0.00803193286,FollowWall,following_right_wall,0,14,42,0.430255175,-1,-1,-1,1,0.246543512,1.348998,0.108438986,1,1,0,0,0
73.95,1.75704201,-0.844577454,89.6799935,0.0794645378,-0.00803193286,FollowWall,following_right_wall,0,14,42,0.430255175,-1,-1,-1,1,0.246543512,1.35292706,0.108438986,1,1,0,0,0
74,1.75706505,-0.840606447,89.6551341,0.0797487797,-0.0037683041,FollowWall,following_right_wall,0,14,42,0.430025637,-1,-1,-1,1,0.246521011,1.35685971,0.108438986,1,1,0,0,0
74.05,1.75708965,-0.83662863,89.6361347,0.0797487797,-0.0037683041,FollowWall,following_right_wall,0,14,42,0.430025637,-1,-1,-1,1,0.246521011,1.36080822,0.108438986,1,1,0,0,0
74.1,1.75711548,-0.832646843,89.6205536,0.0799591318,-0.000613022833,FollowWall,following_right_wall,0,14,42,0.429905862,-1,-1,-1,1,0.246085316,1.36476599,0.108438986,1,1,0,0,0
74.15,1.75714224,-0.828658359,89.6107329,0.0799591318,-0.000613022833,FollowWall,following_right_wall,0,14,42,0.429905862,-1,-1,-1,1,0.246085316,1.36873933,0.108438986,1,1,0,0,0
74.2,1.75716959,-0.82466597,89.6042724,0.0798057962,0.00291305658,FollowWall,following_right_wall,0,14,42,0.42991212,-1,-1,-1,1,0.245975852,1.37272177,0.108438986,1,1,0,0,0
74.25,1.75719717,-0.820674496,89.603981,0.0798057962,0.00291305658,FollowWall,following_right_wall,0,14,42,0.42991212,-1,-1,-1,1,0.245975852,1.37671279,0.108438986,1,1,0,0,0
74.3,1.75722464,-0.816683555,89.6072882,0.0796426823,0.00535976554,FollowWall,following_right_wall,0,14,42,0.430053622,-1,-1,-1,1,0.245724261,1.38070883,0.108438986,1,1,0,0,0
74.35,1.75725168,-0.81269632,89.6156152,0.0796426823,0.00535976554,FollowWall,following_right_wall,0,14,42,0.430053622,-1,-1,-1,1,0.245724261,1.3847089,0.108438986,1,1,0,0,0
74.4,1.75727802,-0.808711243,89.6268703,0.079682376,0.00476436052,FollowWall,following_right_wall,0,14,42,0.430304974,-1,-1,-1,1,0.245645806,1.38871133,0.108438986,1,1,0,0,0
74.45,1.75730354,-0.804726597,89.6391228,0.079682376,0.00476436052,FollowWall,following_right_wall,0,14,42,0.430304974,-1,-1,-1,1,0.245645806,1.39271486,0.108438986,1,1,0,0,0
74.5,1.75732819,-0.800742199,89.6519572,0.0797445063,0.0038324061,FollowWall,following_right_wall,0,14,42,0.430559248,-1,-1,-1,1,0.245777696,1.39671906,0.108438986,1,1,0,0,0
74.55,1.75735198,-0.79675665,89.6640185,0.0797445063,0.0038324061,FollowWall,following_right_wall,0,14,42,0.430559248,-1,-1,-1,1,0.245777696,1.40072321,0.108438986,1,1,0,0,0
74.6,1.75737495,-0.792770427,89.6756288,0.0797427733,0.00385840023,FollowWall,following_right_wall,0,14,42,0.430748016,-1,-1,-1,1,0.245774195,1.40472735,0.108438986,1,1,0,0,0
74.65,1.75739713,-0.788783845,89.6870072,0.0797427733,0.00385840023,FollowWall,following_right_wall,0,14,42,0.430748016,-1,-1,-1,1,0.245774195,1.40873149,0.108438986,1,1,0,0,0
74.7,1.75741852,-0.784797053,89.6982502,0.0796134345,0.0057984822,FollowWall,following_right_wall,0,14,42,0.430873841,-1,-1,-1,1,0.245719165,1.41273564,0.108438986,1,1,0,0,0
74.75,1.75743903,-0.78081283,89.71173,0.0796134345,0.0057984822,FollowWall,following_right_wall,0,14,42,0.430873841,-1,-1,-1,1,0.245719165,1.41674068,0.108438986,1,1,0,0,0
74.8,1.75745856,-0.776830104,89.7265147,0.0795089476,0.00736578548,FollowWall,following_right_wall,0,14,42,0.431003332,-1,-1,-1,1,0.245878994,1.42074624,0.108438986,1,1,0,0,0
74.85,1.75747695,-0.772850425,89.7439313,0.0795089476,0.00736578548,FollowWall,following_right_wall,0,14,42,0.431003332,-1,-1,-1,1,0.245878994,1.42475283,0.108438986,1,1,0,0,0
74.9,1.75749407,-0.768872522,89.7628833,0.0796229041,0.00565643902,FollowWall,following_right_wall,0,14,42,0.431164056,-1,-1,-1,1,0.245650545,1.42876003,0.108438986,1,1,0,0,0
74.95,1.75750992,-0.764893278,89.7806905,0.0796229041,0.00565643902,FollowWall,following_right_wall,0,14,42,0.431164056,-1,-1,-1,1,0.245650545,1.43276681,0.108438986,1,1,0,0,0
75,1.75752456,-0.76091325,89.7978299,0.0797625696,0.00356145601,FollowWall,following_right_wall,0,14,42,0.431265473,-1,-1,-1,1,0.245787337,1.43677335,0.108438986,1,1,0,0,0
75.05,1.75753812,-0.756929854,89.8120791,0.0797625696,0.00356145601,FollowWall,following_right_wall,0,14,42,0.431265473,-1,-1,-1,1,0.245787337,1.44077879,0.108438986,1,1,0,0,0
75.1,1.75755075,-0.752944493,89.8246422,0.0797591039,0.00361344122,FollowWall,following_right_wall,0,14,42,0.431242526,-1,-1,-1,1,0.24624452,1.44478359,0.108438986,1,1,0,0,0
75.15,1.75756255,-0.748958057,89.836284,0.0797591039,0.00361344122,FollowWall,following_right_wall,0,14,42,0.431242526,-1,-1,-1,1,0.24624452,1.44878805,0.108438986,1,1,0,0,0
75.2,1.75757355,-0.744970993,89.8473882,0.0797328501,0.00400724824,FollowWall,following_right_wall,0,14,42,0.431136996,-1,-1,-1,1,0.246221155,1.45279231,0.108438986,1,1,0,0,0
75.25,1.75758378,-0.740984109,89.858649,0.0797328501,0.00400724824,FollowWall,following_right_wall,0,14,42,0.431136996,-1,-1,-1,1,0.246221155,1.45679664,0.108438986,1,1,0,0,0
75.3,1.75759322,-0.736997329,89.8700011,0.0798294117,0.00255882505,FollowWall,following_right_wall,0,14,42,0.43099156,-1,-1,-1,1,0.245948195,1.460801,0.108438986,1,1,0,0,0
75.35,1.75760193,-0.733008597,89.8796775,0.0798294117,0.00255882505,FollowWall,following_right_wall,0,14,42,0.43099156,-1,-1,-1,1,0.245948195,1.46480473,0.108438986,1,1,0,0,0
75.4,1.75761001,-0.729018727,89.8883765,0.0797537115,0.00369432819,FollowWall,following_right_wall,0,14,42,0.430769801,-1,-1,-1,1,0.245654657,1.46880808,0.108438986,1,1,0,0,0
75.45,1.75761745,-0.725029769,89.8978607,0.0797537115,0.00369432819,FollowWall,following_right_wall,0,14,42,0.430769801,-1,-1,-1,1,0.245654657,1.47281174,0.108438986,1,1,0,0,0
75.5,1.75762422,-0.721041343,89.9078029,0.0797782343,0.00332648508,FollowWall,following_right_wall,0,14,42,0.430529207,-1,-1,-1,1,0.245300874,1.47681557,0.108438986,1,1,0,0,0
75.55,1.75763029,-0.717052716,89.9175732,0.0797782343,0.00332648508,FollowWall,following_right_wall,0,14,42,0.430529207,-1,-1,-1,1,0.245300874,1.48081935,0.108438986,1,1,0,0,0
75.6,1.7576357,-0.713063972,89.9272432,0.0798792544,0.00181118355,FollowWall,following_right_wall,0,14,42,0.430265695,-1,-1,-1,1,0.245422825,1.48482309,0.108438986,1,1,0,0,0
75.65,1.75764049,-0.709073054,89.935046,0.0798792544,0.00181118355,FollowWall,following_right_wall,0,14,42,0.430265695,-1,-1,-1,1,0.245422825,1.48882612,0.108438986,1,1,0,0,0
75.7,1.75764478,-0.705080867,89.9417596,0.0799615948,0.000576077971,FollowWall,following_right_wall,0,14,42,0.429935664,-1,-1,-1,1,0.245077968,1.49282872,0.108438986,1,1,0,0,0
75.75,1.75764868,-0.701086226,89.9463635,0.0799615948,0.000576077971,FollowWall,following_right_wall,0,14,42,0.429935664,-1,-1,-1,1,0.245077968,1.4968305,0.108438986,1,1,0,0,0
75.8,1.75765231,-0.697090153,89.9497368,0.0798746056,0.0018809158,FollowWall,following_right_wall,0,14,42,0.429527998,-1,-1,-1,1,0.245028764,1.50083181,0.108438986,1,1,0,0,0
75.85,1.75765566,-0.693095056,89.9539497,0.0798746056,0.0018809158,FollowWall,following_right_wall,0,14,42,0.429527998,-1,-1,-1,1,0.245028764,1.50483344,0.108438986,1,1,0,0,0
75.9,1.75765871,-0.689100529,89.9586524,0.0797080776,0.00437883613,FollowWall,following_right_wall,0,14,42,0.429123551,-1,-1,-1,1,0.245292455,1.50883527,0.108438986,1,1,0,0,0
75.95,1.75766131,-0.685109804,89.9666225,0.0797080776,0.00437883613,FollowWall,following_right_wall,0,14,42,0.429123551,-1,-1,-1,1,0.245292455,1.51283837,0.108438986,1,1,0,0,0
76,1.75766329,-0.681121295,89.9764986,0.0795437763,0.00684335514,FollowWall,following_right_wall,0,14,42,0.428810686,-1,-1,-1,1,0.245512277,1.51684221,0.108438986,1,1,0,0,0
76.05,1.75766444,-0.677137504,89.9904282,0.0795437763,0.00684335514,FollowWall,following_right_wall,0,14,42,0.428810686,-1,-1,-1,1,0.245512277,1.52084763,0.108438986,1,1,0,0,0
76.1,1.75766454,-0.673156463,90.0067226,0.0795977139,0.00603429152,FollowWall,following_right_wall,0,14,42,0.428634077,-1,-1,-1,1,0.245554149,1.5248331,0.108438986,1,1,0,0,0
76.15,1.75766349,-0.669175904,90.0234305,0.0795977139,0.00603429152,FollowWall,following_right_wall,0,14,42,0.428634077,-1,-1,-1,1,0.245554149,1.52878771,0.108438986,1,1,0,0,0
76.2,1.75766128,-0.665195625,90.0403797,0.0794355561,0.00846665775,FollowWall,following_right_wall,0,14,42,0.428513438,-1,-1,-1,1,0.245577797,1.53274168,0.108438986,1,1,0,0,0
76.25,1.75765778,-0.66121889,90.060373,0.0794355561,0.00846665775,FollowWall,following_right_wall,0,14,42,0.428513438,-1,-1,-1,1,0.245577797,1.53668739,0.108438986,1,1,0,0,0
76.3,1.75765284,-0.657244223,90.0821421,0.0792771128,0.0108433075,FollowWall,following_right_wall,0,14,42,0.42850399,-1,-1,-1,1,0.245513573,1.54062829,0.108438986,1,1,0,0,0
76.35,1.75764626,-0.653274064,90.107784,0.0792771128,0.0108433075,FollowWall,following_right_wall,0,14,42,0.42850399,-1,-1,-1,1,0.245513573,1.54455869,0.108438986,1,1,0,0,0
76.4,1.75763783,-0.649306537,90.1356851,0.0793104972,0.0103425423,FollowWall,following_right_wall,0,14,42,0.428652436,-1,-1,-1,1,0.245054886,1.54848298,0.108438986,1,1,0,0,0
76.45,1.75762744,-0.645339853,90.1643062,0.0793104972,0.0103425423,FollowWall,following_right_wall,0,14,42,0.428652436,-1,-1,-1,1,0.245054886,1.55240534,0.108438986,1,1,0,0,0
76.5,1.75761506,-0.641373663,90.1933473,0.0793057484,0.0104137744,FollowWall,following_right_wall,0,14,42,0.428890258,-1,-1,-1,1,0.245534271,1.55632658,0.108438986,1,1,0,0,0
76.55,1.75760067,-0.637407864,90.2227185,0.0793057484,0.0104137744,FollowWall,following_right_wall,0,14,42,0.428890258,-1,-1,-1,1,0.245534271,1.56024695,0.108438986,1,1,0,0,0
76.6,1.75758423,-0.633442297,90.2522822,0.0793435408,0.00984688751,FollowWall,following_right_wall,0,14,42,0.429194987,-1,-1,-1,1,0.246026948,1.56416681,0.108438986,1,1,0,0,0
76.65,1.75756576,-0.629476083,90.2812816,0.0793435408,0.00984688751,FollowWall,following_right_wall,0,14,42,0.429194987,-1,-1,-1,1,0.246026948,1.56808822,0.108438986,1,1,0,0,0
76.7,1.75754529,-0.625509495,90.3099517,0.0795645709,0.00653143659,FollowWall,following_right_wall,0,14,42,0.429545879,-1,-1,-1,1,0.245672658,1.57201054,0.108438986,1,1,0,0,0
76.75,1.75752296,-0.621538089,90.3344723,0.0795645709,0.00653143659,FollowWall,following_right_wall,0,14,42,0.429545879,-1,-1,-1,1,0.245672658,1.5759441,0.108438986,1,1,0,0,0
76.8,1.75749899,-0.617563875,90.3565723,0.0796873473,0.00468979006,FollowWall,following_right_wall,0,14,42,0.429845542,-1,-1,-1,1,0.245627671,1.57988422,0.108438986,1,1,0,0,0
76.85,1.75747359,-0.61358547,90.375062,0.0796873473,0.00468979006,FollowWall,following_right_wall,0,14,42,0.429845542,-1,-1,-1,1,0.245627671,1.58383412,0.108438986,1,1,0,0,0
76.9,1.75744696,-0.609604622,90.3914457,0.0797206216,0.00419067614,FollowWall,following_right_wall,0,14,42,0.430086672,-1,-1,-1,1,0.245413035,1.58778971,0.108438986,1,1,0,0,0
76.95,1.75741925,-0.60562166,90.4060051,0.0797206216,0.00419067614,FollowWall,following_right_wall,0,14,42,0.430086672,-1,-1,-1,1,0.245413035,1.59175024,0.108438986,1,1,0,0,0
77,1.75739054,-0.601637465,90.4195003,0.0799325349,0.00101197709,FollowWall,following_right_wall,0,14,42,0.430319816,-1,-1,-1,1,0.245298445,1.59571365,0.108438986,1,1,0,0,0
77.05,1.75736102,-0.59764814,90.4285805,0.0799325349,0.00101197709,FollowWall,following_right_wall,0,14,42,0.430319816,-1,-1,-1,1,0.245298445,1.59968899,0.108438986,1,1,0,0,0
77.1,1.75733093,-0.593655822,90.4350852,0.0798618362,-0.00207245763,FollowWall,following_right_wall,0,14,42,0.43048659,-1,-1,-1,1,0.245193571,1.60367129,0.108438986,1,1,0,0,0
77.15,1.75730056,-0.589663231,90.4364058,0.0798618362,-0.00207245763,FollowWall,following_right_wall,0,14,42,0.43048659,-1,-1,-1,1,0.245193571,1.60766185,0.108438986,1,1,0,0,0
77.2,1.75727021,-0.585670479,90.4347024,0.0797369788,-0.00394531822,FollowWall,following_right_wall,0,14,42,0.430548459,-1,-1,-1,1,0.244893387,1.61165722,0.108438986,1,1,0,0,0
77.25,1.75724013,-0.581680233,90.4289993,0.0797369788,-0.00394531822,FollowWall,following_right_wall,0,14,42,0.430548459,-1,-1,-1,1,0.244893387,1.61565625,0.108438986,1,1,0,0,0
77.3,1.75721055,-0.577691446,90.4209631,0.0797704265,-0.00344360238,FollowWall,following_right_wall,0,14,42,0.430528969,-1,-1,-1,1,0.245410964,1.61965741,0.108438986,1,1,0,0,0
77.35,1.75718155,-0.573702811,90.4121649,0.0797704265,-0.00344360238,FollowWall,following_right_wall,0,14,42,0.430528969,-1,-1,-1,1,0.245410964,1.6236596,0.108438986,1,1,0,0,0
77.4,1.75715318,-0.569714263,90.4029221,0.0798027002,-0.00295949707,FollowWall,following_right_wall,0,14,42,0.430518717,-1,-1,-1,1,0.245591402,1.62766239,0.108438986,1,1,0,0,0
77.45,1.75712543,-0.565725091,90.3939978,0.0798027002,-0.00295949707,FollowWall,following_right_wall,0,14,42,0.430518717,-1,-1,-1,1,0.245591402,1.63166531,0.108438986,1,1,0,0,0
77.5,1.7570983,-0.561735554,90.3852593,0.0797126045,-0.00431093293,FollowWall,following_right_wall,0,14,42,0.430564463,-1,-1,-1,1,0.245980233,1.63566832,0.108438986,1,1,0,0,0
77.55,1.75707184,-0.557747678,90.3750161,0.0797126045,-0.00431093293,FollowWall,following_right_wall,0,14,42,0.430564463,-1,-1,-1,1,0.245980233,1.63967198,0.108438986,1,1,0,0,0
77.6,1.75704614,-0.55376077,90.3638951,0.079618626,-0.00572060981,FollowWall,following_right_wall,0,14,42,0.43062216,-1,-1,-1,1,0.246062964,1.64367604,0.108438986,1,1,0,0,0
77.65,1.75702129,-0.549776382,90.3505793,0.079618626,-0.00572060981,FollowWall,following_right_wall,0,14,42,0.43062216,-1,-1,-1,1,0.246062964,1.64768096,0.108438986,1,1,0,0,0
77.7,1.75699743,-0.54579346,90.3359833,0.0796499897,-0.0052501539,FollowWall,following_right_wall,0,14,42,0.430658728,-1,-1,-1,1,0.246236861,1.6516864,0.108438986,1,1,0,0,0
77.75,1.75697459,-0.541810738,90.3212021,0.0796499897,-0.0052501539,FollowWall,following_right_wall,0,14,42,0.430658728,-1,-1,-1,1,0.246236861,1.65569193,0.108438986,1,1,0,0,0
77.8,1.75695278,-0.53782813,90.3063128,0.0796077606,-0.0058835915,FollowWall,following_right_wall,0,14,42,0.430718988,-1,-1,-1,1,0.246181741,1.65969752,0.108438986,1,1,0,0,0
77.85,1.75693204,-0.533846466,90.2906044,0.0796077606,-0.0058835915,FollowWall,following_right_wall,0,14,42,0.430718988,-1,-1,-1,1,0.246181741,1.66370344,0.108438986,1,1,0,0,0
77.9,1.75691241,-0.529865351,90.2744181,0.0794893871,-0.00765919368,FollowWall,following_right_wall,0,14,42,0.430793852,-1,-1,-1,1,0.245789871,1.66770956,0.108438986,1,1,0,0,0
77.95,1.756894,-0.525887019,90.2558336,0.0794893871,-0.00765919368,FollowWall,following_right_wall,0,14,42,0.430793852,-1,-1,-1,1,0.245789871,1.6717166,0.108438986,1,1,0,0,0
78,1.75687694,-0.521910308,90.2358502,0.0795401644,-0.00689753459,FollowWall,following_right_wall,0,14,42,0.430832177,-1,-1,-1,1,0.246045053,1.6757242,0.108438986,1,1,0,0,0
78.05,1.75686126,-0.517933483,90.2159598,0.0795401644,-0.00689753459,FollowWall,following_right_wall,0,14,42,0.430832177,-1,-1,-1,1,0.246045053,1.67973178,0.108438986,1,1,0,0,0
78.1,1.75684695,-0.51395659,90.1961238,0.0795935123,-0.00609731479,FollowWall,following_right_wall,0,14,42,0.430884302,-1,-1,-1,1,0.246343747,1.68373936,0.108438986,1,1,0,0,0
78.15,1.75683399,-0.509978543,90.1772747,0.0795935123,-0.00609731479,FollowWall,following_right_wall,0,14,42,0.430884302,-1,-1,-1,1,0.246343747,1.68774658,0.108438986,1,1,0,0,0
78.2,1.75682232,-0.505999822,90.1590012,0.0794449387,-0.00832591886,FollowWall,following_right_wall,0,14,42,0.430983096,-1,-1,-1,1,0.246133804,1.69175359,0.108438986,1,1,0,0,0
78.25,1.756812,-0.502023802,90.1384033,0.0794449387,-0.00832591886,FollowWall,following_right_wall,0,14,42,0.430983096,-1,-1,-1,1,0.246133804,1.69576151,0.108438986,1,1,0,0,0
78.3,1.75680316,-0.498049357,90.1164496,0.079306678,-0.0103998304,FollowWall,following_right_wall,0,14,42,0.431040466,-1,-1,-1,1,0.24626343,1.69976997,0.108438986,1,1,1,0,1
