time,x,y,yaw_deg,v,w,state,reason,fault,narrow_usable,wide_usable,front_sector,front_clearance,pivot_valid,heading_valid,right_valid,right_distance,cap_gap,min_cap_gap,entered,approached,returned,contact,completed
0,0,0.05,0,0.0693795438,-0.159306842,FollowWall,following_right_wall,0,14,42,0.446561933,1.95870057,1,1,1,0.353447229,-1,100,0,0,0,0,0
0.05,0.00144540517,0.0499976014,-0.190158536,0.0693795438,-0.159306842,FollowWall,following_right_wall,0,14,42,0.446561933,1.95870057,1,1,1,0.353447229,-1,100,0,0,0,0,0
0.1,0.00373392605,0.0499839929,-0.491242884,0.0700381807,-0.149427289,FollowWall,following_right_wall,0,14,42,0.451643944,1.95449594,1,1,1,0.353925258,-1,100,0,0,0,0,0
0.15,0.0065278589,0.0499514057,-0.845241109,0.0700381807,-0.149427289,FollowWall,following_right_wall,0,14,42,0.451643944,1.95449594,1,1,1,0.353925258,-1,100,0,0,0,0,0
0.2,0.00961638609,0.0498954639,-1.23010576,0.0710689512,-0.133965731,FollowWall,following_right_wall,0,14,42,0.459723055,1.94821295,1,1,1,0.354181796,-1,100,0,0,0,0,0
0.25,0.0128979143,0.0498139863,-1.61451995,0.0710689512,-0.133965731,FollowWall,following_right_wall,0,14,42,0.459723055,1.94821295,1,1,1,0.354181796,-1,100,0,0,0,0,0
0.3,0.0162916444,0.049706943,-1.99867138,0.0720625406,-0.119061891,FollowWall,following_right_wall,0,14,42,0.468717784,1.94148592,1,1,1,0.355265141,-1,100,0,0,0,0,0
0.35,0.0197710836,0.0495743848,-2.36487937,0.0720625406,-0.119061891,FollowWall,following_right_wall,0,14,42,0.468717784,1.94148592,1,1,1,0.355265141,-1,100,0,0,0,0,0
0.4,0.0233000538,0.0494176685,-2.72062037,0.0731165018,-0.103252473,FollowWall,following_right_wall,0,14,42,0.477787256,1.93476295,1,1,1,0.355105281,-1,100,0,0,0,0,0
0.45,0.0268793636,0.0492372251,-3.05138451,0.0731165018,-0.103252473,FollowWall,following_right_wall,0,14,42,0.477787256,1.93476295,1,1,1,0.355105281,-1,100,0,0,0,0,0
0.5,0.030487538,0.0490348979,-3.36757882,0.074054993,-0.0891751045,FollowWall,following_right_wall,0,14,42,0.486509442,1.92810468,1,1,1,0.355125338,-1,100,0,0,0,0,0
0.55,0.0341315648,0.0488111882,-3.65847044,0.074054993,-0.0891751045,FollowWall,following_right_wall,0,14,42,0.486509442,1.92810468,1,1,1,0.355125338,-1,100,0,0,0,0,0
0.6,0.037796002,0.048568019,-3.93460216,0.074890406,-0.07664391,FollowWall,following_right_wall,0,14,42,0.49470365,1.92147395,1,1,1,0.355103046,-1,100,0,0,0,0,0
0.65,0.0414892128,0.0483058206,-4.18716592,0.074890406,-0.07664391,FollowWall,following_right_wall,0,14,42,0.49470365,1.92147395,1,1,1,0.355103046,-1,100,0,0,0,0,0
0.7,0.0451987217,0.0480264732,-4.42598172,0.0756889454,-0.0646658184,FollowWall,following_right_wall,0,14,42,0.502306938,1.91482295,1,1,1,0.354297698,-1,100,0,0,0,0,0
0.75,0.0489338552,0.0477302664,-4.64248006,0.0756889454,-0.0646658184,FollowWall,following_right_wall,0,14,42,0.502306938,1.91482295,1,1,1,0.354297698,-1,100,0,0,0,0,0
0.8,0.0526834857,0.047419077,-4.8459599,0.0763617692,-0.0545734623,FollowWall,following_right_wall,0,14,42,0.509267807,1.9081057,1,1,1,0.353823692,-1,100,0,0,0,0,0
0.85,0.05645511,0.0470932227,-5.02979874,0.0763617692,-0.0545734623,FollowWall,following_right_wall,0,14,42,0.509267807,1.9081057,1,1,1,0.353823692,-1,100,0,0,0,0,0
0.9,0.0602391551,0.0467544413,-5.20218034,0.0769441365,-0.0458379532,FollowWall,following_right_wall,0,14,42,0.515598118,1.9012968,1,1,1,0.353393465,-1,100,0,0,0,0,0
0.95,0.0640421423,0.046403,-5.3574513,0.0769441365,-0.0458379532,FollowWall,following_right_wall,0,14,42,0.515598118,1.9012968,1,1,1,0.353393465,-1,100,0,0,0,0,0
1,0.0678558153,0.0460404805,-5.50274105,0.0774475131,-0.0382873039,FollowWall,following_right_wall,0,14,42,0.521336138,1.89438553,1,1,1,0.353007644,-1,100,0,0,0,0,0
1.05,0.0716858197,0.045667107,-5.63319551,0.0774475131,-0.0382873039,FollowWall,following_right_wall,0,14,42,0.521336138,1.89438553,1,1,1,0.353007644,-1,100,0,0,0,0,0
1.1,0.0755250327,0.0452843021,-5.75499604,0.0778873612,-0.0316895827,FollowWall,following_right_wall,0,14,42,0.526527226,1.88736964,1,1,1,0.35259971,-1,100,0,0,0,0,0
1.15,0.079378439,0.0448922463,-5.86387301,0.0778873612,-0.0316895827,FollowWall,following_right_wall,0,14,42,0.526527226,1.88736964,1,1,1,0.35259971,-1,100,0,0,0,0,0
1.2,0.0832398515,0.0444922176,-5.96521123,0.0782660582,-0.0260091263,FollowWall,following_right_wall,0,14,42,0.53121537,1.88025172,1,1,1,0.352251738,-1,100,0,0,0,0,0
1.25,0.087113529,0.0440843742,-6.05537129,0.0782660582,-0.0260091263,FollowWall,following_right_wall,0,14,42,0.53121537,1.88025172,1,1,1,0.352251738,-1,100,0,0,0,0,0
1.3,0.0909941299,0.0436698501,-6.13901077,0.0786144946,-0.0207825811,FollowWall,following_right_wall,0,14,42,0.532026112,1.87303788,1,1,1,0.351654589,-1,100,0,0,0,0,0
1.35,0.0948857768,0.0432487443,-6.21260785,0.0786144946,-0.0207825811,FollowWall,following_right_wall,0,14,42,0.532026112,1.87303788,1,1,1,0.351654589,-1,100,0,0,0,0,0
1.4,0.0987836778,0.0428220972,-6.28034686,0.0789053899,-0.0164191509,FollowWall,following_right_wall,0,14,42,0.529076159,1.86573287,1,1,1,0.350981683,-1,100,0,0,0,0,0
1.45,0.10269108,0.0423900324,-6.33946019,0.0789053899,-0.0164191509,FollowWall,following_right_wall,0,14,42,0.529076159,1.86573287,1,1,1,0.350981683,-1,100,0,0,0,0,0
1.5,0.106603873,0.0419534587,-6.39354189,0.0791505026,-0.0127424613,FollowWall,following_right_wall,0,14,42,0.526406348,1.85834575,1,1,1,0.350239992,-1,100,0,0,0,0,0
1.55,0.110524748,0.0415124895,-6.44029974,0.0791505026,-0.0127424613,FollowWall,following_right_wall,0,14,42,0.526406348,1.85834575,1,1,1,0.350239992,-1,100,0,0,0,0,0
1.6,0.114450218,0.0410679075,-6.48278535,0.0793643428,-0.0095348575,FollowWall,following_right_wall,0,14,42,0.523975372,1.8508876,1,1,1,0.349436402,-1,100,0,0,0,0,0
1.65,0.11838269,0.0406197986,-6.51895001,0.0793643428,-0.0095348575,FollowWall,following_right_wall,0,14,42,0.523975372,1.8508876,1,1,1,0.349436402,-1,100,0,0,0,0,0
1.7,0.122319154,0.0401688459,-6.55142747,0.0795512306,-0.00673154066,FollowWall,following_right_wall,0,14,42,0.521751523,1.84326602,1,1,1,0.348576933,-1,100,0,0,0,0,0
1.75,0.126261739,0.0397151195,-6.57840783,0.0795512306,-0.00673154066,FollowWall,following_right_wall,0,14,42,0.521751523,1.84326602,1,1,1,0.348576933,-1,100,0,0,0,0,0
1.8,0.130207829,0.0392592188,-6.60218157,0.0797293398,-0.00405990253,FollowWall,following_right_wall,0,14,42,0.519710064,1.83521776,1,1,1,0.347463399,-1,100,0,0,0,0,0
1.85,0.134159597,0.0388011771,-6.62089573,0.0797293398,-0.00405990253,FollowWall,following_right_wall,0,14,42,0.519710064,1.83521776,1,1,1,0.347463399,-1,100,0,0,0,0,0
1.9,0.138114638,0.03834155,-6.63665847,0.0798773184,-0.00184022451,FollowWall,following_right_wall,0,14,42,0.517837286,1.82710581,1,1,1,0.346423209,-1,100,0,0,0,0,0
1.95,0.142074623,0.0378803974,-6.64805002,0.0798773184,-0.00184022451,FollowWall,following_right_wall,0,14,42,0.517837286,1.82710581,1,1,1,0.346423209,-1,100,0,0,0,0,0
2,0.146037473,0.0374182019,-6.65689169,0.0799944779,8.28312891e-05,FollowWall,following_right_wall,0,14,42,0.516115844,1.81893755,1,1,1,0.345354468,-1,100,0,0,0,0,0
2.05,0.15000441,0.036955042,-6.66195046,0.0799944779,8.28312891e-05,FollowWall,following_right_wall,0,14,42,0.516115844,1.81893755,1,1,1,0.345354468,-1,100,0,0,0,0,0
2.1,0.153973732,0.0364913258,-6.66480253,0.0798834373,0.00174844054,FollowWall,following_right_wall,0,14,42,0.514529765,1.81072106,1,1,1,0.344260216,-1,100,0,0,0,0,0
2.15,0.157942156,0.0360276293,-6.6643792,0.0798834373,0.00174844054,FollowWall,following_right_wall,0,14,42,0.514529765,1.81072106,1,1,1,0.344260216,-1,100,0,0,0,0,0
2.2,0.161910074,0.0355640887,-6.6620452,0.079800405,0.00299392458,FollowWall,following_right_wall,0,14,42,0.513067603,1.80247553,1,1,1,0.343326539,-1,100,0,0,0,0,0
2.25,0.165876001,0.0351010357,-6.65710997,0.079800405,0.00299392458,FollowWall,following_right_wall,0,14,42,0.513067603,1.80247553,1,1,1,0.343326539,-1,100,0,0,0,0,0
2.3,0.169840795,0.0346385143,-6.65065736,0.0797361756,0.00395736565,FollowWall,following_right_wall,0,14,42,0.511712611,1.79421285,1,1,1,0.34246704,-1,100,0,0,0,0,0
2.35,0.173803633,0.0341767449,-6.64216957,0.0797361756,0.00395736565,FollowWall,following_right_wall,0,14,42,0.511712611,1.79421285,1,1,1,0.34246704,-1,100,0,0,0,0,0
2.4,0.177765368,0.0337157405,-6.63249461,0.0796674839,0.00498774103,FollowWall,following_right_wall,0,14,42,0.510448754,1.78593957,1,1,1,0.341394246,-1,100,0,0,0,0,0
2.45,0.181725081,0.0332557163,-6.6208972,0.0796674839,0.00498774103,FollowWall,following_right_wall,0,14,42,0.510448754,1.78593957,1,1,1,0.341394246,-1,100,0,0,0,0,0
2.5,0.185683661,0.032796675,-6.60817837,0.0796128939,0.00580659083,FollowWall,following_right_wall,0,14,42,0.509271204,1.77765927,1,1,1,0.34038198,-1,100,0,0,0,0,0
2.55,0.189640503,0.0323387826,-6.59382794,0.0796128939,0.00580659083,FollowWall,following_right_wall,0,14,42,0.509271204,1.77765927,1,1,1,0.34038198,-1,100,0,0,0,0,0
2.6,0.193596386,0.0318820385,-6.57852575,0.0795662826,0.0065057608,FollowWall,following_right_wall,0,14,42,0.508173108,1.76937504,1,1,1,0.339361995,-1,100,0,0,0,0,0
2.65,0.197550803,0.0314265824,-6.5618338,0.0795662826,0.0065057608,FollowWall,following_right_wall,0,14,42,0.508173108,1.76937504,1,1,1,0.339361995,-1,100,0,0,0,0,0
2.7,0.201504426,0.0309724131,-6.54433114,0.079526643,0.00710035541,FollowWall,following_right_wall,0,14,42,0.50714761,1.76108974,1,1,1,0.338337481,-1,100,0,0,0,0,0
2.75,0.20545683,0.0305196485,-6.52564583,0.079526643,0.00710035541,FollowWall,following_right_wall,0,14,42,0.50714761,1.76108974,1,1,1,0.338337481,-1,100,0,0,0,0,0
2.8,0.209408589,0.0300682874,-6.50627065,0.0795141506,0.00728774132,FollowWall,following_right_wall,0,14,42,0.506188691,1.74754943,1,1,1,0.337605059,-1,100,0,0,0,0,0
2.85,0.21335978,0.0296183666,-6.48626935,0.0795141506,0.00728774132,FollowWall,following_right_wall,0,14,42,0.506188691,1.74754943,1,1,1,0.337605059,-1,100,0,0,0,0,0
2.9,0.217310709,0.0291698855,-6.46590283,0.0795052797,0.00742080441,FollowWall,following_right_wall,0,14,42,0.505281687,1.73972254,1,1,1,0.336867869,-1,100,0,0,0,0,0
2.95,0.221261368,0.0287228702,-6.44516443,0.0795052797,0.00742080441,FollowWall,following_right_wall,0,14,42,0.505281687,1.73972254,1,1,1,0.336867869,-1,100,0,0,0,0,0
3,0.22521194,0.0282773207,-6.42420909,0.0794884114,0.0076738288,FollowWall,following_right_wall,0,14,42,0.504417002,1.73191671,1,1,1,0.335985303,-1,100,0,0,0,0,0
3.05,0.229162181,0.0278332866,-6.40282519,0.0794884114,0.0076738288,FollowWall,following_right_wall,0,14,42,0.504417002,1.73191671,1,1,1,0.335985303,-1,100,0,0,0,0,0
3.1,0.233112299,0.0273907677,-6.38119129,0.0794800476,0.00779928551,FollowWall,following_right_wall,0,14,42,0.503594398,1.72413134,1,1,1,0.33518821,-1,100,0,0,0,0,0
3.15,0.237062243,0.0269497888,-6.3592618,0.0794800476,0.00779928551,FollowWall,following_right_wall,0,14,42,0.503594398,1.72413134,1,1,1,0.33518821,-1,100,0,0,0,0,0
3.2,0.241012157,0.0265103498,-6.33715989,0.0794820563,0.00776915624,FollowWall,following_right_wall,0,14,42,0.502810299,1.71636548,1,1,1,0.334509104,-1,100,0,0,0,0,0
3.25,0.244962165,0.026072445,-6.31499336,0.0794820563,0.00776915624,FollowWall,following_right_wall,0,14,42,0.502810299,1.71636548,1,1,1,0.334509104,-1,100,0,0,0,0,0
3.3,0.2489123,0.0256360746,-6.29278914,0.0794814113,0.00777883093,FollowWall,following_right_wall,0,14,42,0.502057672,1.7086183,1,1,1,0.333781838,-1,100,0,0,0,0,0
3.35,0.252862564,0.0252012404,-6.27055138,0.0794814113,0.00777883093,FollowWall,following_right_wall,0,14,42,0.502057672,1.7086183,1,1,1,0.333781838,-1,100,0,0,0,0,0
3.4,0.256812975,0.0247679426,-6.24829406,0.0794752993,0.00787051023,FollowWall,following_right_wall,0,14,42,0.501333535,1.70088885,1,1,1,0.332973242,-1,100,0,0,0,0,0
3.45,0.260763414,0.0243361989,-6.22591589,0.0794752993,0.00787051023,FollowWall,following_right_wall,0,14,42,0.501333535,1.70088885,1,1,1,0.332973242,-1,100,0,0,0,0,0
3.5,0.26471394,0.0239060094,-6.20346723,0.0794604658,0.00809301359,FollowWall,following_right_wall,0,14,42,0.500638902,1.69317582,1,1,1,0.332036018,-1,100,0,0,0,0,0
3.55,0.268664281,0.0234774169,-6.18071185,0.0794604658,0.00809301359,FollowWall,following_right_wall,0,14,42,0.500638902,1.69317582,1,1,1,0.332036018,-1,100,0,0,0,0,0
3.6,0.272614586,0.0230504219,-6.15777756,0.0794511493,0.00823275998,FollowWall,following_right_wall,0,14,42,0.499977797,1.68547754,1,1,1,0.331156731,-1,100,0,0,0,0,0
3.65,0.276564748,0.0226250512,-6.13457209,0.0794511493,0.00823275998,FollowWall,following_right_wall,0,14,42,0.499977797,1.68547754,1,1,1,0.331156731,-1,100,0,0,0,0,0
3.7,0.2805149,0.0222013056,-6.11120843,0.0794429606,0.00835559124,FollowWall,following_right_wall,0,14,42,0.499349356,1.67779271,1,1,1,0.330275595,-1,100,0,0,0,0,0
3.75,0.284464949,0.0217792084,-6.08760588,0.0794429606,0.00835559124,FollowWall,following_right_wall,0,14,42,0.499349356,1.67779271,1,1,1,0.330275595,-1,100,0,0,0,0,0
3.8,0.28841501,0.0213587605,-6.06386397,0.0794345634,0.00848154855,FollowWall,following_right_wall,0,14,42,0.498751342,1.67011989,1,1,1,0.329377353,-1,100,0,0,0,0,0
3.85,0.292364979,0.0209399859,-6.03989042,0.0794345634,0.00848154855,FollowWall,following_right_wall,0,14,42,0.498751342,1.67011989,1,1,1,0.329377353,-1,100,0,0,0,0,0
3.9,0.296314966,0.0205228851,-6.01578175,0.0794258436,0.00861234642,FollowWall,following_right_wall,0,14,42,0.498182148,1.66241786,1,1,1,0.328462332,-1,100,0,0,0,0,0
3.95,0.300264858,0.0201074832,-5.99143813,0.0794258436,0.00861234642,FollowWall,following_right_wall,0,14,42,0.498182148,1.66241786,1,1,1,0.328462332,-1,100,0,0,0,0,0
4,0.304214767,0.0196937809,-5.96695745,0.0794167782,0.00874832646,FollowWall,following_right_wall,0,14,42,0.497640401,1.65430781,1,1,1,0.32753095,-1,100,0,0,0,0,0
4.05,0.308164573,0.0192818038,-5.94223451,0.0794167782,0.00874832646,FollowWall,following_right_wall,0,14,42,0.497640401,1.65430781,1,1,1,0.32753095,-1,100,0,0,0,0,0
4.1,0.312114394,0.018871553,-5.91737024,0.07940735,0.00888974988,FollowWall,following_right_wall,0,14,42,0.497124881,1.64622063,1,1,1,0.326583773,-1,100,0,0,0,0,0
4.15,0.316064103,0.018463055,-5.89225474,0.07940735,0.00888974988,FollowWall,following_right_wall,0,14,42,0.497124881,1.64622063,1,1,1,0.326583773,-1,100,0,0,0,0,0
4.2,0.320013821,0.018056311,-5.86699266,0.079397597,0.00903604498,FollowWall,following_right_wall,0,14,42,0.496634305,1.63815702,1,1,1,0.325621575,-1,100,0,0,0,0,0
4.25,0.323963418,0.0176513482,-5.84147047,0.079397597,0.00903604498,FollowWall,following_right_wall,0,14,42,0.496634305,1.63815702,1,1,1,0.325621575,-1,100,0,0,0,0,0
4.3,0.32791302,0.017248168,-5.81579654,0.0793875532,0.00918670241,FollowWall,following_right_wall,0,14,42,0.496167451,1.63011781,1,1,1,0.324645162,-1,100,0,0,0,0,0
4.35,0.331862492,0.0168467985,-5.78985426,0.0793875532,0.00918670241,FollowWall,following_right_wall,0,14,42,0.496167451,1.63011781,1,1,1,0.324645162,-1,100,0,0,0,0,0
4.4,0.335811965,0.0164472409,-5.76375545,0.0793829763,0.009255356,FollowWall,following_right_wall,0,14,42,0.49572292,1.62210326,1,1,1,0.323732525,-1,100,0,0,0,0,0
4.45,0.33976142,0.0160495086,-5.73748338,0.0793829763,0.009255356,FollowWall,following_right_wall,0,14,42,0.49572292,1.62210326,1,1,1,0.323732525,-1,100,0,0,0,0,0
4.5,0.34371094,0.0156536026,-5.71111023,0.0793764289,0.00935356645,FollowWall,following_right_wall,0,14,42,0.495296806,1.61411406,1,1,1,0.322788447,-1,100,0,0,0,0,0
4.55,0.347660438,0.0152595409,-5.6845609,0.0793764289,0.00935356645,FollowWall,following_right_wall,0,14,42,0.495296806,1.61411406,1,1,1,0.322788447,-1,100,0,0,0,0,0
4.6,0.35161,0.0148673247,-5.65790879,0.0793780735,0.0093288975,FollowWall,following_right_wall,0,14,42,0.494886905,1.60615022,1,1,1,0.321950942,-1,100,0,0,0,0,0
4.65,0.355559708,0.0144769504,-5.63122618,0.0793780735,0.0093288975,FollowWall,following_right_wall,0,14,42,0.494886905,1.60615022,1,1,1,0.321950942,-1,100,0,0,0,0,0
4.7,0.359509578,0.014088418,-5.60452577,0.0793715896,0.00942615656,FollowWall,following_right_wall,0,14,42,0.494487882,1.59821198,1,1,1,0.321008593,-1,100,0,0,0,0,0
4.75,0.363459482,0.0137017452,-5.57769888,0.0793715896,0.00942615656,FollowWall,following_right_wall,0,14,42,0.494487882,1.59821198,1,1,1,0.321008593,-1,100,0,0,0,0,0
4.8,0.367409482,0.0133169326,-5.55079822,0.0793829483,0.00925577567,FollowWall,following_right_wall,0,14,42,0.494099498,1.59029922,1,1,1,0.320305884,-1,100,0,0,0,0,0
4.85,0.371359847,0.0129339511,-5.5240579,0.0793829483,0.00925577567,FollowWall,following_right_wall,0,14,42,0.494099498,1.59029922,1,1,1,0.320305884,-1,100,0,0,0,0,0
4.9,0.375310498,0.0125527996,-5.49741111,0.0793786756,0.00931986666,FollowWall,following_right_wall,0,14,42,0.493713319,1.58241181,1,1,1,0.319409102,-1,100,0,0,0,0,0
4.95,0.379261301,0.0121734887,-5.47074238,0.0793786756,0.00931986666,FollowWall,following_right_wall,0,14,42,0.493713319,1.58241181,1,1,1,0.319409102,-1,100,0,0,0,0,0
5,0.383212265,0.0117960186,-5.44406085,0.0793920362,0.00911945634,FollowWall,following_right_wall,0,14,42,0.493330389,1.57454918,1,1,1,0.318755627,-1,100,0,0,0,0,0
5.05,0.387163672,0.0114203549,-5.41761107,0.0793920362,0.00911945634,FollowWall,following_right_wall,0,14,42,0.493330389,1.57454918,1,1,1,0.318755627,-1,100,0,0,0,0,0
5.1,0.391115408,0.0110464959,-5.39129649,0.0793924026,0.00911396039,FollowWall,following_right_wall,0,14,42,0.492943585,1.56671095,1,1,1,0.317948908,-1,100,0,0,0,0,0
5.15,0.395067414,0.0106744397,-5.36506733,0.0793924026,0.00911396039,FollowWall,following_right_wall,0,14,42,0.492943585,1.56671095,1,1,1,0.317948908,-1,100,0,0,0,0,0
5.2,0.399019648,0.0103041855,-5.33888799,0.0794014095,0.00897885807,FollowWall,following_right_wall,0,14,42,0.492553204,1.55889617,1,1,1,0.317271441,-1,100,0,0,0,0,0
5.25,0.40297227,0.00993571004,-5.31289899,0.0794014095,0.00897885807,FollowWall,following_right_wall,0,14,42,0.492553204,1.55889617,1,1,1,0.317271441,-1,100,0,0,0,0,0
5.3,0.406925188,0.00956901177,-5.28702102,0.0794074121,0.00888881831,FollowWall,following_right_wall,0,14,42,0.492155671,1.55110402,1,1,1,0.316572577,-1,100,0,0,0,0,0
5.35,0.410878469,0.00920407452,-5.26131529,0.0794074121,0.00888881831,FollowWall,following_right_wall,0,14,42,0.492155671,1.55110402,1,1,1,0.316572577,-1,100,0,0,0,0,0
5.4,0.41483203,0.00884089679,-5.23571003,0.0793744501,0.00938324891,FollowWall,following_right_wall,0,14,42,0.491749018,1.54333353,1,1,1,0.315775126,-1,100,0,0,0,0,0
5.45,0.418785139,0.00847956057,-5.20957321,0.0793744501,0.00938324891,FollowWall,following_right_wall,0,14,42,0.491749018,1.54333353,1,1,1,0.315775126,-1,100,0,0,0,0,0
5.5,0.422738054,0.00812007106,-5.1831263,0.0793580413,0.00962938014,FollowWall,following_right_wall,0,14,42,0.491349339,1.53558365,1,1,1,0.315193772,-1,100,0,0,0,0,0
5.55,0.426690586,0.00776247234,-5.15620471,0.0793580413,0.00962938014,FollowWall,following_right_wall,0,14,42,0.491349339,1.53558365,1,1,1,0.315193772,-1,100,0,0,0,0,0
5.6,0.430642965,0.00740676927,-5.12900622,0.0793515008,0.00972748848,FollowWall,following_right_wall,0,14,42,0.490958005,1.52785317,1,1,1,0.314677596,-1,100,0,0,0,0,0
5.65,0.434595191,0.00705298097,-5.1015291,0.0793515008,0.00972748848,FollowWall,following_right_wall,0,14,42,0.490958005,1.52785317,1,1,1,0.314677596,-1,100,0,0,0,0,0
5.7,0.438547397,0.00670111043,-5.07388945,0.0793386421,0.00992036811,FollowWall,following_right_wall,0,14,42,0.490568727,1.52014067,1,1,1,0.314022303,-1,100,0,0,0,0,0
5.75,0.442499398,0.00635119106,-5.04592475,0.0793386421,0.00992036811,FollowWall,following_right_wall,0,14,42,0.490568727,1.52014067,1,1,1,0.314022303,-1,100,0,0,0,0,0
5.8,0.44645135,0.0060032265,-5.01777044,0.0793335667,0.00999649901,FollowWall,following_right_wall,0,14,42,0.490180582,1.51244495,1,1,1,0.313409597,-1,100,0,0,0,0,0
5.85,0.450403239,0.00565723131,-4.98941466,0.0793335667,0.00999649901,FollowWall,following_right_wall,0,14,42,0.490180582,1.51244495,1,1,1,0.313409597,-1,100,0,0,0,0,0
5.9,0.454355163,0.00531320787,-4.96094134,0.0793260045,0.0101099319,FollowWall,following_right_wall,0,14,42,0.489789754,1.50476448,1,1,1,0.312708884,-1,100,0,0,0,0,0
5.95,0.458307022,0.00497117589,-4.93226406,0.0793260045,0.0101099319,FollowWall,following_right_wall,0,14,42,0.489789754,1.50476448,1,1,1,0.312708884,-1,100,0,0,0,0,0
6,0.462258913,0.00463113788,-4.90346781,0.0793173851,0.0102392233,FollowWall,following_right_wall,0,14,42,0.489394754,1.4969564,1,1,1,0.311938375,-1,100,0,0,0,0,0
6.05,0.466210717,0.00429311599,-4.87444782,0.0793173851,0.0102392233,FollowWall,following_right_wall,0,14,42,0.489394754,1.4969564,1,1,1,0.311938375,-1,100,0,0,0,0,0
6.1,0.47016254,0.00395711308,-4.84529732,0.0793201102,0.0101983464,FollowWall,following_right_wall,0,14,42,0.488995343,1.48881822,1,1,1,0.311255813,-1,100,0,0,0,0,0
6.15,0.474114502,0.00362312442,-4.81611948,0.0793201102,0.0101983464,FollowWall,following_right_wall,0,14,42,0.488995343,1.48881822,1,1,1,0.311255813,-1,100,0,0,0,0,0
6.2,0.478066616,0.00329115043,-4.7869257,0.0793214022,0.0101789677,FollowWall,following_right_wall,0,14,42,0.488586098,1.48070374,1,1,1,0.310503721,-1,100,0,0,0,0,0
6.25,0.482018913,0.00296118838,-4.75774574,0.0793214022,0.0101789677,FollowWall,following_right_wall,0,14,42,0.488586098,1.48070374,1,1,1,0.310503721,-1,100,0,0,0,0,0
6.3,0.485971388,0.00263323818,-4.72857385,0.0793145316,0.0102820255,FollowWall,following_right_wall,0,14,42,0.488164276,1.47261392,1,1,1,0.309599221,-1,100,0,0,0,0,0
6.35,0.489923893,0.00230731579,-4.69928366,0.0793145316,0.0102820255,FollowWall,following_right_wall,0,14,42,0.488164276,1.47261392,1,1,1,0.309599221,-1,100,0,0,0,0,0
6.4,0.493876483,0.00198342294,-4.66992444,0.0793093901,0.0103591485,FollowWall,following_right_wall,0,14,42,0.4877325,1.46454971,1,1,1,0.308663279,-1,100,0,0,0,0,0
6.45,0.497829086,0.00166157257,-4.64043291,0.0793093901,0.0103591485,FollowWall,following_right_wall,0,14,42,0.4877325,1.46454971,1,1,1,0.308663279,-1,100,0,0,0,0,0
6.5,0.501781765,0.00134176664,-4.6108642,0.0793088397,0.0103674046,FollowWall,following_right_wall,0,14,42,0.487291634,1.45651159,1,1,1,0.307730079,-1,100,0,0,0,0,0
6.55,0.505734545,0.00102400763,-4.5812406,0.0793088397,0.0103674046,FollowWall,following_right_wall,0,14,42,0.487291634,1.45651159,1,1,1,0.307730079,-1,100,0,0,0,0,0
6.6,0.509687451,0.000708296433,-4.551585,0.0793214178,0.0101787327,FollowWall,following_right_wall,0,14,42,0.486839741,1.4464134,1,1,1,0.306911528,-1,100,0,0,0,0,0
6.65,0.51364076,0.000394605123,-4.52213592,0.0793214178,0.0101787327,FollowWall,following_right_wall,0,14,42,0.486839741,1.4464134,1,1,1,0.306911528,-1,100,0,0,0,0,0
6.7,0.517594368,8.29306142e-05,-4.49280733,0.0793344273,0.00998358986,FollowWall,following_right_wall,0,14,42,0.486369818,1.43823578,1,1,1,0.306058943,-1,100,0,0,0,0,0
6.75,0.521548487,-0.000226758088,-4.46378195,0.0793344273,0.00998358986,FollowWall,following_right_wall,0,14,42,0.486369818,1.43823578,1,1,1,0.306058943,-1,100,0,0,0,0,0
6.8,0.525502966,-0.000534465709,-4.43493345,0.0793778837,0.00933174512,FollowWall,following_right_wall,0,14,42,0.485877901,1.43006945,1,1,1,0.305559427,-1,100,0,0,0,0,0
6.85,0.52945862,-0.000840291659,-4.40696621,0.0793778837,0.00933174512,FollowWall,following_right_wall,0,14,42,0.485877901,1.43006945,1,1,1,0.305559427,-1,100,0,0,0,0,0
6.9,0.533415018,-0.0011442503,-4.37951303,0.0794011363,0.0089829555,FollowWall,following_right_wall,0,14,42,0.48534891,1.42191429,1,1,1,0.304801285,-1,100,0,0,0,0,0
6.95,0.53737239,-0.00144640138,-4.35277606,0.0794011363,0.0089829555,FollowWall,following_right_wall,0,14,42,0.48534891,1.42191429,1,1,1,0.304801285,-1,100,0,0,0,0,0
7,0.541330386,-0.00174675694,-4.32645689,0.0794189031,0.00871645343,FollowWall,following_right_wall,0,14,42,0.48478353,1.41377209,1,1,1,0.30397144,-1,100,0,0,0,0,0
7.05,0.545289171,-0.00204536291,-4.30069954,0.0794189031,0.00871645343,FollowWall,following_right_wall,0,14,42,0.48478353,1.41377209,1,1,1,0.30397144,-1,100,0,0,0,0,0
7.1,0.549248468,-0.00234222901,-4.27526991,0.0794556742,0.00816488656,FollowWall,following_right_wall,0,14,42,0.484186709,1.40564499,1,1,1,0.303368807,-1,100,0,0,0,0,0
7.15,0.55320888,-0.00263744066,-4.25068985,0.0794556742,0.00816488656,FollowWall,following_right_wall,0,14,42,0.484186709,1.40564499,1,1,1,0.303368807,-1,100,0,0,0,0,0
7.2,0.557169993,-0.002931013,-4.22660537,0.0795002734,0.0074958994,FollowWall,following_right_wall,0,14,42,0.483552396,1.39753358,1,1,1,0.30287379,-1,100,0,0,0,0,0
7.25,0.561132488,-0.00322305086,-4.20360851,0.0795002734,0.0074958994,FollowWall,following_right_wall,0,14,42,0.483552396,1.39753358,1,1,1,0.30287379,-1,100,0,0,0,0,0
7.3,0.565095834,-0.00351357418,-4.18124611,0.0794975592,0.00753661228,FollowWall,following_right_wall,0,14,42,0.482873201,1.38943822,1,1,1,0.302277207,-1,100,0,0,0,0,0
7.35,0.569059666,-0.00380258891,-4.15920521,0.0794975592,0.00753661228,FollowWall,following_right_wall,0,14,42,0.482873201,1.38943822,1,1,1,0.302277207,-1,100,0,0,0,0,0
7.4,0.573023826,-0.00409010106,-4.13735185,0.0794856858,0.00771471319,FollowWall,following_right_wall,0,14,42,0.482167661,1.38136259,1,1,1,0.301592588,-1,100,0,0,0,0,0
7.45,0.576987975,-0.004376089,-4.11539529,0.0794856858,0.00771471319,FollowWall,following_right_wall,0,14,42,0.482167661,1.38136259,1,1,1,0.301592588,-1,100,0,0,0,0,0
7.5,0.580952165,-0.0046605507,-4.09337854,0.0795007964,0.00748805353,FollowWall,following_right_wall,0,14,42,0.481451988,1.37330966,1,1,1,0.301006407,-1,100,0,0,0,0,0
7.55,0.584916736,-0.00494351674,-4.07159723,0.0795007964,0.00748805353,FollowWall,following_right_wall,0,14,42,0.481451988,1.37330966,1,1,1,0.301006407,-1,100,0,0,0,0,0
7.6,0.588881573,-0.00522499166,-4.04995326,0.0795529341,0.00670598904,FollowWall,following_right_wall,0,14,42,0.480721444,1.36527992,1,1,1,0.300683677,-1,100,0,0,0,0,0
7.65,0.59284769,-0.00550508698,-4.02932293,0.0795529341,0.00670598904,FollowWall,following_right_wall,0,14,42,0.480721444,1.36527992,1,1,1,0.300683677,-1,100,0,0,0,0,0
7.7,0.596814593,-0.00578382289,-4.00928388,0.0795961977,0.00605703411,FollowWall,following_right_wall,0,14,42,0.479955584,1.3572711,1,1,1,0.300337225,-1,100,0,0,0,0,0
7.75,0.60078289,-0.006061301,-3.99036438,0.0795961977,0.00605703411,FollowWall,following_right_wall,0,14,42,0.479955584,1.3572711,1,1,1,0.300337225,-1,100,0,0,0,0,0
7.8,0.604752035,-0.00633754411,-3.97209796,0.0796045645,0.00593153182,FollowWall,following_right_wall,0,14,42,0.479148209,1.34928296,1,1,1,0.299664974,-1,100,0,0,0,0,0
7.85,0.608721882,-0.00661258287,-3.9543623,0.0796045645,0.00593153182,FollowWall,following_right_wall,0,14,42,0.479148209,1.34928296,1,1,1,0.299664974,-1,100,0,0,0,0,0
7.9,0.612692173,-0.00688642828,-3.93693626,0.0796298535,0.00555219749,FollowWall,following_right_wall,0,14,42,0.478314787,1.34131801,1,1,1,0.299277514,-1,100,0,0,0,0,0
7.95,0.616663281,-0.00715913859,-3.92014362,0.0796298535,0.00555219749,FollowWall,following_right_wall,0,14,42,0.478314787,1.34131801,1,1,1,0.299277514,-1,100,0,0,0,0,0
8,0.620634897,-0.00743072714,-3.90372046,0.0796398339,0.0054024918,FollowWall,following_right_wall,0,14,42,0.477457523,1.33337659,1,1,1,0.298781723,-1,100,0,0,0,0,0
8.05,0.624607047,-0.0077012221,-3.88769154,0.0796398339,0.0054024918,FollowWall,following_right_wall,0,14,42,0.477457523,1.33337659,1,1,1,0.298781723,-1,100,0,0,0,0,0
8.1,0.628579539,-0.00797063188,-3.87189258,0.0796308117,0.00553782517,FollowWall,following_right_wall,0,14,42,0.476583481,1.32545989,1,1,1,0.298125535,-1,100,0,0,0,0,0
8.15,0.632552073,-0.00823894316,-3.85606623,0.0796308117,0.00553782517,FollowWall,following_right_wall,0,14,42,0.476583481,1.32545989,1,1,1,0.298125535,-1,100,0,0,0,0,0
8.2,0.636524663,-0.00850615533,-3.84022391,0.0796129077,0.00580638426,FollowWall,following_right_wall,0,14,42,0.475706577,1.31756947,1,1,1,0.297412336,-1,100,0,0,0,0,0
8.25,0.640496945,-0.00877223198,-3.82405169,0.0796129077,0.00580638426,FollowWall,following_right_wall,0,14,42,0.475706577,1.31756947,1,1,1,0.297412336,-1,100,0,0,0,0,0
8.3,0.644469078,-0.00903716583,-3.80768703,0.0796163215,0.00575517698,FollowWall,following_right_wall,0,14,42,0.474839061,1.30970663,1,1,1,0.296990097,-1,100,0,0,0,0,0
8.35,0.648441228,-0.00930095945,-3.79127125,0.0796163215,0.00575517698,FollowWall,following_right_wall,0,14,42,0.474839061,1.30970663,1,1,1,0.296990097,-1,100,0,0,0,0,0
8.4,0.652413418,-0.00956361167,-3.77482563,0.079614534,0.0057819897,FollowWall,following_right_wall,0,14,42,0.473977894,1.30187041,1,1,1,0.296547353,-1,100,0,0,0,0,0
8.45,0.656385627,-0.00982511826,-3.75833062,0.079614534,0.0057819897,FollowWall,following_right_wall,0,14,42,0.473977894,1.30187041,1,1,1,0.296547353,-1,100,0,0,0,0,0
8.5,0.660357877,-0.0100854781,-3.74180679,0.0795918728,0.00612190862,FollowWall,following_right_wall,0,14,42,0.47312364,1.29406011,1,1,1,0.295898736,-1,100,0,0,0,0,0
8.55,0.664329712,-0.0103446456,-3.72486039,0.0795918728,0.00612190862,FollowWall,following_right_wall,0,14,42,0.47312364,1.29406011,1,1,1,0.295898736,-1,100,0,0,0,0,0
8.6,0.668301338,-0.0106026113,-3.70766751,0.0795465866,0.00680120164,FollowWall,following_right_wall,0,14,42,0.472288102,1.28627644,1,1,1,0.295007169,-1,100,0,0,0,0,0
8.65,0.672271936,-0.0108592805,-3.68951999,0.0795465866,0.00680120164,FollowWall,following_right_wall,0,14,42,0.472288102,1.28627644,1,1,1,0.295007169,-1,100,0,0,0,0,0
8.7,0.676241969,-0.0111146311,-3.6708156,0.0795362642,0.00695603645,FollowWall,following_right_wall,0,14,42,0.471489459,1.27852082,1,1,1,0.294537008,-1,100,0,0,0,0,0
8.75,0.680211494,-0.0113686301,-3.65160155,0.0795362642,0.00695603645,FollowWall,following_right_wall,0,14,42,0.471489459,1.27852082,1,1,1,0.294537008,-1,100,0,0,0,0,0
8.8,0.68418076,-0.0116212657,-3.63209019,0.079502751,0.00745873481,FollowWall,following_right_wall,0,14,42,0.470722198,1.27079123,1,1,1,0.293802708,-1,100,0,0,0,0,0
8.85,0.688149215,-0.011872466,-3.61180536,0.079502751,0.00745873481,FollowWall,following_right_wall,0,14,42,0.470722198,1.27079123,1,1,1,0.293802708,-1,100,0,0,0,0,0
8.9,0.692117236,-0.0121222126,-3.59106933,0.0794688837,0.00796674465,FollowWall,following_right_wall,0,14,42,0.469993114,1.26308721,1,1,1,0.293070227,-1,100,0,0,0,0,0
8.95,0.696084339,-0.0123704299,-3.56946372,0.0794688837,0.00796674465,FollowWall,following_right_wall,0,14,42,0.469993114,1.26308721,1,1,1,0.293070227,-1,100,0,0,0,0,0
9,0.700050947,-0.012617097,-3.54735084,0.0794680817,0.0079787746,FollowWall,following_right_wall,0,14,42,0.469308794,1.25540814,1,1,1,0.292730868,-1,100,0,0,0,0,0
9.05,0.70401729,-0.0128622001,-3.5249277,0.0794680817,0.0079787746,FollowWall,following_right_wall,0,14,42,0.469308794,1.25540814,1,1,1,0.292730868,-1,100,0,0,0,0,0
9.1,0.70798352,-0.0131057319,-3.50232357,0.0794440406,0.00833939168,FollowWall,following_right_wall,0,14,42,0.468658239,1.24775071,1,1,1,0.292132437,-1,100,0,0,0,0,0
9.15,0.711949223,-0.0133476423,-3.47918342,0.0794440406,0.00833939168,FollowWall,following_right_wall,0,14,42,0.468658239,1.24775071,1,1,1,0.292132437,-1,100,0,0,0,0,0
9.2,0.715914662,-0.0135879183,-3.45573058,0.0794131497,0.00880275496,FollowWall,following_right_wall,0,14,42,0.468046278,1.24011361,1,1,1,0.291464925,-1,100,0,0,0,0,0
9.25,0.719879346,-0.0138264942,-3.43154224,0.0794131497,0.00880275496,FollowWall,following_right_wall,0,14,42,0.468046278,1.24011361,1,1,1,0.291464925,-1,100,0,0,0,0,0
9.3,0.723843633,-0.0140633517,-3.40692486,0.0794139174,0.00879123848,FollowWall,following_right_wall,0,14,42,0.467481673,1.23249648,1,1,1,0.291173995,-1,100,0,0,0,0,0
9.35,0.727807747,-0.0142984815,-3.38207096,0.0794139174,0.00879123848,FollowWall,following_right_wall,0,14,42,0.467481673,1.23249648,1,1,1,0.291173995,-1,100,0,0,0,0,0
9.4,0.731771802,-0.0145318775,-3.35707908,0.0793959934,0.00906009898,FollowWall,following_right_wall,0,14,42,0.466955155,1.22441903,1,1,1,0.290499985,-1,100,0,0,0,0,0
9.45,0.735735494,-0.0147635032,-3.33168579,0.0793959934,0.00906009898,FollowWall,following_right_wall,0,14,42,0.466955155,1.22441903,1,1,1,0.290499985,-1,100,0,0,0,0,0
9.5,0.739699016,-0.0149933483,-3.30605834,0.0794193045,0.00871043192,FollowWall,following_right_wall,0,14,42,0.466470033,1.2163317,1,1,1,0.289991081,-1,100,0,0,0,0,0
9.55,0.743662967,-0.0152214491,-3.28071168,0.0794193045,0.00871043192,FollowWall,following_right_wall,0,14,42,0.466470033,1.2163317,1,1,1,0.289991081,-1,100,0,0,0,0,0
9.6,0.747627207,-0.0154478128,-3.25552881,0.079452303,0.00821545546,FollowWall,following_right_wall,0,14,42,0.466011733,1.20826709,1,1,1,0.289597332,-1,100,0,0,0,0,0
9.65,0.751592343,-0.015672503,-3.23103233,0.079452303,0.00821545546,FollowWall,following_right_wall,0,14,42,0.466011733,1.20826709,1,1,1,0.289597332,-1,100,0,0,0,0,0
9.7,0.755558039,-0.0158955379,-3.20693624,0.0794920861,0.00761870893,FollowWall,following_right_wall,0,14,42,0.465567112,1.2002245,1,1,1,0.289308846,-1,100,0,0,0,0,0
9.75,0.759524926,-0.0161169992,-3.18378602,0.0794920861,0.00761870893,FollowWall,following_right_wall,0,14,42,0.465567112,1.2002245,1,1,1,0.289308846,-1,100,0,0,0,0,0
9.8,0.763492542,-0.0163369122,-3.16118757,0.0795249778,0.00712533326,FollowWall,following_right_wall,0,14,42,0.465128094,1.19220367,1,1,1,0.289015859,-1,100,0,0,0,0,0
9.85,0.7674613,-0.01655535,-3.13949989,0.0795249778,0.00712533326,FollowWall,following_right_wall,0,14,42,0.465128094,1.19220367,1,1,1,0.289015859,-1,100,0,0,0,0,0
9.9,0.771430757,-0.0167723378,-3.11834351,0.0795506729,0.00673990692,FollowWall,following_right_wall,0,14,42,0.46469453,1.18420521,1,1,1,0.288752943,-1,100,0,0,0,0,0
9.95,0.775401187,-0.016987935,-3.09795712,0.0795506729,0.00673990692,FollowWall,following_right_wall,0,14,42,0.46469453,1.18420521,1,1,1,0.288752943,-1,100,0,0,0,0,0
10,0.779372215,-0.0172021633,-3.07801988,0.0795605754,0.00659136897,FollowWall,following_right_wall,0,14,42,0.464270562,1.17623008,1,1,1,0.28829518,-1,100,0,0,0,0,0
10.05,0.783343826,-0.0174150523,-3.05852196,0.0795605754,0.00659136897,FollowWall,following_right_wall,0,14,42,0.464270562,1.17623008,1,1,1,0.28829518,-1,100,0,0,0,0,0
10.1,0.787315807,-0.0176266145,-3.03928031,0.0795714317,0.00642852487,FollowWall,following_right_wall,0,14,42,0.463865817,1.16828016,1,1,1,0.287823588,-1,100,0,0,0,0,0
10.15,0.791288258,-0.0178368759,-3.02038252,0.0795714317,0.00642852487,FollowWall,following_right_wall,0,14,42,0.463865817,1.16828016,1,1,1,0.287823588,-1,100,0,0,0,0,0
10.2,0.795261011,-0.0180458462,-3.00168533,0.0795774874,0.00633768942,FollowWall,following_right_wall,0,14,42,0.463484973,1.1603563,1,1,1,0.287263751,-1,100,0,0,0,0,0
10.25,0.799234093,-0.0182535416,-2.98321357,0.0795774874,0.00633768942,FollowWall,following_right_wall,0,14,42,0.463484973,1.1603563,1,1,1,0.287263751,-1,100,0,0,0,0,0
10.3,0.803207394,-0.0184599686,-2.96487332,0.0796108819,0.00583677192,FollowWall,following_right_wall,0,14,42,0.463131875,1.15245898,1,1,1,0.286985099,-1,100,0,0,0,0,0
10.35,0.807181544,-0.0186651876,-2.94720771,0.0796108819,0.00583677192,FollowWall,following_right_wall,0,14,42,0.463131875,1.15245898,1,1,1,0.286985099,-1,100,0,0,0,0,0
10.4,0.811156214,-0.0188692184,-2.92993563,0.0796443074,0.00533538969,FollowWall,following_right_wall,0,14,42,0.462795734,1.14458652,1,1,1,0.286687136,-1,100,0,0,0,0,0
10.45,0.815131906,-0.0190721288,-2.91349161,0.0796443074,0.00533538969,FollowWall,following_right_wall,0,14,42,0.462795734,1.14458652,1,1,1,0.286687136,-1,100,0,0,0,0,0
10.5,0.819108216,-0.0192739435,-2.8975306,0.0796553707,0.00516943977,FollowWall,following_right_wall,0,14,42,0.462469667,1.13673773,1,1,1,0.286282718,-1,100,0,0,0,0,0
10.55,0.823085139,-0.0194746952,-2.88204945,0.0796553707,0.00516943977,FollowWall,following_right_wall,0,14,42,0.462469667,1.13673773,1,1,1,0.286282718,-1,100,0,0,0,0,0
10.6,0.827062442,-0.0196743984,-2.86684822,0.0796317604,0.00552359345,FollowWall,following_right_wall,0,14,42,0.462161005,1.12891322,1,1,1,0.285503864,-1,100,0,0,0,0,0
10.65,0.831039495,-0.0198730224,-2.85138753,0.0796317604,0.00552359345,FollowWall,following_right_wall,0,14,42,0.462161005,1.12891322,1,1,1,0.285503864,-1,100,0,0,0,0,0
10.7,0.835016427,-0.0200705591,-2.83577549,0.0796232571,0.00565114422,FollowWall,following_right_wall,0,14,42,0.461890191,1.12111524,1,1,1,0.284890294,-1,100,0,0,0,0,0
10.75,0.838993133,-0.0202669901,-2.81992291,0.0796232571,0.00565114422,FollowWall,following_right_wall,0,14,42,0.461890191,1.12111524,1,1,1,0.284890294,-1,100,0,0,0,0,0
10.8,0.842969731,-0.0204623079,-2.80393001,0.0796493892,0.0052591624,FollowWall,following_right_wall,0,14,42,0.461660683,1.11334355,1,1,1,0.284661084,-1,100,0,0,0,0,0
10.85,0.846946831,-0.0206565511,-2.78832316,0.0796493892,0.0052591624,FollowWall,following_right_wall,0,14,42,0.461660683,1.11334355,1,1,1,0.284661084,-1,100,0,0,0,0,0
10.9,0.850924245,-0.0208497314,-2.7729415,0.0796456166,0.00531575088,FollowWall,following_right_wall,0,14,42,0.461455703,1.10559483,1,1,1,0.284097612,-1,100,0,0,0,0,0
10.95,0.854901785,-0.0210418497,-2.75762366,0.0796456166,0.00531575088,FollowWall,following_right_wall,0,14,42,0.461455703,1.10559483,1,1,1,0.284097612,-1,100,0,0,0,0,0
11,0.858879419,-0.021232908,-2.74234304,0.0796346358,0.00548046335,FollowWall,following_right_wall,0,14,42,0.461278826,1.09786823,1,1,1,0.283455461,-1,100,0,0,0,0,0
11.05,0.862856901,-0.0214228897,-2.72688752,0.0796346358,0.00548046335,FollowWall,following_right_wall,0,14,42,0.461278826,1.09786823,1,1,1,0.283455461,-1,100,0,0,0,0,0
11.1,0.866834316,-0.0216117893,-2.71132998,0.0796683349,0.00497497668,FollowWall,following_right_wall,0,14,42,0.461136967,1.09016389,1,1,1,0.283319026,-1,100,0,0,0,0,0
11.15,0.870812413,-0.0217996577,-2.69631631,0.0796683349,0.00497497668,FollowWall,following_right_wall,0,14,42,0.461136967,1.09016389,1,1,1,0.283319026,-1,100,0,0,0,0,0
11.2,0.874790928,-0.0219865119,-2.68161989,0.0796602999,0.00509550217,FollowWall,following_right_wall,0,14,42,0.461011887,1.0824775,1,1,1,0.282722533,-1,100,0,0,0,0,0
11.25,0.878769538,-0.0221723493,-2.66696468,0.0796602999,0.00509550217,FollowWall,following_right_wall,0,14,42,0.461011887,1.0824775,1,1,1,0.282722533,-1,100,0,0,0,0,0
11.3,0.882748223,-0.0223571712,-2.65233349,0.0796604051,0.00509392282,FollowWall,following_right_wall,0,14,42,0.460910618,1.07480873,1,1,1,0.282225907,-1,100,0,0,0,0,0
11.35,0.886726974,-0.0225409785,-2.63771821,0.0796604051,0.00509392282,FollowWall,following_right_wall,0,14,42,0.460910618,1.07480873,1,1,1,0.282225907,-1,100,0,0,0,0,0
11.4,0.890705783,-0.0227237717,-2.62311221,0.0796902749,0.00464587603,FollowWall,following_right_wall,0,14,42,0.460835129,1.06325984,1,1,1,0.282070845,-1,100,0,0,0,0,0
11.45,0.894685265,-0.022905598,-2.60904644,0.0796902749,0.00464587603,FollowWall,following_right_wall,0,14,42,0.460835129,1.06325984,1,1,1,0.282070845,-1,100,0,0,0,0,0
11.5,0.898665157,-0.023086475,-2.5952958,0.0796676692,0.00498496253,FollowWall,following_right_wall,0,14,42,0.460770369,1.05535465,1,1,1,0.281338066,-1,100,0,0,0,0,0
11.55,0.902644836,-0.0232663775,-2.58132423,0.0796676692,0.00498496253,FollowWall,following_right_wall,0,14,42,0.460770369,1.05535465,1,1,1,0.281338066,-1,100,0,0,0,0,0
11.6,0.906624409,-0.0234452984,-2.56722379,0.0796748852,0.00487672273,FollowWall,following_right_wall,0,14,42,0.460730702,1.04747793,1,1,1,0.280942917,-1,100,0,0,0,0,0
11.65,0.910604089,-0.0236232446,-2.55317737,0.0796748852,0.00487672273,FollowWall,following_right_wall,0,14,42,0.460730702,1.04747793,1,1,1,0.280942917,-1,100,0,0,0,0,0
11.7,0.914583849,-0.0238002178,-2.53916247,0.0797028149,0.00445777706,FollowWall,following_right_wall,0,14,42,0.460711628,1.03962862,1,1,1,0.280784845,-1,100,0,0,0,0,0
11.75,0.918564254,-0.0239762623,-2.52566603,0.0797028149,0.00445777706,FollowWall,following_right_wall,0,14,42,0.460711628,1.03962862,1,1,1,0.280784845,-1,100,0,0,0,0,0
11.8,0.922545052,-0.0241513951,-2.51247203,0.0797316755,0.00402486825,FollowWall,following_right_wall,0,14,42,0.460697502,1.03180349,1,1,1,0.280554712,-1,100,0,0,0,0,0
11.85,0.926526694,-0.0243256705,-2.49997119,0.0797316755,0.00402486825,FollowWall,following_right_wall,0,14,42,0.460697502,1.03180349,1,1,1,0.280554712,-1,100,0,0,0,0,0
11.9,0.930508844,-0.0244991118,-2.48787471,0.0797667352,0.00349897247,FollowWall,following_right_wall,0,14,42,0.460678637,1.02400044,1,1,1,0.280402422,-1,100,0,0,0,0,0
11.95,0.934492033,-0.0246717858,-2.47664183,0.0797667352,0.00349897247,FollowWall,following_right_wall,0,14,42,0.460678637,1.02400044,1,1,1,0.280402422,-1,100,0,0,0,0,0
12,0.938475841,-0.0248437218,-2.46591273,0.0797962458,0.00305631283,FollowWall,following_right_wall,0,14,42,0.460646838,1.01621742,1,1,1,0.280276597,-1,100,0,0,0,0,0
12.05,0.942460635,-0.0250149813,-2.45600589,0.0797962458,0.00305631283,FollowWall,following_right_wall,0,14,42,0.460646838,1.01621742,1,1,1,0.280276597,-1,100,0,0,0,0,0
12.1,0.946446016,-0.0251855925,-2.44657869,0.0798022124,0.00296681364,FollowWall,following_right_wall,0,14,42,0.460599303,1.00845374,1,1,1,0.27997455,-1,100,0,0,0,0,0
12.15,0.950431873,-0.0253555805,-2.43753811,0.0798022124,0.00296681364,FollowWall,following_right_wall,0,14,42,0.460599303,1.00845374,1,1,1,0.27997455,-1,100,0,0,0,0,0
12.2,0.95441802,-0.0255249586,-2.42872307,0.079780681,0.00328978425,FollowWall,following_right_wall,0,14,42,0.460544467,1.00071094,1,1,1,0.279434234,-1,100,0,0,0,0,0
12.25,0.958403897,-0.025693702,-2.41965408,0.079780681,0.00328978425,FollowWall,following_right_wall,0,14,42,0.460544467,1.00071094,1,1,1,0.279434234,-1,100,0,0,0,0,0
12.3,0.962389629,-0.0258618022,-2.41043694,0.0797780747,0.00332888014,FollowWall,following_right_wall,0,14,42,0.46049872,0.992991863,1,1,1,0.279149741,-1,100,0,0,0,0,0
12.35,0.966375234,-0.02602925,-2.40108672,0.0797780747,0.00332888014,FollowWall,following_right_wall,0,14,42,0.46049872,0.992991863,1,1,1,0.279149741,-1,100,0,0,0,0,0
12.4,0.970360775,-0.026196041,-2.39165886,0.0797794984,0.00330752415,FollowWall,following_right_wall,0,14,42,0.460460365,0.98529532,1,1,1,0.278951347,-1,100,0,0,0,0,0
12.45,0.974346322,-0.0263621744,-2.38221121,0.0797794984,0.00330752415,FollowWall,following_right_wall,0,14,42,0.460460365,0.98529532,1,1,1,0.278951347,-1,100,0,0,0,0,0
12.5,0.978331882,-0.0265276498,-2.37275202,0.0797747403,0.0033788959,FollowWall,following_right_wall,0,14,42,0.460423529,0.977618942,1,1,1,0.278729349,-1,100,0,0,0,0,0
12.55,0.982317362,-0.0266924595,-2.3632009,0.0797747403,0.0033788959,FollowWall,following_right_wall,0,14,42,0.460423529,0.977618942,1,1,1,0.278729349,-1,100,0,0,0,0,0
12.6,0.986302808,-0.0268566004,-2.35359615,0.079758285,0.00362572533,FollowWall,following_right_wall,0,14,42,0.460387051,0.969949978,1,1,1,0.278294623,-1,100,0,0,0,0,0
12.65,0.990287903,-0.0270200463,-2.34366549,0.079758285,0.00362572533,FollowWall,following_right_wall,0,14,42,0.460387051,0.969949978,1,1,1,0.278294623,-1,100,0,0,0,0,0
12.7,0.994272805,-0.0271827859,-2.33354471,0.079725585,0.00411622575,FollowWall,following_right_wall,0,14,42,0.460355133,0.961793963,1,1,1,0.277604848,-1,100,0,0,0,0,0
12.75,0.998256927,-0.0273447645,-2.32272754,0.079725585,0.00411622575,FollowWall,following_right_wall,0,14,42,0.460355133,0.961793963,1,1,1,0.277604848,-1,100,0,0,0,0,0
12.8,1.00224061,-0.0275059576,-2.31150414,0.0797074533,0.00438820086,FollowWall,following_right_wall,0,14,42,0.460336596,0.953663718,1,1,1,0.277052343,-1,100,0,0,0,0,0
12.85,1.00622367,-0.0276663246,-2.29971913,0.0797074533,0.00438820086,FollowWall,following_right_wall,0,14,42,0.460336596,0.953663718,1,1,1,0.277052343,-1,100,0,0,0,0,0
12.9,1.01020638,-0.0278258456,-2.28760651,0.0797146712,0.00427993133,FollowWall,following_right_wall,0,14,42,0.46032843,0.945560192,1,1,1,0.276760131,-1,100,0,0,0,0,0
12.95,1.01418906,-0.0279845197,-2.27543203,0.0797146712,0.00427993133,FollowWall,following_right_wall,0,14,42,0.46032843,0.945560192,1,1,1,0.276760131,-1,100,0,0,0,0,0
13,1.01817172,-0.0281423446,-2.26322145,0.0796992069,0.00451189638,FollowWall,following_right_wall,0,14,42,0.460315377,0.937481961,1,1,1,0.276244074,-1,100,0,0,0,0,0
13.05,1.02215408,-0.0282992967,-2.25071294,0.0796992069,0.00451189638,FollowWall,following_right_wall,0,14,42,0.460315377,0.937481961,1,1,1,0.276244074,-1,100,0,0,0,0,0
13.1,1.02613626,-0.0284553655,-2.23803063,0.0796728729,0.00490690701,FollowWall,following_right_wall,0,14,42,0.460298657,0.929430805,1,1,1,0.275965959,-1,100,0,0,0,0,0
13.15,1.03011782,-0.0286105069,-2.22477542,0.0796728729,0.00490690701,FollowWall,following_right_wall,0,14,42,0.460298657,0.929430805,1,1,1,0.275965959,-1,100,0,0,0,0,0
13.2,1.03409902,-0.0287647005,-2.21118603,0.0796659724,0.00501041404,FollowWall,following_right_wall,0,14,42,0.460285068,0.921409457,1,1,1,0.275841713,-1,100,0,0,0,0,0
13.25,1.03807989,-0.0289179246,-2.19727814,0.0796659724,0.00501041404,FollowWall,following_right_wall,0,14,42,0.460285068,0.921409457,1,1,1,0.275841713,-1,100,0,0,0,0,0
13.3,1.04206058,-0.0290701676,-2.18318447,0.0796229102,0.00565634753,FollowWall,following_right_wall,0,14,42,0.460268319,0.913417679,1,1,1,0.275252998,-1,100,0,0,0,0,0
13.35,1.04604029,-0.0292213621,-2.16821139,0.0796229102,0.00565634753,FollowWall,following_right_wall,0,14,42,0.460268319,0.913417679,1,1,1,0.275252998,-1,100,0,0,0,0,0
13.4,1.05001944,-0.0293714762,-2.15272533,0.0796061319,0.00590802169,FollowWall,following_right_wall,0,14,42,0.460260123,0.905458677,1,1,1,0.274876684,-1,100,0,0,0,0,0
13.45,1.05399793,-0.0295204679,-2.13663961,0.0796061319,0.00590802169,FollowWall,following_right_wall,0,14,42,0.460260123,0.905458677,1,1,1,0.274876684,-1,100,0,0,0,0,0
13.5,1.05797606,-0.0296683154,-2.12020409,0.0796192885,0.00571067222,FollowWall,following_right_wall,0,14,42,0.460255712,0.897531975,1,1,1,0.274757117,-1,100,0,0,0,0,0
13.55,1.06195427,-0.0298150241,-2.10380009,0.0796192885,0.00571067222,FollowWall,following_right_wall,0,14,42,0.460255712,0.897531975,1,1,1,0.274757117,-1,100,0,0,0,0,0
13.6,1.06593255,-0.0299605953,-2.08741448,0.0795945254,0.00608211858,FollowWall,following_right_wall,0,14,42,0.617279947,0.889634072,1,1,1,0.274162024,-1,100,0,0,0,0,0
13.65,1.06991036,-0.0301049955,-2.07059621,0.0795945254,0.00608211858,FollowWall,following_right_wall,0,14,42,0.617279947,0.889634072,1,1,1,0.274162024,-1,100,0,0,0,0,0
13.7,1.07388792,-0.0302482088,-2.05352556,0.079617956,0.00573065945,FollowWall,following_right_wall,0,14,42,0.61759001,0.881766748,1,1,1,0.27403903,-1,100,0,0,0,0,0
13.75,1.07786584,-0.0303902577,-2.03672721,0.079617956,0.00573065945,FollowWall,following_right_wall,0,14,42,0.61759001,0.881766748,1,1,1,0.27403903,-1,100,0,0,0,0,0
13.8,1.08184398,-0.0305311524,-2.02008771,0.0796414858,0.00537771375,FollowWall,following_right_wall,0,14,42,0.617886662,0.873926559,1,1,1,0.273873895,-1,100,0,0,0,0,0
13.85,1.08582276,-0.0306709306,-2.00396215,0.0796414858,0.00537771375,FollowWall,following_right_wall,0,14,42,0.617886662,0.873926559,1,1,1,0.273873895,-1,100,0,0,0,0,0
13.9,1.08980193,-0.0308096116,-1.98813641,0.0796732846,0.00490073073,FollowWall,following_right_wall,0,14,42,0.618184626,0.866110951,1,1,1,0.273773283,-1,100,0,0,0,0,0
13.95,1.09378201,-0.0309472492,-1.97305491,0.0796732846,0.00490073073,FollowWall,following_right_wall,0,14,42,0.618184626,0.866110951,1,1,1,0.273773283,-1,100,0,0,0,0,0
14,1.09776262,-0.0310838716,-1.95840755,0.0797090975,0.00436353727,FollowWall,following_right_wall,0,14,42,0.618493915,0.858317908,1,1,1,0.273700893,-1,100,0,0,0,0,0
14.05,1.10174431,-0.0312195429,-1.94465467,0.0797090975,0.00436353727,FollowWall,following_right_wall,0,14,42,0.618493915,0.858317908,1,1,1,0.273700893,-1,100,0,0,0,0,0
14.1,1.10572663,-0.0313542971,-1.93142356,0.0797331823,0.00400226542,FollowWall,following_right_wall,0,14,42,0.618821442,0.850545468,1,1,1,0.273490667,-1,100,0,0,0,0,0
14.15,1.10970984,-0.031488186,-1.91892807,0.0797331823,0.00400226542,FollowWall,following_right_wall,0,14,42,0.618821442,0.850545468,1,1,1,0.273490667,-1,100,0,0,0,0,0
14.2,1.11369358,-0.0316212378,-1.90686167,0.0797482552,0.00377617138,FollowWall,following_right_wall,0,14,42,0.619160652,0.842793275,1,1,1,0.273168683,-1,100,0,0,0,0,0
14.25,1.11767795,-0.0317534888,-1.89531547,0.0797482552,0.00377617138,FollowWall,following_right_wall,0,14,42,0.619160652,0.842793275,1,1,1,0.273168683,-1,100,0,0,0,0,0
14.3,1.1216627,-0.0318849591,-1.88407272,0.0797552447,0.00367132949,FollowWall,following_right_wall,0,14,42,0.619500041,0.833447749,1,1,1,0.272736222,-1,100,0,0,0,0,0
14.35,1.12564783,-0.0320156694,-1.87313212,0.0797552447,0.00367132949,FollowWall,following_right_wall,0,14,42,0.619500041,0.833447749,1,1,1,0.272736222,-1,100,0,0,0,0,0
14.4,1.12963319,-0.0321456317,-1.86236777,0.0797939823,0.00309026476,FollowWall,following_right_wall,0,14,42,0.619827271,0.825411716,1,1,1,0.272622287,-1,100,0,0,0,0,0
14.45,1.13361949,-0.0322749029,-1.85239984,0.0797939823,0.00309026476,FollowWall,following_right_wall,0,14,42,0.619827271,0.825411716,1,1,1,0.272622287,-1,100,0,0,0,0,0
14.5,1.13760636,-0.0324035142,-1.84289648,0.079831783,0.0025232556,FollowWall,following_right_wall,0,14,42,0.620159686,0.817396559,1,1,1,0.272485793,-1,100,0,0,0,0,0
14.55,1.14159435,-0.0325315326,-1.83434094,0.079831783,0.0025232556,FollowWall,following_right_wall,0,14,42,0.620159686,0.817396559,1,1,1,0.272485793,-1,100,0,0,0,0,0
14.6,1.145583,-0.0326589952,-1.82633829,0.0798631223,0.00205316616,FollowWall,following_right_wall,0,14,42,0.620507419,0.809401214,1,1,1,0.272279203,-1,100,0,0,0,0,0
14.65,1.1495727,-0.0327859643,-1.81921929,0.0798631223,0.00205316616,FollowWall,following_right_wall,0,14,42,0.620507419,0.809401214,1,1,1,0.272279203,-1,100,0,0,0,0,0
14.7,1.15356301,-0.0329124745,-1.81261576,0.0798589542,0.00211568744,FollowWall,following_right_wall,0,14,42,0.620868981,0.801426628,1,1,1,0.271686614,-1,100,0,0,0,0,0
14.75,1.1575536,-0.0330385411,-1.80623828,0.0798589542,0.00211568744,FollowWall,following_right_wall,0,14,42,0.620868981,0.801426628,1,1,1,0.271686614,-1,100,0,0,0,0,0
14.8,1.16154436,-0.0331641728,-1.79999267,0.05,0.00264261146,FollowWall,following_right_wall,0,14,42,0.621216416,0.793477708,1,1,1,0.271100461,-1,100,0,0,0,0,0
14.85,1.16491346,-0.0332698507,-1.79319501,0.05,0.00264261146,FollowWall,following_right_wall,0,14,42,0.621216416,0.793477708,1,1,1,0.271100461,-1,100,0,0,0,0,0
14.9,1.16791994,-0.0333637886,-1.78607533,0.05,0.00276623757,FollowWall,following_right_wall,0,14,42,0.621411502,0.787155204,1,1,1,0.270848781,-1,100,0,0,0,0,0
14.95,1.17071489,-0.0334507615,-1.77862022,0.05,0.00276623757,FollowWall,following_right_wall,0,14,42,0.621411502,0.787155204,1,1,1,0.270848781,-1,100,0,0,0,0,0
15,1.17338645,-0.0335335422,-1.77096946,0.05,0.0335983214,AdvanceRight,advancing_past_measured_edge,0,14,42,0.621510148,0.781756115,1,1,1,0.270641148,-1,100,0,0,0,0,0
15.05,1.17598606,-0.0336129079,-1.72640147,0.05,0.0326648917,AdvanceRight,advancing_past_measured_edge,0,14,42,0.621510148,0.781756115,1,1,1,0.270641148,-1,100,0,0,0,0,0
15.1,1.17854375,-0.0336885463,-1.66141264,0.05,0.0313037687,AdvanceRight,advancing_past_measured_edge,0,14,42,0.620075703,0.77681424,1,1,1,0.270250201,-1,100,0,0,0,0,0
15.15,1.18107705,-0.0337603595,-1.58613636,0.05,0.0297271861,AdvanceRight,advancing_past_measured_edge,0,14,42,0.620075703,0.77681424,1,1,1,0.270250201,-1,100,0,0,0,0,0
15.2,1.18359614,-0.0338283675,-1.50674099,0.05,0.0280643332,AdvanceRight,advancing_past_measured_edge,0,14,42,0.617905796,0.772058419,1,1,1,0.270091236,-1,100,0,0,0,0,0
15.25,1.18610699,-0.0338926621,-1.42692769,0.05,0.0263927274,AdvanceRight,advancing_past_measured_edge,0,14,42,0.617905796,0.772058419,1,1,1,0.270091236,-1,100,0,0,0,0,0
15.3,1.18861307,-0.0339533796,-1.34886593,0.05,0.0247578058,AdvanceRight,advancing_past_measured_edge,0,14,42,0.615667164,0.767360024,1,1,1,0.27011919,-1,100,0,0,0,0,0
15.35,1.19111638,-0.0340106827,-1.27377746,0.05,0.0231851564,AdvanceRight,advancing_past_measured_edge,0,14,42,0.615667164,0.767360024,1,1,1,0.27011919,-1,100,0,0,0,0,0
15.4,1.19361812,-0.0340647482,-1.2023006,0.05,0.0216881487,AdvanceRight,advancing_past_measured_edge,0,14,42,0.613584995,0.762673516,1,1,1,0.269888937,-1,100,0,0,0,0,0
15.45,1.19611895,-0.034115758,-1.13471745,0.05,0.0202726905,AdvanceRight,advancing_past_measured_edge,0,14,42,0.613584995,0.762673516,1,1,1,0.269888937,-1,100,0,0,0,0,0
15.5,1.19861927,-0.0341638936,-1.0710952,0.05,0.0189401893,AdvanceRight,advancing_past_measured_edge,0,14,42,0.611718416,0.757983341,1,1,1,0.269518346,-1,100,0,0,0,0,0
15.55,1.20111932,-0.0342093319,-1.01137404,0.05,0.0176893921,AdvanceRight,advancing_past_measured_edge,0,14,42,0.611718416,0.757983341,1,1,1,0.269518346,-1,100,0,0,0,0,0
15.6,1.20361922,-0.0342522432,-0.955421539,0.05,0.0165175257,AdvanceRight,advancing_past_measured_edge,0,14,42,0.61006701,0.753285182,1,1,1,0.269416302,-1,100,0,0,0,0,0
15.65,1.20611905,-0.0342927899,-0.903066236,0.05,0.0154209988,AdvanceRight,advancing_past_measured_edge,0,14,42,0.61006701,0.753285182,1,1,1,0.269416302,-1,100,0,0,0,0,0
15.7,1.20861885,-0.0343311256,-0.854118181,0.05,0.0143958331,AdvanceRight,advancing_past_measured_edge,0,14,42,0.608610809,0.748570941,1,1,1,0.269226909,-1,100,0,0,0,0,0
15.75,1.21111864,-0.0343673952,-0.808381389,0.05,0.013437924,AdvanceRight,advancing_past_measured_edge,0,14,42,0.608610809,0.748570941,1,1,1,0.269226909,-1,100,0,0,0,0,0
15.8,1.21361843,-0.0344017349,-0.765661253,0.05,0.0125431956,AdvanceRight,advancing_past_measured_edge,0,14,42,0.607325673,0.743642934,1,1,1,0.268811136,-1,100,0,0,0,0,0
15.85,1.21611824,-0.0344342721,-0.725768838,0.05,0.0117076907,AdvanceRight,advancing_past_measured_edge,0,14,42,0.607325673,0.743642934,1,1,1,0.268811136,-1,100,0,0,0,0,0
15.9,1.21861806,-0.0344651266,-0.688523235,0.05,0.0109276207,AdvanceRight,advancing_past_measured_edge,0,14,42,0.606187999,0.738720513,1,1,1,0.268505692,-1,100,0,0,0,0,0
15.95,1.22111789,-0.0344944099,-0.653752747,0.05,0.0101993893,AdvanceRight,advancing_past_measured_edge,0,14,42,0.606187999,0.738720513,1,1,1,0.268505692,-1,100,0,0,0,0,0
16,1.22361774,-0.0345222266,-0.621295339,0.05,0.00951960291,AdvanceRight,advancing_past_measured_edge,0,14,42,0.605176747,0.733804572,1,1,1,0.268389046,-1,100,0,0,0,0,0
16.05,1.2261176,-0.0345486743,-0.590998662,0.05,0.00888507078,AdvanceRight,advancing_past_measured_edge,0,14,42,0.605176747,0.733804572,1,1,1,0.268389046,-1,100,0,0,0,0,0
16.1,1.22861748,-0.0345738441,-0.562719828,0.05,0.00829280027,AdvanceRight,advancing_past_measured_edge,0,14,42,0.604273558,0.728895822,1,1,1,0.268508404,-1,100,0,0,0,0,0
16.15,1.23111736,-0.0345978212,-0.53632504,0.05,0.00773998913,AdvanceRight,advancing_past_measured_edge,0,14,42,0.604273558,0.728895822,1,1,1,0.268508404,-1,100,0,0,0,0,0
16.2,1.23361726,-0.034620685,-0.511689149,0.05,0.00722401624,AdvanceRight,advancing_past_measured_edge,0,14,42,0.603462636,0.723994978,1,1,1,0.268635511,-1,100,0,0,0,0,0
16.25,1.23611716,-0.0346425097,-0.488695179,0.05,0.00674243165,AdvanceRight,advancing_past_measured_edge,0,14,42,0.603462636,0.723994978,1,1,1,0.268635511,-1,100,0,0,0,0,0
16.3,1.23861708,-0.0346633646,-0.467233844,0.05,0.00629294651,AdvanceRight,advancing_past_measured_edge,0,14,42,0.602730453,0.719102752,1,1,1,0.26863125,-1,100,0,0,0,0,0
16.35,1.241117,-0.0346833143,-0.447203081,0.05,0.00587342319,AdvanceRight,advancing_past_measured_edge,0,14,42,0.602730453,0.719102752,1,1,1,0.26863125,-1,100,0,0,0,0,0
16.4,1.24361693,-0.0347024191,-0.428507587,0.05,0.00548186567,AdvanceRight,advancing_past_measured_edge,0,14,42,0.602065504,0.714219561,1,1,1,0.268830776,-1,100,0,0,0,0,0
16.45,1.24611686,-0.0347207355,-0.411058386,0.05,0.00511641047,AdvanceRight,advancing_past_measured_edge,0,14,42,0.602065504,0.714219561,1,1,1,0.268830776,-1,100,0,0,0,0,0
16.5,1.2486168,-0.0347383158,-0.394772421,0.05,0.00477531801,AdvanceRight,advancing_past_measured_edge,0,14,42,0.601457894,0.70934576,1,1,1,0.268745244,-1,100,0,0,0,0,0
16.55,1.25111674,-0.0347552093,-0.379572159,0.05,0.00445696446,AdvanceRight,advancing_past_measured_edge,0,14,42,0.601457894,0.70934576,1,1,1,0.268745244,-1,100,0,0,0,0,0
16.6,1.25361669,-0.0347714616,-0.365385229,0.05,0.00415983411,AdvanceRight,advancing_past_measured_edge,0,14,42,0.600899398,0.704329531,1,1,1,0.26868847,-1,100,0,0,0,0,0
16.65,1.25611664,-0.0347871156,-0.352144085,0.05,0.00388251222,AdvanceRight,advancing_past_measured_edge,0,14,42,0.600899398,0.704329531,1,1,1,0.26868847,-1,100,0,0,0,0,0
16.7,1.25861659,-0.034802211,-0.339785676,0.05,0.00362367831,AdvanceRight,advancing_past_measured_edge,0,14,42,0.600382864,0.699304163,1,1,1,0.268802613,-1,100,0,0,0,0,0
16.75,1.26111655,-0.0348167853,-0.328251157,0.05,0.00338209991,AdvanceRight,advancing_past_measured_edge,0,14,42,0.600382864,0.699304163,1,1,1,0.268802613,-1,100,0,0,0,0,0
16.8,1.26361651,-0.034830873,-0.317485603,0.05,0.00315662668,AdvanceRight,advancing_past_measured_edge,0,14,42,0.599902272,0.694293036,1,1,1,0.268814832,-1,100,0,0,0,0,0
16.85,1.26611647,-0.0348445066,-0.307437751,0.05,0.00294618496,AdvanceRight,advancing_past_measured_edge,0,14,42,0.599902272,0.694293036,1,1,1,0.268814832,-1,100,0,0,0,0,0
16.9,1.26861644,-0.0348577165,-0.298059755,0.05,0.00274977266,AdvanceRight,advancing_past_measured_edge,0,14,42,0.599452674,0.68929633,1,1,1,0.268820256,-1,100,0,0,0,0,0
16.95,1.2711164,-0.0348705308,-0.289306957,0.05,0.00256645451,AdvanceRight,advancing_past_measured_edge,0,14,42,0.599452674,0.68929633,1,1,1,0.268820256,-1,100,0,0,0,0,0
17,1.27361637,-0.0348829759,-0.28113768,0.05,0.00239535755,AdvanceRight,advancing_past_measured_edge,0,14,42,0.599029779,0.684262494,1,1,1,0.268996716,-1,100,0,0,0,0,0
17.05,1.27611634,-0.0348950764,-0.27351302,0.05,0.00223566706,AdvanceRight,advancing_past_measured_edge,0,14,42,0.599029779,0.684262494,1,1,1,0.268996716,-1,100,0,0,0,0,0
17.1,1.27861632,-0.0349068554,-0.266396671,0.05,0.00208662259,AdvanceRight,advancing_past_measured_edge,0,14,42,0.598630011,0.679205338,1,1,1,0.269055754,-1,100,0,0,0,0,0
17.15,1.28111629,-0.0349183342,-0.259754745,0.05,0.00194751443,AdvanceRight,advancing_past_measured_edge,0,14,42,0.598630011,0.679205338,1,1,1,0.269055754,-1,100,0,0,0,0,0
17.2,1.28361627,-0.0349295329,-0.253555614,0.05,0.00181768013,AdvanceRight,advancing_past_measured_edge,0,14,42,0.598250449,0.674159673,1,1,1,0.268768638,-1,100,0,0,0,0,0
17.25,1.28611624,-0.03494047,-0.247769759,0.05,0.00169650146,AdvanceRight,advancing_past_measured_edge,0,14,42,0.598250449,0.674159673,1,1,1,0.268768638,-1,100,0,0,0,0,0
17.3,1.28861622,-0.0349511632,-0.242369627,0.05,0.00158340136,AdvanceRight,advancing_past_measured_edge,0,14,42,0.597888768,0.66912615,1,1,1,0.268486023,-1,100,0,0,0,0,0
17.35,1.2911162,-0.0349616286,-0.237329504,0.05,0.00147784127,AdvanceRight,advancing_past_measured_edge,0,14,42,0.597888768,0.66912615,1,1,1,0.268486023,-1,100,0,0,0,0,0
17.4,1.29361618,-0.0349718814,-0.232625389,0.05,0.00137931852,AdvanceRight,advancing_past_measured_edge,0,14,42,0.597542942,0.664105301,1,1,1,0.268208414,-1,100,0,0,0,0,0
17.45,1.29611616,-0.0349819358,-0.228234882,0.05,0.00128736395,AdvanceRight,advancing_past_measured_edge,0,14,42,0.597542942,0.664105301,1,1,1,0.268208414,-1,100,0,0,0,0,0
17.5,1.29861614,-0.034991805,-0.224137075,0.05,0.00120153969,AdvanceRight,advancing_past_measured_edge,0,14,42,0.597211421,0.659097543,1,1,1,0.268426657,-1,100,0,0,0,0,0
17.55,1.30111612,-0.0350015013,-0.220312456,0.05,0.00112143704,AdvanceRight,advancing_past_measured_edge,0,14,42,0.597211421,0.659097543,1,1,1,0.268426657,-1,100,0,0,0,0,0
17.6,1.3036161,-0.0350110364,-0.216742811,0.05,0.00104667457,AdvanceRight,advancing_past_measured_edge,0,14,42,0.596892953,0.654103228,1,1,1,0.268654794,-1,100,0,0,0,0,0
17.65,1.30611608,-0.0350204208,-0.213411142,0.05,0.000976896269,AdvanceRight,advancing_past_measured_edge,0,14,42,0.596892953,0.654103228,1,1,1,0.268654794,-1,100,0,0,0,0,0
17.7,1.30861606,-0.0350296648,-0.210301585,0.05,0.000911769851,AdvanceRight,advancing_past_measured_edge,0,14,42,0.596586645,0.649122596,1,1,1,0.268839836,-1,100,0,0,0,0,0
17.75,1.31111605,-0.0350387776,-0.207399331,0.05,0.000850985194,AdvanceRight,advancing_past_measured_edge,0,14,42,0.596586645,0.649122596,1,1,1,0.268839836,-1,100,0,0,0,0,0
17.8,1.31361603,-0.035047768,-0.204690561,0.05,0.000794252848,AdvanceRight,advancing_past_measured_edge,0,14,42,0.59629178,0.644155882,1,1,1,0.268591583,-1,100,0,0,0,0,0
17.85,1.31611602,-0.0350566441,-0.202162376,0.05,0.000741302658,AdvanceRight,advancing_past_measured_edge,0,14,42,0.59629178,0.644155882,1,1,1,0.268591583,-1,100,0,0,0,0,0
17.9,1.318616,-0.0350654136,-0.199802736,0.05,0.000691882481,AdvanceRight,advancing_past_measured_edge,0,14,42,0.596007824,0.639203087,1,1,1,0.268468857,-1,100,0,0,0,0,0
17.95,1.32111599,-0.0350740836,-0.197600406,0.05,0.000645756982,AdvanceRight,advancing_past_measured_edge,0,14,42,0.596007824,0.639203087,1,1,1,0.268468857,-1,100,0,0,0,0,0
18,1.32361597,-0.0350826607,-0.195544897,0.05,0.000602706517,AdvanceRight,advancing_past_measured_edge,0,14,42,0.595734537,0.63426427,1,1,1,0.268305242,-1,100,0,0,0,0,0
18.05,1.32611596,-0.0350911511,-0.193626423,0.05,0.000562526082,AdvanceRight,advancing_past_measured_edge,0,14,42,0.595734537,0.63426427,1,1,1,0.268305242,-1,100,0,0,0,0,0
18.1,1.32861594,-0.0350995605,-0.191835847,0.05,0.000525024344,AdvanceRight,advancing_past_measured_edge,0,14,42,0.595471799,0.629339313,1,1,1,0.268406421,-1,100,0,0,0,0,0
18.15,1.33111593,-0.0351078945,-0.190164643,0.05,0.000490022721,AdvanceRight,advancing_past_measured_edge,0,14,42,0.595471799,0.629339313,1,1,1,0.268406421,-1,100,0,0,0,0,0
18.2,1.33361591,-0.0351161579,-0.188604852,0.05,0.000457354539,AdvanceRight,advancing_past_measured_edge,0,14,42,0.595219493,0.624393119,1,1,1,0.268228561,-1,100,0,0,0,0,0
18.25,1.3361159,-0.0351243556,-0.187149047,0.05,0.000426864237,AdvanceRight,advancing_past_measured_edge,0,14,42,0.595219493,0.624393119,1,1,1,0.268228561,-1,100,0,0,0,0,0
18.3,1.33861589,-0.0351324919,-0.185790296,0.05,0.000398406621,AdvanceRight,advancing_past_measured_edge,0,14,42,0.594977796,0.619338507,1,1,1,0.268063188,-1,100,0,0,0,0,0
18.35,1.34111587,-0.0351405708,-0.184522128,0.05,0.000371846179,AdvanceRight,advancing_past_measured_edge,0,14,42,0.594977796,0.619338507,1,1,1,0.268063188,-1,100,0,0,0,0,0
18.4,1.34361586,-0.0351485963,-0.183338505,0.05,0.000347056434,AdvanceRight,advancing_past_measured_edge,0,14,42,0.594746828,0.614298528,1,1,1,0.26813063,-1,100,0,0,0,0,0
18.45,1.34611585,-0.0351565718,-0.18223379,0.05,0.000323919339,AdvanceRight,advancing_past_measured_edge,0,14,42,0.594746828,0.614298528,1,1,1,0.26813063,-1,100,0,0,0,0,0
18.5,1.34861584,-0.0351645007,-0.181202723,0.05,0.000302324716,AdvanceRight,advancing_past_measured_edge,0,14,42,0.594526827,0.609273362,1,0,1,0.268056571,-1,100,0,0,0,0,0
18.55,1.35111582,-0.0351723862,-0.180240394,0.05,0.000282169735,AdvanceRight,advancing_past_measured_edge,0,14,42,0.594526827,0.609273362,1,0,1,0.268056571,-1,100,0,0,0,0,0
18.6,1.35361581,-0.0351802311,-0.179342219,0.05,0.000263358419,AdvanceRight,advancing_past_measured_edge,0,14,42,0.594318092,0.604263188,1,0,1,0.267795205,-1,100,0,0,0,0,0
18.65,1.3561158,-0.035188038,-0.178503923,0.05,0.000245801191,AdvanceRight,advancing_past_measured_edge,0,14,42,0.594318092,0.604263188,1,0,1,0.267795205,-1,100,0,0,0,0,0
18.7,1.35861579,-0.0351958097,-0.177721514,0.05,0.000229414445,AdvanceRight,advancing_past_measured_edge,0,14,42,0.59412092,0.599268004,1,0,1,0.267532051,-1,100,0,0,0,0,0
18.75,1.36111578,-0.0352035483,-0.176991265,0.05,0.000214120149,AdvanceRight,advancing_past_measured_edge,0,14,42,0.59412092,0.599268004,1,0,1,0.267532051,-1,100,0,0,0,0,0
18.8,1.36361576,-0.0352112561,-0.1763097,0.05,0.000199845472,AdvanceRight,advancing_past_measured_edge,0,14,42,0.593935788,0.59428793,1,0,1,0.267562509,-1,100,0,0,0,0,0
18.85,1.36611575,-0.0352189352,-0.175673572,0.05,0.000186522441,AdvanceRight,advancing_past_measured_edge,0,14,42,0.593935788,0.59428793,1,0,1,0.267562509,-1,100,0,0,0,0,0
18.9,1.36861574,-0.0352265874,-0.175079852,0.05,0.000174087611,AdvanceRight,advancing_past_measured_edge,0,14,42,0.593762994,0.589284168,1,0,1,0.267779678,-1,100,0,0,0,0,0
18.95,1.37111573,-0.0352342146,-0.174525714,0.05,0.000162481771,AdvanceRight,advancing_past_measured_edge,0,14,42,0.593762994,0.589284168,1,0,1,0.267779678,-1,100,0,0,0,0,0
19,1.37361572,-0.0352418184,-0.174008519,0.05,0.000151649653,AdvanceRight,advancing_past_measured_edge,0,14,42,0.593602896,0.584227142,1,0,1,0.2679708,-1,100,0,0,0,0,0
19.05,1.37611571,-0.0352494004,-0.173525803,0.05,0.000141539676,AdvanceRight,advancing_past_measured_edge,0,14,42,0.593602896,0.584227142,1,0,1,0.2679708,-1,100,0,0,0,0,0
19.1,1.37861569,-0.0352569621,-0.173075268,0.05,0.000132103697,AdvanceRight,advancing_past_measured_edge,0,14,42,0.59345597,0.579184614,1,0,1,0.267777205,-1,100,0,0,0,0,0
19.15,1.38111568,-0.0352645047,-0.172654769,0.05,0.000123296784,AdvanceRight,advancing_past_measured_edge,0,14,42,0.59345597,0.579184614,1,0,1,0.267777205,-1,100,0,0,0,0,0
19.2,1.38361567,-0.0352720297,-0.172262303,0.05,0.000115076999,AdvanceRight,advancing_past_measured_edge,0,14,42,0.593322515,0.574156761,1,0,1,0.268396854,-1,100,0,0,0,0,0
19.25,1.38611566,-0.035279538,-0.171896002,0.05,0.000107405199,AdvanceRight,advancing_past_measured_edge,0,14,42,0.593322515,0.574156761,1,0,1,0.268396854,-1,100,0,0,0,0,0
19.3,1.38861565,-0.0352870309,-0.17155412,0.05,0.000100244852,AdvanceRight,advancing_past_measured_edge,0,14,42,0.593202889,0.56914376,1,0,1,0.268569767,-1,100,0,0,0,0,0
19.35,1.39111564,-0.0352945094,-0.171235031,0.05,9.3561862e-05,AdvanceRight,advancing_past_measured_edge,0,14,42,0.593202889,0.56914376,1,0,1,0.268569767,-1,100,0,0,0,0,0
19.4,1.39361563,-0.0353019744,-0.170937214,0.05,8.73244045e-05,AdvanceRight,advancing_past_measured_edge,0,14,42,0.593097508,0.56414567,1,0,1,0.268512815,-1,100,0,0,0,0,0
19.45,1.39611562,-0.0353094269,-0.170659252,0.05,8.15027776e-05,AdvanceRight,advancing_past_measured_edge,0,14,42,0.593097508,0.56414567,1,0,1,0.268512815,-1,100,0,0,0,0,0
19.5,1.3986156,-0.0353168676,-0.170399821,0.05,7.6069259e-05,AdvanceRight,advancing_past_measured_edge,0,14,42,0.59300667,0.55916255,1,0,1,0.268481404,-1,100,0,0,0,0,0
19.55,1.40111559,-0.0353242975,-0.170157685,0.05,7.09979751e-05,AdvanceRight,advancing_past_measured_edge,0,14,42,0.59300667,0.55916255,1,0,1,0.268481404,-1,100,0,0,0,0,0
19.6,1.40361558,-0.035331717,-0.169931691,0.05,6.62647768e-05,AdvanceRight,advancing_past_measured_edge,0,14,42,0.592930615,0.554194341,1,0,1,0.269107908,-1,100,0,0,0,0,0
19.65,1.40611557,-0.0353391271,-0.169720764,0.05,6.1847125e-05,AdvanceRight,advancing_past_measured_edge,0,14,42,0.592930615,0.554194341,1,0,1,0.269107908,-1,100,0,0,0,0,0
19.7,1.40861556,-0.0353465283,-0.169523898,0.05,5.77239833e-05,AdvanceRight,advancing_past_measured_edge,0,14,42,0.592869639,0.549240924,1,0,1,0.269567996,-1,100,0,0,0,0,0
19.75,1.41111555,-0.0353539211,-0.169340157,0.05,5.38757178e-05,AdvanceRight,advancing_past_measured_edge,0,14,42,0.592869639,0.549240924,1,0,1,0.269567996,-1,100,0,0,0,0,0
19.8,1.41361554,-0.0353613062,-0.169168665,0.05,5.02840032e-05,AdvanceRight,advancing_past_measured_edge,0,14,42,0.592823863,0.544302183,1,0,1,0.269401699,-1,100,0,0,0,0,0
19.85,1.41611553,-0.0353686841,-0.169008606,0.05,4.69317364e-05,AdvanceRight,advancing_past_measured_edge,0,14,42,0.592823863,0.544302183,1,0,1,0.269401699,-1,100,0,0,0,0,0
19.9,1.41861552,-0.0353760552,-0.168859218,0.05,4.38029539e-05,AdvanceRight,advancing_past_measured_edge,0,14,42,0.592793584,0.53937794,1,0,1,0.270981073,-1,100,0,0,0,0,0
19.95,1.42111551,-0.03538342,-0.168719789,0.05,4.0882757e-05,AdvanceRight,advancing_past_measured_edge,0,14,42,0.592793584,0.53937794,1,0,1,0.270981073,-1,100,0,0,0,0,0
20,1.42361549,-0.035390779,-0.168589655,0.05,3.81572399e-05,AdvanceRight,advancing_past_measured_edge,0,14,42,0.592778862,0.534346086,1,0,1,0.27372089,-1,100,0,0,0,0,0
20.05,1.42611548,-0.0353981324,-0.168468197,0.05,3.56134239e-05,AdvanceRight,advancing_past_measured_edge,0,14,42,0.592778862,0.534346086,1,0,1,0.27372089,-1,100,0,0,0,0,0
20.1,1.42861547,-0.0354054808,-0.168354836,0.05,3.32391956e-05,AdvanceRight,advancing_past_measured_edge,0,14,42,0.592779696,0.529295596,1,0,1,0.275886655,-1,100,0,0,0,0,0
20.15,1.43111546,-0.0354128243,-0.168249032,0.05,3.10232493e-05,AdvanceRight,advancing_past_measured_edge,0,14,42,0.592779696,0.529295596,1,0,1,0.275886655,-1,100,0,0,0,0,0
20.2,1.43361545,-0.0354201634,-0.168150282,0.05,2.89550326e-05,AdvanceRight,advancing_past_measured_edge,0,14,42,0.592796206,0.524260053,1,0,1,2.36436152,-1,100,0,0,0,0,0
20.25,1.43611544,-0.0354274983,-0.168058115,0.05,2.70246971e-05,AdvanceRight,advancing_past_measured_edge,0,14,42,0.592796206,0.524260053,1,0,1,2.36436152,-1,100,0,0,0,0,0
20.3,1.43861543,-0.0354348293,-0.167972093,0.05,2.52230507e-05,AdvanceRight,advancing_past_measured_edge,0,14,42,0.589712083,0.519239573,1,0,1,2.34471321,-1,100,0,0,0,0,0
20.35,1.44111542,-0.0354421567,-0.167891806,0.05,2.35415139e-05,AdvanceRight,advancing_past_measured_edge,0,14,42,0.589712083,0.519239573,1,0,1,2.34471321,-1,100,0,0,0,0,0
20.4,1.44361541,-0.0354494808,-0.167816871,0.05,2.19720797e-05,AdvanceRight,advancing_past_measured_edge,0,14,42,0.584812939,0.514234217,1,0,1,2.32505488,-1,100,0,0,0,0,0
20.45,1.4461154,-0.0354568016,-0.167746931,0.05,2.05072744e-05,AdvanceRight,advancing_past_measured_edge,0,14,42,0.584812939,0.514234217,1,0,1,2.32505488,-1,100,0,0,0,0,0
20.5,1.44861539,-0.0354641195,-0.167681655,0.05,1.91401227e-05,AdvanceRight,advancing_past_measured_edge,0,14,42,0.579927504,0.509244043,1,0,1,2.41522217,-1,100,0,0,0,0,0
20.55,1.45111538,-0.0354714347,-0.16762073,0.05,1.78641146e-05,AdvanceRight,advancing_past_measured_edge,0,14,42,0.579927504,0.509244043,1,0,1,2.41522217,-1,100,0,0,0,0,0
20.6,1.45361537,-0.0354787472,-0.167563866,0.05,1.66731736e-05,AdvanceRight,advancing_past_measured_edge,0,14,42,0.57505542,0.504268993,1,0,1,2.39471364,-1,100,0,0,0,0,0
20.65,1.45611536,-0.0354860574,-0.167510794,0.05,1.55616287e-05,AdvanceRight,advancing_past_measured_edge,0,14,42,0.57505542,0.504268993,1,0,1,2.39471364,-1,100,0,0,0,0,0
20.7,1.45861534,-0.0354933654,-0.16746126,0.05,1.45241868e-05,AdvanceRight,advancing_past_measured_edge,0,14,42,0.570196092,0.49927287,1,0,1,2.37421346,-1,100,0,0,0,0,0
20.75,1.46111533,-0.0355006712,-0.167415028,0.05,1.35559077e-05,AdvanceRight,advancing_past_measured_edge,0,14,42,0.570196092,0.49927287,1,0,1,2.37421346,-1,100,0,0,0,0,0
20.8,1.46361532,-0.0355079751,-0.167371878,0.05,1.26521805e-05,AdvanceRight,advancing_past_measured_edge,0,14,42,0.565316021,0.494220368,1,0,1,2.3537209,-1,100,0,0,0,0,0
20.85,1.46611531,-0.0355152772,-0.167331605,0.05,1.18087018e-05,AdvanceRight,advancing_past_measured_edge,0,14,42,0.565316021,0.494220368,1,0,1,2.3537209,-1,100,0,0,0,0,0
20.9,1.4686153,-0.0355225776,-0.167294017,0.05,1.1021455e-05,AdvanceRight,advancing_past_measured_edge,0,14,42,0.560223401,0.489182506,1,0,1,2.33323431,-1,100,0,0,0,0,0
20.95,1.47111529,-0.0355298764,-0.167258934,0.05,1.02866913e-05,AdvanceRight,advancing_past_measured_edge,0,14,42,0.560223401,0.489182506,1,0,1,2.33323431,-1,100,0,0,0,0,0
21,1.47361528,-0.0355371737,-0.167226191,0.05,9.6009119e-06,AdvanceRight,advancing_past_measured_edge,0,14,42,0.555145264,0.48415946,1,0,1,2.31275249,-1,100,0,0,0,0,0
21.05,1.47611527,-0.0355444697,-0.16719563,0.05,8.96085111e-06,AdvanceRight,advancing_past_measured_edge,0,14,42,0.555145264,0.48415946,1,0,1,2.31275249,-1,100,0,0,0,0,0
21.1,1.47861526,-0.0355517643,-0.167167107,0.05,8.36346104e-06,AdvanceRight,advancing_past_measured_edge,0,14,42,0.550081849,0.479151406,1,0,1,2.4101119,-1,100,0,0,0,0,0
21.15,1.48111525,-0.0355590578,-0.167140485,0.05,7.80589697e-06,AdvanceRight,advancing_past_measured_edge,0,14,42,0.550081849,0.479151406,1,0,1,2.4101119,-1,100,0,0,0,0,0
21.2,1.48361524,-0.0355663501,-0.167115638,0.05,7.28550384e-06,AdvanceRight,advancing_past_measured_edge,0,14,42,0.545033395,0.474158344,1,0,1,2.38824081,-1,100,0,0,0,0,0
21.25,1.48611523,-0.0355736414,-0.167092448,0.05,6.79980358e-06,AdvanceRight,advancing_past_measured_edge,0,14,42,0.545033395,0.474158344,1,0,1,2.38824081,-1,100,0,0,0,0,0
21.3,1.48861522,-0.0355809317,-0.167070803,0.05,6.34648334e-06,AdvanceRight,advancing_past_measured_edge,0,14,42,0.540000081,0.469180274,1,0,1,2.36638618,-1,100,0,0,0,0,0
21.35,1.49111521,-0.0355882211,-0.167050602,0.05,5.92338445e-06,AdvanceRight,advancing_past_measured_edge,0,14,42,0.540000081,0.469180274,1,0,1,2.36638618,-1,100,0,0,0,0,0
21.4,1.4936152,-0.0355955096,-0.167031747,0.05,5.52849216e-06,AdvanceRight,advancing_past_measured_edge,0,14,42,0.534981966,0.464217078,1,0,1,2.34454799,-1,100,0,0,0,0,0
21.45,1.49611518,-0.0356027974,-0.167014149,0.05,5.15992601e-06,AdvanceRight,advancing_past_measured_edge,0,14,42,0.534981966,0.464217078,1,0,1,2.34454799,-1,100,0,0,0,0,0
21.5,1.49861517,-0.0356100844,-0.166997725,0.05,4.81593094e-06,AdvanceRight,advancing_past_measured_edge,0,14,42,0.52997911,0.459268639,1,0,1,2.32272601,-1,100,0,0,0,0,0
21.55,1.50111516,-0.0356173707,-0.166982395,0.05,4.49486888e-06,AdvanceRight,advancing_past_measured_edge,0,14,42,0.52997911,0.459268639,1,0,1,2.32272601,-1,100,0,0,0,0,0
21.6,1.50361515,-0.0356246563,-0.166968088,0.05,4.19521096e-06,AdvanceRight,advancing_past_measured_edge,0,14,42,0.524884582,0.454334841,1,0,1,2.30846047,-1,100,0,0,0,0,0
21.65,1.50611514,-0.0356319414,-0.166954734,0.05,3.91553023e-06,AdvanceRight,advancing_past_measured_edge,0,14,42,0.524884582,0.454334841,1,0,1,2.30846047,-1,100,0,0,0,0,0
21.7,1.50861513,-0.0356392259,-0.16694227,0.05,3.65449488e-06,AdvanceRight,advancing_past_measured_edge,0,14,42,0.519796729,0.449370117,1,0,1,2.41127205,-1,100,0,0,0,0,0
21.75,1.51111512,-0.0356465098,-0.166930638,0.05,3.41086189e-06,AdvanceRight,advancing_past_measured_edge,0,14,42,0.519796729,0.449370117,1,0,1,2.41127205,-1,100,0,0,0,0,0
21.8,1.51361511,-0.0356537933,-0.166919781,0.05,3.18347109e-06,AdvanceRight,advancing_past_measured_edge,0,14,42,0.514723361,0.444313372,1,0,1,2.38798642,-1,100,0,0,0,0,0
21.85,1.5161151,-0.0356610763,-0.166909647,0.05,2.97123969e-06,AdvanceRight,advancing_past_measured_edge,0,14,42,0.514723361,0.444313372,1,0,1,2.38798642,-1,100,0,0,0,0,0
21.9,1.51861509,-0.0356683589,-0.16690019,0.05,2.77315704e-06,AdvanceRight,advancing_past_measured_edge,0,14,42,0.509632111,0.439268869,1,0,1,2.36470175,-1,100,0,0,0,0,0
21.95,1.52111508,-0.0356756411,-0.166891362,0.05,2.5882799e-06,AdvanceRight,advancing_past_measured_edge,0,14,42,0.509632111,0.439268869,1,0,1,2.36470175,-1,100,0,0,0,0,0
22,1.52361507,-0.0356829229,-0.166883124,0.05,2.41572791e-06,AdvanceRight,advancing_past_measured_edge,0,14,42,0.504554093,0.434239244,1,0,1,2.34141946,-1,100,0,0,0,0,0
22.05,1.52611506,-0.0356902044,-0.166875434,0.05,2.25467938e-06,AdvanceRight,advancing_past_measured_edge,0,14,42,0.504554093,0.434239244,1,0,1,2.34141946,-1,100,0,0,0,0,0
22.1,1.52861505,-0.0356974856,-0.166868257,0.05,2.10436742e-06,AdvanceRight,advancing_past_measured_edge,0,14,42,0.499490738,0.429224676,1,0,1,2.31813979,-1,100,0,0,0,0,0
22.15,1.53111504,-0.0357047664,-0.166861559,0.05,1.96407626e-06,AdvanceRight,advancing_past_measured_edge,0,14,42,0.499490738,0.429224676,1,0,1,2.31813979,-1,100,0,0,0,0,0
22.2,1.53361503,-0.035712047,-0.166855307,0.05,1.83313785e-06,AdvanceRight,advancing_past_measured_edge,0,14,42,0.494442254,0.424225281,1,0,1,2.3322258,-1,100,0,0,0,0,0
22.25,1.53611502,-0.0357193273,-0.166849472,0.05,1.71092866e-06,AdvanceRight,advancing_past_measured_edge,0,14,42,0.494442254,0.424225281,1,0,1,2.3322258,-1,100,0,0,0,0,0
22.3,1.538615,-0.0357266073,-0.166844026,0.05,1.59686675e-06,AdvanceRight,advancing_past_measured_edge,0,14,42,0.489408851,0.419240972,1,0,1,2.41234827,-1,100,0,0,0,0,0
22.35,1.54111499,-0.0357338871,-0.166838943,0.05,1.49040896e-06,AdvanceRight,advancing_past_measured_edge,0,14,42,0.489408851,0.419240972,1,0,1,2.41234827,-1,100,0,0,0,0,0
22.4,1.54361498,-0.0357411667,-0.166834199,0.05,1.39104837e-06,AdvanceRight,advancing_past_measured_edge,0,14,42,0.484390616,0.414271749,1,0,1,2.38788652,-1,100,0,0,0,0,0
22.45,1.54611497,-0.0357484462,-0.166829771,0.05,1.29831181e-06,AdvanceRight,advancing_past_measured_edge,0,14,42,0.484390616,0.414271749,1,0,1,2.38788652,-1,100,0,0,0,0,0
22.5,1.54861496,-0.0357557254,-0.166825638,0.05,1.21175769e-06,AdvanceRight,advancing_past_measured_edge,0,14,42,0.479387671,0.409276763,1,0,1,2.36341047,-1,100,0,0,0,0,0
22.55,1.55111495,-0.0357630044,-0.166821781,0.05,1.13097384e-06,AdvanceRight,advancing_past_measured_edge,0,14,42,0.479387671,0.409276763,1,0,1,2.36341047,-1,100,0,0,0,0,0
22.6,1.55361494,-0.0357702833,-0.166818181,0.05,1.05557559e-06,AdvanceRight,advancing_past_measured_edge,0,14,42,0.474399984,0.404230317,1,0,1,2.33892012,-1,100,0,0,0,0,0
22.65,1.55611493,-0.035777562,-0.166814821,0.05,9.85203879e-07,AdvanceRight,advancing_past_measured_edge,0,14,42,0.474399984,0.404230317,1,0,1,2.33892012,-1,100,0,0,0,0,0
22.7,1.55861492,-0.0357848406,-0.166811685,0.05,9.19523621e-07,AdvanceRight,advancing_past_measured_edge,0,14,42,0.469427526,0.399198542,1,0,1,2.31441569,-1,100,0,0,0,0,0
22.75,1.56111491,-0.0357921191,-0.166808758,0.05,8.58222046e-07,AdvanceRight,advancing_past_measured_edge,0,14,42,0.469427526,0.399198542,1,0,1,2.31441569,-1,100,0,0,0,0,0
22.8,1.5636149,-0.0357993974,-0.166806026,0.05,8.01007243e-07,AdvanceRight,advancing_past_measured_edge,0,14,42,0.464470208,0.394181554,1,0,1,2.35043597,-1,100,0,0,0,0,0
22.85,1.56611489,-0.0358066756,-0.166803477,0.05,7.4760676e-07,AdvanceRight,advancing_past_measured_edge,0,14,42,0.464470208,0.394181554,1,0,1,2.35043597,-1,100,0,0,0,0,0
22.9,1.56861488,-0.0358139538,-0.166801097,0.05,6.97766309e-07,AdvanceRight,advancing_past_measured_edge,0,14,42,0.45952782,0.389179442,1,0,1,2.40726614,-1,100,0,0,0,0,0
22.95,1.57111487,-0.0358212318,-0.166798876,0.05,6.51248555e-07,AdvanceRight,advancing_past_measured_edge,0,14,42,0.45952782,0.389179442,1,0,1,2.40726614,-1,100,0,0,0,0,0
23,1.57361486,-0.0358285097,-0.166796803,0.05,6.07831985e-07,AdvanceRight,advancing_past_measured_edge,0,14,42,0.454600215,0.384192203,1,0,1,2.38153219,-1,100,0,0,0,0,0
23.05,1.57611485,-0.0358357875,-0.166794868,0.05,5.67309853e-07,AdvanceRight,advancing_past_measured_edge,0,14,42,0.454600215,0.384192203,1,0,1,2.38153219,-1,100,0,0,0,0,0
23.1,1.57861484,-0.0358430653,-0.166793062,0.05,5.29489196e-07,AdvanceRight,advancing_past_measured_edge,0,14,42,0.449687034,0.37921984,1,0,1,2.35579181,-1,100,0,0,0,0,0
23.15,1.58111482,-0.0358503429,-0.166791377,0.05,4.94189916e-07,AdvanceRight,advancing_past_measured_edge,0,14,42,0.449687034,0.37921984,1,0,1,2.35579181,-1,100,0,0,0,0,0
23.2,1.58361481,-0.0358576205,-0.166789804,0.05,4.61243922e-07,AdvanceRight,advancing_past_measured_edge,0,14,42,0.444787979,0.374262235,1,0,1,2.33004403,-1,100,0,0,0,0,0
23.25,1.5861148,-0.0358648981,-0.166788336,0.05,4.30494327e-07,AdvanceRight,advancing_past_measured_edge,0,14,42,0.444787979,0.374262235,1,0,1,2.33004403,-1,100,0,0,0,0,0
23.3,1.58861479,-0.0358721756,-0.166786965,0.05,4.01794705e-07,AdvanceRight,advancing_past_measured_edge,0,14,42,0.439902693,0.369297299,1,0,1,2.30428791,-1,100,0,0,0,0,0
23.35,1.59111478,-0.035879453,-0.166785686,0.05,3.75008391e-07,AdvanceRight,advancing_past_measured_edge,0,14,42,0.439902693,0.369297299,1,0,1,2.30428791,-1,100,0,0,0,0,0
23.4,1.59361477,-0.0358867303,-0.166784493,0.05,3.50007832e-07,AdvanceRight,advancing_past_measured_edge,0,14,42,0.435030729,0.364321928,1,0,1,2.36504745,-1,100,0,0,0,0,0
23.45,1.59611476,-0.0358940076,-0.166783379,0.05,3.26673977e-07,AdvanceRight,advancing_past_measured_edge,0,14,42,0.435030729,0.364321928,1,0,1,2.36504745,-1,100,0,0,0,0,0
23.5,1.59861475,-0.0359012849,-0.166782339,0.05,3.04895711e-07,AdvanceRight,advancing_past_measured_edge,0,14,42,0.43004778,0.359359265,1,0,1,2.3997941,-1,100,0,0,0,0,0
23.55,1.60111474,-0.0359085621,-0.166781368,0.05,2.84569331e-07,AdvanceRight,advancing_past_measured_edge,0,14,42,0.43004778,0.359359265,1,0,1,2.3997941,-1,100,0,0,0,0,0
23.6,1.60361473,-0.0359158393,-0.166780462,0.05,2.65598042e-07,AdvanceRight,advancing_past_measured_edge,0,14,42,0.424943507,0.354306168,1,0,1,2.37221622,-1,100,0,0,0,0,0
23.65,1.60611472,-0.0359231164,-0.166779617,0.05,2.47891506e-07,AdvanceRight,advancing_past_measured_edge,0,14,42,0.424943507,0.354306168,1,0,1,2.37221622,-1,100,0,0,0,0,0
23.7,1.60861471,-0.0359303936,-0.166778828,0.05,2.31365405e-07,AdvanceRight,advancing_past_measured_edge,0,14,42,0.419853359,0.349267803,1,0,1,2.34465027,-1,100,0,0,0,0,0
23.75,1.6111147,-0.0359376706,-0.166778092,0.05,2.15941045e-07,AdvanceRight,advancing_past_measured_edge,0,14,42,0.419853359,0.349267803,1,0,1,2.34465027,-1,100,0,0,0,0,0
23.8,1.61361469,-0.0359449477,-0.166777404,0.05,2.01544975e-07,AdvanceRight,advancing_past_measured_edge,0,14,42,0.414777666,0.344244347,1,0,1,2.31709552,-1,100,0,0,0,0,0
23.85,1.61611468,-0.0359522247,-0.166776763,0.05,1.88108644e-07,AdvanceRight,advancing_past_measured_edge,0,14,42,0.414777666,0.344244347,1,0,1,2.31709552,-1,100,0,0,0,0,0
23.9,1.61861467,-0.0359595017,-0.166776164,0.05,1.75568067e-07,AdvanceRight,advancing_past_measured_edge,0,14,42,0.409716725,0.339235887,1,0,1,2.30926943,-1,100,0,0,0,0,0
23.95,1.62111465,-0.0359667786,-0.166775605,0.05,1.6386353e-07,AdvanceRight,advancing_past_measured_edge,0,14,42,0.409716725,0.339235887,1,0,1,2.30926943,-1,100,0,0,0,0,0
24,1.62361464,-0.0359740556,-0.166775083,0.05,1.52939294e-07,AdvanceRight,advancing_past_measured_edge,0,14,42,0.404670715,0.334242454,1,0,1,2.37127423,-1,100,0,0,0,0,0
24.05,1.62611463,-0.0359813325,-0.166774597,0.05,1.42743341e-07,AdvanceRight,advancing_past_measured_edge,0,14,42,0.404670715,0.334242454,1,0,1,2.37127423,-1,100,0,0,0,0,0
24.1,1.62861462,-0.0359886094,-0.166774142,0.05,1.33227119e-07,AdvanceRight,advancing_past_measured_edge,0,14,42,0.399639845,0.329264076,1,0,1,2.39754438,-1,100,0,0,0,0,0
24.15,1.63111461,-0.0359958862,-0.166773718,0.05,1.24345311e-07,AdvanceRight,advancing_past_measured_edge,0,14,42,0.399639845,0.329264076,1,0,1,2.39754438,-1,100,0,0,0,0,0
24.2,1.6336146,-0.0360031631,-0.166773322,0.05,1.16055623e-07,AdvanceRight,advancing_past_measured_edge,0,14,42,0.394624174,0.324300636,1,0,1,2.36762667,-1,100,0,0,0,0,0
24.25,1.63611459,-0.0360104399,-0.166772953,0.05,1.08318582e-07,AdvanceRight,advancing_past_measured_edge,0,14,42,0.394624174,0.324300636,1,0,1,2.36762667,-1,100,0,0,0,0,0
24.3,1.63861458,-0.0360177168,-0.166772608,0.05,1.01097343e-07,AdvanceRight,advancing_past_measured_edge,0,14,42,0.389623791,0.31930682,1,0,1,2.33772063,-1,100,0,0,0,0,0
24.35,1.64111457,-0.0360249936,-0.166772286,0.05,9.43575201e-08,AdvanceRight,advancing_past_measured_edge,0,14,42,0.389623791,0.31930682,1,0,1,2.33772063,-1,100,0,0,0,0,0
24.4,1.64361456,-0.0360322704,-0.166771986,0.05,8.80670188e-08,AdvanceRight,advancing_past_measured_edge,0,14,42,0.384638667,0.314266661,1,0,1,2.30782723,-1,100,0,0,0,0,0
24.45,1.64611455,-0.0360395472,-0.166771706,0.05,8.21958842e-08,AdvanceRight,advancing_past_measured_edge,0,14,42,0.384638667,0.314266661,1,0,1,2.30782723,-1,100,0,0,0,0,0
24.5,1.64861454,-0.0360468239,-0.166771444,0.05,7.67161586e-08,AdvanceRight,advancing_past_measured_edge,0,14,42,0.379668742,0.309241066,1,0,1,2.31809974,-1,100,0,0,0,0,0
24.55,1.65111453,-0.0360541007,-0.1667712,0.05,7.1601748e-08,AdvanceRight,advancing_past_measured_edge,0,14,42,0.379668742,0.309241066,1,0,1,2.31809974,-1,100,0,0,0,0,0
24.6,1.65361452,-0.0360613774,-0.166770972,0.05,6.68282982e-08,AdvanceRight,advancing_past_measured_edge,0,14,42,0.374713898,0.304230151,1,0,1,2.37185788,-1,100,0,0,0,0,0
24.65,1.65611451,-0.0360686542,-0.166770759,0.05,6.23730783e-08,AdvanceRight,advancing_past_measured_edge,0,14,42,0.374713898,0.304230151,1,0,1,2.37185788,-1,100,0,0,0,0,0
24.7,1.6586145,-0.0360759309,-0.166770561,0.05,5.82148731e-08,AdvanceRight,advancing_past_measured_edge,0,14,42,0.369770408,0.299234001,1,0,1,2.39989233,-1,100,0,0,0,0,0
24.75,1.66111449,-0.0360832076,-0.166770375,0,0,TurnRight,right_pivot_ready,0,14,42,0.369770408,0.299234001,1,0,1,2.39989233,-1,100,0,0,0,0,0
24.8,1.66257281,-0.0360874524,-0.166770267,0,-0.6,TurnRight,turning_right_with_feedback,0,14,42,0.365772426,0.295290295,1,0,1,2.37429023,-1,100,0,0,0,0,0
24.85,1.66342347,-0.0360952452,-0.882967448,0,-0.6,TurnRight,turning_right_with_feedback,0,14,42,0.365772426,0.295290295,1,0,1,2.37429023,-1,100,0,0,0,0,0
24.9,1.66391955,-0.036107802,-2.01694638,0,-0.6,TurnRight,turning_right_with_feedback,0,14,42,0.364332169,0.290999929,1,0,1,2.3061049,-1,100,0,0,0,0,0
24.95,1.6642087,-0.0361214672,-3.39463134,0,-0.6,TurnRight,turning_right_with_feedback,0,14,42,0.364332169,0.290999929,1,0,1,2.3061049,-1,100,0,0,0,0,0
25,1.66437712,-0.0361337005,-4.91447814,0,-0.6,TurnRight,turning_right_with_feedback,0,14,42,0.36379382,0.28670821,1,0,1,2.29660869,-1,100,0,0,0,0,0
25.05,1.66447513,-0.0361435108,-6.51725268,0,-0.6,TurnRight,turning_right_with_feedback,0,14,42,0.36379382,0.28670821,1,0,1,2.29660869,-1,100,0,0,0,0,0
25.1,1.66453211,-0.0361508544,-8.16840174,0,-0.6,TurnRight,turning_right_with_feedback,0,14,42,0.363203704,0.281804643,1,0,1,1.75624955,-1,100,0,0,0,0,0
25.15,1.66456522,-0.0361561024,-9.84776927,0,-0.6,TurnRight,turning_right_with_feedback,0,14,42,0.363203704,0.281804643,1,0,1,1.75624955,-1,100,0,0,0,0,0
25.2,1.66458443,-0.0361597311,-11.5435976,0,-0.6,TurnRight,turning_right_with_feedback,0,14,42,0.363228291,0.278556044,1,0,1,1.22448659,-1,100,0,0,0,0,0
25.25,1.66459557,-0.0361621795,-13.249028,0,-0.6,TurnRight,turning_right_with_feedback,0,14,42,0.363228291,0.278556044,1,0,1,1.22448659,-1,100,0,0,0,0,0
25.3,1.66460202,-0.0361638008,-14.9600597,0,-0.6,TurnRight,turning_right_with_feedback,0,14,42,0.362382203,0.276473815,1,0,1,0.941136479,-1,100,0,0,0,0,0
25.35,1.66460576,-0.0361648586,-16.6743587,0,-0.6,TurnRight,turning_right_with_feedback,0,14,42,0.362382203,0.276473815,1,0,1,0.941136479,-1,100,0,0,0,0,0
25.4,1.66460792,-0.0361655406,-18.3905637,0,-0.6,TurnRight,turning_right_with_feedback,0,14,42,0.362030685,0.275549165,1,0,1,0.767022789,-1,100,0,0,0,0,0
25.45,1.66460916,-0.036165976,-20.1078806,0,-0.6,TurnRight,turning_right_with_feedback,0,14,42,0.362030685,0.275549165,1,0,1,0.767022789,-1,100,0,0,0,0,0
25.5,1.66460988,-0.0361662517,-21.825846,0,-0.6,TurnRight,turning_right_with_feedback,0,14,42,0.361379027,0.275775513,1,0,1,0.650027215,-1,100,0,0,0,0,0
25.55,1.6646103,-0.036166425,-23.5441897,0,-0.6,TurnRight,turning_right_with_feedback,0,14,42,0.361379027,0.275775513,1,0,1,0.650027215,-1,100,0,0,0,0,0
25.6,1.66461054,-0.0361665333,-25.2627541,0,-0.6,TurnRight,turning_right_with_feedback,0,14,42,0.36071986,0.277162758,1,1,1,0.566514552,-1,100,0,0,0,0,0
25.65,1.66461067,-0.0361666006,-26.9814473,0,-0.6,TurnRight,turning_right_with_feedback,0,14,42,0.36071986,0.277162758,1,1,1,0.566514552,-1,100,0,0,0,0,0
25.7,1.66461075,-0.0361666423,-28.7002155,0,-0.6,TurnRight,turning_right_with_feedback,0,14,42,0.359492272,0.279741416,1,0,1,0.504288137,-1,100,0,0,0,0,0
25.75,1.6646108,-0.0361666679,-30.4190276,0,-0.6,TurnRight,turning_right_with_feedback,0,14,42,0.359492272,0.279741416,1,0,1,0.504288137,-1,100,0,0,0,0,0
25.8,1.66461082,-0.0361666837,-32.1378652,0,-0.6,TurnRight,turning_right_with_feedback,0,14,42,0.358895451,0.285861411,1,0,1,0.456438571,-1,100,0,0,0,0,0
25.85,1.66461084,-0.0361666933,-33.8567177,0,-0.6,TurnRight,turning_right_with_feedback,0,14,42,0.358895451,0.285861411,1,0,1,0.456438571,-1,100,0,0,0,0,0
25.9,1.66461085,-0.0361666992,-35.5755789,0,-0.6,TurnRight,turning_right_with_feedback,0,14,42,0.358151525,0.291242278,1,0,1,0.427247971,-1,100,0,0,0,0,0
25.95,1.66461085,-0.0361667028,-37.2944452,0,-0.6,TurnRight,turning_right_with_feedback,0,14,42,0.358151525,0.291242278,1,0,1,0.427247971,-1,100,0,0,0,0,0
26,1.66461085,-0.036166705,-39.0133144,0,-0.6,TurnRight,turning_right_with_feedback,0,14,42,0.358618528,0.298087657,1,0,1,0.435171604,-1,100,0,0,0,0,0
26.05,1.66461086,-0.0361667063,-40.7321854,0,-0.6,TurnRight,turning_right_with_feedback,0,14,42,0.358618528,0.298087657,1,0,1,0.435171604,-1,100,0,0,0,0,0
26.1,1.66461086,-0.0361667071,-42.4510574,0,-0.6,TurnRight,turning_right_with_feedback,0,14,42,0.360316932,0.316940786,1,0,1,0.438072652,-1,100,0,0,0,0,0
26.15,1.66461086,-0.0361667075,-44.1699299,0,-0.6,TurnRight,turning_right_with_feedback,0,14,42,0.360316932,0.316940786,1,0,1,0.438072652,-1,100,0,0,0,0,0
26.2,1.66461086,-0.0361667078,-45.8888028,0,-0.6,TurnRight,turning_right_with_feedback,0,14,42,0.363290131,0.328749454,1,0,1,0.432913184,-1,100,0,0,0,0,0
26.25,1.66461086,-0.036166708,-47.6076759,0,-0.6,TurnRight,turning_right_with_feedback,0,14,42,0.363290131,0.328749454,1,0,1,0.432913184,-1,100,0,0,0,0,0
26.3,1.66461086,-0.0361667081,-49.3265492,0,-0.6,TurnRight,turning_right_with_feedback,0,14,42,0.367606789,0.342847967,1,0,1,0.44099018,-1,100,0,0,0,0,0
26.35,1.66461086,-0.0361667082,-51.0454225,0,-0.6,TurnRight,turning_right_with_feedback,0,14,42,0.367606789,0.342847967,1,0,1,0.44099018,-1,100,0,0,0,0,0
26.4,1.66461086,-0.0361667082,-52.7642958,0,-0.6,TurnRight,turning_right_with_feedback,0,14,42,0.373364031,0.368102268,1,0,1,0.477477342,-1,100,0,0,0,0,0
26.45,1.66461086,-0.0361667082,-54.4831691,0,-0.6,TurnRight,turning_right_with_feedback,0,14,42,0.373364031,0.368102268,1,0,1,0.477477342,-1,100,0,0,0,0,0
26.5,1.66461086,-0.0361667082,-56.2020425,0,-0.6,TurnRight,turning_right_with_feedback,0,14,42,0.380692542,0.400269371,1,0,1,0.521978617,-1,100,0,0,0,0,0
26.55,1.66461086,-0.0361667082,-57.9209159,0,-0.6,TurnRight,turning_right_with_feedback,0,14,42,0.380692542,0.400269371,1,0,1,0.521978617,-1,100,0,0,0,0,0
26.6,1.66461086,-0.0361667083,-59.6397893,0,-0.6,TurnRight,turning_right_with_feedback,0,14,42,0.389763474,0.434623426,1,0,1,0.577199161,-1,100,0,0,0,0,0
26.65,1.66461086,-0.0361667083,-61.3586626,0,-0.6,TurnRight,turning_right_with_feedback,0,14,42,0.389763474,0.434623426,1,0,1,0.577199161,-1,100,0,0,0,0,0
26.7,1.66461086,-0.0361667083,-63.077536,0,-0.567355543,TurnRight,turning_right_with_feedback,0,14,42,0.40079841,0.483828841,1,0,1,0.647240102,-1,100,0,0,0,0,0
26.75,1.66461086,-0.0361667083,-64.757443,0,-0.532171655,TurnRight,turning_right_with_feedback,0,14,42,0.40079841,0.483828841,1,0,1,0.647240102,-1,100,0,0,0,0,0
26.8,1.66461086,-0.0361667083,-66.3726218,0,-0.498343428,TurnRight,turning_right_with_feedback,0,14,42,0.413481742,0.546391429,1,0,1,0.734291136,-1,100,0,0,0,0,0
26.85,1.66461086,-0.0361667083,-67.9096631,0,-0.466151711,TurnRight,turning_right_with_feedback,0,14,42,0.413481742,0.546391429,1,0,1,0.734291136,-1,100,0,0,0,0,0
26.9,1.66461086,-0.0361667083,-69.3626981,0,-0.435719416,TurnRight,turning_right_with_feedback,0,14,42,0.426659942,0.612745632,1,0,1,0.838152409,-1,100,0,0,0,0,0
26.95,1.66461086,-0.0361667083,-70.7304037,0,-0.407074258,TurnRight,turning_right_with_feedback,0,14,42,0.426659942,0.612745632,1,0,1,0.838152409,-1,100,0,0,0,0,0
27,1.66461086,-0.0361667083,-72.014141,0,-0.380187727,TurnRight,turning_right_with_feedback,0,14,42,0.440126002,0.715865916,1,0,1,0.959961414,-1,100,0,0,0,0,0
27.05,1.66461086,-0.0361667083,-73.2168034,0,-0.354999224,TurnRight,turning_right_with_feedback,0,14,42,0.440126002,0.715865916,1,0,1,0.959961414,-1,100,0,0,0,0,0
27.1,1.66461086,-0.0361667083,-74.3421056,0,-0.331430949,TurnRight,turning_right_with_feedback,0,14,42,0.452994436,0.806517359,1,0,1,1.10177565,-1,100,0,0,0,0,0
27.15,1.66461086,-0.0361667083,-75.3941485,0,-0.309397016,TurnRight,turning_right_with_feedback,0,14,42,0.452994436,0.806517359,1,0,1,1.10177565,-1,100,0,0,0,0,0
27.2,1.66461086,-0.0361667083,-76.3771556,0,-0.288808962,TurnRight,turning_right_with_feedback,0,14,42,0.465591967,0.922641533,1,0,1,1.26637769,-1,100,0,0,0,0,0
27.25,1.66461086,-0.0361667083,-77.2953167,0,-0.269579041,TurnRight,turning_right_with_feedback,0,14,42,0.465591967,0.922641533,1,0,1,1.26637769,-1,100,0,0,0,0,0
27.3,1.66461086,-0.0361667083,-78.152697,0,-0.25162211,TurnRight,turning_right_with_feedback,0,14,42,0.47773689,1.06094389,1,0,1,1.45723391,-1,100,0,0,0,0,0
27.35,1.66461086,-0.0361667083,-78.9531873,0,-0.234856681,TurnRight,turning_right_with_feedback,0,14,42,0.47773689,1.06094389,1,0,1,1.45723391,-1,100,0,0,0,0,0
27.4,1.66461086,-0.0361667083,-79.7004794,0,-0.219205431,TurnRight,turning_right_with_feedback,0,14,42,0.489299774,1.21647657,1,0,1,1.67853749,-1,100,0,0,0,0,0
27.45,1.66461086,-0.0361667083,-80.3980571,0,-0.204595399,TurnRight,turning_right_with_feedback,0,14,42,0.489299774,1.21647657,1,0,1,1.67853749,-1,100,0,0,0,0,0
27.5,1.66461086,-0.0361667083,-81.0491951,0,-0.190957995,TurnRight,turning_right_with_feedback,0,14,42,0.500192106,1.40755768,1,0,1,1.93531168,-1,100,0,0,0,0,0
27.55,1.66461086,-0.0361667083,-81.656965,0,-0.178228893,TurnRight,turning_right_with_feedback,0,14,42,0.500192106,1.40755768,1,0,1,1.93531168,-1,100,0,0,0,0,0
27.6,1.66461086,-0.0361667083,-82.2242425,0,-0.166347861,TurnRight,turning_right_with_feedback,0,14,42,0.510358572,1.65380222,1,0,1,2.23356414,-1,100,0,0,0,0,0
27.65,1.66461086,-0.0361667083,-82.7537175,0,-0.155258563,TurnRight,turning_right_with_feedback,0,14,42,0.510358572,1.65380222,1,0,1,2.23356414,-1,100,0,0,0,0,0
27.7,1.66461086,-0.0361667083,-83.2479041,0,-0.144908342,TurnRight,turning_right_with_feedback,0,14,42,0.51977098,1.96138976,1,0,1,2.33377624,-1,100,0,0,0,0,0
27.75,1.66461086,-0.0361667083,-83.7091513,0,-0.135248004,TurnRight,turning_right_with_feedback,0,14,42,0.51977098,1.96138976,1,0,1,2.33377624,-1,100,0,0,0,0,0
27.8,1.66461086,-0.0361667083,-84.1396525,0,-0.126231607,TurnRight,turning_right_with_feedback,0,14,42,0.528422892,2.163625,1,0,1,2.38841987,-1,100,0,0,0,0,0
27.85,1.66461086,-0.0361667083,-84.5414561,0,-0.117816252,TurnRight,turning_right_with_feedback,0,14,42,0.528422892,2.163625,1,0,1,2.38841987,-1,100,0,0,0,0,0
27.9,1.66461086,-0.0361667083,-84.9164744,0,-0.109961888,TurnRight,turning_right_with_feedback,0,14,42,0.536325097,2.61280966,1,0,1,2.4047246,-1,100,0,0,0,0,0
27.95,1.66461086,-0.0361667083,-85.2664923,0,-0.102631129,TurnRight,turning_right_with_feedback,0,14,42,0.536325097,2.61280966,1,0,1,2.4047246,-1,100,0,0,0,0,0
28,1.66461086,-0.0361667083,-85.5931764,0,-0.0957890744,TurnRight,turning_right_with_feedback,0,14,42,0.527107954,2.88542549,1,0,1,2.3965826,-1,100,0,0,0,0,0
28.05,1.66461086,-0.0361667083,-85.8980818,0,-0.0894031492,TurnRight,turning_right_with_feedback,0,14,42,0.527107954,2.88542549,1,0,1,2.3965826,-1,100,0,0,0,0,0
28.1,1.66461086,-0.0361667083,-86.1826605,0,-0.0834429473,TurnRight,turning_right_with_feedback,0,14,42,0.518508136,3.61564475,1,0,1,2.35801816,-1,100,0,0,0,0,0
28.15,1.66461086,-0.0361667083,-86.4482674,0,-0.0778800893,TurnRight,turning_right_with_feedback,0,14,42,0.518508136,3.61564475,1,0,1,2.35801816,-1,100,0,0,0,0,0
28.2,1.66461086,-0.0361667083,-86.6961673,0,-0.0726880865,TurnRight,turning_right_with_feedback,0,14,42,0.511291981,4.01104773,1,0,1,2.2932353,-1,100,0,0,0,0,0
28.25,1.66461086,-0.0361667083,-86.9275406,0,-0.0678422161,TurnRight,turning_right_with_feedback,0,14,42,0.511291981,4.01104773,1,0,1,2.2932353,-1,100,0,0,0,0,0
28.3,1.66461086,-0.0361667083,-87.143489,0,-0.0633194029,TurnRight,turning_right_with_feedback,0,14,42,0.505202234,4.4327725,1,0,1,2.38233495,-1,100,0,0,0,0,0
28.35,1.66461086,-0.0361667083,-87.3450409,0,0,FindWall,right_heading_reached,0,14,42,0.505202234,4.4327725,1,0,1,2.38233495,-1,100,0,0,0,0,0
28.4,1.66461086,-0.0361667083,-87.4626128,0.05,-0.0566356894,FindWall,finding_near_right_wall,0,14,42,0.500951648,5.86797226,1,0,1,2.30353665,-1,100,0,0,0,0,0
28.45,1.66465574,-0.0372074077,-87.5988003,0.05,-0.053783385,FindWall,finding_near_right_wall,0,14,42,0.500951648,5.86797226,1,0,1,2.30353665,-1,100,0,0,0,0,0
28.5,1.66472277,-0.0388553504,-87.7424422,0.05,-0.0507749562,FindWall,finding_near_right_wall,0,14,42,0.497623742,7.92822201,1,0,1,2.37231421,-1,100,0,0,0,0,0
28.55,1.66479918,-0.0408576546,-87.8868414,0.05,-0.0477506655,FindWall,finding_near_right_wall,0,14,42,0.497623742,7.92822201,1,0,1,2.37231421,-1,100,0,0,0,0,0
28.6,1.66487797,-0.0430667777,-88.0280725,0.05,-0.0447927292,FindWall,finding_near_right_wall,0,14,42,0.494436264,7.92314314,1,0,1,2.38302445,-1,100,0,0,0,0,0
28.65,1.66495542,-0.0453966318,-88.1639247,0.05,-0.0419474482,FindWall,finding_near_right_wall,0,14,42,0.494436264,7.92314314,1,0,1,2.38302445,-1,100,0,0,0,0,0
28.7,1.66502965,-0.0477969831,-88.2932428,0.05,-0.0392390147,FindWall,finding_near_right_wall,0,14,42,0.49157843,7.91780679,1,0,1,2.33737087,-1,100,0,0,0,0,0
28.75,1.6650998,-0.0502385168,-88.4155166,0.05,-0.0366781198,FindWall,finding_near_right_wall,0,14,42,0.49157843,7.91780679,1,0,1,2.33737087,-1,100,0,0,0,0,0
28.8,1.66516552,-0.0527041232,-88.5306242,0.05,-0.0342673115,FindWall,finding_near_right_wall,0,14,42,0.489085764,7.91251431,1,0,1,2.30393434,-1,100,0,0,0,0,0
28.85,1.66522679,-0.0551838145,-88.6386739,0.05,-0.0320043238,FindWall,finding_near_right_wall,0,14,42,0.489085764,7.91251431,1,0,1,2.30393434,-1,100,0,0,0,0,0
28.9,1.66528371,-0.057671758,-88.7399052,0.05,-0.0298841396,FindWall,finding_near_right_wall,0,14,42,0.486936808,7.90733007,1,0,1,2.31714344,-1,100,0,0,0,0,0
28.95,1.66533648,-0.0601645464,-88.8346284,0.05,-0.027900262,FindWall,finding_near_right_wall,0,14,42,0.486936808,7.90733007,1,0,1,2.31714344,-1,100,0,0,0,0,0
29,1.66538532,-0.0626601876,-88.9231871,0.05,-0.0260454935,FindWall,finding_near_right_wall,0,14,42,0.485092849,7.90174835,1,0,1,2.3375175,-1,100,0,0,0,0,0
29.05,1.66543046,-0.0651575158,-89.0059358,0.05,-0.0243124079,FindWall,finding_near_right_wall,0,14,42,0.485092849,7.90174835,1,0,1,2.3375175,-1,100,0,0,0,0,0
29.1,1.66547212,-0.0676558478,-89.0832267,0.05,-0.022693631,FindWall,finding_near_right_wall,0,14,42,0.483513087,7.89618223,1,0,1,2.35056472,-1,100,0,0,0,0,0
29.15,1.66551054,-0.0701547823,-89.1554016,0.05,-0.0211820038,FindWall,finding_near_right_wall,0,14,42,0.483513087,7.89618223,1,0,1,2.35056472,-1,100,0,0,0,0,0
29.2,1.66554591,-0.0726540826,-89.2227878,0.05,-0.0197706711,FindWall,finding_near_right_wall,0,14,42,0.482159883,7.89071196,1,0,1,2.35664678,-1,100,0,0,0,0,0
29.25,1.66557845,-0.0751536087,-89.2856959,0.05,-0.018453127,FindWall,finding_near_right_wall,0,14,42,0.482159883,7.89071196,1,0,1,2.35664678,-1,100,0,0,0,0,0
29.3,1.66560833,-0.0776532771,-89.3444191,0.05,-0.0172232314,FindWall,finding_near_right_wall,0,14,42,0.481000125,7.88531416,1,0,1,2.35620809,-1,100,0,0,0,0,0
29.35,1.66563574,-0.0801530377,-89.399233,0.05,-0.0160752115,FindWall,finding_near_right_wall,0,14,42,0.481000125,7.88531416,1,0,1,2.35620809,-1,100,0,0,0,0,0
29.4,1.66566083,-0.0826528597,-89.4503961,0.05,-0.0150036529,FindWall,finding_near_right_wall,0,14,42,0.480005383,7.87997072,1,0,1,2.34973693,-1,100,0,0,0,0,0
29.45,1.66568377,-0.0851527241,-89.4981506,0.05,-0.0140034858,FindWall,finding_near_right_wall,0,14,42,0.480005383,7.87997072,1,0,1,2.34973693,-1,100,0,0,0,0,0
29.5,1.6657047,-0.0876526188,-89.5427228,0.05,-0.0130699678,FindWall,finding_near_right_wall,0,14,42,0.479151279,7.87466877,1,0,1,2.33773994,-1,100,0,0,0,0,0
29.55,1.66572374,-0.090152536,-89.5843244,0.05,-0.0121986665,FindWall,finding_near_right_wall,0,14,42,0.479151279,7.87466877,1,0,1,2.33773994,-1,100,0,0,0,0,0
29.6,1.66574103,-0.0926524701,-89.623153,0.05,-0.0113854407,FindWall,finding_near_right_wall,0,14,42,0.478417009,7.86939734,1,0,1,2.32072449,-1,100,0,0,0,0,0
29.65,1.66575668,-0.0951524176,-89.6593935,0.05,-0.010626423,FindWall,finding_near_right_wall,0,14,42,0.478417009,7.86939734,1,0,1,2.32072449,-1,100,0,0,0,0,0
29.7,1.66577081,-0.0976523757,-89.6932181,0.05,-0.00991800204,FindWall,finding_near_right_wall,0,14,42,0.477784753,7.86414879,1,0,1,2.29918456,-1,100,0,0,0,0,0
29.75,1.6657835,-0.100152342,-89.7247878,0.05,-0.00925680646,FindWall,finding_near_right_wall,0,14,42,0.477784753,7.86414879,1,0,1,2.29918456,-1,100,0,0,0,0,0
29.8,1.66579487,-0.102652316,-89.754253,0.05,-0.00863968887,FindWall,finding_near_right_wall,0,14,42,0.477239311,7.85891836,1,0,1,2.31299686,-1,100,0,0,0,0,0
29.85,1.66580499,-0.105152295,-89.7817539,0.05,-0.00806371139,FindWall,finding_near_right_wall,0,14,42,0.477239311,7.85891836,1,0,1,2.31299686,-1,100,0,0,0,0,0
29.9,1.66581396,-0.107652279,-89.8074215,0.05,-0.00752613174,FindWall,finding_near_right_wall,0,14,42,0.47676754,7.85370081,1,0,1,2.33087659,-1,100,0,0,0,0,0
29.95,1.66582184,-0.110152266,-89.8313778,0.05,-0.00702439032,FindWall,finding_near_right_wall,0,14,42,0.47676754,7.85370081,1,0,1,2.33087659,-1,100,0,0,0,0,0
30,1.66582871,-0.112652256,-89.8537372,0.05,-0.00655609807,FindWall,finding_near_right_wall,0,14,42,0.476358235,7.84849422,1,0,1,2.35025334,-1,100,0,0,0,0,0
30.05,1.66583463,-0.115152249,-89.8746059,0.05,-0.00611902514,FindWall,finding_near_right_wall,0,14,42,0.476358235,7.84849422,1,0,1,2.35025334,-1,100,0,0,0,0,0
30.1,1.66583968,-0.117652244,-89.8940833,0.05,-0.0057110903,FindWall,finding_near_right_wall,0,14,42,0.47600165,7.84329622,1,0,1,2.37092543,-1,100,0,0,0,0,0
30.15,1.6658439,-0.120152241,-89.9122623,0.05,-0.00533035105,FindWall,finding_near_right_wall,0,14,42,0.47600165,7.84329622,1,0,1,2.37092543,-1,100,0,0,0,0,0
30.2,1.66584736,-0.122652238,-89.9292293,0.05,-0.00497499438,FindWall,finding_near_right_wall,0,14,42,0.47568953,7.83810537,1,0,1,2.39272118,-1,100,0,0,0,0,0
30.25,1.6658501,-0.125152237,-89.9450652,0.05,-0.00464332813,FindWall,finding_near_right_wall,0,14,42,0.47568953,7.83810537,1,0,1,2.39272118,-1,100,0,0,0,0,0
30.3,1.66585218,-0.127652236,-89.9598454,0.05,-0.00433377295,FindWall,finding_near_right_wall,0,14,42,0.475414574,7.83292072,1,0,1,2.40250564,-1,100,0,0,0,0,0
30.35,1.66585363,-0.130152235,-89.9736402,0.05,-0.00404485477,FindWall,finding_near_right_wall,0,14,42,0.475414574,7.83292072,1,0,1,2.40250564,-1,100,0,0,0,0,0
30.4,1.6658545,-0.132652235,-89.9865154,0.05,-0.00377519779,FindWall,finding_near_right_wall,0,14,42,0.475170612,7.82774132,1,0,1,2.35654187,-1,100,0,0,0,0,0
30.45,1.66585483,-0.135152235,-89.9985322,0.05,-0.00352351794,FindWall,finding_near_right_wall,0,14,42,0.475170612,7.82774132,1,0,1,2.35654187,-1,100,0,0,0,0,0
30.5,1.66585464,-0.137652235,-90.0097479,0.05,-0.00328861675,FindWall,finding_near_right_wall,0,14,42,0.474952251,7.82256716,1,0,1,2.30843401,-1,100,0,0,0,0,0
30.55,1.66585399,-0.140152235,-90.0202159,0.05,-0.00306937564,FindWall,finding_near_right_wall,0,14,42,0.474952251,7.82256716,1,0,1,2.30843401,-1,100,0,0,0,0,0
30.6,1.6658529,-0.142652235,-90.029986,0.05,-0.0028647506,FindWall,finding_near_right_wall,0,14,42,0.47475484,7.81739824,1,0,1,2.31067157,-1,100,0,0,0,0,0
30.65,1.66585139,-0.145152234,-90.0391048,0.05,-0.00267376722,FindWall,finding_near_right_wall,0,14,42,0.47475484,7.81739824,1,0,1,2.31067157,-1,100,0,0,0,0,0
30.7,1.6658495,-0.147652234,-90.0476157,0.05,-0.00249551608,FindWall,finding_near_right_wall,0,14,42,0.474574357,7.81223457,1,0,1,2.33467484,-1,100,0,0,0,0,0
30.75,1.66584725,-0.150152233,-90.0555591,0.05,-0.00232914834,FindWall,finding_near_right_wall,0,14,42,0.474574357,7.81223457,1,0,1,2.33467484,-1,100,0,0,0,0,0
30.8,1.66584466,-0.152652231,-90.062973,0.05,-0.00217387178,FindWall,finding_near_right_wall,0,14,42,0.474407375,7.80707615,1,0,1,2.35911822,-1,100,0,0,0,0,0
30.85,1.66584176,-0.15515223,-90.0698927,0.05,-0.002028947,FindWall,finding_near_right_wall,0,14,42,0.474407375,7.80707615,1,0,1,2.35911822,-1,100,0,0,0,0,0
30.9,1.66583857,-0.157652228,-90.076351,0.05,-0.00189368386,FindWall,finding_near_right_wall,0,14,42,0.474250823,7.80192297,1,0,1,2.38394833,-1,100,0,0,0,0,0
30.95,1.66583511,-0.160152225,-90.0823788,0.05,-0.00176743827,FindWall,finding_near_right_wall,0,14,42,0.474250823,7.80192297,1,0,1,2.38394833,-1,100,0,0,0,0,0
31,1.66583139,-0.162652223,-90.0880048,0.05,-0.00164960906,FindWall,finding_near_right_wall,0,14,42,0.474102199,7.79677551,1,0,1,2.40911961,-1,100,0,0,0,0,0
31.05,1.66582744,-0.165152219,-90.0932556,0.05,-0.00153963512,FindWall,finding_near_right_wall,0,14,42,0.474102199,7.79677551,1,0,1,2.40911961,-1,100,0,0,0,0,0
31.1,1.66582326,-0.167652216,-90.0981564,0.05,-0.00143699278,FindWall,finding_near_right_wall,0,14,42,0.473959237,7.79163378,1,0,1,2.34840751,-1,100,0,0,0,0,0
31.15,1.66581888,-0.170152212,-90.1027305,0.05,-0.00134119326,FindWall,finding_near_right_wall,0,14,42,0.473959237,7.79163378,1,0,1,2.34840751,-1,100,0,0,0,0,0
31.2,1.6658143,-0.172652208,-90.1069997,0.05,-0.00125178037,FindWall,finding_near_right_wall,0,14,42,0.473820031,7.78649824,1,0,1,2.30252504,-1,100,0,0,0,0,0
31.25,1.66580955,-0.175152203,-90.1109842,0.05,-0.00116832835,FindWall,finding_near_right_wall,0,14,42,0.473820031,7.78649824,1,0,1,2.30252504,-1,100,0,0,0,0,0
31.3,1.66580462,-0.177652199,-90.1147031,0.05,-0.00109043979,FindWall,finding_near_right_wall,0,14,42,0.473683,7.78136938,1,0,1,2.32722688,-1,100,0,0,0,0,0
31.35,1.66579954,-0.180152193,-90.1181741,0.05,-0.00101774381,FindWall,finding_near_right_wall,0,14,42,0.473683,7.78136938,1,0,1,2.32722688,-1,100,0,0,0,0,0
31.4,1.66579431,-0.182652188,-90.1214137,0.05,-0.00094989422,FindWall,finding_near_right_wall,0,14,42,0.473546714,7.7762472,1,0,1,2.35210919,-1,100,0,0,0,0,0
31.45,1.66578895,-0.185152182,-90.1244373,0.05,-0.000886567939,FindWall,finding_near_right_wall,0,14,42,0.473546714,7.7762472,1,0,1,2.35210919,-1,100,0,0,0,0,0
31.5,1.66578346,-0.187652176,-90.1272593,0.05,-0.000827463409,FindWall,finding_near_right_wall,0,14,42,0.47341001,7.77113216,1,0,1,2.37715077,-1,100,0,0,0,0,0
31.55,1.66577785,-0.19015217,-90.1298932,0.05,-0.000772299182,FindWall,finding_near_right_wall,0,14,42,0.47341001,7.77113216,1,0,1,2.37715077,-1,100,0,0,0,0,0
31.6,1.66577213,-0.192652163,-90.1323515,0.05,-0.00072081257,FindWall,finding_near_right_wall,0,14,42,0.473271936,7.76602428,1,0,1,2.40233302,-1,100,0,0,0,0,0
31.65,1.6657663,-0.195152156,-90.1346459,0.05,-0.000672758399,FindWall,finding_near_right_wall,0,14,42,0.473271936,7.76602428,1,0,1,2.40233302,-1,100,0,0,0,0,0
31.7,1.66576038,-0.197652149,-90.1367874,0.05,-0.000627907839,FindWall,finding_near_right_wall,0,14,42,0.473131627,7.76092403,1,0,1,2.36226225,-1,100,0,0,0,0,0
31.75,1.66575437,-0.200152142,-90.1387861,0.05,-0.000586047316,FindWall,finding_near_right_wall,0,14,42,0.473131627,7.76092403,1,0,1,2.36226225,-1,100,0,0,0,0,0
31.8,1.66574827,-0.202652135,-90.1406515,0.05,-0.000546977495,FindWall,finding_near_right_wall,0,14,42,0.472988427,7.75583189,1,0,1,2.31105876,-1,100,0,0,0,0,0
31.85,1.6657421,-0.205152127,-90.1423926,0.05,-0.000510512329,FindWall,finding_near_right_wall,0,14,42,0.472988427,7.75583189,1,0,1,2.31105876,-1,100,0,0,0,0,0
31.9,1.66573585,-0.207652119,-90.1440176,0.05,-0.000476478173,FindWall,finding_near_right_wall,0,14,42,0.472841799,7.75074738,1,0,1,2.33494496,-1,100,0,0,0,0,0
31.95,1.66572953,-0.210152111,-90.1455343,0.05,-0.000444712962,FindWall,finding_near_right_wall,0,14,42,0.472841799,7.75074738,1,0,1,2.33494496,-1,100,0,0,0,0,0
32,1.66572315,-0.212652103,-90.1469499,0.05,-0.000415065431,FindWall,finding_near_right_wall,0,14,42,0.472691298,7.74567144,1,0,1,2.35889411,-1,100,0,0,0,0,0
32.05,1.66571671,-0.215152095,-90.1482711,0.05,-0.000387394402,FindWall,finding_near_right_wall,0,14,42,0.472691298,7.74567144,1,0,1,2.35889411,-1,100,0,0,0,0,0
32.1,1.66571021,-0.217652087,-90.1495042,0.05,-0.000361568109,FindWall,finding_near_right_wall,0,14,42,0.472536594,7.74060362,1,0,1,2.38289738,-1,100,0,0,0,0,0
32.15,1.66570367,-0.220152078,-90.1506551,0.05,-0.000337463568,FindWall,finding_near_right_wall,0,14,42,0.472536594,7.74060362,1,0,1,2.38289738,-1,100,0,0,0,0,0
32.2,1.66569707,-0.222652069,-90.1517293,0.05,-0.000314965997,FindWall,finding_near_right_wall,0,14,42,0.472377479,7.73554438,1,0,1,2.40694761,-1,100,0,0,0,0,0
32.25,1.66569043,-0.22515206,-90.1527318,0.05,-0.000293968264,FindWall,finding_near_right_wall,0,14,42,0.472377479,7.73554438,1,0,1,2.40694761,-1,100,0,0,0,0,0
32.3,1.66568374,-0.227652051,-90.1536676,0.05,-0.00027437038,FindWall,finding_near_right_wall,0,14,42,0.472213745,7.73049419,1,0,1,2.35967374,-1,100,0,0,0,0,0
32.35,1.66567702,-0.230152042,-90.1545409,0.05,-0.000256079021,FindWall,finding_near_right_wall,0,14,42,0.472213745,7.73049419,1,0,1,2.35967374,-1,100,0,0,0,0,0
32.4,1.66567026,-0.232652033,-90.155356,0.05,-0.000239007086,FindWall,finding_near_right_wall,0,14,42,0.472045332,7.72545307,1,0,1,2.31190205,-1,100,0,0,0,0,0
32.45,1.66566346,-0.235152024,-90.1561168,0.05,-0.000223073281,FindWall,finding_near_right_wall,0,14,42,0.472045332,7.72545307,1,0,1,2.31190205,-1,100,0,0,0,0,0
32.5,1.66565663,-0.237652015,-90.1568269,0.05,-0.000208201728,FindWall,finding_near_right_wall,0,14,42,0.471872181,7.72042053,1,0,1,2.33454514,-1,100,0,0,0,0,0
32.55,1.66564978,-0.240152005,-90.1574896,0.05,-0.000194321613,FindWall,finding_near_right_wall,0,14,42,0.471872181,7.72042053,1,0,1,2.33454514,-1,100,0,0,0,0,0
32.6,1.66564289,-0.242651996,-90.1581082,0.05,-0.000181366839,FindWall,finding_near_right_wall,0,14,42,0.47169438,7.71539753,1,0,1,2.35722089,-1,100,0,0,0,0,0
32.65,1.66563598,-0.245151986,-90.1586855,0.05,-0.000169275716,FindWall,finding_near_right_wall,0,14,42,0.47169438,7.71539753,1,0,1,2.35722089,-1,100,0,0,0,0,0
32.7,1.66562904,-0.247651977,-90.1592243,0.05,-0.000157990669,FindWall,finding_near_right_wall,0,14,42,0.47151199,7.71038311,1,0,1,2.37992597,-1,100,0,0,0,0,0
32.75,1.66562209,-0.250151967,-90.1597272,0.05,-0.000147457957,FindWall,finding_near_right_wall,0,14,42,0.47151199,7.71038311,1,0,1,2.37992597,-1,100,0,0,0,0,0
32.8,1.66561511,-0.252651957,-90.1601966,0.05,-0.000137627427,FindWall,finding_near_right_wall,0,14,42,0.471325099,7.70537823,1,0,1,2.40265775,-1,100,0,0,0,0,0
32.85,1.66560811,-0.255151947,-90.1606346,0.05,-0.000128452265,FindWall,finding_near_right_wall,0,14,42,0.471325099,7.70537823,1,0,1,2.40265775,-1,100,0,0,0,0,0
32.9,1.66560109,-0.257651938,-90.1610435,0.05,-0.000119888781,FindWall,finding_near_right_wall,0,14,42,0.471133947,7.70038288,1,0,1,2.35926127,-1,100,0,0,0,0,0
32.95,1.66559405,-0.260151928,-90.1614251,0.05,-0.000111896195,FindWall,finding_near_right_wall,0,14,42,0.471133947,7.70038288,1,0,1,2.35926127,-1,100,0,0,0,0,0
33,1.665587,-0.262651918,-90.1617813,0.05,-0.000104436449,FindWall,finding_near_right_wall,0,14,42,0.470938683,7.69539612,1,0,1,2.31674266,-1,100,0,0,0,0,0
33.05,1.66557994,-0.265151908,-90.1621137,0.05,-9.74740191e-05,FindWall,finding_near_right_wall,0,14,42,0.470938683,7.69539612,1,0,1,2.31674266,-1,100,0,0,0,0,0
33.1,1.66557286,-0.267651898,-90.162424,0.05,-9.09757512e-05,FindWall,finding_near_right_wall,0,14,42,0.470739573,7.69041889,1,0,1,2.33861637,-1,100,0,0,0,0,0
33.15,1.66556576,-0.270151888,-90.1627136,0.05,-8.49107011e-05,FindWall,finding_near_right_wall,0,14,42,0.470739573,7.69041889,1,0,1,2.33861637,-1,100,0,0,0,0,0
33.2,1.66555866,-0.272651878,-90.1629839,0.05,-7.92499877e-05,FindWall,finding_near_right_wall,0,14,42,0.470536858,7.68545073,1,0,1,2.36050916,-1,100,0,0,0,0,0
33.25,1.66555154,-0.275151867,-90.1632361,0.05,-7.39666552e-05,FindWall,finding_near_right_wall,0,14,42,0.470536858,7.68545073,1,0,1,2.36050916,-1,100,0,0,0,0,0
33.3,1.66554441,-0.277651857,-90.1634716,0.05,-6.90355448e-05,FindWall,finding_near_right_wall,0,14,42,0.470330834,7.68049162,1,0,1,2.38241959,-1,100,0,0,0,0,0
33.35,1.66553727,-0.280151847,-90.1636913,0.05,-6.44331752e-05,FindWall,finding_near_right_wall,0,14,42,0.470330834,7.68049162,1,0,1,2.38241959,-1,100,0,0,0,0,0
33.4,1.66553013,-0.282651837,-90.1638964,0.05,-6.01376302e-05,FindWall,finding_near_right_wall,0,14,42,0.470121861,7.67554157,1,0,1,2.40434575,-1,100,0,0,0,0,0
33.45,1.66552297,-0.285151827,-90.1640878,0.05,-5.61284548e-05,FindWall,finding_near_right_wall,0,14,42,0.470121861,7.67554157,1,0,1,2.40434575,-1,100,0,0,0,0,0
33.5,1.66551581,-0.287651816,-90.1642665,0.05,-5.23865578e-05,FindWall,finding_near_right_wall,0,14,42,0.469910234,7.67060059,1,0,1,2.33766532,-1,100,0,0,0,0,0
33.55,1.66550864,-0.290151806,-90.1644333,0.05,-4.88941206e-05,FindWall,finding_near_right_wall,0,14,42,0.469910234,7.67060059,1,0,1,2.33766532,-1,100,0,0,0,0,0
33.6,1.66550146,-0.292651796,-90.1645889,0.05,-4.56345126e-05,FindWall,finding_near_right_wall,0,14,42,0.469696313,7.66566771,1,0,1,2.33060074,-1,100,0,0,0,0,0
33.65,1.66549428,-0.295151785,-90.1647342,0.05,-4.25922118e-05,FindWall,finding_near_right_wall,0,14,42,0.469696313,7.66566771,1,0,1,2.33060074,-1,100,0,0,0,0,0
33.7,1.66548708,-0.297651775,-90.1648697,0.05,-3.9752731e-05,FindWall,finding_near_right_wall,0,14,42,0.469480455,7.66074389,1,0,1,2.35138106,-1,100,0,0,0,0,0
33.75,1.66547989,-0.300151765,-90.1649963,0.05,-3.71025489e-05,FindWall,finding_near_right_wall,0,14,42,0.469480455,7.66074389,1,0,1,2.35138106,-1,100,0,0,0,0,0
33.8,1.66547269,-0.302651754,-90.1651144,0.05,-3.46290456e-05,FindWall,finding_near_right_wall,0,14,42,0.469263047,7.65582865,1,0,1,2.37215829,-1,100,0,0,0,0,0
33.85,1.66546548,-0.305151744,-90.1652246,0.05,-3.23204426e-05,FindWall,finding_near_right_wall,0,14,42,0.469263047,7.65582865,1,0,1,2.37215829,-1,100,0,0,0,0,0
33.9,1.66545827,-0.307651734,-90.1653275,0.05,-3.01657464e-05,FindWall,finding_near_right_wall,0,14,42,0.469044507,7.65092104,1,0,1,2.39293098,-1,100,0,0,0,0,0
33.95,1.66545105,-0.310151723,-90.1654235,0.05,-2.81546967e-05,FindWall,finding_near_right_wall,0,14,42,0.469044507,7.65092104,1,0,1,2.39293098,-1,100,0,0,0,0,0
34,1.66544383,-0.312651713,-90.1655131,0.05,-2.62777169e-05,FindWall,finding_near_right_wall,0,14,42,0.468825221,7.64602201,1,0,1,2.41369915,-1,100,0,0,0,0,0
34.05,1.66543661,-0.315151702,-90.1655968,0.05,-2.45258691e-05,FindWall,finding_near_right_wall,0,14,42,0.468825221,7.64602201,1,0,1,2.41369915,-1,100,0,0,0,0,0
34.1,1.66542938,-0.317651692,-90.1656748,0.05,-2.28908112e-05,FindWall,finding_near_right_wall,0,14,42,0.468605608,7.64113062,1,0,1,2.31435871,-1,100,0,0,0,0,0
34.15,1.66542215,-0.320151681,-90.1657477,0.05,-2.13647571e-05,FindWall,finding_near_right_wall,0,14,42,0.468605608,7.64113062,1,0,1,2.31435871,-1,100,0,0,0,0,0
34.2,1.66541492,-0.322651671,-90.1658157,0.05,-1.99404399e-05,FindWall,finding_near_right_wall,0,14,42,0.468386054,7.63624638,1,0,1,2.33390236,-1,100,0,0,0,0,0
34.25,1.66540768,-0.32515166,-90.1658792,0.05,-1.86110773e-05,FindWall,finding_near_right_wall,0,14,42,0.468386054,7.63624638,1,0,1,2.33390236,-1,100,0,0,0,0,0
34.3,1.66540044,-0.32765165,-90.1659384,0.05,-1.73703388e-05,FindWall,finding_near_right_wall,0,14,42,0.468167007,7.63136976,1,0,1,2.35344863,-1,100,0,0,0,0,0
34.35,1.6653932,-0.33015164,-90.1659937,0.05,-1.62123162e-05,FindWall,finding_near_right_wall,0,14,42,0.468167007,7.63136976,1,0,1,2.35344863,-1,100,0,0,0,0,0
34.4,1.66538596,-0.332651629,-90.1660453,0.05,-1.51314951e-05,FindWall,finding_near_right_wall,0,14,42,0.467948854,7.62649982,1,0,1,2.37299776,-1,100,0,0,0,0,0
34.45,1.66537871,-0.335151619,-90.1660935,0.05,-1.41227288e-05,FindWall,finding_near_right_wall,0,14,42,0.467948854,7.62649982,1,0,1,2.37299776,-1,100,0,0,0,0,0
34.5,1.66537146,-0.337651608,-90.1661384,0.05,-1.31812135e-05,FindWall,finding_near_right_wall,0,14,42,0.467732072,7.62163704,1,0,1,0.27467531,-1,100,0,0,0,0,0
34.55,1.66536421,-0.340151598,-90.1661804,0.05,-1.2302466e-05,FindWall,finding_near_right_wall,0,14,42,0.467732072,7.62163704,1,0,1,0.27467531,-1,100,0,0,0,0,0
34.6,1.66535696,-0.342651587,-90.1662195,0.05,-1.14823016e-05,FindWall,finding_near_right_wall,0,14,42,0.467517048,7.6165169,1,0,1,0.273544997,-1,100,0,0,0,0,0
34.65,1.66534971,-0.345151576,-90.1662561,0.05,-1.07168148e-05,FindWall,finding_near_right_wall,0,14,42,0.467517048,7.6165169,1,0,1,0.273544997,-1,100,0,0,0,0,0
34.7,1.66534245,-0.347651566,-90.1662902,0,0,FollowWall,right_wall_reacquired,0,14,42,0.4673042,7.61137318,1,0,1,0.272835761,-1,100,0,0,0,0,0
34.75,1.66533822,-0.349109893,-90.1663101,0.05,-0.034253642,FollowWall,following_with_distance_only,0,14,42,0.4673042,7.61137318,1,0,1,0.272835761,-1,100,0,0,0,0,0
34.8,1.66533205,-0.351002244,-90.207209,0.05,-0.0318485945,FollowWall,following_with_distance_only,0,14,42,0.466738224,7.60789493,1,0,1,0.271232396,-1,100,0,0,0,0,0
34.85,1.66532313,-0.35314777,-90.2690831,0.05,-0.0318485945,FollowWall,following_with_distance_only,0,14,42,0.466738224,7.60789493,1,0,1,0.271232396,-1,100,0,0,0,0,0
34.9,1.66531088,-0.355440971,-90.3431928,0.05,-0.0294025987,FollowWall,following_with_distance_only,0,14,42,0.465073973,7.60320178,1,0,1,0.269601732,-1,100,0,0,0,0,0
34.95,1.665295,-0.357820304,-90.4215203,0.05,-0.0294025987,FollowWall,following_with_distance_only,0,14,42,0.465073973,7.60320178,1,0,1,0.269601732,-1,100,0,0,0,0,0
35,1.66527541,-0.360249868,-90.502308,0.05,-0.0290438086,FollowWall,following_with_distance_only,0,14,42,0.463134617,7.59816105,1,0,1,0.269362539,-1,100,0,0,0,0,0
35.05,1.6652521,-0.362708715,-90.5841027,0.05,-0.0290438086,FollowWall,following_with_distance_only,0,14,42,0.463134617,7.59816105,1,0,1,0.269362539,-1,100,0,0,0,0,0
35.1,1.66522508,-0.365184626,-90.6664848,0.05,-0.0293013453,FollowWall,following_with_distance_only,0,14,42,0.461130291,7.59305548,1,0,1,0.26953423,-1,100,0,0,0,0,0
35.15,1.66519436,-0.367670471,-90.7495169,0.05,-0.0293013453,FollowWall,following_with_distance_only,0,14,42,0.461130291,7.59305548,1,0,1,0.26953423,-1,100,0,0,0,0,0
35.2,1.66515995,-0.370162087,-90.8329282,0.05,-0.0286569446,FollowWall,following_with_distance_only,0,14,42,0.4590967,7.58797565,1,0,1,0.26910463,-1,100,0,0,0,0,0
35.25,1.66512187,-0.372657044,-90.9157915,0.05,-0.0286569446,FollowWall,following_with_distance_only,0,14,42,0.4590967,7.58797565,1,0,1,0.26910463,-1,100,0,0,0,0,0
35.3,1.66508016,-0.375153923,-90.9983351,0.05,-0.0285479128,FollowWall,following_with_distance_only,0,14,42,0.457070887,7.58295257,1,0,1,0.269031942,-1,100,0,0,0,0,0
35.35,1.66503484,-0.377651895,-91.0805621,0.05,-0.0285479128,FollowWall,following_with_distance_only,0,14,42,0.457070887,7.58295257,1,0,1,0.269031942,-1,100,0,0,0,0,0
35.4,1.66498592,-0.380150473,-91.1626045,0.05,-0.0284070522,FollowWall,following_with_distance_only,0,14,42,0.45505482,7.57799432,1,0,1,0.268938035,-1,100,0,0,0,0,0
35.45,1.66493343,-0.382649371,-91.2443709,0.05,-0.0284070522,FollowWall,following_with_distance_only,0,14,42,0.45505482,7.57799432,1,0,1,0.268938035,-1,100,0,0,0,0,0
35.5,1.66487736,-0.385148422,-91.3259764,0.05,-0.0280633271,FollowWall,following_with_distance_only,0,14,42,0.45304656,7.57310379,1,0,1,0.268708885,-1,100,0,0,0,0,0
35.55,1.66481775,-0.387647523,-91.4070777,0.05,-0.0280633271,FollowWall,following_with_distance_only,0,14,42,0.45304656,7.57310379,1,0,1,0.268708885,-1,100,0,0,0,0,0
35.6,1.6647546,-0.390146616,-91.487885,0.05,-0.0280322582,FollowWall,following_with_distance_only,0,14,42,0.451052219,7.56828048,1,0,1,0.268688172,-1,100,0,0,0,0,0
35.65,1.66468793,-0.392645664,-91.5684836,0.05,-0.0280322582,FollowWall,following_with_distance_only,0,14,42,0.451052219,7.56828048,1,0,1,0.268688172,-1,100,0,0,0,0,0
35.7,1.66461774,-0.395144641,-91.6489605,0.05,-0.0277994424,FollowWall,following_with_distance_only,0,14,42,0.449065804,7.5635244,1,0,1,0.268532962,-1,100,0,0,0,0,0
35.75,1.66454406,-0.397643533,-91.7290885,0.05,-0.0277994424,FollowWall,following_with_distance_only,0,14,42,0.449065804,7.5635244,1,0,1,0.268532962,-1,100,0,0,0,0,0
35.8,1.66446688,-0.400142329,-91.809013,0.05,-0.0277381539,FollowWall,following_with_distance_only,0,14,42,0.447089434,7.55883507,1,0,1,0.268492103,-1,100,0,0,0,0,0
35.85,1.66438622,-0.40264102,-91.8887456,0.05,-0.0277381539,FollowWall,following_with_distance_only,0,14,42,0.447089434,7.55883507,1,0,1,0.268492103,-1,100,0,0,0,0,0
35.9,1.66430209,-0.4051396,-91.9683662,0.05,-0.0280468762,FollowWall,following_with_distance_only,0,14,42,0.445120305,4.40296136,1,0,1,0.268697917,-1,100,0,0,0,0,0
35.95,1.66421448,-0.407638062,-92.0482901,0.05,-0.0280468762,FollowWall,following_with_distance_only,0,14,42,0.445120305,4.40296136,1,0,1,0.268697917,-1,100,0,0,0,0,0
36,1.66412338,-0.4101364,-92.1283908,0.05,-0.0278035551,FollowWall,following_with_distance_only,0,14,42,0.443145454,4.20083644,1,0,1,0.268535703,-1,100,0,0,0,0,0
36.05,1.66402879,-0.412634609,-92.2083043,0.05,-0.0278035551,FollowWall,following_with_distance_only,0,14,42,0.443145454,4.20083644,1,0,1,0.268535703,-1,100,0,0,0,0,0
36.1,1.66393071,-0.415132684,-92.2881086,0.05,-0.0277151316,FollowWall,following_with_distance_only,0,14,42,0.441174746,4.01625079,1,0,1,0.268476754,-1,100,0,0,0,0,0
36.15,1.66382917,-0.41763062,-92.3677436,0.05,-0.0277151316,FollowWall,following_with_distance_only,0,14,42,0.441174746,4.01625079,1,0,1,0.268476754,-1,100,0,0,0,0,0
36.2,1.66372415,-0.420128414,-92.4472798,0.05,-0.0277276486,FollowWall,following_with_distance_only,0,14,42,0.439210802,3.84723402,1,0,1,0.268485099,-1,100,0,0,0,0,0
36.25,1.66361567,-0.422626059,-92.5267734,0.05,-0.0277276486,FollowWall,following_with_distance_only,0,14,42,0.439210802,3.84723402,1,0,1,0.268485099,-1,100,0,0,0,0,0
36.3,1.66350372,-0.425123551,-92.6062421,0.05,-0.0272087306,FollowWall,following_with_distance_only,0,14,42,0.437250793,3.69156452,1,0,1,0.268139154,-1,100,0,0,0,0,0
36.35,1.66338832,-0.427620886,-92.6850769,0.05,-0.0272087306,FollowWall,following_with_distance_only,0,14,42,0.437250793,3.69156452,1,0,1,0.268139154,-1,100,0,0,0,0,0
36.4,1.6632695,-0.430118061,-92.7635418,0.05,-0.0269606262,FollowWall,following_with_distance_only,0,14,42,0.435308486,3.54894318,1,0,1,0.267973751,-1,100,0,0,0,0,0
36.45,1.66314726,-0.432615071,-92.841495,0.05,-0.0269606262,FollowWall,following_with_distance_only,0,14,42,0.435308486,3.54894318,1,0,1,0.267973751,-1,100,0,0,0,0,0
36.5,1.66302164,-0.435111912,-92.9191495,0.05,-0.0268643349,FollowWall,following_with_distance_only,0,14,42,0.433384299,2.92872931,1,0,1,0.267909557,-1,100,0,0,0,0,0
36.55,1.66289264,-0.437608582,-92.9965149,0.05,-0.0268643349,FollowWall,following_with_distance_only,0,14,42,0.433384299,2.92872931,1,0,1,0.267909557,-1,100,0,0,0,0,0
36.6,1.66276027,-0.440105075,-93.0737117,0.05,-0.0266498029,FollowWall,following_with_distance_only,0,14,42,0.431472421,2.83833419,1,0,1,0.267766535,-1,100,0,0,0,0,0
36.65,1.66262454,-0.442601388,-93.150554,0.05,-0.0266498029,FollowWall,following_with_distance_only,0,14,42,0.431472421,2.83833419,1,0,1,0.267766535,-1,100,0,0,0,0,0
36.7,1.66248547,-0.445097517,-93.2271895,0.05,-0.0260834992,FollowWall,following_with_distance_only,0,14,42,0.429573387,2.75354893,1,0,1,0.267388999,-1,100,0,0,0,0,0
36.75,1.66234308,-0.447593459,-93.3030284,0.05,-0.0260834992,FollowWall,following_with_distance_only,0,14,42,0.429573387,2.75354893,1,0,1,0.267388999,-1,100,0,0,0,0,0
36.8,1.6621974,-0.45008921,-93.3784027,0.05,-0.0257277489,FollowWall,following_with_distance_only,0,14,42,0.427697808,2.67443333,1,0,1,0.267151833,-1,100,0,0,0,0,0
36.85,1.66204845,-0.452584769,-93.4530813,0.05,-0.0257277489,FollowWall,following_with_distance_only,0,14,42,0.427697808,2.67443333,1,0,1,0.267151833,-1,100,0,0,0,0,0
36.9,1.66189625,-0.455080132,-93.527354,0.05,-0.0254914463,FollowWall,following_with_distance_only,0,14,42,0.425845623,2.60043966,1,0,1,0.266994298,-1,100,0,0,0,0,0
36.95,1.66174083,-0.457575296,-93.6011079,0.05,-0.0254914463,FollowWall,following_with_distance_only,0,14,42,0.425845623,2.60043966,1,0,1,0.266994298,-1,100,0,0,0,0,0
37,1.66158221,-0.460070259,-93.6745592,0.05,-0.0252975672,FollowWall,following_with_distance_only,0,14,42,0.424012333,2.53086245,1,0,1,0.266865045,-1,100,0,0,0,0,0
37.05,1.6614204,-0.462565017,-93.7476026,0.05,-0.0252975672,FollowWall,following_with_distance_only,0,14,42,0.424012333,2.53086245,1,0,1,0.266865045,-1,100,0,0,0,0,0
37.1,1.66125541,-0.465059567,-93.8204079,0.05,-0.0252450854,FollowWall,following_with_distance_only,0,14,42,0.422194541,2.18787953,1,0,1,0.266830057,-1,100,0,0,0,0,0
37.15,1.66108725,-0.467553905,-93.8930118,0.05,-0.0252450854,FollowWall,following_with_distance_only,0,14,42,0.422194541,2.18787953,1,0,1,0.266830057,-1,100,0,0,0,0,0
37.2,1.66091594,-0.470048029,-93.9654982,0.05,-0.0251886249,FollowWall,following_with_distance_only,0,14,42,0.420387208,2.13774219,1,0,1,0.266792417,-1,100,0,0,0,0,0
37.25,1.66074148,-0.472541934,-94.0378486,0.05,-0.0251886249,FollowWall,following_with_distance_only,0,14,42,0.420387208,2.13774219,1,0,1,0.266792417,-1,100,0,0,0,0,0
37.3,1.66056387,-0.475035616,-94.1101197,0.05,-0.024973467,FollowWall,following_with_distance_only,0,14,42,0.418587893,2.0897339,1,0,1,0.266648978,-1,100,0,0,0,0,0
37.35,1.66038312,-0.477529074,-94.1820878,0.05,-0.024973467,FollowWall,following_with_distance_only,0,14,42,0.418587893,2.0897339,1,0,1,0.266648978,-1,100,0,0,0,0,0
37.4,1.66019924,-0.480022302,-94.253879,0.05,-0.0244257599,FollowWall,following_with_distance_only,0,14,42,0.416800022,2.04383155,1,0,1,0.26628384,-1,100,0,0,0,0,0
37.45,1.66001225,-0.4825153,-94.3249133,0.05,-0.0244257599,FollowWall,following_with_distance_only,0,14,42,0.416800022,2.04383155,1,0,1,0.26628384,-1,100,0,0,0,0,0
37.5,1.65982219,-0.485008064,-94.3955061,0.05,-0.0238868594,FollowWall,following_with_distance_only,0,14,42,0.415034086,2.0002504,1,0,1,0.265924573,-1,100,0,0,0,0,0
37.55,1.65962907,-0.487500594,-94.4651981,0.05,-0.0238868594,FollowWall,following_with_distance_only,0,14,42,0.415034086,2.0002504,1,0,1,0.265924573,-1,100,0,0,0,0,0
37.6,1.65943293,-0.489992888,-94.5343646,0.05,-0.0235668719,FollowWall,following_with_distance_only,0,14,42,0.413295209,1.95899307,1,0,1,0.265711248,-1,100,0,0,0,0,0
37.65,1.6592338,-0.492484945,-94.6028426,0.05,-0.0235668719,FollowWall,following_with_distance_only,0,14,42,0.413295209,1.95899307,1,0,1,0.265711248,-1,100,0,0,0,0,0
37.7,1.6590317,-0.494976763,-94.670919,0.05,-0.0232303888,FollowWall,following_with_distance_only,0,14,42,0.411579341,1.74821999,1,0,1,0.265486926,-1,100,0,0,0,0,0
37.75,1.65882665,-0.497468339,-94.7383594,0.05,-0.0232303888,FollowWall,following_with_distance_only,0,14,42,0.411579341,1.74821999,1,0,1,0.265486926,-1,100,0,0,0,0,0
37.8,1.65861868,-0.499959674,-94.8054289,0.05,-0.0228765607,FollowWall,following_with_distance_only,0,14,42,0.409884214,1.71709897,1,0,1,0.26525104,-1,100,0,0,0,0,0
37.85,1.6584078,-0.502450764,-94.8718597,0.05,-0.0228765607,FollowWall,following_with_distance_only,0,14,42,0.409884214,1.71709897,1,0,1,0.26525104,-1,100,0,0,0,0,0
37.9,1.65819405,-0.504941609,-94.9379178,0.05,-0.0224976093,FollowWall,following_with_distance_only,0,14,42,0.408209413,1.68730205,1,0,1,0.264998406,-1,100,0,0,0,0,0
37.95,1.65797743,-0.507432208,-95.0033063,0.05,-0.0224976093,FollowWall,following_with_distance_only,0,14,42,0.408209413,1.68730205,1,0,1,0.264998406,-1,100,0,0,0,0,0
38,1.65775799,-0.509922558,-95.0683041,0.05,-0.0217651874,FollowWall,following_with_distance_only,0,14,42,0.406555325,1.65876415,1,0,1,0.264510125,-1,100,0,0,0,0,0
38.05,1.65753574,-0.512412659,-95.1321998,0.05,-0.0217651874,FollowWall,following_with_distance_only,0,14,42,0.406555325,1.65876415,1,0,1,0.264510125,-1,100,0,0,0,0,0
38.1,1.65731073,-0.514902513,-95.1954525,0.05,-0.0213476121,FollowWall,following_with_distance_only,0,14,42,0.404930651,1.63162362,1,0,1,0.264231741,-1,100,0,0,0,0,0
38.15,1.65708299,-0.517392118,-95.2578318,0.05,-0.0213476121,FollowWall,following_with_distance_only,0,14,42,0.404930651,1.63162362,1,0,1,0.264231741,-1,100,0,0,0,0,0
38.2,1.65685256,-0.519881475,-95.3197016,0.05,-0.0208970904,FollowWall,following_with_distance_only,0,14,42,0.403332353,1.60572997,1,0,1,0.263931394,-1,100,0,0,0,0,0
38.25,1.65661945,-0.522370584,-95.3807363,0.05,-0.0208970904,FollowWall,following_with_distance_only,0,14,42,0.403332353,1.60572997,1,0,1,0.263931394,-1,100,0,0,0,0,0
38.3,1.6563837,-0.524859443,-95.441284,0.05,-0.0202903301,FollowWall,following_with_distance_only,0,14,42,0.401758283,1.58096589,1,0,1,0.263526887,-1,100,0,0,0,0,0
38.35,1.65614534,-0.527348055,-95.5008232,0.05,-0.0202903301,FollowWall,following_with_distance_only,0,14,42,0.401758283,1.58096589,1,0,1,0.263526887,-1,100,0,0,0,0,0
38.4,1.65590441,-0.529836418,-95.5597743,0.05,-0.0195645243,FollowWall,following_with_distance_only,0,14,42,0.400211304,1.44314958,1,0,1,0.263043016,-1,100,0,0,0,0,0
38.45,1.65566095,-0.532324535,-95.6175158,0.05,-0.0195645243,FollowWall,following_with_distance_only,0,14,42,0.400211304,1.44314958,1,0,1,0.263043016,-1,100,0,0,0,0,0
38.5,1.65541499,-0.534812406,-95.6745518,0.05,-0.0188072473,FollowWall,following_with_distance_only,0,14,42,0.398695737,1.42347167,1,0,1,0.262538165,-1,100,0,0,0,0,0
38.55,1.65516659,-0.537300035,-95.7302723,0.05,-0.0188072473,FollowWall,following_with_distance_only,0,14,42,0.398695737,1.42347167,1,0,1,0.262538165,-1,100,0,0,0,0,0
38.6,1.65491578,-0.539787422,-95.7852254,0.05,-0.0182195753,FollowWall,following_with_distance_only,0,14,42,0.397214055,1.40475545,1,0,1,0.262146384,-1,100,0,0,0,0,0
38.65,1.65466261,-0.542274571,-95.8390294,0.05,-0.0182195753,FollowWall,following_with_distance_only,0,14,42,0.397214055,1.40475545,1,0,1,0.262146384,-1,100,0,0,0,0,0
38.7,1.65440712,-0.544761482,-95.8921631,0.05,-0.0179596692,FollowWall,following_with_distance_only,0,14,42,0.39576298,1.38689775,1,0,1,0.261973113,-1,100,0,0,0,0,0
38.75,1.65414935,-0.547248156,-95.9445955,0.05,-0.0179596692,FollowWall,following_with_distance_only,0,14,42,0.39576298,1.38689775,1,0,1,0.261973113,-1,100,0,0,0,0,0
38.8,1.6538893,-0.549734594,-95.9966189,0.05,-0.0171112865,FollowWall,following_with_distance_only,0,14,42,0.394332826,1.36968411,1,0,1,0.261407524,-1,100,0,0,0,0,0
38.85,1.65362702,-0.552220799,-96.0473909,0.05,-0.0171112865,FollowWall,following_with_distance_only,0,14,42,0.394332826,1.36968411,1,0,1,0.261407524,-1,100,0,0,0,0,0
38.9,1.65336256,-0.554706771,-96.0974331,0.05,-0.0160724223,FollowWall,following_with_distance_only,0,14,42,0.39293164,1.35323721,1,0,1,0.260714948,-1,100,0,0,0,0,0
38.95,1.65309596,-0.557192516,-96.1458094,0.05,-0.0160724223,FollowWall,following_with_distance_only,0,14,42,0.39293164,1.35323721,1,0,1,0.260714948,-1,100,0,0,0,0,0
39,1.65282729,-0.559678036,-96.1932139,0.05,-0.015004769,FollowWall,following_with_distance_only,0,14,42,0.391568989,1.33769946,1,0,1,0.260003179,-1,100,0,0,0,0,0
39.05,1.65255659,-0.562163338,-96.2387772,0.05,-0.015004769,FollowWall,following_with_distance_only,0,14,42,0.391568989,1.33769946,1,0,1,0.260003179,-1,100,0,0,0,0,0
39.1,1.65228395,-0.564648427,-96.2832664,0.05,-0.0143152624,FollowWall,following_with_distance_only,0,14,42,0.390249312,1.22889348,1,0,1,0.259543508,-1,100,0,0,0,0,0
39.15,1.65200941,-0.567133306,-96.326306,0.05,-0.0143152624,FollowWall,following_with_distance_only,0,14,42,0.390249312,1.22889348,1,0,1,0.259543508,-1,100,0,0,0,0,0
39.2,1.65173301,-0.569617981,-96.3685,0.05,-0.0135532469,FollowWall,following_with_distance_only,0,14,42,0.388965577,1.2165622,1,0,1,0.259035498,-1,100,0,0,0,0,0
39.25,1.65145482,-0.572102454,-96.4092912,0.05,-0.0135532469,FollowWall,following_with_distance_only,0,14,42,0.388965577,1.2165622,1,0,1,0.259035498,-1,100,0,0,0,0,0
39.3,1.65117488,-0.574586732,-96.449264,0.05,-0.0128330737,FollowWall,following_with_distance_only,0,14,42,0.387714773,1.20486173,1,0,1,0.258555382,-1,100,0,0,0,0,0
39.35,1.65089324,-0.577070816,-96.4878999,0.05,-0.0128330737,FollowWall,following_with_distance_only,0,14,42,0.387714773,1.20486173,1,0,1,0.258555382,-1,100,0,0,0,0,0
39.4,1.65060993,-0.579554712,-96.5257558,0.05,-0.0121587217,FollowWall,following_with_distance_only,0,14,42,0.386494935,1.19374709,1,0,1,0.258105814,-1,100,0,0,0,0,0
39.45,1.65032501,-0.582038423,-96.5623519,0.05,-0.0121587217,FollowWall,following_with_distance_only,0,14,42,0.386494935,1.19374709,1,0,1,0.258105814,-1,100,0,0,0,0,0
39.5,1.65003853,-0.584521954,-96.5982129,0.05,-0.0113149881,FollowWall,following_with_distance_only,0,14,42,0.385303915,1.18317194,1,0,1,0.257543325,-1,100,0,0,0,0,0
39.55,1.64975051,-0.587005308,-96.6326382,0.05,-0.0113149881,FollowWall,following_with_distance_only,0,14,42,0.385303915,1.18317194,1,0,1,0.257543325,-1,100,0,0,0,0,0
39.6,1.64946103,-0.589488491,-96.6662259,0.05,-0.0102775097,FollowWall,following_with_distance_only,0,14,42,0.384144038,1.1731598,1,0,1,0.256851673,-1,100,0,0,0,0,0
39.65,1.64917012,-0.591971509,-96.6980865,0.05,-0.0102775097,FollowWall,following_with_distance_only,0,14,42,0.384144038,1.1731598,1,0,1,0.256851673,-1,100,0,0,0,0,0
39.7,1.64887786,-0.594454367,-96.7289398,0.05,-0.0092151314,FollowWall,following_with_distance_only,0,14,42,0.383020639,1.16377872,1,0,1,0.256143421,-1,100,0,0,0,0,0
39.75,1.6485843,-0.596937071,-96.7579373,0.05,-0.0092151314,FollowWall,following_with_distance_only,0,14,42,0.383020639,1.16377872,1,0,1,0.256143421,-1,100,0,0,0,0,0
39.8,1.64828951,-0.59941963,-96.7858522,0.05,-0.00812834501,FollowWall,following_with_distance_only,0,14,42,0.381936729,1.15505922,1,0,1,0.255418897,-1,100,0,0,0,0,0
39.85,1.64799355,-0.60190205,-96.8118385,0.05,-0.00812834501,FollowWall,following_with_distance_only,0,14,42,0.381936729,1.15505922,1,0,1,0.255418897,-1,100,1,0,0,0,1
