time,x,y,yaw_deg,v,w,state,reason,fault,narrow_usable,wide_usable,front_sector,front_clearance,pivot_valid,heading_valid,right_valid,right_distance,cap_gap,min_cap_gap,entered,approached,returned,contact,completed
0,0,-0.05,0,0.0693701798,-0.159447303,FollowWall,following_right_wall,0,14,42,0.6242342,2.15806009,1,1,1,0.353592247,-1,100,0,0,0,0,0
0.05,0.00144521009,-0.0500024004,-0.190326199,0.0693701798,-0.159447303,FollowWall,following_right_wall,0,14,42,0.6242342,2.15806009,1,1,1,0.353592247,-1,100,0,0,0,0,0
0.1,0.00373342202,-0.050016019,-0.491676014,0.0700014593,-0.149978111,FollowWall,following_right_wall,0,14,42,0.617016733,2.15366174,1,1,1,0.354204684,-1,100,0,0,0,0,0
0.15,0.00652640924,-0.0500486361,-0.846486588,0.0700014593,-0.149978111,FollowWall,following_right_wall,0,14,42,0.617016733,2.15366174,1,1,1,0.354204684,-1,100,0,0,0,0,0
0.2,0.00961361847,-0.0501046517,-1.23248261,0.0709768338,-0.135347492,FollowWall,following_right_wall,0,14,42,0.606428385,2.14710959,1,1,1,0.354973793,-1,100,0,0,0,0,0
0.25,0.0128924554,-0.0501862647,-1.61920612,0.0709768338,-0.135347492,FollowWall,following_right_wall,0,14,42,0.606428385,2.14710959,1,1,1,0.354973793,-1,100,0,0,0,0,0
0.3,0.0162826892,-0.050293564,-2.006354,0.0720521388,-0.119217918,FollowWall,following_right_wall,0,14,42,0.595688641,2.14015266,1,1,1,0.3552939,-1,100,0,0,0,0,0
0.35,0.0197598595,-0.0504265615,-2.37449617,0.0720521388,-0.119217918,FollowWall,following_right_wall,0,14,42,0.595688641,2.14015266,1,1,1,0.3552939,-1,100,0,0,0,0,0
0.4,0.0232872735,-0.0505838425,-2.73155168,0.0731058066,-0.103412901,FollowWall,following_right_wall,0,14,42,0.585856616,2.13326362,1,1,1,0.355180979,-1,100,0,0,0,0,0
0.45,0.0268654337,-0.0507649423,-3.06327412,0.0731058066,-0.103412901,FollowWall,following_right_wall,0,14,42,0.585856616,2.13326362,1,1,1,0.355180979,-1,100,0,0,0,0,0
0.5,0.0304726928,-0.0509679928,-3.38021893,0.074060507,-0.0890923953,FollowWall,following_right_wall,0,14,42,0.577179432,2.1265011,1,1,1,0.355015755,-1,100,0,0,0,0,0
0.55,0.0341162758,-0.0511924929,-3.67144962,0.074060507,-0.0890923953,FollowWall,following_right_wall,0,14,42,0.577179432,2.1265011,1,1,1,0.355015755,-1,100,0,0,0,0,0
0.6,0.0377805426,-0.0514364877,-3.9476804,0.074922554,-0.0761616893,FollowWall,following_right_wall,0,14,42,0.569604218,2.1198172,1,1,1,0.354630291,-1,100,0,0,0,0,0
0.65,0.0414742956,-0.0516995552,-4.19972634,0.074922554,-0.0761616893,FollowWall,following_right_wall,0,14,42,0.569604218,2.1198172,1,1,1,0.354630291,-1,100,0,0,0,0,0
0.7,0.0451847636,-0.0519797643,-4.43766446,0.0756713604,-0.0649295936,FollowWall,following_right_wall,0,14,42,0.562998235,2.1131507,1,1,1,0.354314089,-1,100,0,0,0,0,0
0.75,0.0489200659,-0.0522767445,-4.65396569,0.0756713604,-0.0649295936,FollowWall,following_right_wall,0,14,42,0.562998235,2.1131507,1,1,1,0.354314089,-1,100,0,0,0,0,0
0.8,0.0526694016,-0.0525886728,-4.8576454,0.0763254675,-0.0551179877,FollowWall,following_right_wall,0,14,42,0.557210743,2.10645417,1,1,1,0.353969187,-1,100,0,0,0,0,0
0.85,0.0564400685,-0.0529152445,-5.04225082,0.0763254675,-0.0551179877,FollowWall,following_right_wall,0,14,42,0.557210743,2.10645417,1,1,1,0.353969187,-1,100,0,0,0,0,0
0.9,0.0602227652,-0.0532547705,-5.21572956,0.0768780204,-0.0468296947,FollowWall,following_right_wall,0,14,42,0.552106082,2.09969689,1,1,1,0.353822619,-1,100,0,0,0,0,0
0.95,0.0640235505,-0.0536069758,-5.37282433,0.0768780204,-0.0468296947,FollowWall,following_right_wall,0,14,42,0.552106082,2.09969689,1,1,1,0.353822619,-1,100,0,0,0,0,0
1,0.0678345155,-0.053970345,-5.52036177,0.0773621819,-0.0395672722,FollowWall,following_right_wall,0,14,42,0.547562003,2.09286337,1,1,1,0.353607863,-1,100,0,0,0,0,0
1.05,0.071661108,-0.0543446697,-5.65365523,0.0773621819,-0.0395672722,FollowWall,following_right_wall,0,14,42,0.547562003,2.09286337,1,1,1,0.353607863,-1,100,0,0,0,0,0
1.1,0.075496487,-0.0547285832,-5.7786397,0.0778019037,-0.032971444,FollowWall,following_right_wall,0,14,42,0.543483019,2.08594598,1,1,1,0.353134632,-1,100,0,0,0,0,0
1.15,0.0793457986,-0.0551219423,-5.89090407,0.0778019037,-0.032971444,FollowWall,following_right_wall,0,14,42,0.543483019,2.08594598,1,1,1,0.353134632,-1,100,0,0,0,0,0
1.2,0.083202952,-0.0555234885,-5.99574839,0.0781868858,-0.0271967126,FollowWall,following_right_wall,0,14,42,0.539801955,2.07893949,1,1,1,0.352375537,-1,100,0,0,0,0,0
1.25,0.0870723925,-0.0559330893,-6.08937125,0.0781868858,-0.0271967126,FollowWall,following_right_wall,0,14,42,0.539801955,2.07893949,1,1,1,0.352375537,-1,100,0,0,0,0,0
1.3,0.0909487573,-0.0563496053,-6.17644827,0.0785117373,-0.02232394,FollowWall,following_right_wall,0,14,42,0.536461949,2.07184342,1,1,1,0.351532698,-1,100,0,0,0,0,0
1.35,0.0948356663,-0.0567729,-6.25389044,0.0785117373,-0.02232394,FollowWall,following_right_wall,0,14,42,0.536461949,2.07184342,1,1,1,0.351532698,-1,100,0,0,0,0,0
1.4,0.0987285216,-0.0572019738,-6.32571228,0.078800258,-0.0179961302,FollowWall,following_right_wall,0,14,42,0.533408344,2.06466324,1,1,1,0.350618988,-1,100,0,0,0,0,0
1.45,0.102630634,-0.0576367284,-6.38908966,0.078800258,-0.0179961302,FollowWall,following_right_wall,0,14,42,0.533408344,2.06466324,1,1,1,0.350618988,-1,100,0,0,0,0,0
1.5,0.106537977,-0.058076272,-6.44754109,0.0790509483,-0.0142357759,FollowWall,following_right_wall,0,14,42,0.530599535,2.05740444,1,1,1,0.349731892,-1,100,0,0,0,0,0
1.55,0.11045341,-0.0585205162,-6.49863046,0.0790509483,-0.0142357759,FollowWall,following_right_wall,0,14,42,0.530599535,2.05740444,1,1,1,0.349731892,-1,100,0,0,0,0,0
1.6,0.114373427,-0.0589686724,-6.5454253,0.0792696604,-0.0109550939,FollowWall,following_right_wall,0,14,42,0.528000891,2.05007345,1,1,1,0.348860562,-1,100,0,0,0,0,0
1.65,0.118300525,-0.0594206648,-6.58579897,0.0792696604,-0.0109550939,FollowWall,following_right_wall,0,14,42,0.528000891,2.05007345,1,1,1,0.348860562,-1,100,0,0,0,0,0
1.7,0.122231647,-0.0598757971,-6.62242696,0.0794678822,-0.00798176633,FollowWall,following_right_wall,0,14,42,0.525583684,2.04267695,1,1,1,0.347906858,-1,100,0,0,0,0,0
1.75,0.126169128,-0.060334017,-6.65332082,0.0794678822,-0.00798176633,FollowWall,following_right_wall,0,14,42,0.525583684,2.04267695,1,1,1,0.347906858,-1,100,0,0,0,0,0
1.8,0.13011024,-0.0607946968,-6.68086977,0.0796556616,-0.00516507613,FollowWall,following_right_wall,0,14,42,0.523327231,2.03521968,1,1,1,0.346776128,-1,100,0,0,0,0,0
1.85,0.134057291,-0.0612578092,-6.70310534,0.0796556616,-0.00516507613,FollowWall,following_right_wall,0,14,42,0.523327231,2.03521968,1,1,1,0.346776128,-1,100,0,0,0,0,0
1.9,0.138007758,-0.0617227682,-6.72224145,0.079811609,-0.00282586438,FollowWall,following_right_wall,0,14,42,0.521219552,2.02770453,1,1,1,0.345793515,-1,100,0,0,0,0,0
1.95,0.141963403,-0.0621895152,-6.73677731,0.079811609,-0.00282586438,FollowWall,following_right_wall,0,14,42,0.521219552,2.02770453,1,1,1,0.345793515,-1,100,0,0,0,0,0
2,0.145922041,-0.0626575398,-6.74862968,0.0799371762,-0.000942357485,FollowWall,following_right_wall,0,14,42,0.519243538,2.02013743,1,1,1,0.344981521,-1,100,0,0,0,0,0
2.05,0.149885004,-0.0631267732,-6.75666843,0.0799371762,-0.000942357485,FollowWall,following_right_wall,0,14,42,0.519243538,2.02013743,1,1,1,0.344981521,-1,100,0,0,0,0,0
2.1,0.153850481,-0.0635967904,-6.76248255,0.0799404371,0.000893442884,FollowWall,following_right_wall,0,14,42,0.517379165,2.01252602,1,1,1,0.344008833,-1,100,0,0,0,0,0
2.15,0.157817492,-0.064067275,-6.76480765,0.0799404371,0.000893442884,FollowWall,following_right_wall,0,14,42,0.517379165,2.01252602,1,1,1,0.344008833,-1,100,0,0,0,0,0
2.2,0.161785406,-0.0645379587,-6.76509749,0.0798462972,0.00230554208,FollowWall,following_right_wall,0,14,42,0.515618563,2.00447957,1,1,1,0.343250364,-1,100,0,0,0,0,0
2.25,0.165751915,-0.0650083951,-6.76251453,0.0798462972,0.00230554208,FollowWall,following_right_wall,0,14,42,0.515618563,2.00447957,1,1,1,0.343250364,-1,100,0,0,0,0,0
2.3,0.169717627,-0.065478497,-6.75825576,0.079752397,0.00371404511,FollowWall,following_right_wall,0,14,42,0.513949752,1.99642592,1,1,1,0.342348069,-1,100,0,0,0,0,0
2.35,0.173680961,-0.0659479249,-6.75133817,0.079752397,0.00371404511,FollowWall,following_right_wall,0,14,42,0.513949752,1.99642592,1,1,1,0.342348069,-1,100,0,0,0,0,0
2.4,0.177642944,-0.0664166534,-6.74286959,0.0796624919,0.00506262163,FollowWall,following_right_wall,0,14,42,0.512367904,1.98837418,1,1,1,0.341371059,-1,100,0,0,0,0,0
2.45,0.181602321,-0.0668843922,-6.73188653,0.0796624919,0.00506262163,FollowWall,following_right_wall,0,14,42,0.512367904,1.98837418,1,1,1,0.341371059,-1,100,0,0,0,0,0
2.5,0.185560228,-0.0673511366,-6.71943668,0.0795856729,0.00621490578,FollowWall,following_right_wall,0,14,42,0.51087147,1.98032792,1,1,1,0.340454876,-1,100,0,0,0,0,0
2.55,0.189515742,-0.0678166493,-6.70475577,0.0795856729,0.00621490578,FollowWall,following_right_wall,0,14,42,0.51087147,1.98032792,1,1,1,0.340454876,-1,100,0,0,0,0,0
2.6,0.19346992,-0.0682809321,-6.68877341,0.0795168508,0.00724723867,FollowWall,following_right_wall,0,14,42,0.509455562,1.97229,1,1,1,0.339542776,-1,100,0,0,0,0,0
2.65,0.197421959,-0.0687437766,-6.67079961,0.0795168508,0.00724723867,FollowWall,following_right_wall,0,14,42,0.509455562,1.97229,1,1,1,0.339542776,-1,100,0,0,0,0,0
2.7,0.201372821,-0.0692051863,-6.65166414,0.0794694207,0.00795868987,FollowWall,following_right_wall,0,14,42,0.50811553,1.9642628,1,1,1,0.338836372,-1,100,0,0,0,0,0
2.75,0.205322087,-0.0696650193,-6.6310018,0.0794694207,0.00795868987,FollowWall,following_right_wall,0,14,42,0.50811553,1.9642628,1,1,1,0.338836372,-1,100,0,0,0,0,0
2.8,0.209270498,-0.0701232785,-6.60944878,0.0794261476,0.00860778584,FollowWall,following_right_wall,0,14,42,0.506841123,1.95624967,1,1,1,0.338118881,-1,100,0,0,0,0,0
2.85,0.213217592,-0.070579835,-6.5866014,0.0794261476,0.00860778584,FollowWall,following_right_wall,0,14,42,0.506841123,1.95624967,1,1,1,0.338118881,-1,100,0,0,0,0,0
2.9,0.217164001,-0.0710346912,-6.56299897,0.0793752475,0.00937128747,FollowWall,following_right_wall,0,14,42,0.50562638,1.94825251,1,1,1,0.337241381,-1,100,0,0,0,0,0
2.95,0.22110904,-0.0714876958,-6.53804474,0.0793752475,0.00937128747,FollowWall,following_right_wall,0,14,42,0.50562638,1.94825251,1,1,1,0.337241381,-1,100,0,0,0,0,0
3,0.225053368,-0.0719388508,-6.51230195,0.0793278732,0.0100819018,FollowWall,following_right_wall,0,14,42,0.504473805,1.94027132,1,1,1,0.336357296,-1,100,0,0,0,0,0
3.05,0.228996392,-0.0723880163,-6.48525094,0.0793278732,0.0100819018,FollowWall,following_right_wall,0,14,42,0.504473805,1.94027132,1,1,1,0.336357296,-1,100,0,0,0,0,0
3.1,0.232938748,-0.0728351938,-6.4574368,0.0792832326,0.0107515107,FollowWall,following_right_wall,0,14,42,0.503385007,1.93230633,1,1,1,0.335454702,-1,100,0,0,0,0,0
3.15,0.236879887,-0.0732802522,-6.42837822,0.0792832326,0.0107515107,FollowWall,following_right_wall,0,14,42,0.503385007,1.93230633,1,1,1,0.335454702,-1,100,0,0,0,0,0
3.2,0.240820414,-0.0737231923,-6.39859371,0.0792689654,0.0109655184,FollowWall,following_right_wall,0,14,42,0.502360404,1.92435779,1,1,1,0.334534079,-1,100,0,0,0,0,0
3.25,0.244760389,-0.0741639729,-6.36813028,0.0792689654,0.0109655184,FollowWall,following_right_wall,0,14,42,0.502360404,1.92435779,1,1,1,0.334534079,-1,100,0,0,0,0,0
3.3,0.248700141,-0.0746025939,-6.33727083,0.0792677378,0.0109839332,FollowWall,following_right_wall,0,14,42,0.501387656,1.91642808,1,1,1,0.333596915,-1,100,0,0,0,0,0
3.35,0.252639838,-0.0750390518,-6.30615838,0.0792677378,0.0109839332,FollowWall,following_right_wall,0,14,42,0.501387656,1.91642808,1,1,1,0.333596915,-1,100,0,0,0,0,0
3.4,0.2565796,-0.0754733464,-6.27489834,0.0792763914,0.0108541283,FollowWall,following_right_wall,0,14,42,0.500454664,1.90850511,1,1,1,0.332759798,-1,100,0,0,0,0,0
3.45,0.260519679,-0.0759055026,-6.24370716,0.0792763914,0.0108541283,FollowWall,following_right_wall,0,14,42,0.500454664,1.90850511,1,1,1,0.332759798,-1,100,0,0,0,0,0
3.5,0.264460038,-0.0763355202,-6.21255615,0.0792709941,0.0109350892,FollowWall,following_right_wall,0,14,42,0.499552399,1.90023766,1,1,1,0.331714928,-1,100,0,0,0,0,0
3.55,0.268400546,-0.0767633837,-6.18133192,0.0792709941,0.0109350892,FollowWall,following_right_wall,0,14,42,0.499552399,1.90023766,1,1,1,0.331714928,-1,100,0,0,0,0,0
3.6,0.272341238,-0.0771890929,-6.15006498,0.0792687497,0.0109687543,FollowWall,following_right_wall,0,14,42,0.498683691,1.89196034,1,1,1,0.33069706,-1,100,0,0,0,0,0
3.65,0.276282086,-0.0776126413,-6.11873295,0.0792687497,0.0109687543,FollowWall,following_right_wall,0,14,42,0.498683691,1.89196034,1,1,1,0.33069706,-1,100,0,0,0,0,0
3.7,0.280223121,-0.0780340285,-6.08736295,0.0792609823,0.0110852652,FollowWall,following_right_wall,0,14,42,0.49785012,1.8836748,1,1,1,0.329586476,-1,100,0,0,0,0,0
3.75,0.284164201,-0.0784532325,-6.05583172,0.0792609823,0.0110852652,FollowWall,following_right_wall,0,14,42,0.49785012,1.8836748,1,1,1,0.329586476,-1,100,0,0,0,0,0
3.8,0.288105402,-0.0788702528,-6.02420644,0.0792616738,0.0110748936,FollowWall,following_right_wall,0,14,42,0.497054994,1.87538235,1,1,1,0.328570575,-1,100,0,0,0,0,0
3.85,0.292046784,-0.0792850911,-5.99253868,0.0792616738,0.0110748936,FollowWall,following_right_wall,0,14,42,0.497054994,1.87538235,1,1,1,0.328570575,-1,100,0,0,0,0,0
3.9,0.295988365,-0.079697747,-5.96084614,0.0792721488,0.0109177675,FollowWall,following_right_wall,0,14,42,0.496296734,1.86708503,1,1,1,0.327672333,-1,100,0,0,0,0,0
3.95,0.299930375,-0.0801082494,-5.9293267,0.0792721488,0.0109177675,FollowWall,following_right_wall,0,14,42,0.496296734,1.86708503,1,1,1,0.327672333,-1,100,0,0,0,0,0
4,0.303872726,-0.0805165987,-5.89790824,0.0792729076,0.0109063857,FollowWall,following_right_wall,0,14,42,0.495569885,1.85878484,1,1,1,0.326639324,-1,100,0,0,0,0,0
4.05,0.307815383,-0.0809227973,-5.86656226,0.0792729076,0.0109063857,FollowWall,following_right_wall,0,14,42,0.495569885,1.85878484,1,1,1,0.326639324,-1,100,0,0,0,0,0
4.1,0.311758312,-0.0813268453,-5.83525857,0.0792797198,0.0108042028,FollowWall,following_right_wall,0,14,42,0.494876146,1.85048347,1,1,1,0.325684249,-1,100,0,0,0,0,0
4.15,0.315701629,-0.0817287614,-5.80410151,0.0792797198,0.0108042028,FollowWall,following_right_wall,0,14,42,0.494876146,1.85048347,1,1,1,0.325684249,-1,100,0,0,0,0,0
4.2,0.319645264,-0.0821285461,-5.77303,0.0792951901,0.010572149,FollowWall,following_right_wall,0,14,42,0.494214505,1.8421828,1,1,1,0.324844867,-1,100,0,0,0,0,0
4.25,0.323589492,-0.0825262415,-5.74228537,0.0792951901,0.010572149,FollowWall,following_right_wall,0,14,42,0.494214505,1.8421828,1,1,1,0.324844867,-1,100,0,0,0,0,0
4.3,0.327534153,-0.082921849,-5.71173144,0.0793147066,0.0102794003,FollowWall,following_right_wall,0,14,42,0.493580103,1.83388488,1,1,1,0.324069142,-1,100,0,0,0,0,0
4.35,0.331479556,-0.0833154221,-5.68163818,0.0793147066,0.0102794003,FollowWall,following_right_wall,0,14,42,0.493580103,1.83388488,1,1,1,0.324069142,-1,100,0,0,0,0,0
4.4,0.335425475,-0.0837069629,-5.65181364,0.0793314664,0.0100280041,FollowWall,following_right_wall,0,14,42,0.492968351,1.82559148,1,1,1,0.32327494,-1,100,0,0,0,0,0
4.45,0.339372126,-0.0840965177,-5.62244595,0.0793314664,0.0100280041,FollowWall,following_right_wall,0,14,42,0.492968351,1.82559148,1,1,1,0.32327494,-1,100,0,0,0,0,0
4.5,0.343319283,-0.084484089,-5.59334475,0.0793358916,0.00996162623,FollowWall,following_right_wall,0,14,42,0.492378205,1.81730451,1,1,1,0.322336704,-1,100,0,0,0,0,0
4.55,0.347266907,-0.08486969,-5.56447823,0.0793358916,0.00996162623,FollowWall,following_right_wall,0,14,42,0.492378205,1.81730451,1,1,1,0.322336704,-1,100,0,0,0,0,0
4.6,0.351214883,-0.0852533223,-5.53574862,0.0793496602,0.00975509739,FollowWall,following_right_wall,0,14,42,0.491814703,1.8090254,1,1,1,0.321534157,-1,100,0,0,0,0,0
4.65,0.355163428,-0.0856350227,-5.50734538,0.0793496602,0.00975509739,FollowWall,following_right_wall,0,14,42,0.491814703,1.8090254,1,1,1,0.321534157,-1,100,0,0,0,0,0
4.7,0.359112382,-0.0860147934,-5.47913254,0.0793758371,0.00936244386,FollowWall,following_right_wall,0,14,42,0.491276145,1.80075594,1,1,1,0.320909828,-1,100,0,0,0,0,0
4.75,0.363062192,-0.0863927037,-5.45149946,0.0793758371,0.00936244386,FollowWall,following_right_wall,0,14,42,0.491276145,1.80075594,1,1,1,0.320909828,-1,100,0,0,0,0,0
4.8,0.367012574,-0.0867687581,-5.42420456,0.0793973356,0.00903996634,FollowWall,following_right_wall,0,14,42,0.490754932,1.79249802,1,1,1,0.320250362,-1,100,0,0,0,0,0
4.85,0.370963807,-0.0871430144,-5.39749188,0.0793973356,0.00903996634,FollowWall,following_right_wall,0,14,42,0.490754932,1.79249802,1,1,1,0.320250362,-1,100,0,0,0,0,0
4.9,0.374915607,-0.0875154773,-5.37111881,0.0794039761,0.00894035917,FollowWall,following_right_wall,0,14,42,0.490248412,1.78425332,1,1,1,0.319425613,-1,100,0,0,0,0,0
4.95,0.378867944,-0.0878861666,-5.34506276,0.0794039761,0.00894035917,FollowWall,following_right_wall,0,14,42,0.490248412,1.78425332,1,1,1,0.319425613,-1,100,0,0,0,0,0
5,0.382820663,-0.0882550848,-5.31919162,0.0794145109,0.00878233612,FollowWall,following_right_wall,0,14,42,0.489761978,1.77602326,1,1,1,0.318671614,-1,100,0,0,0,0,0
5.05,0.38677389,-0.0886222603,-5.29361699,0.0794145109,0.00878233612,FollowWall,following_right_wall,0,14,42,0.489761978,1.77602326,1,1,1,0.318671614,-1,100,0,0,0,0,0
5.1,0.390727481,-0.0889876957,-5.26821531,0.0794405003,0.00839249523,FollowWall,following_right_wall,0,14,42,0.489296496,1.76780915,1,1,1,0.318136632,-1,100,0,0,0,0,0
5.15,0.394681888,-0.0893514582,-5.24337986,0.0794405003,0.00839249523,FollowWall,following_right_wall,0,14,42,0.489296496,1.76780915,1,1,1,0.318136632,-1,100,0,0,0,0,0
5.2,0.398636834,-0.089713553,-5.21887471,0.0794456827,0.00831476024,FollowWall,following_right_wall,0,14,42,0.488843858,1.75961279,1,1,1,0.317357749,-1,100,0,0,0,0,0
5.25,0.402592264,-0.0900739962,-5.19465502,0.0794456827,0.00831476024,FollowWall,following_right_wall,0,14,42,0.488843858,1.75961279,1,1,1,0.317357749,-1,100,0,0,0,0,0
5.3,0.406548039,-0.0904327906,-5.17060186,0.0794714603,0.00792809588,FollowWall,following_right_wall,0,14,42,0.488408059,1.75045818,1,1,1,0.316867858,-1,100,0,0,0,0,0
5.35,0.410504609,-0.0907900021,-5.14710738,0.0794714603,0.00792809588,FollowWall,following_right_wall,0,14,42,0.488408059,1.75045818,1,1,1,0.316867858,-1,100,0,0,0,0,0
5.4,0.414461703,-0.0911456364,-5.1239388,0.0794796274,0.00780558965,FollowWall,following_right_wall,0,14,42,0.487982154,1.74279714,1,1,1,0.316178024,-1,100,0,0,0,0,0
5.45,0.418419328,-0.0914997169,-5.10110656,0.0794796274,0.00780558965,FollowWall,following_right_wall,0,14,42,0.487982154,1.74279714,1,1,1,0.316178024,-1,100,0,0,0,0,0
5.5,0.422377321,-0.0918522474,-5.07847052,0.0794821709,0.00776743703,FollowWall,following_right_wall,0,14,42,0.487568349,1.7351424,1,1,1,0.315438569,-1,100,0,0,0,0,0
5.55,0.426335638,-0.0922032361,-5.05599446,0.0794821709,0.00776743703,FollowWall,following_right_wall,0,14,42,0.487568349,1.7351424,1,1,1,0.315438569,-1,100,0,0,0,0,0
5.6,0.430294201,-0.0925526848,-5.03361174,0.0794822885,0.00776567212,FollowWall,following_right_wall,0,14,42,0.487170547,1.72702902,1,1,1,0.314681083,-1,100,0,0,0,0,0
5.65,0.434252965,-0.0929005947,-5.01128556,0.0794822885,0.00776567212,FollowWall,following_right_wall,0,14,42,0.487170547,1.72702902,1,1,1,0.314681083,-1,100,0,0,0,0,0
5.7,0.438211902,-0.0932469665,-4.98899236,0.0794804169,0.00779374624,FollowWall,following_right_wall,0,14,42,0.486790478,1.7189391,1,1,1,0.313905209,-1,100,0,0,0,0,0
5.75,0.442170957,-0.093591796,-4.9666849,0.0794804169,0.00779374624,FollowWall,following_right_wall,0,14,42,0.486790478,1.7189391,1,1,1,0.313905209,-1,100,0,0,0,0,0
5.8,0.446130137,-0.0939350829,-4.94436912,0.0794637595,0.00804360717,FollowWall,following_right_wall,0,14,42,0.486428767,1.71087335,1,1,1,0.312942088,-1,100,0,0,0,0,0
5.85,0.4500891,-0.094276787,-4.92175023,0.0794637595,0.00804360717,FollowWall,following_right_wall,0,14,42,0.486428767,1.71087335,1,1,1,0.312942088,-1,100,0,0,0,0,0
5.9,0.454047992,-0.0946169044,-4.89895453,0.0794721459,0.0079178108,FollowWall,following_right_wall,0,14,42,0.486091197,1.70283271,1,1,1,0.312292308,-1,100,0,0,0,0,0
5.95,0.458007075,-0.094955453,-4.87620584,0.0794721459,0.0079178108,FollowWall,following_right_wall,0,14,42,0.486091197,1.70283271,1,1,1,0.312292308,-1,100,0,0,0,0,0
6,0.461966322,-0.0952924332,-4.85348459,0.0794672606,0.00799109173,FollowWall,following_right_wall,0,14,42,0.485768944,1.69481756,1,1,1,0.311475366,-1,100,0,0,0,0,0
6.05,0.465925621,-0.0956278339,-4.83069186,0.0794672606,0.00799109173,FollowWall,following_right_wall,0,14,42,0.485768944,1.69481756,1,1,1,0.311475366,-1,100,0,0,0,0,0
6.1,0.469885005,-0.0959616541,-4.80785744,0.0794597498,0.00810375297,FollowWall,following_right_wall,0,14,42,0.485461026,1.68682848,1,1,1,0.310627669,-1,100,0,0,0,0,0
6.15,0.473844337,-0.0962938752,-4.78486422,0.0794597498,0.00810375297,FollowWall,following_right_wall,0,14,42,0.485461026,1.68682848,1,1,1,0.310627669,-1,100,0,0,0,0,0
6.2,0.477803695,-0.0966244953,-4.76177836,0.0794506214,0.00824067928,FollowWall,following_right_wall,0,14,42,0.485168427,1.67886571,1,1,1,0.309757471,-1,100,0,0,0,0,0
6.25,0.481762935,-0.0969534916,-4.73847503,0.0794506214,0.00824067928,FollowWall,following_right_wall,0,14,42,0.485168427,1.67886571,1,1,1,0.309757471,-1,100,0,0,0,0,0
6.3,0.485722162,-0.097280861,-4.71504483,0.0794498678,0.00825198291,FollowWall,following_right_wall,0,14,42,0.484891206,1.6709295,1,1,1,0.308989376,-1,100,0,0,0,0,0
6.35,0.489681421,-0.0976065999,-4.69152713,0.0794498678,0.00825198291,FollowWall,following_right_wall,0,14,42,0.484891206,1.6709295,1,1,1,0.308989376,-1,100,0,0,0,0,0
6.4,0.493640754,-0.0979307071,-4.6679584,0.079460267,0.00809599568,FollowWall,following_right_wall,0,14,42,0.484624565,1.66301971,1,1,1,0.308364034,-1,100,0,0,0,0,0
6.45,0.497600401,-0.0982532057,-4.64454609,0.079460267,0.00809599568,FollowWall,following_right_wall,0,14,42,0.484624565,1.66301971,1,1,1,0.308364034,-1,100,0,0,0,0,0
6.5,0.501560285,-0.0985740981,-4.62122502,0.0794793953,0.00780906998,FollowWall,following_right_wall,0,14,42,0.484359771,1.65513588,1,1,1,0.30786252,-1,100,0,0,0,0,0
6.55,0.505520757,-0.0988934293,-4.59829968,0.0794793953,0.00780906998,FollowWall,following_right_wall,0,14,42,0.484359771,1.65513588,1,1,1,0.30786252,-1,100,0,0,0,0,0
6.6,0.509481624,-0.0992112053,-4.57560517,0.0794640661,0.0080390086,FollowWall,following_right_wall,0,14,42,0.484087259,1.64727741,1,1,1,0.306950629,-1,100,0,0,0,0,0
6.65,0.513442454,-0.0995273946,-4.55277084,0.0794640661,0.0080390086,FollowWall,following_right_wall,0,14,42,0.484087259,1.64727741,1,1,1,0.306950629,-1,100,0,0,0,0,0
6.7,0.517403316,-0.099841995,-4.52985496,0.0794518647,0.00822203014,FollowWall,following_right_wall,0,14,42,0.483816952,1.6394443,1,1,1,0.306084454,-1,100,0,0,0,0,0
6.75,0.521363996,-0.100154978,-4.50667304,0.0794518647,0.00822203014,FollowWall,following_right_wall,0,14,42,0.483816952,1.6394443,1,1,1,0.306084454,-1,100,0,0,0,0,0
6.8,0.525324622,-0.100466338,-4.48333593,0.0794715696,0.0079264556,FollowWall,following_right_wall,0,14,42,0.483553261,1.63163572,1,1,1,0.305615634,-1,100,0,0,0,0,0
6.85,0.529285678,-0.100776118,-4.4602611,0.0794715696,0.0079264556,FollowWall,following_right_wall,0,14,42,0.483553261,1.63163572,1,1,1,0.305615634,-1,100,0,0,0,0,0
6.9,0.533247036,-0.101084322,-4.43733928,0.0794616188,0.00807571853,FollowWall,following_right_wall,0,14,42,0.483281881,1.62385059,1,1,1,0.304789513,-1,100,0,0,0,0,0
6.95,0.537208414,-0.101390931,-4.41432853,0.0794616188,0.00807571853,FollowWall,following_right_wall,0,14,42,0.483281881,1.62385059,1,1,1,0.304789513,-1,100,0,0,0,0,0
7,0.541169855,-0.101695941,-4.39126592,0.0794477131,0.00828430359,FollowWall,following_right_wall,0,14,42,0.483006716,1.61608808,1,1,1,0.30411008,-1,100,0,0,0,0,0
7.05,0.545131094,-0.101999323,-4.36792407,0.0794477131,0.00828430359,FollowWall,following_right_wall,0,14,42,0.483006716,1.61608808,1,1,1,0.30411008,-1,100,0,0,0,0,0
7.1,0.549092269,-0.102301071,-4.34441933,0.0794333154,0.00850026843,FollowWall,following_right_wall,0,14,42,0.482732952,1.60834736,1,1,1,0.303643018,-1,100,0,0,0,0,0
7.15,0.553053159,-0.102601151,-4.32056179,0.0794333154,0.00850026843,FollowWall,following_right_wall,0,14,42,0.482732952,1.60834736,1,1,1,0.303643018,-1,100,0,0,0,0,0
7.2,0.557013935,-0.102899556,-4.29649844,0.0794304102,0.0085438466,FollowWall,following_right_wall,0,14,42,0.482462108,1.60062724,1,1,1,0.303265631,-1,100,0,0,0,0,0
7.25,0.560974636,-0.103196277,-4.27226302,0.0794304102,0.0085438466,FollowWall,following_right_wall,0,14,42,0.482462108,1.60062724,1,1,1,0.303265631,-1,100,0,0,0,0,0
7.3,0.564935347,-0.10349131,-4.24792722,0.079419906,0.00870141023,FollowWall,following_right_wall,0,14,42,0.482188761,1.59292617,1,1,1,0.302743554,-1,100,0,0,0,0,0
7.35,0.568895897,-0.103784632,-4.2233448,0.079419906,0.00870141023,FollowWall,following_right_wall,0,14,42,0.482188761,1.59292617,1,1,1,0.302743554,-1,100,0,0,0,0,0
7.4,0.572856406,-0.104076236,-4.19861851,0.0794100558,0.00884916345,FollowWall,following_right_wall,0,14,42,0.481912524,1.58524272,1,1,1,0.302176148,-1,100,0,0,0,0,0
7.45,0.576816739,-0.104366101,-4.17363193,0.0794100558,0.00884916345,FollowWall,following_right_wall,0,14,42,0.481912524,1.58524272,1,1,1,0.302176148,-1,100,0,0,0,0,0
7.5,0.580777023,-0.10465422,-4.14849352,0.0794166821,0.00874976797,FollowWall,following_right_wall,0,14,42,0.481633127,1.57757534,1,1,1,0.301756859,-1,100,0,0,0,0,0
7.55,0.584737467,-0.104940605,-4.12338517,0.0794166821,0.00874976797,FollowWall,following_right_wall,0,14,42,0.481633127,1.57757534,1,1,1,0.301756859,-1,100,0,0,0,0,0
7.6,0.588698056,-0.105225257,-4.09829437,0.0794341903,0.00848714583,FollowWall,following_right_wall,0,14,42,0.481342345,1.56967602,1,1,1,0.301426202,-1,100,0,0,0,0,0
7.65,0.592659145,-0.105508213,-4.07352729,0.0794341903,0.00848714583,FollowWall,following_right_wall,0,14,42,0.481342345,1.56967602,1,1,1,0.301426202,-1,100,0,0,0,0,0
7.7,0.596620575,-0.105789478,-4.04894904,0.0794319488,0.0085207673,FollowWall,following_right_wall,0,14,42,0.481030017,1.56154284,1,1,1,0.300819039,-1,100,0,0,0,0,0
7.75,0.600582205,-0.106069052,-4.02444081,0.0794319488,0.0085207673,FollowWall,following_right_wall,0,14,42,0.481030017,1.56154284,1,1,1,0.300819039,-1,100,0,0,0,0,0
7.8,0.604544003,-0.106346936,-3.99997343,0.0794138418,0.0087923726,FollowWall,following_right_wall,0,14,42,0.480699867,1.55343349,1,1,1,0.299974978,-1,100,0,0,0,0,0
7.85,0.60850557,-0.106623093,-3.97520567,0.0794138418,0.0087923726,FollowWall,following_right_wall,0,14,42,0.480699867,1.55343349,1,1,1,0.299974978,-1,100,0,0,0,0,0
7.9,0.612467054,-0.106897518,-3.95026268,0.0794251384,0.00862292365,FollowWall,following_right_wall,0,14,42,0.480362028,1.54534939,1,1,1,0.299432874,-1,100,0,0,0,0,0
7.95,0.616428773,-0.10717023,-3.92541975,0.0794251384,0.00862292365,FollowWall,following_right_wall,0,14,42,0.480362028,1.54534939,1,1,1,0.299432874,-1,100,0,0,0,0,0
8,0.620390677,-0.10744123,-3.90063519,0.0794397353,0.00840397072,FollowWall,following_right_wall,0,14,42,0.480008066,1.53729114,1,1,1,0.29888308,-1,100,0,0,0,0,0
8.05,0.62435304,-0.107710551,-3.87614602,0.0794397353,0.00840397072,FollowWall,following_right_wall,0,14,42,0.480008066,1.53729114,1,1,1,0.29888308,-1,100,0,0,0,0,0
8.1,0.628315718,-0.107978197,-3.85182918,0.079446433,0.00830350535,FollowWall,following_right_wall,0,14,42,0.479630321,1.52925921,1,1,1,0.298201025,-1,100,0,0,0,0,0
8.15,0.632278765,-0.108244186,-3.82773277,0.079446433,0.00830350535,FollowWall,following_right_wall,0,14,42,0.479630321,1.52925921,1,1,1,0.298201025,-1,100,0,0,0,0,0
8.2,0.636242071,-0.108508523,-3.80376495,0.0794758975,0.00786153799,FollowWall,following_right_wall,0,14,42,0.479229152,1.52125397,1,1,1,0.297760993,-1,100,0,0,0,0,0
8.25,0.640206187,-0.108771269,-3.78039971,0.0794758975,0.00786153799,FollowWall,following_right_wall,0,14,42,0.479229152,1.52125397,1,1,1,0.297760993,-1,100,0,0,0,0,0
8.3,0.644170816,-0.109032437,-3.75738596,0.0794744437,0.0078833448,FollowWall,following_right_wall,0,14,42,0.478795081,1.51327553,1,1,1,0.296923727,-1,100,0,0,0,0,0
8.35,0.648135758,-0.109292033,-3.73455122,0.0794744437,0.0078833448,FollowWall,following_right_wall,0,14,42,0.478795081,1.51327553,1,1,1,0.296923727,-1,100,0,0,0,0,0
8.4,0.652100923,-0.10955006,-3.71182091,0.079475756,0.00786365936,FollowWall,following_right_wall,0,14,42,0.478336424,1.50532426,1,1,1,0.296086997,-1,100,0,0,0,0,0
8.45,0.656066289,-0.109806523,-3.68917501,0.079475756,0.00786365936,FollowWall,following_right_wall,0,14,42,0.478336424,1.50532426,1,1,1,0.296086997,-1,100,0,0,0,0,0
8.5,0.660031812,-0.110061425,-3.66657835,0.079513779,0.00729331458,FollowWall,following_right_wall,0,14,42,0.477858216,1.4974005,1,1,1,0.295654178,-1,100,0,0,0,0,0
8.55,0.663998258,-0.110314839,-3.64469121,0.079513779,0.00729331458,FollowWall,following_right_wall,0,14,42,0.477858216,1.4974005,1,1,1,0.295654178,-1,100,0,0,0,0,0
8.6,0.667965281,-0.110566784,-3.62321796,0.0795396773,0.00690484107,FollowWall,following_right_wall,0,14,42,0.477345407,1.48950307,1,1,1,0.295060664,-1,100,0,0,0,0,0
8.65,0.671933214,-0.110817317,-3.60244985,0.0795396773,0.00690484107,FollowWall,following_right_wall,0,14,42,0.477345407,1.48950307,1,1,1,0.295060664,-1,100,0,0,0,0,0
8.7,0.675901716,-0.111066457,-3.58209307,0.0795503108,0.00674533862,FollowWall,following_right_wall,0,14,42,0.476794749,1.48163149,1,1,1,0.294278055,-1,100,0,0,0,0,0
8.75,0.679870804,-0.111314232,-3.56216663,0.0795503108,0.00674533862,FollowWall,following_right_wall,0,14,42,0.476794749,1.48163149,1,1,1,0.294278055,-1,100,0,0,0,0,0
8.8,0.683840269,-0.111560654,-3.54249122,0.0795595,0.00660749967,FollowWall,following_right_wall,0,14,42,0.476213634,1.4737854,1,1,1,0.293495685,-1,100,0,0,0,0,0
8.85,0.687810179,-0.111805746,-3.52312677,0.0795595,0.00660749967,FollowWall,following_right_wall,0,14,42,0.476213634,1.4737854,1,1,1,0.293495685,-1,100,0,0,0,0,0
8.9,0.691780382,-0.112049516,-3.50394373,0.0795320889,0.00701866647,FollowWall,following_right_wall,0,14,42,0.475607365,1.46596433,1,1,1,0.292690814,-1,100,0,0,0,0,0
8.95,0.69575022,-0.112291915,-3.4843757,0.0795320889,0.00701866647,FollowWall,following_right_wall,0,14,42,0.475607365,1.46596433,1,1,1,0.292690814,-1,100,0,0,0,0,0
9,0.69971988,-0.112532935,-3.4645831,0.0795232702,0.00715094685,FollowWall,following_right_wall,0,14,42,0.474995464,1.45816827,1,1,1,0.292095065,-1,100,0,0,0,0,0
9.05,0.703689288,-0.112772554,-3.4445016,0.0795232702,0.00715094685,FollowWall,following_right_wall,0,14,42,0.474995464,1.45816827,1,1,1,0.292095065,-1,100,0,0,0,0,0
9.1,0.707658585,-0.113010763,-3.42425158,0.0795665183,0.00650222521,FollowWall,following_right_wall,0,14,42,0.474381089,1.44658173,1,1,1,0.291880608,-1,100,0,0,0,0,0
9.15,0.711628749,-0.11324764,-3.40467761,0.0795665183,0.00650222521,FollowWall,following_right_wall,0,14,42,0.474381089,1.44658173,1,1,1,0.291880608,-1,100,0,0,0,0,0
9.2,0.715599451,-0.113483202,-3.385498,0.0796131362,0.00580295655,FollowWall,following_right_wall,0,14,42,0.473740608,1.43855008,1,1,1,0.291529477,-1,100,0,0,0,0,0
9.25,0.719571467,-0.113717544,-3.36738313,0.0796131362,0.00580295655,FollowWall,following_right_wall,0,14,42,0.473740608,1.43855008,1,1,1,0.291529477,-1,100,0,0,0,0,0
9.3,0.723544276,-0.113950695,-3.34988935,0.0796690369,0.00496444592,FollowWall,following_right_wall,0,14,42,0.473059624,1.43053876,1,1,1,0.291379958,-1,100,0,0,0,0,0
9.35,0.727518738,-0.114182772,-3.33375877,0.0796690369,0.00496444592,FollowWall,following_right_wall,0,14,42,0.473059624,1.43053876,1,1,1,0.291379958,-1,100,0,0,0,0,0
9.4,0.731494186,-0.114413811,-3.3184234,0.079711505,0.00432742526,FollowWall,following_right_wall,0,14,42,0.472329229,1.42254659,1,1,1,0.291181624,-1,100,0,0,0,0,0
9.45,0.735471116,-0.114643911,-3.30431228,0.079711505,0.00432742526,FollowWall,following_right_wall,0,14,42,0.472329229,1.42254659,1,1,1,0.291181624,-1,100,0,0,0,0,0
9.5,0.739448931,-0.114873104,-3.29091531,0.0797077015,0.00438447733,FollowWall,following_right_wall,0,14,42,0.471552134,1.41457461,1,1,1,0.290548086,-1,100,0,0,0,0,0
9.55,0.743427203,-0.115101402,-3.27786683,0.0797077015,0.00438447733,FollowWall,following_right_wall,0,14,42,0.471552134,1.41457461,1,1,1,0.290548086,-1,100,0,0,0,0,0
9.6,0.747405763,-0.115328815,-3.26502163,0.0797110836,0.00433374627,FollowWall,following_right_wall,0,14,42,0.470752835,1.40662701,1,1,1,0.290072918,-1,100,0,0,0,0,0
9.65,0.751384581,-0.115555354,-3.25235557,0.0797110836,0.00433374627,FollowWall,following_right_wall,0,14,42,0.470752835,1.40662701,1,1,1,0.290072918,-1,100,0,0,0,0,0
9.7,0.755363571,-0.115781024,-3.239794,0.0797250119,0.00412482192,FollowWall,following_right_wall,0,14,42,0.46994251,1.39870545,1,1,1,0.289780259,-1,100,0,0,0,0,0
9.75,0.75934297,-0.116005853,-3.22754278,0.0797250119,0.00412482192,FollowWall,following_right_wall,0,14,42,0.46994251,1.39870545,1,1,1,0.289780259,-1,100,0,0,0,0,0
9.8,0.763322626,-0.116229849,-3.21547259,0.0797318009,0.00402298702,FollowWall,following_right_wall,0,14,42,0.4691208,1.39080967,1,1,1,0.289467365,-1,100,0,0,0,0,0
9.85,0.767302594,-0.116453029,-3.20362956,0.0797318009,0.00402298702,FollowWall,following_right_wall,0,14,42,0.4691208,1.39080967,1,1,1,0.289467365,-1,100,0,0,0,0,0
9.9,0.771282761,-0.1166754,-3.19191904,0.0797185583,0.00422162506,FollowWall,following_right_wall,0,14,42,0.468291074,1.3829397,1,1,1,0.288982332,-1,100,0,0,0,0,0
9.95,0.775262788,-0.116896941,-3.18004871,0.0797185583,0.00422162506,FollowWall,following_right_wall,0,14,42,0.468291074,1.3829397,1,1,1,0.288982332,-1,100,0,0,0,0,0
10,0.779242753,-0.117117649,-3.16808515,0.0796734495,0.00489825675,FollowWall,following_right_wall,0,14,42,0.467465848,1.37509694,1,1,1,0.288170636,-1,100,0,0,0,0,0
10.05,0.783221764,-0.11733744,-3.15525955,0.0796734495,0.00489825675,FollowWall,following_right_wall,0,14,42,0.467465848,1.37509694,1,1,1,0.288170636,-1,100,0,0,0,0,0
10.1,0.787200241,-0.117556291,-3.14193108,0.0796544896,0.00518265618,FollowWall,following_right_wall,0,14,42,0.466667742,1.36728415,1,1,1,0.287675917,-1,100,0,0,0,0,0
10.15,0.791178034,-0.117774154,-3.12796981,0.0796544896,0.00518265618,FollowWall,following_right_wall,0,14,42,0.466667742,1.36728415,1,1,1,0.287675917,-1,100,0,0,0,0,0
10.2,0.795155453,-0.117991012,-3.11363939,0.0796679949,0.00498007657,FollowWall,following_right_wall,0,14,42,0.465897799,1.35950047,1,1,1,0.287573367,-1,100,0,0,0,0,0
10.25,0.799132956,-0.118206878,-3.09933545,0.0796679949,0.00498007657,FollowWall,following_right_wall,0,14,42,0.465897799,1.35950047,1,1,1,0.287573367,-1,100,0,0,0,0,0
10.3,0.803110531,-0.118421752,-3.08504695,0.079652691,0.00520963516,FollowWall,following_right_wall,0,14,42,0.465140462,1.351742,1,1,1,0.287178695,-1,100,0,0,0,0,0
10.35,0.807087852,-0.118635608,-3.07049346,0.079652691,0.00520963516,FollowWall,following_right_wall,0,14,42,0.465140462,1.351742,1,1,1,0.287178695,-1,100,0,0,0,0,0
10.4,0.811065048,-0.118848439,-3.05578537,0.079612777,0.0058083449,FollowWall,following_right_wall,0,14,42,0.464401722,1.34400814,1,1,1,0.286534518,-1,100,0,0,0,0,0
10.45,0.815041364,-0.119060172,-3.04027245,0.079612777,0.0058083449,FollowWall,following_right_wall,0,14,42,0.464401722,1.34400814,1,1,1,0.286534518,-1,100,0,0,0,0,0
10.5,0.819017194,-0.119270782,-3.02429005,0.0795684698,0.00647295255,FollowWall,following_right_wall,0,14,42,0.46369952,1.33630043,1,1,1,0.285848796,-1,100,0,0,0,0,0
10.55,0.822991843,-0.119480182,-3.00724047,0.0795684698,0.00647295255,FollowWall,following_right_wall,0,14,42,0.46369952,1.33630043,1,1,1,0.285848796,-1,100,0,0,0,0,0
10.6,0.826965833,-0.119688339,-2.98956836,0.0795362598,0.00695610279,FollowWall,following_right_wall,0,14,42,0.463046432,1.32861922,1,1,1,0.285294712,-1,100,0,0,0,0,0
10.65,0.830938796,-0.11989518,-2.97095639,0.0795362598,0.00695610279,FollowWall,following_right_wall,0,14,42,0.463046432,1.32861922,1,1,1,0.285294712,-1,100,0,0,0,0,0
10.7,0.834911191,-0.12010068,-2.95179617,0.0795331692,0.00700246219,FollowWall,following_right_wall,0,14,42,0.46244362,1.32096275,1,1,1,0.285070449,-1,100,0,0,0,0,0
10.75,0.838883218,-0.120304815,-2.93226081,0.0795331692,0.00700246219,FollowWall,following_right_wall,0,14,42,0.46244362,1.32096275,1,1,1,0.285070449,-1,100,0,0,0,0,0
10.8,0.842855061,-0.120507576,-2.9125066,0.0794881922,0.00767711713,FollowWall,following_right_wall,0,14,42,0.461878598,1.31332683,1,1,1,0.284375131,-1,100,0,0,0,0,0
10.85,0.846825891,-0.12070888,-2.89181943,0.0794881922,0.00767711713,FollowWall,following_right_wall,0,14,42,0.461878598,1.31332683,1,1,1,0.284375131,-1,100,0,0,0,0,0
10.9,0.850796162,-0.120908699,-2.87058803,0.079444903,0.00832645429,FollowWall,following_right_wall,0,14,42,0.461364686,1.30548534,1,1,1,0.283693433,-1,100,0,0,0,0,0
10.95,0.854765239,-0.121106946,-2.84826408,0.079444903,0.00832645429,FollowWall,following_right_wall,0,14,42,0.461364686,1.30548534,1,1,1,0.283693433,-1,100,0,0,0,0,0
11,0.858733653,-0.121303588,-2.8253028,0.079428684,0.00856974022,FollowWall,following_right_wall,0,14,42,0.46091184,1.29737826,1,1,1,0.282962769,-1,100,0,0,0,0,0
11.05,0.862701378,-0.121498578,-2.80167934,0.079428684,0.00856974022,FollowWall,following_right_wall,0,14,42,0.46091184,1.29737826,1,1,1,0.282962769,-1,100,0,0,0,0,0
11.1,0.866668734,-0.121691898,-2.77766962,0.0794563989,0.0081540166,FollowWall,following_right_wall,0,14,42,0.460512429,1.28929771,1,1,1,0.282554507,-1,100,0,0,0,0,0
11.15,0.870636485,-0.121883579,-2.75393081,0.0794563989,0.0081540166,FollowWall,following_right_wall,0,14,42,0.460512429,1.28929771,1,1,1,0.282554507,-1,100,0,0,0,0,0
11.2,0.874604499,-0.122073631,-2.73035003,0.0795020059,0.0074699118,FollowWall,following_right_wall,0,14,42,0.460142165,1.28124107,1,1,1,0.282433242,-1,100,0,0,0,0,0
11.25,0.878573645,-0.122262131,-2.70767802,0.0795020059,0.0074699118,FollowWall,following_right_wall,0,14,42,0.460142165,1.28124107,1,1,1,0.282433242,-1,100,0,0,0,0,0
11.3,0.882543481,-0.122449108,-2.68553614,0.0795205924,0.00719111463,FollowWall,following_right_wall,0,14,42,0.459780425,1.27320597,1,1,1,0.282136321,-1,100,0,0,0,0,0
11.35,0.886514134,-0.122634608,-2.66403628,0.0795205924,0.00719111463,FollowWall,following_right_wall,0,14,42,0.459780425,1.27320597,1,1,1,0.282136321,-1,100,0,0,0,0,0
11.4,0.890485291,-0.122818652,-2.64291093,0.0795622396,0.00656640663,FollowWall,following_right_wall,0,14,42,0.459431142,1.26519395,1,1,1,0.282088876,-1,100,0,0,0,0,0
11.45,0.894457635,-0.123001316,-2.62274974,0.0795622396,0.00656640663,FollowWall,following_right_wall,0,14,42,0.459431142,1.26519395,1,1,1,0.282088876,-1,100,0,0,0,0,0
11.5,0.898430696,-0.123182631,-2.60315098,0.0795802795,0.00629580822,FollowWall,following_right_wall,0,14,42,0.459088087,1.25720441,1,1,1,0.281765193,-1,100,0,0,0,0,0
11.55,0.902404574,-0.123362645,-2.5842033,0.0795802795,0.00629580822,FollowWall,following_right_wall,0,14,42,0.459088087,1.25720441,1,1,1,0.281765193,-1,100,0,0,0,0,0
11.6,0.906378953,-0.123541377,-2.56563541,0.0795906655,0.00614001772,FollowWall,following_right_wall,0,14,42,0.458757818,1.24923903,1,1,1,0.281338364,-1,100,0,0,0,0,0
11.65,0.910353862,-0.123718856,-2.54747504,0.0795906655,0.00614001772,FollowWall,following_right_wall,0,14,42,0.458757818,1.24923903,1,1,1,0.281338364,-1,100,0,0,0,0,0
11.7,0.914329103,-0.123895096,-2.52955239,0.0796226973,0.00565954083,FollowWall,following_right_wall,0,14,42,0.458448738,1.24129935,1,1,1,0.281129628,-1,100,0,0,0,0,0
11.75,0.918305226,-0.124070154,-2.51234193,0.0796226973,0.00565954083,FollowWall,following_right_wall,0,14,42,0.458448738,1.24129935,1,1,1,0.281129628,-1,100,0,0,0,0,0
11.8,0.922281884,-0.124244053,-2.49554691,0.0796575925,0.00513611198,FollowWall,following_right_wall,0,14,42,0.458154649,1.23338453,1,1,1,0.280934542,-1,100,0,0,0,0,0
11.85,0.926259599,-0.12441686,-2.47961904,0.0796575925,0.00513611198,FollowWall,following_right_wall,0,14,42,0.458154649,1.23338453,1,1,1,0.280934542,-1,100,0,0,0,0,0
11.9,0.930237949,-0.124588604,-2.464197,0.079691581,0.00462628516,FollowWall,following_right_wall,0,14,42,0.457869619,1.22549375,1,1,1,0.280719936,-1,100,0,0,0,0,0
11.95,0.934217395,-0.124759354,-2.44967858,0.079691581,0.00462628516,FollowWall,following_right_wall,0,14,42,0.457869619,1.22549375,1,1,1,0.280719936,-1,100,0,0,0,0,0
12,0.938197495,-0.12492914,-2.43568729,0.0796867708,0.00469843832,FollowWall,following_right_wall,0,14,42,0.457591414,1.21762629,1,1,1,0.280060381,-1,100,0,0,0,0,0
12.05,0.942177894,-0.125097973,-2.42191735,0.0796867708,0.00469843832,FollowWall,following_right_wall,0,14,42,0.457591414,1.21762629,1,1,1,0.280060381,-1,100,0,0,0,0,0
12.1,0.946158483,-0.12526586,-2.40827654,0.0796798886,0.00480167167,FollowWall,following_right_wall,0,14,42,0.457336813,1.20978464,1,1,1,0.279347062,-1,100,0,0,0,0,0
12.15,0.950139057,-0.125432795,-2.39458783,0.0796798886,0.00480167167,FollowWall,following_right_wall,0,14,42,0.457336813,1.20978464,1,1,1,0.279347062,-1,100,0,0,0,0,0
12.2,0.954119638,-0.125598776,-2.38087117,0.0797119502,0.00432074642,FollowWall,following_right_wall,0,14,42,0.457116336,1.20196989,1,1,1,0.279221147,-1,100,0,0,0,0,0
12.25,0.958100906,-0.125763852,-2.36771228,0.0797119502,0.00432074642,FollowWall,following_right_wall,0,14,42,0.457116336,1.20196989,1,1,1,0.279221147,-1,100,0,0,0,0,0
12.3,0.96208259,-0.125928039,-2.35487875,0.0797507804,0.00373829391,FollowWall,following_right_wall,0,14,42,0.456915498,1.19417892,1,1,1,0.279230684,-1,100,0,0,0,0,0
12.35,0.966065338,-0.126091408,-2.34293026,0.0797507804,0.00373829391,FollowWall,following_right_wall,0,14,42,0.456915498,1.19417892,1,1,1,0.279230684,-1,100,0,0,0,0,0
12.4,0.970048719,-0.126253989,-2.33149805,0.0797463775,0.00380433802,FollowWall,following_right_wall,0,14,42,0.456721306,1.1864089,1,1,1,0.278791785,-1,100,0,0,0,0,0
12.45,0.974032392,-0.126415793,-2.32028817,0.0797463775,0.00380433802,FollowWall,following_right_wall,0,14,42,0.456721306,1.1864089,1,1,1,0.278791785,-1,100,0,0,0,0,0
12.5,0.978016246,-0.126576828,-2.30920797,0.0797248256,0.00412761575,FollowWall,following_right_wall,0,14,42,0.456547588,1.17866101,1,1,1,0.278175086,-1,100,0,0,0,0,0
12.55,0.981999771,-0.126737067,-2.29781755,0.0797248256,0.00412761575,FollowWall,following_right_wall,0,14,42,0.456547588,1.17866101,1,1,1,0.278175086,-1,100,0,0,0,0,0
12.6,0.985983118,-0.1268965,-2.28624616,0.0797272433,0.00409135115,FollowWall,following_right_wall,0,14,42,0.456410736,1.1709368,1,1,1,0.277815193,-1,100,0,0,0,0,0
12.65,0.989966424,-0.127055124,-2.27461249,0.0797272433,0.00409135115,FollowWall,following_right_wall,0,14,42,0.456410736,1.1709368,1,1,1,0.277815193,-1,100,0,0,0,0,0
12.7,0.993949721,-0.127212935,-2.26294249,0.0797141344,0.00428798339,FollowWall,following_right_wall,0,14,42,0.456306487,1.16323423,1,1,1,0.277273625,-1,100,0,0,0,0,0
12.75,0.997932752,-0.127369915,-2.25101659,0.0797141344,0.00428798339,FollowWall,following_right_wall,0,14,42,0.456306487,1.16323423,1,1,1,0.277273625,-1,100,0,0,0,0,0
12.8,1.00191564,-0.127526053,-2.23894141,0.0797350597,0.00397410517,FollowWall,following_right_wall,0,14,42,0.456237048,1.15555214,1,1,1,0.277101547,-1,100,0,0,0,0,0
12.85,1.0058989,-0.127681376,-2.22715382,0.0797350597,0.00397410517,FollowWall,following_right_wall,0,14,42,0.456237048,1.15555214,1,1,1,0.277101547,-1,100,0,0,0,0,0
12.9,1.00988238,-0.127835892,-2.21553398,0.0797174858,0.00423771286,FollowWall,following_right_wall,0,14,42,0.456188202,1.14768188,1,1,1,0.276506424,-1,100,0,0,0,0,0
12.95,1.01386565,-0.127989583,-2.20369735,0.0797174858,0.00423771286,FollowWall,following_right_wall,0,14,42,0.456188202,1.14768188,1,1,1,0.276506424,-1,100,0,0,0,0,0
13,1.0178488,-0.128142441,-2.19173425,0.0796995248,0.00450712754,FollowWall,following_right_wall,0,14,42,0.456167936,1.13951528,1,1,1,0.275900751,-1,100,0,0,0,0,0
13.05,1.02183152,-0.128294436,-2.17937578,0.0796995248,0.00450712754,FollowWall,following_right_wall,0,14,42,0.456167936,1.13951528,1,1,1,0.275900751,-1,100,0,0,0,0,0
13.1,1.025814,-0.128445554,-2.16678669,0.0796833036,0.00475044644,FollowWall,following_right_wall,0,14,42,0.456182122,1.13137309,1,1,1,0.275296837,-1,100,0,0,0,0,0
13.15,1.02979603,-0.128595764,-2.15377263,0.0796833036,0.00475044644,FollowWall,following_right_wall,0,14,42,0.456182122,1.13137309,1,1,1,0.275296837,-1,100,0,0,0,0,0
13.2,1.0337778,-0.128745049,-2.14051066,0.079730568,0.0040414794,FollowWall,following_right_wall,0,14,42,0.456230879,1.12325685,1,1,1,0.275290579,-1,100,0,0,0,0,0
13.25,1.03776042,-0.128893468,-2.12795036,0.079730568,0.0040414794,FollowWall,following_right_wall,0,14,42,0.456230879,1.12325685,1,1,1,0.275290579,-1,100,0,0,0,0,0
13.3,1.04174355,-0.129041045,-2.11579935,0.0797828034,0.00325794889,FollowWall,following_right_wall,0,14,42,0.45628351,1.11516383,1,1,1,0.27525726,-1,100,0,0,0,0,0
13.35,1.04572807,-0.129187869,-2.10482237,0.0797828034,0.00325794889,FollowWall,following_right_wall,0,14,42,0.45628351,1.11516383,1,1,1,0.27525726,-1,100,0,0,0,0,0
13.4,1.04971342,-0.129333983,-2.09453025,0.0798013803,0.00297929586,FollowWall,following_right_wall,0,14,42,0.456318617,1.10709212,1,1,1,0.274949968,-1,100,0,0,0,0,0
13.45,1.05369964,-0.129479437,-2.08497023,0.0798013803,0.00297929586,FollowWall,following_right_wall,0,14,42,0.456318617,1.10709212,1,1,1,0.274949968,-1,100,0,0,0,0,0
13.5,1.05768639,-0.129624259,-2.07583729,0.0798425649,0.0023615259,FollowWall,following_right_wall,0,14,42,0.456341714,1.09904399,1,1,1,0.274981707,-1,100,0,0,0,0,0
13.55,1.0616743,-0.129768521,-2.06769087,0.0798425649,0.0023615259,FollowWall,following_right_wall,0,14,42,0.456341714,1.09904399,1,1,1,0.274981707,-1,100,0,0,0,0,0
13.6,1.0656629,-0.12991226,-2.06011993,0.0798407527,0.00238870914,FollowWall,following_right_wall,0,14,42,0.986464977,1.09101955,1,1,1,0.274632215,-1,100,0,0,0,0,0
13.65,1.06965187,-0.130055496,-2.05285224,0.0798407527,0.00238870914,FollowWall,following_right_wall,0,14,42,0.986464977,1.09101955,1,1,1,0.274632215,-1,100,0,0,0,0,0
13.7,1.07364107,-0.130198239,-2.04576144,0.0798496839,0.00225474091,FollowWall,following_right_wall,0,14,42,0.986833453,1.08302166,1,1,1,0.274472237,-1,100,0,0,0,0,0
13.75,1.07763059,-0.130340508,-2.03893374,0.0798496839,0.00225474091,FollowWall,following_right_wall,0,14,42,0.986833453,1.08302166,1,1,1,0.274472237,-1,100,0,0,0,0,0
13.8,1.08162031,-0.130482314,-2.03225952,0.0798530904,0.00220364351,FollowWall,following_right_wall,0,14,42,0.987242818,1.07505139,1,1,1,0.274313956,-1,100,0,0,0,0,0
13.85,1.08561021,-0.130623666,-2.02573582,0.0798530904,0.00220364351,FollowWall,following_right_wall,0,14,42,0.987242818,1.07505139,1,1,1,0.274313956,-1,100,0,0,0,0,0
13.9,1.08960024,-0.130764571,-2.01929992,0.0798535838,0.00219624271,FollowWall,following_right_wall,0,14,42,0.987683356,1.06616578,1,1,1,0.274181247,-1,100,0,0,0,0,0
13.95,1.09359035,-0.130905032,-2.01292407,0.0798535838,0.00219624271,FollowWall,following_right_wall,0,14,42,0.987683356,1.06616578,1,1,1,0.274181247,-1,100,0,0,0,0,0
14,1.09758051,-0.131045052,-2.00658326,0.0798444369,0.00233344621,FollowWall,following_right_wall,0,14,42,0.988145411,1.05846793,1,1,1,0.273994774,-1,100,0,0,0,0,0
14.05,1.10157053,-0.131184619,-2.0000991,0.0798444369,0.00233344621,FollowWall,following_right_wall,0,14,42,0.988145411,1.05846793,1,1,1,0.273994774,-1,100,0,0,0,0,0
14.1,1.10556046,-0.131323729,-1.99353133,0.0797903595,0.00314460822,FollowWall,following_right_wall,0,14,42,0.988611817,1.05078989,1,1,1,0.273354918,-1,100,0,0,0,0,0
14.15,1.10954923,-0.131462305,-1.98594653,0.0797903595,0.00314460822,FollowWall,following_right_wall,0,14,42,0.988611817,1.05078989,1,1,1,0.273354918,-1,100,0,0,0,0,0
14.2,1.11353733,-0.131600308,-1.97776847,0.0797407459,0.00388881088,FollowWall,following_right_wall,0,14,42,0.989017487,1.04273671,1,1,1,0.272718012,-1,100,0,0,0,0,0
14.25,1.11752401,-0.131737649,-1.968356,0.0797407459,0.00388881088,FollowWall,following_right_wall,0,14,42,0.989017487,1.04273671,1,1,1,0.272718012,-1,100,0,0,0,0,0
14.3,1.12150988,-0.131874282,-1.95822347,0.0797573643,0.00363953517,FollowWall,following_right_wall,0,14,42,0.989331305,1.03459127,1,1,1,0.272587538,-1,100,0,0,0,0,0
14.35,1.12549563,-0.132010201,-1.94796846,0.0797573643,0.00363953517,FollowWall,following_right_wall,0,14,42,0.989331305,1.03459127,1,1,1,0.272587538,-1,100,0,0,0,0,0
14.4,1.12948132,-0.132145401,-1.93764199,0.0797690161,0.00346475855,FollowWall,following_right_wall,0,14,42,0.989622891,1.02647111,1,1,1,0.272389442,-1,100,0,0,0,0,0
14.45,1.13346723,-0.132279895,-1.92748246,0.0797690161,0.00346475855,FollowWall,following_right_wall,0,14,42,0.989622891,1.02647111,1,1,1,0.272389442,-1,100,0,0,0,0,0
14.5,1.13745328,-0.132413689,-1.91742032,0.0797685357,0.00347196467,FollowWall,following_right_wall,0,14,42,0.989926457,1.01837436,1,1,1,0.272066802,-1,100,0,0,0,0,0
14.55,1.14143941,-0.132546787,-1.90740639,0.0797685357,0.00347196467,FollowWall,following_right_wall,0,14,42,0.989926457,1.01837436,1,1,1,0.272066802,-1,100,0,0,0,0,0
14.6,1.14542559,-0.132679191,-1.89742057,0.0797244998,0.00413250369,FollowWall,following_right_wall,0,14,42,0.990236163,1.01030278,1,1,1,0.271575391,-1,100,0,0,0,0,0
14.65,1.1494109,-0.132810843,-1.8866627,0.0797244998,0.00413250369,FollowWall,following_right_wall,0,14,42,0.990236163,1.01030278,1,1,1,0.271575391,-1,100,0,0,0,0,0
14.7,1.15339571,-0.132941714,-1.87545446,0.0797121364,0.00431795406,FollowWall,following_right_wall,0,14,42,0.990491927,1.00226219,1,1,1,0.271473229,-1,100,0,0,0,0,0
14.75,1.15737998,-0.13307177,-1.86376215,0.0797121364,0.00431795406,FollowWall,following_right_wall,0,14,42,0.990491927,1.00226219,1,1,1,0.271473229,-1,100,0,0,0,0,0
14.8,1.16136395,-0.133200993,-1.85178745,0.05,0.00496721212,FollowWall,following_right_wall,0,14,42,0.990697801,0.994252717,1,1,1,0.270963788,-1,100,0,0,0,0,0
14.85,1.16472908,-0.133309411,-1.83887304,0.05,0.00496721212,FollowWall,following_right_wall,0,14,42,0.990697801,0.994252717,1,1,1,0.270963788,-1,100,0,0,0,0,0
14.9,1.16773322,-0.133405507,-1.82541046,0.05,0.00511872137,FollowWall,following_right_wall,0,14,42,0.99067533,0.987876704,1,1,1,0.270688176,-1,100,0,0,0,0,0
14.95,1.17052679,-0.133494198,-1.81144727,0.05,0.00511872137,FollowWall,following_right_wall,0,14,42,0.99067533,0.987876704,1,1,1,0.270688176,-1,100,0,0,0,0,0
15,1.17319753,-0.133578331,-1.79719204,0.05,0.0337192706,AdvanceRight,advancing_past_measured_edge,0,14,42,0.990513444,0.982427802,1,1,1,0.270648122,-1,100,0,0,0,0,0
15.05,1.17579666,-0.133658782,-1.74862708,0.05,0.0327021285,AdvanceRight,advancing_past_measured_edge,0,14,42,0.990513444,0.982427802,1,1,1,0.270648122,-1,100,0,0,0,0,0
15.1,1.17835407,-0.133735351,-1.68126223,0.05,0.0312912423,AdvanceRight,advancing_past_measured_edge,0,14,42,0.988037944,0.977396201,1,1,1,0.270109147,-1,100,0,0,0,0,0
15.15,1.18088718,-0.133808008,-1.6046149,0.05,0.0296859444,AdvanceRight,advancing_past_measured_edge,0,14,42,0.988037944,0.977396201,1,1,1,0.270109147,-1,100,0,0,0,0,0
15.2,1.18340617,-0.133876809,-1.52446897,0.05,0.028007372,AdvanceRight,advancing_past_measured_edge,0,14,42,0.984501779,0.972532399,1,1,1,0.269539922,-1,100,0,0,0,0,0
15.25,1.18591694,-0.133941871,-1.44428584,0.05,0.0263280204,AdvanceRight,advancing_past_measured_edge,0,14,42,0.984501779,0.972532399,1,1,1,0.269539922,-1,100,0,0,0,0,0
15.3,1.18842297,-0.134003344,-1.36608559,0.05,0.0246901982,AdvanceRight,advancing_past_measured_edge,0,14,42,0.980931878,0.967726193,1,1,1,0.269350141,-1,100,0,0,0,0,0
15.35,1.19092625,-0.134061399,-1.29099702,0.05,0.0231175469,AdvanceRight,advancing_past_measured_edge,0,14,42,0.980931878,0.967726193,1,1,1,0.269350141,-1,100,0,0,0,0,0
15.4,1.19342796,-0.134116218,-1.21960082,0.05,0.0216222283,AdvanceRight,advancing_past_measured_edge,0,14,42,0.977669477,0.962938038,1,1,1,0.26931411,-1,100,0,0,0,0,0
15.45,1.19592877,-0.134167986,-1.1521434,0.05,0.0202094034,AdvanceRight,advancing_past_measured_edge,0,14,42,0.977669477,0.962938038,1,1,1,0.26931411,-1,100,0,0,0,0,0
15.5,1.19842908,-0.134216885,-1.08867004,0.05,0.0188800205,AdvanceRight,advancing_past_measured_edge,0,14,42,0.974798858,0.958153682,1,1,1,0.269303262,-1,100,0,0,0,0,0
15.55,1.20092911,-0.134263093,-1.02910755,0.05,0.0176325466,AdvanceRight,advancing_past_measured_edge,0,14,42,0.974798858,0.958153682,1,1,1,0.269303262,-1,100,0,0,0,0,0
15.6,1.20342899,-0.134306782,-0.973315464,0.05,0.0164640399,AdvanceRight,advancing_past_measured_edge,0,14,42,0.972312629,0.953368852,1,1,1,0.269314706,-1,100,0,0,0,0,0
15.65,1.20592881,-0.134348113,-0.921117579,0.05,0.0153708099,AdvanceRight,advancing_past_measured_edge,0,14,42,0.972312629,0.953368852,1,1,1,0.269314706,-1,100,0,0,0,0,0
15.7,1.20842859,-0.134387239,-0.87232126,0.05,0.0143488222,AdvanceRight,advancing_past_measured_edge,0,14,42,0.970173955,0.948582596,1,1,1,0.269327372,-1,100,0,0,0,0,0
15.75,1.21092837,-0.134424306,-0.826729096,0.05,0.0133939421,AdvanceRight,advancing_past_measured_edge,0,14,42,0.970173955,0.948582596,1,1,1,0.269327372,-1,100,0,0,0,0,0
15.8,1.21342815,-0.134459449,-0.784145826,0.05,0.0125020802,AdvanceRight,advancing_past_measured_edge,0,14,42,0.968339801,0.943795272,1,1,1,0.269125432,-1,100,0,0,0,0,0
15.85,1.21592795,-0.134492796,-0.744382326,0.05,0.0116692754,AdvanceRight,advancing_past_measured_edge,0,14,42,0.968339801,0.943795272,1,1,1,0.269125432,-1,100,0,0,0,0,0
15.9,1.21842776,-0.134524465,-0.70725778,0.05,0.0108917407,AdvanceRight,advancing_past_measured_edge,0,14,42,0.966768861,0.939007829,1,1,1,0.269198835,-1,100,0,0,0,0,0
15.95,1.22092758,-0.134554568,-0.672600737,0.05,0.0101658853,AdvanceRight,advancing_past_measured_edge,0,14,42,0.966768861,0.939007829,1,1,1,0.269198835,-1,100,0,0,0,0,0
16,1.22342742,-0.13458321,-0.640249496,0.05,0.00948832254,AdvanceRight,advancing_past_measured_edge,0,14,42,0.965424001,0.934221217,1,1,1,0.269073099,-1,100,0,0,0,0,0
16.05,1.22592728,-0.134610486,-0.610052089,0.05,0.00885586951,AdvanceRight,advancing_past_measured_edge,0,14,42,0.965424001,0.934221217,1,1,1,0.269073099,-1,100,0,0,0,0,0
16.1,1.22842714,-0.13463649,-0.581866019,0.05,0.00826554184,AdvanceRight,advancing_past_measured_edge,0,14,42,0.964272857,0.929247532,1,1,1,0.268849403,-1,100,0,0,0,0,0
16.15,1.23092702,-0.134661304,-0.555557881,0.05,0.00771454549,AdvanceRight,advancing_past_measured_edge,0,14,42,0.964272857,0.929247532,1,1,1,0.268849403,-1,100,0,0,0,0,0
16.2,1.23342691,-0.134685009,-0.531002906,0.05,0.00720026731,AdvanceRight,advancing_past_measured_edge,0,14,42,0.963287115,0.924271179,1,1,1,0.268980086,-1,100,0,0,0,0,0
16.25,1.23592681,-0.134707678,-0.508084485,0.05,0.00672026503,AdvanceRight,advancing_past_measured_edge,0,14,42,0.963287115,0.924271179,1,1,1,0.268980086,-1,100,0,0,0,0,0
16.3,1.23842671,-0.13472938,-0.486693681,0.05,0.00627225707,AdvanceRight,advancing_past_measured_edge,0,14,42,0.962442517,0.919307096,1,1,1,0.268807858,-1,100,0,0,0,0,0
16.35,1.24092662,-0.13475018,-0.466728757,0.05,0.00585411267,AdvanceRight,advancing_past_measured_edge,0,14,42,0.962442517,0.919307096,1,1,1,0.268807858,-1,100,0,0,0,0,0
16.4,1.24342655,-0.134770139,-0.448094718,0.05,0.00546384228,AdvanceRight,advancing_past_measured_edge,0,14,42,0.961717904,0.914355403,1,1,1,0.268890142,-1,100,0,0,0,0,0
16.45,1.24592647,-0.134789311,-0.430702881,0.05,0.0050995885,AdvanceRight,advancing_past_measured_edge,0,14,42,0.961717904,0.914355403,1,1,1,0.268890142,-1,100,0,0,0,0,0
16.5,1.2484264,-0.134807749,-0.414470458,0.05,0.00475961741,AdvanceRight,advancing_past_measured_edge,0,14,42,0.961095214,0.909416336,1,1,1,0.268561721,-1,100,0,0,0,0,0
16.55,1.25092634,-0.134825503,-0.399320169,0.05,0.00444231051,AdvanceRight,advancing_past_measured_edge,0,14,42,0.961095214,0.909416336,1,1,1,0.268561721,-1,100,0,0,0,0,0
16.6,1.25342628,-0.134842618,-0.385179883,0.05,0.00414615706,AdvanceRight,advancing_past_measured_edge,0,14,42,0.960558712,0.904489957,1,1,1,0.268625975,-1,100,0,0,0,0,0
16.65,1.25592623,-0.134859137,-0.371982273,0.05,0.00386974695,AdvanceRight,advancing_past_measured_edge,0,14,42,0.960558712,0.904489957,1,1,1,0.268625975,-1,100,0,0,0,0,0
16.7,1.25842618,-0.134875099,-0.359664496,0.05,0.00361176404,AdvanceRight,advancing_past_measured_edge,0,14,42,0.96009475,0.899576265,1,1,1,0.268840522,-1,100,0,0,0,0,0
16.75,1.26092613,-0.134890541,-0.348167901,0.05,0.00337097992,AdvanceRight,advancing_past_measured_edge,0,14,42,0.96009475,0.899576265,1,1,1,0.268840522,-1,100,0,0,0,0,0
16.8,1.26342608,-0.134905499,-0.337437743,0.05,0.00314624801,AdvanceRight,advancing_past_measured_edge,0,14,42,0.959691584,0.894675199,1,1,1,0.269059241,-1,100,0,0,0,0,0
16.85,1.26592604,-0.134920004,-0.327422927,0.05,0.0029364982,AdvanceRight,advancing_past_measured_edge,0,14,42,0.959691584,0.894675199,1,1,1,0.269059241,-1,100,0,0,0,0,0
16.9,1.268426,-0.134934086,-0.318075765,0.05,0.00274073169,AdvanceRight,advancing_past_measured_edge,0,14,42,0.959339082,0.889786702,1,1,1,0.269145221,-1,100,0,0,0,0,0
16.95,1.27092596,-0.134947775,-0.309351746,0.05,0.00255801626,AdvanceRight,advancing_past_measured_edge,0,14,42,0.959339082,0.889786702,1,1,1,0.269145221,-1,100,0,0,0,0,0
17,1.27342593,-0.134961095,-0.301209328,0.05,0.00238748186,AdvanceRight,advancing_past_measured_edge,0,14,42,0.955450356,0.884779555,1,1,1,0.269013524,-1,100,0,0,0,0,0
17.05,1.2759259,-0.134974072,-0.293609737,0.05,0.00222831641,AdvanceRight,advancing_past_measured_edge,0,14,42,0.955450356,0.884779555,1,1,1,0.269013524,-1,100,0,0,0,0,0
17.1,1.27842586,-0.134986728,-0.286516786,0.05,0.00207976199,AdvanceRight,advancing_past_measured_edge,0,14,42,0.950448275,0.879762112,1,1,1,0.268870801,-1,100,0,0,0,0,0
17.15,1.28092583,-0.134999085,-0.279896698,0.05,0.00194111119,AdvanceRight,advancing_past_measured_edge,0,14,42,0.950448275,0.879762112,1,1,1,0.268870801,-1,100,0,0,0,0,0
17.2,1.2834258,-0.135011163,-0.27371795,0.05,0.00181170378,AdvanceRight,advancing_past_measured_edge,0,14,42,0.945462883,0.874663757,1,1,1,0.26871711,-1,100,0,0,0,0,0
17.25,1.28592578,-0.135022981,-0.267951117,0.05,0.00169092353,AdvanceRight,advancing_past_measured_edge,0,14,42,0.945462883,0.874663757,1,1,1,0.26871711,-1,100,0,0,0,0,0
17.3,1.28842575,-0.135034555,-0.262568741,0.05,0.0015781953,AdvanceRight,advancing_past_measured_edge,0,14,42,0.940493762,0.869576934,1,1,1,0.26864624,-1,100,0,0,0,0,0
17.35,1.29092572,-0.135045902,-0.257545189,0.05,0.00147298228,AdvanceRight,advancing_past_measured_edge,0,14,42,0.940493762,0.869576934,1,1,1,0.26864624,-1,100,0,0,0,0,0
17.4,1.2934257,-0.135057037,-0.252856541,0.05,0.00137478346,AdvanceRight,advancing_past_measured_edge,0,14,42,0.935540736,0.864502354,1,1,1,0.268601209,-1,100,0,0,0,0,0
17.45,1.29592567,-0.135067974,-0.248480469,0.05,0.00128313123,AdvanceRight,advancing_past_measured_edge,0,14,42,0.935540736,0.864502354,1,1,1,0.268601209,-1,100,0,0,0,0,0
17.5,1.29842565,-0.135078727,-0.244396136,0.05,0.00119758915,AdvanceRight,advancing_past_measured_edge,0,14,42,0.930603266,0.859440553,1,1,1,0.268517762,-1,100,0,0,0,0,0
17.55,1.30092563,-0.135089308,-0.240584091,0.05,0.00111774987,AdvanceRight,advancing_past_measured_edge,0,14,42,0.930603266,0.859440553,1,1,1,0.268517762,-1,100,0,0,0,0,0
17.6,1.30342561,-0.135099728,-0.237026183,0.05,0.00104323321,AdvanceRight,advancing_past_measured_edge,0,14,42,0.925681055,0.854392067,1,1,1,0.268257827,-1,100,0,0,0,0,0
17.65,1.30592559,-0.135109997,-0.233705468,0.05,0.000973684331,AdvanceRight,advancing_past_measured_edge,0,14,42,0.925681055,0.854392067,1,1,1,0.268257827,-1,100,0,0,0,0,0
17.7,1.30842557,-0.135120127,-0.230606135,0.05,0.000908772042,AdvanceRight,advancing_past_measured_edge,0,14,42,0.920773685,0.849357251,1,1,1,0.267994523,-1,100,0,0,0,0,0
17.75,1.31092555,-0.135130126,-0.227713424,0.05,0.000848187239,AdvanceRight,advancing_past_measured_edge,0,14,42,0.920773685,0.849357251,1,1,1,0.267994523,-1,100,0,0,0,0,0
17.8,1.31342553,-0.135140003,-0.22501356,0.05,0.000791641423,AdvanceRight,advancing_past_measured_edge,0,14,42,0.915788531,0.844336462,1,1,1,0.267973781,-1,100,0,0,0,0,0
17.85,1.31592551,-0.135149766,-0.222493687,0.05,0.000738865329,AdvanceRight,advancing_past_measured_edge,0,14,42,0.915788531,0.844336462,1,1,1,0.267973781,-1,100,0,0,0,0,0
17.9,1.31842549,-0.135159423,-0.220141805,0.05,0.00068960764,AdvanceRight,advancing_past_measured_edge,0,14,42,0.910630822,0.839329938,1,1,1,0.268030316,-1,100,0,0,0,0,0
17.95,1.32092547,-0.13516898,-0.217946716,0.05,0.000643633797,AdvanceRight,advancing_past_measured_edge,0,14,42,0.910630822,0.839329938,1,1,1,0.268030316,-1,100,0,0,0,0,0
18,1.32342545,-0.135178445,-0.215897966,0.05,0.000600724878,AdvanceRight,advancing_past_measured_edge,0,14,42,0.905484855,0.834337798,1,1,1,0.267781258,-1,100,0,0,0,0,0
18.05,1.32592543,-0.135187824,-0.213985799,0.05,0.000560676552,AdvanceRight,advancing_past_measured_edge,0,14,42,0.905484855,0.834337798,1,1,1,0.267781258,-1,100,0,0,0,0,0
18.1,1.32842542,-0.135197122,-0.212201111,0.05,0.000523298116,AdvanceRight,advancing_past_measured_edge,0,14,42,0.900351226,0.82936022,1,1,1,0.267527401,-1,100,0,0,0,0,0
18.15,1.3309254,-0.135206345,-0.210535401,0.05,0.000488411575,AdvanceRight,advancing_past_measured_edge,0,14,42,0.900351226,0.82936022,1,1,1,0.267527401,-1,100,0,0,0,0,0
18.2,1.33342538,-0.135215497,-0.208980739,0.05,0.000455850803,AdvanceRight,advancing_past_measured_edge,0,14,42,0.895230472,0.824397204,1,1,1,0.267568439,-1,100,0,0,0,0,0
18.25,1.33592537,-0.135224584,-0.20752972,0.05,0.000425460749,AdvanceRight,advancing_past_measured_edge,0,14,42,0.895230472,0.824397204,1,1,1,0.267568439,-1,100,0,0,0,0,0
18.3,1.33842535,-0.13523361,-0.206175437,0.05,0.000397096699,AdvanceRight,advancing_past_measured_edge,0,14,42,0.890123129,0.819448691,1,1,1,0.267795295,-1,100,0,0,0,0,0
18.35,1.34092533,-0.135242578,-0.204911439,0.05,0.000370623586,AdvanceRight,advancing_past_measured_edge,0,14,42,0.890123129,0.819448691,1,1,1,0.267795295,-1,100,0,0,0,0,0
18.4,1.34342532,-0.135251493,-0.203731707,0.05,0.000345915347,AdvanceRight,advancing_past_measured_edge,0,14,42,0.885029614,0.814514621,1,1,1,0.267971605,-1,100,0,0,0,0,0
18.45,1.3459253,-0.135260359,-0.202630625,0.05,0.000322854324,AdvanceRight,advancing_past_measured_edge,0,14,42,0.885029614,0.814514621,1,1,1,0.267971605,-1,100,0,0,0,0,0
18.5,1.34842529,-0.135269178,-0.201602947,0.05,0.000301330702,AdvanceRight,advancing_past_measured_edge,0,14,42,0.879950225,0.809594757,1,1,1,0.268080026,-1,100,0,0,0,0,0
18.55,1.35092527,-0.135277953,-0.200643782,0.05,0.000281241989,AdvanceRight,advancing_past_measured_edge,0,14,42,0.879950225,0.809594757,1,1,1,0.268080026,-1,100,0,0,0,0,0
18.6,1.35342526,-0.135286688,-0.199748561,0.05,0.000262492523,AdvanceRight,advancing_past_measured_edge,0,14,42,0.87488538,0.804612368,1,1,1,0.267927378,-1,100,0,0,0,0,0
18.65,1.35592524,-0.135295386,-0.198913021,0.05,0.000244993021,AdvanceRight,advancing_past_measured_edge,0,14,42,0.87488538,0.804612368,1,1,1,0.267927378,-1,100,0,0,0,0,0
18.7,1.35842523,-0.135304048,-0.198133184,0.05,0.000228660153,AdvanceRight,advancing_past_measured_edge,0,14,42,0.869835258,0.799563821,1,1,1,0.268077046,-1,100,0,0,0,0,0
18.75,1.36092521,-0.135312677,-0.197405336,0.05,0.000213416143,AdvanceRight,advancing_past_measured_edge,0,14,42,0.869835258,0.799563821,1,1,1,0.268077046,-1,100,0,0,0,0,0
18.8,1.3634252,-0.135321276,-0.196726012,0.05,0.0001991884,AdvanceRight,advancing_past_measured_edge,0,14,42,0.864800096,0.79453023,1,1,1,0.268198788,-1,100,0,0,0,0,0
18.85,1.36592518,-0.135329846,-0.196091975,0.05,0.000185909174,AdvanceRight,advancing_past_measured_edge,0,14,42,0.864800096,0.79453023,1,1,1,0.268198788,-1,100,0,0,0,0,0
18.9,1.36842517,-0.135338389,-0.195500208,0.05,0.000173515229,AdvanceRight,advancing_past_measured_edge,0,14,42,0.859780073,0.789511774,1,1,1,0.268124789,-1,100,0,0,0,0,0
18.95,1.37092515,-0.135346907,-0.194947892,0.05,0.000161947547,AdvanceRight,advancing_past_measured_edge,0,14,42,0.859780073,0.789511774,1,1,1,0.268124789,-1,100,0,0,0,0,0
19,1.37342514,-0.135355402,-0.194432397,0.05,0.000151151044,AdvanceRight,advancing_past_measured_edge,0,14,42,0.85477525,0.784508513,1,1,1,0.268145293,-1,100,0,0,0,0,0
19.05,1.37592512,-0.135363875,-0.193951268,0.05,0.000141074307,AdvanceRight,advancing_past_measured_edge,0,14,42,0.85477525,0.784508513,1,1,1,0.268145293,-1,100,0,0,0,0,0
19.1,1.37842511,-0.135372328,-0.193502215,0.05,0.000131669354,AdvanceRight,advancing_past_measured_edge,0,14,42,0.849785566,0.779520386,1,1,1,0.268556565,-1,100,0,0,0,0,0
19.15,1.3809251,-0.135380762,-0.193083098,0.05,0.000122891397,AdvanceRight,advancing_past_measured_edge,0,14,42,0.849785566,0.779520386,1,1,1,0.268556565,-1,100,0,0,0,0,0
19.2,1.38342508,-0.135389179,-0.192691923,0.05,0.000114698637,AdvanceRight,advancing_past_measured_edge,0,14,42,0.844811141,0.774473821,1,1,1,0.268558562,-1,100,0,0,0,0,0
19.25,1.38592507,-0.135397578,-0.192326825,0.05,0.000107052061,AdvanceRight,advancing_past_measured_edge,0,14,42,0.844811141,0.774473821,1,1,1,0.268558562,-1,100,0,0,0,0,0
19.3,1.38842505,-0.135405963,-0.191986068,0.05,9.9915257e-05,AdvanceRight,advancing_past_measured_edge,0,14,42,0.839851737,0.769408907,1,1,1,0.268778056,-1,100,0,0,0,0,0
19.35,1.39092504,-0.135414333,-0.191668028,0.05,9.32542399e-05,AdvanceRight,advancing_past_measured_edge,0,14,42,0.839851737,0.769408907,1,1,1,0.268778056,-1,100,0,0,0,0,0
19.4,1.39342503,-0.135422689,-0.191371191,0.05,8.70372905e-05,AdvanceRight,advancing_past_measured_edge,0,14,42,0.834907293,0.764358503,1,1,1,0.269001454,-1,100,0,0,0,0,0
19.45,1.39592501,-0.135431034,-0.191094142,0.05,8.12348045e-05,AdvanceRight,advancing_past_measured_edge,0,14,42,0.834907293,0.764358503,1,1,1,0.269001454,-1,100,0,0,0,0,0
19.5,1.398425,-0.135439366,-0.190835564,0.05,7.58191509e-05,AdvanceRight,advancing_past_measured_edge,0,14,42,0.829977572,0.759322907,1,1,1,0.269227833,-1,100,0,0,0,0,0
19.55,1.40092498,-0.135447687,-0.190594224,0.05,7.07645408e-05,AdvanceRight,advancing_past_measured_edge,0,14,42,0.829977572,0.759322907,1,1,1,0.269227833,-1,100,0,0,0,0,0
19.6,1.40342497,-0.135455999,-0.190368973,0.05,6.60469048e-05,AdvanceRight,advancing_past_measured_edge,0,14,42,0.825062275,0.754302177,1,1,1,0.269456238,-1,100,0,0,0,0,0
19.65,1.40592496,-0.135464301,-0.19015874,0.05,6.16437778e-05,AdvanceRight,advancing_past_measured_edge,0,14,42,0.825062275,0.754302177,1,1,1,0.269456238,-1,100,0,0,0,0,0
19.7,1.40842494,-0.135472593,-0.189962521,0.05,5.75341926e-05,AdvanceRight,advancing_past_measured_edge,0,14,42,0.820161104,0.749296491,1,1,1,0.269714624,-1,100,0,0,0,0,0
19.75,1.41092493,-0.135480878,-0.189779384,0.05,5.36985797e-05,AdvanceRight,advancing_past_measured_edge,0,14,42,0.820161104,0.749296491,1,1,1,0.269714624,-1,100,0,0,0,0,0
19.8,1.41342492,-0.135489155,-0.189608456,0.05,5.01186744e-05,AdvanceRight,advancing_past_measured_edge,0,14,42,0.815273702,0.744305909,1,1,1,0.269965112,-1,100,0,0,0,0,0
19.85,1.4159249,-0.135497425,-0.189448924,0.05,4.67774295e-05,AdvanceRight,advancing_past_measured_edge,0,14,42,0.815273702,0.744305909,1,1,1,0.269965112,-1,100,0,0,0,0,0
19.9,1.41842489,-0.135505688,-0.189300027,0.05,4.36589342e-05,AdvanceRight,advancing_past_measured_edge,0,14,42,0.810399592,0.73933037,1,1,1,0.270685613,-1,100,0,0,0,0,0
19.95,1.42092487,-0.135513945,-0.189161056,0.05,4.07483386e-05,AdvanceRight,advancing_past_measured_edge,0,14,42,0.810399592,0.73933037,1,1,1,0.270685613,-1,100,0,0,0,0,0
20,1.42342486,-0.135522195,-0.18903135,0.05,3.80317827e-05,AdvanceRight,advancing_past_measured_edge,0,14,42,0.805538356,0.734369875,1,1,1,0.271579534,-1,100,0,0,0,0,0
20.05,1.42592485,-0.135530441,-0.188910291,0.05,3.54963305e-05,AdvanceRight,advancing_past_measured_edge,0,14,42,0.805538356,0.734369875,1,1,1,0.271579534,-1,100,0,0,0,0,0
20.1,1.42842483,-0.135538681,-0.188797303,0.05,3.31299084e-05,AdvanceRight,advancing_past_measured_edge,0,14,42,0.800689399,0.729424187,1,1,1,0.275695026,-1,100,0,0,0,0,0
20.15,1.43092482,-0.135546917,-0.188691847,0.05,3.09212479e-05,AdvanceRight,advancing_past_measured_edge,0,14,42,0.800689399,0.729424187,1,1,1,0.275695026,-1,100,0,0,0,0,0
20.2,1.43342481,-0.135555148,-0.188593421,0.05,2.88598314e-05,AdvanceRight,advancing_past_measured_edge,0,14,42,0.795850039,0.724493129,1,0,1,3.15408969,-1,100,0,0,0,0,0
20.25,1.43592479,-0.135563375,-0.188501558,0.05,2.69358426e-05,AdvanceRight,advancing_past_measured_edge,0,14,42,0.795850039,0.724493129,1,0,1,3.15408969,-1,100,0,0,0,0,0
20.3,1.43842478,-0.135571598,-0.188415818,0.05,2.51401198e-05,AdvanceRight,advancing_past_measured_edge,0,14,42,0.790779889,0.719571331,1,0,1,3.13454247,-1,100,0,0,0,0,0
20.35,1.44092477,-0.135579817,-0.188335795,0.05,2.34641118e-05,AdvanceRight,advancing_past_measured_edge,0,14,42,0.790779889,0.719571331,1,0,1,3.13454247,-1,100,0,0,0,0,0
20.4,1.44342475,-0.135588033,-0.188261106,0.05,2.18998377e-05,AdvanceRight,advancing_past_measured_edge,0,14,42,0.785614252,0.714513446,1,0,1,3.11500287,-1,100,0,0,0,0,0
20.45,1.44592474,-0.135596246,-0.188191397,0.05,2.04398485e-05,AdvanceRight,advancing_past_measured_edge,0,14,42,0.785614252,0.714513446,1,0,1,3.11500287,-1,100,0,0,0,0,0
20.5,1.44842473,-0.135604456,-0.188126335,0.05,1.90771919e-05,AdvanceRight,advancing_past_measured_edge,0,14,42,0.780460358,0.709470493,1,0,1,3.095469,-1,100,0,0,0,0,0
20.55,1.45092471,-0.135612663,-0.18806561,0.05,1.78053791e-05,AdvanceRight,advancing_past_measured_edge,0,14,42,0.780460358,0.709470493,1,0,1,3.095469,-1,100,0,0,0,0,0
20.6,1.4534247,-0.135620868,-0.188008934,0.05,1.66183538e-05,AdvanceRight,advancing_past_measured_edge,0,14,42,0.775318682,0.704442531,1,0,1,3.22626472,-1,100,0,0,0,0,0
20.65,1.45592469,-0.13562907,-0.187956036,0.05,1.55104636e-05,AdvanceRight,advancing_past_measured_edge,0,14,42,0.775318682,0.704442531,1,0,1,3.22626472,-1,100,0,0,0,0,0
20.7,1.45842467,-0.13563727,-0.187906665,0.05,1.44764327e-05,AdvanceRight,advancing_past_measured_edge,0,14,42,0.770189822,0.699429799,1,0,1,3.20547557,-1,100,0,0,0,0,0
20.75,1.46092466,-0.135645468,-0.187860585,0.05,1.35113372e-05,AdvanceRight,advancing_past_measured_edge,0,14,42,0.770189822,0.699429799,1,0,1,3.20547557,-1,100,0,0,0,0,0
20.8,1.46342464,-0.135653664,-0.187817577,0.05,1.26105814e-05,AdvanceRight,advancing_past_measured_edge,0,14,42,0.765074193,0.694432235,1,0,1,3.18470478,-1,100,0,0,0,0,0
20.85,1.46592463,-0.135661858,-0.187777436,0.05,1.17698759e-05,AdvanceRight,advancing_past_measured_edge,0,14,42,0.765074193,0.694432235,1,0,1,3.18470478,-1,100,0,0,0,0,0
20.9,1.46842462,-0.135670051,-0.187739972,0.05,1.09852175e-05,AdvanceRight,advancing_past_measured_edge,0,14,42,0.759972394,0.689449901,1,0,1,3.16395187,-1,100,0,0,0,0,0
20.95,1.4709246,-0.135678242,-0.187705005,0.05,1.02528697e-05,AdvanceRight,advancing_past_measured_edge,0,14,42,0.759972394,0.689449901,1,0,1,3.16395187,-1,100,0,0,0,0,0
21,1.47342459,-0.135686431,-0.187672369,0.05,9.56934506e-06,AdvanceRight,advancing_past_measured_edge,0,14,42,0.75488466,0.684413548,1,0,1,3.14321685,-1,100,0,0,0,0,0
21.05,1.47592458,-0.135694619,-0.187641908,0.05,8.93138872e-06,AdvanceRight,advancing_past_measured_edge,0,14,42,0.75488466,0.684413548,1,0,1,3.14321685,-1,100,0,0,0,0,0
21.1,1.47842456,-0.135702806,-0.187613479,0.05,8.33596281e-06,AdvanceRight,advancing_past_measured_edge,0,14,42,0.749811351,0.679353692,1,0,1,3.12249923,-1,100,0,0,0,0,0
21.15,1.48092455,-0.135710992,-0.187586945,0.05,7.78023195e-06,AdvanceRight,advancing_past_measured_edge,0,14,42,0.749811351,0.679353692,1,0,1,3.12249923,-1,100,0,0,0,0,0
21.2,1.48342454,-0.135719176,-0.18756218,0.05,7.26154982e-06,AdvanceRight,advancing_past_measured_edge,0,14,42,0.744752765,0.674308512,1,0,1,3.10179806,-1,100,0,0,0,0,0
21.25,1.48592452,-0.13572736,-0.187539065,0.05,6.7774465e-06,AdvanceRight,advancing_past_measured_edge,0,14,42,0.744752765,0.674308512,1,0,1,3.10179806,-1,100,0,0,0,0,0
21.3,1.48842451,-0.135735542,-0.187517492,0.05,6.32561673e-06,AdvanceRight,advancing_past_measured_edge,0,14,42,0.739709139,0.669278184,1,0,1,3.08111358,-1,100,0,0,0,0,0
21.35,1.4909245,-0.135743724,-0.187497357,0.05,5.90390895e-06,AdvanceRight,advancing_past_measured_edge,0,14,42,0.739709139,0.669278184,1,0,1,3.08111358,-1,100,0,0,0,0,0
21.4,1.49342448,-0.135751904,-0.187478564,0.05,5.51031502e-06,AdvanceRight,advancing_past_measured_edge,0,14,42,0.734680653,0.664262885,1,0,1,3.2258513,-1,100,0,0,0,0,0
21.45,1.49592447,-0.135760084,-0.187461024,0.05,5.14296069e-06,AdvanceRight,advancing_past_measured_edge,0,14,42,0.734680653,0.664262885,1,0,1,3.2258513,-1,100,0,0,0,0,0
21.5,1.49842446,-0.135768263,-0.187444654,0.05,4.80009664e-06,AdvanceRight,advancing_past_measured_edge,0,14,42,0.729665518,0.659262614,1,0,1,3.20375943,-1,100,0,0,0,0,0
21.55,1.50092444,-0.135776442,-0.187429375,0.05,4.4800902e-06,AdvanceRight,advancing_past_measured_edge,0,14,42,0.729665518,0.659262614,1,0,1,3.20375943,-1,100,0,0,0,0,0
21.6,1.50342443,-0.13578462,-0.187415114,0.05,4.18141752e-06,AdvanceRight,advancing_past_measured_edge,0,14,42,0.724630594,0.654277431,1,0,1,3.18167305,-1,100,0,0,0,0,0
21.65,1.50592442,-0.135792797,-0.187401804,0.05,3.90265635e-06,AdvanceRight,advancing_past_measured_edge,0,14,42,0.724630594,0.654277431,1,0,1,3.18167305,-1,100,0,0,0,0,0
21.7,1.5084244,-0.135800974,-0.187389382,0.05,3.64247926e-06,AdvanceRight,advancing_past_measured_edge,0,14,42,0.71961087,0.649307336,1,0,1,3.15959263,-1,100,0,0,0,0,0
21.75,1.51092439,-0.13580915,-0.187377787,0.05,3.39964731e-06,AdvanceRight,advancing_past_measured_edge,0,14,42,0.71961087,0.649307336,1,0,1,3.15959263,-1,100,0,0,0,0,0
21.8,1.51342438,-0.135817325,-0.187366966,0.05,3.17300416e-06,AdvanceRight,advancing_past_measured_edge,0,14,42,0.714606345,0.644352152,1,0,1,3.13751912,-1,100,0,0,0,0,0
21.85,1.51592436,-0.1358255,-0.187356866,0.05,2.96147055e-06,AdvanceRight,advancing_past_measured_edge,0,14,42,0.714606345,0.644352152,1,0,1,3.13751912,-1,100,0,0,0,0,0
21.9,1.51842435,-0.135833675,-0.187347439,0.05,2.76403918e-06,AdvanceRight,advancing_past_measured_edge,0,14,42,0.709617138,0.639411701,1,0,1,3.115453,-1,100,0,0,0,0,0
21.95,1.52092434,-0.13584185,-0.187338641,0.05,2.5797699e-06,AdvanceRight,advancing_past_measured_edge,0,14,42,0.709617138,0.639411701,1,0,1,3.115453,-1,100,0,0,0,0,0
22,1.52342432,-0.135850024,-0.187330429,0.05,2.40778524e-06,AdvanceRight,advancing_past_measured_edge,0,14,42,0.70464313,0.634485867,1,0,1,3.09339523,-1,100,0,0,0,0,0
22.05,1.52592431,-0.135858197,-0.187322765,0.05,2.24726622e-06,AdvanceRight,advancing_past_measured_edge,0,14,42,0.70464313,0.634485867,1,0,1,3.09339523,-1,100,0,0,0,0,0
22.1,1.5284243,-0.135866371,-0.187315612,0.05,2.09744847e-06,AdvanceRight,advancing_past_measured_edge,0,14,42,0.699684203,0.629492989,1,0,1,3.07134652,-1,100,0,0,0,0,0
22.15,1.53092428,-0.135874544,-0.187308935,0.05,1.95761858e-06,AdvanceRight,advancing_past_measured_edge,0,14,42,0.699684203,0.629492989,1,0,1,3.07134652,-1,100,0,0,0,0,0
22.2,1.53342427,-0.135882716,-0.187302704,0.05,1.82711067e-06,AdvanceRight,advancing_past_measured_edge,0,14,42,0.694740295,0.624441076,1,0,1,3.22680879,-1,100,0,0,0,0,0
22.25,1.53592426,-0.135890889,-0.187296888,0.05,1.70530329e-06,AdvanceRight,advancing_past_measured_edge,0,14,42,0.694740295,0.624441076,1,0,1,3.22680879,-1,100,0,0,0,0,0
22.3,1.53842424,-0.135899061,-0.18729146,0.05,1.59161641e-06,AdvanceRight,advancing_past_measured_edge,0,14,42,0.68981111,0.61940405,1,0,1,3.20359945,-1,100,0,0,0,0,0
22.35,1.54092423,-0.135907233,-0.187286394,0.05,1.48550865e-06,AdvanceRight,advancing_past_measured_edge,0,14,42,0.68981111,0.61940405,1,0,1,3.20359945,-1,100,0,0,0,0,0
22.4,1.54342422,-0.135915405,-0.187281665,0.05,1.38647474e-06,AdvanceRight,advancing_past_measured_edge,0,14,42,0.684896469,0.614382088,1,0,1,3.1803782,-1,100,0,0,0,0,0
22.45,1.5459242,-0.135923576,-0.187277252,0.05,1.29404309e-06,AdvanceRight,advancing_past_measured_edge,0,14,42,0.684896469,0.614382088,1,0,1,3.1803782,-1,100,0,0,0,0,0
22.5,1.54842419,-0.135931748,-0.187273133,0.05,1.20777355e-06,AdvanceRight,advancing_past_measured_edge,0,14,42,0.679995894,0.609375308,1,0,1,3.15714502,-1,100,0,0,0,0,0
22.55,1.55092418,-0.135939919,-0.187269289,0.05,1.12725531e-06,AdvanceRight,advancing_past_measured_edge,0,14,42,0.679995894,0.609375308,1,0,1,3.15714502,-1,100,0,0,0,0,0
22.6,1.55342416,-0.13594809,-0.1872657,0.05,1.05210496e-06,AdvanceRight,advancing_past_measured_edge,0,14,42,0.675109148,0.604383711,1,0,1,3.13390112,-1,100,0,0,0,0,0
22.65,1.55592415,-0.135956261,-0.187262351,0.05,9.81964627e-07,AdvanceRight,advancing_past_measured_edge,0,14,42,0.675109148,0.604383711,1,0,1,3.13390112,-1,100,0,0,0,0,0
22.7,1.55842414,-0.135964432,-0.187259226,0.05,9.16500318e-07,AdvanceRight,advancing_past_measured_edge,0,14,42,0.670235693,0.599407296,1,0,1,3.11064649,-1,100,0,0,0,0,0
22.75,1.56092412,-0.135972603,-0.187256308,0.05,8.55400297e-07,AdvanceRight,advancing_past_measured_edge,0,14,42,0.670235693,0.599407296,1,0,1,3.11064649,-1,100,0,0,0,0,0
22.8,1.56342411,-0.135980773,-0.187253586,0.05,7.98373611e-07,AdvanceRight,advancing_past_measured_edge,0,14,42,0.665375113,0.594445946,1,0,1,3.08738232,-1,100,0,0,0,0,0
22.85,1.5659241,-0.135988943,-0.187251044,0.05,7.45148703e-07,AdvanceRight,advancing_past_measured_edge,0,14,42,0.665375113,0.594445946,1,0,1,3.08738232,-1,100,0,0,0,0,0
22.9,1.56842408,-0.135997114,-0.187248672,0.05,6.95472123e-07,AdvanceRight,advancing_past_measured_edge,0,14,42,0.660526872,0.589499482,1,0,1,3.10832286,-1,100,0,0,0,0,0
22.95,1.57092407,-0.136005284,-0.187246459,0.05,6.49107315e-07,AdvanceRight,advancing_past_measured_edge,0,14,42,0.660526872,0.589499482,1,0,1,3.10832286,-1,100,0,0,0,0,0
23,1.57342406,-0.136013454,-0.187244392,0.05,6.05833494e-07,AdvanceRight,advancing_past_measured_edge,0,14,42,0.65551728,0.584567844,1,0,1,3.22217584,-1,100,0,0,0,0,0
23.05,1.57592404,-0.136021624,-0.187242464,0.05,5.65444594e-07,AdvanceRight,advancing_past_measured_edge,0,14,42,0.65551728,0.584567844,1,0,1,3.22217584,-1,100,0,0,0,0,0
23.1,1.57842403,-0.136029794,-0.187240664,0.05,5.27748288e-07,AdvanceRight,advancing_past_measured_edge,0,14,42,0.650437772,0.579626009,1,0,1,3.19905114,-1,100,0,0,0,0,0
23.15,1.58092402,-0.136037964,-0.187238984,0.05,4.92565069e-07,AdvanceRight,advancing_past_measured_edge,0,14,42,0.650437772,0.579626009,1,0,1,3.19905114,-1,100,0,0,0,0,0
23.2,1.583424,-0.136046134,-0.187237416,0.05,4.59727397e-07,AdvanceRight,advancing_past_measured_edge,0,14,42,0.645372987,0.574567545,1,0,1,3.17474031,-1,100,0,0,0,0,0
23.25,1.58592399,-0.136054303,-0.187235953,0.05,4.29078904e-07,AdvanceRight,advancing_past_measured_edge,0,14,42,0.645372987,0.574567545,1,0,1,3.17474031,-1,100,0,0,0,0,0
23.3,1.58842398,-0.136062473,-0.187234587,0.05,4.00473644e-07,AdvanceRight,advancing_past_measured_edge,0,14,42,0.640323102,0.569523963,1,0,1,3.15041661,-1,100,0,0,0,0,0
23.35,1.59092396,-0.136070643,-0.187233313,0.05,3.73775401e-07,AdvanceRight,advancing_past_measured_edge,0,14,42,0.640323102,0.569523963,1,0,1,3.15041661,-1,100,0,0,0,0,0
23.4,1.59342395,-0.136078812,-0.187232123,0.05,3.48857041e-07,AdvanceRight,advancing_past_measured_edge,0,14,42,0.635288298,0.564495442,1,0,1,3.1260798,-1,100,0,0,0,0,0
23.45,1.59592394,-0.136086982,-0.187231012,0.05,3.25599905e-07,AdvanceRight,advancing_past_measured_edge,0,14,42,0.635288298,0.564495442,1,0,1,3.1260798,-1,100,0,0,0,0,0
23.5,1.59842392,-0.136095151,-0.187229976,0.05,3.03893245e-07,AdvanceRight,advancing_past_measured_edge,0,14,42,0.630268753,0.559482161,1,0,1,3.10172915,-1,100,0,0,0,0,0
23.55,1.60092391,-0.136103321,-0.187229009,0.05,2.83633695e-07,AdvanceRight,advancing_past_measured_edge,0,14,42,0.630268753,0.559482161,1,0,1,3.10172915,-1,100,0,0,0,0,0
23.6,1.6034239,-0.13611149,-0.187228106,0.05,2.64724782e-07,AdvanceRight,advancing_past_measured_edge,0,14,42,0.625231981,0.55448406,1,0,1,3.07736444,-1,100,0,0,0,0,0
23.65,1.60592388,-0.136119659,-0.187227263,0.05,2.47076463e-07,AdvanceRight,advancing_past_measured_edge,0,14,42,0.625231981,0.55448406,1,0,1,3.07736444,-1,100,0,0,0,0,0
23.7,1.60842387,-0.136127829,-0.187226477,0.05,2.30604699e-07,AdvanceRight,advancing_past_measured_edge,0,14,42,0.620128572,0.549501259,1,0,1,3.13401079,-1,100,0,0,0,0,0
23.75,1.61092386,-0.136135998,-0.187225743,0.05,2.15231052e-07,AdvanceRight,advancing_past_measured_edge,0,14,42,0.620128572,0.549501259,1,0,1,3.13401079,-1,100,0,0,0,0,0
23.8,1.61342384,-0.136144167,-0.187225057,0.05,2.00882316e-07,AdvanceRight,advancing_past_measured_edge,0,14,42,0.615034699,0.544503483,1,0,1,3.21588278,-1,100,0,0,0,0,0
23.85,1.61592383,-0.136152336,-0.187224418,0.05,1.87490161e-07,AdvanceRight,advancing_past_measured_edge,0,14,42,0.615034699,0.544503483,1,0,1,3.21588278,-1,100,0,0,0,0,0
23.9,1.61842382,-0.136160506,-0.187223821,0.05,1.74990817e-07,AdvanceRight,advancing_past_measured_edge,0,14,42,0.609926999,0.53944292,1,0,1,3.19011164,-1,100,0,0,0,0,0
23.95,1.6209238,-0.136168675,-0.187223264,0.05,1.63324763e-07,AdvanceRight,advancing_past_measured_edge,0,14,42,0.609926999,0.53944292,1,0,1,3.19011164,-1,100,0,0,0,0,0
24,1.62342379,-0.136176844,-0.187222744,0.05,1.52436445e-07,AdvanceRight,advancing_past_measured_edge,0,14,42,0.604833245,0.534397118,1,0,1,3.16434479,-1,100,0,0,0,0,0
24.05,1.62592378,-0.136185013,-0.187222259,0.05,1.42274015e-07,AdvanceRight,advancing_past_measured_edge,0,14,42,0.604833245,0.534397118,1,0,1,3.16434479,-1,100,0,0,0,0,0
24.1,1.62842376,-0.136193182,-0.187221806,0.05,1.32789081e-07,AdvanceRight,advancing_past_measured_edge,0,14,42,0.599753797,0.529366195,1,0,1,3.13858128,-1,100,0,0,0,0,0
24.15,1.63092375,-0.136201351,-0.187221384,0.05,1.23936476e-07,AdvanceRight,advancing_past_measured_edge,0,14,42,0.599753797,0.529366195,1,0,1,3.13858128,-1,100,0,0,0,0,0
24.2,1.63342374,-0.13620952,-0.187220989,0.05,1.15674044e-07,AdvanceRight,advancing_past_measured_edge,0,14,42,0.594688952,0.524350327,1,0,1,3.11282063,-1,100,0,0,0,0,0
24.25,1.63592372,-0.136217689,-0.187220621,0.05,1.07962441e-07,AdvanceRight,advancing_past_measured_edge,0,14,42,0.594688952,0.524350327,1,0,1,3.11282063,-1,100,0,0,0,0,0
24.3,1.63842371,-0.136225858,-0.187220277,0.05,1.00764945e-07,AdvanceRight,advancing_past_measured_edge,0,14,42,0.589638889,0.519349575,1,0,1,3.08706164,-1,100,0,0,0,0,0
24.35,1.6409237,-0.136234027,-0.187219956,0.05,9.4047282e-08,AdvanceRight,advancing_past_measured_edge,0,14,42,0.589638889,0.519349575,1,0,1,3.08706164,-1,100,0,0,0,0,0
24.4,1.64342368,-0.136242196,-0.187219657,0.05,8.77774632e-08,AdvanceRight,advancing_past_measured_edge,0,14,42,0.584603965,0.514363937,1,0,1,3.07724118,-1,100,0,0,0,0,0
24.45,1.64592367,-0.136250365,-0.187219378,0.05,8.19256323e-08,AdvanceRight,advancing_past_measured_edge,0,14,42,0.584603965,0.514363937,1,0,1,3.07724118,-1,100,0,0,0,0,0
24.5,1.64842366,-0.136258534,-0.187219117,0.05,7.64639235e-08,AdvanceRight,advancing_past_measured_edge,0,14,42,0.579584122,0.509393356,1,0,1,3.14996576,-1,100,0,0,0,0,0
24.55,1.65092364,-0.136266703,-0.187218874,0.05,7.13663286e-08,AdvanceRight,advancing_past_measured_edge,0,14,42,0.579584122,0.509393356,1,0,1,3.14996576,-1,100,0,0,0,0,0
24.6,1.65342363,-0.136274872,-0.187218646,0.05,6.66085733e-08,AdvanceRight,advancing_past_measured_edge,0,14,42,0.574579597,0.504437771,1,0,1,3.21041059,-1,100,0,0,0,0,0
24.65,1.65592362,-0.136283041,-0.187218434,0.05,6.21680018e-08,AdvanceRight,advancing_past_measured_edge,0,14,42,0.574579597,0.504437771,1,0,1,3.21041059,-1,100,0,0,0,0,0
24.7,1.6584236,-0.13629121,-0.187218236,0.05,5.80234683e-08,AdvanceRight,advancing_past_measured_edge,0,14,42,0.56959033,0.499497006,1,0,1,3.18263483,-1,100,0,0,0,0,0
24.75,1.66092359,-0.136299379,-0.187218052,0,0,TurnRight,right_pivot_ready,0,14,42,0.56959033,0.499497006,1,0,1,3.18263483,-1,100,0,0,0,0,0
24.8,1.66238191,-0.136304144,-0.187217944,0,-0.6,TurnRight,turning_right_with_feedback,0,14,42,0.565653026,0.495600296,1,0,1,3.16065788,-1,100,0,0,0,0,0
24.85,1.66323257,-0.13631224,-0.903415125,0,-0.6,TurnRight,turning_right_with_feedback,0,14,42,0.565653026,0.495600296,1,0,1,3.16065788,-1,100,0,0,0,0,0
24.9,1.66372865,-0.136324974,-2.03739406,0,-0.6,TurnRight,turning_right_with_feedback,0,14,42,0.56465888,0.492101121,1,0,1,3.06786084,-1,100,0,0,0,0,0
24.95,1.66401779,-0.136338743,-3.41507901,0,-0.6,TurnRight,turning_right_with_feedback,0,14,42,0.56465888,0.492101121,1,0,1,3.06786084,-1,100,0,0,0,0,0
25,1.6641862,-0.136351036,-4.93492581,0,-0.6,TurnRight,turning_right_with_feedback,0,14,42,0.563843787,0.488290082,1,0,1,3.0272541,-1,100,0,0,0,0,0
25.05,1.66428421,-0.136360881,-6.53770036,0,-0.6,TurnRight,turning_right_with_feedback,0,14,42,0.563843787,0.488290082,1,0,1,3.0272541,-1,100,0,0,0,0,0
25.1,1.66434119,-0.136368245,-8.18884942,0,-0.6,TurnRight,turning_right_with_feedback,0,14,42,0.563635409,0.485919699,1,0,1,1.74536383,-1,100,0,0,0,0,0
25.15,1.6643743,-0.136373505,-9.86821695,0,-0.6,TurnRight,turning_right_with_feedback,0,14,42,0.563635409,0.485919699,1,0,1,1.74536383,-1,100,0,0,0,0,0
25.2,1.66439351,-0.136377141,-11.5640453,0,-0.6,TurnRight,turning_right_with_feedback,0,14,42,0.563111365,0.485116471,1,0,1,1.21646929,-1,100,0,0,0,0,0
25.25,1.66440465,-0.136379593,-13.2694757,0,-0.6,TurnRight,turning_right_with_feedback,0,14,42,0.563111365,0.485116471,1,0,1,1.21646929,-1,100,0,0,0,0,0
25.3,1.6644111,-0.136381217,-14.9805073,0,-0.6,TurnRight,turning_right_with_feedback,0,14,42,0.56288296,0.486200091,1,0,1,0.934302986,-1,100,0,0,0,0,0
25.35,1.66441483,-0.136382276,-16.6948064,0,-0.6,TurnRight,turning_right_with_feedback,0,14,42,0.56288296,0.486200091,1,0,1,0.934302986,-1,100,0,0,0,0,0
25.4,1.66441699,-0.136382958,-18.4110114,0,-0.6,TurnRight,turning_right_with_feedback,0,14,42,0.562386334,0.489208039,1,0,1,0.760802329,-1,100,0,0,0,0,0
25.45,1.66441824,-0.136383394,-20.1283282,0,-0.6,TurnRight,turning_right_with_feedback,0,14,42,0.562386334,0.489208039,1,0,1,0.760802329,-1,100,0,0,0,0,0
25.5,1.66441896,-0.13638367,-21.8462936,0,-0.6,TurnRight,turning_right_with_feedback,0,14,42,0.561462462,0.494198524,1,1,1,0.644173563,-1,100,0,0,0,0,0
25.55,1.66441937,-0.136383844,-23.5646374,0,-0.6,TurnRight,turning_right_with_feedback,0,14,42,0.561462462,0.494198524,1,1,1,0.644173563,-1,100,0,0,0,0,0
25.6,1.66441961,-0.136383952,-25.2832018,0,-0.6,TurnRight,turning_right_with_feedback,0,14,42,0.560645759,0.501266007,1,1,1,0.560903788,-1,100,0,0,0,0,0
25.65,1.66441975,-0.136384019,-27.0018949,0,-0.6,TurnRight,turning_right_with_feedback,0,14,42,0.560645759,0.501266007,1,1,1,0.560903788,-1,100,0,0,0,0,0
25.7,1.66441983,-0.136384061,-28.7206632,0,-0.6,TurnRight,turning_right_with_feedback,0,14,42,0.559994936,0.510548107,1,0,1,0.498851031,-1,100,0,0,0,0,0
25.75,1.66441987,-0.136384087,-30.4394752,0,-0.6,TurnRight,turning_right_with_feedback,0,14,42,0.559994936,0.510548107,1,0,1,0.498851031,-1,100,0,0,0,0,0
25.8,1.6644199,-0.136384103,-32.1583128,0,-0.6,TurnRight,turning_right_with_feedback,0,14,42,0.558858633,0.522232336,1,0,1,0.451133311,-1,100,0,0,0,0,0
25.85,1.66441991,-0.136384112,-33.8771654,0,-0.6,TurnRight,turning_right_with_feedback,0,14,42,0.558858633,0.522232336,1,0,1,0.451133311,-1,100,0,0,0,0,0
25.9,1.66441992,-0.136384118,-35.5960266,0,-0.6,TurnRight,turning_right_with_feedback,0,14,42,0.557928741,0.539791117,1,0,1,0.430692673,-1,100,0,0,0,0,0
25.95,1.66441992,-0.136384122,-37.3148929,0,-0.6,TurnRight,turning_right_with_feedback,0,14,42,0.557928741,0.539791117,1,0,1,0.430692673,-1,100,0,0,0,0,0
26,1.66441993,-0.136384124,-39.0337621,0,-0.6,TurnRight,turning_right_with_feedback,0,14,42,0.558932245,0.55773246,1,0,1,0.430857271,-1,100,0,0,0,0,0
26.05,1.66441993,-0.136384125,-40.7526331,0,-0.6,TurnRight,turning_right_with_feedback,0,14,42,0.558932245,0.55773246,1,0,1,0.430857271,-1,100,0,0,0,0,0
26.1,1.66441993,-0.136384126,-42.471505,0,-0.6,TurnRight,turning_right_with_feedback,0,14,42,0.561898947,0.591755955,1,0,1,0.439284176,-1,100,0,0,0,0,0
26.15,1.66441993,-0.136384126,-44.1903776,0,-0.6,TurnRight,turning_right_with_feedback,0,14,42,0.561898947,0.591755955,1,0,1,0.439284176,-1,100,0,0,0,0,0
26.2,1.66441993,-0.136384127,-45.9092505,0,-0.6,TurnRight,turning_right_with_feedback,0,14,42,0.566895306,0.618235877,1,0,1,0.437062413,-1,100,0,0,0,0,0
26.25,1.66441993,-0.136384127,-47.6281236,0,-0.6,TurnRight,turning_right_with_feedback,0,14,42,0.566895306,0.618235877,1,0,1,0.437062413,-1,100,0,0,0,0,0
26.3,1.66441993,-0.136384127,-49.3469968,0,-0.6,TurnRight,turning_right_with_feedback,0,14,42,0.5740273,0.659049324,1,0,1,0.439949304,-1,100,0,0,0,0,0
26.35,1.66441993,-0.136384127,-51.0658701,0,-0.6,TurnRight,turning_right_with_feedback,0,14,42,0.5740273,0.659049324,1,0,1,0.439949304,-1,100,0,0,0,0,0
26.4,1.66441993,-0.136384127,-52.7847435,0,-0.6,TurnRight,turning_right_with_feedback,0,14,42,0.583445847,0.702953362,1,0,1,0.47637102,-1,100,0,0,0,0,0
26.45,1.66441993,-0.136384127,-54.5036168,0,-0.6,TurnRight,turning_right_with_feedback,0,14,42,0.583445847,0.702953362,1,0,1,0.47637102,-1,100,0,0,0,0,0
26.5,1.66441993,-0.136384127,-56.2224902,0,-0.6,TurnRight,turning_right_with_feedback,0,14,42,0.59535408,0.751597646,1,0,1,0.520814359,-1,100,0,0,0,0,0
26.55,1.66441993,-0.136384127,-57.9413636,0,-0.6,TurnRight,turning_right_with_feedback,0,14,42,0.59535408,0.751597646,1,0,1,0.520814359,-1,100,0,0,0,0,0
26.6,1.66441993,-0.136384127,-59.6602369,0,-0.6,TurnRight,turning_right_with_feedback,0,14,42,0.610018492,0.827504807,1,0,1,0.575988948,-1,100,0,0,0,0,0
26.65,1.66441993,-0.136384127,-61.3791103,0,-0.6,TurnRight,turning_right_with_feedback,0,14,42,0.610018492,0.827504807,1,0,1,0.575988948,-1,100,0,0,0,0,0
26.7,1.66441993,-0.136384127,-63.0979837,0,-0.567355543,TurnRight,turning_right_with_feedback,0,14,42,0.627783358,0.928166771,1,0,1,0.646003604,-1,100,0,0,0,0,0
26.75,1.66441993,-0.136384127,-64.7778906,0,-0.532171655,TurnRight,turning_right_with_feedback,0,14,42,0.627783358,0.928166771,1,0,1,0.646003604,-1,100,0,0,0,0,0
26.8,1.66441993,-0.136384127,-66.3930695,0,-0.498343428,TurnRight,turning_right_with_feedback,0,14,42,0.648131132,1.044637,1,0,1,0.733057797,-1,100,0,0,0,0,0
26.85,1.66441993,-0.136384127,-67.9301108,0,-0.466151711,TurnRight,turning_right_with_feedback,0,14,42,0.648131132,1.044637,1,0,1,0.733057797,-1,100,0,0,0,0,0
26.9,1.66441993,-0.136384127,-69.3831458,0,-0.435719416,TurnRight,turning_right_with_feedback,0,14,42,0.669138849,1.18555639,1,0,1,0.836962163,-1,100,0,0,0,0,0
26.95,1.66441993,-0.136384127,-70.7508513,0,-0.407074259,TurnRight,turning_right_with_feedback,0,14,42,0.669138849,1.18555639,1,0,1,0.836962163,-1,100,0,0,0,0,0
27,1.66441993,-0.136384127,-72.0345887,0,-0.380187727,TurnRight,turning_right_with_feedback,0,14,42,0.690582335,1.36624804,1,0,1,0.958868623,-1,100,0,0,0,0,0
27.05,1.66441993,-0.136384127,-73.2372511,0,-0.354999224,TurnRight,turning_right_with_feedback,0,14,42,0.690582335,1.36624804,1,0,1,0.958868623,-1,100,0,0,0,0,0
27.1,1.66441993,-0.136384127,-74.3625533,0,-0.33143095,TurnRight,turning_right_with_feedback,0,14,42,0.711949825,1.58412616,1,0,1,1.10085464,-1,100,0,0,0,0,0
27.15,1.66441993,-0.136384127,-75.4145961,0,-0.309397016,TurnRight,turning_right_with_feedback,0,14,42,0.711949825,1.58412616,1,0,1,1.10085464,-1,100,0,0,0,0,0
27.2,1.66441993,-0.136384127,-76.3976033,0,-0.288808962,TurnRight,turning_right_with_feedback,0,14,42,0.72875452,1.84230294,1,0,1,1.26573002,-1,100,0,0,0,0,0
27.25,1.66441993,-0.136384127,-77.3157644,0,-0.269579041,TurnRight,turning_right_with_feedback,0,14,42,0.72875452,1.84230294,1,0,1,1.26573002,-1,100,0,0,0,0,0
27.3,1.66441993,-0.136384127,-78.1731447,0,-0.25162211,TurnRight,turning_right_with_feedback,0,14,42,0.676793456,2.06382895,1,0,1,1.45699787,-1,100,0,0,0,0,0
27.35,1.66441993,-0.136384127,-78.9736349,0,-0.234856681,TurnRight,turning_right_with_feedback,0,14,42,0.676793456,2.06382895,1,0,1,1.45699787,-1,100,0,0,0,0,0
27.4,1.66441993,-0.136384127,-79.7209271,0,-0.219205431,TurnRight,turning_right_with_feedback,0,14,42,0.637962162,2.4402367,1,0,1,1.67890203,-1,100,0,0,0,0,0
27.45,1.66441993,-0.136384127,-80.4185047,0,-0.204595399,TurnRight,turning_right_with_feedback,0,14,42,0.637962162,2.4402367,1,0,1,1.67890203,-1,100,0,0,0,0,0
27.5,1.66441993,-0.136384127,-81.0696428,0,-0.190957995,TurnRight,turning_right_with_feedback,0,14,42,0.608135223,2.73784937,1,0,1,1.93653476,-1,100,0,0,0,0,0
27.55,1.66441993,-0.136384127,-81.6774127,0,-0.178228893,TurnRight,turning_right_with_feedback,0,14,42,0.608135223,2.73784937,1,0,1,1.93653476,-1,100,0,0,0,0,0
27.6,1.66441993,-0.136384127,-82.2446901,0,-0.166347862,TurnRight,turning_right_with_feedback,0,14,42,0.584729195,3.31301224,1,0,1,2.23599792,-1,100,0,0,0,0,0
27.65,1.66441993,-0.136384127,-82.7741651,0,-0.155258563,TurnRight,turning_right_with_feedback,0,14,42,0.584729195,3.31301224,1,0,1,2.23599792,-1,100,0,0,0,0,0
27.7,1.66441993,-0.136384127,-83.2683518,0,-0.144908342,TurnRight,turning_right_with_feedback,0,14,42,0.566046894,3.72946959,1,0,1,2.58462334,-1,100,0,0,0,0,0
27.75,1.66441993,-0.136384127,-83.729599,0,-0.135248004,TurnRight,turning_right_with_feedback,0,14,42,0.566046894,3.72946959,1,0,1,2.58462334,-1,100,0,0,0,0,0
27.8,1.66441993,-0.136384127,-84.1601002,0,-0.126231607,TurnRight,turning_right_with_feedback,0,14,42,0.55092901,4.1882042,1,0,1,2.99126196,-1,100,0,0,0,0,0
27.85,1.66441993,-0.136384127,-84.5619038,0,-0.117816252,TurnRight,turning_right_with_feedback,0,14,42,0.55092901,4.1882042,1,0,1,2.99126196,-1,100,0,0,0,0,0
27.9,1.66441993,-0.136384127,-84.9369221,0,-0.109961888,TurnRight,turning_right_with_feedback,0,14,42,0.53855747,5.27979564,1,0,1,3.08311296,-1,100,0,0,0,0,0
27.95,1.66441993,-0.136384127,-85.28694,0,-0.102631129,TurnRight,turning_right_with_feedback,0,14,42,0.53855747,5.27979564,1,0,1,3.08311296,-1,100,0,0,0,0,0
28,1.66441993,-0.136384127,-85.6136241,0,-0.0957890745,TurnRight,turning_right_with_feedback,0,14,42,0.528339207,7.84450071,1,0,1,3.09203982,-1,100,0,0,0,0,0
28.05,1.66441993,-0.136384127,-85.9185295,0,-0.0894031492,TurnRight,turning_right_with_feedback,0,14,42,0.528339207,7.84450071,1,0,1,3.09203982,-1,100,0,0,0,0,0
28.1,1.66441993,-0.136384127,-86.2031082,0,-0.0834429474,TurnRight,turning_right_with_feedback,0,14,42,0.519834042,7.83976036,1,0,1,3.12934542,-1,100,0,0,0,0,0
28.15,1.66441993,-0.136384127,-86.4687151,0,-0.0778800893,TurnRight,turning_right_with_feedback,0,14,42,0.519834042,7.83976036,1,0,1,3.12934542,-1,100,0,0,0,0,0
28.2,1.66441993,-0.136384127,-86.716615,0,-0.0726880865,TurnRight,turning_right_with_feedback,0,14,42,0.512708664,7.8355438,1,0,1,3.20360875,-1,100,0,0,0,0,0
28.25,1.66441993,-0.136384127,-86.9479883,0,-0.0678422161,TurnRight,turning_right_with_feedback,0,14,42,0.512708664,7.8355438,1,0,1,3.20360875,-1,100,0,0,0,0,0
28.3,1.66441993,-0.136384127,-87.1639367,0,-0.0633194029,TurnRight,turning_right_with_feedback,0,14,42,0.506706536,7.83230274,1,0,1,3.06928182,-1,100,0,0,0,0,0
28.35,1.66441993,-0.136384127,-87.3654886,0,0,FindWall,right_heading_reached,0,14,42,0.506706536,7.83230274,1,0,1,3.06928182,-1,100,0,0,0,0,0
28.4,1.66441993,-0.136384127,-87.4830605,0.05,-0.0566356894,FindWall,finding_near_right_wall,0,14,42,0.50253886,7.83029907,1,0,1,3.18826747,-1,100,0,0,0,0,0
28.45,1.66446444,-0.137424843,-87.619248,0.05,-0.053783385,FindWall,finding_near_right_wall,0,14,42,0.50253886,7.83029907,1,0,1,3.18826747,-1,100,0,0,0,0,0
28.5,1.66453089,-0.139072809,-87.7628899,0.05,-0.0507749562,FindWall,finding_near_right_wall,0,14,42,0.499143302,7.82596653,1,0,1,3.11067057,-1,100,0,0,0,0,0
28.55,1.66460658,-0.14107514,-87.9072891,0.05,-0.0477506655,FindWall,finding_near_right_wall,0,14,42,0.499143302,7.82596653,1,0,1,3.11067057,-1,100,0,0,0,0,0
28.6,1.66468458,-0.143284292,-88.0485202,0.05,-0.0447927293,FindWall,finding_near_right_wall,0,14,42,0.495800823,7.82022255,1,0,1,3.09805965,-1,100,0,0,0,0,0
28.65,1.6647612,-0.145614173,-88.1843723,0.05,-0.0419474482,FindWall,finding_near_right_wall,0,14,42,0.495800823,7.82022255,1,0,1,3.09805965,-1,100,0,0,0,0,0
28.7,1.66483458,-0.148014551,-88.3136905,0.05,-0.0392390148,FindWall,finding_near_right_wall,0,14,42,0.492753804,7.81422632,1,0,1,3.20555782,-1,100,0,0,0,0,0
28.75,1.66490385,-0.150456109,-88.4359642,0.05,-0.0366781199,FindWall,finding_near_right_wall,0,14,42,0.492753804,7.81422632,1,0,1,3.20555782,-1,100,0,0,0,0,0
28.8,1.66496869,-0.152921739,-88.5510719,0.05,-0.0342673115,FindWall,finding_near_right_wall,0,14,42,0.490056455,7.80831879,1,0,1,3.16574693,-1,100,0,0,0,0,0
28.85,1.66502908,-0.155401452,-88.6591216,0.05,-0.0320043238,FindWall,finding_near_right_wall,0,14,42,0.490056455,7.80831879,1,0,1,3.16574693,-1,100,0,0,0,0,0
28.9,1.66508511,-0.157889416,-88.7603529,0.05,-0.0298841396,FindWall,finding_near_right_wall,0,14,42,0.487694353,7.80257338,1,0,1,3.12756777,-1,100,0,0,0,0,0
28.95,1.66513699,-0.160382223,-88.8550761,0.05,-0.027900262,FindWall,finding_near_right_wall,0,14,42,0.487694353,7.80257338,1,0,1,3.12756777,-1,100,0,0,0,0,0
29,1.66518494,-0.162877881,-88.9436348,0.05,-0.0260454935,FindWall,finding_near_right_wall,0,14,42,0.485631585,7.79698389,1,0,1,3.09924412,-1,100,0,0,0,0,0
29.05,1.66522919,-0.165375225,-89.0263835,0.05,-0.0243124079,FindWall,finding_near_right_wall,0,14,42,0.485631585,7.79698389,1,0,1,3.09924412,-1,100,0,0,0,0,0
29.1,1.66526996,-0.167873572,-89.1036744,0.05,-0.0226936311,FindWall,finding_near_right_wall,0,14,42,0.483828753,7.79152458,1,0,1,3.0790875,-1,100,0,0,0,0,0
29.15,1.66530748,-0.17037252,-89.1758493,0.05,-0.0211820038,FindWall,finding_near_right_wall,0,14,42,0.483828753,7.79152458,1,0,1,3.0790875,-1,100,0,0,0,0,0
29.2,1.66534196,-0.172871833,-89.2432355,0.05,-0.0197706711,FindWall,finding_near_right_wall,0,14,42,0.482249171,7.78616827,1,0,1,3.06571388,-1,100,0,0,0,0,0
29.25,1.66537361,-0.17537137,-89.3061436,0.05,-0.018453127,FindWall,finding_near_right_wall,0,14,42,0.482249171,7.78616827,1,0,1,3.06571388,-1,100,0,0,0,0,0
29.3,1.6654026,-0.177871049,-89.3648667,0.05,-0.0172232314,FindWall,finding_near_right_wall,0,14,42,0.480860502,7.78089254,1,0,1,3.07213402,-1,100,0,0,0,0,0
29.35,1.66542911,-0.18037082,-89.4196807,0.05,-0.0160752115,FindWall,finding_near_right_wall,0,14,42,0.480860502,7.78089254,1,0,1,3.07213402,-1,100,0,0,0,0,0
29.4,1.66545332,-0.18287065,-89.4708438,0.05,-0.0150036529,FindWall,finding_near_right_wall,0,14,42,0.479634941,7.77567976,1,0,1,3.08033991,-1,100,0,0,0,0,0
29.45,1.66547536,-0.185370523,-89.5185983,0.05,-0.0140034858,FindWall,finding_near_right_wall,0,14,42,0.479634941,7.77567976,1,0,1,3.08033991,-1,100,0,0,0,0,0
29.5,1.6654954,-0.187870425,-89.5631705,0.05,-0.0130699678,FindWall,finding_near_right_wall,0,14,42,0.478548765,7.77051609,1,0,1,3.07969046,-1,100,0,0,0,0,0
29.55,1.66551355,-0.190370349,-89.604772,0.05,-0.0121986665,FindWall,finding_near_right_wall,0,14,42,0.478548765,7.77051609,1,0,1,3.07969046,-1,100,0,0,0,0,0
29.6,1.66552995,-0.192870289,-89.6436007,0.05,-0.0113854407,FindWall,finding_near_right_wall,0,14,42,0.477581799,7.76539152,1,0,1,3.07084346,-1,100,0,0,0,0,0
29.65,1.66554471,-0.195370242,-89.6798411,0.05,-0.010626423,FindWall,finding_near_right_wall,0,14,42,0.477581799,7.76539152,1,0,1,3.07084346,-1,100,0,0,0,0,0
29.7,1.66555794,-0.197870205,-89.7136658,0.05,-0.00991800204,FindWall,finding_near_right_wall,0,14,42,0.476716816,7.76029747,1,0,1,3.06788588,-1,100,0,0,0,0,0
29.75,1.66556974,-0.200370176,-89.7452355,0.05,-0.00925680646,FindWall,finding_near_right_wall,0,14,42,0.476716816,7.76029747,1,0,1,3.06788588,-1,100,0,0,0,0,0
29.8,1.66558022,-0.202870153,-89.7747007,0.05,-0.00863968887,FindWall,finding_near_right_wall,0,14,42,0.475939184,7.75522917,1,0,1,3.07771564,-1,100,0,0,0,0,0
29.85,1.66558945,-0.205370135,-89.8022016,0.05,-0.00806371139,FindWall,finding_near_right_wall,0,14,42,0.475939184,7.75522917,1,0,1,3.07771564,-1,100,0,0,0,0,0
29.9,1.66559752,-0.207870122,-89.8278691,0.05,-0.00752613175,FindWall,finding_near_right_wall,0,14,42,0.475236416,7.75018185,1,0,1,3.08967566,-1,100,0,0,0,0,0
29.95,1.66560451,-0.210370112,-89.8518255,0.05,-0.00702439032,FindWall,finding_near_right_wall,0,14,42,0.475236416,7.75018185,1,0,1,3.08967566,-1,100,0,0,0,0,0
30,1.66561048,-0.212870105,-89.8741848,0.05,-0.00655609807,FindWall,finding_near_right_wall,0,14,42,0.474597842,7.74515265,1,0,1,3.10347033,-1,100,0,0,0,0,0
30.05,1.66561552,-0.2153701,-89.8950535,0.05,-0.00611902514,FindWall,finding_near_right_wall,0,14,42,0.474597842,7.74515265,1,0,1,3.10347033,-1,100,0,0,0,0,0
30.1,1.66561967,-0.217870096,-89.914531,0.05,-0.0057110903,FindWall,finding_near_right_wall,0,14,42,0.474014372,7.7401387,1,0,1,3.11884928,-1,100,0,0,0,0,0
30.15,1.665623,-0.220370094,-89.93271,0.05,-0.00533035105,FindWall,finding_near_right_wall,0,14,42,0.474014372,7.7401387,1,0,1,3.11884928,-1,100,0,0,0,0,0
30.2,1.66562557,-0.222870093,-89.949677,0.05,-0.00497499438,FindWall,finding_near_right_wall,0,14,42,0.473478168,7.73513811,1,0,1,3.13559914,-1,100,0,0,0,0,0
30.25,1.66562742,-0.225370092,-89.9655129,0.05,-0.00464332813,FindWall,finding_near_right_wall,0,14,42,0.473478168,7.73513811,1,0,1,3.13559914,-1,100,0,0,0,0,0
30.3,1.6656286,-0.227870092,-89.9802931,0.05,-0.00433377295,FindWall,finding_near_right_wall,0,14,42,0.472982615,7.73014992,1,0,1,3.15353775,-1,100,0,0,0,0,0
30.35,1.66562916,-0.230370092,-89.9940879,0.05,-0.00404485477,FindWall,finding_near_right_wall,0,14,42,0.472982615,7.73014992,1,0,1,3.15353775,-1,100,0,0,0,0,0
30.4,1.66562914,-0.232870092,-90.006963,0.05,-0.00377519779,FindWall,finding_near_right_wall,0,14,42,0.472521991,7.72517317,1,0,1,3.17250848,-1,100,0,0,0,0,0
30.45,1.66562857,-0.235370092,-90.0189799,0.05,-0.00352351795,FindWall,finding_near_right_wall,0,14,42,0.472521991,7.72517317,1,0,1,3.17250848,-1,100,0,0,0,0,0
30.5,1.6656275,-0.237870092,-90.0301956,0.05,-0.00328861675,FindWall,finding_near_right_wall,0,14,42,0.472091466,7.72020691,1,0,1,3.19237685,-1,100,0,0,0,0,0
30.55,1.66562595,-0.240370091,-90.0406636,0.05,-0.00306937564,FindWall,finding_near_right_wall,0,14,42,0.472091466,7.72020691,1,0,1,3.19237685,-1,100,0,0,0,0,0
30.6,1.66562397,-0.24287009,-90.0504337,0.05,-0.0028647506,FindWall,finding_near_right_wall,0,14,42,0.4716869,7.71525066,1,0,1,3.21302652,-1,100,0,0,0,0,0
30.65,1.66562157,-0.245370089,-90.0595525,0.05,-0.00267376723,FindWall,finding_near_right_wall,0,14,42,0.4716869,7.71525066,1,0,1,3.21302652,-1,100,0,0,0,0,0
30.7,1.66561878,-0.247870088,-90.0680634,0.05,-0.00249551608,FindWall,finding_near_right_wall,0,14,42,0.471304744,7.71030396,1,0,1,3.1670599,-1,100,0,0,0,0,0
30.75,1.66561564,-0.250370086,-90.0760068,0.05,-0.00232914834,FindWall,finding_near_right_wall,0,14,42,0.471304744,7.71030396,1,0,1,3.1670599,-1,100,0,0,0,0,0
30.8,1.66561216,-0.252870083,-90.0834207,0.05,-0.00217387178,FindWall,finding_near_right_wall,0,14,42,0.47094205,7.70536631,1,0,1,3.09510159,-1,100,0,0,0,0,0
30.85,1.66560837,-0.25537008,-90.0903404,0.05,-0.002028947,FindWall,finding_near_right_wall,0,14,42,0.47094205,7.70536631,1,0,1,3.09510159,-1,100,0,0,0,0,0
30.9,1.66560429,-0.257870077,-90.0967987,0.05,-0.00189368387,FindWall,finding_near_right_wall,0,14,42,0.470596254,7.70043772,1,0,1,3.08245301,-1,100,0,0,0,0,0
30.95,1.66559993,-0.260370073,-90.1028265,0.05,-0.00176743827,FindWall,finding_near_right_wall,0,14,42,0.470596254,7.70043772,1,0,1,3.08245301,-1,100,0,0,0,0,0
31,1.66559532,-0.262870069,-90.1084524,0.05,-0.00164960906,FindWall,finding_near_right_wall,0,14,42,0.470265239,7.69551771,1,0,1,3.10389161,-1,100,0,0,0,0,0
31.05,1.66559048,-0.265370064,-90.1137033,0.05,-0.00153963512,FindWall,finding_near_right_wall,0,14,42,0.470265239,7.69551771,1,0,1,3.10389161,-1,100,0,0,0,0,0
31.1,1.66558541,-0.267870059,-90.1186041,0.05,-0.00143699278,FindWall,finding_near_right_wall,0,14,42,0.469947219,7.69060581,1,0,1,3.12567472,-1,100,0,0,0,0,0
31.15,1.66558013,-0.270370054,-90.1231782,0.05,-0.00134119326,FindWall,finding_near_right_wall,0,14,42,0.469947219,7.69060581,1,0,1,3.12567472,-1,100,0,0,0,0,0
31.2,1.66557467,-0.272870048,-90.1274474,0.05,-0.00125178038,FindWall,finding_near_right_wall,0,14,42,0.469640702,7.68570154,1,0,1,3.14775896,-1,100,0,0,0,0,0
31.25,1.66556902,-0.275370041,-90.1314319,0.05,-0.00116832835,FindWall,finding_near_right_wall,0,14,42,0.469640702,7.68570154,1,0,1,3.14775896,-1,100,0,0,0,0,0
31.3,1.6655632,-0.277870034,-90.1351508,0.05,-0.00109043979,FindWall,finding_near_right_wall,0,14,42,0.469344467,7.68080538,1,0,1,3.17010665,-1,100,0,0,0,0,0
31.35,1.66555723,-0.280370027,-90.1386218,0.05,-0.00101774381,FindWall,finding_near_right_wall,0,14,42,0.469344467,7.68080538,1,0,1,3.17010665,-1,100,0,0,0,0,0
31.4,1.66555111,-0.28287002,-90.1418614,0.05,-0.00094989422,FindWall,finding_near_right_wall,0,14,42,0.469057441,7.67591684,1,0,1,3.19268441,-1,100,0,0,0,0,0
31.45,1.66554485,-0.285370012,-90.144885,0.05,-0.000886567939,FindWall,finding_near_right_wall,0,14,42,0.469057441,7.67591684,1,0,1,3.19268441,-1,100,0,0,0,0,0
31.5,1.66553847,-0.287870004,-90.147707,0.05,-0.00082746341,FindWall,finding_near_right_wall,0,14,42,0.468778849,7.67103594,1,0,1,3.21546364,-1,100,0,0,0,0,0
31.55,1.66553197,-0.290369995,-90.1503409,0.05,-0.000772299182,FindWall,finding_near_right_wall,0,14,42,0.468778849,7.67103594,1,0,1,3.21546364,-1,100,0,0,0,0,0
31.6,1.66552536,-0.292869987,-90.1527992,0.05,-0.00072081257,FindWall,finding_near_right_wall,0,14,42,0.468508035,7.66616171,1,0,1,3.14813733,-1,100,0,0,0,0,0
31.65,1.66551864,-0.295369978,-90.1550936,0.05,-0.000672758399,FindWall,finding_near_right_wall,0,14,42,0.468508035,7.66616171,1,0,1,3.14813733,-1,100,0,0,0,0,0
31.7,1.66551182,-0.297869968,-90.1572351,0.05,-0.000627907839,FindWall,finding_near_right_wall,0,14,42,0.468244493,7.66129416,1,0,1,3.07195091,-1,100,0,0,0,0,0
31.75,1.66550492,-0.300369959,-90.1592338,0.05,-0.000586047316,FindWall,finding_near_right_wall,0,14,42,0.468244493,7.66129416,1,0,1,3.07195091,-1,100,0,0,0,0,0
31.8,1.66549793,-0.302869949,-90.1610992,0.05,-0.000546977495,FindWall,finding_near_right_wall,0,14,42,0.467987776,7.65643328,1,0,1,3.09404206,-1,100,0,0,0,0,0
31.85,1.66549086,-0.305369939,-90.1628403,0.05,-0.000510512329,FindWall,finding_near_right_wall,0,14,42,0.467987776,7.65643328,1,0,1,3.09404206,-1,100,0,0,0,0,0
31.9,1.66548372,-0.307869929,-90.1644653,0.05,-0.000476478174,FindWall,finding_near_right_wall,0,14,42,0.467737675,7.65128229,1,0,1,3.11625099,-1,100,0,0,0,0,0
31.95,1.66547651,-0.310369918,-90.165982,0.05,-0.000444712962,FindWall,finding_near_right_wall,0,14,42,0.467737675,7.65128229,1,0,1,3.11625099,-1,100,0,0,0,0,0
32,1.66546924,-0.312869908,-90.1673976,0.05,-0.000415065431,FindWall,finding_near_right_wall,0,14,42,0.467493951,7.64613524,1,0,1,3.13856411,-1,100,0,0,0,0,0
32.05,1.66546191,-0.315369897,-90.1687187,0.05,-0.000387394402,FindWall,finding_near_right_wall,0,14,42,0.467493951,7.64613524,1,0,1,3.13856411,-1,100,0,0,0,0,0
32.1,1.66545452,-0.317869886,-90.1699519,0.05,-0.000361568109,FindWall,finding_near_right_wall,0,14,42,0.467256486,7.64099581,1,0,1,3.16096997,-1,100,0,0,0,0,0
32.15,1.66544708,-0.320369875,-90.1711028,0.05,-0.000337463568,FindWall,finding_near_right_wall,0,14,42,0.467256486,7.64099581,1,0,1,3.16096997,-1,100,0,0,0,0,0
32.2,1.66543959,-0.322869864,-90.1721769,0.05,-0.000314965997,FindWall,finding_near_right_wall,0,14,42,0.46702525,7.63586306,1,0,1,3.18345857,-1,100,0,0,0,0,0
32.25,1.66543206,-0.325369853,-90.1731795,0.05,-0.000293968264,FindWall,finding_near_right_wall,0,14,42,0.46702525,7.63586306,1,0,1,3.18345857,-1,100,0,0,0,0,0
32.3,1.66542448,-0.327869841,-90.1741152,0.05,-0.00027437038,FindWall,finding_near_right_wall,0,14,42,0.466800213,7.63073746,1,0,1,3.20602083,-1,100,0,0,0,0,0
32.35,1.66541686,-0.330369829,-90.1749886,0.05,-0.000256079021,FindWall,finding_near_right_wall,0,14,42,0.466800213,7.63073746,1,0,1,3.20602083,-1,100,0,0,0,0,0
32.4,1.66540921,-0.332869818,-90.1758037,0.05,-0.000239007086,FindWall,finding_near_right_wall,0,14,42,0.466581464,7.62561949,1,0,1,3.17331386,-1,100,0,0,0,0,0
32.45,1.66540152,-0.335369806,-90.1765645,0.05,-0.000223073281,FindWall,finding_near_right_wall,0,14,42,0.466581464,7.62561949,1,0,1,3.17331386,-1,100,0,0,0,0,0
32.5,1.6653938,-0.337869794,-90.1772746,0.05,-0.000208201729,FindWall,finding_near_right_wall,0,14,42,0.466369033,7.62050962,1,0,1,3.083009,-1,100,0,0,0,0,0
32.55,1.66538605,-0.340369782,-90.1779373,0.05,-0.000194321613,FindWall,finding_near_right_wall,0,14,42,0.466369033,7.62050962,1,0,1,3.083009,-1,100,0,0,0,0,0
32.6,1.66537828,-0.34286977,-90.1785558,0.05,-0.000181366839,FindWall,finding_near_right_wall,0,14,42,0.466163099,7.61540786,1,0,1,3.10473466,-1,100,0,0,0,0,0
32.65,1.66537047,-0.345369758,-90.1791331,0.05,-0.000169275716,FindWall,finding_near_right_wall,0,14,42,0.466163099,7.61540786,1,0,1,3.10473466,-1,100,0,0,0,0,0
32.7,1.66536264,-0.347869745,-90.179672,0.05,-0.000157990669,FindWall,finding_near_right_wall,0,14,42,0.465963781,7.61031421,1,0,1,3.1264925,-1,100,0,0,0,0,0
32.75,1.66535479,-0.350369733,-90.1801749,0.05,-0.000147457957,FindWall,finding_near_right_wall,0,14,42,0.465963781,7.61031421,1,0,1,3.1264925,-1,100,0,0,0,0,0
32.8,1.66534692,-0.352869721,-90.1806442,0.05,-0.000137627427,FindWall,finding_near_right_wall,0,14,42,0.465771228,7.60522866,1,0,1,3.14827776,-1,100,0,0,0,0,0
32.85,1.66533903,-0.355369708,-90.1810823,0.05,-0.000128452265,FindWall,finding_near_right_wall,0,14,42,0.465771228,7.60522866,1,0,1,3.14827776,-1,100,0,0,0,0,0
32.9,1.66533112,-0.357869696,-90.1814912,0.05,-0.000119888781,FindWall,finding_near_right_wall,0,14,42,0.465585619,7.60015217,1,0,1,3.17008615,-1,100,0,0,0,0,0
32.95,1.66532319,-0.360369683,-90.1818728,0.05,-0.000111896195,FindWall,finding_near_right_wall,0,14,42,0.465585619,7.60015217,1,0,1,3.17008615,-1,100,0,0,0,0,0
33,1.66531525,-0.362869671,-90.182229,0.05,-0.000104436449,FindWall,finding_near_right_wall,0,14,42,0.465407163,7.59508379,1,0,1,3.19191432,-1,100,0,0,0,0,0
33.05,1.66530729,-0.365369658,-90.1825614,0.05,-9.74740191e-05,FindWall,finding_near_right_wall,0,14,42,0.465407163,7.59508379,1,0,1,3.19191432,-1,100,0,0,0,0,0
33.1,1.66529932,-0.367869645,-90.1828717,0.05,-9.09757512e-05,FindWall,finding_near_right_wall,0,14,42,0.465236008,7.59002494,1,0,1,3.21375871,-1,100,0,0,0,0,0
33.15,1.66529133,-0.370369632,-90.1831613,0.05,-8.49107011e-05,FindWall,finding_near_right_wall,0,14,42,0.465236008,7.59002494,1,0,1,3.21375871,-1,100,0,0,0,0,0
33.2,1.66528333,-0.37286962,-90.1834316,0.05,-7.92499877e-05,FindWall,finding_near_right_wall,0,14,42,0.465072393,7.58497467,1,0,1,3.16745687,-1,100,0,0,0,0,0
33.25,1.66527532,-0.375369607,-90.1836838,0.05,-7.39666552e-05,FindWall,finding_near_right_wall,0,14,42,0.465072393,7.58497467,1,0,1,3.16745687,-1,100,0,0,0,0,0
33.3,1.66526731,-0.377869594,-90.1839193,0.05,-6.90355449e-05,FindWall,finding_near_right_wall,0,14,42,0.464916527,7.57993395,1,0,1,3.09444499,-1,100,0,0,0,0,0
33.35,1.66525928,-0.380369581,-90.184139,0.05,-6.44331752e-05,FindWall,finding_near_right_wall,0,14,42,0.464916527,7.57993395,1,0,1,3.09444499,-1,100,0,0,0,0,0
33.4,1.66525124,-0.382869568,-90.1843441,0.05,-6.01376302e-05,FindWall,finding_near_right_wall,0,14,42,0.464768529,7.5749018,1,0,1,3.11494327,-1,100,0,0,0,0,0
33.45,1.66524319,-0.385369555,-90.1845355,0.05,-5.61284548e-05,FindWall,finding_near_right_wall,0,14,42,0.464768529,7.5749018,1,0,1,3.11494327,-1,100,0,0,0,0,0
33.5,1.66523513,-0.387869542,-90.1847142,0.05,-5.23865578e-05,FindWall,finding_near_right_wall,0,14,42,0.464628667,7.56987919,1,0,1,3.13544559,-1,100,0,0,0,0,0
33.55,1.66522707,-0.390369529,-90.1848809,0.05,-4.88941207e-05,FindWall,finding_near_right_wall,0,14,42,0.464628667,7.56987919,1,0,1,3.13544559,-1,100,0,0,0,0,0
33.6,1.665219,-0.392869516,-90.1850366,0.05,-4.56345126e-05,FindWall,finding_near_right_wall,0,14,42,0.46449706,7.56486611,1,0,1,3.15595126,-1,100,0,0,0,0,0
33.65,1.66521092,-0.395369503,-90.1851818,0.05,-4.25922118e-05,FindWall,finding_near_right_wall,0,14,42,0.46449706,7.56486611,1,0,1,3.15595126,-1,100,0,0,0,0,0
33.7,1.66520284,-0.39786949,-90.1853174,0.05,-3.9752731e-05,FindWall,finding_near_right_wall,0,14,42,0.464373916,7.5598621,1,0,1,3.17645931,-1,100,0,0,0,0,0
33.75,1.66519475,-0.400369477,-90.1854439,0.05,-3.71025489e-05,FindWall,finding_near_right_wall,0,14,42,0.464373916,7.5598621,1,0,1,3.17645931,-1,100,0,0,0,0,0
33.8,1.66518666,-0.402869464,-90.1855621,0.05,-3.46290457e-05,FindWall,finding_near_right_wall,0,14,42,0.464259386,7.55486762,1,0,1,3.19696903,-1,100,0,0,0,0,0
33.85,1.66517856,-0.405369451,-90.1856723,0.05,-3.23204426e-05,FindWall,finding_near_right_wall,0,14,42,0.464259386,7.55486762,1,0,1,3.19696903,-1,100,0,0,0,0,0
33.9,1.66517045,-0.407869438,-90.1857752,0.05,-3.01657464e-05,FindWall,finding_near_right_wall,0,14,42,0.464153618,7.5498822,1,0,1,3.21748018,-1,100,0,0,0,0,0
33.95,1.66516235,-0.410369425,-90.1858712,0.05,-2.81546967e-05,FindWall,finding_near_right_wall,0,14,42,0.464153618,7.5498822,1,0,1,3.21748018,-1,100,0,0,0,0,0
34,1.66515423,-0.412869411,-90.1859608,0.05,-2.62777169e-05,FindWall,finding_near_right_wall,0,14,42,0.46405673,7.54490631,1,0,1,3.12228751,-1,100,0,0,0,0,0
34.05,1.66514612,-0.415369398,-90.1860444,0.05,-2.45258691e-05,FindWall,finding_near_right_wall,0,14,42,0.46405673,7.54490631,1,0,1,3.12228751,-1,100,0,0,0,0,0
34.1,1.665138,-0.417869385,-90.1861225,0.05,-2.28908112e-05,FindWall,finding_near_right_wall,0,14,42,0.463968873,7.53993901,1,0,1,3.09738851,-1,100,0,0,0,0,0
34.15,1.66512988,-0.420369372,-90.1861954,0.05,-2.13647571e-05,FindWall,finding_near_right_wall,0,14,42,0.463968873,7.53993901,1,0,1,3.09738851,-1,100,0,0,0,0,0
34.2,1.66512175,-0.422869359,-90.1862634,0.05,-1.99404399e-05,FindWall,finding_near_right_wall,0,14,42,0.463890105,7.53498125,1,0,1,3.11704016,-1,100,0,0,0,0,0
34.25,1.66511362,-0.425369345,-90.1863269,0.05,-1.86110773e-05,FindWall,finding_near_right_wall,0,14,42,0.463890105,7.53498125,1,0,1,3.11704016,-1,100,0,0,0,0,0
34.3,1.66510549,-0.427869332,-90.1863861,0.05,-1.73703388e-05,FindWall,finding_near_right_wall,0,14,42,0.463820547,7.53003254,1,0,1,3.13670444,-1,100,0,0,0,0,0
34.35,1.66509736,-0.430369319,-90.1864414,0.05,-1.62123162e-05,FindWall,finding_near_right_wall,0,14,42,0.463820547,7.53003254,1,0,1,3.13670444,-1,100,0,0,0,0,0
34.4,1.66508922,-0.432869306,-90.186493,0.05,-1.51314951e-05,FindWall,finding_near_right_wall,0,14,42,0.463760287,7.52509289,1,0,1,3.15638065,-1,100,0,0,0,0,0
34.45,1.66508108,-0.435369292,-90.1865412,0.05,-1.41227288e-05,FindWall,finding_near_right_wall,0,14,42,0.463760287,7.52509289,1,0,1,3.15638065,-1,100,0,0,0,0,0
34.5,1.66507294,-0.437869279,-90.1865861,0.05,-1.31812135e-05,FindWall,finding_near_right_wall,0,14,42,0.463709325,7.52016183,1,0,1,0.275588185,-1,100,0,0,0,0,0
34.55,1.6650648,-0.440369266,-90.1866281,0.05,-1.2302466e-05,FindWall,finding_near_right_wall,0,14,42,0.463709325,7.52016183,1,0,1,0.275588185,-1,100,0,0,0,0,0
34.6,1.66505665,-0.442869253,-90.1866672,0.05,-1.14823016e-05,FindWall,finding_near_right_wall,0,14,42,0.463667721,7.51523934,1,0,1,0.272349328,-1,100,0,0,0,0,0
34.65,1.66504851,-0.445369239,-90.1867038,0.05,-1.07168148e-05,FindWall,finding_near_right_wall,0,14,42,0.463667721,7.51523934,1,0,1,0.272349328,-1,100,0,0,0,0,0
34.7,1.66504036,-0.447869226,-90.1867379,0,0,FollowWall,right_wall_reacquired,0,14,42,0.463635474,7.51032497,1,0,1,0.271629095,-1,100,0,0,0,0,0
34.75,1.66503561,-0.449327552,-90.1867578,0.05,-0.0324436426,FollowWall,following_with_distance_only,0,14,42,0.463635474,7.51032497,1,0,1,0.271629095,-1,100,0,0,0,0,0
34.8,1.6650288,-0.451219901,-90.2254961,0.05,-0.0319832414,FollowWall,following_with_distance_only,0,14,42,0.463196695,7.50697974,1,0,1,0.271322161,-1,100,0,0,0,0,0
34.85,1.66501922,-0.453365423,-90.2862707,0.05,-0.0319832414,FollowWall,following_with_distance_only,0,14,42,0.463196695,7.50697974,1,0,1,0.271322161,-1,100,0,0,0,0,0
34.9,1.66500629,-0.455658621,-90.3598997,0.05,-0.0294113606,FollowWall,following_with_distance_only,0,14,42,0.461715072,7.50249257,1,0,1,0.269607574,-1,100,0,0,0,0,0
34.95,1.66498972,-0.458037949,-90.4379572,0.05,-0.0294113606,FollowWall,following_with_distance_only,0,14,42,0.461715072,7.50249257,1,0,1,0.269607574,-1,100,0,0,0,0,0
35,1.66496944,-0.460467507,-90.5185979,0.05,-0.0292775631,FollowWall,following_with_distance_only,0,14,42,0.459971309,7.49768214,1,0,1,0.269518375,-1,100,0,0,0,0,0
35.05,1.66494542,-0.462926348,-90.6005859,0.05,-0.0292775631,FollowWall,following_with_distance_only,0,14,42,0.459971309,7.49768214,1,0,1,0.269518375,-1,100,0,0,0,0,0
35.1,1.66491768,-0.465402251,-90.6833597,0.05,-0.028963834,FollowWall,following_with_distance_only,0,14,42,0.458164722,7.49281449,1,0,1,0.269309223,-1,100,0,0,0,0,0
35.15,1.66488623,-0.467888086,-90.7662175,0.05,-0.028963834,FollowWall,following_with_distance_only,0,14,42,0.458164722,7.49281449,1,0,1,0.269309223,-1,100,0,0,0,0,0
35.2,1.66485111,-0.470379692,-90.8491242,0.05,-0.0281578302,FollowWall,following_with_distance_only,0,14,42,0.456350327,7.48797544,1,0,1,0.268771887,-1,100,0,0,0,0,0
35.25,1.66481235,-0.472874639,-90.9310974,0.05,-0.0281578302,FollowWall,following_with_distance_only,0,14,42,0.456350327,7.48797544,1,0,1,0.268771887,-1,100,0,0,0,0,0
35.3,1.66476999,-0.475371507,-91.012526,0.05,-0.0285921693,FollowWall,following_with_distance_only,0,14,42,0.454563558,7.48319171,1,0,1,0.269061446,-1,100,0,0,0,0,0
35.35,1.66472406,-0.477869468,-91.0941554,0.05,-0.0285921693,FollowWall,following_with_distance_only,0,14,42,0.454563558,7.48319171,1,0,1,0.269061446,-1,100,0,0,0,0,0
35.4,1.66467456,-0.480368035,-91.175902,0.05,-0.0278682411,FollowWall,following_with_distance_only,0,14,42,0.452780128,7.47847139,1,0,1,0.268578827,-1,100,0,0,0,0,0
35.45,1.6646215,-0.482866921,-91.2568527,0.05,-0.0278682411,FollowWall,following_with_distance_only,0,14,42,0.452780128,7.47847139,1,0,1,0.268578827,-1,100,0,0,0,0,0
35.5,1.66456492,-0.48536596,-91.3373393,0.05,-0.02769126,FollowWall,following_with_distance_only,0,14,42,0.451019526,7.47381544,1,0,1,0.26846084,-1,100,0,0,0,0,0
35.55,1.66450483,-0.48786505,-91.4173438,0.05,-0.02769126,FollowWall,following_with_distance_only,0,14,42,0.451019526,7.47381544,1,0,1,0.26846084,-1,100,0,0,0,0,0
35.6,1.66444126,-0.490364132,-91.4970671,0.05,-0.0274848193,FollowWall,following_with_distance_only,0,14,42,0.44927907,7.46922195,1,0,1,0.268323213,-1,100,0,0,0,0,0
35.65,1.66437421,-0.492863169,-91.5763799,0.05,-0.0274848193,FollowWall,following_with_distance_only,0,14,42,0.44927907,7.46922195,1,0,1,0.268323213,-1,100,0,0,0,0,0
35.7,1.66430372,-0.495362138,-91.6554533,0.05,-0.027446419,FollowWall,following_with_distance_only,0,14,42,0.447554737,7.46469044,1,0,1,0.268297613,-1,100,0,0,0,0,0
35.75,1.66422977,-0.497861023,-91.7343412,0.05,-0.027446419,FollowWall,following_with_distance_only,0,14,42,0.447554737,7.46469044,1,0,1,0.268297613,-1,100,0,0,0,0,0
35.8,1.66415239,-0.500359812,-91.8131209,0.05,-0.027137205,FollowWall,following_with_distance_only,0,14,42,0.44584012,7.46022044,1,0,1,0.26809147,-1,100,0,0,0,0,0
35.85,1.66407159,-0.502858499,-91.8914684,0.05,-0.027137205,FollowWall,following_with_distance_only,0,14,42,0.44584012,7.46022044,1,0,1,0.26809147,-1,100,0,0,0,0,0
35.9,1.66398737,-0.505357075,-91.9695637,0.05,-0.0274862051,FollowWall,following_with_distance_only,0,14,42,0.444139868,4.40058078,1,0,1,0.268324137,-1,100,0,0,0,0,0
35.95,1.66389974,-0.507855536,-92.0479286,0.05,-0.0274862051,FollowWall,following_with_distance_only,0,14,42,0.444139868,4.40058078,1,0,1,0.268324137,-1,100,0,0,0,0,0
36,1.66380869,-0.510353876,-92.1264507,0.05,-0.026904121,FollowWall,following_with_distance_only,0,14,42,0.442437589,4.20246338,1,0,1,0.267936081,-1,100,0,0,0,0,0
36.05,1.66371423,-0.51285209,-92.2043696,0.05,-0.026904121,FollowWall,following_with_distance_only,0,14,42,0.442437589,4.20246338,1,0,1,0.267936081,-1,100,0,0,0,0,0
36.1,1.66361637,-0.515350174,-92.2819368,0.05,-0.0263020545,FollowWall,following_with_distance_only,0,14,42,0.440750778,4.02240674,1,0,1,0.267534703,-1,100,0,0,0,0,0
36.15,1.66351516,-0.517848124,-92.3585801,0.05,-0.0263020545,FollowWall,following_with_distance_only,0,14,42,0.440750778,4.02240674,1,0,1,0.267534703,-1,100,0,0,0,0,0
36.2,1.66341062,-0.520345937,-92.4346844,0.05,-0.0260376334,FollowWall,following_with_distance_only,0,14,42,0.439091653,3.85938314,1,0,1,0.267358422,-1,100,0,0,0,0,0
36.25,1.66330277,-0.52284361,-92.5101587,0.05,-0.0260376334,FollowWall,following_with_distance_only,0,14,42,0.439091653,3.85938314,1,0,1,0.267358422,-1,100,0,0,0,0,0
36.3,1.66319165,-0.525341139,-92.5852656,0.05,-0.0260104537,FollowWall,following_with_distance_only,0,14,42,0.437454313,3.71058415,1,0,1,0.267340302,-1,100,0,0,0,0,0
36.35,1.66307725,-0.52783852,-92.6601256,0.05,-0.0260104537,FollowWall,following_with_distance_only,0,14,42,0.437454313,3.71058415,1,0,1,0.267340302,-1,100,0,0,0,0,0
36.4,1.66295959,-0.53033575,-92.7348416,0.05,-0.0259619504,FollowWall,following_with_distance_only,0,14,42,0.435827374,3.57323093,1,0,1,0.267307967,-1,100,0,0,0,0,0
36.45,1.66283868,-0.532832824,-92.8094158,0.05,-0.0259619504,FollowWall,following_with_distance_only,0,14,42,0.435827374,3.57323093,1,0,1,0.267307967,-1,100,0,0,0,0,0
36.5,1.66271452,-0.535329739,-92.8839071,0.05,-0.0258914977,FollowWall,following_with_distance_only,0,14,42,0.434205979,2.9422696,1,0,1,0.267260998,-1,100,0,0,0,0,0
36.55,1.66258712,-0.537826491,-92.9582661,0.05,-0.0258914977,FollowWall,following_with_distance_only,0,14,42,0.434205979,2.9422696,1,0,1,0.267260998,-1,100,0,0,0,0,0
36.6,1.66245648,-0.540323075,-93.0325479,0.05,-0.0258452296,FollowWall,following_with_distance_only,0,14,42,0.432588905,2.85392034,1,0,1,0.267230153,-1,100,0,0,0,0,0
36.65,1.66232261,-0.542819488,-93.1067294,0.05,-0.0258452296,FollowWall,following_with_distance_only,0,14,42,0.432588905,2.85392034,1,0,1,0.267230153,-1,100,0,0,0,0,0
36.7,1.6621855,-0.545315726,-93.1808525,0.05,-0.025576964,FollowWall,following_with_distance_only,0,14,42,0.43097502,2.77053195,1,0,1,0.267051309,-1,100,0,0,0,0,0
36.75,1.66204518,-0.547811785,-93.2546211,0.05,-0.025576964,FollowWall,following_with_distance_only,0,14,42,0.43097502,2.77053195,1,0,1,0.267051309,-1,100,0,0,0,0,0
36.8,1.66190164,-0.550307661,-93.3281831,0.05,-0.0253378004,FollowWall,following_with_distance_only,0,14,42,0.429369658,2.69200412,1,0,1,0.266891867,-1,100,0,0,0,0,0
36.85,1.66175491,-0.552803351,-93.4013391,0.05,-0.0253378004,FollowWall,following_with_distance_only,0,14,42,0.429369658,2.69200412,1,0,1,0.266891867,-1,100,0,0,0,0,0
36.9,1.661605,-0.555298852,-93.4742581,0.05,-0.0252748132,FollowWall,following_with_distance_only,0,14,42,0.427774757,2.61804809,1,0,1,0.266849875,-1,100,0,0,0,0,0
36.95,1.66145192,-0.557794161,-93.5469638,0.05,-0.0252748132,FollowWall,following_with_distance_only,0,14,42,0.427774757,2.61804809,1,0,1,0.266849875,-1,100,0,0,0,0,0
37,1.66129567,-0.560289273,-93.6195451,0.05,-0.0249249637,FollowWall,following_with_distance_only,0,14,42,0.426185757,2.54806038,1,0,1,0.266616642,-1,100,0,0,0,0,0
37.05,1.66113627,-0.562784187,-93.6916361,0.05,-0.0249249637,FollowWall,following_with_distance_only,0,14,42,0.426185757,2.54806038,1,0,1,0.266616642,-1,100,0,0,0,0,0
37.1,1.66097374,-0.565278898,-93.7634412,0.05,-0.0242577195,FollowWall,following_with_distance_only,0,14,42,0.424607366,2.20329358,1,0,1,0.266171813,-1,100,0,0,0,0,0
37.15,1.66080811,-0.567773405,-93.834283,0.05,-0.0242577195,FollowWall,following_with_distance_only,0,14,42,0.424607366,2.20329358,1,0,1,0.266171813,-1,100,0,0,0,0,0
37.2,1.6606394,-0.570267706,-93.9045629,0.05,-0.0235632956,FollowWall,following_with_distance_only,0,14,42,0.423050851,2.15394204,1,0,1,0.265708864,-1,100,0,0,0,0,0
37.25,1.66046766,-0.5727618,-93.9736862,0.05,-0.0235632956,FollowWall,following_with_distance_only,0,14,42,0.423050851,2.15394204,1,0,1,0.265708864,-1,100,0,0,0,0,0
37.3,1.66029292,-0.575255686,-94.0421347,0.05,-0.0231930614,FollowWall,following_with_distance_only,0,14,42,0.421522051,2.10762155,1,0,1,0.265462041,-1,100,0,0,0,0,0
37.35,1.66011523,-0.577749363,-94.1097476,0.05,-0.0231930614,FollowWall,following_with_distance_only,0,14,42,0.421522051,2.10762155,1,0,1,0.265462041,-1,100,0,0,0,0,0
37.4,1.6599346,-0.580242829,-94.1768732,0.05,-0.0229458958,FollowWall,following_with_distance_only,0,14,42,0.420014143,2.06387348,1,0,1,0.265297264,-1,100,0,0,0,0,0
37.45,1.65975106,-0.582736083,-94.2434194,0.05,-0.0229458958,FollowWall,following_with_distance_only,0,14,42,0.420014143,2.06387348,1,0,1,0.265297264,-1,100,0,0,0,0,0
37.5,1.65956463,-0.585229122,-94.3096277,0.05,-0.022680223,FollowWall,following_with_distance_only,0,14,42,0.418519288,2.02225969,1,0,1,0.265120149,-1,100,0,0,0,0,0
37.55,1.65937534,-0.587721945,-94.3753217,0.05,-0.022680223,FollowWall,following_with_distance_only,0,14,42,0.418519288,2.02225969,1,0,1,0.265120149,-1,100,0,0,0,0,0
37.6,1.65918319,-0.59021455,-94.4407158,0.05,-0.0222309083,FollowWall,following_with_distance_only,0,14,42,0.417034209,1.98254301,1,0,1,0.264820606,-1,100,0,0,0,0,0
37.65,1.65898822,-0.592706936,-94.5053985,0.05,-0.0222309083,FollowWall,following_with_distance_only,0,14,42,0.417034209,1.98254301,1,0,1,0.264820606,-1,100,0,0,0,0,0
37.7,1.65879044,-0.5951991,-94.5696663,0.05,-0.0219743103,FollowWall,following_with_distance_only,0,14,42,0.415562123,1.94472343,1,0,1,0.26464954,-1,100,0,0,0,0,0
37.75,1.65858987,-0.597691042,-94.6333857,0.05,-0.0219743103,FollowWall,following_with_distance_only,0,14,42,0.415562123,1.94472343,1,0,1,0.26464954,-1,100,0,0,0,0,0
37.8,1.65838655,-0.60018276,-94.6967853,0.05,-0.0217370689,FollowWall,following_with_distance_only,0,14,42,0.414099842,1.74306424,1,0,1,0.264491379,-1,100,0,0,0,0,0
37.85,1.65818047,-0.602674252,-94.7597151,0.05,-0.0217370689,FollowWall,following_with_distance_only,0,14,42,0.414099842,1.74306424,1,0,1,0.264491379,-1,100,0,0,0,0,0
37.9,1.65797167,-0.605165517,-94.8223708,0.05,-0.0214196742,FollowWall,following_with_distance_only,0,14,42,0.412644356,1.71396191,1,0,1,0.264279783,-1,100,0,0,0,0,0
37.95,1.65776015,-0.607656553,-94.8844879,0.05,-0.0214196742,FollowWall,following_with_distance_only,0,14,42,0.412644356,1.71396191,1,0,1,0.264279783,-1,100,0,0,0,0,0
38,1.65754594,-0.610147358,-94.9462907,0.05,-0.0210518986,FollowWall,following_with_distance_only,0,14,42,0.411196053,1.68597475,1,0,1,0.264034599,-1,100,0,0,0,0,0
38.05,1.65732905,-0.612637933,-95.0074712,0.05,-0.0210518986,FollowWall,following_with_distance_only,0,14,42,0.411196053,1.68597475,1,0,1,0.264034599,-1,100,0,0,0,0,0
38.1,1.65710952,-0.615128275,-95.0682886,0.05,-0.0206032991,FollowWall,following_with_distance_only,0,14,42,0.409756273,1.65908848,1,0,1,0.263735533,-1,100,0,0,0,0,0
38.15,1.65688735,-0.617618384,-95.1283589,0.05,-0.0206032991,FollowWall,following_with_distance_only,0,14,42,0.409756273,1.65908848,1,0,1,0.263735533,-1,100,0,0,0,0,0
38.2,1.65666259,-0.62010826,-95.1879932,0.05,-0.0199199617,FollowWall,following_with_distance_only,0,14,42,0.408327281,1.63331,1,0,1,0.263279974,-1,100,0,0,0,0,0
38.25,1.65643526,-0.622597902,-95.2465576,0.05,-0.0199199617,FollowWall,following_with_distance_only,0,14,42,0.408327281,1.63331,1,0,1,0.263279974,-1,100,0,0,0,0,0
38.3,1.65620539,-0.625087313,-95.3044979,0.05,-0.0192146748,FollowWall,following_with_distance_only,0,14,42,0.406915426,1.6087414,1,0,1,0.262809783,-1,100,0,0,0,0,0
38.35,1.65597304,-0.627576491,-95.3612322,0.05,-0.0192146748,FollowWall,following_with_distance_only,0,14,42,0.406915426,1.6087414,1,0,1,0.262809783,-1,100,0,0,0,0,0
38.4,1.65573824,-0.63006544,-95.4172631,0.05,-0.0184590966,FollowWall,following_with_distance_only,0,14,42,0.405524045,1.58540682,1,0,1,0.262306064,-1,100,0,0,0,0,0
38.45,1.65550103,-0.632554161,-95.4719816,0.05,-0.0184590966,FollowWall,following_with_distance_only,0,14,42,0.405524045,1.58540682,1,0,1,0.262306064,-1,100,0,0,0,0,0
38.5,1.65526146,-0.635042656,-95.5259347,0.05,-0.0180128217,FollowWall,following_with_distance_only,0,14,42,0.404155135,1.44097596,1,0,1,0.262008548,-1,100,0,0,0,0,0
38.55,1.65501957,-0.637530926,-95.5789086,0.05,-0.0180128217,FollowWall,following_with_distance_only,0,14,42,0.404155135,1.44097596,1,0,1,0.262008548,-1,100,0,0,0,0,0
38.6,1.65477539,-0.640018973,-95.6313112,0.05,-0.0175616741,FollowWall,following_with_distance_only,0,14,42,0.402801871,1.42241844,1,0,1,0.261707783,-1,100,0,0,0,0,0
38.65,1.65452895,-0.642506797,-95.6828422,0.05,-0.0175616741,FollowWall,following_with_distance_only,0,14,42,0.402801871,1.42241844,1,0,1,0.261707783,-1,100,0,0,0,0,0
38.7,1.65428029,-0.6449944,-95.7338646,0.05,-0.017095685,FollowWall,following_with_distance_only,0,14,42,0.401460081,1.40459652,1,0,1,0.261397123,-1,100,0,0,0,0,0
38.75,1.65402943,-0.647481782,-95.7840341,0.05,-0.017095685,FollowWall,following_with_distance_only,0,14,42,0.401460081,1.40459652,1,0,1,0.261397123,-1,100,0,0,0,0,0
38.8,1.65377641,-0.649968945,-95.8337061,0.05,-0.0166141838,FollowWall,following_with_distance_only,0,14,42,0.400128245,1.38745943,1,0,1,0.261076123,-1,100,0,0,0,0,0
38.85,1.65352124,-0.652455889,-95.8825132,0.05,-0.0166141838,FollowWall,following_with_distance_only,0,14,42,0.400128245,1.38745943,1,0,1,0.261076123,-1,100,0,0,0,0,0
38.9,1.65326397,-0.654942616,-95.9308157,0.05,-0.016116634,FollowWall,following_with_distance_only,0,14,42,0.398805887,1.37097806,1,0,1,0.260744423,-1,100,0,0,0,0,0
38.95,1.65300462,-0.657429128,-95.97823,0.05,-0.016116634,FollowWall,following_with_distance_only,0,14,42,0.398805887,1.37097806,1,0,1,0.260744423,-1,100,0,0,0,0,0
39,1.65274323,-0.659915425,-96.0251262,0.05,-0.0154157728,FollowWall,following_with_distance_only,0,14,42,0.397492886,1.35513195,1,0,1,0.260277182,-1,100,0,0,0,0,0
39.05,1.65247983,-0.66240151,-96.0708835,0.05,-0.0154157728,FollowWall,following_with_distance_only,0,14,42,0.397492886,1.35513195,1,0,1,0.260277182,-1,100,0,0,0,0,0
39.1,1.65221445,-0.664887385,-96.1159765,0.05,-0.0146896094,FollowWall,following_with_distance_only,0,14,42,0.396157026,1.33997948,1,0,1,0.259793073,-1,100,0,0,0,0,0
39.15,1.65194715,-0.667373054,-96.1598151,0.05,-0.0146896094,FollowWall,following_with_distance_only,0,14,42,0.396157026,1.33997948,1,0,1,0.259793073,-1,100,0,0,0,0,0
39.2,1.65167796,-0.669858519,-96.2029221,0.05,-0.014052406,FollowWall,following_with_distance_only,0,14,42,0.394766957,1.3255475,1,0,1,0.259368271,-1,100,0,0,0,0,0
39.25,1.65140692,-0.672343783,-96.2448417,0.05,-0.014052406,FollowWall,following_with_distance_only,0,14,42,0.394766957,1.3255475,1,0,1,0.259368271,-1,100,0,0,0,0,0
39.3,1.65113409,-0.674828851,-96.2860686,0.05,-0.0133842677,FollowWall,following_with_distance_only,0,14,42,0.39340955,1.2214241,1,0,1,0.258922845,-1,100,0,0,0,0,0
39.35,1.65085949,-0.677313724,-96.3260939,0.05,-0.0133842677,FollowWall,following_with_distance_only,0,14,42,0.39340955,1.2214241,1,0,1,0.258922845,-1,100,0,0,0,0,0
39.4,1.65058317,-0.679798406,-96.3654183,0.05,-0.0125072747,FollowWall,following_with_distance_only,0,14,42,0.39208439,1.21004392,1,0,1,0.258338183,-1,100,0,0,0,0,0
39.45,1.65030517,-0.682282902,-96.403287,0.05,-0.0125072747,FollowWall,following_with_distance_only,0,14,42,0.39208439,1.21004392,1,0,1,0.258338183,-1,100,0,0,0,0,0
39.5,1.65002555,-0.684767216,-96.4403065,0.05,-0.0115189701,FollowWall,following_with_distance_only,0,14,42,0.390796006,1.19927591,1,0,1,0.257679313,-1,100,0,0,0,0,0
39.55,1.64974437,-0.687251352,-96.475651,0.05,-0.0115189701,FollowWall,following_with_distance_only,0,14,42,0.390796006,1.19927591,1,0,1,0.257679313,-1,100,0,0,0,0,0
39.6,1.64946167,-0.689735317,-96.5100184,0.05,-0.0107954443,FollowWall,following_with_distance_only,0,14,42,0.389549315,1.18917257,1,0,1,0.257196963,-1,100,0,0,0,0,0
39.65,1.64917751,-0.692219116,-96.5429521,0.05,-0.0107954443,FollowWall,following_with_distance_only,0,14,42,0.389549315,1.18917257,1,0,1,0.257196963,-1,100,0,0,0,0,0
39.7,1.64889195,-0.694702753,-96.5750496,0.05,-0.0097464323,FollowWall,following_with_distance_only,0,14,42,0.388340265,1.17965884,1,0,1,0.256497622,-1,100,0,0,0,0,0
39.75,1.64860503,-0.697186234,-96.6054071,0.05,-0.0097464323,FollowWall,following_with_distance_only,0,14,42,0.388340265,1.17965884,1,0,1,0.256497622,-1,100,0,0,0,0,0
39.8,1.64831682,-0.699669565,-96.6347495,0.05,-0.00867551565,FollowWall,following_with_distance_only,0,14,42,0.387173235,1.17078175,1,0,1,0.255783677,-1,100,0,0,0,0,0
39.85,1.64802737,-0.702152753,-96.6622216,0.05,-0.00867551565,FollowWall,following_with_distance_only,0,14,42,0.387173235,1.17078175,1,0,1,0.255783677,-1,100,1,0,0,0,1
