time,x,y,yaw_deg,v,w,state,reason,fault,narrow_usable,wide_usable,front_sector,front_clearance,pivot_valid,heading_valid,right_valid,right_distance,cap_gap,min_cap_gap,entered,approached,returned,contact,completed
0,0,0,-8,0.0748460785,0.077308823,FollowWall,following_right_wall,0,14,42,0.455125272,-1,-1,-1,1,0.309081763,-1,100,0,0,0,0,0
0.05,0.00154429263,-0.000215768135,-7.90771939,0.0748460785,0.077308823,FollowWall,following_right_wall,0,14,42,0.455125272,-1,-1,-1,1,0.309081763,-1,100,0,0,0,0,0
0.1,0.00399012804,-0.000552313532,-7.76160842,0.0750961083,0.073558376,FollowWall,following_right_wall,0,14,42,0.456068933,-1,-1,-1,1,0.308402807,-1,100,0,0,0,0,0
0.15,0.00696789303,-0.00095360499,-7.58857318,0.0750961083,0.073558376,FollowWall,following_right_wall,0,14,42,0.456068933,-1,-1,-1,1,0.308402807,-1,100,0,0,0,0,0
0.2,0.0102567914,-0.00138625813,-7.39983212,0.075541469,0.0668779648,FollowWall,following_right_wall,0,14,42,0.457547188,-1,-1,-1,1,0.307395905,-1,100,0,0,0,0,0
0.25,0.0137371461,-0.0018324024,-7.20990347,0.075541469,0.0668779648,FollowWall,following_right_wall,0,14,42,0.457547188,-1,-1,-1,1,0.307395905,-1,100,0,0,0,0,0
0.3,0.0173298693,-0.00228082899,-7.01928207,0.0760416461,0.0593753089,FollowWall,following_right_wall,0,14,42,0.459098846,-1,-1,-1,1,0.306277364,-1,100,0,0,0,0,0
0.35,0.0209990973,-0.00272668992,-6.8372122,0.0760416461,0.0593753089,FollowWall,following_right_wall,0,14,42,0.459098846,-1,-1,-1,1,0.306277364,-1,100,0,0,0,0,0
0.4,0.0247135093,-0.00316623221,-6.66013072,0.0764993756,0.0525093657,FollowWall,following_right_wall,0,14,42,0.460510254,-1,-1,-1,1,0.304965734,-1,100,0,0,0,0,0
0.45,0.0284642553,-0.00359869207,-6.49415475,0.0764993756,0.0525093657,FollowWall,following_right_wall,0,14,42,0.460510254,-1,-1,-1,1,0.304965734,-1,100,0,0,0,0,0
0.5,0.0322366582,-0.00402279531,-6.334657,0.0768858256,0.0467126159,FollowWall,following_right_wall,0,14,42,0.46170336,-1,-1,-1,1,0.303767323,-1,100,0,0,0,0,0
0.55,0.0360301205,-0.00443893427,-6.18585757,0.0768858256,0.0467126159,FollowWall,following_right_wall,0,14,42,0.46170336,-1,-1,-1,1,0.303767323,-1,100,0,0,0,0,0
0.6,0.0398362588,-0.00484667263,-6.04329882,0.0772279732,0.0415804026,FollowWall,following_right_wall,0,14,42,0.462671041,-1,-1,-1,1,0.302750587,-1,100,0,0,0,0,0
0.65,0.0436572412,-0.00524671678,-5.9105066,0.0772279732,0.0415804026,FollowWall,following_right_wall,0,14,42,0.462671041,-1,-1,-1,1,0.302750587,-1,100,0,0,0,0,0
0.7,0.0474872169,-0.00563892319,-5.78341152,0.07748705,0.0376942496,FollowWall,following_right_wall,0,14,42,0.463425964,-1,-1,-1,1,0.30189538,-1,100,0,0,0,0,0
0.75,0.0513281207,-0.00602391083,-5.66427853,0.07748705,0.0376942496,FollowWall,following_right_wall,0,14,42,0.463425964,-1,-1,-1,1,0.30189538,-1,100,0,0,0,0,0
0.8,0.0551756908,-0.0064016453,-5.54979009,0.0776269047,0.0355964296,FollowWall,following_right_wall,0,14,42,0.464003593,-1,-1,-1,1,0.301054418,-1,100,0,0,0,0,0
0.85,0.0590303276,-0.00677247547,-5.44051506,0.0776269047,0.0355964296,FollowWall,following_right_wall,0,14,42,0.464003593,-1,-1,-1,1,0.301054418,-1,100,0,0,0,0,0
0.9,0.0628893519,-0.00713640433,-5.33428118,0.0777725231,0.0334121537,FollowWall,following_right_wall,0,14,42,0.464469314,-1,-1,-1,1,0.300061882,-1,100,0,0,0,0,0
0.95,0.0667542083,-0.00749380381,-5.2324286,0.0777725231,0.0334121537,FollowWall,following_right_wall,0,14,42,0.464469314,-1,-1,-1,1,0.300061882,-1,100,0,0,0,0,0
1,0.0706227071,-0.00784469252,-5.13313177,0.0780030355,0.029954467,FollowWall,following_right_wall,0,14,42,0.464852244,-1,-1,-1,1,0.298924416,-1,100,0,0,0,0,0
1.05,0.074498337,-0.00818964871,-5.03945311,0.0780030355,0.029954467,FollowWall,following_right_wall,0,14,42,0.464852244,-1,-1,-1,1,0.298924416,-1,100,0,0,0,0,0
1.1,0.0783783351,-0.00852871236,-4.94905172,0.0782047934,0.0269280991,FollowWall,following_right_wall,0,14,42,0.465123355,-1,-1,-1,1,0.298135519,-1,100,0,0,0,0,0
1.15,0.0822652632,-0.00886239157,-4.86417452,0.0782047934,0.0269280991,FollowWall,following_right_wall,0,14,42,0.465123355,-1,-1,-1,1,0.298135519,-1,100,0,0,0,0,0
1.2,0.0861564151,-0.00919073755,-4.78251977,0.0782638622,0.0260420667,FollowWall,following_right_wall,0,14,42,0.46527338,-1,-1,-1,1,0.297332257,-1,100,0,0,0,0,0
1.25,0.0900514329,-0.00951392045,-4.7038024,0.0782638622,0.0260420667,FollowWall,following_right_wall,0,14,42,0.46527338,-1,-1,-1,1,0.297332257,-1,100,0,0,0,0,0
1.3,0.0939488757,-0.00983197236,-4.62679851,0.0782976881,0.0255346779,FollowWall,following_right_wall,0,14,42,0.465361238,-1,-1,-1,1,0.2966609,-1,100,0,0,0,0,0
1.35,0.0978486011,-0.0101449901,-4.5513998,0.0782976881,0.0255346779,FollowWall,following_right_wall,0,14,42,0.465361238,-1,-1,-1,1,0.2966609,-1,100,0,0,0,0,0
1.4,0.10174982,-0.0104529934,-4.47693744,0.0783215991,0.025176014,FollowWall,following_right_wall,0,14,42,0.465432256,-1,-1,-1,1,0.29575935,-1,100,0,0,0,0,0
1.45,0.105652563,-0.0107560473,-4.40344941,0.0783215991,0.025176014,FollowWall,following_right_wall,0,14,42,0.465432256,-1,-1,-1,1,0.29575935,-1,100,0,0,0,0,0
1.5,0.10955635,-0.011054165,-4.33052974,0.0783394794,0.0249078096,FollowWall,following_right_wall,0,14,42,0.465509564,-1,-1,-1,1,0.294867724,-1,100,0,0,0,0,0
1.55,0.113461268,-0.0113473931,-4.25826176,0.0783394794,0.0249078096,FollowWall,following_right_wall,0,14,42,0.465509564,-1,-1,-1,1,0.294867724,-1,100,0,0,0,0,0
1.6,0.117366993,-0.0116357413,-4.18637393,0.0784637964,0.0230430543,FollowWall,following_right_wall,0,14,42,0.465605825,-1,-1,-1,1,0.294161439,-1,100,0,0,0,0,0
1.65,0.121275912,-0.0119194784,-4.11693374,0.0784637964,0.0230430543,FollowWall,following_right_wall,0,14,42,0.465605825,-1,-1,-1,1,0.294161439,-1,100,0,0,0,0,0
1.7,0.125186825,-0.0121986448,-4.04892135,0.0785722652,0.0214160227,FollowWall,following_right_wall,0,14,42,0.465679616,-1,-1,-1,1,0.29347536,-1,100,0,0,0,0,0
1.75,0.129101281,-0.0124734895,-3.98368395,0.0785722652,0.0214160227,FollowWall,following_right_wall,0,14,42,0.465679616,-1,-1,-1,1,0.29347536,-1,100,0,0,0,0,0
1.8,0.133017922,-0.0127440621,-3.92006532,0.0786296091,0.0205558631,FollowWall,following_right_wall,0,14,42,0.465712368,-1,-1,-1,1,0.292717457,-1,100,0,0,0,0,0
1.85,0.136937145,-0.0130105086,-3.85841769,0.0786296091,0.0205558631,FollowWall,following_right_wall,0,14,42,0.465712368,-1,-1,-1,1,0.292717457,-1,100,0,0,0,0,0
1.9,0.140857985,-0.0132728666,-3.79791982,0.0787268455,0.0190973169,FollowWall,following_right_wall,0,14,42,0.465721697,-1,-1,-1,1,0.292228669,-1,100,0,0,0,0,0
1.95,0.144781894,-0.0135313516,-3.73983365,0.0787268455,0.0190973169,FollowWall,following_right_wall,0,14,42,0.465721697,-1,-1,-1,1,0.292228669,-1,100,0,0,0,0,0
2,0.148707693,-0.0137860125,-3.68315431,0.0787648176,0.0185277364,FollowWall,following_right_wall,0,14,42,0.465700954,-1,-1,-1,1,0.29145959,-1,100,0,0,0,0,0
2.05,0.152635482,-0.0140369525,-3.62797551,0.0787648176,0.0185277364,FollowWall,following_right_wall,0,14,42,0.465700954,-1,-1,-1,1,0.29145959,-1,100,0,0,0,0,0
2.1,0.156564525,-0.0142842036,-3.57367201,0.0787168318,0.0192475233,FollowWall,following_right_wall,0,14,42,0.465670347,-1,-1,-1,1,0.290954441,-1,100,0,0,0,0,0
2.15,0.160493397,-0.0145276938,-3.51901994,0.0787168318,0.0192475233,FollowWall,following_right_wall,0,14,42,0.465670347,-1,-1,-1,1,0.290954441,-1,100,0,0,0,0,0
2.2,0.164422263,-0.0147674148,-3.46416452,0.0786703209,0.019945187,FollowWall,following_right_wall,0,14,42,0.465682507,-1,-1,-1,1,0.29059568,-1,100,0,0,0,0,0
2.25,0.168350254,-0.0150032753,-3.40835772,0.0786703209,0.019945187,FollowWall,following_right_wall,0,14,42,0.465682507,-1,-1,-1,1,0.29059568,-1,100,0,0,0,0,0
2.3,0.172277829,-0.0152352526,-3.35199593,0.0786891571,0.0196626432,FollowWall,following_right_wall,0,14,42,0.465765685,-1,-1,-1,1,0.289713651,-1,100,0,0,0,0,0
2.35,0.176205647,-0.0154633677,-3.29564767,0.0786891571,0.0196626432,FollowWall,following_right_wall,0,14,42,0.465765685,-1,-1,-1,1,0.289713651,-1,100,0,0,0,0,0
2.4,0.180133695,-0.0156876206,-3.23930731,0.078745826,0.01881261,FollowWall,following_right_wall,0,14,42,0.465901434,-1,-1,-1,1,0.289239883,-1,100,0,0,0,0,0
2.45,0.184063145,-0.0159081122,-3.18398619,0.078745826,0.01881261,FollowWall,following_right_wall,0,14,42,0.465901434,-1,-1,-1,1,0.289239883,-1,100,0,0,0,0,0
2.5,0.187993495,-0.0161248681,-3.12925964,0.0789314456,0.0160283156,FollowWall,following_right_wall,0,14,42,0.466060132,-1,-1,-1,1,0.288810074,-1,100,0,0,0,0,0
2.55,0.191928309,-0.016338227,-3.07820343,0.0789314456,0.0160283156,FollowWall,following_right_wall,0,14,42,0.466060132,-1,-1,-1,1,0.288810074,-1,100,0,0,0,0,0
2.6,0.195865794,-0.0165482857,-3.02928825,0.0791123728,0.0133144079,FollowWall,following_right_wall,0,14,42,0.466167897,-1,-1,-1,1,0.288433999,-1,100,0,0,0,0,0
2.65,0.199808665,-0.016755411,-2.98486149,0.0791123728,0.0133144079,FollowWall,following_right_wall,0,14,42,0.466167897,-1,-1,-1,1,0.288433999,-1,100,0,0,0,0,0
2.7,0.203754732,-0.0169597266,-2.94305297,0.0792828581,0.0107571291,FollowWall,following_right_wall,0,14,42,0.466185957,-1,-1,-1,1,0.288114011,-1,100,0,0,0,0,0
2.75,0.207706262,-0.0171615923,-2.9058243,0.0792828581,0.0107571291,FollowWall,following_right_wall,0,14,42,0.466185957,-1,-1,-1,1,0.288114011,-1,100,0,0,0,0,0
2.8,0.211661022,-0.0173611391,-2.87126719,0.079417282,0.00874077013,FollowWall,following_right_wall,0,14,42,0.466104001,-1,-1,-1,1,0.287886888,-1,100,0,0,0,0,0
2.85,0.215620502,-0.0175586674,-2.84067535,0.079417282,0.00874077013,FollowWall,following_right_wall,0,14,42,0.466104001,-1,-1,-1,1,0.287886888,-1,100,0,0,0,0,0
2.9,0.219582772,-0.0177542943,-2.81239659,0.0795217664,0.00717350444,FollowWall,following_right_wall,0,14,42,0.465934366,-1,-1,-1,1,0.287467599,-1,100,0,0,0,0,0
2.95,0.223548875,-0.0179482599,-2.7873379,0.0795217664,0.00717350444,FollowWall,following_right_wall,0,14,42,0.465934366,-1,-1,-1,1,0.287467599,-1,100,0,0,0,0,0
3,0.227517242,-0.0181406617,-2.7641576,0.0796587211,0.00511918421,FollowWall,following_right_wall,0,14,42,0.465697467,-1,-1,-1,1,0.286970496,-1,100,0,0,0,0,0
3.05,0.231489804,-0.0183317792,-2.74452517,0.0796587211,0.00511918421,FollowWall,following_right_wall,0,14,42,0.465697467,-1,-1,-1,1,0.286970496,-1,100,0,0,0,0,0
3.1,0.235464833,-0.0185217222,-2.72696235,0.0797822226,0.00326666156,FollowWall,following_right_wall,0,14,42,0.465387076,-1,-1,-1,1,0.286741406,-1,100,0,0,0,0,0
3.15,0.239443888,-0.0187107541,-2.71281808,0.0797822226,0.00326666156,FollowWall,following_right_wall,0,14,42,0.465387076,-1,-1,-1,1,0.286741406,-1,100,0,0,0,0,0
3.2,0.243425304,-0.0188989825,-2.70066797,0.0798184377,0.00272343386,FollowWall,following_right_wall,0,14,42,0.465002358,-1,-1,-1,1,0.286495775,-1,100,0,0,0,0,0
3.25,0.247408862,-0.0190865287,-2.69032954,0.0798184377,0.00272343386,FollowWall,following_right_wall,0,14,42,0.465002358,-1,-1,-1,1,0.286495775,-1,100,0,0,0,0,0
3.3,0.251393681,-0.0192734505,-2.68104793,0.0797999367,0.00300095008,FollowWall,following_right_wall,0,14,42,0.464583844,-1,-1,-1,1,0.286166251,-1,100,0,0,0,0,0
3.35,0.255378861,-0.0194597521,-2.67205154,0.0797999367,0.00300095008,FollowWall,following_right_wall,0,14,42,0.464583844,-1,-1,-1,1,0.286166251,-1,100,0,0,0,0,0
3.4,0.259364263,-0.0196454428,-2.66322153,0.0797825378,0.00326193243,FollowWall,following_right_wall,0,14,42,0.464179397,-1,-1,-1,1,0.285430908,-1,100,0,0,0,0,0
3.45,0.263349445,-0.0198305003,-2.65417704,0.0797825378,0.00326193243,FollowWall,following_right_wall,0,14,42,0.464179397,-1,-1,-1,1,0.285430908,-1,100,0,0,0,0,0
3.5,0.267334511,-0.0200149176,-2.64500744,0.0797693158,0.00346026262,FollowWall,following_right_wall,0,14,42,0.463810503,-1,-1,-1,1,0.284797311,-1,100,0,0,0,0,0
3.55,0.271319246,-0.0201986697,-2.63552813,0.0797693158,0.00346026262,FollowWall,following_right_wall,0,14,42,0.463810503,-1,-1,-1,1,0.284797311,-1,100,0,0,0,0,0
3.6,0.275303803,-0.0203817467,-2.62586814,0.0797660579,0.00350913192,FollowWall,following_right_wall,0,14,42,0.463482291,-1,-1,-1,1,0.284765273,-1,100,0,0,0,0,0
3.65,0.2792882,-0.0205641374,-2.61604443,0.0797660579,0.00350913192,FollowWall,following_right_wall,0,14,42,0.463482291,-1,-1,-1,1,0.284765273,-1,100,0,0,0,0,0
3.7,0.283272518,-0.0207458367,-2.60612522,0.079894305,0.00158542554,FollowWall,following_right_wall,0,14,42,0.463191062,-1,-1,-1,1,0.28431502,-1,100,0,0,0,0,0
3.75,0.287259467,-0.0209270424,-2.59844655,0.079894305,0.00158542554,FollowWall,following_right_wall,0,14,42,0.463191062,-1,-1,-1,1,0.28431502,-1,100,0,0,0,0,0
3.8,0.291247958,-0.0211078281,-2.59207486,0.0799913111,-0.00013033297,FollowWall,following_right_wall,0,14,42,0.462872773,-1,-1,-1,1,0.283789068,-1,100,0,0,0,0,0
3.85,0.29523937,-0.0212883995,-2.58851362,0.0799913111,-0.00013033297,FollowWall,following_right_wall,0,14,42,0.462872773,-1,-1,-1,1,0.283789068,-1,100,0,0,0,0,0
3.9,0.299232485,-0.0214688566,-2.5865918,0.0799878485,0.000182273043,FollowWall,following_right_wall,0,14,42,0.462496281,-1,-1,-1,1,0.283293545,-1,100,0,0,0,0,0
3.95,0.303226522,-0.0216492414,-2.58525317,0.0799878485,0.000182273043,FollowWall,following_right_wall,0,14,42,0.462496281,-1,-1,-1,1,0.283293545,-1,100,0,0,0,0,0
4,0.307221097,-0.0218295689,-2.58425472,0.0799157226,-0.00126416057,FollowWall,following_right_wall,0,14,42,0.462113023,-1,-1,-1,1,0.282929718,-1,100,0,0,0,0,0
4.05,0.311214483,-0.0220098401,-2.58518128,0.0799157226,-0.00126416057,FollowWall,following_right_wall,0,14,42,0.462113023,-1,-1,-1,1,0.282929718,-1,100,0,0,0,0,0
4.1,0.31520717,-0.0221901838,-2.58723075,0.079899452,-0.00150821982,FollowWall,following_right_wall,0,14,42,0.461699903,-1,-1,-1,1,0.282453179,-1,100,0,0,0,0,0
4.15,0.319199107,-0.0223706697,-2.59022658,0.079899452,-0.00150821982,FollowWall,following_right_wall,0,14,42,0.461699903,-1,-1,-1,1,0.282453179,-1,100,0,0,0,0,0
4.2,0.323190599,-0.0225513638,-2.59377445,0.0799359631,-0.000960553272,FollowWall,following_right_wall,0,14,42,0.461271673,-1,-1,-1,1,0.282094687,-1,100,0,0,0,0,0
4.25,0.327182588,-0.0227323166,-2.59699062,0.0799359631,-0.000960553272,FollowWall,following_right_wall,0,14,42,0.461271673,-1,-1,-1,1,0.282094687,-1,100,0,0,0,0,0
4.3,0.331174862,-0.0229135001,-2.6000133,0.0799715408,-0.000426887468,FollowWall,following_right_wall,0,14,42,0.460864246,-1,-1,-1,1,0.281701058,-1,100,0,0,0,0,0
4.35,0.335168041,-0.0230949096,-2.60228608,0.0799715408,-0.000426887468,FollowWall,following_right_wall,0,14,42,0.460864246,-1,-1,-1,1,0.281701058,-1,100,0,0,0,0,0
4.4,0.339161746,-0.0232764865,-2.60412143,0.0799960999,5.85007766e-05,FollowWall,following_right_wall,0,14,42,0.460493982,-1,-1,-1,1,0.281076342,-1,100,0,0,0,0,0
4.45,0.343156269,-0.0234581996,-2.60512223,0.0799960999,5.85007766e-05,FollowWall,following_right_wall,0,14,42,0.460493982,-1,-1,-1,1,0.281076342,-1,100,0,0,0,0,0
4.5,0.347151268,-0.0236399873,-2.60563619,0.0799983491,-2.47631931e-05,FollowWall,following_right_wall,0,14,42,0.460163891,-1,-1,-1,1,0.280895203,-1,100,0,0,0,0,0
4.55,0.351146592,-0.0238218192,-2.60596556,0.0799983491,-2.47631931e-05,FollowWall,following_right_wall,0,14,42,0.460163891,-1,-1,-1,1,0.280895203,-1,100,0,0,0,0,0
4.6,0.355142106,-0.0240036791,-2.60618725,0.0799063744,-0.00140438352,FollowWall,following_right_wall,0,14,42,0.459856451,-1,-1,-1,1,0.280735105,-1,100,0,0,0,0,0
4.65,0.359135814,-0.0241855275,-2.60799293,0.0799063744,-0.00140438352,FollowWall,following_right_wall,0,14,42,0.459856451,-1,-1,-1,1,0.280735105,-1,100,0,0,0,0,0
4.7,0.363128463,-0.0243674861,-2.61072261,0.0798207773,-0.00268834115,FollowWall,following_right_wall,0,14,42,0.459521055,-1,-1,-1,1,0.280602604,-1,100,0,0,0,0,0
4.75,0.367118704,-0.0245495977,-2.61552389,0.0798207773,-0.00268834115,FollowWall,following_right_wall,0,14,42,0.459521055,-1,-1,-1,1,0.280602604,-1,100,0,0,0,0,0
4.8,0.371107532,-0.0247320219,-2.6215336,0.0797455874,-0.00381618937,FollowWall,following_right_wall,0,14,42,0.459132254,-1,-1,-1,1,0.280498981,-1,100,0,0,0,0,0
4.85,0.375093957,-0.0249148268,-2.62959451,0.0797455874,-0.00381618937,FollowWall,following_right_wall,0,14,42,0.459132254,-1,-1,-1,1,0.280498981,-1,100,0,0,0,0,0
4.9,0.379078967,-0.0250981703,-2.63885195,0.0797461867,-0.00380719948,FollowWall,following_right_wall,0,14,42,0.458684325,-1,-1,-1,1,0.280189693,-1,100,0,0,0,0,0
4.95,0.383063148,-0.0252821447,-2.64879663,0.0797461867,-0.00380719948,FollowWall,following_right_wall,0,14,42,0.458684325,-1,-1,-1,1,0.280189693,-1,100,0,0,0,0,0
5,0.387046832,-0.025466803,-2.65914221,0.0798219265,-0.00267110175,FollowWall,following_right_wall,0,14,42,0.458208323,-1,-1,-1,1,0.279792398,-1,100,0,0,0,0,0
5.05,0.391031789,-0.0256522023,-2.66836552,0.0798219265,-0.00267110175,FollowWall,following_right_wall,0,14,42,0.458208323,-1,-1,-1,1,0.279792398,-1,100,0,0,0,0,0
5.1,0.395017478,-0.0258382559,-2.67693417,0.0798958476,-0.00156228574,FollowWall,following_right_wall,0,14,42,0.457754612,-1,-1,-1,1,0.279446185,-1,100,0,0,0,0,0
5.15,0.399005124,-0.026024939,-2.6837974,0.0798958476,-0.00156228574,FollowWall,following_right_wall,0,14,42,0.457754612,-1,-1,-1,1,0.279446185,-1,100,0,0,0,0,0
5.2,0.402993907,-0.0262121195,-2.68966579,0.079841958,-0.00237063059,FollowWall,following_right_wall,0,14,42,0.457346201,-1,-1,-1,1,0.278984785,-1,100,0,0,0,0,0
5.25,0.406982222,-0.0263997008,-2.69591875,0.079841958,-0.00237063059,FollowWall,following_right_wall,0,14,42,0.457346201,-1,-1,-1,1,0.278984785,-1,100,0,0,0,0,0
5.3,0.410970256,-0.026587713,-2.70239604,0.0797916071,-0.003125894,FollowWall,following_right_wall,0,14,42,0.456932664,-1,-1,-1,1,0.278746337,-1,100,0,0,0,0,0
5.35,0.414957067,-0.0267761551,-2.70990572,0.0797916071,-0.003125894,FollowWall,following_right_wall,0,14,42,0.456932664,-1,-1,-1,1,0.278746337,-1,100,0,0,0,0,0
5.4,0.418943153,-0.0269651076,-2.71801763,0.0797848317,-0.00322752464,FollowWall,following_right_wall,0,14,42,0.456483632,-1,-1,-1,1,0.278479218,-1,100,0,0,0,0,0
5.45,0.422928661,-0.0271546148,-2.72660215,0.0797848317,-0.00322752464,FollowWall,following_right_wall,0,14,42,0.456483632,-1,-1,-1,1,0.278479218,-1,100,0,0,0,0,0
5.5,0.42691382,-0.0273447134,-2.73546236,0.0798864982,-0.00170252694,FollowWall,following_right_wall,0,14,42,0.456006676,-1,-1,-1,1,0.277755886,-1,100,0,0,0,0,0
5.55,0.430900882,-0.0275354629,-2.74266306,0.0798864982,-0.00170252694,FollowWall,following_right_wall,0,14,42,0.456006676,-1,-1,-1,1,0.277755886,-1,100,0,0,0,0,0
5.6,0.434889046,-0.0277267337,-2.7488957,0.0799885007,-0.000172488879,FollowWall,following_right_wall,0,14,42,0.455555201,-1,-1,-1,1,0.277035713,-1,100,0,0,0,0,0
5.65,0.438879972,-0.0279184886,-2.75273731,0.0799885007,-0.000172488879,FollowWall,following_right_wall,0,14,42,0.455555201,-1,-1,-1,1,0.277035713,-1,100,0,0,0,0,0
5.7,0.442872508,-0.0281105405,-2.75518414,0.0799547043,0.000679434859,FollowWall,following_right_wall,0,14,42,0.455157816,-1,-1,-1,1,0.276664853,-1,100,0,0,0,0,0
5.75,0.446865282,-0.0283027108,-2.75580044,0.0799547043,0.000679434859,FollowWall,following_right_wall,0,14,42,0.455157816,-1,-1,-1,1,0.276664853,-1,100,0,0,0,0,0
5.8,0.450858197,-0.0284948937,-2.75534894,0.0799938805,9.17926328e-05,FollowWall,following_right_wall,0,14,42,0.454804271,-1,-1,-1,1,0.276173919,-1,100,0,0,0,0,0
5.85,0.454852011,-0.028687091,-2.75497599,0.0799938805,9.17926328e-05,FollowWall,following_right_wall,0,14,42,0.454804271,-1,-1,-1,1,0.276173919,-1,100,0,0,0,0,0
5.9,0.458846349,-0.0288792891,-2.75464887,0.0798870219,0.00169467185,FollowWall,following_right_wall,0,14,42,0.454443127,-1,-1,-1,1,0.27579084,-1,100,0,0,0,0,0
5.95,0.462838774,-0.0290713064,-2.75243518,0.0798870219,0.00169467185,FollowWall,following_right_wall,0,14,42,0.454443127,-1,-1,-1,1,0.27579084,-1,100,0,0,0,0,0
6,0.466830089,-0.0292630773,-2.749121,0.0798471077,0.00229338378,FollowWall,following_right_wall,0,14,42,0.45411095,-1,-1,-1,1,0.275428206,-1,100,0,0,0,0,0
6.05,0.470819934,-0.029454499,-2.7444502,0.0798471077,0.00229338378,FollowWall,following_right_wall,0,14,42,0.45411095,-1,-1,-1,1,0.275428206,-1,100,0,0,0,0,0
6.1,0.474808931,-0.0296455264,-2.73898804,0.0798176536,0.00273519555,FollowWall,following_right_wall,0,14,42,0.453805,-1,-1,-1,1,0.27508691,-1,100,0,0,0,0,0
6.15,0.47879683,-0.0298360857,-2.73253688,0.0798176536,0.00273519555,FollowWall,following_right_wall,0,14,42,0.453805,-1,-1,-1,1,0.27508691,-1,100,0,0,0,0,0
6.2,0.482784099,-0.0300261448,-2.72550881,0.0796786645,0.00482003252,FollowWall,following_right_wall,0,14,42,0.45351243,-1,-1,-1,1,0.274769098,-1,100,0,0,0,0,0
6.25,0.486768124,-0.030215461,-2.71565561,0.0796786645,0.00482003252,FollowWall,following_right_wall,0,14,42,0.45351243,-1,-1,-1,1,0.274769098,-1,100,0,0,0,0,0
6.3,0.490750275,-0.0304039444,-2.70415442,0.0795345601,0.00698159834,FollowWall,following_right_wall,0,14,42,0.453276157,-1,-1,-1,1,0.274467498,-1,100,0,0,0,0,0
6.35,0.494728356,-0.0305913117,-2.68911172,0.0795345601,0.00698159834,FollowWall,following_right_wall,0,14,42,0.453276157,-1,-1,-1,1,0.274467498,-1,100,0,0,0,0,0
6.4,0.498704092,-0.0307774505,-2.67200314,0.0794095918,0.00885612364,FollowWall,following_right_wall,0,14,42,0.453125,-1,-1,-1,1,0.274177819,-1,100,0,0,0,0,0
6.45,0.502675888,-0.0309620968,-2.65145192,0.0794095918,0.00885612364,FollowWall,following_right_wall,0,14,42,0.453125,-1,-1,-1,1,0.274177819,-1,100,0,0,0,0,0
6.5,0.50664542,-0.0311451412,-2.62889249,0.0793052007,0.0104219898,FollowWall,following_right_wall,0,14,42,0.453062057,-1,-1,-1,1,0.27357769,-1,100,0,0,0,0,0
6.55,0.510611494,-0.0313263558,-2.60329249,0.0793052007,0.0104219898,FollowWall,following_right_wall,0,14,42,0.453062057,-1,-1,-1,1,0.27357769,-1,100,0,0,0,0,0
6.6,0.514575591,-0.0315056438,-2.57591882,0.0792525005,0.0112124922,FollowWall,following_right_wall,0,14,42,0.453078717,-1,-1,-1,1,0.273459136,-1,100,0,0,0,0,0
6.65,0.518537476,-0.0316828665,-2.54656692,0.0792525005,0.0112124922,FollowWall,following_right_wall,0,14,42,0.453078717,-1,-1,-1,1,0.273459136,-1,100,0,0,0,0,0
6.7,0.522498113,-0.0318579604,-2.51606105,0.0793131337,0.0103029952,FollowWall,following_right_wall,0,14,42,0.453148037,-1,-1,-1,1,0.273341477,-1,100,0,0,0,0,0
6.75,0.52645932,-0.0320309808,-2.48596767,0.0793131337,0.0103029952,FollowWall,following_right_wall,0,14,42,0.453148037,-1,-1,-1,1,0.273341477,-1,100,0,0,0,0,0
6.8,0.530420898,-0.0322019409,-2.4561149,0.0793814372,0.00927844265,FollowWall,following_right_wall,0,14,42,0.453205258,-1,-1,-1,1,0.273099542,-1,100,0,0,0,0,0
6.85,0.534384147,-0.0323709517,-2.42762546,0.0793814372,0.00927844265,FollowWall,following_right_wall,0,14,42,0.453205258,-1,-1,-1,1,0.273099542,-1,100,0,0,0,0,0
6.9,0.538348403,-0.0325380582,-2.39993129,0.0794517994,0.00822300922,FollowWall,following_right_wall,0,14,42,0.453212291,-1,-1,-1,1,0.272678822,-1,100,0,0,0,0,0
6.95,0.54231474,-0.0327033918,-2.37396087,0.0794517994,0.00822300922,FollowWall,following_right_wall,0,14,42,0.453212291,-1,-1,-1,1,0.272678822,-1,100,0,0,0,0,0
7,0.54628232,-0.0328670105,-2.34899596,0.0794147535,0.00877869767,FollowWall,following_right_wall,0,14,42,0.453153223,-1,-1,-1,1,0.272548407,-1,100,0,0,0,0,0
7.05,0.550249882,-0.0330288942,-2.3239543,0.0794147535,0.00877869767,FollowWall,following_right_wall,0,14,42,0.453153223,-1,-1,-1,1,0.272548407,-1,100,0,0,0,0,0
7.1,0.554217462,-0.0331890401,-2.29886786,0.0793514586,0.00972812107,FollowWall,following_right_wall,0,14,42,0.453069866,-1,-1,-1,1,0.271904409,-1,100,0,0,0,0,0
7.15,0.558183765,-0.0333473549,-2.27262202,0.0793514586,0.00972812107,FollowWall,following_right_wall,0,14,42,0.453069866,-1,-1,-1,1,0.271904409,-1,100,0,0,0,0,0
7.2,0.562149355,-0.0335037984,-2.24569986,0.0793681459,0.00947781086,FollowWall,following_right_wall,0,14,42,0.452999949,-1,-1,-1,1,0.271584988,-1,100,0,0,0,0,0
7.25,0.566114907,-0.0336583709,-2.21868196,0.0793681459,0.00947781086,FollowWall,following_right_wall,0,14,42,0.452999949,-1,-1,-1,1,0.271584988,-1,100,0,0,0,0,0
7.3,0.570080466,-0.0338110689,-2.19160821,0.0794555181,0.00816722808,FollowWall,following_right_wall,0,14,42,0.452923894,-1,-1,-1,1,0.271133751,-1,100,0,0,0,0,0
7.35,0.574047876,-0.0339620139,-2.16606629,0.0794555181,0.00816722808,FollowWall,following_right_wall,0,14,42,0.452923894,-1,-1,-1,1,0.271133751,-1,100,0,0,0,0,0
7.4,0.578016391,-0.0341112603,-2.14141792,0.0795463429,0.00680485617,FollowWall,following_right_wall,0,14,42,0.452794969,-1,-1,-1,1,0.27093336,-1,100,0,0,0,0,0
7.45,0.581987464,-0.0342589666,-2.118917,0.0795463429,0.00680485617,FollowWall,following_right_wall,0,14,42,0.452794969,-1,-1,-1,1,0.27093336,-1,100,0,0,0,0,0
7.5,0.58596005,-0.0344052105,-2.09766877,0.0795384561,0.00692315797,FollowWall,following_right_wall,0,14,42,0.452587634,-1,-1,-1,1,0.27036503,-1,100,0,0,0,0,0
7.55,0.589933374,-0.0345500265,-2.07701006,0.0795384561,0.00692315797,FollowWall,following_right_wall,0,14,42,0.452587634,-1,-1,-1,1,0.27036503,-1,100,0,0,0,0,0
7.6,0.59390715,-0.0346934362,-2.05669523,0.0794955908,0.00756613784,FollowWall,following_right_wall,0,14,42,0.452337235,-1,-1,-1,1,0.269747794,-1,100,0,0,0,0,0
7.65,0.597880318,-0.0348353938,-2.03581351,0.0794955908,0.00756613784,FollowWall,following_right_wall,0,14,42,0.452337235,-1,-1,-1,1,0.269747794,-1,100,0,0,0,0,0
7.7,0.601853153,-0.0349758783,-2.01460109,0.0793968714,0.00904692876,FollowWall,following_right_wall,0,14,42,0.452082694,-1,-1,-1,1,0.269254684,-1,100,0,0,0,0,0
7.75,0.605823762,-0.0351147442,-1.9914282,0.0793968714,0.00904692876,FollowWall,following_right_wall,0,14,42,0.452082694,-1,-1,-1,1,0.269254684,-1,100,0,0,0,0,0
7.8,0.609793099,-0.0352519186,-1.96711171,0.0793959613,0.00906058014,FollowWall,following_right_wall,0,14,42,0.451868057,-1,-1,-1,1,0.269024789,-1,100,0,0,0,0,0
7.85,0.6137617,-0.0353873577,-1.94211181,0.0793959613,0.00906058014,FollowWall,following_right_wall,0,14,42,0.451868057,-1,-1,-1,1,0.269024789,-1,100,0,0,0,0,0
7.9,0.617729897,-0.0355210356,-1.91671327,0.0794754586,0.00786812073,FollowWall,following_right_wall,0,14,42,0.45167166,-1,-1,-1,1,0.268439204,-1,100,0,0,0,0,0
7.95,0.621699535,-0.0356530418,-1.89250558,0.0794754586,0.00786812073,FollowWall,following_right_wall,0,14,42,0.45167166,-1,-1,-1,1,0.268439204,-1,100,0,0,0,0,0
8,0.625670037,-0.0357834214,-1.86899255,0.0795867716,0.00619842637,FollowWall,following_right_wall,0,14,42,0.451440394,-1,-1,-1,1,0.268260151,-1,100,0,0,0,0,0
8.05,0.629643377,-0.0359123452,-1.84787779,0.0795867716,0.00619842637,FollowWall,following_right_wall,0,14,42,0.451440394,-1,-1,-1,1,0.268260151,-1,100,0,0,0,0,0
8.1,0.633618391,-0.0360399054,-1.82816202,0.0796592638,0.00511104346,FollowWall,following_right_wall,0,14,42,0.451133251,-1,-1,-1,1,0.268171221,-1,100,0,0,0,0,0
8.15,0.637595904,-0.0361662492,-1.81056029,0.0796592638,0.00511104346,FollowWall,following_right_wall,0,14,42,0.451133251,-1,-1,-1,1,0.268171221,-1,100,0,0,0,0,0
8.2,0.641574889,-0.036291459,-1.79419176,0.0796466646,0.00530003115,FollowWall,following_right_wall,0,14,42,0.4507505,-1,-1,-1,1,0.267782301,-1,100,0,0,0,0,0
8.25,0.645554483,-0.0364155671,-1.778317,0.0796466646,0.00530003115,FollowWall,following_right_wall,0,14,42,0.4507505,-1,-1,-1,1,0.267782301,-1,100,0,0,0,0,0
8.3,0.649534446,-0.0365385929,-1.76273028,0.079715226,0.00427161052,FollowWall,following_right_wall,0,14,42,0.45033592,-1,-1,-1,1,0.26743862,-1,100,0,0,0,0,0
8.35,0.653516064,-0.0366606343,-1.74853917,0.079715226,0.00427161052,FollowWall,following_right_wall,0,14,42,0.45033592,-1,-1,-1,1,0.26743862,-1,100,0,0,0,0,0
8.4,0.657498658,-0.0367817466,-1.73516216,0.0797733389,0.00339991578,FollowWall,following_right_wall,0,14,42,0.449877232,-1,-1,-1,1,0.267172247,-1,100,0,0,0,0,0
8.45,0.661483041,-0.0369020349,-1.72330055,0.0797733389,0.00339991578,FollowWall,following_right_wall,0,14,42,0.449877232,-1,-1,-1,1,0.267172247,-1,100,0,0,0,0,0
8.5,0.665468476,-0.0370215599,-1.71232293,0.0798195317,0.00270702425,FollowWall,following_right_wall,0,14,42,0.449367434,-1,-1,-1,1,0.267030925,-1,100,0,0,0,0,0
8.55,0.669455494,-0.0371404146,-1.70268805,0.0798195317,0.00270702425,FollowWall,following_right_wall,0,14,42,0.449367434,-1,-1,-1,1,0.267030925,-1,100,0,0,0,0,0
8.6,0.673443443,-0.0372586531,-1.69383643,0.0797399474,0.00390078942,FollowWall,following_right_wall,0,14,42,0.448811471,-1,-1,-1,1,0.266883522,-1,100,0,0,0,0,0
8.65,0.677430284,-0.0373762086,-1.68401676,0.0797399474,0.00390078942,FollowWall,following_right_wall,0,14,42,0.448811471,-1,-1,-1,1,0.266883522,-1,100,0,0,0,0,0
8.7,0.68141649,-0.0374930419,-1.67363239,0.0796275836,0.00558624532,FollowWall,following_right_wall,0,14,42,0.448271483,-1,-1,-1,1,0.266645104,-1,100,0,0,0,0,0
8.75,0.685399996,-0.037608992,-1.66090676,0.0796275836,0.00558624532,FollowWall,following_right_wall,0,14,42,0.448271483,-1,-1,-1,1,0.266645104,-1,100,0,0,0,0,0
8.8,0.68938194,-0.0377239641,-1.64681538,0.0795185106,0.00722234167,FollowWall,following_right_wall,0,14,42,0.447799414,-1,-1,-1,1,0.266504467,-1,100,0,0,0,0,0
8.85,0.693360717,-0.0378377697,-1.62997438,0.0795185106,0.00722234167,FollowWall,following_right_wall,0,14,42,0.447799414,-1,-1,-1,1,0.266504467,-1,100,0,0,0,0,0
8.9,0.697337664,-0.0379502975,-1.61152942,0.07941623,0.00875655038,FollowWall,following_right_wall,0,14,42,0.447418123,-1,-1,-1,1,0.266561389,-1,100,0,0,0,0,0
8.95,0.701311431,-0.0380613589,-1.5903175,0.07941623,0.00875655038,FollowWall,following_right_wall,0,14,42,0.447418123,-1,-1,-1,1,0.266561389,-1,100,0,0,0,0,0
9,0.705283363,-0.0381708415,-1.56749152,0.0793859918,0.0092101223,FollowWall,following_right_wall,0,14,42,0.44713521,-1,-1,-1,1,0.266440421,-1,100,0,0,0,0,0
9.05,0.709253615,-0.0382786435,-1.54318259,0.0793859918,0.0092101223,FollowWall,following_right_wall,0,14,42,0.44713521,-1,-1,-1,1,0.266440421,-1,100,0,0,0,0,0
9.1,0.713222907,-0.0383847041,-1.51800861,0.0794418613,0.00837207977,FollowWall,following_right_wall,0,14,42,0.446922362,-1,-1,-1,1,0.266298622,-1,100,0,0,0,0,0
9.15,0.717192822,-0.0384890531,-1.49333035,0.0794418613,0.00837207977,FollowWall,following_right_wall,0,14,42,0.446922362,-1,-1,-1,1,0.266298622,-1,100,0,0,0,0,0
9.2,0.721163117,-0.0385917108,-1.46894127,0.0794438823,0.00834176526,FollowWall,following_right_wall,0,14,42,0.446724653,-1,-1,-1,1,0.265904158,-1,100,0,0,0,0,0
9.25,0.725133693,-0.0386926917,-1.44475705,0.0794438823,0.00834176526,FollowWall,following_right_wall,0,14,42,0.446724653,-1,-1,-1,1,0.265904158,-1,100,0,0,0,0,0
9.3,0.729104451,-0.0387920042,-1.42069234,0.0793405972,0.00989104222,FollowWall,following_right_wall,0,14,42,0.446540266,-1,-1,-1,1,0.265686125,-1,100,0,0,0,0,0
9.35,0.733073182,-0.0388895365,-1.39484804,0.0793405972,0.00989104222,FollowWall,following_right_wall,0,14,42,0.446540266,-1,-1,-1,1,0.265686125,-1,100,0,0,0,0,0
9.4,0.737040749,-0.0389852134,-1.36796563,0.0792532763,0.011200855,FollowWall,following_right_wall,0,14,42,0.446424931,-1,-1,-1,1,0.265601307,-1,100,0,0,0,0,0
9.45,0.74100584,-0.0390788942,-1.33891419,0.0792532763,0.011200855,FollowWall,following_right_wall,0,14,42,0.446424931,-1,-1,-1,1,0.265601307,-1,100,0,0,0,0,0
9.5,0.744969506,-0.0391704866,-1.30859748,0.079255777,0.0111633454,FollowWall,following_right_wall,0,14,42,0.446404397,-1,-1,-1,1,0.265227258,-1,100,0,0,0,0,0
9.55,0.748932415,-0.0392599396,-1.27758747,0.079255777,0.0111633454,FollowWall,following_right_wall,0,14,42,0.446404397,-1,-1,-1,1,0.265227258,-1,100,0,0,0,0,0
9.6,0.752894902,-0.0393472234,-1.24617304,0.0791741368,0.0123879478,FollowWall,following_right_wall,0,14,42,0.446446568,-1,-1,-1,1,0.264722168,-1,100,0,0,0,0,0
9.65,0.756855462,-0.0394322335,-1.21306093,0.0791741368,0.0123879478,FollowWall,following_right_wall,0,14,42,0.446446568,-1,-1,-1,1,0.264722168,-1,100,0,0,0,0,0
9.7,0.760814919,-0.0395148964,-1.1789585,0.0791331691,0.0130024636,FollowWall,following_right_wall,0,14,42,0.446572185,-1,-1,-1,1,0.264232546,-1,100,0,0,0,0,0
9.75,0.7647729,-0.0395951264,-1.14354488,0.0791331691,0.0130024636,FollowWall,following_right_wall,0,14,42,0.446572185,-1,-1,-1,1,0.264232546,-1,100,0,0,0,0,0
9.8,0.768730041,-0.0396728662,-1.10736638,0.0792429546,0.0113556814,FollowWall,following_right_wall,0,14,42,0.446780711,-1,-1,-1,1,0.264097214,-1,100,0,0,0,0,0
9.85,0.772688997,-0.0397481933,-1.07270741,0.0792429546,0.0113556814,FollowWall,following_right_wall,0,14,42,0.446780711,-1,-1,-1,1,0.264097214,-1,100,0,0,0,0,0
9.9,0.776649028,-0.0398211753,-1.03893483,0.07941952,0.0087071995,FollowWall,following_right_wall,0,14,42,0.446998268,-1,-1,-1,1,0.263771087,-1,100,0,0,0,0,0
9.95,0.780613379,-0.0398920266,-1.00884071,0.07941952,0.0087071995,FollowWall,following_right_wall,0,14,42,0.446998268,-1,-1,-1,1,0.263771087,-1,100,0,0,0,0,0
10,0.784580262,-0.0399609133,-0.98089235,0.0795878243,0.0061826353,FollowWall,following_right_wall,0,14,42,0.447151035,-1,-1,-1,1,0.263580829,-1,100,0,0,0,0,0
10.05,0.788552137,-0.0400280965,-0.957209163,0.0795878243,0.0061826353,FollowWall,following_right_wall,0,14,42,0.447151035,-1,-1,-1,1,0.263580829,-1,100,0,0,0,0,0
10.1,0.792526933,-0.040093772,-0.936013993,0.07971893,0.00421605064,FollowWall,following_right_wall,0,14,42,0.447208673,-1,-1,-1,1,0.263704419,-1,100,0,0,0,0,0
10.15,0.79650617,-0.0401581805,-0.918617604,0.07971893,0.00421605064,FollowWall,following_right_wall,0,14,42,0.447208673,-1,-1,-1,1,0.263704419,-1,100,0,0,0,0,0
10.2,0.800488003,-0.0402214987,-0.903437171,0.0797506997,0.00373950497,FollowWall,following_right_wall,0,14,42,0.447177589,-1,-1,-1,1,0.263371885,-1,100,0,0,0,0,0
10.25,0.804472018,-0.0402838605,-0.890118213,0.0797506997,0.00373950497,FollowWall,following_right_wall,0,14,42,0.447177589,-1,-1,-1,1,0.263371885,-1,100,0,0,0,0,0
10.3,0.80845731,-0.0403453534,-0.877885116,0.0798891053,0.00166342066,FollowWall,following_right_wall,0,14,42,0.447110087,-1,-1,-1,1,0.263117522,-1,100,0,0,0,0,0
10.35,0.812446233,-0.0404061588,-0.86876358,0.0798891053,0.00166342066,FollowWall,following_right_wall,0,14,42,0.447110087,-1,-1,-1,1,0.263117522,-1,100,0,0,0,0,0
10.4,0.816437276,-0.0404664242,-0.861457122,0.0799788697,-0.000316954446,FollowWall,following_right_wall,0,14,42,0.446983606,-1,-1,-1,1,0.262916923,-1,100,0,0,0,0,0
10.45,0.820431427,-0.0405263465,-0.857573358,0.0799788697,-0.000316954446,FollowWall,following_right_wall,0,14,42,0.446983606,-1,-1,-1,1,0.262916923,-1,100,0,0,0,0,0
10.5,0.824427391,-0.0405860946,-0.855686166,0.0798563411,-0.0021548842,FollowWall,following_right_wall,0,14,42,0.446780831,-1,-1,-1,1,0.262859643,-1,100,0,0,0,0,0
10.55,0.828421858,-0.0406458059,-0.857157507,0.0798563411,-0.0021548842,FollowWall,following_right_wall,0,14,42,0.446780831,-1,-1,-1,1,0.262859643,-1,100,0,0,0,0,0
10.6,0.832415449,-0.0407056749,-0.860587993,0.0798471298,-0.00229305343,FollowWall,following_right_wall,0,14,42,0.446499884,-1,-1,-1,1,0.262913257,-1,100,0,0,0,0,0
10.65,0.836408334,-0.0407658181,-0.865326241,0.0798471298,-0.00229305343,FollowWall,following_right_wall,0,14,42,0.446499884,-1,-1,-1,1,0.262913257,-1,100,0,0,0,0,0
10.7,0.840400805,-0.0408263118,-0.87082735,0.079885663,-0.00171505547,FollowWall,following_right_wall,0,14,42,0.446193427,-1,-1,-1,1,0.262853831,-1,100,0,0,0,0,0
10.75,0.844393834,-0.040887189,-0.876083526,0.079885663,-0.00171505547,FollowWall,following_right_wall,0,14,42,0.446193427,-1,-1,-1,1,0.262853831,-1,100,0,0,0,0,0
10.8,0.848387187,-0.0409484325,-0.881196826,0.0799207847,-0.00118823014,FollowWall,following_right_wall,0,14,42,0.445913613,-1,-1,-1,1,0.26280582,-1,100,0,0,0,0,0
10.85,0.852381459,-0.0410100218,-0.88559793,0.0799207847,-0.00118823014,FollowWall,following_right_wall,0,14,42,0.445913613,-1,-1,-1,1,0.26280582,-1,100,0,0,0,0,0
10.9,0.856376264,-0.0410719118,-0.889583585,0.0799494797,-0.000757804998,FollowWall,following_right_wall,0,14,42,0.44568187,-1,-1,-1,1,0.262980133,-1,100,0,0,0,0,0
10.95,0.860371978,-0.0411340675,-0.892813114,0.0799494797,-0.000757804998,FollowWall,following_right_wall,0,14,42,0.44568187,-1,-1,-1,1,0.262980133,-1,100,0,0,0,0,0
11,0.86436822,-0.0411964414,-0.895601569,0.0799056201,-0.00141569896,FollowWall,following_right_wall,0,14,42,0.445502043,-1,-1,-1,1,0.263040543,-1,100,0,0,0,0,0
11.05,0.868363856,-0.0412590187,-0.898918034,0.0799056201,-0.00141569896,FollowWall,following_right_wall,0,14,42,0.445502043,-1,-1,-1,1,0.263040543,-1,100,0,0,0,0,0
11.1,0.872359136,-0.0413218325,-0.902542505,0.07977985,-0.00330225021,FollowWall,following_right_wall,0,14,42,0.445340335,-1,-1,-1,1,0.262831628,-1,100,0,0,0,0,0
11.15,0.876351585,-0.0413849392,-0.90859855,0.07977985,-0.00330225021,FollowWall,following_right_wall,0,14,42,0.445340335,-1,-1,-1,1,0.262831628,-1,100,0,0,0,0,0
11.2,0.880342379,-0.041448491,-0.916073014,0.0797018171,-0.00447274329,FollowWall,following_right_wall,0,14,42,0.44513765,-1,-1,-1,1,0.262782574,-1,100,0,0,0,0,0
11.25,0.884330577,-0.0415125994,-0.925772062,0.0797018171,-0.00447274329,FollowWall,following_right_wall,0,14,42,0.44513765,-1,-1,-1,1,0.262782574,-1,100,0,0,0,0,0
11.3,0.888317254,-0.0415774035,-0.936768784,0.079738447,-0.00392329544,FollowWall,following_right_wall,0,14,42,0.444885522,-1,-1,-1,1,0.262618423,-1,100,0,0,0,0,0
11.35,0.892303801,-0.0416429743,-0.947866628,0.079738447,-0.00392329544,FollowWall,following_right_wall,0,14,42,0.444885522,-1,-1,-1,1,0.262618423,-1,100,0,0,0,0,0
11.4,0.896290267,-0.0417093183,-0.959023459,0.0797609129,-0.00358630686,FollowWall,following_right_wall,0,14,42,0.444638103,-1,-1,-1,1,0.262478113,-1,100,0,0,0,0,0
11.45,0.900277149,-0.0417764329,-0.969812448,0.0797609129,-0.00358630686,FollowWall,following_right_wall,0,14,42,0.444638103,-1,-1,-1,1,0.262478113,-1,100,0,0,0,0,0
11.5,0.904264267,-0.041844295,-0.980386864,0.0797578157,-0.00363276413,FollowWall,following_right_wall,0,14,42,0.44441849,-1,-1,-1,1,0.26206705,-1,100,0,0,0,0,0
11.55,0.908251454,-0.0419128919,-0.990891566,0.0797578157,-0.00363276413,FollowWall,following_right_wall,0,14,42,0.44441849,-1,-1,-1,1,0.26206705,-1,100,0,0,0,0,0
11.6,0.912238676,-0.0419822193,-1.0013556,0.0797980941,-0.00302858829,FollowWall,following_right_wall,0,14,42,0.444220096,-1,-1,-1,1,0.261845857,-1,100,0,0,0,0,0
11.65,0.916226752,-0.0420522642,-1.01107473,0.0797980941,-0.00302858829,FollowWall,following_right_wall,0,14,42,0.444220096,-1,-1,-1,1,0.261845857,-1,100,0,0,0,0,0
11.7,0.920215322,-0.0421229794,-1.02035934,0.0798362486,-0.00245627119,FollowWall,following_right_wall,0,14,42,0.444056958,-1,-1,-1,1,0.261582851,-1,100,0,0,0,0,0
11.75,0.924204971,-0.0421943278,-1.02870732,0.0798362486,-0.00245627119,FollowWall,following_right_wall,0,14,42,0.444056958,-1,-1,-1,1,0.261582851,-1,100,0,0,0,0,0
11.8,0.928195245,-0.04226625,-1.03650893,0.0798384538,-0.00242319349,FollowWall,following_right_wall,0,14,42,0.443936408,-1,-1,-1,1,0.261199653,-1,100,0,0,0,0,0
11.85,0.932185927,-0.0423387105,-1.04395234,0.0798384538,-0.00242319349,FollowWall,following_right_wall,0,14,42,0.443936408,-1,-1,-1,1,0.261199653,-1,100,0,0,0,0,0
11.9,0.936176842,-0.0424116867,-1.05118681,0.0797347464,-0.00397880424,FollowWall,following_right_wall,0,14,42,0.443842888,-1,-1,-1,1,0.261239201,-1,100,0,0,0,0,0
11.95,0.940165728,-0.04248519,-1.06015626,0.0797347464,-0.00397880424,FollowWall,following_right_wall,0,14,42,0.443842888,-1,-1,-1,1,0.261239201,-1,100,0,0,0,0,0
12,0.944153425,-0.0425593312,-1.07013779,0.0796375896,-0.0054361563,FollowWall,following_right_wall,0,14,42,0.443716526,-1,-1,-1,1,0.260872841,-1,100,0,0,0,0,0
12.05,0.948138397,-0.0426341971,-1.08244928,0.0796375896,-0.0054361563,FollowWall,following_right_wall,0,14,42,0.443716526,-1,-1,-1,1,0.260872841,-1,100,0,0,0,0,0
12.1,0.95212177,-0.0427099366,-1.09611992,0.0795517783,-0.00672332605,FollowWall,following_right_wall,0,14,42,0.443526238,-1,-1,-1,1,0.260927409,-1,100,0,0,0,0,0
12.15,0.956102414,-0.0427866552,-1.11211983,0.0795517783,-0.00672332605,FollowWall,following_right_wall,0,14,42,0.443526238,-1,-1,-1,1,0.260927409,-1,100,0,0,0,0,0
12.2,0.960081455,-0.0428645016,-1.1294785,0.0795125137,-0.00731229477,FollowWall,following_right_wall,0,14,42,0.443264842,-1,-1,-1,1,0.26106751,-1,100,0,0,0,0,0
12.25,0.964058731,-0.042943571,-1.1483328,0.0795125137,-0.00731229477,FollowWall,following_right_wall,0,14,42,0.443264842,-1,-1,-1,1,0.26106751,-1,100,0,0,0,0,0
12.3,0.968034966,-0.0430239589,-1.16805954,0.0795935737,-0.00609639424,FollowWall,following_right_wall,0,14,42,0.44295007,-1,-1,-1,1,0.260858715,-1,100,0,0,0,0,0
12.35,0.972012269,-0.0431057056,-1.18684385,0.0795935737,-0.00609639424,FollowWall,following_right_wall,0,14,42,0.44295007,-1,-1,-1,1,0.260858715,-1,100,0,0,0,0,0
12.4,0.975990186,-0.0431887505,-1.20507839,0.0796760574,-0.00485913923,FollowWall,following_right_wall,0,14,42,0.442646176,-1,-1,-1,1,0.260582745,-1,100,0,0,0,0,0
12.45,0.979970168,-0.0432730433,-1.22151538,0.0796760574,-0.00485913923,FollowWall,following_right_wall,0,14,42,0.442646176,-1,-1,-1,1,0.260582745,-1,100,0,0,0,0,0
12.5,0.983951346,-0.0433584677,-1.2369038,0.0797550595,-0.00367410714,FollowWall,following_right_wall,0,14,42,0.442387044,-1,-1,-1,1,0.260635376,-1,100,0,0,0,0,0
12.55,0.98793486,-0.043444942,-1.25026601,0.0797550595,-0.00367410714,FollowWall,following_right_wall,0,14,42,0.442387044,-1,-1,-1,1,0.260635376,-1,100,0,0,0,0,0
12.6,0.991919729,-0.0435323344,-1.26244628,0.0797000314,-0.00449952897,FollowWall,following_right_wall,0,14,42,0.442181736,-1,-1,-1,1,0.26051715,-1,100,0,0,0,0,0
12.65,0.995904236,-0.0436205767,-1.27492236,0.0797000314,-0.00449952897,FollowWall,following_right_wall,0,14,42,0.442181736,-1,-1,-1,1,0.26051715,-1,100,0,0,0,0,0
12.7,0.999888522,-0.043709688,-1.28757098,0.0796410173,-0.00538474043,FollowWall,following_right_wall,0,14,42,0.441970855,-1,-1,-1,1,0.26002562,-1,100,0,0,0,0,0
12.75,1.00387144,-0.0437996888,-1.30137691,0.0796410173,-0.00538474043,FollowWall,following_right_wall,0,14,42,0.441970855,-1,-1,-1,1,0.26002562,-1,100,0,0,0,0,0
12.8,1.00785355,-0.0438906548,-1.31585793,0.0795912619,-0.00613107125,FollowWall,following_right_wall,0,14,42,0.441716582,-1,-1,-1,1,0.260011137,-1,100,0,0,0,0,0
12.85,1.01183415,-0.0439826373,-1.33162361,0.0795912619,-0.00613107125,FollowWall,following_right_wall,0,14,42,0.441716582,-1,-1,-1,1,0.260011137,-1,100,0,0,0,0,0
12.9,1.01581384,-0.0440757208,-1.34813869,0.0796742858,-0.00488571367,FollowWall,following_right_wall,0,14,42,0.44140771,-1,-1,-1,1,0.26015687,-1,100,0,0,0,0,0
12.95,1.01979473,-0.0441699438,-1.36360438,0.0796742858,-0.00488571367,FollowWall,following_right_wall,0,14,42,0.44140771,-1,-1,-1,1,0.26015687,-1,100,0,0,0,0,0
13,1.02377631,-0.0442652372,-1.37845792,0.0797445868,-0.00383119782,FollowWall,following_right_wall,0,14,42,0.441099584,-1,-1,-1,1,0.26030162,-1,100,0,0,0,0,0
13.05,1.02775974,-0.0443615521,-1.39169564,0.0797445868,-0.00383119782,FollowWall,following_right_wall,0,14,42,0.441099584,-1,-1,-1,1,0.26030162,-1,100,0,0,0,0,0
13.1,1.03174425,-0.0444587813,-1.4039908,0.0797143174,-0.00428523888,FollowWall,following_right_wall,0,14,42,0.440817922,-1,-1,-1,1,0.259879798,-1,100,0,0,0,0,0
13.15,1.03572875,-0.0445568655,-1.4162781,0.0797143174,-0.00428523888,FollowWall,following_right_wall,0,14,42,0.440817922,-1,-1,-1,1,0.259879798,-1,100,0,0,0,0,0
13.2,1.03971323,-0.0446558041,-1.42856083,0.0797362888,-0.00395566766,FollowWall,following_right_wall,0,14,42,0.440524161,-1,-1,-1,1,0.259592354,-1,100,0,0,0,0,0
13.25,1.04369815,-0.0447555947,-1.44044748,0.0797362888,-0.00395566766,FollowWall,following_right_wall,0,14,42,0.440524161,-1,-1,-1,1,0.259592354,-1,100,0,0,0,0,0
13.3,1.04768331,-0.0448562107,-1.45210309,0.0799386249,-0.000920626127,FollowWall,following_right_wall,0,14,42,0.440216959,-1,-1,-1,1,0.259334981,-1,100,0,0,0,0,0
13.35,1.05167284,-0.0449576179,-1.46000111,0.0799386249,-0.000920626127,FollowWall,following_right_wall,0,14,42,0.440216959,-1,-1,-1,1,0.259334981,-1,100,0,0,0,0,0
13.4,1.05566489,-0.0450595638,-1.46570721,0.0799594583,0.000608126238,FollowWall,following_right_wall,0,14,42,0.439980954,-1,-1,-1,1,0.258919299,-1,100,0,0,0,0,0
13.45,1.05965887,-0.0451618483,-1.46830986,0.0799594583,0.000608126238,FollowWall,following_right_wall,0,14,42,0.439980954,-1,-1,-1,1,0.258919299,-1,100,0,0,0,0,0
13.5,1.06365396,-0.0452642799,-1.46910218,0.0798028354,0.00295746921,FollowWall,following_right_wall,0,14,42,0.439819127,-1,-1,-1,1,0.25870809,-1,100,0,0,0,0,0
13.55,1.06764644,-0.0453665654,-1.46603415,0.0798028354,0.00295746921,FollowWall,following_right_wall,0,14,42,0.439819127,-1,-1,-1,1,0.25870809,-1,100,0,0,0,0,0
13.6,1.07163741,-0.0454685197,-1.46071425,0.0796506815,0.00523977708,FollowWall,following_right_wall,0,14,42,0.439747512,-1,-1,-1,1,0.25832212,-1,100,0,0,0,0,0
13.65,1.07562434,-0.0455698598,-1.45135645,0.0796506815,0.00523977708,FollowWall,following_right_wall,0,14,42,0.439747512,-1,-1,-1,1,0.25832212,-1,100,0,0,0,0,0
13.7,1.07960892,-0.045670407,-1.43964321,0.0795203721,0.00719441838,FollowWall,following_right_wall,0,14,42,0.635816872,-1,-1,-1,1,0.257802159,-1,100,0,0,0,0,0
13.75,1.08358943,-0.0457699084,-1.42422278,0.0795203721,0.00719441838,FollowWall,following_right_wall,0,14,42,0.635816872,-1,-1,-1,1,0.257802159,-1,100,0,0,0,0,0
13.8,1.08756758,-0.0458682043,-1.40663983,0.0794122857,0.00881571461,FollowWall,following_right_wall,0,14,42,0.635975301,-1,-1,-1,1,0.257399946,-1,100,0,0,0,0,0
13.85,1.09154211,-0.0459650796,-1.38586012,0.0794122857,0.00881571461,FollowWall,following_right_wall,0,14,42,0.635975301,-1,-1,-1,1,0.257399946,-1,100,0,0,0,0,0
13.9,1.09551456,-0.0460603978,-1.36321564,0.079448128,0.00827808006,FollowWall,following_right_wall,0,14,42,0.635945797,-1,-1,-1,1,0.257487833,-1,100,0,0,0,0,0
13.95,1.09948655,-0.0461541188,-1.34012513,0.079448128,0.00827808006,FollowWall,following_right_wall,0,14,42,0.635945797,-1,-1,-1,1,0.257487833,-1,100,0,0,0,0,0
14,1.1034583,-0.0462462234,-1.31677443,0.0795098547,0.00735217921,FollowWall,following_right_wall,0,14,42,0.635844469,-1,-1,-1,1,0.25754723,-1,100,0,0,0,0,0
14.05,1.10743119,-0.0463367679,-1.29437718,0.0795098547,0.00735217921,FollowWall,following_right_wall,0,14,42,0.635844469,-1,-1,-1,1,0.25754723,-1,100,0,0,0,0,0
14.1,1.11140478,-0.0464257932,-1.27253609,0.0795762595,0.00635610754,FollowWall,following_right_wall,0,14,42,0.635753095,-1,-1,-1,1,0.257406265,-1,100,0,0,0,0,0
14.15,1.11538015,-0.0465133951,-1.25220842,0.0795762595,0.00635610754,FollowWall,following_right_wall,0,14,42,0.635753095,-1,-1,-1,1,0.257406265,-1,100,0,0,0,0,0
14.2,1.11935659,-0.0465996395,-1.23276356,0.0796391998,0.00541200269,FollowWall,following_right_wall,0,14,42,0.635706306,-1,-1,-1,1,0.25720498,-1,100,0,0,0,0,0
14.25,1.12333497,-0.0466846323,-1.21496063,0.0796391998,0.00541200269,FollowWall,following_right_wall,0,14,42,0.635706306,-1,-1,-1,1,0.25720498,-1,100,0,0,0,0,0
14.3,1.12731448,-0.0467684455,-1.19811548,0.0795573387,0.0066399193,FollowWall,following_right_wall,0,14,42,0.635713339,-1,-1,-1,1,0.257246256,-1,100,0,0,0,0,0
14.35,1.13129297,-0.0468510354,-1.18036332,0.0795573387,0.0066399193,FollowWall,following_right_wall,0,14,42,0.635713339,-1,-1,-1,1,0.257246256,-1,100,0,0,0,0,0
14.4,1.13527087,-0.0469323617,-1.16208208,0.079485513,0.00771730461,FollowWall,following_right_wall,0,14,42,0.635668635,-1,-1,-1,1,0.257187098,-1,100,0,0,0,0,0
14.45,1.13924694,-0.0470123261,-1.14220617,0.079485513,0.00771730461,FollowWall,following_right_wall,0,14,42,0.635668635,-1,-1,-1,1,0.257187098,-1,100,0,0,0,0,0
14.5,1.14322195,-0.0470908576,-1.12140003,0.0794492189,0.00826171671,FollowWall,following_right_wall,0,14,42,0.635518014,-1,-1,-1,1,0.257044613,-1,100,0,0,0,0,0
14.55,1.14719561,-0.0471678773,-1.09940142,0.0794492189,0.00826171671,FollowWall,following_right_wall,0,14,42,0.635518014,-1,-1,-1,1,0.257044613,-1,100,0,0,0,0,0
14.6,1.15116849,-0.0472433318,-1.0767072,0.0795455779,0.00681633134,FollowWall,following_right_wall,0,14,42,0.635269344,-1,-1,-1,1,0.257076591,-1,100,0,0,0,0,0
14.65,1.15514293,-0.047317287,-1.05533251,0.0795455779,0.00681633134,FollowWall,following_right_wall,0,14,42,0.635269344,-1,-1,-1,1,0.257076591,-1,100,0,0,0,0,0
14.7,1.15911829,-0.0473898026,-1.03472754,0.0796472422,0.00529136699,FollowWall,following_right_wall,0,14,42,0.635027826,-1,-1,-1,1,0.256525695,-1,100,0,0,0,0,0
14.75,1.16309632,-0.0474610145,-1.01639187,0.0796472422,0.00529136699,FollowWall,following_right_wall,0,14,42,0.635027826,-1,-1,-1,1,0.256525695,-1,100,0,0,0,0,0
14.8,1.16707591,-0.0475310264,-0.999379963,0.0797425799,0.00386130143,FollowWall,following_right_wall,0,14,42,0.634854913,-1,-1,-1,1,0.255991757,-1,100,0,0,0,0,0
14.85,1.1710584,-0.0475999927,-0.984847259,0.0797425799,0.00386130143,FollowWall,following_right_wall,0,14,42,0.634854913,-1,-1,-1,1,0.255991757,-1,100,0,0,0,0,0
14.9,1.1750426,-0.0476680279,-0.97176076,0.0796880454,0.00467931861,FollowWall,following_right_wall,0,14,42,0.634768009,-1,-1,-1,1,0.25601694,-1,100,0,0,0,0,0
14.95,1.17902665,-0.0477351459,-0.958541443,0.0796880454,0.00467931861,FollowWall,following_right_wall,0,14,42,0.634768009,-1,-1,-1,1,0.25601694,-1,100,0,0,0,0,0
15,1.18301063,-0.0478013405,-0.94524465,0.0796079445,-0.00588083267,FollowWall,following_right_wall,0,14,42,0.634662867,-1,-1,-1,1,0.256233841,-1,100,0,0,0,0,0
15.05,1.18699289,-0.0478670188,-0.944507915,0.0796079445,-0.00588083267,FollowWall,following_right_wall,0,14,42,0.634662867,-1,-1,-1,1,0.256233841,-1,100,0,0,0,0,0
15.1,1.19097415,-0.0479328839,-0.951097879,0.0796553451,-0.00516982377,FollowWall,following_right_wall,0,14,42,0.635032237,-1,-1,-1,1,0.255888522,-1,100,0,0,0,0,0
15.15,1.1949558,-0.0479993326,-0.961113047,0.0796553451,-0.00516982377,FollowWall,following_right_wall,0,14,42,0.635032237,-1,-1,-1,1,0.255888522,-1,100,0,0,0,0,0
15.2,1.19893767,-0.0480665507,-0.973126252,0.0797014463,-0.00447830558,FollowWall,following_right_wall,0,14,42,0.635629475,-1,-1,-1,1,0.255727857,-1,100,0,0,0,0,0
15.25,1.20292063,-0.0481346342,-0.985479538,0.0797014463,-0.00447830558,FollowWall,following_right_wall,0,14,42,0.635629475,-1,-1,-1,1,0.255727857,-1,100,0,0,0,0,0
15.3,1.20690421,-0.0482035945,-0.998031205,0.0797350365,-0.00397445261,FollowWall,following_right_wall,0,14,42,0.636248767,-1,-1,-1,1,0.255689502,-1,100,0,0,0,0,0
15.35,1.21088884,-0.0482734293,-1.01009716,0.0797350365,-0.00397445261,FollowWall,following_right_wall,0,14,42,0.636248767,-1,-1,-1,1,0.255689502,-1,100,0,0,0,0,0
15.4,1.21487409,-0.0483441045,-1.02187979,0.0797134566,-0.00429815054,FollowWall,following_right_wall,0,14,42,0.636828601,-1,-1,-1,1,0.255438387,-1,100,0,0,0,0,0
15.45,1.21885924,-0.0484156055,-1.03388353,0.0797134566,-0.00429815054,FollowWall,following_right_wall,0,14,42,0.636828601,-1,-1,-1,1,0.255438387,-1,100,0,0,0,0,0
15.5,1.22284433,-0.0484879449,-1.04601625,0.0797502893,-0.00374566019,FollowWall,following_right_wall,0,14,42,0.637390435,-1,-1,-1,1,0.255066901,-1,100,0,0,0,0,0
15.55,1.22683014,-0.0485611214,-1.05756473,0.0797502893,-0.00374566019,FollowWall,following_right_wall,0,14,42,0.637390435,-1,-1,-1,1,0.255066901,-1,100,0,0,0,0,0
15.6,1.23081636,-0.0486350975,-1.06877239,0.079798435,-0.00302347541,FollowWall,following_right_wall,0,14,42,0.637908399,-1,-1,-1,1,0.25501731,-1,100,0,0,0,0,0
15.65,1.23480383,-0.0487098399,-1.0789192,0.079798435,-0.00302347541,FollowWall,following_right_wall,0,14,42,0.637908399,-1,-1,-1,1,0.25501731,-1,100,0,0,0,0,0
15.7,1.23879201,-0.0487852807,-1.08844718,0.0798470843,-0.00229373574,FollowWall,following_right_wall,0,14,42,0.638355672,-1,-1,-1,1,0.254589081,-1,100,0,0,0,0,0
15.75,1.24278162,-0.0488613694,-1.09674311,0.0798470843,-0.00229373574,FollowWall,following_right_wall,0,14,42,0.638355672,-1,-1,-1,1,0.254589081,-1,100,0,0,0,0,0
15.8,1.24677206,-0.0489380268,-1.10432035,0.0798894989,-0.00165751576,FollowWall,following_right_wall,0,14,42,0.63872081,-1,-1,-1,1,0.254346341,-1,100,0,0,0,0,0
15.85,1.25076387,-0.0490151975,-1.11071892,0.0798894989,-0.00165751576,FollowWall,following_right_wall,0,14,42,0.63872081,-1,-1,-1,1,0.254346341,-1,100,0,0,0,0,0
15.9,1.25475647,-0.0490928056,-1.11642994,0.0798696923,-0.00195461512,FollowWall,following_right_wall,0,14,42,0.639004409,-1,-1,-1,1,0.254531533,-1,100,0,0,0,0,0
15.95,1.25874912,-0.0491708111,-1.12209451,0.0798696923,-0.00195461512,FollowWall,following_right_wall,0,14,42,0.639004409,-1,-1,-1,1,0.254531533,-1,100,0,0,0,0,0
16,1.26274179,-0.049249211,-1.127732,0.0798498857,-0.00225171447,FollowWall,following_right_wall,0,14,42,0.639254034,-1,-1,-1,1,0.25432235,-1,100,0,0,0,0,0
16.05,1.26673405,-0.0493280078,-1.13370832,0.0798498857,-0.00225171447,FollowWall,following_right_wall,0,14,42,0.639254034,-1,-1,-1,1,0.25432235,-1,100,0,0,0,0,0
16.1,1.27072608,-0.0494072234,-1.13988229,0.0798302341,-0.00254648924,FollowWall,following_right_wall,0,14,42,0.639497697,-1,-1,-1,1,0.254221499,-1,100,0,0,0,0,0
16.15,1.27471756,-0.0494868745,-1.14652342,0.0798302341,-0.00254648924,FollowWall,following_right_wall,0,14,42,0.639497697,-1,-1,-1,1,0.254221499,-1,100,0,0,0,0,0
16.2,1.27870871,-0.0495669915,-1.15343706,0.0798109847,-0.00283522904,FollowWall,following_right_wall,0,14,42,0.639746547,-1,-1,-1,1,0.254346818,-1,100,0,0,0,0,0
16.25,1.28269927,-0.0496475957,-1.16085432,0.0798109847,-0.00283522904,FollowWall,following_right_wall,0,14,42,0.639746547,-1,-1,-1,1,0.254346818,-1,100,0,0,0,0,0
16.3,1.28668947,-0.0497287198,-1.16856537,0.0798595476,-0.00210678577,FollowWall,following_right_wall,0,14,42,0.640005648,-1,-1,-1,1,0.254490495,-1,100,0,0,0,0,0
16.35,1.29068048,-0.0498103732,-1.17557826,0.0798595476,-0.00210678577,FollowWall,following_right_wall,0,14,42,0.640005648,-1,-1,-1,1,0.254490495,-1,100,0,0,0,0,0
16.4,1.29467195,-0.0498925107,-1.18218391,0.0799076724,-0.00138491392,FollowWall,following_right_wall,0,14,42,0.640227973,-1,-1,-1,1,0.254254192,-1,100,0,0,0,0,0
16.45,1.29866469,-0.0499750966,-1.18769032,0.0799076724,-0.00138491392,FollowWall,following_right_wall,0,14,42,0.640227973,-1,-1,-1,1,0.254254192,-1,100,0,0,0,0,0
16.5,1.30265816,-0.0500580593,-1.19255552,0.0798893291,-0.00166006386,FollowWall,following_right_wall,0,14,42,0.640387118,-1,-1,-1,1,0.254236281,-1,100,0,0,0,0,0
16.55,1.30665169,-0.0501413606,-1.1973751,0.0798893291,-0.00166006386,FollowWall,following_right_wall,0,14,42,0.640387118,-1,-1,-1,1,0.254236281,-1,100,0,0,0,0,0
16.6,1.31064523,-0.0502249975,-1.20216808,0.0798711407,-0.00193288922,FollowWall,following_right_wall,0,14,42,0.640524626,-1,-1,-1,1,0.254220992,-1,100,0,0,0,0,0
16.65,1.31463841,-0.0503089718,-1.2072712,0.0798711407,-0.00193288922,FollowWall,following_right_wall,0,14,42,0.640524626,-1,-1,-1,1,0.254220992,-1,100,0,0,0,0,0
16.7,1.31863137,-0.0503933036,-1.21255524,0.0798940468,-0.00158929825,FollowWall,following_right_wall,0,14,42,0.640667498,-1,-1,-1,1,0.254021496,-1,100,0,0,0,0,0
16.75,1.32262468,-0.0504780005,-1.21753468,0.0798940468,-0.00158929825,FollowWall,following_right_wall,0,14,42,0.640667498,-1,-1,-1,1,0.254021496,-1,100,0,0,0,0,0
16.8,1.32661819,-0.0505630427,-1.22233644,0.0798919189,-0.00162121654,FollowWall,following_right_wall,0,14,42,0.640796125,-1,-1,-1,1,0.253501654,-1,100,0,0,0,0,0
16.85,1.33061177,-0.0506484189,-1.22707265,0.0798919189,-0.00162121654,FollowWall,following_right_wall,0,14,42,0.640796125,-1,-1,-1,1,0.253501654,-1,100,0,0,0,0,0
16.9,1.33460538,-0.0507341248,-1.23177063,0.0798737961,-0.00189305842,FollowWall,following_right_wall,0,14,42,0.640917063,-1,-1,-1,1,0.252984464,-1,100,0,0,0,0,0
16.95,1.33859864,-0.0508201612,-1.23677078,0.0798737961,-0.00189305842,FollowWall,following_right_wall,0,14,42,0.640917063,-1,-1,-1,1,0.252984464,-1,100,0,0,0,0,0
17,1.34259168,-0.0509065478,-1.24194721,0.0798644203,-0.00203369558,FollowWall,following_right_wall,0,14,42,0.641050518,-1,-1,-1,1,0.252785116,-1,100,0,0,0,0,0
17.05,1.3465844,-0.0509932977,-1.24739434,0.0798644203,-0.00203369558,FollowWall,following_right_wall,0,14,42,0.641050518,-1,-1,-1,1,0.252785116,-1,100,0,0,0,0,0
17.1,1.35057693,-0.0510804287,-1.25299938,0.0799154001,-0.00126899779,FollowWall,following_right_wall,0,14,42,0.641201496,-1,-1,-1,1,0.252575248,-1,100,0,0,0,0,0
17.15,1.3545704,-0.0511679426,-1.25778374,0.0799154001,-0.00126899779,FollowWall,following_right_wall,0,14,42,0.641201496,-1,-1,-1,1,0.252575248,-1,100,0,0,0,0,0
17.2,1.35856442,-0.0512557855,-1.26208937,0.0799667019,-0.000499472022,FollowWall,following_right_wall,0,14,42,0.641326606,-1,-1,-1,1,0.252207965,-1,100,0,0,0,0,0
17.25,1.36255984,-0.0513439175,-1.26519719,0.0799667019,-0.000499472022,FollowWall,following_right_wall,0,14,42,0.641326606,-1,-1,-1,1,0.252207965,-1,100,0,0,0,0,0
17.3,1.36655606,-0.0514322599,-1.26760628,0.04,-0.6,FollowWall,following_right_wall,0,14,42,0.641401589,-1,-1,-1,1,0.251964062,-1,100,0,0,0,0,0
17.35,1.36971981,-0.0515220909,-1.98520883,0.04,-0.6,FollowWall,following_right_wall,0,14,42,0.641401589,-1,-1,-1,1,0.251964062,-1,100,0,0,0,0,0
17.4,1.37239676,-0.0516414315,-3.12000757,0.0798838902,-0.00174164772,FollowWall,following_right_wall,0,14,42,0.655720472,-1,-1,-1,1,0.253046691,-1,100,0,0,0,0,0
17.45,1.37561825,-0.0518357594,-3.78405243,0.0798838902,-0.00174164772,FollowWall,following_right_wall,0,14,42,0.655720472,-1,-1,-1,1,0.253046691,-1,100,0,0,0,0,0
17.5,1.37915657,-0.0520818654,-4.17349087,0.079872601,-0.00191098452,FollowWall,following_right_wall,0,14,42,0.648870826,-1,-1,-1,1,0.25416103,-1,100,0,0,0,0,0
17.55,1.38287914,-0.0523609969,-4.40294437,0.079872601,-0.00191098452,FollowWall,following_right_wall,0,14,42,0.648870826,-1,-1,-1,1,0.25416103,-1,100,0,0,0,0,0
17.6,1.38670905,-0.052660468,-4.53907331,0.079882105,-0.00176842511,FollowWall,following_right_wall,0,14,42,0.641309619,-1,-1,-1,1,0.254129052,-1,100,0,0,0,0,0
17.65,1.39060173,-0.0529722865,-4.62059276,0.079882105,-0.00176842511,FollowWall,following_right_wall,0,14,42,0.641309619,-1,-1,-1,1,0.254129052,-1,100,0,0,0,0,0
17.7,1.394531,-0.0532915631,-4.67025668,0.0799307245,-0.00103913248,FollowWall,following_right_wall,0,14,42,0.633481681,-1,-1,-1,1,0.253654957,-1,100,0,0,0,0,0
17.75,1.39848259,-0.0536154273,-4.70046767,0.0799307245,-0.00103913248,FollowWall,following_right_wall,0,14,42,0.633481681,-1,-1,-1,1,0.253654957,-1,100,0,0,0,0,0
17.8,1.40244721,-0.0539420679,-4.71933112,0.04,-0.6,FollowWall,following_right_wall,0,14,42,0.625572264,-1,-1,-1,1,0.252988875,-1,100,0,0,0,0,0
17.85,1.40558867,-0.0542214925,-5.44653204,0.04,-0.6,FollowWall,following_right_wall,0,14,42,0.625572264,-1,-1,-1,1,0.252988875,-1,100,0,0,0,0,0
17.9,1.40824703,-0.0545016824,-6.58692983,0.0798429269,-0.0023560971,FollowWall,following_right_wall,0,14,42,0.620161653,-1,-1,-1,1,0.254038066,-1,100,0,0,0,0,0
17.95,1.41144625,-0.0548900168,-7.25497425,0.0798429269,-0.0023560971,FollowWall,following_right_wall,0,14,42,0.620161653,-1,-1,-1,1,0.254038066,-1,100,0,0,0,0,0
18,1.41495963,-0.0553495196,-7.64747921,0.0797940958,-0.00308856368,FollowWall,following_right_wall,0,14,42,0.612996101,-1,-1,-1,1,0.254311502,-1,100,0,0,0,0,0
18.05,1.41865474,-0.0558533096,-7.88012714,0.0797940958,-0.00308856368,FollowWall,following_right_wall,0,14,42,0.612996101,-1,-1,-1,1,0.254311502,-1,100,0,0,0,0,0
18.1,1.42245566,-0.0563841003,-8.01952514,0.0798642623,-0.00203606486,FollowWall,following_right_wall,0,14,42,0.605349481,-1,-1,-1,1,0.256293863,-1,100,0,0,0,0,0
18.15,1.42631966,-0.0569313722,-8.10327101,0.0798642623,-0.00203606486,FollowWall,following_right_wall,0,14,42,0.605349481,-1,-1,-1,1,0.256293863,-1,100,0,0,0,0,0
18.2,1.4302204,-0.0574885381,-8.15455314,0.079960807,-0.000587895513,FollowWall,following_right_wall,0,14,42,0.597511172,-1,-1,-1,1,0.25562343,-1,100,0,0,0,0,0
18.25,1.43414454,-0.0580519088,-8.18516946,0.079960807,-0.000587895513,FollowWall,following_right_wall,0,14,42,0.597511172,-1,-1,-1,1,0.25562343,-1,100,0,0,0,0,0
18.3,1.43808232,-0.0586189627,-8.20373073,0.0799480903,0.000778645277,FollowWall,following_right_wall,0,14,42,0.589611948,-1,-1,-1,1,0.256899983,-1,100,0,0,0,0,0
18.35,1.4420278,-0.059188125,-8.2136287,0.0799480903,0.000778645277,FollowWall,following_right_wall,0,14,42,0.589611948,-1,-1,-1,1,0.256899983,-1,100,0,0,0,0,0
18.4,1.44597778,-0.0597584549,-8.21847308,0.0798568118,0.00214782357,FollowWall,following_right_wall,0,14,42,0.581705928,-1,-1,-1,1,0.258660018,-1,100,0,0,0,0,0
18.45,1.44992851,-0.0603290741,-8.21873519,0.0798568118,0.00214782357,FollowWall,following_right_wall,0,14,42,0.581705928,-1,-1,-1,1,0.258660018,-1,100,0,0,0,0,0
18.5,1.45387972,-0.0608996853,-8.21632431,0.04,-0.6,FollowWall,following_right_wall,0,14,42,0.573817432,-1,-1,-1,1,0.260428786,-1,100,0,0,0,0,0
18.55,1.45700649,-0.0613710988,-8.93111521,0.04,-0.6,FollowWall,following_right_wall,0,14,42,0.573817432,-1,-1,-1,1,0.260428786,-1,100,0,0,0,0,0
18.6,1.45964768,-0.0618129734,-10.0642738,0.0799542788,0.000685818493,FollowWall,following_right_wall,0,14,42,0.568088233,-1,-1,-1,1,0.260570496,-1,100,0,0,0,0,0
18.65,1.46282253,-0.0623953451,-10.7244644,0.0799542788,0.000685818493,FollowWall,following_right_wall,0,14,42,0.568088233,-1,-1,-1,1,0.260570496,-1,100,0,0,0,0,0
18.7,1.46630693,-0.0630673813,-11.1087569,0.0799931365,-0.000102952123,FollowWall,following_right_wall,0,14,42,0.561720014,-1,-1,-1,1,0.261888623,-1,100,0,0,0,0,0
18.75,1.46997205,-0.0637944842,-11.3330504,0.0799931365,-0.000102952123,FollowWall,following_right_wall,0,14,42,0.561720014,-1,-1,-1,1,0.261888623,-1,100,0,0,0,0,0
18.8,1.47374236,-0.0645546123,-11.4640112,0.0799856919,-0.000214621425,FollowWall,following_right_wall,0,14,42,0.554074764,-1,-1,-1,1,0.265538663,-1,100,0,0,0,0,0
18.85,1.47757381,-0.0653342914,-11.5406612,0.0799856919,-0.000214621425,FollowWall,following_right_wall,0,14,42,0.554074764,-1,-1,-1,1,0.265538663,-1,100,0,0,0,0,0
18.9,1.48144088,-0.0661254959,-11.5856298,0.0791609722,-0.0125854164,FollowWall,following_right_wall,0,14,42,0.546275079,-1,-1,-1,1,0.268754423,-1,100,0,0,0,0,0
18.95,1.48531179,-0.0669205206,-11.6268843,0.0791609722,-0.0125854164,FollowWall,following_right_wall,0,14,42,0.546275079,-1,-1,-1,1,0.268754423,-1,100,0,0,0,0,0
19,1.48918473,-0.0677187921,-11.6659721,0.0753475773,-0.06978634,FollowWall,following_right_wall,0,14,42,0.538468421,-1,-1,-1,1,0.296524227,-1,100,0,0,0,0,0
19.05,1.49298038,-0.0685061465,-11.7720747,0.0753475773,-0.06978634,FollowWall,following_right_wall,0,14,42,0.538468421,-1,-1,-1,1,0.296524227,-1,100,0,0,0,0,0
19.1,1.49672981,-0.0692924947,-11.9172691,0.0721777725,-0.117333412,FollowWall,following_right_wall,0,14,42,0.530810952,-1,-1,-1,1,0.328222275,-1,100,0,0,0,0,0
19.15,1.50038617,-0.0700716551,-12.1420223,0.0721777725,-0.117333412,FollowWall,following_right_wall,0,14,42,0.530810952,-1,-1,-1,1,0.328222275,-1,100,0,0,0,0,0
19.2,1.50398637,-0.0708551517,-12.4131848,0.0700023758,-0.149964362,FollowWall,following_right_wall,0,14,42,0.523389041,-1,-1,-1,1,0.349976242,-1,100,0,0,0,0,0
19.25,1.50750739,-0.0716410177,-12.7503697,0.0700023758,-0.149964362,FollowWall,following_right_wall,0,14,42,0.523389041,-1,-1,-1,1,0.349976242,-1,100,0,0,0,0,0
19.3,1.51097978,-0.0724387406,-13.1260677,0.068736549,-0.168951765,FollowWall,following_right_wall,0,14,42,0.516236842,-1,-1,-1,1,0.36263451,-1,100,0,0,0,0,0
19.35,1.51439546,-0.0732484684,-13.5468961,0.068736549,-0.168951765,FollowWall,following_right_wall,0,14,42,0.516236842,-1,-1,-1,1,0.36263451,-1,100,0,0,0,0,0
19.4,1.51777515,-0.074076754,-13.9940507,0.0680999744,-0.178500384,FollowWall,following_right_wall,0,14,42,0.509358823,-1,-1,-1,1,0.369000256,-1,100,0,0,0,0,0
19.45,1.5211179,-0.0749245252,-14.46796,0.0680999744,-0.178500384,FollowWall,following_right_wall,0,14,42,0.509358823,-1,-1,-1,1,0.369000256,-1,100,0,0,0,0,0
19.5,1.52443585,-0.0757957584,-14.9574762,0.0678217429,-0.182673857,FollowWall,following_right_wall,0,14,42,0.5027408,-1,-1,-1,1,0.371782571,-1,100,0,0,0,0,0
19.55,1.5277303,-0.0766914141,-15.4610782,0.0678217429,-0.182673857,FollowWall,following_right_wall,0,14,42,0.5027408,-1,-1,-1,1,0.371782571,-1,100,0,0,0,0,0
19.6,1.53100748,-0.0776136373,-15.9728969,0.0677188176,-0.184217736,FollowWall,following_right_wall,0,14,42,0.496332914,-1,-1,-1,1,0.372811824,-1,100,0,0,0,0,0
19.65,1.53426883,-0.0785631292,-16.4913515,0.0677188176,-0.184217736,FollowWall,following_right_wall,0,14,42,0.496332914,-1,-1,-1,1,0.372811824,-1,100,0,0,0,0,0
19.7,1.5375171,-0.0795409045,-17.0136771,0.0676902968,-0.184645548,FollowWall,following_right_wall,0,14,42,0.48929441,-1,-1,-1,1,0.373097032,-1,100,0,0,0,0,0
19.75,1.54075323,-0.0805473726,-17.5387714,0.0676902968,-0.184645548,FollowWall,following_right_wall,0,14,42,0.48929441,-1,-1,-1,1,0.373097032,-1,100,0,0,0,0,0
19.8,1.54397819,-0.0815829268,-18.0654808,0.0676879841,-0.184680238,FollowWall,following_right_wall,0,14,42,0.482471913,-1,-1,-1,1,0.373120159,-1,100,0,0,0,0,0
19.85,1.5471924,-0.0826477511,-18.5931738,0.0676879841,-0.184680238,FollowWall,following_right_wall,0,14,42,0.482471913,-1,-1,-1,1,0.373120159,-1,100,0,0,0,0,0
19.9,1.55039603,-0.0837419329,-19.1214405,0.067691617,-0.184625745,FollowWall,following_right_wall,0,14,42,0.475857764,-1,-1,-1,1,0.37308383,-1,100,0,0,0,0,0
19.95,1.55358914,-0.0848655085,-19.6499768,0.067691617,-0.184625745,FollowWall,following_right_wall,0,14,42,0.475857764,-1,-1,-1,1,0.37308383,-1,100,0,0,0,0,0
20,1.55677158,-0.0860184335,-20.1786704,0.0676939386,-0.184590921,FollowWall,following_right_wall,0,14,42,0.46944496,-1,-1,-1,1,0.373060614,-1,100,0,0,0,0,0
20.05,1.55994318,-0.0872006556,-20.7074142,0.0676939386,-0.184590921,FollowWall,following_right_wall,0,14,42,0.46944496,-1,-1,-1,1,0.373060614,-1,100,0,0,0,0,0
20.1,1.56310371,-0.0884120842,-21.2361872,0.0676930922,-0.184603617,FollowWall,following_right_wall,0,14,42,0.46322763,-1,-1,-1,1,0.373069078,-1,100,0,0,0,0,0
20.15,1.56625289,-0.089652616,-21.7649925,0.0676930922,-0.184603617,FollowWall,following_right_wall,0,14,42,0.46322763,-1,-1,-1,1,0.373069078,-1,100,0,0,0,0,0
20.2,1.56939046,-0.0909221518,-22.2938166,0.0676891524,-0.184662715,FollowWall,following_right_wall,0,14,42,0.456553668,-1,-1,-1,1,0.373108476,-1,100,0,0,0,0,0
20.25,1.5725161,-0.0922205579,-22.8227222,0.0676891524,-0.184662715,FollowWall,following_right_wall,0,14,42,0.456553668,-1,-1,-1,1,0.373108476,-1,100,0,0,0,0,0
20.3,1.57562956,-0.093547741,-23.3516753,0.067682724,-0.18475914,FollowWall,following_right_wall,0,14,42,0.449919969,-1,-1,-1,1,0.37317276,-1,100,0,0,0,0,0
20.35,1.57873049,-0.0949035479,-23.8807713,0.067682724,-0.18475914,FollowWall,following_right_wall,0,14,42,0.449919969,-1,-1,-1,1,0.37317276,-1,100,0,0,0,0,0
20.4,1.58181867,-0.0962878945,-24.4099506,0.067674439,-0.184883416,FollowWall,following_right_wall,0,14,42,0.44348976,-1,-1,-1,1,0.37325561,-1,100,0,0,0,0,0
20.45,1.58489373,-0.0977006136,-24.9393269,0.067674439,-0.184883416,FollowWall,following_right_wall,0,14,42,0.44348976,-1,-1,-1,1,0.37325561,-1,100,0,0,0,0,0
20.5,1.58795548,-0.0991416296,-25.468818,0.0676647979,-0.185028031,FollowWall,following_right_wall,0,14,42,0.437258363,-1,-1,-1,1,0.373352021,-1,100,0,0,0,0,0
20.55,1.59100352,-0.100610764,-25.9985488,0.0676647979,-0.185028031,FollowWall,following_right_wall,0,14,42,0.437258363,-1,-1,-1,1,0.373352021,-1,100,0,0,0,0,0
20.6,1.59403771,-0.102107947,-26.5284193,0.0676541793,-0.18518731,FollowWall,following_right_wall,0,14,42,0.431004286,-1,-1,-1,1,0.373458207,-1,100,0,0,0,0,0
20.65,1.59705764,-0.103632991,-27.0585615,0.0676541793,-0.18518731,FollowWall,following_right_wall,0,14,42,0.431004286,-1,-1,-1,1,0.373458207,-1,100,0,0,0,0,0
20.7,1.60006316,-0.105185832,-27.5888622,0.0676428545,-0.185357183,FollowWall,following_right_wall,0,14,42,0.424846232,-1,-1,-1,1,0.373571455,-1,100,0,0,0,0,0
20.75,1.60305387,-0.10676627,-28.1194582,0.0676428545,-0.185357183,FollowWall,following_right_wall,0,14,42,0.424846232,-1,-1,-1,1,0.373571455,-1,100,0,0,0,0,0
20.8,1.60602964,-0.108374245,-28.6502263,0.067631014,-0.18553479,FollowWall,following_right_wall,0,14,42,0.418581039,-1,-1,-1,1,0.37368986,-1,100,0,0,0,0,0
20.85,1.60899006,-0.11000955,-29.1813069,0.067631014,-0.18553479,FollowWall,following_right_wall,0,14,42,0.418581039,-1,-1,-1,1,0.37368986,-1,100,0,0,0,0,0
20.9,1.61193502,-0.111672124,-29.7125697,0.067618798,-0.18571803,FollowWall,following_right_wall,0,14,42,0.412076443,-1,-1,-1,1,0.37381202,-1,100,0,0,0,0,0
20.95,1.61486409,-0.113361753,-30.2441576,0.067618798,-0.18571803,FollowWall,following_right_wall,0,14,42,0.412076443,-1,-1,-1,1,0.37381202,-1,100,0,0,0,0,0
21,1.61777717,-0.115078377,-30.7759351,0.0676063079,-0.185905382,FollowWall,following_right_wall,0,14,42,0.405777574,-1,-1,-1,1,0.373936921,-1,100,0,0,0,0,0
21.05,1.62067386,-0.116821772,-31.3080469,0.0676063079,-0.185905382,FollowWall,following_right_wall,0,14,42,0.405777574,-1,-1,-1,1,0.373936921,-1,100,0,0,0,0,0
21.1,1.62355403,-0.11859188,-31.8403536,0.0675936151,-0.186095774,FollowWall,following_right_wall,0,14,42,0.39967972,-1,-1,-1,1,0.374063849,-1,100,0,0,0,0,0
21.15,1.6264173,-0.120388466,-32.3730013,0.0675936151,-0.186095774,FollowWall,following_right_wall,0,14,42,0.39967972,-1,-1,-1,1,0.374063849,-1,100,0,0,0,0,0
21.2,1.62926353,-0.122211473,-32.905848,0.0675807762,-0.186288357,FollowWall,following_right_wall,0,14,42,0.393778533,-1,-1,-1,1,0.374192238,-1,100,0,0,0,0,0
21.25,1.63209236,-0.124060659,-33.4390405,0.0675807762,-0.186288357,FollowWall,following_right_wall,0,14,42,0.393778533,-1,-1,-1,1,0.374192238,-1,100,0,0,0,0,0
21.3,1.63490365,-0.125935963,-33.9724348,0.0675678301,-0.186482549,FollowWall,following_right_wall,0,14,42,0.388069957,-1,-1,-1,1,0.374321699,-1,100,0,0,0,0,0
21.35,1.63769702,-0.127837138,-34.5061787,0.0675678301,-0.186482549,FollowWall,following_right_wall,0,14,42,0.388069957,-1,-1,-1,1,0.374321699,-1,100,0,0,0,0,0
21.4,1.64047235,-0.129764121,-35.0401264,0.0675548065,-0.186677903,FollowWall,following_right_wall,0,14,42,0.382550448,-1,-1,-1,1,0.374451935,-1,100,0,0,0,0,0
21.45,1.64322928,-0.131716656,-35.5744262,0.0675548065,-0.186677903,FollowWall,following_right_wall,0,14,42,0.382550448,-1,-1,-1,1,0.374451935,-1,100,0,0,0,0,0
21.5,1.64596767,-0.133694679,-36.1089315,0.0675417262,-0.186874107,FollowWall,following_right_wall,0,14,42,0.377216667,-1,-1,-1,1,0.374582738,-1,100,0,0,0,0,0
21.55,1.64868716,-0.135697926,-36.6437907,0.0675417262,-0.186874107,FollowWall,following_right_wall,0,14,42,0.377216667,-1,-1,-1,1,0.374582738,-1,100,0,0,0,0,0
21.6,1.65138763,-0.137726333,-37.1788565,0.0675286043,-0.187070936,FollowWall,following_right_wall,0,14,42,0.371990085,-1,-1,-1,1,0.374713957,-1,100,0,0,0,0,0
21.65,1.65406871,-0.139779626,-37.7142777,0.0675286043,-0.187070936,FollowWall,following_right_wall,0,14,42,0.371990085,-1,-1,-1,1,0.374713957,-1,100,0,0,0,0,0
21.7,1.65673029,-0.14185774,-38.2499062,0.0675154465,-0.187268302,FollowWall,following_right_wall,0,14,42,0.366714686,-1,-1,-1,1,0.374845535,-1,100,0,0,0,0,0
21.75,1.65937199,-0.143960395,-38.7858912,0.0675154465,-0.187268302,FollowWall,following_right_wall,0,14,42,0.366714686,-1,-1,-1,1,0.374845535,-1,100,0,0,0,0,0
21.8,1.66199372,-0.146087522,-39.3220842,0.067502256,-0.187466159,FollowWall,following_right_wall,0,14,42,0.361619979,-1,-1,-1,1,0.37497744,-1,100,0,0,0,0,0
21.85,1.6645951,-0.148238833,-39.8586347,0.067502256,-0.187466159,FollowWall,following_right_wall,0,14,42,0.361619979,-1,-1,-1,1,0.37497744,-1,100,0,0,0,0,0
21.9,1.66717603,-0.150414259,-40.3953937,0.0674890327,-0.187664509,FollowWall,following_right_wall,0,14,42,0.35670349,-1,-1,-1,1,0.375109673,-1,100,0,0,0,0,0
21.95,1.66973615,-0.152613504,-40.9325112,0.0674890327,-0.187664509,FollowWall,following_right_wall,0,14,42,0.35670349,-1,-1,-1,1,0.375109673,-1,100,0,0,0,0,0
22,1.67227534,-0.154836496,-41.4698377,0.0674757677,-0.187863484,FollowWall,following_right_wall,0,14,42,0.351963043,-1,-1,-1,1,0.375242323,-1,100,0,0,0,0,0
22.05,1.67479326,-0.157082933,-42.0075237,0.0674757677,-0.187863484,FollowWall,following_right_wall,0,14,42,0.351963043,-1,-1,-1,1,0.375242323,-1,100,0,0,0,0,0
22.1,1.67728981,-0.159352739,-42.5454194,0.0674624521,-0.188063219,FollowWall,following_right_wall,0,14,42,0.347396791,-1,-1,-1,1,0.375375479,-1,100,0,0,0,0,0
22.15,1.67976462,-0.161645606,-43.0836758,0.0674624521,-0.188063219,FollowWall,following_right_wall,0,14,42,0.347396791,-1,-1,-1,1,0.375375479,-1,100,0,0,0,0,0
22.2,1.6822176,-0.163961456,-43.6221426,0.0674490708,-0.188263938,FollowWall,following_right_wall,0,14,42,0.343003243,-1,-1,-1,1,0.375509292,-1,100,0,0,0,0,0
22.25,1.68464839,-0.166299973,-44.1609718,0.0674490708,-0.188263938,FollowWall,following_right_wall,0,14,42,0.343003243,-1,-1,-1,1,0.375509292,-1,100,0,0,0,0,0
22.3,1.68705691,-0.168661078,-44.7000123,0.0674356061,-0.188465908,FollowWall,following_right_wall,0,14,42,0.338781148,-1,-1,-1,1,0.375643939,-1,100,0,0,0,0,0
22.35,1.6894428,-0.171044446,-45.2394172,0.0674356061,-0.188465908,FollowWall,following_right_wall,0,14,42,0.338781148,-1,-1,-1,1,0.375643939,-1,100,0,0,0,0,0
22.4,1.69180596,-0.173449997,-45.7790347,0.0674220341,-0.188669488,FollowWall,following_right_wall,0,14,42,0.334729731,-1,-1,-1,1,0.375779659,-1,100,0,0,0,0,0
22.45,1.69414607,-0.175877398,-46.3190192,0.0674220341,-0.188669488,FollowWall,following_right_wall,0,14,42,0.334729731,-1,-1,-1,1,0.375779659,-1,100,0,0,0,0,0
22.5,1.69646301,-0.178326568,-46.8592177,0.067408334,-0.18887499,FollowWall,following_right_wall,0,14,42,0.330848455,-1,-1,-1,1,0.37591666,-1,100,0,0,0,0,0
22.55,1.69875646,-0.180797166,-47.3997865,0.067408334,-0.18887499,FollowWall,following_right_wall,0,14,42,0.330848455,-1,-1,-1,1,0.37591666,-1,100,0,0,0,0,0
22.6,1.70102633,-0.18328911,-47.9405712,0.0673944759,-0.189082861,FollowWall,following_right_wall,0,14,42,0.327137172,-1,-1,-1,1,0.376055241,-1,100,0,0,0,0,0
22.65,1.70327228,-0.18580205,-48.4817299,0.0673944759,-0.189082861,FollowWall,following_right_wall,0,14,42,0.327137172,-1,-1,-1,1,0.376055241,-1,100,0,0,0,0,0
22.7,1.70549422,-0.188335904,-49.0231069,0.0673804241,-0.189293638,FollowWall,following_right_wall,0,14,42,0.32359606,-1,-1,-1,1,0.376195759,-1,100,0,0,0,0,0
22.75,1.70769182,-0.190890311,-49.5648628,0.0673804241,-0.189293638,FollowWall,following_right_wall,0,14,42,0.32359606,-1,-1,-1,1,0.376195759,-1,100,0,0,0,0,0
22.8,1.70986501,-0.193465192,-50.1068397,0.0673661458,-0.189507812,FollowWall,following_right_wall,0,14,42,0.320225656,-1,-1,-1,1,0.376338542,-1,100,0,0,0,0,0
22.85,1.71201344,-0.196060176,-50.6492012,0.0673661458,-0.189507812,FollowWall,following_right_wall,0,14,42,0.320225656,-1,-1,-1,1,0.376338542,-1,100,0,0,0,0,0
22.9,1.71413705,-0.198675182,-51.191787,0.0673243272,-0.190135092,FollowWall,following_right_wall,0,14,42,0.317026913,-1,-1,-1,1,0.376756728,-1,100,0,0,0,0,0
22.95,1.71623513,-0.201309396,-51.7352524,0.0673243272,-0.190135092,FollowWall,following_right_wall,0,14,42,0.317026913,-1,-1,-1,1,0.376756728,-1,100,0,0,0,0,0
23,1.71830776,-0.203962932,-52.279231,0.0672801691,-0.190797463,FollowWall,following_right_wall,0,14,42,0.314003885,-1,-1,-1,1,0.377198309,-1,100,0,0,0,0,0
23.05,1.72035431,-0.206635038,-52.8242995,0.0672801691,-0.190797463,FollowWall,following_right_wall,0,14,42,0.314003885,-1,-1,-1,1,0.377198309,-1,100,0,0,0,0,0
23.1,1.72237488,-0.209325912,-53.3700038,0.0672373611,-0.191439584,FollowWall,following_right_wall,0,14,42,0.311160475,-1,-1,-1,1,0.377626389,-1,100,0,0,0,0,0
23.15,1.72436893,-0.212034862,-53.9168455,0.0672373611,-0.191439584,FollowWall,following_right_wall,0,14,42,0.311160475,-1,-1,-1,1,0.377626389,-1,100,0,0,0,0,0
23.2,1.72633656,-0.214762105,-54.4643507,0.0671958822,-0.192061767,FollowWall,following_right_wall,0,14,42,0.308500081,-1,-1,-1,1,0.378041178,-1,100,0,0,0,0,0
23.25,1.72827725,-0.217506971,-55.0129855,0.0671958822,-0.192061767,FollowWall,following_right_wall,0,14,42,0.308500081,-1,-1,-1,1,0.378041178,-1,100,0,0,0,0,0
23.3,1.73019112,-0.220269676,-55.5622794,0.0671555865,-0.192666203,FollowWall,following_right_wall,0,14,42,0.306026161,-1,-1,-1,1,0.378444135,-1,100,0,0,0,0,0
23.35,1.73207767,-0.223049554,-56.1126791,0.0671555865,-0.192666203,FollowWall,following_right_wall,0,14,42,0.306026161,-1,-1,-1,1,0.378444135,-1,100,0,0,0,0,0
23.4,1.73393699,-0.225846813,-56.663724,0.067116316,-0.193255261,FollowWall,following_right_wall,0,14,42,0.303742349,-1,-1,-1,1,0.37883684,-1,100,0,0,0,0,0
23.45,1.73576862,-0.228660788,-57.2158483,0.067116316,-0.193255261,FollowWall,following_right_wall,0,14,42,0.303742349,-1,-1,-1,1,0.37883684,-1,100,0,0,0,0,0
23.5,1.73757263,-0.231491674,-57.7686023,0.0670779186,-0.19383122,FollowWall,following_right_wall,0,14,42,0.301652849,-1,-1,-1,1,0.379220814,-1,100,0,0,0,0,0
23.55,1.73934857,-0.234338808,-58.3224111,0.0670779186,-0.19383122,FollowWall,following_right_wall,0,14,42,0.301652849,-1,-1,-1,1,0.379220814,-1,100,0,0,0,0,0
23.6,1.74109653,-0.237202373,-58.8768352,0.0670402515,-0.194396228,FollowWall,following_right_wall,0,14,42,0.299762338,-1,-1,-1,1,0.379597485,-1,100,0,0,0,0,0
23.65,1.74281605,-0.2400817,-59.4322927,0.0670402515,-0.194396228,FollowWall,following_right_wall,0,14,42,0.299762338,-1,-1,-1,1,0.379597485,-1,100,0,0,0,0,0
23.7,1.7445072,-0.242976966,-59.9883529,0.0670032042,-0.194951937,FollowWall,following_right_wall,0,14,42,0.298076093,-1,-1,-1,1,0.379967958,-1,100,0,0,0,0,0
23.75,1.74616957,-0.245887496,-60.5454282,0.0670032042,-0.194951937,FollowWall,following_right_wall,0,14,42,0.298076093,-1,-1,-1,1,0.379967958,-1,100,0,0,0,0,0
23.8,1.74780321,-0.248813459,-61.1030954,0.0669666666,-0.195500001,FollowWall,following_right_wall,0,14,42,0.296600044,-1,-1,-1,1,0.380333334,-1,100,0,0,0,0,0
23.85,1.74940771,-0.251754176,-61.6617623,0.0669666666,-0.195500001,FollowWall,following_right_wall,0,14,42,0.296600044,-1,-1,-1,1,0.380333334,-1,100,0,0,0,0,0
23.9,1.75098313,-0.254709808,-62.2210122,0.0669305521,-0.196041718,FollowWall,following_right_wall,0,14,42,0.295340806,-1,-1,-1,1,0.380694479,-1,100,0,0,0,0,0
23.95,1.75252907,-0.25767967,-62.7812489,0.0669305521,-0.196041718,FollowWall,following_right_wall,0,14,42,0.295340806,-1,-1,-1,1,0.380694479,-1,100,0,0,0,0,0
24,1.75404557,-0.260663917,-63.3420612,0.0668947834,-0.196578249,FollowWall,following_right_wall,0,14,42,0.294305742,-1,-1,-1,1,0.381052166,-1,100,0,0,0,0,0
24.05,1.75553227,-0.26366186,-63.9038497,0.0668947834,-0.196578249,FollowWall,following_right_wall,0,14,42,0.294305742,-1,-1,-1,1,0.381052166,-1,100,0,0,0,0,0
24.1,1.75698919,-0.266673646,-64.4662077,0.0668592888,-0.197110668,FollowWall,following_right_wall,0,14,42,0.293503046,-1,-1,-1,1,0.381407112,-1,100,0,0,0,0,0
24.15,1.75841598,-0.26969858,-65.0295334,0.0668592888,-0.197110668,FollowWall,following_right_wall,0,14,42,0.293503046,-1,-1,-1,1,0.381407112,-1,100,0,0,0,0,0
24.2,1.75981267,-0.272736806,-65.5934235,0.0668240058,-0.197639912,FollowWall,following_right_wall,0,14,42,0.292941779,-1,-1,-1,1,0.381759942,-1,100,0,0,0,0,0
24.25,1.76117891,-0.275787621,-66.1582747,0.0668240058,-0.197639912,FollowWall,following_right_wall,0,14,42,0.292941779,-1,-1,-1,1,0.381759942,-1,100,0,0,0,0,0
24.3,1.76251473,-0.278851165,-66.7236865,0.04,-0.6,FollowWall,following_right_wall,0,14,42,0.292631924,-1,-1,-1,1,0.382111192,-1,100,0,0,0,0,0
24.35,1.76359106,-0.281417496,-67.7697073,0.04,-0.6,FollowWall,following_right_wall,0,14,42,0.292631924,-1,-1,-1,1,0.382111192,-1,100,0,0,0,0,0
24.4,1.76449412,-0.283702189,-69.0960834,0.04,-0.6,FollowWall,following_right_wall,0,14,42,0.29692471,-1,-1,-1,1,0.381580591,-1,100,0,0,0,0,0
24.45,1.76527518,-0.285829753,-70.586,0.04,-0.6,FollowWall,following_right_wall,0,14,42,0.29692471,-1,-1,-1,1,0.381580591,-1,100,0,0,0,0,0
24.5,1.76596342,-0.287872318,-72.1713152,0.0435115024,-0.547327463,FollowWall,following_right_wall,0,14,42,0.305051178,-1,-1,-1,1,0.384591639,-1,100,0,0,0,0,0
24.55,1.76659749,-0.289941139,-73.7494065,0.0435115024,-0.547327463,FollowWall,following_right_wall,0,14,42,0.305051178,-1,-1,-1,1,0.384591639,-1,100,0,0,0,0,0
24.6,1.76717573,-0.292031342,-75.3232838,0.0476230929,-0.485653607,FollowWall,following_right_wall,0,14,42,0.315434307,-1,-1,-1,1,0.383606821,-1,100,0,0,0,0,0
24.65,1.76771904,-0.294222208,-76.8210851,0.0476230929,-0.485653607,FollowWall,following_right_wall,0,14,42,0.315434307,-1,-1,-1,1,0.383606821,-1,100,0,0,0,0,0
24.7,1.76821689,-0.29647676,-78.2745089,0.0514661348,-0.428007978,FollowWall,following_right_wall,0,14,42,0.327109843,-1,-1,-1,1,0.387850434,-1,100,0,0,0,0,0
24.75,1.76868038,-0.298850991,-79.6332363,0.0514661348,-0.428007978,FollowWall,following_right_wall,0,14,42,0.327109843,-1,-1,-1,1,0.387850434,-1,100,0,0,0,0,0
24.8,1.76909943,-0.301298702,-80.9367242,0.0549287164,-0.376069255,FollowWall,following_right_wall,0,14,42,0.339525759,-1,-1,-1,1,0.385052174,-1,100,0,0,0,0,0
24.85,1.76948085,-0.30386345,-82.1459917,0.0549287164,-0.376069255,FollowWall,following_right_wall,0,14,42,0.339525759,-1,-1,-1,1,0.385052174,-1,100,0,0,0,0,0
24.9,1.76981738,-0.306498954,-83.3002974,0.0581533741,-0.327699389,FollowWall,following_right_wall,0,14,42,0.352348328,-1,-1,-1,1,0.389206558,-1,100,0,0,0,0,0
24.95,1.77011405,-0.309244361,-84.3648047,0.0581533741,-0.327699389,FollowWall,following_right_wall,0,14,42,0.352348328,-1,-1,-1,1,0.389206558,-1,100,0,0,0,0,0
25,1.77036637,-0.312055399,-85.3769296,0.0611398087,-0.28290287,FollowWall,following_right_wall,0,14,42,0.365302056,-1,-1,-1,1,0.386923015,-1,100,0,0,0,0,0
25.05,1.77057815,-0.31496782,-86.3050263,0.0611398087,-0.28290287,FollowWall,following_right_wall,0,14,42,0.365302056,-1,-1,-1,1,0.386923015,-1,100,0,0,0,0,0
25.1,1.77074721,-0.317940159,-87.1841064,0.0636826295,-0.244760558,FollowWall,following_right_wall,0,14,42,0.378125668,-1,-1,-1,1,0.391293436,-1,100,0,0,0,0,0
25.15,1.77087621,-0.321000831,-87.9890645,0.0636826295,-0.244760558,FollowWall,following_right_wall,0,14,42,0.378125668,-1,-1,-1,1,0.391293436,-1,100,0,0,0,0,0
25.2,1.77096478,-0.324113269,-88.7507849,0.0711864302,-0.132203548,FollowWall,following_right_wall,0,14,42,0.390654355,-1,-1,-1,1,0.423952848,-1,100,0,0,0,0,0
25.25,1.77101938,-0.327412192,-89.3529281,0.0711864302,-0.132203548,FollowWall,following_right_wall,0,14,42,0.390654355,-1,-1,-1,1,0.423952848,-1,100,0,0,0,0,0
25.3,1.77104273,-0.330819798,-89.8619846,0.05,-0.28,FindWall,unbounded_right_search,0,14,42,0.400456518,-1,-1,-1,1,2.41272116,-1,100,0,0,0,0,0
25.35,1.77103334,-0.333849267,-90.4931597,0.05,-0.28,FindWall,unbounded_right_search,0,14,42,0.400456518,-1,-1,-1,1,2.41272116,-1,100,0,0,0,0,0
25.4,1.77099194,-0.336657827,-91.1955705,0.05,-0.28,FindWall,unbounded_right_search,0,14,42,0.413476378,-1,-1,-1,1,2.23337197,-1,100,0,0,0,0,0
25.45,1.77091863,-0.339336995,-91.9395355,0.05,-0.28,FindWall,unbounded_right_search,0,14,42,0.413476378,-1,-1,-1,1,2.23337197,-1,100,0,0,0,0,0
25.5,1.77081301,-0.341939953,-92.7077405,0.05,-0.28,FindWall,unbounded_right_search,0,14,42,0.429942697,-1,-1,-1,1,2.15276647,-1,100,0,0,0,0,0
25.55,1.77067454,-0.344497516,-93.4900854,0.05,-0.28,FindWall,unbounded_right_search,0,14,42,0.429942697,-1,-1,-1,1,2.15276647,-1,100,0,0,0,0,0
25.6,1.77050272,-0.347027451,-94.2806787,0.05,-0.28,FindWall,unbounded_right_search,0,14,42,0.44923377,-1,-1,-1,1,2.06565094,-1,100,0,0,0,0,0
25.65,1.77029711,-0.349539914,-95.0760835,0.05,-0.28,FindWall,unbounded_right_search,0,14,42,0.44923377,-1,-1,-1,1,2.06565094,-1,100,0,0,0,0,0
25.7,1.77005741,-0.352040622,-95.874295,0.05,-0.28,FindWall,unbounded_right_search,0,14,42,0.471392274,-1,-1,-1,1,2.06092405,-1,100,0,0,0,0,0
25.75,1.76978342,-0.354532704,-96.6741438,0.05,-0.28,FindWall,unbounded_right_search,0,14,42,0.471392274,-1,-1,-1,1,2.06092405,-1,100,0,0,0,0,0
25.8,1.76947501,-0.35701778,-97.4749476,0.05,-0.28,FindWall,unbounded_right_search,0,14,42,0.496764183,-1,-1,-1,1,1.98600769,-1,100,0,0,0,0,0
25.85,1.76913212,-0.359496593,-98.2763085,0.05,-0.28,FindWall,unbounded_right_search,0,14,42,0.496764183,-1,-1,-1,1,1.98600769,-1,100,0,0,0,0,0
25.9,1.76875474,-0.361969371,-99.0779945,0.05,-0.28,FindWall,unbounded_right_search,0,14,42,0.525892377,-1,-1,-1,1,1.90967667,-1,100,0,0,0,0,0
25.95,1.76834289,-0.364436047,-99.87987,0.05,-0.28,FindWall,unbounded_right_search,0,14,42,0.525892377,-1,-1,-1,1,1.90967667,-1,100,0,0,0,0,0
26,1.76789662,-0.366896381,-100.681856,0.05,-0.28,FindWall,unbounded_right_search,0,14,42,0.524812937,-1,-1,-1,1,1.83936524,-1,100,0,0,0,0,0
26.05,1.767416,-0.369350031,-101.483907,0.05,-0.28,FindWall,unbounded_right_search,0,14,42,0.524812937,-1,-1,-1,1,1.83936524,-1,100,0,0,0,0,0
26.1,1.76690109,-0.371796598,-102.285995,0.05,-0.28,FindWall,unbounded_right_search,0,14,42,0.510377944,-1,-1,-1,1,1.78363216,-1,100,0,0,0,0,0
26.15,1.76635201,-0.374235651,-103.088105,0.05,-0.28,FindWall,unbounded_right_search,0,14,42,0.510377944,-1,-1,-1,1,1.78363216,-1,100,0,0,0,0,0
26.2,1.76576884,-0.37666674,-103.890228,0.05,-0.28,FindWall,unbounded_right_search,0,14,42,0.496893227,-1,-1,-1,1,1.73161983,-1,100,0,0,0,0,0
26.25,1.7651517,-0.379089405,-104.692359,0.05,-0.28,FindWall,unbounded_right_search,0,14,42,0.496893227,-1,-1,-1,1,1.73161983,-1,100,0,0,0,0,0
26.3,1.76450072,-0.381503179,-105.494493,0.05,-0.28,FindWall,unbounded_right_search,0,14,42,0.484270006,-1,-1,-1,1,1.72489405,-1,100,0,0,0,0,0
26.35,1.763816,-0.383907596,-106.296631,0.05,-0.28,FindWall,unbounded_right_search,0,14,42,0.484270006,-1,-1,-1,1,1.72489405,-1,100,0,0,0,0,0
26.4,1.76309769,-0.386302188,-107.09877,0.05,-0.28,FindWall,unbounded_right_search,0,14,42,0.472430438,-1,-1,-1,1,1.68027759,-1,100,0,0,0,0,0
26.45,1.76234593,-0.388686486,-107.900909,0.05,-0.28,FindWall,unbounded_right_search,0,14,42,0.472430438,-1,-1,-1,1,1.68027759,-1,100,0,0,0,0,0
26.5,1.76156087,-0.391060024,-108.703049,0.05,-0.28,FindWall,unbounded_right_search,0,14,42,0.461306036,-1,-1,-1,1,1.6344291,-1,100,0,0,0,0,0
26.55,1.76074266,-0.393422339,-109.50519,0.05,-0.28,FindWall,unbounded_right_search,0,14,42,0.461306036,-1,-1,-1,1,1.6344291,-1,100,0,0,0,0,0
26.6,1.75989145,-0.395772967,-110.307331,0.05,-0.28,FindWall,unbounded_right_search,0,14,42,0.45083639,-1,-1,-1,1,1.58545291,-1,100,0,0,0,0,0
26.65,1.75900742,-0.398111448,-111.109471,0.05,-0.28,FindWall,unbounded_right_search,0,14,42,0.45083639,-1,-1,-1,1,1.58545291,-1,100,0,0,0,0,0
26.7,1.75809074,-0.400437323,-111.911612,0.05,-0.28,FindWall,unbounded_right_search,0,14,42,0.440967947,-1,-1,-1,1,1.54604781,-1,100,0,0,0,0,0
26.75,1.75714159,-0.402750138,-112.713753,0.05,-0.28,FindWall,unbounded_right_search,0,14,42,0.440967947,-1,-1,-1,1,1.54604781,-1,100,0,0,0,0,0
26.8,1.75616015,-0.405049438,-113.515894,0.05,-0.28,FindWall,unbounded_right_search,0,14,42,0.431653261,-1,-1,-1,1,1.51473522,-1,100,0,0,0,0,0
26.85,1.75514662,-0.407334773,-114.318035,0.05,-0.28,FindWall,unbounded_right_search,0,14,42,0.431653261,-1,-1,-1,1,1.51473522,-1,100,0,0,0,0,0
26.9,1.75410119,-0.409605695,-115.120176,0.05,-0.28,FindWall,unbounded_right_search,0,14,42,0.422849834,-1,-1,-1,1,1.50936985,-1,100,0,0,0,0,0
26.95,1.75302408,-0.411861759,-115.922317,0.05,-0.28,FindWall,unbounded_right_search,0,14,42,0.422849834,-1,-1,-1,1,1.50936985,-1,100,0,0,0,0,0
27,1.75191549,-0.414102522,-116.724458,0.05,-0.28,FindWall,unbounded_right_search,0,14,42,0.414519757,-1,-1,-1,1,1.47797143,-1,100,0,0,0,0,0
27.05,1.75077563,-0.416327547,-117.526598,0.05,-0.28,FindWall,unbounded_right_search,0,14,42,0.414519757,-1,-1,-1,1,1.47797143,-1,100,0,0,0,0,0
27.1,1.74960474,-0.418536396,-118.328739,0.05,-0.28,FindWall,unbounded_right_search,0,14,42,0.406628937,-1,-1,-1,1,1.45046008,-1,100,0,0,0,0,0
27.15,1.74840304,-0.420728636,-119.13088,0.05,-0.28,FindWall,unbounded_right_search,0,14,42,0.406628937,-1,-1,-1,1,1.45046008,-1,100,0,0,0,0,0
27.2,1.74717077,-0.422903839,-119.933021,0.05,-0.28,FindWall,unbounded_right_search,0,14,42,0.399146557,-1,-1,-1,1,1.4162339,-1,100,0,0,0,0,0
27.25,1.74590817,-0.425061577,-120.735162,0.05,-0.28,FindWall,unbounded_right_search,0,14,42,0.399146557,-1,-1,-1,1,1.4162339,-1,100,0,0,0,0,0
27.3,1.74461548,-0.427201427,-121.537303,0.05,-0.28,FindWall,unbounded_right_search,0,14,42,0.392044902,-1,-1,-1,1,1.35917115,-1,100,0,0,0,0,0
27.35,1.74329296,-0.429322971,-122.339444,0.05,-0.28,FindWall,unbounded_right_search,0,14,42,0.392044902,-1,-1,-1,1,1.35917115,-1,100,0,0,0,0,0
27.4,1.74194087,-0.431425793,-123.141585,0.05,-0.28,FindWall,unbounded_right_search,0,14,42,0.385298729,-1,-1,-1,1,1.30813491,-1,100,0,0,0,0,0
27.45,1.74055948,-0.433509479,-123.943726,0.05,-0.28,FindWall,unbounded_right_search,0,14,42,0.385298729,-1,-1,-1,1,1.30813491,-1,100,0,0,0,0,0
27.5,1.73914905,-0.435573623,-124.745867,0.05,-0.28,FindWall,unbounded_right_search,0,14,42,0.37888509,-1,-1,-1,1,1.26228344,-1,100,0,0,0,0,0
27.55,1.73770986,-0.437617819,-125.548008,0.05,-0.28,FindWall,unbounded_right_search,0,14,42,0.37888509,-1,-1,-1,1,1.26228344,-1,100,0,0,0,0,0
27.6,1.7362422,-0.439641667,-126.350149,0.05,-0.28,FindWall,unbounded_right_search,0,14,42,0.372783095,-1,-1,-1,1,1.22092628,-1,100,0,0,0,0,0
27.65,1.73474634,-0.441644769,-127.152289,0.05,-0.28,FindWall,unbounded_right_search,0,14,42,0.372783095,-1,-1,-1,1,1.22092628,-1,100,0,0,0,0,0
27.7,1.73322259,-0.443626735,-127.95443,0.05,-0.28,FindWall,unbounded_right_search,0,14,42,0.366973549,-1,-1,-1,1,1.18349171,-1,100,0,0,0,0,0
27.75,1.73167125,-0.445587174,-128.756571,0.05,-0.28,FindWall,unbounded_right_search,0,14,42,0.366973549,-1,-1,-1,1,1.18349171,-1,100,0,0,0,0,0
27.8,1.7300926,-0.447525702,-129.558712,0.05,-0.28,FindWall,unbounded_right_search,0,14,42,0.36143899,-1,-1,-1,1,1.14950216,-1,100,0,0,0,0,0
27.85,1.72848698,-0.449441941,-130.360853,0.05,-0.28,FindWall,unbounded_right_search,0,14,42,0.36143899,-1,-1,-1,1,1.14950216,-1,100,0,0,0,0,0
27.9,1.72685469,-0.451335514,-131.162994,0.05,-0.28,FindWall,unbounded_right_search,0,14,42,0.356163234,-1,-1,-1,1,1.11855602,-1,100,0,0,0,0,0
27.95,1.72519604,-0.45320605,-131.965135,0.05,-0.28,FindWall,unbounded_right_search,0,14,42,0.356163234,-1,-1,-1,1,1.11855602,-1,100,0,0,0,0,0
28,1.72351138,-0.455053182,-132.767276,0.05,-0.28,FindWall,unbounded_right_search,0,14,42,0.351131499,-1,-1,-1,1,1.09031308,-1,100,0,0,0,0,0
28.05,1.72180102,-0.456876549,-133.569417,0.05,-0.28,FindWall,unbounded_right_search,0,14,42,0.351131499,-1,-1,-1,1,1.09031308,-1,100,0,0,0,0,0
28.1,1.7200653,-0.458675793,-134.371558,0.05,-0.28,FindWall,unbounded_right_search,0,14,42,0.346330106,-1,-1,-1,1,1.0644834,-1,100,0,0,0,0,0
28.15,1.71830456,-0.460450561,-135.173699,0.05,-0.28,FindWall,unbounded_right_search,0,14,42,0.346330106,-1,-1,-1,1,1.0644834,-1,100,0,0,0,0,0
28.2,1.71651915,-0.462200506,-135.975839,0.05,-0.28,FindWall,unbounded_right_search,0,14,42,0.34174642,-1,-1,-1,1,1.04081833,-1,100,0,0,0,0,0
28.25,1.71470941,-0.463925284,-136.77798,0.05,-0.28,FindWall,unbounded_right_search,0,14,42,0.34174642,-1,-1,-1,1,1.04081833,-1,100,0,0,0,0,0
28.3,1.71287571,-0.465624558,-137.580121,0.05,-0.28,FindWall,unbounded_right_search,0,14,42,0.337368816,-1,-1,-1,1,1.01910365,-1,100,0,0,0,0,0
28.35,1.7110184,-0.467297994,-138.382262,0.05,-0.28,FindWall,unbounded_right_search,0,14,42,0.337368816,-1,-1,-1,1,1.01910365,-1,100,0,0,0,0,0
28.4,1.70913784,-0.468945265,-139.184403,0.05,-0.28,FindWall,unbounded_right_search,0,14,42,0.333125591,-1,-1,-1,1,0.999154091,-1,100,0,0,0,0,0
28.45,1.7072344,-0.470566047,-139.986544,0.05,-0.28,FindWall,unbounded_right_search,0,14,42,0.333125591,-1,-1,-1,1,0.999154091,-1,100,0,0,0,0,0
28.5,1.70530847,-0.472160024,-140.788685,0.05,-0.28,FindWall,unbounded_right_search,0,14,42,0.328646898,-1,-1,-1,1,0.980808318,-1,100,0,0,0,0,0
28.55,1.7033604,-0.473726881,-141.590826,0.05,-0.28,FindWall,unbounded_right_search,0,14,42,0.328646898,-1,-1,-1,1,0.980808318,-1,100,0,0,0,0,0
28.6,1.70139059,-0.475266314,-142.392967,0.05,-0.28,FindWall,unbounded_right_search,0,14,42,0.324355066,-1,-1,-1,1,0.963925779,-1,100,0,0,0,0,0
28.65,1.69939942,-0.476778019,-143.195108,0.05,-0.28,FindWall,unbounded_right_search,0,14,42,0.324355066,-1,-1,-1,1,0.963925779,-1,100,0,0,0,0,0
28.7,1.69738729,-0.4782617,-143.997249,0.05,-0.28,FindWall,unbounded_right_search,0,14,42,0.320242673,-1,-1,-1,1,0.948383331,-1,100,0,0,0,0,0
28.75,1.69535458,-0.479717067,-144.79939,0.05,-0.28,FindWall,unbounded_right_search,0,14,42,0.320242673,-1,-1,-1,1,0.948383331,-1,100,0,0,0,0,0
28.8,1.69330169,-0.481143835,-145.60153,0.05,-0.28,FindWall,unbounded_right_search,0,14,42,0.316302955,-1,-1,-1,1,0.934072793,-1,100,0,0,0,0,0
28.85,1.69122904,-0.482541723,-146.403671,0.05,-0.28,FindWall,unbounded_right_search,0,14,42,0.316302955,-1,-1,-1,1,0.934072793,-1,100,0,0,0,0,0
28.9,1.68913701,-0.483910458,-147.205812,0.05,-0.28,FindWall,unbounded_right_search,0,14,42,0.312529653,-1,-1,-1,1,0.920898974,-1,100,0,0,0,0,0
28.95,1.68702603,-0.485249771,-148.007953,0.05,-0.28,FindWall,unbounded_right_search,0,14,42,0.312529653,-1,-1,-1,1,0.920898974,-1,100,0,0,0,0,0
29,1.68489651,-0.486559401,-148.810094,0.05,-0.28,FindWall,unbounded_right_search,0,14,42,0.308584392,-1,-1,-1,1,0.908777833,-1,100,0,0,0,0,0
29.05,1.68274886,-0.487839089,-149.612235,0.05,-0.28,FindWall,unbounded_right_search,0,14,42,0.308584392,-1,-1,-1,1,0.908777833,-1,100,0,0,0,0,0
29.1,1.68058351,-0.489088586,-150.414376,0.05,-0.28,FindWall,unbounded_right_search,0,14,42,0.304465979,-1,-1,-1,1,0.897635221,-1,100,0,0,0,0,0
29.15,1.67840087,-0.490307647,-151.216517,0.05,-0.28,FindWall,unbounded_right_search,0,14,42,0.304465979,-1,-1,-1,1,0.897635221,-1,100,0,0,0,0,0
29.2,1.67620139,-0.491496033,-152.018658,0.05,-0.28,FindWall,unbounded_right_search,0,14,42,0.300513715,-1,-1,-1,1,0.887405276,-1,100,0,0,0,0,0
29.25,1.67398548,-0.49265351,-152.820799,0.05,-0.28,FindWall,unbounded_right_search,0,14,42,0.300513715,-1,-1,-1,1,0.887405276,-1,100,0,0,0,0,0
29.3,1.67175358,-0.493779852,-153.62294,0.05,-0.28,FindWall,unbounded_right_search,0,14,42,0.296720624,-1,-1,-1,1,0.877994537,-1,100,0,0,0,0,0
29.35,1.66950614,-0.494874838,-154.425081,0.05,-0.28,FindWall,unbounded_right_search,0,14,42,0.296720624,-1,-1,-1,1,0.877994537,-1,100,0,0,0,0,0
29.4,1.66724359,-0.495938254,-155.227221,0.05,-0.28,FindWall,unbounded_right_search,0,14,42,0.292669296,-1,-1,-1,1,0.86910671,-1,100,0,0,0,0,0
29.45,1.66496637,-0.49696989,-156.029362,0.05,-0.28,FindWall,unbounded_right_search,0,14,42,0.292669296,-1,-1,-1,1,0.86910671,-1,100,0,0,0,0,0
29.5,1.66267493,-0.497969546,-156.831503,0.05,-0.28,FindWall,unbounded_right_search,0,14,42,0.288370848,-1,-1,-1,1,0.861009836,-1,100,0,0,0,0,0
29.55,1.66036972,-0.498937025,-157.633644,0.05,-0.28,FindWall,unbounded_right_search,0,14,42,0.288370848,-1,-1,-1,1,0.861009836,-1,100,0,0,0,0,0
29.6,1.65805119,-0.499872137,-158.435785,0.05,-0.28,FindWall,unbounded_right_search,0,14,42,0.28388074,-1,-1,-1,1,0.853659451,-1,100,0,0,0,0,0
29.65,1.6557198,-0.500774698,-159.237926,0.05,-0.28,FindWall,unbounded_right_search,0,14,42,0.28388074,-1,-1,-1,1,0.853659451,-1,100,0,0,0,0,0
29.7,1.65337601,-0.501644534,-160.040067,0,0.6,TurnLeft,front_sector_priority,0,14,42,0.279553771,-1,-1,-1,1,0.847016096,-1,100,0,0,0,0,0
29.75,1.65200635,-0.502145323,-159.791785,0,0.6,TurnLeft,front_sector_priority,0,14,42,0.279553771,-1,-1,-1,1,0.847016096,-1,100,0,0,0,0,0
29.8,1.65121026,-0.502445171,-158.930757,0,0.6,TurnLeft,front_sector_priority,0,14,42,0.277157903,-1,-1,-1,1,0.853886783,-1,100,0,0,0,0,0
29.85,1.65074912,-0.502628481,-157.712293,0,0.6,TurnLeft,front_sector_priority,0,14,42,0.277157903,-1,-1,-1,1,0.853886783,-1,100,0,0,0,0,0
29.9,1.65048266,-0.502741592,-156.285325,0,0.6,TurnLeft,front_sector_priority,0,14,42,0.27608642,-1,-1,-1,1,0.870144904,-1,100,0,0,0,0,0
29.95,1.65032899,-0.502811587,-154.73673,0,0.6,TurnLeft,front_sector_priority,0,14,42,0.27608642,-1,-1,-1,1,0.870144904,-1,100,0,0,0,0,0
30,1.65024051,-0.50285488,-153.117186,0,0.6,TurnLeft,front_sector_priority,0,14,42,0.274975628,-1,-1,-1,1,0.892121911,-1,100,0,0,0,0,0
30.05,1.65018964,-0.502881601,-151.456255,0,0.6,TurnLeft,front_sector_priority,0,14,42,0.274975628,-1,-1,-1,1,0.892121911,-1,100,0,0,0,0,0
30.1,1.65016044,-0.502898048,-149.771181,0,0.6,TurnLeft,front_sector_priority,0,14,42,0.274173319,-1,-1,-1,1,0.919598103,-1,100,0,0,0,0,0
30.15,1.65014369,-0.502908141,-148.072024,0,0.6,TurnLeft,front_sector_priority,0,14,42,0.274173319,-1,-1,-1,1,0.919598103,-1,100,0,0,0,0,0
30.2,1.65013411,-0.502914316,-146.364651,0,0.6,TurnLeft,front_sector_priority,0,14,42,0.272799283,-1,-1,-1,1,0.952974439,-1,100,0,0,0,0,0
30.25,1.65012862,-0.502918084,-144.652487,0,0.6,TurnLeft,front_sector_priority,0,14,42,0.272799283,-1,-1,-1,1,0.952974439,-1,100,0,0,0,0,0
30.3,1.65012549,-0.502920376,-142.937527,0,0.6,TurnLeft,front_sector_priority,0,14,42,0.272184193,-1,-1,-1,1,0.992990971,-1,100,0,0,0,0,0
30.35,1.6501237,-0.502921767,-141.220937,0,0.6,TurnLeft,front_sector_priority,0,14,42,0.272184193,-1,-1,-1,1,0.992990971,-1,100,0,0,0,0,0
30.4,1.65012269,-0.50292261,-139.503395,0,0.6,TurnLeft,front_sector_priority,0,14,42,0.272474259,-1,-1,-1,1,1.04078484,-1,100,0,0,0,0,0
30.45,1.65012211,-0.502923119,-137.785299,0,0.6,TurnLeft,front_sector_priority,0,14,42,0.272474259,-1,-1,-1,1,1.04078484,-1,100,0,0,0,0,0
30.5,1.65012178,-0.502923426,-136.066878,0,0.6,TurnLeft,front_sector_priority,0,14,42,0.273685604,-1,-1,-1,1,1.04780471,-1,100,0,0,0,0,0
30.55,1.65012159,-0.502923611,-134.348269,0,0.6,TurnLeft,front_sector_priority,0,14,42,0.273685604,-1,-1,-1,1,1.04780471,-1,100,0,0,0,0,0
30.6,1.65012149,-0.502923721,-132.62955,0,0.6,TurnLeft,front_sector_priority,0,14,42,0.275851876,-1,-1,-1,1,1.05380082,-1,100,0,0,0,0,0
30.65,1.65012143,-0.502923788,-130.910767,0,0.6,TurnLeft,front_sector_priority,0,14,42,0.275851876,-1,-1,-1,1,1.05380082,-1,100,0,0,0,0,0
30.7,1.6501214,-0.502923828,-129.191946,0,0.6,TurnLeft,front_sector_priority,0,14,42,0.279025882,-1,-1,-1,1,1.04386175,-1,100,0,0,0,0,0
30.75,1.65012138,-0.502923852,-127.473103,0,0.6,TurnLeft,front_sector_priority,0,14,42,0.279025882,-1,-1,-1,1,1.04386175,-1,100,0,0,0,0,0
30.8,1.65012137,-0.502923866,-125.754247,0,0.6,TurnLeft,front_sector_priority,0,14,42,0.283282459,-1,-1,-1,1,1.04729211,-1,100,0,0,0,0,0
30.85,1.65012136,-0.502923874,-124.035384,0,0.6,TurnLeft,front_sector_priority,0,14,42,0.283282459,-1,-1,-1,1,1.04729211,-1,100,0,0,0,0,0
30.9,1.65012136,-0.502923879,-122.316517,0,0.6,TurnLeft,front_sector_priority,0,14,42,0.288722038,-1,-1,-1,1,0.317373872,-1,100,0,0,0,0,0
30.95,1.65012136,-0.502923882,-120.597647,0,0.6,TurnLeft,front_sector_priority,0,14,42,0.288722038,-1,-1,-1,1,0.317373872,-1,100,0,0,0,0,0
31,1.65012136,-0.502923884,-118.878776,0,0.6,TurnLeft,front_sector_priority,0,14,42,0.295476228,-1,-1,-1,1,0.304424584,-1,100,0,0,0,0,0
31.05,1.65012135,-0.502923885,-117.159904,0,0.6,TurnLeft,front_sector_priority,0,14,42,0.295476228,-1,-1,-1,1,0.304424584,-1,100,0,0,0,0,0
31.1,1.65012135,-0.502923886,-115.441031,0,0.6,TurnLeft,front_sector_priority,0,14,42,0.303715587,-1,-1,-1,1,0.293314248,-1,100,0,0,0,0,0
31.15,1.65012135,-0.502923886,-113.722158,0,0.6,TurnLeft,front_sector_priority,0,14,42,0.303715587,-1,-1,-1,1,0.293314248,-1,100,0,0,0,0,0
31.2,1.65012135,-0.502923886,-112.003285,0,0.6,TurnLeft,front_sector_priority,0,14,42,0.313660294,-1,-1,-1,1,0.283801824,-1,100,0,0,0,0,0
31.25,1.65012135,-0.502923887,-110.284412,0,0.6,TurnLeft,front_sector_priority,0,14,42,0.313660294,-1,-1,-1,1,0.283801824,-1,100,0,0,0,0,0
31.3,1.65012135,-0.502923887,-108.565538,0,0.6,TurnLeft,front_sector_priority,0,14,42,0.325595558,-1,-1,-1,1,0.275697798,-1,100,0,0,0,0,0
31.35,1.65012135,-0.502923887,-106.846665,0,0.6,TurnLeft,front_sector_priority,0,14,42,0.325595558,-1,-1,-1,1,0.275697798,-1,100,0,0,0,0,0
31.4,1.65012135,-0.502923887,-105.127792,0,0.6,TurnLeft,front_sector_priority,0,14,42,0.339409143,-1,-1,-1,1,0.268853277,-1,100,0,0,0,0,0
31.45,1.65012135,-0.502923887,-103.408918,0,0.6,TurnLeft,front_sector_priority,0,14,42,0.339409143,-1,-1,-1,1,0.268853277,-1,100,0,0,0,0,0
31.5,1.65012135,-0.502923887,-101.690045,0,0.6,TurnLeft,front_sector_priority,0,14,42,0.355794579,-1,-1,-1,1,0.262886643,-1,100,0,0,0,0,0
31.55,1.65012135,-0.502923887,-99.9711716,0,0.6,TurnLeft,front_sector_priority,0,14,42,0.355794579,-1,-1,-1,1,0.262886643,-1,100,0,0,0,0,0
31.6,1.65012135,-0.502923887,-98.2522983,0,0.6,TurnLeft,front_sector_priority,0,14,42,0.375533044,-1,-1,-1,1,0.258798897,-1,100,0,0,0,0,0
31.65,1.65012135,-0.502923887,-96.5334249,0,0.6,TurnLeft,front_sector_priority,0,14,42,0.375533044,-1,-1,-1,1,0.258798897,-1,100,0,0,0,0,0
31.7,1.65012135,-0.502923887,-94.8145515,0.073848001,0.0922799849,FollowWall,following_right_wall,0,14,42,0.399464816,-1,-1,-1,1,0.256093144,-1,100,0,0,0,0,0
31.75,1.65000712,-0.50445814,-93.7017242,0.073848001,0.0922799849,FollowWall,following_right_wall,0,14,42,0.399464816,-1,-1,-1,1,0.256093144,-1,100,0,0,0,0,0
31.8,1.64986596,-0.506890005,-92.9424239,0.0763523077,0.0547153839,FollowWall,following_right_wall,0,14,42,0.414420366,-1,-1,-1,1,0.255109936,-1,100,0,0,0,0,0
31.85,1.64972471,-0.509898339,-92.434187,0.0763523077,0.0547153839,FollowWall,following_right_wall,0,14,42,0.414420366,-1,-1,-1,1,0.255109936,-1,100,0,0,0,0,0
31.9,1.64959309,-0.513243219,-92.0724038,0.0775528028,0.0367079582,FollowWall,following_right_wall,0,14,42,0.421905637,-1,-1,-1,1,0.254616767,-1,100,0,0,0,0,0
31.95,1.64947198,-0.516809536,-91.8175467,0.0775528028,0.0367079582,FollowWall,following_right_wall,0,14,42,0.421905637,-1,-1,-1,1,0.254616767,-1,100,0,0,0,0,0
32,1.64936093,-0.520505103,-91.6250632,0.0782480432,0.0262793521,FollowWall,following_right_wall,0,14,42,0.425931394,-1,-1,-1,1,0.253463835,-1,100,0,0,0,0,0
32.05,1.64925828,-0.524290599,-91.4814124,0.0782480432,0.0262793521,FollowWall,following_right_wall,0,14,42,0.425931394,-1,-1,-1,1,0.253463835,-1,100,0,0,0,0,0
32.1,1.64916288,-0.528128599,-91.3662475,0.0786978315,0.0195325281,FollowWall,following_right_wall,0,14,42,0.428351611,-1,-1,-1,1,0.252858162,-1,100,0,0,0,0,0
32.15,1.64907346,-0.532006631,-91.2757527,0.0786978315,0.0195325281,FollowWall,following_right_wall,0,14,42,0.428351611,-1,-1,-1,1,0.252858162,-1,100,0,0,0,0,0
32.2,1.64898916,-0.535908045,-91.1996489,0.0790243779,0.0146343313,FollowWall,following_right_wall,0,14,42,0.429973274,-1,-1,-1,1,0.252653748,-1,100,0,0,0,0,0
32.25,1.64890916,-0.539829926,-91.1377865,0.0790243779,0.0146343313,FollowWall,following_right_wall,0,14,42,0.429973274,-1,-1,-1,1,0.252653748,-1,100,0,0,0,0,0
32.3,1.64883287,-0.543763768,-91.0842317,0.0792768619,0.0108470722,FollowWall,following_right_wall,0,14,42,0.431146413,-1,-1,-1,1,0.252047479,-1,100,0,0,0,0,0
32.35,1.64875971,-0.547709864,-91.0400436,0.0792768619,0.0108470722,FollowWall,following_right_wall,0,14,42,0.431146413,-1,-1,-1,1,0.252047479,-1,100,0,0,0,0,0
32.4,1.64868927,-0.551663122,-91.0013195,0.0793272411,0.0100913837,FollowWall,following_right_wall,0,14,42,0.432029217,-1,-1,-1,1,0.251977086,-1,100,0,0,0,0,0
32.45,1.64862128,-0.555621623,-90.9666848,0.0793272411,0.0100913837,FollowWall,following_right_wall,0,14,42,0.432029217,-1,-1,-1,1,0.251977086,-1,100,0,0,0,0,0
32.5,1.64855555,-0.559583194,-90.9344355,0.0793511529,0.00973270636,FollowWall,following_right_wall,0,14,42,0.432768226,-1,-1,-1,1,0.252108902,-1,100,0,0,0,0,0
32.55,1.64849195,-0.563547068,-90.9040058,0.0793511529,0.00973270636,FollowWall,following_right_wall,0,14,42,0.432768226,-1,-1,-1,1,0.252108902,-1,100,0,0,0,0,0
32.6,1.6484304,-0.567512296,-90.8746376,0.0793603696,0.00959445654,FollowWall,following_right_wall,0,14,42,0.433443248,-1,-1,-1,1,0.251882166,-1,100,0,0,0,0,0
32.65,1.64837084,-0.571478519,-90.8460536,0.0793603696,0.00959445654,FollowWall,following_right_wall,0,14,42,0.433443248,-1,-1,-1,1,0.251882166,-1,100,0,0,0,0,0
32.7,1.64831323,-0.575445332,-90.8179271,0.0793978546,0.00903218163,FollowWall,following_right_wall,0,14,42,0.434088945,-1,-1,-1,1,0.251966894,-1,100,0,0,0,0,0
32.75,1.64825753,-0.579413282,-90.7907386,0.0793978546,0.00903218163,FollowWall,following_right_wall,0,14,42,0.434088945,-1,-1,-1,1,0.251966894,-1,100,0,0,0,0,0
32.8,1.64820368,-0.583381904,-90.7640972,0.079541371,0.00687943466,FollowWall,following_right_wall,0,14,42,0.434704274,-1,-1,-1,1,0.252004504,-1,100,0,0,0,0,0
32.85,1.64815153,-0.587353916,-90.7403447,0.079541371,0.00687943466,FollowWall,following_right_wall,0,14,42,0.434704274,-1,-1,-1,1,0.252004504,-1,100,0,0,0,0,0
32.9,1.64810094,-0.591327912,-90.7182774,0.0795553684,0.00666947404,FollowWall,following_right_wall,0,14,42,0.43523559,-1,-1,-1,1,0.251918048,-1,100,0,0,0,0,0
32.95,1.64805182,-0.595303365,-90.6974437,0.0795553684,0.00666947404,FollowWall,following_right_wall,0,14,42,0.43523559,-1,-1,-1,1,0.251918048,-1,100,0,0,0,0,0
33,1.64800411,-0.599279673,-90.6773296,0.0795475181,0.00678722804,FollowWall,following_right_wall,0,14,42,0.435709387,-1,-1,-1,1,0.251842827,-1,100,0,0,0,0,0
33.05,1.64795779,-0.603256324,-90.6574947,0.0795475181,0.00678722804,FollowWall,following_right_wall,0,14,42,0.435709387,-1,-1,-1,1,0.251842827,-1,100,1,0,0,0,1
